review_id,author_name,rating,review_text,thumbs_up_count,app_version,review_date,reply_content,reply_date,app_id,language,country,source
684195d7-7ec4-4d78-b64d-e95f3d00adeb,VIVIAN ALMEIDA CRUZ,5,Excelente atendimento e Serviços. Muito satisfeita .Super recomendo .,0,5.1.1,2026-09-21 20:46:28,,,com.localiza.meoo.app,pt,br,google_play
f35f668a-82f0-4a86-989c-af1891060241,Renato Guimarães,1,"Fazem 3 revisões que não consigo marcar pelo APP. O nome da cidade aparece, mas, não consigo selecionar.",0,5.1.1,2026-09-21 13:53:04,,,com.localiza.meoo.app,pt,br,google_play
59d66794-3d0c-4d75-ae5a-47f47558093b,APAIXONADOS POR QUÍMICA,5,Tudo perfeito,0,5.1.1,2026-09-19 06:06:29,,,com.localiza.meoo.app,pt,br,google_play
d3d0fe57-1094-492a-814b-22574d10cf1d,Paulo Ricardo Santos Silva Ricardo,5,muito bom,0,5.0.0,2026-09-15 08:22:05,,,com.localiza.meoo.app,pt,br,google_play
fb26edbd-d729-4279-b539-176a3cf4956d,Geraldo Ribeiro Barbosa,5,sensacional,0,5.0.0,2026-09-09 11:20:53,,,com.localiza.meoo.app,pt,br,google_play
c68d8917-c6df-4da6-acff-c81e5fed927d,Adriano Gasparoto,5,boa experiência app e rapido,0,4.19.0,2026-09-03 15:04:46,,,com.localiza.meoo.app,pt,br,google_play
3a20c721-02e1-46b1-a07f-04b5c39c9189,Davi Voss,5,"Estou a 8 meses com o carro de aluguel, minhas vendas melhoraram por não ter incômodos que eu tinha com carro velho, meus gastos são previsíveis, sem surpresas no fim do mês, nem carro estragando como eu tinha antes, app fácil de usar, tudo muito simples, super recomendo",2,4.19.0,2026-09-03 07:35:54,,,com.localiza.meoo.app,pt,br,google_play
aa905bed-bead-426b-84d2-b31bd1b4f68b,Tony Sousa,5,EXcelente atendimento e aplicativo,0,4.17.0,2026-08-29 14:38:56,,,com.localiza.meoo.app,pt,br,google_play
56a7bf26-be27-4d8a-9163-e46502a805ba,Paulo Malhard,5,agilidade e eficiência,0,4.18.0,2026-08-22 20:33:15,,,com.localiza.meoo.app,pt,br,google_play
08ea2aac-ec34-45af-9978-115dbaa90f59,Fernando Siman,1,não consigo indicar a pessoa que cometeu a multa,0,4.17.0,2026-08-22 11:15:29,,,com.localiza.meoo.app,pt,br,google_play
86449e42-d198-43f6-8fee-99a14261ace5,Elton Guimarães,5,Aplicativo super confiável e de fácil manuseio. Estou satisfeito!,1,4.17.0,2026-08-21 15:17:39,,,com.localiza.meoo.app,pt,br,google_play
95c14253-e725-4cc0-a321-fad148f62998,Jivago Chaves,1,"péssima experiência, toda semana o aplicativo faz alguma atualização irrelevante e desloga sua conta. Daí você tem que gerar uma senha extremamente complexa que nunca vai se lembrar para ter que resetar novamente a senha toda semana. Isso sem contar as dezenas de pequenas taxas escondidas que eles cobram, nunca mais assino essa cilada.",0,4.17.0,2026-08-16 00:55:10,,,com.localiza.meoo.app,pt,br,google_play
08988003-12b9-4889-bc39-b880b6018421,Augusto Cesar Gomes Galvão,5,EXCELENTE!,0,4.17.0,2026-08-12 14:23:48,,,com.localiza.meoo.app,pt,br,google_play
2ce138ec-b8f5-4b1a-98de-b104d51dcc83,Dinah BARRETO,5,"Este aplicativo é de grande utilidade, pois nos dar informações importantes e necessárias para que possamos acompanhar todo o andamento do contrato.",0,4.14.2,2026-08-12 07:41:34,,,com.localiza.meoo.app,pt,br,google_play
00453fdb-1de4-439e-b367-331f477a320e,Antonio Melo,5,muito obrigado pela atenção.,0,4.17.0,2026-08-09 07:24:55,,,com.localiza.meoo.app,pt,br,google_play
02259cff-066d-4348-ac99-b0381558ca94,Sandra Lacerda,2,"Não consigo usar meu app. Abro, ele fica alguns segundos aberto e depois desliga totalmente. Já vi se podia ser atualização, nada!! Não sei o que fazer! Totalmente instável!!",0,4.17.0,2026-08-06 19:01:00,,,com.localiza.meoo.app,pt,br,google_play
66b118c1-eaf3-4a2c-87c8-225f6c71d106,Armando Bartone,5,Fácil de utilizar! Muito intuitivo,1,4.17.0,2026-08-06 09:36:05,,,com.localiza.meoo.app,pt,br,google_play
a3bdcabf-3206-472a-ad41-94bc8bad67d4,Ksa do Barão,5,Nota 10 em 2 anos de experiência como Cliente.,0,4.16.0,2026-08-05 14:09:07,,,com.localiza.meoo.app,pt,br,google_play
56d8ca40-7c62-4f95-9550-d0c691eaa758,Carlos Roberto Nogueira Mussi,5,ótimo Atendimento fui bem Atendido,0,4.17.0,2026-08-04 10:59:47,,,com.localiza.meoo.app,pt,br,google_play
fafce47e-3841-4b26-b8dd-50aa3bb85d54,Sergio Machado,5,localiza é muito boa,0,4.17.0,2026-08-03 13:45:06,,,com.localiza.meoo.app,pt,br,google_play
f7f9b0d6-ee29-4763-bc0b-413ae1674955,Aninha fisioreabilitacao1,5,Maravilhoso!!!!,0,4.16.0,2026-07-30 20:26:33,,,com.localiza.meoo.app,pt,br,google_play
b4e66779-83a9-41bd-b189-9e2d1d1c050b,Paulo Vinicius,5,otima,0,4.15.0,2026-07-28 17:26:35,,,com.localiza.meoo.app,pt,br,google_play
e754e0b6-be1c-4d5e-b21b-602b29e998d6,Eduardo Daris,1,nao atualiza. ainda está como avaliação de proposta. já reclamei via e-mail e WhatsApp mas ninguém resolve.,0,4.15.0,2026-07-23 13:22:25,,,com.localiza.meoo.app,pt,br,google_play
7638b254-db89-4c2b-992b-57ce2ff3a64a,Maurício Cruz,5,Muito bom carro zero sem se preocupar com nada,0,4.14.2,2026-07-23 08:59:51,,,com.localiza.meoo.app,pt,br,google_play
1cf69870-8220-4518-ae31-0ae63c7affea,Julio Rodrigues da Silva,5,praticidade,0,4.14.2,2026-07-14 22:52:03,,,com.localiza.meoo.app,pt,br,google_play
90a08e7a-4f86-4583-8c97-697b757b52d0,Andson Souza,3,"veiculo em transporte pra minha cidade, no aplicativo do próprio assinante poderia liberar a função telemetria pra saber real fator do veículo",0,4.14.2,2026-07-13 15:34:01,,,com.localiza.meoo.app,pt,br,google_play
77ede262-7f3d-493f-a103-a67df0926fe5,HELDER PERAZZO LEITE GALVÃO,5,ótimo,0,4.14.2,2026-07-12 12:08:22,,,com.localiza.meoo.app,pt,br,google_play
b2a35984-b0e6-41e7-8cb5-dd56378b8fde,Joice Pinheiro,5,muito bom ajuda bem resolver os problemas,0,4.14.2,2026-07-12 09:12:40,,,com.localiza.meoo.app,pt,br,google_play
360fd319-1f42-4c96-9153-9b86cbef8ce1,Tayna Sandy,5,bommm,0,4.13.0,2026-06-25 13:52:59,,,com.localiza.meoo.app,pt,br,google_play
5ff090cb-9e5e-4186-ba75-069177ae91ab,Andreia andreiamotta1,1,"sobre o app péssimo! o app nada completa, se quer consigo entrar!",0,4.13.0,2026-06-23 22:37:26,,,com.localiza.meoo.app,pt,br,google_play
89daccd7-9315-4de2-83c7-734c73d4f811,Sidraque Freitas,5,"perfeito atendimento, excelente aplicativo!! 👏👏👏",2,4.13.0,2026-06-23 08:40:41,,,com.localiza.meoo.app,pt,br,google_play
a7944ae3-def8-4228-b2f4-95200f955cdf,Laelco Cavalcante,5,não está funcionando,0,4.12.2,2026-06-19 20:52:02,,,com.localiza.meoo.app,pt,br,google_play
8c154896-cc9c-404b-b60c-afbb23f80872,Flavio Vasconcelos,1,"Péssimo !!!!!! Trava, dá bug ... estou há mais de 1 semana sem ter como acessar pois tá bugado",1,4.12.2,2026-06-15 19:44:22,,,com.localiza.meoo.app,pt,br,google_play
84064093-be9e-408d-b500-73bbeacd4968,Pedro Marques,2,"desde o dia 12/06, depois da atualização, o app não abre.",0,4.12.2,2026-06-13 11:47:50,,,com.localiza.meoo.app,pt,br,google_play
8fbabde0-8903-4a6d-8f30-0512cccf1a79,sergio roberto,2,"o app desliga quando vc acessa, nem. sempre esta a disposição muito básico , poucas informações.",0,,2026-06-12 21:16:34,,,com.localiza.meoo.app,pt,br,google_play
c3328167-d660-4d08-9c54-2d193b2c41f5,Paulo Machado,1,"Após 15 meses precisei de trocar o carro ,por ter minha esposa com PCC comprovada , não me deram a opção, só se eu adiantar um valor de3 parcelas . é lamentável. tenho que ficar com carro sem poder carregar a cadeira de rodas.",0,4.12.2,2026-06-12 17:33:12,,,com.localiza.meoo.app,pt,br,google_play
bbb6ff3f-2a39-4b21-85c3-3744a85491ab,Gilvaldo de Figueiredo Carvalho,5,Tudo ótimo!,0,4.11.0,2026-06-12 14:10:41,,,com.localiza.meoo.app,pt,br,google_play
f014694a-4400-441a-8bf5-60887311f3ae,Alexandre Furtado,5,Excelente. Uma opção extraordinária,0,4.12.1,2026-06-11 18:25:28,,,com.localiza.meoo.app,pt,br,google_play
8644fa43-567c-4315-83cb-e951da1ad454,Driely Tamires,1,"gente alguém explica o que está acontecendo com o aplicativo?? não entra mais, aparece que o contrato está em análise depois aparece erro e detalhe meu esposo já está com o carro, até dois dias atrás tava funcionando o app normal agora já não entra mais",1,4.12.1,2026-06-11 01:39:52,,,com.localiza.meoo.app,pt,br,google_play
53623b7c-decf-4b89-9d1e-20dffad76237,jose carlos siqueira,5,O dispositivo é ótimo.,0,4.11.0,2026-06-10 18:50:42,,,com.localiza.meoo.app,pt,br,google_play
dd4fc31f-aa42-41de-8368-a093e678ed38,Damião Alves Bernardino,5,muito boa ok ok ok,0,,2026-06-10 17:17:06,,,com.localiza.meoo.app,pt,br,google_play
386b1899-e595-479a-9afb-8b03aea00227,alex borba,1,eu tenho carro alugado pela localiza meeo e não recomendo pra ninguém alugar só incômodo,1,4.12.1,2026-06-10 16:51:40,,,com.localiza.meoo.app,pt,br,google_play
9567cc3f-b300-4abc-bd77-c6ea3883341f,Evandro Freitas,5,Prático e funcional,0,4.10.2,2026-06-08 07:18:52,,,com.localiza.meoo.app,pt,br,google_play
b1aefa1e-a21f-4219-886b-72c317d323d5,AGEU DEUS E FIEL,5,MARAVILHOSO,0,,2026-06-04 17:24:55,,,com.localiza.meoo.app,pt,br,google_play
eaeda757-5344-4c8c-9b6c-9b4c3ee075c9,Roberto Bezerra,5,"Muito bom, nada a reclamar.",0,4.10.2,2026-06-02 08:54:08,,,com.localiza.meoo.app,pt,br,google_play
5cce5a6d-227e-48f9-8873-cae51e9782f0,Danilo Lima,5,muito bom parabéns desenvolvedores o melhor app que já utilizei muito prático,0,4.10.2,2026-05-29 02:37:59,,,com.localiza.meoo.app,pt,br,google_play
ca262bec-3788-483d-851e-4d55edda3b11,Francisco Ordeci,5,"Nossa Super indico Melhor Coisa de Fazer e a Localiza Meoo, Sempre Vou indicar Até Agora Tem Cido Benção.",2,4.9.0,2026-05-27 04:59:29,,,com.localiza.meoo.app,pt,br,google_play
4c2390cb-6eba-4ca3-bdcc-ebcefd4726a1,Edmar Teodoro,5,"simples, fácil. confiável",0,4.10.2,2026-05-22 11:43:19,,,com.localiza.meoo.app,pt,br,google_play
84f05f60-2188-4d89-a818-464f4180cb27,Weberton Germano Silva Santos,5,O problema da localiza são as armadilhas dela pra tomar dinheiro de cliente propositalmente. de resto funciona até bem.,11,4.9.0,2026-05-21 13:40:24,,,com.localiza.meoo.app,pt,br,google_play
d5b497cb-60f5-42e2-b945-019549bd1d46,André Freitas Mariano,5,Excelente oportunidade de ter um veículo com valor assecivel!,4,4.8.1,2026-05-12 20:36:57,,,com.localiza.meoo.app,pt,br,google_play
51fcf5b6-15f6-4133-88f4-5fd69a59a390,Alexandro Gonçalves,5,parabéns,0,4.8.1,2026-05-11 13:05:12,,,com.localiza.meoo.app,pt,br,google_play
4315cc4a-3053-47ba-bc18-88104dd53e1c,Guilherme Faria,2,"O aplicativo aparenta ser bom, más quando precisamos postar algum documento ou indicar um condutor, não funciona. o Pior, é que a localiza diz, que só pode ser feito pelo aplicativo. Fico de mãos atadas sem ter um atendente, que pode resolver esse problema.",1,4.8.1,2026-05-07 22:24:51,,,com.localiza.meoo.app,pt,br,google_play
92c12ca8-7d0b-4a26-8210-0c9360c65603,Helena Cerqueira,5,Boa,0,4.8.1,2026-05-07 15:15:16,,,com.localiza.meoo.app,pt,br,google_play
b76d6506-26e4-4a6c-aa5f-7500f8d31f49,Luiz Antonio Barbieri,5,satisfatório,0,4.8.1,2026-05-06 10:11:22,,,com.localiza.meoo.app,pt,br,google_play
d87ea729-d2f1-4c71-9da0-10a35882252c,Marcelo,4,"APP excelente, porém tem um bug que ate o momento não arrumaram. Quando vou agendar a revisão, na tela para colocar a quilometragem e escolher sua cidade, escrevo a cidade e, quando ela aparece em ""pop up"", não consigo clicar de jeito nenhum. Fica como se o menu de rolagem com as cidades para escolher não fosse interagivel. Não aceita clicar. Tenho sempre que agendar via site ou ligação ou WhatsApp. deem uma olhada, por favor. obrigado",4,4.8.1,2026-05-01 12:44:34,,,com.localiza.meoo.app,pt,br,google_play
8f872048-e639-4c06-9041-3375ab3f7723,Rodolfo Tibério,2,Eu não consigo agendar serviço pelo aplicativo. Por que ele não permite rapberto apertar a cidade e que eu quero fazer a revisão,2,4.7.0,2026-04-23 20:57:12,,,com.localiza.meoo.app,pt,br,google_play
32e451fe-11ca-4b3d-84bd-7b7244b49a10,Daniel Brina,5,Simples e ágil,0,4.7.0,2026-04-20 11:17:11,,,com.localiza.meoo.app,pt,br,google_play
6efe25f3-392c-4fe1-bb30-8c22a4250887,André,5,"A praticidade, responsabilidade e transparência com que resolvem as diversas questões são impressionantes.",0,4.4.1,2026-04-08 20:57:11,,,com.localiza.meoo.app,pt,br,google_play
2d50e9a5-98aa-4bb3-8826-bcb2bc09b8e3,lullys barros,5,30/03/2026 essa data foi um sonho realizado. obrigada Deus. e obrigada localiza.,0,4.4.1,2026-04-08 16:33:27,,,com.localiza.meoo.app,pt,br,google_play
31fd6c80-8abd-474b-9be8-04f23b58d9c8,Aldo Campos,2,Não recebi a fatura com vencimento em 07/04/2026 e não consigo ver no app.,0,4.4.1,2026-04-04 11:36:01,,,com.localiza.meoo.app,pt,br,google_play
629083fc-ce49-42ea-a1e1-a47956561eab,Maria Lucia Da Hora Da Hora,4,"Boa experiência,pra uma analfa digital, não foi difícil",0,4.4.1,2026-04-03 10:53:48,,,com.localiza.meoo.app,pt,br,google_play
e3109b5e-605c-4de5-8846-4df3c05bb06e,José Ésio dos Santos,5,operacional,0,4.3.0,2026-04-03 08:13:50,,,com.localiza.meoo.app,pt,br,google_play
8d393a3e-5a4e-484c-aad1-a1d33ec1879e,Debora Lima,2,"Eu não sei porque existe esse APP, se em todas as críticas que os clientes fazem, eles pedem para entrar em contato por e-mail 🤦🏼‍♀️ Estou tentando agendar a revisão do carro, digito o estado aparece a caixa de opção para clicar, clico e simplesmente não vai. Erros simples de resolver. Melhorem o APP do que adianta atualização se na hora do cliente usua-lo não consegue?",5,4.4.1,2026-04-02 16:27:18,,,com.localiza.meoo.app,pt,br,google_play
9b9d20d9-36c3-4bc4-8e5e-eb1e69ec7cc2,Silvana Mota,5,muito prático e rápido. show,0,4.4.1,2026-04-02 15:31:46,,,com.localiza.meoo.app,pt,br,google_play
9e98c7a7-66b1-4660-870c-e73bb4c0958a,Ferreira Gomes Antônio,5,Parabéns pela pela tela. Ficou muito bonita e funcional.,1,4.4.1,2026-04-02 08:11:56,,,com.localiza.meoo.app,pt,br,google_play
0b42ddc7-7992-4a4b-8737-72ccd18ae851,Alexandre Herculano Penna,5,maravilha,0,4.3.0,2026-04-01 15:06:09,,,com.localiza.meoo.app,pt,br,google_play
33cd06ae-d230-4e19-a2ea-552e129eb8f5,mauricio pereira,5,bom,0,4.3.0,2026-04-01 14:25:33,,,com.localiza.meoo.app,pt,br,google_play
42ec71f2-c3d0-42a2-96cc-fc05bbe6b724,Gerardo Filho,5,Muito prático o app!,0,4.4.1,2026-03-30 09:52:22,,,com.localiza.meoo.app,pt,br,google_play
e88bb05f-cd3d-4860-9f83-8a72da09016a,Herculis Viana,5,Interatividade 10 !!!,0,4.3.0,2026-03-23 19:15:32,,,com.localiza.meoo.app,pt,br,google_play
1b7500d5-1a78-4f7e-a1b9-b919709311e3,Cris Dalia,5,"Ótimo aplicativo. De fácil utilização, rápido, prático e eficiente. Finalmente um aplicativo amigável!",1,4.3.0,2026-03-23 09:32:21,,,com.localiza.meoo.app,pt,br,google_play
f45a5c6a-51c0-4959-90f5-d8d6da8f54df,JDuarte Construções Metálicas,5,"App de fácil utilização, informações claras e objetivas",1,4.3.0,2026-03-21 19:43:21,,,com.localiza.meoo.app,pt,br,google_play
7de750c4-4c2f-43b9-80f7-5895d7051dec,Gelson Pelegrini de Almeida,5,Fácil,0,4.3.0,2026-03-21 08:28:26,,,com.localiza.meoo.app,pt,br,google_play
bed0a14b-21f8-44c4-8ae4-fe0dcf84ab84,Danilo Guilherme dos Santos,1,"Assinante desde abr/2024. Em 16/03, meu veículo foi abalroado por terceiro, com danos na lataria e pane eletrônica. Cumpri todas as exigências da Localiza Meoo (BO e Relatório de Danos), mas, desde então, não consigo agendar os reparos: alegam falta de prestadores disponíveis em Brasília. Suspeito que a empresa esteja procrastinando o serviço para impedir minha devolução antecipada sem multa, cujo prazo vence em abril/2026.",0,4.3.0,2026-03-20 16:40:03,,,com.localiza.meoo.app,pt,br,google_play
c3c69e00-497f-4be9-a0c9-92d221cb0a34,Fabricio Carvalho Coe,1,"o App não funciona e o pós venda da localiza é o pior que eu já vi. Há meses eu venho tentando ter acesso ao App e não sei o porquê de não funcionar, e NINGUÉM da localiza consegue resolver esse problema, já desinstalei e reinstalei, umas 5 vezes e já abri reclamação no site e ninguém resolve nada. Vou parar de pagar a parcela, Tvz eles consigam me retornar com uma solução. PÉSSIMO.",5,4.3.0,2026-03-16 19:13:09,,,com.localiza.meoo.app,pt,br,google_play
4174a68c-e15d-482c-963a-72a1fc10fbf3,Flavio Mendes,4,aap não está funcionando desde ontem tento logar e não entra,0,4.2.0,2026-03-14 13:49:16,,,com.localiza.meoo.app,pt,br,google_play
d54036ee-d121-4566-8406-b4152f514fbc,Edgar Oliveira (Edy),3,"Falta opções detalhadas de entrega, onde o veículo está, etapas exemplo instalação de acessórios etc. Se tivesse todas as informações com detalhes eu daria 5 estrelas.",0,4.2.0,2026-03-13 21:07:59,,,com.localiza.meoo.app,pt,br,google_play
2d96d873-af18-4d5a-8a33-a9b4b109f1ff,Califra Santos,5,"Profissionalismo, dedicação, atenção, Respeito e humanidade no atendimento. Nota 1000!",0,4.2.0,2026-03-10 21:04:32,,,com.localiza.meoo.app,pt,br,google_play
be9b9e90-0ab9-40af-bf5f-657fb5919d9d,Anderson Sampaio dos Santos,5,top,0,4.0.1,2026-03-03 21:01:04,,,com.localiza.meoo.app,pt,br,google_play
9dc7e026-4429-46a6-94a5-43b389dc77fe,Alexandre Gomes motorista particular,5,Show Localiza Meoo é a melhor em carro por assinatura...,0,4.0.1,2026-02-21 18:34:46,,,com.localiza.meoo.app,pt,br,google_play
f8e3d81f-d469-4160-9fb5-6c90ba6135ce,vanice pires,5,excelente,0,4.0.1,2026-02-21 06:51:14,,,com.localiza.meoo.app,pt,br,google_play
58c0ccb4-53b2-4b41-a022-38d0d6edd59b,Viviane Melo,5,"Boa oportunidade para você que deseja qualidade, facilidade e preços bons!!! Exelente atendimento ✨ ✨ ✨ ✨ ✨",1,4.0.1,2026-02-20 15:41:13,,,com.localiza.meoo.app,pt,br,google_play
6512d09a-a4c4-46c4-b05e-e2e74f39ba58,Alexandre B. de Medeiros,5,Melhor app para assinatura de veículos,0,4.0.1,2026-02-20 14:27:40,,,com.localiza.meoo.app,pt,br,google_play
b0a55e95-f7c7-4655-a7d9-b058dff4c490,Adellynn Jyllys,5,ótimo,0,4.0.1,2026-02-20 10:00:12,,,com.localiza.meoo.app,pt,br,google_play
8064d4c5-a705-43cc-9443-831fd8d282f9,flaviasantos cursino,4,muito bom!!!,0,4.0.1,2026-02-19 16:04:42,,,com.localiza.meoo.app,pt,br,google_play
bc4fc939-fc34-4321-8cf7-6d667501404c,Valdir Magalhães Conceição,5,Sensacional 👏👏👏,0,4.0.1,2026-02-15 16:37:57,,,com.localiza.meoo.app,pt,br,google_play
dd20a009-1b41-488b-95fc-c6b159509cd9,Ana Cristina Monteiro Ferreira,5,"Excelente aplicativo , é tudo resolvido, encaminhado e respondido pela Localiza, Parabéns.",0,4.0.1,2026-02-13 14:24:52,,,com.localiza.meoo.app,pt,br,google_play
724f1d89-2a19-4d23-8705-a292c3eab936,Via Transportes,5,excelente,0,3.48.0,2026-02-09 17:37:58,,,com.localiza.meoo.app,pt,br,google_play
9039e8b2-f78a-47f7-b5c9-f7783fa3686c,Maurício Lima,5,A experiência com o Meoo tem sido ótima. O aplicativo é estável e as funcionalidades de suporte e agendamento funcionam perfeitamente. Recomendo!!!,2,3.48.0,2026-02-05 20:47:19,,,com.localiza.meoo.app,pt,br,google_play
86e88349-b000-483b-830c-119b7d74cc46,Silvana Alves,5,Bom e prático,0,3.48.0,2026-02-04 09:42:08,,,com.localiza.meoo.app,pt,br,google_play
4a8a4096-c6f6-472f-bbd1-1e4e458f19d9,Adiel Viana,5,Muita praticidade! Recomendo.,0,3.48.0,2026-02-02 12:16:39,,,com.localiza.meoo.app,pt,br,google_play
cbfc2bfb-4209-4de5-ac0b-dfad62aacb5b,Paulo Rob,5,aplicativo prático e eficiente.,0,3.48.0,2026-01-28 10:03:18,,,com.localiza.meoo.app,pt,br,google_play
a2b54efd-0d81-4f42-beb3-922e3956cc67,Carlos Veiga,5,completo,0,3.48.0,2026-01-28 00:46:22,,,com.localiza.meoo.app,pt,br,google_play
7f604c8a-245d-4c08-8618-d0877d22278b,Rafael Riffel,5,muito bom,0,3.48.0,2026-01-25 16:39:41,,,com.localiza.meoo.app,pt,br,google_play
9d4c773e-08ae-48a4-b220-2c0eb635073e,Carlos Anjos,5,tudo certo,0,3.46.0,2026-01-22 06:07:16,,,com.localiza.meoo.app,pt,br,google_play
98f403e7-9217-438c-9a4d-89e0fdf0e950,Pr. Carlos Rezende,5,Muito bom.,0,3.46.0,2026-01-20 18:35:06,,,com.localiza.meoo.app,pt,br,google_play
aaa03b78-ce26-44d1-837e-21e7241bbb73,alexandre kapps,3,Minha esposa tem um carro de assinatura.. achei um absurdo o vencimento fora da data fiz um acordo para o pagamento. passou 05 dias mesmo cobrando juros.. bloquearam o carro..e dizendo em um e-mail que iria fazer a reintegração de posse do veículo.. como se as pessoas fossem leiga e não tivessem advogado... infelizmente tem que ir com contrato até o fim porque senão pagamos uma multa absurda...,1,3.46.0,2026-01-20 17:16:00,,,com.localiza.meoo.app,pt,br,google_play
0904bccf-6e31-4400-94c9-2d73d3da433f,Vitor Bruno Gazetta Rodrigues,5,"Excelência no atendimento e cumpre o contrato sem deixar dúvidas. Parabéns a equipe. Só de não ter a dor de cabeça de um IPVA de um carro 2025, já fez o meu verão mais feliz!",0,3.46.0,2026-01-16 14:10:55,,,com.localiza.meoo.app,pt,br,google_play
c517c91d-e984-4356-ad93-39daf6ef635d,Anderson Willyams,1,"péssimo app, estou a 3 dias tenta do resolver uma falha de segurança onde deixa qualquer usuario desse app vulnerável e a equipe nao consegue resolver .",1,3.46.0,2025-12-23 10:33:52,,,com.localiza.meoo.app,pt,br,google_play
3a12a7d9-4935-4c2a-805c-cc6c94245ef5,Rodrigo Sanchez,5,Excelente atendimento!,0,3.45.1,2025-12-20 08:46:20,,,com.localiza.meoo.app,pt,br,google_play
a79d374c-3482-461c-a5e7-2d338cb5628c,Danielle Torres,5,Maravilha. Muito satisfeita,0,3.46.0,2025-12-19 21:09:57,,,com.localiza.meoo.app,pt,br,google_play
890e6c96-0894-4064-bc23-4f471bd43535,Claudinei Mesquita,5,Muito bom!,0,3.45.1,2025-12-18 09:51:14,,,com.localiza.meoo.app,pt,br,google_play
5e561c65-75fb-43cc-8029-1174d2227043,Ginaldo Gonzaga,5,fácil e rapido,0,3.45.1,2025-12-16 23:14:31,,,com.localiza.meoo.app,pt,br,google_play
f4a77d47-d78b-42bb-b84c-76cc730e066f,Henrique Ruivo,2,o aplicativo é otimo mas inesperadamente a ferramenta de localização em tempo real parou de funcionar. uma pena....,0,,2025-12-08 16:14:52,,,com.localiza.meoo.app,pt,br,google_play
a68c0aa0-6018-4265-a286-43b41d064102,Kênnio Matheus,4,Melhorar os benefícios,0,3.43.0,2025-12-02 14:28:56,,,com.localiza.meoo.app,pt,br,google_play
65b2d6d5-9af8-49bc-b197-e3d3c19036d5,Paulo Luiz Pimentel Filho,5,Ótimo!,0,3.45.1,2025-11-28 12:19:05,,,com.localiza.meoo.app,pt,br,google_play
1a640216-6e44-4b27-a7ea-65b870445f31,Rafael Horstmann,1,"Arrumem a quantidade de notificações que este app gera, ta impossível isso, tenho uma revisão programada pra amanhã e to recebendo MUITAS notificações para não esquecer da revisão, uma atrás da outra.",1,3.43.0,2025-11-27 18:45:10,,,com.localiza.meoo.app,pt,br,google_play
e91a7f48-3406-4653-9583-0e52b85e7392,Cärlos Pêreírä,5,"Uma empresa de ponta, tecnologia, e atendimento excepcional. Recomendo.",1,3.43.0,2025-11-24 17:57:58,,,com.localiza.meoo.app,pt,br,google_play
ddd5f991-6a45-43d9-bc0c-ee088127c894,Paulo Emanuel,5,top das galáxias,0,3.43.0,2025-11-24 09:55:02,,,com.localiza.meoo.app,pt,br,google_play
03aa3cf1-17b1-4f54-b4e9-0f963f778856,Emílio Ferreira,1,"Não consigo redefinir minha senha para utilizar o app, já tentei ajuda diversas vezes através dos canais de atendimento porém sem sucesso. Sigo sem utilizar o app. Lamentável.",0,3.43.0,2025-11-17 21:19:22,,,com.localiza.meoo.app,pt,br,google_play
00466c2d-06d4-4457-a2b9-e9562b15f55d,Ronaldo PV,5,muito bom!,0,3.41.0,2025-11-05 20:31:53,,,com.localiza.meoo.app,pt,br,google_play
d158fa3b-da3b-42e0-a96f-be96268bdc8f,Moreira Silva,5,onde da meu carro,0,,2025-10-31 23:22:15,,,com.localiza.meoo.app,pt,br,google_play
8f942936-fc2e-45f9-b0bd-fb72bd84942d,Fernando Luis Medeiros,5,Muito útil e fácil.,0,3.41.0,2025-10-29 09:11:27,,,com.localiza.meoo.app,pt,br,google_play
9b71c7c7-2bf8-40e5-8438-a6d7da0c8085,Rosimberg Silva,5,sensacional recomendo.,0,3.39.1,2025-10-20 21:07:08,,,com.localiza.meoo.app,pt,br,google_play
4cf5cd5f-3352-455a-b068-3fb46d587e86,Daniel Ponzi,4,"o app é bem bom nas funções dele, só não entendo é que pelo menos uma vez por mês ele não localiza meu contrato, app sempre atualizado e mesmo assim não localiza meu contrato. tenho que sempre ligar na central para ver o que ocorre e nem eles sabem o que acontece.",0,3.39.1,2025-10-19 10:58:36,"Olá, tudo bem? Gostaríamos de conversar com você para ajudá-lo, poderia entrar em contato conosco pelo e-mail sucessoclientemeoo@localiza.com? Equipe Localiza Meoo 💚",2025-10-20 08:51:00,com.localiza.meoo.app,pt,br,google_play
81532ff3-d095-43f7-95a9-82ab90077e3a,NA AREA ESPORTES,1,Não funciona,0,3.39.1,2025-10-14 15:18:13,"Olá, tudo bem? Gostaríamos de conversar com você para ajudá-lo, poderia entrar em contato conosco pelo e-mail sucessoclientemeoo@localiza.com? Equipe Localiza Meoo 💚",2025-10-20 08:48:09,com.localiza.meoo.app,pt,br,google_play
a7411535-df9e-4dc5-90d3-a315d2a83899,Fabio Beneditto,5,É fácil de usar e ter acesso as informações sobre a assinatura. Poderiam melhorar a UX testando fontes maiores no Android.,1,3.38.0,2025-10-09 14:17:37,"Olá, tudo bem? Ficamos muito felizes em saber que tem gostado da sua experiência conosco! Para o que precisar, conte com a gente! Equipe Localiza Meoo 💚",2025-10-20 08:46:18,com.localiza.meoo.app,pt,br,google_play
95b99c9d-b557-4849-993f-308f3e9ea679,Erivelton Carvalho,3,"Eu abro o app e pede pra eu atualizar. abro a play story, procuro o app e não tem a opção de atualizar. resultado: não consigo usar o app.",0,3.37.0,2025-10-08 10:31:57,"Olá, tudo bem? Gostaríamos de conversar com você para ajudá-lo, poderia entrar em contato conosco pelo e-mail sucessoclientemeoo@localiza.com? Equipe Localiza Meoo 💚",2025-10-20 08:42:56,com.localiza.meoo.app,pt,br,google_play
51c24570-290d-4bb4-9914-9a054fa307b3,Rodrigo Guilherme,5,ótimo aplicativo,0,3.34.0,2025-10-08 06:38:35,"Olá, tudo bem? Ficamos muito felizes em saber que tem gostado da sua experiência conosco! Para o que precisar, conte com a gente! Equipe Localiza Meoo 💚",2025-10-08 07:19:20,com.localiza.meoo.app,pt,br,google_play
efaaf4b5-ee46-40e4-bd71-5c3fd42f1a33,Rubens Pellaes Jr.,5,"Ótimo Aplicativo, fácil de usar e prático.",0,3.34.0,2025-10-06 10:25:39,"Olá, tudo bem? Ficamos muito felizes em saber que tem gostado da sua experiência conosco! Para o que precisar, conte com a gente! Equipe Localiza Meoo 💚",2025-10-08 07:19:09,com.localiza.meoo.app,pt,br,google_play
f3544cc0-5516-43c1-8c44-ada421ca3ade,Alba Miranda,1,"Cadastrei os dados bancários para pagamento em débito automático e eles da Localiza criam boletos mensalmente. Cadastrei várias vezes os dados bancários, repetindo novamente, mas infelizmente eles da Localiza não respeitam a forma de pagamento do cliente! Fazem a cobrança por boletos!! Toda vez que atualiza o app é um problema!",0,,2025-10-01 19:03:42,"Olá, tudo bem? Gostaríamos de conversar com você para ajudá-lo, poderia entrar em contato conosco pelo e-mail sucessoclientemeoo@localiza.com? Equipe Localiza Meoo 💚",2025-10-06 07:30:02,com.localiza.meoo.app,pt,br,google_play
a930c1d3-c1f0-4560-8743-4a5a9d7108b6,Hernando Costa,5,sou fan da Localiza e estou amando meu carro por assinatura.,0,,2025-10-01 18:21:12,"Olá, tudo bem? Ficamos muito felizes em saber que tem gostado da sua experiência conosco! Para o que precisar, conte com a gente! Equipe Localiza Meoo 💚",2025-10-06 07:26:55,com.localiza.meoo.app,pt,br,google_play
e7b26128-9f64-46b0-9c4d-4cedfd5b5308,Ronney Castro,5,"Aplicativo fácil e prático, além de conter todas as informações que o cliente precisa.",0,3.32.0,2025-09-24 17:01:56,"Olá, tudo bem? Ficamos muito felizes em saber que tem gostado da sua experiência conosco! Para o que precisar, conte com a gente! Equipe Localiza Meoo 💚",2025-09-29 07:40:10,com.localiza.meoo.app,pt,br,google_play
197a0b72-44bb-471e-bb2c-5a88083bd879,Leo Lopes,5,excelente 😁😁👏👏,0,3.31.0,2025-09-19 20:12:08,"Olá, tudo bem? Ficamos muito felizes em saber que tem gostado da sua experiência conosco! Para o que precisar, conte com a gente! Equipe Localiza Meoo 💚",2025-09-22 07:36:17,com.localiza.meoo.app,pt,br,google_play
0c6a3979-c404-4f56-8748-04b22443e875,jose ramon Serra,1,"Horrivel. Funciona 1 dia e deixa de funcionar 4 ou 5. Ao abrir não aparece meu carro como outras vezes, pede o login, escrevo meu e-mail e depois já aparece um aviso öpa! Algo deu errado por aqui, mas já vamos corrigir...."" e asi uma vez e outra e outra.. Não adianta ligar pelo whatsapp porque os atendentes só podem abrir um protocolo (já tenho varios, 09352554, 09478270, ...) e o problema continua sem ser resolvido. Uma vergonha e já estou pensando não recolher o carro.",1,3.31.0,2025-09-15 17:04:38,"Agradecemos seu contato. Os casos abertos estão sendo verificados e as orientações já foram repassadas. Se o problema persistir, você pode responder ao atendimento anterior ou acionar o e-mail do Sucesso do Cliente: sucessodoclientemeoo@localiza.com.
Equipe Localiza Meoo 💚",2025-09-17 07:45:32,com.localiza.meoo.app,pt,br,google_play
5f76c6c4-dd61-4b3b-9e79-2d962072497f,Claudemir Jeronimo De Oliveira,4,boa,0,3.31.0,2025-09-14 16:16:23,"Olá, tudo bem? Ficamos muito felizes em saber que tem gostado da sua experiência conosco! Para o que precisar, conte com a gente! Equipe Localiza Meoo 💚",2025-09-15 07:54:15,com.localiza.meoo.app,pt,br,google_play
7dae9ddb-be1a-4af5-b41d-f6ce82891f9c,Fabiano Penha,5,Ótima escolha.,0,3.31.0,2025-09-13 23:40:10,"Olá, tudo bem? Ficamos muito felizes em saber que tem gostado da sua experiência conosco! Para o que precisar, conte com a gente! Equipe Localiza Meoo 💚",2025-09-15 07:52:34,com.localiza.meoo.app,pt,br,google_play
bde78464-5a83-46f7-96e9-142acd412d02,William Pais,5,simplesmente excelente,0,3.31.0,2025-09-13 20:32:01,"Olá, tudo bem? Ficamos muito felizes em saber que tem gostado da sua experiência conosco! Para o que precisar, conte com a gente! Equipe Localiza Meoo 💚",2025-09-15 07:51:10,com.localiza.meoo.app,pt,br,google_play
19668d07-8e59-44ff-9e4f-6a5b67aa9cbf,Leila Corrêa,5,só a locadora tem direitos!,0,3.27.0,2025-09-04 13:46:52,"Olá, tudo bem? Gostaríamos de conversar com você para ajudá-lo, poderia entrar em contato conosco pelo e-mail sucessoclientemeoo@localiza.com? Equipe Localiza Meoo 💚",2025-09-08 07:34:56,com.localiza.meoo.app,pt,br,google_play
1aa0b079-fb73-496d-9c54-17d7c1b9b570,Bastos Refrigeração & Serviços Jucundino Bastos,5,"muito bom para entrar em contato com os consultores que sempre precisamos, fico muito grato",0,3.28.0,2025-09-01 10:36:51,"Olá, tudo bem? Ficamos muito felizes em saber que tem gostado da sua experiência conosco! Para o que precisar, conte com a gente! Equipe Localiza Meoo 💚

",2025-09-03 07:51:02,com.localiza.meoo.app,pt,br,google_play
bfd82a16-9625-44e5-a3c5-ffd2d5d2ecda,Denis Leao,1,"Eu queria entender o que que esse aplicativo tem que toda vez que vou abrir precisa fazer uma atualização. Sem contar que demora uma eternidade para abrir. Agendamento de revisão não está permitindo selecionar o município. Sou usuário da Localiza Meoo há uns três anos, mas experiência nesse aplicativo continua sofrível.",6,3.30.0,2025-09-01 10:00:20,"Olá, tudo bem? Gostaríamos de conversar com você para ajudá-lo, poderia entrar em contato conosco pelo e-mail sucessoclientemeoo@localiza.com? Equipe Localiza Meoo 💚",2025-09-03 07:49:20,com.localiza.meoo.app,pt,br,google_play
5229c922-a18d-4db0-a6c8-525c60a7a901,Pedro Henrique Nazareth,1,"uma das piores experiências de quando você aciona o sinistro do contrato. completamente despreparados para uma empresa desse tamanho. quase 1 mês de atraso e nada de resolverem o problema. mas cobrar, obviamente, não estão esquecendo.",3,3.29.0,2025-08-22 14:39:51,"Olá, tudo bem? Gostaríamos de conversar com você para ajudá-lo, poderia entrar em contato conosco pelo e-mail sucessoclientemeoo@localiza.com? Equipe Localiza Meoo 💚",2025-09-03 07:47:23,com.localiza.meoo.app,pt,br,google_play
27250060-b721-49ee-821c-95419ed0c66b,Marcos Oliveira,5,muito facil,0,3.28.0,2025-08-20 21:05:49,"Olá, tudo bem? Ficamos muito felizes em saber que tem gostado da sua experiência conosco! Para o que precisar, conte com a gente! Equipe Localiza Meoo 💚",2025-09-03 07:39:47,com.localiza.meoo.app,pt,br,google_play
38210e77-c472-428a-a9ef-d9c11eed81ef,Beto Saúde,5,"Estou gostando de tudo. Só tive dificuldades com a geração do SEGUNDO link para pagar a fatura com cartão de crédito. O sistema de vocês me fez esperar 24 horas e, passado esse prazo, ele não permitiu a geração. Tive que entrar em contato pelo suporte e somente eles conseguiram criar o link novamente. No final deu tudo certo, mas vocês podem simplificar essa parte para que possamos conseguir fazer pelo app, sem necessidade de abrir ocorrência ou protocolo no suporte.",3,3.28.0,2025-08-16 18:37:02,"Olá, tudo bem? Gostaríamos de conversar com você para ajudá-lo, poderia entrar em contato conosco pelo e-mail sucessoclientemeoo@localiza.com? Equipe Localiza Meoo 💚",2025-09-03 07:38:16,com.localiza.meoo.app,pt,br,google_play
04cc032c-8f15-4aee-8742-ee96a4546f27,Rodrigo Santana,5,Melhor escolha para aluguel de veículos. App muito prático e o atendimento muito bom. Recomendo.,0,3.28.0,2025-08-12 01:34:43,"Olá, tudo bem? Ficamos muito felizes em saber que tem gostado da sua experiência conosco! Para o que precisar, conte com a gente! Equipe Localiza Meoo 💚",2025-08-13 07:35:25,com.localiza.meoo.app,pt,br,google_play
d5484f33-c0d0-4026-9358-b97b7921a46d,Marco Moura,5,Estou muito satisfeito desde o início das tratativas até o presente momento.,0,3.27.0,2025-08-11 09:00:40,"Olá, tudo bem? Ficamos muito felizes em saber que tem gostado da sua experiência conosco! Para o que precisar, conte com a gente! Equipe Localiza Meoo 💚",2025-08-13 07:33:12,com.localiza.meoo.app,pt,br,google_play
7ac91c69-15b3-4ffc-bf8d-6720eb4469d7,Bruno Belo da Cunha,5,"Este app é muito funcional, fácil de usar e fornece serviço essenciais se a necessidade horas em uma ligação telefônica. Extremamente útil.",1,3.27.0,2025-08-10 08:29:52,"Olá, tudo bem? Ficamos muito felizes em saber que tem gostado da sua experiência conosco! Para o que precisar, conte com a gente! Equipe Localiza Meoo 💚",2025-08-11 08:14:40,com.localiza.meoo.app,pt,br,google_play
eee5574d-f3f3-4169-a00c-6b02f46f2b29,Rodrigo Costa Ney,1,"depois da atualização, não aparecem mais as faturas no meu aplicativo, nem as pagas e nem as que estão para vencer.",0,,2025-08-08 00:13:50,"Olá, tudo bem? Gostaríamos de conversar com você para ajudá-lo, poderia entrar em contato conosco pelo e-mail sucessoclientemeoo@localiza.com? Equipe Localiza Meoo 💚",2025-08-11 08:08:45,com.localiza.meoo.app,pt,br,google_play
cc088e97-6209-494e-9d5c-c70a67c2261c,Elҫo Junior,1,"parou de funcionar, não sai da tela de login.",0,3.27.0,2025-08-07 17:57:09,"Olá, tudo bem? Gostaríamos de conversar com você para ajudá-lo, poderia entrar em contato conosco pelo e-mail sucessoclientemeoo@localiza.com? Equipe Localiza Meoo 💚",2025-08-11 08:02:46,com.localiza.meoo.app,pt,br,google_play
925864a1-61d2-4632-a5df-23fb3159a0d7,Percio Mello Jr,1,não funciona,0,3.27.0,2025-08-07 13:39:23,"Olá, tudo bem? Gostaríamos de conversar com você para ajudá-lo, poderia entrar em contato conosco pelo e-mail sucessoclientemeoo@localiza.com? Equipe Localiza Meoo 💚",2025-08-11 07:58:58,com.localiza.meoo.app,pt,br,google_play
6be4e4a2-8625-4bb5-9004-2d785af92306,denis laskier,1,preferia usar no meu computador,0,3.25.0,2025-08-07 13:11:09,"Olá, tudo bem? Gostaríamos de conversar com você para ajudá-lo, poderia entrar em contato conosco pelo e-mail sucessoclientemeoo@localiza.com? Equipe Localiza Meoo 💚",2025-08-11 07:57:09,com.localiza.meoo.app,pt,br,google_play
32ed92c7-3de3-4ef0-86a8-5c8296f5b352,ANTONIO ABREU,5,"muito intuitivo, está ótimo o app, parabéns a todos da plataforma!",0,3.27.0,2025-08-06 12:17:27,"Olá, tudo bem? Ficamos muito felizes em saber que tem gostado da sua experiência conosco! Para o que precisar, conte com a gente! Equipe Localiza Meoo 💚",2025-08-11 07:53:26,com.localiza.meoo.app,pt,br,google_play
31ed72e9-4c6d-44d1-9f38-bf1a2996db81,Marcos Faria Gomes,5,OK 👍,0,3.25.0,2025-08-04 22:21:15,"Olá, tudo bem? Ficamos muito felizes em saber que tem gostado da sua experiência conosco! Para o que precisar, conte com a gente! Equipe Localiza Meoo 💚",2025-08-06 08:01:45,com.localiza.meoo.app,pt,br,google_play
2d96922f-6f4d-4e03-9213-3fb4e8aa023c,carlen castro,5,atende bem,0,3.25.0,2025-08-04 10:48:12,"Olá, tudo bem? Ficamos muito felizes em saber que tem gostado da sua experiência conosco! Para o que precisar, conte com a gente! Equipe Localiza Meoo 💚",2025-08-06 08:00:04,com.localiza.meoo.app,pt,br,google_play
40efac99-f35a-4649-a60b-0f1b4fb319a6,Rose Marie De Bom,5,ótima!,0,2.1.23,2025-07-31 19:30:48,"Olá, tudo bem? Ficamos muito felizes em saber que tem gostado da sua experiência conosco! Para o que precisar, conte com a gente! Equipe Localiza Meoo 💚",2025-08-04 08:11:10,com.localiza.meoo.app,pt,br,google_play
ad359192-bb64-46ac-a618-ae1a182182a5,Fabio Moura,3,Não consigo selecionar o município na opção Agendamento de Serviços,0,3.25.0,2025-07-26 18:54:32,"Olá, tudo bem? Gostaríamos de conversar com você para ajudá-lo, poderia entrar em contato conosco pelo e-mail sucessoclientemeoo@localiza.com? Equipe Localiza Meoo 💚",2025-07-28 07:49:25,com.localiza.meoo.app,pt,br,google_play
c2be8200-fcc4-41e8-9588-908317d1ba67,Joao Lino Silva,5,muito bom.,0,3.25.0,2025-07-25 11:18:41,"Olá, tudo bem? Ficamos muito felizes em saber que tem gostado da sua experiência conosco! Para o que precisar, conte com a gente! Equipe Localiza Meoo 💚",2025-07-28 07:47:28,com.localiza.meoo.app,pt,br,google_play
663d54d0-3e79-494d-a0b6-2e0c54e526c5,Aureluci Melo,5,"Muito prático, e retaguarda ótima!",0,3.25.0,2025-07-19 07:42:16,"Olá, tudo bem? Ficamos muito felizes em saber que tem gostado da sua experiência conosco! Para o que precisar, conte com a gente! Equipe Localiza Meoo 💚",2025-07-21 07:33:14,com.localiza.meoo.app,pt,br,google_play
a9394bf5-b0f3-4dfc-b965-3e9f79a54d5f,Roberto D,1,impossível indicar condutor na sessão de multas,0,,2025-07-18 22:42:37,"Olá, tudo bem? Gostaríamos de conversar com você para ajudá-lo, poderia entrar em contato conosco pelo e-mail sucessoclientemeoo@localiza.com? Equipe Localiza Meoo 💚",2025-07-21 07:29:57,com.localiza.meoo.app,pt,br,google_play
81738220-3c0a-4acb-9458-b85e25f6dc8a,EDIVAN Aguiar,5,uma experiência sensacional eu recomendo,0,3.25.0,2025-07-15 20:16:53,"Olá, tudo bem? Ficamos muito felizes em saber que tem gostado da sua experiência conosco! Para o que precisar, conte com a gente! Equipe Localiza Meoo 💚",2025-07-16 07:32:04,com.localiza.meoo.app,pt,br,google_play
87791723-8d24-40fd-ad22-0229700f7507,Giovane Pretto Azambuja,5,A nova funcionalidade de localização do veículo é uma ótima ideia. Seria legal também o acesso ao histórico de localização.,0,3.25.0,2025-07-13 16:18:05,"Olá, tudo bem? Ficamos muito felizes em saber que tem gostado da sua experiência conosco! Para o que precisar, conte com a gente! Equipe Localiza Meoo 💚",2025-07-14 07:39:35,com.localiza.meoo.app,pt,br,google_play
43febe59-6efd-4126-b235-41470ea4635d,FABIO COSTA,2,olá bom dia meu aplicativo paro de funcionar e não estou conseguindo atualizar gostaria de saber que aconteceu aguardo resposta obgdo,0,,2025-07-13 08:33:08,"Olá, tudo bem? Gostaríamos de conversar com você para ajudá-lo, poderia entrar em contato conosco pelo e-mail sucessoclientemeoo@localiza.com? Equipe Localiza Meoo 💚",2025-07-14 07:38:10,com.localiza.meoo.app,pt,br,google_play
46f5c9e5-a8d9-42b8-98e9-8f81d83e2d49,Valtenor Franca de Lima,5,top,0,3.25.0,2025-07-12 15:30:19,"Olá, tudo bem? Ficamos muito felizes em saber que tem gostado da sua experiência conosco! Para o que precisar, conte com a gente! Equipe Localiza Meoo 💚",2025-07-14 07:36:52,com.localiza.meoo.app,pt,br,google_play
d1960169-f9b4-45d2-b2b6-a61e36ea6a7a,Marcio Fabiano,5,muito bom,0,3.23.0,2025-07-12 10:44:06,"Olá, tudo bem? Ficamos muito felizes em saber que tem gostado da sua experiência conosco! Para o que precisar, conte com a gente! Equipe Localiza Meoo 💚",2025-07-14 07:35:33,com.localiza.meoo.app,pt,br,google_play
4eac8294-6d5f-4a52-95d8-b13a7d31eb9e,Rogerio Oliveira,5,"melhor custo benefício para quem precisa de um veículo. carro zero sem dor de cabeça com manutenção, documentação, seguro etc. Eu recomendo",0,3.22.0,2025-06-27 17:32:35,"Olá, tudo bem? Ficamos muito felizes em saber que tem gostado da sua experiência conosco! Para o que precisar, conte com a gente! Equipe Localiza Meoo 💚",2025-07-07 12:17:46,com.localiza.meoo.app,pt,br,google_play
50f46cf8-a071-4b91-97e8-0fb3966564c6,Matheus Rodrigues,2,não deu para entrar com email ... está bugado,0,,2025-06-20 05:03:21,"Olá, tudo bem? Gostaríamos de conversar com você para ajudá-lo, poderia entrar em contato conosco pelo e-mail sucessoclientemeoo@localiza.com? Equipe Localiza Meoo 💚",2025-07-07 12:16:41,com.localiza.meoo.app,pt,br,google_play
3ddbec5d-c6b7-46b9-9e8a-8078dc357d7d,Luis Henrike,1,"ultimamente está péssimo não consigo fazer nada pelo app nem pelo atendimento no WhatsApp, antes da última atualização era otimo",0,3.21.1,2025-06-10 18:08:47,"Olá, tudo bem? Estamos realizando melhorias e ajustes nos nossos processos para que possamos entregar uma melhor experiência. Caso precise de ajuda ou queira registrar reclamações ou sugestão. Fique à vontade para entrar em contato conosco pelo e-mail sucessoclientemeoo@localiza.com Equipe Localiza Meoo 💚",2025-07-07 12:14:14,com.localiza.meoo.app,pt,br,google_play
76ec21c7-3dcb-4fe5-8f48-7ba7ab8e0fbe,Thiago Fontes,5,Aplicativo muito fácil de usar,0,3.21.1,2025-06-10 09:30:50,"Olá, tudo bem? Ficamos muito felizes em saber que tem gostado da sua experiência conosco! Para o que precisar, conte com a gente! Equipe Localiza Meoo 💚",2025-07-07 12:13:04,com.localiza.meoo.app,pt,br,google_play
87620242-3b3c-44ad-b934-20a97e70df40,Manoel Reis,5,boa,0,,2025-06-09 22:28:37,"Olá, tudo bem? Ficamos muito felizes em saber que tem gostado da sua experiência conosco! Para o que precisar, conte com a gente! Equipe Localiza Meoo 💚",2025-07-07 12:11:37,com.localiza.meoo.app,pt,br,google_play
cccc7342-8654-42e4-a745-cb050e620450,CAMILA MAZZON,1,"o app não entra mais, dá um erro e fecha sozinho, já entrei em contato com a localização e não conseguem resolver meu problema.",0,,2025-06-06 09:14:27,"Olá, tudo bem? Estamos realizando melhorias e ajustes nos nossos processos para que possamos entregar uma melhor experiência. Caso precise de ajuda ou queira registrar reclamações ou sugestão. Fique à vontade para entrar em contato conosco pelo e-mail sucessoclientemeoo@localiza.com Equipe Localiza Meoo 💚",2025-07-07 12:10:37,com.localiza.meoo.app,pt,br,google_play
e676c7e4-35a9-4a19-aa14-6c8f9f5964fb,Claudio Roberto Florencio,1,Após a atualização não consigo logar,0,3.20.0,2025-06-04 00:14:14,"Olá, tudo bem? Ficamos muito felizes em saber que tem gostado da sua experiência conosco! Para o que precisar, conte com a gente! Equipe Localiza Meoo 💚",2025-07-07 12:08:57,com.localiza.meoo.app,pt,br,google_play
c59f4ed2-0d6a-48f7-94ce-f08dbed2f194,Claudia Giaquinto,2,"Péssimo app Não permite que você agende revisão para o veículo porque ao procurar a cidade não há a possibilidade de clicar sobre ela. Por isso, não temos como dar continuidade ao processo.",3,3.20.0,2025-06-03 21:33:18,"Olá, tudo bem? Gostaríamos de conversar com você para ajudá-lo, poderia entrar em contato conosco pelo e-mail sucessoclientemeoo@localiza.com? Equipe Localiza Meoo 💚",2023-08-01 16:41:41,com.localiza.meoo.app,pt,br,google_play
b5215735-acbc-4645-a004-d20d33635cea,Vulcam Assessoria e Serviços LTDA,5,"Melhor escolha, ótimo serviço e Atendimento maravilhoso. LocalizaMeoo é com certeza o melhor serviço de carro por assinatura do Brasil.",0,,2025-06-03 07:53:55,"Olá, tudo bem? Ficamos muito felizes em saber que tem gostado da sua experiência conosco! Para o que precisar, conte com a gente! Equipe Localiza Meoo 💚",2025-07-07 12:07:22,com.localiza.meoo.app,pt,br,google_play
621b5022-a234-4929-bb9b-f9f2491f89f4,Andre Martins,1,Não funciona,0,3.20.0,2025-06-03 07:25:54,"Olá, tudo bem? Estamos realizando melhorias e ajustes nos nossos processos para que possamos entregar uma melhor experiência. Caso precise de ajuda ou queira registrar reclamações ou sugestão. Fique à vontade para entrar em contato conosco pelo e-mail sucessoclientemeoo@localiza.com Equipe Localiza Meoo 💚",2025-07-07 12:05:33,com.localiza.meoo.app,pt,br,google_play
a10af782-e8e2-45e5-a7c0-6abff5157744,Willian Santana,1,"O app parou de funcionar no meu Xiaomi Poco F5 há alguns dias. Já desinstalei e instalei várias vezes, porém ao abrir o app fica uma tela em branco.",2,3.20.0,2025-06-02 11:37:34,"Olá, tudo bem? Estamos realizando melhorias e ajustes nos nossos processos para que possamos entregar uma melhor experiência. Caso precise de ajuda ou queira registrar reclamações ou sugestão. Fique à vontade para entrar em contato conosco pelo e-mail sucessoclientemeoo@localiza.com Equipe Localiza Meoo 💚",2025-07-07 12:03:37,com.localiza.meoo.app,pt,br,google_play
7de6c49f-48d9-4dc5-8611-579f89cf1e43,Marco Antonio Lavieri Martins,1,tento abrir e trava. horrível. o que será que acontecerá depois de receber o carro?,0,3.19.0,2025-05-27 18:42:16,"Olá, tudo bem? Estamos realizando melhorias e ajustes nos nossos processos para que possamos entregar uma melhor experiência. Caso precise de ajuda ou queira registrar reclamações ou sugestão. Fique à vontade para entrar em contato conosco pelo e-mail sucessoclientemeoo@localiza.com Equipe Localiza Meoo 💚",2025-07-07 12:01:21,com.localiza.meoo.app,pt,br,google_play
8bf1e96b-7b55-4223-9315-f1a76abaf1a0,Luiz Carlos Scarazzati,1,horrível não abri,0,3.18.1,2025-05-27 10:14:05,"Olá, tudo bem? Estamos realizando melhorias e ajustes nos nossos processos para que possamos entregar uma melhor experiência. Caso precise de ajuda ou queira registrar reclamações ou sugestão. Fique à vontade para entrar em contato conosco pelo e-mail sucessoclientemeoo@localiza.com Equipe Localiza Meoo 💚
",2025-07-07 11:58:48,com.localiza.meoo.app,pt,br,google_play
52032478-d361-45d8-924c-a08333357b52,Wendell Janez,5,Sensacional!!,0,3.18.1,2025-05-24 13:05:31,"Olá, tudo bem? Ficamos muito felizes em saber que tem gostado da sua experiência conosco! Para o que precisar, conte com a gente! Equipe Localiza Meoo 💚",2025-07-07 11:55:26,com.localiza.meoo.app,pt,br,google_play
e18702e2-1243-4a0c-9b83-fe0a1a38a9e2,alberto gregorio,1,app não abre travando o tempo todo,1,3.18.1,2025-05-16 21:10:12,"Olá, tudo bem? Estamos realizando melhorias e ajustes nos nossos processos para que possamos entregar uma melhor experiência. Caso precise de ajuda ou queira registrar reclamações ou sugestão. Fique à vontade para entrar em contato conosco pelo e-mail sucessoclientemeoo@localiza.com Equipe Localiza Meoo 💚

",2025-07-07 11:47:40,com.localiza.meoo.app,pt,br,google_play
c6b123b4-b07d-4ca3-97d9-6e6b9d91f192,Matheus Ribeiro,1,Após a última atualização não consigo acessar o app,1,3.18.1,2025-05-15 23:53:01,"Olá, tudo bem? Gostaríamos de entrar em contato com você para ajudar, porém não localizamos o seu cadastro por aqui. Poderia entrar em contato conosco pelo e-mail sucesso.cliente@localiza.com ? Equipe Localiza Meoo 💚",2022-11-11 10:40:11,com.localiza.meoo.app,pt,br,google_play
da050798-8d4b-4729-a3ef-742bdd70c449,Edézio Felipe de Areia Rigueira,2,"o aplicativo parou de funcionar, toda vez que tento abrir da mensagem de erro.",1,3.18.1,2025-05-15 07:50:50,"Olá, tudo bem? Estamos realizando melhorias e ajustes nos nossos processos para que possamos entregar uma melhor experiência. Caso precise de ajuda ou queira registrar reclamações ou sugestão. Fique à vontade para entrar em contato conosco pelo e-mail sucessoclientemeoo@localiza.com Equipe Localiza Meoo 💚

",2025-07-07 11:45:55,com.localiza.meoo.app,pt,br,google_play
1dcea249-836c-4f49-b79d-ebdff20ad915,Vitor Brito,1,"O app esta travando ao tentar abrir. Limpei cache, mas não funciona.",1,3.18.1,2025-05-12 15:23:15,"Olá, tudo bem? Estamos realizando melhorias e ajustes nos nossos processos para que possamos entregar uma melhor experiência. Caso precise de ajuda ou queira registrar reclamações ou sugestão. Fique à vontade para entrar em contato conosco pelo e-mail sucessoclientemeoo@localiza.com Equipe Localiza Meoo 💚

",2025-07-07 11:44:18,com.localiza.meoo.app,pt,br,google_play
93f2d3ab-3004-4375-9500-77f4843b6034,Jose Altino Teixeira,4,"sempre ágil e de fácil compreensão, muito bom!",0,3.18.1,2025-05-10 16:13:44,"Olá, tudo bem? Ficamos muito felizes em saber que tem gostado da sua experiência conosco! Para o que precisar, conte com a gente! Equipe Localiza Meoo 💚",2025-07-07 11:40:50,com.localiza.meoo.app,pt,br,google_play
e118b3c7-b318-417d-92ac-be7cb6e287e9,Marcos Antonio Santos Adjuto,5,"Rápido e prático, como deve ser.",0,3.17.0,2025-05-09 19:53:37,"Olá, tudo bem? Ficamos muito felizes em saber que tem gostado da sua experiência conosco! Para o que precisar, conte com a gente! Equipe Localiza Meoo 💚",2025-07-07 11:37:26,com.localiza.meoo.app,pt,br,google_play
1939ddb7-e6f7-4c3b-87fe-5f60011d6335,Henrique Teodoro da silva,5,ótima locadora,0,3.18.0,2025-05-09 14:01:00,"Olá, tudo bem? Ficamos muito felizes em saber que tem gostado da sua experiência conosco! Para o que precisar, conte com a gente! Equipe Localiza Meoo 💚",2025-07-07 11:33:34,com.localiza.meoo.app,pt,br,google_play
c67b4d1a-147b-4978-8073-dfc9411623aa,Wilson Santos,5,do jeito que tem que SER,0,3.16.2,2025-05-04 13:56:32,"Olá, tudo bem? Ficamos muito felizes em saber que tem gostado da sua experiência conosco! Para o que precisar, conte com a gente! Equipe Localiza Meoo 💚",2025-07-07 11:32:30,com.localiza.meoo.app,pt,br,google_play
9d421bcb-dfb6-4d17-984e-33d369c3792b,Alexandre Jamaro,5,Excelente opção para quem não quer despesas de carro novo.,0,3.16.2,2025-04-26 10:54:07,"Olá, tudo bem? Ficamos muito felizes em saber que tem gostado da sua experiência conosco! Para o que precisar, conte com a gente! Equipe Localiza Meoo 💚",2025-07-07 11:31:11,com.localiza.meoo.app,pt,br,google_play
50856b67-8688-45d9-b983-b6e44a752f32,Iago Gomes,3,"não consigo visualizar os serviços que tenho agendado, sempre necessito acionar o suporte por whatsapp para fazer qualquer alteração",0,3.16.2,2025-04-24 07:54:00,"Olá, tudo bem? Estamos realizando melhorias e ajustes nos nossos processos para que possamos entregar uma melhor experiência. Caso precise de ajuda ou queira registrar reclamações ou sugestão. Fique à vontade para entrar em contato conosco pelo e-mail sucessoclientemeoo@localiza.com Equipe Localiza Meoo 💚",2025-07-07 11:30:03,com.localiza.meoo.app,pt,br,google_play
39bf6eca-e57f-4552-aca4-d5916fc18114,Debora Diaz,1,"App não funciona, apresenta erros con frequência, empresa é omissa e infiel com os clientes. LOCALIZA É PÉSSIMA",0,3.16.2,2025-04-23 19:46:46,"Olá, tudo bem? Estamos realizando melhorias e ajustes nos nossos processos para que possamos entregar uma melhor experiência. Caso precise de ajuda ou queira registrar reclamações ou sugestão. Fique à vontade para entrar em contato conosco pelo e-mail sucessoclientemeoo@localiza.com Equipe Localiza Meoo 💚",2025-07-07 11:27:09,com.localiza.meoo.app,pt,br,google_play
2823a335-15f6-4ea2-a550-74aff179c22d,Pr. Fábio Simões,5,melhor custo benefício,0,3.16.2,2025-04-23 18:10:59,"Olá, tudo bem? Ficamos muito felizes em saber que tem gostado da sua experiência conosco! Para o que precisar, conte com a gente! Equipe Localiza Meoo 💚",2025-07-07 11:25:55,com.localiza.meoo.app,pt,br,google_play
01e50acd-9a11-48da-845e-9dde7f139483,Alexandre Pimenta,5,tem todos os serviços que preciso e é de fácil utilização,1,3.16.2,2025-04-22 15:31:14,"Olá, tudo bem? Ficamos muito felizes em saber que tem gostado da sua experiência conosco! Para o que precisar, conte com a gente! Equipe Localiza Meoo 💚",2025-07-07 11:24:35,com.localiza.meoo.app,pt,br,google_play
77005c2e-d442-400b-8793-919c5ac70974,Roberto Junior,5,"Olá. O app está cada vez melhor. Quero sugerir que quando tiver boletos a vencer, fique em verde. Boletos próximos a vencer, coloca um pontinho amarelo e vencido um ponto vermelho, com um link para renegociar, se for o caso. Quero sugerir que disponibilizem no app um link para alugar veiculos da localiza como clientes Meoo, com desconto. Outra sugestão é colocar a disposição do cliente dentro do app, Km's extras para comprar e pagar antecipadamente.",7,3.15.0,2025-04-17 17:33:07,"Olá, tudo bem? Estamos realizando melhorias e ajustes nos nossos processos para que possamos entregar uma melhor experiência. Caso precise de ajuda ou queira registrar reclamações ou sugestão. Fique à vontade para entrar em contato conosco pelo e-mail sucessoclientemeoo@localiza.com Equipe Localiza Meoo 💚",2025-07-07 11:23:33,com.localiza.meoo.app,pt,br,google_play
2a79612d-097d-4c91-aecf-413c22a5beef,Ronaldo Dalton,5,espetacular,0,3.15.0,2025-04-15 07:27:02,"Olá, tudo bem? Ficamos muito felizes em saber que tem gostado da sua experiência conosco! Para o que precisar, conte com a gente! Equipe Localiza Meoo 💚

",2025-07-07 11:21:08,com.localiza.meoo.app,pt,br,google_play
e7f9bfbd-7faf-4bc4-9994-b19e92eae876,Clesio Mendes Planejador Financeiro,5,Estou muito satisfeito até o momento,0,3.15.0,2025-04-12 17:28:12,"Olá, tudo bem? Ficamos muito felizes em saber que tem gostado da sua experiência conosco! Para o que precisar, conte com a gente! Equipe Localiza Meoo 💚

",2025-07-07 11:19:04,com.localiza.meoo.app,pt,br,google_play
42ff117f-3dec-452f-9714-d4e59a1809b6,Adilson Dida,5,"É muito fácil navegar no APP Localiza MEOO. O Assinante consegue navegar confortavelmente pois todas as informações estão nele, tornando o seu dia mais fácil...",2,3.15.0,2025-04-12 08:00:58,"Olá, tudo bem? Ficamos muito felizes em saber que tem gostado da sua experiência conosco! Para o que precisar, conte com a gente! Equipe Localiza Meoo 💚

",2025-07-07 11:14:00,com.localiza.meoo.app,pt,br,google_play
b2ab823d-5d12-46dc-980f-b426b03cc6d5,Regis Betini,1,"Pessimo atendimento via WhatsApp, não respondem e-mail, data da primeira parcela impositiva, não consultam o cliente no momento de fechar o contrato perguntando qual melhor data para o pagamento da primeira parcela, INDEPENDENTE de que dia entreguem o carro, a data é essa e dana-se. App desatualizado, informações totalmente desencontradas. Não recomendo",2,3.15.0,2025-04-04 11:13:30,"Olá, tudo bem? Estamos realizando melhorias e ajustes nos nossos processos para que possamos entregar uma melhor experiência. Caso precise de ajuda ou queira registrar reclamações ou sugestão. Fique à vontade para entrar em contato conosco pelo e-mail sucessoclientemeoo@localiza.com Equipe Localiza Meoo 💚",2025-07-07 11:12:25,com.localiza.meoo.app,pt,br,google_play
654e692d-62f8-452e-b386-eb73a73406f2,Vanessa Gisele Novelli,5,muito prático,0,3.15.0,2025-04-02 00:44:45,"Olá, tudo bem? Ficamos muito felizes em saber que tem gostado da sua experiência conosco! Para o que precisar, conte com a gente! Equipe Localiza Meoo 💚",2025-07-07 11:10:26,com.localiza.meoo.app,pt,br,google_play
073ff6e5-d1fa-4375-bf70-ba812c19b731,Carolina Andrade,2,Não consigo atualizar o aplicativo antes de avaliar,0,3.8.0,2025-03-31 08:36:29,"Olá, tudo bem? Estamos realizando melhorias e ajustes nos nossos processos para que possamos entregar uma melhor experiência. Caso precise de ajuda ou queira registrar reclamações ou sugestão. Fique à vontade para entrar em contato conosco pelo e-mail sucessoclientemeoo@localiza.com? Equipe Localiza Meoo 💚",2025-07-07 11:09:00,com.localiza.meoo.app,pt,br,google_play
cf270a5c-f0e2-47c9-8f88-cddb1d7874f8,Welber Dourado de sousa,5,sensacional,0,,2025-03-27 22:06:40,"Olá, tudo bem? Ficamos muito felizes em saber que tem gostado da sua experiência conosco! Para o que precisar, conte com a gente! Equipe Localiza Meoo 💚",2025-07-07 11:06:32,com.localiza.meoo.app,pt,br,google_play
b618d7ea-e3b3-4795-9b26-ad95b13c01c1,Leandro Cerqueira,5,ótima experiência!,0,3.15.0,2025-03-26 19:06:15,"Olá, tudo bem? Ficamos muito felizes em saber que tem gostado da sua experiência conosco! Para o que precisar, conte com a gente! Equipe Localiza Meoo 💚

",2025-07-07 11:04:13,com.localiza.meoo.app,pt,br,google_play
caf99d78-8b23-4c87-ae35-d101b4d8a894,João Mazzo,5,excelente App,0,3.15.0,2025-03-24 07:56:02,"Olá, tudo bem? Ficamos muito felizes em saber que tem gostado da sua experiência conosco! Para o que precisar, conte com a gente! Equipe Localiza Meoo 💚

",2025-07-07 10:58:38,com.localiza.meoo.app,pt,br,google_play
5159b113-447d-4493-95cd-d8681bf6240f,valter Braga,5,muito bom,0,3.14.0,2025-03-22 07:35:36,"Olá, tudo bem? Ficamos muito felizes em saber que tem gostado da sua experiência conosco! Para o que precisar, conte com a gente! Equipe Localiza Meoo 💚

",2025-07-07 10:57:12,com.localiza.meoo.app,pt,br,google_play
c2c06321-b9b0-4c7a-858e-56d462a1a3fb,Dusk Model Brasil,5,melhor opção de assinatura de veículo LocalizaMeoo 💚💚💚💚💚💚,0,3.13.2,2025-03-20 15:22:32,"Olá, tudo bem? Ficamos muito felizes em saber que tem gostado da sua experiência conosco! Para o que precisar, conte com a gente! Equipe Localiza Meoo 💚

",2025-07-07 10:56:08,com.localiza.meoo.app,pt,br,google_play
0adce8cb-e31c-4a2e-942e-ea2fc65deab4,felipe Duarte,1,app mal feito e travado,0,3.13.2,2025-03-20 10:37:14,"Olá, tudo bem? Estamos realizando melhorias e ajustes nos nossos processos para que possamos entregar uma melhor experiência. Caso precise de ajuda ou queira registrar reclamações ou sugestão. Fique à vontade para entrar em contato conosco pelo e-mail sucessoclientemeoo@localiza.com? Equipe Localiza Meoo 💚",2025-07-07 10:54:56,com.localiza.meoo.app,pt,br,google_play
806ddab4-28c0-462f-af8e-934e96d86ee1,Neilson gomes,5,ótimo aplicativo,0,3.13.2,2025-03-20 09:42:21,"Olá, tudo bem? Ficamos muito felizes em saber que tem gostado da sua experiência conosco! Para o que precisar, conte com a gente! Equipe Localiza Meoo 💚",2025-07-07 10:53:19,com.localiza.meoo.app,pt,br,google_play
12fa8095-4be6-4950-b832-c55419246b68,Carlos Alberto,5,"Nota 10 em tudo, sempre sou muito bem atendido pela localiza meoo, pontualidade, agilidade,e profissionalismo",0,,2025-03-18 20:12:53,"Olá, tudo bem? Ficamos muito felizes em saber que tem gostado da sua experiência conosco! Para o que precisar, conte com a gente! Equipe Localiza Meoo 💚",2025-07-07 10:50:28,com.localiza.meoo.app,pt,br,google_play
e9fe7a1c-5ff8-4db1-ba47-21b16940348d,Luiz Magalhaes,5,Explicação plena e intuitivo.,0,3.13.2,2025-03-12 13:47:51,"Olá, tudo bem? Ficamos muito felizes em saber que tem gostado da sua experiência conosco! Para o que precisar, conte com a gente! Equipe Localiza Meoo 💚",2025-07-07 10:50:13,com.localiza.meoo.app,pt,br,google_play
631a194a-f3ba-45b1-bfa1-4b13d5a88209,Giovanni Rezende,5,facilidades recursos,0,3.12.0,2025-03-05 13:37:18,"Olá, tudo bem? Ficamos muito felizes em saber que tem gostado da sua experiência conosco! Para o que precisar, conte com a gente! Equipe Localiza Meoo 💚


",2025-03-10 08:19:04,com.localiza.meoo.app,pt,br,google_play
cf464acc-f85b-4797-b172-3fbbcd472027,Rafael Yoneta Monte,1,empresa cobra taxas que não fazem parte do contrato. nunca mais alugo carro nem assino com a localiza.,0,,2025-03-05 10:30:00,"Olá, tudo bem? Gostaríamos de conversar com você para ajudá-lo, poderia entrar em contato conosco pelo e-mail sucessoclientemeoo@localiza.com? Equipe Localiza Meoo 💚",2025-03-05 15:21:22,com.localiza.meoo.app,pt,br,google_play
4a4fdd8d-ce4e-43c1-9c95-1a7a082a69a7,Dulce Cristiane Ferreira Silva Barbosa,5,Maravilhoso o atendimento descomplicado,0,3.13.2,2025-03-01 10:30:59,"Olá, tudo bem? Ficamos muito felizes em saber que tem gostado da sua experiência conosco! Para o que precisar, conte com a gente! Equipe Localiza Meoo 💚",2025-03-05 15:19:36,com.localiza.meoo.app,pt,br,google_play
f97d8ead-5391-4213-81c5-94e5a3e8302e,Pedro Paulo Rocha,5,Boa,0,3.13.1,2025-02-27 20:20:35,"Olá, tudo bem? Ficamos muito felizes em saber que tem gostado da sua experiência conosco! Para o que precisar, conte com a gente! Equipe Localiza Meoo 💚",2025-03-05 15:18:17,com.localiza.meoo.app,pt,br,google_play
02d20999-cd9b-48ed-a6c1-7b062a3e8209,Nelson Damasceno,5,Bom aplicativo,0,3.13.0,2025-02-27 20:20:22,"Olá, tudo bem? Ficamos muito felizes em saber que tem gostado da sua experiência conosco! Para o que precisar, conte com a gente! Equipe Localiza Meoo 💚",2025-03-05 15:17:04,com.localiza.meoo.app,pt,br,google_play
7687086d-5973-4c87-9845-77905a4a8700,Michelle Aparecida Arranjo,5,"Faz 3 meses que estou com carro, sem burocracia, rapidez e agilidade no atendimento, entrega do carro foi tudo certinho.",1,3.13.0,2025-02-26 11:23:06,"Olá, tudo bem? Ficamos muito felizes em saber que tem gostado da sua experiência conosco! Para o que precisar, conte com a gente! Equipe Localiza Meoo 💚",2025-03-05 15:15:58,com.localiza.meoo.app,pt,br,google_play
3df0a62c-cb1b-4bd0-aa24-766a02eef578,Flavio Coelho,5,"Fui muito bem atendido pelo funcionário Marcos da loja do FashionMall Rio de janeiro, ele me passou todas as informações do carro de maneira rápida e eficiente! Agradeço muito pela enorme atenção, recomendo!! A loja também é muito boa, tem café e água e ar-condicionado muito bom!!",3,3.13.1,2025-02-25 18:17:58,"Olá, tudo bem? Ficamos muito felizes em saber que tem gostado da sua experiência conosco! Para o que precisar, conte com a gente! Equipe Localiza Meoo 💚",2025-02-26 07:33:16,com.localiza.meoo.app,pt,br,google_play
df71e654-0316-4d40-a5d1-2a628a537d97,Aurea Telma Marca,5,"Amei, tudo perfeito, desde atendimento a entrega do carro.",2,3.13.0,2025-02-20 15:20:25,"Olá, tudo bem? Ficamos muito felizes em saber que tem gostado da sua experiência conosco! Para o que precisar, conte com a gente! Equipe Localiza Meoo 💚",2025-02-24 07:42:28,com.localiza.meoo.app,pt,br,google_play
ad0f9fdd-f5b2-416b-b6c7-5fe550d0c58b,Edson Doria,5,Tudo resolvido de forma rápida e eficiente.,0,3.10.1,2025-02-20 09:23:56,"Olá, tudo bem? Ficamos muito felizes em saber que tem gostado da sua experiência conosco! Para o que precisar, conte com a gente! Equipe Localiza Meoo 💚",2025-02-24 07:40:07,com.localiza.meoo.app,pt,br,google_play
14ac083c-1264-40dd-ae2c-707703a9ccf8,Pedro Daniel Ortega Ortega,5,Bom,0,,2025-02-19 19:24:42,"Olá, tudo bem? Ficamos muito felizes em saber que tem gostado da sua experiência conosco! Para o que precisar, conte com a gente! Equipe Localiza Meoo 💚",2025-02-24 07:38:28,com.localiza.meoo.app,pt,br,google_play
9b9bfbc7-4192-4cc7-8158-baf1e70f5014,Marcelo Felicio,1,"O app apresenta problemas que faz com que seja melhor recorrer pelo wpp do que pelo próprio app, na aba de manutenção do carro não consigo agendar porque por algum bug você não consegue selecionar nenhuma cidade, todas fica cinza na seleção",1,3.11.1,2025-02-17 14:23:49,"
Olá, tudo bem? Gostaríamos de conversar com você para ajudá-lo, poderia entrar em contato conosco pelo e-mail sucessoclientemeoo@localiza.com? Equipe Localiza Meoo 💚
",2025-02-24 07:37:08,com.localiza.meoo.app,pt,br,google_play
5935b13e-f32d-48d2-bd74-3a31d1b0733e,Auremir Medeiros,5,Atendimento VIP. Excelente atendimento. Satisfação completa,0,3.10.1,2025-02-06 16:41:10,"Olá, tudo bem? Ficamos muito felizes em saber que tem gostado da sua experiência conosco! Para o que precisar, conte com a gente! Equipe Localiza Meoo 💚",2025-02-10 07:30:36,com.localiza.meoo.app,pt,br,google_play
817aaf69-c6a1-4692-80c8-cb7ea8b8bf4c,Mario Marcelo Barroso,5,Simples e rápido!,0,3.9.1,2025-02-05 11:12:40,"Olá, tudo bem? Ficamos muito felizes em saber que tem gostado da sua experiência conosco! Para o que precisar, conte com a gente! Equipe Localiza Meoo 💚",2025-02-10 07:29:07,com.localiza.meoo.app,pt,br,google_play
89e1b826-b7e8-4c73-88a1-be2d89b47c7b,Ivonildo Santos,5,Top demais,0,3.10.1,2025-02-04 16:27:38,"Olá, tudo bem? Ficamos muito felizes em saber que tem gostado da sua experiência conosco! Para o que precisar, conte com a gente! Equipe Localiza Meoo 💚",2025-02-10 07:28:04,com.localiza.meoo.app,pt,br,google_play
72753ba9-4c90-4d8c-b479-fa9935447dbd,Hélida Garbazza,5,Atendimento mais ágil e app de fácil entendimento,1,3.8.0,2025-02-03 11:37:22,"Olá, tudo bem? Ficamos muito felizes em saber que tem gostado da sua experiência conosco! Para o que precisar, conte com a gente! Equipe Localiza Meoo 💚",2025-02-10 07:26:55,com.localiza.meoo.app,pt,br,google_play
6e99e216-61b0-4c04-b518-09f93981e15f,Sergio Camelo,5,"experiência bastante gratificante, vale o valor investido",0,3.9.1,2025-02-01 10:48:50,"Olá, tudo bem? Ficamos muito felizes em saber que tem gostado da sua experiência conosco! Para o que precisar, conte com a gente! Equipe Localiza Meoo 💚",2025-02-03 07:31:41,com.localiza.meoo.app,pt,br,google_play
eadec94e-7008-448c-8620-50704bafa96a,Bruno Giovanni,5,Acesso restabelecido. Agora consigo gerenciar minha conta normalmente :),0,,2025-01-31 18:59:01,"Olá, tudo bem? Gostaríamos de conversar com você para ajudá-lo, poderia entrar em contato conosco pelo e-mail sucessoclientemeoo@localiza.com? Equipe Localiza Meoo 💚",2025-01-06 07:40:14,com.localiza.meoo.app,pt,br,google_play
590c15c2-7dc7-49f8-8d8e-75f460c083c4,Enio Zyman,5,"Tudo OK , funcionando de acordo",0,3.9.1,2025-01-27 23:02:05,"Olá, tudo bem? Ficamos muito felizes em saber que tem gostado da sua experiência conosco! Para o que precisar, conte com a gente! Equipe Localiza Meoo 💚",2025-01-29 07:32:33,com.localiza.meoo.app,pt,br,google_play
67dc4c54-737e-4a43-a924-3e6d038cba3d,lucas santos,5,Excelente,0,3.8.0,2025-01-27 15:11:19,"Olá, tudo bem? Ficamos muito felizes em saber que tem gostado da sua experiência conosco! Para o que precisar, conte com a gente! Equipe Localiza Meoo 💚",2025-01-29 07:31:25,com.localiza.meoo.app,pt,br,google_play
1930d4f5-ae45-48d7-a3c2-9183ec933bf0,Adriano Santos,5,Muito Bom,0,,2025-01-17 07:21:23,"Olá, tudo bem? Ficamos muito felizes em saber que tem gostado da sua experiência conosco! Para o que precisar, conte com a gente! Equipe Localiza Meoo 💚",2025-01-20 07:24:20,com.localiza.meoo.app,pt,br,google_play
c8621c1a-77b2-4ed1-9f52-e13c3182dd55,Ruan Carlos Nascimento,5,"Fácil de usar e de tirar duvidas, o processo flui na tranquilidade e a equipe está sempres a disposição",0,3.8.0,2025-01-14 09:30:08,"Olá, tudo bem? Ficamos muito felizes em saber que tem gostado da sua experiência conosco! Para o que precisar, conte com a gente! Equipe Localiza Meoo 💚

",2025-01-15 07:32:13,com.localiza.meoo.app,pt,br,google_play
6de9d8d2-2318-4b33-b145-0fbd4f29144a,Nat Conde,1,"Não abre, não funciona. Já reinstalei, não tem nenhuma atualização disponível.... simplesmente não funciona",0,3.8.0,2025-01-13 18:49:34,"Olá, tudo bem? Gostaríamos de conversar com você para ajudá-lo, poderia entrar em contato conosco pelo e-mail sucessoclientemeoo@localiza.com? Equipe Localiza Meoo 💚",2025-01-15 07:30:56,com.localiza.meoo.app,pt,br,google_play
6aa9d512-3790-41cf-b6a5-b0b3039037e2,Fred Lanziotti,1,"Pra começar, não indico esse programa pra aluguel de carro. Sobre o app, não tem nem como ver o extrato da sua conta.. fazem de tudo pra que as informações sejam razas e superficiais, mas nunca detalhadas. O atendimento via WhatsApp é robótico e demorado, via telefone então nem se fala.",1,3.8.0,2025-01-13 08:59:45,"Olá, tudo bem? Gostaríamos de conversar com você para ajudá-lo, poderia entrar em contato conosco pelo e-mail sucessoclientemeoo@localiza.com? Equipe Localiza Meoo 💚",2025-01-15 07:28:46,com.localiza.meoo.app,pt,br,google_play
d4b59e96-96b3-45bb-9422-b2acd880e018,pamella moreno,4,Está com erro não esta logando,0,,2025-01-13 08:28:00,"Olá, tudo bem? Gostaríamos de conversar com você para ajudá-lo, poderia entrar em contato conosco pelo e-mail sucessoclientemeoo@localiza.com? Equipe Localiza Meoo 💚",2025-01-15 07:25:59,com.localiza.meoo.app,pt,br,google_play
bf62f372-1f0e-4257-952f-7f4b4986fca0,Julio Cesar Debatin,5,Fácil de utilizar.,0,3.8.0,2025-01-12 16:57:37,"Olá, tudo bem? Ficamos muito felizes em saber que tem gostado da sua experiência conosco! Para o que precisar, conte com a gente! Equipe Localiza Meoo 💚",2025-01-13 07:28:08,com.localiza.meoo.app,pt,br,google_play
602cbfec-efc3-4082-a986-5614a2834cf6,leanderson w,5,ótimo,0,3.8.0,2025-01-08 22:23:33,"Olá, tudo bem? Ficamos muito felizes em saber que tem gostado da sua experiência conosco! Para o que precisar, conte com a gente! Equipe Localiza Meoo 💚",2025-01-13 07:25:36,com.localiza.meoo.app,pt,br,google_play
581a616b-7722-4ef9-82f8-d9fa00f23685,Diego Rhennier,5,Resolvo tudo no app,0,3.8.0,2025-01-07 17:48:21,"Olá, tudo bem? Ficamos muito felizes em saber que tem gostado da sua experiência conosco! Para o que precisar, conte com a gente! Equipe Localiza Meoo 💚",2025-01-08 12:21:05,com.localiza.meoo.app,pt,br,google_play
db4cfb55-2eac-4db2-91c2-16c1cceec8d3,pedro paulo Magina,4,"Era só o que faltava, um aplicativo EXCELENTE no nível do produto. Recomendo.",0,3.8.0,2025-01-07 13:20:05,"Olá, tudo bem? Ficamos muito felizes em saber que tem gostado da sua experiência conosco! Para o que precisar, conte com a gente! Equipe Localiza Meoo 💚",2025-01-08 12:19:46,com.localiza.meoo.app,pt,br,google_play
433fac96-af9e-4f75-af36-0cb286363edb,Jack Anjinho,1,"Não consigo acessar e o suporte não consegue ajudar, como faço, precisamos do aplicativo.",0,,2025-01-07 07:40:27,"Olá, tudo bem? Gostaríamos de conversar com você para ajudá-lo, poderia entrar em contato conosco pelo e-mail sucessoclientemeoo@localiza.com? Equipe Localiza Meoo 💚",2025-01-08 12:18:09,com.localiza.meoo.app,pt,br,google_play
734f197b-eec8-4c71-bffd-e95fbaaaebae,Luiz Eduardo,4,"fiz o download dele hoje e não consegui usar ainda, está só fora de serviço. Fiz o cadastro mas no login só diz: Opa! Algo deu errado por aqui, mas já vamos corrigir o problema. Você pode tentar novamente mais tarde? fica nisso desde a madrugada. PS: Problema resolvido, antes de fazer assinatura vc não consegue acessar o app. Pessoal do atendimento restou minha conta e pediram pra mim esperar uns 2 dias pra tentar ligar.... enfim. está tudo ok",1,3.8.0,2025-01-06 07:36:17,"Olá, tudo bem? Gostaríamos de conversar com você para ajudá-lo, poderia entrar em contato conosco pelo e-mail sucessoclientemeoo@localiza.com? Equipe Localiza Meoo 💚",2025-01-06 07:31:50,com.localiza.meoo.app,pt,br,google_play
dbeaf194-3c6e-49c1-b5f1-039268a0f201,Renato Raimondi Guiguer,1,Não esta abrindo,0,3.8.0,2025-01-03 16:10:48,"Olá, tudo bem? Gostaríamos de conversar com você para ajudá-lo, poderia entrar em contato conosco pelo e-mail sucessoclientemeoo@localiza.com? Equipe Localiza Meoo 💚",2025-01-06 07:52:21,com.localiza.meoo.app,pt,br,google_play
e6eba281-3b7d-43a3-9647-f7d43981d1c5,marcio augusto mateus malato malato,2,"Não consigo acessar o APP, sempre da erro, preciso efetuar a atualização de cartão de crédito, acompanhar a assinatura etc. apenas da a mensagem para tentar novamente.",0,3.8.0,2025-01-03 06:02:48,"Olá, tudo bem? Gostaríamos de conversar com você para ajudá-lo, poderia entrar em contato conosco pelo e-mail sucessoclientemeoo@localiza.com? Equipe Localiza Meoo 💚",2025-01-06 07:50:32,com.localiza.meoo.app,pt,br,google_play
95dad5aa-859a-4c64-90c3-2302b36966be,Raimundo Nonato de Freitas,5,"Aplicativo a presentando muita falha,por tenta corrigir a falha",1,3.8.0,2025-01-01 20:08:27,"Olá, tudo bem? Ficamos muito felizes em saber que tem gostado da sua experiência conosco! Caso tenha alguma sugestão, fique a vontade para entrar em contato com a gente. Equipe Localiza Meoo 💚",2024-05-13 08:35:11,com.localiza.meoo.app,pt,br,google_play
e77228c4-0f3a-4936-aafc-82139ca92b9e,Leonardo S. Araújo,1,"Se puderem escolher outra empresa para contratar um serviço por assinatura, façam isso. A Meoo, tem um único objetivo, transformar a vida do cliente num inferno. Ela leva você ao limite, não dá nenhum tipo de compensação. A equipe de sucesso do cliente, liga pede desculpas e vida que segue. É pior empresa para ser estar preso por um contrato, sua vida vai ser um inferno.",1,2.15.4,2024-12-31 09:23:57,"Olá, tudo bem? Gostaríamos de conversar com você para ajudá-lo, poderia entrar em contato conosco pelo e-mail sucessoclientemeoo@localiza.com? Equipe Localiza Meoo 💚",2025-01-06 07:48:14,com.localiza.meoo.app,pt,br,google_play
7e4d3756-f441-4114-8c1d-ce55d3158077,Rose Duschek,5,Fácil e rapido,0,3.8.0,2024-12-30 11:09:32,"Olá, tudo bem? Ficamos muito felizes em saber que tem gostado da sua experiência conosco! Para o que precisar, conte com a gente! Equipe Localiza Meoo 💚",2025-01-06 07:45:00,com.localiza.meoo.app,pt,br,google_play
c03003af-1724-4dfa-af91-0ebdf02d1502,danilo rocatto,1,"Estou há dias tentando logar no meu app e não consigo! Ele direciona para a página da internet, qdo coloco o login ele da erro e diz pra eu baixa o app, sendo que já tenho baixado e estou tentando logar pelo app. Não existe um ninguém pra dar suporte",0,3.8.0,2024-12-30 10:33:55,"Olá, tudo bem? Gostaríamos de conversar com você para ajudá-lo, poderia entrar em contato conosco pelo e-mail sucessoclientemeoo@localiza.com? Equipe Localiza Meoo 💚",2025-01-06 07:43:33,com.localiza.meoo.app,pt,br,google_play
d3c19633-6a5c-44fe-ac40-bc60c3bbd9a5,Melquisedeque Nascimento,1,Após última atualização o app não abre,0,3.7.1,2024-12-23 00:27:37,"Olá, tudo bem? Gostaríamos de conversar com você para ajudá-lo, poderia entrar em contato conosco pelo e-mail sucessoclientemeoo@localiza.com? Equipe Localiza Meoo 💚",2025-01-06 07:41:47,com.localiza.meoo.app,pt,br,google_play
3148c311-c0a8-4e21-8814-720230ab988d,Andreia Rodrigues,1,"App não abre, sempre em manutenção.",1,3.7.1,2024-12-20 16:01:02,"Olá, tudo bem? Gostaríamos de conversar com você para ajudá-lo, poderia entrar em contato conosco pelo e-mail sucessoclientemeoo@localiza.com? Equipe Localiza Meoo 💚",2025-01-06 07:35:01,com.localiza.meoo.app,pt,br,google_play
e883abf2-7329-45ed-b568-1cc0810d2e19,Romulo Leonardo,5,Atendimento rápido e fácil. Sem burocracia.,0,3.7.1,2024-12-17 12:24:29,"Olá, tudo bem? Ficamos muito felizes em saber que tem gostado da sua experiência conosco! Para o que precisar, conte com a gente! Equipe Localiza Meoo 💚",2025-01-06 07:32:54,com.localiza.meoo.app,pt,br,google_play
3e855b8a-880e-4561-a579-9dcabc9c8139,José Roberto Gorski,1,Fazem dois dias que não consigo entrar no app.... O que está acontecendo??,2,,2024-12-15 13:26:47,"Olá, tudo bem? Gostaríamos de conversar com você para ajudá-lo, poderia entrar em contato conosco pelo e-mail sucessoclientemeoo@localiza.com? Equipe Localiza Meoo 💚",2025-01-02 09:12:10,com.localiza.meoo.app,pt,br,google_play
8d51fd3c-9ffb-4f89-80f9-0cd879abc0e1,Walmyra de Araújo Alexandre,1,"O aplicativo já foi bom, infelizmente agora ao tentar abrir não há nenhuma interação somente uma propaganda de uma operadora de cartões que não fecha, cobre o que poderia ser a interface do aplicativo. Horrível esse tipo de problema. Equipe amadora.",2,3.7.1,2024-12-13 10:17:38,"Olá, tudo bem? Gostaríamos de conversar com você para ajudá-lo, poderia entrar em contato conosco pelo e-mail sucessoclientemeoo@localiza.com? Equipe Localiza Meoo 💚",2025-01-02 09:10:56,com.localiza.meoo.app,pt,br,google_play
1895f450-824a-4197-8d1c-44068cff786d,Kleiton Vieira,5,Tenho o carro da localiza meoo há pouco mais de 8 meses. A experiência está sendo muito satisfatória.,4,3.6.0,2024-12-12 11:55:03,"Olá, tudo bem? Ficamos muito felizes em saber que tem gostado da sua experiência conosco! Para o que precisar, conte com a gente! Equipe Localiza Meoo 💚",2025-01-02 09:09:28,com.localiza.meoo.app,pt,br,google_play
a163eccd-62a6-49c2-93c1-e3c104a6a822,Eduardo Carvalho,5,"Fácil, rápido e resolutivo.",0,3.6.0,2024-12-11 09:26:55,"Olá, tudo bem? Ficamos muito felizes em saber que tem gostado da sua experiência conosco! Para o que precisar, conte com a gente! Equipe Localiza Meoo 💚",2025-01-02 08:52:09,com.localiza.meoo.app,pt,br,google_play
c0f2a29b-4410-4673-b0b3-576e06ee03de,Felipe Travaglini,1,"Infelizmente não consigo mais acessar o aplicativo nos meus dispositivos Android 12 e 14. Ambos com mesmo erro de login. - Opa! Algo deu errado por aqui.....TENTAR MAIS TARDE. Mas MAIS TARDE nunca funciona. Péssimo, pois além de tudo, o site já não tem mais funcionalidades de serviço.",3,3.6.0,2024-12-10 17:32:03,"Olá, tudo bem? Gostaríamos de conversar com você para ajudá-lo, poderia entrar em contato conosco pelo e-mail sucessoclientemeoo@localiza.com? Equipe Localiza Meoo 💚",2024-12-11 07:16:24,com.localiza.meoo.app,pt,br,google_play
58bbca5c-caf6-44a0-a814-777c0f454fab,Diego Mesquita,2,"2 ⭐⭐ o opção agendamento de serviços, não funciona, depois das últimas atualizações, digito o nome da cidade, mais o app não deixa selecionar, clico várias vezes e nao aceita selecionar, não consigo agendar nada pelo aplicativo. Todas vez falo com o atendente, agora tive reclamar aqui, daqui a pouco no consumidor.gov.br.... Está difícil, to precisando agendar e não é possível!",8,3.6.0,2024-12-01 10:53:23,"Olá, tudo bem? Gostaríamos de conversar com você para ajudá-lo, poderia entrar em contato conosco pelo e-mail sucessoclientemeoo@localiza.com? Equipe Localiza Meoo 💚",2024-12-02 07:41:36,com.localiza.meoo.app,pt,br,google_play
9fede909-cb78-4fd6-9dca-cccb75037abe,Luiz Ricardo Mantovani da Silva,5,Parabéns aos desenvolvedores,0,3.5.1,2024-11-29 10:50:40,"Olá, tudo bem? Ficamos muito felizes em saber que tem gostado da sua experiência conosco! Para o que precisar, conte com a gente! Equipe Localiza Meoo 💚",2024-12-02 07:36:13,com.localiza.meoo.app,pt,br,google_play
4484ebf5-b8b5-4b95-8284-847fb7ae89a6,Johann Ofenbock,5,Muito bem colocado.,0,3.5.1,2024-11-26 16:36:21,"Olá, tudo bem? Ficamos muito felizes em saber que tem gostado da sua experiência conosco! Para o que precisar, conte com a gente! Equipe Localiza Meoo 💚",2024-12-02 07:34:35,com.localiza.meoo.app,pt,br,google_play
fbed25e1-4c33-4dd8-ae82-35d4ee02c146,REVENDA MAINA,5,App muito bom,0,3.5.1,2024-11-25 08:49:16,"Olá, tudo bem? Ficamos muito felizes em saber que tem gostado da sua experiência conosco! Para o que precisar, conte com a gente! Equipe Localiza Meoo 💚",2024-12-02 07:33:21,com.localiza.meoo.app,pt,br,google_play
31732024-a775-48cc-b50f-463d201c9b90,Nelson Augusto da Costa,5,top top,0,3.5.0,2024-11-18 09:30:55,"Olá, tudo bem? Ficamos muito felizes em saber que tem gostado da sua experiência conosco! Para o que precisar, conte com a gente! Equipe Localiza Meoo 💚",2024-12-02 07:32:16,com.localiza.meoo.app,pt,br,google_play
20b69ab5-e539-43f4-8c9b-6b437d2fa8b2,João David Dias Palhares,5,Legal,0,3.4.0,2024-11-14 13:00:28,"Olá, tudo bem? Ficamos muito felizes em saber que tem gostado da sua experiência conosco! Para o que precisar, conte com a gente! Equipe Localiza Meoo 💚",2024-12-02 07:31:11,com.localiza.meoo.app,pt,br,google_play
3b308eca-8406-4ff9-b5d2-d5dd118c830f,Guilherme Sampaio (Guilherme Sampaio),5,"aplicativo intuitivo e com todas às informações que eu preciso sobre o veículo alugado, é um diferencial dentre os concorrentes",2,3.5.0,2024-11-13 05:42:57,"Olá, tudo bem? Ficamos muito felizes em saber que tem gostado da sua experiência conosco! Para o que precisar, conte com a gente! Equipe Localiza Meoo 💚",2024-11-13 07:44:09,com.localiza.meoo.app,pt,br,google_play
a8550ab2-2f0a-4d35-89cc-707e4753128e,Daniel Faria Patire,5,O app ajuda muito com os principais dados para poder gerenciar o contrato e o carro,1,3.4.0,2024-11-12 18:54:40,"Olá, tudo bem? Ficamos muito felizes em saber que tem gostado da sua experiência conosco! Para o que precisar, conte com a gente! Equipe Localiza Meoo 💚",2024-11-13 07:42:21,com.localiza.meoo.app,pt,br,google_play
de4bbc88-1093-489b-a3ed-0311dc7e9afb,Gabriel Silva,1,"Quando não está em manutenção, está desatualizado",0,3.3.1,2024-11-08 17:52:49,"Olá, tudo bem? Gostaríamos de conversar com você para ajudá-lo, poderia entrar em contato conosco pelo e-mail sucessoclientemeoo@localiza.com? Equipe Localiza Meoo 💚",2024-11-11 07:27:54,com.localiza.meoo.app,pt,br,google_play
0301ca86-da32-443c-ace6-168c15995518,Amarildo Alves,5,Otima,0,3.0.2,2024-11-08 14:55:16,"Olá, tudo bem? Ficamos muito felizes em saber que tem gostado da sua experiência conosco! Para o que precisar, conte com a gente! Equipe Localiza Meoo 💚",2024-11-11 07:25:54,com.localiza.meoo.app,pt,br,google_play
bb5485d7-3926-4af6-8a4f-22396e18480c,Silvio Cesar Lopes,5,excelente,0,3.4.0,2024-10-31 08:51:59,"Olá, tudo bem? Ficamos muito felizes em saber que tem gostado da sua experiência conosco! Para o que precisar, conte com a gente! Equipe Localiza Meoo 💚",2024-11-04 07:25:12,com.localiza.meoo.app,pt,br,google_play
f80bb153-b6bc-4ee2-8492-1c765bf65489,Ericio Alvares de Azevedo Gonzaga,4,eficaz,0,3.4.0,2024-10-30 12:08:33,"Olá, tudo bem? Ficamos muito felizes em saber que tem gostado da sua experiência conosco! Para o que precisar, conte com a gente! Equipe Localiza Meoo 💚",2024-11-04 07:24:06,com.localiza.meoo.app,pt,br,google_play
f19a17dc-2bb7-4f80-be8a-2424b515fe4b,Pastor naldo Adinaldo Alves,5,ótimo,0,3.4.0,2024-10-30 07:05:19,"Olá, tudo bem? Ficamos muito felizes em saber que tem gostado da sua experiência conosco! Para o que precisar, conte com a gente! Equipe Localiza Meoo 💚",2024-10-30 07:16:52,com.localiza.meoo.app,pt,br,google_play
ec7caeb9-0ed9-4b53-924f-65c6e78c0782,reinaldo batista barros,5,"ajuda muito no meu dia a dia, esse carro da localiza",0,3.4.0,2024-10-28 13:06:37,"Olá, tudo bem? Ficamos muito felizes em saber que tem gostado da sua experiência conosco! Para o que precisar, conte com a gente! Equipe Localiza Meoo 💚",2024-10-30 07:16:42,com.localiza.meoo.app,pt,br,google_play
3aafb9b1-e4cb-4b9a-8df3-d28afe13727a,Ana Cláudia Ventura,5,eu resolvo tudo pelo app,0,3.3.1,2024-10-26 23:07:54,"Olá, tudo bem? Ficamos muito felizes em saber que tem gostado da sua experiência conosco! Para o que precisar, conte com a gente! Equipe Localiza Meoo 💚",2024-10-28 07:27:36,com.localiza.meoo.app,pt,br,google_play
ce594129-bec0-4ef8-b76b-a0bcd053473c,Evandro Rodrigues da Silva,5,Tudo muito bom,0,3.3.1,2024-10-17 18:46:56,"Olá, tudo bem? Ficamos muito felizes em saber que tem gostado da sua experiência conosco! Para o que precisar, conte com a gente! Equipe Localiza Meoo 💚",2024-10-21 07:29:44,com.localiza.meoo.app,pt,br,google_play
5a1897e9-eaaa-47b2-b3c9-12db22dc0e22,Marcelo Valieri,4,"Aplicativo muito bom, fácil, ágil, claro...",0,3.3.1,2024-10-17 08:20:14,"Olá, tudo bem? Ficamos muito felizes em saber que tem gostado da sua experiência conosco! Para o que precisar, conte com a gente! Equipe Localiza Meoo 💚",2024-10-21 07:28:02,com.localiza.meoo.app,pt,br,google_play
b7dc5734-19b9-4b6f-94ec-3dde9c23aae1,cafe cafe pirai,5,muito prático,0,3.3.1,2024-10-16 15:26:24,"Olá, tudo bem? Ficamos muito felizes em saber que tem gostado da sua experiência conosco! Para o que precisar, conte com a gente! Equipe Localiza Meoo 💚",2024-10-21 07:26:40,com.localiza.meoo.app,pt,br,google_play
85edde7e-ecdb-4cdd-adb8-d7717a00de7a,MARCOS ALUG SISTEMAS E COMPUTADORES,5,Show...tenho o controle sobre km rodado...multas...faturas...enfim.. tudo no mesmo lugar....,1,3.2.1,2024-10-16 13:04:22,"Olá, tudo bem? Ficamos muito felizes em saber que tem gostado da sua experiência conosco! Para o que precisar, conte com a gente! Equipe Localiza Meoo 💚",2024-10-21 07:25:26,com.localiza.meoo.app,pt,br,google_play
935cbc74-bda2-4833-b88e-b1c05dd670ef,Renato Beidacki,5,estou tendo uma excelente experiência com Meeo,0,3.3.1,2024-10-16 11:32:20,"Olá, tudo bem? Ficamos muito felizes em saber que tem gostado da sua experiência conosco! Para o que precisar, conte com a gente! Equipe Localiza Meoo 💚",2024-10-21 07:23:37,com.localiza.meoo.app,pt,br,google_play
5f0f93b6-2ba3-448f-bb70-6ff7a2144a54,TRASH,5,Top demais,0,3.2.1,2024-10-14 17:38:40,"Olá, tudo bem? Ficamos muito felizes em saber que tem gostado da sua experiência conosco! Para o que precisar, conte com a gente! Equipe Localiza Meoo 💚",2024-10-21 07:22:16,com.localiza.meoo.app,pt,br,google_play
b8553b77-4a1b-4a10-8e98-c90b3cfb30c9,Alberto Figueiredo,5,"excelente app , atendimento e opções de locação de veículos.",0,3.2.1,2024-10-10 15:17:26,"Olá, tudo bem? Ficamos muito felizes em saber que tem gostado da sua experiência conosco! Para o que precisar, conte com a gente! Equipe Localiza Meoo 💚",2024-10-14 07:52:12,com.localiza.meoo.app,pt,br,google_play
a27dd366-0542-4eb6-99ae-3dff243a1aff,Noemia Souza,5,top carros maravilhosos,0,3.2.1,2024-10-08 00:08:06,"Olá, tudo bem? Ficamos muito felizes em saber que tem gostado da sua experiência conosco! Para o que precisar, conte com a gente! Equipe Localiza Meoo 💚",2024-10-09 07:26:02,com.localiza.meoo.app,pt,br,google_play
beb22ce4-2bbf-4e35-a397-bffb63af9410,ROSA MARIA MONTEIRO GALDINO,5,Excelente 🌹,0,3.2.1,2024-10-03 09:37:50,"Olá, tudo bem? Ficamos muito felizes em saber que tem gostado da sua experiência conosco! Para o que precisar, conte com a gente! Equipe Localiza Meoo 💚",2024-10-07 09:03:22,com.localiza.meoo.app,pt,br,google_play
f0654cda-747d-4c79-a967-22e43a348205,Vinicius Machado,1,Nunca consigo agendar. A cidade nao é selecionada no app...,0,3.2.1,2024-10-02 17:51:08,"Olá, tudo bem? Gostaríamos de conversar com você para ajudá-lo, poderia entrar em contato conosco pelo e-mail sucessoclientemeoo@localiza.com? Equipe Localiza Meoo 💚",2024-10-07 09:01:55,com.localiza.meoo.app,pt,br,google_play
2c4fee20-91a3-4f1b-85a9-12378ec4fcdf,Leonardo Drumond,5,Excelente usabilidade.,0,3.1.1,2024-09-28 06:36:32,"Olá, tudo bem? Ficamos muito felizes em saber que tem gostado da sua experiência conosco! Para o que precisar, conte com a gente! Equipe Localiza Meoo 💚",2024-09-30 10:37:45,com.localiza.meoo.app,pt,br,google_play
6d8830aa-43d9-417c-95f4-031eb07e5227,Mauro Aguiar,5,super prático e eficiente,0,3.1.1,2024-09-27 08:20:47,"Olá, tudo bem? Ficamos muito felizes em saber que tem gostado da sua experiência conosco! Para o que precisar, conte com a gente! Equipe Localiza Meoo 💚",2024-09-30 10:36:17,com.localiza.meoo.app,pt,br,google_play
27a7dc77-e0b1-4505-b396-ae43ba1dfc5c,Carlos Alberto Borelli,5,Facilidade de uso,0,3.1.1,2024-09-26 22:17:01,"Olá, tudo bem? Ficamos muito felizes em saber que tem gostado da sua experiência conosco! Para o que precisar, conte com a gente! Equipe Localiza Meoo 💚",2024-09-30 10:34:47,com.localiza.meoo.app,pt,br,google_play
d4715fbc-fc9b-4262-99de-457cbcc3c518,paulo carneiro,5,Ótimo atendimento.,0,3.1.1,2024-09-26 12:11:36,"Olá, tudo bem? Ficamos muito felizes em saber que tem gostado da sua experiência conosco! Para o que precisar, conte com a gente! Equipe Localiza Meoo 💚",2024-09-30 10:33:31,com.localiza.meoo.app,pt,br,google_play
1c1674ff-fed7-4a46-ba53-1e1a5c83fb7f,Debora Eugenio,1,"péssimo atendimento, morosidade em solucionar problemas",0,3.1.1,2024-09-26 11:37:29,"Olá, tudo bem? Gostaríamos de conversar com você para ajudá-lo, poderia entrar em contato conosco pelo e-mail sucessoclientemeoo@localiza.com? Equipe Localiza Meoo 💚",2024-09-30 10:32:17,com.localiza.meoo.app,pt,br,google_play
f1c03ceb-b8ac-4547-b373-1f43e727f3a3,Flavio Ferreira,5,Parabéns,0,3.1.1,2024-09-25 13:05:43,"Olá, tudo bem? Ficamos muito felizes em saber que tem gostado da sua experiência conosco! Para o que precisar, conte com a gente! Equipe Localiza Meoo 💚",2024-09-30 10:30:27,com.localiza.meoo.app,pt,br,google_play
b4d0d4c5-3490-4293-8db6-e380d792d56d,Jonas Miranda,5,tooopp,0,3.1.1,2024-09-22 18:34:36,"Olá, tudo bem? Ficamos muito felizes em saber que tem gostado da sua experiência conosco! Para o que precisar, conte com a gente! Equipe Localiza Meoo 💚",2024-09-25 07:30:58,com.localiza.meoo.app,pt,br,google_play
cf39f1ec-1561-497d-bba0-04ca07e07924,Ivan Victorio,5,atendimento rápido e prestativo,1,3.1.1,2024-09-20 10:59:04,"Olá, tudo bem? Ficamos muito felizes em saber que tem gostado da sua experiência conosco! Para o que precisar, conte com a gente! Equipe Localiza Meoo 💚",2024-09-25 07:26:02,com.localiza.meoo.app,pt,br,google_play
cd7ad6ff-08c3-4418-aede-9f5481ffd9ae,Max Thunderman,5,Navegacao facil e intuitiva,0,,2024-09-19 20:44:53,"Olá, tudo bem? Ficamos muito felizes em saber que tem gostado da sua experiência conosco! Para o que precisar, conte com a gente! Equipe Localiza Meoo 💚",2024-09-25 07:25:49,com.localiza.meoo.app,pt,br,google_play
23c15348-f2c7-4e1c-8789-0fe4326521b9,Juliana Silva,5,Muito fácil e intuitiva a utilização do app!!!,2,3.1.1,2024-09-18 15:59:46,"Olá, tudo bem? Ficamos muito felizes em saber que tem gostado da sua experiência conosco! Para o que precisar, conte com a gente! Equipe Localiza Meoo 💚",2024-09-25 07:24:44,com.localiza.meoo.app,pt,br,google_play
00a60f89-50f0-4e95-8ca9-a4e340c7f14c,Marcelo Santos,2,"O app está com sérios problemas, não atualiza mais o km e o pior, não aparece mais a baixa dos boletos Isso é muito ruim",0,3.1.1,2024-09-17 22:41:02,"Olá, tudo bem? Gostaríamos de conversar com você para ajudá-lo, poderia entrar em contato conosco pelo e-mail sucessoclientemeoo@localiza.com? Equipe Localiza Meoo 💚",2024-09-18 07:07:01,com.localiza.meoo.app,pt,br,google_play
a7446456-1e84-4de1-9d91-c8bd5080d180,Samuel Vieira,1,"Carro assinado é furada! Eles não resolvem nada, mas querem te cobrar nas datas que eles escolhem! Já levamos 2x o carro pra resolver um barulho no motor quando liga, e não resolveram! O atendimento foi ótimo, não podemos reclamar do pessoal da Pit Stop da Sertório. Mas nada foi resolvido! O carro segue com barulho, fizeram revisão adiantada, o carro tava com 10000 km e tiveram que fazer a revisão. E não adiantou. Fora que o pagamento é dia 07 ou dia 30, com poucos dias para escolher.",2,3.1.1,2024-09-12 22:11:09,"Olá, tudo bem? Gostaríamos de conversar com você para ajudá-lo, poderia entrar em contato conosco pelo e-mail sucessoclientemeoo@localiza.com? Equipe Localiza Meoo 💚",2024-09-16 07:16:48,com.localiza.meoo.app,pt,br,google_play
b81c06ea-a3a9-43e3-a656-b748ad18c940,Lygia Leandro,3,0 aplicativo é bom mas o compromisso de vocês com o cliente fica a desejar.,0,3.1.0,2024-09-10 14:54:36,"Olá, tudo bem? Gostaríamos de conversar com você para ajudá-lo, poderia entrar em contato conosco pelo e-mail sucessoclientemeoo@localiza.com? Equipe Localiza Meoo 💚",2024-09-16 07:14:47,com.localiza.meoo.app,pt,br,google_play
f080ed58-f9b5-4c75-b8a7-cde69b6a4cae,Andre Torres,5,App funcionando plenamente.,0,3.1.0,2024-09-09 12:04:39,"Olá, tudo bem? Gostaríamos de conversar com você para ajudá-lo, poderia entrar em contato conosco pelo e-mail sucessoclientemeoo@localiza.com? Equipe Localiza Meoo 💚",2024-09-09 10:25:25,com.localiza.meoo.app,pt,br,google_play
75bbf700-47a4-4bee-89e8-a67b684cf7a9,laurindo almeida,5,Boa,0,2.15.4,2024-09-05 16:15:40,"Olá, tudo bem? Ficamos muito felizes em saber que tem gostado da sua experiência conosco! Para o que precisar, conte com a gente! Equipe Localiza Meoo 💚",2024-09-09 10:27:02,com.localiza.meoo.app,pt,br,google_play
b476bb86-5cc7-4ad0-b5fc-3beac941ddee,claudemir souza,5,Melhor em veículo por assinatura.,0,3.0.2,2024-09-01 15:24:24,"Olá, tudo bem? Ficamos muito felizes em saber que tem gostado da sua experiência conosco! Para o que precisar, conte com a gente! Equipe Localiza Meoo 💚",2024-09-09 10:24:02,com.localiza.meoo.app,pt,br,google_play
91ed49cc-40ed-4bd5-a901-29b7f326a2db,Thiago Valle,1,Péssimo. Sempre que preciso usar tenho que atualizar e ele não abre.,1,3.0.2,2024-08-22 15:18:55,"Olá, tudo bem? Gostaríamos de conversar com você para ajudá-lo, poderia entrar em contato conosco pelo e-mail sucessoclientemeoo@localiza.com? Equipe Localiza Meoo 💚",2024-09-09 10:21:24,com.localiza.meoo.app,pt,br,google_play
aac63fa8-9827-4c7c-b079-87768e3e3b10,Eroides Dias,3,Muitas falhas ..,0,2.15.4,2024-08-21 13:15:16,"Olá, tudo bem? Gostaríamos de conversar com você para ajudá-lo, poderia entrar em contato conosco pelo e-mail sucessoclientemeoo@localiza.com? Equipe Localiza Meoo 💚",2024-09-09 10:14:57,com.localiza.meoo.app,pt,br,google_play
59b5b6a1-d749-4f51-b4c8-15e73c38fe9b,Karina Izzo,5,Fácil e intuitivo de usar.,0,3.0.2,2024-08-21 12:04:38,"Olá, tudo bem? Ficamos muito felizes em saber que tem gostado da sua experiência conosco! Para o que precisar, conte com a gente! Equipe Localiza Meoo 💚",2024-09-09 10:02:48,com.localiza.meoo.app,pt,br,google_play
9c8cbc78-19c0-4d6f-9c5f-aee2c3733347,Angela Roldão,5,Melhor locadora do Brasil,0,3.0.2,2024-08-21 10:34:01,"Olá, tudo bem? Ficamos muito felizes em saber que tem gostado da sua experiência conosco! Para o que precisar, conte com a gente! Equipe Localiza Meoo 💚",2024-09-09 10:01:43,com.localiza.meoo.app,pt,br,google_play
ed9eeac2-090f-406d-ae76-cd25e1b61705,Café Chefe,5,Porque a função do carro provisório desapareceu ?,0,3.0.2,2024-08-17 17:53:12,"Olá, tudo bem? Gostaríamos de conversar com você para ajudá-lo, poderia entrar em contato conosco pelo e-mail sucessoclientemeoo@localiza.com? Equipe Localiza Meoo 💚",2024-08-21 08:35:26,com.localiza.meoo.app,pt,br,google_play
4ef1dc6b-7c14-4b2a-9524-eef70dfe7ef3,Joílson Jacobina,5,Ótimo,0,3.0.1,2024-08-16 23:25:29,"Olá, tudo bem? Ficamos muito felizes em saber que tem gostado da sua experiência conosco! Para o que precisar, conte com a gente! Equipe Localiza Meoo 💚",2024-08-21 08:34:11,com.localiza.meoo.app,pt,br,google_play
d78335aa-c698-4e73-b72d-bcb74571aaf5,LAURYN ESCOBAR studio lauryn escobar,5,muitooo bommm...demais,0,2.15.4,2024-08-16 22:25:46,"Olá, tudo bem? Ficamos muito felizes em saber que tem gostado da sua experiência conosco! Para o que precisar, conte com a gente! Equipe Localiza Meoo 💚",2024-08-21 08:32:43,com.localiza.meoo.app,pt,br,google_play
f05ee98b-becd-46db-9405-f27c6c17e16d,Rafael Vale,1,"Empresa safada essa....venderam uma assinatura de 2 anos...me garantindo que poderia retirar o veiculo no sabado LUCIANA PONTES a vendedora, e quando fui tentar agendar...é somente de segunda a sexta. Lixo de empresa",0,3.0.2,2024-08-16 18:59:30,"Olá, tudo bem? Gostaríamos de conversar com você para ajudá-lo, poderia entrar em contato conosco pelo e-mail sucessoclientemeoo@localiza.com? Equipe Localiza Meoo 💚",2024-08-21 08:31:12,com.localiza.meoo.app,pt,br,google_play
dbc6f47f-5eb2-48aa-b96f-5907871419d7,Adilson N Lima,5,Seu sonho de dirigir um carro zero chegou.,0,3.0.2,2024-08-15 13:06:43,"Olá, tudo bem? Ficamos muito felizes em saber que tem gostado da sua experiência conosco! Para o que precisar, conte com a gente! Equipe Localiza Meoo 💚",2024-08-21 08:29:46,com.localiza.meoo.app,pt,br,google_play
6a365f08-43ac-445b-9c16-a8a06317641e,Andrea Sydon,1,"Péssima qualidade de verificação de pagamento, pago sempre adiantado e sou cobrada .",1,3.0.0,2024-08-15 08:22:34,"Olá, tudo bem? Gostaríamos de conversar com você para ajudá-lo, poderia entrar em contato conosco pelo e-mail sucessoclientemeoo@localiza.com? Equipe Localiza Meoo 💚",2024-08-21 08:28:32,com.localiza.meoo.app,pt,br,google_play
600d9f6a-1055-405d-b07a-efce260b8561,Sallum Burger,5,excelente,0,2.15.4,2024-08-10 10:07:37,"Olá, tudo bem? Ficamos muito felizes em saber que tem gostado da sua experiência conosco! Para o que precisar, conte com a gente! Equipe Localiza Meoo 💚",2024-08-21 08:26:02,com.localiza.meoo.app,pt,br,google_play
b115e890-15fb-4931-8908-bc9d8ebc7030,Jorge Wilson Pereira,5,Excelente aplicativo.,0,2.15.4,2024-08-07 17:59:51,"Olá, tudo bem? Ficamos muito felizes em saber que tem gostado da sua experiência conosco! Para o que precisar, conte com a gente! Equipe Localiza Meoo 💚",2024-08-21 08:24:54,com.localiza.meoo.app,pt,br,google_play
de9eb8c6-265b-466f-94a6-9840ccec3a06,Ademir Teixeira,3,"Vazamento de dados pessoais, golpistas estão dando golpes dizendo que a pessoa ganhou..pedem PIX pra recer o prêmio",0,,2024-08-06 16:39:55,"Olá, tudo bem? Gostaríamos de conversar com você para ajudá-lo, poderia entrar em contato conosco pelo e-mail sucessoclientemeoo@localiza.com? Equipe Localiza Meoo 💚",2024-08-21 08:23:27,com.localiza.meoo.app,pt,br,google_play
c099d857-f077-409d-800f-07773ec61a08,WSF VICTOR,5,Top,0,2.15.4,2024-08-01 09:44:36,"Olá, tudo bem? Ficamos muito felizes em saber que tem gostado da sua experiência conosco! Para o que precisar, conte com a gente! Equipe Localiza Meoo 💚",2024-08-21 08:20:33,com.localiza.meoo.app,pt,br,google_play
378890d2-3fa8-4e12-9940-91ba7ed632cf,Ariel G V Barros,5,Funcional e simples. Muito bom.,0,2.15.4,2024-07-26 11:54:43,"Olá, tudo bem? Ficamos muito felizes em saber que tem gostado da sua experiência conosco! Para o que precisar, conte com a gente! Equipe Localiza Meoo 💚",2024-08-21 08:19:32,com.localiza.meoo.app,pt,br,google_play
5aaa8511-8fbb-41c9-8dde-23dce8fb64b5,Glaucio Schueler,5,Navegação fácil e intuitiva.,0,2.15.4,2024-07-24 10:46:21,"Olá, tudo bem? Ficamos muito felizes em saber que tem gostado da sua experiência conosco! Para o que precisar, conte com a gente! Equipe Localiza Meoo 💚",2024-08-21 08:17:59,com.localiza.meoo.app,pt,br,google_play
1f29ac80-1ecf-48d1-9ca0-9d17f7eb7e0d,Adenildes Oliveira,5,obrigadavc é show,0,2.15.4,2024-07-24 08:54:48,"Olá, tudo bem? Ficamos muito felizes em saber que tem gostado da sua experiência conosco! Para o que precisar, conte com a gente! Equipe Localiza Meoo 💚",2024-08-21 08:16:56,com.localiza.meoo.app,pt,br,google_play
f2e51e4f-8234-4888-b0c7-fbf0d3b72762,Eduardo Bezerra,5,"Satisfação antes, durante e pós contratação!",0,2.15.4,2024-07-23 18:46:11,"Olá, tudo bem? Ficamos muito felizes em saber que tem gostado da sua experiência conosco! Para o que precisar, conte com a gente! Equipe Localiza Meoo 💚",2024-08-21 08:15:45,com.localiza.meoo.app,pt,br,google_play
b81be18c-3267-4b99-960b-6475bfc51938,Hermenegildo adriano neto Neto,5,estou gostando muito bom,0,2.15.4,2024-07-23 17:53:40,"Olá, tudo bem? Ficamos muito felizes em saber que tem gostado da sua experiência conosco! Para o que precisar, conte com a gente! Equipe Localiza Meoo 💚",2024-08-21 08:14:32,com.localiza.meoo.app,pt,br,google_play
e4ca66ba-110c-468e-91c6-01bae2e125fa,bruna luz,5,Top,0,2.15.4,2024-07-22 12:54:57,"Olá, tudo bem? Ficamos muito felizes em saber que tem gostado da sua experiência conosco! Para o que precisar, conte com a gente! Equipe Localiza Meoo 💚",2024-08-21 08:12:50,com.localiza.meoo.app,pt,br,google_play
2d131acf-c948-4938-b3cd-70dbe4fca733,Lucas Taves,1,Aplicativo horrível e cheio de erros de interface. Por exemplo o pop-up para escolher cidade na hora de agendar revisão não funciona,5,2.15.4,2024-07-22 07:01:26,"Olá, tudo bem? Gostaríamos de conversar com você para ajudá-lo, poderia entrar em contato conosco pelo e-mail sucessoclientemeoo@localiza.com? Equipe Localiza Meoo 💚",2024-08-21 08:09:19,com.localiza.meoo.app,pt,br,google_play
8c7e8204-cd43-4095-a323-74f4438ffe46,Walltemir Veras,5,Bom,0,2.15.4,2024-07-21 09:39:03,"Olá, tudo bem? Ficamos muito felizes em saber que tem gostado da sua experiência conosco! Para o que precisar, conte com a gente! Equipe Localiza Meoo 💚",2024-08-21 08:08:29,com.localiza.meoo.app,pt,br,google_play
009ed056-0908-466e-9532-8c89f8de4ce8,Livio Bellandi,2,não consegui agendar serviço,0,2.15.4,2024-07-18 17:35:57,"Olá, tudo bem? Gostaríamos de conversar com você para ajudá-lo, poderia entrar em contato conosco pelo e-mail sucessoclientemeoo@localiza.com? Equipe Localiza Meoo 💚",2024-08-21 08:07:04,com.localiza.meoo.app,pt,br,google_play
1592cd7c-bdc5-4dd4-84e8-005701cc761e,Anderson Galdino,5,ótimo app,0,2.15.4,2024-07-16 15:07:23,"Olá, tudo bem? Ficamos muito felizes em saber que tem gostado da sua experiência conosco! Caso tenha alguma sugestão, fique a vontade para entrar em contato com a gente. Equipe Localiza Meoo 💚",2024-07-17 07:54:21,com.localiza.meoo.app,pt,br,google_play
39764015-dbd7-44d7-b9ec-b12ac56df3da,Sergio Moura,5,Gostei muito fácil de usar.,0,2.15.4,2024-07-15 15:12:18,"Olá, tudo bem? Ficamos muito felizes em saber que tem gostado da sua experiência conosco! Caso tenha alguma sugestão, fique a vontade para entrar em contato com a gente. Equipe Localiza Meoo 💚",2024-07-17 07:53:10,com.localiza.meoo.app,pt,br,google_play
963b38c7-f14b-42ac-85db-2539049dcf3b,Fabiano Alves,5,Excelente aplicativo,0,2.15.3,2024-07-08 23:58:40,"Olá, tudo bem? Ficamos muito felizes em saber que tem gostado da sua experiência conosco! Caso tenha alguma sugestão, fique a vontade para entrar em contato com a gente. Equipe Localiza Meoo 💚",2024-07-15 12:31:36,com.localiza.meoo.app,pt,br,google_play
08e172a0-5855-4733-947c-2195f917eb92,Wagner Araújo,5,Prático!,0,2.13.0,2024-07-08 08:54:35,"Olá, tudo bem? Ficamos muito felizes em saber que tem gostado da sua experiência conosco! Caso tenha alguma sugestão, fique a vontade para entrar em contato com a gente. Equipe Localiza Meoo 💚",2024-07-15 12:29:33,com.localiza.meoo.app,pt,br,google_play
6aea984f-5896-4df1-a438-080b8ecbaaf9,Dorival Danunzios7,2,Depois de atualizar o aplicativo não abre maís já desinstalei e instalei de novo e não abri,0,2.15.3,2024-07-06 20:57:55,"Olá, tudo bem? Ficamos muito felizes em saber que tem gostado da sua experiência conosco! Caso tenha alguma sugestão, fique a vontade para entrar em contato com a gente. Equipe Localiza Meoo 💚",2024-07-08 07:29:06,com.localiza.meoo.app,pt,br,google_play
944e094b-b054-44fa-a101-e3e7489ee17a,Jeferson Ribeiro,4,Preciso de algumas melhorias mas excelente ferramenta.,0,2.15.3,2024-07-06 10:03:04,"Olá, tudo bem? Gostaríamos de conversar com você para ajudá-lo, poderia entrar em contato conosco pelo e-mail sucessoclientemeoo@localiza.com? Equipe Localiza Meoo 💚",2024-07-08 07:27:15,com.localiza.meoo.app,pt,br,google_play
90a17d68-4898-4d72-a6b9-85e6103266c5,monika pereira,5,ótimos atendimentos.,0,2.14.0,2024-07-04 17:02:03,"Olá, tudo bem? Ficamos muito felizes em saber que tem gostado da sua experiência conosco! Caso tenha alguma sugestão, fique a vontade para entrar em contato com a gente. Equipe Localiza Meoo 💚",2024-07-08 07:25:33,com.localiza.meoo.app,pt,br,google_play
6fb00f07-ab6c-4e36-82d8-52ecbd09e575,JHSL,3,Bom app,0,2.14.0,2024-07-03 17:07:04,"Olá, tudo bem? Ficamos muito felizes em saber que tem gostado da sua experiência conosco! Caso tenha alguma sugestão, fique a vontade para entrar em contato com a gente. Equipe Localiza Meoo 💚",2024-07-08 07:23:27,com.localiza.meoo.app,pt,br,google_play
07dec891-af5a-42e5-8270-c1b19ce89a5d,Gilvan coutinho,5,muito bacana,0,2.14.0,2024-07-03 14:54:57,"Olá, tudo bem? Ficamos muito felizes em saber que tem gostado da sua experiência conosco! Caso tenha alguma sugestão, fique a vontade para entrar em contato com a gente. Equipe Localiza Meoo 💚",2024-07-08 07:22:10,com.localiza.meoo.app,pt,br,google_play
e777a32c-a60b-4420-9ae9-c2b199956854,Luciano Maimone,5,confiança,0,2.15.0,2024-07-03 09:52:12,"Olá, tudo bem? Ficamos muito felizes em saber que tem gostado da sua experiência conosco! Caso tenha alguma sugestão, fique a vontade para entrar em contato com a gente. Equipe Localiza Meoo 💚",2024-07-08 07:20:51,com.localiza.meoo.app,pt,br,google_play
cb310bff-b7cc-42f2-a4e7-b5d1e19e3d9c,Patrícia Forte,5,"Estou há 7 meses utilizando os serviços da Localiza Meoo e o APP é muito prático, rápido , sem propagandas, confiável. Estou muito feliz e satisfeita com a Localiza Meoo.",0,,2024-06-30 17:02:02,"Olá, tudo bem? Ficamos muito felizes em saber que tem gostado da sua experiência conosco! Caso tenha alguma sugestão, fique a vontade para entrar em contato com a gente. Equipe Localiza Meoo 💚",2024-07-08 07:19:35,com.localiza.meoo.app,pt,br,google_play
4b4f32e2-5e83-4d11-8053-dc0eb2944474,Maya Eletrônicos,5,Perfeito,0,2.13.0,2024-06-29 19:21:11,"Olá, tudo bem? Ficamos muito felizes em saber que tem gostado da sua experiência conosco! Caso tenha alguma sugestão, fique a vontade para entrar em contato com a gente. Equipe Localiza Meoo 💚",2024-07-08 07:19:16,com.localiza.meoo.app,pt,br,google_play
444b5979-cf07-4c4d-90b6-2275de7e0dde,Jorge Wilson,5,ótimo epp,0,2.13.0,2024-06-28 06:27:54,"Olá, tudo bem? Ficamos muito felizes em saber que tem gostado da sua experiência conosco! Caso tenha alguma sugestão, fique a vontade para entrar em contato com a gente. Equipe Localiza Meoo 💚",2024-07-08 07:17:14,com.localiza.meoo.app,pt,br,google_play
cba37b99-98ea-418e-890a-0f68b4a6649d,Maria Das Graças Rocha Baia,5,Muito bom vejo tudo por aqui com facilidade.,0,2.13.0,2024-06-27 19:18:13,"Olá, tudo bem? Ficamos muito felizes em saber que tem gostado da sua experiência conosco! Caso tenha alguma sugestão, fique a vontade para entrar em contato com a gente. Equipe Localiza Meoo 💚",2024-07-08 07:17:02,com.localiza.meoo.app,pt,br,google_play
288033a8-1242-4219-98f8-6005a681bb6c,Mauro Miranda Ferreira,5,Atende minhas necessidades,0,2.13.0,2024-06-26 09:06:10,"Olá, tudo bem? Ficamos muito felizes em saber que tem gostado da sua experiência conosco! Caso tenha alguma sugestão, fique a vontade para entrar em contato com a gente. Equipe Localiza Meoo 💚",2024-07-08 07:15:25,com.localiza.meoo.app,pt,br,google_play
a2bf756d-6f89-4dd8-bdd1-8ae38ab9bf43,Eduardo Bossatto,5,muito bom muito prático!!!,0,2.12.2,2024-06-24 12:12:57,"Olá, tudo bem? Ficamos muito felizes em saber que tem gostado da sua experiência conosco! Caso tenha alguma sugestão, fique a vontade para entrar em contato com a gente. Equipe Localiza Meoo 💚",2024-07-08 07:14:07,com.localiza.meoo.app,pt,br,google_play
171b7fa2-d12a-484f-a150-43feee219e36,Carlos Benício Lopes Silva,5,Seguro.,0,2.12.2,2024-06-24 11:33:00,"Olá, tudo bem? Ficamos muito felizes em saber que tem gostado da sua experiência conosco! Caso tenha alguma sugestão, fique a vontade para entrar em contato com a gente. Equipe Localiza Meoo 💚",2024-07-08 07:11:50,com.localiza.meoo.app,pt,br,google_play
0017ab12-071e-4cab-b974-4b7a63919c5f,Edilson Bergamini,5,Excelente,0,2.12.2,2024-06-23 15:08:02,"Olá, tudo bem? Ficamos muito felizes em saber que tem gostado da sua experiência conosco! Caso tenha alguma sugestão, fique a vontade para entrar em contato com a gente. Equipe Localiza Meoo 💚",2024-07-08 07:11:38,com.localiza.meoo.app,pt,br,google_play
4ba03f56-3632-472c-bdc8-9f4fff4ff1f1,Luiz Ricardo Carvalho,1,Péssimo,0,,2024-06-23 04:16:23,"Olá, tudo bem? Gostaríamos de conversar com você para ajudá-lo, poderia entrar em contato conosco pelo e-mail sucessoclientemeoo@localiza.com? Equipe Localiza Meoo 💚",2024-07-08 07:10:21,com.localiza.meoo.app,pt,br,google_play
35e21b4a-13c9-409a-915e-aa63b47f43c0,Karina Cássia Lopes,5,Aplicativo maravilhoso nos deixa atualizado de tudo,0,2.12.2,2024-06-20 16:08:09,"Olá, tudo bem? Ficamos muito felizes em saber que tem gostado da sua experiência conosco! Caso tenha alguma sugestão, fique a vontade para entrar em contato com a gente. Equipe Localiza Meoo 💚",2024-07-08 07:08:07,com.localiza.meoo.app,pt,br,google_play
a862dc08-4f72-4378-ba6a-e7aa4228fc84,Lair Cruz,1,Tive que reinstalar o aplicativo e o carro não aparece mais.,0,2.12.2,2024-06-18 20:45:50,"Olá, tudo bem? Gostaríamos de conversar com você para ajudá-lo, poderia entrar em contato conosco pelo e-mail sucessoclientemeoo@localiza.com? Equipe Localiza Meoo 💚",2024-06-19 07:05:24,com.localiza.meoo.app,pt,br,google_play
ed27bf4f-e75f-47e9-8f6b-8d0706f3d197,Alexandre Ravagnani,5,Boa,0,2.10.1,2024-06-12 17:18:54,"Olá, tudo bem? Ficamos muito felizes em saber que tem gostado da sua experiência conosco! Caso tenha alguma sugestão, fique a vontade para entrar em contato com a gente. Equipe Localiza Meoo 💚",2024-06-17 07:04:59,com.localiza.meoo.app,pt,br,google_play
d6ca535d-9636-41a5-8827-b41d2f0a3080,Vanessa Ogurzow,4,Muito prático e intuitivo!,0,2.10.1,2024-06-05 14:12:44,"Olá, tudo bem? Ficamos muito felizes em saber que tem gostado da sua experiência conosco! Caso tenha alguma sugestão, fique a vontade para entrar em contato com a gente. Equipe Localiza Meoo 💚",2024-06-10 07:11:52,com.localiza.meoo.app,pt,br,google_play
6170e16d-dc39-4659-9005-e74fe5082827,Jorge Morais,5,Nota 10 melhor experiência que tive show de bola,0,2.10.1,2024-05-28 22:27:47,"Olá, tudo bem? Ficamos muito felizes em saber que tem gostado da sua experiência conosco! Caso tenha alguma sugestão, fique a vontade para entrar em contato com a gente. Equipe Localiza Meoo 💚",2024-06-10 07:08:38,com.localiza.meoo.app,pt,br,google_play
d3bf4394-d69b-4952-8b26-0e82fbd736d5,Roberto Piter,5,sensacional!!,0,2.10.1,2024-05-26 15:37:33,"Olá, tudo bem? Ficamos muito felizes em saber que tem gostado da sua experiência conosco! Caso tenha alguma sugestão, fique a vontade para entrar em contato com a gente. Equipe Localiza Meoo 💚",2024-05-27 08:23:50,com.localiza.meoo.app,pt,br,google_play
9c4fbbf6-6827-45d1-b4b3-2375a21110b8,Roberto moreira,5,TOP,0,2.10.1,2024-05-23 19:23:14,"Olá, tudo bem? Ficamos muito felizes em saber que tem gostado da sua experiência conosco! Caso tenha alguma sugestão, fique a vontade para entrar em contato com a gente. Equipe Localiza Meoo 💚",2024-05-27 08:22:42,com.localiza.meoo.app,pt,br,google_play
5e7ff450-d70f-4aa2-bea8-c7e8bb39d092,Marcos Carvalho Figueiredo,4,Prático e fácil de entender. Parabéns,0,2.10.1,2024-05-23 18:46:27,"Olá, tudo bem? Ficamos muito felizes em saber que tem gostado da sua experiência conosco! Caso tenha alguma sugestão, fique a vontade para entrar em contato com a gente. Equipe Localiza Meoo 💚",2024-05-27 08:21:24,com.localiza.meoo.app,pt,br,google_play
79249f53-5c4b-4f24-8311-5699f76ebc96,Cleber santos,2,App n está abrindo.,0,2.10.1,2024-05-22 18:38:44,"Olá, tudo bem? Gostaríamos de conversar com você para ajudá-lo, poderia entrar em contato conosco pelo e-mail sucessoclientemeoo@localiza.com? Equipe Localiza Meoo 💚",2024-05-27 08:20:10,com.localiza.meoo.app,pt,br,google_play
84e51c8c-2e00-49f5-a7ac-e2de33ff4aea,Walker medeiros da costa Costa,5,recebi o carro de acordo com o contrato antes do prazo previsto de entrega sem muita burocracia.,2,2.10.1,2024-05-21 20:26:46,"Olá, tudo bem? Ficamos muito felizes em saber que tem gostado da sua experiência conosco! Caso tenha alguma sugestão, fique a vontade para entrar em contato com a gente. Equipe Localiza Meoo 💚",2024-05-27 08:19:01,com.localiza.meoo.app,pt,br,google_play
c0f05022-927c-4ee7-997c-969ea12d1870,RICARDO ROSA,4,"O aplicativo está com alguma dificuldade técnica, pois desde de ontem que não consigo abrir e nem acessar o mesmo.",0,2.10.1,2024-05-21 14:40:23,"Olá, tudo bem? Gostaríamos de conversar com você para ajudá-lo, poderia entrar em contato conosco pelo e-mail sucessoclientemeoo@localiza.com? Equipe Localiza Meoo 💚",2024-05-27 08:17:01,com.localiza.meoo.app,pt,br,google_play
b4835a02-c349-4a31-9afb-aa8e9952aff5,Adriano Rosa,5,Excelente,0,2.10.1,2024-05-20 21:52:05,"Olá, tudo bem? Ficamos muito felizes em saber que tem gostado da sua experiência conosco! Caso tenha alguma sugestão, fique a vontade para entrar em contato com a gente. Equipe Localiza Meoo 💚",2024-05-27 08:14:46,com.localiza.meoo.app,pt,br,google_play
c84bd07a-afd1-4a18-a443-cbb6dd798b05,Darcy Junior,5,A melhor experiência de carro por assinatura do Brasil. Localiza Meoo 💚💚💚 foi a melhor escolha. Atendimento e respeito ao cliente.,0,,2024-05-18 12:19:03,"Olá, tudo bem? Ficamos muito felizes em saber que tem gostado da sua experiência conosco! Caso tenha alguma sugestão, fique a vontade para entrar em contato com a gente. Equipe Localiza Meoo 💚",2024-05-20 07:42:56,com.localiza.meoo.app,pt,br,google_play
9bf0818b-470b-4c58-82c6-6ca3d9a61a36,jefferson cardoso de castro rosa,5,Ótima,0,2.9.0,2024-05-17 18:23:36,"Olá, tudo bem? Ficamos muito felizes em saber que tem gostado da sua experiência conosco! Caso tenha alguma sugestão, fique a vontade para entrar em contato com a gente. Equipe Localiza Meoo 💚",2024-05-20 07:41:52,com.localiza.meoo.app,pt,br,google_play
9b1a9aa7-035f-42cd-bb48-e635afbb6247,Fabio Oliveira,5,Excelente atendimento,0,2.9.0,2024-05-14 20:24:55,"Olá, tudo bem? Ficamos muito felizes em saber que tem gostado da sua experiência conosco! Caso tenha alguma sugestão, fique a vontade para entrar em contato com a gente. Equipe Localiza Meoo 💚",2024-05-20 07:40:35,com.localiza.meoo.app,pt,br,google_play
01f75cf6-9e3e-489b-b90a-2d15427ae39c,Fefeu Costa,2,"O APP funciona bem, mas o serviço pós(manutenção, assistência) é PÉSSIMO! Falta de compromisso, ineficiência e não resolvem o problema! Não indico a assinatura! Infelizmente terei que cumprir o contrato",0,2.9.0,2024-05-14 12:03:09,"Olá, tudo bem? Gostaríamos de conversar com você para ajudá-lo, poderia entrar em contato conosco pelo e-mail sucessoclientemeoo@localiza.com? Equipe Localiza Meoo 💚",2024-05-20 07:39:17,com.localiza.meoo.app,pt,br,google_play
f340bd62-3a69-4979-8d58-8572755e2a69,Daniel Lopes Pereira Fernandes Pereira,5,Vcs sao os melhores super recomendo,0,2.9.0,2024-05-14 11:23:57,"Olá, tudo bem? Ficamos muito felizes em saber que tem gostado da sua experiência conosco! Caso tenha alguma sugestão, fique a vontade para entrar em contato com a gente. Equipe Localiza Meoo 💚",2024-05-20 07:36:04,com.localiza.meoo.app,pt,br,google_play
9dfbbf01-252c-4007-9944-008da3328453,Luis Costa,5,Eficiência e qualidade,0,,2024-05-13 10:18:59,"Olá, tudo bem? Ficamos muito felizes em saber que tem gostado da sua experiência conosco! Caso tenha alguma sugestão, fique a vontade para entrar em contato com a gente. Equipe Localiza Meoo 💚",2024-05-20 07:34:44,com.localiza.meoo.app,pt,br,google_play
d641dc28-c2f0-4adf-97b5-ef310ef5b832,Emerson W. Moreira.,5,tudo com excelente...,0,2.8.2,2024-05-08 14:02:47,"Olá, tudo bem? Ficamos muito felizes em saber que tem gostado da sua experiência conosco! Caso tenha alguma sugestão, fique a vontade para entrar em contato com a gente. Equipe Localiza Meoo 💚",2024-05-13 08:34:16,com.localiza.meoo.app,pt,br,google_play
6816950c-b254-45d9-9262-1cd447505360,Lendario Zeus,5,Aplicativo muito bom rápido e eficiente,0,2.8.2,2024-05-07 21:40:27,"Olá, tudo bem? Ficamos muito felizes em saber que tem gostado da sua experiência conosco! Caso tenha alguma sugestão, fique a vontade para entrar em contato com a gente. Equipe Localiza Meoo 💚",2024-05-13 08:33:25,com.localiza.meoo.app,pt,br,google_play
ed428bf7-a64b-4838-a841-73e3973c681b,Renato de Pádua Júnior,5,"Aplicativo com funções bem simples e objetivas, fácil de compreender.",8,2.8.2,2024-05-06 12:40:52,"Olá, tudo bem? Ficamos muito felizes em saber que tem gostado da sua experiência conosco! Caso tenha alguma sugestão, fique a vontade para entrar em contato com a gente. Equipe Localiza Meoo 💚",2024-05-13 08:32:35,com.localiza.meoo.app,pt,br,google_play
22b7af2d-5b65-488c-bf36-08572accb81b,Alexandre Luiz de Oliveira Begotto,5,Atende o que preciso na gestão da assinatura,0,2.8.2,2024-05-06 08:35:31,"Olá, tudo bem? Ficamos muito felizes em saber que tem gostado da sua experiência conosco! Caso tenha alguma sugestão, fique a vontade para entrar em contato com a gente. Equipe Localiza Meoo 💚",2024-05-13 08:30:47,com.localiza.meoo.app,pt,br,google_play
70574f55-fdd3-4b46-bceb-9acf0d2521d8,Fellipe Haddad,5,"Sensacional, sou cliente localiza a muitos anos portanto a experiência com o Meoo está sendo incrível não me arrependo em nada",0,2.5.1,2024-05-06 07:50:19,"Olá, tudo bem? Ficamos muito felizes em saber que tem gostado da sua experiência conosco! Caso tenha alguma sugestão, fique a vontade para entrar em contato com a gente. Equipe Localiza Meoo 💚",2024-05-13 08:29:41,com.localiza.meoo.app,pt,br,google_play
22143bce-219a-486f-bc43-174165d33c4b,Giselle Rocha,1,Eu não consigo acessar o app... fica pedindo pra tentar mais tarde... e nisso já tento há 1 mes. Péssimo aplicativo,0,2.6.2,2024-05-03 03:51:27,"Olá, tudo bem? Gostaríamos de conversar com você para ajudá-lo, poderia entrar em contato conosco pelo e-mail sucessoclientemeoo@localiza.com? Equipe Localiza Meoo 💚",2024-05-13 08:28:01,com.localiza.meoo.app,pt,br,google_play
3b1699a9-2bae-4e0a-84f8-7c0a6d134bc7,Edmilson Junior,5,Atende perfeitamente minhas necessidades. Consigo resolver tudo o que é necessário pelo aplicativo. Parabéns pela funcionalidade!,2,2.8.2,2024-05-02 09:06:43,"Olá, tudo bem? Ficamos muito felizes em saber que tem gostado da sua experiência conosco! Caso tenha alguma sugestão, fique a vontade para entrar em contato com a gente. Equipe Localiza Meoo 💚",2024-05-13 08:26:20,com.localiza.meoo.app,pt,br,google_play
ed6a504b-46fa-490f-a5c8-13b5fa6f81a8,Monica Pena,2,péssimo atendimento,0,2.6.2,2024-04-30 16:18:04,"Olá, tudo bem? Gostaríamos de conversar com você para ajudá-lo, poderia entrar em contato conosco pelo e-mail sucessoclientemeoo@localiza.com? Equipe Localiza Meoo 💚

",2024-05-13 08:24:47,com.localiza.meoo.app,pt,br,google_play
e9713bae-77db-4d50-9586-0c7380226988,Edson Souza,5,Super satisfeito!!!,0,2.6.2,2024-04-29 18:42:38,"Olá, tudo bem? Ficamos muito felizes em saber que tem gostado da sua experiência conosco! Caso tenha alguma sugestão, fique a vontade para entrar em contato com a gente. Equipe Localiza Meoo 💚",2024-05-13 08:22:05,com.localiza.meoo.app,pt,br,google_play
67492877-44ff-4ca7-91bf-1e9b730b968e,Vilmar Lima de Souza,1,tenho 3 contratos e só aparece 1 veículo.,0,2.6.2,2024-04-28 16:22:56,"Olá, tudo bem? Gostaríamos de conversar com você para ajudá-lo, poderia entrar em contato conosco pelo e-mail sucessoclientemeoo@localiza.com? Equipe Localiza Meoo 💚",2024-05-13 08:19:49,com.localiza.meoo.app,pt,br,google_play
7c69129f-93f9-48e0-a535-df50b134a021,Fabio Glehn,1,"Para agendar um serviço eu preciso escolher uma cidade. Eu vejo a cidade que eu quero no menu suspenso. Clico na cidade e não acontece nada, e por conta disso o botão continuar não fica ativo e eu não consigo fazer o agendamento. Pior que eu já reclamei disso antes e pelo visto não adiantou nada. Esse APP é tão mal visto que as próprias atendentes da Localiza indicam usar apenas a ligação telefônica e esquecer APP e WhatsApp. O APP é ruim e a assinatura um arrependimento.",1,,2024-04-26 21:23:15,"Olá, tudo bem? Gostaríamos de conversar com você para ajudá-lo, poderia entrar em contato conosco pelo e-mail sucessoclientemeoo@localiza.com? Equipe Localiza Meoo 💚",2024-05-08 08:05:02,com.localiza.meoo.app,pt,br,google_play
dd2a3dd1-2971-4f39-8d35-3adba222d847,Roberto Diniz,5,muito prático,0,2.6.2,2024-04-24 07:46:20,"Olá, tudo bem? Ficamos muito felizes em saber que tem gostado da sua experiência conosco! Caso tenha alguma sugestão, fique a vontade para entrar em contato com a gente. Equipe Localiza Meoo 💚",2024-05-08 08:01:29,com.localiza.meoo.app,pt,br,google_play
01a6f1da-4186-4b23-bc83-7387f003bcc1,Joseildo Jorge da Silva,1,"Eu simplismente não consigo acessar a minha conta pelo app, fica pedindo para eu tenta mais tarde direto so aparece isso!",0,2.5.1,2024-04-21 12:33:01,"Olá, tudo bem? Gostaríamos de conversar com você para ajudá-lo, poderia entrar em contato conosco pelo e-mail sucessoclientemeoo@localiza.com? Equipe Localiza Meoo 💚",2024-05-08 07:59:53,com.localiza.meoo.app,pt,br,google_play
3c299015-1080-4901-8158-c014fe75282a,Julia Belamusa Bizigatth,5,Gosto do app.,0,2.6.2,2024-04-20 13:25:03,"Olá, tudo bem? Ficamos muito felizes em saber que tem gostado da sua experiência conosco! Caso tenha alguma sugestão, fique a vontade para entrar em contato com a gente. Equipe Localiza Meoo 💚",2024-05-08 07:57:38,com.localiza.meoo.app,pt,br,google_play
b16c78c3-e62e-4e52-857b-5dca3d1cfe89,Aldrin Juliano,5,"a melhor coisa que fiz, foi obter carro por assinatura!",0,2.5.1,2024-04-17 10:34:19,"Olá, tudo bem? Ficamos muito felizes em saber que tem gostado da sua experiência conosco! Caso tenha alguma sugestão, fique a vontade para entrar em contato com a gente. Equipe Localiza Meoo 💚",2024-05-08 07:56:10,com.localiza.meoo.app,pt,br,google_play
020f5c8e-3788-4fbb-8826-e00897702970,Bruno Ferreira de Lima,4,"Bom app, simples e prático.",0,2.5.1,2024-04-14 16:38:32,"Olá, tudo bem? Ficamos muito felizes em saber que tem gostado da sua experiência conosco! Caso tenha alguma sugestão, fique a vontade para entrar em contato com a gente. Equipe Localiza Meoo 💚",2024-04-15 16:26:13,com.localiza.meoo.app,pt,br,google_play
a11a9e30-5702-4c78-8164-79afcfb51eb6,Jose Carlos,5,"Estou muito satisfeito, com o APP com o carro o atendimento muito bom nota 1000 parabéns",0,2.5.1,2024-04-10 19:34:59,"Olá, tudo bem? Ficamos muito felizes em saber que tem gostado da sua experiência conosco! Caso tenha alguma sugestão, fique a vontade para entrar em contato com a gente. Equipe Localiza Meoo 💚",2024-04-15 16:25:07,com.localiza.meoo.app,pt,br,google_play
d4bcf4bf-e2be-4dc0-b94c-f0d92c5e12aa,Eder Chagas,3,Bom,0,2.5.1,2024-04-10 14:05:18,"Olá, tudo bem? Ficamos muito felizes em saber que tem gostado da sua experiência conosco! Caso tenha alguma sugestão, fique a vontade para entrar em contato com a gente. Equipe Localiza Meoo 💚",2024-04-15 16:24:07,com.localiza.meoo.app,pt,br,google_play
d0429da4-e70e-450c-9787-617a6790ec25,Edileia Ferraz,5,empresa maravilhosa com atendimento excelente,0,2.5.1,2024-04-09 17:13:17,"Olá, tudo bem? Ficamos muito felizes em saber que tem gostado da sua experiência conosco! Caso tenha alguma sugestão, fique a vontade para entrar em contato com a gente. Equipe Localiza Meoo 💚",2024-04-15 16:22:15,com.localiza.meoo.app,pt,br,google_play
72c35da6-92fd-4504-9909-4008449b678f,JOAMAR BATISTA Souza,5,Tudo funciona. Excelente.,0,2.5.0,2024-04-02 16:29:48,"Olá, tudo bem? Ficamos muito felizes em saber que tem gostado da sua experiência conosco! Caso tenha alguma sugestão, fique a vontade para entrar em contato com a gente. Equipe Localiza Meoo 💚",2024-04-15 16:20:26,com.localiza.meoo.app,pt,br,google_play
c835c55c-189e-4905-9195-83b6f6c3aeef,Max Ricardo Ribeiro,5,tente por esse link,0,2.4.18,2024-03-27 11:15:38,"Olá, tudo bem? Gostaríamos de conversar com você para ajudá-lo, poderia entrar em contato conosco pelo e-mail sucessoclientemeoo@localiza.com? Equipe Localiza Meoo 💚",2024-04-01 08:10:37,com.localiza.meoo.app,pt,br,google_play
ebcfeeb7-2671-44ee-b645-1702039a5811,Cristiane Mendes,1,"A Localiza te obrigada a baixar um aplicativo, alegando que as faturas somente tem acesso por ele, você baixa o aplicativo e mesmo assim não tem acesso as faturas. Péssima empresa, ao invés de facilitar, só atrasa a vida do profissional.",4,2.4.18,2024-03-26 15:54:52,"Olá, tudo bem? Gostaríamos de conversar com você para ajudá-lo, poderia entrar em contato conosco pelo e-mail sucessoclientemeoo@localiza.com? Equipe Localiza Meoo 💚",2024-04-01 08:07:37,com.localiza.meoo.app,pt,br,google_play
049aadb5-80d4-4dd2-b98d-6cb7ce81967e,Thais Cristina Baptista,2,"App exclui meu cartão de crédito todo mês, sendo necessário ficar buscando o boleto. Houve uma atualização que simplesmente não consegue ser instalada no meu celular. Também não traz as informações atualizadas.",2,2.4.18,2024-03-26 06:44:45,"Olá, tudo bem? Gostaríamos de conversar com você para ajudá-lo, poderia entrar em contato conosco pelo e-mail sucessoclientemeoo@localiza.com? Equipe Localiza Meoo 💚",2024-04-01 08:06:15,com.localiza.meoo.app,pt,br,google_play
696322b2-6946-4f14-801e-108459d3669b,Marco Ramos,5,Aplicativo completo,0,2.4.18,2024-03-25 19:41:02,"Olá, tudo bem? Ficamos muito felizes em saber que tem gostado da sua experiência conosco! Caso tenha alguma sugestão, fique a vontade para entrar em contato com a gente. Equipe Localiza Meoo 💚",2024-04-01 08:02:43,com.localiza.meoo.app,pt,br,google_play
cddaecc6-cda2-4a64-adaa-cce3d7b91c27,Marcilda Parisotto,4,"As vezes o app retorna ao início no momento em que está concluindo um processo, aí tem que iniciar tudo de novo desde o início. exemplo: ao fazer uma indicação de condutor.",1,2.4.18,2024-03-19 09:23:20,"Olá, tudo bem? Gostaríamos de conversar com você para ajudá-lo, poderia entrar em contato conosco pelo e-mail sucessoclientemeoo@localiza.com? Equipe Localiza Meoo 💚",2024-04-01 08:02:27,com.localiza.meoo.app,pt,br,google_play
e297e9d4-f8ad-4fd2-a2b2-d244328e3e05,Edson Ferreira,5,Show de bola,0,2.4.18,2024-03-15 16:19:45,"Olá, tudo bem? Ficamos muito felizes em saber que tem gostado da sua experiência conosco! Caso tenha alguma sugestão, fique a vontade para entrar em contato com a gente. Equipe Localiza Meoo 💚",2024-03-18 07:52:08,com.localiza.meoo.app,pt,br,google_play
152e57ff-a67b-4c92-8277-e89861019b6a,Fabinho Miranda,5,"O app é bom, porém na última atualização não consigo selecionar a cidade para revisão com agendamento.",3,2.4.18,2024-03-13 17:30:06,"Olá, tudo bem? Gostaríamos de conversar com você para ajudá-lo, poderia entrar em contato conosco pelo e-mail sucessoclientemeoo@localiza.com? Equipe Localiza Meoo 💚",2024-03-18 07:50:39,com.localiza.meoo.app,pt,br,google_play
a1aa8444-ffb1-4c3e-bd93-32bd606ad76a,Ricardo Paiva,5,Fenomenal!,0,2.4.17,2024-02-29 22:12:55,"Olá, tudo bem? Ficamos muito felizes em saber que tem gostado da sua experiência conosco! Caso tenha alguma sugestão, fique a vontade para entrar em contato com a gente. Equipe Localiza Meoo 💚",2024-03-04 16:21:07,com.localiza.meoo.app,pt,br,google_play
c8473029-9142-498e-b1bb-c3dfe918f080,Aparecida Donizeti de Oliveira,5,"Eu estou gostando, sempre estão nos informando o processo da entrega do veículo.",0,2.4.14,2024-02-29 09:27:48,"Olá, tudo bem? Ficamos muito felizes em saber que tem gostado da sua experiência conosco! Caso tenha alguma sugestão, fique a vontade para entrar em contato com a gente. Equipe Localiza Meoo 💚",2024-03-04 16:20:05,com.localiza.meoo.app,pt,br,google_play
d39c0e28-acc1-46e9-b933-31605f9c6777,Almir Oliveira,5,Ótimo atendimento. 👍,0,2.4.14,2024-02-29 06:13:17,"Olá, tudo bem? Ficamos muito felizes em saber que tem gostado da sua experiência conosco! Caso tenha alguma sugestão, fique a vontade para entrar em contato com a gente. Equipe Localiza Meoo 💚",2024-03-04 16:18:51,com.localiza.meoo.app,pt,br,google_play
f6cdb694-4f95-43cc-ba5f-800fea773705,Rozalvo Barbosa,1,"Não presta! N funciona pra agendar o serviço, n consigo escolher a cidade.",1,2.4.16,2024-02-28 08:04:11,"Olá, tudo bem? Gostaríamos de conversar com você para ajudá-lo, poderia entrar em contato conosco pelo e-mail sucessoclientemeoo@localiza.com? Equipe Localiza Meoo 💚",2024-03-04 16:16:49,com.localiza.meoo.app,pt,br,google_play
8fc1cd02-8630-4727-8067-65884e4f792c,Adriano da Silva Barbosa,5,muito bom até agora vamos ver na revisão se vai se rápido ou vou fica sem carro,0,2.4.14,2024-02-25 14:12:22,"Olá, tudo bem? Ficamos muito felizes em saber que tem gostado da sua experiência conosco! Caso tenha alguma sugestão, fique a vontade para entrar em contato com a gente. Equipe Localiza Meoo 💚",2024-02-26 07:51:40,com.localiza.meoo.app,pt,br,google_play
88e8bdbc-b789-49fd-874a-91dfdb7b4912,Samuel Lingoist,5,"Parabenizo a Equipe Localiza, pelo excelente profissionalismo em todos os processos!",0,2.4.14,2024-02-24 20:37:42,"Olá, tudo bem? Ficamos muito felizes em saber que tem gostado da sua experiência conosco! Caso tenha alguma sugestão, fique a vontade para entrar em contato com a gente. Equipe Localiza Meoo 💚",2024-02-26 07:50:13,com.localiza.meoo.app,pt,br,google_play
b806b147-8b62-47c5-82b3-3a77da0fcd1a,Genivaldo Lima,5,ótimo,0,2.4.14,2024-02-22 04:46:21,"Olá, tudo bem? Ficamos muito felizes em saber que tem gostado da sua experiência conosco! Caso tenha alguma sugestão, fique a vontade para entrar em contato com a gente. Equipe Localiza Meoo 💚",2024-02-26 07:48:44,com.localiza.meoo.app,pt,br,google_play
10815719-c0d7-4edf-9967-496375602358,Sidnei Gomes,3,"Aplicativo trava demais, dá erros demais, demora demais para trazer alguma informação útil. Precisa urgentemente de um trabalho sério de revisão por gente especializada em experiencia de usuário.",7,2.4.14,2024-02-20 15:16:00,"Olá, tudo bem? Gostaríamos de conversar com você para ajudá-lo, poderia entrar em contato conosco pelo e-mail sucessoclientemeoo@localiza.com? Equipe Localiza Meoo 💚",2024-02-26 07:45:35,com.localiza.meoo.app,pt,br,google_play
492b9f1b-3977-4bef-925f-ef798dfbcb5f,Luiz Kampff,5,Otimo. Muito bom.,0,2.4.8,2024-02-03 17:39:38,"Olá, tudo bem? Ficamos muito felizes em saber que tem gostado da sua experiência conosco! Caso tenha alguma sugestão, fique a vontade para entrar em contato com a gente. Equipe Localiza Meoo 💚",2024-02-05 07:47:06,com.localiza.meoo.app,pt,br,google_play
6833e7a5-823e-40e9-af9f-e8c7079d7a77,Alvaro tito Oliveira,5,O aplicativo é excelente,0,2.4.14,2024-02-03 06:56:40,"Olá, tudo bem? Ficamos muito felizes em saber que tem gostado da sua experiência conosco! Caso tenha alguma sugestão, fique a vontade para entrar em contato com a gente. Equipe Localiza Meoo 💚",2024-02-05 07:45:52,com.localiza.meoo.app,pt,br,google_play
b99af566-a297-4823-8f41-a3f06bb9d736,Eduardo Santos,5,Entrega bem o que promete,0,2.4.8,2024-02-03 06:23:09,"Olá, tudo bem? Ficamos muito felizes em saber que tem gostado da sua experiência conosco! Caso tenha alguma sugestão, fique a vontade para entrar em contato com a gente. Equipe Localiza Meoo 💚",2024-02-05 07:45:03,com.localiza.meoo.app,pt,br,google_play
b7dcab44-1777-48db-a2af-87add61947ae,Niwmar Honatel,5,App fácil de usar.,0,2.4.8,2024-02-02 06:09:44,"Olá, tudo bem? Ficamos muito felizes em saber que tem gostado da sua experiência conosco! Caso tenha alguma sugestão, fique a vontade para entrar em contato com a gente. Equipe Localiza Meoo 💚",2024-02-05 07:43:53,com.localiza.meoo.app,pt,br,google_play
5eaa2917-468e-4bd9-a9d9-65185682273c,Luisa de Marilac de Castro Leite,5,"Assinei o carro.prla Unidas e depois de um tempo me migraram pra Meoo. Gosto do serviço e do atendimento. Entregam o prometido. Estive com um Kwid por 48 meses e na próxima semana receberei um Fiat Argo zero. Sim, claro que seguirei com a experiência. É algo que recomendo.",10,2.4.8,2024-02-01 22:51:24,"Olá, tudo bem? Ficamos muito felizes em saber que tem gostado da sua experiência conosco! Caso tenha alguma sugestão, fique a vontade para entrar em contato com a gente. Equipe Localiza Meoo 💚",2024-02-05 07:42:10,com.localiza.meoo.app,pt,br,google_play
f0a8a0c3-8ff4-451d-b03a-ce1d7bd9e4c5,Filipe Camargo,1,"Antes de baixar o app de uma olhada no RECLAME AQUI, umas das priores empresas a se locar carro, desde semana passada nenhum atendente sabe resolver o problema, atendentes 0 app 0, Estou entrado com uma OBRIGAÇÃO DE FAZER COM MULTA DIARIA ! Vamos senão vai aparecer alguém que saiba trabalhar!!?? Não recomendo a ninguém se estão vindo ver os comentários EMPRESA LIXO NAO PRESTA CUIDADO !",3,2.4.8,2024-01-31 17:30:22,"Olá, tudo bem? Gostaríamos de conversar com você para ajudá-lo, poderia entrar em contato conosco pelo e-mail sucessoclientemeoo@localiza.com? Equipe Localiza Meoo 💚",2024-01-22 08:18:10,com.localiza.meoo.app,pt,br,google_play
aed27417-5036-4030-8d03-6b0292e2f388,Alexandre César,5,muito prático,0,2.4.8,2024-01-26 13:05:56,"Olá, tudo bem? Ficamos muito felizes em saber que tem gostado da sua experiência conosco! Caso tenha alguma sugestão, fique a vontade para entrar em contato com a gente. Equipe Localiza Meoo 💚",2024-01-29 07:31:03,com.localiza.meoo.app,pt,br,google_play
643abaf4-5376-4845-b1d9-895677f3c70c,Erika Teixeira,1,O app não funciona direito em meu celular,0,2.4.8,2024-01-24 18:05:04,"Olá, tudo bem? Gostaríamos de conversar com você para ajudá-lo, poderia entrar em contato conosco pelo e-mail sucessoclientemeoo@localiza.com? Equipe Localiza Meoo 💚",2024-01-29 07:22:46,com.localiza.meoo.app,pt,br,google_play
347ad7a4-cbbc-4ec6-a5c0-f67eb07b50cd,Fábio Figliolino,5,Ótimo,0,2.4.8,2024-01-21 17:08:17,"Olá, tudo bem? Ficamos muito felizes em saber que tem gostado da sua experiência conosco! Caso tenha alguma sugestão, fique a vontade para entrar em contato com a gente. Equipe Localiza Meoo 💚",2024-01-22 08:26:06,com.localiza.meoo.app,pt,br,google_play
8fa77c4a-1418-44a4-a483-1e12d4160a42,Salatiel Sobral,5,Top!!,0,2.4.8,2024-01-21 11:07:35,"Olá, tudo bem? Ficamos muito felizes em saber que tem gostado da sua experiência conosco! Caso tenha alguma sugestão, fique a vontade para entrar em contato com a gente. Equipe Localiza Meoo 💚",2024-01-22 08:24:57,com.localiza.meoo.app,pt,br,google_play
2d61ab58-5c5b-4f48-b9b7-2c80ee03fabd,Valteilton Júnior,5,Funcional,0,2.4.8,2024-01-18 11:49:44,"Olá, tudo bem? Ficamos muito felizes em saber que tem gostado da sua experiência conosco! Caso tenha alguma sugestão, fique a vontade para entrar em contato com a gente. Equipe Localiza Meoo 💚",2024-01-22 08:23:50,com.localiza.meoo.app,pt,br,google_play
299ab96e-3ce6-41c3-921f-b0032bf74ed3,Reginaldo Pereira,5,ótimo aplicativo bem explicativo...,0,2.4.8,2024-01-18 00:27:11,"Olá, tudo bem? Ficamos muito felizes em saber que tem gostado da sua experiência conosco! Caso tenha alguma sugestão, fique a vontade para entrar em contato com a gente. Equipe Localiza Meoo 💚",2024-01-22 08:22:46,com.localiza.meoo.app,pt,br,google_play
84cd4814-6c34-4ffe-8942-54b71f10ce16,Caroline Silveira,2,"O app nos últimos tempos vem dando muito problema, principalmente na inclusão de um cartão de crédito, não consigo, fica uma tela cinza, já abri chamado, já falei no suporte, ninguém consegue me ajudar.",4,2.4.6,2024-01-17 11:01:54,"Olá, tudo bem? Gostaríamos de conversar com você para ajudá-lo, poderia entrar em contato conosco pelo e-mail sucessoclientemeoo@localiza.com? Equipe Localiza Meoo 💚",2024-01-22 08:21:16,com.localiza.meoo.app,pt,br,google_play
cd5a7e55-797c-4adb-85ea-0d4dd6918909,Anny Bastos,5,App maravilhoso igualmente a atendente que me deu suporte ♥️,0,2.4.6,2024-01-16 07:01:48,"Olá, tudo bem? Ficamos muito felizes em saber que tem gostado da sua experiência conosco! Caso tenha alguma sugestão, fique a vontade para entrar em contato com a gente. Equipe Localiza Meoo 💚",2024-01-22 08:16:25,com.localiza.meoo.app,pt,br,google_play
96e8a8c8-df2d-4e6f-86eb-cc561c60d26b,Douglas Bullé,5,ótimo serviço,0,2.4.3,2024-01-15 19:55:06,"Olá, tudo bem? Ficamos muito felizes em saber que tem gostado da sua experiência conosco! Caso tenha alguma sugestão, fique a vontade para entrar em contato com a gente. Equipe Localiza Meoo 💚",2024-01-22 08:15:01,com.localiza.meoo.app,pt,br,google_play
a5ea69d5-63cf-40c1-a60e-e4bf62926280,Richardson Silva Nazareno,5,Maravilhoso,0,2.4.3,2024-01-15 15:26:44,"Olá, tudo bem? Ficamos muito felizes em saber que tem gostado da sua experiência conosco! Caso tenha alguma sugestão, fique a vontade para entrar em contato com a gente. Equipe Localiza Meoo 💚",2024-01-22 08:14:07,com.localiza.meoo.app,pt,br,google_play
e2c021f4-7bb6-4e03-a7e8-dc9b9a50caf1,Rosane Marchand,5,"O app informa sobre atauluzoes a cada acesso. Fora isso, fácil usar, tem uma boa usabilidade e performance. Estou gostando da experiência.",0,,2024-01-15 06:43:06,"Olá, tudo bem? Ficamos muito felizes em saber que tem gostado da sua experiência conosco! Caso tenha alguma sugestão, fique a vontade para entrar em contato com a gente. Equipe Localiza Meoo 💚",2024-01-22 08:12:35,com.localiza.meoo.app,pt,br,google_play
bedd54ad-5033-4216-bbc9-724d4319a0c3,Wandercladyson de sá santos,5,Ótimo,0,2.4.3,2024-01-14 19:07:49,"Olá, tudo bem? Ficamos muito felizes em saber que tem gostado da sua experiência conosco! Caso tenha alguma sugestão, fique a vontade para entrar em contato com a gente. Equipe Localiza Meoo 💚",2024-01-22 08:11:11,com.localiza.meoo.app,pt,br,google_play
fe4d5cdb-a7c4-4829-b884-d10dfb5a3b46,Joab Sousa,4,Bom e prático.,0,2.4.3,2024-01-14 12:48:00,"Olá, tudo bem? Ficamos muito felizes em saber que tem gostado da sua experiência conosco! Caso tenha alguma sugestão, fique a vontade para entrar em contato com a gente. Equipe Localiza Meoo 💚",2024-01-22 08:08:21,com.localiza.meoo.app,pt,br,google_play
7fd9ee0f-4aba-4ea5-ba56-8a3fe0e2ce3f,Newton Francisco Zambonini Ferreira,5,"A experiência está sendo ótima, tanto no app quanto no Contrato com a LOCALIZA.",1,2.4.6,2024-01-14 09:38:21,"Olá, tudo bem? Ficamos muito felizes em saber que tem gostado da sua experiência conosco! Caso tenha alguma sugestão, fique a vontade para entrar em contato com a gente. Equipe Localiza Meoo 💚",2024-01-22 08:07:13,com.localiza.meoo.app,pt,br,google_play
526a19e8-ee79-4eb0-8838-28e4453f33f0,Fabricio Caetano,3,"Instável, por exemplo agora, tento atualizar conforme orientação do mesmo e não executa o processo...aff",0,2.4.3,2024-01-13 11:39:10,"Olá, tudo bem? Gostaríamos de conversar com você para ajudá-lo, poderia entrar em contato conosco pelo e-mail sucessoclientemeoo@localiza.com? Equipe Localiza Meoo 💚",2024-01-22 07:47:39,com.localiza.meoo.app,pt,br,google_play
be493069-8efb-4674-bc89-4ee7b5b6a386,Ari Campos,5,"O app tem ótima funcionalidade! Ainda não fiz agendadamentos, vai funcionar!",0,2.4.3,2024-01-13 10:40:15,"Olá, tudo bem? Ficamos muito felizes em saber que tem gostado da sua experiência conosco! Caso tenha alguma sugestão, fique a vontade para entrar em contato com a gente. Equipe Localiza Meoo 💚",2024-01-22 07:45:53,com.localiza.meoo.app,pt,br,google_play
b5894c42-b346-4ee1-aea3-99406be0b570,Flavio Eduardo Mariano Dias,3,"Não temos um suporte para saber em que localização exata está o carro, a informação de entrega é muito vaga",0,2.4.3,2024-01-12 14:43:27,"Olá, tudo bem? Gostaríamos de conversar com você para ajudá-lo, poderia entrar em contato conosco pelo e-mail sucessoclientemeoo@localiza.com? Equipe Localiza Meoo 💚",2024-01-22 07:43:52,com.localiza.meoo.app,pt,br,google_play
610869fa-b9f1-460c-b7e6-537a4782c9e0,Alexandre Canaril Buenos Aires,3,"Aparece mensagem pedindo para atualizar porém, não tem nenhuma atualização para fazer e o sistema não atualiza as informações, fica travado.",0,2.4.3,2024-01-12 13:29:52,"Olá, tudo bem? Gostaríamos de conversar com você para ajudá-lo, poderia entrar em contato conosco pelo e-mail sucessoclientemeoo@localiza.com? Equipe Localiza Meoo 💚",2024-01-22 07:40:37,com.localiza.meoo.app,pt,br,google_play
43498e57-863e-48e0-956c-5544b307dc62,jose caetano,5,De fácil utilização.,0,2.4.3,2024-01-12 12:30:44,"Olá, tudo bem? Ficamos muito felizes em saber que tem gostado da sua experiência conosco! Caso tenha alguma sugestão, fique a vontade para entrar em contato com a gente. Equipe Localiza Meoo 💚",2024-01-22 07:38:57,com.localiza.meoo.app,pt,br,google_play
d2cdddba-3831-4a9c-b7e8-37bd8268e814,Patrícia Mello,1,O aplicativo demora pra carregar as informações e da erro com frequência!,0,2.4.3,2024-01-12 10:19:56,"Olá, tudo bem? Gostaríamos de conversar com você para ajudá-lo, poderia entrar em contato conosco pelo e-mail sucessoclientemeoo@localiza.com? Equipe Localiza Meoo 💚",2024-01-22 07:36:59,com.localiza.meoo.app,pt,br,google_play
da83f66a-7f70-445e-99fc-138b4b8d7188,Thiago Siqueira Lovatine,5,"Fala que tem atualização, mas não tem, excelente hahahaha",0,2.4.3,2024-01-12 09:56:22,"Olá, tudo bem? Gostaríamos de conversar com você para ajudá-lo, poderia entrar em contato conosco pelo e-mail sucessoclientemeoo@localiza.com? Equipe Localiza Meoo 💚",2024-01-22 07:33:26,com.localiza.meoo.app,pt,br,google_play
fc94f433-f51e-4b72-8bfe-fd588c81178a,robson sousa,4,Aplicativo bom,0,2.4.3,2024-01-12 09:37:22,"Olá, tudo bem? Ficamos muito felizes em saber que tem gostado da sua experiência conosco! Caso tenha alguma sugestão, fique a vontade para entrar em contato com a gente. Equipe Localiza Meoo 💚",2024-01-22 07:29:49,com.localiza.meoo.app,pt,br,google_play
1849beb4-9328-44eb-886f-56c751e11c4a,lucas Cruz,1,"Pra vender e fechar contrato é um mellll,pra encerrar,nem no procon vai,pois as coisas estão tão feia que já começa pela forma que eles trabalha no Brasil,pega o carro 40% abaixo do valor ,empurra nas pessoas na hora de acertar as coisas é a maior dificuldade",0,2.4.3,2024-01-12 09:04:01,"Olá, tudo bem? Gostaríamos de conversar com você para ajudá-lo, poderia entrar em contato conosco pelo e-mail sucessoclientemeoo@localiza.com? Equipe Localiza Meoo 💚",2024-01-19 08:53:56,com.localiza.meoo.app,pt,br,google_play
2a9702c0-0aff-4d7f-b5c2-cf341b6a77e0,Luiz Nunes,5,Estou muito satisfeito com o atendimento,0,2.4.3,2024-01-12 07:24:27,"Olá, tudo bem? Ficamos muito felizes em saber que tem gostado da sua experiência conosco! Caso tenha alguma sugestão, fique a vontade para entrar em contato com a gente. Equipe Localiza Meoo 💚

",2024-01-19 08:51:39,com.localiza.meoo.app,pt,br,google_play
48379cbd-0a0f-42a4-b357-cdcd7624d508,Nuno Santa Maria,5,Excelente,0,2.4.3,2024-01-12 05:37:05,"Olá, tudo bem? Ficamos muito felizes em saber que tem gostado da sua experiência conosco! Caso tenha alguma sugestão, fique a vontade para entrar em contato com a gente. Equipe Localiza Meoo 💚

",2024-01-19 08:50:49,com.localiza.meoo.app,pt,br,google_play
97971238-37ef-4c1a-8e94-a49952970d9f,MAYCON LAURINDO,5,Ótimo,0,2.4.3,2024-01-12 01:58:55,"Olá, tudo bem? Ficamos muito felizes em saber que tem gostado da sua experiência conosco! Caso tenha alguma sugestão, fique a vontade para entrar em contato com a gente. Equipe Localiza Meoo 💚

",2024-01-19 08:49:37,com.localiza.meoo.app,pt,br,google_play
ca23ed43-9be4-4b43-bfe2-9ca1a391c75a,Roberto anacleto D.j,5,Bem específico,0,,2024-01-11 22:00:31,"Olá, tudo bem? Ficamos muito felizes em saber que tem gostado da sua experiência conosco! Caso tenha alguma sugestão, fique a vontade para entrar em contato com a gente. Equipe Localiza Meoo 💚

",2024-01-19 08:47:24,com.localiza.meoo.app,pt,br,google_play
60072b0b-264b-4a2f-8840-05b9902f5227,Fabio Oliveira,1,"Não gostei. Pouca informação e a que tem é desatualizada, a exemplo do carro provisório que ja peguei ha muito tempo e nada de atualizar as informações.",1,2.4.3,2024-01-11 21:51:02,"Olá, tudo bem? Gostaríamos de conversar com você para ajudá-lo, poderia entrar em contato conosco pelo e-mail sucessoclientemeoo@localiza.com? Equipe Localiza Meoo 💚",2024-01-19 08:45:11,com.localiza.meoo.app,pt,br,google_play
3ab3d20b-fff2-41da-a3bd-26eff67ab96b,Carlos Chiarelli,3,Pede pra ATUALIZAR mas não abre,1,,2024-01-11 18:42:55,"Olá, tudo bem? Gostaríamos de conversar com você para ajudá-lo, poderia entrar em contato conosco pelo e-mail sucessoclientemeoo@localiza.com? Equipe Localiza Meoo 💚",2024-01-19 08:38:11,com.localiza.meoo.app,pt,br,google_play
9a5af058-e1df-4114-ba06-cb74553229c0,luiz soares,5,Muito bom,0,2.4.3,2024-01-11 17:51:58,"Olá, tudo bem? Ficamos muito felizes em saber que tem gostado da sua experiência conosco! Caso tenha alguma sugestão, fique a vontade para entrar em contato com a gente. Equipe Localiza Meoo 💚",2024-01-19 08:34:00,com.localiza.meoo.app,pt,br,google_play
74db201c-c264-43a8-93c5-a7d046cbe11d,Rogerio Souza,5,"Ótimo aplicativo, funcional, rápido, dinâmica e alto explicativo",0,,2024-01-11 17:03:54,"Olá, tudo bem? Ficamos muito felizes em saber que tem gostado da sua experiência conosco! Caso tenha alguma sugestão, fique a vontade para entrar em contato com a gente. Equipe Localiza Meoo 💚",2024-01-19 08:30:43,com.localiza.meoo.app,pt,br,google_play
b8c1a519-9768-44e7-990f-42f133714370,Julio Cesar Pereira,5,legal,0,2.4.3,2024-01-10 14:38:11,"Olá, tudo bem? Ficamos muito felizes em saber que tem gostado da sua experiência conosco! Caso tenha alguma sugestão, fique a vontade para entrar em contato com a gente. Equipe Localiza Meoo 💚",2024-01-19 08:29:53,com.localiza.meoo.app,pt,br,google_play
26fa2bc5-63ff-4783-b296-648f44e5a7f3,Joao Santucci,3,"O aplicativo tem funcionado razoavelmente bem. Porém para marcar revisão/ manutenção, acho muito complicado. Difícil de editar ou modificar datas. Poderiam procurar melhorar isso.",6,2.4.3,2024-01-10 08:37:49,"Olá, tudo bem? Ficamos muito felizes em saber que tem gostado da sua experiência conosco! Para o que precisar, conte com a gente! Equipe Localiza Meoo 💚",2023-04-03 09:25:11,com.localiza.meoo.app,pt,br,google_play
73e36624-c755-478e-9a7f-79062111927c,Carlos Antonio Felipe,5,Simples e amigável,0,2.4.3,2024-01-09 19:47:57,"Olá, tudo bem? Ficamos muito felizes em saber que tem gostado da sua experiência conosco! Caso tenha alguma sugestão, fique a vontade para entrar em contato com a gente. Equipe Localiza Meoo 💚",2024-01-10 07:30:32,com.localiza.meoo.app,pt,br,google_play
a0cc7ff6-616c-4875-b662-4be79777fb25,Antonio Martins,1,"Atendimento impessoal, tudo por IA via W Zap, falharam no atendimento inicial ao analisar o meu perfil de negócio e mais ainda no pós venda...Quero devolver o carro. A Localiza Meoo conhecendo o perfil da minha empresa após análise do meu cadastro dispuseram um veículo com documentação irregular para minha atividade e sem reparação da situaçao até o momento.Última vez que fazemos negócios Localiza. Não recomendo.",0,2.4.3,2024-01-08 23:00:10,"Olá, tudo bem? Gostaríamos de conversar com você para ajudá-lo, poderia entrar em contato conosco pelo e-mail sucessoclientemeoo@localiza.com? Equipe Localiza Meoo 💚",2024-01-10 07:35:41,com.localiza.meoo.app,pt,br,google_play
2754a40d-1a96-4d82-9de0-2b3277c23eac,No way,1,Localiza tem um péssimo atendimento!,0,2.4.3,2024-01-08 11:19:26,"Olá, tudo bem? Gostaríamos de conversar com você para ajudá-lo, poderia entrar em contato conosco pelo e-mail sucessoclientemeoo@localiza.com? Equipe Localiza Meoo 💚",2024-01-10 07:35:27,com.localiza.meoo.app,pt,br,google_play
23df94f0-0cfa-4349-9eb0-6dbdf462d757,Ricardo de Freitas,5,"Excelente qualidade, custo e benefício 😉👍",0,2.4.3,2024-01-06 20:48:32,"Olá, tudo bem? Ficamos muito felizes em saber que tem gostado da sua experiência conosco! Caso tenha alguma sugestão, fique a vontade para entrar em contato com a gente. Equipe Localiza Meoo 💚",2024-01-10 07:29:45,com.localiza.meoo.app,pt,br,google_play
8957616f-e44e-407f-9474-3c3a0b1374ed,Melchior Neto,3,Não consigo realizar o agendamento de um serviço ou uma revisão via app. Ele não está permitindo a seleção da cidade após a exibição da lista para a seleção. Fica travado.,2,2.4.3,2024-01-05 09:18:22,"Olá, tudo bem? Gostaríamos de conversar com você para ajudá-lo, poderia entrar em contato conosco pelo e-mail sucessoclientemeoo@localiza.com? Equipe Localiza Meoo 💚",2024-01-10 07:34:23,com.localiza.meoo.app,pt,br,google_play
69250a77-ee5a-4cd3-a919-18a8b1afe5d1,Fabio Silva,5,"App fácil e intuitivo, interface limpa. Parabéns aos Dev's",0,2.4.3,2024-01-04 12:32:15,"Olá, tudo bem? Ficamos muito felizes em saber que tem gostado da sua experiência conosco! Caso tenha alguma sugestão, fique a vontade para entrar em contato com a gente. Equipe Localiza Meoo 💚",2024-01-10 07:29:29,com.localiza.meoo.app,pt,br,google_play
8fd1d211-c46f-46b6-b665-848f15d92b96,Alexandro Queiroz,5,facil acesso no app,0,2.4.3,2024-01-03 20:48:47,"Olá, tudo bem? Ficamos muito felizes em saber que tem gostado da sua experiência conosco! Caso tenha alguma sugestão, fique a vontade para entrar em contato com a gente. Equipe Localiza Meoo 💚",2024-01-10 07:29:14,com.localiza.meoo.app,pt,br,google_play
9e1a207d-4340-4791-bc6f-a34a22c1d15a,Delícias da Isa,5,Experiência ótima ! Estou adorando utilizar os serviços localiza meoo,0,2.4.3,2024-01-02 12:48:57,"Olá, tudo bem? Ficamos muito felizes em saber que tem gostado da sua experiência conosco! Caso tenha alguma sugestão, fique a vontade para entrar em contato com a gente. Equipe Localiza Meoo 💚",2024-01-10 07:28:55,com.localiza.meoo.app,pt,br,google_play
e8f5bb51-120e-4cb1-8186-840e02df9053,Luan Filipe Morandi,5,Um carro pra chamar de Meoo,0,2.4.3,2023-12-31 19:00:38,"Olá, tudo bem? Ficamos muito felizes em saber que tem gostado da sua experiência conosco! Caso tenha alguma sugestão, fique a vontade para entrar em contato com a gente. Equipe Localiza Meoo 💚",2024-01-10 07:28:47,com.localiza.meoo.app,pt,br,google_play
3436a3f9-7908-48f4-af0f-ec4c2ecd5b08,silas alves dos santos,5,top,0,2.4.3,2023-12-28 08:49:43,"Olá, tudo bem? Ficamos muito felizes em saber que tem gostado da sua experiência conosco! Caso tenha alguma sugestão, fique a vontade para entrar em contato com a gente. Equipe Localiza Meoo 💚",2024-01-10 07:28:24,com.localiza.meoo.app,pt,br,google_play
e337991f-1a1d-4f39-8027-0c44dfbb4fd3,Lucimar Moura de arruda,5,Tóp demais resolvi tudo por aplicarivo*****,0,2.4.3,2023-12-23 11:54:32,"Olá, tudo bem? Ficamos muito felizes em saber que tem gostado da sua experiência conosco! Caso tenha alguma sugestão, fique a vontade para entrar em contato com a gente. Equipe Localiza Meoo 💚",2024-01-10 07:27:57,com.localiza.meoo.app,pt,br,google_play
75a6abce-75bf-487d-bd8a-d9126cb1ed7b,EVANDRO CARVALHO,5,muito bom,0,2.4.3,2023-12-22 09:56:10,"Olá, tudo bem? Ficamos muito felizes em saber que tem gostado da sua experiência conosco! Caso tenha alguma sugestão, fique a vontade para entrar em contato com a gente. Equipe Localiza Meoo 💚",2024-01-10 07:27:47,com.localiza.meoo.app,pt,br,google_play
a7feaaf6-cc10-44b2-8647-d6b9202fe46c,ISC BIO,5,Prático e eficiente!,0,2.4.3,2023-12-22 00:25:20,"Olá, tudo bem? Ficamos muito felizes em saber que tem gostado da sua experiência conosco! Caso tenha alguma sugestão, fique a vontade para entrar em contato com a gente. Equipe Localiza Meoo 💚",2024-01-10 07:27:30,com.localiza.meoo.app,pt,br,google_play
09913367-e8ff-42f8-84b6-975b50dfb336,Altemir Cangussu de Oliveira,5,Pratico,0,2.4.3,2023-12-18 14:35:30,"Olá, tudo bem? Ficamos muito felizes em saber que tem gostado da sua experiência conosco! Caso tenha alguma sugestão, fique a vontade para entrar em contato com a gente. Equipe Localiza Meoo 💚",2023-12-20 14:41:56,com.localiza.meoo.app,pt,br,google_play
89ef2f40-916d-4f62-9ada-066a917ed729,Jhon conceição,5,Muito bom,0,2.4.3,2023-12-15 21:06:08,"Olá, tudo bem? Ficamos muito felizes em saber que tem gostado da sua experiência conosco! Caso tenha alguma sugestão, fique a vontade para entrar em contato com a gente. Equipe Localiza Meoo 💚",2023-12-20 14:41:36,com.localiza.meoo.app,pt,br,google_play
b846b689-3cfb-40f2-b2b5-d77dcadcef45,Daniel Carneiro Correia Linhares,5,fácil,0,2.4.3,2023-12-13 16:58:26,"Olá, tudo bem? Ficamos muito felizes em saber que tem gostado da sua experiência conosco! Caso tenha alguma sugestão, fique a vontade para entrar em contato com a gente. Equipe Localiza Meoo 💚",2023-12-20 14:41:26,com.localiza.meoo.app,pt,br,google_play
81ef0990-0054-426a-8bdc-6ea69ae2ce77,Erivaldo De Paiva,5,Muito bom,0,2.4.0,2023-12-12 10:58:25,"Olá, tudo bem? Ficamos muito felizes em saber que tem gostado da sua experiência conosco! Caso tenha alguma sugestão, fique a vontade para entrar em contato com a gente. Equipe Localiza Meoo 💚",2023-12-20 14:41:08,com.localiza.meoo.app,pt,br,google_play
c0d941ab-5006-404c-8e18-959fd8f59974,Augusto Miranda,5,muito bom,0,2.4.3,2023-12-11 19:29:49,"Olá, tudo bem? Ficamos muito felizes em saber que tem gostado da sua experiência conosco! Caso tenha alguma sugestão, fique a vontade para entrar em contato com a gente. Equipe Localiza Meoo 💚",2023-12-20 14:41:00,com.localiza.meoo.app,pt,br,google_play
933706ef-5db3-4fec-a01e-2feaa066dde7,Santos Colorado,5,Ótima,0,2.4.3,2023-12-10 13:39:31,"Olá, tudo bem? Ficamos muito felizes em saber que tem gostado da sua experiência conosco! Caso tenha alguma sugestão, fique a vontade para entrar em contato com a gente. Equipe Localiza Meoo 💚",2023-12-20 14:40:51,com.localiza.meoo.app,pt,br,google_play
e2d73137-4623-4660-b0bf-1319626f217a,marinalva santos,5,tô satisfeito,0,2.4.0,2023-12-06 14:03:52,"Olá, tudo bem? Ficamos muito felizes em saber que tem gostado da sua experiência conosco! Caso tenha alguma sugestão, fique a vontade para entrar em contato com a gente. Equipe Localiza Meoo 💚",2023-12-20 14:40:32,com.localiza.meoo.app,pt,br,google_play
279a4257-f3b0-4178-b6a5-bca5ea08bb54,Daniel Schulz,4,"Bom aplicativo, mas poderia ter uma opção pra gente alugar um outro carro no RAC por ele.",0,2.4.0,2023-12-06 08:37:12,"Olá, tudo bem? Gostaríamos de conversar com você para ajudá-lo, poderia entrar em contato conosco pelo e-mail sucessoclientemeoo@localiza.com? Equipe Localiza Meoo 💚",2023-12-20 14:43:02,com.localiza.meoo.app,pt,br,google_play
3840cc6f-d76f-4011-99de-bdc62a5fd030,Felipe Saviotte,5,Excelente APP.,0,2.4.0,2023-12-04 20:22:02,"Olá, tudo bem? Ficamos muito felizes em saber que tem gostado da sua experiência conosco! Caso tenha alguma sugestão, fique a vontade para entrar em contato com a gente. Equipe Localiza Meoo 💚",2023-12-20 14:40:03,com.localiza.meoo.app,pt,br,google_play
1f572a19-41ce-49c9-917d-392a6e298d69,Eduardo Waleski,5,"Fácil, prático e simples de acompanhar.",0,2.4.0,2023-12-04 16:00:25,"Olá, tudo bem? Ficamos muito felizes em saber que tem gostado da sua experiência conosco! Caso tenha alguma sugestão, fique a vontade para entrar em contato com a gente. Equipe Localiza Meoo 💚",2023-12-20 14:39:55,com.localiza.meoo.app,pt,br,google_play
348a046f-54d8-47ba-b0e2-2f815fa79d6e,Elias Francisco,5,"rapidez, boas informações durante as negociações",0,2.4.0,2023-12-01 05:25:38,"Olá, tudo bem? Ficamos muito felizes em saber que tem gostado da sua experiência conosco! Caso tenha alguma sugestão, fique a vontade para entrar em contato com a gente. Equipe Localiza Meoo 💚",2023-12-20 14:39:23,com.localiza.meoo.app,pt,br,google_play
ef1954c2-0e4b-4f08-a8ee-10c442a32bd1,luyara prantl,5,Super indico e tô apaixonada pelo Meoo,0,2.4.0,2023-11-28 19:07:22,"Olá, tudo bem? Ficamos muito felizes em saber que tem gostado da sua experiência conosco! Caso tenha alguma sugestão, fique a vontade para entrar em contato com a gente. Equipe Localiza Meoo 💚",2023-12-20 14:34:47,com.localiza.meoo.app,pt,br,google_play
53b9e3cc-e821-4893-b91b-e5e36d596281,Joao Sabino,1,"Não consigo instalar - vem um feedback de que o app será instalado em breve, mas nada acontece ...",0,2.4.0,2023-11-28 16:24:49,"Olá, tudo bem? Gostaríamos de conversar com você para ajudá-lo, poderia entrar em contato conosco pelo e-mail sucessoclientemeoo@localiza.com? Equipe Localiza Meoo 💚",2023-12-20 14:36:24,com.localiza.meoo.app,pt,br,google_play
163b70f4-d692-4118-93d8-83b2e19e2cfa,Leonardo Queiroz,1,"Estou tentando alterar o cartão há dias, aparece que está ok porém quando vou verificar o cartão não está instalado",0,,2023-11-24 06:29:17,"Olá, tudo bem? Gostaríamos de conversar com você para ajudá-lo, poderia entrar em contato conosco pelo e-mail sucessoclientemeoo@localiza.com? Equipe Localiza Meoo 💚",2023-11-28 09:15:21,com.localiza.meoo.app,pt,br,google_play
1218e6b3-74a1-4aa9-8549-3a3d19e4e908,Normann Kallmus,4,"pode melhorar, mas está ok",0,2.4.0,2023-11-23 11:33:30,"Olá, tudo bem? Ficamos muito felizes em saber que tem gostado da sua experiência conosco! Caso tenha alguma sugestão, fique a vontade para entrar em contato com a gente. Equipe Localiza Meoo 💚",2023-11-28 09:13:23,com.localiza.meoo.app,pt,br,google_play
9cb0a8f4-a11d-4990-bbf4-15c4d1fe687d,Zamma Reis,5,Foi o melhor negócio automotivo que já realizei.,0,2.4.0,2023-11-23 09:43:30,"Olá, tudo bem? Ficamos muito felizes em saber que tem gostado da sua experiência conosco! Para o que precisar, conte com a gente! Equipe Localiza Meoo 💚",2023-11-28 09:11:33,com.localiza.meoo.app,pt,br,google_play
15391dbf-a0e5-4fb1-baa4-54d8bef4ed29,Gilson de Freitas Freitas,5,Muito bom e fácil de manozear,0,2.4.0,2023-11-22 16:52:13,"Olá, tudo bem? Ficamos muito felizes em saber que tem gostado da sua experiência conosco! Para o que precisar, conte com a gente! Equipe Localiza Meoo 💚",2023-11-28 09:09:58,com.localiza.meoo.app,pt,br,google_play
8fa95f02-fff7-4ed4-91d2-9b4be385d6b3,Gerencia Boizão,5,Rápido e eficaz,0,2.3.24,2023-11-22 08:38:21,"Olá, tudo bem? Ficamos muito felizes em saber que tem gostado da sua experiência conosco! Para o que precisar, conte com a gente! Equipe Localiza Meoo 💚",2023-11-28 09:09:44,com.localiza.meoo.app,pt,br,google_play
6f945a94-2fc2-49a4-b7de-6848016b72f4,josimar moreira de souza,4,Bom app,0,2.4.0,2023-11-19 18:07:10,"Olá, tudo bem? Ficamos muito felizes em saber que tem gostado da sua experiência conosco! Para o que precisar, conte com a gente! Equipe Localiza Meoo 💚",2023-11-28 09:09:32,com.localiza.meoo.app,pt,br,google_play
55b4a2f7-cd19-4d15-b5dd-24cd04628b9f,FABIO ANTONIO Barbosa,5,Bom aplicativo. Tem evoluído ao longo do tempo.,0,2.3.21,2023-11-17 20:15:30,"Olá, tudo bem? Ficamos muito felizes em saber que tem gostado da sua experiência conosco! Para o que precisar, conte com a gente! Equipe Localiza Meoo 💚",2023-08-28 16:28:07,com.localiza.meoo.app,pt,br,google_play
67682164-f71a-4464-abbe-3621e83e5374,Helio Iti,2,Pane Bug não entra demora fica ... Hacker,0,,2023-11-17 15:00:04,"Olá, tudo bem? Gostaríamos de conversar com você para ajudá-lo, poderia entrar em contato conosco pelo e-mail sucessoclientemeoo@localiza.com? Equipe Localiza Meoo 💚",2023-11-28 09:15:46,com.localiza.meoo.app,pt,br,google_play
4b04761c-512c-466e-9c14-26eb76591c46,Carlos Lima,5,Fácil de usar.,0,2.4.0,2023-11-16 13:37:40,"Olá, tudo bem? Ficamos muito felizes em saber que tem gostado da sua experiência conosco! Para o que precisar, conte com a gente! Equipe Localiza Meoo 💚",2023-11-28 09:16:09,com.localiza.meoo.app,pt,br,google_play
aae29389-0736-4400-ae05-e11fb4d03658,Luiz Augusto C. Vieira,5,Ótima,0,2.4.0,2023-11-16 09:52:43,"Olá, tudo bem? Ficamos muito felizes em saber que tem gostado da sua experiência conosco! Para o que precisar, conte com a gente! Equipe Localiza Meoo 💚",2023-11-28 09:16:20,com.localiza.meoo.app,pt,br,google_play
5a9cebbf-d024-431a-8feb-275b6e5603f8,Ciro Franklin Perrella,1,Não aceita e-mail cadastrado,0,2.3.24,2023-11-13 14:37:04,"Olá, tudo bem? Gostaríamos de conversar com você para ajudá-lo, poderia entrar em contato conosco pelo e-mail sucessoclientemeoo@localiza.com? Equipe Localiza Meoo 💚",2023-11-28 09:14:20,com.localiza.meoo.app,pt,br,google_play
9a87b2b0-e165-4702-b569-4782e452248b,Eduardo Ribeiro,5,legal,0,2.3.24,2023-11-09 15:01:21,"Olá, tudo bem? Ficamos muito felizes em saber que tem gostado da sua experiência conosco! Para o que precisar, conte com a gente! Equipe Localiza Meoo 💚",2023-11-28 09:14:51,com.localiza.meoo.app,pt,br,google_play
d7211cf6-167c-4266-8e4b-3a8b8d118ba6,Augusto Beserra,4,"Acabei de instalar para acompanhar o processo do carro por assinatura e desde ontem, não consigo acessar da erro e pede p retornar e tentar Mais tarde mas nada, depois de alguns dias entrou normalmente, aplicativo bem didático, simples e direto pelo que se propõem",7,2.3.24,2023-11-08 17:16:26,"Olá, tudo bem? Gostaríamos de conversar com você para ajudá-lo, poderia entrar em contato conosco pelo e-mail sucessoclientemeoo@localiza.com? Equipe Localiza Meoo 💚",2023-11-06 11:24:08,com.localiza.meoo.app,pt,br,google_play
ede48f73-eae5-43f0-8daf-5fada11cd9a6,Gleison Luz,1,"O APP não abre, dá mensagem de erro, exclui e instalei o erro persiste.",0,2.3.24,2023-11-07 16:54:37,"Olá, tudo bem? Gostaríamos de conversar com você para ajudá-lo, poderia entrar em contato conosco pelo e-mail sucessoclientemeoo@localiza.com? Equipe Localiza Meoo 💚",2023-11-08 10:39:54,com.localiza.meoo.app,pt,br,google_play
f1787a98-57e1-432f-b8e9-a0bd48590fbf,Marcelo Januario,5,muito prático e fácil de usar,0,2.3.24,2023-11-07 09:06:15,"Olá, tudo bem? Ficamos muito felizes em saber que tem gostado da sua experiência conosco! Para o que precisar, conte com a gente! Equipe Localiza Meoo 💚",2023-11-08 10:39:35,com.localiza.meoo.app,pt,br,google_play
86ae6a3d-4f04-4c99-a451-e44c612284be,Elias Maciel,5,ótimo atendimento,0,2.3.24,2023-11-06 18:32:43,"Olá, tudo bem? Ficamos muito felizes em saber que tem gostado da sua experiência conosco! Para o que precisar, conte com a gente! Equipe Localiza Meoo 💚",2023-11-08 10:39:27,com.localiza.meoo.app,pt,br,google_play
0d35a0f6-a4a3-4a0b-92cc-03308138f141,Luiz Gustavo Bustamante,5,Ótimo app excelente recomendo,0,2.3.24,2023-11-05 23:43:14,"Olá, tudo bem? Ficamos muito felizes em saber que tem gostado da sua experiência conosco! Para o que precisar, conte com a gente! Equipe Localiza Meoo 💚",2023-11-06 11:24:35,com.localiza.meoo.app,pt,br,google_play
0225593a-6639-41eb-a676-b7be9ac1d282,Ferreira Ferreira Lima,5,Òtimo!,0,2.3.24,2023-11-03 16:21:27,"Olá, tudo bem? Ficamos muito felizes em saber que tem gostado da sua experiência conosco! Para o que precisar, conte com a gente! Equipe Localiza Meoo 💚",2023-11-06 11:24:26,com.localiza.meoo.app,pt,br,google_play
e9e098f4-c7ed-4238-8fee-a1d714f1325b,Marilei Hofmann,1,Complicado demais,0,2.3.9,2023-11-02 07:26:51,"Olá, tudo bem? Gostaríamos de conversar com você para ajudá-lo, poderia entrar em contato conosco pelo e-mail sucessoclientemeoo@localiza.com? Equipe Localiza Meoo 💚",2023-11-06 11:23:52,com.localiza.meoo.app,pt,br,google_play
4dec511c-a6cb-4ec4-9a5a-d7f6068269a7,Alexandre Reis,1,Impossível logar. Dá erro sempre. App inútil.,0,2.3.24,2023-11-01 20:53:17,"Olá, tudo bem? Gostaríamos de conversar com você para ajudá-lo, poderia entrar em contato conosco pelo e-mail sucessoclientemeoo@localiza.com? Equipe Localiza Meoo 💚",2023-11-06 11:23:44,com.localiza.meoo.app,pt,br,google_play
1d037e6b-497e-4c43-a334-8c0b70dcc6f3,Jorge Rodrigues,2,Não consigo agendar serviços. o campo de cidade não seleciona.,0,2.3.21,2023-10-31 15:01:03,"Olá, tudo bem? Gostaríamos de conversar com você para ajudá-lo, poderia entrar em contato conosco pelo e-mail sucessoclientemeoo@localiza.com? Equipe Localiza Meoo 💚",2023-11-01 10:17:06,com.localiza.meoo.app,pt,br,google_play
642ca29c-5dfd-4f8b-aa4c-d889306b70de,JosyCleyton Jesus,5,Muito atenciosos,0,2.3.21,2023-10-31 10:16:05,"Olá, tudo bem? Ficamos muito felizes em saber que tem gostado da sua experiência conosco! Para o que precisar, conte com a gente! Equipe Localiza Meoo 💚",2023-11-01 10:16:47,com.localiza.meoo.app,pt,br,google_play
eae4bd90-4eea-4d59-99be-61aed5a6cc63,Sul Calçados Representações,5,maravilhoso,0,2.3.22,2023-10-31 00:47:17,"Olá, tudo bem? Ficamos muito felizes em saber que tem gostado da sua experiência conosco! Para o que precisar, conte com a gente! Equipe Localiza Meoo 💚",2023-11-01 10:16:41,com.localiza.meoo.app,pt,br,google_play
c1f460ed-1b74-419c-b708-a96097bc04e2,Marsilon Malaspina,5,Muito bom. Rápido e prático.,0,2.3.21,2023-10-28 10:02:57,"Olá, tudo bem? Ficamos muito felizes em saber que tem gostado da sua experiência conosco! Para o que precisar, conte com a gente! Equipe Localiza Meoo 💚",2023-11-01 10:16:33,com.localiza.meoo.app,pt,br,google_play
b2eae1ec-7bd9-4aa6-89e7-602141819d9d,Sérgio Querido,5,Excelente aplicativo. Atendeu todas as minhas necessidades.,0,2.3.21,2023-10-27 08:47:09,"Olá, tudo bem? Ficamos muito felizes em saber que tem gostado da sua experiência conosco! Para o que precisar, conte com a gente! Equipe Localiza Meoo 💚",2023-11-01 10:16:10,com.localiza.meoo.app,pt,br,google_play
9a7c0643-3bf7-4554-8ba8-08ca7fa0d727,luiz maya,5,ótimo,0,2.3.21,2023-10-26 10:02:44,"Olá, tudo bem? Ficamos muito felizes em saber que tem gostado da sua experiência conosco! Para o que precisar, conte com a gente! Equipe Localiza Meoo 💚",2023-10-26 16:22:54,com.localiza.meoo.app,pt,br,google_play
6a71abe9-8b9f-4420-a78c-828292d97c3b,Lua Flor de Assis,1,"Cansada de tentar acessar esse app... sempre tem problemas... não abre, congela, de Abre não tem nenhum informação atualizada... Já liguei reclamando sobre isso várias vezes e nada! importante ter... E seria tão importante de funcionasse como era antes na época da UNIDAS... Pra ser sincera, aqui nesse app só consta informações sobre o meu outro contrato que já encerrou... Nada sobre meu contrato atual... Poderiam por gentileza resolver isso??????",11,2.3.21,2023-10-23 19:26:46,"Olá, tudo bem? Gostaríamos de conversar com você para ajudá-lo, poderia entrar em contato conosco pelo e-mail sucessoclientemeoo@localiza.com? Equipe Localiza Meoo 💚",2023-10-26 16:24:06,com.localiza.meoo.app,pt,br,google_play
25a9d42d-c7ad-41d1-96d4-3706ac7dd036,Bernardo Miranda,5,Estou adorando os serviços disponibilizados.,0,2.3.21,2023-10-18 16:19:10,"Olá, tudo bem? Ficamos muito felizes em saber que tem gostado da sua experiência conosco! Para o que precisar, conte com a gente! Equipe Localiza Meoo 💚",2023-10-23 11:23:18,com.localiza.meoo.app,pt,br,google_play
ba65a1e0-82ac-4d5d-96b9-94b3e38aeacd,Eduardo Felix,5,Top,0,2.3.21,2023-10-16 10:56:00,"Olá, tudo bem? Ficamos muito felizes em saber que tem gostado da sua experiência conosco! Para o que precisar, conte com a gente! Equipe Localiza Meoo 💚",2023-10-17 15:20:42,com.localiza.meoo.app,pt,br,google_play
e297e170-bfca-4957-a01b-dce899e64459,PSC Construtora,5,Muito bom obrigado parabéns a localiza meoo muito boa pra se relacionar super recomendo ótimo atendimento em todos os sentidos obrigado continuem assim,0,2.3.21,2023-10-14 20:52:07,"Olá, tudo bem? Ficamos muito felizes em saber que tem gostado da sua experiência conosco! Para o que precisar, conte com a gente! Equipe Localiza Meoo 💚",2023-07-10 16:00:58,com.localiza.meoo.app,pt,br,google_play
52b16412-ee0c-4fae-a426-8ab3839d2770,Paulo Lutfala,2,Difícil de trocar o condutor do veículo,0,2.3.21,2023-10-09 09:52:11,"Olá, tudo bem? Gostaríamos de conversar com você para ajudá-lo, poderia entrar em contato conosco pelo e-mail sucessoclientemeoo@localiza.com? Equipe Localiza Meoo 💚",2023-10-09 10:52:12,com.localiza.meoo.app,pt,br,google_play
413aa4e3-c738-4820-b093-68346d21388d,Renato Bretzke,1,Muito ruim. Não acessa,0,2.3.21,2023-10-09 08:06:27,"Olá, tudo bem? Gostaríamos de conversar com você para ajudá-lo, poderia entrar em contato conosco pelo e-mail sucessoclientemeoo@localiza.com? Equipe Localiza Meoo 💚",2023-10-09 10:51:20,com.localiza.meoo.app,pt,br,google_play
5e7896b8-fcd4-4cc8-8e85-1158371f67ca,Celso Lyra,5,Sou cliente satisfeito. E muito grato.,0,2.3.19,2023-10-06 17:11:55,"Olá, tudo bem? Ficamos muito felizes em saber que tem gostado da sua experiência conosco! Para o que precisar, conte com a gente! Equipe Localiza Meoo 💚",2023-10-09 10:52:34,com.localiza.meoo.app,pt,br,google_play
f08c09b4-0044-4e9a-881c-026cbbba65ac,Marcelo Faria,3,"Aplicativo não abre ,após várias tentativas.",1,2.3.19,2023-10-05 10:52:43,"Olá, tudo bem? Gostaríamos de conversar com você para ajudá-lo, poderia entrar em contato conosco pelo e-mail sucessoclientemeoo@localiza.com? Equipe Localiza Meoo 💚",2023-10-09 10:51:11,com.localiza.meoo.app,pt,br,google_play
74e4c00c-14d1-475a-832e-bf5db749307c,Samuel Carvalho,1,Aplicativo parou de funcionar faz mais de 10 dias. Deveriam avisar aos clientes sobre o problema!,1,2.3.19,2023-10-03 02:17:47,"Olá, tudo bem? Gostaríamos de conversar com você para ajudá-lo, poderia entrar em contato conosco pelo e-mail sucessoclientemeoo@localiza.com? Equipe Localiza Meoo 💚",2023-10-04 14:03:45,com.localiza.meoo.app,pt,br,google_play
efb7258d-1dc2-49ad-92e9-31b3376c9d3c,Ágape _novo,5,"Localiza meoo é a melhor opção pra quem quer ter um carro zero e de confiança, super indico, obrigado MEOO",0,2.3.19,2023-09-30 06:16:47,"Olá, tudo bem? Ficamos muito felizes em saber que tem gostado da sua experiência conosco! Para o que precisar, conte com a gente! Equipe Localiza Meoo 💚",2023-10-02 08:30:51,com.localiza.meoo.app,pt,br,google_play
b57883a0-d03d-46aa-bb5d-87e8ba5f07e7,Vitor Louredo,1,"EM 2022 ASSINEI UM MOBI LIKE COM A UNIDAS LIVRE POR 4 ANOS. CONTUDO, AGORA A LOCALIZA MEOO RESPONDE POR ESSE CONTRATO. NA ÉPOCA FUI INFORMADO PELO ATENDENTE QUE, A CADA 1 ANO, PODERIA TROCAR MEU CARRO DO CONTRATO POR UM ZERO KM. NO CONTRATO, NO ITEM 8.4, TAMBÉM FALA DESSA POSSIBILIDADE. NO ENTANTO, APÓS COMPLETAR 12 MESES DE CONTRATO E ENTRAR EM CONTATO COM A LOCALIZA MEOO, FUI INFORMADO QUE NÃO ERA POSSÍVEL FAZER ESSA TROCA, APENAS PODERIA SE EU QUISESSE FAZER UM NOVO CONTRATO, COM OUTRO VALOR",1,2.3.19,2023-09-28 14:01:31,"Olá, tudo bem? Gostaríamos de conversar com você para ajudá-lo, poderia entrar em contato conosco pelo e-mail sucessoclientemeoo@localiza.com? Equipe Localiza Meoo 💚",2023-10-02 08:28:34,com.localiza.meoo.app,pt,br,google_play
36db2628-c19e-49bd-8d44-656e06faf4c1,Glaucio Moreira,5,Muito boa!,0,2.3.19,2023-09-25 11:47:20,"Olá, tudo bem? Ficamos muito felizes em saber que tem gostado da sua experiência conosco! Para o que precisar, conte com a gente! Equipe Localiza Meoo 💚",2023-10-02 08:30:40,com.localiza.meoo.app,pt,br,google_play
fc34ab35-bb59-4bb1-a713-253780da9e19,marcos paulo,5,"Ótimo aquisição, só poderiam ser km livre",0,2.3.19,2023-09-24 11:18:17,"Olá, tudo bem? Ficamos muito felizes em saber que tem gostado da sua experiência conosco! Para o que precisar, conte com a gente! Equipe Localiza Meoo 💚",2023-10-02 08:30:31,com.localiza.meoo.app,pt,br,google_play
0f5d4042-1c94-4e2b-b135-4e54bc651708,Junior Lima Jr,5,Qualidade no atendimento e no serviço prestado ao cliente,1,2.3.19,2023-09-22 09:53:58,"Olá, tudo bem? Ficamos muito felizes em saber que tem gostado da sua experiência conosco! Para o que precisar, conte com a gente! Equipe Localiza Meoo 💚",2023-10-02 08:30:24,com.localiza.meoo.app,pt,br,google_play
d8087925-7323-4b5b-849d-e2947776992a,Eduardo Luiz Colombo,5,Excelente aplicativo. Muito intuitivo e prático!,0,2.3.19,2023-09-22 06:48:30,"Olá, tudo bem? Ficamos muito felizes em saber que tem gostado da sua experiência conosco! Para o que precisar, conte com a gente! Equipe Localiza Meoo 💚",2023-10-02 08:28:57,com.localiza.meoo.app,pt,br,google_play
b45d709b-02c0-4f79-bc2a-fbbdd6f28175,Jose Antonio Miranda Prattes,3,Continua sem acesso. dando erro para acessar. Piorou muito. Antes conseguia acessar. Agora Melhor.,2,2.3.16,2023-09-21 21:15:34,"Olá, tudo bem? Agradecemos muito pelo seu feedback! Ele será repassado ao nosso time que cuida do desenvolvimento do App para que possamos evoluir cada vez mais. Equipe Localiza Meoo 💚",2023-07-17 12:54:36,com.localiza.meoo.app,pt,br,google_play
433c5928-f232-443e-b1e1-a63ed5b68e18,Alex40 Coelho Ferreira,5,Excelente,0,2.3.19,2023-09-21 10:16:15,"Olá, tudo bem? Ficamos muito felizes em saber que tem gostado da sua experiência conosco! Para o que precisar, conte com a gente! Equipe Localiza Meoo 💚",2023-10-02 08:26:26,com.localiza.meoo.app,pt,br,google_play
df250245-62cb-4de9-b10d-89295290a7ca,Flavio Souza,3,"Funcionalidades são boas e claras,porém, o app parece pesado e demora mais de 2 minutos pra abrir.",2,2.3.19,2023-09-19 17:00:06,"Olá, tudo bem? Gostaríamos de conversar com você para ajudá-lo, poderia entrar em contato conosco pelo e-mail sucessoclientemeoo@localiza.com? Equipe Localiza Meoo 💚",2023-10-02 08:28:10,com.localiza.meoo.app,pt,br,google_play
66dbfd69-3c29-4ee2-a5b7-e557e5be0acd,andrea Rodrigues,3,"Ajuda bastante no atendimento, mas tem que melhorar muito ainda.",0,2.3.16,2023-09-19 08:56:18,"Olá, tudo bem? Agradecemos muito pelo seu feedback, ele será repassado ao nosso time que cuida do desenvolvimento do App para que possamos evoluir cada vez mais. Equipe Localiza Meoo 💚",2023-10-02 08:28:02,com.localiza.meoo.app,pt,br,google_play
6df31c37-d5a9-45c8-b930-8c9a615b239b,Gilson Omena,5,Muito prático e confiável!,0,2.3.16,2023-09-18 13:50:21,"Olá, tudo bem? Ficamos muito felizes em saber que tem gostado da sua experiência conosco! Para o que precisar, conte com a gente! Equipe Localiza Meoo 💚",2023-10-02 08:26:02,com.localiza.meoo.app,pt,br,google_play
b7459945-fa53-4c78-b41a-935145182a8b,Tiago Paixão,5,"Não consigo acessar o app, mais no dia 13/09/23 conseguiram resolver O problema do app e consegui acessar",1,2.3.16,2023-09-14 16:25:13,"Olá, tudo bem? Gostaríamos de conversar com você para ajudá-lo, poderia entrar em contato conosco pelo e-mail sucessoclientemeoo@localiza.com? Equipe Localiza Meoo 💚",2023-09-06 15:04:12,com.localiza.meoo.app,pt,br,google_play
1d56c970-860c-4932-8ec2-606e7abd9576,Marcelo Luis Balbino,5,Ótima..,0,2.3.16,2023-09-14 15:26:52,"Olá, tudo bem? Ficamos muito felizes em saber que tem gostado da sua experiência conosco! Para o que precisar, conte com a gente! Equipe Localiza Meoo 💚",2023-10-02 08:25:53,com.localiza.meoo.app,pt,br,google_play
ea6f9d1c-4707-4999-a1b4-a6994426c091,Cleber Olivia,5,App conta com todas as opções que necessito para solucionar as problemáticas envolvidas.,0,2.3.16,2023-09-13 18:59:09,"Olá, tudo bem? Ficamos muito felizes em saber que tem gostado da sua experiência conosco! Para o que precisar, conte com a gente! Equipe Localiza Meoo 💚",2023-10-02 08:25:42,com.localiza.meoo.app,pt,br,google_play
9c75b93f-a3e7-4c3c-9125-98b37ae5749c,Murilo,5,Sensacional... Vale muito a pena!!!!,0,2.3.16,2023-09-11 11:55:11,"Olá Murilo, tudo bem? Ficamos muito felizes em saber que tem gostado da sua experiência conosco. Caso precise do nosso apoio estamos sempre à disposição nos nossos canais: Whatsapp (31) 9 9910 1010 | meooatendimento@localiza.com | 0800 099 1001. Equipe Localiza Meoo 💚",2022-09-08 08:28:34,com.localiza.meoo.app,pt,br,google_play
c7ececce-5dda-4ef0-9523-d5f6248b3203,Andre Zacas,5,Muito ótimo atendimento,0,2.3.16,2023-09-11 09:28:38,"Olá, tudo bem? Ficamos muito felizes em saber que tem gostado da sua experiência conosco! Para o que precisar, conte com a gente! Equipe Localiza Meoo 💚",2023-10-02 08:25:21,com.localiza.meoo.app,pt,br,google_play
0ab32956-3bef-434d-b238-80d915f7bd01,LafVasco Forever,5,"Simples, direto é transparente",0,2.3.16,2023-09-11 08:30:30,"Olá, tudo bem? Ficamos muito felizes em saber que tem gostado da sua experiência conosco! Para o que precisar, conte com a gente! Equipe Localiza Meoo 💚",2023-10-02 08:25:09,com.localiza.meoo.app,pt,br,google_play
145abf9c-9fa5-4cfa-95fb-647fc97d9b82,Leandro Ribeiro,4,Funciona bem.,0,2.3.16,2023-09-06 11:54:44,"Olá, tudo bem? Ficamos muito felizes em saber que tem gostado da sua experiência conosco! Para o que precisar, conte com a gente! Equipe Localiza Meoo 💚",2023-09-06 15:03:53,com.localiza.meoo.app,pt,br,google_play
a6fdb710-f386-4942-aa2b-fc4a68039937,Luciana Serrano,5,"Como usuária, acho o serviço transparente e excelente!",0,2.3.16,2023-09-06 09:45:56,"Olá, tudo bem? Ficamos muito felizes em saber que tem gostado da sua experiência conosco! Para o que precisar, conte com a gente! Equipe Localiza Meoo 💚",2023-09-06 15:03:45,com.localiza.meoo.app,pt,br,google_play
d9e5c9a7-5cb3-4bf4-8131-46be970b2848,Uniagrícola Serviços Agrícolas LTDA,5,Tudo muito novo! Excepcional,0,2.3.16,2023-09-05 01:43:05,"Olá, tudo bem? Ficamos muito felizes em saber que tem gostado da sua experiência conosco! Para o que precisar, conte com a gente! Equipe Localiza Meoo 💚",2023-09-06 15:03:33,com.localiza.meoo.app,pt,br,google_play
1640ed55-8407-461d-8c32-90c699ff8d05,Christiano José de Oliveira,3,"Falta notificações, acabo perdendo prazos com frequência",1,2.3.12,2023-09-04 13:34:58,"Olá, tudo bem? Gostaríamos de conversar com você para ajudá-lo, poderia entrar em contato conosco pelo e-mail sucessoclientemeoo@localiza.com? Equipe Localiza Meoo 💚",2023-09-06 15:03:15,com.localiza.meoo.app,pt,br,google_play
24735bef-3e61-40bf-aeaf-f6d39446ef81,André Basualto,2,É muito inconveniente ficar logando toda vez. A função de logar com o email está com problemas e ainda não está fácil manter logado por causa das saídas do app.,5,2.3.12,2023-08-31 14:53:22,"Olá, tudo bem? Gostaríamos de conversar com você para ajudá-lo, poderia entrar em contato conosco pelo e-mail sucessoclientemeoo@localiza.com? Equipe Localiza Meoo 💚",2023-09-04 11:05:45,com.localiza.meoo.app,pt,br,google_play
6af10660-89a6-45e3-adcf-c65970fb4b76,Lucimar moura de Arruda,5,Tóp meu carro chegou no aplicativo..agora vamos ver a negociação pra retirada do veiculo.,0,,2023-08-29 10:44:27,"Olá, tudo bem? Ficamos muito felizes em saber que tem gostado da sua experiência conosco! Para o que precisar, conte com a gente! Equipe Localiza Meoo 💚",2023-09-04 11:06:02,com.localiza.meoo.app,pt,br,google_play
6399e35b-fea1-4e32-84cc-b4bae749eca4,Romualdo Valença Maciel,5,Localiza Meoo atende minha comodidade de ir e vir.,0,2.3.11,2023-08-28 10:17:29,"Olá, tudo bem? Ficamos muito felizes em saber que tem gostado da sua experiência conosco! Para o que precisar, conte com a gente! Equipe Localiza Meoo 💚",2023-08-28 16:28:18,com.localiza.meoo.app,pt,br,google_play
dd5f2d79-d9a9-42cf-8652-71f161ad06e6,Celso Galeno,1,Não funciona e o atendimento pelo whatsapp quando transfere pra atendente fica horas e no final do dia encerram o atendimento,0,2.3.12,2023-08-22 09:28:03,"Olá, tudo bem? Gostaríamos de conversar com você para ajudá-lo, poderia entrar em contato conosco pelo e-mail sucessoclientemeoo@localiza.com? Equipe Localiza Meoo 💚",2023-08-23 15:53:14,com.localiza.meoo.app,pt,br,google_play
37840c6b-b240-443c-9f58-8dec689cbf5c,Adelmo Araujo,5,serviços atimo para quem que ficar tranquilo.,0,2.3.11,2023-08-18 16:56:26,"Olá, tudo bem? Ficamos muito felizes em saber que tem gostado da sua experiência conosco! Para o que precisar, conte com a gente! Equipe Localiza Meoo 💚",2023-08-21 15:52:20,com.localiza.meoo.app,pt,br,google_play
2cad1aa1-d5c8-4f86-bd5a-2580c862ac32,Gladson França,3,Está demorando muito para abrir,0,2.3.11,2023-08-17 15:03:56,"Olá, tudo bem? Gostaríamos de conversar com você para ajudá-lo, poderia entrar em contato conosco pelo e-mail sucessoclientemeoo@localiza.com? Equipe Localiza Meoo 💚",2023-08-21 15:51:46,com.localiza.meoo.app,pt,br,google_play
7beb14bc-6fcf-4044-9c5c-af907263d57f,francisco kraus,2,"O app parecia interessante, mas faz duas semanas que não abre a página inicial e retorna sempre o mesmo erro ""Opa! Algo deu errado aqui, mas já vamos corrigir o problema. Você pode tentar novamente mais tarde?"". Já desinstalei e reinstalei o app, porém o erro persiste.",8,2.3.11,2023-08-16 13:38:44,"Olá, tudo bem? Gostaríamos de conversar com você para ajudá-lo, poderia entrar em contato conosco pelo e-mail sucessoclientemeoo@localiza.com? Equipe Localiza Meoo 💚",2023-08-21 15:51:37,com.localiza.meoo.app,pt,br,google_play
2e82080f-16b8-4901-b2bd-9904161fb9b5,Antonio Moreira,5,top,0,2.3.11,2023-08-14 18:12:59,"Olá, tudo bem? Ficamos muito felizes em saber que tem gostado da sua experiência conosco! Para o que precisar, conte com a gente! Equipe Localiza Meoo 💚",2023-08-21 15:52:09,com.localiza.meoo.app,pt,br,google_play
65d4a958-cf38-4635-a07f-5d641d86334e,Vera Gomes,5,Ótimo,0,2.3.11,2023-08-13 00:45:08,"Olá, tudo bem? Ficamos muito felizes em saber que tem gostado da sua experiência conosco! Para o que precisar, conte com a gente! Equipe Localiza Meoo 💚",2023-08-21 15:52:01,com.localiza.meoo.app,pt,br,google_play
474e4e7a-babe-47c8-aa90-08b7026beb92,Kadu Sousa,1,Galaxy S23 e não consigo fazer o Login com meu email,0,,2023-08-09 13:59:26,"Olá, tudo bem? Gostaríamos de conversar com você para ajudá-lo, poderia entrar em contato conosco pelo e-mail sucessoclientemeoo@localiza.com? Equipe Localiza Meoo 💚",2023-08-21 15:51:23,com.localiza.meoo.app,pt,br,google_play
b6e9be74-99d2-4428-b34b-981ae77e868f,jose belmiro,5,Excelente parabéns pelo trabalho.,0,2.3.10,2023-08-09 11:11:26,"Olá, tudo bem? Ficamos muito felizes em saber que tem gostado da sua experiência conosco! Para o que precisar, conte com a gente! Equipe Localiza Meoo 💚",2023-08-21 15:51:04,com.localiza.meoo.app,pt,br,google_play
32951f6a-75a5-4368-9a98-5d8618cc2885,Lucimar,5,Tóp demais....,0,,2023-07-31 12:26:11,"Olá, tudo bem? Ficamos muito felizes em saber que tem gostado da sua experiência conosco! Para o que precisar, conte com a gente! Equipe Localiza Meoo 💚",2023-08-01 16:41:56,com.localiza.meoo.app,pt,br,google_play
ccd8739c-8f94-4482-bd47-44cd394379b7,juliana frança,5,Eu sou cliente localiza meoo e não penso em trocar,0,2.3.9,2023-07-28 10:00:20,"Olá, tudo bem? Ficamos muito felizes em saber que tem gostado da sua experiência conosco! Para o que precisar, conte com a gente! Equipe Localiza Meoo 💚",2023-07-28 16:57:45,com.localiza.meoo.app,pt,br,google_play
b84e6deb-6e80-4087-8166-3d2403f36637,Aline Perrut,2,"O app estava normal, mas desde a semana passada não conecta mais e fica só carregando sem chegar a lugar nenhum. Entrei em contato no 0800 e não souberam dizer o motivo. Já desinstalei e reinstalei, mas nada mudou. Não consigo mais acessar.",7,2.3.9,2023-07-27 15:26:27,"Olá, tudo bem? Gostaríamos de conversar com você para ajudá-lo, poderia entrar em contato conosco pelo e-mail sucessoclientemeoo@localiza.com? Equipe Localiza Meoo 💚",2023-07-28 16:57:22,com.localiza.meoo.app,pt,br,google_play
d715230e-858d-4da5-b30f-086b7684b1b8,SERVIDOR Adão Rodrigues Assessoria Empresarial,3,"Desde ontem não está funcionando, fica só carregando",0,,2023-07-25 03:41:08,"Olá, tudo bem? Gostaríamos de conversar com você para ajudá-lo, poderia entrar em contato conosco pelo e-mail sucesso.cliente@localiza.com? Equipe Localiza Meoo 💚",2023-07-26 16:57:11,com.localiza.meoo.app,pt,br,google_play
b8041406-4d77-49ef-8060-406b5258f5b2,Luciana Gaia,5,Sensacional !!!,0,2.3.9,2023-07-22 09:16:57,"Olá, tudo bem? Ficamos muito felizes em saber que tem gostado da sua experiência conosco! Para o que precisar, conte com a gente! Equipe Localiza Meoo 💚",2023-07-26 16:56:36,com.localiza.meoo.app,pt,br,google_play
8ab7cf21-3c05-4d32-85b5-7c71a892d15e,Benoni José,5,Bem intuitivo e fácil de manusear.,0,2.3.6,2023-07-04 00:51:45,"Olá, tudo bem? Ficamos muito felizes em saber que tem gostado da sua experiência conosco! Para o que precisar, conte com a gente! Equipe Localiza Meoo 💚",2023-07-10 16:00:49,com.localiza.meoo.app,pt,br,google_play
950f1d9c-d20f-40e3-8942-4eca4d732a9b,Kercia Rodrigues,3,Poderia ser mais direto. Ter acesso mais fácil logo na primeira tela ao controle de quilometragem e faturas.,0,2.3.4,2023-06-28 14:26:01,"Olá, tudo bem? Agradecemos muito pelo seu feedback! Ele será repassado ao nosso time que cuida do desenvolvimento do App para que possamos evoluir cada vez mais. Equipe Localiza Meoo 💚",2023-07-03 15:43:35,com.localiza.meoo.app,pt,br,google_play
f1849f53-616a-4e17-a923-23912fe2eca0,Marcelo Croza,5,Muito prático e eficiente.,0,2.3.4,2023-06-26 15:23:45,"Olá, tudo bem? Ficamos muito felizes em saber que tem gostado da sua experiência conosco! Para o que precisar, conte com a gente! Equipe Localiza Meoo 💚",2023-07-03 15:43:48,com.localiza.meoo.app,pt,br,google_play
260921ef-e6db-43dd-aaa3-83dfd2c1519a,F. Botelho Jr,2,"Funcionalidade ruim. Várias voltas para a tele inicial com perda de informações no meio. A função indicação de condutor não funciona, apresenta erro sem motivo e sem suporte.",5,2.3.3,2023-06-23 15:43:03,"Olá, tudo bem? Gostaríamos de conversar com você para ajudá-lo, poderia entrar em contato conosco pelo e-mail sucesso.cliente@localiza.com? Equipe Localiza Meoo 💚",2023-07-03 15:44:04,com.localiza.meoo.app,pt,br,google_play
0f18aa47-3196-4536-97db-5c41b7be3228,Gustavo Barros,5,Fácil! Intuitivo!,0,2.3.3,2023-06-15 11:17:42,"Olá, tudo bem? Ficamos muito felizes em saber que tem gostado da sua experiência conosco! Para o que precisar, conte com a gente! Equipe Localiza Meoo 💚",2023-06-21 10:05:36,com.localiza.meoo.app,pt,br,google_play
6a4bc949-c288-412c-9961-559f232027be,Rosiele Ramos,5,muito prático,0,2.3.2,2023-06-08 15:21:09,"Olá, tudo bem? Ficamos muito felizes em saber que tem gostado da sua experiência conosco! Para o que precisar, conte com a gente! Equipe Localiza Meoo 💚",2023-06-12 14:56:47,com.localiza.meoo.app,pt,br,google_play
eac012b4-a344-43d9-8556-c254bc8a792f,Paula Brasil,3,muito demorada para dar retorno,0,2.3.2,2023-06-05 11:26:12,"Olá, tudo bem? Gostaríamos de conversar com você para ajudá-lo, poderia entrar em contato conosco pelo e-mail sucesso.cliente@localiza.com? Equipe Localiza Meoo 💚",2023-06-12 14:59:23,com.localiza.meoo.app,pt,br,google_play
faedcb5c-9e22-4ed3-811f-40166947f56f,Bruno Couto,1,Péssimo app e péssimo serviço,0,2.3.2,2023-06-05 10:42:35,"Olá, tudo bem? Gostaríamos de conversar com você para ajudá-lo, poderia entrar em contato conosco pelo e-mail sucesso.cliente@localiza.com? Equipe Localiza Meoo 💚",2023-06-12 14:59:06,com.localiza.meoo.app,pt,br,google_play
be2d2766-3cfd-457d-bc2e-145889533256,Gestao2 Frota,5,Excelente App. prático e objetivo. ** faltou algumas funções. mas com o tempo será melhorado.,0,2.3.2,2023-05-29 15:19:10,"Olá, tudo bem? Ficamos muito felizes em saber que tem gostado da sua experiência conosco! Para o que precisar, conte com a gente! Equipe Localiza Meoo 💚",2023-05-29 17:44:23,com.localiza.meoo.app,pt,br,google_play
0982d1f5-23a0-4c66-9f10-57828c8ac750,Prof. Rodrigo Di Monaco,5,muito bom!!!,0,2.3.2,2023-05-25 09:30:15,"Olá, tudo bem? Ficamos muito felizes em saber que tem gostado da sua experiência conosco! Para o que precisar, conte com a gente! Equipe Localiza Meoo 💚",2023-05-29 11:35:41,com.localiza.meoo.app,pt,br,google_play
6e5a5132-9261-436f-95b6-33043cb45021,Flavio Celani,1,"A cada atualização que fazem... ao invés de melhorar, piora cada vez mais. Só consegue acessar as informações no site se for cliente migrado, para cliente Meoo o site informa que precisa acessar pelo app que não funciona. Amadorismo total!!",6,2.3.1,2023-05-23 20:24:58,"Olá, tudo bem? Gostaríamos de entrar em contato com você para ajudar, porém não localizamos o seu cadastro por aqui. Poderia entrar em contato conosco pelo e-mail sucesso.cliente@localiza.com ? Equipe Localiza Meoo 💚",2023-05-24 09:51:47,com.localiza.meoo.app,pt,br,google_play
0ad20353-fc1e-4ab9-becf-4e08edc044a1,Assuero Seixas,1,Última atualização do APP (dia 15 de maio de 2023) piorou o funcionamento. Não consigo ter acesso às informações. Só entrando no site pra poder acessar.,1,2.3.0,2023-05-20 15:49:53,"Olá, tudo bem? Gostaríamos de entrar em contato com você para ajudar, porém não localizamos o seu cadastro por aqui. Poderia entrar em contato conosco pelo e-mail sucesso.cliente@localiza.com ? Equipe Localiza Meoo 💚",2023-05-24 09:51:37,com.localiza.meoo.app,pt,br,google_play
70fe35ee-5cfc-4048-a8f9-65014213126a,Raminho Lacerda,1,pessimo fizeram atualizaçaõ pessimo fizeram atuaçao no app ficou pior fazem cobranças de multas muito antes do vencimento ganham por isso 40% de desconto e nos cobram 20% a nais resultado disso que não dão tempo para defesa suficiente voce manda o documento do condutor dizem que esta ilegivel quando na realidade se ver tudo e um inferno nunca mais entro numa roubada dessa,2,2.3.0,2023-05-19 17:23:08,"Olá, tudo bem? Gostaríamos de entrar em contato com você para ajudar, porém não localizamos o seu cadastro por aqui. Poderia entrar em contato conosco pelo e-mail sucesso.cliente@localiza.com ? Equipe Localiza Meoo 💚",2023-05-24 09:51:27,com.localiza.meoo.app,pt,br,google_play
877783e7-cc1b-41e5-b6b2-e8a79c9eb1a7,Robson Jorge,5,"Até o momento só tenho a agradecer a localiza meoo, eu e minha família estamos felizes",0,2.1.34,2023-05-14 15:51:23,"Olá, tudo bem? Ficamos muito felizes em saber que tem gostado da sua experiência conosco! Para o que precisar, conte com a gente! Equipe Localiza Meoo 💚",2023-05-15 09:34:40,com.localiza.meoo.app,pt,br,google_play
fee68274-3cfb-40e1-bbcd-c5d95fb27469,Danielle Pontes,5,Serviço Excelente!!,0,2.1.33,2023-05-08 21:09:45,"Olá, tudo bem? Ficamos muito felizes em saber que tem gostado da sua experiência conosco! Para o que precisar, conte com a gente! Equipe Localiza Meoo 💚",2023-05-10 08:45:31,com.localiza.meoo.app,pt,br,google_play
292349c8-0a0e-404c-9e4e-76404f93f3bd,Ulisses Messias,5,Praticidade e comodidade encontrei aqui!!!!,0,2.1.33,2023-05-06 12:13:10,"Olá, tudo bem? Ficamos muito felizes em saber que tem gostado da sua experiência conosco! Para o que precisar, conte com a gente! Equipe Localiza Meoo 💚",2023-05-10 08:45:23,com.localiza.meoo.app,pt,br,google_play
bc7bab48-de03-4ae2-bff3-de3dc07afe19,Suely Suely,5,Prático,0,2.1.33,2023-05-05 10:56:59,"Olá, tudo bem? Ficamos muito felizes em saber que tem gostado da sua experiência conosco! Para o que precisar, conte com a gente! Equipe Localiza Meoo 💚",2023-05-05 14:26:04,com.localiza.meoo.app,pt,br,google_play
beff5a83-d7c0-4ffb-bcdf-4bc772d1662d,Alex Bueno,5,Ótimo,0,2.1.33,2023-04-27 19:45:33,"Olá, tudo bem? Ficamos muito felizes em saber que tem gostado da sua experiência conosco! Para o que precisar, conte com a gente! Equipe Localiza Meoo 💚",2023-05-04 09:51:16,com.localiza.meoo.app,pt,br,google_play
9971e4f9-96b8-47fc-a809-1b473b788b3c,José Henrique Sandoval Gonçalves,1,"Continua sem funcionar!!! Triatenciona! O pior app com a pior empresa! Que tristeza, nada funciona e realizam cobranças sem autorização no cartão de crédito.",3,2.1.32,2023-04-21 08:37:11,"Olá José, tudo bem? Conforme conversamos, iremos te ajudar com a sua demanda. Sempre que precisar entre em contato com a gente em um dos nossos canais: Whatsapp (31) 9 9910 1010 | meooatendimento@localiza.com | 0800 099 1001. Equipe Localiza Meoo 💚

",2021-08-19 14:55:55,com.localiza.meoo.app,pt,br,google_play
80d6a39c-4667-467c-8fe1-c180200ecdf8,Celio Guimaraes,1,APP não funciona,0,2.1.31,2023-04-13 21:44:26,"Olá, tudo bem? Gostaríamos de entrar em contato com você para ajudar, porém não localizamos o seu cadastro por aqui. Poderia entrar em contato conosco pelo e-mail sucesso.cliente@localiza.com ? Equipe Localiza Meoo 💚",2023-04-24 14:59:45,com.localiza.meoo.app,pt,br,google_play
6fe41ae5-148e-4385-a957-1d6e0e25a28d,Cristian Rubim,3,demora para atualizar status dos veículos em manutenção,0,2.1.31,2023-04-12 10:26:04,"Olá, tudo bem? Gostaríamos de entrar em contato com você para ajudar, porém não localizamos o seu cadastro por aqui. Poderia entrar em contato conosco pelo e-mail sucesso.cliente@localiza.com ? Equipe Localiza Meoo 💚",2023-04-24 14:59:39,com.localiza.meoo.app,pt,br,google_play
ef4b8dab-b256-4eab-bb66-9ede790b4717,Raphael Franco,5,Não ententi tanta reclamação referente ao app Localiza meoo Tenho 2 assinaturas e nunca tive problemas. Obrigado,0,2.1.31,2023-04-12 09:43:11,"Olá, tudo bem? Ficamos muito felizes em saber que tem gostado da sua experiência conosco! Para o que precisar, conte com a gente! Equipe Localiza Meoo 💚",2023-04-24 14:59:11,com.localiza.meoo.app,pt,br,google_play
8ffec13b-978e-4410-a897-c89ac5dcc5de,Giordano Silva,5,"Atendimento excelente, entrega dentro do prazo prometido, carro zero em prefeitas condições",0,2.1.30,2023-04-04 10:10:25,"Olá, tudo bem? Ficamos muito felizes em saber que tem gostado da sua experiência conosco! Para o que precisar, conte com a gente! Equipe Localiza Meoo 💚",2023-04-04 10:55:57,com.localiza.meoo.app,pt,br,google_play
c6d7ef69-e90c-453a-9dc5-d6247e23ce72,Cristóvão Sousa,4,bom,0,2.1.30,2023-03-31 18:25:55,"Olá, tudo bem? Ficamos muito felizes em saber que tem gostado da sua experiência conosco! Para o que precisar, conte com a gente! Equipe Localiza Meoo 💚",2023-04-03 09:25:05,com.localiza.meoo.app,pt,br,google_play
85bb4870-7812-4e44-9c98-f1bc02d77819,Paulo Cesar Bianchi Junior,1,"Experiência terrível, nada funciona. O app informa que precisa de acesso do armazenamento para baixar o CRLV, porém a opção nem está disponível. Todas as operações demoram, e a interface é muito pouco intuitiva.",5,2.1.29,2023-03-29 07:57:51,"Olá, tudo bem? Gostaríamos de entrar em contato com você para ajudar, porém não localizamos o seu cadastro por aqui. Poderia entrar em contato conosco pelo e-mail sucesso.cliente@localiza.com ? Equipe Localiza Meoo 💚",2023-03-29 10:26:19,com.localiza.meoo.app,pt,br,google_play
019c2e51-11ce-47d8-800c-2bfcf4b90e89,Adriano Medeiros,5,"Simples, objetivo, rápido e prático",1,2.1.28,2023-03-24 12:47:35,"Olá, tudo bem? Ficamos muito felizes em saber que tem gostado da sua experiência conosco! Para o que precisar, conte com a gente! Equipe Localiza Meoo 💚",2023-03-27 09:33:25,com.localiza.meoo.app,pt,br,google_play
e6fd7994-f4a5-4f3a-8df9-025fb3bb64b7,Lehi Teixeira,1,Digito o código do SMS e da erro ..não completa o cadastro .. melhor usar a Turbi..,1,2.1.28,2023-03-22 16:38:23,"Olá, tudo bem? Gostaríamos de entrar em contato com você para ajudar, porém não localizamos o seu cadastro por aqui. Poderia entrar em contato conosco pelo e-mail sucesso.cliente@localiza.com ? Equipe Localiza Meoo 💚",2023-03-27 09:33:03,com.localiza.meoo.app,pt,br,google_play
56d642af-4c0d-48af-b6dd-e0c5d5bbb196,Angelo Raso,5,Muito bom e fácil de utilizar...,0,2.1.28,2023-03-20 21:17:30,"Olá, tudo bem? Ficamos muito felizes em saber que tem gostado da sua experiência conosco! Para o que precisar, conte com a gente! Equipe Localiza Meoo 💚",2023-03-22 15:44:46,com.localiza.meoo.app,pt,br,google_play
4f514e08-1f57-43c8-aaa3-6b170e849f2a,Jurema Santos,1,"Aplicativo e empresa péssimos. Aplicativo não funciona para acompanhar o carro, empresa não cumpre com o prazo e eu fico sem uma informação!",0,2.1.28,2023-03-20 13:43:10,"Olá, tudo bem? Gostaríamos de entrar em contato com você para ajudar, porém não localizamos o seu cadastro por aqui. Poderia entrar em contato conosco pelo e-mail sucesso.cliente@localiza.com ? Equipe Localiza Meoo 💚",2023-03-22 15:45:19,com.localiza.meoo.app,pt,br,google_play
09c93f11-eddd-4b95-a5cd-b36b7db1bc96,Adroaldo Flores,5,Muito bom o app.,0,,2023-03-20 11:29:41,"Olá, tudo bem? Ficamos muito felizes em saber que tem gostado da sua experiência conosco! Para o que precisar, conte com a gente! Equipe Localiza Meoo 💚",2023-03-22 15:44:37,com.localiza.meoo.app,pt,br,google_play
d50f3004-5acc-4adc-89a1-21bc6d643b3e,Getuas Souza,5,Parabéns vcs são todos maravilhosos!,0,2.1.28,2023-03-16 13:51:28,"Olá, tudo bem? Ficamos muito felizes em saber que tem gostado da sua experiência conosco! Para o que precisar, conte com a gente! Equipe Localiza Meoo 💚",2023-03-22 15:44:30,com.localiza.meoo.app,pt,br,google_play
b441824d-960f-4f31-b9af-ab2ba1263d00,Gustavo Xavier,5,Muito excelente!!,0,2.1.28,2023-03-14 16:50:15,"Olá, tudo bem? Ficamos muito felizes em saber que tem gostado da sua experiência conosco! Para o que precisar, conte com a gente! Equipe Localiza Meoo 💚",2023-03-15 14:03:14,com.localiza.meoo.app,pt,br,google_play
795a7127-1ee5-4b51-bba5-c80cbda76759,Silvia Lucas,5,"Super satisfeita desde o primeiro contato com a gerente Ariane Gomes, muito gentil explicou todas as etapas da assinatura e em menos de 1 mês, carro entregue, que nesses próximos 36 meses tudo dê certo obrigada localizameoo.",0,2.1.28,2023-03-09 18:02:50,"Olá, tudo bem? Gostaríamos de entrar em contato com você para ajudar, porém não localizamos o seu cadastro por aqui. Poderia entrar em contato conosco pelo e-mail sucesso.cliente@localiza.com ? Equipe Localiza Meoo 💚",2023-03-10 11:45:51,com.localiza.meoo.app,pt,br,google_play
9d0df0c5-7478-411b-9abf-2cc5338cb228,Leo Kotait,2,Após alguma atualização do aplicativo eu não consigo mais acessar. Aparece que minha senha está errada e quando eu clico em esqueci a senha eu nunca recebo o email para revalidação da senha. Gostaria de ajuda.,2,2.1.28,2023-03-02 17:14:31,"Olá, tudo bem? Gostaríamos de entrar em contato com você para ajudar, porém não localizamos o seu cadastro por aqui. Poderia entrar em contato conosco pelo e-mail sucesso.cliente@localiza.com ? Equipe Localiza Meoo 💚",2023-03-06 16:13:47,com.localiza.meoo.app,pt,br,google_play
d91bbf19-fa55-4129-a0ad-0d0cb145c89c,Daisy D.Mello (Daisí),5,Otimo,0,2.1.23,2023-02-26 08:38:07,"Olá, tudo bem? Gostaríamos de entrar em contato com você para ajudar, porém não localizamos o seu cadastro por aqui. Poderia entrar em contato conosco pelo e-mail sucesso.cliente@localiza.com ? Equipe Localiza Meoo 💚",2023-02-28 10:32:41,com.localiza.meoo.app,pt,br,google_play
43514372-92b5-4d74-ad36-399598ce9155,José Cláudio Melo Martinelli,3,"Tenho 2 veículos por assinatura, para acessar um, tenho de desinstalar o outro. E quando volto ao acesso, abre o mesmo veículo. ] Não teria como, uma outra alternativa?",1,2.1.25,2023-02-06 09:30:10,"Olá, tudo bem? Gostaríamos de entrar em contato com você para ajudar, porém não localizamos o seu cadastro por aqui. Poderia entrar em contato conosco pelo e-mail sucesso.cliente@localiza.com ? Equipe Localiza Meoo 💚",2023-02-09 11:23:26,com.localiza.meoo.app,pt,br,google_play
18999909-3c17-48e2-9416-5bb0f7a1cc10,Juca Curcino,3,trava com frequência. o menu de opções são boas.,0,2.1.24,2023-02-04 09:48:22,"Olá, tudo bem? Gostaríamos de entrar em contato com você para ajudar, porém não localizamos o seu cadastro por aqui. Poderia entrar em contato conosco pelo e-mail sucesso.cliente@localiza.com ? Equipe Localiza Meoo 💚",2023-02-09 11:23:17,com.localiza.meoo.app,pt,br,google_play
64c4d5ac-d8df-464d-8382-c8d18cad275a,Rael Rocha Sobrinho,2,Não consigo acessar o app. Não consigo ter informação sobre o andamento do veículo que assinei.,0,2.1.23,2023-01-26 22:53:42,"Olá, tudo bem? Gostaríamos de entrar em contato com você para ajudar, porém não localizamos o seu cadastro por aqui. Poderia entrar em contato conosco pelo e-mail sucesso.cliente@localiza.com ? Equipe Localiza Meoo 💚",2023-01-27 10:21:12,com.localiza.meoo.app,pt,br,google_play
476f281b-2a62-4452-9769-ac5a5fd72cb9,Ivo Ferreira,5,"O aplicativo é espelho do atendimento Localiza: simples, prático e funcional.",0,2.1.23,2023-01-26 18:10:53,"Olá Humberto, tudo bem? Ficamos muito felizes em saber que tem gostado da sua experiência conosco! Para o que precisar, conte com a gente! Equipe Localiza Meoo 💚",2023-01-27 10:08:25,com.localiza.meoo.app,pt,br,google_play
66008bdf-4288-4dde-9f95-b0514ba823be,Cughele Comunicação Visual,1,"Estou a 6 meses aguardando o carro definitivo chegar e nada, vieram com a desculpa que a Montadora estava sem peças, depois de 4 meses vem e fala que a cor não está fabricando mais, no quarto mês escolho outra cor aí só depois de dois meses mostra no aplicativo que foi mandado para produção um descaso com o cliente se depender de mim não indico a localiza!",0,2.1.23,2023-01-24 04:38:21,"Olá, tudo bem? Gostaríamos de entrar em contato com você para ajudar, porém não localizamos o seu cadastro por aqui. Poderia entrar em contato conosco pelo e-mail sucesso.cliente@localiza.com ? Equipe Localiza Meoo 💚",2023-01-25 13:43:37,com.localiza.meoo.app,pt,br,google_play
7997b5f2-a114-4dff-ad0c-0826f777d7b0,Humberto Bezerra,5,Prático e seguro.,0,2.1.23,2023-01-23 12:49:58,"Olá Humberto, tudo bem? Ficamos muito felizes em saber que tem gostado da sua experiência conosco! Para o que precisar, conte com a gente! Equipe Localiza Meoo 💚",2023-01-25 13:48:00,com.localiza.meoo.app,pt,br,google_play
d8b322ef-3427-4d93-b3e0-90d45365bb5b,Diego Venancio Expansão Pizza Prime,5,empresa profissional e rápida na soluções de demandas do cliente,0,2.1.23,2023-01-22 05:49:09,"Olá, tudo bem? Ficamos muito felizes em saber que tem gostado da sua experiência conosco! Para o que precisar, conte com a gente! Equipe Localiza Meoo 💚",2023-01-25 13:48:15,com.localiza.meoo.app,pt,br,google_play
fb6e62b9-e5dc-465e-8771-aea21d6c7527,Gabriel Xavier Ferreira,1,"Muito ruim, não está fazendo agendamentos de retirada... O suporte não ajuda TB Depois ainda mandam essa msg de copia e cola que não ajuda em nada e que você tem que entrar em contato ainda... Gente, já liguei e mandei msg pra todo mundo resolver e nada! Nao achou meu cadastro? Pesquise melhor, pq tá aí sim... Se é que alguém pesquisou algo....",1,2.1.22,2023-01-10 15:15:01,"Olá, tudo bem? Gostaríamos de entrar em contato com você para ajudar, porém não localizamos o seu cadastro por aqui. Poderia entrar em contato conosco pelo e-mail sucesso.cliente@localiza.com ? Equipe Localiza Meoo 💚",2023-01-10 14:59:09,com.localiza.meoo.app,pt,br,google_play
7329cc95-f622-4447-b7a7-4b75c6c2c5df,André Poleto Corvetto,1,Não há opção para assinatura de veículos no app.,0,2.1.22,2023-01-06 22:33:37,"Olá, tudo bem? Sua sugestão foi repassada ao nosso time de desenvolvimento do aplicativo, obrigado! Caso precise do nosso apoio em algo, pode entrar em contato conosco pelo e-mail sucesso.cliente@localiza.com, estamos à disposição. Equipe Localiza Meoo 💚",2023-01-09 16:14:34,com.localiza.meoo.app,pt,br,google_play
da2ea6db-25fa-4150-b25b-5b0cb95b0b5a,Rafael Randall,2,não salva login,0,2.1.21,2023-01-02 09:37:24,"Olá, tudo bem? Gostaríamos de entrar em contato com você para ajudar, porém não localizamos o seu cadastro por aqui. Poderia entrar em contato conosco pelo e-mail sucesso.cliente@localiza.com ? Equipe Localiza Meoo 💚",2023-01-03 10:52:44,com.localiza.meoo.app,pt,br,google_play
84dfde0c-c802-456c-8db6-8472de319453,Anderson Galo,1,"Ao clicar no pedido aprovado(detalhes do pedido), o app fica com a tela em branco e não mostra as informações...",0,2.1.21,2022-12-29 21:20:31,"Olá, tudo bem? Gostaríamos de entrar em contato com você para ajudar, porém não localizamos o seu cadastro por aqui. Poderia entrar em contato conosco pelo e-mail sucesso.cliente@localiza.com ? Equipe Localiza Meoo 💚",2022-12-30 20:01:22,com.localiza.meoo.app,pt,br,google_play
614b8062-b8a9-45e4-b402-09002ee6e3e9,Andre Almeida,1,muita pegadinha no contrato. muita demora em receber o carro. mais de 6 meses. aplicativo cheio de labirinto para serviços básicos.,0,2.1.21,2022-12-26 16:49:49,"Olá, tudo bem? Gostaríamos de entrar em contato com você para ajudar, porém não localizamos o seu cadastro por aqui. Poderia entrar em contato conosco pelo e-mail sucesso.cliente@localiza.com ? Equipe Localiza Meoo 💚",2022-12-27 19:15:27,com.localiza.meoo.app,pt,br,google_play
10738929-855f-4b01-a331-2e20c4fade83,Leandro Lemos,3,"O app deveria conter o prazo de conclusão previsto para cada etapa, e qual a etapa seguinte. Isso faz parte de gestão da ansiedade de cada usuário, pq vc fica perdido de o que vai acontecer e quando é precisa ficar ligando ou falando com o atendimento do wpp pra se informar, quando poderia ter a informação na palma da mão.",1,2.1.21,2022-12-25 12:14:12,"Olá, tudo bem? Sua sugestão foi repassada ao nosso time de desenvolvimento do aplicativo, obrigado! Caso precise do nosso apoio em algo, pode entrar em contato conosco pelo e-mail sucesso.cliente@localiza.com, estamos à disposição. Equipe Localiza Meoo 💚",2022-12-26 10:58:05,com.localiza.meoo.app,pt,br,google_play
d741d095-2b6f-4344-bb76-3b45d4207808,Suiça a,1,A app não funciona direito.,0,,2022-12-20 13:12:12,"Olá, tudo bem? Gostaríamos de entrar em contato com você para ajudar, porém não localizamos o seu cadastro por aqui. Poderia entrar em contato conosco pelo e-mail sucesso.cliente@localiza.com ? Equipe Localiza Meoo 💚",2022-12-21 14:36:12,com.localiza.meoo.app,pt,br,google_play
489623af-d03c-4a0e-b193-00f8e72e9489,Monique,1,"App simplesmente não funciona. ""Tente novamente mais tarde"".",0,2.1.21,2022-12-18 08:37:17,"Olá, tudo bem? Gostaríamos de entrar em contato com você para ajudar, porém não localizamos o seu cadastro por aqui. Poderia entrar em contato conosco pelo e-mail sucesso.cliente@localiza.com ? Equipe Localiza Meoo 💚",2022-12-19 10:24:57,com.localiza.meoo.app,pt,br,google_play
3b4f4fab-4805-49f1-8ea4-a712b91ffa22,Maumelo 90,1,"Muito estranho, tento fazer cadastro, o APP me manda a senha para confirmação cadastro, mais não vai, dá erro toda, pesso para reenviar, e mesma coisa acontece",0,,2022-12-12 09:50:55,"Olá, tudo bem? Gostaríamos de entrar em contato com você para ajudar, porém não localizamos o seu cadastro por aqui. Poderia entrar em contato conosco pelo e-mail sucesso.cliente@localiza.com ? Equipe Localiza Meoo 💚",2022-12-12 11:46:14,com.localiza.meoo.app,pt,br,google_play
70b90741-750f-4fbd-aa19-0e132a488842,Joéverton Silva de Jesus,5,intuitivo,0,2.1.21,2022-12-09 11:30:24,"Olá, tudo bem? Ficamos muito felizes em saber que tem gostado da sua experiência conosco! Para o que precisar, conte com a gente! Equipe Localiza Meoo 💚",2022-12-12 11:44:49,com.localiza.meoo.app,pt,br,google_play
25181312-46f0-4226-836c-3db30ba8f080,Helio Dapper de Mello,5,"Uso há 1 ano e não tive problemas, tudo muito bom",0,2.1.20,2022-12-07 12:15:31,"Olá, tudo bem? Ficamos muito felizes em saber que tem gostado da sua experiência conosco! Para o que precisar, conte com a gente! Equipe Localiza Meoo 💚",2022-12-09 10:08:36,com.localiza.meoo.app,pt,br,google_play
5d80a151-9c4f-48d9-ba25-3dbca0808502,Lucas Kerr,1,"O app só atende necessidades básicas. Para agendamentos de manutenção, não puxa nenhum dado do contrato e nem avança para a tela seguinte por um erro de preenchimento de campos obrigatórios que não existe. Mesmo na parte de multas, não puxa nenhum dado do contrato e vc tem que procurar se todos os veículos (inclusive, tendo acesso a toda a frota). No fim das contas, poderia ter o site e o what'sapp que era a mesma coisa.",5,2.1.18,2022-11-28 09:01:23,"Olá, tudo bem? Gostaríamos de entrar em contato com você para ajudar, porém não localizamos o seu cadastro por aqui. Poderia entrar em contato conosco pelo e-mail sucesso.cliente@localiza.com ? Equipe Localiza Meoo 💚",2022-11-28 11:17:46,com.localiza.meoo.app,pt,br,google_play
fdf44c93-1f8f-4360-a38c-8e7c0bda4315,Samir Torres Luiz,5,"Não consigo mais a essar o app, ao abrir aparece a mensagem que, por motivos de segurança o aplicativo não pode ser acessado desse dispositivo. OBSERVAÇÃO: Não estou a fim de entrar em contato, tirar print, ligar, mandar email etc porque isso DÁ TRABALHO e esse trabalho NÃO É (ou ao menos não deveria ser) do cliente.",3,2.1.18,2022-11-19 17:16:56,"Olá, tudo bem? Tivemos uma instabilidade temporária no aplicativo porém já foi corrigido! Iremos entrar em contato com você para ajudá-lo caso ainda precise de apoio. Equipe Localiza Meoo 💚",2022-10-28 11:22:11,com.localiza.meoo.app,pt,br,google_play
804d5be9-bcf7-46bb-bb36-a1e576e09b9e,Julio Benincasa,5,melhor coisa que fiz na vida mas como tudo na vida há um senão. Após a atualização de hoje 8/11/22 o app não funciona e hoje dia 11/11/22 parou de vez 2.1.17 atualizacao. Retificando . Voltou a funcionalidade graças a tecnologia,5,2.1.18,2022-11-15 07:15:08,"Olá, tudo bem? Tivemos uma instabilidade temporária no aplicativo porém já foi corrigido! Para conseguir acessar, gentileza realizar a atualização do app para a nova versão disponível. Se precisar, pode entrar em contato conosco pelo e-mail sucesso.cliente@localiza.com que iremos te ajudar. Equipe Localiza Meoo 💚",2022-11-08 18:19:07,com.localiza.meoo.app,pt,br,google_play
edac885f-3900-414d-a614-3484cff3058c,Jairo Ferraresi,1,Sempre com erro,0,2.1.18,2022-11-14 20:40:14,"Olá, tudo bem? Iremos entrar em contato com você para ajudá-lo! Equipe Localiza Meoo 💚",2022-11-16 11:13:10,com.localiza.meoo.app,pt,br,google_play
47c71d9c-b4ce-43ad-b02b-15775c5a600a,Felipe Lima,1,Depois da última atualização do dia 8 não consigo mais acessar o app,0,2.1.17,2022-11-11 11:09:58,"Olá, tudo bem? Gostaríamos de entrar em contato com você para ajudar, porém não localizamos o seu cadastro por aqui. Poderia entrar em contato conosco pelo e-mail sucesso.cliente@localiza.com ? Equipe Localiza Meoo 💚",2022-11-11 14:30:31,com.localiza.meoo.app,pt,br,google_play
f30acf01-f3c3-4a2f-96e1-814471d172cd,Vitor Figueiredo,1,"Aplicativo ruim. Depois da atualização, o app não abre. Preciso identificar o condutor em uma infração, como faço isso sem ter acesso ao app?",0,2.1.17,2022-11-11 08:57:37,"Olá, tudo bem? Gostaríamos de entrar em contato com você para ajudar, porém não localizamos o seu cadastro por aqui. Poderia entrar em contato conosco pelo e-mail sucesso.cliente@localiza.com ? Equipe Localiza Meoo 💚",2022-11-11 10:40:03,com.localiza.meoo.app,pt,br,google_play
74e2361d-239f-4eaf-b300-25fd0d3334e5,Luis Barreto,1,Depois de atualizado simplesmente não abre,1,2.1.17,2022-11-11 08:47:07,"Olá, tudo bem? Gostaríamos de entrar em contato com você para ajudar, porém não localizamos o seu cadastro por aqui. Poderia entrar em contato conosco pelo e-mail sucesso.cliente@localiza.com ? Equipe Localiza Meoo 💚",2022-11-11 10:39:51,com.localiza.meoo.app,pt,br,google_play
7d12f321-5ad4-4919-bd34-7bf4411eb72a,João F,1,App simplesmente parou de funcionar. Não abre de forma alguma.,1,2.1.17,2022-11-11 06:48:11,"Olá, tudo bem? Gostaríamos de entrar em contato com você para ajudar, porém não localizamos o seu cadastro por aqui. Poderia entrar em contato conosco pelo e-mail sucesso.cliente@localiza.com ? Equipe Localiza Meoo 💚",2022-11-11 10:39:31,com.localiza.meoo.app,pt,br,google_play
e119ed6a-bd7d-423d-bbd2-77b1fd46c4fb,Bernardo Garcia,2,Atualizei a versão em 10/11/2022 e o aplicativo parou de funcionar.,1,2.1.17,2022-11-10 17:37:26,"Olá, tudo bem? Gostaríamos de entrar em contato com você para ajudar, porém não localizamos o seu cadastro por aqui. Poderia entrar em contato conosco pelo e-mail sucesso.cliente@localiza.com ? Equipe Localiza Meoo 💚",2022-11-10 20:43:32,com.localiza.meoo.app,pt,br,google_play
5966bbef-0c7d-4134-a842-33c71cb71c61,Felipe Brandão Marques,1,"O app já não era bom, atualizou e não entra mais.",1,2.1.17,2022-11-10 14:14:36,"Olá, tudo bem? Iremos entrar em contato com você para ajudá-lo! Equipe Localiza Meoo 💚",2022-11-10 20:45:12,com.localiza.meoo.app,pt,br,google_play
21e9b9e9-1d23-46ab-94c0-a360b55a5126,moacyr carvalho,1,Atualizei e continua dando pau. Agora freeze na tela de abertura.,1,2.1.17,2022-11-10 09:48:11,"Olá, tudo bem? Tivemos uma instabilidade temporária no aplicativo porém já foi corrigido! Para conseguir acessar, gentileza realizar a atualização do app para a nova versão disponível. Se precisar, pode entrar em contato conosco pelo e-mail sucesso.cliente@localiza.com que iremos te ajudar. Equipe Localiza Meoo 💚",2022-11-08 18:18:29,com.localiza.meoo.app,pt,br,google_play
7d99bb5f-5ef3-4454-9250-b76c0e2029c1,Douglas Souza,1,Ultima atualização realizada não permite nem abrir o app... por favor corrigir.,1,2.1.17,2022-11-10 08:19:21,"Olá, tudo bem? Gostaríamos de entrar em contato com você para ajudar, porém não localizamos o seu cadastro por aqui. Poderia entrar em contato conosco pelo e-mail sucesso.cliente@localiza.com ? Equipe Localiza Meoo 💚",2022-11-10 20:43:18,com.localiza.meoo.app,pt,br,google_play
2aa97d6b-c62b-4c15-9a41-1a82e8b4f1ab,Keliane de Oliveira,2,"O App era ótimo. Depois da atualização, não consigo nem logar, tenho fatura pra pagar, um caos",0,2.1.17,2022-11-10 06:30:52,"Olá, tudo bem? Gostaríamos de entrar em contato com você para ajudar, porém não localizamos o seu cadastro por aqui. Poderia entrar em contato conosco pelo e-mail sucesso.cliente@localiza.com ? Equipe Localiza Meoo 💚",2022-11-10 20:43:11,com.localiza.meoo.app,pt,br,google_play
e305621f-1147-440e-9584-c6d5f9ac6e2c,Yang Prudêncio,1,"Aplicativo não funciona direito! abre uma vez, depois só abre no outro mês, não se iludam",1,2.1.17,2022-11-09 21:07:30,"Olá, tudo bem? Iremos entrar em contato com você para ajudá-lo! Equipe Localiza Meoo 💚",2022-11-10 20:45:01,com.localiza.meoo.app,pt,br,google_play
ae3101a2-26aa-4f1d-9fb9-13ae05ffc2e0,Denio Passos,1,"Depois da atualização recente, parou de funcionar no Android 12. Nova atualização e o app continua sem funcionar.",1,2.1.17,2022-11-09 18:00:25,"Olá, tudo bem? Tivemos uma instabilidade temporária no aplicativo porém já foi corrigido! Para conseguir acessar, gentileza realizar a atualização do app para a nova versão disponível. Se precisar, pode entrar em contato conosco pelo e-mail sucesso.cliente@localiza.com que iremos te ajudar. Equipe Localiza Meoo 💚",2022-11-08 18:17:30,com.localiza.meoo.app,pt,br,google_play
ebb0a022-ac5a-4bfd-8082-a36cae4d0583,Augusto Santos,1,App pqrou de funcionar. Favor acertar esta atualização.,0,2.1.17,2022-11-09 17:23:05,"Olá, tudo bem? Gostaríamos de entrar em contato com você para ajudar, porém não localizamos o seu cadastro por aqui. Poderia entrar em contato conosco pelo e-mail sucesso.cliente@localiza.com ? Equipe Localiza Meoo 💚",2022-11-10 20:18:52,com.localiza.meoo.app,pt,br,google_play
ba8cec81-b6a1-4d68-bda1-043ce73f6d74,Willi Bendheim,3,Agora foi corrigido!,1,2.1.17,2022-11-09 14:48:57,"Olá, tudo bem? Gostaríamos de conversar com você para ajudá-lo e ouvir suas sugestões. Pode entrar em contato com a gente pelo e-mail sucesso.cliente@localiza.com? Equipe Localiza Meoo 💚",2022-10-27 10:55:46,com.localiza.meoo.app,pt,br,google_play
83d455c8-c40d-4f1b-a212-a71f4203c808,André Luiz,2,Acabei de atualizar o app por solicitação do próprio aplicativo. Não abre mais. Impressionante como dificultam as coisas.,0,2.1.17,2022-11-09 13:48:03,"Olá, tudo bem? Gostaríamos de entrar em contato com você para ajudar, porém não localizamos o seu cadastro por aqui. Poderia entrar em contato conosco pelo e-mail sucesso.cliente@localiza.com ? Equipe Localiza Meoo 💚",2022-11-10 20:18:23,com.localiza.meoo.app,pt,br,google_play
9d996952-7a6b-4679-b591-b78a513d02f5,Adan Tiago,1,App Depois da última atualização não abre de forma alguma,0,2.1.17,2022-11-09 11:40:03,"Olá, tudo bem? Gostaríamos de entrar em contato com você para ajudar, porém não localizamos o seu cadastro por aqui. Poderia entrar em contato conosco pelo e-mail sucesso.cliente@localiza.com ? Equipe Localiza Meoo 💚",2022-11-10 20:18:16,com.localiza.meoo.app,pt,br,google_play
5fdf3888-eb70-4cc6-85c6-618e1665ad40,Liniker Brito,1,"Depois da atualização, não consigo acessar.",0,2.1.17,2022-11-09 11:14:04,"Olá, tudo bem? Iremos entrar em contato com você para ajudá-lo! Equipe Localiza Meoo 💚",2022-11-10 20:16:46,com.localiza.meoo.app,pt,br,google_play
3f09bb98-f29c-480a-b26e-0099cf964373,Alcindo Pedrosa,2,Funcionou bem ate ontem. Depois de hoje (08/11) pediu pra atualizar e não funciona mais.,0,2.1.17,2022-11-08 20:40:44,"Olá, tudo bem? Tivemos uma instabilidade temporária no aplicativo porém já foi corrigido! Para conseguir acessar, gentileza realizar a atualização do app para a nova versão disponível. Se precisar, pode entrar em contato conosco pelo e-mail sucesso.cliente@localiza.com que iremos te ajudar. Equipe Localiza Meoo 💚",2022-11-09 11:09:42,com.localiza.meoo.app,pt,br,google_play
df59b365-92de-4119-a693-80ea1e54ed90,Eustáquio Vidigal,5,Voltou a funcionar. Agradeço pela presteza em responder. Obrigado!!!,0,2.1.17,2022-11-08 20:10:42,"Olá, tudo bem? Tivemos uma instabilidade temporária no aplicativo porém já foi corrigido! Para conseguir acessar, gentileza realizar a atualização do app para a nova versão disponível. Se precisar, pode entrar em contato conosco pelo e-mail sucesso.cliente@localiza.com que iremos te ajudar. Equipe Localiza Meoo 💚",2022-11-08 18:18:09,com.localiza.meoo.app,pt,br,google_play
f95226f6-b16f-4607-bc44-8f34ed9190e1,Leonardo Almir Stynner,1,"Não funciona mais... Após a última atualização, a tela fixa em branco Após a mensagem pedindo CPF OU CNPJ...",1,2.1.16,2022-11-08 13:53:36,"Olá, tudo bem? Tivemos uma instabilidade temporária no aplicativo porém já foi corrigido! Para conseguir acessar, gentileza realizar a atualização do app para a nova versão disponível. Se precisar, pode entrar em contato conosco pelo e-mail sucesso.cliente@localiza.com que iremos te ajudar. Equipe Localiza Meoo 💚",2022-11-08 18:18:57,com.localiza.meoo.app,pt,br,google_play
833fa420-8eb0-4b12-90eb-a6a6ad85be66,Anselmo Ferraz,1,"Acabei de fazer a atualização do app, e agora simplesmente fica uma tela em branco com os dizeres: ""Escolha o cliente"" e abaixo, ""Digite a Razão Social, CNPJ, nome ou CPF referente contrato"". Nao há o que selecionar nem campo para digitar...",0,2.1.16,2022-11-08 12:19:22,"Olá, tudo bem? Tivemos uma instabilidade temporária no aplicativo porém já foi corrigido! Para conseguir acessar, gentileza realizar a atualização do app para a nova versão disponível. Se precisar, pode entrar em contato conosco pelo e-mail sucesso.cliente@localiza.com que iremos te ajudar. Equipe Localiza Meoo 💚",2022-11-08 18:18:51,com.localiza.meoo.app,pt,br,google_play
cdbab484-eb9d-4fa8-a727-ffb636fe8ccc,Marcelo Carvalho,3,Atualizei o APP e não estou conseguindo inserir meus dados para logar,0,2.1.16,2022-11-08 11:38:47,"Olá, tudo bem? Tivemos uma instabilidade temporária no aplicativo porém já foi corrigido! Para conseguir acessar, gentileza realizar a atualização do app para a nova versão disponível. Se precisar, pode entrar em contato conosco pelo e-mail sucesso.cliente@localiza.com que iremos te ajudar. Equipe Localiza Meoo 💚",2022-11-08 18:18:44,com.localiza.meoo.app,pt,br,google_play
774d6378-98d4-45af-9589-e652c8c2a9ef,Pedro Silveira,5,Reclamei sobre o app não estar funcionando e o problema era com o modo Desenvolvedor habilitado no meu celular! O suporte resolver a questão super rápido pedindo para eu desabilitar a função. Funcionou 100%.,2,2.1.15,2022-11-08 10:39:40,"Olá, tudo bem? Tivemos uma instabilidade temporária no aplicativo porém já foi corrigido! Não conseguimos localizar o seu cadastro por aqui, mas caso ainda não esteja conseguindo acessar pode entrar em contato com a gente pelo e-mail sucesso.cliente@localiza.com que iremos ajudá-lo. Equipe Localiza Meoo 💚",2022-11-01 16:38:23,com.localiza.meoo.app,pt,br,google_play
6529fdc1-af4a-4f0b-93e4-ed57cc98d7f4,ROGEIRO RIBEIRO,1,"Após a atualização, o aplicativo não habilita o campo para informar o CPF e trava.",0,2.1.16,2022-11-07 21:50:20,"Olá, tudo bem? Tivemos uma instabilidade temporária no aplicativo porém já foi corrigido! Para conseguir acessar, gentileza realizar a atualização do app para a nova versão disponível. Se precisar, pode entrar em contato conosco pelo e-mail sucesso.cliente@localiza.com que iremos te ajudar. Equipe Localiza Meoo 💚",2022-11-08 18:18:35,com.localiza.meoo.app,pt,br,google_play
87433726-f24c-4adb-9089-178c90445693,Peterson Ruiz,2,"App deveria executar atividades BÁSICAS, e infelizmente não cumpre essas funções!!! Toda hora algum problema ou indisponível... De quebra, combina com o serviço que leva 6 (seis) meses para entregar o produto vendido!!! Ahhh se arrependimento matasse... 🤦‍♂️🤦‍♂️🤦‍♂️",0,2.1.16,2022-11-07 21:23:46,"Olá, tudo bem? Tivemos uma instabilidade temporária no aplicativo porém já foi corrigido! Para conseguir acessar, gentileza realizar a atualização do app para a nova versão disponível. Se precisar, pode entrar em contato conosco pelo e-mail sucesso.cliente@localiza.com que iremos te ajudar. Equipe Localiza Meoo 💚",2022-11-08 18:18:15,com.localiza.meoo.app,pt,br,google_play
67c7316e-1b38-4bdc-b1d8-37d8374e6290,Domingos Abreu,4,"Quando funciona é bom, atualizei e não funciona mais",0,2.1.16,2022-11-07 19:49:03,"Olá, tudo bem? Tivemos uma instabilidade temporária no aplicativo porém já foi corrigido! Para conseguir acessar, gentileza realizar a atualização do app para a nova versão disponível. Se precisar, pode entrar em contato conosco pelo e-mail sucesso.cliente@localiza.com que iremos te ajudar. Equipe Localiza Meoo 💚",2022-11-08 18:18:01,com.localiza.meoo.app,pt,br,google_play
670d623e-ff57-4525-94e1-a1d8077461f0,Gustavo Lourenco,1,Depois que atualizaram não consigo mais utilizar,0,2.1.16,2022-11-07 17:03:15,"Olá, tudo bem? Tivemos uma instabilidade temporária no aplicativo porém já foi corrigido! Para conseguir acessar, gentileza realizar a atualização do app para a nova versão disponível. Se precisar, pode entrar em contato conosco pelo e-mail sucesso.cliente@localiza.com que iremos te ajudar. Equipe Localiza Meoo 💚",2022-11-08 18:17:37,com.localiza.meoo.app,pt,br,google_play
ab6f4513-e344-429c-9ab2-8282011ab055,Renan Barreto da Silva Caminha,1,"O app exibe mensagem de erro antes mesmo de abrir a tela inicial, o que torna a ferramenta inutilizada.",0,2.1.15,2022-11-07 00:03:22,"Olá! Tivemos uma instabilidade temporária no aplicativo porém já foi corrigido! Caso ainda não esteja conseguindo acessar, gentileza verificar se você está usando o aplicativo no ""modo desenvolvedor"" e caso sim, desative-o. Se precisar de ajuda, pode entrar em contato conosco pelo e-mail sucesso.cliente@localiza.com. Equipe Localiza Meoo 💚",2022-11-07 11:09:39,com.localiza.meoo.app,pt,br,google_play
4f98abf7-3d1f-4f51-a954-cfe0897e5563,João Victor Fontes,1,O aplicativo não abre! Ao abri-lo é notificado um erro e o suporte não respondeu meu contato!,1,,2022-11-06 23:44:43,"Olá! Tivemos uma instabilidade temporária no aplicativo porém já foi corrigido! Caso ainda não esteja conseguindo acessar, gentileza verificar se você está usando o aplicativo no ""modo desenvolvedor"" e caso sim, desative-o. Se precisar de ajuda, pode entrar em contato conosco pelo e-mail sucesso.cliente@localiza.com. Equipe Localiza Meoo 💚",2022-11-07 11:09:29,com.localiza.meoo.app,pt,br,google_play
80f9dc5a-38da-4a51-8f61-6848ca66d9ab,Jeison Mazzuco,1,Fazem a propaganda e quando vamos utilizar aparece uma msg ( que este aparelho não pode acesaar o app). Então não adianta oferecer um serviço com problema.,0,2.1.15,2022-11-04 13:07:41,"Olá! Tivemos uma instabilidade temporária no aplicativo porém já foi corrigido! Caso ainda não esteja conseguindo acessar, gentileza verificar se você está usando o aplicativo no ""modo desenvolvedor"" e caso sim, desative-o. Se precisar de ajuda, pode entrar em contato conosco pelo e-mail sucesso.cliente@localiza.com. Equipe Localiza Meoo 💚",2022-11-07 11:09:14,com.localiza.meoo.app,pt,br,google_play
b8660edc-49e2-41db-9d99-7d15e00212c8,Ivair José Silva,1,"Aplicativo não está funcionando! Exibi a mensagem: Este aparelho não pode ser utilizado para acessar o app Meoo por motivos de segurança. Por favor, tente acessá-lo por outro dispotivo.",0,2.1.15,2022-11-04 13:02:47,"Olá! Tivemos uma instabilidade temporária no aplicativo porém já foi corrigido! Caso ainda não esteja conseguindo acessar, gentileza verificar se você está usando o aplicativo no ""modo desenvolvedor"" e caso sim, desative-o. Se precisar de ajuda, pode entrar em contato conosco pelo e-mail sucesso.cliente@localiza.com. Equipe Localiza Meoo 💚",2022-11-07 11:09:00,com.localiza.meoo.app,pt,br,google_play
fda8c649-c575-420b-924f-9ef73a1bb5c2,Leonmagnum R. Morais,5,"Estou com a versão mais recente, porém continua aparecendo a mensagem que não posso acessar do meu aparelho.",0,2.1.15,2022-11-04 12:04:46,"Olá! Tivemos uma instabilidade temporária no aplicativo porém já foi corrigido! Caso ainda não esteja conseguindo acessar, gentileza verificar se você está usando o aplicativo no ""modo desenvolvedor"" e caso sim, desative-o. Se precisar de ajuda, pode entrar em contato conosco pelo e-mail sucesso.cliente@localiza.com. Equipe Localiza Meoo 💚",2022-11-07 09:21:39,com.localiza.meoo.app,pt,br,google_play
62edfcf5-a4bd-415e-baf9-5b019e44ac59,Marciopereiraferreira Ferreira,5,Bom,0,2.1.15,2022-11-04 10:31:10,"Olá, tudo bem? Muito obrigado pela avaliação! Conte sempre com a gente para trilhar novos caminhos. Equipe Localiza Meoo 💚",2022-11-04 11:22:30,com.localiza.meoo.app,pt,br,google_play
ee4c8796-4f8d-4845-8032-fafb066e7966,Fernando Fernandes,1,Mensagem de que meu aparelho não é autorizado a acessar. E estava acessando. Já fazem dias isso.,0,2.1.15,2022-11-03 18:39:49,"Olá! Tivemos uma instabilidade temporária no aplicativo porém já foi corrigido! Caso ainda não esteja conseguindo acessar, gentileza verificar se você está usando o aplicativo no ""modo desenvolvedor"" e caso sim, desative-o. Se precisar de ajuda, pode entrar em contato conosco pelo e-mail sucesso.cliente@localiza.com. Equipe Localiza Meoo 💚",2022-11-04 10:11:26,com.localiza.meoo.app,pt,br,google_play
52d5b2c1-f6a4-435a-bacf-a6b9492db055,Luís Cláudio da Rosa Silva,4,"Boa tarde! Após desabilitar o modo desenvolvedor, o APP, abriu normal! Obrigado!!!Boa noite! Não estou conseguindo abrir o APP. Segue MSN. Este aparelho não pode ser utilizado para acessar o APP por motivos de segurança.",0,2.1.15,2022-11-03 13:47:26,"Olá! Tivemos uma instabilidade temporária no aplicativo porém já foi corrigido! Caso ainda não esteja conseguindo acessar, gentileza verificar se você está usando o aplicativo no ""modo desenvolvedor"" e caso sim, desative-o. Se precisar de ajuda, pode entrar em contato conosco pelo e-mail sucesso.cliente@localiza.com. Equipe Localiza Meoo 💚",2022-11-03 12:21:59,com.localiza.meoo.app,pt,br,google_play
bc784ce4-2b6b-4f44-a9c8-0e6477a4e012,Alex Correia,4,"Pra quem nao ta conseguindo acessar, é só DESABILITAR o modo DESENVOLVEDOR / PROGRAMADOR do celular. Configuração > Sistema e Atualizações > Opção de Desenvolvedor / Programador > Desativar",0,2.1.15,2022-11-03 08:56:29,"Olá, tudo bem? Muito obrigado pela avaliação! Conte sempre com a gente para trilhar novos caminhos. Equipe Localiza Meoo 💚",2022-11-03 16:20:14,com.localiza.meoo.app,pt,br,google_play
1ba6142f-ce4e-41e5-a7c0-ee36e037cdf5,Elias Soares,2,"Depois da ultima atualização não consigo acessar, diz que por razões de segurança não posso acessar deste dispositivo. Já desinstalei e reinstalei e nada.",0,2.1.15,2022-11-02 16:08:13,"Olá! Tivemos uma instabilidade temporária no aplicativo porém já foi corrigido! Caso ainda não esteja conseguindo acessar, gentileza verificar se você está usando o aplicativo no ""modo desenvolvedor"" e caso sim, desativá-lo. Se precisar de ajuda, pode entrar em contato conosco pelo e-mail sucesso.cliente@localiza.com. Equipe Localiza Meoo 💚",2022-11-03 12:21:17,com.localiza.meoo.app,pt,br,google_play
70c6f193-d9a4-46f3-8cb4-54b5bed2ee8e,Diego Testes,5,"Com o ""Modo desenvolvedor"" ativado o aplicativo não está funcionando. Para quem recebe a mensagem, desabilite o modo e acesse novamente. Fiz no meu dispositivo e funcionou.",2,2.1.15,2022-11-01 09:25:11,"Olá, tudo bem? Muito obrigado pela avaliação! Conte sempre com a gente para trilhar novos caminhos. Equipe Localiza Meoo 💚",2022-11-01 16:36:34,com.localiza.meoo.app,pt,br,google_play
180e54d4-8a55-4036-ba99-b0374ba6d737,Leonardo Topini,1,Depois da última atualização o app parou de funcionar,0,2.1.15,2022-10-31 22:35:49,"Olá, tudo bem? Tivemos uma instabilidade temporária no aplicativo porém já foi corrigido! Não conseguimos localizar o seu cadastro por aqui, mas caso ainda não esteja conseguindo acessar pode entrar em contato com a gente pelo e-mail sucesso.cliente@localiza.com que iremos ajudá-lo. Equipe Localiza Meoo 💚",2022-11-01 16:36:12,com.localiza.meoo.app,pt,br,google_play
07baabbd-6adb-4b09-bfb2-18f9e23923ca,Orlando Valverde,1,"Está dizendo que o celular é incompatível, tenho um S21.",0,2.1.15,2022-10-31 21:33:45,"Olá, tudo bem? Tivemos uma instabilidade temporária no aplicativo porém já foi corrigido! Não conseguimos localizar o seu cadastro por aqui, mas caso ainda não esteja conseguindo acessar pode entrar em contato com a gente pelo e-mail sucesso.cliente@localiza.com que iremos ajudá-lo. Equipe Localiza Meoo 💚",2022-11-01 16:36:05,com.localiza.meoo.app,pt,br,google_play
6052b561-d087-4be9-8163-ad980df8d47c,Tiago Campolina Barbosa,1,"O aplicativo funcionava bem até o mês passado, mas depois da última atualização ficou péssimo. Estou com o mesmo problema dos demais clientes: ""este aparelho não pode ser utilizado para acessar o app"" e a empresa segue sem resolver o problema.",4,2.1.15,2022-10-31 18:57:21,"Olá, tudo bem? Tivemos uma instabilidade temporária no aplicativo porém já foi corrigido! Não conseguimos localizar o seu cadastro por aqui, mas caso ainda não esteja conseguindo acessar pode entrar em contato com a gente pelo e-mail sucesso.cliente@localiza.com que iremos ajudá-lo. Equipe Localiza Meoo 💚",2022-11-01 16:35:55,com.localiza.meoo.app,pt,br,google_play
32ba06d0-4a56-4818-a52b-48580c0e47ff,Francisco Nery Santana Neto,1,"Após a última atualização eu não consigo mais acessar o aplicativo. Sempre aparece a mensagem dizendo que por questões de segurança eu não posso usar meu celular, e q eu devo tentar acessar por outro aparelho. O aplicativo se tornou inútil.",0,2.1.15,2022-10-31 14:38:22,"Olá Francisco, tudo bem? Tivemos uma instabilidade temporária no aplicativo porém já foi corrigido! Não conseguimos localizar o seu cadastro por aqui, mas caso ainda não esteja conseguindo acessar pode entrar em contato com a gente pelo e-mail sucesso.cliente@localiza.com que iremos ajudá-lo. Equipe Localiza Meoo 💚",2022-11-01 16:35:06,com.localiza.meoo.app,pt,br,google_play
1d73d8e0-fc83-46a7-9fe9-95b8a3f7dc7d,Daniel Reis,1,O app informa que que não dá para abrir no meu celular.,0,2.1.15,2022-10-29 16:09:49,"Olá, tudo bem? Tivemos uma instabilidade temporária no aplicativo porém já foi corrigido! Não conseguimos localizar o seu cadastro por aqui, mas caso ainda não esteja conseguindo acessar pode entrar em contato com a gente pelo e-mail sucesso.cliente@localiza.com que iremos ajudá-lo. Equipe Localiza Meoo 💚",2022-10-31 09:54:23,com.localiza.meoo.app,pt,br,google_play
bebc0271-dc3a-4a41-aadd-aed52d9f0a6c,Silvio Barbosa,1,"Depois da atualização de 25/10 o app não abre exibe a mensagem, não foi possível acessar o app. Este aparelho na pode ser utilizado para acessar o Meoo por motivo de segurança, Por favor acessa-lo poe outro dispositivo, disseram que consertaram, mas está igual.",0,2.1.15,2022-10-29 16:04:13,"Olá, tudo bem? Tivemos uma instabilidade temporária no aplicativo porém já foi corrigido! Não conseguimos localizar o seu cadastro por aqui, mas caso ainda não esteja conseguindo acessar pode entrar em contato com a gente pelo e-mail sucesso.cliente@localiza.com que iremos ajudá-lo. Equipe Localiza Meoo 💚",2022-10-28 11:26:55,com.localiza.meoo.app,pt,br,google_play
1f3ce31f-8f68-4a88-8d94-506d51b3fe07,Di Paula,1,"Olá bom dia, eu instalei o aparelho e tá dando erro direto, por favor ajeitem esse app para melhorar mais o nosso atendimento. obrigada.",0,2.1.15,2022-10-29 08:39:33,"Olá, tudo bem? Tivemos uma instabilidade temporária no aplicativo porém já foi corrigido! Não conseguimos localizar o seu cadastro por aqui, mas caso ainda não esteja conseguindo acessar pode entrar em contato com a gente pelo e-mail sucesso.cliente@localiza.com que iremos ajudá-lo. Equipe Localiza Meoo 💚",2022-11-01 16:37:29,com.localiza.meoo.app,pt,br,google_play
82a01942-d32d-4491-ba1d-dd1297563c33,Rafael Magalhães,1,App inútil,0,2.1.15,2022-10-29 08:29:06,"Olá, tudo bem? Tivemos uma instabilidade temporária no aplicativo porém já foi corrigido! Caso ainda não esteja conseguindo acessar pode entrar em contato com a gente pelo e-mail sucesso.cliente@localiza.com que iremos ajudá-lo. Equipe Localiza Meoo 💚",2022-11-01 16:38:14,com.localiza.meoo.app,pt,br,google_play
5ab21fa3-c367-4105-ab8a-6a59c5d8c65b,Wilder Melo,3,"Acabei de atualizar o aplicativo, e agora não consigo mais acessa-lo, pois ao tentar aparece mensagem abaixo: Ops, não foi possível acessar o app. Este aparelho não pode ser utilizado para acessar o app Meoo por motivos de segurança. Por favor, tente acessá-lo por outro dispotivo. Meu celular é o Samsung Galaxy S21 Ultra.",2,2.1.15,2022-10-27 22:15:25,"Olá, tudo bem? Tivemos uma instabilidade temporária no aplicativo porém já foi corrigido! Iremos entrar em contato com você para ajudá-lo caso ainda precise de apoio. Equipe Localiza Meoo 💚",2022-10-28 11:24:42,com.localiza.meoo.app,pt,br,google_play
eb9318a4-5bfd-4cc8-951b-534f6cfd8a6b,Otávio,1,Diz que não é possível acessar do meu aparelho por motivos de segurança.,0,2.1.15,2022-10-27 20:26:06,"Olá, tudo bem? Tivemos uma instabilidade temporária no aplicativo porém já foi corrigido! Não conseguimos localizar o seu cadastro por aqui, mas caso ainda não esteja conseguindo acessar pode entrar em contato com a gente pelo e-mail sucesso.cliente@localiza.com que iremos ajudá-lo. Equipe Localiza Meoo 💚",2022-10-28 11:25:35,com.localiza.meoo.app,pt,br,google_play
2c61a6f8-a40c-4432-b2c6-ae86ae231401,Rute Sanches,1,"Depois que instalei a última atualização, não consigo mais abrir o aplicativo no meu celular. Aparece uma mensagem de que o APP não pode ser usado por motivos de segurança.",1,2.1.13,2022-10-27 11:59:09,"Olá, tudo bem? Tivemos uma instabilidade temporária no aplicativo porém já foi corrigido! Não conseguimos localizar o seu cadastro por aqui, mas caso ainda não esteja conseguindo acessar pode entrar em contato com a gente pelo e-mail sucesso.cliente@localiza.com que iremos ajudá-lo. Equipe Localiza Meoo 💚",2022-10-28 11:25:50,com.localiza.meoo.app,pt,br,google_play
67175a61-5229-452e-832e-72489a20b9ce,Pedro Henrique Salgado,1,"Não funciona, fala que não pode abrir neste aparelho por questões de segurança.",1,2.1.13,2022-10-27 11:26:25,"Olá, tudo bem? Tivemos uma instabilidade temporária no aplicativo porém já foi corrigido! Não conseguimos localizar o seu cadastro por aqui, mas caso ainda não esteja conseguindo acessar pode entrar em contato com a gente pelo e-mail sucesso.cliente@localiza.com que iremos ajudá-lo. Equipe Localiza Meoo 💚",2022-10-28 11:26:06,com.localiza.meoo.app,pt,br,google_play
054905cd-81ef-4ef7-b602-810c5a72f4dd,Anderson Vilarinho,1,Depois da atualização não entra mais diz que o dispositivo não é seguro isso em qualquer um que instale,0,2.1.13,2022-10-26 21:04:17,"Olá, tudo bem? Gostaríamos de conversar com você para ajudá-lo e ouvir suas sugestões. Pode entrar em contato com a gente pelo e-mail sucesso.cliente@localiza.com? Equipe Localiza Meoo 💚",2022-10-27 10:56:41,com.localiza.meoo.app,pt,br,google_play
e6812186-a3c8-4064-80bd-bfb3d55392bb,Mario Caraca,2,Não consigo colocar o aplicativo em meu celular que já estava cadastrado nele . Porque cancelaram ?,0,2.1.13,2022-10-26 16:30:29,"Olá, tudo bem? Gostaríamos de conversar com você para ajudá-lo e ouvir suas sugestões. Pode entrar em contato com a gente pelo e-mail sucesso.cliente@localiza.com? Equipe Localiza Meoo 💚",2022-10-27 10:55:58,com.localiza.meoo.app,pt,br,google_play
6d18d208-c381-40e6-b809-278631e1b298,Adriano Pita,1,"Após a última atualização, não consigo acessar o aplicativo. Recebo a mensagem de que não é permitido o acesso a partir deste dispositivo.",0,2.1.13,2022-10-26 10:30:16,"Olá Marco, tudo bem? Nosso time fará contato com você para ajudá-lo. Sempre que precisar entre em contato com a gente em qualquer um dos nossos canais: Whatsapp (31) 9 9910 1010 | meooatendimento@localiza.com | 0800 099 1001. Equipe Localiza Meoo 💚",2022-10-26 10:54:16,com.localiza.meoo.app,pt,br,google_play
90baaaaf-0ca6-4319-aee4-89a01505ba12,Aldo Oliveira,2,"Depois da atualização de hoje (25/10), o app só exibe a mensagem de erro: ""ops, não foi possível acessar o app. Este aparelho não pode ser utilizado para acessar o app Meoo por motivos de segurança..."". Já reinstalei o app, mas o erro persiste.",8,2.1.13,2022-10-25 21:24:48,"Olá, tudo bem? Gostaríamos de conversar com você para ajudá-lo e ouvir suas sugestões. Pode entrar em contato com a gente pelo e-mail sucesso.cliente@localiza.com? Equipe Localiza Meoo 💚",2022-10-26 10:50:04,com.localiza.meoo.app,pt,br,google_play
4d8351c9-255a-453f-9226-8e2aa5022a7a,Eduardo Januzzi,5,tudo conforme o combinado,0,2.1.12,2022-10-23 12:40:47,"Olá Eduardo, tudo bem? Ficamos muito felizes em receber a sua avaliação! Caso precise do nosso apoio estamos sempre à disposição nos nossos canais: Whatsapp (31) 9 9910 1010 | meooatendimento@localiza.com | 0800 099 1001. Equipe Localiza Meoo 💚",2022-10-24 10:45:18,com.localiza.meoo.app,pt,br,google_play
700e4155-c40c-4e6a-bfcb-4db4488d38c7,Daiane de Lima Figueiredo,1,"Não consigo fazer login , sempre da que não tenho email cadastrado , aí quando eu cadastro pede pra enviar um código pelo celular , colocando esse código da sempre inválido e fica o infinito tentando colocar toda hora um código e não funciona nenh um , sempre da inválido 😞 o tempo do token também é muito pouco , parece que ele acelera sozinho quando saímos da tela pra ver o código e copiar lá .",4,2.1.12,2022-10-22 20:11:02,"Olá, tudo bem? Não conseguimos encontrar o seu cadastro e gostaríamos de conversar com você para ajudá-lo e ouvir suas sugestões. Pode entrar em contato com a gente pelo e-mail sucesso.cliente@localiza.com? Equipe Localiza Meoo 💚",2022-10-24 10:39:04,com.localiza.meoo.app,pt,br,google_play
a49e0c6f-dd87-4504-9a1a-63ae50219059,Milton Perez,1,App péssimo! Tenho cadastro e não consigo fazer um simples login.,1,2.1.12,2022-10-22 18:07:54,"Olá, tudo bem? Gostaríamos de conversar com você para ajudá-lo e ouvir suas sugestões. Pode entrar em contato com a gente pelo e-mail sucesso.cliente@localiza.com? Equipe Localiza Meoo 💚",2022-10-24 10:28:17,com.localiza.meoo.app,pt,br,google_play
d3862e2e-c384-413f-8a54-48889993c49c,Lucas Campos,4,O aplicativo as vezes desatializa pedindo a senha de novo,0,,2022-10-22 08:46:52,"Olá, tudo bem? Não conseguimos encontrar o seu cadastro e gostaríamos de conversar com você para ajudá-lo e ouvir suas sugestões. Pode entrar em contato com a gente pelo e-mail sucesso.cliente@localiza.com? Equipe Localiza Meoo 💚",2022-10-24 10:27:07,com.localiza.meoo.app,pt,br,google_play
4d3a67cc-58de-466f-b099-d4488452ddad,Luiz Rosa,5,Ótima até o momento.,0,2.1.12,2022-10-21 10:42:56,"Olá Tereza, tudo bem? Ficamos muito felizes em receber a sua avaliação! Caso precise do nosso apoio estamos sempre à disposição nos nossos canais: Whatsapp (31) 9 9910 1010 | meooatendimento@localiza.com | 0800 099 1001. Equipe Localiza Meoo 💚",2022-10-21 13:51:16,com.localiza.meoo.app,pt,br,google_play
3be9abed-cd3e-482f-8748-b52efd50857c,Marco Túlio Rangel da Silva Candido,1,"Meu app esta atualizado, e ja desinstalei e instalei novamente, mas fica pedindo pra atualizar o app.... Podem verificar?",0,2.1.12,2022-10-17 13:33:19,"Olá Marco, tudo bem? Nosso time fará contato com você para ajudá-lo. Sempre que precisar entre em contato com a gente em qualquer um dos nossos canais: Whatsapp (31) 9 9910 1010 | meooatendimento@localiza.com | 0800 099 1001. Equipe Localiza Meoo 💚",2022-10-18 09:15:34,com.localiza.meoo.app,pt,br,google_play
db3bf17d-9c81-4539-8504-5d735c51c628,Celso Dutra,4,"Está pedindo atualização, mas não atualiza",0,2.1.12,2022-10-17 13:12:30,"Olá, tudo bem? Não conseguimos encontrar o seu cadastro e gostaríamos de conversar com você para ajudá-lo e ouvir suas sugestões. Pode entrar em contato com a gente pelo e-mail sucesso.cliente@localiza.com? Equipe Localiza Meoo 💚",2022-10-18 09:14:15,com.localiza.meoo.app,pt,br,google_play
683e58aa-045d-4312-8881-8b08bf779788,Ricardo Cirne,1,O APP não muda o status. Precisei ligar para que isso fosse modificado. Não consigo atualizar o APP.,1,2.1.12,2022-10-17 12:51:40,"Olá, tudo bem? Não conseguimos encontrar o seu cadastro e gostaríamos de conversar com você para ajudá-lo e ouvir suas sugestões. Pode entrar em contato com a gente pelo e-mail sucesso.cliente@localiza.com? Equipe Localiza Meoo 💚",2022-10-18 09:13:28,com.localiza.meoo.app,pt,br,google_play
2f941e00-4258-4a3d-ae85-4bdf6df6f99f,Tereza Cristina Cunha de Brito,5,"Acesso rápido, autoexplicativo",0,2.1.12,2022-10-16 12:29:38,"Olá Tereza, tudo bem? Ficamos muito felizes em receber a sua avaliação! Caso precise do nosso apoio estamos sempre à disposição nos nossos canais: Whatsapp (31) 9 9910 1010 | meooatendimento@localiza.com | 0800 099 1001. Equipe Localiza Meoo 💚",2022-10-17 08:11:30,com.localiza.meoo.app,pt,br,google_play
4a28942a-da4a-486b-a0b1-d254ef74ce01,Ricardo Acosta,4,tem uns bugs,0,2.1.12,2022-10-14 15:26:11,"Olá, tudo bem? Não conseguimos encontrar o seu cadastro e gostaríamos de conversar com você para ajudá-lo e ouvir suas sugestões. Pode entrar em contato com a gente pelo e-mail sucesso.cliente@localiza.com? Equipe Localiza Meoo 💚",2022-10-17 08:09:54,com.localiza.meoo.app,pt,br,google_play
fe251d2f-32eb-4f99-9865-5ee7ccff5095,BACKUP 01,1,Colocando o código de SMS certo e: 'GRecaptchaResponse não pode ser nulo ou vazio'. BUROCRÁTICO: Só libera o LOGIN se ligar para um consultor.,0,2.1.12,2022-10-13 21:41:09,"Olá, tudo bem? Não conseguimos encontrar o seu cadastro e gostaríamos de conversar com você para ajudá-lo e ouvir suas sugestões. Pode entrar em contato com a gente pelo e-mail sucesso.cliente@localiza.com? Equipe Localiza Meoo 💚",2022-10-13 21:27:03,com.localiza.meoo.app,pt,br,google_play
27c8ae87-3038-4fc5-a65c-2346f7b122f5,Fernando Rodrigues,5,muito bom. atendimento excelente. confio e recomendo.,0,2.1.12,2022-10-09 14:58:41,"Olá Fernando, tudo bem? Ficamos muito felizes em saber que tem gostado da sua experiência conosco. Caso precise do nosso apoio estamos sempre à disposição nos nossos canais: Whatsapp (31) 9 9910 1010 | meooatendimento@localiza.com | 0800 099 1001. Equipe Localiza Meoo 💚",2022-10-10 09:22:15,com.localiza.meoo.app,pt,br,google_play
6edb960c-593e-42b4-bb35-d3184f159e06,Taiza Sigalo,5,excelente,0,2.1.11,2022-10-07 23:52:17,"Olá Taiza, tudo bem? Ficamos muito felizes em receber a sua avaliação! Caso precise do nosso apoio estamos sempre à disposição nos nossos canais: Whatsapp (31) 9 9910 1010 | meooatendimento@localiza.com | 0800 099 1001. Equipe Localiza Meoo 💚",2022-10-10 09:21:56,com.localiza.meoo.app,pt,br,google_play
01e23e1d-bb3f-48e5-8fb1-fd6707297bc5,Otávio Marcondes,5,Top,0,,2022-10-07 23:38:57,"Olá Otávio, tudo bem? Ficamos muito felizes em saber que tem gostado da sua experiência conosco. Caso precise do nosso apoio estamos sempre à disposição nos nossos canais: Whatsapp (31) 9 9910 1010 | meooatendimento@localiza.com | 0800 099 1001. Equipe Localiza Meoo 💚",2022-10-10 09:21:29,com.localiza.meoo.app,pt,br,google_play
4896fdc2-4296-4c63-b872-242b69186ef8,Carlos Pecoraro,5,"App intuitivo, prático e objetivo",0,2.0.8,2022-08-19 11:20:14,"Olá Carlos, tudo bem? Ficamos muito felizes em saber que tem gostado da sua experiência conosco. Caso precise do nosso apoio estamos sempre à disposição nos nossos canais: Whatsapp (31) 9 9910 1010 | meooatendimento@localiza.com | 0800 099 1001. Equipe Localiza Meoo 💚",2022-08-25 11:23:05,com.localiza.meoo.app,pt,br,google_play
4c09fc90-cbaa-4609-a788-0c2d35ca07cf,Rogério Marques Duarte,5,Top,0,2.0.8,2022-08-12 15:03:27,"Olá Rogério, tudo bem? Ficamos muito felizes em saber que tem gostado da sua experiência conosco. Caso precise do nosso apoio estamos sempre à disposição nos nossos canais: Whatsapp (31) 9 9910 1010 | meooatendimento@localiza.com | 0800 099 1001. Equipe Localiza Meoo 💚",2022-08-25 11:23:32,com.localiza.meoo.app,pt,br,google_play
c31ae69e-29f7-4a34-bd14-78811d81a8f6,Anderson Lobo,1,"Operadora deixa para enviar o boleto no último dia, quando envia, lucrando com multa por sua própria falha",1,2.0.8,2022-08-11 09:33:42,"Olá, tudo bem? Não conseguimos encontrar o seu cadastro e gostaríamos de conversar com você para ajudá-lo. Pode entrar em contato com a gente pelo e-mail ouvidoriameoo@localiza.com ? Equipe Localiza Meoo 💚",2022-08-11 15:19:42,com.localiza.meoo.app,pt,br,google_play
3cb3dda2-f4a3-4cd4-b707-3db85d07dc65,Hayane Figliolo,1,App sem aparecer nada a mais de 40dias. Ja reclamei N vezes com a central da Localiza Meoo (chat whats) e ninguém soluciona o problema. Última reclamação aberto para o pessoal de TI ver o probelma à 08 dias e sem retorno. Obs: fora do ar desde 05.07.22 qnd fui buscar meu carro no prestador e o carro não veio... estou esperando até hoje ainda ambos. Palhaçada!,3,2.0.7,2022-08-11 09:03:23,"Olá Hayane, tudo bem? Nosso time fará contato com você para ajudá-la. Sempre que precisar entre em contato com a gente em qualquer um dos nossos canais: Whatsapp (31) 9 9910 1010 | meooatendimento@localiza.com | 0800 099 1001. Equipe Localiza Meoo 💚",2022-08-11 15:16:31,com.localiza.meoo.app,pt,br,google_play
8f28ff7b-033e-46a6-8e24-ad3a8ee97a8c,CÉLIA ABE,2,Eu sou assinante Unidas o que houve? Já tentei instalar o app 2 vezes e nada!,0,,2022-08-10 17:30:54,"Olá Célia, tudo bem? Faremos contato com você para ajudá-la. Sempre que precisar entre em contato com a gente em qualquer um dos nossos canais: Whatsapp (31) 9 9910 1010 | meooatendimento@localiza.com | 0800 099 1001. Equipe Localiza Meoo 💚",2022-08-11 15:07:03,com.localiza.meoo.app,pt,br,google_play
54810a5a-09a3-4959-834e-4ca108387c29,Guilherme,5,"Ótima opção para quem quer somente as vantagens de ter um carro zero. Sem as dores de cabeça como : Emplacamento, Ipva, seguro, venda do carro e desvalorização..... Aproveite a vida pois, ela é única e curta. Localiza Meoo chegou para tirar você de dentro da caixinha e te dar melhor qualidade de vida. superindico....",0,2.0.7,2022-08-09 18:41:22,"Olá Guilherme, tudo bem? Ficamos muito felizes em saber que tem gostado da sua experiência conosco. Caso precise do nosso apoio estamos sempre à disposição nos nossos canais: Whatsapp (31) 9 9910 1010 | meooatendimento@localiza.com | 0800 099 1001. Equipe Localiza Meoo 💚",2022-08-10 11:42:03,com.localiza.meoo.app,pt,br,google_play
b5951650-7cea-4c73-9292-c291878867dc,PIPA Casa MARIANO Residence Jussara,5,Não está funcionando,1,1.7.6,2022-07-30 18:02:20,"Olá, esperamos que esteja bem! Pedimos desculpas pelo transtorno e o seu apontamento foi repassado ao time responsável para verificação. Sempre que precisar, entre em contato com a gente em qualquer um dos nossos canais: Whatsapp (31) 9 9910 1010 | meooatendimento@localiza.com | 0800 099 1001.
Conta com a gente!",2021-05-18 18:33:18,com.localiza.meoo.app,pt,br,google_play
6b70e2ec-8c58-40de-9443-eb2017db10b9,Deraldo Junior,4,O APP funcionou super bem comigo...cadastrei a senha rapidinho. Logo apareceu a página inicial. Parece que está tudo bem.,0,1.7.5,2022-07-05 22:59:02,"Olá André, tudo bem? Ficamos muito felizes em saber que tem gostado da sua experiência conosco. Caso precise do nosso apoio estamos sempre à disposição nos nossos canais: Whatsapp (31) 9 9910 1010 | meooatendimento@localiza.com | 0800 099 1001. Equipe Localiza Meoo 💚",2022-07-07 11:23:23,com.localiza.meoo.app,pt,br,google_play
3973601d-1246-412b-9a98-da456f693e39,André Lopes,4,"Atendimento sensacional, só falta previsão de entrega no app , para poder acompanhar mês a mês",0,1.7.5,2022-06-16 15:01:43,"Olá André, tudo bem? Ficamos muito felizes em saber que tem gostado da sua experiência conosco. Iremos passar a sua sugestão para o time responsável pelo app! Sempre que precisar, conta com a gente 💚 Equipe Localiza Meoo",2022-06-20 12:08:38,com.localiza.meoo.app,pt,br,google_play
31908a77-7756-459a-9c91-0155f530d1a4,Miriam (Milla),4,"Sempre gostei da Hertz quandonecessitei locar um automóvel, agora fiz a ""compra"" por assinatura e ADOREI. a única coisa que me incomoda, mas é um problema que tenho é que prefiro FALAR com atendentes do que pelo app ou what's. De resto estão de Parabéns",9,1.7.4,2022-06-08 09:39:46,"Olá Miriam, tudo bem? Ficamos muito felizes em saber que tem gostado da sua experiência conosco. A nossa central de atendimento 24 horas está sempre disponível para te atender, é só ligar pra gente no 0800 099 1001 que iremos ajudá-la! Conta com a gente 💚 Equipe Localiza Meoo",2022-06-09 14:03:27,com.localiza.meoo.app,pt,br,google_play
ce203c7c-d821-4327-9553-8e3baace8428,Ito Roberto Ito,5,"Prático, resolve todos os problemas.",0,1.7.4,2022-06-07 07:14:37,"Olá Ito, tudo bem? Ficamos muito felizes com a sua avaliação! Conte sempre com a gente para trilhar novos caminhos. Equipe Localiza Meoo 💚",2022-06-08 09:03:56,com.localiza.meoo.app,pt,br,google_play
b9a24019-7933-4bff-990c-d850a61480fa,MARIO FIELDS,5,Bom app.,0,1.7.4,2022-06-01 17:52:12,"Olá Mario, tudo bem? Ficamos muito felizes em saber que está gostando da sua experiência conosco! Conte sempre com a gente para trilhar novos caminhos. Equipe Localiza Meoo 💚",2022-06-08 09:03:32,com.localiza.meoo.app,pt,br,google_play
48f69079-c185-4e98-8b02-d1c9d12a10e3,Caroline Barthe,1,"Problemas para confirmar e-mail. Baixei o aplicativo, coloquei os dados de cadastro, recebi o e-mail de confirmação, porém, eu clico no link e sou direcionada para a página principal da empresa e nada é feito para verificar meu e-mail. Já fiz o processo 2x e nada.",5,1.7.4,2022-05-31 17:25:43,"Olá Caroline, tudo bem? Faremos contato com você para ajudá-la. Sempre que precisar entre em contato com a gente em qualquer um dos nossos canais: Whatsapp (31) 9 9910 1010 | meooatendimento@localiza.com | 0800 099 1001. Equipe Localiza Meoo 💚",2022-06-08 09:02:48,com.localiza.meoo.app,pt,br,google_play
d0d77363-ad9c-489e-a121-0e799e434026,Debora Diniz,3,"estou tentando validar minha senha do aplicativo validando o link recebido no e-mail, mas o aplicativo reenvia o e-mail novamente e não consigo cadastrar minha senha. Consequentemente, não tenho acesso aos dados do veiculo no aplicativo.",1,1.7.4,2022-05-25 16:20:21,"Olá Debora, tudo bem? Faremos contato com você para ajudá-la. Sempre que precisar entre em contato com a gente em qualquer um dos nossos canais: Whatsapp (31) 9 9910 1010 | meooatendimento@localiza.com | 0800 099 1001. Equipe Localiza Meoo 💚",2022-05-26 09:32:53,com.localiza.meoo.app,pt,br,google_play
193484ce-6bf6-4ae9-b3b4-e0372664877d,Silvestre Carneiro,5,me atende bem o app tendo todas as informações úteis sobre o veículo a mão.,0,1.7.3,2022-05-21 09:07:04,"Olá Silvestre, tudo bem? Ficamos muito felizes em saber que está gostando da sua experiência conosco! Conte sempre com a gente para trilhar novos caminhos. Equipe Localiza Meoo 💚",2022-05-23 09:21:30,com.localiza.meoo.app,pt,br,google_play
d79e0d10-e40b-4540-b0f1-582740a421e8,MarcioWD,2,pouquíssima informação no aplicativo. Não achei como fazer login no website para ver se ha mais informações,2,1.7.2,2022-05-03 16:08:07,"Olá Marcio, tudo bem? Faremos contato com você para ajudá-lo. Sempre que precisar entre em contato com a gente em qualquer um dos nossos canais: Whatsapp (31) 9 9910 1010 | meooatendimento@localiza.com | 0800 099 1001. Equipe Localiza Meoo 💚",2022-05-04 19:16:04,com.localiza.meoo.app,pt,br,google_play
aafbe3c4-6d37-4dcc-8b88-fcc10549d171,Lina Pickerell,5,Muito feliz com a contratação.,0,1.7.1,2022-04-13 09:35:17,"Olá Lina, tudo bem? Ficamos muito felizes em saber que está gostando da sua experiência conosco! Conte sempre com a gente para trilhar novos caminhos. Equipe Localiza Meoo 💚",2022-04-14 12:29:15,com.localiza.meoo.app,pt,br,google_play
92b7832f-2b96-4023-9c9a-9dc8e33e7008,Lenon Delgado,5,deveria ter o contrato anexo p facilitar.,0,1.7.1,2022-04-01 12:14:12,"Olá Lenon, tudo bem? Faremos contato com você para ajudá-lo. Sempre que precisar entre em contato com a gente em qualquer um dos nossos canais: Whatsapp (31) 9 9910 1010 | meooatendimento@localiza.com | 0800 099 1001. Equipe Localiza Meoo 💚",2022-04-04 17:52:17,com.localiza.meoo.app,pt,br,google_play
3f6f1af3-b88c-42aa-81b1-0da53f022896,Fred Frank,1,"Não consigo acessar a minha conta neste aplicativo. Quando clico em esqueci a senha, mandam um link pro meu email, mas não leva até a página de redefinição. O link que enviam leva pra página de download do aplicativo. Detestei esse aplicativo e estou profundamente arrependido de ter escolhido a Localiza Meoo. Já estou a quase 1 ano esperando pelo carro e nada até agora.",2,,2022-03-31 08:33:26,"Olá Fred, tudo bem? Faremos contato com você para ajudá-lo. Sempre que precisar entre em contato com a gente em qualquer um dos nossos canais: Whatsapp (31) 9 9910 1010 | meooatendimento@localiza.com | 0800 099 1001. Equipe Localiza Meoo 💚",2022-03-31 12:45:13,com.localiza.meoo.app,pt,br,google_play
1971da85-0bbe-4e59-9ba1-abcc03686bca,MAURO ANDRADE,4,tive dificuldade pra cadastrar meu cartão de crédito. consegui agora. não apareceu pendência mas sei que há,0,1.6.2,2022-03-11 14:44:20,"Olá Mauro, tudo bem? Faremos contato com você para ajudá-lo. Sempre que precisar entre em contato com a gente em qualquer um dos nossos canais: Whatsapp (31) 9 9910 1010 | meooatendimento@localiza.com | 0800 099 1001. Equipe Localiza Meoo 💚",2022-03-14 17:11:24,com.localiza.meoo.app,pt,br,google_play
3033864a-fb21-4b5a-a69b-8598441c9932,Paulo Bergamo,1,nunca mais. arrependido,0,1.6.2,2022-03-04 17:08:34,"Olá Paulo, tudo bem? Faremos contato com você para ajudá-lo. Sempre que precisar entre em contato com a gente em qualquer um dos nossos canais: Whatsapp (31) 9 9910 1010 | meooatendimento@localiza.com | 0800 099 1001. Equipe Localiza Meoo 💚",2022-03-07 15:18:07,com.localiza.meoo.app,pt,br,google_play
3821c7a3-c266-4a65-8ba2-3cf508bb2502,Marcio Santos,1,"Por vários detalhes, não estou satisfeito com o contrato.",0,1.6.2,2022-03-04 15:39:10,"Olá, tudo bem? Não te localizamos no nosso cadastro de clientes e gostaríamos de conversar com você para ajudá-lo. Pode entrar em contato com a gente pelo e-mail ouvidoriameoo@localiza.com ? Equipe Localiza Meoo 💚",2022-03-07 10:27:12,com.localiza.meoo.app,pt,br,google_play
32c8d70a-4b91-49af-a850-3d1ff7727e84,Jonathan Alcoforado,1,"O programa em si é uma enganação. Te ofertam um plano com 12mil km por ano. Mas em seis meses, se vc faz 8mil te cobram adiantado 3mil km. E se vc não pagar eles bloqueiam o carro sem aviso prévio e te deixam no meio da rua. Localiza trabalhando com espírito de empresa pequena, com desrespeito total ao cliente. Recomendo isso somente para meus piores inimigos.",7,1.6.2,2022-02-16 17:17:27,"Olá Jonathan, tudo bem? Faremos contato com você para ajudá-lo. Sempre que precisar entre em contato com a gente em qualquer um dos nossos canais: Whatsapp (31) 9 9910 1010 | meooatendimento@localiza.com | 0800 099 1001. Equipe Localiza Meoo 💚",2022-02-17 15:30:17,com.localiza.meoo.app,pt,br,google_play
50ac4d05-bf54-4a96-b295-7470c8fe93e4,ANTONIO FERNANDO ANSELMO,5,Melhor negócio que eu fiz!!! Meus problemas com carro acabaram!!,0,1.6.2,2022-02-08 17:01:45,"Olá Ailton, tudo bem? Ficamos muito felizes com a sua avaliação! Conte sempre com a gente para trilhar novos caminhos. Equipe Localiza Meoo 💚",2022-02-09 10:35:06,com.localiza.meoo.app,pt,br,google_play
7cde5285-00ec-4565-908a-e660ae71e255,Lucas Andrade,1,"Não consigo acessar minha conta, nem gerar nova senha. O suporte não atende e os chamados abertos pela Central do Cliente. Também não existe uma forma alternativa de acessar as informações do contrato por meio do navegador.",2,1.6.1,2022-02-03 14:38:57,"Olá, tudo bem? Conforme conversamos, já está tudo certo com o seu login! Sei que você já sabe, mas sempre que precisar entre em contato com a gente em qualquer um dos nossos canais: Whatsapp (31) 9 9910 1010 | meooatendimento@localiza.com | 0800 099 1001. Equipe Localiza Meoo 💚",2022-02-04 11:40:50,com.localiza.meoo.app,pt,br,google_play
2ed5184b-0238-443f-8b1e-afd93e727056,Gilberto Moschetta,1,Parou de funcionar depois a da atualização... DE NOVO!!!!,3,1.6.1,2022-01-30 08:46:21,"Olá, tudo bem? Conforme conversamos, já está tudo certo com o seu login! Sei que você já sabe, mas sempre que precisar entre em contato com a gente em qualquer um dos nossos canais: Whatsapp (31) 9 9910 1010 | meooatendimento@localiza.com | 0800 099 1001. Equipe Localiza Meoo 💚",2022-02-03 19:02:14,com.localiza.meoo.app,pt,br,google_play
8805fb53-51f5-416e-8000-8e63c587d288,AILTON FERNANDES,5,ótimo,0,1.6.1,2022-01-24 18:01:15,"Olá Ailton, tudo bem? Ficamos muito felizes com a sua avaliação! Conte sempre com a gente para trilhar novos caminhos. Equipe Localiza Meoo 💚",2022-01-26 09:45:19,com.localiza.meoo.app,pt,br,google_play
e4311192-2ceb-4025-9c01-da0a8f0abbb0,Alexandre Chaves,4,Vamos observar.,0,1.6.1,2022-01-21 12:55:21,"Olá, tudo bem? Esperamos que esteja gostando da experiência de ser Localiza Meoo! Caso precise do nosso apoio pode nos acionar nos canais: Whatsapp (31) 9 9910 1010 | meooatendimento@localiza.com | 0800 099 1001. Conte sempre com a gente para trilhar novos caminhos! Equipe Localiza Meoo 💚",2022-01-24 16:47:42,com.localiza.meoo.app,pt,br,google_play
edbaf775-b882-4d40-972f-6644c13c20b6,Thiago Sá Caldas,1,Péssimo. Carro caro e pouca km. Alem de demorar quase 1 ano p ser entregue.,0,1.6.1,2022-01-21 12:29:31,"Olá Thiago, tudo bem? Faremos contato com você para ajudá-lo. Sempre que precisar entre em contato com a gente em qualquer um dos nossos canais: Whatsapp (31) 9 9910 1010 | meooatendimento@localiza.com | 0800 099 1001. Equipe Localiza Meoo 💚",2022-01-24 09:25:03,com.localiza.meoo.app,pt,br,google_play
c4199e03-5620-463f-a4d7-4c52bca7fb5a,Jeann Viana,1,Palhaçada o valor da assinatura de um carro. Até financiar um carro com agiota e bancos saí mais barato e tenho o carro no fim.,0,1.6.0,2022-01-15 13:04:04,"Olá, tudo bem? Ao assinar o Localiza Meoo pode economizar até 30% em relação à compra! É preciso levar em consideração os custos que você teria, como o custo de documentação, seguro e manutenções, entre outros. Bom demais não ter que se preocupar com tudo isso, né? Fale com a gente no Whatsapp (31) 3003 – 4774 ou pelo 0800 979 3003 pra saber mais.",2022-01-17 12:10:38,com.localiza.meoo.app,pt,br,google_play
b34dbca8-609c-4e15-a91a-f80606117685,Tiago Luz,2,"Não consigo acessar as informações. Me parece que a plataforma é bem instável, o que deveria ser relativamente tranquilo dado a (pouca) quantidade de informação que ela oferece. Ainda não me passou muita confiança em termos de obter dados atualizados e nem em eu colocar meus dados nela...",12,1.6.0,2022-01-11 08:49:35,"Olá, tudo bem? Não te localizamos no nosso cadastro de clientes e gostaríamos de conversar com você para ajudá-lo. Poderia entrar em contato com a gente pelo e-mail ouvidoriameoo@localiza.com? Aguardamos o seu contato! Equipe Localiza Meoo 💚",2022-01-17 11:47:26,com.localiza.meoo.app,pt,br,google_play
738c97c2-4e89-47d7-885f-db3ac31217a5,Romulo Victor,1,Não consigo entrar no app,0,1.6.0,2022-01-09 18:34:07,"Olá Romulo, tudo bem? Faremos contato com você para ajudá-lo. Sempre que precisar entre em contato com a gente em qualquer um dos nossos canais: Whatsapp (31) 9 9910 1010 | meooatendimento@localiza.com | 0800 099 1001. Equipe Localiza Meoo 💚",2022-01-17 11:41:38,com.localiza.meoo.app,pt,br,google_play
6f6db0f8-668e-48f1-b145-d143e590c01e,Rubens Borba,5,ótimo,0,1.6.0,2021-12-30 10:52:21,"Olá Rubens, tudo bem? Muito obrigado pela avaliação! Conte sempre com a gente para trilhar novos caminhos. Equipe Localiza Meoo 💚",2022-01-03 10:12:32,com.localiza.meoo.app,pt,br,google_play
97b133aa-979f-4033-91bc-56831c9a4db3,Tarcisio Kujavo,1,"Pede todos documentos para abrir o app. Senão manda pro site. Se eu quisesse ir pro site, eu iria pro site e não instalava o app.",0,1.6.0,2021-12-30 01:03:50,"Olá, tudo bem? Não te localizamos no nosso cadastro de clientes e gostaríamos de conversar com você para ajudá-lo. Pode entrar em contato com a gente pelo e-mail ouvidoriameoo@localiza.com? Equipe Localiza Meoo 💚",2022-01-17 11:40:04,com.localiza.meoo.app,pt,br,google_play
e7d58e73-b8ed-4a02-9289-a54018771d0c,Ronaldo Filho,5,"achei o serviço excelente, transparente e o aplicativo muito simples de usar.. parabéns",0,1.6.0,2021-12-22 16:26:31,"Olá Ronaldo, tudo bem? Muito obrigado pela avaliação! Conte sempre com a gente para trilhar novos caminhos. Equipe Localiza Meoo 💚",2021-12-23 07:29:21,com.localiza.meoo.app,pt,br,google_play
5fb48e2a-7ae5-422d-afef-2b0d2f8ad0ad,Anna Paola,1,precisa melhora muito.. nao tem nenhum informação sobre as faturas vencidas ou vencendo...,1,1.5.10,2021-12-13 19:29:10,"Olá Anna, tudo bem? Faremos contato com você para ajudá-la. Sempre que precisar entre em contato com a gente em qualquer um dos nossos canais: Whatsapp (31) 9 9910 1010 | meooatendimento@localiza.com | 0800 099 1001. Equipe Localiza Meoo 💚",2021-12-14 19:29:02,com.localiza.meoo.app,pt,br,google_play
6582fd27-4973-4982-a0ca-a28b439e701a,Enzo Bertran,4,"Recebi um email falando pra baixar o app e utilizar, mas quando coloco neu email fala que minha conta nao existe. Depois que a atendente me informou que eu deveria acessar 72h depois de ter assinado o contrato. Então o email informando sobre o app nao deveria vir antes disso.",0,1.5.10,2021-12-06 18:05:49,"Olá Enzo, tudo bem? Faremos contato com você para ajudá-lo. Sempre que precisar entre em contato com a gente em qualquer um dos nossos canais: Whatsapp (31) 9 9910 1010 | meooatendimento@localiza.com | 0800 099 1001. Equipe Localiza Meoo 💚",2021-12-02 10:22:49,com.localiza.meoo.app,pt,br,google_play
914fdfb7-d350-4c2a-a2f9-620174b0c022,Fabio Flecha (Flecha),5,prático e simples,1,1.5.10,2021-11-26 17:23:55,"Olá Fabio, tudo bem? Ficamos muito felizes com a sua avaliação! Conte sempre com a gente para trilhar novos caminhos. Equipe Localiza Meoo 💚",2021-11-30 09:13:32,com.localiza.meoo.app,pt,br,google_play
0258f373-4411-4749-a3f1-235f8eb3b67b,Mauricio lima dias,5,Ok,1,1.5.10,2021-11-22 22:50:57,"Olá Mauricio, tudo bem? Muito obrigado pela avaliação! Conte sempre com a gente para trilhar novos caminhos. Equipe Localiza Meoo 💚",2021-11-23 09:31:46,com.localiza.meoo.app,pt,br,google_play
1ce33364-7c6f-44e1-a004-07aa105f7208,Jackie Willian,1,"App não te dá a opção de redefinir senha, ou seja esqueceu a senha nunca mais o cliente consegue acesso ao app, é o que está acontecendo comigo nesse exato momento.",12,1.5.10,2021-11-21 09:31:45,"Olá Jackie, tudo bem? Faremos contato com você para ajudá-lo. Sempre que precisar entre em contato com a gente em qualquer um dos nossos canais: Whatsapp (31) 9 9910 1010 | meooatendimento@localiza.com | 0800 099 1001. Equipe Localiza Meoo 💚",2021-11-22 12:09:47,com.localiza.meoo.app,pt,br,google_play
ea9e94a7-c30c-4491-b3f1-7230afbdaf01,Geraldo Passos Jr,5,bom,0,1.5.10,2021-10-28 19:39:55,"Olá Geraldo, tudo bem? Muito obrigado pela avaliação! Conte sempre com a gente para trilhar novos caminhos. Equipe Localiza Meoo 💚",2021-10-29 07:48:20,com.localiza.meoo.app,pt,br,google_play
47033aa9-4914-4bcb-967a-353ef45c455b,Dj Milani,1,"Como vou fazer assinatura de um veículo, se o app não faz o cadastro que é exigido pelo próprio app??? Lixo esse app.",0,1.5.9,2021-10-23 12:00:13,"Olá! Gostaríamos de conversar com você para ajudá-lo. Para contratar um veículo é só entrar em contato em um dos nossos canais: Whatsapp (31) 3003-4774 | 0800 979 3003. Mas se já for cliente, pode nos acionar por aqui: Whatsapp (31) 9 9910 1010 | meooatendimento@localiza.com | 0800 099 1001. Conta com a gente! Equipe Localiza Meoo 💚",2021-10-25 14:29:36,com.localiza.meoo.app,pt,br,google_play
1074cb2b-4619-41e2-a5c0-9978264cdc2e,Mateus Esquivel,1,pessimo pra colocar qual condutor levou a multa,0,1.5.9,2021-10-18 21:01:24,"Olá Mateus, tudo bem? Faremos contato com você para ajudá-lo. Sempre que precisar entre em contato com a gente em qualquer um dos nossos canais: Whatsapp (31) 9 9910 1010 | meooatendimento@localiza.com | 0800 099 1001. Equipe Localiza Meoo 💚",2021-10-19 15:13:41,com.localiza.meoo.app,pt,br,google_play
4c695201-3d7b-4598-85e1-4fb705102837,Renato Djair Atico,1,Toda vez que preciso usar tem uma atualização nova e não consigo entrar,0,1.5.8,2021-09-30 16:31:57,"Olá Renato, tudo bem? Faremos contato com você para ajudá-lo. Sempre que precisar entre em contato com a gente em qualquer um dos nossos canais: Whatsapp (31) 9 9910 1010 | meooatendimento@localiza.com | 0800 099 1001. Equipe Localiza Meoo 💚",2021-09-30 16:40:59,com.localiza.meoo.app,pt,br,google_play
fea3a511-2d9e-4b27-badb-501aafca9b8d,Claudecy Silva,3,"O que achei estranho foi a data de inicio do carro no App. Fiz a assinatura em junho e no App estava como se meu carro estivesse pedido em Abril, desta forma fica confusa as informações. Hoje já estou com o carro, só estou deixando um feedback.",16,1.5.8,2021-09-27 12:09:28,"Olá Claudecy, tudo bem? Conforme conversamos, iremos repassar sua sugestão para o time responsável. Sempre que precisar entre em contato com a gente em qualquer um dos nossos canais: Whatsapp (31) 9 9910 1010 | meooatendimento@localiza.com | 0800 099 1001. Equipe Localiza Meoo 💚",2021-09-29 09:59:27,com.localiza.meoo.app,pt,br,google_play
d0ff5e72-977f-4857-bbd4-2edc9f5223d4,Giancarlo Conti,5,"Demorou, mas chegou! Perfeito!",5,1.5.7,2021-09-17 22:37:07,"Olá Giancarlo, tudo bem? Muito obrigado pela avaliação! No que precisar, conte com a gente. Equipe Localiza Meoo 💚",2021-09-20 12:34:55,com.localiza.meoo.app,pt,br,google_play
d8207b97-8d58-4f51-a9af-8bbc61921a3a,Anderson Barbosa,5,Muito bom,5,1.5.7,2021-09-15 21:10:41,"Olá Anderson, tudo bem? Muito obrigado pela avaliação! Conte sempre com a gente para trilhar novos caminhos. Equipe Localiza Meoo 💚",2021-09-17 10:59:04,com.localiza.meoo.app,pt,br,google_play
835d65a0-bde6-40ea-90da-aca957ac888e,Djalma Queiroz,5,Qualidade e tranquilidade padrão Localiza,5,1.5.7,2021-09-15 16:46:02,"Olá Djalma, tudo bem? Ficamos muito felizes com a sua avaliação! Conte sempre com a gente para trilhar novos caminhos. Equipe Localiza Meoo 💚",2021-09-17 10:52:54,com.localiza.meoo.app,pt,br,google_play
ceab84d9-f847-44ca-8ee9-14924f240931,Antenor Dvorak,5,Após 3 meses tudo certo com esta nova experiência de carro alugado.,7,1.5.7,2021-09-14 20:18:36,"Olá Antenor, tudo bem? Ficamos muito felizes em saber que sua experiência com a gente está sendo satisfatória! No que precisar, conte conosco. Equipe Localiza Meoo 💚",2021-09-15 13:41:18,com.localiza.meoo.app,pt,br,google_play
a59f5481-4fa2-44b9-8aa1-3ed5747cdde8,Robson Laurentino,5,Top!,4,1.5.7,2021-09-14 14:24:35,"Olá Robson, tudo bem? Muito obrigado pela avaliação! Conte sempre com a gente para trilhar novos caminhos. Equipe Localiza Meoo 💚",2021-09-15 13:36:09,com.localiza.meoo.app,pt,br,google_play
998df5b5-cfe6-4656-b01a-b692ac7ddf4f,Micha Eduardo,1,Não abre. Pois não consigo atualizar.,0,1.5.6,2021-09-10 08:29:25,"Olá, tudo bem? Conforme conversamos, já está tudo certo com o seu login! Sei que você já sabe, mas sempre que precisar entre em contato com a gente em qualquer um dos nossos canais: Whatsapp (31) 9 9910 1010 | meooatendimento@localiza.com | 0800 099 1001. Equipe Localiza Meoo 💚",2021-09-10 11:40:57,com.localiza.meoo.app,pt,br,google_play
9da60632-cbf7-4311-89e3-5c9aada5c08e,Manoel Henrique,5,Show de Bola,5,1.5.6,2021-09-09 23:18:48,"Olá Manoel, tudo bem? Ficamos muito felizes com a sua avaliação! Conte sempre com a gente para trilhar novos caminhos. Equipe Localiza Meoo 💚",2021-09-10 11:23:46,com.localiza.meoo.app,pt,br,google_play
103525e1-48e9-47e6-bdf7-75504714b36b,Luiz Eduardo Silva,5,Otimo aplicativo,5,1.5.6,2021-09-09 19:46:10,"Olá Luiz, tudo bem? Muito obrigado pela avaliação! Conte sempre com a gente para trilhar novos caminhos. Equipe Localiza Meoo 💚",2021-09-10 11:22:55,com.localiza.meoo.app,pt,br,google_play
27fc6d77-65e4-48c5-8df7-701df1dd3dca,Gisel Villarinho,1,Parou de funcionar do nada.,0,1.5.6,2021-09-09 18:20:14,"Olá Gisel, tudo bem? Conforme conversamos, já está tudo certo com o seu login! Sei que você já sabe, mas sempre que precisar entre em contato com a gente em qualquer um dos nossos canais: Whatsapp (31) 9 9910 1010 | meooatendimento@localiza.com | 0800 099 1001. Equipe Localiza Meoo 💚",2021-09-10 11:21:10,com.localiza.meoo.app,pt,br,google_play
93fa0b75-e837-4fcb-8ba2-aeed79d010e5,Dalgas Rogério Simões de Souza,5,Estou muito satisfeito.,5,1.5.7,2021-09-09 14:56:47,"Olá Dalgas, tudo bem? Ficamos muito felizes com a sua avaliação! No que precisar, conte sempre com a gente. Equipe Localiza Meoo 💚",2021-09-10 11:06:22,com.localiza.meoo.app,pt,br,google_play
d609eb26-ff3c-475d-acf8-e50d9dc42ddd,Luciana Telles,1,Pede pra atualizar mas depois não abre.....muito ruim,0,1.5.6,2021-09-09 14:51:17,"Olá Luciana, tudo bem? Iremos entrar em contato com você para ajudá-la. Sei que você já sabe, mas sempre que precisar entre em contato com a gente em qualquer um dos nossos canais: Whatsapp (31) 9 9910 1010 | meooatendimento@localiza.com | 0800 099 1001. Equipe Localiza Meoo 💚",2021-09-10 10:59:50,com.localiza.meoo.app,pt,br,google_play
a14ca40e-01c5-4b07-ba8a-626669cdaa0b,sergio ferrari,1,APP não funciona tentei instalar várias vezes,0,1.5.6,2021-08-31 17:16:28,"Olá Sergio, tudo bem? Iremos entrar em contato com você para ajudá-lo. Sei que você já sabe, mas sempre que precisar entre em contato com a gente em qualquer um dos nossos canais: Whatsapp (31) 9 9910 1010 | meooatendimento@localiza.com | 0800 099 1001. Equipe Localiza Meoo 💚",2021-09-01 18:05:45,com.localiza.meoo.app,pt,br,google_play
3b93c230-54a7-48dd-8c68-e2dbb6b41aad,José Carlos Almeida Alves,5,"Baixei agora o app, está tudo funcionando, muito bom",3,1.5.6,2021-08-31 12:22:45,"Olá José Carlos, tudo bem? Ficamos felizes que tenha curtido o nosso app! Sei que você já sabe, mas sempre que precisar entre em contato com a gente em qualquer um dos nossos canais: Whatsapp (31) 9 9910 1010 | meooatendimento@localiza.com | 0800 099 1001. Equipe Localiza Meoo 💚",2021-08-31 14:49:27,com.localiza.meoo.app,pt,br,google_play
42dc44dd-07d1-4c47-af7b-806e77088ab8,Rafael Brusque Toporowicz,5,Atualizou as informações aqui. Funcionou perfeitamente agora,3,1.5.5,2021-08-24 17:55:51,"Olá Rafael, tudo bem? O time responsável pelo App já foi avisado e iremos entrar em contato com você para ajudá-lo! Sei que você já sabe, mas sempre que precisar entre em contato com a gente em qualquer um dos nossos canais: Whatsapp (31) 9 9910 1010 | meooatendimento@localiza.com | 0800 099 1001. Equipe Localiza Meoo 💚",2021-08-23 19:48:07,com.localiza.meoo.app,pt,br,google_play
c1276e18-292c-4162-8270-6f42207d2200,Melissa Sulamita,1,gente esse app é de lua em uma semana fubfiona outra não,0,1.5.5,2021-08-22 20:31:53,"Olá Melissa, tudo bem? Conforme conversamos, iremos te ajudar com a sua demanda. Sempre que precisar entre em contato com a gente em um dos nossos canais: Whatsapp (31) 9 9910 1010 | meooatendimento@localiza.com | 0800 099 1001. Equipe Localiza Meoo 💚",2021-08-23 16:35:17,com.localiza.meoo.app,pt,br,google_play
882dfeca-119d-4fe7-8934-84271954e8e5,Soly Guedes I,1,"Pouco informativo... Seria bom atualizações fidedignas sobre a assinatura. Exemplo: Deram-me o prazo de 45 dias para a entrega do carro e há 79 dias o aplicativo indica ""Seu carro está a caminho"" e até agora nada... Não indico a assinatura e muito menos o aplicativo.",15,1.5.5,2021-08-19 11:22:43,"Olá Soly, tudo bem? O time responsável pelo App já foi avisado e iremos entrar em contato com você para ajudá-la! Sei que você já sabe, mas sempre que precisar entre em contato com a gente em qualquer um dos nossos canais: Whatsapp (31) 9 9910 1010 | meooatendimento@localiza.com | 0800 099 1001.",2021-08-19 17:18:05,com.localiza.meoo.app,pt,br,google_play
1dea43fa-348e-46a6-a1cc-d4ee37b85d59,Juan Whrigth,1,"Infelizmente não acontece nada no aplicativo, instalei e desinstalei o aplicativo mas não acontece nada.",1,1.5.4,2021-08-13 12:02:48,"Olá Juan, tudo bem? Não te localizamos no nosso cadastro de clientes e gostaríamos de conversar com você para ajudá-lo. Entre em contato com a gente em um dos nossos canais: Whatsapp (31) 9 9910 1010 | meooatendimento@localiza.com | 0800 099 1001. Equipe Localiza Meoo 💚",2021-08-16 10:46:12,com.localiza.meoo.app,pt,br,google_play
1f1cf53e-5510-46a1-9d58-59e6a1e2fe87,Mauro Nóbrega,1,"Como vocês investem em um app que não funciona? Que coisa, esse desenvolvedores. Onde mando currículo pra melhorar isso?",0,1.5.4,2021-08-10 12:37:17,"Olá Mauro, tudo bem? Não te localizamos no nosso cadastro de clientes e gostaríamos de conversar com você para ajudá-lo. Entre em contato com a gente em um dos nossos canais: Whatsapp (31) 9 9910 1010 | meooatendimento@localiza.com | 0800 099 1001. Equipe Localiza Meoo 💚",2021-08-10 19:17:47,com.localiza.meoo.app,pt,br,google_play
7a06fa08-8702-497b-b81e-0e31c1de6632,Evandro Souza,1,"Não funciona. Não acontece nada ao clicar em QUERO SER CLIENTE e nem em QUERO CONHECER. Testem antes de liberar. Dessa forma, não queima o app e fazem a gente perder tempo com algo que não está pronto.",8,1.5.4,2021-08-04 19:00:58,Olá Evandro! Pedimos desculpas pelo transtorno. Entre em contato com a gente em um dos nossos canais para que possamos ajudá-lo: Whatsapp (31) 9 9910 1010 | meooatendimento@localiza.com | 0800 099 1001. Equipe Localiza Meoo 💚,2021-08-05 13:42:01,com.localiza.meoo.app,pt,br,google_play
249d2d52-316e-4afc-881e-f190a7165282,Marco Antônio da Veiga,5,Não libera o avançar após digitar o email para acesso.,5,1.5.4,2021-08-02 20:26:27,"Olá, Marco! Pedimos desculpas pelo transtorno. É só atualizar o app e ele vai voltar a funcionar bem. Se depois de atualizar ainda tiver algum problema, pode avisar a gente! Estamos prontos para te atender em qualquer um dos nossos canais: Whatsapp (31) 9 9910 1010 | meooatendimento@localiza.com | 0800 099 1001, conta com a gente!
",2021-04-23 14:09:28,com.localiza.meoo.app,pt,br,google_play
6bbfb988-2a72-4b86-b073-7beeb9b0932c,Welison Silva,2,"Não recebo e-mail para fazer o cadastro,uso tudo certinho e o e-mail não chega.",2,,2021-07-24 22:21:41,"Olá Welison, tudo bem? Conforme conversamos, iremos te ajudar com a sua demanda. Sempre que precisar entre em contato com a gente em um dos nossos canais: Whatsapp (31) 9 9910 1010 | meooatendimento@localiza.com | 0800 099 1001. Equipe Localiza Meoo 💚",2021-07-26 18:01:30,com.localiza.meoo.app,pt,br,google_play
f31b77fe-50c8-465b-9909-cbf1ee4d5ede,"Fabricio Albrecht, M.Sc.",1,Não funciona há meses! Já reinstalei mais de 5 vezes e essa droga não funciona. Simplesmente não abre nem a tela do meu perfil. Nunca consegui realizar uma consulta de fatura. Uma droga!,9,1.5.3,2021-07-24 18:57:32,"Olá Fabricio! Conforme conversamos, iremos te ajudar. Sei que você já sabe, mas sempre que precisar entre em contato com a gente em qualquer um dos nossos canais: Whatsapp (31) 9 9910 1010 | meooatendimento@localiza.com | 0800 099 1001. Equipe Localiza Meoo 💚",2021-07-27 18:42:22,com.localiza.meoo.app,pt,br,google_play
f5760e72-1774-49dd-a384-e808f0fe8f4b,Murilo Farias,2,"Depois que atualizaram não consigo nem instalar a atualização. Tive um feedback bem rápido, fiz segui as instruções passadas mas continuei sem conseguir atualizar. Desinstalei o app e estou tentando instalar novamente mas não consigo.",2,,2021-07-20 20:46:35,"Olá Murilo, tudo bem? Conforme conversamos, iremos te ajudar. Sei que você já sabe, mas sempre que precisar entre em contato com a gente em qualquer um dos nossos canais: Whatsapp (31) 9 9910 1010 | meooatendimento@localiza.com | 0800 099 1001. Equipe Localiza Meoo 💚",2021-07-20 18:57:43,com.localiza.meoo.app,pt,br,google_play
a69565cc-90af-4dbd-b7c1-5fdcb3f92f1f,Thiago Francisco Cabral Gama Lins,5,Top,2,1.5.2,2021-07-20 20:30:54,"Olá Thiago, tudo bem? Muito obrigado pela avaliação! No que precisar, conte sempre com a gente. Equipe Localiza Meoo 💚",2021-07-21 09:48:10,com.localiza.meoo.app,pt,br,google_play
29abc715-67a9-4087-b51e-7c5cbe663f7d,Rosmir Nardes Maguim,5,Boa,2,1.5.2,2021-07-20 08:23:21,"Olá Rosmir, tudo bem? Ficamos muito felizes com a sua avaliação! Conte sempre com a gente para trilhar novos caminhos. Equipe Localiza Meoo 💚",2021-07-20 10:42:32,com.localiza.meoo.app,pt,br,google_play
04699048-893c-44c8-b0a4-66d0c6f4fa08,Rodrigo Jorge Pereira,5,Excelente,2,1.5.1,2021-07-12 14:05:23,"Olá Rodrigo, tudo bem? Muito obrigado pela avaliação. Conte sempre com a gente para trilhar novos caminhos. Equipe Localiza Meoo 💚",2021-07-12 18:52:05,com.localiza.meoo.app,pt,br,google_play
bb71283c-f8d6-451b-9a87-2476f5bf37fa,ROBERTO DEL ROSÁRIO,5,Muito rápido e eficiente,3,1.5.0,2021-07-05 13:02:20,"Olá Roberto, tudo bem? Ficamos muito felizes com a sua avaliação! Conte sempre com a gente para trilhar novos caminhos. Equipe Localiza Meoo 💚",2021-07-07 11:59:05,com.localiza.meoo.app,pt,br,google_play
93b0fa90-1e8f-47e4-8ca2-02c829c731d4,RAINET VINICIUS,5,"O problema que estava tendo no aplicativo em relação ao email, para acessar foi respondido rápido, eficiente e agora sem problemas para acessar.",4,1.5.0,2021-07-01 16:07:32,"Olá Vinicius, tudo bem? Conforme conversamos, já está tudo certo com o seu login! Sei que você já sabe, mas sempre que precisar entre em contato com a gente em qualquer um dos nossos canais: Whatsapp (31) 9 9910 1010 | meooatendimento@localiza.com | 0800 099 1001. Equipe Localiza Meoo 💚",2021-06-23 09:27:56,com.localiza.meoo.app,pt,br,google_play
49fd970a-5068-48da-8b3f-05da04a5276e,Rosemary Rosa,1,"Não consegui fazer nada pelo app, horrível.",2,1.5.0,2021-05-26 20:56:50,"Olá Rosemary, tudo bem? Não conseguimos localizar o seu cadastro. Você poderia nos acionar no número 31 3076-0458 para que possamos te ajudar? Equipe Localiza Meoo 💚",2021-06-23 18:11:34,com.localiza.meoo.app,pt,br,google_play
99f86e39-ca48-478f-9fb0-3612bfda2282,Valmor Bortoloti,2,Fraco e parou de mostrar as estapas de entrega do veículo.,1,1.4.4,2021-05-13 11:46:16,"Olá, nosso time responsável pelo App já foi avisado! De toda forma, iremos entrar em contato com você e repassar as informações! Sei que você já sabe, mas sempre que precisar entre em contato com a gente em qualquer um dos nossos canais: Whatsapp (31) 9 9910 1010 | meooatendimento@localiza.com | 0800 099 1001.",2021-05-19 11:31:17,com.localiza.meoo.app,pt,br,google_play
713baae2-b2af-4a1d-b059-5dde5d6bfbca,Júlio César,5,"Consigo quase tudo no app, recomendaria a colocação de acesso a rotas, com velocidade das vias, e possibilidade de planejamento de viagens. Calcular o custo de uma viagem: Km por litro de combustível, pedágios, radares entre outras coisas.",14,1.4.4,2021-05-07 17:40:56,"Oi, Júlio! Ficamos muito felizes com sua avaliação e sugestões e já passamos para o time! Em breve lançaremos novas funcionalidades para fazer valer ainda mais sua experiência Meoo. Conte sempre com a gente para trilhar novos caminhos. 💚 Equipe Meoo",2021-05-19 11:32:32,com.localiza.meoo.app,pt,br,google_play
1e7d224b-46b3-4272-8296-e7157e666217,João Barboza,5,"Parabéns pelo app! Prático e seguro. No começo tive problemas de acesso, mas a equipe da Localiza entrou em contato para resolver o problema. Está cada vez melhor!",9,1.4.2,2021-04-26 23:06:22,"Oi, João! Muito obrigado pela avaliação e ficamos muito felizes de poder ajudar! Conte sempre com a gente para trilhar novos caminhos. 💚",2021-04-29 13:38:56,com.localiza.meoo.app,pt,br,google_play
86d054d4-03ba-478b-90ad-47d73e1b2611,Marcelo Chales,1,"Fazendo uma nova avaliação do aplicativo, o mesmo já não está mais funcionando há mais de uma semana. Lamentável não ter mais como acompanhar os pedidos.",1,1.4.0,2021-04-22 22:55:45,"Opa! Realmente, tivemos um problema com o aplicativo. Mas olha só, já corrigimos. É só atualizar o app e ele vai voltar a funcionar bem. Se depois de atualizar ainda tiver algum problema, pode avisar a gente!",2021-04-23 14:04:33,com.localiza.meoo.app,pt,br,google_play
2cc36f52-60f5-47ac-85c8-810c911220c8,Mário Araujo,3,"Não consigo acessar o aplicativo, nem login estou conseguindo, não aparece opção de nada",2,1.4.0,2021-04-22 18:31:05,"Opa! Realmente, tivemos um problema com o aplicativo. Mas olha só, já corrigimos. É só atualizar o app e ele vai voltar a funcionar bem. Se depois de atualizar ainda tiver algum problema, pode avisar a gente!",2021-04-23 14:04:26,com.localiza.meoo.app,pt,br,google_play
5ea3df88-99c4-4c7c-b22a-3c9cf6ca55eb,Junior,1,Estou tentado acessar o aplicativo e não consigo. Coloco o email cadastrado e não habilita o meu acesso,2,1.4.0,2021-04-20 20:54:27,"Olá, Tim! Pedimos desculpas pelo transtorno. Estamos prontos para te atender em qualquer um dos nossos canais: Whatsapp (31) 9 9910 1010 | meooatendimento@localiza.com | 0800 099 1001, conta com a gente",2021-04-22 17:18:28,com.localiza.meoo.app,pt,br,google_play
207da3fd-e9d2-4aac-85d4-d9d0a0d5da6c,Wilson Bueno,1,"O aplicativo é péssimo! Não funcionava, até que fizeram uma atualização e normalizou, essa semana eles fizeram uma nova atualização que agora não é possível fazer nem o login e quando eu tento o contato por WhatsApp não funciona .",11,1.4.0,2021-04-20 19:39:08,"Olá, Wilson! Pedimos desculpas pelo transtorno. Estamos prontos para te atender em qualquer um dos nossos canais: Whatsapp (31) 9 9910 1010 | meooatendimento@localiza.com | 0800 099 1001, conta com a gente!
",2021-04-22 17:18:16,com.localiza.meoo.app,pt,br,google_play
00b503a8-0654-4fc6-b19e-67408469a2a9,Gustavo Maia,1,Parou de funcionar. E não consigo mais acessar o aplicativo.,2,1.4.0,2021-04-20 18:49:53,"Olá, Gustavo! Pedimos desculpas pelo transtorno. Estamos prontos para te atender em qualquer um dos nossos canais: Whatsapp (31) 9 9910 1010 | meooatendimento@localiza.com | 0800 099 1001, conta com a gente!

",2021-04-22 17:18:04,com.localiza.meoo.app,pt,br,google_play
8b990778-4f5d-4365-8513-8c016c91efec,Gervasio Ichiba,3,Regular,0,1.4.0,2021-04-20 12:44:48,"Olá, Gervasio! A gente valoriza muito novas ideias e estamos abertos a sugestões! Obrigado pela avaliação! 💚",2021-04-22 17:17:34,com.localiza.meoo.app,pt,br,google_play
b70d9073-faa9-45d2-89ac-16dc7c815359,Victtória Torres,1,É infelizmente o app não funciona.,1,1.3.14,2021-04-07 22:12:08,"Olá, Victtória! Pedimos desculpas pelo transtorno. Estamos prontos para te atender em qualquer um dos nossos canais: Whatsapp (31) 9 9910 1010 | meooatendimento@localiza.com | 0800 099 1001, conta com a gente!

",2021-04-22 17:14:39,com.localiza.meoo.app,pt,br,google_play
1589c1f8-e316-470c-9fd9-bca38ba63aa0,Sonia Escorpiana,1,Esse apk é o pior q ja vi...e o mais inutil. Nao consigo fazer nada nele e eles ainda ficam mandando a gente fazer coisas obvias...tipo limpar cache...reinstalar etc. Como se isso fosse resolver algo. O defeito é deles mesmo.,1,,2021-04-05 17:55:53,"Olá, Sonia! Pedimos desculpas pelo transtorno. Estamos prontos para te atender em qualquer um dos nossos canais: Whatsapp (31) 9 9910 1010 | meooatendimento@localiza.com | 0800 099 1001, conta com a gente!",2021-04-22 17:14:25,com.localiza.meoo.app,pt,br,google_play
c10bed09-9555-42a3-8f03-dfca7397544f,Marcelo Santiago,1,"Aplicativo não funciona. Não consigo indicar condutor para multas, não consigo pagar boletos. Falaram que havia sido atualizado, mas não foi. Uma empresa que tem isenção de impostos não é capaz de investir em um aplicativo que funcione?",6,1.3.13,2021-04-02 17:58:29,"Olá! Pedimos desculpas pelo transtorno. Estamos prontos para te atender em qualquer um dos nossos canais: Whatsapp (31) 9 9910 1010 | meooatendimento@localiza.com | 0800 099 1001, conta com a gente!",2021-04-22 17:13:10,com.localiza.meoo.app,pt,br,google_play
d7642305-212b-4d73-aca2-72c81fdbaff5,Henrique Cruz,1,Disseram que foi atualizado e que os problemas foram corrigidos. MENTIRA!!! Estou a meses com o app sem funcionar!!! Nos dias atuais não ter um app que funcione é ridículo....,5,1.3.13,2021-03-29 11:49:08,"Olá, Henrique! Pedimos desculpas pelo transtorno. Como urgência, podemos te enviar informações sobre o seu pedido nos nossos outros canais: Whatsapp (31) 9 9910 1010 | meooatendimento@localiza.com | 0800 099 1001.
Nos envie também um e-mail sobre o problema com o app, para que possamos resolvê-lo, estamos prontos para te atender, conta com a gente!",2020-12-18 20:34:55,com.localiza.meoo.app,pt,br,google_play
1d118a56-c7e6-433e-86c5-eed6e01017c3,Rodrigo Bentini,1,"Experiência ruim, tanto no app, que não funciona quanto na Localiza Meoo, que não entrega o que vende. Lamentável!",1,1.3.12,2021-03-16 15:50:52,"Olá! Pedimos desculpas pelo transtorno. Estamos prontos para te atender em qualquer um dos nossos canais: Whatsapp (31) 9 9910 1010 | meooatendimento@localiza.com | 0800 099 1001, conta com a gente!

",2021-03-16 12:11:54,com.localiza.meoo.app,pt,br,google_play
29ce484f-ac01-442a-b0d6-ff1d24e71eb3,henrique pimentel,1,"O app não está funcionando!! Toda hora aparece a mensagem: ""OPA! ALGO DEU ERRADO POR AQUI, MAS JÁ VAMOS CORRIGIR O PROBLEMA. VOCÊ PODE TENTAR NOVAMENTE MAIS TARDE? Já estou tentando a mais de um mês e nada!!",3,1.3.12,2021-03-05 08:43:46,"Olá, Henrique! Pedimos desculpas pelo transtorno. Nosso aplicativo está em atualização, mas já estamos trabalhando nisso, e rapidinho estará ok novamente.",2021-03-08 11:13:11,com.localiza.meoo.app,pt,br,google_play
b29bd3fb-86c8-4ea5-95f7-e4e5dab1fdf7,Israel Alencar,3,"Boa tarde, pode melhorar. A alguns meses não consigo mais visualizar o ""acompanhamento de pedidos"" se puderem corrigir seria ótimo. Já foi feito contato por e-mail, whataspp, telefone e não foi resolvido.",2,1.3.12,2021-03-03 13:16:44,"Olá, Israel! Pedimos desculpas pelo transtorno. Nosso aplicativo está em atualização, mas já estamos trabalhando nisso, e rapidinho estará ok novamente.",2021-03-08 11:13:00,com.localiza.meoo.app,pt,br,google_play
e02fc793-9d36-4188-ab88-14150ed87581,Gilcimar Negreiros,4,"Depois de receber a devida orientação pela.equite técnica da Localiza Meoo, o problema foi resolvido.",0,1.3.12,2021-03-02 19:12:57,"Olá, Gilcimar! Pedimos desculpas pelo transtorno. Estamos prontos para te atender em qualquer um dos nossos canais: Whatsapp (31) 9 9910 1010 | meooatendimento@localiza.com | 0800 099 1001, conta com a gente!",2021-03-02 15:17:35,com.localiza.meoo.app,pt,br,google_play
30450a80-0b56-478d-8378-9fe6f604ad52,Fred França,1,"Impressionante como o aplicativo não funciona a mais de um mês. Quem precisa de mais de 30 dias pra corrigir um erro desses. Tudo muito bonito na propaganda, mas na prática está na década passada junto com o telemarketing. Dizem que o erro foi corrigido, mas não foi. Não funciona.(Edit 02/03/21) - Apesar da resposta e pedido de desculpas o aplicativo continua não funcionando mesmo depois de reinstalar. É inacreditável que ninguém na empresa se prontificou a resolver essa questão em tanto tempo.",15,1.3.12,2021-03-02 15:43:45,"Opa! Realmente, Fred, tivemos um problema com o aplicativo. Mas olha só, já corrigimos. É só atualizar o app e ele vai voltar a funcionar bem. Se depois de atualizar ainda tiver algum problema, pode avisar em qualquer um dos nossos canais: Whatsapp (31) 9 9910 1010 | meooatendimento@localiza.com | 0800 099 1001, conta com a gente!",2021-03-02 15:14:35,com.localiza.meoo.app,pt,br,google_play
e6964125-6d2b-4dfe-9eb3-24e436f86dcf,Andrei Ferri,2,Não acrescentar nada,1,1.3.10,2021-02-26 16:10:22,"Olá, Andrei! A gente valoriza muito novas ideias! Por isso, já repassamos sua sugestão pra que a área responsável possa avaliar. Obrigado! 💚",2021-03-02 15:16:50,com.localiza.meoo.app,pt,br,google_play
599fb2d5-8247-4002-a03f-8572e351dcc7,Iuri Marques,1,Não funciona.. inútil,1,1.3.10,2021-02-26 12:33:38,"Opa! Realmente, Iuri, tivemos um problema com o aplicativo. Mas olha só, já corrigimos. É só atualizar o app e ele vai voltar a funcionar bem. Se depois de atualizar ainda tiver algum problema, pode avisar em qualquer um dos nossos canais: Whatsapp (31) 9 9910 1010 | meooatendimento@localiza.com | 0800 099 1001, conta com a gente!",2021-03-02 15:14:25,com.localiza.meoo.app,pt,br,google_play
ba5c847f-7cf6-41c8-9196-5f83dac5bdcf,Jose Henrique Franco,1,"O app trava. Nunca funciona. Já faz bastante tempo que esse erro ocorre. Já desistalei e instalei novamente, sem sucesso.",2,1.3.10,2021-02-23 20:03:31,"Olá, Jose! Pedimos desculpas pelo transtorno. Estamos prontos para te atender em qualquer um dos nossos canais: Whatsapp (31) 9 9910 1010 | meooatendimento@localiza.com | 0800 099 1001, conta com a gente!",2021-02-24 13:50:45,com.localiza.meoo.app,pt,br,google_play
2e88013c-a367-4914-9904-42551f44dba1,João Paulo Medina Passos,1,Infelizmente não funciona... Minha fatura chegou no email mas não consta no aplicativo.... Se eu não olhasse no email iria vencer sem eu pagar... Nem consigo visualizar minhas informações. Quando tiver tempo vou apagar e instalar novamente o app.,3,1.3.10,2021-02-19 15:26:43,"Olá, João! Pedimos desculpas pelo transtorno. Estamos prontos para te atender em qualquer um dos nossos canais: Whatsapp (31) 9 9910 1010 | meooatendimento@localiza.com | 0800 099 1001, conta com a gente!",2021-02-19 11:10:08,com.localiza.meoo.app,pt,br,google_play
d796e1b8-65b0-4212-96ae-fde0cdf61eae,Roberta D'Angelo,1,Faz 1 mês que não consigo usar o app. Não vale a pena instalar! Melhor usar o whats para entrar em contato,1,1.3.10,2021-02-05 10:56:20,"Olá, Roberta! Pedimos desculpas pelo transtorno. Estamos prontos para te atender em qualquer um dos nossos canais: Whatsapp (31) 9 9910 1010 | meooatendimento@localiza.com | 0800 099 1001, conta com a gente!",2021-02-10 15:10:33,com.localiza.meoo.app,pt,br,google_play
9724206a-4638-4d94-b0fd-10a57fa018d3,Thiago Metti,3,"No inicio em Nov 2020 quando comecei a usar funcionava super bem, já faz mais de 2 semanas que o app parou de funcionar, mesmo após atualização, tentei até desinstalar e instalar novamente mas ainda não funciona.....",3,1.3.10,2021-01-28 07:43:32,"Opa! Realmente, tivemos um problema com o aplicativo, mas resolvemos! Se ainda tiver algum problema, pode avisar a gente em qualquer um dos nossos canais: Whatsapp (31) 9 9910 1010 | meooatendimento@localiza.com | 0800 099 1001, conta com a gente!",2021-02-01 15:45:55,com.localiza.meoo.app,pt,br,google_play
30a5f6a6-e553-45c8-822c-65dba9aaedc7,Jean Velasco,1,Sequer consigo fazer o login 🙄,1,1.3.5,2021-01-11 11:52:17,"Olá, Jean! Pedimos desculpas pelo transtorno. Estamos prontos para te atender em qualquer um dos nossos canais: Whatsapp (31) 9 9910 1010 | meooatendimento@localiza.com | 0800 099 1001, conta com a gente!",2021-01-11 15:41:08,com.localiza.meoo.app,pt,br,google_play
2af20212-2d44-45f2-b368-09ae76b01936,Felipe Friesen,5,"Excelente, tive um problema para ver alguns dados, a equipe entrou em contato comigo me explicou tudo e resolveu toda a questão! Parabéns a todos os responsáveis.",4,1.3.5,2021-01-08 09:43:21,"Olá, Felipe! Só de ler essa mensagem nosso coração acelera! Conte sempre com a gente para trilhar novos caminhos. 💚",2021-01-08 09:46:59,com.localiza.meoo.app,pt,br,google_play
be6a9925-834e-45fc-a93e-0340ce51cbd6,Rafael Ribeiro da Silva Rodrigues,1,Pessima experiência desde o primeiro uso.. faço o cadastro faço o login e não entra no aplicativo...,1,1.3.5,2021-01-07 12:57:02,"Olá, Rafa! Pedimos desculpas pelo transtorno. Estamos prontos para te atender em qualquer um dos nossos canais: Whatsapp (31) 9 9910 1010 | meooatendimento@localiza.com | 0800 099 1001, conta com a gente!",2021-01-07 15:45:17,com.localiza.meoo.app,pt,br,google_play
c00fac0b-70ae-4dc3-b856-e82c7a5312e0,Leonardo Borges,1,O app n abre. Eu coloco a senha e o login e qnd clico em entrar ele volta p tela de inicio,1,1.3.5,2021-01-06 18:24:15,"Olá, Leonardo! Pedimos desculpas pelo transtorno. Estamos prontos para te atender em qualquer um dos nossos canais: Whatsapp (31) 9 9910 1010 | meooatendimento@localiza.com | 0800 099 1001, conta com a gente!",2021-01-07 15:45:28,com.localiza.meoo.app,pt,br,google_play
dcabc4a2-4446-4738-8f66-02fd79a8d6a8,Júlia Bragança,4,"A ideia do aplicativo é ótima, mas ele tem falhas frequentes. No meu caso, parou de aparecer o status do veículo. Acabei de desinstalar e instalar novamente e o problema persistiu.",5,1.3.5,2021-01-06 13:37:07,"Olá, Julia! Conte sempre com a gente para trilhar novos caminhos. 💚 Pedimos desculpas pelo transtorno e estamos prontos para te atender em qualquer um dos nossos canais: Whatsapp (31) 9 9910 1010 | meooatendimento@localiza.com | 0800 099 1001, conta com a gente!",2021-01-11 15:41:49,com.localiza.meoo.app,pt,br,google_play
9c15e752-cdfa-4048-92ef-3faf5b7a155b,Geraldo,2,Poucas informações,2,1.3.5,2020-12-27 17:11:58,"Olá, Geraldo! Sugestões são sempre bem-vindas! 💚 Já repassamos sua sugestão para que a área responsável possa avaliar. Meoo é um produto novo e estamos evoluindo pra ter a certeza de que você terá sempre a melhor experiência possível com a gente, tá? Pra dar mais detalhes, chama a gente! Whatsapp (31)9 9910 1010 | meooatendimento@localiza.com",2020-12-28 10:17:49,com.localiza.meoo.app,pt,br,google_play
02a3b385-49de-49fe-9ecf-a58888693ad6,UMBERTO PAZ DE MELO,4,Poderia ter mais recursos e dar mais informações aos clientes e gestores,0,1.3.5,2020-12-22 14:34:15,"Olá, Umberto! Sugestões são sempre bem-vindas! 💚 Já repassamos sua sugestão para que a área responsável possa avaliar. Meoo é um produto novo e estamos evoluindo pra ter a certeza de que você terá sempre a melhor experiência possível com a gente, tá? Caso prefira, entre em contato nos canais: Whatsapp (31)9 9910 1010 | meooatendimento@localiza.com",2020-12-22 17:56:17,com.localiza.meoo.app,pt,br,google_play
c924b696-de9f-47c7-8a68-445fbe1d0d1b,Maristela Baioco,1,Aplicativo não abre no meu celular,2,1.3.5,2020-12-17 19:31:27,"Olá, Maristela! Pedimos desculpas pelo transtorno. Estamos prontos para te atender em qualquer um dos nossos canais: Whatsapp (31) 9 9910 1010 | meooatendimento@localiza.com | 0800 099 1001, conta com a gente!",2020-12-18 20:35:18,com.localiza.meoo.app,pt,br,google_play
74247d1b-2aed-4d23-a16a-daca26fb9d40,Michael Lira,1,"Infelizmente o app nao funciona, vi que outras pessoas passaram pela msm experiência, é triste vcs tentarem se atualizar em um lado 'carro por contrato' e estarem ainda na das pedras em outro! Nao adianta tentar se atualizar mas nao desapegarem dos mesmos erros. ""Antes de pegar a estrada verifique os ítens de segurança do seu veículo."" No seu caso é o app que nao funciona.",4,,2020-12-06 16:03:38,"Olá, Michael! Pedimos desculpas pelo transtorno. Estamos prontos para te atender em qualquer um dos nossos canais: Whatsapp (31) 9 9910 1010 | meooatendimento@localiza.com | 0800 099 1001, conta com a gente!",2020-12-16 15:47:33,com.localiza.meoo.app,pt,br,google_play
6b8c6eb6-4597-4c2b-b006-d58313fe0744,Claudio Cardoso,1,App não abre. Fica a tela verde fixa.,3,1.3.4,2020-12-02 12:15:22,"Olá, Claudio! Pedimos desculpas pelo transtorno. Estamos prontos para te atender em qualquer um dos nossos canais: Whatsapp (31) 9 9910 1010 | meooatendimento@localiza.com | 0800 099 1001, conta com a gente!",2020-12-16 15:47:23,com.localiza.meoo.app,pt,br,google_play
f8348829-1a7b-4a4c-bf53-4bee8cb0d864,Jose Filatieri,1,Nao consigo concluir o cadastro no app,3,1.3.4,2020-11-18 16:43:04,"Olá, Jose! Pedimos desculpas pelo transtorno. Estamos prontos para te atender em qualquer um dos nossos canais: Whatsapp (31) 9 9910 1010 | meooatendimento@localiza.com | 0800 099 1001, conta com a gente!",2020-11-23 09:58:38,com.localiza.meoo.app,pt,br,google_play
1d3443d8-83d0-413e-ae65-0ffdad87080d,Rennan Canuto,1,"Nao entra, nunca funciona",1,,2020-11-18 06:15:16,"Olá, Rennan! Pedimos desculpas pelo transtorno e já buscamos resolver seu problema! Se tiver algum outro problema, pode avisar a gente! Estamos prontos para te atender em qualquer um dos nossos canais: Whatsapp (31) 9 9910 1010 | meooatendimento@localiza.com | 0800 099 1001, conta com a gente!",2020-11-20 15:24:53,com.localiza.meoo.app,pt,br,google_play
ae733c3e-25c0-4dab-b33a-80cff0674b5a,Renato Cardeal,1,Simplesmente não funciona! Fica na mesma tela é não abre.,3,1.3.3,2020-11-03 17:34:13,"Opa! Realmente, tivemos um problema com o aplicativo. Mas olha só, já corrigimos. É só atualizar o app e ele vai voltar a funcionar bem. Se depois de atualizar ainda tiver algum problema, pode avisar a gente!",2020-11-04 16:42:53,com.localiza.meoo.app,pt,br,google_play
c220cbd1-d7ca-4a12-bfdc-067a8d000081,Weverton Lisboa de Sena,2,Parou de funcionar. Apenas aparece uma tela sem informações,2,1.3.3,2020-11-03 12:23:04,"Opa! Realmente, tivemos um problema com o aplicativo. Mas olha só, já corrigimos. É só atualizar o app e ele vai voltar a funcionar bem. Se depois de atualizar ainda tiver algum problema, pode avisar a gente!",2020-11-04 16:42:48,com.localiza.meoo.app,pt,br,google_play
4518c08d-1a0a-4f96-8528-543efdac6d8b,Gilberto Andrade,3,Parou de funcionar! Tela branca ao carregar.,3,1.3.3,2020-11-01 09:47:58,"Opa! Realmente, tivemos um problema com o aplicativo. Mas olha só, já corrigimos. É só atualizar o app e ele vai voltar a funcionar bem. Se depois de atualizar ainda tiver algum problema, pode avisar a gente!",2020-11-04 16:42:32,com.localiza.meoo.app,pt,br,google_play
e4eba3bc-5340-428c-901e-3ee2a284daf3,Carvalho,2,"não funciona desde o dia 30/10/2020, após atualização",4,1.3.3,2020-11-01 02:28:14,"Opa! Realmente, tivemos um problema com o aplicativo. Mas olha só, já corrigimos. É só atualizar o app e ele vai voltar a funcionar bem. Se depois de atualizar ainda tiver algum problema, pode avisar a gente!",2020-11-04 16:42:27,com.localiza.meoo.app,pt,br,google_play
0fb8f487-cac6-4c15-a0c3-4dc527bf23cf,Luiz Alberto Barboza,1,Não funciona.,1,,2020-11-01 00:11:50,"Opa! Realmente, tivemos um problema com o aplicativo. Mas olha só, já corrigimos. É só atualizar o app e ele vai voltar a funcionar bem. Se depois de atualizar ainda tiver algum problema, pode avisar a gente!",2020-11-04 16:42:19,com.localiza.meoo.app,pt,br,google_play
a085895a-9660-420a-8210-725d3a48d6ad,Giancarlo Germany,4,Parou de funcionar após a atualização!,1,1.3.3,2020-10-31 18:05:24,"Opa! Realmente, tivemos um problema com o aplicativo. Mas olha só, já corrigimos. É só atualizar o app e ele vai voltar a funcionar bem. Se depois de atualizar ainda tiver algum problema, pode avisar a gente!",2020-11-04 16:42:06,com.localiza.meoo.app,pt,br,google_play
23dd0576-c012-4fd9-8fe8-5c9b0779e8f3,ROBERTO APARECIDO Doreto,2,"Desde a última atualização, não funciona. Simplesmente não abre, deixa a tela branca. Favor arrumarem.",15,1.3.3,2020-10-31 08:56:48,"Opa! Realmente, tivemos um problema com o aplicativo. Mas olha só, já corrigimos. É só atualizar o app e ele vai voltar a funcionar bem. Se depois de atualizar ainda tiver algum problema, pode avisar a gente!",2020-11-04 16:41:57,com.localiza.meoo.app,pt,br,google_play
