review_id,rating,review_text,review_date,app_version,thumbs_up_count,reply_content,data_origin,normalized_text,sentiment,sentiment_score,sentiment_confidence,voice_signal,topic,journey_moment,pain_category,urgency,product_area,context_opportunity,recommended_action,confidence,matched_signals,analysis_method
684195d7-7ec4-4d78-b64d-e95f3d00adeb,5,Excelente atendimento e Serviços. Muito satisfeita .Super recomendo .,2026-09-21 20:46:28,5.1.1,0,,GOOGLE_PLAY,excelente atendimento e servicos muito satisfeita super recomendo,positivo,4,0.9,elogio,manutencao_agendamento,manutencao,atendimento,baixa,manutencao,proactive_care,Agendar revisão,0.98,pos:excelente | pos:recomendo | pos:satisfeita | rating:5 | manutencao_agendamento:servico | atendimento:atendimento,review-rule-engine-v1
f35f668a-82f0-4a86-989c-af1891060241,1,"Fazem 3 revisões que não consigo marcar pelo APP. O nome da cidade aparece, mas, não consigo selecionar.",2026-09-21 13:53:04,5.1.1,0,,GOOGLE_PLAY,fazem 3 revisoes que nao consigo marcar pelo app o nome da cidade aparece mas nao consigo selecionar,negativo,-2,0.78,dor,funcionalidade_usabilidade,uso_do_app,erro_funcional,alta,experiencia_app,none,nenhuma,0.9,neg:nao consigo | forte_neg:nao consigo | rating:1 | fallback:sentimento_negativo | erro_funcional:nao consigo,review-rule-engine-v1
59d66794-3d0c-4d75-ae5a-47f47558093b,5,Tudo perfeito,2026-09-19 06:06:29,5.1.1,0,,GOOGLE_PLAY,tudo perfeito,positivo,2,0.7,elogio,geral,uso_do_app,nenhuma,baixa,experiencia_app,none,nenhuma,0.7,pos:perfeito | rating:5,review-rule-engine-v1
d3d0fe57-1094-492a-814b-22574d10cf1d,5,muito bom,2026-09-15 08:22:05,5.0.0,0,,GOOGLE_PLAY,muito bom,positivo,2,0.7,elogio,geral,uso_do_app,nenhuma,baixa,experiencia_app,none,nenhuma,0.7,pos:bom | rating:5,review-rule-engine-v1
fb26edbd-d729-4279-b539-176a3cf4956d,5,sensacional,2026-09-09 11:20:53,5.0.0,0,,GOOGLE_PLAY,sensacional,positivo,2,0.7,elogio,geral,uso_do_app,nenhuma,baixa,experiencia_app,none,nenhuma,0.7,pos:sensacional | rating:5,review-rule-engine-v1
c68d8917-c6df-4da6-acff-c81e5fed927d,5,boa experiência app e rapido,2026-09-03 15:04:46,4.19.0,0,,GOOGLE_PLAY,boa experiencia app e rapido,positivo,3,0.8,elogio,geral,uso_do_app,nenhuma,baixa,experiencia_app,none,nenhuma,0.8,pos:boa | pos:rapido | rating:5,review-rule-engine-v1
3a20c721-02e1-46b1-a07f-04b5c39c9189,5,"Estou a 8 meses com o carro de aluguel, minhas vendas melhoraram por não ter incômodos que eu tinha com carro velho, meus gastos são previsíveis, sem surpresas no fim do mês, nem carro estragando como eu tinha antes, app fácil de usar, tudo muito simples, super recomendo",2026-09-03 07:35:54,4.19.0,2,,GOOGLE_PLAY,estou a 8 meses com o carro de aluguel minhas vendas melhoraram por nao ter incomodos que eu tinha com carro velho meus gastos sao previsiveis sem surpresas no fim do mes nem carro estragando como eu tinha antes app facil de usar tudo muito simples super recomendo,positivo,3,0.8,sugestao,geral,uso_do_app,usabilidade,baixa,experiencia_app,none,nenhuma,0.84,pos:facil | pos:recomendo | rating:5 | usabilidade:facil de,review-rule-engine-v1
aa905bed-bead-426b-84d2-b31bd1b4f68b,5,EXcelente atendimento e aplicativo,2026-08-29 14:38:56,4.17.0,0,,GOOGLE_PLAY,excelente atendimento e aplicativo,positivo,2,0.7,elogio,suporte_atendimento,suporte,atendimento,baixa,suporte,support_prevention,Resolver necessidade antes do contato,0.82,pos:excelente | rating:5 | suporte_atendimento:atendimento | atendimento:atendimento,review-rule-engine-v1
56a7bf26-be27-4d8a-9163-e46502a805ba,5,agilidade e eficiência,2026-08-22 20:33:15,4.18.0,0,,GOOGLE_PLAY,agilidade e eficiencia,positivo,3,0.8,elogio,geral,uso_do_app,nenhuma,baixa,experiencia_app,none,nenhuma,0.8,pos:eficiencia | pos:agilidade | rating:5,review-rule-engine-v1
08ea2aac-ec34-45af-9978-115dbaa90f59,1,não consigo indicar a pessoa que cometeu a multa,2026-08-22 11:15:29,4.17.0,0,,GOOGLE_PLAY,nao consigo indicar a pessoa que cometeu a multa,negativo,-2,0.78,dor,multas_condutor,multas,erro_funcional,alta,multas,zero_surpresa,Resolver multas e condutor,0.9,neg:nao consigo | forte_neg:nao consigo | rating:1 | multas_condutor:multa | erro_funcional:nao consigo,review-rule-engine-v1
86449e42-d198-43f6-8fee-99a14261ace5,5,Aplicativo super confiável e de fácil manuseio. Estou satisfeito!,2026-08-21 15:17:39,4.17.0,1,,GOOGLE_PLAY,aplicativo super confiavel e de facil manuseio estou satisfeito,positivo,4,0.9,elogio,geral,uso_do_app,nenhuma,baixa,experiencia_app,none,nenhuma,0.9,pos:confiavel | pos:facil | pos:satisfeito | rating:5,review-rule-engine-v1
95c14253-e725-4cc0-a321-fad148f62998,1,"péssima experiência, toda semana o aplicativo faz alguma atualização irrelevante e desloga sua conta. Daí você tem que gerar uma senha extremamente complexa que nunca vai se lembrar para ter que resetar novamente a senha toda semana. Isso sem contar as dezenas de pequenas taxas escondidas que eles cobram, nunca mais assino essa cilada.",2026-08-16 00:55:10,4.17.0,0,,GOOGLE_PLAY,pessima experiencia toda semana o aplicativo faz alguma atualizacao irrelevante e desloga sua conta dai voce tem que gerar uma senha extremamente complexa que nunca vai se lembrar para ter que resetar novamente a senha toda semana isso sem contar as dezenas de pequenas taxas escondidas que eles cobram nunca mais assino essa cilada,negativo,-2,0.78,dor,acesso_login,acesso,performance_estabilidade,media,conta_acesso,app_reliability,Resolver acesso ao app,0.9,forte_neg:pessima experiencia | rating:1 | acesso_login:deslog | acesso_login:senha | acesso_login:desloga | performance_estabilidade:atualizacao,review-rule-engine-v1
08988003-12b9-4889-bc39-b880b6018421,5,EXCELENTE!,2026-08-12 14:23:48,4.17.0,0,,GOOGLE_PLAY,excelente,positivo,2,0.7,elogio,geral,uso_do_app,nenhuma,baixa,experiencia_app,none,nenhuma,0.7,pos:excelente | rating:5,review-rule-engine-v1
2ce138ec-b8f5-4b1a-98de-b104d51dcc83,5,"Este aplicativo é de grande utilidade, pois nos dar informações importantes e necessárias para que possamos acompanhar todo o andamento do contrato.",2026-08-12 07:41:34,4.14.2,0,,GOOGLE_PLAY,este aplicativo e de grande utilidade pois nos dar informacoes importantes e necessarias para que possamos acompanhar todo o andamento do contrato,positivo,2,0.7,elogio,contrato_assinatura,contrato,nenhuma,baixa,contrato,zero_surpresa,Ver contrato e próximos eventos,0.78,pos:util | rating:5 | contrato_assinatura:contrato,review-rule-engine-v1
00453fdb-1de4-439e-b367-331f477a320e,5,muito obrigado pela atenção.,2026-08-09 07:24:55,4.17.0,0,,GOOGLE_PLAY,muito obrigado pela atencao,positivo,1,0.6,elogio,geral,uso_do_app,nenhuma,baixa,experiencia_app,none,nenhuma,0.6,rating:5,review-rule-engine-v1
02259cff-066d-4348-ac99-b0381558ca94,2,"Não consigo usar meu app. Abro, ele fica alguns segundos aberto e depois desliga totalmente. Já vi se podia ser atualização, nada!! Não sei o que fazer! Totalmente instável!!",2026-08-06 19:01:00,4.17.0,0,,GOOGLE_PLAY,nao consigo usar meu app abro ele fica alguns segundos aberto e depois desliga totalmente ja vi se podia ser atualizacao nada nao sei o que fazer totalmente instavel,negativo,-2,0.78,dor,performance_estabilidade,uso_do_app,performance_estabilidade,alta,app,app_reliability,Corrigir experiência do app,0.9,neg:nao consigo | neg:instavel | neg:desliga | forte_neg:nao consigo | rating:2 | performance_estabilidade:atualizacao | performance_estabilidade:instavel | performance_estabilidade:desliga,review-rule-engine-v1
66b118c1-eaf3-4a2c-87c8-225f6c71d106,5,Fácil de utilizar! Muito intuitivo,2026-08-06 09:36:05,4.17.0,1,,GOOGLE_PLAY,facil de utilizar muito intuitivo,positivo,4,0.9,elogio,geral,uso_do_app,usabilidade,baixa,experiencia_app,none,nenhuma,0.94,pos:facil | pos:util | pos:intuitivo | rating:5 | usabilidade:intuitivo | usabilidade:facil de,review-rule-engine-v1
a3bdcabf-3206-472a-ad41-94bc8bad67d4,5,Nota 10 em 2 anos de experiência como Cliente.,2026-08-05 14:09:07,4.16.0,0,,GOOGLE_PLAY,nota 10 em 2 anos de experiencia como cliente,positivo,1,0.6,elogio,geral,uso_do_app,nenhuma,baixa,experiencia_app,none,nenhuma,0.6,rating:5,review-rule-engine-v1
56d8ca40-7c62-4f95-9550-d0c691eaa758,5,ótimo Atendimento fui bem Atendido,2026-08-04 10:59:47,4.17.0,0,,GOOGLE_PLAY,otimo atendimento fui bem atendido,positivo,2,0.7,elogio,suporte_atendimento,suporte,atendimento,baixa,suporte,support_prevention,Resolver necessidade antes do contato,0.82,pos:otimo | rating:5 | suporte_atendimento:atendimento | atendimento:atendimento,review-rule-engine-v1
fafce47e-3841-4b26-b8dd-50aa3bb85d54,5,localiza é muito boa,2026-08-03 13:45:06,4.17.0,0,,GOOGLE_PLAY,localiza e muito boa,positivo,2,0.7,elogio,geral,uso_do_app,nenhuma,baixa,experiencia_app,none,nenhuma,0.7,pos:boa | rating:5,review-rule-engine-v1
f7f9b0d6-ee29-4763-bc0b-413ae1674955,5,Maravilhoso!!!!,2026-07-30 20:26:33,4.16.0,0,,GOOGLE_PLAY,maravilhoso,positivo,2,0.7,elogio,geral,uso_do_app,nenhuma,baixa,experiencia_app,none,nenhuma,0.7,pos:maravilhoso | rating:5,review-rule-engine-v1
b4e66779-83a9-41bd-b189-9e2d1d1c050b,5,otima,2026-07-28 17:26:35,4.15.0,0,,GOOGLE_PLAY,otima,positivo,2,0.7,elogio,geral,uso_do_app,nenhuma,baixa,experiencia_app,none,nenhuma,0.7,pos:otima | rating:5,review-rule-engine-v1
e754e0b6-be1c-4d5e-b21b-602b29e998d6,1,nao atualiza. ainda está como avaliação de proposta. já reclamei via e-mail e WhatsApp mas ninguém resolve.,2026-07-23 13:22:25,4.15.0,0,,GOOGLE_PLAY,nao atualiza ainda esta como avaliacao de proposta ja reclamei via e mail e whatsapp mas ninguem resolve,negativo,-3,0.88,dor,suporte_atendimento,suporte,atendimento,alta,suporte,support_prevention,Resolver necessidade antes do contato,0.98,neg:nao atualiza | neg:ninguem resolve | forte_neg:nao atualiza | forte_neg:ninguem resolve | rating:1 | suporte_atendimento:whatsapp | suporte_atendimento:e mail | suporte_atendimento:ninguem | atendimento:whatsapp | atendimento:ninguem resolve,review-rule-engine-v1
7638b254-db89-4c2b-992b-57ce2ff3a64a,5,Muito bom carro zero sem se preocupar com nada,2026-07-23 08:59:51,4.14.2,0,,GOOGLE_PLAY,muito bom carro zero sem se preocupar com nada,positivo,2,0.7,elogio,geral,uso_do_app,nenhuma,baixa,experiencia_app,none,nenhuma,0.7,pos:bom | rating:5,review-rule-engine-v1
1cf69870-8220-4518-ae31-0ae63c7affea,5,praticidade,2026-07-14 22:52:03,4.14.2,0,,GOOGLE_PLAY,praticidade,positivo,2,0.7,elogio,geral,uso_do_app,nenhuma,baixa,experiencia_app,none,nenhuma,0.7,pos:praticidade | rating:5,review-rule-engine-v1
90a08e7a-4f86-4583-8c97-697b757b52d0,3,"veiculo em transporte pra minha cidade, no aplicativo do próprio assinante poderia liberar a função telemetria pra saber real fator do veículo",2026-07-13 15:34:01,4.14.2,0,,GOOGLE_PLAY,veiculo em transporte pra minha cidade no aplicativo do proprio assinante poderia liberar a funcao telemetria pra saber real fator do veiculo,neutro,0,0.5,sugestao,telemetria_localizacao,uso_do_carro,nenhuma,baixa,telemetria,zero_surpresa,Ver status do carro e uso,0.58,rating:3 | telemetria_localizacao:telemetria,review-rule-engine-v1
77ede262-7f3d-493f-a103-a67df0926fe5,5,ótimo,2026-07-12 12:08:22,4.14.2,0,,GOOGLE_PLAY,otimo,positivo,2,0.7,elogio,geral,uso_do_app,nenhuma,baixa,experiencia_app,none,nenhuma,0.7,pos:otimo | rating:5,review-rule-engine-v1
b2a35984-b0e6-41e7-8cb5-dd56378b8fde,5,muito bom ajuda bem resolver os problemas,2026-07-12 09:12:40,4.14.2,0,,GOOGLE_PLAY,muito bom ajuda bem resolver os problemas,positivo,2,0.7,elogio,geral,uso_do_app,nenhuma,baixa,experiencia_app,none,nenhuma,0.7,neg:problema | pos:ajuda | pos:bom | rating:5,review-rule-engine-v1
360fd319-1f42-4c96-9153-9b86cbef8ce1,5,bommm,2026-06-25 13:52:59,4.13.0,0,,GOOGLE_PLAY,bommm,positivo,2,0.7,elogio,geral,uso_do_app,nenhuma,baixa,experiencia_app,none,nenhuma,0.7,pos:bom | rating:5,review-rule-engine-v1
5ff090cb-9e5e-4186-ba75-069177ae91ab,1,"sobre o app péssimo! o app nada completa, se quer consigo entrar!",2026-06-23 22:37:26,4.13.0,0,,GOOGLE_PLAY,sobre o app pessimo o app nada completa se quer consigo entrar,negativo,-2,0.7,dor,acesso_login,acesso,disponibilidade,media,conta_acesso,app_reliability,Resolver acesso ao app,0.82,neg:pessimo | rating:1 | acesso_login:entrar | topic:acesso_login,review-rule-engine-v1
89daccd7-9315-4de2-83c7-734c73d4f811,5,"perfeito atendimento, excelente aplicativo!! 👏👏👏",2026-06-23 08:40:41,4.13.0,2,,GOOGLE_PLAY,perfeito atendimento excelente aplicativo,positivo,3,0.8,elogio,suporte_atendimento,suporte,atendimento,baixa,suporte,support_prevention,Resolver necessidade antes do contato,0.92,pos:excelente | pos:perfeito | rating:5 | suporte_atendimento:atendimento | atendimento:atendimento,review-rule-engine-v1
a7944ae3-def8-4228-b2f4-95200f955cdf,5,não está funcionando,2026-06-19 20:52:02,4.12.2,0,,GOOGLE_PLAY,nao esta funcionando,positivo,1,0.6,elogio,geral,uso_do_app,nenhuma,baixa,experiencia_app,none,nenhuma,0.6,rating:5,review-rule-engine-v1
8c154896-cc9c-404b-b60c-afbb23f80872,1,"Péssimo !!!!!! Trava, dá bug ... estou há mais de 1 semana sem ter como acessar pois tá bugado",2026-06-15 19:44:22,4.12.2,1,,GOOGLE_PLAY,pessimo trava da bug estou ha mais de 1 semana sem ter como acessar pois ta bugado,negativo,-4,0.9,dor,performance_estabilidade,uso_do_app,performance_estabilidade,media,app,app_reliability,Corrigir experiência do app,0.98,neg:pessimo | neg:bug | neg:trava | rating:1 | performance_estabilidade:trava | performance_estabilidade:bug,review-rule-engine-v1
84064093-be9e-408d-b500-73bbeacd4968,2,"desde o dia 12/06, depois da atualização, o app não abre.",2026-06-13 11:47:50,4.12.2,0,,GOOGLE_PLAY,desde o dia 12 06 depois da atualizacao o app nao abre,negativo,-2,0.78,dor,performance_estabilidade,uso_do_app,erro_funcional,alta,app,app_reliability,Corrigir experiência do app,0.9,neg:nao abre | forte_neg:nao abre | rating:2 | performance_estabilidade:atualizacao | erro_funcional:nao abre,review-rule-engine-v1
8fbabde0-8903-4a6d-8f30-0512cccf1a79,2,"o app desliga quando vc acessa, nem. sempre esta a disposição muito básico , poucas informações.",2026-06-12 21:16:34,,0,,GOOGLE_PLAY,o app desliga quando vc acessa nem sempre esta a disposicao muito basico poucas informacoes,negativo,-2,0.7,dor,performance_estabilidade,uso_do_app,performance_estabilidade,media,app,app_reliability,Corrigir experiência do app,0.82,neg:desliga | rating:2 | performance_estabilidade:desliga,review-rule-engine-v1
c3328167-d660-4d08-9c54-2d193b2c41f5,1,"Após 15 meses precisei de trocar o carro ,por ter minha esposa com PCC comprovada , não me deram a opção, só se eu adiantar um valor de3 parcelas . é lamentável. tenho que ficar com carro sem poder carregar a cadeira de rodas.",2026-06-12 17:33:12,4.12.2,0,,GOOGLE_PLAY,apos 15 meses precisei de trocar o carro por ter minha esposa com pcc comprovada nao me deram a opcao so se eu adiantar um valor de3 parcelas e lamentavel tenho que ficar com carro sem poder carregar a cadeira de rodas,negativo,-2,0.7,dor,contrato_assinatura,contrato,friccao_na_jornada,alta,contrato,zero_surpresa,Ver contrato e próximos eventos,0.82,neg:lamentavel | rating:1 | contrato_assinatura:parcelas | topic:contrato_assinatura,review-rule-engine-v1
bbb6ff3f-2a39-4b21-85c3-3744a85491ab,5,Tudo ótimo!,2026-06-12 14:10:41,4.11.0,0,,GOOGLE_PLAY,tudo otimo,positivo,2,0.7,elogio,geral,uso_do_app,nenhuma,baixa,experiencia_app,none,nenhuma,0.7,pos:otimo | rating:5,review-rule-engine-v1
f014694a-4400-441a-8bf5-60887311f3ae,5,Excelente. Uma opção extraordinária,2026-06-11 18:25:28,4.12.1,0,,GOOGLE_PLAY,excelente uma opcao extraordinaria,positivo,2,0.7,elogio,geral,uso_do_app,nenhuma,baixa,experiencia_app,none,nenhuma,0.7,pos:excelente | rating:5,review-rule-engine-v1
8644fa43-567c-4315-83cb-e951da1ad454,1,"gente alguém explica o que está acontecendo com o aplicativo?? não entra mais, aparece que o contrato está em análise depois aparece erro e detalhe meu esposo já está com o carro, até dois dias atrás tava funcionando o app normal agora já não entra mais",2026-06-11 01:39:52,4.12.1,1,,GOOGLE_PLAY,gente alguem explica o que esta acontecendo com o aplicativo nao entra mais aparece que o contrato esta em analise depois aparece erro e detalhe meu esposo ja esta com o carro ate dois dias atras tava funcionando o app normal agora ja nao entra mais,negativo,-2,0.7,dor,acesso_login,acesso,disponibilidade,media,conta_acesso,app_reliability,Resolver acesso ao app,0.82,neg:erro | rating:1 | acesso_login:nao entra | topic:acesso_login,review-rule-engine-v1
53623b7c-decf-4b89-9d1e-20dffad76237,5,O dispositivo é ótimo.,2026-06-10 18:50:42,4.11.0,0,,GOOGLE_PLAY,o dispositivo e otimo,positivo,2,0.7,elogio,geral,uso_do_app,nenhuma,baixa,experiencia_app,none,nenhuma,0.7,pos:otimo | rating:5,review-rule-engine-v1
dd4fc31f-aa42-41de-8368-a093e678ed38,5,muito boa ok ok ok,2026-06-10 17:17:06,,0,,GOOGLE_PLAY,muito boa ok ok ok,positivo,2,0.7,elogio,geral,uso_do_app,nenhuma,baixa,experiencia_app,none,nenhuma,0.7,pos:boa | rating:5,review-rule-engine-v1
386b1899-e595-479a-9afb-8b03aea00227,1,eu tenho carro alugado pela localiza meeo e não recomendo pra ninguém alugar só incômodo,2026-06-10 16:51:40,4.12.1,1,,GOOGLE_PLAY,eu tenho carro alugado pela localiza meeo e nao recomendo pra ninguem alugar so incomodo,neutro,0,0.5,neutro,contrato_assinatura,contrato,nenhuma,media,contrato,zero_surpresa,Ver contrato e próximos eventos,0.58,pos:recomendo | rating:1 | contrato_assinatura:carro alugado,review-rule-engine-v1
9567cc3f-b300-4abc-bd77-c6ea3883341f,5,Prático e funcional,2026-06-08 07:18:52,4.10.2,0,,GOOGLE_PLAY,pratico e funcional,positivo,2,0.7,elogio,geral,uso_do_app,nenhuma,baixa,experiencia_app,none,nenhuma,0.7,pos:pratico | rating:5,review-rule-engine-v1
b1aefa1e-a21f-4219-886b-72c317d323d5,5,MARAVILHOSO,2026-06-04 17:24:55,,0,,GOOGLE_PLAY,maravilhoso,positivo,2,0.7,elogio,geral,uso_do_app,nenhuma,baixa,experiencia_app,none,nenhuma,0.7,pos:maravilhoso | rating:5,review-rule-engine-v1
eaeda757-5344-4c8c-9b6c-9b4c3ee075c9,5,"Muito bom, nada a reclamar.",2026-06-02 08:54:08,4.10.2,0,,GOOGLE_PLAY,muito bom nada a reclamar,positivo,2,0.7,elogio,geral,uso_do_app,nenhuma,baixa,experiencia_app,none,nenhuma,0.7,pos:bom | rating:5,review-rule-engine-v1
5cce5a6d-227e-48f9-8873-cae51e9782f0,5,muito bom parabéns desenvolvedores o melhor app que já utilizei muito prático,2026-05-29 02:37:59,4.10.2,0,,GOOGLE_PLAY,muito bom parabens desenvolvedores o melhor app que ja utilizei muito pratico,positivo,4,0.9,elogio,geral,uso_do_app,nenhuma,baixa,experiencia_app,none,nenhuma,0.9,pos:pratico | pos:util | pos:bom | rating:5,review-rule-engine-v1
ca262bec-3788-483d-851e-4d55edda3b11,5,"Nossa Super indico Melhor Coisa de Fazer e a Localiza Meoo, Sempre Vou indicar Até Agora Tem Cido Benção.",2026-05-27 04:59:29,4.9.0,2,,GOOGLE_PLAY,nossa super indico melhor coisa de fazer e a localiza meoo sempre vou indicar ate agora tem cido bencao,positivo,1,0.6,elogio,geral,uso_do_app,nenhuma,baixa,experiencia_app,none,nenhuma,0.6,rating:5,review-rule-engine-v1
4c2390cb-6eba-4ca3-bdcc-ebcefd4726a1,5,"simples, fácil. confiável",2026-05-22 11:43:19,4.10.2,0,,GOOGLE_PLAY,simples facil confiavel,positivo,3,0.8,elogio,geral,uso_do_app,nenhuma,baixa,experiencia_app,none,nenhuma,0.8,pos:confiavel | pos:facil | rating:5,review-rule-engine-v1
84f05f60-2188-4d89-a818-464f4180cb27,5,O problema da localiza são as armadilhas dela pra tomar dinheiro de cliente propositalmente. de resto funciona até bem.,2026-05-21 13:40:24,4.9.0,11,,GOOGLE_PLAY,o problema da localiza sao as armadilhas dela pra tomar dinheiro de cliente propositalmente de resto funciona ate bem,neutro,0,0.5,neutro,geral,uso_do_app,nenhuma,baixa,experiencia_app,none,nenhuma,0.5,neg:problema | rating:5,review-rule-engine-v1
d5b497cb-60f5-42e2-b945-019549bd1d46,5,Excelente oportunidade de ter um veículo com valor assecivel!,2026-05-12 20:36:57,4.8.1,4,,GOOGLE_PLAY,excelente oportunidade de ter um veiculo com valor assecivel,positivo,2,0.7,elogio,geral,uso_do_app,nenhuma,baixa,experiencia_app,none,nenhuma,0.7,pos:excelente | rating:5,review-rule-engine-v1
51fcf5b6-15f6-4133-88f4-5fd69a59a390,5,parabéns,2026-05-11 13:05:12,4.8.1,0,,GOOGLE_PLAY,parabens,positivo,1,0.6,elogio,geral,uso_do_app,nenhuma,baixa,experiencia_app,none,nenhuma,0.6,rating:5,review-rule-engine-v1
4315cc4a-3053-47ba-bc18-88104dd53e1c,2,"O aplicativo aparenta ser bom, más quando precisamos postar algum documento ou indicar um condutor, não funciona. o Pior, é que a localiza diz, que só pode ser feito pelo aplicativo. Fico de mãos atadas sem ter um atendente, que pode resolver esse problema.",2026-05-07 22:24:51,4.8.1,1,,GOOGLE_PLAY,o aplicativo aparenta ser bom mas quando precisamos postar algum documento ou indicar um condutor nao funciona o pior e que a localiza diz que so pode ser feito pelo aplicativo fico de maos atadas sem ter um atendente que pode resolver esse problema,negativo,-2,0.78,dor,multas_condutor,multas,erro_funcional,alta,multas,zero_surpresa,Resolver multas e condutor,0.9,neg:problema | neg:nao funciona | pos:bom | forte_neg:nao funciona | rating:2 | multas_condutor:condutor | erro_funcional:nao funciona,review-rule-engine-v1
92c12ca8-7d0b-4a26-8210-0c9360c65603,5,Boa,2026-05-07 15:15:16,4.8.1,0,,GOOGLE_PLAY,boa,positivo,2,0.7,elogio,geral,uso_do_app,nenhuma,baixa,experiencia_app,none,nenhuma,0.7,pos:boa | rating:5,review-rule-engine-v1
b76d6506-26e4-4a6c-aa5f-7500f8d31f49,5,satisfatório,2026-05-06 10:11:22,4.8.1,0,,GOOGLE_PLAY,satisfatorio,positivo,1,0.6,elogio,geral,uso_do_app,nenhuma,baixa,experiencia_app,none,nenhuma,0.6,rating:5,review-rule-engine-v1
d87ea729-d2f1-4c71-9da0-10a35882252c,4,"APP excelente, porém tem um bug que ate o momento não arrumaram. Quando vou agendar a revisão, na tela para colocar a quilometragem e escolher sua cidade, escrevo a cidade e, quando ela aparece em ""pop up"", não consigo clicar de jeito nenhum. Fica como se o menu de rolagem com as cidades para escolher não fosse interagivel. Não aceita clicar. Tenho sempre que agendar via site ou ligação ou WhatsApp. deem uma olhada, por favor. obrigado",2026-05-01 12:44:34,4.8.1,4,,GOOGLE_PLAY,app excelente porem tem um bug que ate o momento nao arrumaram quando vou agendar a revisao na tela para colocar a quilometragem e escolher sua cidade escrevo a cidade e quando ela aparece em pop up nao consigo clicar de jeito nenhum fica como se o menu de rolagem com as cidades para escolher nao fosse interagivel nao aceita clicar tenho sempre que agendar via site ou ligacao ou whatsapp deem uma olhada por favor obrigado,negativo,-3,0.88,dor,manutencao_agendamento,manutencao,erro_funcional,alta,manutencao,proactive_care,Agendar revisão,0.98,neg:nao consigo | neg:bug | pos:excelente | forte_neg:nao consigo | rating:4 | manutencao_agendamento:agendar | manutencao_agendamento:revisao | erro_funcional:nao consigo,review-rule-engine-v1
8f872048-e639-4c06-9041-3375ab3f7723,2,Eu não consigo agendar serviço pelo aplicativo. Por que ele não permite rapberto apertar a cidade e que eu quero fazer a revisão,2026-04-23 20:57:12,4.7.0,2,,GOOGLE_PLAY,eu nao consigo agendar servico pelo aplicativo por que ele nao permite rapberto apertar a cidade e que eu quero fazer a revisao,negativo,-3,0.88,dor,manutencao_agendamento,manutencao,erro_funcional,alta,manutencao,proactive_care,Agendar revisão,0.98,neg:nao consigo | neg:nao permite | forte_neg:nao consigo | forte_neg:nao permite | rating:2 | manutencao_agendamento:agendar | manutencao_agendamento:revisao | manutencao_agendamento:servico | erro_funcional:nao consigo | erro_funcional:nao permite,review-rule-engine-v1
32e451fe-11ca-4b3d-84bd-7b7244b49a10,5,Simples e ágil,2026-04-20 11:17:11,4.7.0,0,,GOOGLE_PLAY,simples e agil,positivo,1,0.6,elogio,geral,uso_do_app,nenhuma,baixa,experiencia_app,none,nenhuma,0.6,rating:5,review-rule-engine-v1
6efe25f3-392c-4fe1-bb30-8c22a4250887,5,"A praticidade, responsabilidade e transparência com que resolvem as diversas questões são impressionantes.",2026-04-08 20:57:11,4.4.1,0,,GOOGLE_PLAY,a praticidade responsabilidade e transparencia com que resolvem as diversas questoes sao impressionantes,positivo,2,0.7,elogio,geral,uso_do_app,nenhuma,baixa,experiencia_app,none,nenhuma,0.7,pos:praticidade | rating:5,review-rule-engine-v1
2d50e9a5-98aa-4bb3-8826-bcb2bc09b8e3,5,30/03/2026 essa data foi um sonho realizado. obrigada Deus. e obrigada localiza.,2026-04-08 16:33:27,4.4.1,0,,GOOGLE_PLAY,30 03 2026 essa data foi um sonho realizado obrigada deus e obrigada localiza,positivo,1,0.6,elogio,geral,uso_do_app,nenhuma,baixa,experiencia_app,none,nenhuma,0.6,rating:5,review-rule-engine-v1
31fd6c80-8abd-474b-9be8-04f23b58d9c8,2,Não recebi a fatura com vencimento em 07/04/2026 e não consigo ver no app.,2026-04-04 11:36:01,4.4.1,0,,GOOGLE_PLAY,nao recebi a fatura com vencimento em 07 04 2026 e nao consigo ver no app,negativo,-2,0.78,dor,pagamento_financeiro,financeiro,erro_funcional,alta,financeiro,zero_surpresa,Revisar pagamentos e vencimentos,0.9,neg:nao consigo | forte_neg:nao consigo | rating:2 | pagamento_financeiro:fatura | pagamento_financeiro:vencimento | erro_funcional:nao consigo,review-rule-engine-v1
629083fc-ce49-42ea-a1e1-a47956561eab,4,"Boa experiência,pra uma analfa digital, não foi difícil",2026-04-03 10:53:48,4.4.1,0,,GOOGLE_PLAY,boa experiencia pra uma analfa digital nao foi dificil,neutro,1,0.6,neutro,geral,uso_do_app,usabilidade,baixa,experiencia_app,none,nenhuma,0.64,neg:dificil | pos:boa | rating:4 | usabilidade:dificil,review-rule-engine-v1
e3109b5e-605c-4de5-8846-4df3c05bb06e,5,operacional,2026-04-03 08:13:50,4.3.0,0,,GOOGLE_PLAY,operacional,positivo,1,0.6,elogio,geral,uso_do_app,nenhuma,baixa,experiencia_app,none,nenhuma,0.6,rating:5,review-rule-engine-v1
8d393a3e-5a4e-484c-aad1-a1d33ec1879e,2,"Eu não sei porque existe esse APP, se em todas as críticas que os clientes fazem, eles pedem para entrar em contato por e-mail 🤦🏼‍♀️ Estou tentando agendar a revisão do carro, digito o estado aparece a caixa de opção para clicar, clico e simplesmente não vai. Erros simples de resolver. Melhorem o APP do que adianta atualização se na hora do cliente usua-lo não consegue?",2026-04-02 16:27:18,4.4.1,5,,GOOGLE_PLAY,eu nao sei porque existe esse app se em todas as criticas que os clientes fazem eles pedem para entrar em contato por e mail estou tentando agendar a revisao do carro digito o estado aparece a caixa de opcao para clicar clico e simplesmente nao vai erros simples de resolver melhorem o app do que adianta atualizacao se na hora do cliente usua lo nao consegue,negativo,-2,0.7,dor,manutencao_agendamento,manutencao,performance_estabilidade,media,manutencao,proactive_care,Agendar revisão,0.82,neg:erro | rating:2 | manutencao_agendamento:agendar | manutencao_agendamento:revisao | performance_estabilidade:atualizacao,review-rule-engine-v1
9b9d20d9-36c3-4bc4-8e5e-eb1e69ec7cc2,5,muito prático e rápido. show,2026-04-02 15:31:46,4.4.1,0,,GOOGLE_PLAY,muito pratico e rapido show,positivo,3,0.8,elogio,geral,uso_do_app,nenhuma,baixa,experiencia_app,none,nenhuma,0.8,pos:pratico | pos:rapido | rating:5,review-rule-engine-v1
9e98c7a7-66b1-4660-870c-e73bb4c0958a,5,Parabéns pela pela tela. Ficou muito bonita e funcional.,2026-04-02 08:11:56,4.4.1,1,,GOOGLE_PLAY,parabens pela pela tela ficou muito bonita e funcional,positivo,1,0.6,elogio,geral,uso_do_app,nenhuma,baixa,experiencia_app,none,nenhuma,0.6,rating:5,review-rule-engine-v1
0b42ddc7-7992-4a4b-8737-72ccd18ae851,5,maravilha,2026-04-01 15:06:09,4.3.0,0,,GOOGLE_PLAY,maravilha,positivo,1,0.6,elogio,geral,uso_do_app,nenhuma,baixa,experiencia_app,none,nenhuma,0.6,rating:5,review-rule-engine-v1
33cd06ae-d230-4e19-a2ea-552e129eb8f5,5,bom,2026-04-01 14:25:33,4.3.0,0,,GOOGLE_PLAY,bom,positivo,2,0.7,elogio,geral,uso_do_app,nenhuma,baixa,experiencia_app,none,nenhuma,0.7,pos:bom | rating:5,review-rule-engine-v1
42ec71f2-c3d0-42a2-96cc-fc05bbe6b724,5,Muito prático o app!,2026-03-30 09:52:22,4.4.1,0,,GOOGLE_PLAY,muito pratico o app,positivo,2,0.7,elogio,geral,uso_do_app,nenhuma,baixa,experiencia_app,none,nenhuma,0.7,pos:pratico | rating:5,review-rule-engine-v1
e88bb05f-cd3d-4860-9f83-8a72da09016a,5,Interatividade 10 !!!,2026-03-23 19:15:32,4.3.0,0,,GOOGLE_PLAY,interatividade 10,positivo,1,0.6,elogio,geral,uso_do_app,nenhuma,baixa,experiencia_app,none,nenhuma,0.6,rating:5,review-rule-engine-v1
1b7500d5-1a78-4f7e-a1b9-b919709311e3,5,"Ótimo aplicativo. De fácil utilização, rápido, prático e eficiente. Finalmente um aplicativo amigável!",2026-03-23 09:32:21,4.3.0,1,,GOOGLE_PLAY,otimo aplicativo de facil utilizacao rapido pratico e eficiente finalmente um aplicativo amigavel,positivo,6,0.9,elogio,geral,uso_do_app,nenhuma,baixa,experiencia_app,none,nenhuma,0.9,pos:facil | pos:pratico | pos:rapido | pos:otimo | pos:util | rating:5,review-rule-engine-v1
f45a5c6a-51c0-4959-90f5-d8d6da8f54df,5,"App de fácil utilização, informações claras e objetivas",2026-03-21 19:43:21,4.3.0,1,,GOOGLE_PLAY,app de facil utilizacao informacoes claras e objetivas,positivo,3,0.8,elogio,geral,uso_do_app,nenhuma,baixa,experiencia_app,none,nenhuma,0.8,pos:facil | pos:util | rating:5,review-rule-engine-v1
7de750c4-4c2f-43b9-80f7-5895d7051dec,5,Fácil,2026-03-21 08:28:26,4.3.0,0,,GOOGLE_PLAY,facil,positivo,2,0.7,elogio,geral,uso_do_app,nenhuma,baixa,experiencia_app,none,nenhuma,0.7,pos:facil | rating:5,review-rule-engine-v1
bed0a14b-21f8-44c4-8ae4-fe0dcf84ab84,1,"Assinante desde abr/2024. Em 16/03, meu veículo foi abalroado por terceiro, com danos na lataria e pane eletrônica. Cumpri todas as exigências da Localiza Meoo (BO e Relatório de Danos), mas, desde então, não consigo agendar os reparos: alegam falta de prestadores disponíveis em Brasília. Suspeito que a empresa esteja procrastinando o serviço para impedir minha devolução antecipada sem multa, cujo prazo vence em abril/2026.",2026-03-20 16:40:03,4.3.0,0,,GOOGLE_PLAY,assinante desde abr 2024 em 16 03 meu veiculo foi abalroado por terceiro com danos na lataria e pane eletronica cumpri todas as exigencias da localiza meoo bo e relatorio de danos mas desde entao nao consigo agendar os reparos alegam falta de prestadores disponiveis em brasilia suspeito que a empresa esteja procrastinando o servico para impedir minha devolucao antecipada sem multa cujo prazo vence em abril 2026,negativo,-2,0.78,sugestao,manutencao_agendamento,manutencao,erro_funcional,alta,manutencao,proactive_care,Agendar revisão,0.9,neg:nao consigo | forte_neg:nao consigo | rating:1 | manutencao_agendamento:agendar | manutencao_agendamento:servico | erro_funcional:nao consigo,review-rule-engine-v1
c3c69e00-497f-4be9-a0c9-92d221cb0a34,1,"o App não funciona e o pós venda da localiza é o pior que eu já vi. Há meses eu venho tentando ter acesso ao App e não sei o porquê de não funcionar, e NINGUÉM da localiza consegue resolver esse problema, já desinstalei e reinstalei, umas 5 vezes e já abri reclamação no site e ninguém resolve nada. Vou parar de pagar a parcela, Tvz eles consigam me retornar com uma solução. PÉSSIMO.",2026-03-16 19:13:09,4.3.0,5,,GOOGLE_PLAY,o app nao funciona e o pos venda da localiza e o pior que eu ja vi ha meses eu venho tentando ter acesso ao app e nao sei o porque de nao funcionar e ninguem da localiza consegue resolver esse problema ja desinstalei e reinstalei umas 5 vezes e ja abri reclamacao no site e ninguem resolve nada vou parar de pagar a parcela tvz eles consigam me retornar com uma solucao pessimo,negativo,-2,0.78,dor,suporte_atendimento,suporte,atendimento,alta,suporte,support_prevention,Resolver necessidade antes do contato,0.9,neg:pessimo | neg:problema | neg:nao funciona | neg:ninguem resolve | forte_neg:nao funciona | forte_neg:ninguem resolve | rating:1 | suporte_atendimento:pos venda | suporte_atendimento:ninguem | atendimento:pos venda | atendimento:ninguem resolve,review-rule-engine-v1
4174a68c-e15d-482c-963a-72a1fc10fbf3,4,aap não está funcionando desde ontem tento logar e não entra,2026-03-14 13:49:16,4.2.0,0,,GOOGLE_PLAY,aap nao esta funcionando desde ontem tento logar e nao entra,positivo,1,0.6,elogio,acesso_login,acesso,nenhuma,baixa,conta_acesso,app_reliability,Resolver acesso ao app,0.68,rating:4 | acesso_login:logar | acesso_login:nao entra,review-rule-engine-v1
d54036ee-d121-4566-8406-b4152f514fbc,3,"Falta opções detalhadas de entrega, onde o veículo está, etapas exemplo instalação de acessórios etc. Se tivesse todas as informações com detalhes eu daria 5 estrelas.",2026-03-13 21:07:59,4.2.0,0,,GOOGLE_PLAY,falta opcoes detalhadas de entrega onde o veiculo esta etapas exemplo instalacao de acessorios etc se tivesse todas as informacoes com detalhes eu daria 5 estrelas,neutro,0,0.5,sugestao,acesso_login,acesso,funcionalidade_ausente,baixa,conta_acesso,app_reliability,Resolver acesso ao app,0.62,rating:3 | acesso_login:acesso | funcionalidade_ausente:falta,review-rule-engine-v1
2d96d873-af18-4d5a-8a33-a9b4b109f1ff,5,"Profissionalismo, dedicação, atenção, Respeito e humanidade no atendimento. Nota 1000!",2026-03-10 21:04:32,4.2.0,0,,GOOGLE_PLAY,profissionalismo dedicacao atencao respeito e humanidade no atendimento nota 1000,positivo,1,0.6,elogio,suporte_atendimento,suporte,atendimento,baixa,suporte,support_prevention,Resolver necessidade antes do contato,0.72,rating:5 | suporte_atendimento:atendimento | atendimento:atendimento,review-rule-engine-v1
be9b9e90-0ab9-40af-bf5f-657fb5919d9d,5,top,2026-03-03 21:01:04,4.0.1,0,,GOOGLE_PLAY,top,positivo,1,0.6,elogio,geral,uso_do_app,nenhuma,baixa,experiencia_app,none,nenhuma,0.6,rating:5,review-rule-engine-v1
9dc7e026-4429-46a6-94a5-43b389dc77fe,5,Show Localiza Meoo é a melhor em carro por assinatura...,2026-02-21 18:34:46,4.0.1,0,,GOOGLE_PLAY,show localiza meoo e a melhor em carro por assinatura,positivo,1,0.6,elogio,contrato_assinatura,contrato,nenhuma,baixa,contrato,zero_surpresa,Ver contrato e próximos eventos,0.68,rating:5 | contrato_assinatura:assinatura,review-rule-engine-v1
f8e3d81f-d469-4160-9fb5-6c90ba6135ce,5,excelente,2026-02-21 06:51:14,4.0.1,0,,GOOGLE_PLAY,excelente,positivo,2,0.7,elogio,geral,uso_do_app,nenhuma,baixa,experiencia_app,none,nenhuma,0.7,pos:excelente | rating:5,review-rule-engine-v1
58c0ccb4-53b2-4b41-a022-38d0d6edd59b,5,"Boa oportunidade para você que deseja qualidade, facilidade e preços bons!!! Exelente atendimento ✨ ✨ ✨ ✨ ✨",2026-02-20 15:41:13,4.0.1,1,,GOOGLE_PLAY,boa oportunidade para voce que deseja qualidade facilidade e precos bons exelente atendimento,positivo,3,0.8,elogio,suporte_atendimento,suporte,atendimento,baixa,suporte,support_prevention,Resolver necessidade antes do contato,0.92,pos:facil | pos:boa | rating:5 | suporte_atendimento:atendimento | atendimento:atendimento,review-rule-engine-v1
6512d09a-a4c4-46c4-b05e-e2e74f39ba58,5,Melhor app para assinatura de veículos,2026-02-20 14:27:40,4.0.1,0,,GOOGLE_PLAY,melhor app para assinatura de veiculos,positivo,1,0.6,elogio,contrato_assinatura,contrato,nenhuma,baixa,contrato,zero_surpresa,Ver contrato e próximos eventos,0.68,rating:5 | contrato_assinatura:assinatura,review-rule-engine-v1
b0a55e95-f7c7-4655-a7d9-b058dff4c490,5,ótimo,2026-02-20 10:00:12,4.0.1,0,,GOOGLE_PLAY,otimo,positivo,2,0.7,elogio,geral,uso_do_app,nenhuma,baixa,experiencia_app,none,nenhuma,0.7,pos:otimo | rating:5,review-rule-engine-v1
8064d4c5-a705-43cc-9443-831fd8d282f9,4,muito bom!!!,2026-02-19 16:04:42,4.0.1,0,,GOOGLE_PLAY,muito bom,positivo,2,0.7,elogio,geral,uso_do_app,nenhuma,baixa,experiencia_app,none,nenhuma,0.7,pos:bom | rating:4,review-rule-engine-v1
bc4fc939-fc34-4321-8cf7-6d667501404c,5,Sensacional 👏👏👏,2026-02-15 16:37:57,4.0.1,0,,GOOGLE_PLAY,sensacional,positivo,2,0.7,elogio,geral,uso_do_app,nenhuma,baixa,experiencia_app,none,nenhuma,0.7,pos:sensacional | rating:5,review-rule-engine-v1
dd20a009-1b41-488b-95fc-c6b159509cd9,5,"Excelente aplicativo , é tudo resolvido, encaminhado e respondido pela Localiza, Parabéns.",2026-02-13 14:24:52,4.0.1,0,,GOOGLE_PLAY,excelente aplicativo e tudo resolvido encaminhado e respondido pela localiza parabens,positivo,2,0.7,elogio,geral,uso_do_app,nenhuma,baixa,experiencia_app,none,nenhuma,0.7,pos:excelente | rating:5,review-rule-engine-v1
724f1d89-2a19-4d23-8705-a292c3eab936,5,excelente,2026-02-09 17:37:58,3.48.0,0,,GOOGLE_PLAY,excelente,positivo,2,0.7,elogio,geral,uso_do_app,nenhuma,baixa,experiencia_app,none,nenhuma,0.7,pos:excelente | rating:5,review-rule-engine-v1
9039e8b2-f78a-47f7-b5c9-f7783fa3686c,5,A experiência com o Meoo tem sido ótima. O aplicativo é estável e as funcionalidades de suporte e agendamento funcionam perfeitamente. Recomendo!!!,2026-02-05 20:47:19,3.48.0,2,,GOOGLE_PLAY,a experiencia com o meoo tem sido otima o aplicativo e estavel e as funcionalidades de suporte e agendamento funcionam perfeitamente recomendo,positivo,4,0.9,elogio,manutencao_agendamento,manutencao,atendimento,baixa,manutencao,proactive_care,Agendar revisão,0.98,pos:perfeita | pos:otima | pos:recomendo | rating:5 | manutencao_agendamento:agendamento | atendimento:suporte,review-rule-engine-v1
86e88349-b000-483b-830c-119b7d74cc46,5,Bom e prático,2026-02-04 09:42:08,3.48.0,0,,GOOGLE_PLAY,bom e pratico,positivo,3,0.8,elogio,geral,uso_do_app,nenhuma,baixa,experiencia_app,none,nenhuma,0.8,pos:pratico | pos:bom | rating:5,review-rule-engine-v1
4a8a4096-c6f6-472f-bbd1-1e4e458f19d9,5,Muita praticidade! Recomendo.,2026-02-02 12:16:39,3.48.0,0,,GOOGLE_PLAY,muita praticidade recomendo,positivo,3,0.8,elogio,geral,uso_do_app,nenhuma,baixa,experiencia_app,none,nenhuma,0.8,pos:recomendo | pos:praticidade | rating:5,review-rule-engine-v1
cbfc2bfb-4209-4de5-ac0b-dfad62aacb5b,5,aplicativo prático e eficiente.,2026-01-28 10:03:18,3.48.0,0,,GOOGLE_PLAY,aplicativo pratico e eficiente,positivo,2,0.7,elogio,geral,uso_do_app,nenhuma,baixa,experiencia_app,none,nenhuma,0.7,pos:pratico | rating:5,review-rule-engine-v1
a2b54efd-0d81-4f42-beb3-922e3956cc67,5,completo,2026-01-28 00:46:22,3.48.0,0,,GOOGLE_PLAY,completo,positivo,1,0.6,elogio,geral,uso_do_app,nenhuma,baixa,experiencia_app,none,nenhuma,0.6,rating:5,review-rule-engine-v1
7f604c8a-245d-4c08-8618-d0877d22278b,5,muito bom,2026-01-25 16:39:41,3.48.0,0,,GOOGLE_PLAY,muito bom,positivo,2,0.7,elogio,geral,uso_do_app,nenhuma,baixa,experiencia_app,none,nenhuma,0.7,pos:bom | rating:5,review-rule-engine-v1
9d4c773e-08ae-48a4-b220-2c0eb635073e,5,tudo certo,2026-01-22 06:07:16,3.46.0,0,,GOOGLE_PLAY,tudo certo,positivo,1,0.6,elogio,geral,uso_do_app,nenhuma,baixa,experiencia_app,none,nenhuma,0.6,rating:5,review-rule-engine-v1
98f403e7-9217-438c-9a4d-89e0fdf0e950,5,Muito bom.,2026-01-20 18:35:06,3.46.0,0,,GOOGLE_PLAY,muito bom,positivo,2,0.7,elogio,geral,uso_do_app,nenhuma,baixa,experiencia_app,none,nenhuma,0.7,pos:bom | rating:5,review-rule-engine-v1
aaa03b78-ce26-44d1-837e-21e7241bbb73,3,Minha esposa tem um carro de assinatura.. achei um absurdo o vencimento fora da data fiz um acordo para o pagamento. passou 05 dias mesmo cobrando juros.. bloquearam o carro..e dizendo em um e-mail que iria fazer a reintegração de posse do veículo.. como se as pessoas fossem leiga e não tivessem advogado... infelizmente tem que ir com contrato até o fim porque senão pagamos uma multa absurda...,2026-01-20 17:16:00,3.46.0,1,,GOOGLE_PLAY,minha esposa tem um carro de assinatura achei um absurdo o vencimento fora da data fiz um acordo para o pagamento passou 05 dias mesmo cobrando juros bloquearam o carro e dizendo em um e mail que iria fazer a reintegracao de posse do veiculo como se as pessoas fossem leiga e nao tivessem advogado infelizmente tem que ir com contrato ate o fim porque senao pagamos uma multa absurda,neutro,0,0.5,neutro,pagamento_financeiro,financeiro,nenhuma,baixa,financeiro,zero_surpresa,Revisar pagamentos e vencimentos,0.58,rating:3 | pagamento_financeiro:juros | pagamento_financeiro:vencimento | pagamento_financeiro:pagamento,review-rule-engine-v1
0904bccf-6e31-4400-94c9-2d73d3da433f,5,"Excelência no atendimento e cumpre o contrato sem deixar dúvidas. Parabéns a equipe. Só de não ter a dor de cabeça de um IPVA de um carro 2025, já fez o meu verão mais feliz!",2026-01-16 14:10:55,3.46.0,0,,GOOGLE_PLAY,excelencia no atendimento e cumpre o contrato sem deixar duvidas parabens a equipe so de nao ter a dor de cabeca de um ipva de um carro 2025 ja fez o meu verao mais feliz,positivo,1,0.6,elogio,contrato_assinatura,contrato,atendimento,baixa,contrato,zero_surpresa,Ver contrato e próximos eventos,0.72,rating:5 | contrato_assinatura:contrato | atendimento:atendimento,review-rule-engine-v1
c517c91d-e984-4356-ad93-39daf6ef635d,1,"péssimo app, estou a 3 dias tenta do resolver uma falha de segurança onde deixa qualquer usuario desse app vulnerável e a equipe nao consegue resolver .",2025-12-23 10:33:52,3.46.0,1,,GOOGLE_PLAY,pessimo app estou a 3 dias tenta do resolver uma falha de seguranca onde deixa qualquer usuario desse app vulneravel e a equipe nao consegue resolver,negativo,-2,0.78,dor,seguranca_privacidade,confianca,seguranca_privacidade,alta,seguranca,security_trust,Reforçar segurança e confiança,0.9,neg:vulneravel | neg:pessimo | neg:falha | forte_neg:falha de seguranca | rating:1 | seguranca_privacidade:vulneravel | seguranca_privacidade:seguranca,review-rule-engine-v1
3a12a7d9-4935-4c2a-805c-cc6c94245ef5,5,Excelente atendimento!,2025-12-20 08:46:20,3.45.1,0,,GOOGLE_PLAY,excelente atendimento,positivo,2,0.7,elogio,suporte_atendimento,suporte,atendimento,baixa,suporte,support_prevention,Resolver necessidade antes do contato,0.82,pos:excelente | rating:5 | suporte_atendimento:atendimento | atendimento:atendimento,review-rule-engine-v1
a79d374c-3482-461c-a5e7-2d338cb5628c,5,Maravilha. Muito satisfeita,2025-12-19 21:09:57,3.46.0,0,,GOOGLE_PLAY,maravilha muito satisfeita,positivo,2,0.7,elogio,geral,uso_do_app,nenhuma,baixa,experiencia_app,none,nenhuma,0.7,pos:satisfeita | rating:5,review-rule-engine-v1
890e6c96-0894-4064-bc23-4f471bd43535,5,Muito bom!,2025-12-18 09:51:14,3.45.1,0,,GOOGLE_PLAY,muito bom,positivo,2,0.7,elogio,geral,uso_do_app,nenhuma,baixa,experiencia_app,none,nenhuma,0.7,pos:bom | rating:5,review-rule-engine-v1
5e561c65-75fb-43cc-8029-1174d2227043,5,fácil e rapido,2025-12-16 23:14:31,3.45.1,0,,GOOGLE_PLAY,facil e rapido,positivo,3,0.8,elogio,geral,uso_do_app,nenhuma,baixa,experiencia_app,none,nenhuma,0.8,pos:facil | pos:rapido | rating:5,review-rule-engine-v1
f4a77d47-d78b-42bb-b84c-76cc730e066f,2,o aplicativo é otimo mas inesperadamente a ferramenta de localização em tempo real parou de funcionar. uma pena....,2025-12-08 16:14:52,,0,,GOOGLE_PLAY,o aplicativo e otimo mas inesperadamente a ferramenta de localizacao em tempo real parou de funcionar uma pena,neutro,0,0.5,neutro,telemetria_localizacao,uso_do_carro,nenhuma,media,telemetria,zero_surpresa,Ver status do carro e uso,0.58,pos:otimo | rating:2 | telemetria_localizacao:tempo real | telemetria_localizacao:localizacao,review-rule-engine-v1
a68c0aa0-6018-4265-a286-43b41d064102,4,Melhorar os benefícios,2025-12-02 14:28:56,3.43.0,0,,GOOGLE_PLAY,melhorar os beneficios,positivo,1,0.6,sugestao,beneficios,beneficios,nenhuma,baixa,beneficios,beneficio_contextual,Ver benefício relevante,0.68,rating:4 | beneficios:beneficios | beneficios:beneficio,review-rule-engine-v1
65b2d6d5-9af8-49bc-b197-e3d3c19036d5,5,Ótimo!,2025-11-28 12:19:05,3.45.1,0,,GOOGLE_PLAY,otimo,positivo,2,0.7,elogio,geral,uso_do_app,nenhuma,baixa,experiencia_app,none,nenhuma,0.7,pos:otimo | rating:5,review-rule-engine-v1
1a640216-6e44-4b27-a7ea-65b870445f31,1,"Arrumem a quantidade de notificações que este app gera, ta impossível isso, tenho uma revisão programada pra amanhã e to recebendo MUITAS notificações para não esquecer da revisão, uma atrás da outra.",2025-11-27 18:45:10,3.43.0,1,,GOOGLE_PLAY,arrumem a quantidade de notificacoes que este app gera ta impossivel isso tenho uma revisao programada pra amanha e to recebendo muitas notificacoes para nao esquecer da revisao uma atras da outra,negativo,-2,0.7,dor,manutencao_agendamento,manutencao,notificacao_excessiva,alta,manutencao,proactive_care,Agendar revisão,0.82,neg:impossivel | rating:1 | manutencao_agendamento:revisao | notificacao_excessiva:muitas notificacoes,review-rule-engine-v1
e91a7f48-3406-4653-9583-0e52b85e7392,5,"Uma empresa de ponta, tecnologia, e atendimento excepcional. Recomendo.",2025-11-24 17:57:58,3.43.0,1,,GOOGLE_PLAY,uma empresa de ponta tecnologia e atendimento excepcional recomendo,positivo,2,0.7,elogio,suporte_atendimento,suporte,atendimento,baixa,suporte,support_prevention,Resolver necessidade antes do contato,0.82,pos:recomendo | rating:5 | suporte_atendimento:atendimento | atendimento:atendimento,review-rule-engine-v1
ddd5f991-6a45-43d9-bc0c-ee088127c894,5,top das galáxias,2025-11-24 09:55:02,3.43.0,0,,GOOGLE_PLAY,top das galaxias,positivo,1,0.6,elogio,geral,uso_do_app,nenhuma,baixa,experiencia_app,none,nenhuma,0.6,rating:5,review-rule-engine-v1
03aa3cf1-17b1-4f54-b4e9-0f963f778856,1,"Não consigo redefinir minha senha para utilizar o app, já tentei ajuda diversas vezes através dos canais de atendimento porém sem sucesso. Sigo sem utilizar o app. Lamentável.",2025-11-17 21:19:22,3.43.0,0,,GOOGLE_PLAY,nao consigo redefinir minha senha para utilizar o app ja tentei ajuda diversas vezes atraves dos canais de atendimento porem sem sucesso sigo sem utilizar o app lamentavel,negativo,-2,0.78,dor,acesso_login,acesso,erro_funcional,alta,conta_acesso,app_reliability,Resolver acesso ao app,0.9,neg:nao consigo | neg:lamentavel | pos:ajuda | pos:util | forte_neg:nao consigo | rating:1 | acesso_login:senha | erro_funcional:nao consigo,review-rule-engine-v1
00466c2d-06d4-4457-a2b9-e9562b15f55d,5,muito bom!,2025-11-05 20:31:53,3.41.0,0,,GOOGLE_PLAY,muito bom,positivo,2,0.7,elogio,geral,uso_do_app,nenhuma,baixa,experiencia_app,none,nenhuma,0.7,pos:bom | rating:5,review-rule-engine-v1
d158fa3b-da3b-42e0-a96f-be96268bdc8f,5,onde da meu carro,2025-10-31 23:22:15,,0,,GOOGLE_PLAY,onde da meu carro,positivo,1,0.6,elogio,geral,uso_do_app,nenhuma,baixa,experiencia_app,none,nenhuma,0.6,rating:5,review-rule-engine-v1
8f942936-fc2e-45f9-b0bd-fb72bd84942d,5,Muito útil e fácil.,2025-10-29 09:11:27,3.41.0,0,,GOOGLE_PLAY,muito util e facil,positivo,3,0.8,elogio,geral,uso_do_app,nenhuma,baixa,experiencia_app,none,nenhuma,0.8,pos:facil | pos:util | rating:5,review-rule-engine-v1
9b71c7c7-2bf8-40e5-8438-a6d7da0c8085,5,sensacional recomendo.,2025-10-20 21:07:08,3.39.1,0,,GOOGLE_PLAY,sensacional recomendo,positivo,3,0.8,elogio,geral,uso_do_app,nenhuma,baixa,experiencia_app,none,nenhuma,0.8,pos:sensacional | pos:recomendo | rating:5,review-rule-engine-v1
4cf5cd5f-3352-455a-b068-3fb46d587e86,4,"o app é bem bom nas funções dele, só não entendo é que pelo menos uma vez por mês ele não localiza meu contrato, app sempre atualizado e mesmo assim não localiza meu contrato. tenho que sempre ligar na central para ver o que ocorre e nem eles sabem o que acontece.",2025-10-19 10:58:36,3.39.1,0,"Olá, tudo bem? Gostaríamos de conversar com você para ajudá-lo, poderia entrar em contato conosco pelo e-mail sucessoclientemeoo@localiza.com? Equipe Localiza Meoo 💚",GOOGLE_PLAY,o app e bem bom nas funcoes dele so nao entendo e que pelo menos uma vez por mes ele nao localiza meu contrato app sempre atualizado e mesmo assim nao localiza meu contrato tenho que sempre ligar na central para ver o que ocorre e nem eles sabem o que acontece,positivo,2,0.7,elogio,contrato_assinatura,contrato,usabilidade,baixa,contrato,zero_surpresa,Ver contrato e próximos eventos,0.82,pos:bom | rating:4 | contrato_assinatura:contrato | usabilidade:nao entendo,review-rule-engine-v1
81532ff3-d095-43f7-95a9-82ab90077e3a,1,Não funciona,2025-10-14 15:18:13,3.39.1,0,"Olá, tudo bem? Gostaríamos de conversar com você para ajudá-lo, poderia entrar em contato conosco pelo e-mail sucessoclientemeoo@localiza.com? Equipe Localiza Meoo 💚",GOOGLE_PLAY,nao funciona,negativo,-2,0.78,dor,funcionalidade_usabilidade,uso_do_app,erro_funcional,alta,experiencia_app,none,nenhuma,0.9,neg:nao funciona | forte_neg:nao funciona | rating:1 | fallback:sentimento_negativo | erro_funcional:nao funciona,review-rule-engine-v1
a7411535-df9e-4dc5-90d3-a315d2a83899,5,É fácil de usar e ter acesso as informações sobre a assinatura. Poderiam melhorar a UX testando fontes maiores no Android.,2025-10-09 14:17:37,3.38.0,1,"Olá, tudo bem? Ficamos muito felizes em saber que tem gostado da sua experiência conosco! Para o que precisar, conte com a gente! Equipe Localiza Meoo 💚",GOOGLE_PLAY,e facil de usar e ter acesso as informacoes sobre a assinatura poderiam melhorar a ux testando fontes maiores no android,positivo,2,0.7,sugestao,acesso_login,acesso,usabilidade,baixa,conta_acesso,app_reliability,Resolver acesso ao app,0.82,pos:facil | rating:5 | acesso_login:acesso | usabilidade:facil de,review-rule-engine-v1
95b99c9d-b557-4849-993f-308f3e9ea679,3,"Eu abro o app e pede pra eu atualizar. abro a play story, procuro o app e não tem a opção de atualizar. resultado: não consigo usar o app.",2025-10-08 10:31:57,3.37.0,0,"Olá, tudo bem? Gostaríamos de conversar com você para ajudá-lo, poderia entrar em contato conosco pelo e-mail sucessoclientemeoo@localiza.com? Equipe Localiza Meoo 💚",GOOGLE_PLAY,eu abro o app e pede pra eu atualizar abro a play story procuro o app e nao tem a opcao de atualizar resultado nao consigo usar o app,negativo,-2,0.78,dor,performance_estabilidade,uso_do_app,erro_funcional,alta,app,app_reliability,Corrigir experiência do app,0.9,neg:nao consigo | forte_neg:nao consigo | rating:3 | performance_estabilidade:atualizar | erro_funcional:nao consigo,review-rule-engine-v1
51c24570-290d-4bb4-9914-9a054fa307b3,5,ótimo aplicativo,2025-10-08 06:38:35,3.34.0,0,"Olá, tudo bem? Ficamos muito felizes em saber que tem gostado da sua experiência conosco! Para o que precisar, conte com a gente! Equipe Localiza Meoo 💚",GOOGLE_PLAY,otimo aplicativo,positivo,2,0.7,elogio,geral,uso_do_app,nenhuma,baixa,experiencia_app,none,nenhuma,0.7,pos:otimo | rating:5,review-rule-engine-v1
efaaf4b5-ee46-40e4-bd71-5c3fd42f1a33,5,"Ótimo Aplicativo, fácil de usar e prático.",2025-10-06 10:25:39,3.34.0,0,"Olá, tudo bem? Ficamos muito felizes em saber que tem gostado da sua experiência conosco! Para o que precisar, conte com a gente! Equipe Localiza Meoo 💚",GOOGLE_PLAY,otimo aplicativo facil de usar e pratico,positivo,4,0.9,elogio,geral,uso_do_app,usabilidade,baixa,experiencia_app,none,nenhuma,0.94,pos:facil | pos:pratico | pos:otimo | rating:5 | usabilidade:facil de,review-rule-engine-v1
f3544cc0-5516-43c1-8c44-ada421ca3ade,1,"Cadastrei os dados bancários para pagamento em débito automático e eles da Localiza criam boletos mensalmente. Cadastrei várias vezes os dados bancários, repetindo novamente, mas infelizmente eles da Localiza não respeitam a forma de pagamento do cliente! Fazem a cobrança por boletos!! Toda vez que atualiza o app é um problema!",2025-10-01 19:03:42,,0,"Olá, tudo bem? Gostaríamos de conversar com você para ajudá-lo, poderia entrar em contato conosco pelo e-mail sucessoclientemeoo@localiza.com? Equipe Localiza Meoo 💚",GOOGLE_PLAY,cadastrei os dados bancarios para pagamento em debito automatico e eles da localiza criam boletos mensalmente cadastrei varias vezes os dados bancarios repetindo novamente mas infelizmente eles da localiza nao respeitam a forma de pagamento do cliente fazem a cobranca por boletos toda vez que atualiza o app e um problema,negativo,-2,0.7,dor,pagamento_financeiro,financeiro,friccao_na_jornada,media,financeiro,zero_surpresa,Revisar pagamentos e vencimentos,0.82,neg:problema | rating:1 | pagamento_financeiro:boleto | pagamento_financeiro:cobranca | pagamento_financeiro:pagamento | pagamento_financeiro:debito automatico | topic:pagamento_financeiro,review-rule-engine-v1
a930c1d3-c1f0-4560-8743-4a5a9d7108b6,5,sou fan da Localiza e estou amando meu carro por assinatura.,2025-10-01 18:21:12,,0,"Olá, tudo bem? Ficamos muito felizes em saber que tem gostado da sua experiência conosco! Para o que precisar, conte com a gente! Equipe Localiza Meoo 💚",GOOGLE_PLAY,sou fan da localiza e estou amando meu carro por assinatura,positivo,1,0.6,elogio,contrato_assinatura,contrato,nenhuma,baixa,contrato,zero_surpresa,Ver contrato e próximos eventos,0.68,rating:5 | contrato_assinatura:assinatura,review-rule-engine-v1
e7b26128-9f64-46b0-9c4d-4cedfd5b5308,5,"Aplicativo fácil e prático, além de conter todas as informações que o cliente precisa.",2025-09-24 17:01:56,3.32.0,0,"Olá, tudo bem? Ficamos muito felizes em saber que tem gostado da sua experiência conosco! Para o que precisar, conte com a gente! Equipe Localiza Meoo 💚",GOOGLE_PLAY,aplicativo facil e pratico alem de conter todas as informacoes que o cliente precisa,positivo,3,0.8,elogio,geral,uso_do_app,nenhuma,baixa,experiencia_app,none,nenhuma,0.8,pos:facil | pos:pratico | rating:5,review-rule-engine-v1
197a0b72-44bb-471e-bb2c-5a88083bd879,5,excelente 😁😁👏👏,2025-09-19 20:12:08,3.31.0,0,"Olá, tudo bem? Ficamos muito felizes em saber que tem gostado da sua experiência conosco! Para o que precisar, conte com a gente! Equipe Localiza Meoo 💚",GOOGLE_PLAY,excelente,positivo,2,0.7,elogio,geral,uso_do_app,nenhuma,baixa,experiencia_app,none,nenhuma,0.7,pos:excelente | rating:5,review-rule-engine-v1
0c6a3979-c404-4f56-8748-04b22443e875,1,"Horrivel. Funciona 1 dia e deixa de funcionar 4 ou 5. Ao abrir não aparece meu carro como outras vezes, pede o login, escrevo meu e-mail e depois já aparece um aviso öpa! Algo deu errado por aqui, mas já vamos corrigir...."" e asi uma vez e outra e outra.. Não adianta ligar pelo whatsapp porque os atendentes só podem abrir um protocolo (já tenho varios, 09352554, 09478270, ...) e o problema continua sem ser resolvido. Uma vergonha e já estou pensando não recolher o carro.",2025-09-15 17:04:38,3.31.0,1,"Agradecemos seu contato. Os casos abertos estão sendo verificados e as orientações já foram repassadas. Se o problema persistir, você pode responder ao atendimento anterior ou acionar o e-mail do Sucesso do Cliente: sucessodoclientemeoo@localiza.com.
Equipe Localiza Meoo 💚",GOOGLE_PLAY,horrivel funciona 1 dia e deixa de funcionar 4 ou 5 ao abrir nao aparece meu carro como outras vezes pede o login escrevo meu e mail e depois ja aparece um aviso opa algo deu errado por aqui mas ja vamos corrigir e asi uma vez e outra e outra nao adianta ligar pelo whatsapp porque os atendentes so podem abrir um protocolo ja tenho varios 09352554 09478270 e o problema continua sem ser resolvido uma vergonha e ja estou pensando nao recolher o carro,negativo,-3,0.8,dor,suporte_atendimento,suporte,dados_desatualizados,media,suporte,support_prevention,Resolver necessidade antes do contato,0.92,neg:problema | neg:horrivel | rating:1 | suporte_atendimento:whatsapp | suporte_atendimento:e mail | dados_desatualizados:nao aparece,review-rule-engine-v1
5f76c6c4-dd61-4b3b-9e79-2d962072497f,4,boa,2025-09-14 16:16:23,3.31.0,0,"Olá, tudo bem? Ficamos muito felizes em saber que tem gostado da sua experiência conosco! Para o que precisar, conte com a gente! Equipe Localiza Meoo 💚",GOOGLE_PLAY,boa,positivo,2,0.7,elogio,geral,uso_do_app,nenhuma,baixa,experiencia_app,none,nenhuma,0.7,pos:boa | rating:4,review-rule-engine-v1
7dae9ddb-be1a-4af5-b41d-f6ce82891f9c,5,Ótima escolha.,2025-09-13 23:40:10,3.31.0,0,"Olá, tudo bem? Ficamos muito felizes em saber que tem gostado da sua experiência conosco! Para o que precisar, conte com a gente! Equipe Localiza Meoo 💚",GOOGLE_PLAY,otima escolha,positivo,2,0.7,elogio,geral,uso_do_app,nenhuma,baixa,experiencia_app,none,nenhuma,0.7,pos:otima | rating:5,review-rule-engine-v1
bde78464-5a83-46f7-96e9-142acd412d02,5,simplesmente excelente,2025-09-13 20:32:01,3.31.0,0,"Olá, tudo bem? Ficamos muito felizes em saber que tem gostado da sua experiência conosco! Para o que precisar, conte com a gente! Equipe Localiza Meoo 💚",GOOGLE_PLAY,simplesmente excelente,positivo,2,0.7,elogio,geral,uso_do_app,nenhuma,baixa,experiencia_app,none,nenhuma,0.7,pos:excelente | rating:5,review-rule-engine-v1
19668d07-8e59-44ff-9e4f-6a5b67aa9cbf,5,só a locadora tem direitos!,2025-09-04 13:46:52,3.27.0,0,"Olá, tudo bem? Gostaríamos de conversar com você para ajudá-lo, poderia entrar em contato conosco pelo e-mail sucessoclientemeoo@localiza.com? Equipe Localiza Meoo 💚",GOOGLE_PLAY,so a locadora tem direitos,positivo,1,0.6,elogio,geral,uso_do_app,nenhuma,baixa,experiencia_app,none,nenhuma,0.6,rating:5,review-rule-engine-v1
1aa0b079-fb73-496d-9c54-17d7c1b9b570,5,"muito bom para entrar em contato com os consultores que sempre precisamos, fico muito grato",2025-09-01 10:36:51,3.28.0,0,"Olá, tudo bem? Ficamos muito felizes em saber que tem gostado da sua experiência conosco! Para o que precisar, conte com a gente! Equipe Localiza Meoo 💚

",GOOGLE_PLAY,muito bom para entrar em contato com os consultores que sempre precisamos fico muito grato,positivo,2,0.7,elogio,acesso_login,acesso,nenhuma,baixa,conta_acesso,app_reliability,Resolver acesso ao app,0.78,pos:bom | rating:5 | acesso_login:entrar,review-rule-engine-v1
bfd82a16-9625-44e5-a3c5-ffd2d5d2ecda,1,"Eu queria entender o que que esse aplicativo tem que toda vez que vou abrir precisa fazer uma atualização. Sem contar que demora uma eternidade para abrir. Agendamento de revisão não está permitindo selecionar o município. Sou usuário da Localiza Meoo há uns três anos, mas experiência nesse aplicativo continua sofrível.",2025-09-01 10:00:20,3.30.0,6,"Olá, tudo bem? Gostaríamos de conversar com você para ajudá-lo, poderia entrar em contato conosco pelo e-mail sucessoclientemeoo@localiza.com? Equipe Localiza Meoo 💚",GOOGLE_PLAY,eu queria entender o que que esse aplicativo tem que toda vez que vou abrir precisa fazer uma atualizacao sem contar que demora uma eternidade para abrir agendamento de revisao nao esta permitindo selecionar o municipio sou usuario da localiza meoo ha uns tres anos mas experiencia nesse aplicativo continua sofrivel,negativo,-2,0.7,dor,manutencao_agendamento,manutencao,performance_estabilidade,media,manutencao,proactive_care,Agendar revisão,0.82,neg:demora | rating:1 | manutencao_agendamento:agendamento | manutencao_agendamento:revisao | performance_estabilidade:demora | performance_estabilidade:atualizacao,review-rule-engine-v1
5229c922-a18d-4db0-a6c8-525c60a7a901,1,"uma das piores experiências de quando você aciona o sinistro do contrato. completamente despreparados para uma empresa desse tamanho. quase 1 mês de atraso e nada de resolverem o problema. mas cobrar, obviamente, não estão esquecendo.",2025-08-22 14:39:51,3.29.0,3,"Olá, tudo bem? Gostaríamos de conversar com você para ajudá-lo, poderia entrar em contato conosco pelo e-mail sucessoclientemeoo@localiza.com? Equipe Localiza Meoo 💚",GOOGLE_PLAY,uma das piores experiencias de quando voce aciona o sinistro do contrato completamente despreparados para uma empresa desse tamanho quase 1 mes de atraso e nada de resolverem o problema mas cobrar obviamente nao estao esquecendo,negativo,-2,0.7,dor,contrato_assinatura,contrato,friccao_na_jornada,media,contrato,zero_surpresa,Ver contrato e próximos eventos,0.82,neg:problema | rating:1 | contrato_assinatura:contrato | topic:contrato_assinatura,review-rule-engine-v1
27250060-b721-49ee-821c-95419ed0c66b,5,muito facil,2025-08-20 21:05:49,3.28.0,0,"Olá, tudo bem? Ficamos muito felizes em saber que tem gostado da sua experiência conosco! Para o que precisar, conte com a gente! Equipe Localiza Meoo 💚",GOOGLE_PLAY,muito facil,positivo,2,0.7,elogio,geral,uso_do_app,nenhuma,baixa,experiencia_app,none,nenhuma,0.7,pos:facil | rating:5,review-rule-engine-v1
38210e77-c472-428a-a9ef-d9c11eed81ef,5,"Estou gostando de tudo. Só tive dificuldades com a geração do SEGUNDO link para pagar a fatura com cartão de crédito. O sistema de vocês me fez esperar 24 horas e, passado esse prazo, ele não permitiu a geração. Tive que entrar em contato pelo suporte e somente eles conseguiram criar o link novamente. No final deu tudo certo, mas vocês podem simplificar essa parte para que possamos conseguir fazer pelo app, sem necessidade de abrir ocorrência ou protocolo no suporte.",2025-08-16 18:37:02,3.28.0,3,"Olá, tudo bem? Gostaríamos de conversar com você para ajudá-lo, poderia entrar em contato conosco pelo e-mail sucessoclientemeoo@localiza.com? Equipe Localiza Meoo 💚",GOOGLE_PLAY,estou gostando de tudo so tive dificuldades com a geracao do segundo link para pagar a fatura com cartao de credito o sistema de voces me fez esperar 24 horas e passado esse prazo ele nao permitiu a geracao tive que entrar em contato pelo suporte e somente eles conseguiram criar o link novamente no final deu tudo certo mas voces podem simplificar essa parte para que possamos conseguir fazer pelo app sem necessidade de abrir ocorrencia ou protocolo no suporte,positivo,1,0.6,elogio,pagamento_financeiro,financeiro,atendimento,baixa,financeiro,zero_surpresa,Revisar pagamentos e vencimentos,0.72,rating:5 | pagamento_financeiro:fatura | pagamento_financeiro:cartao | pagamento_financeiro:pagar | atendimento:suporte,review-rule-engine-v1
04cc032c-8f15-4aee-8742-ee96a4546f27,5,Melhor escolha para aluguel de veículos. App muito prático e o atendimento muito bom. Recomendo.,2025-08-12 01:34:43,3.28.0,0,"Olá, tudo bem? Ficamos muito felizes em saber que tem gostado da sua experiência conosco! Para o que precisar, conte com a gente! Equipe Localiza Meoo 💚",GOOGLE_PLAY,melhor escolha para aluguel de veiculos app muito pratico e o atendimento muito bom recomendo,positivo,4,0.9,elogio,suporte_atendimento,suporte,atendimento,baixa,suporte,support_prevention,Resolver necessidade antes do contato,0.98,pos:pratico | pos:recomendo | pos:bom | rating:5 | suporte_atendimento:atendimento | atendimento:atendimento,review-rule-engine-v1
d5484f33-c0d0-4026-9358-b97b7921a46d,5,Estou muito satisfeito desde o início das tratativas até o presente momento.,2025-08-11 09:00:40,3.27.0,0,"Olá, tudo bem? Ficamos muito felizes em saber que tem gostado da sua experiência conosco! Para o que precisar, conte com a gente! Equipe Localiza Meoo 💚",GOOGLE_PLAY,estou muito satisfeito desde o inicio das tratativas ate o presente momento,positivo,2,0.7,elogio,geral,uso_do_app,nenhuma,baixa,experiencia_app,none,nenhuma,0.7,pos:satisfeito | rating:5,review-rule-engine-v1
7ac91c69-15b3-4ffc-bf8d-6720eb4469d7,5,"Este app é muito funcional, fácil de usar e fornece serviço essenciais se a necessidade horas em uma ligação telefônica. Extremamente útil.",2025-08-10 08:29:52,3.27.0,1,"Olá, tudo bem? Ficamos muito felizes em saber que tem gostado da sua experiência conosco! Para o que precisar, conte com a gente! Equipe Localiza Meoo 💚",GOOGLE_PLAY,este app e muito funcional facil de usar e fornece servico essenciais se a necessidade horas em uma ligacao telefonica extremamente util,positivo,3,0.8,elogio,manutencao_agendamento,manutencao,usabilidade,baixa,manutencao,proactive_care,Agendar revisão,0.92,pos:facil | pos:util | rating:5 | manutencao_agendamento:servico | usabilidade:facil de,review-rule-engine-v1
eee5574d-f3f3-4169-a00c-6b02f46f2b29,1,"depois da atualização, não aparecem mais as faturas no meu aplicativo, nem as pagas e nem as que estão para vencer.",2025-08-08 00:13:50,,0,"Olá, tudo bem? Gostaríamos de conversar com você para ajudá-lo, poderia entrar em contato conosco pelo e-mail sucessoclientemeoo@localiza.com? Equipe Localiza Meoo 💚",GOOGLE_PLAY,depois da atualizacao nao aparecem mais as faturas no meu aplicativo nem as pagas e nem as que estao para vencer,negativo,-1,0.6,dor,pagamento_financeiro,financeiro,performance_estabilidade,media,financeiro,zero_surpresa,Revisar pagamentos e vencimentos,0.72,rating:1 | pagamento_financeiro:fatura | performance_estabilidade:atualizacao,review-rule-engine-v1
cc088e97-6209-494e-9d5c-c70a67c2261c,1,"parou de funcionar, não sai da tela de login.",2025-08-07 17:57:09,3.27.0,0,"Olá, tudo bem? Gostaríamos de conversar com você para ajudá-lo, poderia entrar em contato conosco pelo e-mail sucessoclientemeoo@localiza.com? Equipe Localiza Meoo 💚",GOOGLE_PLAY,parou de funcionar nao sai da tela de login,negativo,-1,0.6,dor,acesso_login,acesso,disponibilidade,media,conta_acesso,app_reliability,Resolver acesso ao app,0.72,rating:1 | acesso_login:login | topic:acesso_login,review-rule-engine-v1
925864a1-61d2-4632-a5df-23fb3159a0d7,1,não funciona,2025-08-07 13:39:23,3.27.0,0,"Olá, tudo bem? Gostaríamos de conversar com você para ajudá-lo, poderia entrar em contato conosco pelo e-mail sucessoclientemeoo@localiza.com? Equipe Localiza Meoo 💚",GOOGLE_PLAY,nao funciona,negativo,-2,0.78,dor,funcionalidade_usabilidade,uso_do_app,erro_funcional,alta,experiencia_app,none,nenhuma,0.9,neg:nao funciona | forte_neg:nao funciona | rating:1 | fallback:sentimento_negativo | erro_funcional:nao funciona,review-rule-engine-v1
6be4e4a2-8625-4bb5-9004-2d785af92306,1,preferia usar no meu computador,2025-08-07 13:11:09,3.25.0,0,"Olá, tudo bem? Gostaríamos de conversar com você para ajudá-lo, poderia entrar em contato conosco pelo e-mail sucessoclientemeoo@localiza.com? Equipe Localiza Meoo 💚",GOOGLE_PLAY,preferia usar no meu computador,negativo,-1,0.6,dor,funcionalidade_usabilidade,uso_do_app,friccao_na_jornada,media,experiencia_app,none,nenhuma,0.72,rating:1 | fallback:sentimento_negativo | topic:funcionalidade_usabilidade,review-rule-engine-v1
32ed92c7-3de3-4ef0-86a8-5c8296f5b352,5,"muito intuitivo, está ótimo o app, parabéns a todos da plataforma!",2025-08-06 12:17:27,3.27.0,0,"Olá, tudo bem? Ficamos muito felizes em saber que tem gostado da sua experiência conosco! Para o que precisar, conte com a gente! Equipe Localiza Meoo 💚",GOOGLE_PLAY,muito intuitivo esta otimo o app parabens a todos da plataforma,positivo,3,0.8,elogio,geral,uso_do_app,usabilidade,baixa,experiencia_app,none,nenhuma,0.84,pos:otimo | pos:intuitivo | rating:5 | usabilidade:intuitivo,review-rule-engine-v1
31ed72e9-4c6d-44d1-9f38-bf1a2996db81,5,OK 👍,2025-08-04 22:21:15,3.25.0,0,"Olá, tudo bem? Ficamos muito felizes em saber que tem gostado da sua experiência conosco! Para o que precisar, conte com a gente! Equipe Localiza Meoo 💚",GOOGLE_PLAY,ok,positivo,1,0.6,elogio,geral,uso_do_app,nenhuma,baixa,experiencia_app,none,nenhuma,0.6,rating:5,review-rule-engine-v1
2d96922f-6f4d-4e03-9213-3fb4e8aa023c,5,atende bem,2025-08-04 10:48:12,3.25.0,0,"Olá, tudo bem? Ficamos muito felizes em saber que tem gostado da sua experiência conosco! Para o que precisar, conte com a gente! Equipe Localiza Meoo 💚",GOOGLE_PLAY,atende bem,positivo,1,0.6,elogio,geral,uso_do_app,nenhuma,baixa,experiencia_app,none,nenhuma,0.6,rating:5,review-rule-engine-v1
40efac99-f35a-4649-a60b-0f1b4fb319a6,5,ótima!,2025-07-31 19:30:48,2.1.23,0,"Olá, tudo bem? Ficamos muito felizes em saber que tem gostado da sua experiência conosco! Para o que precisar, conte com a gente! Equipe Localiza Meoo 💚",GOOGLE_PLAY,otima,positivo,2,0.7,elogio,geral,uso_do_app,nenhuma,baixa,experiencia_app,none,nenhuma,0.7,pos:otima | rating:5,review-rule-engine-v1
ad359192-bb64-46ac-a618-ae1a182182a5,3,Não consigo selecionar o município na opção Agendamento de Serviços,2025-07-26 18:54:32,3.25.0,0,"Olá, tudo bem? Gostaríamos de conversar com você para ajudá-lo, poderia entrar em contato conosco pelo e-mail sucessoclientemeoo@localiza.com? Equipe Localiza Meoo 💚",GOOGLE_PLAY,nao consigo selecionar o municipio na opcao agendamento de servicos,negativo,-2,0.78,dor,manutencao_agendamento,manutencao,erro_funcional,alta,manutencao,proactive_care,Agendar revisão,0.9,neg:nao consigo | forte_neg:nao consigo | rating:3 | manutencao_agendamento:agendamento | manutencao_agendamento:servico | erro_funcional:nao consigo,review-rule-engine-v1
c2be8200-fcc4-41e8-9588-908317d1ba67,5,muito bom.,2025-07-25 11:18:41,3.25.0,0,"Olá, tudo bem? Ficamos muito felizes em saber que tem gostado da sua experiência conosco! Para o que precisar, conte com a gente! Equipe Localiza Meoo 💚",GOOGLE_PLAY,muito bom,positivo,2,0.7,elogio,geral,uso_do_app,nenhuma,baixa,experiencia_app,none,nenhuma,0.7,pos:bom | rating:5,review-rule-engine-v1
663d54d0-3e79-494d-a0b6-2e0c54e526c5,5,"Muito prático, e retaguarda ótima!",2025-07-19 07:42:16,3.25.0,0,"Olá, tudo bem? Ficamos muito felizes em saber que tem gostado da sua experiência conosco! Para o que precisar, conte com a gente! Equipe Localiza Meoo 💚",GOOGLE_PLAY,muito pratico e retaguarda otima,positivo,3,0.8,elogio,geral,uso_do_app,nenhuma,baixa,experiencia_app,none,nenhuma,0.8,pos:otima | pos:pratico | rating:5,review-rule-engine-v1
a9394bf5-b0f3-4dfc-b965-3e9f79a54d5f,1,impossível indicar condutor na sessão de multas,2025-07-18 22:42:37,,0,"Olá, tudo bem? Gostaríamos de conversar com você para ajudá-lo, poderia entrar em contato conosco pelo e-mail sucessoclientemeoo@localiza.com? Equipe Localiza Meoo 💚",GOOGLE_PLAY,impossivel indicar condutor na sessao de multas,negativo,-2,0.7,dor,multas_condutor,multas,friccao_na_jornada,alta,multas,zero_surpresa,Resolver multas e condutor,0.82,neg:impossivel | rating:1 | multas_condutor:condutor | multas_condutor:indicar condutor | multas_condutor:multa | topic:multas_condutor,review-rule-engine-v1
81738220-3c0a-4acb-9458-b85e25f6dc8a,5,uma experiência sensacional eu recomendo,2025-07-15 20:16:53,3.25.0,0,"Olá, tudo bem? Ficamos muito felizes em saber que tem gostado da sua experiência conosco! Para o que precisar, conte com a gente! Equipe Localiza Meoo 💚",GOOGLE_PLAY,uma experiencia sensacional eu recomendo,positivo,3,0.8,elogio,geral,uso_do_app,nenhuma,baixa,experiencia_app,none,nenhuma,0.8,pos:sensacional | pos:recomendo | rating:5,review-rule-engine-v1
87791723-8d24-40fd-ad22-0229700f7507,5,A nova funcionalidade de localização do veículo é uma ótima ideia. Seria legal também o acesso ao histórico de localização.,2025-07-13 16:18:05,3.25.0,0,"Olá, tudo bem? Ficamos muito felizes em saber que tem gostado da sua experiência conosco! Para o que precisar, conte com a gente! Equipe Localiza Meoo 💚",GOOGLE_PLAY,a nova funcionalidade de localizacao do veiculo e uma otima ideia seria legal tambem o acesso ao historico de localizacao,positivo,2,0.7,elogio,acesso_login,acesso,nenhuma,baixa,conta_acesso,app_reliability,Resolver acesso ao app,0.78,pos:otima | rating:5 | acesso_login:acesso,review-rule-engine-v1
43febe59-6efd-4126-b235-41470ea4635d,2,olá bom dia meu aplicativo paro de funcionar e não estou conseguindo atualizar gostaria de saber que aconteceu aguardo resposta obgdo,2025-07-13 08:33:08,,0,"Olá, tudo bem? Gostaríamos de conversar com você para ajudá-lo, poderia entrar em contato conosco pelo e-mail sucessoclientemeoo@localiza.com? Equipe Localiza Meoo 💚",GOOGLE_PLAY,ola bom dia meu aplicativo paro de funcionar e nao estou conseguindo atualizar gostaria de saber que aconteceu aguardo resposta obgdo,neutro,0,0.5,sugestao,performance_estabilidade,uso_do_app,nenhuma,media,app,app_reliability,Corrigir experiência do app,0.58,pos:bom | rating:2 | performance_estabilidade:atualizar,review-rule-engine-v1
46f5c9e5-a8d9-42b8-98e9-8f81d83e2d49,5,top,2025-07-12 15:30:19,3.25.0,0,"Olá, tudo bem? Ficamos muito felizes em saber que tem gostado da sua experiência conosco! Para o que precisar, conte com a gente! Equipe Localiza Meoo 💚",GOOGLE_PLAY,top,positivo,1,0.6,elogio,geral,uso_do_app,nenhuma,baixa,experiencia_app,none,nenhuma,0.6,rating:5,review-rule-engine-v1
d1960169-f9b4-45d2-b2b6-a61e36ea6a7a,5,muito bom,2025-07-12 10:44:06,3.23.0,0,"Olá, tudo bem? Ficamos muito felizes em saber que tem gostado da sua experiência conosco! Para o que precisar, conte com a gente! Equipe Localiza Meoo 💚",GOOGLE_PLAY,muito bom,positivo,2,0.7,elogio,geral,uso_do_app,nenhuma,baixa,experiencia_app,none,nenhuma,0.7,pos:bom | rating:5,review-rule-engine-v1
4eac8294-6d5f-4a52-95d8-b13a7d31eb9e,5,"melhor custo benefício para quem precisa de um veículo. carro zero sem dor de cabeça com manutenção, documentação, seguro etc. Eu recomendo",2025-06-27 17:32:35,3.22.0,0,"Olá, tudo bem? Ficamos muito felizes em saber que tem gostado da sua experiência conosco! Para o que precisar, conte com a gente! Equipe Localiza Meoo 💚",GOOGLE_PLAY,melhor custo beneficio para quem precisa de um veiculo carro zero sem dor de cabeca com manutencao documentacao seguro etc eu recomendo,positivo,2,0.7,elogio,manutencao_agendamento,manutencao,nenhuma,baixa,manutencao,proactive_care,Agendar revisão,0.78,pos:recomendo | rating:5 | manutencao_agendamento:manutencao,review-rule-engine-v1
50f46cf8-a071-4b91-97e8-0fb3966564c6,2,não deu para entrar com email ... está bugado,2025-06-20 05:03:21,,0,"Olá, tudo bem? Gostaríamos de conversar com você para ajudá-lo, poderia entrar em contato conosco pelo e-mail sucessoclientemeoo@localiza.com? Equipe Localiza Meoo 💚",GOOGLE_PLAY,nao deu para entrar com email esta bugado,negativo,-2,0.7,dor,acesso_login,acesso,disponibilidade,media,conta_acesso,app_reliability,Resolver acesso ao app,0.82,neg:bug | rating:2 | acesso_login:entrar | topic:acesso_login,review-rule-engine-v1
3ddbec5d-c6b7-46b9-9e8a-8078dc357d7d,1,"ultimamente está péssimo não consigo fazer nada pelo app nem pelo atendimento no WhatsApp, antes da última atualização era otimo",2025-06-10 18:08:47,3.21.1,0,"Olá, tudo bem? Estamos realizando melhorias e ajustes nos nossos processos para que possamos entregar uma melhor experiência. Caso precise de ajuda ou queira registrar reclamações ou sugestão. Fique à vontade para entrar em contato conosco pelo e-mail sucessoclientemeoo@localiza.com Equipe Localiza Meoo 💚",GOOGLE_PLAY,ultimamente esta pessimo nao consigo fazer nada pelo app nem pelo atendimento no whatsapp antes da ultima atualizacao era otimo,negativo,-2,0.78,dor,suporte_atendimento,suporte,erro_funcional,alta,suporte,support_prevention,Resolver necessidade antes do contato,0.9,neg:pessimo | neg:nao consigo | pos:otimo | forte_neg:nao consigo | rating:1 | suporte_atendimento:whatsapp | suporte_atendimento:atendimento | erro_funcional:nao consigo fazer | erro_funcional:nao consigo,review-rule-engine-v1
76ec21c7-3dcb-4fe5-8f48-7ba7ab8e0fbe,5,Aplicativo muito fácil de usar,2025-06-10 09:30:50,3.21.1,0,"Olá, tudo bem? Ficamos muito felizes em saber que tem gostado da sua experiência conosco! Para o que precisar, conte com a gente! Equipe Localiza Meoo 💚",GOOGLE_PLAY,aplicativo muito facil de usar,positivo,2,0.7,elogio,geral,uso_do_app,usabilidade,baixa,experiencia_app,none,nenhuma,0.74,pos:facil | rating:5 | usabilidade:facil de,review-rule-engine-v1
87620242-3b3c-44ad-b934-20a97e70df40,5,boa,2025-06-09 22:28:37,,0,"Olá, tudo bem? Ficamos muito felizes em saber que tem gostado da sua experiência conosco! Para o que precisar, conte com a gente! Equipe Localiza Meoo 💚",GOOGLE_PLAY,boa,positivo,2,0.7,elogio,geral,uso_do_app,nenhuma,baixa,experiencia_app,none,nenhuma,0.7,pos:boa | rating:5,review-rule-engine-v1
cccc7342-8654-42e4-a745-cb050e620450,1,"o app não entra mais, dá um erro e fecha sozinho, já entrei em contato com a localização e não conseguem resolver meu problema.",2025-06-06 09:14:27,,0,"Olá, tudo bem? Estamos realizando melhorias e ajustes nos nossos processos para que possamos entregar uma melhor experiência. Caso precise de ajuda ou queira registrar reclamações ou sugestão. Fique à vontade para entrar em contato conosco pelo e-mail sucessoclientemeoo@localiza.com Equipe Localiza Meoo 💚",GOOGLE_PLAY,o app nao entra mais da um erro e fecha sozinho ja entrei em contato com a localizacao e nao conseguem resolver meu problema,negativo,-4,0.9,dor,performance_estabilidade,uso_do_app,performance_estabilidade,media,app,app_reliability,Corrigir experiência do app,0.98,neg:erro | neg:problema | neg:fecha | rating:1 | performance_estabilidade:erro | performance_estabilidade:fecha,review-rule-engine-v1
e676c7e4-35a9-4a19-aa14-6c8f9f5964fb,1,Após a atualização não consigo logar,2025-06-04 00:14:14,3.20.0,0,"Olá, tudo bem? Ficamos muito felizes em saber que tem gostado da sua experiência conosco! Para o que precisar, conte com a gente! Equipe Localiza Meoo 💚",GOOGLE_PLAY,apos a atualizacao nao consigo logar,negativo,-2,0.78,dor,acesso_login,acesso,erro_funcional,alta,conta_acesso,app_reliability,Resolver acesso ao app,0.9,neg:nao consigo | forte_neg:nao consigo | rating:1 | acesso_login:logar | erro_funcional:nao consigo,review-rule-engine-v1
c59f4ed2-0d6a-48f7-94ce-f08dbed2f194,2,"Péssimo app Não permite que você agende revisão para o veículo porque ao procurar a cidade não há a possibilidade de clicar sobre ela. Por isso, não temos como dar continuidade ao processo.",2025-06-03 21:33:18,3.20.0,3,"Olá, tudo bem? Gostaríamos de conversar com você para ajudá-lo, poderia entrar em contato conosco pelo e-mail sucessoclientemeoo@localiza.com? Equipe Localiza Meoo 💚",GOOGLE_PLAY,pessimo app nao permite que voce agende revisao para o veiculo porque ao procurar a cidade nao ha a possibilidade de clicar sobre ela por isso nao temos como dar continuidade ao processo,negativo,-2,0.78,dor,manutencao_agendamento,manutencao,erro_funcional,media,manutencao,proactive_care,Agendar revisão,0.9,neg:pessimo | neg:nao permite | forte_neg:nao permite | rating:2 | manutencao_agendamento:revisao | erro_funcional:nao permite,review-rule-engine-v1
b5215735-acbc-4645-a004-d20d33635cea,5,"Melhor escolha, ótimo serviço e Atendimento maravilhoso. LocalizaMeoo é com certeza o melhor serviço de carro por assinatura do Brasil.",2025-06-03 07:53:55,,0,"Olá, tudo bem? Ficamos muito felizes em saber que tem gostado da sua experiência conosco! Para o que precisar, conte com a gente! Equipe Localiza Meoo 💚",GOOGLE_PLAY,melhor escolha otimo servico e atendimento maravilhoso localizameoo e com certeza o melhor servico de carro por assinatura do brasil,positivo,3,0.8,elogio,manutencao_agendamento,manutencao,atendimento,baixa,manutencao,proactive_care,Agendar revisão,0.92,pos:maravilhoso | pos:otimo | rating:5 | manutencao_agendamento:servico | atendimento:atendimento,review-rule-engine-v1
621b5022-a234-4929-bb9b-f9f2491f89f4,1,Não funciona,2025-06-03 07:25:54,3.20.0,0,"Olá, tudo bem? Estamos realizando melhorias e ajustes nos nossos processos para que possamos entregar uma melhor experiência. Caso precise de ajuda ou queira registrar reclamações ou sugestão. Fique à vontade para entrar em contato conosco pelo e-mail sucessoclientemeoo@localiza.com Equipe Localiza Meoo 💚",GOOGLE_PLAY,nao funciona,negativo,-2,0.78,dor,funcionalidade_usabilidade,uso_do_app,erro_funcional,alta,experiencia_app,none,nenhuma,0.9,neg:nao funciona | forte_neg:nao funciona | rating:1 | fallback:sentimento_negativo | erro_funcional:nao funciona,review-rule-engine-v1
a10af782-e8e2-45e5-a7c0-6abff5157744,1,"O app parou de funcionar no meu Xiaomi Poco F5 há alguns dias. Já desinstalei e instalei várias vezes, porém ao abrir o app fica uma tela em branco.",2025-06-02 11:37:34,3.20.0,2,"Olá, tudo bem? Estamos realizando melhorias e ajustes nos nossos processos para que possamos entregar uma melhor experiência. Caso precise de ajuda ou queira registrar reclamações ou sugestão. Fique à vontade para entrar em contato conosco pelo e-mail sucessoclientemeoo@localiza.com Equipe Localiza Meoo 💚",GOOGLE_PLAY,o app parou de funcionar no meu xiaomi poco f5 ha alguns dias ja desinstalei e instalei varias vezes porem ao abrir o app fica uma tela em branco,negativo,-1,0.6,dor,funcionalidade_usabilidade,uso_do_app,friccao_na_jornada,media,experiencia_app,none,nenhuma,0.72,rating:1 | fallback:sentimento_negativo | topic:funcionalidade_usabilidade,review-rule-engine-v1
7de6c49f-48d9-4dc5-8611-579f89cf1e43,1,tento abrir e trava. horrível. o que será que acontecerá depois de receber o carro?,2025-05-27 18:42:16,3.19.0,0,"Olá, tudo bem? Estamos realizando melhorias e ajustes nos nossos processos para que possamos entregar uma melhor experiência. Caso precise de ajuda ou queira registrar reclamações ou sugestão. Fique à vontade para entrar em contato conosco pelo e-mail sucessoclientemeoo@localiza.com Equipe Localiza Meoo 💚",GOOGLE_PLAY,tento abrir e trava horrivel o que sera que acontecera depois de receber o carro,negativo,-3,0.8,dor,performance_estabilidade,uso_do_app,performance_estabilidade,media,app,app_reliability,Corrigir experiência do app,0.92,neg:horrivel | neg:trava | rating:1 | performance_estabilidade:trava,review-rule-engine-v1
8bf1e96b-7b55-4223-9315-f1a76abaf1a0,1,horrível não abri,2025-05-27 10:14:05,3.18.1,0,"Olá, tudo bem? Estamos realizando melhorias e ajustes nos nossos processos para que possamos entregar uma melhor experiência. Caso precise de ajuda ou queira registrar reclamações ou sugestão. Fique à vontade para entrar em contato conosco pelo e-mail sucessoclientemeoo@localiza.com Equipe Localiza Meoo 💚
",GOOGLE_PLAY,horrivel nao abri,negativo,-2,0.7,dor,funcionalidade_usabilidade,uso_do_app,friccao_na_jornada,media,experiencia_app,none,nenhuma,0.82,neg:horrivel | rating:1 | fallback:sentimento_negativo | topic:funcionalidade_usabilidade,review-rule-engine-v1
52032478-d361-45d8-924c-a08333357b52,5,Sensacional!!,2025-05-24 13:05:31,3.18.1,0,"Olá, tudo bem? Ficamos muito felizes em saber que tem gostado da sua experiência conosco! Para o que precisar, conte com a gente! Equipe Localiza Meoo 💚",GOOGLE_PLAY,sensacional,positivo,2,0.7,elogio,geral,uso_do_app,nenhuma,baixa,experiencia_app,none,nenhuma,0.7,pos:sensacional | rating:5,review-rule-engine-v1
e18702e2-1243-4a0c-9b83-fe0a1a38a9e2,1,app não abre travando o tempo todo,2025-05-16 21:10:12,3.18.1,1,"Olá, tudo bem? Estamos realizando melhorias e ajustes nos nossos processos para que possamos entregar uma melhor experiência. Caso precise de ajuda ou queira registrar reclamações ou sugestão. Fique à vontade para entrar em contato conosco pelo e-mail sucessoclientemeoo@localiza.com Equipe Localiza Meoo 💚

",GOOGLE_PLAY,app nao abre travando o tempo todo,negativo,-2,0.78,dor,performance_estabilidade,uso_do_app,performance_estabilidade,alta,app,app_reliability,Corrigir experiência do app,0.9,neg:trava | neg:travando | neg:nao abre | forte_neg:nao abre | rating:1 | performance_estabilidade:travando | performance_estabilidade:trava,review-rule-engine-v1
c6b123b4-b07d-4ca3-97d9-6e6b9d91f192,1,Após a última atualização não consigo acessar o app,2025-05-15 23:53:01,3.18.1,1,"Olá, tudo bem? Gostaríamos de entrar em contato com você para ajudar, porém não localizamos o seu cadastro por aqui. Poderia entrar em contato conosco pelo e-mail sucesso.cliente@localiza.com ? Equipe Localiza Meoo 💚",GOOGLE_PLAY,apos a ultima atualizacao nao consigo acessar o app,negativo,-2,0.78,dor,performance_estabilidade,uso_do_app,erro_funcional,alta,app,app_reliability,Corrigir experiência do app,0.9,neg:nao consigo | forte_neg:nao consigo | rating:1 | performance_estabilidade:atualizacao | erro_funcional:nao consigo,review-rule-engine-v1
da050798-8d4b-4729-a3ef-742bdd70c449,2,"o aplicativo parou de funcionar, toda vez que tento abrir da mensagem de erro.",2025-05-15 07:50:50,3.18.1,1,"Olá, tudo bem? Estamos realizando melhorias e ajustes nos nossos processos para que possamos entregar uma melhor experiência. Caso precise de ajuda ou queira registrar reclamações ou sugestão. Fique à vontade para entrar em contato conosco pelo e-mail sucessoclientemeoo@localiza.com Equipe Localiza Meoo 💚

",GOOGLE_PLAY,o aplicativo parou de funcionar toda vez que tento abrir da mensagem de erro,negativo,-2,0.7,dor,performance_estabilidade,uso_do_app,disponibilidade,media,app,app_reliability,Corrigir experiência do app,0.82,neg:erro | rating:2 | performance_estabilidade:erro | topic:performance_estabilidade,review-rule-engine-v1
1dcea249-836c-4f49-b79d-ebdff20ad915,1,"O app esta travando ao tentar abrir. Limpei cache, mas não funciona.",2025-05-12 15:23:15,3.18.1,1,"Olá, tudo bem? Estamos realizando melhorias e ajustes nos nossos processos para que possamos entregar uma melhor experiência. Caso precise de ajuda ou queira registrar reclamações ou sugestão. Fique à vontade para entrar em contato conosco pelo e-mail sucessoclientemeoo@localiza.com Equipe Localiza Meoo 💚

",GOOGLE_PLAY,o app esta travando ao tentar abrir limpei cache mas nao funciona,negativo,-2,0.78,dor,performance_estabilidade,uso_do_app,performance_estabilidade,alta,app,app_reliability,Corrigir experiência do app,0.9,neg:nao funciona | neg:trava | neg:travando | forte_neg:nao funciona | rating:1 | performance_estabilidade:travando | performance_estabilidade:trava,review-rule-engine-v1
93f2d3ab-3004-4375-9500-77f4843b6034,4,"sempre ágil e de fácil compreensão, muito bom!",2025-05-10 16:13:44,3.18.1,0,"Olá, tudo bem? Ficamos muito felizes em saber que tem gostado da sua experiência conosco! Para o que precisar, conte com a gente! Equipe Localiza Meoo 💚",GOOGLE_PLAY,sempre agil e de facil compreensao muito bom,positivo,3,0.8,elogio,geral,uso_do_app,nenhuma,baixa,experiencia_app,none,nenhuma,0.8,pos:facil | pos:bom | rating:4,review-rule-engine-v1
e118b3c7-b318-417d-92ac-be7cb6e287e9,5,"Rápido e prático, como deve ser.",2025-05-09 19:53:37,3.17.0,0,"Olá, tudo bem? Ficamos muito felizes em saber que tem gostado da sua experiência conosco! Para o que precisar, conte com a gente! Equipe Localiza Meoo 💚",GOOGLE_PLAY,rapido e pratico como deve ser,positivo,3,0.8,elogio,geral,uso_do_app,nenhuma,baixa,experiencia_app,none,nenhuma,0.8,pos:pratico | pos:rapido | rating:5,review-rule-engine-v1
1939ddb7-e6f7-4c3b-87fe-5f60011d6335,5,ótima locadora,2025-05-09 14:01:00,3.18.0,0,"Olá, tudo bem? Ficamos muito felizes em saber que tem gostado da sua experiência conosco! Para o que precisar, conte com a gente! Equipe Localiza Meoo 💚",GOOGLE_PLAY,otima locadora,positivo,2,0.7,elogio,geral,uso_do_app,nenhuma,baixa,experiencia_app,none,nenhuma,0.7,pos:otima | rating:5,review-rule-engine-v1
c67b4d1a-147b-4978-8073-dfc9411623aa,5,do jeito que tem que SER,2025-05-04 13:56:32,3.16.2,0,"Olá, tudo bem? Ficamos muito felizes em saber que tem gostado da sua experiência conosco! Para o que precisar, conte com a gente! Equipe Localiza Meoo 💚",GOOGLE_PLAY,do jeito que tem que ser,positivo,1,0.6,elogio,geral,uso_do_app,nenhuma,baixa,experiencia_app,none,nenhuma,0.6,rating:5,review-rule-engine-v1
9d421bcb-dfb6-4d17-984e-33d369c3792b,5,Excelente opção para quem não quer despesas de carro novo.,2025-04-26 10:54:07,3.16.2,0,"Olá, tudo bem? Ficamos muito felizes em saber que tem gostado da sua experiência conosco! Para o que precisar, conte com a gente! Equipe Localiza Meoo 💚",GOOGLE_PLAY,excelente opcao para quem nao quer despesas de carro novo,positivo,2,0.7,elogio,geral,uso_do_app,nenhuma,baixa,experiencia_app,none,nenhuma,0.7,pos:excelente | rating:5,review-rule-engine-v1
50856b67-8688-45d9-b983-b6e44a752f32,3,"não consigo visualizar os serviços que tenho agendado, sempre necessito acionar o suporte por whatsapp para fazer qualquer alteração",2025-04-24 07:54:00,3.16.2,0,"Olá, tudo bem? Estamos realizando melhorias e ajustes nos nossos processos para que possamos entregar uma melhor experiência. Caso precise de ajuda ou queira registrar reclamações ou sugestão. Fique à vontade para entrar em contato conosco pelo e-mail sucessoclientemeoo@localiza.com Equipe Localiza Meoo 💚",GOOGLE_PLAY,nao consigo visualizar os servicos que tenho agendado sempre necessito acionar o suporte por whatsapp para fazer qualquer alteracao,negativo,-2,0.78,dor,suporte_atendimento,suporte,atendimento,alta,suporte,support_prevention,Resolver necessidade antes do contato,0.9,neg:nao consigo | forte_neg:nao consigo | rating:3 | suporte_atendimento:whatsapp | suporte_atendimento:suporte | atendimento:whatsapp | atendimento:suporte,review-rule-engine-v1
39bf6eca-e57f-4552-aca4-d5916fc18114,1,"App não funciona, apresenta erros con frequência, empresa é omissa e infiel com os clientes. LOCALIZA É PÉSSIMA",2025-04-23 19:46:46,3.16.2,0,"Olá, tudo bem? Estamos realizando melhorias e ajustes nos nossos processos para que possamos entregar uma melhor experiência. Caso precise de ajuda ou queira registrar reclamações ou sugestão. Fique à vontade para entrar em contato conosco pelo e-mail sucessoclientemeoo@localiza.com Equipe Localiza Meoo 💚",GOOGLE_PLAY,app nao funciona apresenta erros con frequencia empresa e omissa e infiel com os clientes localiza e pessima,negativo,-2,0.78,dor,performance_estabilidade,uso_do_app,erro_funcional,alta,app,app_reliability,Corrigir experiência do app,0.9,neg:erro | neg:nao funciona | forte_neg:nao funciona | rating:1 | performance_estabilidade:erro | erro_funcional:nao funciona,review-rule-engine-v1
2823a335-15f6-4ea2-a550-74aff179c22d,5,melhor custo benefício,2025-04-23 18:10:59,3.16.2,0,"Olá, tudo bem? Ficamos muito felizes em saber que tem gostado da sua experiência conosco! Para o que precisar, conte com a gente! Equipe Localiza Meoo 💚",GOOGLE_PLAY,melhor custo beneficio,positivo,1,0.6,elogio,beneficios,beneficios,nenhuma,baixa,beneficios,beneficio_contextual,Ver benefício relevante,0.68,rating:5 | beneficios:beneficio,review-rule-engine-v1
01e50acd-9a11-48da-845e-9dde7f139483,5,tem todos os serviços que preciso e é de fácil utilização,2025-04-22 15:31:14,3.16.2,1,"Olá, tudo bem? Ficamos muito felizes em saber que tem gostado da sua experiência conosco! Para o que precisar, conte com a gente! Equipe Localiza Meoo 💚",GOOGLE_PLAY,tem todos os servicos que preciso e e de facil utilizacao,positivo,3,0.8,elogio,manutencao_agendamento,manutencao,nenhuma,baixa,manutencao,proactive_care,Agendar revisão,0.88,pos:facil | pos:util | rating:5 | manutencao_agendamento:servico,review-rule-engine-v1
77005c2e-d442-400b-8793-919c5ac70974,5,"Olá. O app está cada vez melhor. Quero sugerir que quando tiver boletos a vencer, fique em verde. Boletos próximos a vencer, coloca um pontinho amarelo e vencido um ponto vermelho, com um link para renegociar, se for o caso. Quero sugerir que disponibilizem no app um link para alugar veiculos da localiza como clientes Meoo, com desconto. Outra sugestão é colocar a disposição do cliente dentro do app, Km's extras para comprar e pagar antecipadamente.",2025-04-17 17:33:07,3.15.0,7,"Olá, tudo bem? Estamos realizando melhorias e ajustes nos nossos processos para que possamos entregar uma melhor experiência. Caso precise de ajuda ou queira registrar reclamações ou sugestão. Fique à vontade para entrar em contato conosco pelo e-mail sucessoclientemeoo@localiza.com Equipe Localiza Meoo 💚",GOOGLE_PLAY,ola o app esta cada vez melhor quero sugerir que quando tiver boletos a vencer fique em verde boletos proximos a vencer coloca um pontinho amarelo e vencido um ponto vermelho com um link para renegociar se for o caso quero sugerir que disponibilizem no app um link para alugar veiculos da localiza como clientes meoo com desconto outra sugestao e colocar a disposicao do cliente dentro do app km s extras para comprar e pagar antecipadamente,positivo,1,0.6,elogio,pagamento_financeiro,financeiro,nenhuma,baixa,financeiro,zero_surpresa,Revisar pagamentos e vencimentos,0.68,rating:5 | pagamento_financeiro:boleto | pagamento_financeiro:pagar,review-rule-engine-v1
2a79612d-097d-4c91-aecf-413c22a5beef,5,espetacular,2025-04-15 07:27:02,3.15.0,0,"Olá, tudo bem? Ficamos muito felizes em saber que tem gostado da sua experiência conosco! Para o que precisar, conte com a gente! Equipe Localiza Meoo 💚

",GOOGLE_PLAY,espetacular,positivo,1,0.6,elogio,geral,uso_do_app,nenhuma,baixa,experiencia_app,none,nenhuma,0.6,rating:5,review-rule-engine-v1
e7f9bfbd-7faf-4bc4-9994-b19e92eae876,5,Estou muito satisfeito até o momento,2025-04-12 17:28:12,3.15.0,0,"Olá, tudo bem? Ficamos muito felizes em saber que tem gostado da sua experiência conosco! Para o que precisar, conte com a gente! Equipe Localiza Meoo 💚

",GOOGLE_PLAY,estou muito satisfeito ate o momento,positivo,2,0.7,elogio,geral,uso_do_app,nenhuma,baixa,experiencia_app,none,nenhuma,0.7,pos:satisfeito | rating:5,review-rule-engine-v1
42ff117f-3dec-452f-9714-d4e59a1809b6,5,"É muito fácil navegar no APP Localiza MEOO. O Assinante consegue navegar confortavelmente pois todas as informações estão nele, tornando o seu dia mais fácil...",2025-04-12 08:00:58,3.15.0,2,"Olá, tudo bem? Ficamos muito felizes em saber que tem gostado da sua experiência conosco! Para o que precisar, conte com a gente! Equipe Localiza Meoo 💚

",GOOGLE_PLAY,e muito facil navegar no app localiza meoo o assinante consegue navegar confortavelmente pois todas as informacoes estao nele tornando o seu dia mais facil,positivo,2,0.7,elogio,geral,uso_do_app,nenhuma,baixa,experiencia_app,none,nenhuma,0.7,pos:facil | rating:5,review-rule-engine-v1
b2ab823d-5d12-46dc-980f-b426b03cc6d5,1,"Pessimo atendimento via WhatsApp, não respondem e-mail, data da primeira parcela impositiva, não consultam o cliente no momento de fechar o contrato perguntando qual melhor data para o pagamento da primeira parcela, INDEPENDENTE de que dia entreguem o carro, a data é essa e dana-se. App desatualizado, informações totalmente desencontradas. Não recomendo",2025-04-04 11:13:30,3.15.0,2,"Olá, tudo bem? Estamos realizando melhorias e ajustes nos nossos processos para que possamos entregar uma melhor experiência. Caso precise de ajuda ou queira registrar reclamações ou sugestão. Fique à vontade para entrar em contato conosco pelo e-mail sucessoclientemeoo@localiza.com Equipe Localiza Meoo 💚",GOOGLE_PLAY,pessimo atendimento via whatsapp nao respondem e mail data da primeira parcela impositiva nao consultam o cliente no momento de fechar o contrato perguntando qual melhor data para o pagamento da primeira parcela independente de que dia entreguem o carro a data e essa e dana se app desatualizado informacoes totalmente desencontradas nao recomendo,negativo,-2,0.7,dor,suporte_atendimento,suporte,atendimento,media,suporte,support_prevention,Resolver necessidade antes do contato,0.82,neg:pessimo | neg:fecha | pos:recomendo | rating:1 | suporte_atendimento:whatsapp | suporte_atendimento:atendimento | suporte_atendimento:e mail | atendimento:whatsapp | atendimento:atendimento,review-rule-engine-v1
654e692d-62f8-452e-b386-eb73a73406f2,5,muito prático,2025-04-02 00:44:45,3.15.0,0,"Olá, tudo bem? Ficamos muito felizes em saber que tem gostado da sua experiência conosco! Para o que precisar, conte com a gente! Equipe Localiza Meoo 💚",GOOGLE_PLAY,muito pratico,positivo,2,0.7,elogio,geral,uso_do_app,nenhuma,baixa,experiencia_app,none,nenhuma,0.7,pos:pratico | rating:5,review-rule-engine-v1
073ff6e5-d1fa-4375-bf70-ba812c19b731,2,Não consigo atualizar o aplicativo antes de avaliar,2025-03-31 08:36:29,3.8.0,0,"Olá, tudo bem? Estamos realizando melhorias e ajustes nos nossos processos para que possamos entregar uma melhor experiência. Caso precise de ajuda ou queira registrar reclamações ou sugestão. Fique à vontade para entrar em contato conosco pelo e-mail sucessoclientemeoo@localiza.com? Equipe Localiza Meoo 💚",GOOGLE_PLAY,nao consigo atualizar o aplicativo antes de avaliar,negativo,-2,0.78,dor,performance_estabilidade,uso_do_app,erro_funcional,alta,app,app_reliability,Corrigir experiência do app,0.9,neg:nao consigo | forte_neg:nao consigo | rating:2 | performance_estabilidade:atualizar | erro_funcional:nao consigo,review-rule-engine-v1
cf270a5c-f0e2-47c9-8f88-cddb1d7874f8,5,sensacional,2025-03-27 22:06:40,,0,"Olá, tudo bem? Ficamos muito felizes em saber que tem gostado da sua experiência conosco! Para o que precisar, conte com a gente! Equipe Localiza Meoo 💚",GOOGLE_PLAY,sensacional,positivo,2,0.7,elogio,geral,uso_do_app,nenhuma,baixa,experiencia_app,none,nenhuma,0.7,pos:sensacional | rating:5,review-rule-engine-v1
b618d7ea-e3b3-4795-9b26-ad95b13c01c1,5,ótima experiência!,2025-03-26 19:06:15,3.15.0,0,"Olá, tudo bem? Ficamos muito felizes em saber que tem gostado da sua experiência conosco! Para o que precisar, conte com a gente! Equipe Localiza Meoo 💚

",GOOGLE_PLAY,otima experiencia,positivo,2,0.7,elogio,geral,uso_do_app,nenhuma,baixa,experiencia_app,none,nenhuma,0.7,pos:otima | rating:5,review-rule-engine-v1
caf99d78-8b23-4c87-ae35-d101b4d8a894,5,excelente App,2025-03-24 07:56:02,3.15.0,0,"Olá, tudo bem? Ficamos muito felizes em saber que tem gostado da sua experiência conosco! Para o que precisar, conte com a gente! Equipe Localiza Meoo 💚

",GOOGLE_PLAY,excelente app,positivo,2,0.7,elogio,geral,uso_do_app,nenhuma,baixa,experiencia_app,none,nenhuma,0.7,pos:excelente | rating:5,review-rule-engine-v1
5159b113-447d-4493-95cd-d8681bf6240f,5,muito bom,2025-03-22 07:35:36,3.14.0,0,"Olá, tudo bem? Ficamos muito felizes em saber que tem gostado da sua experiência conosco! Para o que precisar, conte com a gente! Equipe Localiza Meoo 💚

",GOOGLE_PLAY,muito bom,positivo,2,0.7,elogio,geral,uso_do_app,nenhuma,baixa,experiencia_app,none,nenhuma,0.7,pos:bom | rating:5,review-rule-engine-v1
c2c06321-b9b0-4c7a-858e-56d462a1a3fb,5,melhor opção de assinatura de veículo LocalizaMeoo 💚💚💚💚💚💚,2025-03-20 15:22:32,3.13.2,0,"Olá, tudo bem? Ficamos muito felizes em saber que tem gostado da sua experiência conosco! Para o que precisar, conte com a gente! Equipe Localiza Meoo 💚

",GOOGLE_PLAY,melhor opcao de assinatura de veiculo localizameoo,positivo,1,0.6,elogio,contrato_assinatura,contrato,nenhuma,baixa,contrato,zero_surpresa,Ver contrato e próximos eventos,0.68,rating:5 | contrato_assinatura:assinatura,review-rule-engine-v1
0adce8cb-e31c-4a2e-942e-ea2fc65deab4,1,app mal feito e travado,2025-03-20 10:37:14,3.13.2,0,"Olá, tudo bem? Estamos realizando melhorias e ajustes nos nossos processos para que possamos entregar uma melhor experiência. Caso precise de ajuda ou queira registrar reclamações ou sugestão. Fique à vontade para entrar em contato conosco pelo e-mail sucessoclientemeoo@localiza.com? Equipe Localiza Meoo 💚",GOOGLE_PLAY,app mal feito e travado,negativo,-2,0.7,dor,performance_estabilidade,uso_do_app,erro_funcional,media,app,app_reliability,Corrigir experiência do app,0.82,neg:trava | rating:1 | performance_estabilidade:trava | erro_funcional:travado,review-rule-engine-v1
806ddab4-28c0-462f-af8e-934e96d86ee1,5,ótimo aplicativo,2025-03-20 09:42:21,3.13.2,0,"Olá, tudo bem? Ficamos muito felizes em saber que tem gostado da sua experiência conosco! Para o que precisar, conte com a gente! Equipe Localiza Meoo 💚",GOOGLE_PLAY,otimo aplicativo,positivo,2,0.7,elogio,geral,uso_do_app,nenhuma,baixa,experiencia_app,none,nenhuma,0.7,pos:otimo | rating:5,review-rule-engine-v1
12fa8095-4be6-4950-b832-c55419246b68,5,"Nota 10 em tudo, sempre sou muito bem atendido pela localiza meoo, pontualidade, agilidade,e profissionalismo",2025-03-18 20:12:53,,0,"Olá, tudo bem? Ficamos muito felizes em saber que tem gostado da sua experiência conosco! Para o que precisar, conte com a gente! Equipe Localiza Meoo 💚",GOOGLE_PLAY,nota 10 em tudo sempre sou muito bem atendido pela localiza meoo pontualidade agilidade e profissionalismo,positivo,2,0.7,elogio,geral,uso_do_app,nenhuma,baixa,experiencia_app,none,nenhuma,0.7,pos:agilidade | rating:5,review-rule-engine-v1
e9fe7a1c-5ff8-4db1-ba47-21b16940348d,5,Explicação plena e intuitivo.,2025-03-12 13:47:51,3.13.2,0,"Olá, tudo bem? Ficamos muito felizes em saber que tem gostado da sua experiência conosco! Para o que precisar, conte com a gente! Equipe Localiza Meoo 💚",GOOGLE_PLAY,explicacao plena e intuitivo,positivo,2,0.7,elogio,geral,uso_do_app,usabilidade,baixa,experiencia_app,none,nenhuma,0.74,pos:intuitivo | rating:5 | usabilidade:intuitivo,review-rule-engine-v1
631a194a-f3ba-45b1-bfa1-4b13d5a88209,5,facilidades recursos,2025-03-05 13:37:18,3.12.0,0,"Olá, tudo bem? Ficamos muito felizes em saber que tem gostado da sua experiência conosco! Para o que precisar, conte com a gente! Equipe Localiza Meoo 💚


",GOOGLE_PLAY,facilidades recursos,positivo,2,0.7,elogio,geral,uso_do_app,nenhuma,baixa,experiencia_app,none,nenhuma,0.7,pos:facil | rating:5,review-rule-engine-v1
cf464acc-f85b-4797-b172-3fbbcd472027,1,empresa cobra taxas que não fazem parte do contrato. nunca mais alugo carro nem assino com a localiza.,2025-03-05 10:30:00,,0,"Olá, tudo bem? Gostaríamos de conversar com você para ajudá-lo, poderia entrar em contato conosco pelo e-mail sucessoclientemeoo@localiza.com? Equipe Localiza Meoo 💚",GOOGLE_PLAY,empresa cobra taxas que nao fazem parte do contrato nunca mais alugo carro nem assino com a localiza,negativo,-1,0.6,dor,contrato_assinatura,contrato,friccao_na_jornada,media,contrato,zero_surpresa,Ver contrato e próximos eventos,0.72,rating:1 | contrato_assinatura:contrato | topic:contrato_assinatura,review-rule-engine-v1
4a4fdd8d-ce4e-43c1-9c95-1a7a082a69a7,5,Maravilhoso o atendimento descomplicado,2025-03-01 10:30:59,3.13.2,0,"Olá, tudo bem? Ficamos muito felizes em saber que tem gostado da sua experiência conosco! Para o que precisar, conte com a gente! Equipe Localiza Meoo 💚",GOOGLE_PLAY,maravilhoso o atendimento descomplicado,neutro,1,0.6,neutro,suporte_atendimento,suporte,usabilidade,baixa,suporte,support_prevention,Resolver necessidade antes do contato,0.72,neg:complicado | pos:maravilhoso | rating:5 | suporte_atendimento:atendimento | usabilidade:complicado,review-rule-engine-v1
f97d8ead-5391-4213-81c5-94e5a3e8302e,5,Boa,2025-02-27 20:20:35,3.13.1,0,"Olá, tudo bem? Ficamos muito felizes em saber que tem gostado da sua experiência conosco! Para o que precisar, conte com a gente! Equipe Localiza Meoo 💚",GOOGLE_PLAY,boa,positivo,2,0.7,elogio,geral,uso_do_app,nenhuma,baixa,experiencia_app,none,nenhuma,0.7,pos:boa | rating:5,review-rule-engine-v1
02d20999-cd9b-48ed-a6c1-7b062a3e8209,5,Bom aplicativo,2025-02-27 20:20:22,3.13.0,0,"Olá, tudo bem? Ficamos muito felizes em saber que tem gostado da sua experiência conosco! Para o que precisar, conte com a gente! Equipe Localiza Meoo 💚",GOOGLE_PLAY,bom aplicativo,positivo,2,0.7,elogio,geral,uso_do_app,nenhuma,baixa,experiencia_app,none,nenhuma,0.7,pos:bom | rating:5,review-rule-engine-v1
7687086d-5973-4c87-9845-77905a4a8700,5,"Faz 3 meses que estou com carro, sem burocracia, rapidez e agilidade no atendimento, entrega do carro foi tudo certinho.",2025-02-26 11:23:06,3.13.0,1,"Olá, tudo bem? Ficamos muito felizes em saber que tem gostado da sua experiência conosco! Para o que precisar, conte com a gente! Equipe Localiza Meoo 💚",GOOGLE_PLAY,faz 3 meses que estou com carro sem burocracia rapidez e agilidade no atendimento entrega do carro foi tudo certinho,positivo,2,0.7,elogio,suporte_atendimento,suporte,atendimento,baixa,suporte,support_prevention,Resolver necessidade antes do contato,0.82,pos:agilidade | rating:5 | suporte_atendimento:atendimento | atendimento:atendimento,review-rule-engine-v1
3df0a62c-cb1b-4bd0-aa24-766a02eef578,5,"Fui muito bem atendido pelo funcionário Marcos da loja do FashionMall Rio de janeiro, ele me passou todas as informações do carro de maneira rápida e eficiente! Agradeço muito pela enorme atenção, recomendo!! A loja também é muito boa, tem café e água e ar-condicionado muito bom!!",2025-02-25 18:17:58,3.13.1,3,"Olá, tudo bem? Ficamos muito felizes em saber que tem gostado da sua experiência conosco! Para o que precisar, conte com a gente! Equipe Localiza Meoo 💚",GOOGLE_PLAY,fui muito bem atendido pelo funcionario marcos da loja do fashionmall rio de janeiro ele me passou todas as informacoes do carro de maneira rapida e eficiente agradeco muito pela enorme atencao recomendo a loja tambem e muito boa tem cafe e agua e ar condicionado muito bom,positivo,4,0.9,elogio,geral,uso_do_app,nenhuma,baixa,experiencia_app,none,nenhuma,0.9,pos:boa | pos:recomendo | pos:bom | rating:5,review-rule-engine-v1
df71e654-0316-4d40-a5d1-2a628a537d97,5,"Amei, tudo perfeito, desde atendimento a entrega do carro.",2025-02-20 15:20:25,3.13.0,2,"Olá, tudo bem? Ficamos muito felizes em saber que tem gostado da sua experiência conosco! Para o que precisar, conte com a gente! Equipe Localiza Meoo 💚",GOOGLE_PLAY,amei tudo perfeito desde atendimento a entrega do carro,positivo,2,0.7,elogio,suporte_atendimento,suporte,atendimento,baixa,suporte,support_prevention,Resolver necessidade antes do contato,0.82,pos:perfeito | rating:5 | suporte_atendimento:atendimento | atendimento:atendimento,review-rule-engine-v1
ad0f9fdd-f5b2-416b-b6c7-5fe550d0c58b,5,Tudo resolvido de forma rápida e eficiente.,2025-02-20 09:23:56,3.10.1,0,"Olá, tudo bem? Ficamos muito felizes em saber que tem gostado da sua experiência conosco! Para o que precisar, conte com a gente! Equipe Localiza Meoo 💚",GOOGLE_PLAY,tudo resolvido de forma rapida e eficiente,positivo,1,0.6,elogio,geral,uso_do_app,nenhuma,baixa,experiencia_app,none,nenhuma,0.6,rating:5,review-rule-engine-v1
14ac083c-1264-40dd-ae2c-707703a9ccf8,5,Bom,2025-02-19 19:24:42,,0,"Olá, tudo bem? Ficamos muito felizes em saber que tem gostado da sua experiência conosco! Para o que precisar, conte com a gente! Equipe Localiza Meoo 💚",GOOGLE_PLAY,bom,positivo,2,0.7,elogio,geral,uso_do_app,nenhuma,baixa,experiencia_app,none,nenhuma,0.7,pos:bom | rating:5,review-rule-engine-v1
9b9bfbc7-4192-4cc7-8158-baf1e70f5014,1,"O app apresenta problemas que faz com que seja melhor recorrer pelo wpp do que pelo próprio app, na aba de manutenção do carro não consigo agendar porque por algum bug você não consegue selecionar nenhuma cidade, todas fica cinza na seleção",2025-02-17 14:23:49,3.11.1,1,"
Olá, tudo bem? Gostaríamos de conversar com você para ajudá-lo, poderia entrar em contato conosco pelo e-mail sucessoclientemeoo@localiza.com? Equipe Localiza Meoo 💚
",GOOGLE_PLAY,o app apresenta problemas que faz com que seja melhor recorrer pelo wpp do que pelo proprio app na aba de manutencao do carro nao consigo agendar porque por algum bug voce nao consegue selecionar nenhuma cidade todas fica cinza na selecao,negativo,-2,0.78,dor,manutencao_agendamento,manutencao,erro_funcional,alta,manutencao,proactive_care,Agendar revisão,0.9,neg:nao consigo | neg:bug | neg:problema | forte_neg:nao consigo | rating:1 | manutencao_agendamento:manutencao | manutencao_agendamento:agendar | erro_funcional:nao consigo,review-rule-engine-v1
5935b13e-f32d-48d2-bd74-3a31d1b0733e,5,Atendimento VIP. Excelente atendimento. Satisfação completa,2025-02-06 16:41:10,3.10.1,0,"Olá, tudo bem? Ficamos muito felizes em saber que tem gostado da sua experiência conosco! Para o que precisar, conte com a gente! Equipe Localiza Meoo 💚",GOOGLE_PLAY,atendimento vip excelente atendimento satisfacao completa,positivo,2,0.7,elogio,suporte_atendimento,suporte,atendimento,baixa,suporte,support_prevention,Resolver necessidade antes do contato,0.82,pos:excelente | rating:5 | suporte_atendimento:atendimento | atendimento:atendimento,review-rule-engine-v1
817aaf69-c6a1-4692-80c8-cb7ea8b8bf4c,5,Simples e rápido!,2025-02-05 11:12:40,3.9.1,0,"Olá, tudo bem? Ficamos muito felizes em saber que tem gostado da sua experiência conosco! Para o que precisar, conte com a gente! Equipe Localiza Meoo 💚",GOOGLE_PLAY,simples e rapido,positivo,2,0.7,elogio,geral,uso_do_app,nenhuma,baixa,experiencia_app,none,nenhuma,0.7,pos:rapido | rating:5,review-rule-engine-v1
89e1b826-b7e8-4c73-88a1-be2d89b47c7b,5,Top demais,2025-02-04 16:27:38,3.10.1,0,"Olá, tudo bem? Ficamos muito felizes em saber que tem gostado da sua experiência conosco! Para o que precisar, conte com a gente! Equipe Localiza Meoo 💚",GOOGLE_PLAY,top demais,positivo,1,0.6,elogio,geral,uso_do_app,nenhuma,baixa,experiencia_app,none,nenhuma,0.6,rating:5,review-rule-engine-v1
72753ba9-4c90-4d8c-b479-fa9935447dbd,5,Atendimento mais ágil e app de fácil entendimento,2025-02-03 11:37:22,3.8.0,1,"Olá, tudo bem? Ficamos muito felizes em saber que tem gostado da sua experiência conosco! Para o que precisar, conte com a gente! Equipe Localiza Meoo 💚",GOOGLE_PLAY,atendimento mais agil e app de facil entendimento,positivo,2,0.7,elogio,suporte_atendimento,suporte,atendimento,baixa,suporte,support_prevention,Resolver necessidade antes do contato,0.82,pos:facil | rating:5 | suporte_atendimento:atendimento | atendimento:atendimento,review-rule-engine-v1
6e99e216-61b0-4c04-b518-09f93981e15f,5,"experiência bastante gratificante, vale o valor investido",2025-02-01 10:48:50,3.9.1,0,"Olá, tudo bem? Ficamos muito felizes em saber que tem gostado da sua experiência conosco! Para o que precisar, conte com a gente! Equipe Localiza Meoo 💚",GOOGLE_PLAY,experiencia bastante gratificante vale o valor investido,positivo,1,0.6,elogio,geral,uso_do_app,nenhuma,baixa,experiencia_app,none,nenhuma,0.6,rating:5,review-rule-engine-v1
eadec94e-7008-448c-8620-50704bafa96a,5,Acesso restabelecido. Agora consigo gerenciar minha conta normalmente :),2025-01-31 18:59:01,,0,"Olá, tudo bem? Gostaríamos de conversar com você para ajudá-lo, poderia entrar em contato conosco pelo e-mail sucessoclientemeoo@localiza.com? Equipe Localiza Meoo 💚",GOOGLE_PLAY,acesso restabelecido agora consigo gerenciar minha conta normalmente,positivo,1,0.6,elogio,acesso_login,acesso,nenhuma,baixa,conta_acesso,app_reliability,Resolver acesso ao app,0.68,rating:5 | acesso_login:acesso,review-rule-engine-v1
590c15c2-7dc7-49f8-8d8e-75f460c083c4,5,"Tudo OK , funcionando de acordo",2025-01-27 23:02:05,3.9.1,0,"Olá, tudo bem? Ficamos muito felizes em saber que tem gostado da sua experiência conosco! Para o que precisar, conte com a gente! Equipe Localiza Meoo 💚",GOOGLE_PLAY,tudo ok funcionando de acordo,positivo,1,0.6,elogio,geral,uso_do_app,nenhuma,baixa,experiencia_app,none,nenhuma,0.6,rating:5,review-rule-engine-v1
67dc4c54-737e-4a43-a924-3e6d038cba3d,5,Excelente,2025-01-27 15:11:19,3.8.0,0,"Olá, tudo bem? Ficamos muito felizes em saber que tem gostado da sua experiência conosco! Para o que precisar, conte com a gente! Equipe Localiza Meoo 💚",GOOGLE_PLAY,excelente,positivo,2,0.7,elogio,geral,uso_do_app,nenhuma,baixa,experiencia_app,none,nenhuma,0.7,pos:excelente | rating:5,review-rule-engine-v1
1930d4f5-ae45-48d7-a3c2-9183ec933bf0,5,Muito Bom,2025-01-17 07:21:23,,0,"Olá, tudo bem? Ficamos muito felizes em saber que tem gostado da sua experiência conosco! Para o que precisar, conte com a gente! Equipe Localiza Meoo 💚",GOOGLE_PLAY,muito bom,positivo,2,0.7,elogio,geral,uso_do_app,nenhuma,baixa,experiencia_app,none,nenhuma,0.7,pos:bom | rating:5,review-rule-engine-v1
c8621c1a-77b2-4ed1-9f52-e13c3182dd55,5,"Fácil de usar e de tirar duvidas, o processo flui na tranquilidade e a equipe está sempres a disposição",2025-01-14 09:30:08,3.8.0,0,"Olá, tudo bem? Ficamos muito felizes em saber que tem gostado da sua experiência conosco! Para o que precisar, conte com a gente! Equipe Localiza Meoo 💚

",GOOGLE_PLAY,facil de usar e de tirar duvidas o processo flui na tranquilidade e a equipe esta sempres a disposicao,positivo,2,0.7,elogio,geral,uso_do_app,usabilidade,baixa,experiencia_app,none,nenhuma,0.74,pos:facil | rating:5 | usabilidade:facil de,review-rule-engine-v1
6de9d8d2-2318-4b33-b145-0fbd4f29144a,1,"Não abre, não funciona. Já reinstalei, não tem nenhuma atualização disponível.... simplesmente não funciona",2025-01-13 18:49:34,3.8.0,0,"Olá, tudo bem? Gostaríamos de conversar com você para ajudá-lo, poderia entrar em contato conosco pelo e-mail sucessoclientemeoo@localiza.com? Equipe Localiza Meoo 💚",GOOGLE_PLAY,nao abre nao funciona ja reinstalei nao tem nenhuma atualizacao disponivel simplesmente nao funciona,negativo,-3,0.88,dor,performance_estabilidade,uso_do_app,erro_funcional,alta,app,app_reliability,Corrigir experiência do app,0.98,neg:nao funciona | neg:nao abre | forte_neg:nao abre | forte_neg:nao funciona | rating:1 | performance_estabilidade:atualizacao | erro_funcional:nao abre | erro_funcional:nao funciona,review-rule-engine-v1
6aa9d512-3790-41cf-b6a5-b0b3039037e2,1,"Pra começar, não indico esse programa pra aluguel de carro. Sobre o app, não tem nem como ver o extrato da sua conta.. fazem de tudo pra que as informações sejam razas e superficiais, mas nunca detalhadas. O atendimento via WhatsApp é robótico e demorado, via telefone então nem se fala.",2025-01-13 08:59:45,3.8.0,1,"Olá, tudo bem? Gostaríamos de conversar com você para ajudá-lo, poderia entrar em contato conosco pelo e-mail sucessoclientemeoo@localiza.com? Equipe Localiza Meoo 💚",GOOGLE_PLAY,pra comecar nao indico esse programa pra aluguel de carro sobre o app nao tem nem como ver o extrato da sua conta fazem de tudo pra que as informacoes sejam razas e superficiais mas nunca detalhadas o atendimento via whatsapp e robotico e demorado via telefone entao nem se fala,negativo,-3,0.8,dor,suporte_atendimento,suporte,atendimento,media,suporte,support_prevention,Resolver necessidade antes do contato,0.92,neg:demora | neg:demorado | rating:1 | suporte_atendimento:whatsapp | suporte_atendimento:atendimento | atendimento:whatsapp | atendimento:atendimento,review-rule-engine-v1
d4b59e96-96b3-45bb-9422-b2acd880e018,4,Está com erro não esta logando,2025-01-13 08:28:00,,0,"Olá, tudo bem? Gostaríamos de conversar com você para ajudá-lo, poderia entrar em contato conosco pelo e-mail sucessoclientemeoo@localiza.com? Equipe Localiza Meoo 💚",GOOGLE_PLAY,esta com erro nao esta logando,neutro,0,0.5,neutro,performance_estabilidade,uso_do_app,nenhuma,baixa,app,app_reliability,Corrigir experiência do app,0.58,neg:erro | rating:4 | performance_estabilidade:erro,review-rule-engine-v1
bf62f372-1f0e-4257-952f-7f4b4986fca0,5,Fácil de utilizar.,2025-01-12 16:57:37,3.8.0,0,"Olá, tudo bem? Ficamos muito felizes em saber que tem gostado da sua experiência conosco! Para o que precisar, conte com a gente! Equipe Localiza Meoo 💚",GOOGLE_PLAY,facil de utilizar,positivo,3,0.8,elogio,geral,uso_do_app,usabilidade,baixa,experiencia_app,none,nenhuma,0.84,pos:facil | pos:util | rating:5 | usabilidade:facil de,review-rule-engine-v1
602cbfec-efc3-4082-a986-5614a2834cf6,5,ótimo,2025-01-08 22:23:33,3.8.0,0,"Olá, tudo bem? Ficamos muito felizes em saber que tem gostado da sua experiência conosco! Para o que precisar, conte com a gente! Equipe Localiza Meoo 💚",GOOGLE_PLAY,otimo,positivo,2,0.7,elogio,geral,uso_do_app,nenhuma,baixa,experiencia_app,none,nenhuma,0.7,pos:otimo | rating:5,review-rule-engine-v1
581a616b-7722-4ef9-82f8-d9fa00f23685,5,Resolvo tudo no app,2025-01-07 17:48:21,3.8.0,0,"Olá, tudo bem? Ficamos muito felizes em saber que tem gostado da sua experiência conosco! Para o que precisar, conte com a gente! Equipe Localiza Meoo 💚",GOOGLE_PLAY,resolvo tudo no app,positivo,1,0.6,elogio,geral,uso_do_app,nenhuma,baixa,experiencia_app,none,nenhuma,0.6,rating:5,review-rule-engine-v1
db4cfb55-2eac-4db2-91c2-16c1cceec8d3,4,"Era só o que faltava, um aplicativo EXCELENTE no nível do produto. Recomendo.",2025-01-07 13:20:05,3.8.0,0,"Olá, tudo bem? Ficamos muito felizes em saber que tem gostado da sua experiência conosco! Para o que precisar, conte com a gente! Equipe Localiza Meoo 💚",GOOGLE_PLAY,era so o que faltava um aplicativo excelente no nivel do produto recomendo,positivo,3,0.8,sugestao,geral,uso_do_app,funcionalidade_ausente,baixa,experiencia_app,none,nenhuma,0.84,pos:excelente | pos:recomendo | rating:4 | funcionalidade_ausente:falta,review-rule-engine-v1
433fac96-af9e-4f75-af36-0cb286363edb,1,"Não consigo acessar e o suporte não consegue ajudar, como faço, precisamos do aplicativo.",2025-01-07 07:40:27,,0,"Olá, tudo bem? Gostaríamos de conversar com você para ajudá-lo, poderia entrar em contato conosco pelo e-mail sucessoclientemeoo@localiza.com? Equipe Localiza Meoo 💚",GOOGLE_PLAY,nao consigo acessar e o suporte nao consegue ajudar como faco precisamos do aplicativo,negativo,-2,0.78,dor,suporte_atendimento,suporte,erro_funcional,alta,suporte,support_prevention,Resolver necessidade antes do contato,0.9,neg:nao consigo | pos:ajuda | forte_neg:nao consigo | rating:1 | suporte_atendimento:suporte | erro_funcional:nao consigo,review-rule-engine-v1
734f197b-eec8-4c71-bffd-e95fbaaaebae,4,"fiz o download dele hoje e não consegui usar ainda, está só fora de serviço. Fiz o cadastro mas no login só diz: Opa! Algo deu errado por aqui, mas já vamos corrigir o problema. Você pode tentar novamente mais tarde? fica nisso desde a madrugada. PS: Problema resolvido, antes de fazer assinatura vc não consegue acessar o app. Pessoal do atendimento restou minha conta e pediram pra mim esperar uns 2 dias pra tentar ligar.... enfim. está tudo ok",2025-01-06 07:36:17,3.8.0,1,"Olá, tudo bem? Gostaríamos de conversar com você para ajudá-lo, poderia entrar em contato conosco pelo e-mail sucessoclientemeoo@localiza.com? Equipe Localiza Meoo 💚",GOOGLE_PLAY,fiz o download dele hoje e nao consegui usar ainda esta so fora de servico fiz o cadastro mas no login so diz opa algo deu errado por aqui mas ja vamos corrigir o problema voce pode tentar novamente mais tarde fica nisso desde a madrugada ps problema resolvido antes de fazer assinatura vc nao consegue acessar o app pessoal do atendimento restou minha conta e pediram pra mim esperar uns 2 dias pra tentar ligar enfim esta tudo ok,neutro,0,0.5,neutro,manutencao_agendamento,manutencao,performance_estabilidade,baixa,manutencao,proactive_care,Agendar revisão,0.62,neg:problema | rating:4 | manutencao_agendamento:servico | performance_estabilidade:fora de servico,review-rule-engine-v1
dbeaf194-3c6e-49c1-b5f1-039268a0f201,1,Não esta abrindo,2025-01-03 16:10:48,3.8.0,0,"Olá, tudo bem? Gostaríamos de conversar com você para ajudá-lo, poderia entrar em contato conosco pelo e-mail sucessoclientemeoo@localiza.com? Equipe Localiza Meoo 💚",GOOGLE_PLAY,nao esta abrindo,negativo,-1,0.6,dor,funcionalidade_usabilidade,uso_do_app,friccao_na_jornada,media,experiencia_app,none,nenhuma,0.72,rating:1 | fallback:sentimento_negativo | topic:funcionalidade_usabilidade,review-rule-engine-v1
e6eba281-3b7d-43a3-9647-f7d43981d1c5,2,"Não consigo acessar o APP, sempre da erro, preciso efetuar a atualização de cartão de crédito, acompanhar a assinatura etc. apenas da a mensagem para tentar novamente.",2025-01-03 06:02:48,3.8.0,0,"Olá, tudo bem? Gostaríamos de conversar com você para ajudá-lo, poderia entrar em contato conosco pelo e-mail sucessoclientemeoo@localiza.com? Equipe Localiza Meoo 💚",GOOGLE_PLAY,nao consigo acessar o app sempre da erro preciso efetuar a atualizacao de cartao de credito acompanhar a assinatura etc apenas da a mensagem para tentar novamente,negativo,-2,0.78,dor,performance_estabilidade,uso_do_app,erro_funcional,alta,app,app_reliability,Corrigir experiência do app,0.9,neg:nao consigo | neg:erro | forte_neg:nao consigo | rating:2 | performance_estabilidade:erro | performance_estabilidade:atualizacao | erro_funcional:nao consigo,review-rule-engine-v1
95dad5aa-859a-4c64-90c3-2302b36966be,5,"Aplicativo a presentando muita falha,por tenta corrigir a falha",2025-01-01 20:08:27,3.8.0,1,"Olá, tudo bem? Ficamos muito felizes em saber que tem gostado da sua experiência conosco! Caso tenha alguma sugestão, fique a vontade para entrar em contato com a gente. Equipe Localiza Meoo 💚",GOOGLE_PLAY,aplicativo a presentando muita falha por tenta corrigir a falha,neutro,0,0.5,neutro,geral,uso_do_app,nenhuma,baixa,experiencia_app,none,nenhuma,0.5,neg:falha | rating:5,review-rule-engine-v1
e77228c4-0f3a-4936-aafc-82139ca92b9e,1,"Se puderem escolher outra empresa para contratar um serviço por assinatura, façam isso. A Meoo, tem um único objetivo, transformar a vida do cliente num inferno. Ela leva você ao limite, não dá nenhum tipo de compensação. A equipe de sucesso do cliente, liga pede desculpas e vida que segue. É pior empresa para ser estar preso por um contrato, sua vida vai ser um inferno.",2024-12-31 09:23:57,2.15.4,1,"Olá, tudo bem? Gostaríamos de conversar com você para ajudá-lo, poderia entrar em contato conosco pelo e-mail sucessoclientemeoo@localiza.com? Equipe Localiza Meoo 💚",GOOGLE_PLAY,se puderem escolher outra empresa para contratar um servico por assinatura facam isso a meoo tem um unico objetivo transformar a vida do cliente num inferno ela leva voce ao limite nao da nenhum tipo de compensacao a equipe de sucesso do cliente liga pede desculpas e vida que segue e pior empresa para ser estar preso por um contrato sua vida vai ser um inferno,negativo,-1,0.6,dor,contrato_assinatura,contrato,friccao_na_jornada,media,contrato,zero_surpresa,Ver contrato e próximos eventos,0.72,rating:1 | contrato_assinatura:assinatura | contrato_assinatura:contrato | topic:contrato_assinatura,review-rule-engine-v1
7e4d3756-f441-4114-8c1d-ce55d3158077,5,Fácil e rapido,2024-12-30 11:09:32,3.8.0,0,"Olá, tudo bem? Ficamos muito felizes em saber que tem gostado da sua experiência conosco! Para o que precisar, conte com a gente! Equipe Localiza Meoo 💚",GOOGLE_PLAY,facil e rapido,positivo,3,0.8,elogio,geral,uso_do_app,nenhuma,baixa,experiencia_app,none,nenhuma,0.8,pos:facil | pos:rapido | rating:5,review-rule-engine-v1
c03003af-1724-4dfa-af91-0ebdf02d1502,1,"Estou há dias tentando logar no meu app e não consigo! Ele direciona para a página da internet, qdo coloco o login ele da erro e diz pra eu baixa o app, sendo que já tenho baixado e estou tentando logar pelo app. Não existe um ninguém pra dar suporte",2024-12-30 10:33:55,3.8.0,0,"Olá, tudo bem? Gostaríamos de conversar com você para ajudá-lo, poderia entrar em contato conosco pelo e-mail sucessoclientemeoo@localiza.com? Equipe Localiza Meoo 💚",GOOGLE_PLAY,estou ha dias tentando logar no meu app e nao consigo ele direciona para a pagina da internet qdo coloco o login ele da erro e diz pra eu baixa o app sendo que ja tenho baixado e estou tentando logar pelo app nao existe um ninguem pra dar suporte,negativo,-2,0.78,dor,acesso_login,acesso,erro_funcional,alta,conta_acesso,app_reliability,Resolver acesso ao app,0.9,neg:nao consigo | neg:erro | forte_neg:nao consigo | rating:1 | acesso_login:logar | acesso_login:login | erro_funcional:nao consigo,review-rule-engine-v1
d3c19633-6a5c-44fe-ac40-bc60c3bbd9a5,1,Após última atualização o app não abre,2024-12-23 00:27:37,3.7.1,0,"Olá, tudo bem? Gostaríamos de conversar com você para ajudá-lo, poderia entrar em contato conosco pelo e-mail sucessoclientemeoo@localiza.com? Equipe Localiza Meoo 💚",GOOGLE_PLAY,apos ultima atualizacao o app nao abre,negativo,-2,0.78,dor,performance_estabilidade,uso_do_app,erro_funcional,alta,app,app_reliability,Corrigir experiência do app,0.9,neg:nao abre | forte_neg:nao abre | rating:1 | performance_estabilidade:atualizacao | erro_funcional:nao abre,review-rule-engine-v1
3148c311-c0a8-4e21-8814-720230ab988d,1,"App não abre, sempre em manutenção.",2024-12-20 16:01:02,3.7.1,1,"Olá, tudo bem? Gostaríamos de conversar com você para ajudá-lo, poderia entrar em contato conosco pelo e-mail sucessoclientemeoo@localiza.com? Equipe Localiza Meoo 💚",GOOGLE_PLAY,app nao abre sempre em manutencao,negativo,-2,0.78,dor,manutencao_agendamento,manutencao,erro_funcional,alta,manutencao,proactive_care,Agendar revisão,0.9,neg:nao abre | forte_neg:nao abre | rating:1 | manutencao_agendamento:manutencao | erro_funcional:nao abre,review-rule-engine-v1
e883abf2-7329-45ed-b568-1cc0810d2e19,5,Atendimento rápido e fácil. Sem burocracia.,2024-12-17 12:24:29,3.7.1,0,"Olá, tudo bem? Ficamos muito felizes em saber que tem gostado da sua experiência conosco! Para o que precisar, conte com a gente! Equipe Localiza Meoo 💚",GOOGLE_PLAY,atendimento rapido e facil sem burocracia,positivo,3,0.8,elogio,suporte_atendimento,suporte,atendimento,baixa,suporte,support_prevention,Resolver necessidade antes do contato,0.92,pos:facil | pos:rapido | rating:5 | suporte_atendimento:atendimento | atendimento:atendimento,review-rule-engine-v1
3e855b8a-880e-4561-a579-9dcabc9c8139,1,Fazem dois dias que não consigo entrar no app.... O que está acontecendo??,2024-12-15 13:26:47,,2,"Olá, tudo bem? Gostaríamos de conversar com você para ajudá-lo, poderia entrar em contato conosco pelo e-mail sucessoclientemeoo@localiza.com? Equipe Localiza Meoo 💚",GOOGLE_PLAY,fazem dois dias que nao consigo entrar no app o que esta acontecendo,negativo,-2,0.78,dor,acesso_login,acesso,erro_funcional,alta,conta_acesso,app_reliability,Resolver acesso ao app,0.9,neg:nao consigo | forte_neg:nao consigo | rating:1 | acesso_login:entrar | acesso_login:nao consigo entrar | erro_funcional:nao consigo,review-rule-engine-v1
8d51fd3c-9ffb-4f89-80f9-0cd879abc0e1,1,"O aplicativo já foi bom, infelizmente agora ao tentar abrir não há nenhuma interação somente uma propaganda de uma operadora de cartões que não fecha, cobre o que poderia ser a interface do aplicativo. Horrível esse tipo de problema. Equipe amadora.",2024-12-13 10:17:38,3.7.1,2,"Olá, tudo bem? Gostaríamos de conversar com você para ajudá-lo, poderia entrar em contato conosco pelo e-mail sucessoclientemeoo@localiza.com? Equipe Localiza Meoo 💚",GOOGLE_PLAY,o aplicativo ja foi bom infelizmente agora ao tentar abrir nao ha nenhuma interacao somente uma propaganda de uma operadora de cartoes que nao fecha cobre o que poderia ser a interface do aplicativo horrivel esse tipo de problema equipe amadora,negativo,-3,0.8,sugestao,performance_estabilidade,uso_do_app,performance_estabilidade,media,app,app_reliability,Corrigir experiência do app,0.92,neg:problema | neg:horrivel | neg:fecha | pos:bom | rating:1 | performance_estabilidade:fecha,review-rule-engine-v1
1895f450-824a-4197-8d1c-44068cff786d,5,Tenho o carro da localiza meoo há pouco mais de 8 meses. A experiência está sendo muito satisfatória.,2024-12-12 11:55:03,3.6.0,4,"Olá, tudo bem? Ficamos muito felizes em saber que tem gostado da sua experiência conosco! Para o que precisar, conte com a gente! Equipe Localiza Meoo 💚",GOOGLE_PLAY,tenho o carro da localiza meoo ha pouco mais de 8 meses a experiencia esta sendo muito satisfatoria,positivo,1,0.6,elogio,geral,uso_do_app,nenhuma,baixa,experiencia_app,none,nenhuma,0.6,rating:5,review-rule-engine-v1
a163eccd-62a6-49c2-93c1-e3c104a6a822,5,"Fácil, rápido e resolutivo.",2024-12-11 09:26:55,3.6.0,0,"Olá, tudo bem? Ficamos muito felizes em saber que tem gostado da sua experiência conosco! Para o que precisar, conte com a gente! Equipe Localiza Meoo 💚",GOOGLE_PLAY,facil rapido e resolutivo,positivo,3,0.8,elogio,geral,uso_do_app,nenhuma,baixa,experiencia_app,none,nenhuma,0.8,pos:facil | pos:rapido | rating:5,review-rule-engine-v1
c0f2a29b-4410-4673-b0b3-576e06ee03de,1,"Infelizmente não consigo mais acessar o aplicativo nos meus dispositivos Android 12 e 14. Ambos com mesmo erro de login. - Opa! Algo deu errado por aqui.....TENTAR MAIS TARDE. Mas MAIS TARDE nunca funciona. Péssimo, pois além de tudo, o site já não tem mais funcionalidades de serviço.",2024-12-10 17:32:03,3.6.0,3,"Olá, tudo bem? Gostaríamos de conversar com você para ajudá-lo, poderia entrar em contato conosco pelo e-mail sucessoclientemeoo@localiza.com? Equipe Localiza Meoo 💚",GOOGLE_PLAY,infelizmente nao consigo mais acessar o aplicativo nos meus dispositivos android 12 e 14 ambos com mesmo erro de login opa algo deu errado por aqui tentar mais tarde mas mais tarde nunca funciona pessimo pois alem de tudo o site ja nao tem mais funcionalidades de servico,negativo,-2,0.78,dor,manutencao_agendamento,manutencao,erro_funcional,alta,manutencao,proactive_care,Agendar revisão,0.9,neg:pessimo | neg:nao consigo | neg:erro | forte_neg:nao consigo | rating:1 | manutencao_agendamento:servico | erro_funcional:nao consigo,review-rule-engine-v1
58bbca5c-caf6-44a0-a814-777c0f454fab,2,"2 ⭐⭐ o opção agendamento de serviços, não funciona, depois das últimas atualizações, digito o nome da cidade, mais o app não deixa selecionar, clico várias vezes e nao aceita selecionar, não consigo agendar nada pelo aplicativo. Todas vez falo com o atendente, agora tive reclamar aqui, daqui a pouco no consumidor.gov.br.... Está difícil, to precisando agendar e não é possível!",2024-12-01 10:53:23,3.6.0,8,"Olá, tudo bem? Gostaríamos de conversar com você para ajudá-lo, poderia entrar em contato conosco pelo e-mail sucessoclientemeoo@localiza.com? Equipe Localiza Meoo 💚",GOOGLE_PLAY,2 o opcao agendamento de servicos nao funciona depois das ultimas atualizacoes digito o nome da cidade mais o app nao deixa selecionar clico varias vezes e nao aceita selecionar nao consigo agendar nada pelo aplicativo todas vez falo com o atendente agora tive reclamar aqui daqui a pouco no consumidor gov br esta dificil to precisando agendar e nao e possivel,negativo,-2,0.78,dor,manutencao_agendamento,manutencao,erro_funcional,alta,manutencao,proactive_care,Agendar revisão,0.9,neg:nao consigo | neg:nao funciona | neg:dificil | forte_neg:nao consigo | forte_neg:nao funciona | rating:2 | manutencao_agendamento:agendar | manutencao_agendamento:agendamento | manutencao_agendamento:servico | erro_funcional:nao consigo | erro_funcional:nao funciona,review-rule-engine-v1
9fede909-cb78-4fd6-9dca-cccb75037abe,5,Parabéns aos desenvolvedores,2024-11-29 10:50:40,3.5.1,0,"Olá, tudo bem? Ficamos muito felizes em saber que tem gostado da sua experiência conosco! Para o que precisar, conte com a gente! Equipe Localiza Meoo 💚",GOOGLE_PLAY,parabens aos desenvolvedores,positivo,1,0.6,elogio,geral,uso_do_app,nenhuma,baixa,experiencia_app,none,nenhuma,0.6,rating:5,review-rule-engine-v1
4484ebf5-b8b5-4b95-8284-847fb7ae89a6,5,Muito bem colocado.,2024-11-26 16:36:21,3.5.1,0,"Olá, tudo bem? Ficamos muito felizes em saber que tem gostado da sua experiência conosco! Para o que precisar, conte com a gente! Equipe Localiza Meoo 💚",GOOGLE_PLAY,muito bem colocado,positivo,1,0.6,elogio,geral,uso_do_app,nenhuma,baixa,experiencia_app,none,nenhuma,0.6,rating:5,review-rule-engine-v1
fbed25e1-4c33-4dd8-ae82-35d4ee02c146,5,App muito bom,2024-11-25 08:49:16,3.5.1,0,"Olá, tudo bem? Ficamos muito felizes em saber que tem gostado da sua experiência conosco! Para o que precisar, conte com a gente! Equipe Localiza Meoo 💚",GOOGLE_PLAY,app muito bom,positivo,2,0.7,elogio,geral,uso_do_app,nenhuma,baixa,experiencia_app,none,nenhuma,0.7,pos:bom | rating:5,review-rule-engine-v1
31732024-a775-48cc-b50f-463d201c9b90,5,top top,2024-11-18 09:30:55,3.5.0,0,"Olá, tudo bem? Ficamos muito felizes em saber que tem gostado da sua experiência conosco! Para o que precisar, conte com a gente! Equipe Localiza Meoo 💚",GOOGLE_PLAY,top top,positivo,1,0.6,elogio,geral,uso_do_app,nenhuma,baixa,experiencia_app,none,nenhuma,0.6,rating:5,review-rule-engine-v1
20b69ab5-e539-43f4-8c9b-6b437d2fa8b2,5,Legal,2024-11-14 13:00:28,3.4.0,0,"Olá, tudo bem? Ficamos muito felizes em saber que tem gostado da sua experiência conosco! Para o que precisar, conte com a gente! Equipe Localiza Meoo 💚",GOOGLE_PLAY,legal,positivo,1,0.6,elogio,geral,uso_do_app,nenhuma,baixa,experiencia_app,none,nenhuma,0.6,rating:5,review-rule-engine-v1
3b308eca-8406-4ff9-b5d2-d5dd118c830f,5,"aplicativo intuitivo e com todas às informações que eu preciso sobre o veículo alugado, é um diferencial dentre os concorrentes",2024-11-13 05:42:57,3.5.0,2,"Olá, tudo bem? Ficamos muito felizes em saber que tem gostado da sua experiência conosco! Para o que precisar, conte com a gente! Equipe Localiza Meoo 💚",GOOGLE_PLAY,aplicativo intuitivo e com todas as informacoes que eu preciso sobre o veiculo alugado e um diferencial dentre os concorrentes,positivo,2,0.7,elogio,geral,uso_do_app,usabilidade,baixa,experiencia_app,none,nenhuma,0.74,pos:intuitivo | rating:5 | usabilidade:intuitivo,review-rule-engine-v1
a8550ab2-2f0a-4d35-89cc-707e4753128e,5,O app ajuda muito com os principais dados para poder gerenciar o contrato e o carro,2024-11-12 18:54:40,3.4.0,1,"Olá, tudo bem? Ficamos muito felizes em saber que tem gostado da sua experiência conosco! Para o que precisar, conte com a gente! Equipe Localiza Meoo 💚",GOOGLE_PLAY,o app ajuda muito com os principais dados para poder gerenciar o contrato e o carro,positivo,2,0.7,elogio,contrato_assinatura,contrato,nenhuma,baixa,contrato,zero_surpresa,Ver contrato e próximos eventos,0.78,pos:ajuda | rating:5 | contrato_assinatura:contrato,review-rule-engine-v1
de4bbc88-1093-489b-a3ed-0311dc7e9afb,1,"Quando não está em manutenção, está desatualizado",2024-11-08 17:52:49,3.3.1,0,"Olá, tudo bem? Gostaríamos de conversar com você para ajudá-lo, poderia entrar em contato conosco pelo e-mail sucessoclientemeoo@localiza.com? Equipe Localiza Meoo 💚",GOOGLE_PLAY,quando nao esta em manutencao esta desatualizado,negativo,-1,0.6,dor,manutencao_agendamento,manutencao,friccao_na_jornada,media,manutencao,proactive_care,Agendar revisão,0.72,rating:1 | manutencao_agendamento:manutencao | topic:manutencao_agendamento,review-rule-engine-v1
0301ca86-da32-443c-ace6-168c15995518,5,Otima,2024-11-08 14:55:16,3.0.2,0,"Olá, tudo bem? Ficamos muito felizes em saber que tem gostado da sua experiência conosco! Para o que precisar, conte com a gente! Equipe Localiza Meoo 💚",GOOGLE_PLAY,otima,positivo,2,0.7,elogio,geral,uso_do_app,nenhuma,baixa,experiencia_app,none,nenhuma,0.7,pos:otima | rating:5,review-rule-engine-v1
bb5485d7-3926-4af6-8a4f-22396e18480c,5,excelente,2024-10-31 08:51:59,3.4.0,0,"Olá, tudo bem? Ficamos muito felizes em saber que tem gostado da sua experiência conosco! Para o que precisar, conte com a gente! Equipe Localiza Meoo 💚",GOOGLE_PLAY,excelente,positivo,2,0.7,elogio,geral,uso_do_app,nenhuma,baixa,experiencia_app,none,nenhuma,0.7,pos:excelente | rating:5,review-rule-engine-v1
f80bb153-b6bc-4ee2-8492-1c765bf65489,4,eficaz,2024-10-30 12:08:33,3.4.0,0,"Olá, tudo bem? Ficamos muito felizes em saber que tem gostado da sua experiência conosco! Para o que precisar, conte com a gente! Equipe Localiza Meoo 💚",GOOGLE_PLAY,eficaz,positivo,2,0.7,elogio,geral,uso_do_app,nenhuma,baixa,experiencia_app,none,nenhuma,0.7,pos:eficaz | rating:4,review-rule-engine-v1
f19a17dc-2bb7-4f80-be8a-2424b515fe4b,5,ótimo,2024-10-30 07:05:19,3.4.0,0,"Olá, tudo bem? Ficamos muito felizes em saber que tem gostado da sua experiência conosco! Para o que precisar, conte com a gente! Equipe Localiza Meoo 💚",GOOGLE_PLAY,otimo,positivo,2,0.7,elogio,geral,uso_do_app,nenhuma,baixa,experiencia_app,none,nenhuma,0.7,pos:otimo | rating:5,review-rule-engine-v1
ec7caeb9-0ed9-4b53-924f-65c6e78c0782,5,"ajuda muito no meu dia a dia, esse carro da localiza",2024-10-28 13:06:37,3.4.0,0,"Olá, tudo bem? Ficamos muito felizes em saber que tem gostado da sua experiência conosco! Para o que precisar, conte com a gente! Equipe Localiza Meoo 💚",GOOGLE_PLAY,ajuda muito no meu dia a dia esse carro da localiza,positivo,2,0.7,elogio,geral,uso_do_app,nenhuma,baixa,experiencia_app,none,nenhuma,0.7,pos:ajuda | rating:5,review-rule-engine-v1
3aafb9b1-e4cb-4b9a-8df3-d28afe13727a,5,eu resolvo tudo pelo app,2024-10-26 23:07:54,3.3.1,0,"Olá, tudo bem? Ficamos muito felizes em saber que tem gostado da sua experiência conosco! Para o que precisar, conte com a gente! Equipe Localiza Meoo 💚",GOOGLE_PLAY,eu resolvo tudo pelo app,positivo,1,0.6,elogio,geral,uso_do_app,nenhuma,baixa,experiencia_app,none,nenhuma,0.6,rating:5,review-rule-engine-v1
ce594129-bec0-4ef8-b76b-a0bcd053473c,5,Tudo muito bom,2024-10-17 18:46:56,3.3.1,0,"Olá, tudo bem? Ficamos muito felizes em saber que tem gostado da sua experiência conosco! Para o que precisar, conte com a gente! Equipe Localiza Meoo 💚",GOOGLE_PLAY,tudo muito bom,positivo,2,0.7,elogio,geral,uso_do_app,nenhuma,baixa,experiencia_app,none,nenhuma,0.7,pos:bom | rating:5,review-rule-engine-v1
5a1897e9-eaaa-47b2-b3c9-12db22dc0e22,4,"Aplicativo muito bom, fácil, ágil, claro...",2024-10-17 08:20:14,3.3.1,0,"Olá, tudo bem? Ficamos muito felizes em saber que tem gostado da sua experiência conosco! Para o que precisar, conte com a gente! Equipe Localiza Meoo 💚",GOOGLE_PLAY,aplicativo muito bom facil agil claro,positivo,3,0.8,elogio,geral,uso_do_app,nenhuma,baixa,experiencia_app,none,nenhuma,0.8,pos:facil | pos:bom | rating:4,review-rule-engine-v1
b7dc5734-19b9-4b6f-94ec-3dde9c23aae1,5,muito prático,2024-10-16 15:26:24,3.3.1,0,"Olá, tudo bem? Ficamos muito felizes em saber que tem gostado da sua experiência conosco! Para o que precisar, conte com a gente! Equipe Localiza Meoo 💚",GOOGLE_PLAY,muito pratico,positivo,2,0.7,elogio,geral,uso_do_app,nenhuma,baixa,experiencia_app,none,nenhuma,0.7,pos:pratico | rating:5,review-rule-engine-v1
85edde7e-ecdb-4cdd-adb8-d7717a00de7a,5,Show...tenho o controle sobre km rodado...multas...faturas...enfim.. tudo no mesmo lugar....,2024-10-16 13:04:22,3.2.1,1,"Olá, tudo bem? Ficamos muito felizes em saber que tem gostado da sua experiência conosco! Para o que precisar, conte com a gente! Equipe Localiza Meoo 💚",GOOGLE_PLAY,show tenho o controle sobre km rodado multas faturas enfim tudo no mesmo lugar,positivo,1,0.6,elogio,pagamento_financeiro,financeiro,nenhuma,baixa,financeiro,zero_surpresa,Revisar pagamentos e vencimentos,0.68,rating:5 | pagamento_financeiro:fatura,review-rule-engine-v1
935cbc74-bda2-4833-b88e-b1c05dd670ef,5,estou tendo uma excelente experiência com Meeo,2024-10-16 11:32:20,3.3.1,0,"Olá, tudo bem? Ficamos muito felizes em saber que tem gostado da sua experiência conosco! Para o que precisar, conte com a gente! Equipe Localiza Meoo 💚",GOOGLE_PLAY,estou tendo uma excelente experiencia com meeo,positivo,2,0.7,elogio,geral,uso_do_app,nenhuma,baixa,experiencia_app,none,nenhuma,0.7,pos:excelente | rating:5,review-rule-engine-v1
5f0f93b6-2ba3-448f-bb70-6ff7a2144a54,5,Top demais,2024-10-14 17:38:40,3.2.1,0,"Olá, tudo bem? Ficamos muito felizes em saber que tem gostado da sua experiência conosco! Para o que precisar, conte com a gente! Equipe Localiza Meoo 💚",GOOGLE_PLAY,top demais,positivo,1,0.6,elogio,geral,uso_do_app,nenhuma,baixa,experiencia_app,none,nenhuma,0.6,rating:5,review-rule-engine-v1
b8553b77-4a1b-4a10-8e98-c90b3cfb30c9,5,"excelente app , atendimento e opções de locação de veículos.",2024-10-10 15:17:26,3.2.1,0,"Olá, tudo bem? Ficamos muito felizes em saber que tem gostado da sua experiência conosco! Para o que precisar, conte com a gente! Equipe Localiza Meoo 💚",GOOGLE_PLAY,excelente app atendimento e opcoes de locacao de veiculos,positivo,2,0.7,elogio,suporte_atendimento,suporte,atendimento,baixa,suporte,support_prevention,Resolver necessidade antes do contato,0.82,pos:excelente | rating:5 | suporte_atendimento:atendimento | atendimento:atendimento,review-rule-engine-v1
a27dd366-0542-4eb6-99ae-3dff243a1aff,5,top carros maravilhosos,2024-10-08 00:08:06,3.2.1,0,"Olá, tudo bem? Ficamos muito felizes em saber que tem gostado da sua experiência conosco! Para o que precisar, conte com a gente! Equipe Localiza Meoo 💚",GOOGLE_PLAY,top carros maravilhosos,positivo,2,0.7,elogio,geral,uso_do_app,nenhuma,baixa,experiencia_app,none,nenhuma,0.7,pos:maravilhoso | rating:5,review-rule-engine-v1
beb22ce4-2bbf-4e35-a397-bffb63af9410,5,Excelente 🌹,2024-10-03 09:37:50,3.2.1,0,"Olá, tudo bem? Ficamos muito felizes em saber que tem gostado da sua experiência conosco! Para o que precisar, conte com a gente! Equipe Localiza Meoo 💚",GOOGLE_PLAY,excelente,positivo,2,0.7,elogio,geral,uso_do_app,nenhuma,baixa,experiencia_app,none,nenhuma,0.7,pos:excelente | rating:5,review-rule-engine-v1
f0654cda-747d-4c79-a967-22e43a348205,1,Nunca consigo agendar. A cidade nao é selecionada no app...,2024-10-02 17:51:08,3.2.1,0,"Olá, tudo bem? Gostaríamos de conversar com você para ajudá-lo, poderia entrar em contato conosco pelo e-mail sucessoclientemeoo@localiza.com? Equipe Localiza Meoo 💚",GOOGLE_PLAY,nunca consigo agendar a cidade nao e selecionada no app,negativo,-1,0.6,dor,manutencao_agendamento,manutencao,friccao_na_jornada,media,manutencao,proactive_care,Agendar revisão,0.72,rating:1 | manutencao_agendamento:agendar | topic:manutencao_agendamento,review-rule-engine-v1
2c4fee20-91a3-4f1b-85a9-12378ec4fcdf,5,Excelente usabilidade.,2024-09-28 06:36:32,3.1.1,0,"Olá, tudo bem? Ficamos muito felizes em saber que tem gostado da sua experiência conosco! Para o que precisar, conte com a gente! Equipe Localiza Meoo 💚",GOOGLE_PLAY,excelente usabilidade,positivo,2,0.7,elogio,geral,uso_do_app,nenhuma,baixa,experiencia_app,none,nenhuma,0.7,pos:excelente | rating:5,review-rule-engine-v1
6d8830aa-43d9-417c-95f4-031eb07e5227,5,super prático e eficiente,2024-09-27 08:20:47,3.1.1,0,"Olá, tudo bem? Ficamos muito felizes em saber que tem gostado da sua experiência conosco! Para o que precisar, conte com a gente! Equipe Localiza Meoo 💚",GOOGLE_PLAY,super pratico e eficiente,positivo,2,0.7,elogio,geral,uso_do_app,nenhuma,baixa,experiencia_app,none,nenhuma,0.7,pos:pratico | rating:5,review-rule-engine-v1
27a7dc77-e0b1-4505-b396-ae43ba1dfc5c,5,Facilidade de uso,2024-09-26 22:17:01,3.1.1,0,"Olá, tudo bem? Ficamos muito felizes em saber que tem gostado da sua experiência conosco! Para o que precisar, conte com a gente! Equipe Localiza Meoo 💚",GOOGLE_PLAY,facilidade de uso,positivo,2,0.7,elogio,geral,uso_do_app,nenhuma,baixa,experiencia_app,none,nenhuma,0.7,pos:facil | rating:5,review-rule-engine-v1
d4715fbc-fc9b-4262-99de-457cbcc3c518,5,Ótimo atendimento.,2024-09-26 12:11:36,3.1.1,0,"Olá, tudo bem? Ficamos muito felizes em saber que tem gostado da sua experiência conosco! Para o que precisar, conte com a gente! Equipe Localiza Meoo 💚",GOOGLE_PLAY,otimo atendimento,positivo,2,0.7,elogio,suporte_atendimento,suporte,atendimento,baixa,suporte,support_prevention,Resolver necessidade antes do contato,0.82,pos:otimo | rating:5 | suporte_atendimento:atendimento | atendimento:atendimento,review-rule-engine-v1
1c1674ff-fed7-4a46-ba53-1e1a5c83fb7f,1,"péssimo atendimento, morosidade em solucionar problemas",2024-09-26 11:37:29,3.1.1,0,"Olá, tudo bem? Gostaríamos de conversar com você para ajudá-lo, poderia entrar em contato conosco pelo e-mail sucessoclientemeoo@localiza.com? Equipe Localiza Meoo 💚",GOOGLE_PLAY,pessimo atendimento morosidade em solucionar problemas,negativo,-3,0.8,dor,suporte_atendimento,suporte,atendimento,media,suporte,support_prevention,Resolver necessidade antes do contato,0.92,neg:pessimo | neg:problema | rating:1 | suporte_atendimento:atendimento | atendimento:atendimento,review-rule-engine-v1
f1c03ceb-b8ac-4547-b373-1f43e727f3a3,5,Parabéns,2024-09-25 13:05:43,3.1.1,0,"Olá, tudo bem? Ficamos muito felizes em saber que tem gostado da sua experiência conosco! Para o que precisar, conte com a gente! Equipe Localiza Meoo 💚",GOOGLE_PLAY,parabens,positivo,1,0.6,elogio,geral,uso_do_app,nenhuma,baixa,experiencia_app,none,nenhuma,0.6,rating:5,review-rule-engine-v1
b4d0d4c5-3490-4293-8db6-e380d792d56d,5,tooopp,2024-09-22 18:34:36,3.1.1,0,"Olá, tudo bem? Ficamos muito felizes em saber que tem gostado da sua experiência conosco! Para o que precisar, conte com a gente! Equipe Localiza Meoo 💚",GOOGLE_PLAY,tooopp,positivo,1,0.6,elogio,geral,uso_do_app,nenhuma,baixa,experiencia_app,none,nenhuma,0.6,rating:5,review-rule-engine-v1
cf39f1ec-1561-497d-bba0-04ca07e07924,5,atendimento rápido e prestativo,2024-09-20 10:59:04,3.1.1,1,"Olá, tudo bem? Ficamos muito felizes em saber que tem gostado da sua experiência conosco! Para o que precisar, conte com a gente! Equipe Localiza Meoo 💚",GOOGLE_PLAY,atendimento rapido e prestativo,positivo,2,0.7,elogio,suporte_atendimento,suporte,atendimento,baixa,suporte,support_prevention,Resolver necessidade antes do contato,0.82,pos:rapido | rating:5 | suporte_atendimento:atendimento | atendimento:atendimento,review-rule-engine-v1
cd7ad6ff-08c3-4418-aede-9f5481ffd9ae,5,Navegacao facil e intuitiva,2024-09-19 20:44:53,,0,"Olá, tudo bem? Ficamos muito felizes em saber que tem gostado da sua experiência conosco! Para o que precisar, conte com a gente! Equipe Localiza Meoo 💚",GOOGLE_PLAY,navegacao facil e intuitiva,positivo,3,0.8,elogio,geral,uso_do_app,nenhuma,baixa,experiencia_app,none,nenhuma,0.8,pos:facil | pos:intuitiva | rating:5,review-rule-engine-v1
23c15348-f2c7-4e1c-8789-0fe4326521b9,5,Muito fácil e intuitiva a utilização do app!!!,2024-09-18 15:59:46,3.1.1,2,"Olá, tudo bem? Ficamos muito felizes em saber que tem gostado da sua experiência conosco! Para o que precisar, conte com a gente! Equipe Localiza Meoo 💚",GOOGLE_PLAY,muito facil e intuitiva a utilizacao do app,positivo,4,0.9,elogio,geral,uso_do_app,nenhuma,baixa,experiencia_app,none,nenhuma,0.9,pos:facil | pos:util | pos:intuitiva | rating:5,review-rule-engine-v1
00a60f89-50f0-4e95-8ca9-a4e340c7f14c,2,"O app está com sérios problemas, não atualiza mais o km e o pior, não aparece mais a baixa dos boletos Isso é muito ruim",2024-09-17 22:41:02,3.1.1,0,"Olá, tudo bem? Gostaríamos de conversar com você para ajudá-lo, poderia entrar em contato conosco pelo e-mail sucessoclientemeoo@localiza.com? Equipe Localiza Meoo 💚",GOOGLE_PLAY,o app esta com serios problemas nao atualiza mais o km e o pior nao aparece mais a baixa dos boletos isso e muito ruim,negativo,-2,0.78,dor,pagamento_financeiro,financeiro,dados_desatualizados,media,financeiro,zero_surpresa,Revisar pagamentos e vencimentos,0.9,neg:problema | neg:nao atualiza | neg:ruim | forte_neg:nao atualiza | rating:2 | pagamento_financeiro:boleto | dados_desatualizados:nao aparece | dados_desatualizados:nao atualiza,review-rule-engine-v1
a7446456-1e84-4de1-9d91-c8bd5080d180,1,"Carro assinado é furada! Eles não resolvem nada, mas querem te cobrar nas datas que eles escolhem! Já levamos 2x o carro pra resolver um barulho no motor quando liga, e não resolveram! O atendimento foi ótimo, não podemos reclamar do pessoal da Pit Stop da Sertório. Mas nada foi resolvido! O carro segue com barulho, fizeram revisão adiantada, o carro tava com 10000 km e tiveram que fazer a revisão. E não adiantou. Fora que o pagamento é dia 07 ou dia 30, com poucos dias para escolher.",2024-09-12 22:11:09,3.1.1,2,"Olá, tudo bem? Gostaríamos de conversar com você para ajudá-lo, poderia entrar em contato conosco pelo e-mail sucessoclientemeoo@localiza.com? Equipe Localiza Meoo 💚",GOOGLE_PLAY,carro assinado e furada eles nao resolvem nada mas querem te cobrar nas datas que eles escolhem ja levamos 2x o carro pra resolver um barulho no motor quando liga e nao resolveram o atendimento foi otimo nao podemos reclamar do pessoal da pit stop da sertorio mas nada foi resolvido o carro segue com barulho fizeram revisao adiantada o carro tava com 10000 km e tiveram que fazer a revisao e nao adiantou fora que o pagamento e dia 07 ou dia 30 com poucos dias para escolher,neutro,0,0.5,neutro,manutencao_agendamento,manutencao,atendimento,media,manutencao,proactive_care,Agendar revisão,0.62,pos:otimo | rating:1 | manutencao_agendamento:revisao | atendimento:atendimento,review-rule-engine-v1
b81c06ea-a3a9-43e3-a656-b748ad18c940,3,0 aplicativo é bom mas o compromisso de vocês com o cliente fica a desejar.,2024-09-10 14:54:36,3.1.0,0,"Olá, tudo bem? Gostaríamos de conversar com você para ajudá-lo, poderia entrar em contato conosco pelo e-mail sucessoclientemeoo@localiza.com? Equipe Localiza Meoo 💚",GOOGLE_PLAY,0 aplicativo e bom mas o compromisso de voces com o cliente fica a desejar,neutro,1,0.6,neutro,geral,uso_do_app,nenhuma,baixa,experiencia_app,none,nenhuma,0.6,pos:bom | rating:3,review-rule-engine-v1
f080ed58-f9b5-4c75-b8a7-cde69b6a4cae,5,App funcionando plenamente.,2024-09-09 12:04:39,3.1.0,0,"Olá, tudo bem? Gostaríamos de conversar com você para ajudá-lo, poderia entrar em contato conosco pelo e-mail sucessoclientemeoo@localiza.com? Equipe Localiza Meoo 💚",GOOGLE_PLAY,app funcionando plenamente,positivo,1,0.6,elogio,geral,uso_do_app,nenhuma,baixa,experiencia_app,none,nenhuma,0.6,rating:5,review-rule-engine-v1
75bbf700-47a4-4bee-89e8-a67b684cf7a9,5,Boa,2024-09-05 16:15:40,2.15.4,0,"Olá, tudo bem? Ficamos muito felizes em saber que tem gostado da sua experiência conosco! Para o que precisar, conte com a gente! Equipe Localiza Meoo 💚",GOOGLE_PLAY,boa,positivo,2,0.7,elogio,geral,uso_do_app,nenhuma,baixa,experiencia_app,none,nenhuma,0.7,pos:boa | rating:5,review-rule-engine-v1
b476bb86-5cc7-4ad0-b5fc-3beac941ddee,5,Melhor em veículo por assinatura.,2024-09-01 15:24:24,3.0.2,0,"Olá, tudo bem? Ficamos muito felizes em saber que tem gostado da sua experiência conosco! Para o que precisar, conte com a gente! Equipe Localiza Meoo 💚",GOOGLE_PLAY,melhor em veiculo por assinatura,positivo,1,0.6,elogio,contrato_assinatura,contrato,nenhuma,baixa,contrato,zero_surpresa,Ver contrato e próximos eventos,0.68,rating:5 | contrato_assinatura:assinatura,review-rule-engine-v1
91ed49cc-40ed-4bd5-a901-29b7f326a2db,1,Péssimo. Sempre que preciso usar tenho que atualizar e ele não abre.,2024-08-22 15:18:55,3.0.2,1,"Olá, tudo bem? Gostaríamos de conversar com você para ajudá-lo, poderia entrar em contato conosco pelo e-mail sucessoclientemeoo@localiza.com? Equipe Localiza Meoo 💚",GOOGLE_PLAY,pessimo sempre que preciso usar tenho que atualizar e ele nao abre,negativo,-2,0.78,dor,performance_estabilidade,uso_do_app,erro_funcional,alta,app,app_reliability,Corrigir experiência do app,0.9,neg:pessimo | neg:nao abre | forte_neg:nao abre | rating:1 | performance_estabilidade:atualizar | erro_funcional:nao abre,review-rule-engine-v1
aac63fa8-9827-4c7c-b079-87768e3e3b10,3,Muitas falhas ..,2024-08-21 13:15:16,2.15.4,0,"Olá, tudo bem? Gostaríamos de conversar com você para ajudá-lo, poderia entrar em contato conosco pelo e-mail sucessoclientemeoo@localiza.com? Equipe Localiza Meoo 💚",GOOGLE_PLAY,muitas falhas,neutro,-1,0.6,neutro,geral,uso_do_app,nenhuma,baixa,experiencia_app,none,nenhuma,0.6,neg:falha | rating:3,review-rule-engine-v1
59b5b6a1-d749-4f51-b4c8-15e73c38fe9b,5,Fácil e intuitivo de usar.,2024-08-21 12:04:38,3.0.2,0,"Olá, tudo bem? Ficamos muito felizes em saber que tem gostado da sua experiência conosco! Para o que precisar, conte com a gente! Equipe Localiza Meoo 💚",GOOGLE_PLAY,facil e intuitivo de usar,positivo,3,0.8,elogio,geral,uso_do_app,usabilidade,baixa,experiencia_app,none,nenhuma,0.84,pos:facil | pos:intuitivo | rating:5 | usabilidade:intuitivo,review-rule-engine-v1
9c8cbc78-19c0-4d6f-9c5f-aee2c3733347,5,Melhor locadora do Brasil,2024-08-21 10:34:01,3.0.2,0,"Olá, tudo bem? Ficamos muito felizes em saber que tem gostado da sua experiência conosco! Para o que precisar, conte com a gente! Equipe Localiza Meoo 💚",GOOGLE_PLAY,melhor locadora do brasil,positivo,1,0.6,elogio,geral,uso_do_app,nenhuma,baixa,experiencia_app,none,nenhuma,0.6,rating:5,review-rule-engine-v1
ed9eeac2-090f-406d-ae76-cd25e1b61705,5,Porque a função do carro provisório desapareceu ?,2024-08-17 17:53:12,3.0.2,0,"Olá, tudo bem? Gostaríamos de conversar com você para ajudá-lo, poderia entrar em contato conosco pelo e-mail sucessoclientemeoo@localiza.com? Equipe Localiza Meoo 💚",GOOGLE_PLAY,porque a funcao do carro provisorio desapareceu,positivo,1,0.6,elogio,geral,uso_do_app,nenhuma,baixa,experiencia_app,none,nenhuma,0.6,rating:5,review-rule-engine-v1
4ef1dc6b-7c14-4b2a-9524-eef70dfe7ef3,5,Ótimo,2024-08-16 23:25:29,3.0.1,0,"Olá, tudo bem? Ficamos muito felizes em saber que tem gostado da sua experiência conosco! Para o que precisar, conte com a gente! Equipe Localiza Meoo 💚",GOOGLE_PLAY,otimo,positivo,2,0.7,elogio,geral,uso_do_app,nenhuma,baixa,experiencia_app,none,nenhuma,0.7,pos:otimo | rating:5,review-rule-engine-v1
d78335aa-c698-4e73-b72d-bcb74571aaf5,5,muitooo bommm...demais,2024-08-16 22:25:46,2.15.4,0,"Olá, tudo bem? Ficamos muito felizes em saber que tem gostado da sua experiência conosco! Para o que precisar, conte com a gente! Equipe Localiza Meoo 💚",GOOGLE_PLAY,muitooo bommm demais,positivo,2,0.7,elogio,geral,uso_do_app,nenhuma,baixa,experiencia_app,none,nenhuma,0.7,pos:bom | rating:5,review-rule-engine-v1
f05ee98b-becd-46db-9405-f27c6c17e16d,1,"Empresa safada essa....venderam uma assinatura de 2 anos...me garantindo que poderia retirar o veiculo no sabado LUCIANA PONTES a vendedora, e quando fui tentar agendar...é somente de segunda a sexta. Lixo de empresa",2024-08-16 18:59:30,3.0.2,0,"Olá, tudo bem? Gostaríamos de conversar com você para ajudá-lo, poderia entrar em contato conosco pelo e-mail sucessoclientemeoo@localiza.com? Equipe Localiza Meoo 💚",GOOGLE_PLAY,empresa safada essa venderam uma assinatura de 2 anos me garantindo que poderia retirar o veiculo no sabado luciana pontes a vendedora e quando fui tentar agendar e somente de segunda a sexta lixo de empresa,negativo,-1,0.6,sugestao,manutencao_agendamento,manutencao,friccao_na_jornada,media,manutencao,proactive_care,Agendar revisão,0.72,rating:1 | manutencao_agendamento:agendar | topic:manutencao_agendamento,review-rule-engine-v1
dbc6f47f-5eb2-48aa-b96f-5907871419d7,5,Seu sonho de dirigir um carro zero chegou.,2024-08-15 13:06:43,3.0.2,0,"Olá, tudo bem? Ficamos muito felizes em saber que tem gostado da sua experiência conosco! Para o que precisar, conte com a gente! Equipe Localiza Meoo 💚",GOOGLE_PLAY,seu sonho de dirigir um carro zero chegou,positivo,1,0.6,elogio,geral,uso_do_app,nenhuma,baixa,experiencia_app,none,nenhuma,0.6,rating:5,review-rule-engine-v1
6a365f08-43ac-445b-9c16-a8a06317641e,1,"Péssima qualidade de verificação de pagamento, pago sempre adiantado e sou cobrada .",2024-08-15 08:22:34,3.0.0,1,"Olá, tudo bem? Gostaríamos de conversar com você para ajudá-lo, poderia entrar em contato conosco pelo e-mail sucessoclientemeoo@localiza.com? Equipe Localiza Meoo 💚",GOOGLE_PLAY,pessima qualidade de verificacao de pagamento pago sempre adiantado e sou cobrada,negativo,-1,0.6,dor,pagamento_financeiro,financeiro,friccao_na_jornada,media,financeiro,zero_surpresa,Revisar pagamentos e vencimentos,0.72,rating:1 | pagamento_financeiro:pagamento | topic:pagamento_financeiro,review-rule-engine-v1
600d9f6a-1055-405d-b07a-efce260b8561,5,excelente,2024-08-10 10:07:37,2.15.4,0,"Olá, tudo bem? Ficamos muito felizes em saber que tem gostado da sua experiência conosco! Para o que precisar, conte com a gente! Equipe Localiza Meoo 💚",GOOGLE_PLAY,excelente,positivo,2,0.7,elogio,geral,uso_do_app,nenhuma,baixa,experiencia_app,none,nenhuma,0.7,pos:excelente | rating:5,review-rule-engine-v1
b115e890-15fb-4931-8908-bc9d8ebc7030,5,Excelente aplicativo.,2024-08-07 17:59:51,2.15.4,0,"Olá, tudo bem? Ficamos muito felizes em saber que tem gostado da sua experiência conosco! Para o que precisar, conte com a gente! Equipe Localiza Meoo 💚",GOOGLE_PLAY,excelente aplicativo,positivo,2,0.7,elogio,geral,uso_do_app,nenhuma,baixa,experiencia_app,none,nenhuma,0.7,pos:excelente | rating:5,review-rule-engine-v1
de9eb8c6-265b-466f-94a6-9840ccec3a06,3,"Vazamento de dados pessoais, golpistas estão dando golpes dizendo que a pessoa ganhou..pedem PIX pra recer o prêmio",2024-08-06 16:39:55,,0,"Olá, tudo bem? Gostaríamos de conversar com você para ajudá-lo, poderia entrar em contato conosco pelo e-mail sucessoclientemeoo@localiza.com? Equipe Localiza Meoo 💚",GOOGLE_PLAY,vazamento de dados pessoais golpistas estao dando golpes dizendo que a pessoa ganhou pedem pix pra recer o premio,negativo,-2,0.78,dor,seguranca_privacidade,confianca,seguranca_privacidade,alta,seguranca,security_trust,Reforçar segurança e confiança,0.9,neg:golpe | neg:vazamento | forte_neg:vazamento de dados | rating:3 | seguranca_privacidade:dados pessoais | seguranca_privacidade:vazamento | seguranca_privacidade:golpe,review-rule-engine-v1
c099d857-f077-409d-800f-07773ec61a08,5,Top,2024-08-01 09:44:36,2.15.4,0,"Olá, tudo bem? Ficamos muito felizes em saber que tem gostado da sua experiência conosco! Para o que precisar, conte com a gente! Equipe Localiza Meoo 💚",GOOGLE_PLAY,top,positivo,1,0.6,elogio,geral,uso_do_app,nenhuma,baixa,experiencia_app,none,nenhuma,0.6,rating:5,review-rule-engine-v1
378890d2-3fa8-4e12-9940-91ba7ed632cf,5,Funcional e simples. Muito bom.,2024-07-26 11:54:43,2.15.4,0,"Olá, tudo bem? Ficamos muito felizes em saber que tem gostado da sua experiência conosco! Para o que precisar, conte com a gente! Equipe Localiza Meoo 💚",GOOGLE_PLAY,funcional e simples muito bom,positivo,2,0.7,elogio,geral,uso_do_app,nenhuma,baixa,experiencia_app,none,nenhuma,0.7,pos:bom | rating:5,review-rule-engine-v1
5aaa8511-8fbb-41c9-8dde-23dce8fb64b5,5,Navegação fácil e intuitiva.,2024-07-24 10:46:21,2.15.4,0,"Olá, tudo bem? Ficamos muito felizes em saber que tem gostado da sua experiência conosco! Para o que precisar, conte com a gente! Equipe Localiza Meoo 💚",GOOGLE_PLAY,navegacao facil e intuitiva,positivo,3,0.8,elogio,geral,uso_do_app,nenhuma,baixa,experiencia_app,none,nenhuma,0.8,pos:facil | pos:intuitiva | rating:5,review-rule-engine-v1
1f29ac80-1ecf-48d1-9ca0-9d17f7eb7e0d,5,obrigadavc é show,2024-07-24 08:54:48,2.15.4,0,"Olá, tudo bem? Ficamos muito felizes em saber que tem gostado da sua experiência conosco! Para o que precisar, conte com a gente! Equipe Localiza Meoo 💚",GOOGLE_PLAY,obrigadavc e show,positivo,1,0.6,elogio,geral,uso_do_app,nenhuma,baixa,experiencia_app,none,nenhuma,0.6,rating:5,review-rule-engine-v1
f2e51e4f-8234-4888-b0c7-fbf0d3b72762,5,"Satisfação antes, durante e pós contratação!",2024-07-23 18:46:11,2.15.4,0,"Olá, tudo bem? Ficamos muito felizes em saber que tem gostado da sua experiência conosco! Para o que precisar, conte com a gente! Equipe Localiza Meoo 💚",GOOGLE_PLAY,satisfacao antes durante e pos contratacao,positivo,1,0.6,elogio,geral,uso_do_app,nenhuma,baixa,experiencia_app,none,nenhuma,0.6,rating:5,review-rule-engine-v1
b81be18c-3267-4b99-960b-6475bfc51938,5,estou gostando muito bom,2024-07-23 17:53:40,2.15.4,0,"Olá, tudo bem? Ficamos muito felizes em saber que tem gostado da sua experiência conosco! Para o que precisar, conte com a gente! Equipe Localiza Meoo 💚",GOOGLE_PLAY,estou gostando muito bom,positivo,2,0.7,elogio,geral,uso_do_app,nenhuma,baixa,experiencia_app,none,nenhuma,0.7,pos:bom | rating:5,review-rule-engine-v1
e4ca66ba-110c-468e-91c6-01bae2e125fa,5,Top,2024-07-22 12:54:57,2.15.4,0,"Olá, tudo bem? Ficamos muito felizes em saber que tem gostado da sua experiência conosco! Para o que precisar, conte com a gente! Equipe Localiza Meoo 💚",GOOGLE_PLAY,top,positivo,1,0.6,elogio,geral,uso_do_app,nenhuma,baixa,experiencia_app,none,nenhuma,0.6,rating:5,review-rule-engine-v1
2d131acf-c948-4938-b3cd-70dbe4fca733,1,Aplicativo horrível e cheio de erros de interface. Por exemplo o pop-up para escolher cidade na hora de agendar revisão não funciona,2024-07-22 07:01:26,2.15.4,5,"Olá, tudo bem? Gostaríamos de conversar com você para ajudá-lo, poderia entrar em contato conosco pelo e-mail sucessoclientemeoo@localiza.com? Equipe Localiza Meoo 💚",GOOGLE_PLAY,aplicativo horrivel e cheio de erros de interface por exemplo o pop up para escolher cidade na hora de agendar revisao nao funciona,negativo,-2,0.78,dor,manutencao_agendamento,manutencao,erro_funcional,alta,manutencao,proactive_care,Agendar revisão,0.9,neg:erro | neg:horrivel | neg:nao funciona | forte_neg:nao funciona | rating:1 | manutencao_agendamento:agendar | manutencao_agendamento:revisao | erro_funcional:nao funciona,review-rule-engine-v1
8c7e8204-cd43-4095-a323-74f4438ffe46,5,Bom,2024-07-21 09:39:03,2.15.4,0,"Olá, tudo bem? Ficamos muito felizes em saber que tem gostado da sua experiência conosco! Para o que precisar, conte com a gente! Equipe Localiza Meoo 💚",GOOGLE_PLAY,bom,positivo,2,0.7,elogio,geral,uso_do_app,nenhuma,baixa,experiencia_app,none,nenhuma,0.7,pos:bom | rating:5,review-rule-engine-v1
009ed056-0908-466e-9532-8c89f8de4ce8,2,não consegui agendar serviço,2024-07-18 17:35:57,2.15.4,0,"Olá, tudo bem? Gostaríamos de conversar com você para ajudá-lo, poderia entrar em contato conosco pelo e-mail sucessoclientemeoo@localiza.com? Equipe Localiza Meoo 💚",GOOGLE_PLAY,nao consegui agendar servico,negativo,-1,0.6,dor,manutencao_agendamento,manutencao,friccao_na_jornada,media,manutencao,proactive_care,Agendar revisão,0.72,rating:2 | manutencao_agendamento:agendar | manutencao_agendamento:servico | topic:manutencao_agendamento,review-rule-engine-v1
1592cd7c-bdc5-4dd4-84e8-005701cc761e,5,ótimo app,2024-07-16 15:07:23,2.15.4,0,"Olá, tudo bem? Ficamos muito felizes em saber que tem gostado da sua experiência conosco! Caso tenha alguma sugestão, fique a vontade para entrar em contato com a gente. Equipe Localiza Meoo 💚",GOOGLE_PLAY,otimo app,positivo,2,0.7,elogio,geral,uso_do_app,nenhuma,baixa,experiencia_app,none,nenhuma,0.7,pos:otimo | rating:5,review-rule-engine-v1
39764015-dbd7-44d7-b9ec-b12ac56df3da,5,Gostei muito fácil de usar.,2024-07-15 15:12:18,2.15.4,0,"Olá, tudo bem? Ficamos muito felizes em saber que tem gostado da sua experiência conosco! Caso tenha alguma sugestão, fique a vontade para entrar em contato com a gente. Equipe Localiza Meoo 💚",GOOGLE_PLAY,gostei muito facil de usar,positivo,2,0.7,elogio,geral,uso_do_app,usabilidade,baixa,experiencia_app,none,nenhuma,0.74,pos:facil | rating:5 | usabilidade:facil de,review-rule-engine-v1
963b38c7-f14b-42ac-85db-2539049dcf3b,5,Excelente aplicativo,2024-07-08 23:58:40,2.15.3,0,"Olá, tudo bem? Ficamos muito felizes em saber que tem gostado da sua experiência conosco! Caso tenha alguma sugestão, fique a vontade para entrar em contato com a gente. Equipe Localiza Meoo 💚",GOOGLE_PLAY,excelente aplicativo,positivo,2,0.7,elogio,geral,uso_do_app,nenhuma,baixa,experiencia_app,none,nenhuma,0.7,pos:excelente | rating:5,review-rule-engine-v1
08e172a0-5855-4733-947c-2195f917eb92,5,Prático!,2024-07-08 08:54:35,2.13.0,0,"Olá, tudo bem? Ficamos muito felizes em saber que tem gostado da sua experiência conosco! Caso tenha alguma sugestão, fique a vontade para entrar em contato com a gente. Equipe Localiza Meoo 💚",GOOGLE_PLAY,pratico,positivo,2,0.7,elogio,geral,uso_do_app,nenhuma,baixa,experiencia_app,none,nenhuma,0.7,pos:pratico | rating:5,review-rule-engine-v1
6aea984f-5896-4df1-a438-080b8ecbaaf9,2,Depois de atualizar o aplicativo não abre maís já desinstalei e instalei de novo e não abri,2024-07-06 20:57:55,2.15.3,0,"Olá, tudo bem? Ficamos muito felizes em saber que tem gostado da sua experiência conosco! Caso tenha alguma sugestão, fique a vontade para entrar em contato com a gente. Equipe Localiza Meoo 💚",GOOGLE_PLAY,depois de atualizar o aplicativo nao abre mais ja desinstalei e instalei de novo e nao abri,negativo,-2,0.78,dor,performance_estabilidade,uso_do_app,erro_funcional,alta,app,app_reliability,Corrigir experiência do app,0.9,neg:nao abre | forte_neg:nao abre | rating:2 | performance_estabilidade:atualizar | erro_funcional:nao abre,review-rule-engine-v1
944e094b-b054-44fa-a101-e3e7489ee17a,4,Preciso de algumas melhorias mas excelente ferramenta.,2024-07-06 10:03:04,2.15.3,0,"Olá, tudo bem? Gostaríamos de conversar com você para ajudá-lo, poderia entrar em contato conosco pelo e-mail sucessoclientemeoo@localiza.com? Equipe Localiza Meoo 💚",GOOGLE_PLAY,preciso de algumas melhorias mas excelente ferramenta,positivo,2,0.7,elogio,geral,uso_do_app,nenhuma,baixa,experiencia_app,none,nenhuma,0.7,pos:excelente | rating:4,review-rule-engine-v1
90a17d68-4898-4d72-a6b9-85e6103266c5,5,ótimos atendimentos.,2024-07-04 17:02:03,2.14.0,0,"Olá, tudo bem? Ficamos muito felizes em saber que tem gostado da sua experiência conosco! Caso tenha alguma sugestão, fique a vontade para entrar em contato com a gente. Equipe Localiza Meoo 💚",GOOGLE_PLAY,otimos atendimentos,positivo,2,0.7,elogio,suporte_atendimento,suporte,atendimento,baixa,suporte,support_prevention,Resolver necessidade antes do contato,0.82,pos:otimo | rating:5 | suporte_atendimento:atendimento | atendimento:atendimento,review-rule-engine-v1
6fb00f07-ab6c-4e36-82d8-52ecbd09e575,3,Bom app,2024-07-03 17:07:04,2.14.0,0,"Olá, tudo bem? Ficamos muito felizes em saber que tem gostado da sua experiência conosco! Caso tenha alguma sugestão, fique a vontade para entrar em contato com a gente. Equipe Localiza Meoo 💚",GOOGLE_PLAY,bom app,neutro,1,0.6,neutro,geral,uso_do_app,nenhuma,baixa,experiencia_app,none,nenhuma,0.6,pos:bom | rating:3,review-rule-engine-v1
07dec891-af5a-42e5-8270-c1b19ce89a5d,5,muito bacana,2024-07-03 14:54:57,2.14.0,0,"Olá, tudo bem? Ficamos muito felizes em saber que tem gostado da sua experiência conosco! Caso tenha alguma sugestão, fique a vontade para entrar em contato com a gente. Equipe Localiza Meoo 💚",GOOGLE_PLAY,muito bacana,positivo,1,0.6,elogio,geral,uso_do_app,nenhuma,baixa,experiencia_app,none,nenhuma,0.6,rating:5,review-rule-engine-v1
e777a32c-a60b-4420-9ae9-c2b199956854,5,confiança,2024-07-03 09:52:12,2.15.0,0,"Olá, tudo bem? Ficamos muito felizes em saber que tem gostado da sua experiência conosco! Caso tenha alguma sugestão, fique a vontade para entrar em contato com a gente. Equipe Localiza Meoo 💚",GOOGLE_PLAY,confianca,positivo,1,0.6,elogio,geral,uso_do_app,nenhuma,baixa,experiencia_app,none,nenhuma,0.6,rating:5,review-rule-engine-v1
cb310bff-b7cc-42f2-a4e7-b5d1e19e3d9c,5,"Estou há 7 meses utilizando os serviços da Localiza Meoo e o APP é muito prático, rápido , sem propagandas, confiável. Estou muito feliz e satisfeita com a Localiza Meoo.",2024-06-30 17:02:02,,0,"Olá, tudo bem? Ficamos muito felizes em saber que tem gostado da sua experiência conosco! Caso tenha alguma sugestão, fique a vontade para entrar em contato com a gente. Equipe Localiza Meoo 💚",GOOGLE_PLAY,estou ha 7 meses utilizando os servicos da localiza meoo e o app e muito pratico rapido sem propagandas confiavel estou muito feliz e satisfeita com a localiza meoo,positivo,6,0.9,elogio,manutencao_agendamento,manutencao,nenhuma,baixa,manutencao,proactive_care,Agendar revisão,0.98,pos:confiavel | pos:pratico | pos:rapido | pos:satisfeita | pos:util | rating:5 | manutencao_agendamento:servico,review-rule-engine-v1
4b4f32e2-5e83-4d11-8053-dc0eb2944474,5,Perfeito,2024-06-29 19:21:11,2.13.0,0,"Olá, tudo bem? Ficamos muito felizes em saber que tem gostado da sua experiência conosco! Caso tenha alguma sugestão, fique a vontade para entrar em contato com a gente. Equipe Localiza Meoo 💚",GOOGLE_PLAY,perfeito,positivo,2,0.7,elogio,geral,uso_do_app,nenhuma,baixa,experiencia_app,none,nenhuma,0.7,pos:perfeito | rating:5,review-rule-engine-v1
444b5979-cf07-4c4d-90b6-2275de7e0dde,5,ótimo epp,2024-06-28 06:27:54,2.13.0,0,"Olá, tudo bem? Ficamos muito felizes em saber que tem gostado da sua experiência conosco! Caso tenha alguma sugestão, fique a vontade para entrar em contato com a gente. Equipe Localiza Meoo 💚",GOOGLE_PLAY,otimo epp,positivo,2,0.7,elogio,geral,uso_do_app,nenhuma,baixa,experiencia_app,none,nenhuma,0.7,pos:otimo | rating:5,review-rule-engine-v1
cba37b99-98ea-418e-890a-0f68b4a6649d,5,Muito bom vejo tudo por aqui com facilidade.,2024-06-27 19:18:13,2.13.0,0,"Olá, tudo bem? Ficamos muito felizes em saber que tem gostado da sua experiência conosco! Caso tenha alguma sugestão, fique a vontade para entrar em contato com a gente. Equipe Localiza Meoo 💚",GOOGLE_PLAY,muito bom vejo tudo por aqui com facilidade,positivo,3,0.8,elogio,geral,uso_do_app,nenhuma,baixa,experiencia_app,none,nenhuma,0.8,pos:facil | pos:bom | rating:5,review-rule-engine-v1
288033a8-1242-4219-98f8-6005a681bb6c,5,Atende minhas necessidades,2024-06-26 09:06:10,2.13.0,0,"Olá, tudo bem? Ficamos muito felizes em saber que tem gostado da sua experiência conosco! Caso tenha alguma sugestão, fique a vontade para entrar em contato com a gente. Equipe Localiza Meoo 💚",GOOGLE_PLAY,atende minhas necessidades,positivo,1,0.6,elogio,geral,uso_do_app,nenhuma,baixa,experiencia_app,none,nenhuma,0.6,rating:5,review-rule-engine-v1
a2bf756d-6f89-4dd8-bdd1-8ae38ab9bf43,5,muito bom muito prático!!!,2024-06-24 12:12:57,2.12.2,0,"Olá, tudo bem? Ficamos muito felizes em saber que tem gostado da sua experiência conosco! Caso tenha alguma sugestão, fique a vontade para entrar em contato com a gente. Equipe Localiza Meoo 💚",GOOGLE_PLAY,muito bom muito pratico,positivo,3,0.8,elogio,geral,uso_do_app,nenhuma,baixa,experiencia_app,none,nenhuma,0.8,pos:pratico | pos:bom | rating:5,review-rule-engine-v1
171b7fa2-d12a-484f-a150-43feee219e36,5,Seguro.,2024-06-24 11:33:00,2.12.2,0,"Olá, tudo bem? Ficamos muito felizes em saber que tem gostado da sua experiência conosco! Caso tenha alguma sugestão, fique a vontade para entrar em contato com a gente. Equipe Localiza Meoo 💚",GOOGLE_PLAY,seguro,positivo,1,0.6,elogio,geral,uso_do_app,nenhuma,baixa,experiencia_app,none,nenhuma,0.6,rating:5,review-rule-engine-v1
0017ab12-071e-4cab-b974-4b7a63919c5f,5,Excelente,2024-06-23 15:08:02,2.12.2,0,"Olá, tudo bem? Ficamos muito felizes em saber que tem gostado da sua experiência conosco! Caso tenha alguma sugestão, fique a vontade para entrar em contato com a gente. Equipe Localiza Meoo 💚",GOOGLE_PLAY,excelente,positivo,2,0.7,elogio,geral,uso_do_app,nenhuma,baixa,experiencia_app,none,nenhuma,0.7,pos:excelente | rating:5,review-rule-engine-v1
4ba03f56-3632-472c-bdc8-9f4fff4ff1f1,1,Péssimo,2024-06-23 04:16:23,,0,"Olá, tudo bem? Gostaríamos de conversar com você para ajudá-lo, poderia entrar em contato conosco pelo e-mail sucessoclientemeoo@localiza.com? Equipe Localiza Meoo 💚",GOOGLE_PLAY,pessimo,negativo,-2,0.7,dor,funcionalidade_usabilidade,uso_do_app,friccao_na_jornada,media,experiencia_app,none,nenhuma,0.82,neg:pessimo | rating:1 | fallback:sentimento_negativo | topic:funcionalidade_usabilidade,review-rule-engine-v1
35e21b4a-13c9-409a-915e-aa63b47f43c0,5,Aplicativo maravilhoso nos deixa atualizado de tudo,2024-06-20 16:08:09,2.12.2,0,"Olá, tudo bem? Ficamos muito felizes em saber que tem gostado da sua experiência conosco! Caso tenha alguma sugestão, fique a vontade para entrar em contato com a gente. Equipe Localiza Meoo 💚",GOOGLE_PLAY,aplicativo maravilhoso nos deixa atualizado de tudo,positivo,2,0.7,elogio,geral,uso_do_app,nenhuma,baixa,experiencia_app,none,nenhuma,0.7,pos:maravilhoso | rating:5,review-rule-engine-v1
a862dc08-4f72-4378-ba6a-e7aa4228fc84,1,Tive que reinstalar o aplicativo e o carro não aparece mais.,2024-06-18 20:45:50,2.12.2,0,"Olá, tudo bem? Gostaríamos de conversar com você para ajudá-lo, poderia entrar em contato conosco pelo e-mail sucessoclientemeoo@localiza.com? Equipe Localiza Meoo 💚",GOOGLE_PLAY,tive que reinstalar o aplicativo e o carro nao aparece mais,negativo,-1,0.6,dor,funcionalidade_usabilidade,uso_do_app,dados_desatualizados,media,experiencia_app,none,nenhuma,0.72,rating:1 | fallback:sentimento_negativo | dados_desatualizados:nao aparece,review-rule-engine-v1
ed27bf4f-e75f-47e9-8f6b-8d0706f3d197,5,Boa,2024-06-12 17:18:54,2.10.1,0,"Olá, tudo bem? Ficamos muito felizes em saber que tem gostado da sua experiência conosco! Caso tenha alguma sugestão, fique a vontade para entrar em contato com a gente. Equipe Localiza Meoo 💚",GOOGLE_PLAY,boa,positivo,2,0.7,elogio,geral,uso_do_app,nenhuma,baixa,experiencia_app,none,nenhuma,0.7,pos:boa | rating:5,review-rule-engine-v1
d6ca535d-9636-41a5-8827-b41d2f0a3080,4,Muito prático e intuitivo!,2024-06-05 14:12:44,2.10.1,0,"Olá, tudo bem? Ficamos muito felizes em saber que tem gostado da sua experiência conosco! Caso tenha alguma sugestão, fique a vontade para entrar em contato com a gente. Equipe Localiza Meoo 💚",GOOGLE_PLAY,muito pratico e intuitivo,positivo,3,0.8,elogio,geral,uso_do_app,usabilidade,baixa,experiencia_app,none,nenhuma,0.84,pos:pratico | pos:intuitivo | rating:4 | usabilidade:intuitivo,review-rule-engine-v1
6170e16d-dc39-4659-9005-e74fe5082827,5,Nota 10 melhor experiência que tive show de bola,2024-05-28 22:27:47,2.10.1,0,"Olá, tudo bem? Ficamos muito felizes em saber que tem gostado da sua experiência conosco! Caso tenha alguma sugestão, fique a vontade para entrar em contato com a gente. Equipe Localiza Meoo 💚",GOOGLE_PLAY,nota 10 melhor experiencia que tive show de bola,positivo,1,0.6,elogio,geral,uso_do_app,nenhuma,baixa,experiencia_app,none,nenhuma,0.6,rating:5,review-rule-engine-v1
d3bf4394-d69b-4952-8b26-0e82fbd736d5,5,sensacional!!,2024-05-26 15:37:33,2.10.1,0,"Olá, tudo bem? Ficamos muito felizes em saber que tem gostado da sua experiência conosco! Caso tenha alguma sugestão, fique a vontade para entrar em contato com a gente. Equipe Localiza Meoo 💚",GOOGLE_PLAY,sensacional,positivo,2,0.7,elogio,geral,uso_do_app,nenhuma,baixa,experiencia_app,none,nenhuma,0.7,pos:sensacional | rating:5,review-rule-engine-v1
9c4fbbf6-6827-45d1-b4b3-2375a21110b8,5,TOP,2024-05-23 19:23:14,2.10.1,0,"Olá, tudo bem? Ficamos muito felizes em saber que tem gostado da sua experiência conosco! Caso tenha alguma sugestão, fique a vontade para entrar em contato com a gente. Equipe Localiza Meoo 💚",GOOGLE_PLAY,top,positivo,1,0.6,elogio,geral,uso_do_app,nenhuma,baixa,experiencia_app,none,nenhuma,0.6,rating:5,review-rule-engine-v1
5e7ff450-d70f-4aa2-bea8-c7e8bb39d092,4,Prático e fácil de entender. Parabéns,2024-05-23 18:46:27,2.10.1,0,"Olá, tudo bem? Ficamos muito felizes em saber que tem gostado da sua experiência conosco! Caso tenha alguma sugestão, fique a vontade para entrar em contato com a gente. Equipe Localiza Meoo 💚",GOOGLE_PLAY,pratico e facil de entender parabens,positivo,3,0.8,elogio,geral,uso_do_app,usabilidade,baixa,experiencia_app,none,nenhuma,0.84,pos:facil | pos:pratico | rating:4 | usabilidade:facil de,review-rule-engine-v1
79249f53-5c4b-4f24-8311-5699f76ebc96,2,App n está abrindo.,2024-05-22 18:38:44,2.10.1,0,"Olá, tudo bem? Gostaríamos de conversar com você para ajudá-lo, poderia entrar em contato conosco pelo e-mail sucessoclientemeoo@localiza.com? Equipe Localiza Meoo 💚",GOOGLE_PLAY,app n esta abrindo,negativo,-1,0.6,dor,funcionalidade_usabilidade,uso_do_app,friccao_na_jornada,media,experiencia_app,none,nenhuma,0.72,rating:2 | fallback:sentimento_negativo | topic:funcionalidade_usabilidade,review-rule-engine-v1
84e51c8c-2e00-49f5-a7ac-e2de33ff4aea,5,recebi o carro de acordo com o contrato antes do prazo previsto de entrega sem muita burocracia.,2024-05-21 20:26:46,2.10.1,2,"Olá, tudo bem? Ficamos muito felizes em saber que tem gostado da sua experiência conosco! Caso tenha alguma sugestão, fique a vontade para entrar em contato com a gente. Equipe Localiza Meoo 💚",GOOGLE_PLAY,recebi o carro de acordo com o contrato antes do prazo previsto de entrega sem muita burocracia,positivo,1,0.6,elogio,contrato_assinatura,contrato,nenhuma,baixa,contrato,zero_surpresa,Ver contrato e próximos eventos,0.68,rating:5 | contrato_assinatura:contrato,review-rule-engine-v1
c0f05022-927c-4ee7-997c-969ea12d1870,4,"O aplicativo está com alguma dificuldade técnica, pois desde de ontem que não consigo abrir e nem acessar o mesmo.",2024-05-21 14:40:23,2.10.1,0,"Olá, tudo bem? Gostaríamos de conversar com você para ajudá-lo, poderia entrar em contato conosco pelo e-mail sucessoclientemeoo@localiza.com? Equipe Localiza Meoo 💚",GOOGLE_PLAY,o aplicativo esta com alguma dificuldade tecnica pois desde de ontem que nao consigo abrir e nem acessar o mesmo,negativo,-3,0.88,dor,funcionalidade_usabilidade,uso_do_app,erro_funcional,alta,experiencia_app,none,nenhuma,0.98,neg:nao consigo | forte_neg:nao consigo | rating:4 | fallback:sentimento_negativo | erro_funcional:nao consigo,review-rule-engine-v1
b4835a02-c349-4a31-9afb-aa8e9952aff5,5,Excelente,2024-05-20 21:52:05,2.10.1,0,"Olá, tudo bem? Ficamos muito felizes em saber que tem gostado da sua experiência conosco! Caso tenha alguma sugestão, fique a vontade para entrar em contato com a gente. Equipe Localiza Meoo 💚",GOOGLE_PLAY,excelente,positivo,2,0.7,elogio,geral,uso_do_app,nenhuma,baixa,experiencia_app,none,nenhuma,0.7,pos:excelente | rating:5,review-rule-engine-v1
c84bd07a-afd1-4a18-a443-cbb6dd798b05,5,A melhor experiência de carro por assinatura do Brasil. Localiza Meoo 💚💚💚 foi a melhor escolha. Atendimento e respeito ao cliente.,2024-05-18 12:19:03,,0,"Olá, tudo bem? Ficamos muito felizes em saber que tem gostado da sua experiência conosco! Caso tenha alguma sugestão, fique a vontade para entrar em contato com a gente. Equipe Localiza Meoo 💚",GOOGLE_PLAY,a melhor experiencia de carro por assinatura do brasil localiza meoo foi a melhor escolha atendimento e respeito ao cliente,positivo,1,0.6,elogio,contrato_assinatura,contrato,atendimento,baixa,contrato,zero_surpresa,Ver contrato e próximos eventos,0.72,rating:5 | contrato_assinatura:assinatura | atendimento:atendimento,review-rule-engine-v1
9bf0818b-470b-4c58-82c6-6ca3d9a61a36,5,Ótima,2024-05-17 18:23:36,2.9.0,0,"Olá, tudo bem? Ficamos muito felizes em saber que tem gostado da sua experiência conosco! Caso tenha alguma sugestão, fique a vontade para entrar em contato com a gente. Equipe Localiza Meoo 💚",GOOGLE_PLAY,otima,positivo,2,0.7,elogio,geral,uso_do_app,nenhuma,baixa,experiencia_app,none,nenhuma,0.7,pos:otima | rating:5,review-rule-engine-v1
9b1a9aa7-035f-42cd-bb48-e635afbb6247,5,Excelente atendimento,2024-05-14 20:24:55,2.9.0,0,"Olá, tudo bem? Ficamos muito felizes em saber que tem gostado da sua experiência conosco! Caso tenha alguma sugestão, fique a vontade para entrar em contato com a gente. Equipe Localiza Meoo 💚",GOOGLE_PLAY,excelente atendimento,positivo,2,0.7,elogio,suporte_atendimento,suporte,atendimento,baixa,suporte,support_prevention,Resolver necessidade antes do contato,0.82,pos:excelente | rating:5 | suporte_atendimento:atendimento | atendimento:atendimento,review-rule-engine-v1
01f75cf6-9e3e-489b-b90a-2d15427ae39c,2,"O APP funciona bem, mas o serviço pós(manutenção, assistência) é PÉSSIMO! Falta de compromisso, ineficiência e não resolvem o problema! Não indico a assinatura! Infelizmente terei que cumprir o contrato",2024-05-14 12:03:09,2.9.0,0,"Olá, tudo bem? Gostaríamos de conversar com você para ajudá-lo, poderia entrar em contato conosco pelo e-mail sucessoclientemeoo@localiza.com? Equipe Localiza Meoo 💚",GOOGLE_PLAY,o app funciona bem mas o servico pos manutencao assistencia e pessimo falta de compromisso ineficiencia e nao resolvem o problema nao indico a assinatura infelizmente terei que cumprir o contrato,negativo,-2,0.7,sugestao,manutencao_agendamento,manutencao,funcionalidade_ausente,media,manutencao,proactive_care,Agendar revisão,0.82,neg:pessimo | neg:problema | pos:eficiencia | rating:2 | manutencao_agendamento:manutencao | manutencao_agendamento:servico | funcionalidade_ausente:falta,review-rule-engine-v1
f340bd62-3a69-4979-8d58-8572755e2a69,5,Vcs sao os melhores super recomendo,2024-05-14 11:23:57,2.9.0,0,"Olá, tudo bem? Ficamos muito felizes em saber que tem gostado da sua experiência conosco! Caso tenha alguma sugestão, fique a vontade para entrar em contato com a gente. Equipe Localiza Meoo 💚",GOOGLE_PLAY,vcs sao os melhores super recomendo,positivo,2,0.7,elogio,geral,uso_do_app,nenhuma,baixa,experiencia_app,none,nenhuma,0.7,pos:recomendo | rating:5,review-rule-engine-v1
9dfbbf01-252c-4007-9944-008da3328453,5,Eficiência e qualidade,2024-05-13 10:18:59,,0,"Olá, tudo bem? Ficamos muito felizes em saber que tem gostado da sua experiência conosco! Caso tenha alguma sugestão, fique a vontade para entrar em contato com a gente. Equipe Localiza Meoo 💚",GOOGLE_PLAY,eficiencia e qualidade,positivo,2,0.7,elogio,geral,uso_do_app,nenhuma,baixa,experiencia_app,none,nenhuma,0.7,pos:eficiencia | rating:5,review-rule-engine-v1
d641dc28-c2f0-4adf-97b5-ef310ef5b832,5,tudo com excelente...,2024-05-08 14:02:47,2.8.2,0,"Olá, tudo bem? Ficamos muito felizes em saber que tem gostado da sua experiência conosco! Caso tenha alguma sugestão, fique a vontade para entrar em contato com a gente. Equipe Localiza Meoo 💚",GOOGLE_PLAY,tudo com excelente,positivo,2,0.7,elogio,geral,uso_do_app,nenhuma,baixa,experiencia_app,none,nenhuma,0.7,pos:excelente | rating:5,review-rule-engine-v1
6816950c-b254-45d9-9262-1cd447505360,5,Aplicativo muito bom rápido e eficiente,2024-05-07 21:40:27,2.8.2,0,"Olá, tudo bem? Ficamos muito felizes em saber que tem gostado da sua experiência conosco! Caso tenha alguma sugestão, fique a vontade para entrar em contato com a gente. Equipe Localiza Meoo 💚",GOOGLE_PLAY,aplicativo muito bom rapido e eficiente,positivo,3,0.8,elogio,geral,uso_do_app,nenhuma,baixa,experiencia_app,none,nenhuma,0.8,pos:rapido | pos:bom | rating:5,review-rule-engine-v1
ed428bf7-a64b-4838-a841-73e3973c681b,5,"Aplicativo com funções bem simples e objetivas, fácil de compreender.",2024-05-06 12:40:52,2.8.2,8,"Olá, tudo bem? Ficamos muito felizes em saber que tem gostado da sua experiência conosco! Caso tenha alguma sugestão, fique a vontade para entrar em contato com a gente. Equipe Localiza Meoo 💚",GOOGLE_PLAY,aplicativo com funcoes bem simples e objetivas facil de compreender,positivo,2,0.7,elogio,geral,uso_do_app,usabilidade,baixa,experiencia_app,none,nenhuma,0.74,pos:facil | rating:5 | usabilidade:facil de,review-rule-engine-v1
22b7af2d-5b65-488c-bf36-08572accb81b,5,Atende o que preciso na gestão da assinatura,2024-05-06 08:35:31,2.8.2,0,"Olá, tudo bem? Ficamos muito felizes em saber que tem gostado da sua experiência conosco! Caso tenha alguma sugestão, fique a vontade para entrar em contato com a gente. Equipe Localiza Meoo 💚",GOOGLE_PLAY,atende o que preciso na gestao da assinatura,positivo,1,0.6,elogio,contrato_assinatura,contrato,nenhuma,baixa,contrato,zero_surpresa,Ver contrato e próximos eventos,0.68,rating:5 | contrato_assinatura:assinatura,review-rule-engine-v1
70574f55-fdd3-4b46-bceb-9acf0d2521d8,5,"Sensacional, sou cliente localiza a muitos anos portanto a experiência com o Meoo está sendo incrível não me arrependo em nada",2024-05-06 07:50:19,2.5.1,0,"Olá, tudo bem? Ficamos muito felizes em saber que tem gostado da sua experiência conosco! Caso tenha alguma sugestão, fique a vontade para entrar em contato com a gente. Equipe Localiza Meoo 💚",GOOGLE_PLAY,sensacional sou cliente localiza a muitos anos portanto a experiencia com o meoo esta sendo incrivel nao me arrependo em nada,positivo,2,0.7,elogio,geral,uso_do_app,nenhuma,baixa,experiencia_app,none,nenhuma,0.7,pos:sensacional | rating:5,review-rule-engine-v1
22143bce-219a-486f-bc43-174165d33c4b,1,Eu não consigo acessar o app... fica pedindo pra tentar mais tarde... e nisso já tento há 1 mes. Péssimo aplicativo,2024-05-03 03:51:27,2.6.2,0,"Olá, tudo bem? Gostaríamos de conversar com você para ajudá-lo, poderia entrar em contato conosco pelo e-mail sucessoclientemeoo@localiza.com? Equipe Localiza Meoo 💚",GOOGLE_PLAY,eu nao consigo acessar o app fica pedindo pra tentar mais tarde e nisso ja tento ha 1 mes pessimo aplicativo,negativo,-2,0.78,dor,funcionalidade_usabilidade,uso_do_app,erro_funcional,alta,experiencia_app,none,nenhuma,0.9,neg:pessimo | neg:nao consigo | forte_neg:nao consigo | rating:1 | fallback:sentimento_negativo | erro_funcional:nao consigo,review-rule-engine-v1
3b1699a9-2bae-4e0a-84f8-7c0a6d134bc7,5,Atende perfeitamente minhas necessidades. Consigo resolver tudo o que é necessário pelo aplicativo. Parabéns pela funcionalidade!,2024-05-02 09:06:43,2.8.2,2,"Olá, tudo bem? Ficamos muito felizes em saber que tem gostado da sua experiência conosco! Caso tenha alguma sugestão, fique a vontade para entrar em contato com a gente. Equipe Localiza Meoo 💚",GOOGLE_PLAY,atende perfeitamente minhas necessidades consigo resolver tudo o que e necessario pelo aplicativo parabens pela funcionalidade,positivo,2,0.7,elogio,geral,uso_do_app,nenhuma,baixa,experiencia_app,none,nenhuma,0.7,pos:perfeita | rating:5,review-rule-engine-v1
ed6a504b-46fa-490f-a5c8-13b5fa6f81a8,2,péssimo atendimento,2024-04-30 16:18:04,2.6.2,0,"Olá, tudo bem? Gostaríamos de conversar com você para ajudá-lo, poderia entrar em contato conosco pelo e-mail sucessoclientemeoo@localiza.com? Equipe Localiza Meoo 💚

",GOOGLE_PLAY,pessimo atendimento,negativo,-2,0.7,dor,suporte_atendimento,suporte,atendimento,media,suporte,support_prevention,Resolver necessidade antes do contato,0.82,neg:pessimo | rating:2 | suporte_atendimento:atendimento | atendimento:atendimento,review-rule-engine-v1
e9713bae-77db-4d50-9586-0c7380226988,5,Super satisfeito!!!,2024-04-29 18:42:38,2.6.2,0,"Olá, tudo bem? Ficamos muito felizes em saber que tem gostado da sua experiência conosco! Caso tenha alguma sugestão, fique a vontade para entrar em contato com a gente. Equipe Localiza Meoo 💚",GOOGLE_PLAY,super satisfeito,positivo,2,0.7,elogio,geral,uso_do_app,nenhuma,baixa,experiencia_app,none,nenhuma,0.7,pos:satisfeito | rating:5,review-rule-engine-v1
67492877-44ff-4ca7-91bf-1e9b730b968e,1,tenho 3 contratos e só aparece 1 veículo.,2024-04-28 16:22:56,2.6.2,0,"Olá, tudo bem? Gostaríamos de conversar com você para ajudá-lo, poderia entrar em contato conosco pelo e-mail sucessoclientemeoo@localiza.com? Equipe Localiza Meoo 💚",GOOGLE_PLAY,tenho 3 contratos e so aparece 1 veiculo,negativo,-1,0.6,dor,contrato_assinatura,contrato,friccao_na_jornada,media,contrato,zero_surpresa,Ver contrato e próximos eventos,0.72,rating:1 | contrato_assinatura:contrato | topic:contrato_assinatura,review-rule-engine-v1
7c69129f-93f9-48e0-a535-df50b134a021,1,"Para agendar um serviço eu preciso escolher uma cidade. Eu vejo a cidade que eu quero no menu suspenso. Clico na cidade e não acontece nada, e por conta disso o botão continuar não fica ativo e eu não consigo fazer o agendamento. Pior que eu já reclamei disso antes e pelo visto não adiantou nada. Esse APP é tão mal visto que as próprias atendentes da Localiza indicam usar apenas a ligação telefônica e esquecer APP e WhatsApp. O APP é ruim e a assinatura um arrependimento.",2024-04-26 21:23:15,,1,"Olá, tudo bem? Gostaríamos de conversar com você para ajudá-lo, poderia entrar em contato conosco pelo e-mail sucessoclientemeoo@localiza.com? Equipe Localiza Meoo 💚",GOOGLE_PLAY,para agendar um servico eu preciso escolher uma cidade eu vejo a cidade que eu quero no menu suspenso clico na cidade e nao acontece nada e por conta disso o botao continuar nao fica ativo e eu nao consigo fazer o agendamento pior que eu ja reclamei disso antes e pelo visto nao adiantou nada esse app e tao mal visto que as proprias atendentes da localiza indicam usar apenas a ligacao telefonica e esquecer app e whatsapp o app e ruim e a assinatura um arrependimento,negativo,-2,0.78,dor,manutencao_agendamento,manutencao,erro_funcional,alta,manutencao,proactive_care,Agendar revisão,0.9,neg:nao consigo | neg:ruim | forte_neg:nao consigo | rating:1 | manutencao_agendamento:agendar | manutencao_agendamento:agendamento | manutencao_agendamento:servico | erro_funcional:nao consigo fazer | erro_funcional:nao consigo,review-rule-engine-v1
dd2a3dd1-2971-4f39-8d35-3adba222d847,5,muito prático,2024-04-24 07:46:20,2.6.2,0,"Olá, tudo bem? Ficamos muito felizes em saber que tem gostado da sua experiência conosco! Caso tenha alguma sugestão, fique a vontade para entrar em contato com a gente. Equipe Localiza Meoo 💚",GOOGLE_PLAY,muito pratico,positivo,2,0.7,elogio,geral,uso_do_app,nenhuma,baixa,experiencia_app,none,nenhuma,0.7,pos:pratico | rating:5,review-rule-engine-v1
01a6f1da-4186-4b23-bc83-7387f003bcc1,1,"Eu simplismente não consigo acessar a minha conta pelo app, fica pedindo para eu tenta mais tarde direto so aparece isso!",2024-04-21 12:33:01,2.5.1,0,"Olá, tudo bem? Gostaríamos de conversar com você para ajudá-lo, poderia entrar em contato conosco pelo e-mail sucessoclientemeoo@localiza.com? Equipe Localiza Meoo 💚",GOOGLE_PLAY,eu simplismente nao consigo acessar a minha conta pelo app fica pedindo para eu tenta mais tarde direto so aparece isso,negativo,-2,0.78,dor,funcionalidade_usabilidade,uso_do_app,erro_funcional,alta,experiencia_app,none,nenhuma,0.9,neg:nao consigo | forte_neg:nao consigo | rating:1 | fallback:sentimento_negativo | erro_funcional:nao consigo,review-rule-engine-v1
3c299015-1080-4901-8158-c014fe75282a,5,Gosto do app.,2024-04-20 13:25:03,2.6.2,0,"Olá, tudo bem? Ficamos muito felizes em saber que tem gostado da sua experiência conosco! Caso tenha alguma sugestão, fique a vontade para entrar em contato com a gente. Equipe Localiza Meoo 💚",GOOGLE_PLAY,gosto do app,positivo,1,0.6,elogio,geral,uso_do_app,nenhuma,baixa,experiencia_app,none,nenhuma,0.6,rating:5,review-rule-engine-v1
b16c78c3-e62e-4e52-857b-5dca3d1cfe89,5,"a melhor coisa que fiz, foi obter carro por assinatura!",2024-04-17 10:34:19,2.5.1,0,"Olá, tudo bem? Ficamos muito felizes em saber que tem gostado da sua experiência conosco! Caso tenha alguma sugestão, fique a vontade para entrar em contato com a gente. Equipe Localiza Meoo 💚",GOOGLE_PLAY,a melhor coisa que fiz foi obter carro por assinatura,positivo,1,0.6,elogio,contrato_assinatura,contrato,nenhuma,baixa,contrato,zero_surpresa,Ver contrato e próximos eventos,0.68,rating:5 | contrato_assinatura:assinatura,review-rule-engine-v1
020f5c8e-3788-4fbb-8826-e00897702970,4,"Bom app, simples e prático.",2024-04-14 16:38:32,2.5.1,0,"Olá, tudo bem? Ficamos muito felizes em saber que tem gostado da sua experiência conosco! Caso tenha alguma sugestão, fique a vontade para entrar em contato com a gente. Equipe Localiza Meoo 💚",GOOGLE_PLAY,bom app simples e pratico,positivo,3,0.8,elogio,geral,uso_do_app,nenhuma,baixa,experiencia_app,none,nenhuma,0.8,pos:pratico | pos:bom | rating:4,review-rule-engine-v1
a11a9e30-5702-4c78-8164-79afcfb51eb6,5,"Estou muito satisfeito, com o APP com o carro o atendimento muito bom nota 1000 parabéns",2024-04-10 19:34:59,2.5.1,0,"Olá, tudo bem? Ficamos muito felizes em saber que tem gostado da sua experiência conosco! Caso tenha alguma sugestão, fique a vontade para entrar em contato com a gente. Equipe Localiza Meoo 💚",GOOGLE_PLAY,estou muito satisfeito com o app com o carro o atendimento muito bom nota 1000 parabens,positivo,3,0.8,elogio,suporte_atendimento,suporte,atendimento,baixa,suporte,support_prevention,Resolver necessidade antes do contato,0.92,pos:satisfeito | pos:bom | rating:5 | suporte_atendimento:atendimento | atendimento:atendimento,review-rule-engine-v1
d4bcf4bf-e2be-4dc0-b94c-f0d92c5e12aa,3,Bom,2024-04-10 14:05:18,2.5.1,0,"Olá, tudo bem? Ficamos muito felizes em saber que tem gostado da sua experiência conosco! Caso tenha alguma sugestão, fique a vontade para entrar em contato com a gente. Equipe Localiza Meoo 💚",GOOGLE_PLAY,bom,neutro,1,0.6,neutro,geral,uso_do_app,nenhuma,baixa,experiencia_app,none,nenhuma,0.6,pos:bom | rating:3,review-rule-engine-v1
d0429da4-e70e-450c-9787-617a6790ec25,5,empresa maravilhosa com atendimento excelente,2024-04-09 17:13:17,2.5.1,0,"Olá, tudo bem? Ficamos muito felizes em saber que tem gostado da sua experiência conosco! Caso tenha alguma sugestão, fique a vontade para entrar em contato com a gente. Equipe Localiza Meoo 💚",GOOGLE_PLAY,empresa maravilhosa com atendimento excelente,positivo,3,0.8,elogio,suporte_atendimento,suporte,atendimento,baixa,suporte,support_prevention,Resolver necessidade antes do contato,0.92,pos:maravilhosa | pos:excelente | rating:5 | suporte_atendimento:atendimento | atendimento:atendimento,review-rule-engine-v1
72c35da6-92fd-4504-9909-4008449b678f,5,Tudo funciona. Excelente.,2024-04-02 16:29:48,2.5.0,0,"Olá, tudo bem? Ficamos muito felizes em saber que tem gostado da sua experiência conosco! Caso tenha alguma sugestão, fique a vontade para entrar em contato com a gente. Equipe Localiza Meoo 💚",GOOGLE_PLAY,tudo funciona excelente,positivo,2,0.7,elogio,geral,uso_do_app,nenhuma,baixa,experiencia_app,none,nenhuma,0.7,pos:excelente | rating:5,review-rule-engine-v1
c835c55c-189e-4905-9195-83b6f6c3aeef,5,tente por esse link,2024-03-27 11:15:38,2.4.18,0,"Olá, tudo bem? Gostaríamos de conversar com você para ajudá-lo, poderia entrar em contato conosco pelo e-mail sucessoclientemeoo@localiza.com? Equipe Localiza Meoo 💚",GOOGLE_PLAY,tente por esse link,positivo,1,0.6,elogio,geral,uso_do_app,nenhuma,baixa,experiencia_app,none,nenhuma,0.6,rating:5,review-rule-engine-v1
ebcfeeb7-2671-44ee-b645-1702039a5811,1,"A Localiza te obrigada a baixar um aplicativo, alegando que as faturas somente tem acesso por ele, você baixa o aplicativo e mesmo assim não tem acesso as faturas. Péssima empresa, ao invés de facilitar, só atrasa a vida do profissional.",2024-03-26 15:54:52,2.4.18,4,"Olá, tudo bem? Gostaríamos de conversar com você para ajudá-lo, poderia entrar em contato conosco pelo e-mail sucessoclientemeoo@localiza.com? Equipe Localiza Meoo 💚",GOOGLE_PLAY,a localiza te obrigada a baixar um aplicativo alegando que as faturas somente tem acesso por ele voce baixa o aplicativo e mesmo assim nao tem acesso as faturas pessima empresa ao inves de facilitar so atrasa a vida do profissional,neutro,0,0.5,neutro,acesso_login,acesso,nenhuma,media,conta_acesso,app_reliability,Resolver acesso ao app,0.58,pos:facil | rating:1 | acesso_login:acesso,review-rule-engine-v1
049aadb5-80d4-4dd2-b98d-6cb7ce81967e,2,"App exclui meu cartão de crédito todo mês, sendo necessário ficar buscando o boleto. Houve uma atualização que simplesmente não consegue ser instalada no meu celular. Também não traz as informações atualizadas.",2024-03-26 06:44:45,2.4.18,2,"Olá, tudo bem? Gostaríamos de conversar com você para ajudá-lo, poderia entrar em contato conosco pelo e-mail sucessoclientemeoo@localiza.com? Equipe Localiza Meoo 💚",GOOGLE_PLAY,app exclui meu cartao de credito todo mes sendo necessario ficar buscando o boleto houve uma atualizacao que simplesmente nao consegue ser instalada no meu celular tambem nao traz as informacoes atualizadas,negativo,-1,0.6,dor,pagamento_financeiro,financeiro,performance_estabilidade,media,financeiro,zero_surpresa,Revisar pagamentos e vencimentos,0.72,rating:2 | pagamento_financeiro:boleto | pagamento_financeiro:cartao | performance_estabilidade:atualizacao,review-rule-engine-v1
696322b2-6946-4f14-801e-108459d3669b,5,Aplicativo completo,2024-03-25 19:41:02,2.4.18,0,"Olá, tudo bem? Ficamos muito felizes em saber que tem gostado da sua experiência conosco! Caso tenha alguma sugestão, fique a vontade para entrar em contato com a gente. Equipe Localiza Meoo 💚",GOOGLE_PLAY,aplicativo completo,positivo,1,0.6,elogio,geral,uso_do_app,nenhuma,baixa,experiencia_app,none,nenhuma,0.6,rating:5,review-rule-engine-v1
cddaecc6-cda2-4a64-adaa-cce3d7b91c27,4,"As vezes o app retorna ao início no momento em que está concluindo um processo, aí tem que iniciar tudo de novo desde o início. exemplo: ao fazer uma indicação de condutor.",2024-03-19 09:23:20,2.4.18,1,"Olá, tudo bem? Gostaríamos de conversar com você para ajudá-lo, poderia entrar em contato conosco pelo e-mail sucessoclientemeoo@localiza.com? Equipe Localiza Meoo 💚",GOOGLE_PLAY,as vezes o app retorna ao inicio no momento em que esta concluindo um processo ai tem que iniciar tudo de novo desde o inicio exemplo ao fazer uma indicacao de condutor,positivo,1,0.6,elogio,multas_condutor,multas,nenhuma,baixa,multas,zero_surpresa,Resolver multas e condutor,0.68,rating:4 | multas_condutor:condutor,review-rule-engine-v1
e297e9d4-f8ad-4fd2-a2b2-d244328e3e05,5,Show de bola,2024-03-15 16:19:45,2.4.18,0,"Olá, tudo bem? Ficamos muito felizes em saber que tem gostado da sua experiência conosco! Caso tenha alguma sugestão, fique a vontade para entrar em contato com a gente. Equipe Localiza Meoo 💚",GOOGLE_PLAY,show de bola,positivo,1,0.6,elogio,geral,uso_do_app,nenhuma,baixa,experiencia_app,none,nenhuma,0.6,rating:5,review-rule-engine-v1
152e57ff-a67b-4c92-8277-e89861019b6a,5,"O app é bom, porém na última atualização não consigo selecionar a cidade para revisão com agendamento.",2024-03-13 17:30:06,2.4.18,3,"Olá, tudo bem? Gostaríamos de conversar com você para ajudá-lo, poderia entrar em contato conosco pelo e-mail sucessoclientemeoo@localiza.com? Equipe Localiza Meoo 💚",GOOGLE_PLAY,o app e bom porem na ultima atualizacao nao consigo selecionar a cidade para revisao com agendamento,negativo,-4,0.98,dor,manutencao_agendamento,manutencao,erro_funcional,alta,manutencao,proactive_care,Agendar revisão,0.98,neg:nao consigo | pos:bom | forte_neg:nao consigo | rating:5 | manutencao_agendamento:agendamento | manutencao_agendamento:revisao | erro_funcional:nao consigo,review-rule-engine-v1
a1aa8444-ffb1-4c3e-bd93-32bd606ad76a,5,Fenomenal!,2024-02-29 22:12:55,2.4.17,0,"Olá, tudo bem? Ficamos muito felizes em saber que tem gostado da sua experiência conosco! Caso tenha alguma sugestão, fique a vontade para entrar em contato com a gente. Equipe Localiza Meoo 💚",GOOGLE_PLAY,fenomenal,positivo,1,0.6,elogio,geral,uso_do_app,nenhuma,baixa,experiencia_app,none,nenhuma,0.6,rating:5,review-rule-engine-v1
c8473029-9142-498e-b1bb-c3dfe918f080,5,"Eu estou gostando, sempre estão nos informando o processo da entrega do veículo.",2024-02-29 09:27:48,2.4.14,0,"Olá, tudo bem? Ficamos muito felizes em saber que tem gostado da sua experiência conosco! Caso tenha alguma sugestão, fique a vontade para entrar em contato com a gente. Equipe Localiza Meoo 💚",GOOGLE_PLAY,eu estou gostando sempre estao nos informando o processo da entrega do veiculo,positivo,1,0.6,elogio,entrega_veiculo,entrega,nenhuma,baixa,entrega,zero_surpresa,Acompanhar entrega do veículo,0.68,rating:5 | entrega_veiculo:entrega,review-rule-engine-v1
d39c0e28-acc1-46e9-b933-31605f9c6777,5,Ótimo atendimento. 👍,2024-02-29 06:13:17,2.4.14,0,"Olá, tudo bem? Ficamos muito felizes em saber que tem gostado da sua experiência conosco! Caso tenha alguma sugestão, fique a vontade para entrar em contato com a gente. Equipe Localiza Meoo 💚",GOOGLE_PLAY,otimo atendimento,positivo,2,0.7,elogio,suporte_atendimento,suporte,atendimento,baixa,suporte,support_prevention,Resolver necessidade antes do contato,0.82,pos:otimo | rating:5 | suporte_atendimento:atendimento | atendimento:atendimento,review-rule-engine-v1
f6cdb694-4f95-43cc-ba5f-800fea773705,1,"Não presta! N funciona pra agendar o serviço, n consigo escolher a cidade.",2024-02-28 08:04:11,2.4.16,1,"Olá, tudo bem? Gostaríamos de conversar com você para ajudá-lo, poderia entrar em contato conosco pelo e-mail sucessoclientemeoo@localiza.com? Equipe Localiza Meoo 💚",GOOGLE_PLAY,nao presta n funciona pra agendar o servico n consigo escolher a cidade,negativo,-1,0.6,dor,manutencao_agendamento,manutencao,friccao_na_jornada,media,manutencao,proactive_care,Agendar revisão,0.72,rating:1 | manutencao_agendamento:agendar | manutencao_agendamento:servico | topic:manutencao_agendamento,review-rule-engine-v1
8fc1cd02-8630-4727-8067-65884e4f792c,5,muito bom até agora vamos ver na revisão se vai se rápido ou vou fica sem carro,2024-02-25 14:12:22,2.4.14,0,"Olá, tudo bem? Ficamos muito felizes em saber que tem gostado da sua experiência conosco! Caso tenha alguma sugestão, fique a vontade para entrar em contato com a gente. Equipe Localiza Meoo 💚",GOOGLE_PLAY,muito bom ate agora vamos ver na revisao se vai se rapido ou vou fica sem carro,positivo,3,0.8,elogio,manutencao_agendamento,manutencao,nenhuma,baixa,manutencao,proactive_care,Agendar revisão,0.88,pos:rapido | pos:bom | rating:5 | manutencao_agendamento:revisao,review-rule-engine-v1
88e8bdbc-b789-49fd-874a-91dfdb7b4912,5,"Parabenizo a Equipe Localiza, pelo excelente profissionalismo em todos os processos!",2024-02-24 20:37:42,2.4.14,0,"Olá, tudo bem? Ficamos muito felizes em saber que tem gostado da sua experiência conosco! Caso tenha alguma sugestão, fique a vontade para entrar em contato com a gente. Equipe Localiza Meoo 💚",GOOGLE_PLAY,parabenizo a equipe localiza pelo excelente profissionalismo em todos os processos,positivo,2,0.7,elogio,geral,uso_do_app,nenhuma,baixa,experiencia_app,none,nenhuma,0.7,pos:excelente | rating:5,review-rule-engine-v1
b806b147-8b62-47c5-82b3-3a77da0fcd1a,5,ótimo,2024-02-22 04:46:21,2.4.14,0,"Olá, tudo bem? Ficamos muito felizes em saber que tem gostado da sua experiência conosco! Caso tenha alguma sugestão, fique a vontade para entrar em contato com a gente. Equipe Localiza Meoo 💚",GOOGLE_PLAY,otimo,positivo,2,0.7,elogio,geral,uso_do_app,nenhuma,baixa,experiencia_app,none,nenhuma,0.7,pos:otimo | rating:5,review-rule-engine-v1
10815719-c0d7-4edf-9967-496375602358,3,"Aplicativo trava demais, dá erros demais, demora demais para trazer alguma informação útil. Precisa urgentemente de um trabalho sério de revisão por gente especializada em experiencia de usuário.",2024-02-20 15:16:00,2.4.14,7,"Olá, tudo bem? Gostaríamos de conversar com você para ajudá-lo, poderia entrar em contato conosco pelo e-mail sucessoclientemeoo@localiza.com? Equipe Localiza Meoo 💚",GOOGLE_PLAY,aplicativo trava demais da erros demais demora demais para trazer alguma informacao util precisa urgentemente de um trabalho serio de revisao por gente especializada em experiencia de usuario,negativo,-2,0.7,dor,performance_estabilidade,uso_do_app,performance_estabilidade,media,app,app_reliability,Corrigir experiência do app,0.82,neg:demora | neg:erro | neg:trava | pos:util | rating:3 | performance_estabilidade:trava | performance_estabilidade:erro | performance_estabilidade:demora,review-rule-engine-v1
492b9f1b-3977-4bef-925f-ef798dfbcb5f,5,Otimo. Muito bom.,2024-02-03 17:39:38,2.4.8,0,"Olá, tudo bem? Ficamos muito felizes em saber que tem gostado da sua experiência conosco! Caso tenha alguma sugestão, fique a vontade para entrar em contato com a gente. Equipe Localiza Meoo 💚",GOOGLE_PLAY,otimo muito bom,positivo,3,0.8,elogio,geral,uso_do_app,nenhuma,baixa,experiencia_app,none,nenhuma,0.8,pos:otimo | pos:bom | rating:5,review-rule-engine-v1
6833e7a5-823e-40e9-af9f-e8c7079d7a77,5,O aplicativo é excelente,2024-02-03 06:56:40,2.4.14,0,"Olá, tudo bem? Ficamos muito felizes em saber que tem gostado da sua experiência conosco! Caso tenha alguma sugestão, fique a vontade para entrar em contato com a gente. Equipe Localiza Meoo 💚",GOOGLE_PLAY,o aplicativo e excelente,positivo,2,0.7,elogio,geral,uso_do_app,nenhuma,baixa,experiencia_app,none,nenhuma,0.7,pos:excelente | rating:5,review-rule-engine-v1
b99af566-a297-4823-8f41-a3f06bb9d736,5,Entrega bem o que promete,2024-02-03 06:23:09,2.4.8,0,"Olá, tudo bem? Ficamos muito felizes em saber que tem gostado da sua experiência conosco! Caso tenha alguma sugestão, fique a vontade para entrar em contato com a gente. Equipe Localiza Meoo 💚",GOOGLE_PLAY,entrega bem o que promete,positivo,1,0.6,elogio,entrega_veiculo,entrega,nenhuma,baixa,entrega,zero_surpresa,Acompanhar entrega do veículo,0.68,rating:5 | entrega_veiculo:entrega,review-rule-engine-v1
b7dcab44-1777-48db-a2af-87add61947ae,5,App fácil de usar.,2024-02-02 06:09:44,2.4.8,0,"Olá, tudo bem? Ficamos muito felizes em saber que tem gostado da sua experiência conosco! Caso tenha alguma sugestão, fique a vontade para entrar em contato com a gente. Equipe Localiza Meoo 💚",GOOGLE_PLAY,app facil de usar,positivo,2,0.7,elogio,geral,uso_do_app,usabilidade,baixa,experiencia_app,none,nenhuma,0.74,pos:facil | rating:5 | usabilidade:facil de,review-rule-engine-v1
5eaa2917-468e-4bd9-a9d9-65185682273c,5,"Assinei o carro.prla Unidas e depois de um tempo me migraram pra Meoo. Gosto do serviço e do atendimento. Entregam o prometido. Estive com um Kwid por 48 meses e na próxima semana receberei um Fiat Argo zero. Sim, claro que seguirei com a experiência. É algo que recomendo.",2024-02-01 22:51:24,2.4.8,10,"Olá, tudo bem? Ficamos muito felizes em saber que tem gostado da sua experiência conosco! Caso tenha alguma sugestão, fique a vontade para entrar em contato com a gente. Equipe Localiza Meoo 💚",GOOGLE_PLAY,assinei o carro prla unidas e depois de um tempo me migraram pra meoo gosto do servico e do atendimento entregam o prometido estive com um kwid por 48 meses e na proxima semana receberei um fiat argo zero sim claro que seguirei com a experiencia e algo que recomendo,positivo,2,0.7,elogio,manutencao_agendamento,manutencao,atendimento,baixa,manutencao,proactive_care,Agendar revisão,0.82,pos:recomendo | rating:5 | manutencao_agendamento:servico | atendimento:atendimento,review-rule-engine-v1
f0a8a0c3-8ff4-451d-b03a-ce1d7bd9e4c5,1,"Antes de baixar o app de uma olhada no RECLAME AQUI, umas das priores empresas a se locar carro, desde semana passada nenhum atendente sabe resolver o problema, atendentes 0 app 0, Estou entrado com uma OBRIGAÇÃO DE FAZER COM MULTA DIARIA ! Vamos senão vai aparecer alguém que saiba trabalhar!!?? Não recomendo a ninguém se estão vindo ver os comentários EMPRESA LIXO NAO PRESTA CUIDADO !",2024-01-31 17:30:22,2.4.8,3,"Olá, tudo bem? Gostaríamos de conversar com você para ajudá-lo, poderia entrar em contato conosco pelo e-mail sucessoclientemeoo@localiza.com? Equipe Localiza Meoo 💚",GOOGLE_PLAY,antes de baixar o app de uma olhada no reclame aqui umas das priores empresas a se locar carro desde semana passada nenhum atendente sabe resolver o problema atendentes 0 app 0 estou entrado com uma obrigacao de fazer com multa diaria vamos senao vai aparecer alguem que saiba trabalhar nao recomendo a ninguem se estao vindo ver os comentarios empresa lixo nao presta cuidado,neutro,-1,0.6,neutro,multas_condutor,multas,nenhuma,media,multas,zero_surpresa,Resolver multas e condutor,0.68,neg:problema | pos:recomendo | rating:1 | multas_condutor:multa,review-rule-engine-v1
aed27417-5036-4030-8d03-6b0292e2f388,5,muito prático,2024-01-26 13:05:56,2.4.8,0,"Olá, tudo bem? Ficamos muito felizes em saber que tem gostado da sua experiência conosco! Caso tenha alguma sugestão, fique a vontade para entrar em contato com a gente. Equipe Localiza Meoo 💚",GOOGLE_PLAY,muito pratico,positivo,2,0.7,elogio,geral,uso_do_app,nenhuma,baixa,experiencia_app,none,nenhuma,0.7,pos:pratico | rating:5,review-rule-engine-v1
643abaf4-5376-4845-b1d9-895677f3c70c,1,O app não funciona direito em meu celular,2024-01-24 18:05:04,2.4.8,0,"Olá, tudo bem? Gostaríamos de conversar com você para ajudá-lo, poderia entrar em contato conosco pelo e-mail sucessoclientemeoo@localiza.com? Equipe Localiza Meoo 💚",GOOGLE_PLAY,o app nao funciona direito em meu celular,negativo,-2,0.78,dor,funcionalidade_usabilidade,uso_do_app,erro_funcional,alta,experiencia_app,none,nenhuma,0.9,neg:nao funciona | forte_neg:nao funciona | rating:1 | fallback:sentimento_negativo | erro_funcional:nao funciona,review-rule-engine-v1
347ad7a4-cbbc-4ec6-a5c0-f67eb07b50cd,5,Ótimo,2024-01-21 17:08:17,2.4.8,0,"Olá, tudo bem? Ficamos muito felizes em saber que tem gostado da sua experiência conosco! Caso tenha alguma sugestão, fique a vontade para entrar em contato com a gente. Equipe Localiza Meoo 💚",GOOGLE_PLAY,otimo,positivo,2,0.7,elogio,geral,uso_do_app,nenhuma,baixa,experiencia_app,none,nenhuma,0.7,pos:otimo | rating:5,review-rule-engine-v1
8fa77c4a-1418-44a4-a483-1e12d4160a42,5,Top!!,2024-01-21 11:07:35,2.4.8,0,"Olá, tudo bem? Ficamos muito felizes em saber que tem gostado da sua experiência conosco! Caso tenha alguma sugestão, fique a vontade para entrar em contato com a gente. Equipe Localiza Meoo 💚",GOOGLE_PLAY,top,positivo,1,0.6,elogio,geral,uso_do_app,nenhuma,baixa,experiencia_app,none,nenhuma,0.6,rating:5,review-rule-engine-v1
2d61ab58-5c5b-4f48-b9b7-2c80ee03fabd,5,Funcional,2024-01-18 11:49:44,2.4.8,0,"Olá, tudo bem? Ficamos muito felizes em saber que tem gostado da sua experiência conosco! Caso tenha alguma sugestão, fique a vontade para entrar em contato com a gente. Equipe Localiza Meoo 💚",GOOGLE_PLAY,funcional,positivo,1,0.6,elogio,geral,uso_do_app,nenhuma,baixa,experiencia_app,none,nenhuma,0.6,rating:5,review-rule-engine-v1
299ab96e-3ce6-41c3-921f-b0032bf74ed3,5,ótimo aplicativo bem explicativo...,2024-01-18 00:27:11,2.4.8,0,"Olá, tudo bem? Ficamos muito felizes em saber que tem gostado da sua experiência conosco! Caso tenha alguma sugestão, fique a vontade para entrar em contato com a gente. Equipe Localiza Meoo 💚",GOOGLE_PLAY,otimo aplicativo bem explicativo,positivo,2,0.7,elogio,geral,uso_do_app,nenhuma,baixa,experiencia_app,none,nenhuma,0.7,pos:otimo | rating:5,review-rule-engine-v1
84cd4814-6c34-4ffe-8942-54b71f10ce16,2,"O app nos últimos tempos vem dando muito problema, principalmente na inclusão de um cartão de crédito, não consigo, fica uma tela cinza, já abri chamado, já falei no suporte, ninguém consegue me ajudar.",2024-01-17 11:01:54,2.4.6,4,"Olá, tudo bem? Gostaríamos de conversar com você para ajudá-lo, poderia entrar em contato conosco pelo e-mail sucessoclientemeoo@localiza.com? Equipe Localiza Meoo 💚",GOOGLE_PLAY,o app nos ultimos tempos vem dando muito problema principalmente na inclusao de um cartao de credito nao consigo fica uma tela cinza ja abri chamado ja falei no suporte ninguem consegue me ajudar,negativo,-2,0.78,dor,suporte_atendimento,suporte,erro_funcional,alta,suporte,support_prevention,Resolver necessidade antes do contato,0.9,neg:nao consigo | neg:problema | pos:ajuda | forte_neg:nao consigo | rating:2 | suporte_atendimento:chamado | suporte_atendimento:suporte | suporte_atendimento:ninguem | erro_funcional:nao consigo,review-rule-engine-v1
cd5a7e55-797c-4adb-85ea-0d4dd6918909,5,App maravilhoso igualmente a atendente que me deu suporte ♥️,2024-01-16 07:01:48,2.4.6,0,"Olá, tudo bem? Ficamos muito felizes em saber que tem gostado da sua experiência conosco! Caso tenha alguma sugestão, fique a vontade para entrar em contato com a gente. Equipe Localiza Meoo 💚",GOOGLE_PLAY,app maravilhoso igualmente a atendente que me deu suporte,positivo,2,0.7,elogio,suporte_atendimento,suporte,atendimento,baixa,suporte,support_prevention,Resolver necessidade antes do contato,0.82,pos:maravilhoso | rating:5 | suporte_atendimento:suporte | atendimento:suporte,review-rule-engine-v1
96e8a8c8-df2d-4e6f-86eb-cc561c60d26b,5,ótimo serviço,2024-01-15 19:55:06,2.4.3,0,"Olá, tudo bem? Ficamos muito felizes em saber que tem gostado da sua experiência conosco! Caso tenha alguma sugestão, fique a vontade para entrar em contato com a gente. Equipe Localiza Meoo 💚",GOOGLE_PLAY,otimo servico,positivo,2,0.7,elogio,manutencao_agendamento,manutencao,nenhuma,baixa,manutencao,proactive_care,Agendar revisão,0.78,pos:otimo | rating:5 | manutencao_agendamento:servico,review-rule-engine-v1
a5ea69d5-63cf-40c1-a60e-e4bf62926280,5,Maravilhoso,2024-01-15 15:26:44,2.4.3,0,"Olá, tudo bem? Ficamos muito felizes em saber que tem gostado da sua experiência conosco! Caso tenha alguma sugestão, fique a vontade para entrar em contato com a gente. Equipe Localiza Meoo 💚",GOOGLE_PLAY,maravilhoso,positivo,2,0.7,elogio,geral,uso_do_app,nenhuma,baixa,experiencia_app,none,nenhuma,0.7,pos:maravilhoso | rating:5,review-rule-engine-v1
e2c021f4-7bb6-4e03-a7e8-dc9b9a50caf1,5,"O app informa sobre atauluzoes a cada acesso. Fora isso, fácil usar, tem uma boa usabilidade e performance. Estou gostando da experiência.",2024-01-15 06:43:06,,0,"Olá, tudo bem? Ficamos muito felizes em saber que tem gostado da sua experiência conosco! Caso tenha alguma sugestão, fique a vontade para entrar em contato com a gente. Equipe Localiza Meoo 💚",GOOGLE_PLAY,o app informa sobre atauluzoes a cada acesso fora isso facil usar tem uma boa usabilidade e performance estou gostando da experiencia,positivo,3,0.8,elogio,acesso_login,acesso,nenhuma,baixa,conta_acesso,app_reliability,Resolver acesso ao app,0.88,pos:facil | pos:boa | rating:5 | acesso_login:acesso,review-rule-engine-v1
bedd54ad-5033-4216-bbc9-724d4319a0c3,5,Ótimo,2024-01-14 19:07:49,2.4.3,0,"Olá, tudo bem? Ficamos muito felizes em saber que tem gostado da sua experiência conosco! Caso tenha alguma sugestão, fique a vontade para entrar em contato com a gente. Equipe Localiza Meoo 💚",GOOGLE_PLAY,otimo,positivo,2,0.7,elogio,geral,uso_do_app,nenhuma,baixa,experiencia_app,none,nenhuma,0.7,pos:otimo | rating:5,review-rule-engine-v1
fe4d5cdb-a7c4-4829-b884-d10dfb5a3b46,4,Bom e prático.,2024-01-14 12:48:00,2.4.3,0,"Olá, tudo bem? Ficamos muito felizes em saber que tem gostado da sua experiência conosco! Caso tenha alguma sugestão, fique a vontade para entrar em contato com a gente. Equipe Localiza Meoo 💚",GOOGLE_PLAY,bom e pratico,positivo,3,0.8,elogio,geral,uso_do_app,nenhuma,baixa,experiencia_app,none,nenhuma,0.8,pos:pratico | pos:bom | rating:4,review-rule-engine-v1
7fd9ee0f-4aba-4ea5-ba56-8a3fe0e2ce3f,5,"A experiência está sendo ótima, tanto no app quanto no Contrato com a LOCALIZA.",2024-01-14 09:38:21,2.4.6,1,"Olá, tudo bem? Ficamos muito felizes em saber que tem gostado da sua experiência conosco! Caso tenha alguma sugestão, fique a vontade para entrar em contato com a gente. Equipe Localiza Meoo 💚",GOOGLE_PLAY,a experiencia esta sendo otima tanto no app quanto no contrato com a localiza,positivo,2,0.7,elogio,contrato_assinatura,contrato,nenhuma,baixa,contrato,zero_surpresa,Ver contrato e próximos eventos,0.78,pos:otima | rating:5 | contrato_assinatura:contrato,review-rule-engine-v1
526a19e8-ee79-4eb0-8838-28e4453f33f0,3,"Instável, por exemplo agora, tento atualizar conforme orientação do mesmo e não executa o processo...aff",2024-01-13 11:39:10,2.4.3,0,"Olá, tudo bem? Gostaríamos de conversar com você para ajudá-lo, poderia entrar em contato conosco pelo e-mail sucessoclientemeoo@localiza.com? Equipe Localiza Meoo 💚",GOOGLE_PLAY,instavel por exemplo agora tento atualizar conforme orientacao do mesmo e nao executa o processo aff,neutro,-1,0.6,neutro,performance_estabilidade,uso_do_app,performance_estabilidade,baixa,app,app_reliability,Corrigir experiência do app,0.72,neg:instavel | rating:3 | performance_estabilidade:atualizar | performance_estabilidade:instavel,review-rule-engine-v1
be493069-8efb-4674-bc89-4ee7b5b6a386,5,"O app tem ótima funcionalidade! Ainda não fiz agendadamentos, vai funcionar!",2024-01-13 10:40:15,2.4.3,0,"Olá, tudo bem? Ficamos muito felizes em saber que tem gostado da sua experiência conosco! Caso tenha alguma sugestão, fique a vontade para entrar em contato com a gente. Equipe Localiza Meoo 💚",GOOGLE_PLAY,o app tem otima funcionalidade ainda nao fiz agendadamentos vai funcionar,positivo,2,0.7,elogio,geral,uso_do_app,nenhuma,baixa,experiencia_app,none,nenhuma,0.7,pos:otima | rating:5,review-rule-engine-v1
b5894c42-b346-4ee1-aea3-99406be0b570,3,"Não temos um suporte para saber em que localização exata está o carro, a informação de entrega é muito vaga",2024-01-12 14:43:27,2.4.3,0,"Olá, tudo bem? Gostaríamos de conversar com você para ajudá-lo, poderia entrar em contato conosco pelo e-mail sucessoclientemeoo@localiza.com? Equipe Localiza Meoo 💚",GOOGLE_PLAY,nao temos um suporte para saber em que localizacao exata esta o carro a informacao de entrega e muito vaga,neutro,0,0.5,neutro,suporte_atendimento,suporte,atendimento,baixa,suporte,support_prevention,Resolver necessidade antes do contato,0.62,rating:3 | suporte_atendimento:suporte | atendimento:suporte,review-rule-engine-v1
610869fa-b9f1-460c-b7e6-537a4782c9e0,3,"Aparece mensagem pedindo para atualizar porém, não tem nenhuma atualização para fazer e o sistema não atualiza as informações, fica travado.",2024-01-12 13:29:52,2.4.3,0,"Olá, tudo bem? Gostaríamos de conversar com você para ajudá-lo, poderia entrar em contato conosco pelo e-mail sucessoclientemeoo@localiza.com? Equipe Localiza Meoo 💚",GOOGLE_PLAY,aparece mensagem pedindo para atualizar porem nao tem nenhuma atualizacao para fazer e o sistema nao atualiza as informacoes fica travado,negativo,-2,0.78,dor,performance_estabilidade,uso_do_app,erro_funcional,media,app,app_reliability,Corrigir experiência do app,0.9,neg:nao atualiza | neg:trava | forte_neg:nao atualiza | rating:3 | performance_estabilidade:trava | performance_estabilidade:atualizar | performance_estabilidade:atualizacao | erro_funcional:travado | erro_funcional:fica travado,review-rule-engine-v1
43498e57-863e-48e0-956c-5544b307dc62,5,De fácil utilização.,2024-01-12 12:30:44,2.4.3,0,"Olá, tudo bem? Ficamos muito felizes em saber que tem gostado da sua experiência conosco! Caso tenha alguma sugestão, fique a vontade para entrar em contato com a gente. Equipe Localiza Meoo 💚",GOOGLE_PLAY,de facil utilizacao,positivo,3,0.8,elogio,geral,uso_do_app,nenhuma,baixa,experiencia_app,none,nenhuma,0.8,pos:facil | pos:util | rating:5,review-rule-engine-v1
d2cdddba-3831-4a9c-b7e8-37bd8268e814,1,O aplicativo demora pra carregar as informações e da erro com frequência!,2024-01-12 10:19:56,2.4.3,0,"Olá, tudo bem? Gostaríamos de conversar com você para ajudá-lo, poderia entrar em contato conosco pelo e-mail sucessoclientemeoo@localiza.com? Equipe Localiza Meoo 💚",GOOGLE_PLAY,o aplicativo demora pra carregar as informacoes e da erro com frequencia,negativo,-3,0.8,dor,performance_estabilidade,uso_do_app,performance_estabilidade,media,app,app_reliability,Corrigir experiência do app,0.92,neg:demora | neg:erro | rating:1 | performance_estabilidade:erro | performance_estabilidade:demora,review-rule-engine-v1
da83f66a-7f70-445e-99fc-138b4b8d7188,5,"Fala que tem atualização, mas não tem, excelente hahahaha",2024-01-12 09:56:22,2.4.3,0,"Olá, tudo bem? Gostaríamos de conversar com você para ajudá-lo, poderia entrar em contato conosco pelo e-mail sucessoclientemeoo@localiza.com? Equipe Localiza Meoo 💚",GOOGLE_PLAY,fala que tem atualizacao mas nao tem excelente hahahaha,positivo,2,0.7,elogio,performance_estabilidade,uso_do_app,performance_estabilidade,baixa,app,app_reliability,Corrigir experiência do app,0.82,pos:excelente | rating:5 | performance_estabilidade:atualizacao,review-rule-engine-v1
fc94f433-f51e-4b72-8bfe-fd588c81178a,4,Aplicativo bom,2024-01-12 09:37:22,2.4.3,0,"Olá, tudo bem? Ficamos muito felizes em saber que tem gostado da sua experiência conosco! Caso tenha alguma sugestão, fique a vontade para entrar em contato com a gente. Equipe Localiza Meoo 💚",GOOGLE_PLAY,aplicativo bom,positivo,2,0.7,elogio,geral,uso_do_app,nenhuma,baixa,experiencia_app,none,nenhuma,0.7,pos:bom | rating:4,review-rule-engine-v1
1849beb4-9328-44eb-886f-56c751e11c4a,1,"Pra vender e fechar contrato é um mellll,pra encerrar,nem no procon vai,pois as coisas estão tão feia que já começa pela forma que eles trabalha no Brasil,pega o carro 40% abaixo do valor ,empurra nas pessoas na hora de acertar as coisas é a maior dificuldade",2024-01-12 09:04:01,2.4.3,0,"Olá, tudo bem? Gostaríamos de conversar com você para ajudá-lo, poderia entrar em contato conosco pelo e-mail sucessoclientemeoo@localiza.com? Equipe Localiza Meoo 💚",GOOGLE_PLAY,pra vender e fechar contrato e um mellll pra encerrar nem no procon vai pois as coisas estao tao feia que ja comeca pela forma que eles trabalha no brasil pega o carro 40 abaixo do valor empurra nas pessoas na hora de acertar as coisas e a maior dificuldade,negativo,-2,0.7,dor,contrato_assinatura,contrato,performance_estabilidade,media,contrato,zero_surpresa,Ver contrato e próximos eventos,0.82,neg:fecha | rating:1 | contrato_assinatura:contrato | performance_estabilidade:fecha,review-rule-engine-v1
2a9702c0-0aff-4d7f-b5c2-cf341b6a77e0,5,Estou muito satisfeito com o atendimento,2024-01-12 07:24:27,2.4.3,0,"Olá, tudo bem? Ficamos muito felizes em saber que tem gostado da sua experiência conosco! Caso tenha alguma sugestão, fique a vontade para entrar em contato com a gente. Equipe Localiza Meoo 💚

",GOOGLE_PLAY,estou muito satisfeito com o atendimento,positivo,2,0.7,elogio,suporte_atendimento,suporte,atendimento,baixa,suporte,support_prevention,Resolver necessidade antes do contato,0.82,pos:satisfeito | rating:5 | suporte_atendimento:atendimento | atendimento:atendimento,review-rule-engine-v1
48379cbd-0a0f-42a4-b357-cdcd7624d508,5,Excelente,2024-01-12 05:37:05,2.4.3,0,"Olá, tudo bem? Ficamos muito felizes em saber que tem gostado da sua experiência conosco! Caso tenha alguma sugestão, fique a vontade para entrar em contato com a gente. Equipe Localiza Meoo 💚

",GOOGLE_PLAY,excelente,positivo,2,0.7,elogio,geral,uso_do_app,nenhuma,baixa,experiencia_app,none,nenhuma,0.7,pos:excelente | rating:5,review-rule-engine-v1
97971238-37ef-4c1a-8e94-a49952970d9f,5,Ótimo,2024-01-12 01:58:55,2.4.3,0,"Olá, tudo bem? Ficamos muito felizes em saber que tem gostado da sua experiência conosco! Caso tenha alguma sugestão, fique a vontade para entrar em contato com a gente. Equipe Localiza Meoo 💚

",GOOGLE_PLAY,otimo,positivo,2,0.7,elogio,geral,uso_do_app,nenhuma,baixa,experiencia_app,none,nenhuma,0.7,pos:otimo | rating:5,review-rule-engine-v1
ca23ed43-9be4-4b43-bfe2-9ca1a391c75a,5,Bem específico,2024-01-11 22:00:31,,0,"Olá, tudo bem? Ficamos muito felizes em saber que tem gostado da sua experiência conosco! Caso tenha alguma sugestão, fique a vontade para entrar em contato com a gente. Equipe Localiza Meoo 💚

",GOOGLE_PLAY,bem especifico,positivo,1,0.6,elogio,geral,uso_do_app,nenhuma,baixa,experiencia_app,none,nenhuma,0.6,rating:5,review-rule-engine-v1
60072b0b-264b-4a2f-8840-05b9902f5227,1,"Não gostei. Pouca informação e a que tem é desatualizada, a exemplo do carro provisório que ja peguei ha muito tempo e nada de atualizar as informações.",2024-01-11 21:51:02,2.4.3,1,"Olá, tudo bem? Gostaríamos de conversar com você para ajudá-lo, poderia entrar em contato conosco pelo e-mail sucessoclientemeoo@localiza.com? Equipe Localiza Meoo 💚",GOOGLE_PLAY,nao gostei pouca informacao e a que tem e desatualizada a exemplo do carro provisorio que ja peguei ha muito tempo e nada de atualizar as informacoes,negativo,-1,0.6,dor,performance_estabilidade,uso_do_app,disponibilidade,media,app,app_reliability,Corrigir experiência do app,0.72,rating:1 | performance_estabilidade:atualizar | topic:performance_estabilidade,review-rule-engine-v1
3ab3d20b-fff2-41da-a3bd-26eff67ab96b,3,Pede pra ATUALIZAR mas não abre,2024-01-11 18:42:55,,1,"Olá, tudo bem? Gostaríamos de conversar com você para ajudá-lo, poderia entrar em contato conosco pelo e-mail sucessoclientemeoo@localiza.com? Equipe Localiza Meoo 💚",GOOGLE_PLAY,pede pra atualizar mas nao abre,negativo,-2,0.78,dor,performance_estabilidade,uso_do_app,erro_funcional,alta,app,app_reliability,Corrigir experiência do app,0.9,neg:nao abre | forte_neg:nao abre | rating:3 | performance_estabilidade:atualizar | erro_funcional:nao abre,review-rule-engine-v1
9a5af058-e1df-4114-ba06-cb74553229c0,5,Muito bom,2024-01-11 17:51:58,2.4.3,0,"Olá, tudo bem? Ficamos muito felizes em saber que tem gostado da sua experiência conosco! Caso tenha alguma sugestão, fique a vontade para entrar em contato com a gente. Equipe Localiza Meoo 💚",GOOGLE_PLAY,muito bom,positivo,2,0.7,elogio,geral,uso_do_app,nenhuma,baixa,experiencia_app,none,nenhuma,0.7,pos:bom | rating:5,review-rule-engine-v1
74db201c-c264-43a8-93c5-a7d046cbe11d,5,"Ótimo aplicativo, funcional, rápido, dinâmica e alto explicativo",2024-01-11 17:03:54,,0,"Olá, tudo bem? Ficamos muito felizes em saber que tem gostado da sua experiência conosco! Caso tenha alguma sugestão, fique a vontade para entrar em contato com a gente. Equipe Localiza Meoo 💚",GOOGLE_PLAY,otimo aplicativo funcional rapido dinamica e alto explicativo,positivo,3,0.8,elogio,geral,uso_do_app,nenhuma,baixa,experiencia_app,none,nenhuma,0.8,pos:rapido | pos:otimo | rating:5,review-rule-engine-v1
b8c1a519-9768-44e7-990f-42f133714370,5,legal,2024-01-10 14:38:11,2.4.3,0,"Olá, tudo bem? Ficamos muito felizes em saber que tem gostado da sua experiência conosco! Caso tenha alguma sugestão, fique a vontade para entrar em contato com a gente. Equipe Localiza Meoo 💚",GOOGLE_PLAY,legal,positivo,1,0.6,elogio,geral,uso_do_app,nenhuma,baixa,experiencia_app,none,nenhuma,0.6,rating:5,review-rule-engine-v1
26fa2bc5-63ff-4783-b296-648f44e5a7f3,3,"O aplicativo tem funcionado razoavelmente bem. Porém para marcar revisão/ manutenção, acho muito complicado. Difícil de editar ou modificar datas. Poderiam procurar melhorar isso.",2024-01-10 08:37:49,2.4.3,6,"Olá, tudo bem? Ficamos muito felizes em saber que tem gostado da sua experiência conosco! Para o que precisar, conte com a gente! Equipe Localiza Meoo 💚",GOOGLE_PLAY,o aplicativo tem funcionado razoavelmente bem porem para marcar revisao manutencao acho muito complicado dificil de editar ou modificar datas poderiam procurar melhorar isso,negativo,-2,0.7,sugestao,manutencao_agendamento,manutencao,usabilidade,media,manutencao,proactive_care,Agendar revisão,0.82,neg:complicado | neg:dificil | rating:3 | manutencao_agendamento:manutencao | manutencao_agendamento:revisao | usabilidade:dificil | usabilidade:complicado,review-rule-engine-v1
73e36624-c755-478e-9a7f-79062111927c,5,Simples e amigável,2024-01-09 19:47:57,2.4.3,0,"Olá, tudo bem? Ficamos muito felizes em saber que tem gostado da sua experiência conosco! Caso tenha alguma sugestão, fique a vontade para entrar em contato com a gente. Equipe Localiza Meoo 💚",GOOGLE_PLAY,simples e amigavel,positivo,1,0.6,elogio,geral,uso_do_app,nenhuma,baixa,experiencia_app,none,nenhuma,0.6,rating:5,review-rule-engine-v1
a0cc7ff6-616c-4875-b662-4be79777fb25,1,"Atendimento impessoal, tudo por IA via W Zap, falharam no atendimento inicial ao analisar o meu perfil de negócio e mais ainda no pós venda...Quero devolver o carro. A Localiza Meoo conhecendo o perfil da minha empresa após análise do meu cadastro dispuseram um veículo com documentação irregular para minha atividade e sem reparação da situaçao até o momento.Última vez que fazemos negócios Localiza. Não recomendo.",2024-01-08 23:00:10,2.4.3,0,"Olá, tudo bem? Gostaríamos de conversar com você para ajudá-lo, poderia entrar em contato conosco pelo e-mail sucessoclientemeoo@localiza.com? Equipe Localiza Meoo 💚",GOOGLE_PLAY,atendimento impessoal tudo por ia via w zap falharam no atendimento inicial ao analisar o meu perfil de negocio e mais ainda no pos venda quero devolver o carro a localiza meoo conhecendo o perfil da minha empresa apos analise do meu cadastro dispuseram um veiculo com documentacao irregular para minha atividade e sem reparacao da situacao ate o momento ultima vez que fazemos negocios localiza nao recomendo,neutro,-1,0.6,neutro,suporte_atendimento,suporte,atendimento,media,suporte,support_prevention,Resolver necessidade antes do contato,0.72,neg:falha | pos:recomendo | rating:1 | suporte_atendimento:atendimento | suporte_atendimento:pos venda | atendimento:atendimento | atendimento:pos venda,review-rule-engine-v1
2754a40d-1a96-4d82-9de0-2b3277c23eac,1,Localiza tem um péssimo atendimento!,2024-01-08 11:19:26,2.4.3,0,"Olá, tudo bem? Gostaríamos de conversar com você para ajudá-lo, poderia entrar em contato conosco pelo e-mail sucessoclientemeoo@localiza.com? Equipe Localiza Meoo 💚",GOOGLE_PLAY,localiza tem um pessimo atendimento,negativo,-2,0.7,dor,suporte_atendimento,suporte,atendimento,media,suporte,support_prevention,Resolver necessidade antes do contato,0.82,neg:pessimo | rating:1 | suporte_atendimento:atendimento | atendimento:atendimento,review-rule-engine-v1
23df94f0-0cfa-4349-9eb0-6dbdf462d757,5,"Excelente qualidade, custo e benefício 😉👍",2024-01-06 20:48:32,2.4.3,0,"Olá, tudo bem? Ficamos muito felizes em saber que tem gostado da sua experiência conosco! Caso tenha alguma sugestão, fique a vontade para entrar em contato com a gente. Equipe Localiza Meoo 💚",GOOGLE_PLAY,excelente qualidade custo e beneficio,positivo,2,0.7,elogio,beneficios,beneficios,nenhuma,baixa,beneficios,beneficio_contextual,Ver benefício relevante,0.78,pos:excelente | rating:5 | beneficios:beneficio,review-rule-engine-v1
8957616f-e44e-407f-9474-3c3a0b1374ed,3,Não consigo realizar o agendamento de um serviço ou uma revisão via app. Ele não está permitindo a seleção da cidade após a exibição da lista para a seleção. Fica travado.,2024-01-05 09:18:22,2.4.3,2,"Olá, tudo bem? Gostaríamos de conversar com você para ajudá-lo, poderia entrar em contato conosco pelo e-mail sucessoclientemeoo@localiza.com? Equipe Localiza Meoo 💚",GOOGLE_PLAY,nao consigo realizar o agendamento de um servico ou uma revisao via app ele nao esta permitindo a selecao da cidade apos a exibicao da lista para a selecao fica travado,negativo,-2,0.78,dor,manutencao_agendamento,manutencao,erro_funcional,alta,manutencao,proactive_care,Agendar revisão,0.9,neg:nao consigo | neg:trava | forte_neg:nao consigo | rating:3 | manutencao_agendamento:agendamento | manutencao_agendamento:revisao | manutencao_agendamento:servico | erro_funcional:travado | erro_funcional:nao consigo | erro_funcional:fica travado,review-rule-engine-v1
69250a77-ee5a-4cd3-a919-18a8b1afe5d1,5,"App fácil e intuitivo, interface limpa. Parabéns aos Dev's",2024-01-04 12:32:15,2.4.3,0,"Olá, tudo bem? Ficamos muito felizes em saber que tem gostado da sua experiência conosco! Caso tenha alguma sugestão, fique a vontade para entrar em contato com a gente. Equipe Localiza Meoo 💚",GOOGLE_PLAY,app facil e intuitivo interface limpa parabens aos dev s,positivo,3,0.8,elogio,geral,uso_do_app,usabilidade,baixa,experiencia_app,none,nenhuma,0.84,pos:facil | pos:intuitivo | rating:5 | usabilidade:intuitivo,review-rule-engine-v1
8fd1d211-c46f-46b6-b665-848f15d92b96,5,facil acesso no app,2024-01-03 20:48:47,2.4.3,0,"Olá, tudo bem? Ficamos muito felizes em saber que tem gostado da sua experiência conosco! Caso tenha alguma sugestão, fique a vontade para entrar em contato com a gente. Equipe Localiza Meoo 💚",GOOGLE_PLAY,facil acesso no app,positivo,2,0.7,elogio,acesso_login,acesso,nenhuma,baixa,conta_acesso,app_reliability,Resolver acesso ao app,0.78,pos:facil | rating:5 | acesso_login:acesso,review-rule-engine-v1
9e1a207d-4340-4791-bc6f-a34a22c1d15a,5,Experiência ótima ! Estou adorando utilizar os serviços localiza meoo,2024-01-02 12:48:57,2.4.3,0,"Olá, tudo bem? Ficamos muito felizes em saber que tem gostado da sua experiência conosco! Caso tenha alguma sugestão, fique a vontade para entrar em contato com a gente. Equipe Localiza Meoo 💚",GOOGLE_PLAY,experiencia otima estou adorando utilizar os servicos localiza meoo,positivo,3,0.8,elogio,manutencao_agendamento,manutencao,nenhuma,baixa,manutencao,proactive_care,Agendar revisão,0.88,pos:otima | pos:util | rating:5 | manutencao_agendamento:servico,review-rule-engine-v1
e8f5bb51-120e-4cb1-8186-840e02df9053,5,Um carro pra chamar de Meoo,2023-12-31 19:00:38,2.4.3,0,"Olá, tudo bem? Ficamos muito felizes em saber que tem gostado da sua experiência conosco! Caso tenha alguma sugestão, fique a vontade para entrar em contato com a gente. Equipe Localiza Meoo 💚",GOOGLE_PLAY,um carro pra chamar de meoo,positivo,1,0.6,elogio,geral,uso_do_app,nenhuma,baixa,experiencia_app,none,nenhuma,0.6,rating:5,review-rule-engine-v1
3436a3f9-7908-48f4-af0f-ec4c2ecd5b08,5,top,2023-12-28 08:49:43,2.4.3,0,"Olá, tudo bem? Ficamos muito felizes em saber que tem gostado da sua experiência conosco! Caso tenha alguma sugestão, fique a vontade para entrar em contato com a gente. Equipe Localiza Meoo 💚",GOOGLE_PLAY,top,positivo,1,0.6,elogio,geral,uso_do_app,nenhuma,baixa,experiencia_app,none,nenhuma,0.6,rating:5,review-rule-engine-v1
e337991f-1a1d-4f39-8027-0c44dfbb4fd3,5,Tóp demais resolvi tudo por aplicarivo*****,2023-12-23 11:54:32,2.4.3,0,"Olá, tudo bem? Ficamos muito felizes em saber que tem gostado da sua experiência conosco! Caso tenha alguma sugestão, fique a vontade para entrar em contato com a gente. Equipe Localiza Meoo 💚",GOOGLE_PLAY,top demais resolvi tudo por aplicarivo,positivo,1,0.6,elogio,geral,uso_do_app,nenhuma,baixa,experiencia_app,none,nenhuma,0.6,rating:5,review-rule-engine-v1
75a6abce-75bf-487d-bd8a-d9126cb1ed7b,5,muito bom,2023-12-22 09:56:10,2.4.3,0,"Olá, tudo bem? Ficamos muito felizes em saber que tem gostado da sua experiência conosco! Caso tenha alguma sugestão, fique a vontade para entrar em contato com a gente. Equipe Localiza Meoo 💚",GOOGLE_PLAY,muito bom,positivo,2,0.7,elogio,geral,uso_do_app,nenhuma,baixa,experiencia_app,none,nenhuma,0.7,pos:bom | rating:5,review-rule-engine-v1
a7feaaf6-cc10-44b2-8647-d6b9202fe46c,5,Prático e eficiente!,2023-12-22 00:25:20,2.4.3,0,"Olá, tudo bem? Ficamos muito felizes em saber que tem gostado da sua experiência conosco! Caso tenha alguma sugestão, fique a vontade para entrar em contato com a gente. Equipe Localiza Meoo 💚",GOOGLE_PLAY,pratico e eficiente,positivo,2,0.7,elogio,geral,uso_do_app,nenhuma,baixa,experiencia_app,none,nenhuma,0.7,pos:pratico | rating:5,review-rule-engine-v1
09913367-e8ff-42f8-84b6-975b50dfb336,5,Pratico,2023-12-18 14:35:30,2.4.3,0,"Olá, tudo bem? Ficamos muito felizes em saber que tem gostado da sua experiência conosco! Caso tenha alguma sugestão, fique a vontade para entrar em contato com a gente. Equipe Localiza Meoo 💚",GOOGLE_PLAY,pratico,positivo,2,0.7,elogio,geral,uso_do_app,nenhuma,baixa,experiencia_app,none,nenhuma,0.7,pos:pratico | rating:5,review-rule-engine-v1
89ef2f40-916d-4f62-9ada-066a917ed729,5,Muito bom,2023-12-15 21:06:08,2.4.3,0,"Olá, tudo bem? Ficamos muito felizes em saber que tem gostado da sua experiência conosco! Caso tenha alguma sugestão, fique a vontade para entrar em contato com a gente. Equipe Localiza Meoo 💚",GOOGLE_PLAY,muito bom,positivo,2,0.7,elogio,geral,uso_do_app,nenhuma,baixa,experiencia_app,none,nenhuma,0.7,pos:bom | rating:5,review-rule-engine-v1
b846b689-3cfb-40f2-b2b5-d77dcadcef45,5,fácil,2023-12-13 16:58:26,2.4.3,0,"Olá, tudo bem? Ficamos muito felizes em saber que tem gostado da sua experiência conosco! Caso tenha alguma sugestão, fique a vontade para entrar em contato com a gente. Equipe Localiza Meoo 💚",GOOGLE_PLAY,facil,positivo,2,0.7,elogio,geral,uso_do_app,nenhuma,baixa,experiencia_app,none,nenhuma,0.7,pos:facil | rating:5,review-rule-engine-v1
81ef0990-0054-426a-8bdc-6ea69ae2ce77,5,Muito bom,2023-12-12 10:58:25,2.4.0,0,"Olá, tudo bem? Ficamos muito felizes em saber que tem gostado da sua experiência conosco! Caso tenha alguma sugestão, fique a vontade para entrar em contato com a gente. Equipe Localiza Meoo 💚",GOOGLE_PLAY,muito bom,positivo,2,0.7,elogio,geral,uso_do_app,nenhuma,baixa,experiencia_app,none,nenhuma,0.7,pos:bom | rating:5,review-rule-engine-v1
c0d941ab-5006-404c-8e18-959fd8f59974,5,muito bom,2023-12-11 19:29:49,2.4.3,0,"Olá, tudo bem? Ficamos muito felizes em saber que tem gostado da sua experiência conosco! Caso tenha alguma sugestão, fique a vontade para entrar em contato com a gente. Equipe Localiza Meoo 💚",GOOGLE_PLAY,muito bom,positivo,2,0.7,elogio,geral,uso_do_app,nenhuma,baixa,experiencia_app,none,nenhuma,0.7,pos:bom | rating:5,review-rule-engine-v1
933706ef-5db3-4fec-a01e-2feaa066dde7,5,Ótima,2023-12-10 13:39:31,2.4.3,0,"Olá, tudo bem? Ficamos muito felizes em saber que tem gostado da sua experiência conosco! Caso tenha alguma sugestão, fique a vontade para entrar em contato com a gente. Equipe Localiza Meoo 💚",GOOGLE_PLAY,otima,positivo,2,0.7,elogio,geral,uso_do_app,nenhuma,baixa,experiencia_app,none,nenhuma,0.7,pos:otima | rating:5,review-rule-engine-v1
e2d73137-4623-4660-b0bf-1319626f217a,5,tô satisfeito,2023-12-06 14:03:52,2.4.0,0,"Olá, tudo bem? Ficamos muito felizes em saber que tem gostado da sua experiência conosco! Caso tenha alguma sugestão, fique a vontade para entrar em contato com a gente. Equipe Localiza Meoo 💚",GOOGLE_PLAY,to satisfeito,positivo,2,0.7,elogio,geral,uso_do_app,nenhuma,baixa,experiencia_app,none,nenhuma,0.7,pos:satisfeito | rating:5,review-rule-engine-v1
279a4257-f3b0-4178-b6a5-bca5ea08bb54,4,"Bom aplicativo, mas poderia ter uma opção pra gente alugar um outro carro no RAC por ele.",2023-12-06 08:37:12,2.4.0,0,"Olá, tudo bem? Gostaríamos de conversar com você para ajudá-lo, poderia entrar em contato conosco pelo e-mail sucessoclientemeoo@localiza.com? Equipe Localiza Meoo 💚",GOOGLE_PLAY,bom aplicativo mas poderia ter uma opcao pra gente alugar um outro carro no rac por ele,positivo,2,0.7,sugestao,geral,uso_do_app,funcionalidade_ausente,baixa,experiencia_app,none,nenhuma,0.74,pos:bom | rating:4 | funcionalidade_ausente:poderia ter,review-rule-engine-v1
3840cc6f-d76f-4011-99de-bdc62a5fd030,5,Excelente APP.,2023-12-04 20:22:02,2.4.0,0,"Olá, tudo bem? Ficamos muito felizes em saber que tem gostado da sua experiência conosco! Caso tenha alguma sugestão, fique a vontade para entrar em contato com a gente. Equipe Localiza Meoo 💚",GOOGLE_PLAY,excelente app,positivo,2,0.7,elogio,geral,uso_do_app,nenhuma,baixa,experiencia_app,none,nenhuma,0.7,pos:excelente | rating:5,review-rule-engine-v1
1f572a19-41ce-49c9-917d-392a6e298d69,5,"Fácil, prático e simples de acompanhar.",2023-12-04 16:00:25,2.4.0,0,"Olá, tudo bem? Ficamos muito felizes em saber que tem gostado da sua experiência conosco! Caso tenha alguma sugestão, fique a vontade para entrar em contato com a gente. Equipe Localiza Meoo 💚",GOOGLE_PLAY,facil pratico e simples de acompanhar,positivo,3,0.8,elogio,geral,uso_do_app,nenhuma,baixa,experiencia_app,none,nenhuma,0.8,pos:facil | pos:pratico | rating:5,review-rule-engine-v1
348a046f-54d8-47ba-b0e2-2f815fa79d6e,5,"rapidez, boas informações durante as negociações",2023-12-01 05:25:38,2.4.0,0,"Olá, tudo bem? Ficamos muito felizes em saber que tem gostado da sua experiência conosco! Caso tenha alguma sugestão, fique a vontade para entrar em contato com a gente. Equipe Localiza Meoo 💚",GOOGLE_PLAY,rapidez boas informacoes durante as negociacoes,positivo,2,0.7,elogio,geral,uso_do_app,nenhuma,baixa,experiencia_app,none,nenhuma,0.7,pos:boa | rating:5,review-rule-engine-v1
ef1954c2-0e4b-4f08-a8ee-10c442a32bd1,5,Super indico e tô apaixonada pelo Meoo,2023-11-28 19:07:22,2.4.0,0,"Olá, tudo bem? Ficamos muito felizes em saber que tem gostado da sua experiência conosco! Caso tenha alguma sugestão, fique a vontade para entrar em contato com a gente. Equipe Localiza Meoo 💚",GOOGLE_PLAY,super indico e to apaixonada pelo meoo,positivo,1,0.6,elogio,geral,uso_do_app,nenhuma,baixa,experiencia_app,none,nenhuma,0.6,rating:5,review-rule-engine-v1
53b9e3cc-e821-4893-b91b-e5e36d596281,1,"Não consigo instalar - vem um feedback de que o app será instalado em breve, mas nada acontece ...",2023-11-28 16:24:49,2.4.0,0,"Olá, tudo bem? Gostaríamos de conversar com você para ajudá-lo, poderia entrar em contato conosco pelo e-mail sucessoclientemeoo@localiza.com? Equipe Localiza Meoo 💚",GOOGLE_PLAY,nao consigo instalar vem um feedback de que o app sera instalado em breve mas nada acontece,negativo,-2,0.78,dor,funcionalidade_usabilidade,uso_do_app,erro_funcional,alta,experiencia_app,none,nenhuma,0.9,neg:nao consigo | forte_neg:nao consigo | rating:1 | fallback:sentimento_negativo | erro_funcional:nao consigo,review-rule-engine-v1
163b70f4-d692-4118-93d8-83b2e19e2cfa,1,"Estou tentando alterar o cartão há dias, aparece que está ok porém quando vou verificar o cartão não está instalado",2023-11-24 06:29:17,,0,"Olá, tudo bem? Gostaríamos de conversar com você para ajudá-lo, poderia entrar em contato conosco pelo e-mail sucessoclientemeoo@localiza.com? Equipe Localiza Meoo 💚",GOOGLE_PLAY,estou tentando alterar o cartao ha dias aparece que esta ok porem quando vou verificar o cartao nao esta instalado,negativo,-1,0.6,dor,pagamento_financeiro,financeiro,friccao_na_jornada,media,financeiro,zero_surpresa,Revisar pagamentos e vencimentos,0.72,rating:1 | pagamento_financeiro:cartao | topic:pagamento_financeiro,review-rule-engine-v1
1218e6b3-74a1-4aa9-8549-3a3d19e4e908,4,"pode melhorar, mas está ok",2023-11-23 11:33:30,2.4.0,0,"Olá, tudo bem? Ficamos muito felizes em saber que tem gostado da sua experiência conosco! Caso tenha alguma sugestão, fique a vontade para entrar em contato com a gente. Equipe Localiza Meoo 💚",GOOGLE_PLAY,pode melhorar mas esta ok,positivo,1,0.6,sugestao,geral,uso_do_app,nenhuma,baixa,experiencia_app,none,nenhuma,0.6,rating:4,review-rule-engine-v1
9cb0a8f4-a11d-4990-bbf4-15c4d1fe687d,5,Foi o melhor negócio automotivo que já realizei.,2023-11-23 09:43:30,2.4.0,0,"Olá, tudo bem? Ficamos muito felizes em saber que tem gostado da sua experiência conosco! Para o que precisar, conte com a gente! Equipe Localiza Meoo 💚",GOOGLE_PLAY,foi o melhor negocio automotivo que ja realizei,positivo,1,0.6,elogio,geral,uso_do_app,nenhuma,baixa,experiencia_app,none,nenhuma,0.6,rating:5,review-rule-engine-v1
15391dbf-a0e5-4fb1-baa4-54d8bef4ed29,5,Muito bom e fácil de manozear,2023-11-22 16:52:13,2.4.0,0,"Olá, tudo bem? Ficamos muito felizes em saber que tem gostado da sua experiência conosco! Para o que precisar, conte com a gente! Equipe Localiza Meoo 💚",GOOGLE_PLAY,muito bom e facil de manozear,positivo,3,0.8,elogio,geral,uso_do_app,usabilidade,baixa,experiencia_app,none,nenhuma,0.84,pos:facil | pos:bom | rating:5 | usabilidade:facil de,review-rule-engine-v1
8fa95f02-fff7-4ed4-91d2-9b4be385d6b3,5,Rápido e eficaz,2023-11-22 08:38:21,2.3.24,0,"Olá, tudo bem? Ficamos muito felizes em saber que tem gostado da sua experiência conosco! Para o que precisar, conte com a gente! Equipe Localiza Meoo 💚",GOOGLE_PLAY,rapido e eficaz,positivo,3,0.8,elogio,geral,uso_do_app,nenhuma,baixa,experiencia_app,none,nenhuma,0.8,pos:eficaz | pos:rapido | rating:5,review-rule-engine-v1
6f945a94-2fc2-49a4-b7de-6848016b72f4,4,Bom app,2023-11-19 18:07:10,2.4.0,0,"Olá, tudo bem? Ficamos muito felizes em saber que tem gostado da sua experiência conosco! Para o que precisar, conte com a gente! Equipe Localiza Meoo 💚",GOOGLE_PLAY,bom app,positivo,2,0.7,elogio,geral,uso_do_app,nenhuma,baixa,experiencia_app,none,nenhuma,0.7,pos:bom | rating:4,review-rule-engine-v1
55b4a2f7-cd19-4d15-b5dd-24cd04628b9f,5,Bom aplicativo. Tem evoluído ao longo do tempo.,2023-11-17 20:15:30,2.3.21,0,"Olá, tudo bem? Ficamos muito felizes em saber que tem gostado da sua experiência conosco! Para o que precisar, conte com a gente! Equipe Localiza Meoo 💚",GOOGLE_PLAY,bom aplicativo tem evoluido ao longo do tempo,positivo,2,0.7,elogio,geral,uso_do_app,nenhuma,baixa,experiencia_app,none,nenhuma,0.7,pos:bom | rating:5,review-rule-engine-v1
67682164-f71a-4464-abbe-3621e83e5374,2,Pane Bug não entra demora fica ... Hacker,2023-11-17 15:00:04,,0,"Olá, tudo bem? Gostaríamos de conversar com você para ajudá-lo, poderia entrar em contato conosco pelo e-mail sucessoclientemeoo@localiza.com? Equipe Localiza Meoo 💚",GOOGLE_PLAY,pane bug nao entra demora fica hacker,negativo,-4,0.9,dor,performance_estabilidade,uso_do_app,performance_estabilidade,media,app,app_reliability,Corrigir experiência do app,0.98,neg:demora | neg:bug | neg:hacker | rating:2 | performance_estabilidade:demora | performance_estabilidade:bug,review-rule-engine-v1
4b04761c-512c-466e-9c14-26eb76591c46,5,Fácil de usar.,2023-11-16 13:37:40,2.4.0,0,"Olá, tudo bem? Ficamos muito felizes em saber que tem gostado da sua experiência conosco! Para o que precisar, conte com a gente! Equipe Localiza Meoo 💚",GOOGLE_PLAY,facil de usar,positivo,2,0.7,elogio,geral,uso_do_app,usabilidade,baixa,experiencia_app,none,nenhuma,0.74,pos:facil | rating:5 | usabilidade:facil de,review-rule-engine-v1
aae29389-0736-4400-ae05-e11fb4d03658,5,Ótima,2023-11-16 09:52:43,2.4.0,0,"Olá, tudo bem? Ficamos muito felizes em saber que tem gostado da sua experiência conosco! Para o que precisar, conte com a gente! Equipe Localiza Meoo 💚",GOOGLE_PLAY,otima,positivo,2,0.7,elogio,geral,uso_do_app,nenhuma,baixa,experiencia_app,none,nenhuma,0.7,pos:otima | rating:5,review-rule-engine-v1
5a9cebbf-d024-431a-8feb-275b6e5603f8,1,Não aceita e-mail cadastrado,2023-11-13 14:37:04,2.3.24,0,"Olá, tudo bem? Gostaríamos de conversar com você para ajudá-lo, poderia entrar em contato conosco pelo e-mail sucessoclientemeoo@localiza.com? Equipe Localiza Meoo 💚",GOOGLE_PLAY,nao aceita e mail cadastrado,negativo,-1,0.6,dor,suporte_atendimento,suporte,friccao_na_jornada,media,suporte,support_prevention,Resolver necessidade antes do contato,0.72,rating:1 | suporte_atendimento:e mail | topic:suporte_atendimento,review-rule-engine-v1
9a87b2b0-e165-4702-b569-4782e452248b,5,legal,2023-11-09 15:01:21,2.3.24,0,"Olá, tudo bem? Ficamos muito felizes em saber que tem gostado da sua experiência conosco! Para o que precisar, conte com a gente! Equipe Localiza Meoo 💚",GOOGLE_PLAY,legal,positivo,1,0.6,elogio,geral,uso_do_app,nenhuma,baixa,experiencia_app,none,nenhuma,0.6,rating:5,review-rule-engine-v1
d7211cf6-167c-4266-8e4b-3a8b8d118ba6,4,"Acabei de instalar para acompanhar o processo do carro por assinatura e desde ontem, não consigo acessar da erro e pede p retornar e tentar Mais tarde mas nada, depois de alguns dias entrou normalmente, aplicativo bem didático, simples e direto pelo que se propõem",2023-11-08 17:16:26,2.3.24,7,"Olá, tudo bem? Gostaríamos de conversar com você para ajudá-lo, poderia entrar em contato conosco pelo e-mail sucessoclientemeoo@localiza.com? Equipe Localiza Meoo 💚",GOOGLE_PLAY,acabei de instalar para acompanhar o processo do carro por assinatura e desde ontem nao consigo acessar da erro e pede p retornar e tentar mais tarde mas nada depois de alguns dias entrou normalmente aplicativo bem didatico simples e direto pelo que se propoem,negativo,-2,0.78,dor,contrato_assinatura,contrato,erro_funcional,alta,contrato,zero_surpresa,Ver contrato e próximos eventos,0.9,neg:nao consigo | neg:erro | forte_neg:nao consigo | rating:4 | contrato_assinatura:assinatura | erro_funcional:nao consigo,review-rule-engine-v1
ede48f73-eae5-43f0-8daf-5fada11cd9a6,1,"O APP não abre, dá mensagem de erro, exclui e instalei o erro persiste.",2023-11-07 16:54:37,2.3.24,0,"Olá, tudo bem? Gostaríamos de conversar com você para ajudá-lo, poderia entrar em contato conosco pelo e-mail sucessoclientemeoo@localiza.com? Equipe Localiza Meoo 💚",GOOGLE_PLAY,o app nao abre da mensagem de erro exclui e instalei o erro persiste,negativo,-2,0.78,dor,performance_estabilidade,uso_do_app,erro_funcional,alta,app,app_reliability,Corrigir experiência do app,0.9,neg:erro | neg:nao abre | forte_neg:nao abre | rating:1 | performance_estabilidade:erro | erro_funcional:nao abre,review-rule-engine-v1
f1787a98-57e1-432f-b8e9-a0bd48590fbf,5,muito prático e fácil de usar,2023-11-07 09:06:15,2.3.24,0,"Olá, tudo bem? Ficamos muito felizes em saber que tem gostado da sua experiência conosco! Para o que precisar, conte com a gente! Equipe Localiza Meoo 💚",GOOGLE_PLAY,muito pratico e facil de usar,positivo,3,0.8,elogio,geral,uso_do_app,usabilidade,baixa,experiencia_app,none,nenhuma,0.84,pos:facil | pos:pratico | rating:5 | usabilidade:facil de,review-rule-engine-v1
86ae6a3d-4f04-4c99-a451-e44c612284be,5,ótimo atendimento,2023-11-06 18:32:43,2.3.24,0,"Olá, tudo bem? Ficamos muito felizes em saber que tem gostado da sua experiência conosco! Para o que precisar, conte com a gente! Equipe Localiza Meoo 💚",GOOGLE_PLAY,otimo atendimento,positivo,2,0.7,elogio,suporte_atendimento,suporte,atendimento,baixa,suporte,support_prevention,Resolver necessidade antes do contato,0.82,pos:otimo | rating:5 | suporte_atendimento:atendimento | atendimento:atendimento,review-rule-engine-v1
0d35a0f6-a4a3-4a0b-92cc-03308138f141,5,Ótimo app excelente recomendo,2023-11-05 23:43:14,2.3.24,0,"Olá, tudo bem? Ficamos muito felizes em saber que tem gostado da sua experiência conosco! Para o que precisar, conte com a gente! Equipe Localiza Meoo 💚",GOOGLE_PLAY,otimo app excelente recomendo,positivo,4,0.9,elogio,geral,uso_do_app,nenhuma,baixa,experiencia_app,none,nenhuma,0.9,pos:excelente | pos:recomendo | pos:otimo | rating:5,review-rule-engine-v1
0225593a-6639-41eb-a676-b7be9ac1d282,5,Òtimo!,2023-11-03 16:21:27,2.3.24,0,"Olá, tudo bem? Ficamos muito felizes em saber que tem gostado da sua experiência conosco! Para o que precisar, conte com a gente! Equipe Localiza Meoo 💚",GOOGLE_PLAY,otimo,positivo,2,0.7,elogio,geral,uso_do_app,nenhuma,baixa,experiencia_app,none,nenhuma,0.7,pos:otimo | rating:5,review-rule-engine-v1
e9e098f4-c7ed-4238-8fee-a1d714f1325b,1,Complicado demais,2023-11-02 07:26:51,2.3.9,0,"Olá, tudo bem? Gostaríamos de conversar com você para ajudá-lo, poderia entrar em contato conosco pelo e-mail sucessoclientemeoo@localiza.com? Equipe Localiza Meoo 💚",GOOGLE_PLAY,complicado demais,negativo,-2,0.7,dor,funcionalidade_usabilidade,uso_do_app,usabilidade,media,experiencia_app,none,nenhuma,0.82,neg:complicado | rating:1 | fallback:sentimento_negativo | usabilidade:complicado,review-rule-engine-v1
4dec511c-a6cb-4ec4-9a5a-d7f6068269a7,1,Impossível logar. Dá erro sempre. App inútil.,2023-11-01 20:53:17,2.3.24,0,"Olá, tudo bem? Gostaríamos de conversar com você para ajudá-lo, poderia entrar em contato conosco pelo e-mail sucessoclientemeoo@localiza.com? Equipe Localiza Meoo 💚",GOOGLE_PLAY,impossivel logar da erro sempre app inutil,negativo,-2,0.7,dor,acesso_login,acesso,disponibilidade,alta,conta_acesso,app_reliability,Resolver acesso ao app,0.82,neg:erro | neg:impossivel | pos:util | rating:1 | acesso_login:logar | topic:acesso_login,review-rule-engine-v1
1d037e6b-497e-4c43-a334-8c0b70dcc6f3,2,Não consigo agendar serviços. o campo de cidade não seleciona.,2023-10-31 15:01:03,2.3.21,0,"Olá, tudo bem? Gostaríamos de conversar com você para ajudá-lo, poderia entrar em contato conosco pelo e-mail sucessoclientemeoo@localiza.com? Equipe Localiza Meoo 💚",GOOGLE_PLAY,nao consigo agendar servicos o campo de cidade nao seleciona,negativo,-2,0.78,dor,manutencao_agendamento,manutencao,erro_funcional,alta,manutencao,proactive_care,Agendar revisão,0.9,neg:nao consigo | forte_neg:nao consigo | rating:2 | manutencao_agendamento:agendar | manutencao_agendamento:servico | erro_funcional:nao consigo,review-rule-engine-v1
642ca29c-5dfd-4f8b-aa4c-d889306b70de,5,Muito atenciosos,2023-10-31 10:16:05,2.3.21,0,"Olá, tudo bem? Ficamos muito felizes em saber que tem gostado da sua experiência conosco! Para o que precisar, conte com a gente! Equipe Localiza Meoo 💚",GOOGLE_PLAY,muito atenciosos,positivo,1,0.6,elogio,geral,uso_do_app,nenhuma,baixa,experiencia_app,none,nenhuma,0.6,rating:5,review-rule-engine-v1
eae4bd90-4eea-4d59-99be-61aed5a6cc63,5,maravilhoso,2023-10-31 00:47:17,2.3.22,0,"Olá, tudo bem? Ficamos muito felizes em saber que tem gostado da sua experiência conosco! Para o que precisar, conte com a gente! Equipe Localiza Meoo 💚",GOOGLE_PLAY,maravilhoso,positivo,2,0.7,elogio,geral,uso_do_app,nenhuma,baixa,experiencia_app,none,nenhuma,0.7,pos:maravilhoso | rating:5,review-rule-engine-v1
c1f460ed-1b74-419c-b708-a96097bc04e2,5,Muito bom. Rápido e prático.,2023-10-28 10:02:57,2.3.21,0,"Olá, tudo bem? Ficamos muito felizes em saber que tem gostado da sua experiência conosco! Para o que precisar, conte com a gente! Equipe Localiza Meoo 💚",GOOGLE_PLAY,muito bom rapido e pratico,positivo,4,0.9,elogio,geral,uso_do_app,nenhuma,baixa,experiencia_app,none,nenhuma,0.9,pos:pratico | pos:rapido | pos:bom | rating:5,review-rule-engine-v1
b2eae1ec-7bd9-4aa6-89e7-602141819d9d,5,Excelente aplicativo. Atendeu todas as minhas necessidades.,2023-10-27 08:47:09,2.3.21,0,"Olá, tudo bem? Ficamos muito felizes em saber que tem gostado da sua experiência conosco! Para o que precisar, conte com a gente! Equipe Localiza Meoo 💚",GOOGLE_PLAY,excelente aplicativo atendeu todas as minhas necessidades,positivo,2,0.7,elogio,geral,uso_do_app,nenhuma,baixa,experiencia_app,none,nenhuma,0.7,pos:excelente | rating:5,review-rule-engine-v1
9a7c0643-3bf7-4554-8ba8-08ca7fa0d727,5,ótimo,2023-10-26 10:02:44,2.3.21,0,"Olá, tudo bem? Ficamos muito felizes em saber que tem gostado da sua experiência conosco! Para o que precisar, conte com a gente! Equipe Localiza Meoo 💚",GOOGLE_PLAY,otimo,positivo,2,0.7,elogio,geral,uso_do_app,nenhuma,baixa,experiencia_app,none,nenhuma,0.7,pos:otimo | rating:5,review-rule-engine-v1
6a71abe9-8b9f-4420-a78c-828292d97c3b,1,"Cansada de tentar acessar esse app... sempre tem problemas... não abre, congela, de Abre não tem nenhum informação atualizada... Já liguei reclamando sobre isso várias vezes e nada! importante ter... E seria tão importante de funcionasse como era antes na época da UNIDAS... Pra ser sincera, aqui nesse app só consta informações sobre o meu outro contrato que já encerrou... Nada sobre meu contrato atual... Poderiam por gentileza resolver isso??????",2023-10-23 19:26:46,2.3.21,11,"Olá, tudo bem? Gostaríamos de conversar com você para ajudá-lo, poderia entrar em contato conosco pelo e-mail sucessoclientemeoo@localiza.com? Equipe Localiza Meoo 💚",GOOGLE_PLAY,cansada de tentar acessar esse app sempre tem problemas nao abre congela de abre nao tem nenhum informacao atualizada ja liguei reclamando sobre isso varias vezes e nada importante ter e seria tao importante de funcionasse como era antes na epoca da unidas pra ser sincera aqui nesse app so consta informacoes sobre o meu outro contrato que ja encerrou nada sobre meu contrato atual poderiam por gentileza resolver isso,negativo,-2,0.78,sugestao,contrato_assinatura,contrato,erro_funcional,alta,contrato,zero_surpresa,Ver contrato e próximos eventos,0.9,neg:erro | neg:problema | neg:nao abre | forte_neg:nao abre | rating:1 | contrato_assinatura:contrato | erro_funcional:nao abre,review-rule-engine-v1
25a9d42d-c7ad-41d1-96d4-3706ac7dd036,5,Estou adorando os serviços disponibilizados.,2023-10-18 16:19:10,2.3.21,0,"Olá, tudo bem? Ficamos muito felizes em saber que tem gostado da sua experiência conosco! Para o que precisar, conte com a gente! Equipe Localiza Meoo 💚",GOOGLE_PLAY,estou adorando os servicos disponibilizados,positivo,1,0.6,elogio,manutencao_agendamento,manutencao,nenhuma,baixa,manutencao,proactive_care,Agendar revisão,0.68,rating:5 | manutencao_agendamento:servico,review-rule-engine-v1
ba65a1e0-82ac-4d5d-96b9-94b3e38aeacd,5,Top,2023-10-16 10:56:00,2.3.21,0,"Olá, tudo bem? Ficamos muito felizes em saber que tem gostado da sua experiência conosco! Para o que precisar, conte com a gente! Equipe Localiza Meoo 💚",GOOGLE_PLAY,top,positivo,1,0.6,elogio,geral,uso_do_app,nenhuma,baixa,experiencia_app,none,nenhuma,0.6,rating:5,review-rule-engine-v1
e297e170-bfca-4957-a01b-dce899e64459,5,Muito bom obrigado parabéns a localiza meoo muito boa pra se relacionar super recomendo ótimo atendimento em todos os sentidos obrigado continuem assim,2023-10-14 20:52:07,2.3.21,0,"Olá, tudo bem? Ficamos muito felizes em saber que tem gostado da sua experiência conosco! Para o que precisar, conte com a gente! Equipe Localiza Meoo 💚",GOOGLE_PLAY,muito bom obrigado parabens a localiza meoo muito boa pra se relacionar super recomendo otimo atendimento em todos os sentidos obrigado continuem assim,positivo,5,0.9,elogio,suporte_atendimento,suporte,atendimento,baixa,suporte,support_prevention,Resolver necessidade antes do contato,0.98,pos:boa | pos:recomendo | pos:otimo | pos:bom | rating:5 | suporte_atendimento:atendimento | atendimento:atendimento,review-rule-engine-v1
52b16412-ee0c-4fae-a426-8ab3839d2770,2,Difícil de trocar o condutor do veículo,2023-10-09 09:52:11,2.3.21,0,"Olá, tudo bem? Gostaríamos de conversar com você para ajudá-lo, poderia entrar em contato conosco pelo e-mail sucessoclientemeoo@localiza.com? Equipe Localiza Meoo 💚",GOOGLE_PLAY,dificil de trocar o condutor do veiculo,negativo,-2,0.7,dor,multas_condutor,multas,usabilidade,media,multas,zero_surpresa,Resolver multas e condutor,0.82,neg:dificil | rating:2 | multas_condutor:condutor | usabilidade:dificil,review-rule-engine-v1
413aa4e3-c738-4820-b093-68346d21388d,1,Muito ruim. Não acessa,2023-10-09 08:06:27,2.3.21,0,"Olá, tudo bem? Gostaríamos de conversar com você para ajudá-lo, poderia entrar em contato conosco pelo e-mail sucessoclientemeoo@localiza.com? Equipe Localiza Meoo 💚",GOOGLE_PLAY,muito ruim nao acessa,negativo,-2,0.7,dor,funcionalidade_usabilidade,uso_do_app,friccao_na_jornada,media,experiencia_app,none,nenhuma,0.82,neg:ruim | rating:1 | fallback:sentimento_negativo | topic:funcionalidade_usabilidade,review-rule-engine-v1
5e7896b8-fcd4-4cc8-8e85-1158371f67ca,5,Sou cliente satisfeito. E muito grato.,2023-10-06 17:11:55,2.3.19,0,"Olá, tudo bem? Ficamos muito felizes em saber que tem gostado da sua experiência conosco! Para o que precisar, conte com a gente! Equipe Localiza Meoo 💚",GOOGLE_PLAY,sou cliente satisfeito e muito grato,positivo,2,0.7,elogio,geral,uso_do_app,nenhuma,baixa,experiencia_app,none,nenhuma,0.7,pos:satisfeito | rating:5,review-rule-engine-v1
f08c09b4-0044-4e9a-881c-026cbbba65ac,3,"Aplicativo não abre ,após várias tentativas.",2023-10-05 10:52:43,2.3.19,1,"Olá, tudo bem? Gostaríamos de conversar com você para ajudá-lo, poderia entrar em contato conosco pelo e-mail sucessoclientemeoo@localiza.com? Equipe Localiza Meoo 💚",GOOGLE_PLAY,aplicativo nao abre apos varias tentativas,negativo,-2,0.78,dor,funcionalidade_usabilidade,uso_do_app,erro_funcional,alta,experiencia_app,none,nenhuma,0.9,neg:nao abre | forte_neg:nao abre | rating:3 | fallback:sentimento_negativo | erro_funcional:nao abre,review-rule-engine-v1
74e4c00c-14d1-475a-832e-bf5db749307c,1,Aplicativo parou de funcionar faz mais de 10 dias. Deveriam avisar aos clientes sobre o problema!,2023-10-03 02:17:47,2.3.19,1,"Olá, tudo bem? Gostaríamos de conversar com você para ajudá-lo, poderia entrar em contato conosco pelo e-mail sucessoclientemeoo@localiza.com? Equipe Localiza Meoo 💚",GOOGLE_PLAY,aplicativo parou de funcionar faz mais de 10 dias deveriam avisar aos clientes sobre o problema,negativo,-2,0.7,sugestao,funcionalidade_usabilidade,uso_do_app,friccao_na_jornada,media,experiencia_app,none,nenhuma,0.82,neg:problema | rating:1 | fallback:sentimento_negativo | topic:funcionalidade_usabilidade,review-rule-engine-v1
efb7258d-1dc2-49ad-92e9-31b3376c9d3c,5,"Localiza meoo é a melhor opção pra quem quer ter um carro zero e de confiança, super indico, obrigado MEOO",2023-09-30 06:16:47,2.3.19,0,"Olá, tudo bem? Ficamos muito felizes em saber que tem gostado da sua experiência conosco! Para o que precisar, conte com a gente! Equipe Localiza Meoo 💚",GOOGLE_PLAY,localiza meoo e a melhor opcao pra quem quer ter um carro zero e de confianca super indico obrigado meoo,positivo,1,0.6,elogio,geral,uso_do_app,nenhuma,baixa,experiencia_app,none,nenhuma,0.6,rating:5,review-rule-engine-v1
b57883a0-d03d-46aa-bb5d-87e8ba5f07e7,1,"EM 2022 ASSINEI UM MOBI LIKE COM A UNIDAS LIVRE POR 4 ANOS. CONTUDO, AGORA A LOCALIZA MEOO RESPONDE POR ESSE CONTRATO. NA ÉPOCA FUI INFORMADO PELO ATENDENTE QUE, A CADA 1 ANO, PODERIA TROCAR MEU CARRO DO CONTRATO POR UM ZERO KM. NO CONTRATO, NO ITEM 8.4, TAMBÉM FALA DESSA POSSIBILIDADE. NO ENTANTO, APÓS COMPLETAR 12 MESES DE CONTRATO E ENTRAR EM CONTATO COM A LOCALIZA MEOO, FUI INFORMADO QUE NÃO ERA POSSÍVEL FAZER ESSA TROCA, APENAS PODERIA SE EU QUISESSE FAZER UM NOVO CONTRATO, COM OUTRO VALOR",2023-09-28 14:01:31,2.3.19,1,"Olá, tudo bem? Gostaríamos de conversar com você para ajudá-lo, poderia entrar em contato conosco pelo e-mail sucessoclientemeoo@localiza.com? Equipe Localiza Meoo 💚",GOOGLE_PLAY,em 2022 assinei um mobi like com a unidas livre por 4 anos contudo agora a localiza meoo responde por esse contrato na epoca fui informado pelo atendente que a cada 1 ano poderia trocar meu carro do contrato por um zero km no contrato no item 8 4 tambem fala dessa possibilidade no entanto apos completar 12 meses de contrato e entrar em contato com a localiza meoo fui informado que nao era possivel fazer essa troca apenas poderia se eu quisesse fazer um novo contrato com outro valor,negativo,-1,0.6,sugestao,acesso_login,acesso,disponibilidade,alta,conta_acesso,app_reliability,Resolver acesso ao app,0.72,rating:1 | acesso_login:entrar | topic:acesso_login,review-rule-engine-v1
36db2628-c19e-49bd-8d44-656e06faf4c1,5,Muito boa!,2023-09-25 11:47:20,2.3.19,0,"Olá, tudo bem? Ficamos muito felizes em saber que tem gostado da sua experiência conosco! Para o que precisar, conte com a gente! Equipe Localiza Meoo 💚",GOOGLE_PLAY,muito boa,positivo,2,0.7,elogio,geral,uso_do_app,nenhuma,baixa,experiencia_app,none,nenhuma,0.7,pos:boa | rating:5,review-rule-engine-v1
fc34ab35-bb59-4bb1-a713-253780da9e19,5,"Ótimo aquisição, só poderiam ser km livre",2023-09-24 11:18:17,2.3.19,0,"Olá, tudo bem? Ficamos muito felizes em saber que tem gostado da sua experiência conosco! Para o que precisar, conte com a gente! Equipe Localiza Meoo 💚",GOOGLE_PLAY,otimo aquisicao so poderiam ser km livre,positivo,2,0.7,sugestao,telemetria_localizacao,uso_do_carro,nenhuma,baixa,telemetria,zero_surpresa,Ver status do carro e uso,0.78,pos:otimo | rating:5 | telemetria_localizacao:km,review-rule-engine-v1
0f5d4042-1c94-4e2b-b135-4e54bc651708,5,Qualidade no atendimento e no serviço prestado ao cliente,2023-09-22 09:53:58,2.3.19,1,"Olá, tudo bem? Ficamos muito felizes em saber que tem gostado da sua experiência conosco! Para o que precisar, conte com a gente! Equipe Localiza Meoo 💚",GOOGLE_PLAY,qualidade no atendimento e no servico prestado ao cliente,positivo,1,0.6,elogio,manutencao_agendamento,manutencao,atendimento,baixa,manutencao,proactive_care,Agendar revisão,0.72,rating:5 | manutencao_agendamento:servico | atendimento:atendimento,review-rule-engine-v1
d8087925-7323-4b5b-849d-e2947776992a,5,Excelente aplicativo. Muito intuitivo e prático!,2023-09-22 06:48:30,2.3.19,0,"Olá, tudo bem? Ficamos muito felizes em saber que tem gostado da sua experiência conosco! Para o que precisar, conte com a gente! Equipe Localiza Meoo 💚",GOOGLE_PLAY,excelente aplicativo muito intuitivo e pratico,positivo,4,0.9,elogio,geral,uso_do_app,usabilidade,baixa,experiencia_app,none,nenhuma,0.94,pos:excelente | pos:pratico | pos:intuitivo | rating:5 | usabilidade:intuitivo,review-rule-engine-v1
b45d709b-02c0-4f79-bc2a-fbbdd6f28175,3,Continua sem acesso. dando erro para acessar. Piorou muito. Antes conseguia acessar. Agora Melhor.,2023-09-21 21:15:34,2.3.16,2,"Olá, tudo bem? Agradecemos muito pelo seu feedback! Ele será repassado ao nosso time que cuida do desenvolvimento do App para que possamos evoluir cada vez mais. Equipe Localiza Meoo 💚",GOOGLE_PLAY,continua sem acesso dando erro para acessar piorou muito antes conseguia acessar agora melhor,negativo,-2,0.78,dor,acesso_login,acesso,disponibilidade,media,conta_acesso,app_reliability,Resolver acesso ao app,0.9,neg:erro | neg:sem acesso | forte_neg:sem acesso | rating:3 | acesso_login:acesso | topic:acesso_login,review-rule-engine-v1
433c5928-f232-443e-b1e1-a63ed5b68e18,5,Excelente,2023-09-21 10:16:15,2.3.19,0,"Olá, tudo bem? Ficamos muito felizes em saber que tem gostado da sua experiência conosco! Para o que precisar, conte com a gente! Equipe Localiza Meoo 💚",GOOGLE_PLAY,excelente,positivo,2,0.7,elogio,geral,uso_do_app,nenhuma,baixa,experiencia_app,none,nenhuma,0.7,pos:excelente | rating:5,review-rule-engine-v1
df250245-62cb-4de9-b10d-89295290a7ca,3,"Funcionalidades são boas e claras,porém, o app parece pesado e demora mais de 2 minutos pra abrir.",2023-09-19 17:00:06,2.3.19,2,"Olá, tudo bem? Gostaríamos de conversar com você para ajudá-lo, poderia entrar em contato conosco pelo e-mail sucessoclientemeoo@localiza.com? Equipe Localiza Meoo 💚",GOOGLE_PLAY,funcionalidades sao boas e claras porem o app parece pesado e demora mais de 2 minutos pra abrir,neutro,0,0.5,neutro,performance_estabilidade,uso_do_app,performance_estabilidade,baixa,app,app_reliability,Corrigir experiência do app,0.62,neg:demora | pos:boa | rating:3 | performance_estabilidade:demora,review-rule-engine-v1
66dbfd69-3c29-4ee2-a5b7-e557e5be0acd,3,"Ajuda bastante no atendimento, mas tem que melhorar muito ainda.",2023-09-19 08:56:18,2.3.16,0,"Olá, tudo bem? Agradecemos muito pelo seu feedback, ele será repassado ao nosso time que cuida do desenvolvimento do App para que possamos evoluir cada vez mais. Equipe Localiza Meoo 💚",GOOGLE_PLAY,ajuda bastante no atendimento mas tem que melhorar muito ainda,neutro,1,0.6,sugestao,suporte_atendimento,suporte,atendimento,baixa,suporte,support_prevention,Resolver necessidade antes do contato,0.72,pos:ajuda | rating:3 | suporte_atendimento:atendimento | atendimento:atendimento,review-rule-engine-v1
6df31c37-d5a9-45c8-b930-8c9a615b239b,5,Muito prático e confiável!,2023-09-18 13:50:21,2.3.16,0,"Olá, tudo bem? Ficamos muito felizes em saber que tem gostado da sua experiência conosco! Para o que precisar, conte com a gente! Equipe Localiza Meoo 💚",GOOGLE_PLAY,muito pratico e confiavel,positivo,3,0.8,elogio,geral,uso_do_app,nenhuma,baixa,experiencia_app,none,nenhuma,0.8,pos:confiavel | pos:pratico | rating:5,review-rule-engine-v1
b7459945-fa53-4c78-b41a-935145182a8b,5,"Não consigo acessar o app, mais no dia 13/09/23 conseguiram resolver O problema do app e consegui acessar",2023-09-14 16:25:13,2.3.16,1,"Olá, tudo bem? Gostaríamos de conversar com você para ajudá-lo, poderia entrar em contato conosco pelo e-mail sucessoclientemeoo@localiza.com? Equipe Localiza Meoo 💚",GOOGLE_PLAY,nao consigo acessar o app mais no dia 13 09 23 conseguiram resolver o problema do app e consegui acessar,negativo,-2,0.78,dor,funcionalidade_usabilidade,uso_do_app,erro_funcional,alta,experiencia_app,none,nenhuma,0.9,neg:nao consigo | neg:problema | forte_neg:nao consigo | rating:5 | fallback:sentimento_negativo | erro_funcional:nao consigo,review-rule-engine-v1
1d56c970-860c-4932-8ec2-606e7abd9576,5,Ótima..,2023-09-14 15:26:52,2.3.16,0,"Olá, tudo bem? Ficamos muito felizes em saber que tem gostado da sua experiência conosco! Para o que precisar, conte com a gente! Equipe Localiza Meoo 💚",GOOGLE_PLAY,otima,positivo,2,0.7,elogio,geral,uso_do_app,nenhuma,baixa,experiencia_app,none,nenhuma,0.7,pos:otima | rating:5,review-rule-engine-v1
ea6f9d1c-4707-4999-a1b4-a6994426c091,5,App conta com todas as opções que necessito para solucionar as problemáticas envolvidas.,2023-09-13 18:59:09,2.3.16,0,"Olá, tudo bem? Ficamos muito felizes em saber que tem gostado da sua experiência conosco! Para o que precisar, conte com a gente! Equipe Localiza Meoo 💚",GOOGLE_PLAY,app conta com todas as opcoes que necessito para solucionar as problematicas envolvidas,neutro,0,0.5,neutro,geral,uso_do_app,nenhuma,baixa,experiencia_app,none,nenhuma,0.5,neg:problema | rating:5,review-rule-engine-v1
9c75b93f-a3e7-4c3c-9125-98b37ae5749c,5,Sensacional... Vale muito a pena!!!!,2023-09-11 11:55:11,2.3.16,0,"Olá Murilo, tudo bem? Ficamos muito felizes em saber que tem gostado da sua experiência conosco. Caso precise do nosso apoio estamos sempre à disposição nos nossos canais: Whatsapp (31) 9 9910 1010 | meooatendimento@localiza.com | 0800 099 1001. Equipe Localiza Meoo 💚",GOOGLE_PLAY,sensacional vale muito a pena,positivo,2,0.7,elogio,geral,uso_do_app,nenhuma,baixa,experiencia_app,none,nenhuma,0.7,pos:sensacional | rating:5,review-rule-engine-v1
c7ececce-5dda-4ef0-9523-d5f6248b3203,5,Muito ótimo atendimento,2023-09-11 09:28:38,2.3.16,0,"Olá, tudo bem? Ficamos muito felizes em saber que tem gostado da sua experiência conosco! Para o que precisar, conte com a gente! Equipe Localiza Meoo 💚",GOOGLE_PLAY,muito otimo atendimento,positivo,2,0.7,elogio,suporte_atendimento,suporte,atendimento,baixa,suporte,support_prevention,Resolver necessidade antes do contato,0.82,pos:otimo | rating:5 | suporte_atendimento:atendimento | atendimento:atendimento,review-rule-engine-v1
0ab32956-3bef-434d-b238-80d915f7bd01,5,"Simples, direto é transparente",2023-09-11 08:30:30,2.3.16,0,"Olá, tudo bem? Ficamos muito felizes em saber que tem gostado da sua experiência conosco! Para o que precisar, conte com a gente! Equipe Localiza Meoo 💚",GOOGLE_PLAY,simples direto e transparente,positivo,1,0.6,elogio,geral,uso_do_app,nenhuma,baixa,experiencia_app,none,nenhuma,0.6,rating:5,review-rule-engine-v1
145abf9c-9fa5-4cfa-95fb-647fc97d9b82,4,Funciona bem.,2023-09-06 11:54:44,2.3.16,0,"Olá, tudo bem? Ficamos muito felizes em saber que tem gostado da sua experiência conosco! Para o que precisar, conte com a gente! Equipe Localiza Meoo 💚",GOOGLE_PLAY,funciona bem,positivo,1,0.6,elogio,geral,uso_do_app,nenhuma,baixa,experiencia_app,none,nenhuma,0.6,rating:4,review-rule-engine-v1
a6fdb710-f386-4942-aa2b-fc4a68039937,5,"Como usuária, acho o serviço transparente e excelente!",2023-09-06 09:45:56,2.3.16,0,"Olá, tudo bem? Ficamos muito felizes em saber que tem gostado da sua experiência conosco! Para o que precisar, conte com a gente! Equipe Localiza Meoo 💚",GOOGLE_PLAY,como usuaria acho o servico transparente e excelente,positivo,2,0.7,elogio,manutencao_agendamento,manutencao,nenhuma,baixa,manutencao,proactive_care,Agendar revisão,0.78,pos:excelente | rating:5 | manutencao_agendamento:servico,review-rule-engine-v1
d9e5c9a7-5cb3-4bf4-8131-46be970b2848,5,Tudo muito novo! Excepcional,2023-09-05 01:43:05,2.3.16,0,"Olá, tudo bem? Ficamos muito felizes em saber que tem gostado da sua experiência conosco! Para o que precisar, conte com a gente! Equipe Localiza Meoo 💚",GOOGLE_PLAY,tudo muito novo excepcional,positivo,1,0.6,elogio,geral,uso_do_app,nenhuma,baixa,experiencia_app,none,nenhuma,0.6,rating:5,review-rule-engine-v1
1640ed55-8407-461d-8c32-90c699ff8d05,3,"Falta notificações, acabo perdendo prazos com frequência",2023-09-04 13:34:58,2.3.12,1,"Olá, tudo bem? Gostaríamos de conversar com você para ajudá-lo, poderia entrar em contato conosco pelo e-mail sucessoclientemeoo@localiza.com? Equipe Localiza Meoo 💚",GOOGLE_PLAY,falta notificacoes acabo perdendo prazos com frequencia,neutro,0,0.5,sugestao,notificacoes,relacionamento,funcionalidade_ausente,baixa,notificacoes,notification_control,Ajustar notificações,0.62,rating:3 | notificacoes:notificacoes | funcionalidade_ausente:falta,review-rule-engine-v1
24735bef-3e61-40bf-aeaf-f6d39446ef81,2,É muito inconveniente ficar logando toda vez. A função de logar com o email está com problemas e ainda não está fácil manter logado por causa das saídas do app.,2023-08-31 14:53:22,2.3.12,5,"Olá, tudo bem? Gostaríamos de conversar com você para ajudá-lo, poderia entrar em contato conosco pelo e-mail sucessoclientemeoo@localiza.com? Equipe Localiza Meoo 💚",GOOGLE_PLAY,e muito inconveniente ficar logando toda vez a funcao de logar com o email esta com problemas e ainda nao esta facil manter logado por causa das saidas do app,neutro,-1,0.6,neutro,acesso_login,acesso,nenhuma,media,conta_acesso,app_reliability,Resolver acesso ao app,0.68,neg:problema | pos:facil | rating:2 | acesso_login:logar,review-rule-engine-v1
6af10660-89a6-45e3-adcf-c65970fb4b76,5,Tóp meu carro chegou no aplicativo..agora vamos ver a negociação pra retirada do veiculo.,2023-08-29 10:44:27,,0,"Olá, tudo bem? Ficamos muito felizes em saber que tem gostado da sua experiência conosco! Para o que precisar, conte com a gente! Equipe Localiza Meoo 💚",GOOGLE_PLAY,top meu carro chegou no aplicativo agora vamos ver a negociacao pra retirada do veiculo,positivo,1,0.6,elogio,entrega_veiculo,entrega,nenhuma,baixa,entrega,zero_surpresa,Acompanhar entrega do veículo,0.68,rating:5 | entrega_veiculo:retirada,review-rule-engine-v1
6399e35b-fea1-4e32-84cc-b4bae749eca4,5,Localiza Meoo atende minha comodidade de ir e vir.,2023-08-28 10:17:29,2.3.11,0,"Olá, tudo bem? Ficamos muito felizes em saber que tem gostado da sua experiência conosco! Para o que precisar, conte com a gente! Equipe Localiza Meoo 💚",GOOGLE_PLAY,localiza meoo atende minha comodidade de ir e vir,positivo,1,0.6,elogio,geral,uso_do_app,nenhuma,baixa,experiencia_app,none,nenhuma,0.6,rating:5,review-rule-engine-v1
dd5f2d79-d9a9-42cf-8652-71f161ad06e6,1,Não funciona e o atendimento pelo whatsapp quando transfere pra atendente fica horas e no final do dia encerram o atendimento,2023-08-22 09:28:03,2.3.12,0,"Olá, tudo bem? Gostaríamos de conversar com você para ajudá-lo, poderia entrar em contato conosco pelo e-mail sucessoclientemeoo@localiza.com? Equipe Localiza Meoo 💚",GOOGLE_PLAY,nao funciona e o atendimento pelo whatsapp quando transfere pra atendente fica horas e no final do dia encerram o atendimento,negativo,-2,0.78,dor,suporte_atendimento,suporte,atendimento,alta,suporte,support_prevention,Resolver necessidade antes do contato,0.9,neg:nao funciona | forte_neg:nao funciona | rating:1 | suporte_atendimento:whatsapp | suporte_atendimento:atendimento | atendimento:whatsapp | atendimento:atendimento,review-rule-engine-v1
37840c6b-b240-443c-9f58-8dec689cbf5c,5,serviços atimo para quem que ficar tranquilo.,2023-08-18 16:56:26,2.3.11,0,"Olá, tudo bem? Ficamos muito felizes em saber que tem gostado da sua experiência conosco! Para o que precisar, conte com a gente! Equipe Localiza Meoo 💚",GOOGLE_PLAY,servicos atimo para quem que ficar tranquilo,positivo,1,0.6,elogio,manutencao_agendamento,manutencao,nenhuma,baixa,manutencao,proactive_care,Agendar revisão,0.68,rating:5 | manutencao_agendamento:servico,review-rule-engine-v1
2cad1aa1-d5c8-4f86-bd5a-2580c862ac32,3,Está demorando muito para abrir,2023-08-17 15:03:56,2.3.11,0,"Olá, tudo bem? Gostaríamos de conversar com você para ajudá-lo, poderia entrar em contato conosco pelo e-mail sucessoclientemeoo@localiza.com? Equipe Localiza Meoo 💚",GOOGLE_PLAY,esta demorando muito para abrir,neutro,-1,0.6,neutro,performance_estabilidade,uso_do_app,performance_estabilidade,baixa,app,app_reliability,Corrigir experiência do app,0.72,neg:demora | rating:3 | performance_estabilidade:demora,review-rule-engine-v1
7beb14bc-6fcf-4044-9c5c-af907263d57f,2,"O app parecia interessante, mas faz duas semanas que não abre a página inicial e retorna sempre o mesmo erro ""Opa! Algo deu errado aqui, mas já vamos corrigir o problema. Você pode tentar novamente mais tarde?"". Já desinstalei e reinstalei o app, porém o erro persiste.",2023-08-16 13:38:44,2.3.11,8,"Olá, tudo bem? Gostaríamos de conversar com você para ajudá-lo, poderia entrar em contato conosco pelo e-mail sucessoclientemeoo@localiza.com? Equipe Localiza Meoo 💚",GOOGLE_PLAY,o app parecia interessante mas faz duas semanas que nao abre a pagina inicial e retorna sempre o mesmo erro opa algo deu errado aqui mas ja vamos corrigir o problema voce pode tentar novamente mais tarde ja desinstalei e reinstalei o app porem o erro persiste,negativo,-2,0.78,dor,performance_estabilidade,uso_do_app,erro_funcional,alta,app,app_reliability,Corrigir experiência do app,0.9,neg:erro | neg:problema | neg:nao abre | forte_neg:nao abre | rating:2 | performance_estabilidade:erro | erro_funcional:nao abre,review-rule-engine-v1
2e82080f-16b8-4901-b2bd-9904161fb9b5,5,top,2023-08-14 18:12:59,2.3.11,0,"Olá, tudo bem? Ficamos muito felizes em saber que tem gostado da sua experiência conosco! Para o que precisar, conte com a gente! Equipe Localiza Meoo 💚",GOOGLE_PLAY,top,positivo,1,0.6,elogio,geral,uso_do_app,nenhuma,baixa,experiencia_app,none,nenhuma,0.6,rating:5,review-rule-engine-v1
65d4a958-cf38-4635-a07f-5d641d86334e,5,Ótimo,2023-08-13 00:45:08,2.3.11,0,"Olá, tudo bem? Ficamos muito felizes em saber que tem gostado da sua experiência conosco! Para o que precisar, conte com a gente! Equipe Localiza Meoo 💚",GOOGLE_PLAY,otimo,positivo,2,0.7,elogio,geral,uso_do_app,nenhuma,baixa,experiencia_app,none,nenhuma,0.7,pos:otimo | rating:5,review-rule-engine-v1
474e4e7a-babe-47c8-aa90-08b7026beb92,1,Galaxy S23 e não consigo fazer o Login com meu email,2023-08-09 13:59:26,,0,"Olá, tudo bem? Gostaríamos de conversar com você para ajudá-lo, poderia entrar em contato conosco pelo e-mail sucessoclientemeoo@localiza.com? Equipe Localiza Meoo 💚",GOOGLE_PLAY,galaxy s23 e nao consigo fazer o login com meu email,negativo,-2,0.78,dor,acesso_login,acesso,erro_funcional,alta,conta_acesso,app_reliability,Resolver acesso ao app,0.9,neg:nao consigo | forte_neg:nao consigo | rating:1 | acesso_login:login | erro_funcional:nao consigo fazer | erro_funcional:nao consigo,review-rule-engine-v1
b6e9be74-99d2-4428-b34b-981ae77e868f,5,Excelente parabéns pelo trabalho.,2023-08-09 11:11:26,2.3.10,0,"Olá, tudo bem? Ficamos muito felizes em saber que tem gostado da sua experiência conosco! Para o que precisar, conte com a gente! Equipe Localiza Meoo 💚",GOOGLE_PLAY,excelente parabens pelo trabalho,positivo,2,0.7,elogio,geral,uso_do_app,nenhuma,baixa,experiencia_app,none,nenhuma,0.7,pos:excelente | rating:5,review-rule-engine-v1
32951f6a-75a5-4368-9a98-5d8618cc2885,5,Tóp demais....,2023-07-31 12:26:11,,0,"Olá, tudo bem? Ficamos muito felizes em saber que tem gostado da sua experiência conosco! Para o que precisar, conte com a gente! Equipe Localiza Meoo 💚",GOOGLE_PLAY,top demais,positivo,1,0.6,elogio,geral,uso_do_app,nenhuma,baixa,experiencia_app,none,nenhuma,0.6,rating:5,review-rule-engine-v1
ccd8739c-8f94-4482-bd47-44cd394379b7,5,Eu sou cliente localiza meoo e não penso em trocar,2023-07-28 10:00:20,2.3.9,0,"Olá, tudo bem? Ficamos muito felizes em saber que tem gostado da sua experiência conosco! Para o que precisar, conte com a gente! Equipe Localiza Meoo 💚",GOOGLE_PLAY,eu sou cliente localiza meoo e nao penso em trocar,positivo,1,0.6,elogio,geral,uso_do_app,nenhuma,baixa,experiencia_app,none,nenhuma,0.6,rating:5,review-rule-engine-v1
b84e6deb-6e80-4087-8166-3d2403f36637,2,"O app estava normal, mas desde a semana passada não conecta mais e fica só carregando sem chegar a lugar nenhum. Entrei em contato no 0800 e não souberam dizer o motivo. Já desinstalei e reinstalei, mas nada mudou. Não consigo mais acessar.",2023-07-27 15:26:27,2.3.9,7,"Olá, tudo bem? Gostaríamos de conversar com você para ajudá-lo, poderia entrar em contato conosco pelo e-mail sucessoclientemeoo@localiza.com? Equipe Localiza Meoo 💚",GOOGLE_PLAY,o app estava normal mas desde a semana passada nao conecta mais e fica so carregando sem chegar a lugar nenhum entrei em contato no 0800 e nao souberam dizer o motivo ja desinstalei e reinstalei mas nada mudou nao consigo mais acessar,negativo,-2,0.78,dor,performance_estabilidade,uso_do_app,erro_funcional,alta,app,app_reliability,Corrigir experiência do app,0.9,neg:nao consigo | forte_neg:nao consigo | rating:2 | performance_estabilidade:carregando | erro_funcional:nao consigo,review-rule-engine-v1
d715230e-858d-4da5-b30f-086b7684b1b8,3,"Desde ontem não está funcionando, fica só carregando",2023-07-25 03:41:08,,0,"Olá, tudo bem? Gostaríamos de conversar com você para ajudá-lo, poderia entrar em contato conosco pelo e-mail sucesso.cliente@localiza.com? Equipe Localiza Meoo 💚",GOOGLE_PLAY,desde ontem nao esta funcionando fica so carregando,neutro,0,0.5,neutro,performance_estabilidade,uso_do_app,performance_estabilidade,baixa,app,app_reliability,Corrigir experiência do app,0.62,rating:3 | performance_estabilidade:carregando,review-rule-engine-v1
b8041406-4d77-49ef-8060-406b5258f5b2,5,Sensacional !!!,2023-07-22 09:16:57,2.3.9,0,"Olá, tudo bem? Ficamos muito felizes em saber que tem gostado da sua experiência conosco! Para o que precisar, conte com a gente! Equipe Localiza Meoo 💚",GOOGLE_PLAY,sensacional,positivo,2,0.7,elogio,geral,uso_do_app,nenhuma,baixa,experiencia_app,none,nenhuma,0.7,pos:sensacional | rating:5,review-rule-engine-v1
8ab7cf21-3c05-4d32-85b5-7c71a892d15e,5,Bem intuitivo e fácil de manusear.,2023-07-04 00:51:45,2.3.6,0,"Olá, tudo bem? Ficamos muito felizes em saber que tem gostado da sua experiência conosco! Para o que precisar, conte com a gente! Equipe Localiza Meoo 💚",GOOGLE_PLAY,bem intuitivo e facil de manusear,positivo,3,0.8,elogio,geral,uso_do_app,usabilidade,baixa,experiencia_app,none,nenhuma,0.84,pos:facil | pos:intuitivo | rating:5 | usabilidade:intuitivo | usabilidade:facil de,review-rule-engine-v1
950f1d9c-d20f-40e3-8942-4eca4d732a9b,3,Poderia ser mais direto. Ter acesso mais fácil logo na primeira tela ao controle de quilometragem e faturas.,2023-06-28 14:26:01,2.3.4,0,"Olá, tudo bem? Agradecemos muito pelo seu feedback! Ele será repassado ao nosso time que cuida do desenvolvimento do App para que possamos evoluir cada vez mais. Equipe Localiza Meoo 💚",GOOGLE_PLAY,poderia ser mais direto ter acesso mais facil logo na primeira tela ao controle de quilometragem e faturas,neutro,1,0.6,sugestao,acesso_login,acesso,nenhuma,baixa,conta_acesso,app_reliability,Resolver acesso ao app,0.68,pos:facil | rating:3 | acesso_login:acesso,review-rule-engine-v1
f1849f53-616a-4e17-a923-23912fe2eca0,5,Muito prático e eficiente.,2023-06-26 15:23:45,2.3.4,0,"Olá, tudo bem? Ficamos muito felizes em saber que tem gostado da sua experiência conosco! Para o que precisar, conte com a gente! Equipe Localiza Meoo 💚",GOOGLE_PLAY,muito pratico e eficiente,positivo,2,0.7,elogio,geral,uso_do_app,nenhuma,baixa,experiencia_app,none,nenhuma,0.7,pos:pratico | rating:5,review-rule-engine-v1
260921ef-e6db-43dd-aaa3-83dfd2c1519a,2,"Funcionalidade ruim. Várias voltas para a tele inicial com perda de informações no meio. A função indicação de condutor não funciona, apresenta erro sem motivo e sem suporte.",2023-06-23 15:43:03,2.3.3,5,"Olá, tudo bem? Gostaríamos de conversar com você para ajudá-lo, poderia entrar em contato conosco pelo e-mail sucesso.cliente@localiza.com? Equipe Localiza Meoo 💚",GOOGLE_PLAY,funcionalidade ruim varias voltas para a tele inicial com perda de informacoes no meio a funcao indicacao de condutor nao funciona apresenta erro sem motivo e sem suporte,negativo,-2,0.78,dor,multas_condutor,multas,erro_funcional,alta,multas,zero_surpresa,Resolver multas e condutor,0.9,neg:erro | neg:nao funciona | neg:ruim | forte_neg:nao funciona | rating:2 | multas_condutor:condutor | erro_funcional:nao funciona,review-rule-engine-v1
0f18aa47-3196-4536-97db-5c41b7be3228,5,Fácil! Intuitivo!,2023-06-15 11:17:42,2.3.3,0,"Olá, tudo bem? Ficamos muito felizes em saber que tem gostado da sua experiência conosco! Para o que precisar, conte com a gente! Equipe Localiza Meoo 💚",GOOGLE_PLAY,facil intuitivo,positivo,3,0.8,elogio,geral,uso_do_app,usabilidade,baixa,experiencia_app,none,nenhuma,0.84,pos:facil | pos:intuitivo | rating:5 | usabilidade:intuitivo,review-rule-engine-v1
6a4bc949-c288-412c-9961-559f232027be,5,muito prático,2023-06-08 15:21:09,2.3.2,0,"Olá, tudo bem? Ficamos muito felizes em saber que tem gostado da sua experiência conosco! Para o que precisar, conte com a gente! Equipe Localiza Meoo 💚",GOOGLE_PLAY,muito pratico,positivo,2,0.7,elogio,geral,uso_do_app,nenhuma,baixa,experiencia_app,none,nenhuma,0.7,pos:pratico | rating:5,review-rule-engine-v1
eac012b4-a344-43d9-8556-c254bc8a792f,3,muito demorada para dar retorno,2023-06-05 11:26:12,2.3.2,0,"Olá, tudo bem? Gostaríamos de conversar com você para ajudá-lo, poderia entrar em contato conosco pelo e-mail sucesso.cliente@localiza.com? Equipe Localiza Meoo 💚",GOOGLE_PLAY,muito demorada para dar retorno,neutro,-1,0.6,neutro,performance_estabilidade,uso_do_app,performance_estabilidade,baixa,app,app_reliability,Corrigir experiência do app,0.72,neg:demora | rating:3 | performance_estabilidade:demora,review-rule-engine-v1
faedcb5c-9e22-4ed3-811f-40166947f56f,1,Péssimo app e péssimo serviço,2023-06-05 10:42:35,2.3.2,0,"Olá, tudo bem? Gostaríamos de conversar com você para ajudá-lo, poderia entrar em contato conosco pelo e-mail sucesso.cliente@localiza.com? Equipe Localiza Meoo 💚",GOOGLE_PLAY,pessimo app e pessimo servico,negativo,-2,0.7,dor,manutencao_agendamento,manutencao,friccao_na_jornada,media,manutencao,proactive_care,Agendar revisão,0.82,neg:pessimo | rating:1 | manutencao_agendamento:servico | topic:manutencao_agendamento,review-rule-engine-v1
be2d2766-3cfd-457d-bc2e-145889533256,5,Excelente App. prático e objetivo. ** faltou algumas funções. mas com o tempo será melhorado.,2023-05-29 15:19:10,2.3.2,0,"Olá, tudo bem? Ficamos muito felizes em saber que tem gostado da sua experiência conosco! Para o que precisar, conte com a gente! Equipe Localiza Meoo 💚",GOOGLE_PLAY,excelente app pratico e objetivo faltou algumas funcoes mas com o tempo sera melhorado,positivo,3,0.8,elogio,geral,uso_do_app,nenhuma,baixa,experiencia_app,none,nenhuma,0.8,pos:excelente | pos:pratico | rating:5,review-rule-engine-v1
0982d1f5-23a0-4c66-9f10-57828c8ac750,5,muito bom!!!,2023-05-25 09:30:15,2.3.2,0,"Olá, tudo bem? Ficamos muito felizes em saber que tem gostado da sua experiência conosco! Para o que precisar, conte com a gente! Equipe Localiza Meoo 💚",GOOGLE_PLAY,muito bom,positivo,2,0.7,elogio,geral,uso_do_app,nenhuma,baixa,experiencia_app,none,nenhuma,0.7,pos:bom | rating:5,review-rule-engine-v1
6e5a5132-9261-436f-95b6-33043cb45021,1,"A cada atualização que fazem... ao invés de melhorar, piora cada vez mais. Só consegue acessar as informações no site se for cliente migrado, para cliente Meoo o site informa que precisa acessar pelo app que não funciona. Amadorismo total!!",2023-05-23 20:24:58,2.3.1,6,"Olá, tudo bem? Gostaríamos de entrar em contato com você para ajudar, porém não localizamos o seu cadastro por aqui. Poderia entrar em contato conosco pelo e-mail sucesso.cliente@localiza.com ? Equipe Localiza Meoo 💚",GOOGLE_PLAY,a cada atualizacao que fazem ao inves de melhorar piora cada vez mais so consegue acessar as informacoes no site se for cliente migrado para cliente meoo o site informa que precisa acessar pelo app que nao funciona amadorismo total,negativo,-2,0.78,sugestao,performance_estabilidade,uso_do_app,erro_funcional,alta,app,app_reliability,Corrigir experiência do app,0.9,neg:nao funciona | forte_neg:nao funciona | rating:1 | performance_estabilidade:atualizacao | erro_funcional:nao funciona,review-rule-engine-v1
0ad20353-fc1e-4ab9-becf-4e08edc044a1,1,Última atualização do APP (dia 15 de maio de 2023) piorou o funcionamento. Não consigo ter acesso às informações. Só entrando no site pra poder acessar.,2023-05-20 15:49:53,2.3.0,1,"Olá, tudo bem? Gostaríamos de entrar em contato com você para ajudar, porém não localizamos o seu cadastro por aqui. Poderia entrar em contato conosco pelo e-mail sucesso.cliente@localiza.com ? Equipe Localiza Meoo 💚",GOOGLE_PLAY,ultima atualizacao do app dia 15 de maio de 2023 piorou o funcionamento nao consigo ter acesso as informacoes so entrando no site pra poder acessar,negativo,-2,0.78,dor,acesso_login,acesso,erro_funcional,alta,conta_acesso,app_reliability,Resolver acesso ao app,0.9,neg:nao consigo | forte_neg:nao consigo | rating:1 | acesso_login:acesso | erro_funcional:nao consigo,review-rule-engine-v1
70fe35ee-5cfc-4048-a8f9-65014213126a,1,pessimo fizeram atualizaçaõ pessimo fizeram atuaçao no app ficou pior fazem cobranças de multas muito antes do vencimento ganham por isso 40% de desconto e nos cobram 20% a nais resultado disso que não dão tempo para defesa suficiente voce manda o documento do condutor dizem que esta ilegivel quando na realidade se ver tudo e um inferno nunca mais entro numa roubada dessa,2023-05-19 17:23:08,2.3.0,2,"Olá, tudo bem? Gostaríamos de entrar em contato com você para ajudar, porém não localizamos o seu cadastro por aqui. Poderia entrar em contato conosco pelo e-mail sucesso.cliente@localiza.com ? Equipe Localiza Meoo 💚",GOOGLE_PLAY,pessimo fizeram atualizacao pessimo fizeram atuacao no app ficou pior fazem cobrancas de multas muito antes do vencimento ganham por isso 40 de desconto e nos cobram 20 a nais resultado disso que nao dao tempo para defesa suficiente voce manda o documento do condutor dizem que esta ilegivel quando na realidade se ver tudo e um inferno nunca mais entro numa roubada dessa,negativo,-2,0.7,dor,pagamento_financeiro,financeiro,performance_estabilidade,media,financeiro,zero_surpresa,Revisar pagamentos e vencimentos,0.82,neg:pessimo | rating:1 | pagamento_financeiro:vencimento | pagamento_financeiro:cobranca | performance_estabilidade:atualizacao,review-rule-engine-v1
877783e7-cc1b-41e5-b6b2-e8a79c9eb1a7,5,"Até o momento só tenho a agradecer a localiza meoo, eu e minha família estamos felizes",2023-05-14 15:51:23,2.1.34,0,"Olá, tudo bem? Ficamos muito felizes em saber que tem gostado da sua experiência conosco! Para o que precisar, conte com a gente! Equipe Localiza Meoo 💚",GOOGLE_PLAY,ate o momento so tenho a agradecer a localiza meoo eu e minha familia estamos felizes,positivo,1,0.6,elogio,geral,uso_do_app,nenhuma,baixa,experiencia_app,none,nenhuma,0.6,rating:5,review-rule-engine-v1
fee68274-3cfb-40e1-bbcd-c5d95fb27469,5,Serviço Excelente!!,2023-05-08 21:09:45,2.1.33,0,"Olá, tudo bem? Ficamos muito felizes em saber que tem gostado da sua experiência conosco! Para o que precisar, conte com a gente! Equipe Localiza Meoo 💚",GOOGLE_PLAY,servico excelente,positivo,2,0.7,elogio,manutencao_agendamento,manutencao,nenhuma,baixa,manutencao,proactive_care,Agendar revisão,0.78,pos:excelente | rating:5 | manutencao_agendamento:servico,review-rule-engine-v1
292349c8-0a0e-404c-9e4e-76404f93f3bd,5,Praticidade e comodidade encontrei aqui!!!!,2023-05-06 12:13:10,2.1.33,0,"Olá, tudo bem? Ficamos muito felizes em saber que tem gostado da sua experiência conosco! Para o que precisar, conte com a gente! Equipe Localiza Meoo 💚",GOOGLE_PLAY,praticidade e comodidade encontrei aqui,positivo,2,0.7,elogio,geral,uso_do_app,nenhuma,baixa,experiencia_app,none,nenhuma,0.7,pos:praticidade | rating:5,review-rule-engine-v1
bc7bab48-de03-4ae2-bff3-de3dc07afe19,5,Prático,2023-05-05 10:56:59,2.1.33,0,"Olá, tudo bem? Ficamos muito felizes em saber que tem gostado da sua experiência conosco! Para o que precisar, conte com a gente! Equipe Localiza Meoo 💚",GOOGLE_PLAY,pratico,positivo,2,0.7,elogio,geral,uso_do_app,nenhuma,baixa,experiencia_app,none,nenhuma,0.7,pos:pratico | rating:5,review-rule-engine-v1
beff5a83-d7c0-4ffb-bcdf-4bc772d1662d,5,Ótimo,2023-04-27 19:45:33,2.1.33,0,"Olá, tudo bem? Ficamos muito felizes em saber que tem gostado da sua experiência conosco! Para o que precisar, conte com a gente! Equipe Localiza Meoo 💚",GOOGLE_PLAY,otimo,positivo,2,0.7,elogio,geral,uso_do_app,nenhuma,baixa,experiencia_app,none,nenhuma,0.7,pos:otimo | rating:5,review-rule-engine-v1
9971e4f9-96b8-47fc-a809-1b473b788b3c,1,"Continua sem funcionar!!! Triatenciona! O pior app com a pior empresa! Que tristeza, nada funciona e realizam cobranças sem autorização no cartão de crédito.",2023-04-21 08:37:11,2.1.32,3,"Olá José, tudo bem? Conforme conversamos, iremos te ajudar com a sua demanda. Sempre que precisar entre em contato com a gente em um dos nossos canais: Whatsapp (31) 9 9910 1010 | meooatendimento@localiza.com | 0800 099 1001. Equipe Localiza Meoo 💚

",GOOGLE_PLAY,continua sem funcionar triatenciona o pior app com a pior empresa que tristeza nada funciona e realizam cobrancas sem autorizacao no cartao de credito,negativo,-1,0.6,dor,pagamento_financeiro,financeiro,friccao_na_jornada,media,financeiro,zero_surpresa,Revisar pagamentos e vencimentos,0.72,rating:1 | pagamento_financeiro:cobranca | pagamento_financeiro:cartao | topic:pagamento_financeiro,review-rule-engine-v1
80d6a39c-4667-467c-8fe1-c180200ecdf8,1,APP não funciona,2023-04-13 21:44:26,2.1.31,0,"Olá, tudo bem? Gostaríamos de entrar em contato com você para ajudar, porém não localizamos o seu cadastro por aqui. Poderia entrar em contato conosco pelo e-mail sucesso.cliente@localiza.com ? Equipe Localiza Meoo 💚",GOOGLE_PLAY,app nao funciona,negativo,-2,0.78,dor,funcionalidade_usabilidade,uso_do_app,erro_funcional,alta,experiencia_app,none,nenhuma,0.9,neg:nao funciona | forte_neg:nao funciona | rating:1 | fallback:sentimento_negativo | erro_funcional:nao funciona,review-rule-engine-v1
6fe41ae5-148e-4385-a957-1d6e0e25a28d,3,demora para atualizar status dos veículos em manutenção,2023-04-12 10:26:04,2.1.31,0,"Olá, tudo bem? Gostaríamos de entrar em contato com você para ajudar, porém não localizamos o seu cadastro por aqui. Poderia entrar em contato conosco pelo e-mail sucesso.cliente@localiza.com ? Equipe Localiza Meoo 💚",GOOGLE_PLAY,demora para atualizar status dos veiculos em manutencao,neutro,-1,0.6,neutro,performance_estabilidade,uso_do_app,performance_estabilidade,baixa,app,app_reliability,Corrigir experiência do app,0.72,neg:demora | rating:3 | performance_estabilidade:demora | performance_estabilidade:atualizar,review-rule-engine-v1
ef4b8dab-b256-4eab-bb66-9ede790b4717,5,Não ententi tanta reclamação referente ao app Localiza meoo Tenho 2 assinaturas e nunca tive problemas. Obrigado,2023-04-12 09:43:11,2.1.31,0,"Olá, tudo bem? Ficamos muito felizes em saber que tem gostado da sua experiência conosco! Para o que precisar, conte com a gente! Equipe Localiza Meoo 💚",GOOGLE_PLAY,nao ententi tanta reclamacao referente ao app localiza meoo tenho 2 assinaturas e nunca tive problemas obrigado,neutro,0,0.5,neutro,contrato_assinatura,contrato,nenhuma,baixa,contrato,zero_surpresa,Ver contrato e próximos eventos,0.58,neg:problema | rating:5 | contrato_assinatura:assinatura,review-rule-engine-v1
8ffec13b-978e-4410-a897-c89ac5dcc5de,5,"Atendimento excelente, entrega dentro do prazo prometido, carro zero em prefeitas condições",2023-04-04 10:10:25,2.1.30,0,"Olá, tudo bem? Ficamos muito felizes em saber que tem gostado da sua experiência conosco! Para o que precisar, conte com a gente! Equipe Localiza Meoo 💚",GOOGLE_PLAY,atendimento excelente entrega dentro do prazo prometido carro zero em prefeitas condicoes,positivo,2,0.7,elogio,suporte_atendimento,suporte,atendimento,baixa,suporte,support_prevention,Resolver necessidade antes do contato,0.82,pos:excelente | rating:5 | suporte_atendimento:atendimento | atendimento:atendimento,review-rule-engine-v1
c6d7ef69-e90c-453a-9dc5-d6247e23ce72,4,bom,2023-03-31 18:25:55,2.1.30,0,"Olá, tudo bem? Ficamos muito felizes em saber que tem gostado da sua experiência conosco! Para o que precisar, conte com a gente! Equipe Localiza Meoo 💚",GOOGLE_PLAY,bom,positivo,2,0.7,elogio,geral,uso_do_app,nenhuma,baixa,experiencia_app,none,nenhuma,0.7,pos:bom | rating:4,review-rule-engine-v1
85bb4870-7812-4e44-9c98-f1bc02d77819,1,"Experiência terrível, nada funciona. O app informa que precisa de acesso do armazenamento para baixar o CRLV, porém a opção nem está disponível. Todas as operações demoram, e a interface é muito pouco intuitiva.",2023-03-29 07:57:51,2.1.29,5,"Olá, tudo bem? Gostaríamos de entrar em contato com você para ajudar, porém não localizamos o seu cadastro por aqui. Poderia entrar em contato conosco pelo e-mail sucesso.cliente@localiza.com ? Equipe Localiza Meoo 💚",GOOGLE_PLAY,experiencia terrivel nada funciona o app informa que precisa de acesso do armazenamento para baixar o crlv porem a opcao nem esta disponivel todas as operacoes demoram e a interface e muito pouco intuitiva,neutro,-1,0.6,neutro,acesso_login,acesso,performance_estabilidade,media,conta_acesso,app_reliability,Resolver acesso ao app,0.72,neg:demora | pos:intuitiva | rating:1 | acesso_login:acesso | performance_estabilidade:demora,review-rule-engine-v1
019c2e51-11ce-47d8-800c-2bfcf4b90e89,5,"Simples, objetivo, rápido e prático",2023-03-24 12:47:35,2.1.28,1,"Olá, tudo bem? Ficamos muito felizes em saber que tem gostado da sua experiência conosco! Para o que precisar, conte com a gente! Equipe Localiza Meoo 💚",GOOGLE_PLAY,simples objetivo rapido e pratico,positivo,3,0.8,elogio,geral,uso_do_app,nenhuma,baixa,experiencia_app,none,nenhuma,0.8,pos:pratico | pos:rapido | rating:5,review-rule-engine-v1
e6fd7994-f4a5-4f3a-8df9-025fb3bb64b7,1,Digito o código do SMS e da erro ..não completa o cadastro .. melhor usar a Turbi..,2023-03-22 16:38:23,2.1.28,1,"Olá, tudo bem? Gostaríamos de entrar em contato com você para ajudar, porém não localizamos o seu cadastro por aqui. Poderia entrar em contato conosco pelo e-mail sucesso.cliente@localiza.com ? Equipe Localiza Meoo 💚",GOOGLE_PLAY,digito o codigo do sms e da erro nao completa o cadastro melhor usar a turbi,negativo,-2,0.7,dor,performance_estabilidade,uso_do_app,disponibilidade,media,app,app_reliability,Corrigir experiência do app,0.82,neg:erro | rating:1 | performance_estabilidade:erro | topic:performance_estabilidade,review-rule-engine-v1
56d642af-4c0d-48af-b6dd-e0c5d5bbb196,5,Muito bom e fácil de utilizar...,2023-03-20 21:17:30,2.1.28,0,"Olá, tudo bem? Ficamos muito felizes em saber que tem gostado da sua experiência conosco! Para o que precisar, conte com a gente! Equipe Localiza Meoo 💚",GOOGLE_PLAY,muito bom e facil de utilizar,positivo,4,0.9,elogio,geral,uso_do_app,usabilidade,baixa,experiencia_app,none,nenhuma,0.94,pos:facil | pos:util | pos:bom | rating:5 | usabilidade:facil de,review-rule-engine-v1
4f514e08-1f57-43c8-aaa3-6b170e849f2a,1,"Aplicativo e empresa péssimos. Aplicativo não funciona para acompanhar o carro, empresa não cumpre com o prazo e eu fico sem uma informação!",2023-03-20 13:43:10,2.1.28,0,"Olá, tudo bem? Gostaríamos de entrar em contato com você para ajudar, porém não localizamos o seu cadastro por aqui. Poderia entrar em contato conosco pelo e-mail sucesso.cliente@localiza.com ? Equipe Localiza Meoo 💚",GOOGLE_PLAY,aplicativo e empresa pessimos aplicativo nao funciona para acompanhar o carro empresa nao cumpre com o prazo e eu fico sem uma informacao,negativo,-2,0.78,dor,funcionalidade_usabilidade,uso_do_app,erro_funcional,alta,experiencia_app,none,nenhuma,0.9,neg:pessimo | neg:nao funciona | forte_neg:nao funciona | rating:1 | fallback:sentimento_negativo | erro_funcional:nao funciona,review-rule-engine-v1
09c93f11-eddd-4b95-a5cd-b36b7db1bc96,5,Muito bom o app.,2023-03-20 11:29:41,,0,"Olá, tudo bem? Ficamos muito felizes em saber que tem gostado da sua experiência conosco! Para o que precisar, conte com a gente! Equipe Localiza Meoo 💚",GOOGLE_PLAY,muito bom o app,positivo,2,0.7,elogio,geral,uso_do_app,nenhuma,baixa,experiencia_app,none,nenhuma,0.7,pos:bom | rating:5,review-rule-engine-v1
d50f3004-5acc-4adc-89a1-21bc6d643b3e,5,Parabéns vcs são todos maravilhosos!,2023-03-16 13:51:28,2.1.28,0,"Olá, tudo bem? Ficamos muito felizes em saber que tem gostado da sua experiência conosco! Para o que precisar, conte com a gente! Equipe Localiza Meoo 💚",GOOGLE_PLAY,parabens vcs sao todos maravilhosos,positivo,2,0.7,elogio,geral,uso_do_app,nenhuma,baixa,experiencia_app,none,nenhuma,0.7,pos:maravilhoso | rating:5,review-rule-engine-v1
b441824d-960f-4f31-b9af-ab2ba1263d00,5,Muito excelente!!,2023-03-14 16:50:15,2.1.28,0,"Olá, tudo bem? Ficamos muito felizes em saber que tem gostado da sua experiência conosco! Para o que precisar, conte com a gente! Equipe Localiza Meoo 💚",GOOGLE_PLAY,muito excelente,positivo,2,0.7,elogio,geral,uso_do_app,nenhuma,baixa,experiencia_app,none,nenhuma,0.7,pos:excelente | rating:5,review-rule-engine-v1
795a7127-1ee5-4b51-bba5-c80cbda76759,5,"Super satisfeita desde o primeiro contato com a gerente Ariane Gomes, muito gentil explicou todas as etapas da assinatura e em menos de 1 mês, carro entregue, que nesses próximos 36 meses tudo dê certo obrigada localizameoo.",2023-03-09 18:02:50,2.1.28,0,"Olá, tudo bem? Gostaríamos de entrar em contato com você para ajudar, porém não localizamos o seu cadastro por aqui. Poderia entrar em contato conosco pelo e-mail sucesso.cliente@localiza.com ? Equipe Localiza Meoo 💚",GOOGLE_PLAY,super satisfeita desde o primeiro contato com a gerente ariane gomes muito gentil explicou todas as etapas da assinatura e em menos de 1 mes carro entregue que nesses proximos 36 meses tudo de certo obrigada localizameoo,positivo,2,0.7,elogio,contrato_assinatura,contrato,nenhuma,baixa,contrato,zero_surpresa,Ver contrato e próximos eventos,0.78,pos:satisfeita | rating:5 | contrato_assinatura:assinatura,review-rule-engine-v1
9d0df0c5-7478-411b-9abf-2cc5338cb228,2,Após alguma atualização do aplicativo eu não consigo mais acessar. Aparece que minha senha está errada e quando eu clico em esqueci a senha eu nunca recebo o email para revalidação da senha. Gostaria de ajuda.,2023-03-02 17:14:31,2.1.28,2,"Olá, tudo bem? Gostaríamos de entrar em contato com você para ajudar, porém não localizamos o seu cadastro por aqui. Poderia entrar em contato conosco pelo e-mail sucesso.cliente@localiza.com ? Equipe Localiza Meoo 💚",GOOGLE_PLAY,apos alguma atualizacao do aplicativo eu nao consigo mais acessar aparece que minha senha esta errada e quando eu clico em esqueci a senha eu nunca recebo o email para revalidacao da senha gostaria de ajuda,negativo,-2,0.78,sugestao,acesso_login,acesso,erro_funcional,alta,conta_acesso,app_reliability,Resolver acesso ao app,0.9,neg:nao consigo | pos:ajuda | forte_neg:nao consigo | rating:2 | acesso_login:senha | erro_funcional:nao consigo,review-rule-engine-v1
d91bbf19-fa55-4129-a0ad-0d0cb145c89c,5,Otimo,2023-02-26 08:38:07,2.1.23,0,"Olá, tudo bem? Gostaríamos de entrar em contato com você para ajudar, porém não localizamos o seu cadastro por aqui. Poderia entrar em contato conosco pelo e-mail sucesso.cliente@localiza.com ? Equipe Localiza Meoo 💚",GOOGLE_PLAY,otimo,positivo,2,0.7,elogio,geral,uso_do_app,nenhuma,baixa,experiencia_app,none,nenhuma,0.7,pos:otimo | rating:5,review-rule-engine-v1
43514372-92b5-4d74-ad36-399598ce9155,3,"Tenho 2 veículos por assinatura, para acessar um, tenho de desinstalar o outro. E quando volto ao acesso, abre o mesmo veículo. ] Não teria como, uma outra alternativa?",2023-02-06 09:30:10,2.1.25,1,"Olá, tudo bem? Gostaríamos de entrar em contato com você para ajudar, porém não localizamos o seu cadastro por aqui. Poderia entrar em contato conosco pelo e-mail sucesso.cliente@localiza.com ? Equipe Localiza Meoo 💚",GOOGLE_PLAY,tenho 2 veiculos por assinatura para acessar um tenho de desinstalar o outro e quando volto ao acesso abre o mesmo veiculo nao teria como uma outra alternativa,neutro,0,0.5,neutro,acesso_login,acesso,nenhuma,baixa,conta_acesso,app_reliability,Resolver acesso ao app,0.58,rating:3 | acesso_login:acesso,review-rule-engine-v1
18999909-3c17-48e2-9416-5bb0f7a1cc10,3,trava com frequência. o menu de opções são boas.,2023-02-04 09:48:22,2.1.24,0,"Olá, tudo bem? Gostaríamos de entrar em contato com você para ajudar, porém não localizamos o seu cadastro por aqui. Poderia entrar em contato conosco pelo e-mail sucesso.cliente@localiza.com ? Equipe Localiza Meoo 💚",GOOGLE_PLAY,trava com frequencia o menu de opcoes sao boas,neutro,0,0.5,neutro,performance_estabilidade,uso_do_app,performance_estabilidade,baixa,app,app_reliability,Corrigir experiência do app,0.62,neg:trava | pos:boa | rating:3 | performance_estabilidade:trava,review-rule-engine-v1
64c4d5ac-d8df-464d-8382-c8d18cad275a,2,Não consigo acessar o app. Não consigo ter informação sobre o andamento do veículo que assinei.,2023-01-26 22:53:42,2.1.23,0,"Olá, tudo bem? Gostaríamos de entrar em contato com você para ajudar, porém não localizamos o seu cadastro por aqui. Poderia entrar em contato conosco pelo e-mail sucesso.cliente@localiza.com ? Equipe Localiza Meoo 💚",GOOGLE_PLAY,nao consigo acessar o app nao consigo ter informacao sobre o andamento do veiculo que assinei,negativo,-2,0.78,dor,funcionalidade_usabilidade,uso_do_app,erro_funcional,alta,experiencia_app,none,nenhuma,0.9,neg:nao consigo | forte_neg:nao consigo | rating:2 | fallback:sentimento_negativo | erro_funcional:nao consigo,review-rule-engine-v1
476f281b-2a62-4452-9769-ac5a5fd72cb9,5,"O aplicativo é espelho do atendimento Localiza: simples, prático e funcional.",2023-01-26 18:10:53,2.1.23,0,"Olá Humberto, tudo bem? Ficamos muito felizes em saber que tem gostado da sua experiência conosco! Para o que precisar, conte com a gente! Equipe Localiza Meoo 💚",GOOGLE_PLAY,o aplicativo e espelho do atendimento localiza simples pratico e funcional,positivo,2,0.7,elogio,suporte_atendimento,suporte,atendimento,baixa,suporte,support_prevention,Resolver necessidade antes do contato,0.82,pos:pratico | rating:5 | suporte_atendimento:atendimento | atendimento:atendimento,review-rule-engine-v1
66008bdf-4288-4dde-9f95-b0514ba823be,1,"Estou a 6 meses aguardando o carro definitivo chegar e nada, vieram com a desculpa que a Montadora estava sem peças, depois de 4 meses vem e fala que a cor não está fabricando mais, no quarto mês escolho outra cor aí só depois de dois meses mostra no aplicativo que foi mandado para produção um descaso com o cliente se depender de mim não indico a localiza!",2023-01-24 04:38:21,2.1.23,0,"Olá, tudo bem? Gostaríamos de entrar em contato com você para ajudar, porém não localizamos o seu cadastro por aqui. Poderia entrar em contato conosco pelo e-mail sucesso.cliente@localiza.com ? Equipe Localiza Meoo 💚",GOOGLE_PLAY,estou a 6 meses aguardando o carro definitivo chegar e nada vieram com a desculpa que a montadora estava sem pecas depois de 4 meses vem e fala que a cor nao esta fabricando mais no quarto mes escolho outra cor ai so depois de dois meses mostra no aplicativo que foi mandado para producao um descaso com o cliente se depender de mim nao indico a localiza,negativo,-1,0.6,dor,funcionalidade_usabilidade,uso_do_app,friccao_na_jornada,alta,experiencia_app,none,nenhuma,0.72,rating:1 | fallback:sentimento_negativo | topic:funcionalidade_usabilidade,review-rule-engine-v1
7997b5f2-a114-4dff-ad0c-0826f777d7b0,5,Prático e seguro.,2023-01-23 12:49:58,2.1.23,0,"Olá Humberto, tudo bem? Ficamos muito felizes em saber que tem gostado da sua experiência conosco! Para o que precisar, conte com a gente! Equipe Localiza Meoo 💚",GOOGLE_PLAY,pratico e seguro,positivo,2,0.7,elogio,geral,uso_do_app,nenhuma,baixa,experiencia_app,none,nenhuma,0.7,pos:pratico | rating:5,review-rule-engine-v1
d8b322ef-3427-4d93-b3e0-90d45365bb5b,5,empresa profissional e rápida na soluções de demandas do cliente,2023-01-22 05:49:09,2.1.23,0,"Olá, tudo bem? Ficamos muito felizes em saber que tem gostado da sua experiência conosco! Para o que precisar, conte com a gente! Equipe Localiza Meoo 💚",GOOGLE_PLAY,empresa profissional e rapida na solucoes de demandas do cliente,positivo,1,0.6,elogio,geral,uso_do_app,nenhuma,baixa,experiencia_app,none,nenhuma,0.6,rating:5,review-rule-engine-v1
fb6e62b9-e5dc-465e-8771-aea21d6c7527,1,"Muito ruim, não está fazendo agendamentos de retirada... O suporte não ajuda TB Depois ainda mandam essa msg de copia e cola que não ajuda em nada e que você tem que entrar em contato ainda... Gente, já liguei e mandei msg pra todo mundo resolver e nada! Nao achou meu cadastro? Pesquise melhor, pq tá aí sim... Se é que alguém pesquisou algo....",2023-01-10 15:15:01,2.1.22,1,"Olá, tudo bem? Gostaríamos de entrar em contato com você para ajudar, porém não localizamos o seu cadastro por aqui. Poderia entrar em contato conosco pelo e-mail sucesso.cliente@localiza.com ? Equipe Localiza Meoo 💚",GOOGLE_PLAY,muito ruim nao esta fazendo agendamentos de retirada o suporte nao ajuda tb depois ainda mandam essa msg de copia e cola que nao ajuda em nada e que voce tem que entrar em contato ainda gente ja liguei e mandei msg pra todo mundo resolver e nada nao achou meu cadastro pesquise melhor pq ta ai sim se e que alguem pesquisou algo,neutro,-1,0.6,neutro,manutencao_agendamento,manutencao,atendimento,media,manutencao,proactive_care,Agendar revisão,0.72,neg:ruim | pos:ajuda | rating:1 | manutencao_agendamento:agendamento | atendimento:suporte,review-rule-engine-v1
7329cc95-f622-4447-b7a7-4b75c6c2c5df,1,Não há opção para assinatura de veículos no app.,2023-01-06 22:33:37,2.1.22,0,"Olá, tudo bem? Sua sugestão foi repassada ao nosso time de desenvolvimento do aplicativo, obrigado! Caso precise do nosso apoio em algo, pode entrar em contato conosco pelo e-mail sucesso.cliente@localiza.com, estamos à disposição. Equipe Localiza Meoo 💚",GOOGLE_PLAY,nao ha opcao para assinatura de veiculos no app,negativo,-1,0.6,dor,contrato_assinatura,contrato,friccao_na_jornada,media,contrato,zero_surpresa,Ver contrato e próximos eventos,0.72,rating:1 | contrato_assinatura:assinatura | topic:contrato_assinatura,review-rule-engine-v1
da2ea6db-25fa-4150-b25b-5b0cb95b0b5a,2,não salva login,2023-01-02 09:37:24,2.1.21,0,"Olá, tudo bem? Gostaríamos de entrar em contato com você para ajudar, porém não localizamos o seu cadastro por aqui. Poderia entrar em contato conosco pelo e-mail sucesso.cliente@localiza.com ? Equipe Localiza Meoo 💚",GOOGLE_PLAY,nao salva login,negativo,-1,0.6,dor,acesso_login,acesso,disponibilidade,media,conta_acesso,app_reliability,Resolver acesso ao app,0.72,rating:2 | acesso_login:login | topic:acesso_login,review-rule-engine-v1
84dfde0c-c802-456c-8db6-8472de319453,1,"Ao clicar no pedido aprovado(detalhes do pedido), o app fica com a tela em branco e não mostra as informações...",2022-12-29 21:20:31,2.1.21,0,"Olá, tudo bem? Gostaríamos de entrar em contato com você para ajudar, porém não localizamos o seu cadastro por aqui. Poderia entrar em contato conosco pelo e-mail sucesso.cliente@localiza.com ? Equipe Localiza Meoo 💚",GOOGLE_PLAY,ao clicar no pedido aprovado detalhes do pedido o app fica com a tela em branco e nao mostra as informacoes,negativo,-1,0.6,dor,funcionalidade_usabilidade,uso_do_app,friccao_na_jornada,media,experiencia_app,none,nenhuma,0.72,rating:1 | fallback:sentimento_negativo | topic:funcionalidade_usabilidade,review-rule-engine-v1
614b8062-b8a9-45e4-b402-09002ee6e3e9,1,muita pegadinha no contrato. muita demora em receber o carro. mais de 6 meses. aplicativo cheio de labirinto para serviços básicos.,2022-12-26 16:49:49,2.1.21,0,"Olá, tudo bem? Gostaríamos de entrar em contato com você para ajudar, porém não localizamos o seu cadastro por aqui. Poderia entrar em contato conosco pelo e-mail sucesso.cliente@localiza.com ? Equipe Localiza Meoo 💚",GOOGLE_PLAY,muita pegadinha no contrato muita demora em receber o carro mais de 6 meses aplicativo cheio de labirinto para servicos basicos,negativo,-2,0.7,dor,manutencao_agendamento,manutencao,performance_estabilidade,alta,manutencao,proactive_care,Agendar revisão,0.82,neg:demora | rating:1 | manutencao_agendamento:servico | performance_estabilidade:demora,review-rule-engine-v1
10738929-855f-4b01-a331-2e20c4fade83,3,"O app deveria conter o prazo de conclusão previsto para cada etapa, e qual a etapa seguinte. Isso faz parte de gestão da ansiedade de cada usuário, pq vc fica perdido de o que vai acontecer e quando é precisa ficar ligando ou falando com o atendimento do wpp pra se informar, quando poderia ter a informação na palma da mão.",2022-12-25 12:14:12,2.1.21,1,"Olá, tudo bem? Sua sugestão foi repassada ao nosso time de desenvolvimento do aplicativo, obrigado! Caso precise do nosso apoio em algo, pode entrar em contato conosco pelo e-mail sucesso.cliente@localiza.com, estamos à disposição. Equipe Localiza Meoo 💚",GOOGLE_PLAY,o app deveria conter o prazo de conclusao previsto para cada etapa e qual a etapa seguinte isso faz parte de gestao da ansiedade de cada usuario pq vc fica perdido de o que vai acontecer e quando e precisa ficar ligando ou falando com o atendimento do wpp pra se informar quando poderia ter a informacao na palma da mao,neutro,0,0.5,sugestao,suporte_atendimento,suporte,atendimento,baixa,suporte,support_prevention,Resolver necessidade antes do contato,0.62,rating:3 | suporte_atendimento:atendimento | atendimento:atendimento,review-rule-engine-v1
d741d095-2b6f-4344-bb76-3b45d4207808,1,A app não funciona direito.,2022-12-20 13:12:12,,0,"Olá, tudo bem? Gostaríamos de entrar em contato com você para ajudar, porém não localizamos o seu cadastro por aqui. Poderia entrar em contato conosco pelo e-mail sucesso.cliente@localiza.com ? Equipe Localiza Meoo 💚",GOOGLE_PLAY,a app nao funciona direito,negativo,-2,0.78,dor,funcionalidade_usabilidade,uso_do_app,erro_funcional,alta,experiencia_app,none,nenhuma,0.9,neg:nao funciona | forte_neg:nao funciona | rating:1 | fallback:sentimento_negativo | erro_funcional:nao funciona,review-rule-engine-v1
489623af-d03c-4a0e-b193-00f8e72e9489,1,"App simplesmente não funciona. ""Tente novamente mais tarde"".",2022-12-18 08:37:17,2.1.21,0,"Olá, tudo bem? Gostaríamos de entrar em contato com você para ajudar, porém não localizamos o seu cadastro por aqui. Poderia entrar em contato conosco pelo e-mail sucesso.cliente@localiza.com ? Equipe Localiza Meoo 💚",GOOGLE_PLAY,app simplesmente nao funciona tente novamente mais tarde,negativo,-2,0.78,dor,funcionalidade_usabilidade,uso_do_app,erro_funcional,alta,experiencia_app,none,nenhuma,0.9,neg:nao funciona | forte_neg:nao funciona | rating:1 | fallback:sentimento_negativo | erro_funcional:nao funciona,review-rule-engine-v1
3b4f4fab-4805-49f1-8ea4-a712b91ffa22,1,"Muito estranho, tento fazer cadastro, o APP me manda a senha para confirmação cadastro, mais não vai, dá erro toda, pesso para reenviar, e mesma coisa acontece",2022-12-12 09:50:55,,0,"Olá, tudo bem? Gostaríamos de entrar em contato com você para ajudar, porém não localizamos o seu cadastro por aqui. Poderia entrar em contato conosco pelo e-mail sucesso.cliente@localiza.com ? Equipe Localiza Meoo 💚",GOOGLE_PLAY,muito estranho tento fazer cadastro o app me manda a senha para confirmacao cadastro mais nao vai da erro toda pesso para reenviar e mesma coisa acontece,negativo,-2,0.7,dor,acesso_login,acesso,disponibilidade,media,conta_acesso,app_reliability,Resolver acesso ao app,0.82,neg:erro | rating:1 | acesso_login:senha | topic:acesso_login,review-rule-engine-v1
70b90741-750f-4fbd-aa19-0e132a488842,5,intuitivo,2022-12-09 11:30:24,2.1.21,0,"Olá, tudo bem? Ficamos muito felizes em saber que tem gostado da sua experiência conosco! Para o que precisar, conte com a gente! Equipe Localiza Meoo 💚",GOOGLE_PLAY,intuitivo,positivo,2,0.7,elogio,geral,uso_do_app,usabilidade,baixa,experiencia_app,none,nenhuma,0.74,pos:intuitivo | rating:5 | usabilidade:intuitivo,review-rule-engine-v1
25181312-46f0-4226-836c-3db30ba8f080,5,"Uso há 1 ano e não tive problemas, tudo muito bom",2022-12-07 12:15:31,2.1.20,0,"Olá, tudo bem? Ficamos muito felizes em saber que tem gostado da sua experiência conosco! Para o que precisar, conte com a gente! Equipe Localiza Meoo 💚",GOOGLE_PLAY,uso ha 1 ano e nao tive problemas tudo muito bom,neutro,1,0.6,neutro,geral,uso_do_app,nenhuma,baixa,experiencia_app,none,nenhuma,0.6,neg:problema | pos:bom | rating:5,review-rule-engine-v1
5d80a151-9c4f-48d9-ba25-3dbca0808502,1,"O app só atende necessidades básicas. Para agendamentos de manutenção, não puxa nenhum dado do contrato e nem avança para a tela seguinte por um erro de preenchimento de campos obrigatórios que não existe. Mesmo na parte de multas, não puxa nenhum dado do contrato e vc tem que procurar se todos os veículos (inclusive, tendo acesso a toda a frota). No fim das contas, poderia ter o site e o what'sapp que era a mesma coisa.",2022-11-28 09:01:23,2.1.18,5,"Olá, tudo bem? Gostaríamos de entrar em contato com você para ajudar, porém não localizamos o seu cadastro por aqui. Poderia entrar em contato conosco pelo e-mail sucesso.cliente@localiza.com ? Equipe Localiza Meoo 💚",GOOGLE_PLAY,o app so atende necessidades basicas para agendamentos de manutencao nao puxa nenhum dado do contrato e nem avanca para a tela seguinte por um erro de preenchimento de campos obrigatorios que nao existe mesmo na parte de multas nao puxa nenhum dado do contrato e vc tem que procurar se todos os veiculos inclusive tendo acesso a toda a frota no fim das contas poderia ter o site e o what sapp que era a mesma coisa,negativo,-2,0.7,sugestao,manutencao_agendamento,manutencao,funcionalidade_ausente,media,manutencao,proactive_care,Agendar revisão,0.82,neg:erro | rating:1 | manutencao_agendamento:manutencao | manutencao_agendamento:agendamento | funcionalidade_ausente:poderia ter,review-rule-engine-v1
fdf44c93-1f8f-4360-a38c-8e7c0bda4315,5,"Não consigo mais a essar o app, ao abrir aparece a mensagem que, por motivos de segurança o aplicativo não pode ser acessado desse dispositivo. OBSERVAÇÃO: Não estou a fim de entrar em contato, tirar print, ligar, mandar email etc porque isso DÁ TRABALHO e esse trabalho NÃO É (ou ao menos não deveria ser) do cliente.",2022-11-19 17:16:56,2.1.18,3,"Olá, tudo bem? Tivemos uma instabilidade temporária no aplicativo porém já foi corrigido! Iremos entrar em contato com você para ajudá-lo caso ainda precise de apoio. Equipe Localiza Meoo 💚",GOOGLE_PLAY,nao consigo mais a essar o app ao abrir aparece a mensagem que por motivos de seguranca o aplicativo nao pode ser acessado desse dispositivo observacao nao estou a fim de entrar em contato tirar print ligar mandar email etc porque isso da trabalho e esse trabalho nao e ou ao menos nao deveria ser do cliente,negativo,-3,0.88,sugestao,seguranca_privacidade,confianca,erro_funcional,alta,seguranca,security_trust,Reforçar segurança e confiança,0.98,neg:nao consigo | forte_neg:nao consigo | rating:5 | seguranca_privacidade:seguranca | erro_funcional:nao consigo,review-rule-engine-v1
804d5be9-bcf7-46bb-bb36-a1e576e09b9e,5,melhor coisa que fiz na vida mas como tudo na vida há um senão. Após a atualização de hoje 8/11/22 o app não funciona e hoje dia 11/11/22 parou de vez 2.1.17 atualizacao. Retificando . Voltou a funcionalidade graças a tecnologia,2022-11-15 07:15:08,2.1.18,5,"Olá, tudo bem? Tivemos uma instabilidade temporária no aplicativo porém já foi corrigido! Para conseguir acessar, gentileza realizar a atualização do app para a nova versão disponível. Se precisar, pode entrar em contato conosco pelo e-mail sucesso.cliente@localiza.com que iremos te ajudar. Equipe Localiza Meoo 💚",GOOGLE_PLAY,melhor coisa que fiz na vida mas como tudo na vida ha um senao apos a atualizacao de hoje 8 11 22 o app nao funciona e hoje dia 11 11 22 parou de vez 2 1 17 atualizacao retificando voltou a funcionalidade gracas a tecnologia,negativo,-3,0.88,dor,performance_estabilidade,uso_do_app,erro_funcional,alta,app,app_reliability,Corrigir experiência do app,0.98,neg:nao funciona | forte_neg:nao funciona | rating:5 | performance_estabilidade:atualizacao | erro_funcional:nao funciona,review-rule-engine-v1
edac885f-3900-414d-a614-3484cff3058c,1,Sempre com erro,2022-11-14 20:40:14,2.1.18,0,"Olá, tudo bem? Iremos entrar em contato com você para ajudá-lo! Equipe Localiza Meoo 💚",GOOGLE_PLAY,sempre com erro,negativo,-2,0.7,dor,performance_estabilidade,uso_do_app,disponibilidade,media,app,app_reliability,Corrigir experiência do app,0.82,neg:erro | rating:1 | performance_estabilidade:erro | topic:performance_estabilidade,review-rule-engine-v1
47c71d9c-b4ce-43ad-b02b-15775c5a600a,1,Depois da última atualização do dia 8 não consigo mais acessar o app,2022-11-11 11:09:58,2.1.17,0,"Olá, tudo bem? Gostaríamos de entrar em contato com você para ajudar, porém não localizamos o seu cadastro por aqui. Poderia entrar em contato conosco pelo e-mail sucesso.cliente@localiza.com ? Equipe Localiza Meoo 💚",GOOGLE_PLAY,depois da ultima atualizacao do dia 8 nao consigo mais acessar o app,negativo,-2,0.78,dor,performance_estabilidade,uso_do_app,erro_funcional,alta,app,app_reliability,Corrigir experiência do app,0.9,neg:nao consigo | forte_neg:nao consigo | rating:1 | performance_estabilidade:atualizacao | erro_funcional:nao consigo,review-rule-engine-v1
f30acf01-f3c3-4a2f-96e1-814471d172cd,1,"Aplicativo ruim. Depois da atualização, o app não abre. Preciso identificar o condutor em uma infração, como faço isso sem ter acesso ao app?",2022-11-11 08:57:37,2.1.17,0,"Olá, tudo bem? Gostaríamos de entrar em contato com você para ajudar, porém não localizamos o seu cadastro por aqui. Poderia entrar em contato conosco pelo e-mail sucesso.cliente@localiza.com ? Equipe Localiza Meoo 💚",GOOGLE_PLAY,aplicativo ruim depois da atualizacao o app nao abre preciso identificar o condutor em uma infracao como faco isso sem ter acesso ao app,negativo,-2,0.78,dor,acesso_login,acesso,erro_funcional,alta,conta_acesso,app_reliability,Resolver acesso ao app,0.9,neg:ruim | neg:nao abre | forte_neg:nao abre | rating:1 | acesso_login:acesso | erro_funcional:nao abre,review-rule-engine-v1
74e2361d-239f-4eaf-b300-25fd0d3334e5,1,Depois de atualizado simplesmente não abre,2022-11-11 08:47:07,2.1.17,1,"Olá, tudo bem? Gostaríamos de entrar em contato com você para ajudar, porém não localizamos o seu cadastro por aqui. Poderia entrar em contato conosco pelo e-mail sucesso.cliente@localiza.com ? Equipe Localiza Meoo 💚",GOOGLE_PLAY,depois de atualizado simplesmente nao abre,negativo,-2,0.78,dor,funcionalidade_usabilidade,uso_do_app,erro_funcional,alta,experiencia_app,none,nenhuma,0.9,neg:nao abre | forte_neg:nao abre | rating:1 | fallback:sentimento_negativo | erro_funcional:nao abre,review-rule-engine-v1
7d12f321-5ad4-4919-bd34-7bf4411eb72a,1,App simplesmente parou de funcionar. Não abre de forma alguma.,2022-11-11 06:48:11,2.1.17,1,"Olá, tudo bem? Gostaríamos de entrar em contato com você para ajudar, porém não localizamos o seu cadastro por aqui. Poderia entrar em contato conosco pelo e-mail sucesso.cliente@localiza.com ? Equipe Localiza Meoo 💚",GOOGLE_PLAY,app simplesmente parou de funcionar nao abre de forma alguma,negativo,-2,0.78,dor,funcionalidade_usabilidade,uso_do_app,erro_funcional,alta,experiencia_app,none,nenhuma,0.9,neg:nao abre | forte_neg:nao abre | rating:1 | fallback:sentimento_negativo | erro_funcional:nao abre,review-rule-engine-v1
e119ed6a-bd7d-423d-bbd2-77b1fd46c4fb,2,Atualizei a versão em 10/11/2022 e o aplicativo parou de funcionar.,2022-11-10 17:37:26,2.1.17,1,"Olá, tudo bem? Gostaríamos de entrar em contato com você para ajudar, porém não localizamos o seu cadastro por aqui. Poderia entrar em contato conosco pelo e-mail sucesso.cliente@localiza.com ? Equipe Localiza Meoo 💚",GOOGLE_PLAY,atualizei a versao em 10 11 2022 e o aplicativo parou de funcionar,negativo,-1,0.6,dor,funcionalidade_usabilidade,uso_do_app,friccao_na_jornada,media,experiencia_app,none,nenhuma,0.72,rating:2 | fallback:sentimento_negativo | topic:funcionalidade_usabilidade,review-rule-engine-v1
5966bbef-0c7d-4134-a842-33c71cb71c61,1,"O app já não era bom, atualizou e não entra mais.",2022-11-10 14:14:36,2.1.17,1,"Olá, tudo bem? Iremos entrar em contato com você para ajudá-lo! Equipe Localiza Meoo 💚",GOOGLE_PLAY,o app ja nao era bom atualizou e nao entra mais,neutro,0,0.5,neutro,acesso_login,acesso,nenhuma,media,conta_acesso,app_reliability,Resolver acesso ao app,0.58,pos:bom | rating:1 | acesso_login:nao entra,review-rule-engine-v1
21e9b9e9-1d23-46ab-94c0-a360b55a5126,1,Atualizei e continua dando pau. Agora freeze na tela de abertura.,2022-11-10 09:48:11,2.1.17,1,"Olá, tudo bem? Tivemos uma instabilidade temporária no aplicativo porém já foi corrigido! Para conseguir acessar, gentileza realizar a atualização do app para a nova versão disponível. Se precisar, pode entrar em contato conosco pelo e-mail sucesso.cliente@localiza.com que iremos te ajudar. Equipe Localiza Meoo 💚",GOOGLE_PLAY,atualizei e continua dando pau agora freeze na tela de abertura,negativo,-1,0.6,dor,funcionalidade_usabilidade,uso_do_app,friccao_na_jornada,media,experiencia_app,none,nenhuma,0.72,rating:1 | fallback:sentimento_negativo | topic:funcionalidade_usabilidade,review-rule-engine-v1
7d99bb5f-5ef3-4454-9250-b76c0e2029c1,1,Ultima atualização realizada não permite nem abrir o app... por favor corrigir.,2022-11-10 08:19:21,2.1.17,1,"Olá, tudo bem? Gostaríamos de entrar em contato com você para ajudar, porém não localizamos o seu cadastro por aqui. Poderia entrar em contato conosco pelo e-mail sucesso.cliente@localiza.com ? Equipe Localiza Meoo 💚",GOOGLE_PLAY,ultima atualizacao realizada nao permite nem abrir o app por favor corrigir,negativo,-2,0.78,dor,performance_estabilidade,uso_do_app,erro_funcional,media,app,app_reliability,Corrigir experiência do app,0.9,neg:nao permite | forte_neg:nao permite | rating:1 | performance_estabilidade:atualizacao | erro_funcional:nao permite,review-rule-engine-v1
2aa97d6b-c62b-4c15-9a41-1a82e8b4f1ab,2,"O App era ótimo. Depois da atualização, não consigo nem logar, tenho fatura pra pagar, um caos",2022-11-10 06:30:52,2.1.17,0,"Olá, tudo bem? Gostaríamos de entrar em contato com você para ajudar, porém não localizamos o seu cadastro por aqui. Poderia entrar em contato conosco pelo e-mail sucesso.cliente@localiza.com ? Equipe Localiza Meoo 💚",GOOGLE_PLAY,o app era otimo depois da atualizacao nao consigo nem logar tenho fatura pra pagar um caos,negativo,-2,0.78,dor,pagamento_financeiro,financeiro,erro_funcional,alta,financeiro,zero_surpresa,Revisar pagamentos e vencimentos,0.9,neg:nao consigo | pos:otimo | forte_neg:nao consigo | rating:2 | pagamento_financeiro:fatura | pagamento_financeiro:pagar | erro_funcional:nao consigo,review-rule-engine-v1
e305621f-1147-440e-9584-c6d5f9ac6e2c,1,"Aplicativo não funciona direito! abre uma vez, depois só abre no outro mês, não se iludam",2022-11-09 21:07:30,2.1.17,1,"Olá, tudo bem? Iremos entrar em contato com você para ajudá-lo! Equipe Localiza Meoo 💚",GOOGLE_PLAY,aplicativo nao funciona direito abre uma vez depois so abre no outro mes nao se iludam,negativo,-2,0.78,dor,funcionalidade_usabilidade,uso_do_app,erro_funcional,alta,experiencia_app,none,nenhuma,0.9,neg:nao funciona | forte_neg:nao funciona | rating:1 | fallback:sentimento_negativo | erro_funcional:nao funciona,review-rule-engine-v1
ae3101a2-26aa-4f1d-9fb9-13ae05ffc2e0,1,"Depois da atualização recente, parou de funcionar no Android 12. Nova atualização e o app continua sem funcionar.",2022-11-09 18:00:25,2.1.17,1,"Olá, tudo bem? Tivemos uma instabilidade temporária no aplicativo porém já foi corrigido! Para conseguir acessar, gentileza realizar a atualização do app para a nova versão disponível. Se precisar, pode entrar em contato conosco pelo e-mail sucesso.cliente@localiza.com que iremos te ajudar. Equipe Localiza Meoo 💚",GOOGLE_PLAY,depois da atualizacao recente parou de funcionar no android 12 nova atualizacao e o app continua sem funcionar,negativo,-1,0.6,dor,performance_estabilidade,uso_do_app,performance_estabilidade,media,app,app_reliability,Corrigir experiência do app,0.72,rating:1 | performance_estabilidade:atualizacao,review-rule-engine-v1
ebb0a022-ac5a-4bfd-8082-a36cae4d0583,1,App pqrou de funcionar. Favor acertar esta atualização.,2022-11-09 17:23:05,2.1.17,0,"Olá, tudo bem? Gostaríamos de entrar em contato com você para ajudar, porém não localizamos o seu cadastro por aqui. Poderia entrar em contato conosco pelo e-mail sucesso.cliente@localiza.com ? Equipe Localiza Meoo 💚",GOOGLE_PLAY,app pqrou de funcionar favor acertar esta atualizacao,negativo,-1,0.6,dor,performance_estabilidade,uso_do_app,performance_estabilidade,media,app,app_reliability,Corrigir experiência do app,0.72,rating:1 | performance_estabilidade:atualizacao,review-rule-engine-v1
ba8cec81-b6a1-4d68-bda1-043ce73f6d74,3,Agora foi corrigido!,2022-11-09 14:48:57,2.1.17,1,"Olá, tudo bem? Gostaríamos de conversar com você para ajudá-lo e ouvir suas sugestões. Pode entrar em contato com a gente pelo e-mail sucesso.cliente@localiza.com? Equipe Localiza Meoo 💚",GOOGLE_PLAY,agora foi corrigido,neutro,0,0.5,neutro,geral,uso_do_app,nenhuma,baixa,experiencia_app,none,nenhuma,0.5,rating:3,review-rule-engine-v1
83d455c8-c40d-4f1b-a212-a71f4203c808,2,Acabei de atualizar o app por solicitação do próprio aplicativo. Não abre mais. Impressionante como dificultam as coisas.,2022-11-09 13:48:03,2.1.17,0,"Olá, tudo bem? Gostaríamos de entrar em contato com você para ajudar, porém não localizamos o seu cadastro por aqui. Poderia entrar em contato conosco pelo e-mail sucesso.cliente@localiza.com ? Equipe Localiza Meoo 💚",GOOGLE_PLAY,acabei de atualizar o app por solicitacao do proprio aplicativo nao abre mais impressionante como dificultam as coisas,negativo,-2,0.78,dor,performance_estabilidade,uso_do_app,erro_funcional,alta,app,app_reliability,Corrigir experiência do app,0.9,neg:nao abre | forte_neg:nao abre | rating:2 | performance_estabilidade:atualizar | erro_funcional:nao abre,review-rule-engine-v1
9d996952-7a6b-4679-b591-b78a513d02f5,1,App Depois da última atualização não abre de forma alguma,2022-11-09 11:40:03,2.1.17,0,"Olá, tudo bem? Gostaríamos de entrar em contato com você para ajudar, porém não localizamos o seu cadastro por aqui. Poderia entrar em contato conosco pelo e-mail sucesso.cliente@localiza.com ? Equipe Localiza Meoo 💚",GOOGLE_PLAY,app depois da ultima atualizacao nao abre de forma alguma,negativo,-2,0.78,dor,performance_estabilidade,uso_do_app,erro_funcional,alta,app,app_reliability,Corrigir experiência do app,0.9,neg:nao abre | forte_neg:nao abre | rating:1 | performance_estabilidade:atualizacao | erro_funcional:nao abre,review-rule-engine-v1
5fdf3888-eb70-4cc6-85c6-618e1665ad40,1,"Depois da atualização, não consigo acessar.",2022-11-09 11:14:04,2.1.17,0,"Olá, tudo bem? Iremos entrar em contato com você para ajudá-lo! Equipe Localiza Meoo 💚",GOOGLE_PLAY,depois da atualizacao nao consigo acessar,negativo,-2,0.78,dor,performance_estabilidade,uso_do_app,erro_funcional,alta,app,app_reliability,Corrigir experiência do app,0.9,neg:nao consigo | forte_neg:nao consigo | rating:1 | performance_estabilidade:atualizacao | erro_funcional:nao consigo,review-rule-engine-v1
3f09bb98-f29c-480a-b26e-0099cf964373,2,Funcionou bem ate ontem. Depois de hoje (08/11) pediu pra atualizar e não funciona mais.,2022-11-08 20:40:44,2.1.17,0,"Olá, tudo bem? Tivemos uma instabilidade temporária no aplicativo porém já foi corrigido! Para conseguir acessar, gentileza realizar a atualização do app para a nova versão disponível. Se precisar, pode entrar em contato conosco pelo e-mail sucesso.cliente@localiza.com que iremos te ajudar. Equipe Localiza Meoo 💚",GOOGLE_PLAY,funcionou bem ate ontem depois de hoje 08 11 pediu pra atualizar e nao funciona mais,negativo,-2,0.78,dor,performance_estabilidade,uso_do_app,erro_funcional,alta,app,app_reliability,Corrigir experiência do app,0.9,neg:nao funciona | forte_neg:nao funciona | rating:2 | performance_estabilidade:atualizar | erro_funcional:nao funciona,review-rule-engine-v1
df59b365-92de-4119-a693-80ea1e54ed90,5,Voltou a funcionar. Agradeço pela presteza em responder. Obrigado!!!,2022-11-08 20:10:42,2.1.17,0,"Olá, tudo bem? Tivemos uma instabilidade temporária no aplicativo porém já foi corrigido! Para conseguir acessar, gentileza realizar a atualização do app para a nova versão disponível. Se precisar, pode entrar em contato conosco pelo e-mail sucesso.cliente@localiza.com que iremos te ajudar. Equipe Localiza Meoo 💚",GOOGLE_PLAY,voltou a funcionar agradeco pela presteza em responder obrigado,positivo,1,0.6,elogio,geral,uso_do_app,nenhuma,baixa,experiencia_app,none,nenhuma,0.6,rating:5,review-rule-engine-v1
f95226f6-b16f-4607-bc44-8f34ed9190e1,1,"Não funciona mais... Após a última atualização, a tela fixa em branco Após a mensagem pedindo CPF OU CNPJ...",2022-11-08 13:53:36,2.1.16,1,"Olá, tudo bem? Tivemos uma instabilidade temporária no aplicativo porém já foi corrigido! Para conseguir acessar, gentileza realizar a atualização do app para a nova versão disponível. Se precisar, pode entrar em contato conosco pelo e-mail sucesso.cliente@localiza.com que iremos te ajudar. Equipe Localiza Meoo 💚",GOOGLE_PLAY,nao funciona mais apos a ultima atualizacao a tela fixa em branco apos a mensagem pedindo cpf ou cnpj,negativo,-2,0.78,dor,performance_estabilidade,uso_do_app,erro_funcional,alta,app,app_reliability,Corrigir experiência do app,0.9,neg:nao funciona | forte_neg:nao funciona | rating:1 | performance_estabilidade:atualizacao | erro_funcional:nao funciona,review-rule-engine-v1
833fa420-8eb0-4b12-90eb-a6a6ad85be66,1,"Acabei de fazer a atualização do app, e agora simplesmente fica uma tela em branco com os dizeres: ""Escolha o cliente"" e abaixo, ""Digite a Razão Social, CNPJ, nome ou CPF referente contrato"". Nao há o que selecionar nem campo para digitar...",2022-11-08 12:19:22,2.1.16,0,"Olá, tudo bem? Tivemos uma instabilidade temporária no aplicativo porém já foi corrigido! Para conseguir acessar, gentileza realizar a atualização do app para a nova versão disponível. Se precisar, pode entrar em contato conosco pelo e-mail sucesso.cliente@localiza.com que iremos te ajudar. Equipe Localiza Meoo 💚",GOOGLE_PLAY,acabei de fazer a atualizacao do app e agora simplesmente fica uma tela em branco com os dizeres escolha o cliente e abaixo digite a razao social cnpj nome ou cpf referente contrato nao ha o que selecionar nem campo para digitar,negativo,-1,0.6,dor,contrato_assinatura,contrato,performance_estabilidade,media,contrato,zero_surpresa,Ver contrato e próximos eventos,0.72,rating:1 | contrato_assinatura:contrato | performance_estabilidade:atualizacao,review-rule-engine-v1
cdbab484-eb9d-4fa8-a727-ffb636fe8ccc,3,Atualizei o APP e não estou conseguindo inserir meus dados para logar,2022-11-08 11:38:47,2.1.16,0,"Olá, tudo bem? Tivemos uma instabilidade temporária no aplicativo porém já foi corrigido! Para conseguir acessar, gentileza realizar a atualização do app para a nova versão disponível. Se precisar, pode entrar em contato conosco pelo e-mail sucesso.cliente@localiza.com que iremos te ajudar. Equipe Localiza Meoo 💚",GOOGLE_PLAY,atualizei o app e nao estou conseguindo inserir meus dados para logar,neutro,0,0.5,neutro,acesso_login,acesso,nenhuma,baixa,conta_acesso,app_reliability,Resolver acesso ao app,0.58,rating:3 | acesso_login:logar,review-rule-engine-v1
774d6378-98d4-45af-9589-e652c8c2a9ef,5,Reclamei sobre o app não estar funcionando e o problema era com o modo Desenvolvedor habilitado no meu celular! O suporte resolver a questão super rápido pedindo para eu desabilitar a função. Funcionou 100%.,2022-11-08 10:39:40,2.1.15,2,"Olá, tudo bem? Tivemos uma instabilidade temporária no aplicativo porém já foi corrigido! Não conseguimos localizar o seu cadastro por aqui, mas caso ainda não esteja conseguindo acessar pode entrar em contato com a gente pelo e-mail sucesso.cliente@localiza.com que iremos ajudá-lo. Equipe Localiza Meoo 💚",GOOGLE_PLAY,reclamei sobre o app nao estar funcionando e o problema era com o modo desenvolvedor habilitado no meu celular o suporte resolver a questao super rapido pedindo para eu desabilitar a funcao funcionou 100,neutro,1,0.6,neutro,suporte_atendimento,suporte,atendimento,baixa,suporte,support_prevention,Resolver necessidade antes do contato,0.72,neg:problema | pos:rapido | rating:5 | suporte_atendimento:suporte | atendimento:suporte,review-rule-engine-v1
6529fdc1-af4a-4f0b-93e4-ed57cc98d7f4,1,"Após a atualização, o aplicativo não habilita o campo para informar o CPF e trava.",2022-11-07 21:50:20,2.1.16,0,"Olá, tudo bem? Tivemos uma instabilidade temporária no aplicativo porém já foi corrigido! Para conseguir acessar, gentileza realizar a atualização do app para a nova versão disponível. Se precisar, pode entrar em contato conosco pelo e-mail sucesso.cliente@localiza.com que iremos te ajudar. Equipe Localiza Meoo 💚",GOOGLE_PLAY,apos a atualizacao o aplicativo nao habilita o campo para informar o cpf e trava,negativo,-2,0.7,dor,performance_estabilidade,uso_do_app,performance_estabilidade,media,app,app_reliability,Corrigir experiência do app,0.82,neg:trava | rating:1 | performance_estabilidade:trava | performance_estabilidade:atualizacao,review-rule-engine-v1
87433726-f24c-4adb-9089-178c90445693,2,"App deveria executar atividades BÁSICAS, e infelizmente não cumpre essas funções!!! Toda hora algum problema ou indisponível... De quebra, combina com o serviço que leva 6 (seis) meses para entregar o produto vendido!!! Ahhh se arrependimento matasse... 🤦‍♂️🤦‍♂️🤦‍♂️",2022-11-07 21:23:46,2.1.16,0,"Olá, tudo bem? Tivemos uma instabilidade temporária no aplicativo porém já foi corrigido! Para conseguir acessar, gentileza realizar a atualização do app para a nova versão disponível. Se precisar, pode entrar em contato conosco pelo e-mail sucesso.cliente@localiza.com que iremos te ajudar. Equipe Localiza Meoo 💚",GOOGLE_PLAY,app deveria executar atividades basicas e infelizmente nao cumpre essas funcoes toda hora algum problema ou indisponivel de quebra combina com o servico que leva 6 seis meses para entregar o produto vendido ahhh se arrependimento matasse,negativo,-2,0.7,sugestao,manutencao_agendamento,manutencao,friccao_na_jornada,alta,manutencao,proactive_care,Agendar revisão,0.82,neg:problema | rating:2 | manutencao_agendamento:servico | topic:manutencao_agendamento,review-rule-engine-v1
67c7316e-1b38-4bdc-b1d8-37d8374e6290,4,"Quando funciona é bom, atualizei e não funciona mais",2022-11-07 19:49:03,2.1.16,0,"Olá, tudo bem? Tivemos uma instabilidade temporária no aplicativo porém já foi corrigido! Para conseguir acessar, gentileza realizar a atualização do app para a nova versão disponível. Se precisar, pode entrar em contato conosco pelo e-mail sucesso.cliente@localiza.com que iremos te ajudar. Equipe Localiza Meoo 💚",GOOGLE_PLAY,quando funciona e bom atualizei e nao funciona mais,negativo,-4,0.98,dor,funcionalidade_usabilidade,uso_do_app,erro_funcional,alta,experiencia_app,none,nenhuma,0.98,neg:nao funciona | pos:bom | forte_neg:nao funciona | rating:4 | fallback:sentimento_negativo | erro_funcional:nao funciona,review-rule-engine-v1
670d623e-ff57-4525-94e1-a1d8077461f0,1,Depois que atualizaram não consigo mais utilizar,2022-11-07 17:03:15,2.1.16,0,"Olá, tudo bem? Tivemos uma instabilidade temporária no aplicativo porém já foi corrigido! Para conseguir acessar, gentileza realizar a atualização do app para a nova versão disponível. Se precisar, pode entrar em contato conosco pelo e-mail sucesso.cliente@localiza.com que iremos te ajudar. Equipe Localiza Meoo 💚",GOOGLE_PLAY,depois que atualizaram nao consigo mais utilizar,negativo,-2,0.78,dor,performance_estabilidade,uso_do_app,erro_funcional,alta,app,app_reliability,Corrigir experiência do app,0.9,neg:nao consigo | pos:util | forte_neg:nao consigo | rating:1 | performance_estabilidade:atualizar | erro_funcional:nao consigo,review-rule-engine-v1
ab6f4513-e344-429c-9ab2-8282011ab055,1,"O app exibe mensagem de erro antes mesmo de abrir a tela inicial, o que torna a ferramenta inutilizada.",2022-11-07 00:03:22,2.1.15,0,"Olá! Tivemos uma instabilidade temporária no aplicativo porém já foi corrigido! Caso ainda não esteja conseguindo acessar, gentileza verificar se você está usando o aplicativo no ""modo desenvolvedor"" e caso sim, desative-o. Se precisar de ajuda, pode entrar em contato conosco pelo e-mail sucesso.cliente@localiza.com. Equipe Localiza Meoo 💚",GOOGLE_PLAY,o app exibe mensagem de erro antes mesmo de abrir a tela inicial o que torna a ferramenta inutilizada,neutro,-1,0.6,neutro,performance_estabilidade,uso_do_app,nenhuma,media,app,app_reliability,Corrigir experiência do app,0.68,neg:erro | pos:util | rating:1 | performance_estabilidade:erro,review-rule-engine-v1
4f98abf7-3d1f-4f51-a954-cfe0897e5563,1,O aplicativo não abre! Ao abri-lo é notificado um erro e o suporte não respondeu meu contato!,2022-11-06 23:44:43,,1,"Olá! Tivemos uma instabilidade temporária no aplicativo porém já foi corrigido! Caso ainda não esteja conseguindo acessar, gentileza verificar se você está usando o aplicativo no ""modo desenvolvedor"" e caso sim, desative-o. Se precisar de ajuda, pode entrar em contato conosco pelo e-mail sucesso.cliente@localiza.com. Equipe Localiza Meoo 💚",GOOGLE_PLAY,o aplicativo nao abre ao abri lo e notificado um erro e o suporte nao respondeu meu contato,negativo,-2,0.78,dor,suporte_atendimento,suporte,erro_funcional,alta,suporte,support_prevention,Resolver necessidade antes do contato,0.9,neg:erro | neg:nao abre | forte_neg:nao abre | rating:1 | suporte_atendimento:suporte | erro_funcional:nao abre,review-rule-engine-v1
80f9dc5a-38da-4a51-8f61-6848ca66d9ab,1,Fazem a propaganda e quando vamos utilizar aparece uma msg ( que este aparelho não pode acesaar o app). Então não adianta oferecer um serviço com problema.,2022-11-04 13:07:41,2.1.15,0,"Olá! Tivemos uma instabilidade temporária no aplicativo porém já foi corrigido! Caso ainda não esteja conseguindo acessar, gentileza verificar se você está usando o aplicativo no ""modo desenvolvedor"" e caso sim, desative-o. Se precisar de ajuda, pode entrar em contato conosco pelo e-mail sucesso.cliente@localiza.com. Equipe Localiza Meoo 💚",GOOGLE_PLAY,fazem a propaganda e quando vamos utilizar aparece uma msg que este aparelho nao pode acesaar o app entao nao adianta oferecer um servico com problema,neutro,-1,0.6,neutro,manutencao_agendamento,manutencao,nenhuma,media,manutencao,proactive_care,Agendar revisão,0.68,neg:problema | pos:util | rating:1 | manutencao_agendamento:servico,review-rule-engine-v1
b8660edc-49e2-41db-9d99-7d15e00212c8,1,"Aplicativo não está funcionando! Exibi a mensagem: Este aparelho não pode ser utilizado para acessar o app Meoo por motivos de segurança. Por favor, tente acessá-lo por outro dispotivo.",2022-11-04 13:02:47,2.1.15,0,"Olá! Tivemos uma instabilidade temporária no aplicativo porém já foi corrigido! Caso ainda não esteja conseguindo acessar, gentileza verificar se você está usando o aplicativo no ""modo desenvolvedor"" e caso sim, desative-o. Se precisar de ajuda, pode entrar em contato conosco pelo e-mail sucesso.cliente@localiza.com. Equipe Localiza Meoo 💚",GOOGLE_PLAY,aplicativo nao esta funcionando exibi a mensagem este aparelho nao pode ser utilizado para acessar o app meoo por motivos de seguranca por favor tente acessa lo por outro dispotivo,neutro,0,0.5,neutro,seguranca_privacidade,confianca,seguranca_privacidade,media,seguranca,security_trust,Reforçar segurança e confiança,0.62,pos:util | rating:1 | seguranca_privacidade:seguranca,review-rule-engine-v1
fda8c649-c575-420b-924f-9ef73a1bb5c2,5,"Estou com a versão mais recente, porém continua aparecendo a mensagem que não posso acessar do meu aparelho.",2022-11-04 12:04:46,2.1.15,0,"Olá! Tivemos uma instabilidade temporária no aplicativo porém já foi corrigido! Caso ainda não esteja conseguindo acessar, gentileza verificar se você está usando o aplicativo no ""modo desenvolvedor"" e caso sim, desative-o. Se precisar de ajuda, pode entrar em contato conosco pelo e-mail sucesso.cliente@localiza.com. Equipe Localiza Meoo 💚",GOOGLE_PLAY,estou com a versao mais recente porem continua aparecendo a mensagem que nao posso acessar do meu aparelho,positivo,1,0.6,elogio,geral,uso_do_app,nenhuma,baixa,experiencia_app,none,nenhuma,0.6,rating:5,review-rule-engine-v1
62edfcf5-a4bd-415e-baf9-5b019e44ac59,5,Bom,2022-11-04 10:31:10,2.1.15,0,"Olá, tudo bem? Muito obrigado pela avaliação! Conte sempre com a gente para trilhar novos caminhos. Equipe Localiza Meoo 💚",GOOGLE_PLAY,bom,positivo,2,0.7,elogio,geral,uso_do_app,nenhuma,baixa,experiencia_app,none,nenhuma,0.7,pos:bom | rating:5,review-rule-engine-v1
ee4c8796-4f8d-4845-8032-fafb066e7966,1,Mensagem de que meu aparelho não é autorizado a acessar. E estava acessando. Já fazem dias isso.,2022-11-03 18:39:49,2.1.15,0,"Olá! Tivemos uma instabilidade temporária no aplicativo porém já foi corrigido! Caso ainda não esteja conseguindo acessar, gentileza verificar se você está usando o aplicativo no ""modo desenvolvedor"" e caso sim, desative-o. Se precisar de ajuda, pode entrar em contato conosco pelo e-mail sucesso.cliente@localiza.com. Equipe Localiza Meoo 💚",GOOGLE_PLAY,mensagem de que meu aparelho nao e autorizado a acessar e estava acessando ja fazem dias isso,negativo,-1,0.6,dor,funcionalidade_usabilidade,uso_do_app,friccao_na_jornada,media,experiencia_app,none,nenhuma,0.72,rating:1 | fallback:sentimento_negativo | topic:funcionalidade_usabilidade,review-rule-engine-v1
52d5b2c1-f6a4-435a-bacf-a6b9492db055,4,"Boa tarde! Após desabilitar o modo desenvolvedor, o APP, abriu normal! Obrigado!!!Boa noite! Não estou conseguindo abrir o APP. Segue MSN. Este aparelho não pode ser utilizado para acessar o APP por motivos de segurança.",2022-11-03 13:47:26,2.1.15,0,"Olá! Tivemos uma instabilidade temporária no aplicativo porém já foi corrigido! Caso ainda não esteja conseguindo acessar, gentileza verificar se você está usando o aplicativo no ""modo desenvolvedor"" e caso sim, desative-o. Se precisar de ajuda, pode entrar em contato conosco pelo e-mail sucesso.cliente@localiza.com. Equipe Localiza Meoo 💚",GOOGLE_PLAY,boa tarde apos desabilitar o modo desenvolvedor o app abriu normal obrigado boa noite nao estou conseguindo abrir o app segue msn este aparelho nao pode ser utilizado para acessar o app por motivos de seguranca,positivo,3,0.8,elogio,seguranca_privacidade,confianca,seguranca_privacidade,baixa,seguranca,security_trust,Reforçar segurança e confiança,0.92,pos:boa | pos:util | rating:4 | seguranca_privacidade:seguranca,review-rule-engine-v1
bc784ce4-2b6b-4f44-a9c8-0e6477a4e012,4,"Pra quem nao ta conseguindo acessar, é só DESABILITAR o modo DESENVOLVEDOR / PROGRAMADOR do celular. Configuração > Sistema e Atualizações > Opção de Desenvolvedor / Programador > Desativar",2022-11-03 08:56:29,2.1.15,0,"Olá, tudo bem? Muito obrigado pela avaliação! Conte sempre com a gente para trilhar novos caminhos. Equipe Localiza Meoo 💚",GOOGLE_PLAY,pra quem nao ta conseguindo acessar e so desabilitar o modo desenvolvedor programador do celular configuracao sistema e atualizacoes opcao de desenvolvedor programador desativar,positivo,1,0.6,elogio,geral,uso_do_app,nenhuma,baixa,experiencia_app,none,nenhuma,0.6,rating:4,review-rule-engine-v1
1ba6142f-ce4e-41e5-a7c0-ee36e037cdf5,2,"Depois da ultima atualização não consigo acessar, diz que por razões de segurança não posso acessar deste dispositivo. Já desinstalei e reinstalei e nada.",2022-11-02 16:08:13,2.1.15,0,"Olá! Tivemos uma instabilidade temporária no aplicativo porém já foi corrigido! Caso ainda não esteja conseguindo acessar, gentileza verificar se você está usando o aplicativo no ""modo desenvolvedor"" e caso sim, desativá-lo. Se precisar de ajuda, pode entrar em contato conosco pelo e-mail sucesso.cliente@localiza.com. Equipe Localiza Meoo 💚",GOOGLE_PLAY,depois da ultima atualizacao nao consigo acessar diz que por razoes de seguranca nao posso acessar deste dispositivo ja desinstalei e reinstalei e nada,negativo,-2,0.78,dor,seguranca_privacidade,confianca,erro_funcional,alta,seguranca,security_trust,Reforçar segurança e confiança,0.9,neg:nao consigo | forte_neg:nao consigo | rating:2 | seguranca_privacidade:seguranca | erro_funcional:nao consigo,review-rule-engine-v1
70c6f193-d9a4-46f3-8cb4-54b5bed2ee8e,5,"Com o ""Modo desenvolvedor"" ativado o aplicativo não está funcionando. Para quem recebe a mensagem, desabilite o modo e acesse novamente. Fiz no meu dispositivo e funcionou.",2022-11-01 09:25:11,2.1.15,2,"Olá, tudo bem? Muito obrigado pela avaliação! Conte sempre com a gente para trilhar novos caminhos. Equipe Localiza Meoo 💚",GOOGLE_PLAY,com o modo desenvolvedor ativado o aplicativo nao esta funcionando para quem recebe a mensagem desabilite o modo e acesse novamente fiz no meu dispositivo e funcionou,positivo,1,0.6,elogio,geral,uso_do_app,nenhuma,baixa,experiencia_app,none,nenhuma,0.6,rating:5,review-rule-engine-v1
180e54d4-8a55-4036-ba99-b0374ba6d737,1,Depois da última atualização o app parou de funcionar,2022-10-31 22:35:49,2.1.15,0,"Olá, tudo bem? Tivemos uma instabilidade temporária no aplicativo porém já foi corrigido! Não conseguimos localizar o seu cadastro por aqui, mas caso ainda não esteja conseguindo acessar pode entrar em contato com a gente pelo e-mail sucesso.cliente@localiza.com que iremos ajudá-lo. Equipe Localiza Meoo 💚",GOOGLE_PLAY,depois da ultima atualizacao o app parou de funcionar,negativo,-1,0.6,dor,performance_estabilidade,uso_do_app,performance_estabilidade,media,app,app_reliability,Corrigir experiência do app,0.72,rating:1 | performance_estabilidade:atualizacao,review-rule-engine-v1
07baabbd-6adb-4b09-bfb2-18f9e23923ca,1,"Está dizendo que o celular é incompatível, tenho um S21.",2022-10-31 21:33:45,2.1.15,0,"Olá, tudo bem? Tivemos uma instabilidade temporária no aplicativo porém já foi corrigido! Não conseguimos localizar o seu cadastro por aqui, mas caso ainda não esteja conseguindo acessar pode entrar em contato com a gente pelo e-mail sucesso.cliente@localiza.com que iremos ajudá-lo. Equipe Localiza Meoo 💚",GOOGLE_PLAY,esta dizendo que o celular e incompativel tenho um s21,negativo,-1,0.6,dor,funcionalidade_usabilidade,uso_do_app,friccao_na_jornada,media,experiencia_app,none,nenhuma,0.72,rating:1 | fallback:sentimento_negativo | topic:funcionalidade_usabilidade,review-rule-engine-v1
6052b561-d087-4be9-8163-ad980df8d47c,1,"O aplicativo funcionava bem até o mês passado, mas depois da última atualização ficou péssimo. Estou com o mesmo problema dos demais clientes: ""este aparelho não pode ser utilizado para acessar o app"" e a empresa segue sem resolver o problema.",2022-10-31 18:57:21,2.1.15,4,"Olá, tudo bem? Tivemos uma instabilidade temporária no aplicativo porém já foi corrigido! Não conseguimos localizar o seu cadastro por aqui, mas caso ainda não esteja conseguindo acessar pode entrar em contato com a gente pelo e-mail sucesso.cliente@localiza.com que iremos ajudá-lo. Equipe Localiza Meoo 💚",GOOGLE_PLAY,o aplicativo funcionava bem ate o mes passado mas depois da ultima atualizacao ficou pessimo estou com o mesmo problema dos demais clientes este aparelho nao pode ser utilizado para acessar o app e a empresa segue sem resolver o problema,negativo,-2,0.7,dor,performance_estabilidade,uso_do_app,performance_estabilidade,media,app,app_reliability,Corrigir experiência do app,0.82,neg:pessimo | neg:problema | pos:util | rating:1 | performance_estabilidade:atualizacao,review-rule-engine-v1
32ba06d0-4a56-4818-a52b-48580c0e47ff,1,"Após a última atualização eu não consigo mais acessar o aplicativo. Sempre aparece a mensagem dizendo que por questões de segurança eu não posso usar meu celular, e q eu devo tentar acessar por outro aparelho. O aplicativo se tornou inútil.",2022-10-31 14:38:22,2.1.15,0,"Olá Francisco, tudo bem? Tivemos uma instabilidade temporária no aplicativo porém já foi corrigido! Não conseguimos localizar o seu cadastro por aqui, mas caso ainda não esteja conseguindo acessar pode entrar em contato com a gente pelo e-mail sucesso.cliente@localiza.com que iremos ajudá-lo. Equipe Localiza Meoo 💚",GOOGLE_PLAY,apos a ultima atualizacao eu nao consigo mais acessar o aplicativo sempre aparece a mensagem dizendo que por questoes de seguranca eu nao posso usar meu celular e q eu devo tentar acessar por outro aparelho o aplicativo se tornou inutil,negativo,-2,0.78,dor,seguranca_privacidade,confianca,erro_funcional,alta,seguranca,security_trust,Reforçar segurança e confiança,0.9,neg:nao consigo | pos:util | forte_neg:nao consigo | rating:1 | seguranca_privacidade:seguranca | erro_funcional:nao consigo,review-rule-engine-v1
1d73d8e0-fc83-46a7-9fe9-95b8a3f7dc7d,1,O app informa que que não dá para abrir no meu celular.,2022-10-29 16:09:49,2.1.15,0,"Olá, tudo bem? Tivemos uma instabilidade temporária no aplicativo porém já foi corrigido! Não conseguimos localizar o seu cadastro por aqui, mas caso ainda não esteja conseguindo acessar pode entrar em contato com a gente pelo e-mail sucesso.cliente@localiza.com que iremos ajudá-lo. Equipe Localiza Meoo 💚",GOOGLE_PLAY,o app informa que que nao da para abrir no meu celular,negativo,-1,0.6,dor,funcionalidade_usabilidade,uso_do_app,friccao_na_jornada,media,experiencia_app,none,nenhuma,0.72,rating:1 | fallback:sentimento_negativo | topic:funcionalidade_usabilidade,review-rule-engine-v1
bebc0271-dc3a-4a41-aadd-aed52d9f0a6c,1,"Depois da atualização de 25/10 o app não abre exibe a mensagem, não foi possível acessar o app. Este aparelho na pode ser utilizado para acessar o Meoo por motivo de segurança, Por favor acessa-lo poe outro dispositivo, disseram que consertaram, mas está igual.",2022-10-29 16:04:13,2.1.15,0,"Olá, tudo bem? Tivemos uma instabilidade temporária no aplicativo porém já foi corrigido! Não conseguimos localizar o seu cadastro por aqui, mas caso ainda não esteja conseguindo acessar pode entrar em contato com a gente pelo e-mail sucesso.cliente@localiza.com que iremos ajudá-lo. Equipe Localiza Meoo 💚",GOOGLE_PLAY,depois da atualizacao de 25 10 o app nao abre exibe a mensagem nao foi possivel acessar o app este aparelho na pode ser utilizado para acessar o meoo por motivo de seguranca por favor acessa lo poe outro dispositivo disseram que consertaram mas esta igual,negativo,-2,0.78,dor,seguranca_privacidade,confianca,erro_funcional,alta,seguranca,security_trust,Reforçar segurança e confiança,0.9,neg:nao abre | pos:util | forte_neg:nao abre | rating:1 | seguranca_privacidade:seguranca | erro_funcional:nao abre,review-rule-engine-v1
1f3ce31f-8f68-4a88-8d94-506d51b3fe07,1,"Olá bom dia, eu instalei o aparelho e tá dando erro direto, por favor ajeitem esse app para melhorar mais o nosso atendimento. obrigada.",2022-10-29 08:39:33,2.1.15,0,"Olá, tudo bem? Tivemos uma instabilidade temporária no aplicativo porém já foi corrigido! Não conseguimos localizar o seu cadastro por aqui, mas caso ainda não esteja conseguindo acessar pode entrar em contato com a gente pelo e-mail sucesso.cliente@localiza.com que iremos ajudá-lo. Equipe Localiza Meoo 💚",GOOGLE_PLAY,ola bom dia eu instalei o aparelho e ta dando erro direto por favor ajeitem esse app para melhorar mais o nosso atendimento obrigada,neutro,-1,0.6,sugestao,suporte_atendimento,suporte,atendimento,media,suporte,support_prevention,Resolver necessidade antes do contato,0.72,neg:erro | pos:bom | rating:1 | suporte_atendimento:atendimento | atendimento:atendimento,review-rule-engine-v1
82a01942-d32d-4491-ba1d-dd1297563c33,1,App inútil,2022-10-29 08:29:06,2.1.15,0,"Olá, tudo bem? Tivemos uma instabilidade temporária no aplicativo porém já foi corrigido! Caso ainda não esteja conseguindo acessar pode entrar em contato com a gente pelo e-mail sucesso.cliente@localiza.com que iremos ajudá-lo. Equipe Localiza Meoo 💚",GOOGLE_PLAY,app inutil,neutro,0,0.5,neutro,geral,uso_do_app,nenhuma,media,experiencia_app,none,nenhuma,0.5,pos:util | rating:1,review-rule-engine-v1
5ab21fa3-c367-4105-ab8a-6a59c5d8c65b,3,"Acabei de atualizar o aplicativo, e agora não consigo mais acessa-lo, pois ao tentar aparece mensagem abaixo: Ops, não foi possível acessar o app. Este aparelho não pode ser utilizado para acessar o app Meoo por motivos de segurança. Por favor, tente acessá-lo por outro dispotivo. Meu celular é o Samsung Galaxy S21 Ultra.",2022-10-27 22:15:25,2.1.15,2,"Olá, tudo bem? Tivemos uma instabilidade temporária no aplicativo porém já foi corrigido! Iremos entrar em contato com você para ajudá-lo caso ainda precise de apoio. Equipe Localiza Meoo 💚",GOOGLE_PLAY,acabei de atualizar o aplicativo e agora nao consigo mais acessa lo pois ao tentar aparece mensagem abaixo ops nao foi possivel acessar o app este aparelho nao pode ser utilizado para acessar o app meoo por motivos de seguranca por favor tente acessa lo por outro dispotivo meu celular e o samsung galaxy s21 ultra,negativo,-3,0.88,dor,seguranca_privacidade,confianca,erro_funcional,alta,seguranca,security_trust,Reforçar segurança e confiança,0.98,neg:nao consigo | pos:util | forte_neg:nao consigo | rating:3 | seguranca_privacidade:seguranca | erro_funcional:nao consigo,review-rule-engine-v1
eb9318a4-5bfd-4cc8-951b-534f6cfd8a6b,1,Diz que não é possível acessar do meu aparelho por motivos de segurança.,2022-10-27 20:26:06,2.1.15,0,"Olá, tudo bem? Tivemos uma instabilidade temporária no aplicativo porém já foi corrigido! Não conseguimos localizar o seu cadastro por aqui, mas caso ainda não esteja conseguindo acessar pode entrar em contato com a gente pelo e-mail sucesso.cliente@localiza.com que iremos ajudá-lo. Equipe Localiza Meoo 💚",GOOGLE_PLAY,diz que nao e possivel acessar do meu aparelho por motivos de seguranca,negativo,-1,0.6,dor,seguranca_privacidade,confianca,seguranca_privacidade,alta,seguranca,security_trust,Reforçar segurança e confiança,0.72,rating:1 | seguranca_privacidade:seguranca,review-rule-engine-v1
2c61a6f8-a40c-4432-b2c6-ae86ae231401,1,"Depois que instalei a última atualização, não consigo mais abrir o aplicativo no meu celular. Aparece uma mensagem de que o APP não pode ser usado por motivos de segurança.",2022-10-27 11:59:09,2.1.13,1,"Olá, tudo bem? Tivemos uma instabilidade temporária no aplicativo porém já foi corrigido! Não conseguimos localizar o seu cadastro por aqui, mas caso ainda não esteja conseguindo acessar pode entrar em contato com a gente pelo e-mail sucesso.cliente@localiza.com que iremos ajudá-lo. Equipe Localiza Meoo 💚",GOOGLE_PLAY,depois que instalei a ultima atualizacao nao consigo mais abrir o aplicativo no meu celular aparece uma mensagem de que o app nao pode ser usado por motivos de seguranca,negativo,-2,0.78,dor,seguranca_privacidade,confianca,erro_funcional,alta,seguranca,security_trust,Reforçar segurança e confiança,0.9,neg:nao consigo | forte_neg:nao consigo | rating:1 | seguranca_privacidade:seguranca | erro_funcional:nao consigo,review-rule-engine-v1
67175a61-5229-452e-832e-72489a20b9ce,1,"Não funciona, fala que não pode abrir neste aparelho por questões de segurança.",2022-10-27 11:26:25,2.1.13,1,"Olá, tudo bem? Tivemos uma instabilidade temporária no aplicativo porém já foi corrigido! Não conseguimos localizar o seu cadastro por aqui, mas caso ainda não esteja conseguindo acessar pode entrar em contato com a gente pelo e-mail sucesso.cliente@localiza.com que iremos ajudá-lo. Equipe Localiza Meoo 💚",GOOGLE_PLAY,nao funciona fala que nao pode abrir neste aparelho por questoes de seguranca,negativo,-2,0.78,dor,seguranca_privacidade,confianca,erro_funcional,alta,seguranca,security_trust,Reforçar segurança e confiança,0.9,neg:nao funciona | forte_neg:nao funciona | rating:1 | seguranca_privacidade:seguranca | erro_funcional:nao funciona,review-rule-engine-v1
054905cd-81ef-4ef7-b602-810c5a72f4dd,1,Depois da atualização não entra mais diz que o dispositivo não é seguro isso em qualquer um que instale,2022-10-26 21:04:17,2.1.13,0,"Olá, tudo bem? Gostaríamos de conversar com você para ajudá-lo e ouvir suas sugestões. Pode entrar em contato com a gente pelo e-mail sucesso.cliente@localiza.com? Equipe Localiza Meoo 💚",GOOGLE_PLAY,depois da atualizacao nao entra mais diz que o dispositivo nao e seguro isso em qualquer um que instale,negativo,-1,0.6,dor,acesso_login,acesso,performance_estabilidade,media,conta_acesso,app_reliability,Resolver acesso ao app,0.72,rating:1 | acesso_login:nao entra | performance_estabilidade:atualizacao,review-rule-engine-v1
e6812186-a3c8-4064-80bd-bfb3d55392bb,2,Não consigo colocar o aplicativo em meu celular que já estava cadastrado nele . Porque cancelaram ?,2022-10-26 16:30:29,2.1.13,0,"Olá, tudo bem? Gostaríamos de conversar com você para ajudá-lo e ouvir suas sugestões. Pode entrar em contato com a gente pelo e-mail sucesso.cliente@localiza.com? Equipe Localiza Meoo 💚",GOOGLE_PLAY,nao consigo colocar o aplicativo em meu celular que ja estava cadastrado nele porque cancelaram,negativo,-2,0.78,dor,contrato_assinatura,contrato,erro_funcional,alta,contrato,zero_surpresa,Ver contrato e próximos eventos,0.9,neg:nao consigo | forte_neg:nao consigo | rating:2 | contrato_assinatura:cancelar | erro_funcional:nao consigo,review-rule-engine-v1
6d18d208-c381-40e6-b809-278631e1b298,1,"Após a última atualização, não consigo acessar o aplicativo. Recebo a mensagem de que não é permitido o acesso a partir deste dispositivo.",2022-10-26 10:30:16,2.1.13,0,"Olá Marco, tudo bem? Nosso time fará contato com você para ajudá-lo. Sempre que precisar entre em contato com a gente em qualquer um dos nossos canais: Whatsapp (31) 9 9910 1010 | meooatendimento@localiza.com | 0800 099 1001. Equipe Localiza Meoo 💚",GOOGLE_PLAY,apos a ultima atualizacao nao consigo acessar o aplicativo recebo a mensagem de que nao e permitido o acesso a partir deste dispositivo,negativo,-2,0.78,dor,acesso_login,acesso,erro_funcional,alta,conta_acesso,app_reliability,Resolver acesso ao app,0.9,neg:nao consigo | forte_neg:nao consigo | rating:1 | acesso_login:acesso | erro_funcional:nao consigo,review-rule-engine-v1
90baaaaf-0ca6-4319-aee4-89a01505ba12,2,"Depois da atualização de hoje (25/10), o app só exibe a mensagem de erro: ""ops, não foi possível acessar o app. Este aparelho não pode ser utilizado para acessar o app Meoo por motivos de segurança..."". Já reinstalei o app, mas o erro persiste.",2022-10-25 21:24:48,2.1.13,8,"Olá, tudo bem? Gostaríamos de conversar com você para ajudá-lo e ouvir suas sugestões. Pode entrar em contato com a gente pelo e-mail sucesso.cliente@localiza.com? Equipe Localiza Meoo 💚",GOOGLE_PLAY,depois da atualizacao de hoje 25 10 o app so exibe a mensagem de erro ops nao foi possivel acessar o app este aparelho nao pode ser utilizado para acessar o app meoo por motivos de seguranca ja reinstalei o app mas o erro persiste,neutro,-1,0.6,neutro,performance_estabilidade,uso_do_app,performance_estabilidade,media,app,app_reliability,Corrigir experiência do app,0.72,neg:erro | pos:util | rating:2 | performance_estabilidade:erro | performance_estabilidade:atualizacao,review-rule-engine-v1
4d8351c9-255a-453f-9226-8e2aa5022a7a,5,tudo conforme o combinado,2022-10-23 12:40:47,2.1.12,0,"Olá Eduardo, tudo bem? Ficamos muito felizes em receber a sua avaliação! Caso precise do nosso apoio estamos sempre à disposição nos nossos canais: Whatsapp (31) 9 9910 1010 | meooatendimento@localiza.com | 0800 099 1001. Equipe Localiza Meoo 💚",GOOGLE_PLAY,tudo conforme o combinado,positivo,1,0.6,elogio,geral,uso_do_app,nenhuma,baixa,experiencia_app,none,nenhuma,0.6,rating:5,review-rule-engine-v1
700e4155-c40c-4e6a-bfcb-4db4488d38c7,1,"Não consigo fazer login , sempre da que não tenho email cadastrado , aí quando eu cadastro pede pra enviar um código pelo celular , colocando esse código da sempre inválido e fica o infinito tentando colocar toda hora um código e não funciona nenh um , sempre da inválido 😞 o tempo do token também é muito pouco , parece que ele acelera sozinho quando saímos da tela pra ver o código e copiar lá .",2022-10-22 20:11:02,2.1.12,4,"Olá, tudo bem? Não conseguimos encontrar o seu cadastro e gostaríamos de conversar com você para ajudá-lo e ouvir suas sugestões. Pode entrar em contato com a gente pelo e-mail sucesso.cliente@localiza.com? Equipe Localiza Meoo 💚",GOOGLE_PLAY,nao consigo fazer login sempre da que nao tenho email cadastrado ai quando eu cadastro pede pra enviar um codigo pelo celular colocando esse codigo da sempre invalido e fica o infinito tentando colocar toda hora um codigo e nao funciona nenh um sempre da invalido o tempo do token tambem e muito pouco parece que ele acelera sozinho quando saimos da tela pra ver o codigo e copiar la,negativo,-3,0.88,dor,acesso_login,acesso,erro_funcional,alta,conta_acesso,app_reliability,Resolver acesso ao app,0.98,neg:nao consigo | neg:nao funciona | forte_neg:nao consigo | forte_neg:nao funciona | rating:1 | acesso_login:login | erro_funcional:nao consigo fazer | erro_funcional:nao consigo | erro_funcional:nao funciona,review-rule-engine-v1
a49e0c6f-dd87-4504-9a1a-63ae50219059,1,App péssimo! Tenho cadastro e não consigo fazer um simples login.,2022-10-22 18:07:54,2.1.12,1,"Olá, tudo bem? Gostaríamos de conversar com você para ajudá-lo e ouvir suas sugestões. Pode entrar em contato com a gente pelo e-mail sucesso.cliente@localiza.com? Equipe Localiza Meoo 💚",GOOGLE_PLAY,app pessimo tenho cadastro e nao consigo fazer um simples login,negativo,-2,0.78,dor,acesso_login,acesso,erro_funcional,alta,conta_acesso,app_reliability,Resolver acesso ao app,0.9,neg:pessimo | neg:nao consigo | forte_neg:nao consigo | rating:1 | acesso_login:login | erro_funcional:nao consigo fazer | erro_funcional:nao consigo,review-rule-engine-v1
d3862e2e-c384-413f-8a54-48889993c49c,4,O aplicativo as vezes desatializa pedindo a senha de novo,2022-10-22 08:46:52,,0,"Olá, tudo bem? Não conseguimos encontrar o seu cadastro e gostaríamos de conversar com você para ajudá-lo e ouvir suas sugestões. Pode entrar em contato com a gente pelo e-mail sucesso.cliente@localiza.com? Equipe Localiza Meoo 💚",GOOGLE_PLAY,o aplicativo as vezes desatializa pedindo a senha de novo,positivo,1,0.6,elogio,acesso_login,acesso,nenhuma,baixa,conta_acesso,app_reliability,Resolver acesso ao app,0.68,rating:4 | acesso_login:senha,review-rule-engine-v1
4d3a67cc-58de-466f-b099-d4488452ddad,5,Ótima até o momento.,2022-10-21 10:42:56,2.1.12,0,"Olá Tereza, tudo bem? Ficamos muito felizes em receber a sua avaliação! Caso precise do nosso apoio estamos sempre à disposição nos nossos canais: Whatsapp (31) 9 9910 1010 | meooatendimento@localiza.com | 0800 099 1001. Equipe Localiza Meoo 💚",GOOGLE_PLAY,otima ate o momento,positivo,2,0.7,elogio,geral,uso_do_app,nenhuma,baixa,experiencia_app,none,nenhuma,0.7,pos:otima | rating:5,review-rule-engine-v1
3be9abed-cd3e-482f-8748-b52efd50857c,1,"Meu app esta atualizado, e ja desinstalei e instalei novamente, mas fica pedindo pra atualizar o app.... Podem verificar?",2022-10-17 13:33:19,2.1.12,0,"Olá Marco, tudo bem? Nosso time fará contato com você para ajudá-lo. Sempre que precisar entre em contato com a gente em qualquer um dos nossos canais: Whatsapp (31) 9 9910 1010 | meooatendimento@localiza.com | 0800 099 1001. Equipe Localiza Meoo 💚",GOOGLE_PLAY,meu app esta atualizado e ja desinstalei e instalei novamente mas fica pedindo pra atualizar o app podem verificar,negativo,-1,0.6,dor,performance_estabilidade,uso_do_app,disponibilidade,media,app,app_reliability,Corrigir experiência do app,0.72,rating:1 | performance_estabilidade:atualizar | topic:performance_estabilidade,review-rule-engine-v1
db3bf17d-9c81-4539-8504-5d735c51c628,4,"Está pedindo atualização, mas não atualiza",2022-10-17 13:12:30,2.1.12,0,"Olá, tudo bem? Não conseguimos encontrar o seu cadastro e gostaríamos de conversar com você para ajudá-lo e ouvir suas sugestões. Pode entrar em contato com a gente pelo e-mail sucesso.cliente@localiza.com? Equipe Localiza Meoo 💚",GOOGLE_PLAY,esta pedindo atualizacao mas nao atualiza,negativo,-3,0.88,dor,performance_estabilidade,uso_do_app,performance_estabilidade,media,app,app_reliability,Corrigir experiência do app,0.98,neg:nao atualiza | forte_neg:nao atualiza | rating:4 | performance_estabilidade:atualizacao,review-rule-engine-v1
683e58aa-045d-4312-8881-8b08bf779788,1,O APP não muda o status. Precisei ligar para que isso fosse modificado. Não consigo atualizar o APP.,2022-10-17 12:51:40,2.1.12,1,"Olá, tudo bem? Não conseguimos encontrar o seu cadastro e gostaríamos de conversar com você para ajudá-lo e ouvir suas sugestões. Pode entrar em contato com a gente pelo e-mail sucesso.cliente@localiza.com? Equipe Localiza Meoo 💚",GOOGLE_PLAY,o app nao muda o status precisei ligar para que isso fosse modificado nao consigo atualizar o app,negativo,-2,0.78,dor,performance_estabilidade,uso_do_app,erro_funcional,alta,app,app_reliability,Corrigir experiência do app,0.9,neg:nao consigo | forte_neg:nao consigo | rating:1 | performance_estabilidade:atualizar | erro_funcional:nao consigo,review-rule-engine-v1
2f941e00-4258-4a3d-ae85-4bdf6df6f99f,5,"Acesso rápido, autoexplicativo",2022-10-16 12:29:38,2.1.12,0,"Olá Tereza, tudo bem? Ficamos muito felizes em receber a sua avaliação! Caso precise do nosso apoio estamos sempre à disposição nos nossos canais: Whatsapp (31) 9 9910 1010 | meooatendimento@localiza.com | 0800 099 1001. Equipe Localiza Meoo 💚",GOOGLE_PLAY,acesso rapido autoexplicativo,positivo,2,0.7,elogio,acesso_login,acesso,nenhuma,baixa,conta_acesso,app_reliability,Resolver acesso ao app,0.78,pos:rapido | rating:5 | acesso_login:acesso,review-rule-engine-v1
4a28942a-da4a-486b-a0b1-d254ef74ce01,4,tem uns bugs,2022-10-14 15:26:11,2.1.12,0,"Olá, tudo bem? Não conseguimos encontrar o seu cadastro e gostaríamos de conversar com você para ajudá-lo e ouvir suas sugestões. Pode entrar em contato com a gente pelo e-mail sucesso.cliente@localiza.com? Equipe Localiza Meoo 💚",GOOGLE_PLAY,tem uns bugs,neutro,0,0.5,neutro,performance_estabilidade,uso_do_app,nenhuma,baixa,app,app_reliability,Corrigir experiência do app,0.58,neg:bug | rating:4 | performance_estabilidade:bug,review-rule-engine-v1
fe251d2f-32eb-4f99-9865-5ee7ccff5095,1,Colocando o código de SMS certo e: 'GRecaptchaResponse não pode ser nulo ou vazio'. BUROCRÁTICO: Só libera o LOGIN se ligar para um consultor.,2022-10-13 21:41:09,2.1.12,0,"Olá, tudo bem? Não conseguimos encontrar o seu cadastro e gostaríamos de conversar com você para ajudá-lo e ouvir suas sugestões. Pode entrar em contato com a gente pelo e-mail sucesso.cliente@localiza.com? Equipe Localiza Meoo 💚",GOOGLE_PLAY,colocando o codigo de sms certo e grecaptcharesponse nao pode ser nulo ou vazio burocratico so libera o login se ligar para um consultor,negativo,-1,0.6,dor,acesso_login,acesso,disponibilidade,media,conta_acesso,app_reliability,Resolver acesso ao app,0.72,rating:1 | acesso_login:login | topic:acesso_login,review-rule-engine-v1
27c8ae87-3038-4fc5-a65c-2346f7b122f5,5,muito bom. atendimento excelente. confio e recomendo.,2022-10-09 14:58:41,2.1.12,0,"Olá Fernando, tudo bem? Ficamos muito felizes em saber que tem gostado da sua experiência conosco. Caso precise do nosso apoio estamos sempre à disposição nos nossos canais: Whatsapp (31) 9 9910 1010 | meooatendimento@localiza.com | 0800 099 1001. Equipe Localiza Meoo 💚",GOOGLE_PLAY,muito bom atendimento excelente confio e recomendo,positivo,4,0.9,elogio,suporte_atendimento,suporte,atendimento,baixa,suporte,support_prevention,Resolver necessidade antes do contato,0.98,pos:excelente | pos:recomendo | pos:bom | rating:5 | suporte_atendimento:atendimento | atendimento:atendimento,review-rule-engine-v1
6edb960c-593e-42b4-bb35-d3184f159e06,5,excelente,2022-10-07 23:52:17,2.1.11,0,"Olá Taiza, tudo bem? Ficamos muito felizes em receber a sua avaliação! Caso precise do nosso apoio estamos sempre à disposição nos nossos canais: Whatsapp (31) 9 9910 1010 | meooatendimento@localiza.com | 0800 099 1001. Equipe Localiza Meoo 💚",GOOGLE_PLAY,excelente,positivo,2,0.7,elogio,geral,uso_do_app,nenhuma,baixa,experiencia_app,none,nenhuma,0.7,pos:excelente | rating:5,review-rule-engine-v1
01e23e1d-bb3f-48e5-8fb1-fd6707297bc5,5,Top,2022-10-07 23:38:57,,0,"Olá Otávio, tudo bem? Ficamos muito felizes em saber que tem gostado da sua experiência conosco. Caso precise do nosso apoio estamos sempre à disposição nos nossos canais: Whatsapp (31) 9 9910 1010 | meooatendimento@localiza.com | 0800 099 1001. Equipe Localiza Meoo 💚",GOOGLE_PLAY,top,positivo,1,0.6,elogio,geral,uso_do_app,nenhuma,baixa,experiencia_app,none,nenhuma,0.6,rating:5,review-rule-engine-v1
4896fdc2-4296-4c63-b872-242b69186ef8,5,"App intuitivo, prático e objetivo",2022-08-19 11:20:14,2.0.8,0,"Olá Carlos, tudo bem? Ficamos muito felizes em saber que tem gostado da sua experiência conosco. Caso precise do nosso apoio estamos sempre à disposição nos nossos canais: Whatsapp (31) 9 9910 1010 | meooatendimento@localiza.com | 0800 099 1001. Equipe Localiza Meoo 💚",GOOGLE_PLAY,app intuitivo pratico e objetivo,positivo,3,0.8,elogio,geral,uso_do_app,usabilidade,baixa,experiencia_app,none,nenhuma,0.84,pos:pratico | pos:intuitivo | rating:5 | usabilidade:intuitivo,review-rule-engine-v1
4c09fc90-cbaa-4609-a788-0c2d35ca07cf,5,Top,2022-08-12 15:03:27,2.0.8,0,"Olá Rogério, tudo bem? Ficamos muito felizes em saber que tem gostado da sua experiência conosco. Caso precise do nosso apoio estamos sempre à disposição nos nossos canais: Whatsapp (31) 9 9910 1010 | meooatendimento@localiza.com | 0800 099 1001. Equipe Localiza Meoo 💚",GOOGLE_PLAY,top,positivo,1,0.6,elogio,geral,uso_do_app,nenhuma,baixa,experiencia_app,none,nenhuma,0.6,rating:5,review-rule-engine-v1
c31ae69e-29f7-4a34-bd14-78811d81a8f6,1,"Operadora deixa para enviar o boleto no último dia, quando envia, lucrando com multa por sua própria falha",2022-08-11 09:33:42,2.0.8,1,"Olá, tudo bem? Não conseguimos encontrar o seu cadastro e gostaríamos de conversar com você para ajudá-lo. Pode entrar em contato com a gente pelo e-mail ouvidoriameoo@localiza.com ? Equipe Localiza Meoo 💚",GOOGLE_PLAY,operadora deixa para enviar o boleto no ultimo dia quando envia lucrando com multa por sua propria falha,negativo,-2,0.7,dor,pagamento_financeiro,financeiro,friccao_na_jornada,media,financeiro,zero_surpresa,Revisar pagamentos e vencimentos,0.82,neg:falha | rating:1 | pagamento_financeiro:boleto | topic:pagamento_financeiro,review-rule-engine-v1
3cb3dda2-f4a3-4cd4-b707-3db85d07dc65,1,App sem aparecer nada a mais de 40dias. Ja reclamei N vezes com a central da Localiza Meoo (chat whats) e ninguém soluciona o problema. Última reclamação aberto para o pessoal de TI ver o probelma à 08 dias e sem retorno. Obs: fora do ar desde 05.07.22 qnd fui buscar meu carro no prestador e o carro não veio... estou esperando até hoje ainda ambos. Palhaçada!,2022-08-11 09:03:23,2.0.7,3,"Olá Hayane, tudo bem? Nosso time fará contato com você para ajudá-la. Sempre que precisar entre em contato com a gente em qualquer um dos nossos canais: Whatsapp (31) 9 9910 1010 | meooatendimento@localiza.com | 0800 099 1001. Equipe Localiza Meoo 💚",GOOGLE_PLAY,app sem aparecer nada a mais de 40dias ja reclamei n vezes com a central da localiza meoo chat whats e ninguem soluciona o problema ultima reclamacao aberto para o pessoal de ti ver o probelma a 08 dias e sem retorno obs fora do ar desde 05 07 22 qnd fui buscar meu carro no prestador e o carro nao veio estou esperando ate hoje ainda ambos palhacada,negativo,-2,0.7,dor,suporte_atendimento,suporte,atendimento,media,suporte,support_prevention,Resolver necessidade antes do contato,0.82,neg:problema | rating:1 | suporte_atendimento:central | suporte_atendimento:ninguem | atendimento:central,review-rule-engine-v1
8f28ff7b-033e-46a6-8e24-ad3a8ee97a8c,2,Eu sou assinante Unidas o que houve? Já tentei instalar o app 2 vezes e nada!,2022-08-10 17:30:54,,0,"Olá Célia, tudo bem? Faremos contato com você para ajudá-la. Sempre que precisar entre em contato com a gente em qualquer um dos nossos canais: Whatsapp (31) 9 9910 1010 | meooatendimento@localiza.com | 0800 099 1001. Equipe Localiza Meoo 💚",GOOGLE_PLAY,eu sou assinante unidas o que houve ja tentei instalar o app 2 vezes e nada,negativo,-1,0.6,dor,funcionalidade_usabilidade,uso_do_app,friccao_na_jornada,media,experiencia_app,none,nenhuma,0.72,rating:2 | fallback:sentimento_negativo | topic:funcionalidade_usabilidade,review-rule-engine-v1
54810a5a-09a3-4959-834e-4ca108387c29,5,"Ótima opção para quem quer somente as vantagens de ter um carro zero. Sem as dores de cabeça como : Emplacamento, Ipva, seguro, venda do carro e desvalorização..... Aproveite a vida pois, ela é única e curta. Localiza Meoo chegou para tirar você de dentro da caixinha e te dar melhor qualidade de vida. superindico....",2022-08-09 18:41:22,2.0.7,0,"Olá Guilherme, tudo bem? Ficamos muito felizes em saber que tem gostado da sua experiência conosco. Caso precise do nosso apoio estamos sempre à disposição nos nossos canais: Whatsapp (31) 9 9910 1010 | meooatendimento@localiza.com | 0800 099 1001. Equipe Localiza Meoo 💚",GOOGLE_PLAY,otima opcao para quem quer somente as vantagens de ter um carro zero sem as dores de cabeca como emplacamento ipva seguro venda do carro e desvalorizacao aproveite a vida pois ela e unica e curta localiza meoo chegou para tirar voce de dentro da caixinha e te dar melhor qualidade de vida superindico,positivo,2,0.7,elogio,geral,uso_do_app,nenhuma,baixa,experiencia_app,none,nenhuma,0.7,pos:otima | rating:5,review-rule-engine-v1
b5951650-7cea-4c73-9292-c291878867dc,5,Não está funcionando,2022-07-30 18:02:20,1.7.6,1,"Olá, esperamos que esteja bem! Pedimos desculpas pelo transtorno e o seu apontamento foi repassado ao time responsável para verificação. Sempre que precisar, entre em contato com a gente em qualquer um dos nossos canais: Whatsapp (31) 9 9910 1010 | meooatendimento@localiza.com | 0800 099 1001.
Conta com a gente!",GOOGLE_PLAY,nao esta funcionando,positivo,1,0.6,elogio,geral,uso_do_app,nenhuma,baixa,experiencia_app,none,nenhuma,0.6,rating:5,review-rule-engine-v1
6b70e2ec-8c58-40de-9443-eb2017db10b9,4,O APP funcionou super bem comigo...cadastrei a senha rapidinho. Logo apareceu a página inicial. Parece que está tudo bem.,2022-07-05 22:59:02,1.7.5,0,"Olá André, tudo bem? Ficamos muito felizes em saber que tem gostado da sua experiência conosco. Caso precise do nosso apoio estamos sempre à disposição nos nossos canais: Whatsapp (31) 9 9910 1010 | meooatendimento@localiza.com | 0800 099 1001. Equipe Localiza Meoo 💚",GOOGLE_PLAY,o app funcionou super bem comigo cadastrei a senha rapidinho logo apareceu a pagina inicial parece que esta tudo bem,positivo,1,0.6,elogio,acesso_login,acesso,nenhuma,baixa,conta_acesso,app_reliability,Resolver acesso ao app,0.68,rating:4 | acesso_login:senha,review-rule-engine-v1
3973601d-1246-412b-9a98-da456f693e39,4,"Atendimento sensacional, só falta previsão de entrega no app , para poder acompanhar mês a mês",2022-06-16 15:01:43,1.7.5,0,"Olá André, tudo bem? Ficamos muito felizes em saber que tem gostado da sua experiência conosco. Iremos passar a sua sugestão para o time responsável pelo app! Sempre que precisar, conta com a gente 💚 Equipe Localiza Meoo",GOOGLE_PLAY,atendimento sensacional so falta previsao de entrega no app para poder acompanhar mes a mes,positivo,2,0.7,sugestao,manutencao_agendamento,manutencao,atendimento,baixa,manutencao,proactive_care,Agendar revisão,0.82,pos:sensacional | rating:4 | manutencao_agendamento:revisao | atendimento:atendimento,review-rule-engine-v1
31908a77-7756-459a-9c91-0155f530d1a4,4,"Sempre gostei da Hertz quandonecessitei locar um automóvel, agora fiz a ""compra"" por assinatura e ADOREI. a única coisa que me incomoda, mas é um problema que tenho é que prefiro FALAR com atendentes do que pelo app ou what's. De resto estão de Parabéns",2022-06-08 09:39:46,1.7.4,9,"Olá Miriam, tudo bem? Ficamos muito felizes em saber que tem gostado da sua experiência conosco. A nossa central de atendimento 24 horas está sempre disponível para te atender, é só ligar pra gente no 0800 099 1001 que iremos ajudá-la! Conta com a gente 💚 Equipe Localiza Meoo",GOOGLE_PLAY,sempre gostei da hertz quandonecessitei locar um automovel agora fiz a compra por assinatura e adorei a unica coisa que me incomoda mas e um problema que tenho e que prefiro falar com atendentes do que pelo app ou what s de resto estao de parabens,neutro,0,0.5,neutro,contrato_assinatura,contrato,nenhuma,baixa,contrato,zero_surpresa,Ver contrato e próximos eventos,0.58,neg:problema | rating:4 | contrato_assinatura:assinatura,review-rule-engine-v1
ce203c7c-d821-4327-9553-8e3baace8428,5,"Prático, resolve todos os problemas.",2022-06-07 07:14:37,1.7.4,0,"Olá Ito, tudo bem? Ficamos muito felizes com a sua avaliação! Conte sempre com a gente para trilhar novos caminhos. Equipe Localiza Meoo 💚",GOOGLE_PLAY,pratico resolve todos os problemas,neutro,1,0.6,neutro,geral,uso_do_app,nenhuma,baixa,experiencia_app,none,nenhuma,0.6,neg:problema | pos:pratico | rating:5,review-rule-engine-v1
b9a24019-7933-4bff-990c-d850a61480fa,5,Bom app.,2022-06-01 17:52:12,1.7.4,0,"Olá Mario, tudo bem? Ficamos muito felizes em saber que está gostando da sua experiência conosco! Conte sempre com a gente para trilhar novos caminhos. Equipe Localiza Meoo 💚",GOOGLE_PLAY,bom app,positivo,2,0.7,elogio,geral,uso_do_app,nenhuma,baixa,experiencia_app,none,nenhuma,0.7,pos:bom | rating:5,review-rule-engine-v1
48f69079-c185-4e98-8b02-d1c9d12a10e3,1,"Problemas para confirmar e-mail. Baixei o aplicativo, coloquei os dados de cadastro, recebi o e-mail de confirmação, porém, eu clico no link e sou direcionada para a página principal da empresa e nada é feito para verificar meu e-mail. Já fiz o processo 2x e nada.",2022-05-31 17:25:43,1.7.4,5,"Olá Caroline, tudo bem? Faremos contato com você para ajudá-la. Sempre que precisar entre em contato com a gente em qualquer um dos nossos canais: Whatsapp (31) 9 9910 1010 | meooatendimento@localiza.com | 0800 099 1001. Equipe Localiza Meoo 💚",GOOGLE_PLAY,problemas para confirmar e mail baixei o aplicativo coloquei os dados de cadastro recebi o e mail de confirmacao porem eu clico no link e sou direcionada para a pagina principal da empresa e nada e feito para verificar meu e mail ja fiz o processo 2x e nada,negativo,-2,0.7,dor,suporte_atendimento,suporte,friccao_na_jornada,media,suporte,support_prevention,Resolver necessidade antes do contato,0.82,neg:problema | rating:1 | suporte_atendimento:e mail | topic:suporte_atendimento,review-rule-engine-v1
d0d77363-ad9c-489e-a121-0e799e434026,3,"estou tentando validar minha senha do aplicativo validando o link recebido no e-mail, mas o aplicativo reenvia o e-mail novamente e não consigo cadastrar minha senha. Consequentemente, não tenho acesso aos dados do veiculo no aplicativo.",2022-05-25 16:20:21,1.7.4,1,"Olá Debora, tudo bem? Faremos contato com você para ajudá-la. Sempre que precisar entre em contato com a gente em qualquer um dos nossos canais: Whatsapp (31) 9 9910 1010 | meooatendimento@localiza.com | 0800 099 1001. Equipe Localiza Meoo 💚",GOOGLE_PLAY,estou tentando validar minha senha do aplicativo validando o link recebido no e mail mas o aplicativo reenvia o e mail novamente e nao consigo cadastrar minha senha consequentemente nao tenho acesso aos dados do veiculo no aplicativo,negativo,-2,0.78,dor,acesso_login,acesso,erro_funcional,alta,conta_acesso,app_reliability,Resolver acesso ao app,0.9,neg:nao consigo | forte_neg:nao consigo | rating:3 | acesso_login:senha | acesso_login:acesso | erro_funcional:nao consigo,review-rule-engine-v1
193484ce-6bf6-4ae9-b3b4-e0372664877d,5,me atende bem o app tendo todas as informações úteis sobre o veículo a mão.,2022-05-21 09:07:04,1.7.3,0,"Olá Silvestre, tudo bem? Ficamos muito felizes em saber que está gostando da sua experiência conosco! Conte sempre com a gente para trilhar novos caminhos. Equipe Localiza Meoo 💚",GOOGLE_PLAY,me atende bem o app tendo todas as informacoes uteis sobre o veiculo a mao,positivo,1,0.6,elogio,geral,uso_do_app,nenhuma,baixa,experiencia_app,none,nenhuma,0.6,rating:5,review-rule-engine-v1
d79e0d10-e40b-4540-b0f1-582740a421e8,2,pouquíssima informação no aplicativo. Não achei como fazer login no website para ver se ha mais informações,2022-05-03 16:08:07,1.7.2,2,"Olá Marcio, tudo bem? Faremos contato com você para ajudá-lo. Sempre que precisar entre em contato com a gente em qualquer um dos nossos canais: Whatsapp (31) 9 9910 1010 | meooatendimento@localiza.com | 0800 099 1001. Equipe Localiza Meoo 💚",GOOGLE_PLAY,pouquissima informacao no aplicativo nao achei como fazer login no website para ver se ha mais informacoes,negativo,-1,0.6,dor,acesso_login,acesso,disponibilidade,media,conta_acesso,app_reliability,Resolver acesso ao app,0.72,rating:2 | acesso_login:login | topic:acesso_login,review-rule-engine-v1
aafbe3c4-6d37-4dcc-8b88-fcc10549d171,5,Muito feliz com a contratação.,2022-04-13 09:35:17,1.7.1,0,"Olá Lina, tudo bem? Ficamos muito felizes em saber que está gostando da sua experiência conosco! Conte sempre com a gente para trilhar novos caminhos. Equipe Localiza Meoo 💚",GOOGLE_PLAY,muito feliz com a contratacao,positivo,1,0.6,elogio,geral,uso_do_app,nenhuma,baixa,experiencia_app,none,nenhuma,0.6,rating:5,review-rule-engine-v1
92b7832f-2b96-4023-9c9a-9dc8e33e7008,5,deveria ter o contrato anexo p facilitar.,2022-04-01 12:14:12,1.7.1,0,"Olá Lenon, tudo bem? Faremos contato com você para ajudá-lo. Sempre que precisar entre em contato com a gente em qualquer um dos nossos canais: Whatsapp (31) 9 9910 1010 | meooatendimento@localiza.com | 0800 099 1001. Equipe Localiza Meoo 💚",GOOGLE_PLAY,deveria ter o contrato anexo p facilitar,positivo,2,0.7,sugestao,contrato_assinatura,contrato,funcionalidade_ausente,baixa,contrato,zero_surpresa,Ver contrato e próximos eventos,0.82,pos:facil | rating:5 | contrato_assinatura:contrato | funcionalidade_ausente:deveria ter,review-rule-engine-v1
3f6f1af3-b88c-42aa-81b1-0da53f022896,1,"Não consigo acessar a minha conta neste aplicativo. Quando clico em esqueci a senha, mandam um link pro meu email, mas não leva até a página de redefinição. O link que enviam leva pra página de download do aplicativo. Detestei esse aplicativo e estou profundamente arrependido de ter escolhido a Localiza Meoo. Já estou a quase 1 ano esperando pelo carro e nada até agora.",2022-03-31 08:33:26,,2,"Olá Fred, tudo bem? Faremos contato com você para ajudá-lo. Sempre que precisar entre em contato com a gente em qualquer um dos nossos canais: Whatsapp (31) 9 9910 1010 | meooatendimento@localiza.com | 0800 099 1001. Equipe Localiza Meoo 💚",GOOGLE_PLAY,nao consigo acessar a minha conta neste aplicativo quando clico em esqueci a senha mandam um link pro meu email mas nao leva ate a pagina de redefinicao o link que enviam leva pra pagina de download do aplicativo detestei esse aplicativo e estou profundamente arrependido de ter escolhido a localiza meoo ja estou a quase 1 ano esperando pelo carro e nada ate agora,negativo,-2,0.78,dor,acesso_login,acesso,erro_funcional,alta,conta_acesso,app_reliability,Resolver acesso ao app,0.9,neg:nao consigo | forte_neg:nao consigo | rating:1 | acesso_login:senha | erro_funcional:nao consigo,review-rule-engine-v1
1971da85-0bbe-4e59-9ba1-abcc03686bca,4,tive dificuldade pra cadastrar meu cartão de crédito. consegui agora. não apareceu pendência mas sei que há,2022-03-11 14:44:20,1.6.2,0,"Olá Mauro, tudo bem? Faremos contato com você para ajudá-lo. Sempre que precisar entre em contato com a gente em qualquer um dos nossos canais: Whatsapp (31) 9 9910 1010 | meooatendimento@localiza.com | 0800 099 1001. Equipe Localiza Meoo 💚",GOOGLE_PLAY,tive dificuldade pra cadastrar meu cartao de credito consegui agora nao apareceu pendencia mas sei que ha,positivo,1,0.6,elogio,pagamento_financeiro,financeiro,dados_desatualizados,baixa,financeiro,zero_surpresa,Revisar pagamentos e vencimentos,0.72,rating:4 | pagamento_financeiro:cartao | dados_desatualizados:nao aparece,review-rule-engine-v1
3033864a-fb21-4b5a-a69b-8598441c9932,1,nunca mais. arrependido,2022-03-04 17:08:34,1.6.2,0,"Olá Paulo, tudo bem? Faremos contato com você para ajudá-lo. Sempre que precisar entre em contato com a gente em qualquer um dos nossos canais: Whatsapp (31) 9 9910 1010 | meooatendimento@localiza.com | 0800 099 1001. Equipe Localiza Meoo 💚",GOOGLE_PLAY,nunca mais arrependido,negativo,-1,0.6,dor,funcionalidade_usabilidade,uso_do_app,friccao_na_jornada,media,experiencia_app,none,nenhuma,0.72,rating:1 | fallback:sentimento_negativo | topic:funcionalidade_usabilidade,review-rule-engine-v1
3821c7a3-c266-4a65-8ba2-3cf508bb2502,1,"Por vários detalhes, não estou satisfeito com o contrato.",2022-03-04 15:39:10,1.6.2,0,"Olá, tudo bem? Não te localizamos no nosso cadastro de clientes e gostaríamos de conversar com você para ajudá-lo. Pode entrar em contato com a gente pelo e-mail ouvidoriameoo@localiza.com ? Equipe Localiza Meoo 💚",GOOGLE_PLAY,por varios detalhes nao estou satisfeito com o contrato,neutro,0,0.5,neutro,contrato_assinatura,contrato,nenhuma,media,contrato,zero_surpresa,Ver contrato e próximos eventos,0.58,pos:satisfeito | rating:1 | contrato_assinatura:contrato,review-rule-engine-v1
32c8d70a-4b91-49af-a850-3d1ff7727e84,1,"O programa em si é uma enganação. Te ofertam um plano com 12mil km por ano. Mas em seis meses, se vc faz 8mil te cobram adiantado 3mil km. E se vc não pagar eles bloqueiam o carro sem aviso prévio e te deixam no meio da rua. Localiza trabalhando com espírito de empresa pequena, com desrespeito total ao cliente. Recomendo isso somente para meus piores inimigos.",2022-02-16 17:17:27,1.6.2,7,"Olá Jonathan, tudo bem? Faremos contato com você para ajudá-lo. Sempre que precisar entre em contato com a gente em qualquer um dos nossos canais: Whatsapp (31) 9 9910 1010 | meooatendimento@localiza.com | 0800 099 1001. Equipe Localiza Meoo 💚",GOOGLE_PLAY,o programa em si e uma enganacao te ofertam um plano com 12mil km por ano mas em seis meses se vc faz 8mil te cobram adiantado 3mil km e se vc nao pagar eles bloqueiam o carro sem aviso previo e te deixam no meio da rua localiza trabalhando com espirito de empresa pequena com desrespeito total ao cliente recomendo isso somente para meus piores inimigos,neutro,0,0.5,neutro,pagamento_financeiro,financeiro,nenhuma,media,financeiro,zero_surpresa,Revisar pagamentos e vencimentos,0.58,pos:recomendo | rating:1 | pagamento_financeiro:pagar,review-rule-engine-v1
50ac4d05-bf54-4a96-b295-7470c8fe93e4,5,Melhor negócio que eu fiz!!! Meus problemas com carro acabaram!!,2022-02-08 17:01:45,1.6.2,0,"Olá Ailton, tudo bem? Ficamos muito felizes com a sua avaliação! Conte sempre com a gente para trilhar novos caminhos. Equipe Localiza Meoo 💚",GOOGLE_PLAY,melhor negocio que eu fiz meus problemas com carro acabaram,neutro,0,0.5,neutro,geral,uso_do_app,nenhuma,baixa,experiencia_app,none,nenhuma,0.5,neg:problema | rating:5,review-rule-engine-v1
7cde5285-00ec-4565-908a-e660ae71e255,1,"Não consigo acessar minha conta, nem gerar nova senha. O suporte não atende e os chamados abertos pela Central do Cliente. Também não existe uma forma alternativa de acessar as informações do contrato por meio do navegador.",2022-02-03 14:38:57,1.6.1,2,"Olá, tudo bem? Conforme conversamos, já está tudo certo com o seu login! Sei que você já sabe, mas sempre que precisar entre em contato com a gente em qualquer um dos nossos canais: Whatsapp (31) 9 9910 1010 | meooatendimento@localiza.com | 0800 099 1001. Equipe Localiza Meoo 💚",GOOGLE_PLAY,nao consigo acessar minha conta nem gerar nova senha o suporte nao atende e os chamados abertos pela central do cliente tambem nao existe uma forma alternativa de acessar as informacoes do contrato por meio do navegador,negativo,-2,0.78,dor,suporte_atendimento,suporte,atendimento,alta,suporte,support_prevention,Resolver necessidade antes do contato,0.9,neg:nao consigo | forte_neg:nao consigo | rating:1 | suporte_atendimento:chamado | suporte_atendimento:central | suporte_atendimento:suporte | atendimento:central | atendimento:suporte,review-rule-engine-v1
2ed5184b-0238-443f-8b1e-afd93e727056,1,Parou de funcionar depois a da atualização... DE NOVO!!!!,2022-01-30 08:46:21,1.6.1,3,"Olá, tudo bem? Conforme conversamos, já está tudo certo com o seu login! Sei que você já sabe, mas sempre que precisar entre em contato com a gente em qualquer um dos nossos canais: Whatsapp (31) 9 9910 1010 | meooatendimento@localiza.com | 0800 099 1001. Equipe Localiza Meoo 💚",GOOGLE_PLAY,parou de funcionar depois a da atualizacao de novo,negativo,-1,0.6,dor,performance_estabilidade,uso_do_app,performance_estabilidade,media,app,app_reliability,Corrigir experiência do app,0.72,rating:1 | performance_estabilidade:atualizacao,review-rule-engine-v1
8805fb53-51f5-416e-8000-8e63c587d288,5,ótimo,2022-01-24 18:01:15,1.6.1,0,"Olá Ailton, tudo bem? Ficamos muito felizes com a sua avaliação! Conte sempre com a gente para trilhar novos caminhos. Equipe Localiza Meoo 💚",GOOGLE_PLAY,otimo,positivo,2,0.7,elogio,geral,uso_do_app,nenhuma,baixa,experiencia_app,none,nenhuma,0.7,pos:otimo | rating:5,review-rule-engine-v1
e4311192-2ceb-4025-9c01-da0a8f0abbb0,4,Vamos observar.,2022-01-21 12:55:21,1.6.1,0,"Olá, tudo bem? Esperamos que esteja gostando da experiência de ser Localiza Meoo! Caso precise do nosso apoio pode nos acionar nos canais: Whatsapp (31) 9 9910 1010 | meooatendimento@localiza.com | 0800 099 1001. Conte sempre com a gente para trilhar novos caminhos! Equipe Localiza Meoo 💚",GOOGLE_PLAY,vamos observar,positivo,1,0.6,elogio,geral,uso_do_app,nenhuma,baixa,experiencia_app,none,nenhuma,0.6,rating:4,review-rule-engine-v1
edbaf775-b882-4d40-972f-6644c13c20b6,1,Péssimo. Carro caro e pouca km. Alem de demorar quase 1 ano p ser entregue.,2022-01-21 12:29:31,1.6.1,0,"Olá Thiago, tudo bem? Faremos contato com você para ajudá-lo. Sempre que precisar entre em contato com a gente em qualquer um dos nossos canais: Whatsapp (31) 9 9910 1010 | meooatendimento@localiza.com | 0800 099 1001. Equipe Localiza Meoo 💚",GOOGLE_PLAY,pessimo carro caro e pouca km alem de demorar quase 1 ano p ser entregue,negativo,-3,0.8,dor,telemetria_localizacao,uso_do_carro,performance_estabilidade,media,telemetria,zero_surpresa,Ver status do carro e uso,0.92,neg:demora | neg:pessimo | rating:1 | telemetria_localizacao:km | performance_estabilidade:demora,review-rule-engine-v1
c4199e03-5620-463f-a4d7-4c52bca7fb5a,1,Palhaçada o valor da assinatura de um carro. Até financiar um carro com agiota e bancos saí mais barato e tenho o carro no fim.,2022-01-15 13:04:04,1.6.0,0,"Olá, tudo bem? Ao assinar o Localiza Meoo pode economizar até 30% em relação à compra! É preciso levar em consideração os custos que você teria, como o custo de documentação, seguro e manutenções, entre outros. Bom demais não ter que se preocupar com tudo isso, né? Fale com a gente no Whatsapp (31) 3003 – 4774 ou pelo 0800 979 3003 pra saber mais.",GOOGLE_PLAY,palhacada o valor da assinatura de um carro ate financiar um carro com agiota e bancos sai mais barato e tenho o carro no fim,negativo,-1,0.6,dor,contrato_assinatura,contrato,friccao_na_jornada,media,contrato,zero_surpresa,Ver contrato e próximos eventos,0.72,rating:1 | contrato_assinatura:assinatura | topic:contrato_assinatura,review-rule-engine-v1
b34dbca8-609c-4e15-a91a-f80606117685,2,"Não consigo acessar as informações. Me parece que a plataforma é bem instável, o que deveria ser relativamente tranquilo dado a (pouca) quantidade de informação que ela oferece. Ainda não me passou muita confiança em termos de obter dados atualizados e nem em eu colocar meus dados nela...",2022-01-11 08:49:35,1.6.0,12,"Olá, tudo bem? Não te localizamos no nosso cadastro de clientes e gostaríamos de conversar com você para ajudá-lo. Poderia entrar em contato com a gente pelo e-mail ouvidoriameoo@localiza.com? Aguardamos o seu contato! Equipe Localiza Meoo 💚",GOOGLE_PLAY,nao consigo acessar as informacoes me parece que a plataforma e bem instavel o que deveria ser relativamente tranquilo dado a pouca quantidade de informacao que ela oferece ainda nao me passou muita confianca em termos de obter dados atualizados e nem em eu colocar meus dados nela,negativo,-2,0.78,sugestao,performance_estabilidade,uso_do_app,erro_funcional,alta,app,app_reliability,Corrigir experiência do app,0.9,neg:nao consigo | neg:instavel | forte_neg:nao consigo | rating:2 | performance_estabilidade:instavel | erro_funcional:nao consigo,review-rule-engine-v1
738c97c2-4e89-47d7-885f-db3ac31217a5,1,Não consigo entrar no app,2022-01-09 18:34:07,1.6.0,0,"Olá Romulo, tudo bem? Faremos contato com você para ajudá-lo. Sempre que precisar entre em contato com a gente em qualquer um dos nossos canais: Whatsapp (31) 9 9910 1010 | meooatendimento@localiza.com | 0800 099 1001. Equipe Localiza Meoo 💚",GOOGLE_PLAY,nao consigo entrar no app,negativo,-2,0.78,dor,acesso_login,acesso,erro_funcional,alta,conta_acesso,app_reliability,Resolver acesso ao app,0.9,neg:nao consigo | forte_neg:nao consigo | rating:1 | acesso_login:entrar | acesso_login:nao consigo entrar | erro_funcional:nao consigo,review-rule-engine-v1
6f6db0f8-668e-48f1-b145-d143e590c01e,5,ótimo,2021-12-30 10:52:21,1.6.0,0,"Olá Rubens, tudo bem? Muito obrigado pela avaliação! Conte sempre com a gente para trilhar novos caminhos. Equipe Localiza Meoo 💚",GOOGLE_PLAY,otimo,positivo,2,0.7,elogio,geral,uso_do_app,nenhuma,baixa,experiencia_app,none,nenhuma,0.7,pos:otimo | rating:5,review-rule-engine-v1
97b133aa-979f-4033-91bc-56831c9a4db3,1,"Pede todos documentos para abrir o app. Senão manda pro site. Se eu quisesse ir pro site, eu iria pro site e não instalava o app.",2021-12-30 01:03:50,1.6.0,0,"Olá, tudo bem? Não te localizamos no nosso cadastro de clientes e gostaríamos de conversar com você para ajudá-lo. Pode entrar em contato com a gente pelo e-mail ouvidoriameoo@localiza.com? Equipe Localiza Meoo 💚",GOOGLE_PLAY,pede todos documentos para abrir o app senao manda pro site se eu quisesse ir pro site eu iria pro site e nao instalava o app,negativo,-1,0.6,dor,funcionalidade_usabilidade,uso_do_app,friccao_na_jornada,media,experiencia_app,none,nenhuma,0.72,rating:1 | fallback:sentimento_negativo | topic:funcionalidade_usabilidade,review-rule-engine-v1
e7d58e73-b8ed-4a02-9289-a54018771d0c,5,"achei o serviço excelente, transparente e o aplicativo muito simples de usar.. parabéns",2021-12-22 16:26:31,1.6.0,0,"Olá Ronaldo, tudo bem? Muito obrigado pela avaliação! Conte sempre com a gente para trilhar novos caminhos. Equipe Localiza Meoo 💚",GOOGLE_PLAY,achei o servico excelente transparente e o aplicativo muito simples de usar parabens,positivo,2,0.7,elogio,manutencao_agendamento,manutencao,nenhuma,baixa,manutencao,proactive_care,Agendar revisão,0.78,pos:excelente | rating:5 | manutencao_agendamento:servico,review-rule-engine-v1
5fb48e2a-7ae5-422d-afef-2b0d2f8ad0ad,1,precisa melhora muito.. nao tem nenhum informação sobre as faturas vencidas ou vencendo...,2021-12-13 19:29:10,1.5.10,1,"Olá Anna, tudo bem? Faremos contato com você para ajudá-la. Sempre que precisar entre em contato com a gente em qualquer um dos nossos canais: Whatsapp (31) 9 9910 1010 | meooatendimento@localiza.com | 0800 099 1001. Equipe Localiza Meoo 💚",GOOGLE_PLAY,precisa melhora muito nao tem nenhum informacao sobre as faturas vencidas ou vencendo,negativo,-1,0.6,dor,pagamento_financeiro,financeiro,friccao_na_jornada,media,financeiro,zero_surpresa,Revisar pagamentos e vencimentos,0.72,rating:1 | pagamento_financeiro:fatura | topic:pagamento_financeiro,review-rule-engine-v1
6582fd27-4973-4982-a0ca-a28b439e701a,4,"Recebi um email falando pra baixar o app e utilizar, mas quando coloco neu email fala que minha conta nao existe. Depois que a atendente me informou que eu deveria acessar 72h depois de ter assinado o contrato. Então o email informando sobre o app nao deveria vir antes disso.",2021-12-06 18:05:49,1.5.10,0,"Olá Enzo, tudo bem? Faremos contato com você para ajudá-lo. Sempre que precisar entre em contato com a gente em qualquer um dos nossos canais: Whatsapp (31) 9 9910 1010 | meooatendimento@localiza.com | 0800 099 1001. Equipe Localiza Meoo 💚",GOOGLE_PLAY,recebi um email falando pra baixar o app e utilizar mas quando coloco neu email fala que minha conta nao existe depois que a atendente me informou que eu deveria acessar 72h depois de ter assinado o contrato entao o email informando sobre o app nao deveria vir antes disso,positivo,2,0.7,sugestao,contrato_assinatura,contrato,nenhuma,baixa,contrato,zero_surpresa,Ver contrato e próximos eventos,0.78,pos:util | rating:4 | contrato_assinatura:contrato,review-rule-engine-v1
914fdfb7-d350-4c2a-a2f9-620174b0c022,5,prático e simples,2021-11-26 17:23:55,1.5.10,1,"Olá Fabio, tudo bem? Ficamos muito felizes com a sua avaliação! Conte sempre com a gente para trilhar novos caminhos. Equipe Localiza Meoo 💚",GOOGLE_PLAY,pratico e simples,positivo,2,0.7,elogio,geral,uso_do_app,nenhuma,baixa,experiencia_app,none,nenhuma,0.7,pos:pratico | rating:5,review-rule-engine-v1
0258f373-4411-4749-a3f1-235f8eb3b67b,5,Ok,2021-11-22 22:50:57,1.5.10,1,"Olá Mauricio, tudo bem? Muito obrigado pela avaliação! Conte sempre com a gente para trilhar novos caminhos. Equipe Localiza Meoo 💚",GOOGLE_PLAY,ok,positivo,1,0.6,elogio,geral,uso_do_app,nenhuma,baixa,experiencia_app,none,nenhuma,0.6,rating:5,review-rule-engine-v1
1ce33364-7c6f-44e1-a004-07aa105f7208,1,"App não te dá a opção de redefinir senha, ou seja esqueceu a senha nunca mais o cliente consegue acesso ao app, é o que está acontecendo comigo nesse exato momento.",2021-11-21 09:31:45,1.5.10,12,"Olá Jackie, tudo bem? Faremos contato com você para ajudá-lo. Sempre que precisar entre em contato com a gente em qualquer um dos nossos canais: Whatsapp (31) 9 9910 1010 | meooatendimento@localiza.com | 0800 099 1001. Equipe Localiza Meoo 💚",GOOGLE_PLAY,app nao te da a opcao de redefinir senha ou seja esqueceu a senha nunca mais o cliente consegue acesso ao app e o que esta acontecendo comigo nesse exato momento,negativo,-1,0.6,dor,acesso_login,acesso,disponibilidade,media,conta_acesso,app_reliability,Resolver acesso ao app,0.72,rating:1 | acesso_login:senha | acesso_login:acesso | topic:acesso_login,review-rule-engine-v1
ea9e94a7-c30c-4491-b3f1-7230afbdaf01,5,bom,2021-10-28 19:39:55,1.5.10,0,"Olá Geraldo, tudo bem? Muito obrigado pela avaliação! Conte sempre com a gente para trilhar novos caminhos. Equipe Localiza Meoo 💚",GOOGLE_PLAY,bom,positivo,2,0.7,elogio,geral,uso_do_app,nenhuma,baixa,experiencia_app,none,nenhuma,0.7,pos:bom | rating:5,review-rule-engine-v1
47033aa9-4914-4bcb-967a-353ef45c455b,1,"Como vou fazer assinatura de um veículo, se o app não faz o cadastro que é exigido pelo próprio app??? Lixo esse app.",2021-10-23 12:00:13,1.5.9,0,"Olá! Gostaríamos de conversar com você para ajudá-lo. Para contratar um veículo é só entrar em contato em um dos nossos canais: Whatsapp (31) 3003-4774 | 0800 979 3003. Mas se já for cliente, pode nos acionar por aqui: Whatsapp (31) 9 9910 1010 | meooatendimento@localiza.com | 0800 099 1001. Conta com a gente! Equipe Localiza Meoo 💚",GOOGLE_PLAY,como vou fazer assinatura de um veiculo se o app nao faz o cadastro que e exigido pelo proprio app lixo esse app,negativo,-1,0.6,dor,contrato_assinatura,contrato,friccao_na_jornada,media,contrato,zero_surpresa,Ver contrato e próximos eventos,0.72,rating:1 | contrato_assinatura:assinatura | topic:contrato_assinatura,review-rule-engine-v1
1074cb2b-4619-41e2-a5c0-9978264cdc2e,1,pessimo pra colocar qual condutor levou a multa,2021-10-18 21:01:24,1.5.9,0,"Olá Mateus, tudo bem? Faremos contato com você para ajudá-lo. Sempre que precisar entre em contato com a gente em qualquer um dos nossos canais: Whatsapp (31) 9 9910 1010 | meooatendimento@localiza.com | 0800 099 1001. Equipe Localiza Meoo 💚",GOOGLE_PLAY,pessimo pra colocar qual condutor levou a multa,negativo,-2,0.7,dor,multas_condutor,multas,friccao_na_jornada,media,multas,zero_surpresa,Resolver multas e condutor,0.82,neg:pessimo | rating:1 | multas_condutor:condutor | multas_condutor:multa | topic:multas_condutor,review-rule-engine-v1
4c695201-3d7b-4598-85e1-4fb705102837,1,Toda vez que preciso usar tem uma atualização nova e não consigo entrar,2021-09-30 16:31:57,1.5.8,0,"Olá Renato, tudo bem? Faremos contato com você para ajudá-lo. Sempre que precisar entre em contato com a gente em qualquer um dos nossos canais: Whatsapp (31) 9 9910 1010 | meooatendimento@localiza.com | 0800 099 1001. Equipe Localiza Meoo 💚",GOOGLE_PLAY,toda vez que preciso usar tem uma atualizacao nova e nao consigo entrar,negativo,-2,0.78,dor,acesso_login,acesso,erro_funcional,alta,conta_acesso,app_reliability,Resolver acesso ao app,0.9,neg:nao consigo | forte_neg:nao consigo | rating:1 | acesso_login:entrar | acesso_login:nao consigo entrar | erro_funcional:nao consigo,review-rule-engine-v1
fea3a511-2d9e-4b27-badb-501aafca9b8d,3,"O que achei estranho foi a data de inicio do carro no App. Fiz a assinatura em junho e no App estava como se meu carro estivesse pedido em Abril, desta forma fica confusa as informações. Hoje já estou com o carro, só estou deixando um feedback.",2021-09-27 12:09:28,1.5.8,16,"Olá Claudecy, tudo bem? Conforme conversamos, iremos repassar sua sugestão para o time responsável. Sempre que precisar entre em contato com a gente em qualquer um dos nossos canais: Whatsapp (31) 9 9910 1010 | meooatendimento@localiza.com | 0800 099 1001. Equipe Localiza Meoo 💚",GOOGLE_PLAY,o que achei estranho foi a data de inicio do carro no app fiz a assinatura em junho e no app estava como se meu carro estivesse pedido em abril desta forma fica confusa as informacoes hoje ja estou com o carro so estou deixando um feedback,neutro,0,0.5,neutro,contrato_assinatura,contrato,nenhuma,baixa,contrato,zero_surpresa,Ver contrato e próximos eventos,0.58,rating:3 | contrato_assinatura:assinatura,review-rule-engine-v1
d0ff5e72-977f-4857-bbd4-2edc9f5223d4,5,"Demorou, mas chegou! Perfeito!",2021-09-17 22:37:07,1.5.7,5,"Olá Giancarlo, tudo bem? Muito obrigado pela avaliação! No que precisar, conte com a gente. Equipe Localiza Meoo 💚",GOOGLE_PLAY,demorou mas chegou perfeito,positivo,2,0.7,elogio,geral,uso_do_app,nenhuma,baixa,experiencia_app,none,nenhuma,0.7,pos:perfeito | rating:5,review-rule-engine-v1
d8207b97-8d58-4f51-a9af-8bbc61921a3a,5,Muito bom,2021-09-15 21:10:41,1.5.7,5,"Olá Anderson, tudo bem? Muito obrigado pela avaliação! Conte sempre com a gente para trilhar novos caminhos. Equipe Localiza Meoo 💚",GOOGLE_PLAY,muito bom,positivo,2,0.7,elogio,geral,uso_do_app,nenhuma,baixa,experiencia_app,none,nenhuma,0.7,pos:bom | rating:5,review-rule-engine-v1
835d65a0-bde6-40ea-90da-aca957ac888e,5,Qualidade e tranquilidade padrão Localiza,2021-09-15 16:46:02,1.5.7,5,"Olá Djalma, tudo bem? Ficamos muito felizes com a sua avaliação! Conte sempre com a gente para trilhar novos caminhos. Equipe Localiza Meoo 💚",GOOGLE_PLAY,qualidade e tranquilidade padrao localiza,positivo,1,0.6,elogio,geral,uso_do_app,nenhuma,baixa,experiencia_app,none,nenhuma,0.6,rating:5,review-rule-engine-v1
ceab84d9-f847-44ca-8ee9-14924f240931,5,Após 3 meses tudo certo com esta nova experiência de carro alugado.,2021-09-14 20:18:36,1.5.7,7,"Olá Antenor, tudo bem? Ficamos muito felizes em saber que sua experiência com a gente está sendo satisfatória! No que precisar, conte conosco. Equipe Localiza Meoo 💚",GOOGLE_PLAY,apos 3 meses tudo certo com esta nova experiencia de carro alugado,positivo,1,0.6,elogio,contrato_assinatura,contrato,nenhuma,baixa,contrato,zero_surpresa,Ver contrato e próximos eventos,0.68,rating:5 | contrato_assinatura:carro alugado,review-rule-engine-v1
a59f5481-4fa2-44b9-8aa1-3ed5747cdde8,5,Top!,2021-09-14 14:24:35,1.5.7,4,"Olá Robson, tudo bem? Muito obrigado pela avaliação! Conte sempre com a gente para trilhar novos caminhos. Equipe Localiza Meoo 💚",GOOGLE_PLAY,top,positivo,1,0.6,elogio,geral,uso_do_app,nenhuma,baixa,experiencia_app,none,nenhuma,0.6,rating:5,review-rule-engine-v1
998df5b5-cfe6-4656-b01a-b692ac7ddf4f,1,Não abre. Pois não consigo atualizar.,2021-09-10 08:29:25,1.5.6,0,"Olá, tudo bem? Conforme conversamos, já está tudo certo com o seu login! Sei que você já sabe, mas sempre que precisar entre em contato com a gente em qualquer um dos nossos canais: Whatsapp (31) 9 9910 1010 | meooatendimento@localiza.com | 0800 099 1001. Equipe Localiza Meoo 💚",GOOGLE_PLAY,nao abre pois nao consigo atualizar,negativo,-3,0.88,dor,performance_estabilidade,uso_do_app,erro_funcional,alta,app,app_reliability,Corrigir experiência do app,0.98,neg:nao consigo | neg:nao abre | forte_neg:nao consigo | forte_neg:nao abre | rating:1 | performance_estabilidade:atualizar | erro_funcional:nao consigo | erro_funcional:nao abre,review-rule-engine-v1
9da60632-cbf7-4311-89e3-5c9aada5c08e,5,Show de Bola,2021-09-09 23:18:48,1.5.6,5,"Olá Manoel, tudo bem? Ficamos muito felizes com a sua avaliação! Conte sempre com a gente para trilhar novos caminhos. Equipe Localiza Meoo 💚",GOOGLE_PLAY,show de bola,positivo,1,0.6,elogio,geral,uso_do_app,nenhuma,baixa,experiencia_app,none,nenhuma,0.6,rating:5,review-rule-engine-v1
103525e1-48e9-47e6-bdf7-75504714b36b,5,Otimo aplicativo,2021-09-09 19:46:10,1.5.6,5,"Olá Luiz, tudo bem? Muito obrigado pela avaliação! Conte sempre com a gente para trilhar novos caminhos. Equipe Localiza Meoo 💚",GOOGLE_PLAY,otimo aplicativo,positivo,2,0.7,elogio,geral,uso_do_app,nenhuma,baixa,experiencia_app,none,nenhuma,0.7,pos:otimo | rating:5,review-rule-engine-v1
27fc6d77-65e4-48c5-8df7-701df1dd3dca,1,Parou de funcionar do nada.,2021-09-09 18:20:14,1.5.6,0,"Olá Gisel, tudo bem? Conforme conversamos, já está tudo certo com o seu login! Sei que você já sabe, mas sempre que precisar entre em contato com a gente em qualquer um dos nossos canais: Whatsapp (31) 9 9910 1010 | meooatendimento@localiza.com | 0800 099 1001. Equipe Localiza Meoo 💚",GOOGLE_PLAY,parou de funcionar do nada,negativo,-1,0.6,dor,funcionalidade_usabilidade,uso_do_app,friccao_na_jornada,media,experiencia_app,none,nenhuma,0.72,rating:1 | fallback:sentimento_negativo | topic:funcionalidade_usabilidade,review-rule-engine-v1
93fa0b75-e837-4fcb-8ba2-aeed79d010e5,5,Estou muito satisfeito.,2021-09-09 14:56:47,1.5.7,5,"Olá Dalgas, tudo bem? Ficamos muito felizes com a sua avaliação! No que precisar, conte sempre com a gente. Equipe Localiza Meoo 💚",GOOGLE_PLAY,estou muito satisfeito,positivo,2,0.7,elogio,geral,uso_do_app,nenhuma,baixa,experiencia_app,none,nenhuma,0.7,pos:satisfeito | rating:5,review-rule-engine-v1
d609eb26-ff3c-475d-acf8-e50d9dc42ddd,1,Pede pra atualizar mas depois não abre.....muito ruim,2021-09-09 14:51:17,1.5.6,0,"Olá Luciana, tudo bem? Iremos entrar em contato com você para ajudá-la. Sei que você já sabe, mas sempre que precisar entre em contato com a gente em qualquer um dos nossos canais: Whatsapp (31) 9 9910 1010 | meooatendimento@localiza.com | 0800 099 1001. Equipe Localiza Meoo 💚",GOOGLE_PLAY,pede pra atualizar mas depois nao abre muito ruim,negativo,-2,0.78,dor,performance_estabilidade,uso_do_app,erro_funcional,alta,app,app_reliability,Corrigir experiência do app,0.9,neg:ruim | neg:nao abre | forte_neg:nao abre | rating:1 | performance_estabilidade:atualizar | erro_funcional:nao abre,review-rule-engine-v1
a14ca40e-01c5-4b07-ba8a-626669cdaa0b,1,APP não funciona tentei instalar várias vezes,2021-08-31 17:16:28,1.5.6,0,"Olá Sergio, tudo bem? Iremos entrar em contato com você para ajudá-lo. Sei que você já sabe, mas sempre que precisar entre em contato com a gente em qualquer um dos nossos canais: Whatsapp (31) 9 9910 1010 | meooatendimento@localiza.com | 0800 099 1001. Equipe Localiza Meoo 💚",GOOGLE_PLAY,app nao funciona tentei instalar varias vezes,negativo,-2,0.78,dor,funcionalidade_usabilidade,uso_do_app,erro_funcional,alta,experiencia_app,none,nenhuma,0.9,neg:nao funciona | forte_neg:nao funciona | rating:1 | fallback:sentimento_negativo | erro_funcional:nao funciona,review-rule-engine-v1
3b93c230-54a7-48dd-8c68-e2dbb6b41aad,5,"Baixei agora o app, está tudo funcionando, muito bom",2021-08-31 12:22:45,1.5.6,3,"Olá José Carlos, tudo bem? Ficamos felizes que tenha curtido o nosso app! Sei que você já sabe, mas sempre que precisar entre em contato com a gente em qualquer um dos nossos canais: Whatsapp (31) 9 9910 1010 | meooatendimento@localiza.com | 0800 099 1001. Equipe Localiza Meoo 💚",GOOGLE_PLAY,baixei agora o app esta tudo funcionando muito bom,positivo,2,0.7,elogio,geral,uso_do_app,nenhuma,baixa,experiencia_app,none,nenhuma,0.7,pos:bom | rating:5,review-rule-engine-v1
42dc44dd-07d1-4c47-af7b-806e77088ab8,5,Atualizou as informações aqui. Funcionou perfeitamente agora,2021-08-24 17:55:51,1.5.5,3,"Olá Rafael, tudo bem? O time responsável pelo App já foi avisado e iremos entrar em contato com você para ajudá-lo! Sei que você já sabe, mas sempre que precisar entre em contato com a gente em qualquer um dos nossos canais: Whatsapp (31) 9 9910 1010 | meooatendimento@localiza.com | 0800 099 1001. Equipe Localiza Meoo 💚",GOOGLE_PLAY,atualizou as informacoes aqui funcionou perfeitamente agora,positivo,2,0.7,elogio,geral,uso_do_app,nenhuma,baixa,experiencia_app,none,nenhuma,0.7,pos:perfeita | rating:5,review-rule-engine-v1
c1276e18-292c-4162-8270-6f42207d2200,1,gente esse app é de lua em uma semana fubfiona outra não,2021-08-22 20:31:53,1.5.5,0,"Olá Melissa, tudo bem? Conforme conversamos, iremos te ajudar com a sua demanda. Sempre que precisar entre em contato com a gente em um dos nossos canais: Whatsapp (31) 9 9910 1010 | meooatendimento@localiza.com | 0800 099 1001. Equipe Localiza Meoo 💚",GOOGLE_PLAY,gente esse app e de lua em uma semana fubfiona outra nao,negativo,-1,0.6,dor,funcionalidade_usabilidade,uso_do_app,friccao_na_jornada,media,experiencia_app,none,nenhuma,0.72,rating:1 | fallback:sentimento_negativo | topic:funcionalidade_usabilidade,review-rule-engine-v1
882dfeca-119d-4fe7-8934-84271954e8e5,1,"Pouco informativo... Seria bom atualizações fidedignas sobre a assinatura. Exemplo: Deram-me o prazo de 45 dias para a entrega do carro e há 79 dias o aplicativo indica ""Seu carro está a caminho"" e até agora nada... Não indico a assinatura e muito menos o aplicativo.",2021-08-19 11:22:43,1.5.5,15,"Olá Soly, tudo bem? O time responsável pelo App já foi avisado e iremos entrar em contato com você para ajudá-la! Sei que você já sabe, mas sempre que precisar entre em contato com a gente em qualquer um dos nossos canais: Whatsapp (31) 9 9910 1010 | meooatendimento@localiza.com | 0800 099 1001.",GOOGLE_PLAY,pouco informativo seria bom atualizacoes fidedignas sobre a assinatura exemplo deram me o prazo de 45 dias para a entrega do carro e ha 79 dias o aplicativo indica seu carro esta a caminho e ate agora nada nao indico a assinatura e muito menos o aplicativo,neutro,0,0.5,sugestao,contrato_assinatura,contrato,nenhuma,media,contrato,zero_surpresa,Ver contrato e próximos eventos,0.58,pos:bom | rating:1 | contrato_assinatura:assinatura,review-rule-engine-v1
1dea43fa-348e-46a6-a1cc-d4ee37b85d59,1,"Infelizmente não acontece nada no aplicativo, instalei e desinstalei o aplicativo mas não acontece nada.",2021-08-13 12:02:48,1.5.4,1,"Olá Juan, tudo bem? Não te localizamos no nosso cadastro de clientes e gostaríamos de conversar com você para ajudá-lo. Entre em contato com a gente em um dos nossos canais: Whatsapp (31) 9 9910 1010 | meooatendimento@localiza.com | 0800 099 1001. Equipe Localiza Meoo 💚",GOOGLE_PLAY,infelizmente nao acontece nada no aplicativo instalei e desinstalei o aplicativo mas nao acontece nada,negativo,-1,0.6,dor,funcionalidade_usabilidade,uso_do_app,friccao_na_jornada,media,experiencia_app,none,nenhuma,0.72,rating:1 | fallback:sentimento_negativo | topic:funcionalidade_usabilidade,review-rule-engine-v1
1f1cf53e-5510-46a1-9d58-59e6a1e2fe87,1,"Como vocês investem em um app que não funciona? Que coisa, esse desenvolvedores. Onde mando currículo pra melhorar isso?",2021-08-10 12:37:17,1.5.4,0,"Olá Mauro, tudo bem? Não te localizamos no nosso cadastro de clientes e gostaríamos de conversar com você para ajudá-lo. Entre em contato com a gente em um dos nossos canais: Whatsapp (31) 9 9910 1010 | meooatendimento@localiza.com | 0800 099 1001. Equipe Localiza Meoo 💚",GOOGLE_PLAY,como voces investem em um app que nao funciona que coisa esse desenvolvedores onde mando curriculo pra melhorar isso,negativo,-2,0.78,sugestao,funcionalidade_usabilidade,uso_do_app,erro_funcional,alta,experiencia_app,none,nenhuma,0.9,neg:nao funciona | forte_neg:nao funciona | rating:1 | fallback:sentimento_negativo | erro_funcional:nao funciona,review-rule-engine-v1
7a06fa08-8702-497b-b81e-0e31c1de6632,1,"Não funciona. Não acontece nada ao clicar em QUERO SER CLIENTE e nem em QUERO CONHECER. Testem antes de liberar. Dessa forma, não queima o app e fazem a gente perder tempo com algo que não está pronto.",2021-08-04 19:00:58,1.5.4,8,Olá Evandro! Pedimos desculpas pelo transtorno. Entre em contato com a gente em um dos nossos canais para que possamos ajudá-lo: Whatsapp (31) 9 9910 1010 | meooatendimento@localiza.com | 0800 099 1001. Equipe Localiza Meoo 💚,GOOGLE_PLAY,nao funciona nao acontece nada ao clicar em quero ser cliente e nem em quero conhecer testem antes de liberar dessa forma nao queima o app e fazem a gente perder tempo com algo que nao esta pronto,negativo,-2,0.78,dor,funcionalidade_usabilidade,uso_do_app,erro_funcional,alta,experiencia_app,none,nenhuma,0.9,neg:nao funciona | forte_neg:nao funciona | rating:1 | fallback:sentimento_negativo | erro_funcional:nao funciona,review-rule-engine-v1
249d2d52-316e-4afc-881e-f190a7165282,5,Não libera o avançar após digitar o email para acesso.,2021-08-02 20:26:27,1.5.4,5,"Olá, Marco! Pedimos desculpas pelo transtorno. É só atualizar o app e ele vai voltar a funcionar bem. Se depois de atualizar ainda tiver algum problema, pode avisar a gente! Estamos prontos para te atender em qualquer um dos nossos canais: Whatsapp (31) 9 9910 1010 | meooatendimento@localiza.com | 0800 099 1001, conta com a gente!
",GOOGLE_PLAY,nao libera o avancar apos digitar o email para acesso,positivo,1,0.6,elogio,acesso_login,acesso,nenhuma,baixa,conta_acesso,app_reliability,Resolver acesso ao app,0.68,rating:5 | acesso_login:acesso,review-rule-engine-v1
6bbfb988-2a72-4b86-b073-7beeb9b0932c,2,"Não recebo e-mail para fazer o cadastro,uso tudo certinho e o e-mail não chega.",2021-07-24 22:21:41,,2,"Olá Welison, tudo bem? Conforme conversamos, iremos te ajudar com a sua demanda. Sempre que precisar entre em contato com a gente em um dos nossos canais: Whatsapp (31) 9 9910 1010 | meooatendimento@localiza.com | 0800 099 1001. Equipe Localiza Meoo 💚",GOOGLE_PLAY,nao recebo e mail para fazer o cadastro uso tudo certinho e o e mail nao chega,negativo,-1,0.6,dor,suporte_atendimento,suporte,friccao_na_jornada,media,suporte,support_prevention,Resolver necessidade antes do contato,0.72,rating:2 | suporte_atendimento:e mail | topic:suporte_atendimento,review-rule-engine-v1
f31b77fe-50c8-465b-9909-cbf1ee4d5ede,1,Não funciona há meses! Já reinstalei mais de 5 vezes e essa droga não funciona. Simplesmente não abre nem a tela do meu perfil. Nunca consegui realizar uma consulta de fatura. Uma droga!,2021-07-24 18:57:32,1.5.3,9,"Olá Fabricio! Conforme conversamos, iremos te ajudar. Sei que você já sabe, mas sempre que precisar entre em contato com a gente em qualquer um dos nossos canais: Whatsapp (31) 9 9910 1010 | meooatendimento@localiza.com | 0800 099 1001. Equipe Localiza Meoo 💚",GOOGLE_PLAY,nao funciona ha meses ja reinstalei mais de 5 vezes e essa droga nao funciona simplesmente nao abre nem a tela do meu perfil nunca consegui realizar uma consulta de fatura uma droga,negativo,-3,0.88,dor,pagamento_financeiro,financeiro,erro_funcional,alta,financeiro,zero_surpresa,Revisar pagamentos e vencimentos,0.98,neg:nao funciona | neg:nao abre | forte_neg:nao abre | forte_neg:nao funciona | rating:1 | pagamento_financeiro:fatura | erro_funcional:nao abre | erro_funcional:nao funciona,review-rule-engine-v1
f5760e72-1774-49dd-a384-e808f0fe8f4b,2,"Depois que atualizaram não consigo nem instalar a atualização. Tive um feedback bem rápido, fiz segui as instruções passadas mas continuei sem conseguir atualizar. Desinstalei o app e estou tentando instalar novamente mas não consigo.",2021-07-20 20:46:35,,2,"Olá Murilo, tudo bem? Conforme conversamos, iremos te ajudar. Sei que você já sabe, mas sempre que precisar entre em contato com a gente em qualquer um dos nossos canais: Whatsapp (31) 9 9910 1010 | meooatendimento@localiza.com | 0800 099 1001. Equipe Localiza Meoo 💚",GOOGLE_PLAY,depois que atualizaram nao consigo nem instalar a atualizacao tive um feedback bem rapido fiz segui as instrucoes passadas mas continuei sem conseguir atualizar desinstalei o app e estou tentando instalar novamente mas nao consigo,negativo,-2,0.78,dor,performance_estabilidade,uso_do_app,erro_funcional,alta,app,app_reliability,Corrigir experiência do app,0.9,neg:nao consigo | neg:sem conseguir | pos:rapido | forte_neg:nao consigo | rating:2 | performance_estabilidade:atualizar | performance_estabilidade:atualizacao | erro_funcional:nao consigo,review-rule-engine-v1
a69565cc-90af-4dbd-b7c1-5fdcb3f92f1f,5,Top,2021-07-20 20:30:54,1.5.2,2,"Olá Thiago, tudo bem? Muito obrigado pela avaliação! No que precisar, conte sempre com a gente. Equipe Localiza Meoo 💚",GOOGLE_PLAY,top,positivo,1,0.6,elogio,geral,uso_do_app,nenhuma,baixa,experiencia_app,none,nenhuma,0.6,rating:5,review-rule-engine-v1
29abc715-67a9-4087-b51e-7c5cbe663f7d,5,Boa,2021-07-20 08:23:21,1.5.2,2,"Olá Rosmir, tudo bem? Ficamos muito felizes com a sua avaliação! Conte sempre com a gente para trilhar novos caminhos. Equipe Localiza Meoo 💚",GOOGLE_PLAY,boa,positivo,2,0.7,elogio,geral,uso_do_app,nenhuma,baixa,experiencia_app,none,nenhuma,0.7,pos:boa | rating:5,review-rule-engine-v1
04699048-893c-44c8-b0a4-66d0c6f4fa08,5,Excelente,2021-07-12 14:05:23,1.5.1,2,"Olá Rodrigo, tudo bem? Muito obrigado pela avaliação. Conte sempre com a gente para trilhar novos caminhos. Equipe Localiza Meoo 💚",GOOGLE_PLAY,excelente,positivo,2,0.7,elogio,geral,uso_do_app,nenhuma,baixa,experiencia_app,none,nenhuma,0.7,pos:excelente | rating:5,review-rule-engine-v1
bb71283c-f8d6-451b-9a87-2476f5bf37fa,5,Muito rápido e eficiente,2021-07-05 13:02:20,1.5.0,3,"Olá Roberto, tudo bem? Ficamos muito felizes com a sua avaliação! Conte sempre com a gente para trilhar novos caminhos. Equipe Localiza Meoo 💚",GOOGLE_PLAY,muito rapido e eficiente,positivo,2,0.7,elogio,geral,uso_do_app,nenhuma,baixa,experiencia_app,none,nenhuma,0.7,pos:rapido | rating:5,review-rule-engine-v1
93b0fa90-1e8f-47e4-8ca2-02c829c731d4,5,"O problema que estava tendo no aplicativo em relação ao email, para acessar foi respondido rápido, eficiente e agora sem problemas para acessar.",2021-07-01 16:07:32,1.5.0,4,"Olá Vinicius, tudo bem? Conforme conversamos, já está tudo certo com o seu login! Sei que você já sabe, mas sempre que precisar entre em contato com a gente em qualquer um dos nossos canais: Whatsapp (31) 9 9910 1010 | meooatendimento@localiza.com | 0800 099 1001. Equipe Localiza Meoo 💚",GOOGLE_PLAY,o problema que estava tendo no aplicativo em relacao ao email para acessar foi respondido rapido eficiente e agora sem problemas para acessar,neutro,1,0.6,neutro,suporte_atendimento,suporte,nenhuma,baixa,suporte,support_prevention,Resolver necessidade antes do contato,0.68,neg:problema | pos:rapido | rating:5 | suporte_atendimento:email,review-rule-engine-v1
49fd970a-5068-48da-8b3f-05da04a5276e,1,"Não consegui fazer nada pelo app, horrível.",2021-05-26 20:56:50,1.5.0,2,"Olá Rosemary, tudo bem? Não conseguimos localizar o seu cadastro. Você poderia nos acionar no número 31 3076-0458 para que possamos te ajudar? Equipe Localiza Meoo 💚",GOOGLE_PLAY,nao consegui fazer nada pelo app horrivel,negativo,-2,0.7,dor,funcionalidade_usabilidade,uso_do_app,friccao_na_jornada,media,experiencia_app,none,nenhuma,0.82,neg:horrivel | rating:1 | fallback:sentimento_negativo | topic:funcionalidade_usabilidade,review-rule-engine-v1
99f86e39-ca48-478f-9fb0-3612bfda2282,2,Fraco e parou de mostrar as estapas de entrega do veículo.,2021-05-13 11:46:16,1.4.4,1,"Olá, nosso time responsável pelo App já foi avisado! De toda forma, iremos entrar em contato com você e repassar as informações! Sei que você já sabe, mas sempre que precisar entre em contato com a gente em qualquer um dos nossos canais: Whatsapp (31) 9 9910 1010 | meooatendimento@localiza.com | 0800 099 1001.",GOOGLE_PLAY,fraco e parou de mostrar as estapas de entrega do veiculo,negativo,-1,0.6,dor,entrega_veiculo,entrega,friccao_na_jornada,media,entrega,zero_surpresa,Acompanhar entrega do veículo,0.72,rating:2 | entrega_veiculo:entrega | topic:entrega_veiculo,review-rule-engine-v1
713baae2-b2af-4a1d-b059-5dde5d6bfbca,5,"Consigo quase tudo no app, recomendaria a colocação de acesso a rotas, com velocidade das vias, e possibilidade de planejamento de viagens. Calcular o custo de uma viagem: Km por litro de combustível, pedágios, radares entre outras coisas.",2021-05-07 17:40:56,1.4.4,14,"Oi, Júlio! Ficamos muito felizes com sua avaliação e sugestões e já passamos para o time! Em breve lançaremos novas funcionalidades para fazer valer ainda mais sua experiência Meoo. Conte sempre com a gente para trilhar novos caminhos. 💚 Equipe Meoo",GOOGLE_PLAY,consigo quase tudo no app recomendaria a colocacao de acesso a rotas com velocidade das vias e possibilidade de planejamento de viagens calcular o custo de uma viagem km por litro de combustivel pedagios radares entre outras coisas,positivo,1,0.6,elogio,mobilidade_viagem,viagem,nenhuma,baixa,mobilidade,mobility_planner,Planejar mobilidade,0.68,rating:5 | mobilidade_viagem:rota | mobilidade_viagem:planejamento | mobilidade_viagem:pedagio | mobilidade_viagem:viagem,review-rule-engine-v1
1e7d224b-46b3-4272-8296-e7157e666217,5,"Parabéns pelo app! Prático e seguro. No começo tive problemas de acesso, mas a equipe da Localiza entrou em contato para resolver o problema. Está cada vez melhor!",2021-04-26 23:06:22,1.4.2,9,"Oi, João! Muito obrigado pela avaliação e ficamos muito felizes de poder ajudar! Conte sempre com a gente para trilhar novos caminhos. 💚",GOOGLE_PLAY,parabens pelo app pratico e seguro no comeco tive problemas de acesso mas a equipe da localiza entrou em contato para resolver o problema esta cada vez melhor,neutro,1,0.6,neutro,acesso_login,acesso,nenhuma,baixa,conta_acesso,app_reliability,Resolver acesso ao app,0.68,neg:problema | pos:pratico | rating:5 | acesso_login:acesso,review-rule-engine-v1
86d054d4-03ba-478b-90ad-47d73e1b2611,1,"Fazendo uma nova avaliação do aplicativo, o mesmo já não está mais funcionando há mais de uma semana. Lamentável não ter mais como acompanhar os pedidos.",2021-04-22 22:55:45,1.4.0,1,"Opa! Realmente, tivemos um problema com o aplicativo. Mas olha só, já corrigimos. É só atualizar o app e ele vai voltar a funcionar bem. Se depois de atualizar ainda tiver algum problema, pode avisar a gente!",GOOGLE_PLAY,fazendo uma nova avaliacao do aplicativo o mesmo ja nao esta mais funcionando ha mais de uma semana lamentavel nao ter mais como acompanhar os pedidos,negativo,-2,0.7,dor,funcionalidade_usabilidade,uso_do_app,friccao_na_jornada,media,experiencia_app,none,nenhuma,0.82,neg:lamentavel | rating:1 | fallback:sentimento_negativo | topic:funcionalidade_usabilidade,review-rule-engine-v1
2cc36f52-60f5-47ac-85c8-810c911220c8,3,"Não consigo acessar o aplicativo, nem login estou conseguindo, não aparece opção de nada",2021-04-22 18:31:05,1.4.0,2,"Opa! Realmente, tivemos um problema com o aplicativo. Mas olha só, já corrigimos. É só atualizar o app e ele vai voltar a funcionar bem. Se depois de atualizar ainda tiver algum problema, pode avisar a gente!",GOOGLE_PLAY,nao consigo acessar o aplicativo nem login estou conseguindo nao aparece opcao de nada,negativo,-2,0.78,dor,acesso_login,acesso,erro_funcional,alta,conta_acesso,app_reliability,Resolver acesso ao app,0.9,neg:nao consigo | forte_neg:nao consigo | rating:3 | acesso_login:login | erro_funcional:nao consigo,review-rule-engine-v1
5ea3df88-99c4-4c7c-b22a-3c9cf6ca55eb,1,Estou tentado acessar o aplicativo e não consigo. Coloco o email cadastrado e não habilita o meu acesso,2021-04-20 20:54:27,1.4.0,2,"Olá, Tim! Pedimos desculpas pelo transtorno. Estamos prontos para te atender em qualquer um dos nossos canais: Whatsapp (31) 9 9910 1010 | meooatendimento@localiza.com | 0800 099 1001, conta com a gente",GOOGLE_PLAY,estou tentado acessar o aplicativo e nao consigo coloco o email cadastrado e nao habilita o meu acesso,negativo,-2,0.78,dor,acesso_login,acesso,erro_funcional,alta,conta_acesso,app_reliability,Resolver acesso ao app,0.9,neg:nao consigo | forte_neg:nao consigo | rating:1 | acesso_login:acesso | erro_funcional:nao consigo,review-rule-engine-v1
207da3fd-e9d2-4aac-85d4-d9d0a0d5da6c,1,"O aplicativo é péssimo! Não funcionava, até que fizeram uma atualização e normalizou, essa semana eles fizeram uma nova atualização que agora não é possível fazer nem o login e quando eu tento o contato por WhatsApp não funciona .",2021-04-20 19:39:08,1.4.0,11,"Olá, Wilson! Pedimos desculpas pelo transtorno. Estamos prontos para te atender em qualquer um dos nossos canais: Whatsapp (31) 9 9910 1010 | meooatendimento@localiza.com | 0800 099 1001, conta com a gente!
",GOOGLE_PLAY,o aplicativo e pessimo nao funcionava ate que fizeram uma atualizacao e normalizou essa semana eles fizeram uma nova atualizacao que agora nao e possivel fazer nem o login e quando eu tento o contato por whatsapp nao funciona,negativo,-2,0.78,dor,acesso_login,acesso,erro_funcional,alta,conta_acesso,app_reliability,Resolver acesso ao app,0.9,neg:pessimo | neg:nao funciona | forte_neg:nao funciona | rating:1 | acesso_login:login | erro_funcional:nao funciona,review-rule-engine-v1
00b503a8-0654-4fc6-b19e-67408469a2a9,1,Parou de funcionar. E não consigo mais acessar o aplicativo.,2021-04-20 18:49:53,1.4.0,2,"Olá, Gustavo! Pedimos desculpas pelo transtorno. Estamos prontos para te atender em qualquer um dos nossos canais: Whatsapp (31) 9 9910 1010 | meooatendimento@localiza.com | 0800 099 1001, conta com a gente!

",GOOGLE_PLAY,parou de funcionar e nao consigo mais acessar o aplicativo,negativo,-2,0.78,dor,funcionalidade_usabilidade,uso_do_app,erro_funcional,alta,experiencia_app,none,nenhuma,0.9,neg:nao consigo | forte_neg:nao consigo | rating:1 | fallback:sentimento_negativo | erro_funcional:nao consigo,review-rule-engine-v1
8b990778-4f5d-4365-8513-8c016c91efec,3,Regular,2021-04-20 12:44:48,1.4.0,0,"Olá, Gervasio! A gente valoriza muito novas ideias e estamos abertos a sugestões! Obrigado pela avaliação! 💚",GOOGLE_PLAY,regular,neutro,0,0.5,neutro,geral,uso_do_app,nenhuma,baixa,experiencia_app,none,nenhuma,0.5,rating:3,review-rule-engine-v1
b70d9073-faa9-45d2-89ac-16dc7c815359,1,É infelizmente o app não funciona.,2021-04-07 22:12:08,1.3.14,1,"Olá, Victtória! Pedimos desculpas pelo transtorno. Estamos prontos para te atender em qualquer um dos nossos canais: Whatsapp (31) 9 9910 1010 | meooatendimento@localiza.com | 0800 099 1001, conta com a gente!

",GOOGLE_PLAY,e infelizmente o app nao funciona,negativo,-2,0.78,dor,funcionalidade_usabilidade,uso_do_app,erro_funcional,alta,experiencia_app,none,nenhuma,0.9,neg:nao funciona | forte_neg:nao funciona | rating:1 | fallback:sentimento_negativo | erro_funcional:nao funciona,review-rule-engine-v1
1589c1f8-e316-470c-9fd9-bca38ba63aa0,1,Esse apk é o pior q ja vi...e o mais inutil. Nao consigo fazer nada nele e eles ainda ficam mandando a gente fazer coisas obvias...tipo limpar cache...reinstalar etc. Como se isso fosse resolver algo. O defeito é deles mesmo.,2021-04-05 17:55:53,,1,"Olá, Sonia! Pedimos desculpas pelo transtorno. Estamos prontos para te atender em qualquer um dos nossos canais: Whatsapp (31) 9 9910 1010 | meooatendimento@localiza.com | 0800 099 1001, conta com a gente!",GOOGLE_PLAY,esse apk e o pior q ja vi e o mais inutil nao consigo fazer nada nele e eles ainda ficam mandando a gente fazer coisas obvias tipo limpar cache reinstalar etc como se isso fosse resolver algo o defeito e deles mesmo,negativo,-2,0.78,dor,funcionalidade_usabilidade,uso_do_app,erro_funcional,alta,experiencia_app,none,nenhuma,0.9,neg:nao consigo | pos:util | forte_neg:nao consigo | rating:1 | fallback:sentimento_negativo | erro_funcional:nao consigo fazer | erro_funcional:nao consigo,review-rule-engine-v1
c10bed09-9555-42a3-8f03-dfca7397544f,1,"Aplicativo não funciona. Não consigo indicar condutor para multas, não consigo pagar boletos. Falaram que havia sido atualizado, mas não foi. Uma empresa que tem isenção de impostos não é capaz de investir em um aplicativo que funcione?",2021-04-02 17:58:29,1.3.13,6,"Olá! Pedimos desculpas pelo transtorno. Estamos prontos para te atender em qualquer um dos nossos canais: Whatsapp (31) 9 9910 1010 | meooatendimento@localiza.com | 0800 099 1001, conta com a gente!",GOOGLE_PLAY,aplicativo nao funciona nao consigo indicar condutor para multas nao consigo pagar boletos falaram que havia sido atualizado mas nao foi uma empresa que tem isencao de impostos nao e capaz de investir em um aplicativo que funcione,negativo,-3,0.88,dor,multas_condutor,multas,erro_funcional,alta,multas,zero_surpresa,Resolver multas e condutor,0.98,neg:nao consigo | neg:nao funciona | forte_neg:nao consigo | forte_neg:nao funciona | rating:1 | multas_condutor:condutor | multas_condutor:indicar condutor | multas_condutor:multa | erro_funcional:nao consigo | erro_funcional:nao funciona,review-rule-engine-v1
d7642305-212b-4d73-aca2-72c81fdbaff5,1,Disseram que foi atualizado e que os problemas foram corrigidos. MENTIRA!!! Estou a meses com o app sem funcionar!!! Nos dias atuais não ter um app que funcione é ridículo....,2021-03-29 11:49:08,1.3.13,5,"Olá, Henrique! Pedimos desculpas pelo transtorno. Como urgência, podemos te enviar informações sobre o seu pedido nos nossos outros canais: Whatsapp (31) 9 9910 1010 | meooatendimento@localiza.com | 0800 099 1001.
Nos envie também um e-mail sobre o problema com o app, para que possamos resolvê-lo, estamos prontos para te atender, conta com a gente!",GOOGLE_PLAY,disseram que foi atualizado e que os problemas foram corrigidos mentira estou a meses com o app sem funcionar nos dias atuais nao ter um app que funcione e ridiculo,negativo,-2,0.7,dor,funcionalidade_usabilidade,uso_do_app,friccao_na_jornada,alta,experiencia_app,none,nenhuma,0.82,neg:problema | rating:1 | fallback:sentimento_negativo | topic:funcionalidade_usabilidade,review-rule-engine-v1
1d118a56-c7e6-433e-86c5-eed6e01017c3,1,"Experiência ruim, tanto no app, que não funciona quanto na Localiza Meoo, que não entrega o que vende. Lamentável!",2021-03-16 15:50:52,1.3.12,1,"Olá! Pedimos desculpas pelo transtorno. Estamos prontos para te atender em qualquer um dos nossos canais: Whatsapp (31) 9 9910 1010 | meooatendimento@localiza.com | 0800 099 1001, conta com a gente!

",GOOGLE_PLAY,experiencia ruim tanto no app que nao funciona quanto na localiza meoo que nao entrega o que vende lamentavel,negativo,-2,0.78,dor,entrega_veiculo,entrega,erro_funcional,alta,entrega,zero_surpresa,Acompanhar entrega do veículo,0.9,neg:lamentavel | neg:nao funciona | neg:ruim | forte_neg:nao funciona | rating:1 | entrega_veiculo:entrega | erro_funcional:nao funciona,review-rule-engine-v1
29ce484f-ac01-442a-b0d6-ff1d24e71eb3,1,"O app não está funcionando!! Toda hora aparece a mensagem: ""OPA! ALGO DEU ERRADO POR AQUI, MAS JÁ VAMOS CORRIGIR O PROBLEMA. VOCÊ PODE TENTAR NOVAMENTE MAIS TARDE? Já estou tentando a mais de um mês e nada!!",2021-03-05 08:43:46,1.3.12,3,"Olá, Henrique! Pedimos desculpas pelo transtorno. Nosso aplicativo está em atualização, mas já estamos trabalhando nisso, e rapidinho estará ok novamente.",GOOGLE_PLAY,o app nao esta funcionando toda hora aparece a mensagem opa algo deu errado por aqui mas ja vamos corrigir o problema voce pode tentar novamente mais tarde ja estou tentando a mais de um mes e nada,negativo,-2,0.7,dor,funcionalidade_usabilidade,uso_do_app,friccao_na_jornada,media,experiencia_app,none,nenhuma,0.82,neg:problema | rating:1 | fallback:sentimento_negativo | topic:funcionalidade_usabilidade,review-rule-engine-v1
b29bd3fb-86c8-4ea5-95f7-e4e5dab1fdf7,3,"Boa tarde, pode melhorar. A alguns meses não consigo mais visualizar o ""acompanhamento de pedidos"" se puderem corrigir seria ótimo. Já foi feito contato por e-mail, whataspp, telefone e não foi resolvido.",2021-03-03 13:16:44,1.3.12,2,"Olá, Israel! Pedimos desculpas pelo transtorno. Nosso aplicativo está em atualização, mas já estamos trabalhando nisso, e rapidinho estará ok novamente.",GOOGLE_PLAY,boa tarde pode melhorar a alguns meses nao consigo mais visualizar o acompanhamento de pedidos se puderem corrigir seria otimo ja foi feito contato por e mail whataspp telefone e nao foi resolvido,negativo,-4,0.98,sugestao,suporte_atendimento,suporte,erro_funcional,alta,suporte,support_prevention,Resolver necessidade antes do contato,0.98,neg:nao consigo | pos:boa | pos:otimo | forte_neg:nao consigo | rating:3 | suporte_atendimento:e mail | erro_funcional:nao consigo,review-rule-engine-v1
e02fc793-9d36-4188-ab88-14150ed87581,4,"Depois de receber a devida orientação pela.equite técnica da Localiza Meoo, o problema foi resolvido.",2021-03-02 19:12:57,1.3.12,0,"Olá, Gilcimar! Pedimos desculpas pelo transtorno. Estamos prontos para te atender em qualquer um dos nossos canais: Whatsapp (31) 9 9910 1010 | meooatendimento@localiza.com | 0800 099 1001, conta com a gente!",GOOGLE_PLAY,depois de receber a devida orientacao pela equite tecnica da localiza meoo o problema foi resolvido,neutro,0,0.5,neutro,geral,uso_do_app,nenhuma,baixa,experiencia_app,none,nenhuma,0.5,neg:problema | rating:4,review-rule-engine-v1
30450a80-0b56-478d-8378-9fe6f604ad52,1,"Impressionante como o aplicativo não funciona a mais de um mês. Quem precisa de mais de 30 dias pra corrigir um erro desses. Tudo muito bonito na propaganda, mas na prática está na década passada junto com o telemarketing. Dizem que o erro foi corrigido, mas não foi. Não funciona.(Edit 02/03/21) - Apesar da resposta e pedido de desculpas o aplicativo continua não funcionando mesmo depois de reinstalar. É inacreditável que ninguém na empresa se prontificou a resolver essa questão em tanto tempo.",2021-03-02 15:43:45,1.3.12,15,"Opa! Realmente, Fred, tivemos um problema com o aplicativo. Mas olha só, já corrigimos. É só atualizar o app e ele vai voltar a funcionar bem. Se depois de atualizar ainda tiver algum problema, pode avisar em qualquer um dos nossos canais: Whatsapp (31) 9 9910 1010 | meooatendimento@localiza.com | 0800 099 1001, conta com a gente!",GOOGLE_PLAY,impressionante como o aplicativo nao funciona a mais de um mes quem precisa de mais de 30 dias pra corrigir um erro desses tudo muito bonito na propaganda mas na pratica esta na decada passada junto com o telemarketing dizem que o erro foi corrigido mas nao foi nao funciona edit 02 03 21 apesar da resposta e pedido de desculpas o aplicativo continua nao funcionando mesmo depois de reinstalar e inacreditavel que ninguem na empresa se prontificou a resolver essa questao em tanto tempo,negativo,-2,0.78,dor,suporte_atendimento,suporte,erro_funcional,alta,suporte,support_prevention,Resolver necessidade antes do contato,0.9,neg:erro | neg:nao funciona | pos:pratica | forte_neg:nao funciona | rating:1 | suporte_atendimento:ninguem | erro_funcional:nao funciona,review-rule-engine-v1
e6964125-6d2b-4dfe-9eb3-24e436f86dcf,2,Não acrescentar nada,2021-02-26 16:10:22,1.3.10,1,"Olá, Andrei! A gente valoriza muito novas ideias! Por isso, já repassamos sua sugestão pra que a área responsável possa avaliar. Obrigado! 💚",GOOGLE_PLAY,nao acrescentar nada,negativo,-1,0.6,dor,funcionalidade_usabilidade,uso_do_app,friccao_na_jornada,media,experiencia_app,none,nenhuma,0.72,rating:2 | fallback:sentimento_negativo | topic:funcionalidade_usabilidade,review-rule-engine-v1
599fb2d5-8247-4002-a03f-8572e351dcc7,1,Não funciona.. inútil,2021-02-26 12:33:38,1.3.10,1,"Opa! Realmente, Iuri, tivemos um problema com o aplicativo. Mas olha só, já corrigimos. É só atualizar o app e ele vai voltar a funcionar bem. Se depois de atualizar ainda tiver algum problema, pode avisar em qualquer um dos nossos canais: Whatsapp (31) 9 9910 1010 | meooatendimento@localiza.com | 0800 099 1001, conta com a gente!",GOOGLE_PLAY,nao funciona inutil,negativo,-2,0.78,dor,funcionalidade_usabilidade,uso_do_app,erro_funcional,alta,experiencia_app,none,nenhuma,0.9,neg:nao funciona | pos:util | forte_neg:nao funciona | rating:1 | fallback:sentimento_negativo | erro_funcional:nao funciona,review-rule-engine-v1
ba5c847f-7cf6-41c8-9196-5f83dac5bdcf,1,"O app trava. Nunca funciona. Já faz bastante tempo que esse erro ocorre. Já desistalei e instalei novamente, sem sucesso.",2021-02-23 20:03:31,1.3.10,2,"Olá, Jose! Pedimos desculpas pelo transtorno. Estamos prontos para te atender em qualquer um dos nossos canais: Whatsapp (31) 9 9910 1010 | meooatendimento@localiza.com | 0800 099 1001, conta com a gente!",GOOGLE_PLAY,o app trava nunca funciona ja faz bastante tempo que esse erro ocorre ja desistalei e instalei novamente sem sucesso,negativo,-3,0.8,dor,performance_estabilidade,uso_do_app,performance_estabilidade,media,app,app_reliability,Corrigir experiência do app,0.92,neg:erro | neg:trava | rating:1 | performance_estabilidade:trava | performance_estabilidade:erro,review-rule-engine-v1
2e88013c-a367-4914-9904-42551f44dba1,1,Infelizmente não funciona... Minha fatura chegou no email mas não consta no aplicativo.... Se eu não olhasse no email iria vencer sem eu pagar... Nem consigo visualizar minhas informações. Quando tiver tempo vou apagar e instalar novamente o app.,2021-02-19 15:26:43,1.3.10,3,"Olá, João! Pedimos desculpas pelo transtorno. Estamos prontos para te atender em qualquer um dos nossos canais: Whatsapp (31) 9 9910 1010 | meooatendimento@localiza.com | 0800 099 1001, conta com a gente!",GOOGLE_PLAY,infelizmente nao funciona minha fatura chegou no email mas nao consta no aplicativo se eu nao olhasse no email iria vencer sem eu pagar nem consigo visualizar minhas informacoes quando tiver tempo vou apagar e instalar novamente o app,negativo,-2,0.78,dor,pagamento_financeiro,financeiro,erro_funcional,alta,financeiro,zero_surpresa,Revisar pagamentos e vencimentos,0.9,neg:nao funciona | forte_neg:nao funciona | rating:1 | pagamento_financeiro:fatura | pagamento_financeiro:pagar | erro_funcional:nao funciona,review-rule-engine-v1
d796e1b8-65b0-4212-96ae-fde0cdf61eae,1,Faz 1 mês que não consigo usar o app. Não vale a pena instalar! Melhor usar o whats para entrar em contato,2021-02-05 10:56:20,1.3.10,1,"Olá, Roberta! Pedimos desculpas pelo transtorno. Estamos prontos para te atender em qualquer um dos nossos canais: Whatsapp (31) 9 9910 1010 | meooatendimento@localiza.com | 0800 099 1001, conta com a gente!",GOOGLE_PLAY,faz 1 mes que nao consigo usar o app nao vale a pena instalar melhor usar o whats para entrar em contato,negativo,-2,0.78,dor,acesso_login,acesso,erro_funcional,alta,conta_acesso,app_reliability,Resolver acesso ao app,0.9,neg:nao consigo | forte_neg:nao consigo | rating:1 | acesso_login:entrar | erro_funcional:nao consigo,review-rule-engine-v1
9724206a-4638-4d94-b0fd-10a57fa018d3,3,"No inicio em Nov 2020 quando comecei a usar funcionava super bem, já faz mais de 2 semanas que o app parou de funcionar, mesmo após atualização, tentei até desinstalar e instalar novamente mas ainda não funciona.....",2021-01-28 07:43:32,1.3.10,3,"Opa! Realmente, tivemos um problema com o aplicativo, mas resolvemos! Se ainda tiver algum problema, pode avisar a gente em qualquer um dos nossos canais: Whatsapp (31) 9 9910 1010 | meooatendimento@localiza.com | 0800 099 1001, conta com a gente!",GOOGLE_PLAY,no inicio em nov 2020 quando comecei a usar funcionava super bem ja faz mais de 2 semanas que o app parou de funcionar mesmo apos atualizacao tentei ate desinstalar e instalar novamente mas ainda nao funciona,negativo,-2,0.78,dor,performance_estabilidade,uso_do_app,erro_funcional,alta,app,app_reliability,Corrigir experiência do app,0.9,neg:nao funciona | forte_neg:nao funciona | rating:3 | performance_estabilidade:atualizacao | erro_funcional:nao funciona,review-rule-engine-v1
30a5f6a6-e553-45c8-822c-65dba9aaedc7,1,Sequer consigo fazer o login 🙄,2021-01-11 11:52:17,1.3.5,1,"Olá, Jean! Pedimos desculpas pelo transtorno. Estamos prontos para te atender em qualquer um dos nossos canais: Whatsapp (31) 9 9910 1010 | meooatendimento@localiza.com | 0800 099 1001, conta com a gente!",GOOGLE_PLAY,sequer consigo fazer o login,negativo,-1,0.6,dor,acesso_login,acesso,disponibilidade,media,conta_acesso,app_reliability,Resolver acesso ao app,0.72,rating:1 | acesso_login:login | topic:acesso_login,review-rule-engine-v1
2af20212-2d44-45f2-b368-09ae76b01936,5,"Excelente, tive um problema para ver alguns dados, a equipe entrou em contato comigo me explicou tudo e resolveu toda a questão! Parabéns a todos os responsáveis.",2021-01-08 09:43:21,1.3.5,4,"Olá, Felipe! Só de ler essa mensagem nosso coração acelera! Conte sempre com a gente para trilhar novos caminhos. 💚",GOOGLE_PLAY,excelente tive um problema para ver alguns dados a equipe entrou em contato comigo me explicou tudo e resolveu toda a questao parabens a todos os responsaveis,neutro,1,0.6,neutro,geral,uso_do_app,nenhuma,baixa,experiencia_app,none,nenhuma,0.6,neg:problema | pos:excelente | rating:5,review-rule-engine-v1
be6a9925-834e-45fc-a93e-0340ce51cbd6,1,Pessima experiência desde o primeiro uso.. faço o cadastro faço o login e não entra no aplicativo...,2021-01-07 12:57:02,1.3.5,1,"Olá, Rafa! Pedimos desculpas pelo transtorno. Estamos prontos para te atender em qualquer um dos nossos canais: Whatsapp (31) 9 9910 1010 | meooatendimento@localiza.com | 0800 099 1001, conta com a gente!",GOOGLE_PLAY,pessima experiencia desde o primeiro uso faco o cadastro faco o login e nao entra no aplicativo,negativo,-2,0.78,dor,acesso_login,acesso,disponibilidade,media,conta_acesso,app_reliability,Resolver acesso ao app,0.9,forte_neg:pessima experiencia | rating:1 | acesso_login:nao entra | acesso_login:login | topic:acesso_login,review-rule-engine-v1
c00fac0b-70ae-4dc3-b856-e82c7a5312e0,1,O app n abre. Eu coloco a senha e o login e qnd clico em entrar ele volta p tela de inicio,2021-01-06 18:24:15,1.3.5,1,"Olá, Leonardo! Pedimos desculpas pelo transtorno. Estamos prontos para te atender em qualquer um dos nossos canais: Whatsapp (31) 9 9910 1010 | meooatendimento@localiza.com | 0800 099 1001, conta com a gente!",GOOGLE_PLAY,o app n abre eu coloco a senha e o login e qnd clico em entrar ele volta p tela de inicio,negativo,-1,0.6,dor,acesso_login,acesso,disponibilidade,media,conta_acesso,app_reliability,Resolver acesso ao app,0.72,rating:1 | acesso_login:entrar | acesso_login:senha | acesso_login:login | topic:acesso_login,review-rule-engine-v1
dcabc4a2-4446-4738-8f66-02fd79a8d6a8,4,"A ideia do aplicativo é ótima, mas ele tem falhas frequentes. No meu caso, parou de aparecer o status do veículo. Acabei de desinstalar e instalar novamente e o problema persistiu.",2021-01-06 13:37:07,1.3.5,5,"Olá, Julia! Conte sempre com a gente para trilhar novos caminhos. 💚 Pedimos desculpas pelo transtorno e estamos prontos para te atender em qualquer um dos nossos canais: Whatsapp (31) 9 9910 1010 | meooatendimento@localiza.com | 0800 099 1001, conta com a gente!",GOOGLE_PLAY,a ideia do aplicativo e otima mas ele tem falhas frequentes no meu caso parou de aparecer o status do veiculo acabei de desinstalar e instalar novamente e o problema persistiu,neutro,0,0.5,neutro,geral,uso_do_app,nenhuma,baixa,experiencia_app,none,nenhuma,0.5,neg:problema | neg:falha | pos:otima | rating:4,review-rule-engine-v1
9c15e752-cdfa-4048-92ef-3faf5b7a155b,2,Poucas informações,2020-12-27 17:11:58,1.3.5,2,"Olá, Geraldo! Sugestões são sempre bem-vindas! 💚 Já repassamos sua sugestão para que a área responsável possa avaliar. Meoo é um produto novo e estamos evoluindo pra ter a certeza de que você terá sempre a melhor experiência possível com a gente, tá? Pra dar mais detalhes, chama a gente! Whatsapp (31)9 9910 1010 | meooatendimento@localiza.com",GOOGLE_PLAY,poucas informacoes,negativo,-1,0.6,dor,funcionalidade_usabilidade,uso_do_app,usabilidade,media,experiencia_app,none,nenhuma,0.72,rating:2 | fallback:sentimento_negativo | usabilidade:poucas informacoes,review-rule-engine-v1
02a3b385-49de-49fe-9ecf-a58888693ad6,4,Poderia ter mais recursos e dar mais informações aos clientes e gestores,2020-12-22 14:34:15,1.3.5,0,"Olá, Umberto! Sugestões são sempre bem-vindas! 💚 Já repassamos sua sugestão para que a área responsável possa avaliar. Meoo é um produto novo e estamos evoluindo pra ter a certeza de que você terá sempre a melhor experiência possível com a gente, tá? Caso prefira, entre em contato nos canais: Whatsapp (31)9 9910 1010 | meooatendimento@localiza.com",GOOGLE_PLAY,poderia ter mais recursos e dar mais informacoes aos clientes e gestores,positivo,1,0.6,sugestao,geral,uso_do_app,funcionalidade_ausente,baixa,experiencia_app,none,nenhuma,0.64,rating:4 | funcionalidade_ausente:poderia ter,review-rule-engine-v1
c924b696-de9f-47c7-8a68-445fbe1d0d1b,1,Aplicativo não abre no meu celular,2020-12-17 19:31:27,1.3.5,2,"Olá, Maristela! Pedimos desculpas pelo transtorno. Estamos prontos para te atender em qualquer um dos nossos canais: Whatsapp (31) 9 9910 1010 | meooatendimento@localiza.com | 0800 099 1001, conta com a gente!",GOOGLE_PLAY,aplicativo nao abre no meu celular,negativo,-2,0.78,dor,funcionalidade_usabilidade,uso_do_app,erro_funcional,alta,experiencia_app,none,nenhuma,0.9,neg:nao abre | forte_neg:nao abre | rating:1 | fallback:sentimento_negativo | erro_funcional:nao abre,review-rule-engine-v1
74247d1b-2aed-4d23-a16a-daca26fb9d40,1,"Infelizmente o app nao funciona, vi que outras pessoas passaram pela msm experiência, é triste vcs tentarem se atualizar em um lado 'carro por contrato' e estarem ainda na das pedras em outro! Nao adianta tentar se atualizar mas nao desapegarem dos mesmos erros. ""Antes de pegar a estrada verifique os ítens de segurança do seu veículo."" No seu caso é o app que nao funciona.",2020-12-06 16:03:38,,4,"Olá, Michael! Pedimos desculpas pelo transtorno. Estamos prontos para te atender em qualquer um dos nossos canais: Whatsapp (31) 9 9910 1010 | meooatendimento@localiza.com | 0800 099 1001, conta com a gente!",GOOGLE_PLAY,infelizmente o app nao funciona vi que outras pessoas passaram pela msm experiencia e triste vcs tentarem se atualizar em um lado carro por contrato e estarem ainda na das pedras em outro nao adianta tentar se atualizar mas nao desapegarem dos mesmos erros antes de pegar a estrada verifique os itens de seguranca do seu veiculo no seu caso e o app que nao funciona,negativo,-2,0.78,dor,performance_estabilidade,uso_do_app,erro_funcional,alta,app,app_reliability,Corrigir experiência do app,0.9,neg:erro | neg:nao funciona | forte_neg:nao funciona | rating:1 | performance_estabilidade:erro | performance_estabilidade:atualizar | erro_funcional:nao funciona,review-rule-engine-v1
6b8c6eb6-4597-4c2b-b006-d58313fe0744,1,App não abre. Fica a tela verde fixa.,2020-12-02 12:15:22,1.3.4,3,"Olá, Claudio! Pedimos desculpas pelo transtorno. Estamos prontos para te atender em qualquer um dos nossos canais: Whatsapp (31) 9 9910 1010 | meooatendimento@localiza.com | 0800 099 1001, conta com a gente!",GOOGLE_PLAY,app nao abre fica a tela verde fixa,negativo,-2,0.78,dor,funcionalidade_usabilidade,uso_do_app,erro_funcional,alta,experiencia_app,none,nenhuma,0.9,neg:nao abre | forte_neg:nao abre | rating:1 | fallback:sentimento_negativo | erro_funcional:nao abre,review-rule-engine-v1
f8348829-1a7b-4a4c-bf53-4bee8cb0d864,1,Nao consigo concluir o cadastro no app,2020-11-18 16:43:04,1.3.4,3,"Olá, Jose! Pedimos desculpas pelo transtorno. Estamos prontos para te atender em qualquer um dos nossos canais: Whatsapp (31) 9 9910 1010 | meooatendimento@localiza.com | 0800 099 1001, conta com a gente!",GOOGLE_PLAY,nao consigo concluir o cadastro no app,negativo,-2,0.78,dor,funcionalidade_usabilidade,uso_do_app,erro_funcional,alta,experiencia_app,none,nenhuma,0.9,neg:nao consigo | forte_neg:nao consigo | rating:1 | fallback:sentimento_negativo | erro_funcional:nao consigo,review-rule-engine-v1
1d3443d8-83d0-413e-ae65-0ffdad87080d,1,"Nao entra, nunca funciona",2020-11-18 06:15:16,,1,"Olá, Rennan! Pedimos desculpas pelo transtorno e já buscamos resolver seu problema! Se tiver algum outro problema, pode avisar a gente! Estamos prontos para te atender em qualquer um dos nossos canais: Whatsapp (31) 9 9910 1010 | meooatendimento@localiza.com | 0800 099 1001, conta com a gente!",GOOGLE_PLAY,nao entra nunca funciona,negativo,-1,0.6,dor,acesso_login,acesso,disponibilidade,media,conta_acesso,app_reliability,Resolver acesso ao app,0.72,rating:1 | acesso_login:nao entra | topic:acesso_login,review-rule-engine-v1
ae733c3e-25c0-4dab-b33a-80cff0674b5a,1,Simplesmente não funciona! Fica na mesma tela é não abre.,2020-11-03 17:34:13,1.3.3,3,"Opa! Realmente, tivemos um problema com o aplicativo. Mas olha só, já corrigimos. É só atualizar o app e ele vai voltar a funcionar bem. Se depois de atualizar ainda tiver algum problema, pode avisar a gente!",GOOGLE_PLAY,simplesmente nao funciona fica na mesma tela e nao abre,negativo,-3,0.88,dor,funcionalidade_usabilidade,uso_do_app,erro_funcional,alta,experiencia_app,none,nenhuma,0.98,neg:nao funciona | neg:nao abre | forte_neg:nao abre | forte_neg:nao funciona | rating:1 | fallback:sentimento_negativo | erro_funcional:nao abre | erro_funcional:nao funciona,review-rule-engine-v1
c220cbd1-d7ca-4a12-bfdc-067a8d000081,2,Parou de funcionar. Apenas aparece uma tela sem informações,2020-11-03 12:23:04,1.3.3,2,"Opa! Realmente, tivemos um problema com o aplicativo. Mas olha só, já corrigimos. É só atualizar o app e ele vai voltar a funcionar bem. Se depois de atualizar ainda tiver algum problema, pode avisar a gente!",GOOGLE_PLAY,parou de funcionar apenas aparece uma tela sem informacoes,negativo,-1,0.6,dor,funcionalidade_usabilidade,uso_do_app,friccao_na_jornada,media,experiencia_app,none,nenhuma,0.72,rating:2 | fallback:sentimento_negativo | topic:funcionalidade_usabilidade,review-rule-engine-v1
4518c08d-1a0a-4f96-8528-543efdac6d8b,3,Parou de funcionar! Tela branca ao carregar.,2020-11-01 09:47:58,1.3.3,3,"Opa! Realmente, tivemos um problema com o aplicativo. Mas olha só, já corrigimos. É só atualizar o app e ele vai voltar a funcionar bem. Se depois de atualizar ainda tiver algum problema, pode avisar a gente!",GOOGLE_PLAY,parou de funcionar tela branca ao carregar,neutro,0,0.5,neutro,geral,uso_do_app,nenhuma,baixa,experiencia_app,none,nenhuma,0.5,rating:3,review-rule-engine-v1
e4eba3bc-5340-428c-901e-3ee2a284daf3,2,"não funciona desde o dia 30/10/2020, após atualização",2020-11-01 02:28:14,1.3.3,4,"Opa! Realmente, tivemos um problema com o aplicativo. Mas olha só, já corrigimos. É só atualizar o app e ele vai voltar a funcionar bem. Se depois de atualizar ainda tiver algum problema, pode avisar a gente!",GOOGLE_PLAY,nao funciona desde o dia 30 10 2020 apos atualizacao,negativo,-2,0.78,dor,performance_estabilidade,uso_do_app,erro_funcional,alta,app,app_reliability,Corrigir experiência do app,0.9,neg:nao funciona | forte_neg:nao funciona | rating:2 | performance_estabilidade:atualizacao | erro_funcional:nao funciona,review-rule-engine-v1
0fb8f487-cac6-4c15-a0c3-4dc527bf23cf,1,Não funciona.,2020-11-01 00:11:50,,1,"Opa! Realmente, tivemos um problema com o aplicativo. Mas olha só, já corrigimos. É só atualizar o app e ele vai voltar a funcionar bem. Se depois de atualizar ainda tiver algum problema, pode avisar a gente!",GOOGLE_PLAY,nao funciona,negativo,-2,0.78,dor,funcionalidade_usabilidade,uso_do_app,erro_funcional,alta,experiencia_app,none,nenhuma,0.9,neg:nao funciona | forte_neg:nao funciona | rating:1 | fallback:sentimento_negativo | erro_funcional:nao funciona,review-rule-engine-v1
a085895a-9660-420a-8210-725d3a48d6ad,4,Parou de funcionar após a atualização!,2020-10-31 18:05:24,1.3.3,1,"Opa! Realmente, tivemos um problema com o aplicativo. Mas olha só, já corrigimos. É só atualizar o app e ele vai voltar a funcionar bem. Se depois de atualizar ainda tiver algum problema, pode avisar a gente!",GOOGLE_PLAY,parou de funcionar apos a atualizacao,positivo,1,0.6,elogio,performance_estabilidade,uso_do_app,performance_estabilidade,baixa,app,app_reliability,Corrigir experiência do app,0.72,rating:4 | performance_estabilidade:atualizacao,review-rule-engine-v1
23dd0576-c012-4fd9-8fe8-5c9b0779e8f3,2,"Desde a última atualização, não funciona. Simplesmente não abre, deixa a tela branca. Favor arrumarem.",2020-10-31 08:56:48,1.3.3,15,"Opa! Realmente, tivemos um problema com o aplicativo. Mas olha só, já corrigimos. É só atualizar o app e ele vai voltar a funcionar bem. Se depois de atualizar ainda tiver algum problema, pode avisar a gente!",GOOGLE_PLAY,desde a ultima atualizacao nao funciona simplesmente nao abre deixa a tela branca favor arrumarem,negativo,-3,0.88,dor,performance_estabilidade,uso_do_app,erro_funcional,alta,app,app_reliability,Corrigir experiência do app,0.98,neg:nao funciona | neg:nao abre | forte_neg:nao abre | forte_neg:nao funciona | rating:2 | performance_estabilidade:atualizacao | erro_funcional:nao abre | erro_funcional:nao funciona,review-rule-engine-v1
