complaint_id,title,summary,status,solved,city,state,published_at,source_url,company_id,company_name,company_shortname,data_origin,collection_method
rIzEAxdlQij4qoHK,Meu carro alugado voltou com o mesmo defeito após 30 dias na oficina,"LOCALIZA MEOO: 30 DIAS EM MANUTENÇÃO E O VEÍCULO FOI DEVOLVIDO COM O MESMO DEFEITO
Minha insatisfação com a Localiza Meoo cheg",PENDING,False,Ouro Branco,MG,2026-10-02T19:50:54,https://www.reclameaqui.com.br/empresa/localiza-meoo/lista-reclamacoes/?complaint_id=rIzEAxdlQij4qoHK,WXUcboABjloyLjz9,Localiza Meoo,localiza-meoo,EXTERNAL_PUBLIC,RECLAME_AQUI_PUBLIC_BFF
kQQ7h9nOZdimuzna,Meu carro zero da Localiza Meoo apresentou pane e a assistência demorou mais de 6 horas,"Sou cliente da Localiza Meoo há aproximadamente um ano e, durante meu primeiro contrato, não tive problemas com o serviço. Justame",PENDING,False,Belo Horizonte,MG,2026-10-02T18:29:51,https://www.reclameaqui.com.br/empresa/localiza-meoo/lista-reclamacoes/?complaint_id=kQQ7h9nOZdimuzna,WXUcboABjloyLjz9,Localiza Meoo,localiza-meoo,EXTERNAL_PUBLIC,RECLAME_AQUI_PUBLIC_BFF
Iw1PhxVmvR6uTwzy,Não recebi meu carro alugado e perdi um dia de trabalho,"Efetuei uma renovação de assinatura de veiculo com a Lorena através do WhatsApp, ela me informou o prazo de ate 90 dias para o vei",PENDING,False,Rio de Janeiro,RJ,2026-10-02T17:08:59,https://www.reclameaqui.com.br/empresa/localiza-meoo/lista-reclamacoes/?complaint_id=Iw1PhxVmvR6uTwzy,WXUcboABjloyLjz9,Localiza Meoo,localiza-meoo,EXTERNAL_PUBLIC,RECLAME_AQUI_PUBLIC_BFF
Im_zAPhwj8erad9n,Não tive suporte adequado no sinistro e fui cobrado indevidamente,"Falta de suporte e atendimento adequado durante processo de sinistro

Gostaríamos de registrar nossa insatisfação com a co",PENDING,False,São Bernardo do Campo,SP,2026-10-02T16:51:31,https://www.reclameaqui.com.br/empresa/localiza-meoo/lista-reclamacoes/?complaint_id=Im_zAPhwj8erad9n,WXUcboABjloyLjz9,Localiza Meoo,localiza-meoo,EXTERNAL_PUBLIC,RECLAME_AQUI_PUBLIC_BFF
foAjXazp0_K25d98,Meu carro RAM Rampage 0km apresentou vazamento e a Localiza se recusa a fornecer carro reserva,"Venho por meio desta apresentar reclamação formal e urgente quanto ao descumprimento contratual, vício de produto e conduta a",PENDING,False,Jaboatão dos Guararapes,PE,2026-10-02T16:19:36,https://www.reclameaqui.com.br/empresa/localiza-meoo/lista-reclamacoes/?complaint_id=foAjXazp0_K25d98,WXUcboABjloyLjz9,Localiza Meoo,localiza-meoo,EXTERNAL_PUBLIC,RECLAME_AQUI_PUBLIC_BFF
_M79FJ2Qf3emuUuI,"ssinatura sem comodidade: trocas de carro, cobranças e falhas no atendimento","Fiz um contrato de assinatura de veículo com a Localiza e, no momento da contratação, fui informado de que o meu carro definitivo",PENDING,False,São Luís,MA,2026-10-02T15:15:23,https://www.reclameaqui.com.br/empresa/localiza-meoo/lista-reclamacoes/?complaint_id=_M79FJ2Qf3emuUuI,WXUcboABjloyLjz9,Localiza Meoo,localiza-meoo,EXTERNAL_PUBLIC,RECLAME_AQUI_PUBLIC_BFF
XT58VBaRd3nSHofe,Não recebi a 12 e 13 parcelas gratuitas prometidas pela Localiza,Eu fiz uma solicitação junto à empresa Localiza para um plano de assinatura veicular para o veículo GWM H6 Phev 19 e 35. Eu recebi,PENDING,False,São Paulo,SP,2026-10-02T15:04:40,https://www.reclameaqui.com.br/empresa/localiza-meoo/lista-reclamacoes/?complaint_id=XT58VBaRd3nSHofe,WXUcboABjloyLjz9,Localiza Meoo,localiza-meoo,EXTERNAL_PUBLIC,RECLAME_AQUI_PUBLIC_BFF
nm9NZixheRmwrSE3,"A Localiza é uma piada, me deixam sem carro e querem cobrar franquia","A localiza é uma piada
Ao resolve se eu reclamar aqui e um absurdo, 
Qdo eu fiz o contrato eu tenho aqui documentado, se c",PENDING,False,São Paulo,SP,2026-10-02T14:54:20,https://www.reclameaqui.com.br/empresa/localiza-meoo/lista-reclamacoes/?complaint_id=nm9NZixheRmwrSE3,WXUcboABjloyLjz9,Localiza Meoo,localiza-meoo,EXTERNAL_PUBLIC,RECLAME_AQUI_PUBLIC_BFF
-jqjQxB93yaWq4iG,Fui cobrado o dobro do valor da assinatura do Localiza Meoo pelo carro provisório,"Contratei uma assinatura de veículo pelo período de 24 meses, com mensalidade previamente definida. No momento da contratação, fui",PENDING,False,Porto Velho,RO,2026-10-02T14:34:12,https://www.reclameaqui.com.br/empresa/localiza-meoo/lista-reclamacoes/?complaint_id=-jqjQxB93yaWq4iG,WXUcboABjloyLjz9,Localiza Meoo,localiza-meoo,EXTERNAL_PUBLIC,RECLAME_AQUI_PUBLIC_BFF
9K3BoD_47SJ0lP6-,Não consigo fazer downgrade do meu plano e me cobram taxa indevida,"Boa tarde.

Sou cliente da Localiza Meoo desde 2023 e, depois de anos mantendo uma relação absolutamente regular com a emp",PENDING,False,Ribeirão Preto,SP,2026-10-02T13:34:02,https://www.reclameaqui.com.br/empresa/localiza-meoo/lista-reclamacoes/?complaint_id=9K3BoD_47SJ0lP6-,WXUcboABjloyLjz9,Localiza Meoo,localiza-meoo,EXTERNAL_PUBLIC,RECLAME_AQUI_PUBLIC_BFF
zsR_OOGbOfkUjzom,Fui cobrada duas vezes pela Localiza no mesmo mês,"Sou cliente da Localiza e possuo contrato de aluguel de veículo com cobrança mensal.

Minha fatura possuía vencimento todo",PENDING,False,São José dos Campos,SP,2026-10-02T13:19:39,https://www.reclameaqui.com.br/empresa/localiza-meoo/lista-reclamacoes/?complaint_id=zsR_OOGbOfkUjzom,WXUcboABjloyLjz9,Localiza Meoo,localiza-meoo,EXTERNAL_PUBLIC,RECLAME_AQUI_PUBLIC_BFF
TYN3aB0Tha697SJZ,Sou mais um refém da localiza.,"Assinei um carro com a localiza dia 23 de julho de 2026, contrato GVB2661/26. Placa UVH5B01. Já fazem 71 dias corridos de espera.",PENDING,False,Belém,PA,2026-10-02T10:30:33,https://www.reclameaqui.com.br/empresa/localiza-meoo/lista-reclamacoes/?complaint_id=TYN3aB0Tha697SJZ,WXUcboABjloyLjz9,Localiza Meoo,localiza-meoo,EXTERNAL_PUBLIC,RECLAME_AQUI_PUBLIC_BFF
zNfnLCzZ4B05vaVd,Meu carro alugado está indisponível para reparo há meses,"Prezados,

Na qualidade de locatário do veículo Jeep Commander Limited 7L 1.3 16v Turbo 270 Flex 4P C/AR - Automático, Pla",PENDING,False,São Paulo,SP,2026-10-02T09:23:32,https://www.reclameaqui.com.br/empresa/localiza-meoo/lista-reclamacoes/?complaint_id=zNfnLCzZ4B05vaVd,WXUcboABjloyLjz9,Localiza Meoo,localiza-meoo,EXTERNAL_PUBLIC,RECLAME_AQUI_PUBLIC_BFF
GhYX6-fRT--R23f-,Meu filho está sem o carro por pane elétrica e a Localiza impede a rescisão,"Tenho um veículo por assinatura da Localiza, este veículo sofreu uma pane elétrica na segunda-feira, dia 28 de setembro, foi guinc",PENDING,False,São Paulo,SP,2026-10-02T09:06:32,https://www.reclameaqui.com.br/empresa/localiza-meoo/lista-reclamacoes/?complaint_id=GhYX6-fRT--R23f-,WXUcboABjloyLjz9,Localiza Meoo,localiza-meoo,EXTERNAL_PUBLIC,RECLAME_AQUI_PUBLIC_BFF
Khvv0LgnMs5SNSCy,Meu carro atrasou na concessionária indicada pela Localiza e tive gastos extras,"Atraso na devolução do veículo, transtornos e falta de compensação ao cliente

Sou cliente da Localiza Meoo há aproximadam",SOLVED,True,Belo Horizonte,MG,2026-10-02T08:22:44,https://www.reclameaqui.com.br/empresa/localiza-meoo/lista-reclamacoes/?complaint_id=Khvv0LgnMs5SNSCy,WXUcboABjloyLjz9,Localiza Meoo,localiza-meoo,EXTERNAL_PUBLIC,RECLAME_AQUI_PUBLIC_BFF
idFT3zpqgP9jNcaS,Meu carro por assinatura teve o valor aumentado sem aviso,"Uso um carro por assinatura no nome
Da minha mãe ***** cpf *****, já é o terceiro carro que uso desta vez me
Deparo com um",PENDING,False,Teresina,PI,2026-10-01T23:07:33,https://www.reclameaqui.com.br/empresa/localiza-meoo/lista-reclamacoes/?complaint_id=idFT3zpqgP9jNcaS,WXUcboABjloyLjz9,Localiza Meoo,localiza-meoo,EXTERNAL_PUBLIC,RECLAME_AQUI_PUBLIC_BFF
Qql5g8h6odS8AvnV,Estou sendo cobrado indevidamente pela devolução antecipada do meu Nivus,"Boa tarde!

    Aqui é o Guthemberg conversamos a uns  meses atrás referente a um contrato que foi anulado no mês 05/2026",PENDING,False,Rondonópolis,MT,2026-10-01T18:23:45,https://www.reclameaqui.com.br/empresa/localiza-meoo/lista-reclamacoes/?complaint_id=Qql5g8h6odS8AvnV,WXUcboABjloyLjz9,Localiza Meoo,localiza-meoo,EXTERNAL_PUBLIC,RECLAME_AQUI_PUBLIC_BFF
q1IeuVG9H1YLM4nj,Reclamação formal: recusa de troca de pneus e pastilhas de freio,"Sou cliente do plano de assinatura de veículos da Localiza, contrato *****.

Quero registrar formalmente a minha insatisfa",ANSWERED,False,Varginha,MG,2026-10-01T16:12:35,https://www.reclameaqui.com.br/empresa/localiza-meoo/lista-reclamacoes/?complaint_id=q1IeuVG9H1YLM4nj,WXUcboABjloyLjz9,Localiza Meoo,localiza-meoo,EXTERNAL_PUBLIC,RECLAME_AQUI_PUBLIC_BFF
YeXcGd6yU-LdnpWX,Não consigo cancelar meu contrato com a Localiza e recebo informações contraditórias,"Localiza ignora pedidos de cancelamento, contradiz informações da própria negociação e ameaça cobrar mensalidade.
Solicito a i",PENDING,False,Rio de Janeiro,RJ,2026-10-01T16:09:35,https://www.reclameaqui.com.br/empresa/localiza-meoo/lista-reclamacoes/?complaint_id=YeXcGd6yU-LdnpWX,WXUcboABjloyLjz9,Localiza Meoo,localiza-meoo,EXTERNAL_PUBLIC,RECLAME_AQUI_PUBLIC_BFF
B6C2t20HzogdlIRm,Meu carro está parado há 10 dias e a Localiza não resolve meu sinistro,"Sofri um sinistro por um cliente. Localiza, já fazem 10 dias, e a Localiza fica me enrolando para resolver meu problema. Já mandei",PENDING,False,Belo Horizonte,MG,2026-10-01T15:14:15,https://www.reclameaqui.com.br/empresa/localiza-meoo/lista-reclamacoes/?complaint_id=B6C2t20HzogdlIRm,WXUcboABjloyLjz9,Localiza Meoo,localiza-meoo,EXTERNAL_PUBLIC,RECLAME_AQUI_PUBLIC_BFF
Rb7d5LreCVxW3Rhi,Cobrança indevida no meu contrato após devolução do Nivus,"Não estou entendendo o que está sendo cobrado no meu contrato, pois há 2 cobranças em relação ao Nivus que foi devolvido no dia 19",PENDING,False,Curitiba,PR,2026-10-01T15:01:20,https://www.reclameaqui.com.br/empresa/localiza-meoo/lista-reclamacoes/?complaint_id=Rb7d5LreCVxW3Rhi,WXUcboABjloyLjz9,Localiza Meoo,localiza-meoo,EXTERNAL_PUBLIC,RECLAME_AQUI_PUBLIC_BFF
Z-p9XozUAu-4_zpt,Solicitação de alteração excepcional do vencimento do boleto,"Prezados,

Venho solicitar, excepcionalmente, a alteração do vencimento do meu boleto da Localiza Meoo, atualmente previst",SOLVED,True,Manaus,AM,2026-10-01T14:16:09,https://www.reclameaqui.com.br/empresa/localiza-meoo/lista-reclamacoes/?complaint_id=Z-p9XozUAu-4_zpt,WXUcboABjloyLjz9,Localiza Meoo,localiza-meoo,EXTERNAL_PUBLIC,RECLAME_AQUI_PUBLIC_BFF
VcOIx40vfzy-i9LG,Meu carro zero foi danificado e a seguradora negou o processo por culpa concorrente,"No dia 22.09.26, às 8:53, um veículo preto polo de placa fqt4j31 colocou contra o meu veículo um Corolla Cross gr na rua Santa jus",PENDING,False,Salvador,BA,2026-10-01T13:19:15,https://www.reclameaqui.com.br/empresa/localiza-meoo/lista-reclamacoes/?complaint_id=VcOIx40vfzy-i9LG,WXUcboABjloyLjz9,Localiza Meoo,localiza-meoo,EXTERNAL_PUBLIC,RECLAME_AQUI_PUBLIC_BFF
d3UllpoV0rkAF8Vg,Não consigo cancelar meu contrato e não me atendem,Desde ontem 30/09/26 estou buscando efetuar o cancelamento do meu contrato e eles falam que existe uma fila de espera e também não,PENDING,False,CAMPINAS,SP,2026-10-01T11:49:48,https://www.reclameaqui.com.br/empresa/localiza-meoo/lista-reclamacoes/?complaint_id=d3UllpoV0rkAF8Vg,WXUcboABjloyLjz9,Localiza Meoo,localiza-meoo,EXTERNAL_PUBLIC,RECLAME_AQUI_PUBLIC_BFF
MNQc7HcTff5hCJsW,Não recebi meu carro por assinatura e estou sem transporte para viagem,"Dia 10/08/2026 adquirir um carro por assinatura com a empresa localizameoo, fiz conforme eles me solicitou, abaixei o app e fiz o",PENDING,False,Colatina,ES,2026-10-01T11:02:49,https://www.reclameaqui.com.br/empresa/localiza-meoo/lista-reclamacoes/?complaint_id=MNQc7HcTff5hCJsW,WXUcboABjloyLjz9,Localiza Meoo,localiza-meoo,EXTERNAL_PUBLIC,RECLAME_AQUI_PUBLIC_BFF
cgUUGj1awYnYMnlL,Comprei um carro com bancos de couro e tapetes e recebi sem,compra por assinatura de 1 Tera pediu o carro dele que eu queria estar com a negociar e tal e ficou pedir para alterar os bancos n,PENDING,False,Caruaru,PE,2026-10-01T10:50:15,https://www.reclameaqui.com.br/empresa/localiza-meoo/lista-reclamacoes/?complaint_id=cgUUGj1awYnYMnlL,WXUcboABjloyLjz9,Localiza Meoo,localiza-meoo,EXTERNAL_PUBLIC,RECLAME_AQUI_PUBLIC_BFF
zQunOPJs56ykbx9-,Peço prorrogar vencimento da parcela por motivo pessoal,Bom dia . Venho por meio desse pedido a equipe da Localiza que sempre me atendeu. Queria pedir para jogar a parcela que vence no d,SOLVED,True,Volta Redonda,RJ,2026-10-01T10:33:53,https://www.reclameaqui.com.br/empresa/localiza-meoo/lista-reclamacoes/?complaint_id=zQunOPJs56ykbx9-,WXUcboABjloyLjz9,Localiza Meoo,localiza-meoo,EXTERNAL_PUBLIC,RECLAME_AQUI_PUBLIC_BFF
59f09SkPH2x7o3rE,"Recebi meu carro alugado sujo, com pouca bateria e já rodado","Fiz uma assinatura de locação de um veículo BYD Song Pro, ZERO KM, por 4 anos e fui buscar o carro ontem numa empresa parceira del",PENDING,False,Armação dos Búzios,RJ,2026-10-01T09:16:36,https://www.reclameaqui.com.br/empresa/localiza-meoo/lista-reclamacoes/?complaint_id=59f09SkPH2x7o3rE,WXUcboABjloyLjz9,Localiza Meoo,localiza-meoo,EXTERNAL_PUBLIC,RECLAME_AQUI_PUBLIC_BFF
S1wovX9pb-a9itPf,Não consigo negociar meu contrato e contestam cobrança de quilometragem excedente,Gostaria de registrar formalmente minha insatisfação com o atendimento e com a condução da situação relacionada ao meu contrato.<b,ANSWERED,False,Mongaguá,SP,2026-10-01T08:15:04,https://www.reclameaqui.com.br/empresa/localiza-meoo/lista-reclamacoes/?complaint_id=S1wovX9pb-a9itPf,WXUcboABjloyLjz9,Localiza Meoo,localiza-meoo,EXTERNAL_PUBLIC,RECLAME_AQUI_PUBLIC_BFF
43Fsi849egPBCfaa,Não recebi meu Hyundai Creta e a Localiza não cumpre acordo de substituição,"Sou cliente da Localiza Meo e possuo uma assinatura de um Hyundai Creta Placa Inicio TXR, veículo que foi entregue novo, diretamen",PENDING,False,São Paulo,SP,2026-10-01T07:43:55,https://www.reclameaqui.com.br/empresa/localiza-meoo/lista-reclamacoes/?complaint_id=43Fsi849egPBCfaa,WXUcboABjloyLjz9,Localiza Meoo,localiza-meoo,EXTERNAL_PUBLIC,RECLAME_AQUI_PUBLIC_BFF
WXu5_1vSALo2TKRH,Meu carro alugado quebrou pela 3 vez e a locadora não oferece solução,Aluguei um carro e já estou com ele por pouco mais de 12 meses. O carro já quebrou a correia do motor 3x. Agora desta vez eles que,ANSWERED,False,São Caetano do Sul,SP,2026-09-30T22:21:13,https://www.reclameaqui.com.br/empresa/localiza-meoo/lista-reclamacoes/?complaint_id=WXu5_1vSALo2TKRH,WXUcboABjloyLjz9,Localiza Meoo,localiza-meoo,EXTERNAL_PUBLIC,RECLAME_AQUI_PUBLIC_BFF
p8Xgxli0n0OpQcHB,Fui cobrado R$ 1.000 de multa por atraso na mensalidade do carro,Atrasei a mensalidade do automóvel no vencimento de agosto 2026 e me foi aplicada uma MULTA de R$ 1.000. A localiza do contrário d,PENDING,False,Maceió,AL,2026-09-30T22:11:49,https://www.reclameaqui.com.br/empresa/localiza-meoo/lista-reclamacoes/?complaint_id=p8Xgxli0n0OpQcHB,WXUcboABjloyLjz9,Localiza Meoo,localiza-meoo,EXTERNAL_PUBLIC,RECLAME_AQUI_PUBLIC_BFF
CFKMvffim6TGMvcb,Alteração definitiva da data de vencimento da mensalidade,"Recentemente, tenho precisado abrir algumas reclamações por este canal para conseguir atendimento relacionado à Localiza Meoo, pri",PENDING,False,Rio de Janeiro,RJ,2026-09-30T21:15:25,https://www.reclameaqui.com.br/empresa/localiza-meoo/lista-reclamacoes/?complaint_id=CFKMvffim6TGMvcb,WXUcboABjloyLjz9,Localiza Meoo,localiza-meoo,EXTERNAL_PUBLIC,RECLAME_AQUI_PUBLIC_BFF
6YiLVM0cAu4DRdU2,Quero cancelar meu contrato com a Localiza por sucessivos problemas e descumprimento de acordo,Gostaria de registrar formalmente minha insatisfação e solicitar o cancelamento imediato de todo o processo de substituição e tamb,PENDING,False,Ponta Grossa,PR,2026-09-30T18:52:25,https://www.reclameaqui.com.br/empresa/localiza-meoo/lista-reclamacoes/?complaint_id=6YiLVM0cAu4DRdU2,WXUcboABjloyLjz9,Localiza Meoo,localiza-meoo,EXTERNAL_PUBLIC,RECLAME_AQUI_PUBLIC_BFF
88dfahk9TZSE8yeR,Localiza mantém veículo sinistrado sem reparo há 19 dias e condiciona conserto à recuperação/reutilização de peças,"No dia 09/09/2026, por volta das 20h, o veículo por assinatura contratado com a Localiza sofreu uma colisão traseira causada por t",PENDING,False,Mogi das Cruzes,SP,2026-09-30T18:50:47,https://www.reclameaqui.com.br/empresa/localiza-meoo/lista-reclamacoes/?complaint_id=88dfahk9TZSE8yeR,WXUcboABjloyLjz9,Localiza Meoo,localiza-meoo,EXTERNAL_PUBLIC,RECLAME_AQUI_PUBLIC_BFF
838so_SLCrQF_22W,Meu Volkswagen Polo Track apresenta falha recorrente e a oficina não registra os atendimentos,"Venho, por meio deste e-mail, solicitar a intervenção do departamento de Pós-Vendas em relação a uma falha recorrente apresentada",PENDING,False,São Paulo,SP,2026-09-30T18:30:40,https://www.reclameaqui.com.br/empresa/localiza-meoo/lista-reclamacoes/?complaint_id=838so_SLCrQF_22W,WXUcboABjloyLjz9,Localiza Meoo,localiza-meoo,EXTERNAL_PUBLIC,RECLAME_AQUI_PUBLIC_BFF
TfxYCS2DwBu2X76Z,Contestei cobrança de R 1.000 e solicito adequação do vencimento do meu contrato,Sou cliente da Localiza Assinatura há bastante tempo e estou enfrentando uma situação que considero extremamente inadequada na con,ANSWERED,False,Curitiba,PR,2026-09-30T17:58:00,https://www.reclameaqui.com.br/empresa/localiza-meoo/lista-reclamacoes/?complaint_id=TfxYCS2DwBu2X76Z,WXUcboABjloyLjz9,Localiza Meoo,localiza-meoo,EXTERNAL_PUBLIC,RECLAME_AQUI_PUBLIC_BFF
A4qAFbxHqRiijTPS,"Carro retido há mais de 24h por um pneu furado, com informações [Editado pelo Reclame Aqui] e prazo de 72h inventado","Sou usuário de um BYD Song Plus por assinatura da Localiza (contrato em nome de familiar, eu indicado como usuário no Anexo 3). Em",ANSWERED,False,Rio de Janeiro,RJ,2026-09-30T17:44:19,https://www.reclameaqui.com.br/empresa/localiza-meoo/lista-reclamacoes/?complaint_id=A4qAFbxHqRiijTPS,WXUcboABjloyLjz9,Localiza Meoo,localiza-meoo,EXTERNAL_PUBLIC,RECLAME_AQUI_PUBLIC_BFF
50JjxP2ChA3UAqX6,Não tenho notícias do meu carro blindado e o pós venda é péssimo,"Fiz uma compra, assinei o contrato, e não tenho notícias do carro, não tenho um telefone de contato, no app não informa nada. Péss",ANSWERED,False,São Paulo,SP,2026-09-30T17:17:50,https://www.reclameaqui.com.br/empresa/localiza-meoo/lista-reclamacoes/?complaint_id=50JjxP2ChA3UAqX6,WXUcboABjloyLjz9,Localiza Meoo,localiza-meoo,EXTERNAL_PUBLIC,RECLAME_AQUI_PUBLIC_BFF
tM96KNOTtalH03Vc,Quero devolver meu carro alugado antes do bloqueio,Estou recorrendo novamente ao Reclame Aqui porque estou tentando resolver minha situação com a Localiza Assinatura de forma amigáv,PENDING,False,Bragança Paulista,SP,2026-09-30T16:47:01,https://www.reclameaqui.com.br/empresa/localiza-meoo/lista-reclamacoes/?complaint_id=tM96KNOTtalH03Vc,WXUcboABjloyLjz9,Localiza Meoo,localiza-meoo,EXTERNAL_PUBLIC,RECLAME_AQUI_PUBLIC_BFF
Plg9AN-5HkGjmHWY,Meu carro alugado foi bloqueado por débito indevido e não consigo devolver,"Tenho um carro de locação com contrato para 3 anos. 
Em momento algum foi me informado quando perguntei, que a cobrança do km",PENDING,False,Santo André,SP,2026-09-30T16:33:27,https://www.reclameaqui.com.br/empresa/localiza-meoo/lista-reclamacoes/?complaint_id=Plg9AN-5HkGjmHWY,WXUcboABjloyLjz9,Localiza Meoo,localiza-meoo,EXTERNAL_PUBLIC,RECLAME_AQUI_PUBLIC_BFF
sa3vRZeF8ieCzRBC,Informação contraditória no aplicativo sobre a franquia de km e cobrança indevida de excedente,"Sou cliente da Localiza Assinatura, com o veículo Fiat Pulse Drive 1.3, placa ***** (contrato ***** , CPF: *****).

Durant",PENDING,False,São Paulo,SP,2026-09-30T14:57:50,https://www.reclameaqui.com.br/empresa/localiza-meoo/lista-reclamacoes/?complaint_id=sa3vRZeF8ieCzRBC,WXUcboABjloyLjz9,Localiza Meoo,localiza-meoo,EXTERNAL_PUBLIC,RECLAME_AQUI_PUBLIC_BFF
0ijEGxZE4zWsZriw,Não recebi meu carro elétrico seminovo e solicito cancelamento e devolução do valor pago,"Venho registrar minha total insatisfação com o atendimento e os procedimentos da Localiza.
Há dois meses, assinei o contrato p",PENDING,False,Londrina,PR,2026-09-30T14:52:29,https://www.reclameaqui.com.br/empresa/localiza-meoo/lista-reclamacoes/?complaint_id=0ijEGxZE4zWsZriw,WXUcboABjloyLjz9,Localiza Meoo,localiza-meoo,EXTERNAL_PUBLIC,RECLAME_AQUI_PUBLIC_BFF
0x3xhnAkbrwqGsz_,Fui cobrado indevidamente por km excedentes e mensalidades duplicadas na Localiza,"Essa não é a primeira, a segunda e a terceira reclamção contra essa empresa. Vou colocar por partes:

1- Sou cliente da lo",ANSWERED,False,Belém,PA,2026-09-30T13:55:39,https://www.reclameaqui.com.br/empresa/localiza-meoo/lista-reclamacoes/?complaint_id=0x3xhnAkbrwqGsz_,WXUcboABjloyLjz9,Localiza Meoo,localiza-meoo,EXTERNAL_PUBLIC,RECLAME_AQUI_PUBLIC_BFF
vrg8DHrgBx8cHkR2,Não recebi meu carro por avarias e a Localiza Meoo adia a entrega,"Fiz uma assinatura de carro em Junho/2026 (não me lembro a data exatamente), me disseram que poderia demorar até 90 dias. Até aí t",ANSWERED,False,Campinas,SP,2026-09-30T13:13:48,https://www.reclameaqui.com.br/empresa/localiza-meoo/lista-reclamacoes/?complaint_id=vrg8DHrgBx8cHkR2,WXUcboABjloyLjz9,Localiza Meoo,localiza-meoo,EXTERNAL_PUBLIC,RECLAME_AQUI_PUBLIC_BFF
1Cl8v8rwj0wt-g3d,"Não consigo trocar meu carro para minha cidade e querem me cobrar R$ 2.518,00","Não posso acreditar o que a Localiza Meeo fez..

Eu morava em Recife na época, quando fiz a troca do veículo! Depois de um",PENDING,False,Fortaleza,CE,2026-09-30T10:56:19,https://www.reclameaqui.com.br/empresa/localiza-meoo/lista-reclamacoes/?complaint_id=1Cl8v8rwj0wt-g3d,WXUcboABjloyLjz9,Localiza Meoo,localiza-meoo,EXTERNAL_PUBLIC,RECLAME_AQUI_PUBLIC_BFF
Jxweb-cZ6gVMXkq_,Fui cobrada indevidamente por reparo de sinistro sem aviso prévio,Sou titular de uma assinatura de veículo junto à Localiza e venho registrar nova reclamação formal diante de mais um episódio de c,ANSWERED,False,Veranópolis,RS,2026-09-30T10:45:47,https://www.reclameaqui.com.br/empresa/localiza-meoo/lista-reclamacoes/?complaint_id=Jxweb-cZ6gVMXkq_,WXUcboABjloyLjz9,Localiza Meoo,localiza-meoo,EXTERNAL_PUBLIC,RECLAME_AQUI_PUBLIC_BFF
FR8FEh7EDNXZU4Qt,Pedido Reparação integral por colisão causada por veículo da Localiza,"À Empresa LOCALIZA FLEET S/A / Localiza Rent a Car / Localiza Meoo,

Dados do Sinistro:
N do Sinistro: *****
Veícu",PENDING,False,São Paulo,SP,2026-09-30T10:34:06,https://www.reclameaqui.com.br/empresa/localiza-meoo/lista-reclamacoes/?complaint_id=FR8FEh7EDNXZU4Qt,WXUcboABjloyLjz9,Localiza Meoo,localiza-meoo,EXTERNAL_PUBLIC,RECLAME_AQUI_PUBLIC_BFF
vcRF7M28_4sRShhI,Meu carro alugado apresentou problema e a troca da bateria está demorando demais,"Minha esposa eu possuimos um contrato de locação desde 2024, sexta feira passada o veiculo apresentou problema e não dava partida.",ANSWERED,False,Osasco,SP,2026-09-30T09:59:07,https://www.reclameaqui.com.br/empresa/localiza-meoo/lista-reclamacoes/?complaint_id=vcRF7M28_4sRShhI,WXUcboABjloyLjz9,Localiza Meoo,localiza-meoo,EXTERNAL_PUBLIC,RECLAME_AQUI_PUBLIC_BFF
E_2eWPROrGngy8Zc,Quero negociar a taxa de devolução antecipada do meu carro por assinatura,Sou cliente da Localiza há bastante tempo e este não é meu primeiro contrato de carro por assinatura com a empresa. Justamente pel,ANSWERED,False,Uberlândia,MG,2026-09-30T09:53:01,https://www.reclameaqui.com.br/empresa/localiza-meoo/lista-reclamacoes/?complaint_id=E_2eWPROrGngy8Zc,WXUcboABjloyLjz9,Localiza Meoo,localiza-meoo,EXTERNAL_PUBLIC,RECLAME_AQUI_PUBLIC_BFF
MPTSXtUcb3s9dxfB,Meu carro alugado foi destruído pela mecânica indicada pela Localiza,"Tenho um carro no plano Localiza Meo a mais de um ano, sempre paguei as prestações adiantadas, prestações essas que são caríssimas",ANSWERED,False,Canoas,RS,2026-09-30T09:20:39,https://www.reclameaqui.com.br/empresa/localiza-meoo/lista-reclamacoes/?complaint_id=MPTSXtUcb3s9dxfB,WXUcboABjloyLjz9,Localiza Meoo,localiza-meoo,EXTERNAL_PUBLIC,RECLAME_AQUI_PUBLIC_BFF
vqSsyGamm_h-s36t,Prorrogação de fatura,"Bom dia!!!  Tenho carro de assinatura com vocês , sempre pago certinho , ontem me deparei com um bloqueio por causa de alguns dias",SOLVED,True,São Paulo,SP,2026-09-30T08:32:59,https://www.reclameaqui.com.br/empresa/localiza-meoo/lista-reclamacoes/?complaint_id=vqSsyGamm_h-s36t,WXUcboABjloyLjz9,Localiza Meoo,localiza-meoo,EXTERNAL_PUBLIC,RECLAME_AQUI_PUBLIC_BFF
FuMz32zsoQkgd18a,Não consigo reduzir a franquia de quilometragem do meu carro alugado,"Localiza cria regra de 12 meses que não consta no contrato e só informa após a contratação

Contratei um veículo por assin",ANSWERED,False,Porto Alegre,RS,2026-09-30T08:09:25,https://www.reclameaqui.com.br/empresa/localiza-meoo/lista-reclamacoes/?complaint_id=FuMz32zsoQkgd18a,WXUcboABjloyLjz9,Localiza Meoo,localiza-meoo,EXTERNAL_PUBLIC,RECLAME_AQUI_PUBLIC_BFF
_14nWR2vY5Nj9_4X,Exclusão do debito e remoção da divida do serasa imediata,"Prezados, identifiquei em meu cadastro no Serasa, uma dívida no nome da Localiza com a data respectiva a fatura de dez/2025, porém",ANSWERED,False,Cuiabá,MT,2026-09-30T00:54:34,https://www.reclameaqui.com.br/empresa/localiza-meoo/lista-reclamacoes/?complaint_id=_14nWR2vY5Nj9_4X,WXUcboABjloyLjz9,Localiza Meoo,localiza-meoo,EXTERNAL_PUBLIC,RECLAME_AQUI_PUBLIC_BFF
ocBvdFVp-01G0lz8,Meu carro voltou com os mesmos problemas e agora está com mais falhas elétricas,"Eles ficaram 18 dias com o carro e o carro voltou com os mesmos problemas, após isso levei ao Pit Stop localiza, disseram que rese",ANSWERED,False,São Paulo,SP,2026-09-29T21:56:03,https://www.reclameaqui.com.br/empresa/localiza-meoo/lista-reclamacoes/?complaint_id=ocBvdFVp-01G0lz8,WXUcboABjloyLjz9,Localiza Meoo,localiza-meoo,EXTERNAL_PUBLIC,RECLAME_AQUI_PUBLIC_BFF
HUbFb4IYKyXG9u5P,Não recebi meu Onix zero da Localiza e vou perder minha viagem,"Estou pra pegar um onix zero pela localiza meu 
Estava pra entrega 30 de setembro d 2027
Nisso já tinha ligado eles 8nham",ANSWERED,False,Campinas,SP,2026-09-29T18:13:13,https://www.reclameaqui.com.br/empresa/localiza-meoo/lista-reclamacoes/?complaint_id=HUbFb4IYKyXG9u5P,WXUcboABjloyLjz9,Localiza Meoo,localiza-meoo,EXTERNAL_PUBLIC,RECLAME_AQUI_PUBLIC_BFF
P8v0HRfrHvsV_S7m,Contratei aluguel mensal e a Localiza me cobrou taxa de devolução antecipada abusiva,"Em abril/2023 contratei com a Localiza Meoo o aluguel mensal de um Fiat Mobi, contrato de 12 meses, mensalidade de R$ 2.109,00. <b",ANSWERED,False,Jaboatão dos Guararapes,PE,2026-09-29T17:55:17,https://www.reclameaqui.com.br/empresa/localiza-meoo/lista-reclamacoes/?complaint_id=P8v0HRfrHvsV_S7m,WXUcboABjloyLjz9,Localiza Meoo,localiza-meoo,EXTERNAL_PUBLIC,RECLAME_AQUI_PUBLIC_BFF
gVB_y_mz5he03J9w,"Quero devolver meu carro alugado em 12 meses sem multa, mas a empresa não resolve",Assinei um carro e no momento da assinatura só me foi oferecido um contrato de 18 meses. Declinei da compra e expliquei que era po,PENDING,False,Valinhos,SP,2026-09-29T16:41:51,https://www.reclameaqui.com.br/empresa/localiza-meoo/lista-reclamacoes/?complaint_id=gVB_y_mz5he03J9w,WXUcboABjloyLjz9,Localiza Meoo,localiza-meoo,EXTERNAL_PUBLIC,RECLAME_AQUI_PUBLIC_BFF
zcHqsyaWVcFam_bp,"Fui informada que serei cobrada por exceder Km em locação de carro, mas fui informado o contrário",Assinei um contrato de locação de2 anos. Na ocasião perguntei expressamente o que acontecia com os Km não utilizados no mês. Me re,SOLVED,True,São Paulo,SP,2026-09-29T16:34:20,https://www.reclameaqui.com.br/empresa/localiza-meoo/lista-reclamacoes/?complaint_id=zcHqsyaWVcFam_bp,WXUcboABjloyLjz9,Localiza Meoo,localiza-meoo,EXTERNAL_PUBLIC,RECLAME_AQUI_PUBLIC_BFF
c46ZG924FiXiYCRq,Contratei veículo com 2000km/mês e recebi com 1500km/mês,"Contratei um veículo pelo Localiza Meoo após receber uma proposta comercial pelo WhatsApp, na qual constava expressamente:
<br",ANSWERED,False,São Paulo,SP,2026-09-29T16:15:04,https://www.reclameaqui.com.br/empresa/localiza-meoo/lista-reclamacoes/?complaint_id=c46ZG924FiXiYCRq,WXUcboABjloyLjz9,Localiza Meoo,localiza-meoo,EXTERNAL_PUBLIC,RECLAME_AQUI_PUBLIC_BFF
sr6ONtEX7_feTDdN,Meu carro por assinatura foi bloqueado indevidamente duas vezes,"Tenho contrato de veículo por assinatura com a Localiza Fleet, referente ao veículo TET5C74  Cronos Drive 1.0, com mensalidade de",PENDING,False,Diadema,SP,2026-09-29T16:06:01,https://www.reclameaqui.com.br/empresa/localiza-meoo/lista-reclamacoes/?complaint_id=sr6ONtEX7_feTDdN,WXUcboABjloyLjz9,Localiza Meoo,localiza-meoo,EXTERNAL_PUBLIC,RECLAME_AQUI_PUBLIC_BFF
W6Ov2fHPiBwqYNdb,Meu carro está há 4 meses na oficina e recebi uma cobrança indevida,"Estou registrando esta reclamação porque a situação chegou a um ponto completamente inaceitável.
Meu veículo está há mais de 4",ANSWERED,False,São Paulo,SP,2026-09-29T15:17:39,https://www.reclameaqui.com.br/empresa/localiza-meoo/lista-reclamacoes/?complaint_id=W6Ov2fHPiBwqYNdb,WXUcboABjloyLjz9,Localiza Meoo,localiza-meoo,EXTERNAL_PUBLIC,RECLAME_AQUI_PUBLIC_BFF
foiHpbdYQMhuPqWs,Meu carro alugado deu problema e a Localiza se recusa a buscar e deixar reserva,"A Localiza esta transformando o que deveria ser um serviço para facilitar a vida do cliente em um inferno sem precedentes.
<br",PENDING,False,Osasco,SP,2026-09-29T14:36:28,https://www.reclameaqui.com.br/empresa/localiza-meoo/lista-reclamacoes/?complaint_id=foiHpbdYQMhuPqWs,WXUcboABjloyLjz9,Localiza Meoo,localiza-meoo,EXTERNAL_PUBLIC,RECLAME_AQUI_PUBLIC_BFF
LaO5lpb5-ke4vGBm,Localiza se recusa a informar valor de reparo de para-brisa antes do serviço,"Sou cliente da Localiza Meoo (Contrato de Assinatura *****, veículo Strada placa *****) e estou enfrentando uma prática que consid",PENDING,False,Campinas,SP,2026-09-29T12:04:33,https://www.reclameaqui.com.br/empresa/localiza-meoo/lista-reclamacoes/?complaint_id=LaO5lpb5-ke4vGBm,WXUcboABjloyLjz9,Localiza Meoo,localiza-meoo,EXTERNAL_PUBLIC,RECLAME_AQUI_PUBLIC_BFF
TTt9IhjnJNc8YPpQ,Não recebi meu T-Cross alugado e a Localiza não dá informações claras,"Sou cliente da Localiza Meoo, contrato n GVA2428/25, com assinatura de um Volkswagen T-Cross 1.0 200 TSI Automático.

No d",ANSWERED,False,Goiânia,GO,2026-09-29T11:41:19,https://www.reclameaqui.com.br/empresa/localiza-meoo/lista-reclamacoes/?complaint_id=TTt9IhjnJNc8YPpQ,WXUcboABjloyLjz9,Localiza Meoo,localiza-meoo,EXTERNAL_PUBLIC,RECLAME_AQUI_PUBLIC_BFF
yy_nwfg8LUwMXZyL,Não consigo cancelar meu contrato com a Localiza após problemas com sinistros,"Contratei um veículo através da Localiza Meoo, contrato GVA0845/23, com início em março de 2023. Durante a vigência do contrato, s",SOLVED,True,Salvador,BA,2026-09-28T22:47:51,https://www.reclameaqui.com.br/empresa/localiza-meoo/lista-reclamacoes/?complaint_id=yy_nwfg8LUwMXZyL,WXUcboABjloyLjz9,Localiza Meoo,localiza-meoo,EXTERNAL_PUBLIC,RECLAME_AQUI_PUBLIC_BFF
oGnk3P5U2QeYSCcq,Cobrança de dívida anterior após negociação e pagamento já realizado,"Em outubro de 2025, realizei uma negociação com a Localiza/Localiza Fleet para regularização dos valores em aberto referentes ao m",PENDING,False,Rio de Janeiro,RJ,2026-09-28T21:15:54,https://www.reclameaqui.com.br/empresa/localiza-meoo/lista-reclamacoes/?complaint_id=oGnk3P5U2QeYSCcq,WXUcboABjloyLjz9,Localiza Meoo,localiza-meoo,EXTERNAL_PUBLIC,RECLAME_AQUI_PUBLIC_BFF
l574jaoYRWULLXA3,Meu carro está para arrumar há 2 semanas e fui cobrado indevidamente,"Meu carro está para arrumar, já faz 2 semanas, sexta indicaram no app que estava pronto, mas agora atualizaram o status indicando",PENDING,False,São Paulo,SP,2026-09-28T18:12:36,https://www.reclameaqui.com.br/empresa/localiza-meoo/lista-reclamacoes/?complaint_id=l574jaoYRWULLXA3,WXUcboABjloyLjz9,Localiza Meoo,localiza-meoo,EXTERNAL_PUBLIC,RECLAME_AQUI_PUBLIC_BFF
X9vvRi88a9CANZTb,Localiza está me cobrando km excedente indevidamente no meio do contrato,"Tenho o contrato de assinatura Localiza Meoo n GVM8248/25, em meu CPF, com prazo de 24 meses e franquia de 2.000 km/mês. A Franqui",PENDING,False,São Paulo,SP,2026-09-28T17:15:04,https://www.reclameaqui.com.br/empresa/localiza-meoo/lista-reclamacoes/?complaint_id=X9vvRi88a9CANZTb,WXUcboABjloyLjz9,Localiza Meoo,localiza-meoo,EXTERNAL_PUBLIC,RECLAME_AQUI_PUBLIC_BFF
8-PDLDtcYPrN-DfD,Meu carro por assinatura está parado há mais de 40 dias e me cobram por substituto,"**Título: Carro por assinatura, placa SYI 1G96, HB20, parado desde 14/08 após sinistro, sem veículo substituto e com custos adicio",ANSWERED,False,Novo Hamburgo,RS,2026-09-28T16:44:04,https://www.reclameaqui.com.br/empresa/localiza-meoo/lista-reclamacoes/?complaint_id=8-PDLDtcYPrN-DfD,WXUcboABjloyLjz9,Localiza Meoo,localiza-meoo,EXTERNAL_PUBLIC,RECLAME_AQUI_PUBLIC_BFF
uJMHE9OI9nfp8sdr,Não consigo cancelar meu contrato e a multa é alta,estou desde  sexta feia tentando cancelar um contrato e eles faze a pessoa de palhaço jogando pra um lado e outra esta sendo exaus,ANSWERED,False,São Lourenço da Mata,PE,2026-09-28T16:19:42,https://www.reclameaqui.com.br/empresa/localiza-meoo/lista-reclamacoes/?complaint_id=uJMHE9OI9nfp8sdr,WXUcboABjloyLjz9,Localiza Meoo,localiza-meoo,EXTERNAL_PUBLIC,RECLAME_AQUI_PUBLIC_BFF
LAYD_dhVjG7WnOnx,Não tenho carro há 9 dias e a Localiza não me dá solução ou resposta,"NOVE DIAS SEM SOLUÇÃO, SEM CARRO E SEM QUALQUER RESPOSTA CONCRETA DA LOCALIZA

Na madrugada do dia 18 para 19/09, meu veíc",PENDING,False,São Paulo,SP,2026-09-28T15:26:15,https://www.reclameaqui.com.br/empresa/localiza-meoo/lista-reclamacoes/?complaint_id=LAYD_dhVjG7WnOnx,WXUcboABjloyLjz9,Localiza Meoo,localiza-meoo,EXTERNAL_PUBLIC,RECLAME_AQUI_PUBLIC_BFF
AY_cO6bAV9a1BX4I,Manutenções demoradas e cobranças indevidas de peças,"Efetuei uma locação sobre o contrato *****, o veiculo já foi entregue apresentando vibrações, levamos o veiculo ate a oficina indi",PENDING,False,São Paulo,SP,2026-09-28T15:00:06,https://www.reclameaqui.com.br/empresa/localiza-meoo/lista-reclamacoes/?complaint_id=AY_cO6bAV9a1BX4I,WXUcboABjloyLjz9,Localiza Meoo,localiza-meoo,EXTERNAL_PUBLIC,RECLAME_AQUI_PUBLIC_BFF
4YWh4hQTEx-yynWU,Localiza se recusa a agendar manutenção preventiva e corretiva,A Localiza Meoo se recusa a agendar serviço de manutenção preventiva e corretiva em concessionária da marca. Embora no momento da,ANSWERED,False,Atibaia,SP,2026-09-28T13:38:04,https://www.reclameaqui.com.br/empresa/localiza-meoo/lista-reclamacoes/?complaint_id=4YWh4hQTEx-yynWU,WXUcboABjloyLjz9,Localiza Meoo,localiza-meoo,EXTERNAL_PUBLIC,RECLAME_AQUI_PUBLIC_BFF
duYEaaUzYgABVzns,Veículo entregue em desacordo com o contratado e solução oferecida é inviável,"Renovei recentemente meu contrato de assinatura com a Localiza Meoo por mais 24 meses. No contrato de renovação, o veículo contrat",PENDING,False,Rio de Janeiro,RJ,2026-09-28T11:13:00,https://www.reclameaqui.com.br/empresa/localiza-meoo/lista-reclamacoes/?complaint_id=duYEaaUzYgABVzns,WXUcboABjloyLjz9,Localiza Meoo,localiza-meoo,EXTERNAL_PUBLIC,RECLAME_AQUI_PUBLIC_BFF
-wSrVtaGfo4K93Jk,Fui cobrado por km excedente e meu carro foi bloqueado indevidamente,Sou cliente da Localiza Meoo e mantenho meu contrato de assinatura do veículo com todas as mensalidades regularmente pagas e sem h,PENDING,False,Rio de Janeiro,RJ,2026-09-28T09:50:06,https://www.reclameaqui.com.br/empresa/localiza-meoo/lista-reclamacoes/?complaint_id=-wSrVtaGfo4K93Jk,WXUcboABjloyLjz9,Localiza Meoo,localiza-meoo,EXTERNAL_PUBLIC,RECLAME_AQUI_PUBLIC_BFF
TO_t5JGujVNVwV3-,Cobrança indevida constante,"É a terceira vez que faço esta reclamação. A empresa exclui a cobrança mas, eu não entendo o motivo, sempre envia nova cobrança. H",SOLVED,True,Maceió,AL,2026-09-28T09:03:31,https://www.reclameaqui.com.br/empresa/localiza-meoo/lista-reclamacoes/?complaint_id=TO_t5JGujVNVwV3-,WXUcboABjloyLjz9,Localiza Meoo,localiza-meoo,EXTERNAL_PUBLIC,RECLAME_AQUI_PUBLIC_BFF
P7UqUjYLqR4uzn4n,Não consigo pagar minhas faturas e quero parcelar o valor,"Boa tarde, tudo bem?

Gostaria de pedir, por gentileza, uma atenção especial ao meu caso.

Como já conversei algum",ANSWERED,False,Guarulhos,SP,2026-09-27T15:13:38,https://www.reclameaqui.com.br/empresa/localiza-meoo/lista-reclamacoes/?complaint_id=P7UqUjYLqR4uzn4n,WXUcboABjloyLjz9,Localiza Meoo,localiza-meoo,EXTERNAL_PUBLIC,RECLAME_AQUI_PUBLIC_BFF
hpa6mhJpGB8iWWGu,"Tive a porta arrombada e a central do meu carro furtada, e vou pagar por carro parado",Tive a porta arrombada e a central do meu carro furtada. Já tem 10 dias que o carro foi para o conserto e a fatura continuará send,SOLVED,True,Contagem,MG,2026-09-26T10:38:28,https://www.reclameaqui.com.br/empresa/localiza-meoo/lista-reclamacoes/?complaint_id=hpa6mhJpGB8iWWGu,WXUcboABjloyLjz9,Localiza Meoo,localiza-meoo,EXTERNAL_PUBLIC,RECLAME_AQUI_PUBLIC_BFF
wSeqiAKjokqu3k9w,Fui cobrado por quilômetros excedentes que não utilizei e em nome errado,"Tenho um veículo contratado junto à Localiza Meoo, vinculado ao contrato n *****, e venho registrar uma reclamação formal referent",PENDING,False,Praia Grande,SP,2026-09-26T09:47:15,https://www.reclameaqui.com.br/empresa/localiza-meoo/lista-reclamacoes/?complaint_id=wSeqiAKjokqu3k9w,WXUcboABjloyLjz9,Localiza Meoo,localiza-meoo,EXTERNAL_PUBLIC,RECLAME_AQUI_PUBLIC_BFF
jPjYZCZ8kTh8XZUU,Meu carro zero da Localiza parou de funcionar e não tenho retorno,"No dia 02 de setembro, foi me entregue através da Localiza o carro que contratei, Hyundai HB20, cor preta, ZERO, Placa UVL0J97 veí",SOLVED,True,São Paulo,SP,2026-09-26T04:54:02,https://www.reclameaqui.com.br/empresa/localiza-meoo/lista-reclamacoes/?complaint_id=jPjYZCZ8kTh8XZUU,WXUcboABjloyLjz9,Localiza Meoo,localiza-meoo,EXTERNAL_PUBLIC,RECLAME_AQUI_PUBLIC_BFF
ca28oc0TI1z-SHeg,Paguei à vista e a Localiza Meoo continua me cobrando boleto,"Paguei o contrato inteiro à vista e a Localiza Meoo continua me cobrando boleto

Contratei uma assinatura de 18 meses de u",SOLVED,True,São Paulo,SP,2026-09-25T20:34:48,https://www.reclameaqui.com.br/empresa/localiza-meoo/lista-reclamacoes/?complaint_id=ca28oc0TI1z-SHeg,WXUcboABjloyLjz9,Localiza Meoo,localiza-meoo,EXTERNAL_PUBLIC,RECLAME_AQUI_PUBLIC_BFF
ASqC4DsDqHSsLb3Z,"Assinei carro em maio, recebi em setembro e não consigo agendar a retirada","Realizei a assinatura do carro no final de maio, sendo informada que iria receber o carro em julho, carro nao chegou, agosto tambe",PENDING,False,São Paulo,SP,2026-09-25T20:28:02,https://www.reclameaqui.com.br/empresa/localiza-meoo/lista-reclamacoes/?complaint_id=ASqC4DsDqHSsLb3Z,WXUcboABjloyLjz9,Localiza Meoo,localiza-meoo,EXTERNAL_PUBLIC,RECLAME_AQUI_PUBLIC_BFF
RM3DsvCx7kJnqtQD,Não consigo rescindir meu contrato com a Localiza e fui cobrado indevidamente,"São reclamações, a primeira, o autor deseja entregar o veículo e rescindir o contrato, mas a empresa se recusa a atender, em 28 de",PENDING,False,Peruíbe,SP,2026-09-25T15:53:12,https://www.reclameaqui.com.br/empresa/localiza-meoo/lista-reclamacoes/?complaint_id=RM3DsvCx7kJnqtQD,WXUcboABjloyLjz9,Localiza Meoo,localiza-meoo,EXTERNAL_PUBLIC,RECLAME_AQUI_PUBLIC_BFF
f-tIrDV0IYYh23xw,Meu carro zero da Localiza parou de funcionar e não tenho retorno,"No dia 21 de julho, foi me entregue através da Localiza o carro que contratei, Hyundai HB20, cor cinza, ZERO, Placa TZI3D48 veícul",ANSWERED,False,Embu-Guaçu,SP,2026-09-25T15:47:47,https://www.reclameaqui.com.br/empresa/localiza-meoo/lista-reclamacoes/?complaint_id=f-tIrDV0IYYh23xw,WXUcboABjloyLjz9,Localiza Meoo,localiza-meoo,EXTERNAL_PUBLIC,RECLAME_AQUI_PUBLIC_BFF
6XZF0hl8NgoXp56W,Virtus: mais de 70 dias em reparo e cobrança após promessa de conserto sem custo,Sou cliente da Localiza Meoo e tenho um Volkswagen Virtus por assinatura. Solicito o encerramento do contrato sem multa de devoluç,PENDING,False,Mogi das Cruzes,SP,2026-09-25T15:37:56,https://www.reclameaqui.com.br/empresa/localiza-meoo/lista-reclamacoes/?complaint_id=6XZF0hl8NgoXp56W,WXUcboABjloyLjz9,Localiza Meoo,localiza-meoo,EXTERNAL_PUBLIC,RECLAME_AQUI_PUBLIC_BFF
Z0BWUtKCxCxHwkPV,Fui cobrado indevidamente por chave reserva não devolvida,"Boa tarde!
Dia 17/09 fiz a retirada do meu novo veiculo por assinatura e entreguei o veiculo que findou contrato, nivus highli",PENDING,False,Sorocaba,SP,2026-09-25T13:51:21,https://www.reclameaqui.com.br/empresa/localiza-meoo/lista-reclamacoes/?complaint_id=Z0BWUtKCxCxHwkPV,WXUcboABjloyLjz9,Localiza Meoo,localiza-meoo,EXTERNAL_PUBLIC,RECLAME_AQUI_PUBLIC_BFF
gozWoeR9Ogvyi-N7,Não consigo devolver carro reserva e sou cobrado indevidamente,"Cobrança indevida de R$ 4.800 por diárias extras

Meu Fiat Mobi, veículo contratado por assinatura, precisou consertar a f",ANSWERED,False,Resende,RJ,2026-09-25T13:09:18,https://www.reclameaqui.com.br/empresa/localiza-meoo/lista-reclamacoes/?complaint_id=gozWoeR9Ogvyi-N7,WXUcboABjloyLjz9,Localiza Meoo,localiza-meoo,EXTERNAL_PUBLIC,RECLAME_AQUI_PUBLIC_BFF
BA3qTe5oeD4fWGBw,Aumentaram o valor da minha assinatura de veículo sem me avisar,"Uso um veículo por assinatura, aumentaram o valor da minha assinatura sem me informar, já é meu terceiro contrato e dessa vez tive",NOT_SOLVED,False,Teresina,PI,2026-09-25T10:14:01,https://www.reclameaqui.com.br/empresa/localiza-meoo/lista-reclamacoes/?complaint_id=BA3qTe5oeD4fWGBw,WXUcboABjloyLjz9,Localiza Meoo,localiza-meoo,EXTERNAL_PUBLIC,RECLAME_AQUI_PUBLIC_BFF
unXhEofXCyr7M39s,Fui cobrado em duplicidade e a Localiza se recusa a negociar,Fizemos uma contrato de locação de um veículo. Contrato este que durou um período superior a um ano. Agora ao encerrar o contrato,ANSWERED,False,João Pessoa,PB,2026-09-25T08:53:23,https://www.reclameaqui.com.br/empresa/localiza-meoo/lista-reclamacoes/?complaint_id=unXhEofXCyr7M39s,WXUcboABjloyLjz9,Localiza Meoo,localiza-meoo,EXTERNAL_PUBLIC,RECLAME_AQUI_PUBLIC_BFF
ZlvVrLRVXcAw5piq,Não recebi carro reserva após acidente e continuo pagando aluguel,"Tenho um carro alugado por contrato de 36 meses, no contrato foi posto a cláusula de 4 jogos de pneus e cobrado mais por isto já e",PENDING,False,Novo Hamburgo,RS,2026-09-25T08:24:21,https://www.reclameaqui.com.br/empresa/localiza-meoo/lista-reclamacoes/?complaint_id=ZlvVrLRVXcAw5piq,WXUcboABjloyLjz9,Localiza Meoo,localiza-meoo,EXTERNAL_PUBLIC,RECLAME_AQUI_PUBLIC_BFF
nE68yOYkQcnCwiWG,Não consigo encerrar meu contrato e a Localiza continua cobrando mensalidades,"Boa tarde!!
Tenho um contrato de assinatura e estou em uma verdadeira batalha para encerrar de forma antecipada. Solicitei o e",ANSWERED,False,Belém,PA,2026-09-24T17:51:24,https://www.reclameaqui.com.br/empresa/localiza-meoo/lista-reclamacoes/?complaint_id=nE68yOYkQcnCwiWG,WXUcboABjloyLjz9,Localiza Meoo,localiza-meoo,EXTERNAL_PUBLIC,RECLAME_AQUI_PUBLIC_BFF
kfQk6ueEd16Gdp7D,Meu carro 0km com 6 meses de uso ja foi para oficina 3 vezes por problemas mecânicos,"Boa tarde. fiz a assinatura de um carro no localiza meoo em dezembro de 2025,  peguei o carro em março e em junho apresentou probl",ANSWERED,False,São Paulo,SP,2026-09-24T16:56:45,https://www.reclameaqui.com.br/empresa/localiza-meoo/lista-reclamacoes/?complaint_id=kfQk6ueEd16Gdp7D,WXUcboABjloyLjz9,Localiza Meoo,localiza-meoo,EXTERNAL_PUBLIC,RECLAME_AQUI_PUBLIC_BFF
5tu66oMY4QvQc2ID,Meu carro com assinatura de contrato foi bloqueado no meio da rua e me colocou em risco,"Localiza Meu bloqueou meu carro no meio da rua e me colocou em situação de risco

Sou cliente da Localiza Meu há anos. Est",ANSWERED,False,Niterói,RJ,2026-09-24T16:31:01,https://www.reclameaqui.com.br/empresa/localiza-meoo/lista-reclamacoes/?complaint_id=5tu66oMY4QvQc2ID,WXUcboABjloyLjz9,Localiza Meoo,localiza-meoo,EXTERNAL_PUBLIC,RECLAME_AQUI_PUBLIC_BFF
Ikck5p3UtPI3g0Kj,Não recebi meu carro elétrico Dolphin e a Localiza me deu um carro a gasolina,Em 27 de agosto 2026 Entrei em contato com a localiza com o intuito de agendar alinhamento e balanceamento do veículo Dolph mini p,ANSWERED,False,Salvador,BA,2026-09-24T15:41:13,https://www.reclameaqui.com.br/empresa/localiza-meoo/lista-reclamacoes/?complaint_id=Ikck5p3UtPI3g0Kj,WXUcboABjloyLjz9,Localiza Meoo,localiza-meoo,EXTERNAL_PUBLIC,RECLAME_AQUI_PUBLIC_BFF
rJ4-C7_aBMx_gP_s,Problemas com o carro e transtornos e resolução com descont maior,"Então vamos lá! Eu tenho um carro por assinatura pela Localiza, já completando dois anos! Sendo que eu cumpri todas as minhas obri",ANSWERED,False,Rio de Janeiro,RJ,2026-09-24T15:36:01,https://www.reclameaqui.com.br/empresa/localiza-meoo/lista-reclamacoes/?complaint_id=rJ4-C7_aBMx_gP_s,WXUcboABjloyLjz9,Localiza Meoo,localiza-meoo,EXTERNAL_PUBLIC,RECLAME_AQUI_PUBLIC_BFF
_LMWuwWodIbGX0QI,Carro 0km apresentou pane no primeiro dia e há mais de 30 dias sigo sem solução e recebendo boletos,Contratei um VW Nivus Highline zero-quilômetro por assinatura junto à Localiza Meoo e recebi o veículo no dia 14/08/2026. Na retir,ANSWERED,False,Goiânia,GO,2026-09-24T15:06:33,https://www.reclameaqui.com.br/empresa/localiza-meoo/lista-reclamacoes/?complaint_id=_LMWuwWodIbGX0QI,WXUcboABjloyLjz9,Localiza Meoo,localiza-meoo,EXTERNAL_PUBLIC,RECLAME_AQUI_PUBLIC_BFF
86DscQfjAHu66JW4,Meu carro voltou arranhado e chuviscado da Locaiza,"Carro deu problema em uma peça do motor, me ligaram depôs de um mês que o carro estava pronto, fui buscar na localiza pit stop lar",PENDING,False,São Paulo,SP,2026-09-24T14:50:39,https://www.reclameaqui.com.br/empresa/localiza-meoo/lista-reclamacoes/?complaint_id=86DscQfjAHu66JW4,WXUcboABjloyLjz9,Localiza Meoo,localiza-meoo,EXTERNAL_PUBLIC,RECLAME_AQUI_PUBLIC_BFF
8E97Q1X5ZWatVnZ3,Comprei dois carros da Localiza e não fizeram recálculo da parcela,"Bom dia meu nome é José, Márcio, eu fiz uma compra recente dois carros da Localiza que eram os dois carros que eu alugava pela loc",SOLVED,True,Cuiabá,MT,2026-09-24T11:01:34,https://www.reclameaqui.com.br/empresa/localiza-meoo/lista-reclamacoes/?complaint_id=8E97Q1X5ZWatVnZ3,WXUcboABjloyLjz9,Localiza Meoo,localiza-meoo,EXTERNAL_PUBLIC,RECLAME_AQUI_PUBLIC_BFF
Bucslh4Nrmyp81-m,"Exigiram pagamento de km excedente durante o contrato, mas o contrato diz que só no final","Durante a execução do contrato, a Localiza informou que foram identificados 3.812 km excedentes e gerou uma cobrança de aproximada",SOLVED,True,Mogi das Cruzes,SP,2026-09-24T10:44:22,https://www.reclameaqui.com.br/empresa/localiza-meoo/lista-reclamacoes/?complaint_id=Bucslh4Nrmyp81-m,WXUcboABjloyLjz9,Localiza Meoo,localiza-meoo,EXTERNAL_PUBLIC,RECLAME_AQUI_PUBLIC_BFF
_XBDozwG2r24Rt98,Localiza se recusa a me atender como terceira prejudicada após acidente,"Localiza recusa atendimento a terceiro porque locatário não comunicou acidente
Em 06/08/2026, meu veículo foi envolvido em uma",ANSWERED,False,Rio de Janeiro,RJ,2026-09-24T09:33:20,https://www.reclameaqui.com.br/empresa/localiza-meoo/lista-reclamacoes/?complaint_id=_XBDozwG2r24Rt98,WXUcboABjloyLjz9,Localiza Meoo,localiza-meoo,EXTERNAL_PUBLIC,RECLAME_AQUI_PUBLIC_BFF
IhM_KJ-K0EmjQVQd,Cobrança de R$ 3.045 por suposto uso indevido após falha mecânica,"Estou contestando uma cobrança de R$ 3.045,00 aplicada pela Localiza Meoo sob a alegação de uso indevido do veículo.

Dura",PENDING,False,Macaé,RJ,2026-09-23T19:33:50,https://www.reclameaqui.com.br/empresa/localiza-meoo/lista-reclamacoes/?complaint_id=IhM_KJ-K0EmjQVQd,WXUcboABjloyLjz9,Localiza Meoo,localiza-meoo,EXTERNAL_PUBLIC,RECLAME_AQUI_PUBLIC_BFF
ZL6XAqZoCoTqjipZ,Meu carro de assinatura foi rebocado e a Localiza não me ajuda a voltar para casa,"Tenho um veículo de assinatura.
Viajei com o carro tive problemas com o veículo. O mesmo foi rebocado. A localiza simplesmente",PENDING,False,Taubaté,SP,2026-09-23T18:11:29,https://www.reclameaqui.com.br/empresa/localiza-meoo/lista-reclamacoes/?complaint_id=ZL6XAqZoCoTqjipZ,WXUcboABjloyLjz9,Localiza Meoo,localiza-meoo,EXTERNAL_PUBLIC,RECLAME_AQUI_PUBLIC_BFF
tqL3IdwF4jwfKDnm,Fui cobrada indevidamente por excedentes após devolver carro alugado,"ID: 257265701
Título: ABSURDO . Cobrança indevida de excedentes após devolução de veículo alugado APÓS 40 dias .

Recl",ANSWERED,False,Rio de Janeiro,RJ,2026-09-23T17:01:19,https://www.reclameaqui.com.br/empresa/localiza-meoo/lista-reclamacoes/?complaint_id=tqL3IdwF4jwfKDnm,WXUcboABjloyLjz9,Localiza Meoo,localiza-meoo,EXTERNAL_PUBLIC,RECLAME_AQUI_PUBLIC_BFF
dNu3HDEvsPgdtGwP,Como solicito a liberação de titularidade e cadastro de e-mail para app BYD,Recebi o carro hoje. Como solicito a liberação de titularidade e o cadastro do meu e-mail para app BYD???,SOLVED,True,São Luís,MA,2026-09-23T16:44:37,https://www.reclameaqui.com.br/empresa/localiza-meoo/lista-reclamacoes/?complaint_id=dNu3HDEvsPgdtGwP,WXUcboABjloyLjz9,Localiza Meoo,localiza-meoo,EXTERNAL_PUBLIC,RECLAME_AQUI_PUBLIC_BFF
Cs8yNF1x_gXm2jXL,Preciso trocar meu carro provisório por um maior e a Localiza não resolve,"Assinei um carro na localiza MEOO, até ai tudo bem.

Estou com um carro provisório que peguei dia 04/09/2026 e iria devolv",PENDING,False,Serra,ES,2026-09-23T16:05:11,https://www.reclameaqui.com.br/empresa/localiza-meoo/lista-reclamacoes/?complaint_id=Cs8yNF1x_gXm2jXL,WXUcboABjloyLjz9,Localiza Meoo,localiza-meoo,EXTERNAL_PUBLIC,RECLAME_AQUI_PUBLIC_BFF
W1voIM-NYNzpmCgg,Quero encerrar meu contrato com a Localiza e negociar o valor devido,"Venho registrar esta reclamação no Consumidor.gov buscando uma solução amigável, transparente e financeiramente possível para o en",PENDING,False,Ribeirão Preto,SP,2026-09-23T16:03:34,https://www.reclameaqui.com.br/empresa/localiza-meoo/lista-reclamacoes/?complaint_id=W1voIM-NYNzpmCgg,WXUcboABjloyLjz9,Localiza Meoo,localiza-meoo,EXTERNAL_PUBLIC,RECLAME_AQUI_PUBLIC_BFF
0KyEVypWnmyWfGLq,Solicito estorno de 10 dias sem o carro alugado,"Boa tarde, 

Sou gestor de uma pessoa jurídica (CNPJ *****) que possui um contrato de assinatura de automóvel junto à Recl",SOLVED,True,Teresina,PI,2026-09-23T15:51:21,https://www.reclameaqui.com.br/empresa/localiza-meoo/lista-reclamacoes/?complaint_id=0KyEVypWnmyWfGLq,WXUcboABjloyLjz9,Localiza Meoo,localiza-meoo,EXTERNAL_PUBLIC,RECLAME_AQUI_PUBLIC_BFF
oF-WYMMc7EbzlTMF,Minha empresa bloqueou meu veículo por atraso de 12 dias sem negociação,"Sou cliente dessa empresa desde maio de 2024 , esse mês fiquei com a fatura em atraso por 12 dias a empresa não deu nenhuma flexib",SOLVED,True,Recife,PE,2026-09-23T15:47:46,https://www.reclameaqui.com.br/empresa/localiza-meoo/lista-reclamacoes/?complaint_id=oF-WYMMc7EbzlTMF,WXUcboABjloyLjz9,Localiza Meoo,localiza-meoo,EXTERNAL_PUBLIC,RECLAME_AQUI_PUBLIC_BFF
SFdjMFM-piNNe2sZ,Cobrancça indevida e péssimo fluxo de atendimento,"Estou extremamente revoltada e indignada com a falta de respeito, a desorganização e o péssimo atendimento da Localiza. Fiz um con",PENDING,False,São Paulo,SP,2026-09-23T15:27:52,https://www.reclameaqui.com.br/empresa/localiza-meoo/lista-reclamacoes/?complaint_id=SFdjMFM-piNNe2sZ,WXUcboABjloyLjz9,Localiza Meoo,localiza-meoo,EXTERNAL_PUBLIC,RECLAME_AQUI_PUBLIC_BFF
HH86wcSXdJP1Tzn3,Cobrança provisória de km excedente antes do fim do contrato,"Sou cliente Localiza Meoo (contrato GVM9503/25). Recebi cobrança de R$3.213,47 por km excedente no meio do contrato, antes da apur",ANSWERED,False,São Paulo,SP,2026-09-23T15:11:17,https://www.reclameaqui.com.br/empresa/localiza-meoo/lista-reclamacoes/?complaint_id=HH86wcSXdJP1Tzn3,WXUcboABjloyLjz9,Localiza Meoo,localiza-meoo,EXTERNAL_PUBLIC,RECLAME_AQUI_PUBLIC_BFF
w-IaU8rJTASuWvpk,Fui cobrado indevidamente mesmo após comprovado pagamento da mensalidade,"Fiz uma reclamação na segunda feira e finalmente foi resolvida. E menos de 24 hs depois de ser resolvida, estou aqui reclamando de",ANSWERED,False,São Paulo,SP,2026-09-23T14:53:15,https://www.reclameaqui.com.br/empresa/localiza-meoo/lista-reclamacoes/?complaint_id=w-IaU8rJTASuWvpk,WXUcboABjloyLjz9,Localiza Meoo,localiza-meoo,EXTERNAL_PUBLIC,RECLAME_AQUI_PUBLIC_BFF
4uhsDT2zPaVW4TrV,Fui cobrada indevidamente e a Localiza registrou débitos indevidos no Serasa,"**Reclamação  Localiza: falta de comunicação, cobrança indevida e pedido de solução**

Meu nome é Hanna Beatriz e venho re",SOLVED,True,Porto Seguro,BA,2026-09-23T13:56:09,https://www.reclameaqui.com.br/empresa/localiza-meoo/lista-reclamacoes/?complaint_id=4uhsDT2zPaVW4TrV,WXUcboABjloyLjz9,Localiza Meoo,localiza-meoo,EXTERNAL_PUBLIC,RECLAME_AQUI_PUBLIC_BFF
sljJ2w1IRkl_JkLG,Preciso prorrogar minha fatura de carro por assinatura,"Boa tarde !!! Infelizmente tenho que vir aqui pra resolver minha situação, preciso da prorrogação da minha fatura ,tenho carr",ANSWERED,False,São Paulo,SP,2026-09-23T13:39:11,https://www.reclameaqui.com.br/empresa/localiza-meoo/lista-reclamacoes/?complaint_id=sljJ2w1IRkl_JkLG,WXUcboABjloyLjz9,Localiza Meoo,localiza-meoo,EXTERNAL_PUBLIC,RECLAME_AQUI_PUBLIC_BFF
acxbyU0qTLeSrJIT,Localiza Meo Localiza não cumpriu com a  renegociação acordada e deixou de responder ao cliente,"Estou formalizando esta reclamação porque estou tentando resolver uma pendência com a Localiza desde 31/08/2026, porém até o momen",SOLVED,True,Itajaí,SC,2026-09-23T13:29:31,https://www.reclameaqui.com.br/empresa/localiza-meoo/lista-reclamacoes/?complaint_id=acxbyU0qTLeSrJIT,WXUcboABjloyLjz9,Localiza Meoo,localiza-meoo,EXTERNAL_PUBLIC,RECLAME_AQUI_PUBLIC_BFF
1SK3UfOgjeEJPdOk,Não consigo pagar meu aluguel de carro e a Localiza não me dá prazo,"À Localiza Meoo,
Hoje, terça-feira, 23 de setembro de 2026, venho expor a situação relacionada à forma de cobrança adotada pel",ANSWERED,False,Pirajuí,SP,2026-09-23T12:43:07,https://www.reclameaqui.com.br/empresa/localiza-meoo/lista-reclamacoes/?complaint_id=1SK3UfOgjeEJPdOk,WXUcboABjloyLjz9,Localiza Meoo,localiza-meoo,EXTERNAL_PUBLIC,RECLAME_AQUI_PUBLIC_BFF
0FJpBznK4ZKpYaMM,Bloquearam meu carro com um dia de atraso e não agendam a devolução voluntária,Localiza bloqueia veículo com um dia de atraso no boleto e mantém a devolução voluntária sem solução para aumentar os custos para,ANSWERED,False,Brasília,DF,2026-09-23T12:26:36,https://www.reclameaqui.com.br/empresa/localiza-meoo/lista-reclamacoes/?complaint_id=0FJpBznK4ZKpYaMM,WXUcboABjloyLjz9,Localiza Meoo,localiza-meoo,EXTERNAL_PUBLIC,RECLAME_AQUI_PUBLIC_BFF
cBJ58c9FCHvBolWC,Quero desconto de 30% na mensalidade ou devolvo o carro,"Tenho um contrato com Localiza desde de Maio , no momento estou passando por alguns problemas financeiros , a mensalidade do veícu",ANSWERED,False,Presidente Venceslau,SP,2026-09-23T09:48:20,https://www.reclameaqui.com.br/empresa/localiza-meoo/lista-reclamacoes/?complaint_id=cBJ58c9FCHvBolWC,WXUcboABjloyLjz9,Localiza Meoo,localiza-meoo,EXTERNAL_PUBLIC,RECLAME_AQUI_PUBLIC_BFF
cy3A6qKR09F7Ll4H,Meu carro está parado há 3 meses esperando retrovisor esquerdo,Estou com meu carro parado há 03 meses por um acidente de trânsito que quebrou o retrovisor esquerdo - abalroamento por motociclet,PENDING,False,Rio de Janeiro,RJ,2026-09-23T09:44:45,https://www.reclameaqui.com.br/empresa/localiza-meoo/lista-reclamacoes/?complaint_id=cy3A6qKR09F7Ll4H,WXUcboABjloyLjz9,Localiza Meoo,localiza-meoo,EXTERNAL_PUBLIC,RECLAME_AQUI_PUBLIC_BFF
5LbSkMThtA-pw3gQ,Meu carro alugado foi bloqueado indevidamente por dívida antiga,"BLOQUEIO ABUSIVO E ILEGAL DE VEÍCULO ADIMPLENTE POR DÍVIDA DE CONTRATO ANTERIOR  EXPOSIÇÃO DE CRIANÇAS A RISCO

Venho por",ANSWERED,False,Rio do Sul,SC,2026-09-22T23:10:14,https://www.reclameaqui.com.br/empresa/localiza-meoo/lista-reclamacoes/?complaint_id=5LbSkMThtA-pw3gQ,WXUcboABjloyLjz9,Localiza Meoo,localiza-meoo,EXTERNAL_PUBLIC,RECLAME_AQUI_PUBLIC_BFF
uzwJ7hTx8129OzJu,Meu carro foi bloqueado indevidamente e não resolvem meu problema,"Às 18h42, eu recebi um WhatsApp dizendo que o carro havia sido bloqueado. Entrei em contato com a central de desbloqueio e informe",ANSWERED,False,São Paulo,SP,2026-09-22T19:06:43,https://www.reclameaqui.com.br/empresa/localiza-meoo/lista-reclamacoes/?complaint_id=uzwJ7hTx8129OzJu,WXUcboABjloyLjz9,Localiza Meoo,localiza-meoo,EXTERNAL_PUBLIC,RECLAME_AQUI_PUBLIC_BFF
Bv2P-hMemAXT3kUO,Não consigo resolver pendências com a Localiza e eles desligam o telefone,"Venho por meio deste canal formalizar meu mais veemente repúdio e indignação com a postura, a ineficiência e o total descaso da Lo",PENDING,False,Cuiabá,MT,2026-09-22T18:25:08,https://www.reclameaqui.com.br/empresa/localiza-meoo/lista-reclamacoes/?complaint_id=Bv2P-hMemAXT3kUO,WXUcboABjloyLjz9,Localiza Meoo,localiza-meoo,EXTERNAL_PUBLIC,RECLAME_AQUI_PUBLIC_BFF
d4bmOWjhlLvsaKEz,Não consigo devolver o carro da minha empresa e a Localiza não me ajuda,"Estou tentando devolver um carro que assinei pela minha empresa. Avisamos com um mês de antecedência e hoje, dia 22 de setembro, e",SOLVED,True,Embu das Artes,SP,2026-09-22T18:05:41,https://www.reclameaqui.com.br/empresa/localiza-meoo/lista-reclamacoes/?complaint_id=d4bmOWjhlLvsaKEz,WXUcboABjloyLjz9,Localiza Meoo,localiza-meoo,EXTERNAL_PUBLIC,RECLAME_AQUI_PUBLIC_BFF
NkzL3roeohyCKxbB,Localiza se recusa a pagar conserto de moto danificada em colisão,"No dia 21/07, um veículo da Localiza, placa TXJ1L20, colidiu com meu veículo, ocasionando diversos danos.

Desde o ocorrid",ANSWERED,False,Porto Alegre,RS,2026-09-22T18:04:14,https://www.reclameaqui.com.br/empresa/localiza-meoo/lista-reclamacoes/?complaint_id=NkzL3roeohyCKxbB,WXUcboABjloyLjz9,Localiza Meoo,localiza-meoo,EXTERNAL_PUBLIC,RECLAME_AQUI_PUBLIC_BFF
vKJOUcOZLITbaidV,Não consigo usar a proteção do meu carro alugado e tenho dúvidas sobre o reparo,"Possuo um Chevrolet Onix originalmente contratado junto à Unidas, cujo contrato posteriormente foi transferido para a Localiza.<br",PENDING,False,Uberaba,MG,2026-09-22T17:44:49,https://www.reclameaqui.com.br/empresa/localiza-meoo/lista-reclamacoes/?complaint_id=vKJOUcOZLITbaidV,WXUcboABjloyLjz9,Localiza Meoo,localiza-meoo,EXTERNAL_PUBLIC,RECLAME_AQUI_PUBLIC_BFF
Kv4rpOxAABDKYaK2,Meu carro está na manutenção há 90 dias e me cobraram indevidamente,"tenho localiza meo ha alguns anos, porém é aconteceu um acidente onde bateram no carro e eu entrei em contato para saber como fica",SOLVED,True,Ribeirão Pires,SP,2026-09-22T17:36:37,https://www.reclameaqui.com.br/empresa/localiza-meoo/lista-reclamacoes/?complaint_id=Kv4rpOxAABDKYaK2,WXUcboABjloyLjz9,Localiza Meoo,localiza-meoo,EXTERNAL_PUBLIC,RECLAME_AQUI_PUBLIC_BFF
_ecIzcTrADEyXXDA,Meu carro alugado parou no meio da pista por falta de aviso de bloqueio,"Boa tarde!espero que esteja bem ,sou usuário da empresa localiza Meo ou localiza locações ,passei
Por uma situação crítica no",SOLVED,True,Barreiras,BA,2026-09-22T17:23:45,https://www.reclameaqui.com.br/empresa/localiza-meoo/lista-reclamacoes/?complaint_id=_ecIzcTrADEyXXDA,WXUcboABjloyLjz9,Localiza Meoo,localiza-meoo,EXTERNAL_PUBLIC,RECLAME_AQUI_PUBLIC_BFF
oA6QvZCWXDDK6atp,Meu carro alugado está na oficina há 38 dias e a Localiza não dá retorno,"PÉSSIMA EXPERIENCIA COM ALUGUEL DE CARRO! Desde o dia 15/08/26, veículo Fiorino OPP7B09 apresentou defeito e foi levado de reboque",ANSWERED,False,Rio de Janeiro,RJ,2026-09-22T17:05:11,https://www.reclameaqui.com.br/empresa/localiza-meoo/lista-reclamacoes/?complaint_id=oA6QvZCWXDDK6atp,WXUcboABjloyLjz9,Localiza Meoo,localiza-meoo,EXTERNAL_PUBLIC,RECLAME_AQUI_PUBLIC_BFF
K_UrJigVujmj5L0e,Não consigo alterar a data de cobrança do meu aluguel de carro na Localiza,"Fiz uma contratação de locação de um veículo na localiza rent a car meo fortaleza- CE, e desde o primeiro mês solicitei que viesse",SOLVED,True,São Paulo,SP,2026-09-22T15:01:17,https://www.reclameaqui.com.br/empresa/localiza-meoo/lista-reclamacoes/?complaint_id=K_UrJigVujmj5L0e,WXUcboABjloyLjz9,Localiza Meoo,localiza-meoo,EXTERNAL_PUBLIC,RECLAME_AQUI_PUBLIC_BFF
B72NwUatw-A9vSmx,Localiza Meoo bloqueou meu carro e me cobrou R$10 mil de KMs excedentes de forma indevida,"Mais uma vez tive o carro bloqueado pela Localiza Meoo com base em regra que eles ficam alterando o tempo todo, regras sem qualque",ANSWERED,False,São Paulo,SP,2026-09-22T14:24:03,https://www.reclameaqui.com.br/empresa/localiza-meoo/lista-reclamacoes/?complaint_id=B72NwUatw-A9vSmx,WXUcboABjloyLjz9,Localiza Meoo,localiza-meoo,EXTERNAL_PUBLIC,RECLAME_AQUI_PUBLIC_BFF
4GQFID3iHUW05aKE,"Fui cobrado indevidamente por 15 meses de assinatura de veículo, mas só usei 14","Aluguei um veículo por assinatura pelo período de 1 ano, porém a Localiza levou 3 meses para entregar o carro. 
Nesse tempo ut",PENDING,False,Sorocaba,SP,2026-09-22T12:11:11,https://www.reclameaqui.com.br/empresa/localiza-meoo/lista-reclamacoes/?complaint_id=4GQFID3iHUW05aKE,WXUcboABjloyLjz9,Localiza Meoo,localiza-meoo,EXTERNAL_PUBLIC,RECLAME_AQUI_PUBLIC_BFF
q6DK0WCXGn6uZ6MX,Fui cobrado indevidamente e estornaram o valor no cartão errado,"Mais uma vez, a quarta, tive uma cobrança indevida de multa com valor dobrado, por falta de indicação do condutor, mesmo tendo ind",ANSWERED,False,Londrina,PR,2026-09-22T11:34:57,https://www.reclameaqui.com.br/empresa/localiza-meoo/lista-reclamacoes/?complaint_id=q6DK0WCXGn6uZ6MX,WXUcboABjloyLjz9,Localiza Meoo,localiza-meoo,EXTERNAL_PUBLIC,RECLAME_AQUI_PUBLIC_BFF
EVY_wIz7gS6wyZUm,Motorista da localiza causa acidente e não resolve o problema.,"Veículo t Cross da localiza, com o motorista da própria localiza, que estava andando a frente, freiou bruscamente em uma via de 60",ANSWERED,False,São José dos Campos,SP,2026-09-22T10:23:41,https://www.reclameaqui.com.br/empresa/localiza-meoo/lista-reclamacoes/?complaint_id=EVY_wIz7gS6wyZUm,WXUcboABjloyLjz9,Localiza Meoo,localiza-meoo,EXTERNAL_PUBLIC,RECLAME_AQUI_PUBLIC_BFF
huyq-Sht-w8SeXem,Localiza bloqueou meu carro e não concordo com as cobranças,Senhores a Localiza Meoo realmente se superou. Estou tentando negociar com eles umas cobranças que não concordo.  E o que eles faz,ANSWERED,False,Vila Velha,ES,2026-09-22T10:12:11,https://www.reclameaqui.com.br/empresa/localiza-meoo/lista-reclamacoes/?complaint_id=huyq-Sht-w8SeXem,WXUcboABjloyLjz9,Localiza Meoo,localiza-meoo,EXTERNAL_PUBLIC,RECLAME_AQUI_PUBLIC_BFF
GRwBbtHvZ5yrhl2b,Meu carro está há mais de uma semana na oficina sem prazo de conserto,Meu carro está há mais de uma semana para manutenção sem sequer um prazo de resolução em um problema na chave. Prometeram um prazo,ANSWERED,False,São Paulo,SP,2026-09-22T10:04:13,https://www.reclameaqui.com.br/empresa/localiza-meoo/lista-reclamacoes/?complaint_id=GRwBbtHvZ5yrhl2b,WXUcboABjloyLjz9,Localiza Meoo,localiza-meoo,EXTERNAL_PUBLIC,RECLAME_AQUI_PUBLIC_BFF
mCQDhYyrCJKMZAIJ,Descumprimento de acordo,"Fiz uma reclamação sobre a demora na entrega do meu carro e falta de informações no momento da contratação.

A localiza en",SOLVED,True,Rio de Janeiro,RJ,2026-09-22T09:49:45,https://www.reclameaqui.com.br/empresa/localiza-meoo/lista-reclamacoes/?complaint_id=mCQDhYyrCJKMZAIJ,WXUcboABjloyLjz9,Localiza Meoo,localiza-meoo,EXTERNAL_PUBLIC,RECLAME_AQUI_PUBLIC_BFF
ypPHPksJf05RiQc0,"Divergência de informação, cobrança antecipada em inconformidade contratual e retenção de depósito de segurança.",Minha experiência com a Localiza Meoo tem sido extremamente desgastante desde o início do contrato. Os problemas não são pontuais:,PENDING,False,Salvador,BA,2026-09-22T09:22:43,https://www.reclameaqui.com.br/empresa/localiza-meoo/lista-reclamacoes/?complaint_id=ypPHPksJf05RiQc0,WXUcboABjloyLjz9,Localiza Meoo,localiza-meoo,EXTERNAL_PUBLIC,RECLAME_AQUI_PUBLIC_BFF
-sqY7cbuzQicudtT,Meu carro alugado está parado na oficina há dias e a locadora atrasa o conserto,Tenho um carro alugado e tive um acidente com o carro de pequenissima monta. Deixei o carro na oficina dia 27/08 e a localiza auto,PENDING,False,Uberlândia,MG,2026-09-22T08:54:43,https://www.reclameaqui.com.br/empresa/localiza-meoo/lista-reclamacoes/?complaint_id=-sqY7cbuzQicudtT,WXUcboABjloyLjz9,Localiza Meoo,localiza-meoo,EXTERNAL_PUBLIC,RECLAME_AQUI_PUBLIC_BFF
kWjO4BJw6J6kydvJ,Quero cancelar meu contrato de assinatura de carro BYD Dolphin,"À Equipe Localiza Meoo / Localiza Assinatura

Escrevo para solicitar o cancelamento imediato do meu pedido/contrato de ass",ANSWERED,False,Niterói,RJ,2026-09-21T19:14:57,https://www.reclameaqui.com.br/empresa/localiza-meoo/lista-reclamacoes/?complaint_id=kWjO4BJw6J6kydvJ,WXUcboABjloyLjz9,Localiza Meoo,localiza-meoo,EXTERNAL_PUBLIC,RECLAME_AQUI_PUBLIC_BFF
pqQa-Y_WFSNHG6XX,Não recebi informações sobre o conserto do carro e negaram carro reserva,"o carro da minha mãe bateu segunda, abrimos o sinistro e pediram para avaliar em uma localiza na sexta, deixamos o carro lá, no qu",ANSWERED,False,Belém,PA,2026-09-21T18:44:34,https://www.reclameaqui.com.br/empresa/localiza-meoo/lista-reclamacoes/?complaint_id=pqQa-Y_WFSNHG6XX,WXUcboABjloyLjz9,Localiza Meoo,localiza-meoo,EXTERNAL_PUBLIC,RECLAME_AQUI_PUBLIC_BFF
rey2gUaUjIwQGKWN,"Fujam Localiza Meio - 27 ligações, sem carro reserva, sem solução","Sou assinante do Localiza Meoo e o pagamento mensal é feito via cartão de crédito. Na semana passada, meu cartão foi trocado pelo",PENDING,False,São Paulo,SP,2026-09-21T17:00:44,https://www.reclameaqui.com.br/empresa/localiza-meoo/lista-reclamacoes/?complaint_id=rey2gUaUjIwQGKWN,WXUcboABjloyLjz9,Localiza Meoo,localiza-meoo,EXTERNAL_PUBLIC,RECLAME_AQUI_PUBLIC_BFF
YlOI92YKk6z9nfrf,Meu carro está sem notícias há quase 1 mês e sem previsão de entrega,"No dia 28 achei que meu carro tivesse sido [Editado pelo Reclame Aqui], pois parei em uma rua e estava em outra, erro meu, pois es",NOT_SOLVED,False,Osasco,SP,2026-09-21T16:39:04,https://www.reclameaqui.com.br/empresa/localiza-meoo/lista-reclamacoes/?complaint_id=YlOI92YKk6z9nfrf,WXUcboABjloyLjz9,Localiza Meoo,localiza-meoo,EXTERNAL_PUBLIC,RECLAME_AQUI_PUBLIC_BFF
6WjD_mXwZ66b24wq,Meu carro alugado está sempre na oficina e a Localiza não resolve,"Desde janeiro, venho registrando reclamações recorrentes relacionadas ao mesmo veículo e ao mesmo problema, que, até o momento, nã",PENDING,False,Rio de Janeiro,RJ,2026-09-21T16:25:47,https://www.reclameaqui.com.br/empresa/localiza-meoo/lista-reclamacoes/?complaint_id=6WjD_mXwZ66b24wq,WXUcboABjloyLjz9,Localiza Meoo,localiza-meoo,EXTERNAL_PUBLIC,RECLAME_AQUI_PUBLIC_BFF
Q-pH9Gsmt9yDAzdF,Meu carro alugado foi batido e a Locadora não resolve e me cobra,"A 3 semanas bateram no meu carro alugado e todos os dias falo com atendente e não resolvem, dizem que o carro está no Pit stop da",PENDING,False,São Paulo,SP,2026-09-21T16:20:21,https://www.reclameaqui.com.br/empresa/localiza-meoo/lista-reclamacoes/?complaint_id=Q-pH9Gsmt9yDAzdF,WXUcboABjloyLjz9,Localiza Meoo,localiza-meoo,EXTERNAL_PUBLIC,RECLAME_AQUI_PUBLIC_BFF
lN0jYsJ2e1cV9W-D,Não consigo vincular meu BYD King GS ao aplicativo por problema no registro do chassi,REALIZEI A ASSINATURA DE UM VEÍCULO BYD KING GS POR MEIO DA LOCALIZA E RECEBI O CARRO NO DIA 18 DE AGOSTO DE 2026. DESDE ENTÃ,PENDING,False,Paraibano,MA,2026-09-21T15:44:25,https://www.reclameaqui.com.br/empresa/localiza-meoo/lista-reclamacoes/?complaint_id=lN0jYsJ2e1cV9W-D,WXUcboABjloyLjz9,Localiza Meoo,localiza-meoo,EXTERNAL_PUBLIC,RECLAME_AQUI_PUBLIC_BFF
Csm8dZEdld8qdIXR,Meu carro vive dando problema na injeção eletrônica e a oficina nunca resolve,Estou com um carro que vive dando problemas já fiz varias reclamações ja levei varias vezes na oficina e nunca resolveram o proble,PENDING,False,São Luís,MA,2026-09-21T15:42:17,https://www.reclameaqui.com.br/empresa/localiza-meoo/lista-reclamacoes/?complaint_id=Csm8dZEdld8qdIXR,WXUcboABjloyLjz9,Localiza Meoo,localiza-meoo,EXTERNAL_PUBLIC,RECLAME_AQUI_PUBLIC_BFF
es5YwnwAZnBkIq5f,Não consigo cancelar meu contrato de assinatura de veículo na Localiza,"Estamos com uma assinatura ativa de um veículo na localiza. Porém estamos tentando cancelar o contrato, mas deixam a gente na fila",SOLVED,True,Manaus,AM,2026-09-21T14:34:20,https://www.reclameaqui.com.br/empresa/localiza-meoo/lista-reclamacoes/?complaint_id=es5YwnwAZnBkIq5f,WXUcboABjloyLjz9,Localiza Meoo,localiza-meoo,EXTERNAL_PUBLIC,RECLAME_AQUI_PUBLIC_BFF
WHR36EsrdLTHO_tP,Meu carro da Localiza Meoo está bloqueado indevidamente e a empresa não cumpre o contrato,"Sou cliente da Localiza Meoo, com contrato de assinatura de veículo, e estou com o carro bloqueado desde 15/09/2026, mesmo depois",SOLVED,True,Castanhal,PA,2026-09-21T14:33:55,https://www.reclameaqui.com.br/empresa/localiza-meoo/lista-reclamacoes/?complaint_id=WHR36EsrdLTHO_tP,WXUcboABjloyLjz9,Localiza Meoo,localiza-meoo,EXTERNAL_PUBLIC,RECLAME_AQUI_PUBLIC_BFF
Cscpc1jTyzMLI7xy,A Localiza dificultou o reparo do meu veículo após colisão,Meu veículo sofreu colisão traseira por um veículo Localiza no dia 22 de agosto de 2026. Desde então estou em contato com a empres,ANSWERED,False,Jordânia,MG,2026-09-21T13:43:38,https://www.reclameaqui.com.br/empresa/localiza-meoo/lista-reclamacoes/?complaint_id=Cscpc1jTyzMLI7xy,WXUcboABjloyLjz9,Localiza Meoo,localiza-meoo,EXTERNAL_PUBLIC,RECLAME_AQUI_PUBLIC_BFF
eDTN4ph4Q8JJs7fG,Cobraram multa de trânsito no meu cartão sem aviso e sem prazo,"Tentaram cobrar no meu cartão de crédito uma multa de trânsito sem que não me avisaram nem concederam prazo para defesa, violando",ANSWERED,False,Goiânia,GO,2026-09-21T12:57:31,https://www.reclameaqui.com.br/empresa/localiza-meoo/lista-reclamacoes/?complaint_id=eDTN4ph4Q8JJs7fG,WXUcboABjloyLjz9,Localiza Meoo,localiza-meoo,EXTERNAL_PUBLIC,RECLAME_AQUI_PUBLIC_BFF
hrNtalWEMgGNtzYJ,Preciso alterar a data de vencimento do boleto e não obtenho retorno,Eu já registrei uma reclamação anteriormente e estava em tratativa com o atendimento ao cliente sobre o cancelamento do contrato.<,SOLVED,True,São Paulo,SP,2026-09-21T12:29:22,https://www.reclameaqui.com.br/empresa/localiza-meoo/lista-reclamacoes/?complaint_id=hrNtalWEMgGNtzYJ,WXUcboABjloyLjz9,Localiza Meoo,localiza-meoo,EXTERNAL_PUBLIC,RECLAME_AQUI_PUBLIC_BFF
i5gdW7A2hQOel5Mw,Fui cobrado indevidamente pela Localiza por não indicação de motorista,Eu sou assinante da Localiza Meo Já faz quase dois anos e cada vez que eu tenho uma multa eu e não fui eu que levei a multa eu ten,SOLVED,True,São Paulo,SP,2026-09-21T12:25:34,https://www.reclameaqui.com.br/empresa/localiza-meoo/lista-reclamacoes/?complaint_id=i5gdW7A2hQOel5Mw,WXUcboABjloyLjz9,Localiza Meoo,localiza-meoo,EXTERNAL_PUBLIC,RECLAME_AQUI_PUBLIC_BFF
J-7hwCzgBEOI8TdL,Localiza bloqueou meu carro HB20S com contrato em dia por débito de outro,"Tenho dois contratos de assinatura com a Localiza Meoo, independentes entre si: um HB20S e um Onix. O contrato do HB20S",ANSWERED,False,Belém,PA,2026-09-21T12:20:10,https://www.reclameaqui.com.br/empresa/localiza-meoo/lista-reclamacoes/?complaint_id=J-7hwCzgBEOI8TdL,WXUcboABjloyLjz9,Localiza Meoo,localiza-meoo,EXTERNAL_PUBLIC,RECLAME_AQUI_PUBLIC_BFF
DwbkGR3cbQzQPcLj,Meu carro foi batido por um carro da Localiza e não consigo enviar o orçamento,No dia dez de agosto às 16:11 da tarde ouve uma colisão entre o carro da localiza de placa TYF2D49 conduzido pelo motorista da emp,SOLVED,True,Recife,PE,2026-09-21T11:13:26,https://www.reclameaqui.com.br/empresa/localiza-meoo/lista-reclamacoes/?complaint_id=DwbkGR3cbQzQPcLj,WXUcboABjloyLjz9,Localiza Meoo,localiza-meoo,EXTERNAL_PUBLIC,RECLAME_AQUI_PUBLIC_BFF
DmRt5zS8Ie0TyR4z,Fui cobrado indevidamente após comprar meu carro da Localiza,"**Título: Cobrança indevida de mensalidade após compra do veículo da própria Localiza Meoo**

Fui cliente da Localiza Meoo",ANSWERED,False,Curitiba,PR,2026-09-21T11:06:36,https://www.reclameaqui.com.br/empresa/localiza-meoo/lista-reclamacoes/?complaint_id=DmRt5zS8Ie0TyR4z,WXUcboABjloyLjz9,Localiza Meoo,localiza-meoo,EXTERNAL_PUBLIC,RECLAME_AQUI_PUBLIC_BFF
lj1pWRcdVtlO7kQ3,Freios completamente gastos em plena serra. A manutenção da Localiza falhou onde não poderia falhar,"Sou cliente da Localiza Assinatura há aproximadamente 5 anos e, sinceramente, é difícil aceitar o tratamento que estou recebendo d",ANSWERED,False,Blumenau,SC,2026-09-21T10:48:21,https://www.reclameaqui.com.br/empresa/localiza-meoo/lista-reclamacoes/?complaint_id=lj1pWRcdVtlO7kQ3,WXUcboABjloyLjz9,Localiza Meoo,localiza-meoo,EXTERNAL_PUBLIC,RECLAME_AQUI_PUBLIC_BFF
e9iZQQXfeFD4aDm3,Não consigo falar com atendente da Localiza sobre meu carro por assinatura,"Bom dia, estou com carro por assinatura e todas as vezes que preciso entrar em contato com a localiza não é viável, não menus infi",ANSWERED,False,São Paulo,SP,2026-09-21T10:35:58,https://www.reclameaqui.com.br/empresa/localiza-meoo/lista-reclamacoes/?complaint_id=e9iZQQXfeFD4aDm3,WXUcboABjloyLjz9,Localiza Meoo,localiza-meoo,EXTERNAL_PUBLIC,RECLAME_AQUI_PUBLIC_BFF
hLV04cNSvy8sKFj5,Meu carro atrasou e o atendimento da Localiza Meeo está ruim!!!,"Mais uma vez venho reclamar do atendimento da empresa.

Começando que houve um atraso na entrega do novo carro, reclamei e",NOT_SOLVED,False,Fortaleza,CE,2026-09-21T10:14:48,https://www.reclameaqui.com.br/empresa/localiza-meoo/lista-reclamacoes/?complaint_id=hLV04cNSvy8sKFj5,WXUcboABjloyLjz9,Localiza Meoo,localiza-meoo,EXTERNAL_PUBLIC,RECLAME_AQUI_PUBLIC_BFF
tEnC_WovuhPyMXtg,Cobranças abusivas e indevidas,Cobranças indevidas. Tratativas coercitivas.,SOLVED,True,Três Lagoas,MS,2026-09-21T09:45:13,https://www.reclameaqui.com.br/empresa/localiza-meoo/lista-reclamacoes/?complaint_id=tEnC_WovuhPyMXtg,WXUcboABjloyLjz9,Localiza Meoo,localiza-meoo,EXTERNAL_PUBLIC,RECLAME_AQUI_PUBLIC_BFF
wYOWyMjI7FcbHHmT,"Decepção com a experiência da Localiza Meoo carro de alto valor, zero km e 7 dias sem solução adequada","Decepção com a experiência da Localiza Meoo: carro de alto valor, zero km e 7 dias sem solução adequada

Tenho um carro po",ANSWERED,False,Uberlândia,MG,2026-09-21T09:16:30,https://www.reclameaqui.com.br/empresa/localiza-meoo/lista-reclamacoes/?complaint_id=wYOWyMjI7FcbHHmT,WXUcboABjloyLjz9,Localiza Meoo,localiza-meoo,EXTERNAL_PUBLIC,RECLAME_AQUI_PUBLIC_BFF
xevCZO62XXwj5brz,Contestação Formal de Cobrança  Higienização e Polimento do Veículo,"Prezados,

Venho por meio deste anal contestar formalmente a cobrança referente aos serviços de higienização e polimento r",ANSWERED,False,Macaé,RJ,2026-09-21T05:57:22,https://www.reclameaqui.com.br/empresa/localiza-meoo/lista-reclamacoes/?complaint_id=xevCZO62XXwj5brz,WXUcboABjloyLjz9,Localiza Meoo,localiza-meoo,EXTERNAL_PUBLIC,RECLAME_AQUI_PUBLIC_BFF
ITkWLFSIJW6KZgTl,Fui cobrado indevidamente por multa de indicação de motorista,"Venho novamente, fazer uma reclamação que eu pensei que já tivesse sido resolvida. Fiz uma reclamação cerca de 4 meses atrás sobre",ANSWERED,False,Taubaté,SP,2026-09-20T19:05:19,https://www.reclameaqui.com.br/empresa/localiza-meoo/lista-reclamacoes/?complaint_id=ITkWLFSIJW6KZgTl,WXUcboABjloyLjz9,Localiza Meoo,localiza-meoo,EXTERNAL_PUBLIC,RECLAME_AQUI_PUBLIC_BFF
AnhIYYLhNCAChm5O,Localiza Meoo dificulta encerramento do contrato e não conclui atendimento,"Sou cliente da Localiza Meoo e estou tentando encerrar antecipadamente meu contrato de assinatura do veículo de placa *****, contr",SOLVED,True,Cascavel,CE,2026-09-20T14:22:13,https://www.reclameaqui.com.br/empresa/localiza-meoo/lista-reclamacoes/?complaint_id=AnhIYYLhNCAChm5O,WXUcboABjloyLjz9,Localiza Meoo,localiza-meoo,EXTERNAL_PUBLIC,RECLAME_AQUI_PUBLIC_BFF
qB6QU-KaLxXhlHt0,Não consigo indicar condutor de multa pelo aplicativo,"Boa tarde, 

Recebi uma notificação de infração e estou com dificuldades de indicar o condutor. Ao subir a foto da assinat",PENDING,False,São Paulo,SP,2026-09-20T12:35:15,https://www.reclameaqui.com.br/empresa/localiza-meoo/lista-reclamacoes/?complaint_id=qB6QU-KaLxXhlHt0,WXUcboABjloyLjz9,Localiza Meoo,localiza-meoo,EXTERNAL_PUBLIC,RECLAME_AQUI_PUBLIC_BFF
y-fI2i2vXtu0fh7t,Tive meu nome negativado indevidamente e meu crédito reprovado por falha da Localiza,"Venho registrar mais um episódio gravíssimo de descaso, desorganização interna e falta de comunicação da Localiza Meoo.

P",ANSWERED,False,São Bernardo do Campo,SP,2026-09-19T21:56:59,https://www.reclameaqui.com.br/empresa/localiza-meoo/lista-reclamacoes/?complaint_id=y-fI2i2vXtu0fh7t,WXUcboABjloyLjz9,Localiza Meoo,localiza-meoo,EXTERNAL_PUBLIC,RECLAME_AQUI_PUBLIC_BFF
2m_8nInYpMVa-BzA,Não recebi o carro que assinei há mais de 5 meses,"Fiz assinatura de um carro em 20/04/2026. Já são mais de 5 meses e ainda não recebi o carro para uso. 
Os atendentes sempre fa",SOLVED,True,Curitiba,PR,2026-09-19T20:41:12,https://www.reclameaqui.com.br/empresa/localiza-meoo/lista-reclamacoes/?complaint_id=2m_8nInYpMVa-BzA,WXUcboABjloyLjz9,Localiza Meoo,localiza-meoo,EXTERNAL_PUBLIC,RECLAME_AQUI_PUBLIC_BFF
E0UM7G-5zLPKKxSq,Fiquei sem carro reserva adequado e com pane recorrente da Localiza Meoo,"Pago quase R$ 4 mil por mês à Localiza Meoo e, quando preciso de assistência, fico sem uma solução adequada.

Ontem, sexta",PENDING,False,Osasco,SP,2026-09-19T17:16:53,https://www.reclameaqui.com.br/empresa/localiza-meoo/lista-reclamacoes/?complaint_id=E0UM7G-5zLPKKxSq,WXUcboABjloyLjz9,Localiza Meoo,localiza-meoo,EXTERNAL_PUBLIC,RECLAME_AQUI_PUBLIC_BFF
YVV5CGdZHQCeYQk3,Localiza Meoo devolveu meu carro após sinistro com reparo de péssima qualidade e ainda posso ser cobrado pelos danos,"Sou assinante do Localiza Meoo, pagando aproximadamente R$ 2.500,00 por mês, e tive um sinistro com o veículo.

Acionei a",ANSWERED,False,Salto,SP,2026-09-19T12:26:50,https://www.reclameaqui.com.br/empresa/localiza-meoo/lista-reclamacoes/?complaint_id=YVV5CGdZHQCeYQk3,WXUcboABjloyLjz9,Localiza Meoo,localiza-meoo,EXTERNAL_PUBLIC,RECLAME_AQUI_PUBLIC_BFF
dU7DcRBd4HZf3Q53,mudança de data,Olá mais uma vez não estou conseguindo mudar a data do boleto cnpj *****,SOLVED,True,São Paulo,SP,2026-09-19T10:59:18,https://www.reclameaqui.com.br/empresa/localiza-meoo/lista-reclamacoes/?complaint_id=dU7DcRBd4HZf3Q53,WXUcboABjloyLjz9,Localiza Meoo,localiza-meoo,EXTERNAL_PUBLIC,RECLAME_AQUI_PUBLIC_BFF
Nfr9ZPSk_15IG5uG,Continuo com problema com a Localiza Meo e aumento das parcelas,"Bom dia!

Contínuo com problema com esse Empresa.
A Localiza Meo parece aue não tem consideração com os seus clientes.",SOLVED,True,Manaus,AM,2026-09-19T08:10:48,https://www.reclameaqui.com.br/empresa/localiza-meoo/lista-reclamacoes/?complaint_id=Nfr9ZPSk_15IG5uG,WXUcboABjloyLjz9,Localiza Meoo,localiza-meoo,EXTERNAL_PUBLIC,RECLAME_AQUI_PUBLIC_BFF
FEjF6s-BxiTBMWGs,Descaso,Venho registrar novamente minha profunda insatisfação com a Localiza em razão da forma como vem sendo conduzido o reparo do meu ve,ANSWERED,False,Carapicuíba,SP,2026-09-19T05:57:45,https://www.reclameaqui.com.br/empresa/localiza-meoo/lista-reclamacoes/?complaint_id=FEjF6s-BxiTBMWGs,WXUcboABjloyLjz9,Localiza Meoo,localiza-meoo,EXTERNAL_PUBLIC,RECLAME_AQUI_PUBLIC_BFF
pHg4qrqx564C-gMK,Exijo exclusão de consulta indevida ao meu CPF pela Localiza Fleet,"Fui avisado pelo app Serasa que localiza fleet sa realizou consulta ao meu CPF no dia 16/9/26, não estou realizando nenhum tipo de",PENDING,False,Maringá,PR,2026-09-18T20:13:04,https://www.reclameaqui.com.br/empresa/localiza-meoo/lista-reclamacoes/?complaint_id=pHg4qrqx564C-gMK,WXUcboABjloyLjz9,Localiza Meoo,localiza-meoo,EXTERNAL_PUBLIC,RECLAME_AQUI_PUBLIC_BFF
ZjuaM76bVtSzYSq0,Não consigo cancelar meu contrato e o atendimento não me responde,"FAZ DIAS QUE TENTO SOLICITAR O CANCELAMENTO DE UM DOS MEUS CONTRATOS E NÃO ME RESPONDEM, E QUANDO INICIAM UMA CONVERSA PARAM E O A",ANSWERED,False,Londrina,PR,2026-09-18T18:27:58,https://www.reclameaqui.com.br/empresa/localiza-meoo/lista-reclamacoes/?complaint_id=ZjuaM76bVtSzYSq0,WXUcboABjloyLjz9,Localiza Meoo,localiza-meoo,EXTERNAL_PUBLIC,RECLAME_AQUI_PUBLIC_BFF
jxukasDCzkaBl6gX,Meu carro por assinatura foi batido e a Localiza não me dá um norte sobre o conserto,"tenho um carro por assinatura pelo LocalizaMEO, até o momento estava td maravilhosa porem no dia 07/08/2026 um rapaz bateu na minh",ANSWERED,False,Campinas,SP,2026-09-18T18:08:09,https://www.reclameaqui.com.br/empresa/localiza-meoo/lista-reclamacoes/?complaint_id=jxukasDCzkaBl6gX,WXUcboABjloyLjz9,Localiza Meoo,localiza-meoo,EXTERNAL_PUBLIC,RECLAME_AQUI_PUBLIC_BFF
90J_7iPuRL468Off,Fui cobrado indevidamente por km excedente na renovação antecipada do meu contrato,"Tinha um contrato Localiza Meoo com vigência de 12 meses, iniciado em 22/10/2025, cuja data prevista para encerramento era 22/10/2",SOLVED,True,Curitiba,PR,2026-09-18T17:37:57,https://www.reclameaqui.com.br/empresa/localiza-meoo/lista-reclamacoes/?complaint_id=90J_7iPuRL468Off,WXUcboABjloyLjz9,Localiza Meoo,localiza-meoo,EXTERNAL_PUBLIC,RECLAME_AQUI_PUBLIC_BFF
wszZR_H9R05ynEPR,Assinatura mensal e não entrega do serviço,"Venho por meio desta informar a TDS os clientes  e futuros clientes 

Pensem bem antes de assinar com a localiza",PENDING,False,São Gonçalo,RJ,2026-09-18T16:03:41,https://www.reclameaqui.com.br/empresa/localiza-meoo/lista-reclamacoes/?complaint_id=wszZR_H9R05ynEPR,WXUcboABjloyLjz9,Localiza Meoo,localiza-meoo,EXTERNAL_PUBLIC,RECLAME_AQUI_PUBLIC_BFF
mQfBDKtXKfp87xGD,Fui cobrado indevidamente por multas de não identificação de condutor,"Sou cliente da Localiza há muitos anos. Já utilizei veículos da empresa anteriormente e, atualmente, sou cliente do Localiza Meoo,",SOLVED,True,Belo Horizonte,MG,2026-09-18T16:00:51,https://www.reclameaqui.com.br/empresa/localiza-meoo/lista-reclamacoes/?complaint_id=mQfBDKtXKfp87xGD,WXUcboABjloyLjz9,Localiza Meoo,localiza-meoo,EXTERNAL_PUBLIC,RECLAME_AQUI_PUBLIC_BFF
PsIeHyhzmWqEMbGg,Fui cobrado indevidamente por pintura de para-choque após devolução do carro,foi emitido o boleto de cobrança de pintura de para-choque após a devolução do carro sendo que na entrega Foi explicado que não ha,SOLVED,True,Jundiaí,SP,2026-09-18T15:34:50,https://www.reclameaqui.com.br/empresa/localiza-meoo/lista-reclamacoes/?complaint_id=PsIeHyhzmWqEMbGg,WXUcboABjloyLjz9,Localiza Meoo,localiza-meoo,EXTERNAL_PUBLIC,RECLAME_AQUI_PUBLIC_BFF
aj2jBbMPbkvSsk9J,Localiza não me enviou boleto de agosto e cobrou tudo em setembro,"Quero aqui, mostrar minha insatisfação como a localiza trata o cliente dela, fiz a troca do carro dia 14/09, e a localiza ate entã",SOLVED,True,São Paulo,SP,2026-09-18T13:25:45,https://www.reclameaqui.com.br/empresa/localiza-meoo/lista-reclamacoes/?complaint_id=aj2jBbMPbkvSsk9J,WXUcboABjloyLjz9,Localiza Meoo,localiza-meoo,EXTERNAL_PUBLIC,RECLAME_AQUI_PUBLIC_BFF
svf3SNjS_KVD2F_L,Cobrança indevida de quilometragem excedente após devolução de veículo,"Em 27/08/2024, celebrei com a Localiza Meoo o contrato de assinatura veicular n *****, referente ao veículo de placa *****, pelo p",PENDING,False,São Paulo,SP,2026-09-18T12:46:23,https://www.reclameaqui.com.br/empresa/localiza-meoo/lista-reclamacoes/?complaint_id=svf3SNjS_KVD2F_L,WXUcboABjloyLjz9,Localiza Meoo,localiza-meoo,EXTERNAL_PUBLIC,RECLAME_AQUI_PUBLIC_BFF
96x_nwcB3r__8k5g,Não consigo negociar desconto via boleto,"Estou tentando negociar com eles via central de atendimento, mais eles alegam que não consegue realizar o desconto via boleto, sen",SOLVED,True,Ribeirão Pires,SP,2026-09-18T12:45:01,https://www.reclameaqui.com.br/empresa/localiza-meoo/lista-reclamacoes/?complaint_id=96x_nwcB3r__8k5g,WXUcboABjloyLjz9,Localiza Meoo,localiza-meoo,EXTERNAL_PUBLIC,RECLAME_AQUI_PUBLIC_BFF
H0jKh4NM-WPeqQpj,Quero cancelar meu contrato de carro por assinatura sem ônus,"À Localiza Meoo / Localiza Veículos,
Por meio deste e-mail, venho solicitar o cancelamento imediato e sem ônus do contrato de",SOLVED,True,Rio de Janeiro,RJ,2026-09-18T11:52:02,https://www.reclameaqui.com.br/empresa/localiza-meoo/lista-reclamacoes/?complaint_id=H0jKh4NM-WPeqQpj,WXUcboABjloyLjz9,Localiza Meoo,localiza-meoo,EXTERNAL_PUBLIC,RECLAME_AQUI_PUBLIC_BFF
Jh0tP-b7JdqOO8n6,Contratei um carro elétrico e já são quase 5 meses de atraso sem explicação,"Contratei uma assinatura de veículo Chevrolet Spark EUV através da Mobi Assinatura/Localiza Meoo, com contrato assinado em 12/05/2",SOLVED,True,São Paulo,SP,2026-09-18T10:49:35,https://www.reclameaqui.com.br/empresa/localiza-meoo/lista-reclamacoes/?complaint_id=Jh0tP-b7JdqOO8n6,WXUcboABjloyLjz9,Localiza Meoo,localiza-meoo,EXTERNAL_PUBLIC,RECLAME_AQUI_PUBLIC_BFF
cH1kjcioNtOnT37I,Cobrança de KM excedente recorrente e solicito solução definitiva,"LOCALIZA MEOO  COBRANÇA DE KM EXCEDENTE | PEDIDO DE SOLUÇÃO DEFINITIVA

Estou recorrendo ao Reclame Aqui e ao Consumidor.g",ANSWERED,False,Rio de Janeiro,RJ,2026-09-18T10:34:45,https://www.reclameaqui.com.br/empresa/localiza-meoo/lista-reclamacoes/?complaint_id=cH1kjcioNtOnT37I,WXUcboABjloyLjz9,Localiza Meoo,localiza-meoo,EXTERNAL_PUBLIC,RECLAME_AQUI_PUBLIC_BFF
OP8474h4aR51Xx2D,Localiza não informou previamente sobre cobrança adicional após devolução do veículo,"Tinha um contrato Localiza Meoo com vigência de 24 meses, iniciado em 13/09/2024, cuja data prevista para encerramento era 13/09/2",ANSWERED,False,São José dos Campos,SP,2026-09-17T19:59:26,https://www.reclameaqui.com.br/empresa/localiza-meoo/lista-reclamacoes/?complaint_id=OP8474h4aR51Xx2D,WXUcboABjloyLjz9,Localiza Meoo,localiza-meoo,EXTERNAL_PUBLIC,RECLAME_AQUI_PUBLIC_BFF
VJ1CqC8hkc-1tlph,Localiza não deu o desconto prometido e bloqueou meu carro,"A empresa Localiza me ofereceu um polo track para alugar por R$ 2.248,00 mês e q o carro chegaria no prazo de 30 dias passou 30, 6",SOLVED,True,Paulista,PE,2026-09-17T19:47:56,https://www.reclameaqui.com.br/empresa/localiza-meoo/lista-reclamacoes/?complaint_id=VJ1CqC8hkc-1tlph,WXUcboABjloyLjz9,Localiza Meoo,localiza-meoo,EXTERNAL_PUBLIC,RECLAME_AQUI_PUBLIC_BFF
k6ATH1jTdL-VK6B_,Meu Honda HRV foi danificado e a Localiza não autoriza o reparo,"Meu veículo , Honda HRV, placa ***** foi danificado pelo veículo *****  na data de 05/08/2026. Desde então, venho lutando com",ANSWERED,False,Belo Horizonte,MG,2026-09-17T19:44:49,https://www.reclameaqui.com.br/empresa/localiza-meoo/lista-reclamacoes/?complaint_id=k6ATH1jTdL-VK6B_,WXUcboABjloyLjz9,Localiza Meoo,localiza-meoo,EXTERNAL_PUBLIC,RECLAME_AQUI_PUBLIC_BFF
leBqNZXgUb-4UtuV,Quero encerrar meu contrato de assinatura de veículo e negociar o pagamento,"Contratei um veículo por assinatura junto à Localiza Meoo, porém minha situação financeira mudou recentemente e estou enfrentando",ANSWERED,False,Engenheiro Coelho,SP,2026-09-17T19:14:46,https://www.reclameaqui.com.br/empresa/localiza-meoo/lista-reclamacoes/?complaint_id=leBqNZXgUb-4UtuV,WXUcboABjloyLjz9,Localiza Meoo,localiza-meoo,EXTERNAL_PUBLIC,RECLAME_AQUI_PUBLIC_BFF
On5AYazjKJnd6SsD,Exijo a troca de pneu de baixa qualidade no meu carro alugado pela Localiza Meoo,"Sou cliente do serviço de carros por assinatura da Localiza (Meoo) e, infelizmente, a minha experiência tem sido marcada por um gr",ANSWERED,False,João Pessoa,PB,2026-09-17T19:09:55,https://www.reclameaqui.com.br/empresa/localiza-meoo/lista-reclamacoes/?complaint_id=On5AYazjKJnd6SsD,WXUcboABjloyLjz9,Localiza Meoo,localiza-meoo,EXTERNAL_PUBLIC,RECLAME_AQUI_PUBLIC_BFF
AF8RJee9e8GIj00m,Não recebi boleto de multa rescisória e fui cobrado indevidamente,"Realizei o cancelamento da assinatura do veículo junto à Localiza/Meoo dentro do prazo contratual, com 30 dias de antecedência, co",ANSWERED,False,São José do Rio Preto,SP,2026-09-17T17:47:44,https://www.reclameaqui.com.br/empresa/localiza-meoo/lista-reclamacoes/?complaint_id=AF8RJee9e8GIj00m,WXUcboABjloyLjz9,Localiza Meoo,localiza-meoo,EXTERNAL_PUBLIC,RECLAME_AQUI_PUBLIC_BFF
UYUAdmcPG5ztict0,Não reconheço multa de trânsito em meu nome e Localiza não resolve,"Recebi da Localiza/Meoo uma notificação referente ao AIT n *****, vinculado ao veículo Nissan Kicks Play Sense, placa *****, de pr",ANSWERED,False,São Paulo,SP,2026-09-17T16:18:48,https://www.reclameaqui.com.br/empresa/localiza-meoo/lista-reclamacoes/?complaint_id=UYUAdmcPG5ztict0,WXUcboABjloyLjz9,Localiza Meoo,localiza-meoo,EXTERNAL_PUBLIC,RECLAME_AQUI_PUBLIC_BFF
1VPHMcbzZ70tcA5y,Meu carro alugado está em manutenção desde 10/09/2026 sem previsão de devolução,"Prezados,

Venho solicitar posicionamento formal e urgente acerca da manutenção do veículo objeto do Contrato de Aluguel e",PENDING,False,Campo Grande,MS,2026-09-17T15:58:09,https://www.reclameaqui.com.br/empresa/localiza-meoo/lista-reclamacoes/?complaint_id=1VPHMcbzZ70tcA5y,WXUcboABjloyLjz9,Localiza Meoo,localiza-meoo,EXTERNAL_PUBLIC,RECLAME_AQUI_PUBLIC_BFF
DHVr99ON9SXtC7Jy,Meu carro por assinatura foi bloqueado e a oficina não tem autorização para o conserto,Sou usuário de um carro por assinatura com contrato feito em nome do meu filho Rafael Bruno Gaspar Morada há aproximadamente 2 ano,ANSWERED,False,Fortaleza,CE,2026-09-17T15:45:40,https://www.reclameaqui.com.br/empresa/localiza-meoo/lista-reclamacoes/?complaint_id=DHVr99ON9SXtC7Jy,WXUcboABjloyLjz9,Localiza Meoo,localiza-meoo,EXTERNAL_PUBLIC,RECLAME_AQUI_PUBLIC_BFF
kU-Y5U8wKd3tYfOJ,Não consigo cancelar meu contrato e a empresa não responde,"Problema para cancelar o contrato com a empresa, entrei em contato para solicitar o cancelamento do meu contrato. E não tenho resp",ANSWERED,False,Porto Alegre,RS,2026-09-17T14:35:41,https://www.reclameaqui.com.br/empresa/localiza-meoo/lista-reclamacoes/?complaint_id=kU-Y5U8wKd3tYfOJ,WXUcboABjloyLjz9,Localiza Meoo,localiza-meoo,EXTERNAL_PUBLIC,RECLAME_AQUI_PUBLIC_BFF
kkwwmMz4CDK4dSCL,Não consigo cancelar meu contrato e a empresa me cobra multas indevidas,Estou há dias tentando contato com o SAC da empresa para realizar a antecipação da entrega do veículo e consequentemente encerrar,ANSWERED,False,Ribeirão Preto,SP,2026-09-17T13:34:31,https://www.reclameaqui.com.br/empresa/localiza-meoo/lista-reclamacoes/?complaint_id=kkwwmMz4CDK4dSCL,WXUcboABjloyLjz9,Localiza Meoo,localiza-meoo,EXTERNAL_PUBLIC,RECLAME_AQUI_PUBLIC_BFF
6McS0gJIAuFw2NpE,Contesto cobrança de quilometragem excedente indevida e em duplicidade,"Sou cliente da Localiza Assinatura e estou contestando uma cobrança de R$ 7.987,20, referente a 2.560 km excedentes, lançada no ap",ANSWERED,False,São Paulo,SP,2026-09-17T13:17:29,https://www.reclameaqui.com.br/empresa/localiza-meoo/lista-reclamacoes/?complaint_id=6McS0gJIAuFw2NpE,WXUcboABjloyLjz9,Localiza Meoo,localiza-meoo,EXTERNAL_PUBLIC,RECLAME_AQUI_PUBLIC_BFF
nJyYKxJO1HJuuPJ_,Devolvi meu carro alugado e recebo cobrança indevida,Eu aluguei um carro em contrato de longa permanência. Durante quatro anos a relação foi ótima. Nunca atrasei nenhum pagamento e se,ANSWERED,False,São Paulo,SP,2026-09-17T12:52:13,https://www.reclameaqui.com.br/empresa/localiza-meoo/lista-reclamacoes/?complaint_id=nJyYKxJO1HJuuPJ_,WXUcboABjloyLjz9,Localiza Meoo,localiza-meoo,EXTERNAL_PUBLIC,RECLAME_AQUI_PUBLIC_BFF
f9Pc2ET8FNJTVcAC,Não consigo cancelar meu contrato de assinatura de veículo e temo cobrança indevida,"Cancelamento de contrato em menos de 48 horas e dificuldade de atendimento

Realizei recentemente a contratação de um veíc",ANSWERED,False,Manaus,AM,2026-09-17T12:42:28,https://www.reclameaqui.com.br/empresa/localiza-meoo/lista-reclamacoes/?complaint_id=f9Pc2ET8FNJTVcAC,WXUcboABjloyLjz9,Localiza Meoo,localiza-meoo,EXTERNAL_PUBLIC,RECLAME_AQUI_PUBLIC_BFF
QUr3idkpEiyQEDsu,"4 meses sem carro + R$ 3188,59 de Cobrança Indevida + R$ 18.282,00 de Cobranças Extras","Ontem, 16/09/2026, meu carro voltou da oficina depois de 122 dias. 4 meses sem o carro que eu escolhi por que a Localiza é incapaz",ANSWERED,False,São Paulo,SP,2026-09-17T08:16:08,https://www.reclameaqui.com.br/empresa/localiza-meoo/lista-reclamacoes/?complaint_id=QUr3idkpEiyQEDsu,WXUcboABjloyLjz9,Localiza Meoo,localiza-meoo,EXTERNAL_PUBLIC,RECLAME_AQUI_PUBLIC_BFF
RjD06tos2bH4U7Ib,Meu carro da Localiza Meoo está bloqueado indevidamente e a empresa não cumpre o contrato,"Sou cliente da Localiza Meoo, com contrato de assinatura de veículo, e estou com o carro bloqueado desde 15/09/2026, mesmo depois",SOLVED,True,Castanhal,PA,2026-09-17T08:14:51,https://www.reclameaqui.com.br/empresa/localiza-meoo/lista-reclamacoes/?complaint_id=RjD06tos2bH4U7Ib,WXUcboABjloyLjz9,Localiza Meoo,localiza-meoo,EXTERNAL_PUBLIC,RECLAME_AQUI_PUBLIC_BFF
LgxKltRdxyRbk47b,Fui cobrado indevidamente por km excedido em contrato vigente,"Boa noite ,Jg fui surpreendido com uma fatura de mais de 40 mil sobre km excedido sendo que onconteatonainea está vigente ! Não te",ANSWERED,False,Volta Redonda,RJ,2026-09-17T00:38:57,https://www.reclameaqui.com.br/empresa/localiza-meoo/lista-reclamacoes/?complaint_id=LgxKltRdxyRbk47b,WXUcboABjloyLjz9,Localiza Meoo,localiza-meoo,EXTERNAL_PUBLIC,RECLAME_AQUI_PUBLIC_BFF
B1_HzyvfnzdzVZZZ,Atraso na entrega de veículo Kwid e indisponibilidade de carro provisório,"Fiz a assinatura de um veículo Kwid Evolution 1.0 12v Sce Flex 4p C/ar pelo Localiza Meoo (Contrato/Identificador: *****), confian",NOT_SOLVED,False,Salvador,BA,2026-09-16T18:33:04,https://www.reclameaqui.com.br/empresa/localiza-meoo/lista-reclamacoes/?complaint_id=B1_HzyvfnzdzVZZZ,WXUcboABjloyLjz9,Localiza Meoo,localiza-meoo,EXTERNAL_PUBLIC,RECLAME_AQUI_PUBLIC_BFF
e4TY3580e4Bwig64,Meu Jeep Compass alugado está há uma semana sem diagnóstico e a Localiza não me dá posição,"Sou cliente da Localiza Meoo há aproximadamente 32 meses e possuo um veículo Jeep Compass locado pela empresa. Infelizmente, estou",NOT_SOLVED,False,Campo Grande,MS,2026-09-16T18:23:50,https://www.reclameaqui.com.br/empresa/localiza-meoo/lista-reclamacoes/?complaint_id=e4TY3580e4Bwig64,WXUcboABjloyLjz9,Localiza Meoo,localiza-meoo,EXTERNAL_PUBLIC,RECLAME_AQUI_PUBLIC_BFF
_RavgechF21fikYk,"Cobrança de R$ 1.040,00 sem aprovação de orçamento, SAC nega protocolo e desrespeita CDC","Tenho um carro por assinatura no Localiza Meoo. O carro é novo, com 6 meses de uso. Tive o pneu furado em um buraco. Como manda o",ANSWERED,False,São José,SC,2026-09-16T17:54:20,https://www.reclameaqui.com.br/empresa/localiza-meoo/lista-reclamacoes/?complaint_id=_RavgechF21fikYk,WXUcboABjloyLjz9,Localiza Meoo,localiza-meoo,EXTERNAL_PUBLIC,RECLAME_AQUI_PUBLIC_BFF
ig9bVDZt7j4W2EpB,Não consigo pagar meu contrato com a Localiza por greve e bloqueio do carro,"Cliente:   *****
Contrato:   LOCALIZA MEOO
CPF:    *****
CONTRATO:  *****
PLACA:   *****
Valor:   R$  2.409,35",SOLVED,True,Fortaleza,CE,2026-09-16T16:21:51,https://www.reclameaqui.com.br/empresa/localiza-meoo/lista-reclamacoes/?complaint_id=ig9bVDZt7j4W2EpB,WXUcboABjloyLjz9,Localiza Meoo,localiza-meoo,EXTERNAL_PUBLIC,RECLAME_AQUI_PUBLIC_BFF
0WrxyFbjHjscs3pA,Cobrança indevida mesmo após reconhecimento de erro em situação semalhante,Desde o dia 31/05/2026 estou sem o carro que alugava com a Localiza e ela me envia cobranças pela locação. No dia 20/07/2026 abri,SOLVED,True,Maceió,AL,2026-09-16T15:44:43,https://www.reclameaqui.com.br/empresa/localiza-meoo/lista-reclamacoes/?complaint_id=0WrxyFbjHjscs3pA,WXUcboABjloyLjz9,Localiza Meoo,localiza-meoo,EXTERNAL_PUBLIC,RECLAME_AQUI_PUBLIC_BFF
w2_8zwyU5D63PFyi,Fui cobrada indevidamente por quilometragem excedente após encerrar contrato com Localiza Meoo,"*Cobrança indevida de quilometragem após encerramento do contrato*

Celebrei com a Localiza Meoo o contrato de alugue",ANSWERED,False,Rio de Janeiro,RJ,2026-09-16T15:20:14,https://www.reclameaqui.com.br/empresa/localiza-meoo/lista-reclamacoes/?complaint_id=w2_8zwyU5D63PFyi,WXUcboABjloyLjz9,Localiza Meoo,localiza-meoo,EXTERNAL_PUBLIC,RECLAME_AQUI_PUBLIC_BFF
1pEWNOeJlA3aOc-3,Não consigo usar meu carro alugado e a Localiza se recusa a dar reserva,"Meu nome é ***** e sou cliente da Localiza Meoo, responsável pelo veículo de placa *****.

O veículo encontra-se totalment",ANSWERED,False,Atibaia,SP,2026-09-16T14:52:06,https://www.reclameaqui.com.br/empresa/localiza-meoo/lista-reclamacoes/?complaint_id=1pEWNOeJlA3aOc-3,WXUcboABjloyLjz9,Localiza Meoo,localiza-meoo,EXTERNAL_PUBLIC,RECLAME_AQUI_PUBLIC_BFF
XQml8jYszAVJpwtu,Reparo com Vício Oculto,"Serviço de reparo prestado , cobrado (2 vezes) e serviço de baixa qualidade e com vícios ocultos.",ANSWERED,False,Vila Velha,ES,2026-09-16T14:24:14,https://www.reclameaqui.com.br/empresa/localiza-meoo/lista-reclamacoes/?complaint_id=XQml8jYszAVJpwtu,WXUcboABjloyLjz9,Localiza Meoo,localiza-meoo,EXTERNAL_PUBLIC,RECLAME_AQUI_PUBLIC_BFF
CmfBcl5Nf23JnJXg,Falta de flexibilidade nas datas de pagamento ocasionando bloqueio do carrk,"Meu pai tem um contrato com a localiza, onde eu sou a motorista responsável e responsável pelos pagamentos também.
Oque ocorre",SOLVED,True,São José,SC,2026-09-16T14:07:08,https://www.reclameaqui.com.br/empresa/localiza-meoo/lista-reclamacoes/?complaint_id=CmfBcl5Nf23JnJXg,WXUcboABjloyLjz9,Localiza Meoo,localiza-meoo,EXTERNAL_PUBLIC,RECLAME_AQUI_PUBLIC_BFF
S3nOe2b9nq2AQhli,Quero encerrar meu contrato de carro alugado e negociar a taxa de devolução,"À OUVIDORIA E À GERÊNCIA DE NEGOCIAÇÕES CONTRATUAIS  LOCALIZA MEOO

Assunto: RECLAMAÇÃO FORMAL  CONTRATO *****  SOLICITAÇÃ",ANSWERED,False,Recife,PE,2026-09-16T14:05:32,https://www.reclameaqui.com.br/empresa/localiza-meoo/lista-reclamacoes/?complaint_id=S3nOe2b9nq2AQhli,WXUcboABjloyLjz9,Localiza Meoo,localiza-meoo,EXTERNAL_PUBLIC,RECLAME_AQUI_PUBLIC_BFF
deadz2rbsxQmI78C,Fui cobrado por km excedente indevidamente na Localiza Meo,Fiz uma assinatura na Localiza Meo com um contrato de 48.000km em 24 meses. No quarto mês além da parcela do contrato apareceu um,ANSWERED,False,Floriano,PI,2026-09-16T12:56:51,https://www.reclameaqui.com.br/empresa/localiza-meoo/lista-reclamacoes/?complaint_id=deadz2rbsxQmI78C,WXUcboABjloyLjz9,Localiza Meoo,localiza-meoo,EXTERNAL_PUBLIC,RECLAME_AQUI_PUBLIC_BFF
S0oO0SDA4hzClnHd,Danos causados por veículo alugado da Localiza e recusa de análise do sinistro,"No dia do ocorrido, meu veículo estava regularmente estacionado no estacionamento de uma clínica veterinária, enquanto eu estava n",NOT_SOLVED,False,Guarujá,SP,2026-09-16T12:13:54,https://www.reclameaqui.com.br/empresa/localiza-meoo/lista-reclamacoes/?complaint_id=S0oO0SDA4hzClnHd,WXUcboABjloyLjz9,Localiza Meoo,localiza-meoo,EXTERNAL_PUBLIC,RECLAME_AQUI_PUBLIC_BFF
J5XnjEfqfQRFWTXR,Carro da Localiza bateu na traseira do meu veículo e se nega a arcar com os danos,Bom dia no dia 28/08 sofri um acidente onde um carro da localiza de placa SYO0D97 bateu na traseira do meu veículo e a empresa se,NOT_SOLVED,False,Salvador,BA,2026-09-16T12:04:37,https://www.reclameaqui.com.br/empresa/localiza-meoo/lista-reclamacoes/?complaint_id=J5XnjEfqfQRFWTXR,WXUcboABjloyLjz9,Localiza Meoo,localiza-meoo,EXTERNAL_PUBLIC,RECLAME_AQUI_PUBLIC_BFF
RdjlsDGomE8cnUem,Meu carro alugado apresentou problema e a Locadora não oferece carro reserva,"O descontentamento está muito grande com essa empresa de nome ,renomada grande porém a falta de informação é terrível Eu tenho um",SOLVED,True,Louveira,SP,2026-09-16T11:40:33,https://www.reclameaqui.com.br/empresa/localiza-meoo/lista-reclamacoes/?complaint_id=RdjlsDGomE8cnUem,WXUcboABjloyLjz9,Localiza Meoo,localiza-meoo,EXTERNAL_PUBLIC,RECLAME_AQUI_PUBLIC_BFF
5JNkvp6mSu1HACm7,Quero pagar a multa de cancelamento e a Localiza não me envia o boleto,Estou satisfeito com o carro e os serviços da Localiza porém por motivos pessoais não terei condições de seguir o contrato de assi,SOLVED,True,São Paulo,SP,2026-09-16T09:43:40,https://www.reclameaqui.com.br/empresa/localiza-meoo/lista-reclamacoes/?complaint_id=5JNkvp6mSu1HACm7,WXUcboABjloyLjz9,Localiza Meoo,localiza-meoo,EXTERNAL_PUBLIC,RECLAME_AQUI_PUBLIC_BFF
7td40ft-u53qh5sw,Fui humilhado por atendente da Localiza após 20 anos de fidelidade,"Humilhado por atendente da Localiza após 20 anos de fidelidade  cobrança arrogante, humilhante, rude e usando de ironia ao ser que",SOLVED,True,Salvador,BA,2026-09-16T09:23:21,https://www.reclameaqui.com.br/empresa/localiza-meoo/lista-reclamacoes/?complaint_id=7td40ft-u53qh5sw,WXUcboABjloyLjz9,Localiza Meoo,localiza-meoo,EXTERNAL_PUBLIC,RECLAME_AQUI_PUBLIC_BFF
vYM_rl6o-PNbIawy,Meu carro foi bloqueado indevidamente pela Localiza após prorrogação de fatura,"A situação financeira pessoal complicou e com frequência eu pago a assinatura com 20 ou 30 dias de atraso.
A Localiza inicia u",ANSWERED,False,Lençóis Paulista,SP,2026-09-16T08:00:23,https://www.reclameaqui.com.br/empresa/localiza-meoo/lista-reclamacoes/?complaint_id=vYM_rl6o-PNbIawy,WXUcboABjloyLjz9,Localiza Meoo,localiza-meoo,EXTERNAL_PUBLIC,RECLAME_AQUI_PUBLIC_BFF
Ng8AGRbDHoqAFTp5,Meu carro T Cross 2026 teve pneu trocado por um de baixa qualidade,"Tenho um veículo T Cross 2026 por assinatura , carro com 2 mil km agora , e inaceitável uma empresa desse porte quando acontece al",ANSWERED,False,São Paulo,SP,2026-09-15T23:50:01,https://www.reclameaqui.com.br/empresa/localiza-meoo/lista-reclamacoes/?complaint_id=Ng8AGRbDHoqAFTp5,WXUcboABjloyLjz9,Localiza Meoo,localiza-meoo,EXTERNAL_PUBLIC,RECLAME_AQUI_PUBLIC_BFF
xY9Yy_P2APS3XfE_,Localiza bloqueou meu carro e colocou minha enteada em risco,"Venho por meio desta manifestar minha profunda indignação e revolta com a conduta abusiva, ilegal e desumana adotada pela Localiza",PENDING,False,Monte Mor,SP,2026-09-15T23:15:09,https://www.reclameaqui.com.br/empresa/localiza-meoo/lista-reclamacoes/?complaint_id=xY9Yy_P2APS3XfE_,WXUcboABjloyLjz9,Localiza Meoo,localiza-meoo,EXTERNAL_PUBLIC,RECLAME_AQUI_PUBLIC_BFF
XS0TcqUrYaLEjXir,Cobrança de quilometragem excedente indevida no meu carro alugado,Sou cliente da Localiza Meoo e foi gerada uma cobrança de quilometragem excedente que não corresponde às informações apresentadas,ANSWERED,False,Ouro Branco,MG,2026-09-15T21:07:02,https://www.reclameaqui.com.br/empresa/localiza-meoo/lista-reclamacoes/?complaint_id=XS0TcqUrYaLEjXir,WXUcboABjloyLjz9,Localiza Meoo,localiza-meoo,EXTERNAL_PUBLIC,RECLAME_AQUI_PUBLIC_BFF
xIAV1jzQRdtbi0Xw,Multas ilegais e cobrança de km excedente antes do fim do contrato,"Tentei de todas as formas contatar a empresa, sem sucesso. 
1- multas absolutamente ilegais que não me ofereceram apoio juridi",ANSWERED,False,São Paulo,SP,2026-09-15T19:08:14,https://www.reclameaqui.com.br/empresa/localiza-meoo/lista-reclamacoes/?complaint_id=xIAV1jzQRdtbi0Xw,WXUcboABjloyLjz9,Localiza Meoo,localiza-meoo,EXTERNAL_PUBLIC,RECLAME_AQUI_PUBLIC_BFF
ohTjYkRFzgO4rFUc,Não consigo cancelar meu contrato com a Localiza e me sinto [Editado pelo Reclame Aqui],Estou há uma semana tentando cancelar meu contrato de assinatura com a Localiza e todos os dias a atendente pede um prazo para aná,SOLVED,True,Belo Horizonte,MG,2026-09-15T18:12:29,https://www.reclameaqui.com.br/empresa/localiza-meoo/lista-reclamacoes/?complaint_id=ohTjYkRFzgO4rFUc,WXUcboABjloyLjz9,Localiza Meoo,localiza-meoo,EXTERNAL_PUBLIC,RECLAME_AQUI_PUBLIC_BFF
tUxClnfZMZDln6Ex,Meu carro alugado está previsto para ficar retido por mais de 20 dias e ainda cobram mensalidade,"Levei meu carro pra manutenção na Pit Stop da Barão Homem de Melo em BH na 6a feira, 11/09, o problema não foi resolvido, agendara",ANSWERED,False,Belo Horizonte,MG,2026-09-15T17:23:24,https://www.reclameaqui.com.br/empresa/localiza-meoo/lista-reclamacoes/?complaint_id=tUxClnfZMZDln6Ex,WXUcboABjloyLjz9,Localiza Meoo,localiza-meoo,EXTERNAL_PUBLIC,RECLAME_AQUI_PUBLIC_BFF
OoB7c2F6ZwSLzKfI,Fui surpreendido com aumento na mensalidade do meu veículo Localiza Meoo,"Bom dia!

Fui surpreendido novamente com um aumento no valor da mensalidade do meu veículo, que passou de R$ 2.349,00 para",PENDING,False,Salvador,BA,2026-09-15T11:54:01,https://www.reclameaqui.com.br/empresa/localiza-meoo/lista-reclamacoes/?complaint_id=OoB7c2F6ZwSLzKfI,WXUcboABjloyLjz9,Localiza Meoo,localiza-meoo,EXTERNAL_PUBLIC,RECLAME_AQUI_PUBLIC_BFF
ZQ8vmWP13YWD2vAL,Não recebi o carro alugado e querem me cobrar multa,"Contratei junto à Localiza Meoo um plano de locação de veículo com duração anual. No momento da contratação, fui informado de que",SOLVED,True,Rio de Janeiro,RJ,2026-09-15T11:07:22,https://www.reclameaqui.com.br/empresa/localiza-meoo/lista-reclamacoes/?complaint_id=ZQ8vmWP13YWD2vAL,WXUcboABjloyLjz9,Localiza Meoo,localiza-meoo,EXTERNAL_PUBLIC,RECLAME_AQUI_PUBLIC_BFF
pGRaoXjsMdlVTDUt,Descumprimento de acordo extrajudicial para pagamento de indenização por acidente de trânsito,"DESCUMPRIMENTO DE ACORDO EXTRAJUDICIAL  PAGAMENTO NÃO REALIZADO NO PRAZO

Venho, por meio desta reclamação, registrar form",SOLVED,True,Fortaleza,CE,2026-09-15T10:24:46,https://www.reclameaqui.com.br/empresa/localiza-meoo/lista-reclamacoes/?complaint_id=pGRaoXjsMdlVTDUt,WXUcboABjloyLjz9,Localiza Meoo,localiza-meoo,EXTERNAL_PUBLIC,RECLAME_AQUI_PUBLIC_BFF
GCYGGQU5VjsQfV6K,Não recebi meu carro do Localiza Meoo e a empresa não dá informações,"Contratei o Localiza Meoo e estou aguardando meu veículo desde maio. Até hoje, 15/09, não recebi o carro e o mais preocupante é a",ANSWERED,False,Belo Horizonte,MG,2026-09-15T10:13:33,https://www.reclameaqui.com.br/empresa/localiza-meoo/lista-reclamacoes/?complaint_id=GCYGGQU5VjsQfV6K,WXUcboABjloyLjz9,Localiza Meoo,localiza-meoo,EXTERNAL_PUBLIC,RECLAME_AQUI_PUBLIC_BFF
zA0EIUrgouW7TnXC,Não consigo usar meu carro alugado com defeito e a Localiza não resolve,"Assunto: Notificação por descumprimento contratual, vício oculto e falha na prestação de serviços  Contrato Localiza Meoo
Em f",PENDING,False,Guarulhos,SP,2026-09-15T09:03:50,https://www.reclameaqui.com.br/empresa/localiza-meoo/lista-reclamacoes/?complaint_id=zA0EIUrgouW7TnXC,WXUcboABjloyLjz9,Localiza Meoo,localiza-meoo,EXTERNAL_PUBLIC,RECLAME_AQUI_PUBLIC_BFF
Kb1Y2PJJsOXElh6I,Não recebi meu carro alugado e a empresa não dá informações,Pela segunda vez venho aqui reclamar da falta de compromisso e responsabilidade da empresa. Fechei um contrato de assinatura de um,NOT_SOLVED,False,Balsas,MA,2026-09-15T08:50:52,https://www.reclameaqui.com.br/empresa/localiza-meoo/lista-reclamacoes/?complaint_id=Kb1Y2PJJsOXElh6I,WXUcboABjloyLjz9,Localiza Meoo,localiza-meoo,EXTERNAL_PUBLIC,RECLAME_AQUI_PUBLIC_BFF
PPcK2MksJxH9YtLg,Fui cobrado indevidamente por km excedente e meu carro foi bloqueado na rodovia,"RECLAMAÇÃO  BLOQUEIO INDEVIDO DO VEÍCULO, FALHA NO ATENDIMENTO E COBRANÇA DE KM EXCEDENTE

Em 11/09/2026, entrei em contat",SOLVED,True,São Paulo,SP,2026-09-15T08:31:49,https://www.reclameaqui.com.br/empresa/localiza-meoo/lista-reclamacoes/?complaint_id=PPcK2MksJxH9YtLg,WXUcboABjloyLjz9,Localiza Meoo,localiza-meoo,EXTERNAL_PUBLIC,RECLAME_AQUI_PUBLIC_BFF
7_R7WLuKVkdlXEpp,Meu carro da Localiza está com problema na injeção há meses e não tenho solução,"Sou cliente Localiza Meoo e estou enfrentando uma situação que já ultrapassou o razoável.

Desde a 1 revisão do veículo, v",ANSWERED,False,São Bernardo do Campo,SP,2026-09-14T23:46:21,https://www.reclameaqui.com.br/empresa/localiza-meoo/lista-reclamacoes/?complaint_id=7_R7WLuKVkdlXEpp,WXUcboABjloyLjz9,Localiza Meoo,localiza-meoo,EXTERNAL_PUBLIC,RECLAME_AQUI_PUBLIC_BFF
_qxUsw_0wuQL7K8f,Preciso cancelar meu carro da Localiza e negociar dívida em aberto,Sou assinante de um carro da localiza Meoo há dois anos. Resolvi cancelar o contrato por problemas financeiros. Tenho uma mensalid,NOT_SOLVED,False,Guarujá,SP,2026-09-14T21:40:56,https://www.reclameaqui.com.br/empresa/localiza-meoo/lista-reclamacoes/?complaint_id=_qxUsw_0wuQL7K8f,WXUcboABjloyLjz9,Localiza Meoo,localiza-meoo,EXTERNAL_PUBLIC,RECLAME_AQUI_PUBLIC_BFF
q4k9Dd9qkINcY5r4,Contratei assinatura de veículo e a Localiza cobra valor e reajuste indevidos,"Contratei junto à Localiza Fleet S/A (Localiza Meoo) a assinatura de um veículo HB20 Comfort Plus Flex 1.0, com franquia mensal de",PENDING,False,São Paulo,SP,2026-09-14T20:59:03,https://www.reclameaqui.com.br/empresa/localiza-meoo/lista-reclamacoes/?complaint_id=q4k9Dd9qkINcY5r4,WXUcboABjloyLjz9,Localiza Meoo,localiza-meoo,EXTERNAL_PUBLIC,RECLAME_AQUI_PUBLIC_BFF
kLJ1jF-Bd5MEs_y5,Contratei carro com final de placa específico e recebi outro,"Contratei um carro por assinatura da Localiza Meoo em março de 2026, incluindo o
serviço adicional de escolha do final da plac",NOT_SOLVED,False,São Paulo,SP,2026-09-14T19:24:03,https://www.reclameaqui.com.br/empresa/localiza-meoo/lista-reclamacoes/?complaint_id=kLJ1jF-Bd5MEs_y5,WXUcboABjloyLjz9,Localiza Meoo,localiza-meoo,EXTERNAL_PUBLIC,RECLAME_AQUI_PUBLIC_BFF
HZzRKOde_JE-XqbH,Não fizeram a revisão completa do meu carro e a empresa não resolve,"Agendei a revisão de 30 mil km para hoje as 11 horas da manhã, na empresa xxx
Como trabalho com agendamento, pedi para o Eduar",PENDING,False,São Paulo,SP,2026-09-14T17:25:30,https://www.reclameaqui.com.br/empresa/localiza-meoo/lista-reclamacoes/?complaint_id=HZzRKOde_JE-XqbH,WXUcboABjloyLjz9,Localiza Meoo,localiza-meoo,EXTERNAL_PUBLIC,RECLAME_AQUI_PUBLIC_BFF
rpihFx1AbVDo2Mqm,Cobrança de km excedente indevida no meu contrato com a Localiza,"Sou cliente localiza a bastante tempo, ja estamos no 3 contrato, porém este último carro tenho tido questões financeiras bem grave",PENDING,False,Porto Alegre,RS,2026-09-14T17:18:05,https://www.reclameaqui.com.br/empresa/localiza-meoo/lista-reclamacoes/?complaint_id=rpihFx1AbVDo2Mqm,WXUcboABjloyLjz9,Localiza Meoo,localiza-meoo,EXTERNAL_PUBLIC,RECLAME_AQUI_PUBLIC_BFF
b7jOfSoQDhOI6scQ,Localiza negou cobertura de sinistro do meu carro CRETA,"Tenho 2 carros Localiza Meo desde 2024, o carro em questão é um CRETA Platinum placa *****, no dia 08/08/2026 ao retornar pra minh",SOLVED,True,Itabuna,BA,2026-09-14T16:03:24,https://www.reclameaqui.com.br/empresa/localiza-meoo/lista-reclamacoes/?complaint_id=b7jOfSoQDhOI6scQ,WXUcboABjloyLjz9,Localiza Meoo,localiza-meoo,EXTERNAL_PUBLIC,RECLAME_AQUI_PUBLIC_BFF
lHzvU2W9iv1DpVgD,Fui cobrado indevidamente pelo veículo Nivus,"Estou sendo cobrada pelo veículo Nivus com vencimento em 30/8, sendo que esta mensalidade já foi paga.

Peço que esse valo",ANSWERED,False,Curitiba,PR,2026-09-14T14:56:18,https://www.reclameaqui.com.br/empresa/localiza-meoo/lista-reclamacoes/?complaint_id=lHzvU2W9iv1DpVgD,WXUcboABjloyLjz9,Localiza Meoo,localiza-meoo,EXTERNAL_PUBLIC,RECLAME_AQUI_PUBLIC_BFF
83spSrVg-uSwOJ96,Fui cobrada indevidamente por km excedente após orientação da Localiza,"Cobrança de mais de R$9 mil  após orientação da propria - Localiza Meo

Sou Cliente do Plano de assinatura de veículos LOc",ANSWERED,False,Sabará,MG,2026-09-14T14:31:55,https://www.reclameaqui.com.br/empresa/localiza-meoo/lista-reclamacoes/?complaint_id=83spSrVg-uSwOJ96,WXUcboABjloyLjz9,Localiza Meoo,localiza-meoo,EXTERNAL_PUBLIC,RECLAME_AQUI_PUBLIC_BFF
I8phyLmL25bWQTks,Fui cobrada indevidamente pela Localiza Meeo por quilometragem,"Sou Proprietária da Empresa D dos Santos Serviços de Com. e Com. de Informática, CNPJ 18. 694.690/0001-91.
Aluguei um carro po",ANSWERED,False,Cabo Frio,RJ,2026-09-14T14:09:57,https://www.reclameaqui.com.br/empresa/localiza-meoo/lista-reclamacoes/?complaint_id=I8phyLmL25bWQTks,WXUcboABjloyLjz9,Localiza Meoo,localiza-meoo,EXTERNAL_PUBLIC,RECLAME_AQUI_PUBLIC_BFF
Bpnq6WKHvcS1RI4G,Não recebi meu carro da Localiza Meoo no prazo informado,"Realizei a contratação da assinatura Localiza Meoo para o período de 48 meses. Durante a negociação, antes de fechar o contrato, q",ANSWERED,False,Barueri,SP,2026-09-14T12:47:03,https://www.reclameaqui.com.br/empresa/localiza-meoo/lista-reclamacoes/?complaint_id=Bpnq6WKHvcS1RI4G,WXUcboABjloyLjz9,Localiza Meoo,localiza-meoo,EXTERNAL_PUBLIC,RECLAME_AQUI_PUBLIC_BFF
urqM91pl2cmzzr3F,Não consigo solicitar indenização por acidente envolvendo veículo Localiza  erro no sistema,"Prezados,

Sofri um acidente envolvendo um veículo da Localiza e, como terceiro prejudicado, estou tentando realizar a sol",SOLVED,True,Teresina,PI,2026-09-14T12:33:36,https://www.reclameaqui.com.br/empresa/localiza-meoo/lista-reclamacoes/?complaint_id=urqM91pl2cmzzr3F,WXUcboABjloyLjz9,Localiza Meoo,localiza-meoo,EXTERNAL_PUBLIC,RECLAME_AQUI_PUBLIC_BFF
8VyQNKOcaMN8SGvW,COBRANÇAS INDEVIDAS,"Este é o terceiro contrato de locação com a Localiza. Neste, especialmente, a Localiza tem, reiteradamente, imposto cobranças adic",ANSWERED,False,Pelotas,RS,2026-09-14T11:54:34,https://www.reclameaqui.com.br/empresa/localiza-meoo/lista-reclamacoes/?complaint_id=8VyQNKOcaMN8SGvW,WXUcboABjloyLjz9,Localiza Meoo,localiza-meoo,EXTERNAL_PUBLIC,RECLAME_AQUI_PUBLIC_BFF
rbdJajgb38xOivFE,Devolvi meu carro alugado e a Localiza Meoo não devolveu meu dinheiro,Fiz a devolução de um veículo locado com a localiza Meoo no dia 19/08/2026 e abri um chamado no dia 21/08/2026 pedindo a devolução,SOLVED,True,Canaã dos Carajás,PA,2026-09-14T11:53:04,https://www.reclameaqui.com.br/empresa/localiza-meoo/lista-reclamacoes/?complaint_id=rbdJajgb38xOivFE,WXUcboABjloyLjz9,Localiza Meoo,localiza-meoo,EXTERNAL_PUBLIC,RECLAME_AQUI_PUBLIC_BFF
90orcU7E7fUgL5yj,Fui cobrado indevidamente por multa que a Localiza não me notificou,"No mês de agosto tivemos uma reclamação de valores cobrados de multas de 2024/2025/2026 indevidamente, dos quais vários já haviam",SOLVED,True,Belo Horizonte,MG,2026-09-14T11:42:13,https://www.reclameaqui.com.br/empresa/localiza-meoo/lista-reclamacoes/?complaint_id=90orcU7E7fUgL5yj,WXUcboABjloyLjz9,Localiza Meoo,localiza-meoo,EXTERNAL_PUBLIC,RECLAME_AQUI_PUBLIC_BFF
PMR8sJ4wH5wmumjj,Bônus de 1.000 km prometido em campanha não foi aplicado na cobrança de franquia excedente,"Sou cliente do Carro por Assinatura da Localiza placa RNK6J14, com franquia mensal de 1.500 km.

Em 23/06/2026, recebi com",SOLVED,True,Bragança Paulista,SP,2026-09-14T11:40:19,https://www.reclameaqui.com.br/empresa/localiza-meoo/lista-reclamacoes/?complaint_id=PMR8sJ4wH5wmumjj,WXUcboABjloyLjz9,Localiza Meoo,localiza-meoo,EXTERNAL_PUBLIC,RECLAME_AQUI_PUBLIC_BFF
URE3NWaZvYkzZzC1,Cobrança indevida de multa por não indicação de condutor após falha do aplicativo e abertura de protocolo pela Localiza,Venho registrar minha insatisfação com a cobrança de uma penalidade por não indicação de condutor referente ao Auto de Infração J4,PENDING,False,Campo Grande,MS,2026-09-14T11:19:44,https://www.reclameaqui.com.br/empresa/localiza-meoo/lista-reclamacoes/?complaint_id=URE3NWaZvYkzZzC1,WXUcboABjloyLjz9,Localiza Meoo,localiza-meoo,EXTERNAL_PUBLIC,RECLAME_AQUI_PUBLIC_BFF
90imbr-6fxPHHY_L,Não consigo acessar meu app da Localiza após 10 dias de assinatura,Fiz assinatura no dia 04/09/26 e até hoje náo consigo acessar o APP porque fala que meu contrato esta em análise. Quando vou verif,NOT_SOLVED,False,Belo Horizonte,MG,2026-09-14T11:02:25,https://www.reclameaqui.com.br/empresa/localiza-meoo/lista-reclamacoes/?complaint_id=90imbr-6fxPHHY_L,WXUcboABjloyLjz9,Localiza Meoo,localiza-meoo,EXTERNAL_PUBLIC,RECLAME_AQUI_PUBLIC_BFF
H1jJ9IuHA7sdAusm,Problemas recorrentes no atendimento e agendamento de revisão  Localiza Meoo,"Problemas recorrentes no atendimento e agendamento de revisão  Localiza Meoo

Tenho um veículo por assinatura pela Localiz",SOLVED,True,Brasília,DF,2026-09-14T10:51:57,https://www.reclameaqui.com.br/empresa/localiza-meoo/lista-reclamacoes/?complaint_id=H1jJ9IuHA7sdAusm,WXUcboABjloyLjz9,Localiza Meoo,localiza-meoo,EXTERNAL_PUBLIC,RECLAME_AQUI_PUBLIC_BFF
yVUzxd5PM7J4Clqg,Cobrança abusiva e bloqueio indevido de carro por assinatura Localiza Meoo,"Tenho carro por assinatura Localiza Meoo. Em 27/08/2026 recebi uma ""Fatura de Indenização do bem"" de R$ 1.000,00 por &qu",ANSWERED,False,Salvador,BA,2026-09-14T10:36:54,https://www.reclameaqui.com.br/empresa/localiza-meoo/lista-reclamacoes/?complaint_id=yVUzxd5PM7J4Clqg,WXUcboABjloyLjz9,Localiza Meoo,localiza-meoo,EXTERNAL_PUBLIC,RECLAME_AQUI_PUBLIC_BFF
p2D6IbuRscfN8bX7,Impossibilidade de devolução de veículo alugado devido à exigência de pagamento integral de taxa de rescisão antecipada.,"LOCALIZA MEOO RECUSA RECEBER VEÍCULO E CONDICIONA DEVOLUÇÃO AO PAGAMENTO ANTECIPADO DE TDA

Venho registrar reclamação con",ANSWERED,False,Belo Horizonte,MG,2026-09-14T10:14:58,https://www.reclameaqui.com.br/empresa/localiza-meoo/lista-reclamacoes/?complaint_id=p2D6IbuRscfN8bX7,WXUcboABjloyLjz9,Localiza Meoo,localiza-meoo,EXTERNAL_PUBLIC,RECLAME_AQUI_PUBLIC_BFF
lDvhRsG4J7Srni5l,Reclamação sobre bloqueio de veículo por atraso no pagamento e dificuldades no desbloqueio com a Localiza Meoo.,"Possuo contrato de assinatura com a Localiza Meoo:

Na sexta feira 11/09/2026 meu carro foi bloqueado por atraso no pagame",SOLVED,True,Rio de Janeiro,RJ,2026-09-14T10:00:09,https://www.reclameaqui.com.br/empresa/localiza-meoo/lista-reclamacoes/?complaint_id=lDvhRsG4J7Srni5l,WXUcboABjloyLjz9,Localiza Meoo,localiza-meoo,EXTERNAL_PUBLIC,RECLAME_AQUI_PUBLIC_BFF
-XWe8FLUnK7kJOpc,Cliente cobra estorno de valor debitado indevidamente após acidente e multa não reconhecida.,"Sou cliente da Localiza Meoo, onde possuo um veículo por assinatura, e fui envolvido em um acidente de trânsito no qual não tive q",NOT_SOLVED,False,Manaus,AM,2026-09-14T09:59:18,https://www.reclameaqui.com.br/empresa/localiza-meoo/lista-reclamacoes/?complaint_id=-XWe8FLUnK7kJOpc,WXUcboABjloyLjz9,Localiza Meoo,localiza-meoo,EXTERNAL_PUBLIC,RECLAME_AQUI_PUBLIC_BFF
GasrJyvmp7yQsFeN,DIFICULDADE DE COMUNICACAO E DE CANCELAMENTO,"DESDE 23 DE AGOSTO TENTO ENCERRAMENTO DE CONTRATO E DEVOLUCAO DE VEICULO (NUM PROTOCOLO *****)  E A EMPRESA, ALEM DE NEGLIGENCIAR",ANSWERED,False,Vila Velha,ES,2026-09-14T09:15:13,https://www.reclameaqui.com.br/empresa/localiza-meoo/lista-reclamacoes/?complaint_id=GasrJyvmp7yQsFeN,WXUcboABjloyLjz9,Localiza Meoo,localiza-meoo,EXTERNAL_PUBLIC,RECLAME_AQUI_PUBLIC_BFF
nrD78_O22drZFHQK,promessa de pagamento,Gostaria de fazer uma promessa de pagamento do boleto,SOLVED,True,São Paulo,SP,2026-09-14T09:11:17,https://www.reclameaqui.com.br/empresa/localiza-meoo/lista-reclamacoes/?complaint_id=nrD78_O22drZFHQK,WXUcboABjloyLjz9,Localiza Meoo,localiza-meoo,EXTERNAL_PUBLIC,RECLAME_AQUI_PUBLIC_BFF
l5KR8g1G4vHeCVq1,Bloqueio de veículo e cobranças indevidas após devolução de carro anterior pela Localiza Meoo,"Localiza Meoo bloqueia meu carro mesmo após pagamento e cobra quase R$ 4 mil, 3 meses após a devolução de outro veículo

E",SOLVED,True,Pompéia,SP,2026-09-14T08:52:29,https://www.reclameaqui.com.br/empresa/localiza-meoo/lista-reclamacoes/?complaint_id=l5KR8g1G4vHeCVq1,WXUcboABjloyLjz9,Localiza Meoo,localiza-meoo,EXTERNAL_PUBLIC,RECLAME_AQUI_PUBLIC_BFF
ymS_KvR6FmDgNac3,"Localiza Meoo se recusa a substituir veículo com falhas mecânicas, salvo se eu renovar o contrato",Tenho um contrato de veículo por assinatura com a Localiza Meoo desde julho de 2024 e venho enfrentando recorrentes problemas mecâ,PENDING,False,Belo Horizonte,MG,2026-09-14T08:33:04,https://www.reclameaqui.com.br/empresa/localiza-meoo/lista-reclamacoes/?complaint_id=ymS_KvR6FmDgNac3,WXUcboABjloyLjz9,Localiza Meoo,localiza-meoo,EXTERNAL_PUBLIC,RECLAME_AQUI_PUBLIC_BFF
g3jMmOgmOqKlrODN,ITEM PERDIDO NA REVISÃO SEM NENHUM RETORNO DA LOCALIZA!,"ITEM PERDIDO NA REVISÃO SEM NENHUM RETORNO DA LOCALIZA! 


Dois itens pessoais que estavam no carro sumiram na revisão",PENDING,False,Belo Horizonte,MG,2026-09-14T08:27:21,https://www.reclameaqui.com.br/empresa/localiza-meoo/lista-reclamacoes/?complaint_id=g3jMmOgmOqKlrODN,WXUcboABjloyLjz9,Localiza Meoo,localiza-meoo,EXTERNAL_PUBLIC,RECLAME_AQUI_PUBLIC_BFF
LHHGZxoHNr_IGf-E,Cancelamento de aluguel anual de carro devido a defeito grave e propaganda enganosa,"Fiz um contrato para locação anual de um carro, o qual solicitei o cancelamento e a empresa está enrolando há 10 dias, se negando",PENDING,False,Dores do Rio Preto,ES,2026-09-14T08:06:15,https://www.reclameaqui.com.br/empresa/localiza-meoo/lista-reclamacoes/?complaint_id=LHHGZxoHNr_IGf-E,WXUcboABjloyLjz9,Localiza Meoo,localiza-meoo,EXTERNAL_PUBLIC,RECLAME_AQUI_PUBLIC_BFF
--SIVyXbNyuPHc8G,Cobrança indevida de quilometragem excedente em contrato de assinatura de veículo BYD Song Plus.,"Assinatura Localiza Meoo (hoje Localiza Assinatura), BYD Song Plus, franquia de 1.500 km/mês por 48 meses, retirado em 27/05/2026.",ANSWERED,False,Rio de Janeiro,RJ,2026-09-13T10:58:55,https://www.reclameaqui.com.br/empresa/localiza-meoo/lista-reclamacoes/?complaint_id=--SIVyXbNyuPHc8G,WXUcboABjloyLjz9,Localiza Meoo,localiza-meoo,EXTERNAL_PUBLIC,RECLAME_AQUI_PUBLIC_BFF
I8L0KCLDsaConXGZ,App de assinatura altera data de entrega sem aviso,"Simplesmente o app muda a data sem previsão, quinta feira  passada a previsão era 15/09 agora domingo a previsão é 15/10. A gente",ANSWERED,False,São Paulo,SP,2026-09-13T10:28:31,https://www.reclameaqui.com.br/empresa/localiza-meoo/lista-reclamacoes/?complaint_id=I8L0KCLDsaConXGZ,WXUcboABjloyLjz9,Localiza Meoo,localiza-meoo,EXTERNAL_PUBLIC,RECLAME_AQUI_PUBLIC_BFF
Barv8KpLEZPSODtF,Ar condicionado do veículo não funciona após manutenções,"Já fui por duas vezes ao centro de manutenções PIT STOP da Localiza na intenção de resolver o mesmo problema, mas ainda não houve",PENDING,False,Belo Horizonte,MG,2026-09-12T13:39:19,https://www.reclameaqui.com.br/empresa/localiza-meoo/lista-reclamacoes/?complaint_id=Barv8KpLEZPSODtF,WXUcboABjloyLjz9,Localiza Meoo,localiza-meoo,EXTERNAL_PUBLIC,RECLAME_AQUI_PUBLIC_BFF
PlCYzX9aysD_7ROq,Atraso na entrega de veículo e falta de comunicação da Localiza geram insatisfação e custos adicionais.,"Gostaria de registrar minha profunda insatisfação com a condução da minha assinatura de veículo junto à Localiza.

Realize",ANSWERED,False,Eusébio,CE,2026-09-12T11:54:43,https://www.reclameaqui.com.br/empresa/localiza-meoo/lista-reclamacoes/?complaint_id=PlCYzX9aysD_7ROq,WXUcboABjloyLjz9,Localiza Meoo,localiza-meoo,EXTERNAL_PUBLIC,RECLAME_AQUI_PUBLIC_BFF
hVspmrDk0eiLVSVj,Cobrança indevida e negativação indevida no Serasa pela Localiza Meoo,"Eu não poderia estar mais arrependido de ter contratado a Localiza Meoo. É o pior serviço que eu já contratei na vida, e vou expli",ANSWERED,False,Alfenas,MG,2026-09-12T11:53:32,https://www.reclameaqui.com.br/empresa/localiza-meoo/lista-reclamacoes/?complaint_id=hVspmrDk0eiLVSVj,WXUcboABjloyLjz9,Localiza Meoo,localiza-meoo,EXTERNAL_PUBLIC,RECLAME_AQUI_PUBLIC_BFF
Dq6yiYK_F6v_a1Zn,Atraso excessivo e falta de comunicação na entrega de carro premium Localiza Meoo,"Tomei a decisão errada de assinar um carro categoria premium pela Localiza Meoo. Até a assinatura parecia tudo muito bom, principa",SOLVED,True,São José dos Campos,SP,2026-09-11T19:50:03,https://www.reclameaqui.com.br/empresa/localiza-meoo/lista-reclamacoes/?complaint_id=Dq6yiYK_F6v_a1Zn,WXUcboABjloyLjz9,Localiza Meoo,localiza-meoo,EXTERNAL_PUBLIC,RECLAME_AQUI_PUBLIC_BFF
U4A-2IWlFOz6Seiy,Dificuldade de contato e mau atendimento com a Localiza Meoo,"Já percebi que para conversar com Localiza Meoo é somente através do RA.
[Editado pelo Reclame Aqui] 

Tentando resolv",ANSWERED,False,Belo Horizonte,MG,2026-09-11T18:21:53,https://www.reclameaqui.com.br/empresa/localiza-meoo/lista-reclamacoes/?complaint_id=U4A-2IWlFOz6Seiy,WXUcboABjloyLjz9,Localiza Meoo,localiza-meoo,EXTERNAL_PUBLIC,RECLAME_AQUI_PUBLIC_BFF
h1mU1EuM1oZWAdGr,Recebimento de mensagens de renovação após cancelamento e mau atendimento,"Desde que pedi o cancelamento do meu contrato não paro de receber mensagens para renovação, contratação de novos carros, compra de",PENDING,False,São Paulo,SP,2026-09-11T18:10:42,https://www.reclameaqui.com.br/empresa/localiza-meoo/lista-reclamacoes/?complaint_id=h1mU1EuM1oZWAdGr,WXUcboABjloyLjz9,Localiza Meoo,localiza-meoo,EXTERNAL_PUBLIC,RECLAME_AQUI_PUBLIC_BFF
HC5pQEmRd1jbKgoh,Expatriado com alta renda é impedido de contratar carro por assinatura na Localiza,"Sou expatriado, com todos meus documentos em dia, CPF, RNM, tenho uma renda de 1 milhão de reais por ano e não consigo fazer um ca",PENDING,False,São José dos Campos,SP,2026-09-11T17:00:57,https://www.reclameaqui.com.br/empresa/localiza-meoo/lista-reclamacoes/?complaint_id=HC5pQEmRd1jbKgoh,WXUcboABjloyLjz9,Localiza Meoo,localiza-meoo,EXTERNAL_PUBLIC,RECLAME_AQUI_PUBLIC_BFF
rHK9ruyc6G1Gfgxl,"Carro quitado, mas com gravame ativo devido a falha da Localiza na documentação.","Comprei o carro de placa RNM4I02 e me foi informado que toda documentação seria por parte da Localiza.
Quitei o financiamento",PENDING,False,Guaíba,RS,2026-09-11T16:16:54,https://www.reclameaqui.com.br/empresa/localiza-meoo/lista-reclamacoes/?complaint_id=rHK9ruyc6G1Gfgxl,WXUcboABjloyLjz9,Localiza Meoo,localiza-meoo,EXTERNAL_PUBLIC,RECLAME_AQUI_PUBLIC_BFF
jCI1_6kH8y6o0ENB,Cobrança em duplicidade por falta de indicação de condutor após pagamento de multa.,"Multa já pagas, quando terminei de pagar chegou cobrança em duplicidade por falta de indicação de condutor, sendo que o próprio as",ANSWERED,False,Belém,PA,2026-09-11T14:10:22,https://www.reclameaqui.com.br/empresa/localiza-meoo/lista-reclamacoes/?complaint_id=jCI1_6kH8y6o0ENB,WXUcboABjloyLjz9,Localiza Meoo,localiza-meoo,EXTERNAL_PUBLIC,RECLAME_AQUI_PUBLIC_BFF
38ip-7XruSmUZvvK,Cobrança indevida de quilometragem excedente em contrato de aluguel de carro,"Sou cliente da Localiza Meoo desde agosto/2023 (contrato *****, veículo Hyundai Creta, placa *****). Devolvi o carro em 24/08/2026",ANSWERED,False,São Paulo,SP,2026-09-11T12:54:43,https://www.reclameaqui.com.br/empresa/localiza-meoo/lista-reclamacoes/?complaint_id=38ip-7XruSmUZvvK,WXUcboABjloyLjz9,Localiza Meoo,localiza-meoo,EXTERNAL_PUBLIC,RECLAME_AQUI_PUBLIC_BFF
a5w8NL-YOc0UHla3,"Cobrança desnecessária, só para pertubar o cliente",Gostaria de registrar minha total insatisfação com os recorrentes problemas no meu contrato com a Localiza. Além de estar arcando,SOLVED,True,São Paulo,SP,2026-09-11T08:45:49,https://www.reclameaqui.com.br/empresa/localiza-meoo/lista-reclamacoes/?complaint_id=a5w8NL-YOc0UHla3,WXUcboABjloyLjz9,Localiza Meoo,localiza-meoo,EXTERNAL_PUBLIC,RECLAME_AQUI_PUBLIC_BFF
Frl9yrcHOe06zNQK,Cliente impossibilitado de devolver veículo Nissan Kicks há mais de 48 horas devido a falhas no atendimento da Localiza.,"Prezados,

Venho formalizar uma situação que já se estende por mais de 48 horas e que, até o momento, não foi solucionada.",ANSWERED,False,Florianópolis,SC,2026-09-11T07:15:26,https://www.reclameaqui.com.br/empresa/localiza-meoo/lista-reclamacoes/?complaint_id=Frl9yrcHOe06zNQK,WXUcboABjloyLjz9,Localiza Meoo,localiza-meoo,EXTERNAL_PUBLIC,RECLAME_AQUI_PUBLIC_BFF
H2xsY3muz-ZztINf,Problema mecânico em veículo recém-entregue e descaso no atendimento,"Realizei um novo contrato com a Localiza Meoo em 18/05 para assinatura de um GAC GS4 por 24 meses. 
Durante o ato de elaboraçã",ANSWERED,False,Recife,PE,2026-09-10T21:08:45,https://www.reclameaqui.com.br/empresa/localiza-meoo/lista-reclamacoes/?complaint_id=H2xsY3muz-ZztINf,WXUcboABjloyLjz9,Localiza Meoo,localiza-meoo,EXTERNAL_PUBLIC,RECLAME_AQUI_PUBLIC_BFF
CXFRT5R1EbOOKD0M,Alteração recorrente da data de vencimento da mensalidade do contrato de locação de veículo.,"Eu tenho um contrato de locação por 4 anos do meu carro, não é a primeira vez que trago esse assunto aqui, por 05 vezes tenho o de",ANSWERED,False,Artur Nogueira,SP,2026-09-10T19:53:02,https://www.reclameaqui.com.br/empresa/localiza-meoo/lista-reclamacoes/?complaint_id=CXFRT5R1EbOOKD0M,WXUcboABjloyLjz9,Localiza Meoo,localiza-meoo,EXTERNAL_PUBLIC,RECLAME_AQUI_PUBLIC_BFF
KNvp2FNyj6OP74HK,Cobrança indevida de quilometragem extra em aluguel de carro após término de fidelidade.,"tinha um carro alugado com   1000km de quilometragem ,. alterei para  3000km ,
com fidadelida de 1 ano , depois da fidelidade",SOLVED,True,Brasília,DF,2026-09-10T19:43:34,https://www.reclameaqui.com.br/empresa/localiza-meoo/lista-reclamacoes/?complaint_id=KNvp2FNyj6OP74HK,WXUcboABjloyLjz9,Localiza Meoo,localiza-meoo,EXTERNAL_PUBLIC,RECLAME_AQUI_PUBLIC_BFF
wh-tpz0w-3oyyI7q,Cobrança abusiva de taxa de depreciação e aviso prévio em cancelamento de contrato de aluguel de veículo.,"Sou cliente da Localiza (Contrato: *****, Placa: *****) e decidi cancelar minha assinatura antes do prazo final previsto. Para min",PENDING,False,Fortaleza,CE,2026-09-10T16:42:19,https://www.reclameaqui.com.br/empresa/localiza-meoo/lista-reclamacoes/?complaint_id=wh-tpz0w-3oyyI7q,WXUcboABjloyLjz9,Localiza Meoo,localiza-meoo,EXTERNAL_PUBLIC,RECLAME_AQUI_PUBLIC_BFF
3KOtmRU0BMWiXfbP,Solicitação de revisão do bloqueio de veículo por atraso e contestação de cobrança de KM excedente indevida.,"Primeiro, como cliente, solicito URGENTE a revisão do procedimento de BLOQUEAR o veículo em caso de atraso no pagamento. Para você",SOLVED,True,Campinas,SP,2026-09-10T15:43:54,https://www.reclameaqui.com.br/empresa/localiza-meoo/lista-reclamacoes/?complaint_id=3KOtmRU0BMWiXfbP,WXUcboABjloyLjz9,Localiza Meoo,localiza-meoo,EXTERNAL_PUBLIC,RECLAME_AQUI_PUBLIC_BFF
mjfZOszPulu7B8lt,Cobrança extra indevida por alegação de excesso de quilometragem em contrato de aluguel de carro.,"Sou gerente da Empresa D dos Santos Serviços de Com. e Com. de Informática, CNPJ 18.694.690/0001-91.
Alugamos um carro por 48",NOT_SOLVED,False,Nova Friburgo,RJ,2026-09-10T15:02:06,https://www.reclameaqui.com.br/empresa/localiza-meoo/lista-reclamacoes/?complaint_id=mjfZOszPulu7B8lt,WXUcboABjloyLjz9,Localiza Meoo,localiza-meoo,EXTERNAL_PUBLIC,RECLAME_AQUI_PUBLIC_BFF
OIasGdJem4JI_OnJ,Cobrança indevida de quilometragem excedente em contrato de assinatura com a Localiza Meo.,Fiz uma assinatura na Localiza Meo com um contrato de 48.000km em 24 meses. No quarto mês além da parcela do contrato apareceu um,NOT_SOLVED,False,Floriano,PI,2026-09-10T14:13:03,https://www.reclameaqui.com.br/empresa/localiza-meoo/lista-reclamacoes/?complaint_id=OIasGdJem4JI_OnJ,WXUcboABjloyLjz9,Localiza Meoo,localiza-meoo,EXTERNAL_PUBLIC,RECLAME_AQUI_PUBLIC_BFF
B50qmeDiJCWSLbTD,Reclamação sobre falta de solução e atendimento intermitente na Localiza,"Estou abrindo uma NOVA reclamação porque a reclamação anterior não foi efetivamente resolvida.

Após eu reclamar no Reclam",PENDING,False,Açailândia,MA,2026-09-10T13:54:41,https://www.reclameaqui.com.br/empresa/localiza-meoo/lista-reclamacoes/?complaint_id=B50qmeDiJCWSLbTD,WXUcboABjloyLjz9,Localiza Meoo,localiza-meoo,EXTERNAL_PUBLIC,RECLAME_AQUI_PUBLIC_BFF
xbOwcDy58xEBgl4N,Contestação de cobrança a usurpa antecipada de km excedente contrária ao contrato,"Venho contestar formalmente a cobrança de R$ 6.062,68, lançada pela Localiza Meoo a título de Km excedente do veículo placa TYW4J6",ANSWERED,False,Belo Horizonte,MG,2026-09-10T13:30:50,https://www.reclameaqui.com.br/empresa/localiza-meoo/lista-reclamacoes/?complaint_id=xbOwcDy58xEBgl4N,WXUcboABjloyLjz9,Localiza Meoo,localiza-meoo,EXTERNAL_PUBLIC,RECLAME_AQUI_PUBLIC_BFF
vzpk8UatTyn-au1v,Negativa de Atendimento/abertura de sinistro - Batida causada por carro Localiza (*****),"No dia 26 de Agosto de 2026, às 4:18 da manhã, a motorista chamada Thayna Danielle estava dirigindo uma Fiorino Branca da placa **",NOT_SOLVED,False,Cotia,SP,2026-09-10T12:23:37,https://www.reclameaqui.com.br/empresa/localiza-meoo/lista-reclamacoes/?complaint_id=vzpk8UatTyn-au1v,WXUcboABjloyLjz9,Localiza Meoo,localiza-meoo,EXTERNAL_PUBLIC,RECLAME_AQUI_PUBLIC_BFF
AZiMs42a0JwT6LPF,Impossibilidade de agendar retirada de veículo por não poder comparecer em dias de semana.,"Realizei a assinatura de um veículo, a Localiza me comunicou que ele chegou e que preciso agendar para retirar o veículo. Até aqui",SOLVED,True,São Paulo,SP,2026-09-10T12:02:17,https://www.reclameaqui.com.br/empresa/localiza-meoo/lista-reclamacoes/?complaint_id=AZiMs42a0JwT6LPF,WXUcboABjloyLjz9,Localiza Meoo,localiza-meoo,EXTERNAL_PUBLIC,RECLAME_AQUI_PUBLIC_BFF
pBTCMdBolF0PMgu_,Cobrança abusiva por falha no aplicativo e falta de transparência da Localiza,"ABSURDO E FALTA DE TRANSPARÊNCIA: Cobrança abusiva de R$ 1.600 por falha da Localiza e aplicativo ineficiente
A conduta da Loc",SOLVED,True,Mogi das Cruzes,SP,2026-09-10T11:33:14,https://www.reclameaqui.com.br/empresa/localiza-meoo/lista-reclamacoes/?complaint_id=pBTCMdBolF0PMgu_,WXUcboABjloyLjz9,Localiza Meoo,localiza-meoo,EXTERNAL_PUBLIC,RECLAME_AQUI_PUBLIC_BFF
kGUiMGNYvoEqOl6Z,"Cobrança surpresa de R$ 755 após 25 meses sem qualquer apuração de km, contrariando o que foi informado na venda","Tenho um carro por assinatura na Localiza Meoo desde julho/2024 (contrato *****, 48 meses, franquia de 1.000 km/mês). Na contrataç",SOLVED,True,Nova Iguaçu,RJ,2026-09-10T09:36:57,https://www.reclameaqui.com.br/empresa/localiza-meoo/lista-reclamacoes/?complaint_id=kGUiMGNYvoEqOl6Z,WXUcboABjloyLjz9,Localiza Meoo,localiza-meoo,EXTERNAL_PUBLIC,RECLAME_AQUI_PUBLIC_BFF
9eKQwWmwMuyYtI72,3 meses tentando resolver um reparo simples e a Localiza não resolve,"Sou cliente da assinatura de veículos da Localiza e estou vivendo uma situação que já dura quase 3 meses sem solução.

Em",ANSWERED,False,Cariacica,ES,2026-09-10T01:04:56,https://www.reclameaqui.com.br/empresa/localiza-meoo/lista-reclamacoes/?complaint_id=9eKQwWmwMuyYtI72,WXUcboABjloyLjz9,Localiza Meoo,localiza-meoo,EXTERNAL_PUBLIC,RECLAME_AQUI_PUBLIC_BFF
2pJSHtWdfaTrjvRy,Demora excessiva e falta de respeito no atendimento de manutenção de carro por assinatura.,Eu quero saber porque toda vez que precisamos fazer QUALQUER tipo de manutenção no carro de assinatura de vocês é SEMPRE uma dor d,SOLVED,True,São José do Rio Preto,SP,2026-09-09T18:50:58,https://www.reclameaqui.com.br/empresa/localiza-meoo/lista-reclamacoes/?complaint_id=2pJSHtWdfaTrjvRy,WXUcboABjloyLjz9,Localiza Meoo,localiza-meoo,EXTERNAL_PUBLIC,RECLAME_AQUI_PUBLIC_BFF
ty1XUXjOddh_FB7i,Reclamação sobre falta de suporte e demora no atendimento de veículo alugado pela Localiza,"Meu carro parou de funcionar na sexta-feira à noite, dia 04/07. Entrei em contato com a Localiza para me socorrerem, porém informa",ANSWERED,False,Ribeirão Preto,SP,2026-09-09T17:22:12,https://www.reclameaqui.com.br/empresa/localiza-meoo/lista-reclamacoes/?complaint_id=ty1XUXjOddh_FB7i,WXUcboABjloyLjz9,Localiza Meoo,localiza-meoo,EXTERNAL_PUBLIC,RECLAME_AQUI_PUBLIC_BFF
kHLIGHg-HqaW4I36,"Cliente sem carro há 28 dias após [Editado pelo Reclame Aqui] e revisão, sem retorno da concessionária.",Sou cliente e tenho um contrato de 3 anos de uma NIssan Kicks. Em 14/08 deixei o meu carro para revisão de 20.000 km e também para,PENDING,False,São Paulo,SP,2026-09-09T17:17:35,https://www.reclameaqui.com.br/empresa/localiza-meoo/lista-reclamacoes/?complaint_id=kHLIGHg-HqaW4I36,WXUcboABjloyLjz9,Localiza Meoo,localiza-meoo,EXTERNAL_PUBLIC,RECLAME_AQUI_PUBLIC_BFF
31DZTtAI1-M7Wwyb,Atraso na entrega de carro alugado após fabricação e emplacamento,"Efetuei assinatura do localiza meoo no dia 26/08
Foi feito pedido carro para fabricação, no dia 01/09 carro já estava emplacad",SOLVED,True,Ponta Grossa,PR,2026-09-09T16:53:13,https://www.reclameaqui.com.br/empresa/localiza-meoo/lista-reclamacoes/?complaint_id=31DZTtAI1-M7Wwyb,WXUcboABjloyLjz9,Localiza Meoo,localiza-meoo,EXTERNAL_PUBLIC,RECLAME_AQUI_PUBLIC_BFF
IGGwHmpMadpjPbzB,Solicitação de acordo financeiro com parcelamento acessível para quitação de débitos.,"Prezados,

Venho por meio deste canal solicitar o auxílio da empresa para a formalização de um acordo financeiro definitiv",SOLVED,True,Rio de Janeiro,RJ,2026-09-09T16:13:56,https://www.reclameaqui.com.br/empresa/localiza-meoo/lista-reclamacoes/?complaint_id=IGGwHmpMadpjPbzB,WXUcboABjloyLjz9,Localiza Meoo,localiza-meoo,EXTERNAL_PUBLIC,RECLAME_AQUI_PUBLIC_BFF
wfic7m2_hi9gKyf2,Reclamação recorrente de defeito em veículo alugado e inadequação do carro substituto.,"Pela QUINTA vez em um ano, meu Fastback assinado deu defeito. Sozinho. Do nada. Pela quinta vez, estou andando com um carro manual",SOLVED,True,Rio de Janeiro,RJ,2026-09-09T16:01:54,https://www.reclameaqui.com.br/empresa/localiza-meoo/lista-reclamacoes/?complaint_id=wfic7m2_hi9gKyf2,WXUcboABjloyLjz9,Localiza Meoo,localiza-meoo,EXTERNAL_PUBLIC,RECLAME_AQUI_PUBLIC_BFF
GNC3RqUqaQJZSOH9,Cliente relata múltiplos problemas com carro reserva e manutenções não realizadas em contrato de assinatura,"Sou cliente localiza Meoo há três anos, já praticamente finalizando o contrato e quero compartilhar um péssima experiência.
A",PENDING,False,Rio de Janeiro,RJ,2026-09-09T15:52:56,https://www.reclameaqui.com.br/empresa/localiza-meoo/lista-reclamacoes/?complaint_id=GNC3RqUqaQJZSOH9,WXUcboABjloyLjz9,Localiza Meoo,localiza-meoo,EXTERNAL_PUBLIC,RECLAME_AQUI_PUBLIC_BFF
H--yeQhpQ6yuYcnZ,"Cobrança indevida de diárias, problemas com tapetes e cobrança de km excedente em assinatura de veículo.",Essa é minha terceira assinatura de veículo com a Localiza e estou tendo os seguintes problemas: 1. Fiz um upgrade da assinatura d,SOLVED,True,São Paulo,SP,2026-09-09T15:13:35,https://www.reclameaqui.com.br/empresa/localiza-meoo/lista-reclamacoes/?complaint_id=H--yeQhpQ6yuYcnZ,WXUcboABjloyLjz9,Localiza Meoo,localiza-meoo,EXTERNAL_PUBLIC,RECLAME_AQUI_PUBLIC_BFF
lHQa-jahBKKVgg5g,Solicitação de substituição de Jeep blindada com vazamento recorrente no para-brisa.,"Recentemente aluguei com vocês uma Jeep blindada e, logo após sair do pátio, o veículo apresentou vazamento no para-brisa. Vocês r",NOT_SOLVED,False,Uberlândia,MG,2026-09-09T13:20:13,https://www.reclameaqui.com.br/empresa/localiza-meoo/lista-reclamacoes/?complaint_id=lHQa-jahBKKVgg5g,WXUcboABjloyLjz9,Localiza Meoo,localiza-meoo,EXTERNAL_PUBLIC,RECLAME_AQUI_PUBLIC_BFF
iXxt4g2g0_mG3G-O,Cobrança indevida de faturas e problemas com mecânica e contrato,"Simplesmente são 4 anos de contrato, ao qual, neste ano que é o último, é problema atrás do outro, multa que cobram indevidamente,",SOLVED,True,São Paulo,SP,2026-09-09T13:12:57,https://www.reclameaqui.com.br/empresa/localiza-meoo/lista-reclamacoes/?complaint_id=iXxt4g2g0_mG3G-O,WXUcboABjloyLjz9,Localiza Meoo,localiza-meoo,EXTERNAL_PUBLIC,RECLAME_AQUI_PUBLIC_BFF
kmeE_O8mQGr106Eo,Cliente insatisfeito com a Localiza após sinistro onde o carro da empresa causou dano e a seguradora se recusa a cobrir.,"Apos 3 meses de tentativas em resolver o sinistro que fui envolvido por um carro da empresa Localiza, recebo agora a resposta que",PENDING,False,São Paulo,SP,2026-09-09T13:01:58,https://www.reclameaqui.com.br/empresa/localiza-meoo/lista-reclamacoes/?complaint_id=kmeE_O8mQGr106Eo,WXUcboABjloyLjz9,Localiza Meoo,localiza-meoo,EXTERNAL_PUBLIC,RECLAME_AQUI_PUBLIC_BFF
Xk-LP6wXPvbty5Fw,Reclamação sobre divergência de veículo e ausência de carro reserva em contrato de assinatura Localiza Meu,"Reclamação Formal  Contrato de Assinatura Localiza Meu 

Prezados,

Venho por meio deste formalizar uma reclamação",PENDING,False,Goiânia,GO,2026-09-09T12:06:04,https://www.reclameaqui.com.br/empresa/localiza-meoo/lista-reclamacoes/?complaint_id=Xk-LP6wXPvbty5Fw,WXUcboABjloyLjz9,Localiza Meoo,localiza-meoo,EXTERNAL_PUBLIC,RECLAME_AQUI_PUBLIC_BFF
-PyLA8ZlEzvLL21w,"Cliente insatisfeito com problemas de fluxo, carro reserva e cobrança de reparo de pneu, apesar de mensalidade alta.","Sou cliente há 3 contratos .Hoje tive 3 demandas:

1. Problema com o carro/ fluxo errado com pedido desnecessário de guinc",ANSWERED,False,Adamantina,SP,2026-09-09T11:47:33,https://www.reclameaqui.com.br/empresa/localiza-meoo/lista-reclamacoes/?complaint_id=-PyLA8ZlEzvLL21w,WXUcboABjloyLjz9,Localiza Meoo,localiza-meoo,EXTERNAL_PUBLIC,RECLAME_AQUI_PUBLIC_BFF
rKHQlcSS-qHIaHk9,Cobrança de troca de pneus sem autorização prévia em carro por assinatura.,Levei meu carro por assinatura para revisão no mes passado e acabei de receber uma fatura sendo cobrada da troca de pneus. Em mome,PENDING,False,São Paulo,SP,2026-09-09T11:08:10,https://www.reclameaqui.com.br/empresa/localiza-meoo/lista-reclamacoes/?complaint_id=rKHQlcSS-qHIaHk9,WXUcboABjloyLjz9,Localiza Meoo,localiza-meoo,EXTERNAL_PUBLIC,RECLAME_AQUI_PUBLIC_BFF
Hv2_npt8KIT0wDg5,Cliente solicita prorrogação de fatura de seguro de veículo devido a dificuldades financeiras.,"Bom dia.

Estava com 2 faturas e consegui fazer o pagamento de uma. Ficando somente uma com o vencimento para amanhã 09/09",SOLVED,True,Guarulhos,SP,2026-09-09T10:33:25,https://www.reclameaqui.com.br/empresa/localiza-meoo/lista-reclamacoes/?complaint_id=Hv2_npt8KIT0wDg5,WXUcboABjloyLjz9,Localiza Meoo,localiza-meoo,EXTERNAL_PUBLIC,RECLAME_AQUI_PUBLIC_BFF
32gjsof36C6Zib0k,Cobrança indevida de prefixação de dano de veículo furtado e recuperado sem avarias.,"Estão me cobrando algo que não consigo identificar o motivo da cobrança e pelo atendimento ninguém consegue resolver, ficam me jog",SOLVED,True,Rio de Janeiro,RJ,2026-09-09T09:04:34,https://www.reclameaqui.com.br/empresa/localiza-meoo/lista-reclamacoes/?complaint_id=32gjsof36C6Zib0k,WXUcboABjloyLjz9,Localiza Meoo,localiza-meoo,EXTERNAL_PUBLIC,RECLAME_AQUI_PUBLIC_BFF
vi6EdGBiG5DOMqlH,Cobrança de multa por excesso de quilometragem em contrato de aluguel de veículo.,Aluguei um veículo por 3 anos com franquia de 1500 Km por mês. Quando me foi vendido me informaram que eu poderia gerenciar os Km,SOLVED,True,São Paulo,SP,2026-09-09T08:48:45,https://www.reclameaqui.com.br/empresa/localiza-meoo/lista-reclamacoes/?complaint_id=vi6EdGBiG5DOMqlH,WXUcboABjloyLjz9,Localiza Meoo,localiza-meoo,EXTERNAL_PUBLIC,RECLAME_AQUI_PUBLIC_BFF
_pSLxIzJgImb3QXX,Carro apresentou defeito duas vezes em menos de 1 ano devido a manutenções de baixa qualidade.,"Em menos de 1 ano o carro apresentou defeito 2 vezes, as manutenções que eles liberam é com os produtos que tem de pior qualidade",SOLVED,True,Uberlândia,MG,2026-09-09T07:39:29,https://www.reclameaqui.com.br/empresa/localiza-meoo/lista-reclamacoes/?complaint_id=_pSLxIzJgImb3QXX,WXUcboABjloyLjz9,Localiza Meoo,localiza-meoo,EXTERNAL_PUBLIC,RECLAME_AQUI_PUBLIC_BFF
_esd8phwJGxssbdF,Demora no envio de boleto para devolução antecipada de veículo e risco de cobrança indevida de nova mensalidade pela Localiza.,"Assunto: Demora no envio de boleto e risco de cobrança indevida de nova mensalidade

Venho registrar uma reclamação refere",SOLVED,True,Fortaleza,CE,2026-09-09T00:07:08,https://www.reclameaqui.com.br/empresa/localiza-meoo/lista-reclamacoes/?complaint_id=_esd8phwJGxssbdF,WXUcboABjloyLjz9,Localiza Meoo,localiza-meoo,EXTERNAL_PUBLIC,RECLAME_AQUI_PUBLIC_BFF
BaXPvOL80_l6Xb0Q,"Localiza bloqueou carro alugado com menos de 10 dias de atraso, colocando família em risco.","Fiz uma assinatura, com menos de 10 dias de atraso a localiza bloqueou o carro. Minha esposa estava com meu filho de 4 anos, a noi",SOLVED,True,Recife,PE,2026-09-08T19:49:41,https://www.reclameaqui.com.br/empresa/localiza-meoo/lista-reclamacoes/?complaint_id=BaXPvOL80_l6Xb0Q,WXUcboABjloyLjz9,Localiza Meoo,localiza-meoo,EXTERNAL_PUBLIC,RECLAME_AQUI_PUBLIC_BFF
llM5mBGU6NDaiZmK,"Paguei R$ 3.383,40 por conserto que era responsabilidade do seguro do terceiro e a Localiza não me ressarce desde julho",Sou cliente da Localiza Meoo e venho registrar minha insatisfação com a falta de resolução de um caso que já se arrasta há meses.<,PENDING,False,Belo Horizonte,MG,2026-09-08T18:28:35,https://www.reclameaqui.com.br/empresa/localiza-meoo/lista-reclamacoes/?complaint_id=llM5mBGU6NDaiZmK,WXUcboABjloyLjz9,Localiza Meoo,localiza-meoo,EXTERNAL_PUBLIC,RECLAME_AQUI_PUBLIC_BFF
hb2c3jTt_3Zt0c1t,"Cobrança indevida por reparo não autorizado em veículo alugado, com histórico de problemas e mau atendimento.","Em outubro de 2025 sofri uma colisão com o veículo que alugo pela Localiza, que causou danos na região dianteira, do lado do motor",ANSWERED,False,Rio de Janeiro,RJ,2026-09-08T17:53:50,https://www.reclameaqui.com.br/empresa/localiza-meoo/lista-reclamacoes/?complaint_id=hb2c3jTt_3Zt0c1t,WXUcboABjloyLjz9,Localiza Meoo,localiza-meoo,EXTERNAL_PUBLIC,RECLAME_AQUI_PUBLIC_BFF
_ubtV58B_JpZJYwa,Cliente relata dificuldade em cancelar contrato de aluguel de veículo após 24 meses de uso e mau atendimento.,Tenho um contrato de aluguel de um veículo com eles há 24 meses e esse já é o meu segundo contrato . O atual é para 36 meses. Semp,ANSWERED,False,Guarapari,ES,2026-09-08T17:38:02,https://www.reclameaqui.com.br/empresa/localiza-meoo/lista-reclamacoes/?complaint_id=_ubtV58B_JpZJYwa,WXUcboABjloyLjz9,Localiza Meoo,localiza-meoo,EXTERNAL_PUBLIC,RECLAME_AQUI_PUBLIC_BFF
Pv-oM2I1PbZbcC_h,"Cliente reclama de falta de entrega, ausência de retorno dos canais de atendimento e dificuldade em cancelar o contrato após a assinatura.","Fiz um contrato de assinatura com prazo de entrega de 30 dias, porém passados 40 dias e ainda sem previsão de entrega nenhum canal",SOLVED,True,Jacareí,SP,2026-09-08T17:04:32,https://www.reclameaqui.com.br/empresa/localiza-meoo/lista-reclamacoes/?complaint_id=Pv-oM2I1PbZbcC_h,WXUcboABjloyLjz9,Localiza Meoo,localiza-meoo,EXTERNAL_PUBLIC,RECLAME_AQUI_PUBLIC_BFF
QSqbn9jCeko1depu,Acidente com passageiro de carro de assinatura Localiza resulta em danos corporais e falta de suporte,"Tive um acidente onde era o passageiro carona de um veiculo de assinatura da Localiza, onde o motorista faleceu tive varios danos",ANSWERED,False,Pará de Minas,MG,2026-09-08T16:57:31,https://www.reclameaqui.com.br/empresa/localiza-meoo/lista-reclamacoes/?complaint_id=QSqbn9jCeko1depu,WXUcboABjloyLjz9,Localiza Meoo,localiza-meoo,EXTERNAL_PUBLIC,RECLAME_AQUI_PUBLIC_BFF
O6Otju0N01EgFx9i,Solicitação de parcelamento de contrato GVA 7884/23 devido à falta de cartão de crédito e aguardo de retorno da empresa.,"Peço que, referente ao contrato GVA 7884/23, seja analisada a possibilidade de parcelamento como fizemos em Outubro passado por eu",ANSWERED,False,São Bernardo do Campo,SP,2026-09-08T15:40:27,https://www.reclameaqui.com.br/empresa/localiza-meoo/lista-reclamacoes/?complaint_id=O6Otju0N01EgFx9i,WXUcboABjloyLjz9,Localiza Meoo,localiza-meoo,EXTERNAL_PUBLIC,RECLAME_AQUI_PUBLIC_BFF
6-Ul7m_kiBFEcRMv,Cobrança indevida de quilometragem excedente após alteração de plano,"Contratamos um plano de 48.000KM no período de 2 anos e vimos a necessidade de fazer um upgrade no plano , pois já havíamos excedi",ANSWERED,False,São Paulo,SP,2026-09-08T15:27:27,https://www.reclameaqui.com.br/empresa/localiza-meoo/lista-reclamacoes/?complaint_id=6-Ul7m_kiBFEcRMv,WXUcboABjloyLjz9,Localiza Meoo,localiza-meoo,EXTERNAL_PUBLIC,RECLAME_AQUI_PUBLIC_BFF
glhQ_j6byN3qfDPu,"Cliente se sente enganado com carro alugado de categoria inferior e preço abusivo, além de mau atendimento.",Eu adquiri um plano da localiza meoo e eles demoraram muito pra Me disponibilizar o carro provisório Eu liguei e eu contei o prazo,PENDING,False,Ribeirão Preto,SP,2026-09-08T14:01:09,https://www.reclameaqui.com.br/empresa/localiza-meoo/lista-reclamacoes/?complaint_id=glhQ_j6byN3qfDPu,WXUcboABjloyLjz9,Localiza Meoo,localiza-meoo,EXTERNAL_PUBLIC,RECLAME_AQUI_PUBLIC_BFF
tr6jX-wM_YKSmrEb,Cobrança de excedente de KM indevida devido a falha no registro do contrato.,"Tenho um contrato de locação de veiculo com a empresa, nele consta uma franquia de km mensal contratados, neste mês recebemos uma",SOLVED,True,São Paulo,SP,2026-09-08T13:03:05,https://www.reclameaqui.com.br/empresa/localiza-meoo/lista-reclamacoes/?complaint_id=tr6jX-wM_YKSmrEb,WXUcboABjloyLjz9,Localiza Meoo,localiza-meoo,EXTERNAL_PUBLIC,RECLAME_AQUI_PUBLIC_BFF
FOG2-SyhHV2G_0hg,Bloqueio de veículo por pendência sem aviso prévio pela Localiza,"Gostaria de registrar minha insatisfação com a Localiza, pois meu veículo foi bloqueado por uma pendência de apenas 6 dias, sem qu",ANSWERED,False,Franco da Rocha,SP,2026-09-08T12:46:43,https://www.reclameaqui.com.br/empresa/localiza-meoo/lista-reclamacoes/?complaint_id=FOG2-SyhHV2G_0hg,WXUcboABjloyLjz9,Localiza Meoo,localiza-meoo,EXTERNAL_PUBLIC,RECLAME_AQUI_PUBLIC_BFF
GOu_MAQBeROfAzRs,"Pane de superaquecimento em Nissan Kicks alugado, com família a bordo, e falta de suporte da Locadora.","Olá. Gostaria de registrar formalmente minha insatisfação e solicitar uma posição urgente sobre o meu caso.

O veículo em",PENDING,False,Niterói,RJ,2026-09-08T11:53:47,https://www.reclameaqui.com.br/empresa/localiza-meoo/lista-reclamacoes/?complaint_id=GOu_MAQBeROfAzRs,WXUcboABjloyLjz9,Localiza Meoo,localiza-meoo,EXTERNAL_PUBLIC,RECLAME_AQUI_PUBLIC_BFF
nBKgcHXhS7xFkf01,"Falha no processamento de parcelamento aceito, resultando em cobrança indevida, bloqueio do veículo e possível perda.","Em 12/08/2026, aceitei formalmente por e-mail (resposta à Wellyda, da Excelência Operacional) a proposta de parcelamento em 6x no",ANSWERED,False,São Paulo,SP,2026-09-08T11:19:46,https://www.reclameaqui.com.br/empresa/localiza-meoo/lista-reclamacoes/?complaint_id=nBKgcHXhS7xFkf01,WXUcboABjloyLjz9,Localiza Meoo,localiza-meoo,EXTERNAL_PUBLIC,RECLAME_AQUI_PUBLIC_BFF
KRX2m4hgiqXxdZw-,Cobrança indevida de taxa para agendamento de devolução de veículo,"Prezados,

Venho manifestar minha discordância em relação à orientação recebida de que o agendamento para devolução do veí",SOLVED,True,Sumaré,SP,2026-09-08T10:58:12,https://www.reclameaqui.com.br/empresa/localiza-meoo/lista-reclamacoes/?complaint_id=KRX2m4hgiqXxdZw-,WXUcboABjloyLjz9,Localiza Meoo,localiza-meoo,EXTERNAL_PUBLIC,RECLAME_AQUI_PUBLIC_BFF
IKr7O6OPcgFFX-zb,Localiza se recusa a identificar condutor e arcar com prejuízos de batida causada por veículo alugado.,"No dia 20/08/2026 meu carro sofreu uma batida de um veículo localiza, enquanto estava estacionado. O condutor não desceu após a ba",NOT_SOLVED,False,Goiânia,GO,2026-09-08T10:36:29,https://www.reclameaqui.com.br/empresa/localiza-meoo/lista-reclamacoes/?complaint_id=IKr7O6OPcgFFX-zb,WXUcboABjloyLjz9,Localiza Meoo,localiza-meoo,EXTERNAL_PUBLIC,RECLAME_AQUI_PUBLIC_BFF
JVye1nR-lB65XO39,LOCALIZA ESTA FORÇANDO INADIMPLENCIA E RECOLHIMENTO DO VEICULO VIA FATURA DE  KM EXCEDENTES,Estou tentando uma negociação com sobre uma fatura de km excedentes no valor R$ 40mil e a única opção de parcelamento que a locali,ANSWERED,False,Rio de Janeiro,RJ,2026-09-08T10:13:19,https://www.reclameaqui.com.br/empresa/localiza-meoo/lista-reclamacoes/?complaint_id=JVye1nR-lB65XO39,WXUcboABjloyLjz9,Localiza Meoo,localiza-meoo,EXTERNAL_PUBLIC,RECLAME_AQUI_PUBLIC_BFF
EqXSDzvDH09_yW6i,Solicitação de prorrogação de fatura negada pela Localiza,"Solicitei à Localiza a prorrogação da minha fatura, pois preciso de um prazo adicional para realizar o pagamento e manter o contra",SOLVED,True,Porangaba,SP,2026-09-08T09:24:36,https://www.reclameaqui.com.br/empresa/localiza-meoo/lista-reclamacoes/?complaint_id=EqXSDzvDH09_yW6i,WXUcboABjloyLjz9,Localiza Meoo,localiza-meoo,EXTERNAL_PUBLIC,RECLAME_AQUI_PUBLIC_BFF
mP0krbMQYDhf-xYO,Cobrança de excesso de KM após oferta de aumento de franquia com informação divergente do contrato.,"Meu pai tem contrato com a empresa, ofertaram aumento de franquia com informação divergente do contrato e agora cobram excesso de",SOLVED,True,Sete Lagoas,MG,2026-09-08T08:28:34,https://www.reclameaqui.com.br/empresa/localiza-meoo/lista-reclamacoes/?complaint_id=mP0krbMQYDhf-xYO,WXUcboABjloyLjz9,Localiza Meoo,localiza-meoo,EXTERNAL_PUBLIC,RECLAME_AQUI_PUBLIC_BFF
s6Txt51NqPYYN1Gy,Contestação de cobrança antecipada de quilometragem excedente em contrato de assinatura de veículo.,"Prezados,
Venho por meio desta registrar minha profunda indignação e formalizar uma contestação formal quanto à cobrança refer",ANSWERED,False,Campinas,SP,2026-09-08T04:22:50,https://www.reclameaqui.com.br/empresa/localiza-meoo/lista-reclamacoes/?complaint_id=s6Txt51NqPYYN1Gy,WXUcboABjloyLjz9,Localiza Meoo,localiza-meoo,EXTERNAL_PUBLIC,RECLAME_AQUI_PUBLIC_BFF
B0PhuL-YUZ1z2_Ri,Cliente solicita troca de carro após múltiplos problemas não resolvidos em Creta.,"Sou cliente tem uns anos ja e peguei um Creta em dezembro,  porem ja tive varios problemas com o carro, o último estava com vazame",ANSWERED,False,São Paulo,SP,2026-09-07T21:07:56,https://www.reclameaqui.com.br/empresa/localiza-meoo/lista-reclamacoes/?complaint_id=B0PhuL-YUZ1z2_Ri,WXUcboABjloyLjz9,Localiza Meoo,localiza-meoo,EXTERNAL_PUBLIC,RECLAME_AQUI_PUBLIC_BFF
HCt1cxUzl8jj5VtJ,Recusa de devolução de veículo e cobrança de mensalidades pela Localiza antes do pagamento da taxa de devolução antecipada.,"Sou cliente da Localiza Meoo, por meio da empresa AZI ANDRADE ADVOGADOS, no Contrato de Assinatura e Gestão do Carro n GVA4390/25,",PENDING,False,Salvador,BA,2026-09-07T19:44:39,https://www.reclameaqui.com.br/empresa/localiza-meoo/lista-reclamacoes/?complaint_id=HCt1cxUzl8jj5VtJ,WXUcboABjloyLjz9,Localiza Meoo,localiza-meoo,EXTERNAL_PUBLIC,RECLAME_AQUI_PUBLIC_BFF
_6L2EgAPt4Dmm4K1,Bloqueio indevido de veículo por cobrança contrária ao combinado em contrato com a Localiza Meoo.,"URGENTE - Bloqueio indevido de veículo por cobrança contrária ao combinado com o setor de vendas - Localiza Meoo
Fechei um con",ANSWERED,False,São Luís,MA,2026-09-07T16:53:44,https://www.reclameaqui.com.br/empresa/localiza-meoo/lista-reclamacoes/?complaint_id=_6L2EgAPt4Dmm4K1,WXUcboABjloyLjz9,Localiza Meoo,localiza-meoo,EXTERNAL_PUBLIC,RECLAME_AQUI_PUBLIC_BFF
Ucw-aGz567iZgKXf,Cobrança indevida de quilometragem excedente no serviço Localiza Meoo,Possuo assinatura do Localiza Meoo com uma franquia de 2.500km/mês. Excepcionalmente em Agosto/2026 eu excedi a quilometragem cont,ANSWERED,False,Guarapuava,PR,2026-09-07T08:32:03,https://www.reclameaqui.com.br/empresa/localiza-meoo/lista-reclamacoes/?complaint_id=Ucw-aGz567iZgKXf,WXUcboABjloyLjz9,Localiza Meoo,localiza-meoo,EXTERNAL_PUBLIC,RECLAME_AQUI_PUBLIC_BFF
9Jv2moLFuJ_1yBsE,Solicitação de prorrogação de fatura de Setembro,Prezados - Gostaria de solicitar a prorrogação da fatura do mês de Setembro a vencer no dia 07 para o dia 30. Venho saldando todas,ANSWERED,False,São Paulo,SP,2026-09-06T11:44:14,https://www.reclameaqui.com.br/empresa/localiza-meoo/lista-reclamacoes/?complaint_id=9Jv2moLFuJ_1yBsE,WXUcboABjloyLjz9,Localiza Meoo,localiza-meoo,EXTERNAL_PUBLIC,RECLAME_AQUI_PUBLIC_BFF
BNUdzbPIC_QhW9k6,Localiza não aplicou o desconto prometido na fatura de setembro.,"No mês de agosto, enfrentei um contratempo em relação a uma cobrança excedente por parte da Localiza. Fui informado de que haveria",PENDING,False,Belo Horizonte,MG,2026-09-06T10:46:00,https://www.reclameaqui.com.br/empresa/localiza-meoo/lista-reclamacoes/?complaint_id=BNUdzbPIC_QhW9k6,WXUcboABjloyLjz9,Localiza Meoo,localiza-meoo,EXTERNAL_PUBLIC,RECLAME_AQUI_PUBLIC_BFF
Dakbl6cCk-9emMvy,Ameaça abusiva de reboque de veículo com pagamento em dia devido a contrato distinto em atraso,Título da Reclamação: Ameaça abusiva de reboque/bloqueio de veículo com pagamento em dia devido a contrato distinto em atrasoTexto,ANSWERED,False,Governador Valadares,MG,2026-09-05T23:39:49,https://www.reclameaqui.com.br/empresa/localiza-meoo/lista-reclamacoes/?complaint_id=Dakbl6cCk-9emMvy,WXUcboABjloyLjz9,Localiza Meoo,localiza-meoo,EXTERNAL_PUBLIC,RECLAME_AQUI_PUBLIC_BFF
OWNksCnAOSihbl9R,Cliente não obteve carro reserva por falha de informação e sistema,Eu tenho um plano localiza meu que dá direito a um carro reserva quando o meu carro está em manutenção meu carro apresentou proble,ANSWERED,False,São Paulo,SP,2026-09-05T12:44:56,https://www.reclameaqui.com.br/empresa/localiza-meoo/lista-reclamacoes/?complaint_id=OWNksCnAOSihbl9R,WXUcboABjloyLjz9,Localiza Meoo,localiza-meoo,EXTERNAL_PUBLIC,RECLAME_AQUI_PUBLIC_BFF
OHtNIwIDHCEWUQXh,Absurdo. Cobrança indevida. Propaganda enganosa. Abuso do consumidor.,"Estou registrando esta reclamação para contestar formalmente uma cobrança de R$ 6.062,68 que considero indevida, bem como a f",ANSWERED,False,Belo Horizonte,MG,2026-09-05T10:36:36,https://www.reclameaqui.com.br/empresa/localiza-meoo/lista-reclamacoes/?complaint_id=OHtNIwIDHCEWUQXh,WXUcboABjloyLjz9,Localiza Meoo,localiza-meoo,EXTERNAL_PUBLIC,RECLAME_AQUI_PUBLIC_BFF
aBeZecuu_20VBSCK,[Editado pelo Reclame Aqui],[Editado pelo Reclame Aqui]. Estão me cobrando 8mil reais indevidamente mesmo após acordo.,SOLVED,True,Bertioga,SP,2026-09-04T21:10:21,https://www.reclameaqui.com.br/empresa/localiza-meoo/lista-reclamacoes/?complaint_id=aBeZecuu_20VBSCK,WXUcboABjloyLjz9,Localiza Meoo,localiza-meoo,EXTERNAL_PUBLIC,RECLAME_AQUI_PUBLIC_BFF
oDF4pKRN1PHFWIms,Cobrança de multa em upgrade de carro contrariando promessa de vendedor e falta de resposta da empresa.,"Na época da contratação da assinatura do carro, o atendente Jonathan Cruz me explicou que eu poderia fazer qualquer tipo de upgrad",PENDING,False,São Paulo,SP,2026-09-04T19:08:02,https://www.reclameaqui.com.br/empresa/localiza-meoo/lista-reclamacoes/?complaint_id=oDF4pKRN1PHFWIms,WXUcboABjloyLjz9,Localiza Meoo,localiza-meoo,EXTERNAL_PUBLIC,RECLAME_AQUI_PUBLIC_BFF
9fGUwwg1uDHXJ6ZM,Cliente perde a confiança em veículo alugado após duas panes em 5 meses e mau atendimento.,"Localiza Meoo  Duas panes em apenas 5 meses e perda de confiança no veículo
Fui cliente da Localiza Meoo por aproximadamente 3",SOLVED,True,Florianópolis,SC,2026-09-04T17:39:24,https://www.reclameaqui.com.br/empresa/localiza-meoo/lista-reclamacoes/?complaint_id=9fGUwwg1uDHXJ6ZM,WXUcboABjloyLjz9,Localiza Meoo,localiza-meoo,EXTERNAL_PUBLIC,RECLAME_AQUI_PUBLIC_BFF
dYLgcmmoHmO99KIw,"Bloqueio remoto indevido de veículo com crianças a bordo, apesar de quitação de faturas.","Assunto: Bloqueio remoto do carro em via pública, novamente com meus filhos a bordo

Sou cliente do contrato de assinatura",ANSWERED,False,Salvador,BA,2026-09-04T17:07:42,https://www.reclameaqui.com.br/empresa/localiza-meoo/lista-reclamacoes/?complaint_id=dYLgcmmoHmO99KIw,WXUcboABjloyLjz9,Localiza Meoo,localiza-meoo,EXTERNAL_PUBLIC,RECLAME_AQUI_PUBLIC_BFF
WzlJ5EAGr-TNFVhZ,Cliente insatisfeita com bloqueio de veículo por atraso mínimo e problemas recorrentes na ignição.,"Placa ***** - Venho aqui registrar publicamente a minha profunda insatisfação com a Localiza.
Minha mensalidade está atrasada",ANSWERED,False,São Paulo,SP,2026-09-04T16:19:31,https://www.reclameaqui.com.br/empresa/localiza-meoo/lista-reclamacoes/?complaint_id=WzlJ5EAGr-TNFVhZ,WXUcboABjloyLjz9,Localiza Meoo,localiza-meoo,EXTERNAL_PUBLIC,RECLAME_AQUI_PUBLIC_BFF
JRkOGskJ9dIkB40K,Car rental company failed to provide replacement vehicle and delayed repairs.,"Sofri um acidente com meu veículo que é alugado com contrato pela localiza meoo.
A data prevista era 28/08 para o conserto e n",PENDING,False,Curitiba,PR,2026-09-04T15:25:33,https://www.reclameaqui.com.br/empresa/localiza-meoo/lista-reclamacoes/?complaint_id=JRkOGskJ9dIkB40K,WXUcboABjloyLjz9,Localiza Meoo,localiza-meoo,EXTERNAL_PUBLIC,RECLAME_AQUI_PUBLIC_BFF
g__B1l5PtkcuCCF0,Renovação de contrato de veículo por assinatura com entrega em cidade errada e mau atendimento.,"Pra começar, o atendimento pós venda é uma tristeza! Para ser ruim, tem que melhorar muito!
Fiz a renovação do contrato de um",ANSWERED,False,Goiatuba,GO,2026-09-04T14:25:32,https://www.reclameaqui.com.br/empresa/localiza-meoo/lista-reclamacoes/?complaint_id=g__B1l5PtkcuCCF0,WXUcboABjloyLjz9,Localiza Meoo,localiza-meoo,EXTERNAL_PUBLIC,RECLAME_AQUI_PUBLIC_BFF
oik-dc4h2PlSkrXx,Bloqueio indevido de veículo por falha na comunicação e cobrança antecipada de boleto.,"À
Localiza Meoo
Contrato n: GVA1153/26

Assunto: Reclamação formal por bloqueio indevido de veículo, falha de comu",SOLVED,True,Osasco,SP,2026-09-04T13:47:08,https://www.reclameaqui.com.br/empresa/localiza-meoo/lista-reclamacoes/?complaint_id=oik-dc4h2PlSkrXx,WXUcboABjloyLjz9,Localiza Meoo,localiza-meoo,EXTERNAL_PUBLIC,RECLAME_AQUI_PUBLIC_BFF
fCBdCQV8RqfvCOhk,Cobrança indevida e descumprimento de acordo pela Localiza Meoo,"Venho registrar minha indignação com a completa desorganização e falta de transparência da Localiza Meoo.

Após ultrapassa",PENDING,False,Monte Carmelo,MG,2026-09-04T10:52:02,https://www.reclameaqui.com.br/empresa/localiza-meoo/lista-reclamacoes/?complaint_id=fCBdCQV8RqfvCOhk,WXUcboABjloyLjz9,Localiza Meoo,localiza-meoo,EXTERNAL_PUBLIC,RECLAME_AQUI_PUBLIC_BFF
WsHOmu22CguqBncB,Solicitação de desconto nas mensalidades devido a dificuldades financeiras e nova oportunidade de emprego.,"Gostaria de reforçar meu pedido de ajuda junto à Localiza, pois minha situação financeira ainda permanece bastante delicada.
<",ANSWERED,False,Recife,PE,2026-09-04T10:41:48,https://www.reclameaqui.com.br/empresa/localiza-meoo/lista-reclamacoes/?complaint_id=WsHOmu22CguqBncB,WXUcboABjloyLjz9,Localiza Meoo,localiza-meoo,EXTERNAL_PUBLIC,RECLAME_AQUI_PUBLIC_BFF
Hvd_B8mzAdpR_cSt,Cobrança de taxa indevida para troca de veículo em contrato de assinatura,"Sou cliente Localiza Meoo desde o fim de 2023, com o primeiro contrato iniciado em janeiro de 2024, sempre em dia e sem nenhum atr",SOLVED,True,Recife,PE,2026-09-04T09:59:52,https://www.reclameaqui.com.br/empresa/localiza-meoo/lista-reclamacoes/?complaint_id=Hvd_B8mzAdpR_cSt,WXUcboABjloyLjz9,Localiza Meoo,localiza-meoo,EXTERNAL_PUBLIC,RECLAME_AQUI_PUBLIC_BFF
bGSiAZHz46YP--ED,Cobrança indevida de avaria reconhecida e não estornada pela Localiza,"Cobrança indevida de avaria já reconhecida pela Localiza  valor debitado no cartão e não estornado

Meu nome é *****",SOLVED,True,São Paulo,SP,2026-09-04T08:19:25,https://www.reclameaqui.com.br/empresa/localiza-meoo/lista-reclamacoes/?complaint_id=bGSiAZHz46YP--ED,WXUcboABjloyLjz9,Localiza Meoo,localiza-meoo,EXTERNAL_PUBLIC,RECLAME_AQUI_PUBLIC_BFF
SgleAFoSbA1wtNLk,Cobrança de multa abusiva por cancelamento antecipado de aluguel de carro,"Tinha um carro alugado na localiza normal,
com pagamento mensal. Ai cair na conversa de uma vendedora que me disse que o local",SOLVED,True,Ribeirão das Neves,MG,2026-09-04T07:46:57,https://www.reclameaqui.com.br/empresa/localiza-meoo/lista-reclamacoes/?complaint_id=SgleAFoSbA1wtNLk,WXUcboABjloyLjz9,Localiza Meoo,localiza-meoo,EXTERNAL_PUBLIC,RECLAME_AQUI_PUBLIC_BFF
mdfqVQTnU_JpAkHd,Problema com faturas,"Olá, pessoal da Localiza Meoo.

Estou entrando em contato por aqui porque preciso de um auxílio para resolver duas pendênc",NOT_SOLVED,False,Porto Alegre,RS,2026-09-04T01:05:53,https://www.reclameaqui.com.br/empresa/localiza-meoo/lista-reclamacoes/?complaint_id=mdfqVQTnU_JpAkHd,WXUcboABjloyLjz9,Localiza Meoo,localiza-meoo,EXTERNAL_PUBLIC,RECLAME_AQUI_PUBLIC_BFF
FRd11y4onI2wPgRF,"20 dias sem meu Fiat Fastback, mensalidade integral e um carro reserva que não atende à minha necessidade. É isso que significa carro por assinatura?",Resolvi registrar essa reclamação porque acho importante deixar um alerta para quem está pensando em contratar um carro,SOLVED,True,Rio de Janeiro,RJ,2026-09-03T23:03:00,https://www.reclameaqui.com.br/empresa/localiza-meoo/lista-reclamacoes/?complaint_id=FRd11y4onI2wPgRF,WXUcboABjloyLjz9,Localiza Meoo,localiza-meoo,EXTERNAL_PUBLIC,RECLAME_AQUI_PUBLIC_BFF
uoFeOMHzHOz2oBTj,Solicitação de andamento e entrega de veículo com contrato fechado em 15/07 e última atualização em 22/07.,"Boa noite , td bem ?
Queria pedir a ajuda de vcs para com a nova solicitação que tenho em andamento ! Fechei um contrato novo",ANSWERED,False,Volta Redonda,RJ,2026-09-03T21:51:00,https://www.reclameaqui.com.br/empresa/localiza-meoo/lista-reclamacoes/?complaint_id=uoFeOMHzHOz2oBTj,WXUcboABjloyLjz9,Localiza Meoo,localiza-meoo,EXTERNAL_PUBLIC,RECLAME_AQUI_PUBLIC_BFF
4hwrDzBS3Wgxx6ex,Solicitação de prorrogação de fatura e resolução de problemas com veículo de assinatura.,"Boa noite !!! Infelizmente tenho que vir aqui pra resolver minha situação, preciso da prorrogação da minha fatura ,tenho carro por",ANSWERED,False,São Paulo,SP,2026-09-03T20:54:22,https://www.reclameaqui.com.br/empresa/localiza-meoo/lista-reclamacoes/?complaint_id=4hwrDzBS3Wgxx6ex,WXUcboABjloyLjz9,Localiza Meoo,localiza-meoo,EXTERNAL_PUBLIC,RECLAME_AQUI_PUBLIC_BFF
6SWYBgsLfHNoBYro,Cobrança indevida de multa de trânsito não reconhecida pelo cliente.,"Sou cliente da Localiza e recebi uma cobrança referente a uma multa de trânsito que, pelos registros que tenho em mãos, não corres",SOLVED,True,Praia Grande,SP,2026-09-03T17:30:15,https://www.reclameaqui.com.br/empresa/localiza-meoo/lista-reclamacoes/?complaint_id=6SWYBgsLfHNoBYro,WXUcboABjloyLjz9,Localiza Meoo,localiza-meoo,EXTERNAL_PUBLIC,RECLAME_AQUI_PUBLIC_BFF
aR5hu2JBJpuHeu6t,Cliente não aceita valor inferior de orçamento e está sem carro há mais de um mês.,Dia 31/07/2026 um carro da localiza colidiu com o meu.A localiza mandou pelo e-mail os endereços para eu leva o carro para fazer o,ANSWERED,False,Aguaí,SP,2026-09-03T16:53:11,https://www.reclameaqui.com.br/empresa/localiza-meoo/lista-reclamacoes/?complaint_id=aR5hu2JBJpuHeu6t,WXUcboABjloyLjz9,Localiza Meoo,localiza-meoo,EXTERNAL_PUBLIC,RECLAME_AQUI_PUBLIC_BFF
Ig1cJdKyhY0KsCYQ,Cobrança indevida e estorno não realizado após término de contrato com Localiza Meoo,Fui assinante da Localiza Meoo até 10/07 e no término do contrato me foi cobrado o mês de julho inteiro. Já solicitei o estorno pa,SOLVED,True,São Paulo,SP,2026-09-03T16:15:59,https://www.reclameaqui.com.br/empresa/localiza-meoo/lista-reclamacoes/?complaint_id=Ig1cJdKyhY0KsCYQ,WXUcboABjloyLjz9,Localiza Meoo,localiza-meoo,EXTERNAL_PUBLIC,RECLAME_AQUI_PUBLIC_BFF
1pj9T9-LFc6MuFDm,Cobrança indevida de quilometragem excedente durante a vigência do contrato de assinatura de veículo.,"Boa tarde.

Preciso que vocês revisem **imediatamente** essa cobrança de quilometragem excedente.

No momento da c",PENDING,False,Canoas,RS,2026-09-03T15:17:06,https://www.reclameaqui.com.br/empresa/localiza-meoo/lista-reclamacoes/?complaint_id=1pj9T9-LFc6MuFDm,WXUcboABjloyLjz9,Localiza Meoo,localiza-meoo,EXTERNAL_PUBLIC,RECLAME_AQUI_PUBLIC_BFF
Z7m7Ai_Qxo7f-5gl,"Oficina indicada não realiza o serviço e carro reserva é negado, resultando em perda de dia de trabalho.","Solicitei manutenção para o meu veículo e fui direcionado para uma oficina onde o serviço não e realizado, fui encaminhado após li",PENDING,False,Niterói,RJ,2026-09-03T14:27:06,https://www.reclameaqui.com.br/empresa/localiza-meoo/lista-reclamacoes/?complaint_id=Z7m7Ai_Qxo7f-5gl,WXUcboABjloyLjz9,Localiza Meoo,localiza-meoo,EXTERNAL_PUBLIC,RECLAME_AQUI_PUBLIC_BFF
TSqjVEgx2jHeCCql,Cobrança retroativa indevida após devolução de veículo,"Fui assinante do serviço de carro por assinatura da Localiza por 4 anos, utilizando um modelo Kwid. Realizei a devolução do veícul",SOLVED,True,Fortaleza,CE,2026-09-03T14:22:42,https://www.reclameaqui.com.br/empresa/localiza-meoo/lista-reclamacoes/?complaint_id=TSqjVEgx2jHeCCql,WXUcboABjloyLjz9,Localiza Meoo,localiza-meoo,EXTERNAL_PUBLIC,RECLAME_AQUI_PUBLIC_BFF
KUWHSd2m65KtsbFM,Cliente não recebeu veículo na data contratada e enfrenta dificuldades para cancelar o pedido.,fiz a reclamação aqui no site do Reclame Aqui sobre a entrega de um veículo e não obtive sucesso na tratativa estão me oferecendo,PENDING,False,Adamantina,SP,2026-09-03T14:09:49,https://www.reclameaqui.com.br/empresa/localiza-meoo/lista-reclamacoes/?complaint_id=KUWHSd2m65KtsbFM,WXUcboABjloyLjz9,Localiza Meoo,localiza-meoo,EXTERNAL_PUBLIC,RECLAME_AQUI_PUBLIC_BFF
aKqtVbwKClh35gLC,"Reclamação sobre o programa Localiza Meo: mau atendimento, demora nos reparos e problemas com carro reserva.","Fiz uma adesão do localiza meo e só tive dor de cabeça ate agora, pessimo atendimento da gestora do meu contrato (Renata Ribeiro)",ANSWERED,False,São Paulo,SP,2026-09-03T13:32:04,https://www.reclameaqui.com.br/empresa/localiza-meoo/lista-reclamacoes/?complaint_id=aKqtVbwKClh35gLC,WXUcboABjloyLjz9,Localiza Meoo,localiza-meoo,EXTERNAL_PUBLIC,RECLAME_AQUI_PUBLIC_BFF
M0jwQPtbCEnSgVG0,Cobrança indevida de K. Excedente,"Enviaram uma fatura cobrando excedente se 1283km, sendo que no próprio aplicativo da Localiza a soma do excedente da o total de 77",ANSWERED,False,São João da Boa Vista,SP,2026-09-03T12:57:05,https://www.reclameaqui.com.br/empresa/localiza-meoo/lista-reclamacoes/?complaint_id=M0jwQPtbCEnSgVG0,WXUcboABjloyLjz9,Localiza Meoo,localiza-meoo,EXTERNAL_PUBLIC,RECLAME_AQUI_PUBLIC_BFF
f8e6l6C4WMmoY-dX,Cobrança abusiva de km excedente e divergência de informações no app,"A localiza Meoo está me fazendo uma cobrança abusiva de km excedente.
O valor excedente é de 250 km e estão cobrando 4500 km<b",SOLVED,True,São Paulo,SP,2026-09-03T12:55:40,https://www.reclameaqui.com.br/empresa/localiza-meoo/lista-reclamacoes/?complaint_id=f8e6l6C4WMmoY-dX,WXUcboABjloyLjz9,Localiza Meoo,localiza-meoo,EXTERNAL_PUBLIC,RECLAME_AQUI_PUBLIC_BFF
it0qVZTW8IKMRYOi,Reclamação sobre defeito no ar condicionado de veículo alugado e falta de comunicação da Localiza.,"Prezados, bom dia.

Novamente venho enfrentando problemas com o veículo contratado.
Estive no Pit Stop Localiza em Bar",SOLVED,True,Osasco,SP,2026-09-03T11:29:55,https://www.reclameaqui.com.br/empresa/localiza-meoo/lista-reclamacoes/?complaint_id=it0qVZTW8IKMRYOi,WXUcboABjloyLjz9,Localiza Meoo,localiza-meoo,EXTERNAL_PUBLIC,RECLAME_AQUI_PUBLIC_BFF
AKhguwlI3gF3fd0Z,Reclamação sobre embreagem de carro que apresentou o mesmo problema após um mês de conserto e demora no atendimento de reboque.,"Infelizmente tenho a insatisfação de vir aqui novamente relatar que após um mês de uso após o ""conserto "" da embreagem d",PENDING,False,Belo Horizonte,MG,2026-09-03T11:06:01,https://www.reclameaqui.com.br/empresa/localiza-meoo/lista-reclamacoes/?complaint_id=AKhguwlI3gF3fd0Z,WXUcboABjloyLjz9,Localiza Meoo,localiza-meoo,EXTERNAL_PUBLIC,RECLAME_AQUI_PUBLIC_BFF
Cf7qV31pSBDD2zYX,Veículo alugado apresentou pane e foi substituído por um de categoria inferior.,"Contratei o aluguel de um Hyundai Creta Action 1.6 automático. O veiculo apresentou pane e foi rebocado em 05/08/2026, permanecend",ANSWERED,False,Belo Horizonte,MG,2026-09-03T10:14:42,https://www.reclameaqui.com.br/empresa/localiza-meoo/lista-reclamacoes/?complaint_id=Cf7qV31pSBDD2zYX,WXUcboABjloyLjz9,Localiza Meoo,localiza-meoo,EXTERNAL_PUBLIC,RECLAME_AQUI_PUBLIC_BFF
uL_LH3blCSP-kcYm,Demora excessiva no reparo de veículo sinistrado e insatisfação com carro reserva.,"Assinei um carro 0 km VW Tera em Novembro/2025. 

Abri um sinistro no primeiro trimestre de 2026 solicitando reparo. O rep",SOLVED,True,São Paulo,SP,2026-09-03T00:22:23,https://www.reclameaqui.com.br/empresa/localiza-meoo/lista-reclamacoes/?complaint_id=uL_LH3blCSP-kcYm,WXUcboABjloyLjz9,Localiza Meoo,localiza-meoo,EXTERNAL_PUBLIC,RECLAME_AQUI_PUBLIC_BFF
KXS9KP0YmxIiVhzl,"Localiza Meoo faz COBRANÇA INDEVIDA, ATENDIMENTO QUE INDUZ O CLIENTE AO ERRO E PÉSSIMO SUPORTE","Estou extremamente insatisfeito com a Localiza Meoo, tanto pela cobrança quanto, principalmente, pela forma como meu questionament",PENDING,False,São Paulo,SP,2026-09-02T22:09:24,https://www.reclameaqui.com.br/empresa/localiza-meoo/lista-reclamacoes/?complaint_id=KXS9KP0YmxIiVhzl,WXUcboABjloyLjz9,Localiza Meoo,localiza-meoo,EXTERNAL_PUBLIC,RECLAME_AQUI_PUBLIC_BFF
pi4bWoGtnYNGpH9g,Cobrança duplicada e alteração indevida de vencimento de fatura pela Localiza Meeo,"Tenho contrato com a Localiza Meeo desde agosto de 2023. Entre vários outros problemas que eu tenho relatado, dessa vez a empresa",ANSWERED,False,Catanduva,SP,2026-09-02T18:17:50,https://www.reclameaqui.com.br/empresa/localiza-meoo/lista-reclamacoes/?complaint_id=pi4bWoGtnYNGpH9g,WXUcboABjloyLjz9,Localiza Meoo,localiza-meoo,EXTERNAL_PUBLIC,RECLAME_AQUI_PUBLIC_BFF
sqBtjnYaHNIMG-QL,Cobrança indevida de chave de veículo e problemas com carro de assinatura.,"Empresa em alguns setores não passam feedback e gerarm faturas indevidas! Tenho várias reclamações!

Primeiro tenho um car",ANSWERED,False,Rio de Janeiro,RJ,2026-09-02T17:44:03,https://www.reclameaqui.com.br/empresa/localiza-meoo/lista-reclamacoes/?complaint_id=sqBtjnYaHNIMG-QL,WXUcboABjloyLjz9,Localiza Meoo,localiza-meoo,EXTERNAL_PUBLIC,RECLAME_AQUI_PUBLIC_BFF
xE7QzHwcf0oFteRu,Falha no aplicativo para indicação de condutor de multa em locação,"Olá, gostaria de registrar uma reclamação referente à indicação de condutor de uma multa vinculada à minha locação.

Estou",ANSWERED,False,Guarujá,SP,2026-09-02T16:08:44,https://www.reclameaqui.com.br/empresa/localiza-meoo/lista-reclamacoes/?complaint_id=xE7QzHwcf0oFteRu,WXUcboABjloyLjz9,Localiza Meoo,localiza-meoo,EXTERNAL_PUBLIC,RECLAME_AQUI_PUBLIC_BFF
NdblChuBJBKEq7Et,Cobrança indevida de taxa de recuperação de veículo em assinatura ativa.,"Tenho uma assinatura e estou sendo cobrado por uma taxa de recuperação de veículo, no entanto não houve recuperação nem contato ne",SOLVED,True,Feira de Santana,BA,2026-09-02T16:04:48,https://www.reclameaqui.com.br/empresa/localiza-meoo/lista-reclamacoes/?complaint_id=NdblChuBJBKEq7Et,WXUcboABjloyLjz9,Localiza Meoo,localiza-meoo,EXTERNAL_PUBLIC,RECLAME_AQUI_PUBLIC_BFF
DoCah1lvz-HIOs58,"Divergência de informações, cobranças indevidas e dificuldade de cancelamento no aluguel de carros da Localiza Meoo","Falta de solução, divergência nas informações prestadas, cobranças questionáveis e dificuldade para cancelamento  Localiza Me",ANSWERED,False,Manaus,AM,2026-09-02T14:11:17,https://www.reclameaqui.com.br/empresa/localiza-meoo/lista-reclamacoes/?complaint_id=DoCah1lvz-HIOs58,WXUcboABjloyLjz9,Localiza Meoo,localiza-meoo,EXTERNAL_PUBLIC,RECLAME_AQUI_PUBLIC_BFF
V9b3Ry1I2eeKz3lF,Demora na manutenção do sensor de combustível e falta de informações claras sobre o processo.,"Bom dia;

Há aproximadamente 3 semanas venho solicitando a manutenção do sensor do reservatório de combustível, porém, até",PENDING,False,Paulista,PE,2026-09-02T10:48:00,https://www.reclameaqui.com.br/empresa/localiza-meoo/lista-reclamacoes/?complaint_id=V9b3Ry1I2eeKz3lF,WXUcboABjloyLjz9,Localiza Meoo,localiza-meoo,EXTERNAL_PUBLIC,RECLAME_AQUI_PUBLIC_BFF
NLJsFPeblerwCkwk,Localiza Meoo se recusa a negociar plano de assinatura devido a dificuldades financeiras do cliente.,"Tenho assinatura com a Localiza Meoo a muitos anos , sempre paguei em dia as mensalidades , e esse mês estou com dificuldade para",SOLVED,True,Porto Alegre,RS,2026-09-02T10:27:14,https://www.reclameaqui.com.br/empresa/localiza-meoo/lista-reclamacoes/?complaint_id=NLJsFPeblerwCkwk,WXUcboABjloyLjz9,Localiza Meoo,localiza-meoo,EXTERNAL_PUBLIC,RECLAME_AQUI_PUBLIC_BFF
dmQhj7zHLICg0u_N,Assinante de carro da Localiza Meoo relata bloqueio indevido do veículo e falha no ar-condicionado sem solução.,Sou assinante de um carro da Localiza Meoo e quero deixar registrado a minha indignação quanto aos serviços no qual a Localiza Meo,ANSWERED,False,Teresina,PI,2026-09-02T09:13:29,https://www.reclameaqui.com.br/empresa/localiza-meoo/lista-reclamacoes/?complaint_id=dmQhj7zHLICg0u_N,WXUcboABjloyLjz9,Localiza Meoo,localiza-meoo,EXTERNAL_PUBLIC,RECLAME_AQUI_PUBLIC_BFF
q4fJYuBSLXEVu9MI,Atraso na entrega de veículo alugado compromete locomoção e experiência do cliente.,"Fiz a assinatura de um veículo, onde o prazo de entrega era para o dia 31/08. Foi alterado sem qualquer comunicação prévia. A nova",NOT_SOLVED,False,Fortaleza,CE,2026-09-02T07:38:40,https://www.reclameaqui.com.br/empresa/localiza-meoo/lista-reclamacoes/?complaint_id=q4fJYuBSLXEVu9MI,WXUcboABjloyLjz9,Localiza Meoo,localiza-meoo,EXTERNAL_PUBLIC,RECLAME_AQUI_PUBLIC_BFF
BLExVXVieDCJBKdw,Cobrança de km excedente sem previsibilidade e desrespeito à franquia global do contrato.,"Cobrança de km excedente sem previsibilidade e desrespeito à franquia global do contrato
Sou cliente da Localiza Meoo através",SOLVED,True,São Paulo,SP,2026-09-01T18:54:08,https://www.reclameaqui.com.br/empresa/localiza-meoo/lista-reclamacoes/?complaint_id=BLExVXVieDCJBKdw,WXUcboABjloyLjz9,Localiza Meoo,localiza-meoo,EXTERNAL_PUBLIC,RECLAME_AQUI_PUBLIC_BFF
OySoC8DfAX5qcTIN,Cliente não consegue cancelar contrato com a Localiza Meoo após 24 horas de tentativas e relata mau atendimento.,"Estou há exatamente 24 horas tentando cancelar o meu contrato de número ***** com a empresa Localiza Meoo, sem sucesso.A empresa j",PENDING,False,Carapicuíba,SP,2026-09-01T15:39:56,https://www.reclameaqui.com.br/empresa/localiza-meoo/lista-reclamacoes/?complaint_id=OySoC8DfAX5qcTIN,WXUcboABjloyLjz9,Localiza Meoo,localiza-meoo,EXTERNAL_PUBLIC,RECLAME_AQUI_PUBLIC_BFF
vo1l2JwrgK7zOlgv,"Localiza não cumpre veículo prometido, entrega modelo inferior e presta atendimento [Editado pelo Reclame Aqui].",No dia 23 de julho de 2026 assinei um contrato de carro por assinatura com a empresa ora requerida. (instrumento n *****). Já prev,PENDING,False,Belém,PA,2026-09-01T14:51:01,https://www.reclameaqui.com.br/empresa/localiza-meoo/lista-reclamacoes/?complaint_id=vo1l2JwrgK7zOlgv,WXUcboABjloyLjz9,Localiza Meoo,localiza-meoo,EXTERNAL_PUBLIC,RECLAME_AQUI_PUBLIC_BFF
