event_id,customer_id,data_origin,event_date,session_id,feature,session_duration_sec,app_access_count_30d,notification_received,notification_opened,action,maintenance_scheduled,payment_completed,benefit_viewed,benefit_redeemed,support_contacted
APP00001,CUST0368,SYNTHETIC,2026-09-05,SES00267,home,153,18,False,False,viewed,False,False,False,False,False
APP00002,CUST0471,SYNTHETIC,2026-07-25,SES01727,maintenance,480,21,True,True,viewed,False,False,False,False,False
APP00003,CUST0226,SYNTHETIC,2026-07-28,SES00790,contract,389,3,False,False,viewed,False,False,False,False,False
APP00004,CUST0329,SYNTHETIC,2026-06-21,SES01386,notifications,375,13,False,False,dismissed,False,False,False,False,False
APP00005,CUST0120,SYNTHETIC,2026-06-18,SES01951,notifications,407,22,True,True,dismissed,False,False,False,False,False
APP00006,CUST0179,SYNTHETIC,2026-08-04,SES00685,profile,479,2,False,False,viewed,False,False,False,False,False
APP00007,CUST0306,SYNTHETIC,2026-07-31,SES01354,benefits,130,7,True,True,viewed,False,False,True,False,False
APP00008,CUST0271,SYNTHETIC,2026-06-14,SES00838,assistant,326,4,True,False,queried,False,False,False,False,False
APP00009,CUST0499,SYNTHETIC,2026-08-31,SES00997,km,124,13,True,False,viewed,False,False,False,False,False
APP00010,CUST0180,SYNTHETIC,2026-06-14,SES01135,assistant,238,17,False,False,opened,False,False,False,False,False
APP00011,CUST0487,SYNTHETIC,2026-08-17,SES00321,finance,124,16,False,False,paid,False,True,False,False,False
APP00012,CUST0205,SYNTHETIC,2026-09-24,SES00449,benefits,53,8,True,False,viewed,False,False,True,False,False
APP00013,CUST0251,SYNTHETIC,2026-09-21,SES00757,documents,58,14,True,True,viewed,False,False,False,False,False
APP00014,CUST0450,SYNTHETIC,2026-08-05,SES00389,support,195,10,True,True,opened,False,False,False,False,False
APP00015,CUST0050,SYNTHETIC,2026-08-05,SES01301,home,168,14,False,False,viewed,False,False,False,False,False
APP00016,CUST0259,SYNTHETIC,2026-08-06,SES01218,fines,479,4,True,True,viewed,False,False,False,False,False
APP00017,CUST0093,SYNTHETIC,2026-06-22,SES01109,documents,173,9,True,True,viewed,False,False,False,False,False
APP00018,CUST0076,SYNTHETIC,2026-06-20,SES01744,home,300,16,False,False,viewed,False,False,False,False,False
APP00019,CUST0259,SYNTHETIC,2026-07-20,SES02082,documents,102,10,True,False,viewed,False,False,False,False,False
APP00020,CUST0081,SYNTHETIC,2026-09-14,SES02111,mobility_planner,343,7,False,False,viewed,False,False,False,False,False
APP00021,CUST0322,SYNTHETIC,2026-09-04,SES00649,benefits,287,5,False,False,viewed,False,False,True,False,False
APP00022,CUST0260,SYNTHETIC,2026-07-24,SES01857,contract,381,16,False,False,viewed,False,False,False,False,False
APP00023,CUST0104,SYNTHETIC,2026-08-18,SES00924,km,252,9,True,True,viewed,False,False,False,False,False
APP00024,CUST0127,SYNTHETIC,2026-06-18,SES01403,finance,340,7,False,False,viewed,False,False,False,False,False
APP00025,CUST0448,SYNTHETIC,2026-09-03,SES01808,notifications,9,9,False,False,dismissed,False,False,False,False,False
APP00026,CUST0449,SYNTHETIC,2026-07-29,SES01895,home,266,17,True,False,viewed,False,False,False,False,False
APP00027,CUST0454,SYNTHETIC,2026-09-05,SES01657,benefits,208,16,True,False,viewed,False,False,True,False,False
APP00028,CUST0150,SYNTHETIC,2026-08-31,SES00826,benefits,157,19,True,False,viewed,False,False,True,False,False
APP00029,CUST0139,SYNTHETIC,2026-09-15,SES01896,benefits,418,22,False,False,viewed,False,False,True,False,False
APP00030,CUST0251,SYNTHETIC,2026-09-27,SES00040,benefits,142,18,False,False,redeemed,False,False,True,True,False
APP00031,CUST0025,SYNTHETIC,2026-06-25,SES02192,finance,390,1,True,False,viewed,False,False,False,False,False
APP00032,CUST0223,SYNTHETIC,2026-06-29,SES00125,notifications,189,13,False,False,dismissed,False,False,False,False,False
APP00033,CUST0137,SYNTHETIC,2026-07-14,SES00316,assistant,12,14,True,False,opened,False,False,False,False,False
APP00034,CUST0289,SYNTHETIC,2026-07-15,SES00606,km,276,1,True,True,viewed,False,False,False,False,False
APP00035,CUST0110,SYNTHETIC,2026-09-30,SES00591,mobility_planner,51,8,False,False,viewed,False,False,False,False,False
APP00036,CUST0412,SYNTHETIC,2026-08-10,SES00202,contract,90,20,False,False,viewed,False,False,False,False,False
APP00037,CUST0329,SYNTHETIC,2026-07-16,SES01545,assistant,84,7,False,False,opened,False,False,False,False,False
APP00038,CUST0061,SYNTHETIC,2026-08-11,SES00429,notifications,223,15,False,False,opened,False,False,False,False,False
APP00039,CUST0181,SYNTHETIC,2026-08-02,SES01410,fines,343,7,True,True,viewed,False,False,False,False,False
APP00040,CUST0381,SYNTHETIC,2026-06-30,SES01953,fines,369,20,False,False,viewed,False,False,False,False,False
APP00041,CUST0260,SYNTHETIC,2026-07-03,SES00971,support,326,8,True,False,opened,False,False,False,False,False
APP00042,CUST0315,SYNTHETIC,2026-09-14,SES01400,km,66,9,False,False,viewed,False,False,False,False,False
APP00043,CUST0447,SYNTHETIC,2026-07-23,SES01287,support,223,19,False,False,opened,False,False,False,False,False
APP00044,CUST0109,SYNTHETIC,2026-09-27,SES00844,contract,402,8,False,False,viewed,False,False,False,False,False
APP00045,CUST0458,SYNTHETIC,2026-08-29,SES01512,profile,240,5,False,False,viewed,False,False,False,False,False
APP00046,CUST0265,SYNTHETIC,2026-06-23,SES01534,notifications,78,4,False,False,dismissed,False,False,False,False,False
APP00047,CUST0064,SYNTHETIC,2026-06-27,SES01108,profile,271,12,False,False,viewed,False,False,False,False,False
APP00048,CUST0194,SYNTHETIC,2026-07-28,SES01985,km,21,10,False,False,viewed,False,False,False,False,False
APP00049,CUST0452,SYNTHETIC,2026-07-18,SES00405,profile,336,1,False,False,viewed,False,False,False,False,False
APP00050,CUST0080,SYNTHETIC,2026-07-25,SES00161,notifications,51,9,True,False,opened,False,False,False,False,False
APP00051,CUST0019,SYNTHETIC,2026-06-05,SES00559,support,281,7,False,False,opened,False,False,False,False,False
APP00052,CUST0034,SYNTHETIC,2026-07-31,SES00265,contract,351,1,True,False,viewed,False,False,False,False,False
APP00053,CUST0451,SYNTHETIC,2026-06-20,SES01476,profile,258,8,False,False,viewed,False,False,False,False,False
APP00054,CUST0254,SYNTHETIC,2026-06-27,SES01022,support,343,17,False,False,opened,False,False,False,False,False
APP00055,CUST0424,SYNTHETIC,2026-08-12,SES00408,support,44,19,True,True,opened,False,False,False,False,False
APP00056,CUST0270,SYNTHETIC,2026-06-24,SES01001,documents,367,6,False,False,viewed,False,False,False,False,False
APP00057,CUST0090,SYNTHETIC,2026-08-24,SES00813,home,152,2,True,True,viewed,False,False,False,False,False
APP00058,CUST0278,SYNTHETIC,2026-09-10,SES01024,km,371,16,False,False,viewed,False,False,False,False,False
APP00059,CUST0363,SYNTHETIC,2026-06-17,SES01791,support,57,22,False,False,opened,False,False,False,False,False
APP00060,CUST0163,SYNTHETIC,2026-08-12,SES01019,km,194,4,False,False,viewed,False,False,False,False,False
APP00061,CUST0401,SYNTHETIC,2026-06-20,SES00969,assistant,114,8,True,True,opened,False,False,False,False,False
APP00062,CUST0286,SYNTHETIC,2026-06-30,SES00933,documents,210,8,False,False,viewed,False,False,False,False,False
APP00063,CUST0339,SYNTHETIC,2026-08-06,SES02138,km,207,4,False,False,viewed,False,False,False,False,False
APP00064,CUST0473,SYNTHETIC,2026-07-17,SES01270,maintenance,351,7,True,False,viewed,False,False,False,False,False
APP00065,CUST0229,SYNTHETIC,2026-08-25,SES01349,contract,34,9,False,False,viewed,False,False,False,False,False
APP00066,CUST0249,SYNTHETIC,2026-07-18,SES02013,mobility_planner,134,6,False,False,planned,False,False,False,False,False
APP00067,CUST0453,SYNTHETIC,2026-09-15,SES00230,profile,286,10,False,False,viewed,False,False,False,False,False
APP00068,CUST0054,SYNTHETIC,2026-07-19,SES01136,contract,173,18,False,False,viewed,False,False,False,False,False
APP00069,CUST0456,SYNTHETIC,2026-06-06,SES01098,mobility_planner,417,13,False,False,viewed,False,False,False,False,False
APP00070,CUST0335,SYNTHETIC,2026-08-10,SES01726,contract,294,4,True,False,viewed,False,False,False,False,False
APP00071,CUST0076,SYNTHETIC,2026-08-01,SES00276,contract,119,22,False,False,viewed,False,False,False,False,False
APP00072,CUST0039,SYNTHETIC,2026-09-21,SES01303,home,176,14,True,False,viewed,False,False,False,False,False
APP00073,CUST0094,SYNTHETIC,2026-09-13,SES00851,support,322,22,True,True,contacted,False,False,False,False,True
APP00074,CUST0420,SYNTHETIC,2026-07-10,SES00676,mobility_planner,318,14,True,False,planned,False,False,False,False,False
APP00075,CUST0165,SYNTHETIC,2026-08-19,SES01005,home,17,15,True,False,viewed,False,False,False,False,False
APP00076,CUST0327,SYNTHETIC,2026-07-15,SES00773,support,382,16,True,True,opened,False,False,False,False,False
APP00077,CUST0230,SYNTHETIC,2026-07-21,SES00470,mobility_planner,387,4,True,False,planned,False,False,False,False,False
APP00078,CUST0473,SYNTHETIC,2026-09-24,SES00275,support,152,13,True,False,opened,False,False,False,False,False
APP00079,CUST0157,SYNTHETIC,2026-08-02,SES01206,documents,142,3,False,False,viewed,False,False,False,False,False
APP00080,CUST0109,SYNTHETIC,2026-08-11,SES01990,mobility_planner,322,19,False,False,planned,False,False,False,False,False
APP00081,CUST0403,SYNTHETIC,2026-07-17,SES01245,finance,38,12,False,False,paid,False,True,False,False,False
APP00082,CUST0353,SYNTHETIC,2026-06-26,SES01288,support,166,18,True,True,opened,False,False,False,False,False
APP00083,CUST0333,SYNTHETIC,2026-08-28,SES00819,benefits,111,8,True,False,viewed,False,False,True,False,False
APP00084,CUST0430,SYNTHETIC,2026-08-07,SES00383,mobility_planner,19,16,True,True,viewed,False,False,False,False,False
APP00085,CUST0196,SYNTHETIC,2026-09-28,SES01577,maintenance,117,14,True,True,viewed,False,False,False,False,False
APP00086,CUST0277,SYNTHETIC,2026-06-21,SES00001,documents,309,15,False,False,viewed,False,False,False,False,False
APP00087,CUST0083,SYNTHETIC,2026-08-31,SES01459,maintenance,336,3,False,False,viewed,False,False,False,False,False
APP00088,CUST0065,SYNTHETIC,2026-06-27,SES00152,km,201,10,False,False,viewed,False,False,False,False,False
APP00089,CUST0078,SYNTHETIC,2026-07-17,SES00764,support,424,14,True,True,opened,False,False,False,False,False
APP00090,CUST0134,SYNTHETIC,2026-06-05,SES02001,support,175,7,False,False,contacted,False,False,False,False,True
APP00091,CUST0179,SYNTHETIC,2026-08-07,SES00981,documents,312,20,False,False,viewed,False,False,False,False,False
APP00092,CUST0345,SYNTHETIC,2026-09-23,SES02141,documents,460,17,True,False,viewed,False,False,False,False,False
APP00093,CUST0045,SYNTHETIC,2026-09-21,SES02043,contract,436,16,False,False,viewed,False,False,False,False,False
APP00094,CUST0235,SYNTHETIC,2026-06-03,SES01980,home,377,5,True,True,viewed,False,False,False,False,False
APP00095,CUST0107,SYNTHETIC,2026-09-17,SES00786,support,458,10,True,False,contacted,False,False,False,False,True
APP00096,CUST0399,SYNTHETIC,2026-08-21,SES00937,maintenance,412,10,False,False,viewed,False,False,False,False,False
APP00097,CUST0151,SYNTHETIC,2026-08-31,SES01001,assistant,78,17,True,True,queried,False,False,False,False,False
APP00098,CUST0103,SYNTHETIC,2026-09-12,SES01780,km,354,13,False,False,viewed,False,False,False,False,False
APP00099,CUST0281,SYNTHETIC,2026-10-01,SES00720,contract,417,17,False,False,viewed,False,False,False,False,False
APP00100,CUST0210,SYNTHETIC,2026-09-23,SES01498,mobility_planner,382,8,False,False,viewed,False,False,False,False,False
APP00101,CUST0217,SYNTHETIC,2026-07-22,SES02055,home,459,8,True,True,viewed,False,False,False,False,False
APP00102,CUST0418,SYNTHETIC,2026-08-28,SES00321,mobility_planner,333,22,False,False,planned,False,False,False,False,False
APP00103,CUST0071,SYNTHETIC,2026-07-18,SES01986,profile,312,18,True,True,viewed,False,False,False,False,False
APP00104,CUST0277,SYNTHETIC,2026-07-22,SES01562,km,362,18,False,False,viewed,False,False,False,False,False
APP00105,CUST0121,SYNTHETIC,2026-09-10,SES01250,mobility_planner,221,6,False,False,planned,False,False,False,False,False
APP00106,CUST0377,SYNTHETIC,2026-08-21,SES00084,fines,421,12,True,True,viewed,False,False,False,False,False
APP00107,CUST0206,SYNTHETIC,2026-06-03,SES01957,fines,19,18,False,False,viewed,False,False,False,False,False
APP00108,CUST0458,SYNTHETIC,2026-08-29,SES02133,maintenance,227,19,False,False,viewed,False,False,False,False,False
APP00109,CUST0026,SYNTHETIC,2026-08-30,SES00003,notifications,190,22,True,False,dismissed,False,False,False,False,False
APP00110,CUST0197,SYNTHETIC,2026-09-12,SES00819,assistant,174,6,False,False,queried,False,False,False,False,False
APP00111,CUST0216,SYNTHETIC,2026-06-28,SES01299,km,103,13,False,False,viewed,False,False,False,False,False
APP00112,CUST0264,SYNTHETIC,2026-07-11,SES00215,km,457,14,False,False,viewed,False,False,False,False,False
APP00113,CUST0069,SYNTHETIC,2026-07-23,SES00184,fines,29,7,False,False,viewed,False,False,False,False,False
APP00114,CUST0324,SYNTHETIC,2026-06-08,SES00212,benefits,203,8,True,True,viewed,False,False,True,False,False
APP00115,CUST0163,SYNTHETIC,2026-09-05,SES00847,mobility_planner,421,10,False,False,viewed,False,False,False,False,False
APP00116,CUST0094,SYNTHETIC,2026-07-05,SES00227,notifications,138,16,False,False,opened,False,False,False,False,False
APP00117,CUST0215,SYNTHETIC,2026-07-10,SES01638,profile,138,11,False,False,viewed,False,False,False,False,False
APP00118,CUST0309,SYNTHETIC,2026-07-29,SES00642,profile,21,18,False,False,viewed,False,False,False,False,False
APP00119,CUST0387,SYNTHETIC,2026-06-20,SES01903,profile,125,2,False,False,viewed,False,False,False,False,False
APP00120,CUST0479,SYNTHETIC,2026-09-10,SES00192,assistant,118,8,False,False,queried,False,False,False,False,False
APP00121,CUST0196,SYNTHETIC,2026-06-06,SES00474,finance,51,12,True,True,paid,False,True,False,False,False
APP00122,CUST0093,SYNTHETIC,2026-07-10,SES01420,maintenance,208,16,True,True,viewed,False,False,False,False,False
APP00123,CUST0162,SYNTHETIC,2026-08-28,SES02022,support,378,17,False,False,contacted,False,False,False,False,True
APP00124,CUST0031,SYNTHETIC,2026-06-16,SES01127,profile,67,1,True,False,viewed,False,False,False,False,False
APP00125,CUST0010,SYNTHETIC,2026-09-16,SES00036,mobility_planner,364,18,False,False,viewed,False,False,False,False,False
APP00126,CUST0089,SYNTHETIC,2026-08-12,SES01511,finance,130,18,False,False,viewed,False,False,False,False,False
APP00127,CUST0228,SYNTHETIC,2026-07-27,SES00835,contract,422,20,True,True,viewed,False,False,False,False,False
APP00128,CUST0031,SYNTHETIC,2026-08-19,SES01144,documents,101,14,False,False,viewed,False,False,False,False,False
APP00129,CUST0194,SYNTHETIC,2026-06-10,SES01133,benefits,363,14,True,True,viewed,False,False,True,False,False
APP00130,CUST0455,SYNTHETIC,2026-08-30,SES00489,mobility_planner,30,12,False,False,viewed,False,False,False,False,False
APP00131,CUST0135,SYNTHETIC,2026-09-05,SES00623,km,154,12,False,False,viewed,False,False,False,False,False
APP00132,CUST0025,SYNTHETIC,2026-08-16,SES01485,assistant,119,21,False,False,opened,False,False,False,False,False
APP00133,CUST0272,SYNTHETIC,2026-08-09,SES01954,documents,96,7,False,False,viewed,False,False,False,False,False
APP00134,CUST0201,SYNTHETIC,2026-06-07,SES00629,maintenance,358,20,False,False,viewed,False,False,False,False,False
APP00135,CUST0193,SYNTHETIC,2026-08-22,SES00235,mobility_planner,431,16,False,False,viewed,False,False,False,False,False
APP00136,CUST0307,SYNTHETIC,2026-08-31,SES01567,mobility_planner,174,13,False,False,planned,False,False,False,False,False
APP00137,CUST0310,SYNTHETIC,2026-07-05,SES01465,profile,471,22,False,False,viewed,False,False,False,False,False
APP00138,CUST0052,SYNTHETIC,2026-08-03,SES00939,profile,480,11,False,False,viewed,False,False,False,False,False
APP00139,CUST0305,SYNTHETIC,2026-08-05,SES00943,documents,243,18,True,True,viewed,False,False,False,False,False
APP00140,CUST0242,SYNTHETIC,2026-09-08,SES00931,mobility_planner,370,16,False,False,planned,False,False,False,False,False
APP00141,CUST0101,SYNTHETIC,2026-06-21,SES00232,finance,473,14,False,False,viewed,False,False,False,False,False
APP00142,CUST0071,SYNTHETIC,2026-09-23,SES01803,support,330,8,True,False,opened,False,False,False,False,False
APP00143,CUST0167,SYNTHETIC,2026-06-17,SES01638,mobility_planner,256,3,False,False,planned,False,False,False,False,False
APP00144,CUST0087,SYNTHETIC,2026-06-29,SES01988,benefits,114,8,True,True,redeemed,False,False,True,True,False
APP00145,CUST0061,SYNTHETIC,2026-08-30,SES01036,mobility_planner,317,1,False,False,planned,False,False,False,False,False
APP00146,CUST0004,SYNTHETIC,2026-09-26,SES02069,benefits,477,6,True,True,viewed,False,False,True,False,False
APP00147,CUST0340,SYNTHETIC,2026-06-11,SES00687,km,278,14,True,False,viewed,False,False,False,False,False
APP00148,CUST0057,SYNTHETIC,2026-07-22,SES00068,maintenance,116,2,False,False,scheduled,True,False,False,False,False
APP00149,CUST0197,SYNTHETIC,2026-09-02,SES01349,profile,364,12,True,False,viewed,False,False,False,False,False
APP00150,CUST0103,SYNTHETIC,2026-09-06,SES02163,benefits,29,21,False,False,viewed,False,False,True,False,False
APP00151,CUST0499,SYNTHETIC,2026-06-23,SES01064,maintenance,169,16,True,False,scheduled,True,False,False,False,False
APP00152,CUST0072,SYNTHETIC,2026-07-01,SES01768,finance,204,16,True,True,viewed,False,False,False,False,False
APP00153,CUST0165,SYNTHETIC,2026-06-07,SES00393,home,296,15,False,False,viewed,False,False,False,False,False
APP00154,CUST0170,SYNTHETIC,2026-07-05,SES01301,fines,349,20,False,False,viewed,False,False,False,False,False
APP00155,CUST0419,SYNTHETIC,2026-06-25,SES01200,home,333,14,False,False,viewed,False,False,False,False,False
APP00156,CUST0113,SYNTHETIC,2026-08-18,SES00179,notifications,79,19,False,False,dismissed,False,False,False,False,False
APP00157,CUST0171,SYNTHETIC,2026-09-06,SES01611,maintenance,477,9,True,False,scheduled,True,False,False,False,False
APP00158,CUST0068,SYNTHETIC,2026-08-12,SES01902,home,207,3,True,True,viewed,False,False,False,False,False
APP00159,CUST0126,SYNTHETIC,2026-10-01,SES00923,home,62,19,True,True,viewed,False,False,False,False,False
APP00160,CUST0163,SYNTHETIC,2026-06-22,SES01801,benefits,280,18,False,False,viewed,False,False,True,False,False
APP00161,CUST0143,SYNTHETIC,2026-09-24,SES00586,maintenance,204,19,True,True,viewed,False,False,False,False,False
APP00162,CUST0346,SYNTHETIC,2026-08-15,SES00096,maintenance,158,22,False,False,viewed,False,False,False,False,False
APP00163,CUST0104,SYNTHETIC,2026-07-04,SES00290,contract,285,6,True,False,viewed,False,False,False,False,False
APP00164,CUST0304,SYNTHETIC,2026-09-27,SES00866,documents,463,1,False,False,viewed,False,False,False,False,False
APP00165,CUST0095,SYNTHETIC,2026-08-11,SES00393,documents,477,2,False,False,viewed,False,False,False,False,False
APP00166,CUST0107,SYNTHETIC,2026-07-13,SES01263,fines,472,18,True,False,viewed,False,False,False,False,False
APP00167,CUST0184,SYNTHETIC,2026-06-18,SES01285,mobility_planner,44,7,False,False,viewed,False,False,False,False,False
APP00168,CUST0065,SYNTHETIC,2026-07-23,SES01118,benefits,139,16,True,True,viewed,False,False,True,False,False
APP00169,CUST0016,SYNTHETIC,2026-07-13,SES01926,notifications,367,12,False,False,dismissed,False,False,False,False,False
APP00170,CUST0109,SYNTHETIC,2026-07-23,SES00714,km,339,12,False,False,viewed,False,False,False,False,False
APP00171,CUST0192,SYNTHETIC,2026-06-26,SES01842,maintenance,109,13,False,False,viewed,False,False,False,False,False
APP00172,CUST0202,SYNTHETIC,2026-10-01,SES01413,maintenance,67,21,True,False,viewed,False,False,False,False,False
APP00173,CUST0353,SYNTHETIC,2026-08-04,SES00932,home,358,9,False,False,viewed,False,False,False,False,False
APP00174,CUST0493,SYNTHETIC,2026-08-26,SES02060,mobility_planner,55,17,False,False,viewed,False,False,False,False,False
APP00175,CUST0346,SYNTHETIC,2026-08-31,SES01801,support,411,1,False,False,contacted,False,False,False,False,True
APP00176,CUST0234,SYNTHETIC,2026-08-14,SES00266,contract,183,19,False,False,viewed,False,False,False,False,False
APP00177,CUST0234,SYNTHETIC,2026-08-24,SES00894,finance,346,8,False,False,viewed,False,False,False,False,False
APP00178,CUST0163,SYNTHETIC,2026-08-18,SES01847,mobility_planner,383,3,True,False,viewed,False,False,False,False,False
APP00179,CUST0042,SYNTHETIC,2026-08-30,SES01500,fines,53,12,False,False,viewed,False,False,False,False,False
APP00180,CUST0374,SYNTHETIC,2026-08-20,SES01825,support,285,21,False,False,opened,False,False,False,False,False
APP00181,CUST0362,SYNTHETIC,2026-09-28,SES00886,fines,475,19,False,False,viewed,False,False,False,False,False
APP00182,CUST0422,SYNTHETIC,2026-08-14,SES00583,profile,194,21,True,False,viewed,False,False,False,False,False
APP00183,CUST0266,SYNTHETIC,2026-09-17,SES00966,maintenance,461,9,False,False,viewed,False,False,False,False,False
APP00184,CUST0146,SYNTHETIC,2026-08-18,SES00782,profile,181,15,True,False,viewed,False,False,False,False,False
APP00185,CUST0309,SYNTHETIC,2026-08-20,SES02114,km,104,7,False,False,viewed,False,False,False,False,False
APP00186,CUST0242,SYNTHETIC,2026-09-12,SES01289,assistant,96,19,False,False,opened,False,False,False,False,False
APP00187,CUST0188,SYNTHETIC,2026-08-28,SES00889,mobility_planner,219,2,False,False,planned,False,False,False,False,False
APP00188,CUST0007,SYNTHETIC,2026-08-25,SES01774,fines,53,2,False,False,viewed,False,False,False,False,False
APP00189,CUST0413,SYNTHETIC,2026-08-19,SES02066,documents,232,3,True,False,viewed,False,False,False,False,False
APP00190,CUST0351,SYNTHETIC,2026-08-27,SES01718,documents,376,22,False,False,viewed,False,False,False,False,False
APP00191,CUST0252,SYNTHETIC,2026-10-01,SES02064,maintenance,286,4,False,False,viewed,False,False,False,False,False
APP00192,CUST0066,SYNTHETIC,2026-07-12,SES00336,assistant,132,21,False,False,queried,False,False,False,False,False
APP00193,CUST0311,SYNTHETIC,2026-06-20,SES00502,support,329,13,False,False,opened,False,False,False,False,False
APP00194,CUST0109,SYNTHETIC,2026-09-18,SES01797,support,157,1,True,True,opened,False,False,False,False,False
APP00195,CUST0267,SYNTHETIC,2026-09-26,SES00117,fines,270,11,False,False,viewed,False,False,False,False,False
APP00196,CUST0406,SYNTHETIC,2026-08-06,SES01868,km,182,3,False,False,viewed,False,False,False,False,False
APP00197,CUST0337,SYNTHETIC,2026-07-31,SES01637,mobility_planner,334,15,True,False,viewed,False,False,False,False,False
APP00198,CUST0297,SYNTHETIC,2026-09-01,SES02081,contract,120,21,False,False,viewed,False,False,False,False,False
APP00199,CUST0303,SYNTHETIC,2026-06-21,SES00372,benefits,271,3,False,False,viewed,False,False,True,False,False
APP00200,CUST0398,SYNTHETIC,2026-09-13,SES01969,home,406,17,False,False,viewed,False,False,False,False,False
APP00201,CUST0125,SYNTHETIC,2026-07-04,SES01861,benefits,65,5,False,False,viewed,False,False,True,False,False
APP00202,CUST0375,SYNTHETIC,2026-07-21,SES02013,home,259,1,False,False,viewed,False,False,False,False,False
APP00203,CUST0320,SYNTHETIC,2026-07-07,SES00651,finance,285,10,True,True,viewed,False,False,False,False,False
APP00204,CUST0118,SYNTHETIC,2026-09-25,SES01927,profile,56,16,False,False,viewed,False,False,False,False,False
APP00205,CUST0367,SYNTHETIC,2026-06-03,SES00092,documents,102,6,True,False,viewed,False,False,False,False,False
APP00206,CUST0127,SYNTHETIC,2026-09-20,SES00709,documents,421,11,False,False,viewed,False,False,False,False,False
APP00207,CUST0155,SYNTHETIC,2026-06-19,SES00137,finance,428,19,True,True,viewed,False,False,False,False,False
APP00208,CUST0072,SYNTHETIC,2026-07-26,SES01726,finance,309,4,True,False,viewed,False,False,False,False,False
APP00209,CUST0146,SYNTHETIC,2026-07-17,SES01383,benefits,102,5,False,False,redeemed,False,False,True,True,False
APP00210,CUST0219,SYNTHETIC,2026-08-16,SES01031,home,381,9,True,True,viewed,False,False,False,False,False
APP00211,CUST0378,SYNTHETIC,2026-06-17,SES00149,profile,432,14,True,False,viewed,False,False,False,False,False
APP00212,CUST0051,SYNTHETIC,2026-06-23,SES01801,maintenance,312,1,True,True,viewed,False,False,False,False,False
APP00213,CUST0170,SYNTHETIC,2026-06-23,SES01692,finance,50,22,True,True,paid,False,True,False,False,False
APP00214,CUST0119,SYNTHETIC,2026-07-10,SES00844,fines,306,20,False,False,viewed,False,False,False,False,False
APP00215,CUST0029,SYNTHETIC,2026-07-20,SES01594,notifications,157,21,False,False,dismissed,False,False,False,False,False
APP00216,CUST0438,SYNTHETIC,2026-09-30,SES01597,benefits,173,18,True,True,redeemed,False,False,True,True,False
APP00217,CUST0340,SYNTHETIC,2026-06-14,SES01815,home,189,13,True,True,viewed,False,False,False,False,False
APP00218,CUST0041,SYNTHETIC,2026-08-05,SES02105,km,386,9,False,False,viewed,False,False,False,False,False
APP00219,CUST0026,SYNTHETIC,2026-06-26,SES01962,assistant,444,4,False,False,opened,False,False,False,False,False
APP00220,CUST0435,SYNTHETIC,2026-09-16,SES01470,fines,189,19,True,True,viewed,False,False,False,False,False
APP00221,CUST0320,SYNTHETIC,2026-06-22,SES00786,support,175,1,True,True,opened,False,False,False,False,False
APP00222,CUST0331,SYNTHETIC,2026-06-20,SES00192,support,325,6,False,False,opened,False,False,False,False,False
APP00223,CUST0387,SYNTHETIC,2026-06-19,SES01535,notifications,273,14,True,True,opened,False,False,False,False,False
APP00224,CUST0476,SYNTHETIC,2026-09-18,SES01598,profile,383,14,True,False,viewed,False,False,False,False,False
APP00225,CUST0185,SYNTHETIC,2026-06-20,SES01164,home,325,7,False,False,viewed,False,False,False,False,False
APP00226,CUST0294,SYNTHETIC,2026-06-22,SES02154,mobility_planner,165,6,True,True,planned,False,False,False,False,False
APP00227,CUST0045,SYNTHETIC,2026-09-15,SES01312,contract,35,8,False,False,viewed,False,False,False,False,False
APP00228,CUST0494,SYNTHETIC,2026-08-20,SES01584,mobility_planner,392,8,False,False,planned,False,False,False,False,False
APP00229,CUST0106,SYNTHETIC,2026-08-07,SES01362,benefits,298,9,False,False,viewed,False,False,True,False,False
APP00230,CUST0330,SYNTHETIC,2026-08-26,SES00012,maintenance,81,11,False,False,scheduled,True,False,False,False,False
APP00231,CUST0178,SYNTHETIC,2026-07-03,SES01002,maintenance,386,5,True,False,viewed,False,False,False,False,False
APP00232,CUST0399,SYNTHETIC,2026-07-23,SES00337,documents,28,22,True,True,viewed,False,False,False,False,False
APP00233,CUST0369,SYNTHETIC,2026-10-01,SES00589,support,22,16,False,False,contacted,False,False,False,False,True
APP00234,CUST0113,SYNTHETIC,2026-08-21,SES02178,contract,16,21,False,False,viewed,False,False,False,False,False
APP00235,CUST0332,SYNTHETIC,2026-06-21,SES00025,km,177,3,False,False,viewed,False,False,False,False,False
APP00236,CUST0005,SYNTHETIC,2026-09-21,SES01518,profile,300,7,True,False,viewed,False,False,False,False,False
APP00237,CUST0044,SYNTHETIC,2026-09-20,SES01165,profile,330,12,True,True,viewed,False,False,False,False,False
APP00238,CUST0259,SYNTHETIC,2026-08-03,SES00523,assistant,369,15,True,True,queried,False,False,False,False,False
APP00239,CUST0432,SYNTHETIC,2026-07-12,SES00688,home,27,15,False,False,viewed,False,False,False,False,False
APP00240,CUST0363,SYNTHETIC,2026-08-18,SES01508,km,75,17,False,False,viewed,False,False,False,False,False
APP00241,CUST0431,SYNTHETIC,2026-07-27,SES01541,fines,47,8,True,True,viewed,False,False,False,False,False
APP00242,CUST0383,SYNTHETIC,2026-06-24,SES01555,benefits,280,18,False,False,viewed,False,False,True,False,False
APP00243,CUST0017,SYNTHETIC,2026-06-14,SES01875,home,414,20,True,False,viewed,False,False,False,False,False
APP00244,CUST0191,SYNTHETIC,2026-06-13,SES00596,fines,77,4,True,True,viewed,False,False,False,False,False
APP00245,CUST0440,SYNTHETIC,2026-09-07,SES01514,fines,62,22,False,False,viewed,False,False,False,False,False
APP00246,CUST0143,SYNTHETIC,2026-08-21,SES01071,mobility_planner,357,14,False,False,planned,False,False,False,False,False
APP00247,CUST0258,SYNTHETIC,2026-07-31,SES01075,profile,459,15,False,False,viewed,False,False,False,False,False
APP00248,CUST0167,SYNTHETIC,2026-07-01,SES00662,benefits,90,21,True,True,viewed,False,False,True,False,False
APP00249,CUST0298,SYNTHETIC,2026-08-01,SES01870,maintenance,215,15,True,True,viewed,False,False,False,False,False
APP00250,CUST0162,SYNTHETIC,2026-06-19,SES01378,assistant,57,3,False,False,opened,False,False,False,False,False
APP00251,CUST0029,SYNTHETIC,2026-07-25,SES00430,contract,316,8,True,True,viewed,False,False,False,False,False
APP00252,CUST0421,SYNTHETIC,2026-07-07,SES00880,maintenance,67,18,True,False,viewed,False,False,False,False,False
APP00253,CUST0484,SYNTHETIC,2026-09-20,SES01334,benefits,247,14,False,False,viewed,False,False,True,False,False
APP00254,CUST0473,SYNTHETIC,2026-08-26,SES00195,home,435,13,False,False,viewed,False,False,False,False,False
APP00255,CUST0211,SYNTHETIC,2026-06-20,SES00449,assistant,185,13,True,True,opened,False,False,False,False,False
APP00256,CUST0075,SYNTHETIC,2026-08-11,SES00724,mobility_planner,142,16,True,False,viewed,False,False,False,False,False
APP00257,CUST0486,SYNTHETIC,2026-08-15,SES00101,maintenance,280,16,False,False,viewed,False,False,False,False,False
APP00258,CUST0207,SYNTHETIC,2026-06-07,SES00283,home,90,3,False,False,viewed,False,False,False,False,False
APP00259,CUST0122,SYNTHETIC,2026-06-20,SES00912,assistant,192,4,True,True,opened,False,False,False,False,False
APP00260,CUST0308,SYNTHETIC,2026-08-15,SES00911,fines,49,7,True,False,viewed,False,False,False,False,False
APP00261,CUST0428,SYNTHETIC,2026-07-20,SES02187,finance,321,15,False,False,viewed,False,False,False,False,False
APP00262,CUST0179,SYNTHETIC,2026-07-04,SES01779,documents,106,17,False,False,viewed,False,False,False,False,False
APP00263,CUST0174,SYNTHETIC,2026-09-03,SES00810,support,456,9,True,True,opened,False,False,False,False,False
APP00264,CUST0020,SYNTHETIC,2026-06-07,SES00788,fines,338,1,True,False,viewed,False,False,False,False,False
APP00265,CUST0397,SYNTHETIC,2026-08-07,SES00700,mobility_planner,213,11,False,False,viewed,False,False,False,False,False
APP00266,CUST0011,SYNTHETIC,2026-06-20,SES00967,notifications,30,2,False,False,opened,False,False,False,False,False
APP00267,CUST0051,SYNTHETIC,2026-08-02,SES00805,benefits,258,5,False,False,viewed,False,False,True,False,False
APP00268,CUST0344,SYNTHETIC,2026-09-30,SES00060,maintenance,330,7,False,False,viewed,False,False,False,False,False
APP00269,CUST0444,SYNTHETIC,2026-09-21,SES02112,maintenance,41,1,False,False,viewed,False,False,False,False,False
APP00270,CUST0447,SYNTHETIC,2026-06-22,SES01893,finance,394,20,True,True,viewed,False,False,False,False,False
APP00271,CUST0466,SYNTHETIC,2026-08-26,SES01783,fines,224,21,False,False,viewed,False,False,False,False,False
APP00272,CUST0294,SYNTHETIC,2026-08-31,SES01214,mobility_planner,365,2,False,False,viewed,False,False,False,False,False
APP00273,CUST0413,SYNTHETIC,2026-09-18,SES00588,support,11,6,False,False,contacted,False,False,False,False,True
APP00274,CUST0259,SYNTHETIC,2026-10-01,SES00990,profile,414,13,True,True,viewed,False,False,False,False,False
APP00275,CUST0321,SYNTHETIC,2026-09-17,SES00442,mobility_planner,103,7,True,True,viewed,False,False,False,False,False
APP00276,CUST0017,SYNTHETIC,2026-07-29,SES02081,benefits,464,16,True,False,viewed,False,False,True,False,False
APP00277,CUST0270,SYNTHETIC,2026-06-22,SES00347,km,74,11,False,False,viewed,False,False,False,False,False
APP00278,CUST0091,SYNTHETIC,2026-09-19,SES00169,support,79,5,False,False,opened,False,False,False,False,False
APP00279,CUST0200,SYNTHETIC,2026-08-26,SES01715,home,382,6,False,False,viewed,False,False,False,False,False
APP00280,CUST0129,SYNTHETIC,2026-06-28,SES01775,fines,441,17,True,True,viewed,False,False,False,False,False
APP00281,CUST0094,SYNTHETIC,2026-09-10,SES00257,finance,294,15,True,False,paid,False,True,False,False,False
APP00282,CUST0424,SYNTHETIC,2026-08-03,SES00941,finance,445,12,True,True,viewed,False,False,False,False,False
APP00283,CUST0110,SYNTHETIC,2026-08-14,SES02046,documents,160,1,True,True,viewed,False,False,False,False,False
APP00284,CUST0078,SYNTHETIC,2026-08-23,SES00062,finance,363,3,True,False,viewed,False,False,False,False,False
APP00285,CUST0066,SYNTHETIC,2026-06-08,SES00643,km,116,11,True,True,viewed,False,False,False,False,False
APP00286,CUST0389,SYNTHETIC,2026-09-30,SES01042,mobility_planner,469,21,True,True,planned,False,False,False,False,False
APP00287,CUST0061,SYNTHETIC,2026-08-08,SES00203,documents,311,4,True,True,viewed,False,False,False,False,False
APP00288,CUST0070,SYNTHETIC,2026-07-20,SES01437,finance,61,1,False,False,paid,False,True,False,False,False
APP00289,CUST0006,SYNTHETIC,2026-07-02,SES00769,mobility_planner,405,12,True,True,planned,False,False,False,False,False
APP00290,CUST0459,SYNTHETIC,2026-07-20,SES00037,assistant,384,17,True,True,opened,False,False,False,False,False
APP00291,CUST0200,SYNTHETIC,2026-08-11,SES01361,support,199,17,True,True,opened,False,False,False,False,False
APP00292,CUST0185,SYNTHETIC,2026-08-06,SES02021,fines,187,10,False,False,viewed,False,False,False,False,False
APP00293,CUST0467,SYNTHETIC,2026-09-16,SES01128,profile,331,13,False,False,viewed,False,False,False,False,False
APP00294,CUST0495,SYNTHETIC,2026-06-28,SES01793,home,48,12,True,True,viewed,False,False,False,False,False
APP00295,CUST0209,SYNTHETIC,2026-09-09,SES00792,benefits,241,20,False,False,redeemed,False,False,True,True,False
APP00296,CUST0467,SYNTHETIC,2026-09-06,SES01112,fines,37,10,False,False,viewed,False,False,False,False,False
APP00297,CUST0028,SYNTHETIC,2026-07-22,SES01758,mobility_planner,411,15,False,False,planned,False,False,False,False,False
APP00298,CUST0040,SYNTHETIC,2026-10-01,SES00586,home,145,20,False,False,viewed,False,False,False,False,False
APP00299,CUST0107,SYNTHETIC,2026-09-18,SES01565,mobility_planner,59,16,False,False,planned,False,False,False,False,False
APP00300,CUST0244,SYNTHETIC,2026-06-19,SES01058,mobility_planner,131,13,True,True,viewed,False,False,False,False,False
APP00301,CUST0044,SYNTHETIC,2026-07-14,SES00168,benefits,67,4,False,False,viewed,False,False,True,False,False
APP00302,CUST0409,SYNTHETIC,2026-09-29,SES00232,home,41,5,False,False,viewed,False,False,False,False,False
APP00303,CUST0381,SYNTHETIC,2026-09-27,SES00879,contract,84,12,False,False,viewed,False,False,False,False,False
APP00304,CUST0373,SYNTHETIC,2026-06-19,SES00717,benefits,126,12,True,False,viewed,False,False,True,False,False
APP00305,CUST0208,SYNTHETIC,2026-07-12,SES00223,maintenance,185,2,True,False,viewed,False,False,False,False,False
APP00306,CUST0030,SYNTHETIC,2026-08-13,SES01126,fines,170,17,True,False,viewed,False,False,False,False,False
APP00307,CUST0493,SYNTHETIC,2026-09-26,SES01901,assistant,189,2,False,False,opened,False,False,False,False,False
APP00308,CUST0057,SYNTHETIC,2026-08-01,SES00602,maintenance,49,8,False,False,viewed,False,False,False,False,False
APP00309,CUST0078,SYNTHETIC,2026-08-23,SES00251,home,426,13,False,False,viewed,False,False,False,False,False
APP00310,CUST0198,SYNTHETIC,2026-09-22,SES00487,assistant,443,3,True,True,opened,False,False,False,False,False
APP00311,CUST0476,SYNTHETIC,2026-08-02,SES01614,fines,59,16,False,False,viewed,False,False,False,False,False
APP00312,CUST0357,SYNTHETIC,2026-07-22,SES01702,km,74,3,True,True,viewed,False,False,False,False,False
APP00313,CUST0139,SYNTHETIC,2026-08-26,SES01578,fines,374,15,False,False,viewed,False,False,False,False,False
APP00314,CUST0446,SYNTHETIC,2026-07-09,SES00146,fines,191,17,True,True,viewed,False,False,False,False,False
APP00315,CUST0214,SYNTHETIC,2026-08-23,SES01547,km,456,15,True,False,viewed,False,False,False,False,False
APP00316,CUST0036,SYNTHETIC,2026-09-07,SES01646,support,447,15,False,False,opened,False,False,False,False,False
APP00317,CUST0462,SYNTHETIC,2026-06-17,SES01697,notifications,158,9,False,False,dismissed,False,False,False,False,False
APP00318,CUST0408,SYNTHETIC,2026-09-04,SES01463,notifications,234,18,False,False,dismissed,False,False,False,False,False
APP00319,CUST0219,SYNTHETIC,2026-06-14,SES00689,mobility_planner,70,16,False,False,viewed,False,False,False,False,False
APP00320,CUST0310,SYNTHETIC,2026-07-17,SES01599,notifications,96,21,True,True,dismissed,False,False,False,False,False
APP00321,CUST0471,SYNTHETIC,2026-09-29,SES02052,finance,351,6,False,False,paid,False,True,False,False,False
APP00322,CUST0338,SYNTHETIC,2026-08-10,SES01525,mobility_planner,116,18,False,False,viewed,False,False,False,False,False
APP00323,CUST0015,SYNTHETIC,2026-08-04,SES01558,contract,129,5,False,False,viewed,False,False,False,False,False
APP00324,CUST0059,SYNTHETIC,2026-08-02,SES02154,home,238,10,False,False,viewed,False,False,False,False,False
APP00325,CUST0089,SYNTHETIC,2026-06-11,SES01204,mobility_planner,466,14,True,True,planned,False,False,False,False,False
APP00326,CUST0154,SYNTHETIC,2026-07-20,SES00010,contract,138,2,False,False,viewed,False,False,False,False,False
APP00327,CUST0202,SYNTHETIC,2026-06-17,SES01794,maintenance,180,15,False,False,viewed,False,False,False,False,False
APP00328,CUST0306,SYNTHETIC,2026-08-05,SES01597,profile,400,7,True,True,viewed,False,False,False,False,False
APP00329,CUST0107,SYNTHETIC,2026-08-11,SES01538,documents,151,9,True,True,viewed,False,False,False,False,False
APP00330,CUST0065,SYNTHETIC,2026-09-10,SES01864,contract,95,8,False,False,viewed,False,False,False,False,False
APP00331,CUST0052,SYNTHETIC,2026-06-07,SES00771,assistant,8,1,False,False,queried,False,False,False,False,False
APP00332,CUST0327,SYNTHETIC,2026-07-26,SES00266,fines,220,20,True,False,viewed,False,False,False,False,False
APP00333,CUST0097,SYNTHETIC,2026-08-07,SES00083,fines,340,10,True,True,viewed,False,False,False,False,False
APP00334,CUST0026,SYNTHETIC,2026-07-13,SES01442,finance,94,1,True,True,viewed,False,False,False,False,False
APP00335,CUST0103,SYNTHETIC,2026-09-03,SES00314,benefits,302,18,True,False,redeemed,False,False,True,True,False
APP00336,CUST0121,SYNTHETIC,2026-09-08,SES02059,profile,158,18,True,False,viewed,False,False,False,False,False
APP00337,CUST0043,SYNTHETIC,2026-06-03,SES00247,maintenance,53,8,True,False,scheduled,True,False,False,False,False
APP00338,CUST0191,SYNTHETIC,2026-07-03,SES01693,maintenance,269,3,True,True,viewed,False,False,False,False,False
APP00339,CUST0009,SYNTHETIC,2026-09-27,SES01448,contract,383,20,True,False,viewed,False,False,False,False,False
APP00340,CUST0051,SYNTHETIC,2026-09-16,SES02000,assistant,34,12,True,True,queried,False,False,False,False,False
APP00341,CUST0020,SYNTHETIC,2026-09-21,SES00415,finance,402,3,False,False,viewed,False,False,False,False,False
APP00342,CUST0060,SYNTHETIC,2026-06-04,SES01869,assistant,295,5,False,False,queried,False,False,False,False,False
APP00343,CUST0079,SYNTHETIC,2026-08-10,SES02105,finance,343,17,True,True,paid,False,True,False,False,False
APP00344,CUST0134,SYNTHETIC,2026-07-05,SES01556,support,334,13,False,False,opened,False,False,False,False,False
APP00345,CUST0472,SYNTHETIC,2026-08-26,SES01147,finance,160,6,True,True,paid,False,True,False,False,False
APP00346,CUST0254,SYNTHETIC,2026-08-09,SES00214,documents,151,10,False,False,viewed,False,False,False,False,False
APP00347,CUST0148,SYNTHETIC,2026-09-16,SES00201,km,301,6,False,False,viewed,False,False,False,False,False
APP00348,CUST0024,SYNTHETIC,2026-07-03,SES01279,contract,78,5,False,False,viewed,False,False,False,False,False
APP00349,CUST0076,SYNTHETIC,2026-07-30,SES00972,home,358,14,False,False,viewed,False,False,False,False,False
APP00350,CUST0232,SYNTHETIC,2026-07-19,SES02190,finance,381,3,False,False,viewed,False,False,False,False,False
APP00351,CUST0261,SYNTHETIC,2026-09-13,SES01559,documents,78,8,False,False,viewed,False,False,False,False,False
APP00352,CUST0297,SYNTHETIC,2026-07-08,SES02063,km,380,4,True,False,viewed,False,False,False,False,False
APP00353,CUST0380,SYNTHETIC,2026-06-08,SES00139,documents,218,12,False,False,viewed,False,False,False,False,False
APP00354,CUST0121,SYNTHETIC,2026-08-12,SES00172,documents,463,13,True,False,viewed,False,False,False,False,False
APP00355,CUST0255,SYNTHETIC,2026-09-28,SES00892,mobility_planner,165,7,True,True,planned,False,False,False,False,False
APP00356,CUST0254,SYNTHETIC,2026-07-17,SES01083,profile,236,12,True,True,viewed,False,False,False,False,False
APP00357,CUST0133,SYNTHETIC,2026-07-28,SES00919,maintenance,12,4,False,False,viewed,False,False,False,False,False
APP00358,CUST0367,SYNTHETIC,2026-07-28,SES02024,assistant,138,12,True,True,opened,False,False,False,False,False
APP00359,CUST0120,SYNTHETIC,2026-09-26,SES00380,mobility_planner,241,20,True,False,planned,False,False,False,False,False
APP00360,CUST0041,SYNTHETIC,2026-07-05,SES01075,mobility_planner,352,7,False,False,viewed,False,False,False,False,False
APP00361,CUST0491,SYNTHETIC,2026-07-13,SES02123,notifications,11,17,False,False,opened,False,False,False,False,False
APP00362,CUST0202,SYNTHETIC,2026-08-18,SES01242,home,309,8,True,False,viewed,False,False,False,False,False
APP00363,CUST0271,SYNTHETIC,2026-07-25,SES00218,fines,44,17,False,False,viewed,False,False,False,False,False
APP00364,CUST0035,SYNTHETIC,2026-08-09,SES01545,documents,146,21,False,False,viewed,False,False,False,False,False
APP00365,CUST0187,SYNTHETIC,2026-06-30,SES00986,finance,170,19,False,False,viewed,False,False,False,False,False
APP00366,CUST0241,SYNTHETIC,2026-09-02,SES01075,assistant,105,10,False,False,opened,False,False,False,False,False
APP00367,CUST0107,SYNTHETIC,2026-07-29,SES01117,profile,99,21,True,False,viewed,False,False,False,False,False
APP00368,CUST0380,SYNTHETIC,2026-06-23,SES00421,fines,151,18,False,False,viewed,False,False,False,False,False
APP00369,CUST0205,SYNTHETIC,2026-07-11,SES01026,assistant,264,8,True,True,queried,False,False,False,False,False
APP00370,CUST0031,SYNTHETIC,2026-09-30,SES00615,assistant,385,10,False,False,opened,False,False,False,False,False
APP00371,CUST0266,SYNTHETIC,2026-07-08,SES00696,support,123,21,False,False,contacted,False,False,False,False,True
APP00372,CUST0316,SYNTHETIC,2026-07-22,SES00778,documents,207,5,False,False,viewed,False,False,False,False,False
APP00373,CUST0061,SYNTHETIC,2026-08-28,SES00498,finance,48,18,False,False,viewed,False,False,False,False,False
APP00374,CUST0438,SYNTHETIC,2026-07-22,SES01958,home,33,19,True,True,viewed,False,False,False,False,False
APP00375,CUST0285,SYNTHETIC,2026-07-20,SES01610,contract,273,12,False,False,viewed,False,False,False,False,False
APP00376,CUST0486,SYNTHETIC,2026-06-24,SES00289,documents,113,6,False,False,viewed,False,False,False,False,False
APP00377,CUST0500,SYNTHETIC,2026-09-16,SES01209,finance,465,7,False,False,paid,False,True,False,False,False
APP00378,CUST0259,SYNTHETIC,2026-08-22,SES01789,profile,222,11,True,True,viewed,False,False,False,False,False
APP00379,CUST0034,SYNTHETIC,2026-07-14,SES00837,support,140,6,False,False,opened,False,False,False,False,False
APP00380,CUST0206,SYNTHETIC,2026-08-08,SES00131,maintenance,422,4,False,False,viewed,False,False,False,False,False
APP00381,CUST0293,SYNTHETIC,2026-09-10,SES00901,documents,21,12,True,False,viewed,False,False,False,False,False
APP00382,CUST0269,SYNTHETIC,2026-07-05,SES01082,profile,335,1,False,False,viewed,False,False,False,False,False
APP00383,CUST0277,SYNTHETIC,2026-09-22,SES01177,fines,359,5,False,False,viewed,False,False,False,False,False
APP00384,CUST0147,SYNTHETIC,2026-09-04,SES01117,assistant,35,1,False,False,queried,False,False,False,False,False
APP00385,CUST0352,SYNTHETIC,2026-08-03,SES01381,profile,335,7,False,False,viewed,False,False,False,False,False
APP00386,CUST0167,SYNTHETIC,2026-07-15,SES01344,finance,85,19,True,True,paid,False,True,False,False,False
APP00387,CUST0349,SYNTHETIC,2026-07-23,SES01393,assistant,205,21,False,False,queried,False,False,False,False,False
APP00388,CUST0477,SYNTHETIC,2026-08-11,SES00547,km,11,2,False,False,viewed,False,False,False,False,False
APP00389,CUST0110,SYNTHETIC,2026-06-13,SES00565,documents,342,6,False,False,viewed,False,False,False,False,False
APP00390,CUST0189,SYNTHETIC,2026-07-02,SES00533,benefits,379,16,False,False,redeemed,False,False,True,True,False
APP00391,CUST0243,SYNTHETIC,2026-08-10,SES00320,fines,124,1,True,False,viewed,False,False,False,False,False
APP00392,CUST0125,SYNTHETIC,2026-09-17,SES02030,km,426,4,False,False,viewed,False,False,False,False,False
APP00393,CUST0218,SYNTHETIC,2026-09-10,SES01243,maintenance,42,14,False,False,scheduled,True,False,False,False,False
APP00394,CUST0377,SYNTHETIC,2026-09-26,SES01568,mobility_planner,9,1,True,False,planned,False,False,False,False,False
APP00395,CUST0323,SYNTHETIC,2026-07-01,SES00234,documents,414,7,False,False,viewed,False,False,False,False,False
APP00396,CUST0395,SYNTHETIC,2026-07-07,SES00785,notifications,216,13,False,False,dismissed,False,False,False,False,False
APP00397,CUST0203,SYNTHETIC,2026-06-06,SES00546,profile,322,11,True,True,viewed,False,False,False,False,False
APP00398,CUST0356,SYNTHETIC,2026-09-06,SES02072,fines,329,16,False,False,viewed,False,False,False,False,False
APP00399,CUST0448,SYNTHETIC,2026-07-22,SES00188,km,147,12,True,False,viewed,False,False,False,False,False
APP00400,CUST0107,SYNTHETIC,2026-09-01,SES02033,support,154,4,False,False,contacted,False,False,False,False,True
APP00401,CUST0239,SYNTHETIC,2026-08-18,SES00041,documents,312,5,True,True,viewed,False,False,False,False,False
APP00402,CUST0292,SYNTHETIC,2026-08-31,SES00572,km,433,12,False,False,viewed,False,False,False,False,False
APP00403,CUST0412,SYNTHETIC,2026-06-11,SES02192,contract,22,9,False,False,viewed,False,False,False,False,False
APP00404,CUST0106,SYNTHETIC,2026-07-03,SES00148,maintenance,143,14,False,False,viewed,False,False,False,False,False
APP00405,CUST0265,SYNTHETIC,2026-08-21,SES00255,assistant,228,16,True,False,queried,False,False,False,False,False
APP00406,CUST0392,SYNTHETIC,2026-07-10,SES00806,profile,472,12,True,True,viewed,False,False,False,False,False
APP00407,CUST0301,SYNTHETIC,2026-09-18,SES01028,contract,404,15,True,False,viewed,False,False,False,False,False
APP00408,CUST0168,SYNTHETIC,2026-07-17,SES00704,assistant,127,18,True,False,queried,False,False,False,False,False
APP00409,CUST0312,SYNTHETIC,2026-06-18,SES00067,fines,173,6,True,True,viewed,False,False,False,False,False
APP00410,CUST0303,SYNTHETIC,2026-08-27,SES01631,fines,88,13,False,False,viewed,False,False,False,False,False
APP00411,CUST0334,SYNTHETIC,2026-07-24,SES01210,maintenance,230,4,False,False,scheduled,True,False,False,False,False
APP00412,CUST0097,SYNTHETIC,2026-08-25,SES01880,documents,11,1,True,False,viewed,False,False,False,False,False
APP00413,CUST0056,SYNTHETIC,2026-09-20,SES02052,maintenance,156,8,False,False,viewed,False,False,False,False,False
APP00414,CUST0156,SYNTHETIC,2026-08-26,SES02190,km,191,7,False,False,viewed,False,False,False,False,False
APP00415,CUST0441,SYNTHETIC,2026-08-01,SES02124,contract,450,5,True,True,viewed,False,False,False,False,False
APP00416,CUST0081,SYNTHETIC,2026-07-21,SES00827,documents,169,10,True,True,viewed,False,False,False,False,False
APP00417,CUST0324,SYNTHETIC,2026-09-09,SES00679,maintenance,479,11,True,True,viewed,False,False,False,False,False
APP00418,CUST0033,SYNTHETIC,2026-08-06,SES00900,maintenance,322,2,True,False,viewed,False,False,False,False,False
APP00419,CUST0018,SYNTHETIC,2026-06-11,SES00251,finance,454,15,True,True,viewed,False,False,False,False,False
APP00420,CUST0290,SYNTHETIC,2026-06-11,SES00874,assistant,150,3,True,True,opened,False,False,False,False,False
APP00421,CUST0489,SYNTHETIC,2026-09-20,SES00079,contract,401,9,False,False,viewed,False,False,False,False,False
APP00422,CUST0481,SYNTHETIC,2026-08-17,SES01268,support,78,8,False,False,opened,False,False,False,False,False
APP00423,CUST0184,SYNTHETIC,2026-10-01,SES00634,contract,374,7,False,False,viewed,False,False,False,False,False
APP00424,CUST0038,SYNTHETIC,2026-07-26,SES01056,maintenance,249,2,False,False,viewed,False,False,False,False,False
APP00425,CUST0041,SYNTHETIC,2026-08-26,SES01626,support,23,5,False,False,opened,False,False,False,False,False
APP00426,CUST0238,SYNTHETIC,2026-07-01,SES01027,contract,442,3,False,False,viewed,False,False,False,False,False
APP00427,CUST0311,SYNTHETIC,2026-08-05,SES00779,maintenance,161,12,True,True,viewed,False,False,False,False,False
APP00428,CUST0348,SYNTHETIC,2026-09-13,SES00939,notifications,393,19,True,True,dismissed,False,False,False,False,False
APP00429,CUST0153,SYNTHETIC,2026-09-05,SES00146,maintenance,127,1,True,False,scheduled,True,False,False,False,False
APP00430,CUST0417,SYNTHETIC,2026-09-16,SES00304,km,150,9,True,True,viewed,False,False,False,False,False
APP00431,CUST0469,SYNTHETIC,2026-07-23,SES02129,assistant,295,12,True,True,queried,False,False,False,False,False
APP00432,CUST0228,SYNTHETIC,2026-09-04,SES00122,km,300,16,True,True,viewed,False,False,False,False,False
APP00433,CUST0274,SYNTHETIC,2026-08-11,SES01688,profile,256,18,True,False,viewed,False,False,False,False,False
APP00434,CUST0267,SYNTHETIC,2026-07-27,SES00078,fines,8,20,True,False,viewed,False,False,False,False,False
APP00435,CUST0450,SYNTHETIC,2026-06-03,SES00198,support,22,22,True,False,contacted,False,False,False,False,True
APP00436,CUST0278,SYNTHETIC,2026-09-11,SES00143,profile,388,15,False,False,viewed,False,False,False,False,False
APP00437,CUST0088,SYNTHETIC,2026-06-10,SES01942,notifications,103,6,True,True,opened,False,False,False,False,False
APP00438,CUST0099,SYNTHETIC,2026-09-10,SES00743,documents,81,7,False,False,viewed,False,False,False,False,False
APP00439,CUST0019,SYNTHETIC,2026-07-04,SES01887,notifications,54,6,False,False,opened,False,False,False,False,False
APP00440,CUST0198,SYNTHETIC,2026-09-01,SES00549,contract,110,9,False,False,viewed,False,False,False,False,False
APP00441,CUST0066,SYNTHETIC,2026-07-01,SES01852,finance,427,5,True,False,paid,False,True,False,False,False
APP00442,CUST0424,SYNTHETIC,2026-06-10,SES00557,profile,103,16,True,False,viewed,False,False,False,False,False
APP00443,CUST0029,SYNTHETIC,2026-07-15,SES01581,home,149,7,False,False,viewed,False,False,False,False,False
APP00444,CUST0397,SYNTHETIC,2026-09-14,SES01974,notifications,101,15,False,False,dismissed,False,False,False,False,False
APP00445,CUST0293,SYNTHETIC,2026-07-09,SES01210,finance,326,2,False,False,viewed,False,False,False,False,False
APP00446,CUST0244,SYNTHETIC,2026-07-26,SES00628,fines,268,17,True,True,viewed,False,False,False,False,False
APP00447,CUST0232,SYNTHETIC,2026-08-31,SES01159,km,353,19,True,True,viewed,False,False,False,False,False
APP00448,CUST0102,SYNTHETIC,2026-09-25,SES01897,documents,110,5,False,False,viewed,False,False,False,False,False
APP00449,CUST0268,SYNTHETIC,2026-08-28,SES01208,contract,398,10,False,False,viewed,False,False,False,False,False
APP00450,CUST0221,SYNTHETIC,2026-07-24,SES01774,fines,333,8,True,False,viewed,False,False,False,False,False
APP00451,CUST0493,SYNTHETIC,2026-07-24,SES01961,benefits,326,10,False,False,viewed,False,False,True,False,False
APP00452,CUST0184,SYNTHETIC,2026-09-16,SES00438,benefits,472,1,False,False,viewed,False,False,True,False,False
APP00453,CUST0243,SYNTHETIC,2026-09-23,SES01963,fines,331,18,False,False,viewed,False,False,False,False,False
APP00454,CUST0277,SYNTHETIC,2026-08-02,SES01737,maintenance,39,3,False,False,viewed,False,False,False,False,False
APP00455,CUST0327,SYNTHETIC,2026-10-01,SES01721,finance,140,21,True,True,viewed,False,False,False,False,False
APP00456,CUST0440,SYNTHETIC,2026-06-25,SES01459,benefits,318,15,False,False,viewed,False,False,True,False,False
APP00457,CUST0265,SYNTHETIC,2026-09-02,SES00093,maintenance,189,22,False,False,scheduled,True,False,False,False,False
APP00458,CUST0307,SYNTHETIC,2026-06-26,SES02090,documents,405,21,True,True,viewed,False,False,False,False,False
APP00459,CUST0490,SYNTHETIC,2026-09-19,SES00519,benefits,203,14,True,True,redeemed,False,False,True,True,False
APP00460,CUST0102,SYNTHETIC,2026-07-20,SES00455,profile,292,8,False,False,viewed,False,False,False,False,False
APP00461,CUST0147,SYNTHETIC,2026-08-01,SES00793,km,437,2,True,False,viewed,False,False,False,False,False
APP00462,CUST0288,SYNTHETIC,2026-07-06,SES02025,km,360,7,False,False,viewed,False,False,False,False,False
APP00463,CUST0150,SYNTHETIC,2026-06-07,SES00902,finance,407,20,False,False,paid,False,True,False,False,False
APP00464,CUST0341,SYNTHETIC,2026-08-16,SES01142,mobility_planner,404,8,False,False,planned,False,False,False,False,False
APP00465,CUST0014,SYNTHETIC,2026-07-06,SES01515,notifications,131,18,True,True,opened,False,False,False,False,False
APP00466,CUST0002,SYNTHETIC,2026-08-29,SES01530,home,239,9,False,False,viewed,False,False,False,False,False
APP00467,CUST0499,SYNTHETIC,2026-07-22,SES00973,assistant,379,17,False,False,opened,False,False,False,False,False
APP00468,CUST0071,SYNTHETIC,2026-08-24,SES01935,fines,188,12,False,False,viewed,False,False,False,False,False
APP00469,CUST0163,SYNTHETIC,2026-06-05,SES01270,home,63,11,False,False,viewed,False,False,False,False,False
APP00470,CUST0281,SYNTHETIC,2026-06-22,SES01992,profile,476,1,False,False,viewed,False,False,False,False,False
APP00471,CUST0402,SYNTHETIC,2026-06-08,SES02069,documents,202,2,False,False,viewed,False,False,False,False,False
APP00472,CUST0398,SYNTHETIC,2026-06-30,SES01918,benefits,99,9,False,False,viewed,False,False,True,False,False
APP00473,CUST0363,SYNTHETIC,2026-09-15,SES00929,documents,106,3,False,False,viewed,False,False,False,False,False
APP00474,CUST0285,SYNTHETIC,2026-08-24,SES00030,maintenance,211,18,True,False,viewed,False,False,False,False,False
APP00475,CUST0451,SYNTHETIC,2026-06-22,SES01214,assistant,9,20,False,False,queried,False,False,False,False,False
APP00476,CUST0133,SYNTHETIC,2026-06-08,SES01085,finance,447,16,False,False,paid,False,True,False,False,False
APP00477,CUST0319,SYNTHETIC,2026-07-27,SES01987,profile,85,14,False,False,viewed,False,False,False,False,False
APP00478,CUST0262,SYNTHETIC,2026-09-07,SES00638,benefits,44,22,True,False,viewed,False,False,True,False,False
APP00479,CUST0152,SYNTHETIC,2026-08-06,SES00480,home,64,9,False,False,viewed,False,False,False,False,False
APP00480,CUST0248,SYNTHETIC,2026-09-06,SES01804,maintenance,309,12,True,True,viewed,False,False,False,False,False
APP00481,CUST0137,SYNTHETIC,2026-09-12,SES00995,mobility_planner,326,14,True,True,viewed,False,False,False,False,False
APP00482,CUST0251,SYNTHETIC,2026-06-09,SES01329,support,253,21,True,True,opened,False,False,False,False,False
APP00483,CUST0354,SYNTHETIC,2026-07-03,SES00887,notifications,479,21,False,False,opened,False,False,False,False,False
APP00484,CUST0176,SYNTHETIC,2026-09-26,SES01078,fines,139,4,False,False,viewed,False,False,False,False,False
APP00485,CUST0367,SYNTHETIC,2026-07-01,SES01260,profile,212,6,True,False,viewed,False,False,False,False,False
APP00486,CUST0103,SYNTHETIC,2026-08-23,SES00316,notifications,132,9,True,True,dismissed,False,False,False,False,False
APP00487,CUST0345,SYNTHETIC,2026-08-14,SES00431,mobility_planner,457,15,False,False,planned,False,False,False,False,False
APP00488,CUST0037,SYNTHETIC,2026-09-10,SES00043,support,453,16,True,True,contacted,False,False,False,False,True
APP00489,CUST0108,SYNTHETIC,2026-06-27,SES00582,fines,317,1,False,False,viewed,False,False,False,False,False
APP00490,CUST0035,SYNTHETIC,2026-08-13,SES00849,finance,308,10,True,False,viewed,False,False,False,False,False
APP00491,CUST0455,SYNTHETIC,2026-09-25,SES01183,benefits,10,10,True,True,redeemed,False,False,True,True,False
APP00492,CUST0016,SYNTHETIC,2026-07-05,SES01834,km,220,15,False,False,viewed,False,False,False,False,False
APP00493,CUST0417,SYNTHETIC,2026-10-01,SES00569,fines,127,10,False,False,viewed,False,False,False,False,False
APP00494,CUST0296,SYNTHETIC,2026-06-24,SES01085,notifications,65,11,False,False,opened,False,False,False,False,False
APP00495,CUST0066,SYNTHETIC,2026-09-25,SES00657,notifications,293,21,False,False,dismissed,False,False,False,False,False
APP00496,CUST0129,SYNTHETIC,2026-07-24,SES00075,km,200,16,False,False,viewed,False,False,False,False,False
APP00497,CUST0080,SYNTHETIC,2026-09-29,SES00120,documents,178,22,False,False,viewed,False,False,False,False,False
APP00498,CUST0333,SYNTHETIC,2026-07-30,SES01751,documents,457,17,True,True,viewed,False,False,False,False,False
APP00499,CUST0227,SYNTHETIC,2026-06-30,SES01207,profile,439,15,False,False,viewed,False,False,False,False,False
APP00500,CUST0222,SYNTHETIC,2026-07-21,SES01281,contract,131,5,False,False,viewed,False,False,False,False,False
APP00501,CUST0304,SYNTHETIC,2026-09-22,SES01784,contract,454,4,True,True,viewed,False,False,False,False,False
APP00502,CUST0321,SYNTHETIC,2026-07-27,SES00654,maintenance,128,17,False,False,viewed,False,False,False,False,False
APP00503,CUST0003,SYNTHETIC,2026-09-05,SES01127,profile,241,14,True,False,viewed,False,False,False,False,False
APP00504,CUST0384,SYNTHETIC,2026-07-20,SES01811,notifications,190,13,True,True,opened,False,False,False,False,False
APP00505,CUST0380,SYNTHETIC,2026-09-03,SES01351,support,71,19,False,False,opened,False,False,False,False,False
APP00506,CUST0252,SYNTHETIC,2026-06-16,SES01158,assistant,139,4,True,True,opened,False,False,False,False,False
APP00507,CUST0323,SYNTHETIC,2026-09-29,SES02011,mobility_planner,162,17,True,False,viewed,False,False,False,False,False
APP00508,CUST0215,SYNTHETIC,2026-09-05,SES02169,support,255,21,True,True,contacted,False,False,False,False,True
APP00509,CUST0284,SYNTHETIC,2026-06-24,SES02166,finance,413,10,False,False,viewed,False,False,False,False,False
APP00510,CUST0298,SYNTHETIC,2026-07-10,SES01641,assistant,390,6,True,False,opened,False,False,False,False,False
APP00511,CUST0039,SYNTHETIC,2026-07-11,SES01052,benefits,238,4,False,False,redeemed,False,False,True,True,False
APP00512,CUST0314,SYNTHETIC,2026-07-16,SES01132,finance,280,14,False,False,viewed,False,False,False,False,False
APP00513,CUST0065,SYNTHETIC,2026-07-14,SES02181,documents,352,6,False,False,viewed,False,False,False,False,False
APP00514,CUST0095,SYNTHETIC,2026-06-26,SES01052,notifications,63,3,True,True,dismissed,False,False,False,False,False
APP00515,CUST0164,SYNTHETIC,2026-07-01,SES00850,maintenance,259,17,False,False,scheduled,True,False,False,False,False
APP00516,CUST0037,SYNTHETIC,2026-09-24,SES00464,documents,100,2,False,False,viewed,False,False,False,False,False
APP00517,CUST0189,SYNTHETIC,2026-07-28,SES01153,assistant,74,16,False,False,queried,False,False,False,False,False
APP00518,CUST0345,SYNTHETIC,2026-06-30,SES00273,notifications,291,22,True,True,opened,False,False,False,False,False
APP00519,CUST0212,SYNTHETIC,2026-08-25,SES00237,assistant,23,1,True,False,opened,False,False,False,False,False
APP00520,CUST0157,SYNTHETIC,2026-09-12,SES01496,fines,217,11,True,True,viewed,False,False,False,False,False
APP00521,CUST0143,SYNTHETIC,2026-09-09,SES00230,benefits,217,17,False,False,viewed,False,False,True,False,False
APP00522,CUST0281,SYNTHETIC,2026-07-26,SES00949,contract,12,19,True,False,viewed,False,False,False,False,False
APP00523,CUST0222,SYNTHETIC,2026-06-16,SES01683,assistant,250,12,True,False,queried,False,False,False,False,False
APP00524,CUST0165,SYNTHETIC,2026-06-04,SES00824,home,415,13,False,False,viewed,False,False,False,False,False
APP00525,CUST0338,SYNTHETIC,2026-07-31,SES01241,profile,270,19,False,False,viewed,False,False,False,False,False
APP00526,CUST0483,SYNTHETIC,2026-07-15,SES00935,km,15,1,False,False,viewed,False,False,False,False,False
APP00527,CUST0246,SYNTHETIC,2026-07-20,SES01784,documents,61,4,True,True,viewed,False,False,False,False,False
APP00528,CUST0029,SYNTHETIC,2026-07-11,SES00018,fines,383,18,False,False,viewed,False,False,False,False,False
APP00529,CUST0110,SYNTHETIC,2026-07-30,SES02052,fines,204,13,False,False,viewed,False,False,False,False,False
APP00530,CUST0100,SYNTHETIC,2026-07-05,SES01788,km,231,9,True,False,viewed,False,False,False,False,False
APP00531,CUST0332,SYNTHETIC,2026-08-31,SES01526,home,258,14,False,False,viewed,False,False,False,False,False
APP00532,CUST0227,SYNTHETIC,2026-08-11,SES01044,home,53,6,True,True,viewed,False,False,False,False,False
APP00533,CUST0442,SYNTHETIC,2026-06-04,SES01373,profile,39,11,True,True,viewed,False,False,False,False,False
APP00534,CUST0230,SYNTHETIC,2026-09-23,SES00916,notifications,366,10,True,False,opened,False,False,False,False,False
APP00535,CUST0258,SYNTHETIC,2026-07-04,SES01305,assistant,299,11,True,True,queried,False,False,False,False,False
APP00536,CUST0206,SYNTHETIC,2026-09-27,SES01413,home,253,8,False,False,viewed,False,False,False,False,False
APP00537,CUST0239,SYNTHETIC,2026-07-24,SES00343,support,470,6,False,False,opened,False,False,False,False,False
APP00538,CUST0331,SYNTHETIC,2026-06-15,SES00666,documents,171,4,False,False,viewed,False,False,False,False,False
APP00539,CUST0093,SYNTHETIC,2026-07-12,SES00965,fines,65,19,True,True,viewed,False,False,False,False,False
APP00540,CUST0130,SYNTHETIC,2026-08-02,SES00436,mobility_planner,393,4,False,False,viewed,False,False,False,False,False
APP00541,CUST0465,SYNTHETIC,2026-06-11,SES01048,documents,66,10,False,False,viewed,False,False,False,False,False
APP00542,CUST0427,SYNTHETIC,2026-07-04,SES00641,home,37,5,True,True,viewed,False,False,False,False,False
APP00543,CUST0332,SYNTHETIC,2026-09-07,SES02054,assistant,359,22,True,True,queried,False,False,False,False,False
APP00544,CUST0191,SYNTHETIC,2026-06-24,SES01809,fines,339,16,False,False,viewed,False,False,False,False,False
APP00545,CUST0382,SYNTHETIC,2026-06-12,SES01065,fines,453,6,True,False,viewed,False,False,False,False,False
APP00546,CUST0475,SYNTHETIC,2026-07-02,SES01306,notifications,346,6,False,False,opened,False,False,False,False,False
APP00547,CUST0483,SYNTHETIC,2026-09-19,SES01325,profile,389,3,False,False,viewed,False,False,False,False,False
APP00548,CUST0489,SYNTHETIC,2026-07-19,SES00488,assistant,427,15,False,False,queried,False,False,False,False,False
APP00549,CUST0367,SYNTHETIC,2026-10-01,SES01621,finance,388,21,False,False,paid,False,True,False,False,False
APP00550,CUST0457,SYNTHETIC,2026-09-06,SES00137,contract,270,13,True,False,viewed,False,False,False,False,False
APP00551,CUST0393,SYNTHETIC,2026-07-27,SES00752,fines,154,3,False,False,viewed,False,False,False,False,False
APP00552,CUST0283,SYNTHETIC,2026-08-22,SES01761,assistant,111,20,False,False,opened,False,False,False,False,False
APP00553,CUST0021,SYNTHETIC,2026-08-16,SES00008,home,295,9,False,False,viewed,False,False,False,False,False
APP00554,CUST0476,SYNTHETIC,2026-07-11,SES00379,contract,311,12,True,False,viewed,False,False,False,False,False
APP00555,CUST0215,SYNTHETIC,2026-08-19,SES01299,profile,217,13,False,False,viewed,False,False,False,False,False
APP00556,CUST0203,SYNTHETIC,2026-09-11,SES00813,finance,177,9,True,False,viewed,False,False,False,False,False
APP00557,CUST0110,SYNTHETIC,2026-07-15,SES00852,support,264,15,True,True,contacted,False,False,False,False,True
APP00558,CUST0161,SYNTHETIC,2026-08-29,SES01270,km,210,1,False,False,viewed,False,False,False,False,False
APP00559,CUST0358,SYNTHETIC,2026-07-08,SES00760,benefits,44,2,False,False,viewed,False,False,True,False,False
APP00560,CUST0138,SYNTHETIC,2026-09-25,SES00717,contract,45,22,False,False,viewed,False,False,False,False,False
APP00561,CUST0234,SYNTHETIC,2026-08-11,SES01175,assistant,99,14,True,True,queried,False,False,False,False,False
APP00562,CUST0151,SYNTHETIC,2026-09-18,SES01965,contract,102,7,True,False,viewed,False,False,False,False,False
APP00563,CUST0390,SYNTHETIC,2026-08-12,SES01489,km,206,6,False,False,viewed,False,False,False,False,False
APP00564,CUST0204,SYNTHETIC,2026-09-05,SES01948,notifications,364,13,False,False,dismissed,False,False,False,False,False
APP00565,CUST0393,SYNTHETIC,2026-09-14,SES01678,home,467,4,True,True,viewed,False,False,False,False,False
APP00566,CUST0398,SYNTHETIC,2026-07-09,SES01978,notifications,21,18,False,False,dismissed,False,False,False,False,False
APP00567,CUST0058,SYNTHETIC,2026-06-05,SES00691,assistant,119,8,True,True,opened,False,False,False,False,False
APP00568,CUST0317,SYNTHETIC,2026-06-27,SES02046,contract,261,2,False,False,viewed,False,False,False,False,False
APP00569,CUST0294,SYNTHETIC,2026-07-23,SES00278,documents,165,2,True,False,viewed,False,False,False,False,False
APP00570,CUST0455,SYNTHETIC,2026-07-06,SES00290,benefits,105,14,False,False,redeemed,False,False,True,True,False
APP00571,CUST0122,SYNTHETIC,2026-06-27,SES01692,fines,356,2,True,False,viewed,False,False,False,False,False
APP00572,CUST0221,SYNTHETIC,2026-09-27,SES00776,maintenance,209,11,False,False,viewed,False,False,False,False,False
APP00573,CUST0058,SYNTHETIC,2026-09-30,SES01753,km,377,8,False,False,viewed,False,False,False,False,False
APP00574,CUST0049,SYNTHETIC,2026-06-08,SES00362,documents,426,8,False,False,viewed,False,False,False,False,False
APP00575,CUST0331,SYNTHETIC,2026-09-13,SES01507,support,227,4,False,False,opened,False,False,False,False,False
APP00576,CUST0330,SYNTHETIC,2026-08-29,SES00636,assistant,29,15,False,False,opened,False,False,False,False,False
APP00577,CUST0299,SYNTHETIC,2026-06-04,SES00688,contract,20,21,False,False,viewed,False,False,False,False,False
APP00578,CUST0218,SYNTHETIC,2026-07-12,SES01009,finance,447,16,True,False,paid,False,True,False,False,False
APP00579,CUST0313,SYNTHETIC,2026-08-05,SES01712,maintenance,49,6,True,True,viewed,False,False,False,False,False
APP00580,CUST0039,SYNTHETIC,2026-07-13,SES00804,km,444,17,False,False,viewed,False,False,False,False,False
APP00581,CUST0237,SYNTHETIC,2026-06-05,SES00655,km,238,1,False,False,viewed,False,False,False,False,False
APP00582,CUST0268,SYNTHETIC,2026-07-02,SES01877,finance,334,11,False,False,viewed,False,False,False,False,False
APP00583,CUST0439,SYNTHETIC,2026-09-19,SES01233,finance,111,10,False,False,paid,False,True,False,False,False
APP00584,CUST0481,SYNTHETIC,2026-07-21,SES00147,mobility_planner,247,12,False,False,viewed,False,False,False,False,False
APP00585,CUST0336,SYNTHETIC,2026-08-18,SES00352,support,80,5,True,True,contacted,False,False,False,False,True
APP00586,CUST0386,SYNTHETIC,2026-07-04,SES02039,fines,437,11,False,False,viewed,False,False,False,False,False
APP00587,CUST0003,SYNTHETIC,2026-08-03,SES00168,profile,150,9,False,False,viewed,False,False,False,False,False
APP00588,CUST0312,SYNTHETIC,2026-07-13,SES01169,km,151,15,True,True,viewed,False,False,False,False,False
APP00589,CUST0482,SYNTHETIC,2026-09-16,SES00228,km,404,15,True,False,viewed,False,False,False,False,False
APP00590,CUST0318,SYNTHETIC,2026-08-18,SES00727,finance,154,10,False,False,viewed,False,False,False,False,False
APP00591,CUST0022,SYNTHETIC,2026-08-10,SES01959,notifications,66,20,True,True,opened,False,False,False,False,False
APP00592,CUST0312,SYNTHETIC,2026-08-19,SES00023,contract,82,14,False,False,viewed,False,False,False,False,False
APP00593,CUST0294,SYNTHETIC,2026-09-22,SES00393,contract,13,14,True,True,viewed,False,False,False,False,False
APP00594,CUST0301,SYNTHETIC,2026-06-08,SES01599,fines,404,3,True,False,viewed,False,False,False,False,False
APP00595,CUST0153,SYNTHETIC,2026-07-03,SES01424,benefits,102,22,False,False,viewed,False,False,True,False,False
APP00596,CUST0202,SYNTHETIC,2026-08-03,SES01609,profile,364,4,True,True,viewed,False,False,False,False,False
APP00597,CUST0268,SYNTHETIC,2026-09-11,SES00954,km,54,6,True,True,viewed,False,False,False,False,False
APP00598,CUST0211,SYNTHETIC,2026-09-11,SES00979,contract,118,4,False,False,viewed,False,False,False,False,False
APP00599,CUST0456,SYNTHETIC,2026-09-26,SES01786,notifications,184,22,False,False,opened,False,False,False,False,False
APP00600,CUST0261,SYNTHETIC,2026-07-13,SES01234,support,316,21,False,False,opened,False,False,False,False,False
APP00601,CUST0158,SYNTHETIC,2026-09-12,SES00994,fines,469,19,True,True,viewed,False,False,False,False,False
APP00602,CUST0003,SYNTHETIC,2026-06-21,SES01647,finance,431,16,True,False,viewed,False,False,False,False,False
APP00603,CUST0159,SYNTHETIC,2026-06-19,SES00980,km,233,15,False,False,viewed,False,False,False,False,False
APP00604,CUST0400,SYNTHETIC,2026-07-21,SES00505,finance,286,15,False,False,paid,False,True,False,False,False
APP00605,CUST0276,SYNTHETIC,2026-06-18,SES00309,km,232,18,True,True,viewed,False,False,False,False,False
APP00606,CUST0431,SYNTHETIC,2026-09-22,SES01444,mobility_planner,24,14,False,False,viewed,False,False,False,False,False
APP00607,CUST0082,SYNTHETIC,2026-08-13,SES00335,benefits,83,10,False,False,viewed,False,False,True,False,False
APP00608,CUST0011,SYNTHETIC,2026-06-18,SES00693,contract,23,5,False,False,viewed,False,False,False,False,False
APP00609,CUST0423,SYNTHETIC,2026-09-11,SES01648,profile,158,20,False,False,viewed,False,False,False,False,False
APP00610,CUST0441,SYNTHETIC,2026-08-23,SES02040,mobility_planner,309,11,False,False,viewed,False,False,False,False,False
APP00611,CUST0422,SYNTHETIC,2026-06-26,SES00228,contract,193,7,False,False,viewed,False,False,False,False,False
APP00612,CUST0006,SYNTHETIC,2026-09-23,SES00195,maintenance,354,11,False,False,viewed,False,False,False,False,False
APP00613,CUST0155,SYNTHETIC,2026-09-06,SES00950,km,270,12,False,False,viewed,False,False,False,False,False
APP00614,CUST0016,SYNTHETIC,2026-09-07,SES01881,finance,172,10,False,False,viewed,False,False,False,False,False
APP00615,CUST0435,SYNTHETIC,2026-08-21,SES00436,notifications,65,9,False,False,dismissed,False,False,False,False,False
APP00616,CUST0366,SYNTHETIC,2026-07-12,SES01120,home,113,16,True,False,viewed,False,False,False,False,False
APP00617,CUST0203,SYNTHETIC,2026-08-02,SES00249,home,242,8,False,False,viewed,False,False,False,False,False
APP00618,CUST0110,SYNTHETIC,2026-08-18,SES01589,home,223,6,False,False,viewed,False,False,False,False,False
APP00619,CUST0048,SYNTHETIC,2026-08-24,SES01559,maintenance,17,8,True,True,scheduled,True,False,False,False,False
APP00620,CUST0080,SYNTHETIC,2026-07-13,SES01100,profile,387,7,False,False,viewed,False,False,False,False,False
APP00621,CUST0178,SYNTHETIC,2026-09-23,SES00105,support,56,14,True,False,contacted,False,False,False,False,True
APP00622,CUST0378,SYNTHETIC,2026-09-19,SES00344,notifications,295,15,False,False,dismissed,False,False,False,False,False
APP00623,CUST0418,SYNTHETIC,2026-09-20,SES01736,contract,336,9,False,False,viewed,False,False,False,False,False
APP00624,CUST0283,SYNTHETIC,2026-06-20,SES00833,support,10,4,True,False,contacted,False,False,False,False,True
APP00625,CUST0026,SYNTHETIC,2026-09-07,SES01820,documents,46,10,True,False,viewed,False,False,False,False,False
APP00626,CUST0329,SYNTHETIC,2026-06-13,SES00045,finance,434,16,False,False,viewed,False,False,False,False,False
APP00627,CUST0389,SYNTHETIC,2026-09-07,SES00446,km,278,12,True,True,viewed,False,False,False,False,False
APP00628,CUST0451,SYNTHETIC,2026-09-13,SES01838,maintenance,287,6,False,False,viewed,False,False,False,False,False
APP00629,CUST0472,SYNTHETIC,2026-08-19,SES02001,contract,264,21,False,False,viewed,False,False,False,False,False
APP00630,CUST0454,SYNTHETIC,2026-06-30,SES01360,fines,91,9,True,True,viewed,False,False,False,False,False
APP00631,CUST0145,SYNTHETIC,2026-09-24,SES01140,notifications,378,19,False,False,dismissed,False,False,False,False,False
APP00632,CUST0110,SYNTHETIC,2026-08-25,SES01656,documents,335,9,False,False,viewed,False,False,False,False,False
APP00633,CUST0435,SYNTHETIC,2026-08-07,SES01159,contract,312,1,False,False,viewed,False,False,False,False,False
APP00634,CUST0305,SYNTHETIC,2026-06-05,SES01549,finance,213,6,False,False,paid,False,True,False,False,False
APP00635,CUST0032,SYNTHETIC,2026-09-29,SES01845,fines,425,9,False,False,viewed,False,False,False,False,False
APP00636,CUST0086,SYNTHETIC,2026-07-01,SES01852,support,40,6,False,False,opened,False,False,False,False,False
APP00637,CUST0464,SYNTHETIC,2026-08-13,SES02091,support,265,18,True,True,opened,False,False,False,False,False
APP00638,CUST0328,SYNTHETIC,2026-09-04,SES00428,contract,313,19,False,False,viewed,False,False,False,False,False
APP00639,CUST0024,SYNTHETIC,2026-07-28,SES00472,profile,199,11,False,False,viewed,False,False,False,False,False
APP00640,CUST0217,SYNTHETIC,2026-09-29,SES01356,benefits,238,3,False,False,viewed,False,False,True,False,False
APP00641,CUST0324,SYNTHETIC,2026-07-29,SES00649,profile,43,8,False,False,viewed,False,False,False,False,False
APP00642,CUST0127,SYNTHETIC,2026-08-26,SES00715,mobility_planner,297,14,True,False,planned,False,False,False,False,False
APP00643,CUST0003,SYNTHETIC,2026-06-27,SES00847,km,195,22,True,True,viewed,False,False,False,False,False
APP00644,CUST0098,SYNTHETIC,2026-07-19,SES02152,benefits,282,16,True,False,viewed,False,False,True,False,False
APP00645,CUST0416,SYNTHETIC,2026-08-10,SES01748,support,239,3,False,False,opened,False,False,False,False,False
APP00646,CUST0444,SYNTHETIC,2026-06-17,SES01066,notifications,54,5,False,False,dismissed,False,False,False,False,False
APP00647,CUST0188,SYNTHETIC,2026-08-31,SES00171,profile,478,16,False,False,viewed,False,False,False,False,False
APP00648,CUST0031,SYNTHETIC,2026-09-21,SES00157,profile,66,14,False,False,viewed,False,False,False,False,False
APP00649,CUST0374,SYNTHETIC,2026-08-02,SES00810,fines,252,11,False,False,viewed,False,False,False,False,False
APP00650,CUST0146,SYNTHETIC,2026-08-12,SES00710,benefits,61,13,False,False,viewed,False,False,True,False,False
APP00651,CUST0339,SYNTHETIC,2026-07-29,SES00754,finance,460,7,False,False,viewed,False,False,False,False,False
APP00652,CUST0295,SYNTHETIC,2026-07-06,SES02010,benefits,428,16,False,False,redeemed,False,False,True,True,False
APP00653,CUST0096,SYNTHETIC,2026-08-03,SES01469,notifications,346,4,False,False,opened,False,False,False,False,False
APP00654,CUST0153,SYNTHETIC,2026-08-07,SES00326,notifications,89,3,False,False,opened,False,False,False,False,False
APP00655,CUST0187,SYNTHETIC,2026-09-03,SES00969,maintenance,413,22,False,False,viewed,False,False,False,False,False
APP00656,CUST0435,SYNTHETIC,2026-06-30,SES01277,km,10,10,False,False,viewed,False,False,False,False,False
APP00657,CUST0331,SYNTHETIC,2026-09-20,SES01833,benefits,81,6,True,True,redeemed,False,False,True,True,False
APP00658,CUST0004,SYNTHETIC,2026-09-22,SES01759,benefits,478,11,False,False,redeemed,False,False,True,True,False
APP00659,CUST0189,SYNTHETIC,2026-08-06,SES01523,mobility_planner,204,12,True,True,planned,False,False,False,False,False
APP00660,CUST0420,SYNTHETIC,2026-08-19,SES00150,fines,367,15,True,True,viewed,False,False,False,False,False
APP00661,CUST0069,SYNTHETIC,2026-08-23,SES01547,finance,292,8,False,False,paid,False,True,False,False,False
APP00662,CUST0001,SYNTHETIC,2026-06-18,SES00520,notifications,224,16,False,False,dismissed,False,False,False,False,False
APP00663,CUST0042,SYNTHETIC,2026-09-11,SES01227,assistant,110,11,False,False,queried,False,False,False,False,False
APP00664,CUST0055,SYNTHETIC,2026-09-10,SES02100,km,146,18,True,False,viewed,False,False,False,False,False
APP00665,CUST0282,SYNTHETIC,2026-07-17,SES01401,documents,401,11,False,False,viewed,False,False,False,False,False
APP00666,CUST0345,SYNTHETIC,2026-06-13,SES01818,maintenance,128,3,False,False,viewed,False,False,False,False,False
APP00667,CUST0178,SYNTHETIC,2026-07-29,SES01840,km,288,5,False,False,viewed,False,False,False,False,False
APP00668,CUST0122,SYNTHETIC,2026-09-06,SES01464,profile,98,15,True,True,viewed,False,False,False,False,False
APP00669,CUST0181,SYNTHETIC,2026-09-26,SES00571,notifications,122,17,True,True,dismissed,False,False,False,False,False
APP00670,CUST0032,SYNTHETIC,2026-07-28,SES01944,notifications,168,3,False,False,dismissed,False,False,False,False,False
APP00671,CUST0337,SYNTHETIC,2026-06-03,SES01487,documents,293,11,True,True,viewed,False,False,False,False,False
APP00672,CUST0092,SYNTHETIC,2026-06-21,SES00884,contract,202,9,False,False,viewed,False,False,False,False,False
APP00673,CUST0330,SYNTHETIC,2026-06-19,SES00087,support,219,8,False,False,opened,False,False,False,False,False
APP00674,CUST0216,SYNTHETIC,2026-07-21,SES01042,support,183,13,True,False,opened,False,False,False,False,False
APP00675,CUST0141,SYNTHETIC,2026-06-12,SES00577,maintenance,29,18,True,True,viewed,False,False,False,False,False
APP00676,CUST0480,SYNTHETIC,2026-08-16,SES01898,km,272,2,True,False,viewed,False,False,False,False,False
APP00677,CUST0438,SYNTHETIC,2026-08-10,SES02009,finance,464,6,True,True,viewed,False,False,False,False,False
APP00678,CUST0110,SYNTHETIC,2026-08-13,SES01674,mobility_planner,315,3,False,False,planned,False,False,False,False,False
APP00679,CUST0239,SYNTHETIC,2026-08-29,SES01983,fines,365,2,False,False,viewed,False,False,False,False,False
APP00680,CUST0043,SYNTHETIC,2026-09-12,SES01583,finance,36,14,False,False,viewed,False,False,False,False,False
APP00681,CUST0419,SYNTHETIC,2026-06-08,SES00868,assistant,215,2,True,False,queried,False,False,False,False,False
APP00682,CUST0094,SYNTHETIC,2026-06-07,SES01396,support,436,12,False,False,contacted,False,False,False,False,True
APP00683,CUST0136,SYNTHETIC,2026-07-12,SES00577,profile,428,16,True,False,viewed,False,False,False,False,False
APP00684,CUST0298,SYNTHETIC,2026-06-22,SES00105,contract,134,2,False,False,viewed,False,False,False,False,False
APP00685,CUST0474,SYNTHETIC,2026-08-01,SES00353,mobility_planner,477,21,False,False,planned,False,False,False,False,False
APP00686,CUST0281,SYNTHETIC,2026-08-23,SES00613,support,183,22,True,True,contacted,False,False,False,False,True
APP00687,CUST0342,SYNTHETIC,2026-09-19,SES02056,notifications,456,22,True,False,dismissed,False,False,False,False,False
APP00688,CUST0070,SYNTHETIC,2026-08-06,SES00119,maintenance,38,15,False,False,viewed,False,False,False,False,False
APP00689,CUST0339,SYNTHETIC,2026-09-22,SES00359,contract,277,4,True,False,viewed,False,False,False,False,False
APP00690,CUST0193,SYNTHETIC,2026-09-14,SES01922,notifications,456,21,False,False,dismissed,False,False,False,False,False
APP00691,CUST0497,SYNTHETIC,2026-08-26,SES01534,profile,211,9,False,False,viewed,False,False,False,False,False
APP00692,CUST0044,SYNTHETIC,2026-09-30,SES01913,fines,264,13,True,False,viewed,False,False,False,False,False
APP00693,CUST0197,SYNTHETIC,2026-07-26,SES00341,finance,471,21,False,False,paid,False,True,False,False,False
APP00694,CUST0386,SYNTHETIC,2026-08-19,SES01496,notifications,126,14,False,False,opened,False,False,False,False,False
APP00695,CUST0063,SYNTHETIC,2026-07-23,SES00240,profile,238,4,True,True,viewed,False,False,False,False,False
APP00696,CUST0200,SYNTHETIC,2026-07-15,SES01223,documents,22,5,True,True,viewed,False,False,False,False,False
APP00697,CUST0441,SYNTHETIC,2026-09-05,SES00166,home,133,4,False,False,viewed,False,False,False,False,False
APP00698,CUST0488,SYNTHETIC,2026-06-19,SES01161,benefits,300,13,True,True,redeemed,False,False,True,True,False
APP00699,CUST0190,SYNTHETIC,2026-08-12,SES00269,contract,194,22,True,True,viewed,False,False,False,False,False
APP00700,CUST0041,SYNTHETIC,2026-08-27,SES00003,notifications,302,20,False,False,dismissed,False,False,False,False,False
APP00701,CUST0327,SYNTHETIC,2026-08-18,SES02113,finance,250,22,True,False,viewed,False,False,False,False,False
APP00702,CUST0015,SYNTHETIC,2026-06-08,SES01062,contract,232,19,False,False,viewed,False,False,False,False,False
APP00703,CUST0229,SYNTHETIC,2026-07-08,SES00236,support,87,15,True,False,contacted,False,False,False,False,True
APP00704,CUST0377,SYNTHETIC,2026-09-02,SES01532,benefits,383,10,False,False,redeemed,False,False,True,True,False
APP00705,CUST0335,SYNTHETIC,2026-09-03,SES00506,assistant,35,7,True,False,queried,False,False,False,False,False
APP00706,CUST0417,SYNTHETIC,2026-06-30,SES00707,mobility_planner,141,1,False,False,viewed,False,False,False,False,False
APP00707,CUST0448,SYNTHETIC,2026-08-11,SES02113,km,370,10,True,False,viewed,False,False,False,False,False
APP00708,CUST0096,SYNTHETIC,2026-08-08,SES00817,maintenance,21,12,False,False,viewed,False,False,False,False,False
APP00709,CUST0487,SYNTHETIC,2026-08-24,SES01719,finance,421,17,False,False,viewed,False,False,False,False,False
APP00710,CUST0320,SYNTHETIC,2026-08-25,SES01323,support,273,15,True,True,opened,False,False,False,False,False
APP00711,CUST0058,SYNTHETIC,2026-09-11,SES01703,maintenance,399,14,False,False,scheduled,True,False,False,False,False
APP00712,CUST0475,SYNTHETIC,2026-08-25,SES00607,support,23,17,True,True,opened,False,False,False,False,False
APP00713,CUST0096,SYNTHETIC,2026-08-31,SES01668,contract,356,3,False,False,viewed,False,False,False,False,False
APP00714,CUST0495,SYNTHETIC,2026-09-18,SES00662,contract,173,9,False,False,viewed,False,False,False,False,False
APP00715,CUST0152,SYNTHETIC,2026-09-18,SES00123,profile,177,5,True,True,viewed,False,False,False,False,False
APP00716,CUST0353,SYNTHETIC,2026-09-04,SES01343,assistant,29,22,False,False,opened,False,False,False,False,False
APP00717,CUST0490,SYNTHETIC,2026-08-29,SES01632,home,451,13,False,False,viewed,False,False,False,False,False
APP00718,CUST0424,SYNTHETIC,2026-08-31,SES00409,documents,414,4,False,False,viewed,False,False,False,False,False
APP00719,CUST0344,SYNTHETIC,2026-07-15,SES01404,finance,154,11,False,False,viewed,False,False,False,False,False
APP00720,CUST0395,SYNTHETIC,2026-06-13,SES01590,assistant,379,13,False,False,opened,False,False,False,False,False
APP00721,CUST0271,SYNTHETIC,2026-06-08,SES00272,km,21,10,False,False,viewed,False,False,False,False,False
APP00722,CUST0037,SYNTHETIC,2026-08-05,SES01399,documents,468,10,False,False,viewed,False,False,False,False,False
APP00723,CUST0301,SYNTHETIC,2026-09-06,SES01690,home,188,3,True,False,viewed,False,False,False,False,False
APP00724,CUST0043,SYNTHETIC,2026-06-17,SES00041,documents,163,18,True,True,viewed,False,False,False,False,False
APP00725,CUST0467,SYNTHETIC,2026-08-31,SES00878,fines,40,7,False,False,viewed,False,False,False,False,False
APP00726,CUST0331,SYNTHETIC,2026-07-06,SES01293,contract,247,21,True,True,viewed,False,False,False,False,False
APP00727,CUST0306,SYNTHETIC,2026-09-14,SES01248,assistant,133,5,True,True,opened,False,False,False,False,False
APP00728,CUST0228,SYNTHETIC,2026-07-26,SES00799,finance,13,6,False,False,viewed,False,False,False,False,False
APP00729,CUST0176,SYNTHETIC,2026-09-12,SES00537,home,227,13,False,False,viewed,False,False,False,False,False
APP00730,CUST0187,SYNTHETIC,2026-06-13,SES00697,maintenance,287,4,False,False,scheduled,True,False,False,False,False
APP00731,CUST0128,SYNTHETIC,2026-09-30,SES00486,mobility_planner,393,21,True,True,viewed,False,False,False,False,False
APP00732,CUST0135,SYNTHETIC,2026-06-03,SES01565,notifications,354,10,False,False,dismissed,False,False,False,False,False
APP00733,CUST0323,SYNTHETIC,2026-09-15,SES00349,documents,426,6,False,False,viewed,False,False,False,False,False
APP00734,CUST0372,SYNTHETIC,2026-08-30,SES01977,home,83,12,True,True,viewed,False,False,False,False,False
APP00735,CUST0195,SYNTHETIC,2026-08-26,SES00634,fines,406,17,False,False,viewed,False,False,False,False,False
APP00736,CUST0441,SYNTHETIC,2026-08-17,SES00474,contract,318,2,False,False,viewed,False,False,False,False,False
APP00737,CUST0425,SYNTHETIC,2026-07-01,SES00258,benefits,87,6,False,False,viewed,False,False,True,False,False
APP00738,CUST0038,SYNTHETIC,2026-07-05,SES00675,documents,244,14,True,True,viewed,False,False,False,False,False
APP00739,CUST0134,SYNTHETIC,2026-09-21,SES01908,km,146,4,False,False,viewed,False,False,False,False,False
APP00740,CUST0426,SYNTHETIC,2026-07-11,SES02078,home,256,18,False,False,viewed,False,False,False,False,False
APP00741,CUST0114,SYNTHETIC,2026-07-23,SES01657,documents,268,10,False,False,viewed,False,False,False,False,False
APP00742,CUST0180,SYNTHETIC,2026-06-22,SES01030,maintenance,81,10,True,False,scheduled,True,False,False,False,False
APP00743,CUST0492,SYNTHETIC,2026-07-31,SES01642,finance,469,2,False,False,viewed,False,False,False,False,False
APP00744,CUST0283,SYNTHETIC,2026-08-02,SES01894,finance,393,1,False,False,viewed,False,False,False,False,False
APP00745,CUST0020,SYNTHETIC,2026-07-24,SES01118,profile,178,7,False,False,viewed,False,False,False,False,False
APP00746,CUST0093,SYNTHETIC,2026-08-26,SES01951,km,428,22,True,True,viewed,False,False,False,False,False
APP00747,CUST0207,SYNTHETIC,2026-07-10,SES01514,notifications,389,18,True,True,dismissed,False,False,False,False,False
APP00748,CUST0074,SYNTHETIC,2026-06-24,SES00431,finance,195,15,False,False,paid,False,True,False,False,False
APP00749,CUST0223,SYNTHETIC,2026-09-08,SES00461,km,189,3,True,False,viewed,False,False,False,False,False
APP00750,CUST0152,SYNTHETIC,2026-06-06,SES01657,documents,52,8,True,True,viewed,False,False,False,False,False
APP00751,CUST0434,SYNTHETIC,2026-07-11,SES00687,assistant,40,16,False,False,queried,False,False,False,False,False
APP00752,CUST0426,SYNTHETIC,2026-07-28,SES00962,mobility_planner,215,9,True,True,planned,False,False,False,False,False
APP00753,CUST0093,SYNTHETIC,2026-06-15,SES00275,support,26,4,False,False,contacted,False,False,False,False,True
APP00754,CUST0195,SYNTHETIC,2026-09-03,SES00989,mobility_planner,428,13,False,False,planned,False,False,False,False,False
APP00755,CUST0208,SYNTHETIC,2026-09-15,SES00418,fines,249,10,True,True,viewed,False,False,False,False,False
APP00756,CUST0230,SYNTHETIC,2026-08-26,SES00283,finance,20,13,False,False,paid,False,True,False,False,False
APP00757,CUST0071,SYNTHETIC,2026-06-11,SES01431,km,133,18,True,True,viewed,False,False,False,False,False
APP00758,CUST0045,SYNTHETIC,2026-06-26,SES01483,contract,166,12,True,False,viewed,False,False,False,False,False
APP00759,CUST0231,SYNTHETIC,2026-09-10,SES00405,assistant,212,3,False,False,queried,False,False,False,False,False
APP00760,CUST0439,SYNTHETIC,2026-09-26,SES00644,documents,233,20,False,False,viewed,False,False,False,False,False
APP00761,CUST0258,SYNTHETIC,2026-08-03,SES02010,maintenance,451,5,False,False,viewed,False,False,False,False,False
APP00762,CUST0076,SYNTHETIC,2026-09-06,SES00153,assistant,137,6,False,False,queried,False,False,False,False,False
APP00763,CUST0003,SYNTHETIC,2026-06-22,SES00633,profile,124,10,False,False,viewed,False,False,False,False,False
APP00764,CUST0324,SYNTHETIC,2026-09-29,SES01552,notifications,433,22,False,False,dismissed,False,False,False,False,False
APP00765,CUST0266,SYNTHETIC,2026-07-12,SES01348,profile,49,6,True,False,viewed,False,False,False,False,False
APP00766,CUST0045,SYNTHETIC,2026-06-21,SES00158,profile,123,4,False,False,viewed,False,False,False,False,False
APP00767,CUST0162,SYNTHETIC,2026-09-17,SES00854,fines,201,4,False,False,viewed,False,False,False,False,False
APP00768,CUST0182,SYNTHETIC,2026-06-06,SES00167,finance,91,6,False,False,viewed,False,False,False,False,False
APP00769,CUST0107,SYNTHETIC,2026-08-28,SES01962,support,411,7,False,False,contacted,False,False,False,False,True
APP00770,CUST0319,SYNTHETIC,2026-09-02,SES00379,mobility_planner,352,15,True,False,viewed,False,False,False,False,False
APP00771,CUST0402,SYNTHETIC,2026-09-03,SES01991,km,194,10,False,False,viewed,False,False,False,False,False
APP00772,CUST0264,SYNTHETIC,2026-07-18,SES01977,home,128,4,True,False,viewed,False,False,False,False,False
APP00773,CUST0318,SYNTHETIC,2026-08-22,SES01052,benefits,355,2,True,True,viewed,False,False,True,False,False
APP00774,CUST0012,SYNTHETIC,2026-07-03,SES00898,documents,100,17,False,False,viewed,False,False,False,False,False
APP00775,CUST0215,SYNTHETIC,2026-07-05,SES00358,notifications,356,16,True,False,opened,False,False,False,False,False
APP00776,CUST0013,SYNTHETIC,2026-07-17,SES01005,documents,61,15,False,False,viewed,False,False,False,False,False
APP00777,CUST0300,SYNTHETIC,2026-09-05,SES00769,contract,394,4,True,True,viewed,False,False,False,False,False
APP00778,CUST0063,SYNTHETIC,2026-08-02,SES00842,home,281,18,False,False,viewed,False,False,False,False,False
APP00779,CUST0468,SYNTHETIC,2026-06-04,SES00741,km,193,13,False,False,viewed,False,False,False,False,False
APP00780,CUST0474,SYNTHETIC,2026-09-12,SES01600,fines,304,7,True,False,viewed,False,False,False,False,False
APP00781,CUST0351,SYNTHETIC,2026-09-07,SES00751,km,468,14,False,False,viewed,False,False,False,False,False
APP00782,CUST0454,SYNTHETIC,2026-07-10,SES00749,contract,179,14,False,False,viewed,False,False,False,False,False
APP00783,CUST0300,SYNTHETIC,2026-08-26,SES02118,profile,257,3,False,False,viewed,False,False,False,False,False
APP00784,CUST0326,SYNTHETIC,2026-08-27,SES01044,documents,394,13,False,False,viewed,False,False,False,False,False
APP00785,CUST0449,SYNTHETIC,2026-06-25,SES00675,notifications,438,13,False,False,dismissed,False,False,False,False,False
APP00786,CUST0485,SYNTHETIC,2026-08-23,SES00100,profile,132,9,True,False,viewed,False,False,False,False,False
APP00787,CUST0488,SYNTHETIC,2026-09-30,SES00864,finance,145,18,False,False,viewed,False,False,False,False,False
APP00788,CUST0299,SYNTHETIC,2026-09-13,SES01833,home,312,7,False,False,viewed,False,False,False,False,False
APP00789,CUST0056,SYNTHETIC,2026-07-22,SES00603,assistant,116,11,False,False,queried,False,False,False,False,False
APP00790,CUST0047,SYNTHETIC,2026-07-11,SES00577,profile,138,22,False,False,viewed,False,False,False,False,False
APP00791,CUST0082,SYNTHETIC,2026-06-24,SES01728,fines,40,6,True,True,viewed,False,False,False,False,False
APP00792,CUST0062,SYNTHETIC,2026-07-18,SES01734,assistant,38,15,False,False,opened,False,False,False,False,False
APP00793,CUST0300,SYNTHETIC,2026-09-28,SES01599,finance,461,13,False,False,viewed,False,False,False,False,False
APP00794,CUST0355,SYNTHETIC,2026-09-29,SES00629,mobility_planner,453,16,False,False,viewed,False,False,False,False,False
APP00795,CUST0202,SYNTHETIC,2026-09-09,SES01362,maintenance,469,4,False,False,scheduled,True,False,False,False,False
APP00796,CUST0144,SYNTHETIC,2026-09-11,SES00740,notifications,190,3,True,True,dismissed,False,False,False,False,False
APP00797,CUST0309,SYNTHETIC,2026-07-30,SES02096,documents,181,13,False,False,viewed,False,False,False,False,False
APP00798,CUST0370,SYNTHETIC,2026-08-31,SES00875,mobility_planner,51,20,True,False,viewed,False,False,False,False,False
APP00799,CUST0358,SYNTHETIC,2026-06-23,SES01021,mobility_planner,477,22,True,False,viewed,False,False,False,False,False
APP00800,CUST0490,SYNTHETIC,2026-07-01,SES01557,documents,106,16,True,False,viewed,False,False,False,False,False
APP00801,CUST0464,SYNTHETIC,2026-09-11,SES00551,finance,447,2,False,False,viewed,False,False,False,False,False
APP00802,CUST0339,SYNTHETIC,2026-07-05,SES01302,km,33,14,False,False,viewed,False,False,False,False,False
APP00803,CUST0256,SYNTHETIC,2026-06-23,SES00685,fines,277,14,True,True,viewed,False,False,False,False,False
APP00804,CUST0020,SYNTHETIC,2026-08-11,SES00589,finance,171,9,True,True,viewed,False,False,False,False,False
APP00805,CUST0145,SYNTHETIC,2026-07-18,SES02174,notifications,25,13,False,False,dismissed,False,False,False,False,False
APP00806,CUST0175,SYNTHETIC,2026-08-24,SES00687,maintenance,134,17,False,False,viewed,False,False,False,False,False
APP00807,CUST0341,SYNTHETIC,2026-06-05,SES01200,km,194,11,True,True,viewed,False,False,False,False,False
APP00808,CUST0216,SYNTHETIC,2026-07-08,SES01190,benefits,242,5,True,False,redeemed,False,False,True,True,False
APP00809,CUST0025,SYNTHETIC,2026-09-29,SES00089,home,348,17,False,False,viewed,False,False,False,False,False
APP00810,CUST0023,SYNTHETIC,2026-08-17,SES01458,documents,149,5,False,False,viewed,False,False,False,False,False
APP00811,CUST0257,SYNTHETIC,2026-07-18,SES00747,fines,319,17,True,True,viewed,False,False,False,False,False
APP00812,CUST0100,SYNTHETIC,2026-07-18,SES00544,mobility_planner,233,7,True,False,planned,False,False,False,False,False
APP00813,CUST0275,SYNTHETIC,2026-09-22,SES01717,benefits,446,2,True,True,viewed,False,False,True,False,False
APP00814,CUST0240,SYNTHETIC,2026-09-30,SES01273,notifications,323,21,False,False,dismissed,False,False,False,False,False
APP00815,CUST0280,SYNTHETIC,2026-07-18,SES01061,fines,53,12,False,False,viewed,False,False,False,False,False
APP00816,CUST0463,SYNTHETIC,2026-07-21,SES01467,support,448,11,False,False,opened,False,False,False,False,False
APP00817,CUST0455,SYNTHETIC,2026-06-15,SES00757,support,273,20,True,False,contacted,False,False,False,False,True
APP00818,CUST0137,SYNTHETIC,2026-07-05,SES00638,home,212,22,False,False,viewed,False,False,False,False,False
APP00819,CUST0399,SYNTHETIC,2026-08-21,SES01657,support,105,17,True,True,opened,False,False,False,False,False
APP00820,CUST0020,SYNTHETIC,2026-08-29,SES00824,fines,117,5,False,False,viewed,False,False,False,False,False
APP00821,CUST0193,SYNTHETIC,2026-08-02,SES02068,fines,217,17,False,False,viewed,False,False,False,False,False
APP00822,CUST0274,SYNTHETIC,2026-07-29,SES01438,km,189,2,True,False,viewed,False,False,False,False,False
APP00823,CUST0438,SYNTHETIC,2026-07-14,SES00683,home,324,2,False,False,viewed,False,False,False,False,False
APP00824,CUST0456,SYNTHETIC,2026-09-14,SES01831,support,474,18,False,False,opened,False,False,False,False,False
APP00825,CUST0027,SYNTHETIC,2026-09-01,SES01884,mobility_planner,198,18,False,False,planned,False,False,False,False,False
APP00826,CUST0221,SYNTHETIC,2026-06-07,SES01223,support,181,17,True,False,opened,False,False,False,False,False
APP00827,CUST0270,SYNTHETIC,2026-10-01,SES00435,benefits,298,3,True,False,viewed,False,False,True,False,False
APP00828,CUST0321,SYNTHETIC,2026-09-01,SES01925,finance,260,20,True,False,viewed,False,False,False,False,False
APP00829,CUST0020,SYNTHETIC,2026-07-01,SES00082,home,460,14,True,False,viewed,False,False,False,False,False
APP00830,CUST0425,SYNTHETIC,2026-08-19,SES01888,finance,360,18,False,False,viewed,False,False,False,False,False
APP00831,CUST0392,SYNTHETIC,2026-08-29,SES01168,notifications,130,15,False,False,opened,False,False,False,False,False
APP00832,CUST0079,SYNTHETIC,2026-07-05,SES02073,fines,63,19,True,True,viewed,False,False,False,False,False
APP00833,CUST0072,SYNTHETIC,2026-07-08,SES02088,maintenance,469,11,False,False,viewed,False,False,False,False,False
APP00834,CUST0378,SYNTHETIC,2026-06-05,SES00717,home,148,20,False,False,viewed,False,False,False,False,False
APP00835,CUST0416,SYNTHETIC,2026-06-29,SES00212,documents,24,13,False,False,viewed,False,False,False,False,False
APP00836,CUST0230,SYNTHETIC,2026-09-26,SES02143,profile,124,20,True,False,viewed,False,False,False,False,False
APP00837,CUST0102,SYNTHETIC,2026-07-30,SES01580,profile,378,14,False,False,viewed,False,False,False,False,False
APP00838,CUST0480,SYNTHETIC,2026-07-20,SES00402,support,79,6,True,True,opened,False,False,False,False,False
APP00839,CUST0019,SYNTHETIC,2026-09-29,SES00227,finance,379,21,False,False,paid,False,True,False,False,False
APP00840,CUST0186,SYNTHETIC,2026-06-16,SES01952,profile,226,2,True,False,viewed,False,False,False,False,False
APP00841,CUST0242,SYNTHETIC,2026-08-04,SES00152,notifications,291,3,False,False,opened,False,False,False,False,False
APP00842,CUST0083,SYNTHETIC,2026-06-22,SES00328,assistant,373,19,True,False,queried,False,False,False,False,False
APP00843,CUST0020,SYNTHETIC,2026-08-09,SES00672,km,440,11,False,False,viewed,False,False,False,False,False
APP00844,CUST0027,SYNTHETIC,2026-07-21,SES00944,home,441,3,False,False,viewed,False,False,False,False,False
APP00845,CUST0186,SYNTHETIC,2026-08-27,SES00813,benefits,238,4,False,False,viewed,False,False,True,False,False
APP00846,CUST0415,SYNTHETIC,2026-07-18,SES00485,mobility_planner,188,20,True,False,viewed,False,False,False,False,False
APP00847,CUST0076,SYNTHETIC,2026-10-01,SES01065,support,87,14,True,True,opened,False,False,False,False,False
APP00848,CUST0266,SYNTHETIC,2026-09-20,SES00884,contract,187,16,False,False,viewed,False,False,False,False,False
APP00849,CUST0404,SYNTHETIC,2026-06-26,SES01098,km,160,16,True,False,viewed,False,False,False,False,False
APP00850,CUST0062,SYNTHETIC,2026-09-02,SES00587,km,181,19,True,True,viewed,False,False,False,False,False
APP00851,CUST0169,SYNTHETIC,2026-06-27,SES00633,support,316,7,True,False,contacted,False,False,False,False,True
APP00852,CUST0408,SYNTHETIC,2026-06-05,SES01591,support,42,7,False,False,opened,False,False,False,False,False
APP00853,CUST0040,SYNTHETIC,2026-08-07,SES01514,home,31,10,False,False,viewed,False,False,False,False,False
APP00854,CUST0500,SYNTHETIC,2026-08-25,SES00349,notifications,346,21,False,False,dismissed,False,False,False,False,False
APP00855,CUST0319,SYNTHETIC,2026-08-06,SES00282,documents,197,18,False,False,viewed,False,False,False,False,False
APP00856,CUST0072,SYNTHETIC,2026-06-03,SES00416,finance,222,9,False,False,viewed,False,False,False,False,False
APP00857,CUST0236,SYNTHETIC,2026-09-21,SES00735,home,407,14,False,False,viewed,False,False,False,False,False
APP00858,CUST0281,SYNTHETIC,2026-08-28,SES01032,home,109,14,False,False,viewed,False,False,False,False,False
APP00859,CUST0299,SYNTHETIC,2026-06-03,SES01180,mobility_planner,294,2,False,False,planned,False,False,False,False,False
APP00860,CUST0186,SYNTHETIC,2026-08-27,SES01636,documents,408,3,True,False,viewed,False,False,False,False,False
APP00861,CUST0167,SYNTHETIC,2026-09-01,SES00186,finance,253,15,True,False,paid,False,True,False,False,False
APP00862,CUST0085,SYNTHETIC,2026-07-17,SES00889,fines,337,6,False,False,viewed,False,False,False,False,False
APP00863,CUST0367,SYNTHETIC,2026-06-15,SES00267,notifications,320,14,False,False,dismissed,False,False,False,False,False
APP00864,CUST0270,SYNTHETIC,2026-07-31,SES00318,fines,123,19,True,True,viewed,False,False,False,False,False
APP00865,CUST0009,SYNTHETIC,2026-07-18,SES02155,assistant,441,21,False,False,queried,False,False,False,False,False
APP00866,CUST0462,SYNTHETIC,2026-07-10,SES01052,profile,278,7,False,False,viewed,False,False,False,False,False
APP00867,CUST0250,SYNTHETIC,2026-08-16,SES00171,documents,360,11,False,False,viewed,False,False,False,False,False
APP00868,CUST0089,SYNTHETIC,2026-07-03,SES02181,profile,24,22,False,False,viewed,False,False,False,False,False
APP00869,CUST0451,SYNTHETIC,2026-08-16,SES00907,home,119,5,False,False,viewed,False,False,False,False,False
APP00870,CUST0137,SYNTHETIC,2026-07-29,SES01312,documents,280,8,False,False,viewed,False,False,False,False,False
APP00871,CUST0108,SYNTHETIC,2026-08-01,SES00383,fines,104,17,True,True,viewed,False,False,False,False,False
APP00872,CUST0220,SYNTHETIC,2026-06-06,SES01862,benefits,452,14,True,True,viewed,False,False,True,False,False
APP00873,CUST0367,SYNTHETIC,2026-09-18,SES01582,assistant,377,7,False,False,queried,False,False,False,False,False
APP00874,CUST0095,SYNTHETIC,2026-09-08,SES00596,home,375,14,True,False,viewed,False,False,False,False,False
APP00875,CUST0251,SYNTHETIC,2026-09-13,SES00712,support,122,6,True,False,contacted,False,False,False,False,True
APP00876,CUST0110,SYNTHETIC,2026-06-30,SES00027,maintenance,229,17,False,False,viewed,False,False,False,False,False
APP00877,CUST0060,SYNTHETIC,2026-08-21,SES00294,contract,454,16,False,False,viewed,False,False,False,False,False
APP00878,CUST0229,SYNTHETIC,2026-07-04,SES01088,documents,317,14,False,False,viewed,False,False,False,False,False
APP00879,CUST0052,SYNTHETIC,2026-09-28,SES00156,assistant,320,21,True,False,opened,False,False,False,False,False
APP00880,CUST0276,SYNTHETIC,2026-08-25,SES00246,finance,447,12,False,False,viewed,False,False,False,False,False
APP00881,CUST0024,SYNTHETIC,2026-07-25,SES01261,home,256,21,False,False,viewed,False,False,False,False,False
APP00882,CUST0377,SYNTHETIC,2026-08-07,SES02139,home,360,4,False,False,viewed,False,False,False,False,False
APP00883,CUST0202,SYNTHETIC,2026-07-12,SES00514,profile,35,2,True,True,viewed,False,False,False,False,False
APP00884,CUST0379,SYNTHETIC,2026-09-04,SES01655,maintenance,398,10,True,True,scheduled,True,False,False,False,False
APP00885,CUST0114,SYNTHETIC,2026-08-12,SES01392,maintenance,20,1,True,True,scheduled,True,False,False,False,False
APP00886,CUST0416,SYNTHETIC,2026-09-16,SES01515,km,211,14,False,False,viewed,False,False,False,False,False
APP00887,CUST0004,SYNTHETIC,2026-07-09,SES00733,support,282,21,False,False,opened,False,False,False,False,False
APP00888,CUST0199,SYNTHETIC,2026-09-25,SES02104,fines,309,17,False,False,viewed,False,False,False,False,False
APP00889,CUST0453,SYNTHETIC,2026-06-10,SES01787,finance,452,3,False,False,paid,False,True,False,False,False
APP00890,CUST0433,SYNTHETIC,2026-08-16,SES01534,benefits,208,16,True,True,redeemed,False,False,True,True,False
APP00891,CUST0447,SYNTHETIC,2026-06-06,SES01438,finance,236,3,False,False,viewed,False,False,False,False,False
APP00892,CUST0496,SYNTHETIC,2026-06-19,SES01467,documents,145,22,True,True,viewed,False,False,False,False,False
APP00893,CUST0302,SYNTHETIC,2026-06-23,SES00229,km,19,21,False,False,viewed,False,False,False,False,False
APP00894,CUST0166,SYNTHETIC,2026-06-30,SES00092,finance,156,9,True,True,paid,False,True,False,False,False
APP00895,CUST0054,SYNTHETIC,2026-08-03,SES00466,contract,224,19,False,False,viewed,False,False,False,False,False
APP00896,CUST0118,SYNTHETIC,2026-09-04,SES00236,fines,368,16,False,False,viewed,False,False,False,False,False
APP00897,CUST0476,SYNTHETIC,2026-07-05,SES00130,mobility_planner,268,22,True,True,planned,False,False,False,False,False
APP00898,CUST0331,SYNTHETIC,2026-06-05,SES00740,notifications,444,16,True,False,opened,False,False,False,False,False
APP00899,CUST0309,SYNTHETIC,2026-09-28,SES00070,maintenance,252,13,False,False,viewed,False,False,False,False,False
APP00900,CUST0300,SYNTHETIC,2026-08-14,SES02038,benefits,146,8,True,True,viewed,False,False,True,False,False
APP00901,CUST0346,SYNTHETIC,2026-09-02,SES01273,mobility_planner,308,4,True,True,planned,False,False,False,False,False
APP00902,CUST0207,SYNTHETIC,2026-09-29,SES00976,assistant,171,5,False,False,queried,False,False,False,False,False
APP00903,CUST0245,SYNTHETIC,2026-06-10,SES02060,benefits,177,9,True,False,viewed,False,False,True,False,False
APP00904,CUST0423,SYNTHETIC,2026-06-15,SES01595,contract,300,4,False,False,viewed,False,False,False,False,False
APP00905,CUST0146,SYNTHETIC,2026-08-23,SES00546,profile,80,11,True,False,viewed,False,False,False,False,False
APP00906,CUST0336,SYNTHETIC,2026-09-12,SES01315,profile,413,17,True,False,viewed,False,False,False,False,False
APP00907,CUST0485,SYNTHETIC,2026-09-01,SES01402,profile,110,22,False,False,viewed,False,False,False,False,False
APP00908,CUST0286,SYNTHETIC,2026-07-22,SES01644,support,80,9,True,False,contacted,False,False,False,False,True
APP00909,CUST0015,SYNTHETIC,2026-07-05,SES00933,contract,183,18,True,True,viewed,False,False,False,False,False
APP00910,CUST0108,SYNTHETIC,2026-07-09,SES00782,notifications,332,7,True,True,dismissed,False,False,False,False,False
APP00911,CUST0226,SYNTHETIC,2026-06-08,SES02097,assistant,175,19,True,False,opened,False,False,False,False,False
APP00912,CUST0183,SYNTHETIC,2026-08-08,SES01906,home,72,15,False,False,viewed,False,False,False,False,False
APP00913,CUST0258,SYNTHETIC,2026-07-20,SES01525,profile,29,12,True,True,viewed,False,False,False,False,False
APP00914,CUST0245,SYNTHETIC,2026-06-06,SES01464,contract,340,9,False,False,viewed,False,False,False,False,False
APP00915,CUST0079,SYNTHETIC,2026-08-26,SES01351,profile,322,14,False,False,viewed,False,False,False,False,False
APP00916,CUST0415,SYNTHETIC,2026-07-13,SES00662,support,59,6,True,True,opened,False,False,False,False,False
APP00917,CUST0100,SYNTHETIC,2026-07-07,SES00056,profile,479,8,True,True,viewed,False,False,False,False,False
APP00918,CUST0115,SYNTHETIC,2026-06-26,SES00070,fines,358,12,True,True,viewed,False,False,False,False,False
APP00919,CUST0358,SYNTHETIC,2026-07-09,SES00851,profile,291,13,False,False,viewed,False,False,False,False,False
APP00920,CUST0259,SYNTHETIC,2026-09-05,SES01393,finance,441,21,True,False,viewed,False,False,False,False,False
APP00921,CUST0182,SYNTHETIC,2026-06-18,SES00802,profile,368,12,False,False,viewed,False,False,False,False,False
APP00922,CUST0206,SYNTHETIC,2026-07-24,SES02102,finance,187,8,False,False,paid,False,True,False,False,False
APP00923,CUST0348,SYNTHETIC,2026-06-06,SES00972,km,189,21,False,False,viewed,False,False,False,False,False
APP00924,CUST0219,SYNTHETIC,2026-07-14,SES01237,mobility_planner,76,16,False,False,viewed,False,False,False,False,False
APP00925,CUST0497,SYNTHETIC,2026-09-06,SES01858,profile,477,13,False,False,viewed,False,False,False,False,False
APP00926,CUST0284,SYNTHETIC,2026-08-28,SES00980,km,132,10,False,False,viewed,False,False,False,False,False
APP00927,CUST0068,SYNTHETIC,2026-06-27,SES01025,home,470,8,True,True,viewed,False,False,False,False,False
APP00928,CUST0375,SYNTHETIC,2026-07-26,SES01861,notifications,141,22,False,False,dismissed,False,False,False,False,False
APP00929,CUST0456,SYNTHETIC,2026-08-14,SES02114,mobility_planner,352,2,True,True,viewed,False,False,False,False,False
APP00930,CUST0324,SYNTHETIC,2026-06-03,SES00606,finance,454,13,False,False,viewed,False,False,False,False,False
APP00931,CUST0298,SYNTHETIC,2026-06-22,SES00857,contract,412,4,False,False,viewed,False,False,False,False,False
APP00932,CUST0355,SYNTHETIC,2026-09-12,SES01264,profile,172,6,True,False,viewed,False,False,False,False,False
APP00933,CUST0427,SYNTHETIC,2026-06-03,SES00710,contract,191,4,False,False,viewed,False,False,False,False,False
APP00934,CUST0324,SYNTHETIC,2026-06-14,SES01240,benefits,467,11,False,False,viewed,False,False,True,False,False
APP00935,CUST0115,SYNTHETIC,2026-07-07,SES00003,mobility_planner,139,1,True,False,planned,False,False,False,False,False
APP00936,CUST0464,SYNTHETIC,2026-07-01,SES01825,documents,239,12,False,False,viewed,False,False,False,False,False
APP00937,CUST0046,SYNTHETIC,2026-08-10,SES00693,fines,204,6,False,False,viewed,False,False,False,False,False
APP00938,CUST0281,SYNTHETIC,2026-08-17,SES01291,contract,120,2,False,False,viewed,False,False,False,False,False
APP00939,CUST0091,SYNTHETIC,2026-07-25,SES01671,km,450,1,False,False,viewed,False,False,False,False,False
APP00940,CUST0156,SYNTHETIC,2026-08-02,SES01681,support,416,18,False,False,opened,False,False,False,False,False
APP00941,CUST0333,SYNTHETIC,2026-08-26,SES00225,finance,388,9,True,True,viewed,False,False,False,False,False
APP00942,CUST0030,SYNTHETIC,2026-07-15,SES00228,finance,34,6,True,True,paid,False,True,False,False,False
APP00943,CUST0092,SYNTHETIC,2026-08-11,SES01348,profile,42,17,True,True,viewed,False,False,False,False,False
APP00944,CUST0285,SYNTHETIC,2026-09-04,SES01938,assistant,335,21,False,False,opened,False,False,False,False,False
APP00945,CUST0182,SYNTHETIC,2026-09-03,SES00958,mobility_planner,218,16,False,False,viewed,False,False,False,False,False
APP00946,CUST0297,SYNTHETIC,2026-06-03,SES01001,contract,58,13,True,False,viewed,False,False,False,False,False
APP00947,CUST0214,SYNTHETIC,2026-07-27,SES00335,profile,422,4,True,False,viewed,False,False,False,False,False
APP00948,CUST0057,SYNTHETIC,2026-07-01,SES02181,mobility_planner,85,18,True,True,viewed,False,False,False,False,False
APP00949,CUST0382,SYNTHETIC,2026-07-10,SES00866,mobility_planner,473,10,True,True,planned,False,False,False,False,False
APP00950,CUST0151,SYNTHETIC,2026-07-19,SES01374,documents,129,12,False,False,viewed,False,False,False,False,False
APP00951,CUST0275,SYNTHETIC,2026-09-10,SES01531,finance,383,14,True,True,viewed,False,False,False,False,False
APP00952,CUST0237,SYNTHETIC,2026-07-17,SES01861,contract,224,14,False,False,viewed,False,False,False,False,False
APP00953,CUST0061,SYNTHETIC,2026-08-26,SES00971,km,161,10,True,False,viewed,False,False,False,False,False
APP00954,CUST0059,SYNTHETIC,2026-06-11,SES01257,home,388,14,False,False,viewed,False,False,False,False,False
APP00955,CUST0272,SYNTHETIC,2026-06-15,SES00085,notifications,211,13,False,False,dismissed,False,False,False,False,False
APP00956,CUST0036,SYNTHETIC,2026-08-13,SES01085,assistant,169,19,True,False,opened,False,False,False,False,False
APP00957,CUST0118,SYNTHETIC,2026-09-04,SES00926,support,461,22,False,False,opened,False,False,False,False,False
APP00958,CUST0470,SYNTHETIC,2026-09-18,SES00416,mobility_planner,228,19,True,False,planned,False,False,False,False,False
APP00959,CUST0373,SYNTHETIC,2026-06-10,SES01242,notifications,400,13,True,False,dismissed,False,False,False,False,False
APP00960,CUST0288,SYNTHETIC,2026-08-05,SES01936,benefits,459,11,True,True,redeemed,False,False,True,True,False
APP00961,CUST0266,SYNTHETIC,2026-07-26,SES00596,benefits,259,11,False,False,viewed,False,False,True,False,False
APP00962,CUST0146,SYNTHETIC,2026-07-31,SES00088,mobility_planner,11,5,False,False,planned,False,False,False,False,False
APP00963,CUST0434,SYNTHETIC,2026-07-30,SES01203,maintenance,406,4,True,True,scheduled,True,False,False,False,False
APP00964,CUST0418,SYNTHETIC,2026-06-27,SES00055,finance,248,14,False,False,viewed,False,False,False,False,False
APP00965,CUST0056,SYNTHETIC,2026-09-16,SES00154,contract,472,7,True,False,viewed,False,False,False,False,False
APP00966,CUST0098,SYNTHETIC,2026-07-05,SES00402,documents,40,12,True,False,viewed,False,False,False,False,False
APP00967,CUST0026,SYNTHETIC,2026-08-01,SES00851,mobility_planner,348,22,True,False,planned,False,False,False,False,False
APP00968,CUST0429,SYNTHETIC,2026-06-22,SES01048,profile,248,10,False,False,viewed,False,False,False,False,False
APP00969,CUST0490,SYNTHETIC,2026-09-01,SES01783,profile,387,17,False,False,viewed,False,False,False,False,False
APP00970,CUST0311,SYNTHETIC,2026-09-27,SES00085,benefits,200,13,True,True,viewed,False,False,True,False,False
APP00971,CUST0459,SYNTHETIC,2026-06-16,SES00311,finance,421,16,False,False,viewed,False,False,False,False,False
APP00972,CUST0411,SYNTHETIC,2026-06-23,SES01912,mobility_planner,86,18,False,False,viewed,False,False,False,False,False
APP00973,CUST0026,SYNTHETIC,2026-09-16,SES01165,documents,203,14,True,False,viewed,False,False,False,False,False
APP00974,CUST0437,SYNTHETIC,2026-06-20,SES00179,profile,257,6,False,False,viewed,False,False,False,False,False
APP00975,CUST0306,SYNTHETIC,2026-08-19,SES02109,assistant,106,10,False,False,queried,False,False,False,False,False
APP00976,CUST0169,SYNTHETIC,2026-08-25,SES01423,support,429,17,True,False,opened,False,False,False,False,False
APP00977,CUST0093,SYNTHETIC,2026-08-29,SES00585,mobility_planner,458,17,False,False,viewed,False,False,False,False,False
APP00978,CUST0129,SYNTHETIC,2026-09-13,SES00937,mobility_planner,144,17,True,True,planned,False,False,False,False,False
APP00979,CUST0498,SYNTHETIC,2026-06-18,SES00210,notifications,58,20,False,False,opened,False,False,False,False,False
APP00980,CUST0015,SYNTHETIC,2026-07-07,SES00842,notifications,345,21,False,False,dismissed,False,False,False,False,False
APP00981,CUST0043,SYNTHETIC,2026-09-08,SES01270,mobility_planner,451,5,False,False,viewed,False,False,False,False,False
APP00982,CUST0032,SYNTHETIC,2026-07-12,SES01638,mobility_planner,122,19,False,False,viewed,False,False,False,False,False
APP00983,CUST0313,SYNTHETIC,2026-06-22,SES00927,fines,435,9,True,True,viewed,False,False,False,False,False
APP00984,CUST0369,SYNTHETIC,2026-07-01,SES01432,fines,480,12,False,False,viewed,False,False,False,False,False
APP00985,CUST0029,SYNTHETIC,2026-09-05,SES01079,km,36,22,False,False,viewed,False,False,False,False,False
APP00986,CUST0409,SYNTHETIC,2026-09-28,SES00895,support,97,5,False,False,opened,False,False,False,False,False
APP00987,CUST0429,SYNTHETIC,2026-08-31,SES00015,profile,253,22,True,True,viewed,False,False,False,False,False
APP00988,CUST0338,SYNTHETIC,2026-06-26,SES01776,profile,155,10,True,True,viewed,False,False,False,False,False
APP00989,CUST0375,SYNTHETIC,2026-09-09,SES01612,profile,466,1,False,False,viewed,False,False,False,False,False
APP00990,CUST0390,SYNTHETIC,2026-08-02,SES00792,mobility_planner,374,12,True,False,planned,False,False,False,False,False
APP00991,CUST0126,SYNTHETIC,2026-09-09,SES00181,contract,319,19,False,False,viewed,False,False,False,False,False
APP00992,CUST0443,SYNTHETIC,2026-07-12,SES00427,notifications,19,5,False,False,opened,False,False,False,False,False
APP00993,CUST0268,SYNTHETIC,2026-08-11,SES00660,home,148,1,True,True,viewed,False,False,False,False,False
APP00994,CUST0041,SYNTHETIC,2026-08-06,SES00437,assistant,301,21,True,True,opened,False,False,False,False,False
APP00995,CUST0351,SYNTHETIC,2026-09-20,SES00256,finance,415,22,False,False,viewed,False,False,False,False,False
APP00996,CUST0184,SYNTHETIC,2026-06-25,SES01449,fines,225,4,True,False,viewed,False,False,False,False,False
APP00997,CUST0404,SYNTHETIC,2026-07-28,SES01019,assistant,369,12,False,False,queried,False,False,False,False,False
APP00998,CUST0011,SYNTHETIC,2026-06-04,SES00221,mobility_planner,377,19,True,False,planned,False,False,False,False,False
APP00999,CUST0088,SYNTHETIC,2026-06-08,SES00183,home,393,15,False,False,viewed,False,False,False,False,False
APP01000,CUST0467,SYNTHETIC,2026-06-30,SES00008,contract,14,21,False,False,viewed,False,False,False,False,False
APP01001,CUST0261,SYNTHETIC,2026-08-19,SES01485,profile,453,19,False,False,viewed,False,False,False,False,False
APP01002,CUST0148,SYNTHETIC,2026-08-08,SES00810,benefits,164,14,True,True,viewed,False,False,True,False,False
APP01003,CUST0294,SYNTHETIC,2026-06-26,SES00755,benefits,149,4,False,False,viewed,False,False,True,False,False
APP01004,CUST0122,SYNTHETIC,2026-08-17,SES00596,documents,157,19,False,False,viewed,False,False,False,False,False
APP01005,CUST0182,SYNTHETIC,2026-09-20,SES01517,notifications,228,16,False,False,opened,False,False,False,False,False
APP01006,CUST0070,SYNTHETIC,2026-08-04,SES01008,maintenance,309,22,True,True,viewed,False,False,False,False,False
APP01007,CUST0185,SYNTHETIC,2026-06-21,SES00780,support,335,15,False,False,opened,False,False,False,False,False
APP01008,CUST0161,SYNTHETIC,2026-08-13,SES01330,notifications,290,19,True,True,dismissed,False,False,False,False,False
APP01009,CUST0408,SYNTHETIC,2026-08-10,SES02024,benefits,50,15,True,False,viewed,False,False,True,False,False
APP01010,CUST0117,SYNTHETIC,2026-08-21,SES01674,benefits,228,17,True,True,viewed,False,False,True,False,False
APP01011,CUST0235,SYNTHETIC,2026-07-15,SES01225,profile,47,5,False,False,viewed,False,False,False,False,False
APP01012,CUST0298,SYNTHETIC,2026-07-07,SES00822,assistant,361,8,True,True,opened,False,False,False,False,False
APP01013,CUST0017,SYNTHETIC,2026-06-22,SES00597,km,462,12,False,False,viewed,False,False,False,False,False
APP01014,CUST0187,SYNTHETIC,2026-07-20,SES00146,home,450,6,True,False,viewed,False,False,False,False,False
APP01015,CUST0071,SYNTHETIC,2026-08-28,SES01759,fines,47,17,False,False,viewed,False,False,False,False,False
APP01016,CUST0245,SYNTHETIC,2026-06-20,SES01088,profile,413,18,True,True,viewed,False,False,False,False,False
APP01017,CUST0404,SYNTHETIC,2026-06-26,SES00132,profile,354,2,True,False,viewed,False,False,False,False,False
APP01018,CUST0202,SYNTHETIC,2026-06-10,SES01344,contract,347,21,False,False,viewed,False,False,False,False,False
APP01019,CUST0197,SYNTHETIC,2026-07-16,SES01096,assistant,445,16,True,True,queried,False,False,False,False,False
APP01020,CUST0306,SYNTHETIC,2026-07-07,SES02116,fines,437,8,False,False,viewed,False,False,False,False,False
APP01021,CUST0077,SYNTHETIC,2026-09-20,SES01926,documents,147,14,False,False,viewed,False,False,False,False,False
APP01022,CUST0065,SYNTHETIC,2026-07-24,SES01831,mobility_planner,352,2,False,False,viewed,False,False,False,False,False
APP01023,CUST0235,SYNTHETIC,2026-08-22,SES01219,mobility_planner,197,7,False,False,viewed,False,False,False,False,False
APP01024,CUST0280,SYNTHETIC,2026-09-20,SES00061,km,98,18,True,False,viewed,False,False,False,False,False
APP01025,CUST0405,SYNTHETIC,2026-06-12,SES01555,km,363,1,True,True,viewed,False,False,False,False,False
APP01026,CUST0291,SYNTHETIC,2026-07-24,SES01626,assistant,426,15,True,False,queried,False,False,False,False,False
APP01027,CUST0495,SYNTHETIC,2026-09-13,SES00625,profile,324,11,False,False,viewed,False,False,False,False,False
APP01028,CUST0315,SYNTHETIC,2026-06-11,SES01742,km,298,20,True,True,viewed,False,False,False,False,False
APP01029,CUST0482,SYNTHETIC,2026-08-19,SES00112,contract,76,12,True,True,viewed,False,False,False,False,False
APP01030,CUST0371,SYNTHETIC,2026-09-21,SES01215,support,168,7,True,True,opened,False,False,False,False,False
APP01031,CUST0407,SYNTHETIC,2026-06-22,SES01777,documents,282,15,True,True,viewed,False,False,False,False,False
APP01032,CUST0270,SYNTHETIC,2026-09-07,SES01348,support,179,22,False,False,contacted,False,False,False,False,True
APP01033,CUST0211,SYNTHETIC,2026-09-08,SES00839,maintenance,248,2,True,True,viewed,False,False,False,False,False
APP01034,CUST0103,SYNTHETIC,2026-06-28,SES01250,km,88,12,False,False,viewed,False,False,False,False,False
APP01035,CUST0391,SYNTHETIC,2026-09-26,SES00451,assistant,424,20,True,False,opened,False,False,False,False,False
APP01036,CUST0387,SYNTHETIC,2026-09-05,SES00013,home,328,15,False,False,viewed,False,False,False,False,False
APP01037,CUST0025,SYNTHETIC,2026-07-07,SES02087,profile,344,4,False,False,viewed,False,False,False,False,False
APP01038,CUST0393,SYNTHETIC,2026-06-07,SES00526,support,404,18,False,False,opened,False,False,False,False,False
APP01039,CUST0265,SYNTHETIC,2026-08-31,SES00565,finance,396,16,True,False,viewed,False,False,False,False,False
APP01040,CUST0152,SYNTHETIC,2026-08-05,SES00318,benefits,112,3,True,True,viewed,False,False,True,False,False
APP01041,CUST0475,SYNTHETIC,2026-08-12,SES02002,notifications,101,17,True,True,dismissed,False,False,False,False,False
APP01042,CUST0111,SYNTHETIC,2026-08-11,SES01550,support,120,15,False,False,contacted,False,False,False,False,True
APP01043,CUST0203,SYNTHETIC,2026-08-30,SES01848,finance,473,15,True,True,paid,False,True,False,False,False
APP01044,CUST0073,SYNTHETIC,2026-09-23,SES01141,profile,192,20,True,True,viewed,False,False,False,False,False
APP01045,CUST0364,SYNTHETIC,2026-08-09,SES00408,notifications,390,21,True,False,dismissed,False,False,False,False,False
APP01046,CUST0274,SYNTHETIC,2026-06-17,SES02113,profile,197,12,True,True,viewed,False,False,False,False,False
APP01047,CUST0408,SYNTHETIC,2026-09-01,SES01295,finance,173,22,False,False,viewed,False,False,False,False,False
APP01048,CUST0374,SYNTHETIC,2026-08-04,SES00672,notifications,210,14,False,False,opened,False,False,False,False,False
APP01049,CUST0250,SYNTHETIC,2026-07-28,SES02132,notifications,139,5,False,False,dismissed,False,False,False,False,False
APP01050,CUST0415,SYNTHETIC,2026-06-23,SES01347,support,157,22,False,False,opened,False,False,False,False,False
APP01051,CUST0324,SYNTHETIC,2026-08-24,SES01609,benefits,144,20,False,False,viewed,False,False,True,False,False
APP01052,CUST0203,SYNTHETIC,2026-08-04,SES00747,profile,286,16,False,False,viewed,False,False,False,False,False
APP01053,CUST0199,SYNTHETIC,2026-10-01,SES02133,km,187,16,False,False,viewed,False,False,False,False,False
APP01054,CUST0016,SYNTHETIC,2026-08-24,SES00492,contract,412,7,True,True,viewed,False,False,False,False,False
APP01055,CUST0414,SYNTHETIC,2026-08-09,SES00587,documents,166,7,False,False,viewed,False,False,False,False,False
APP01056,CUST0049,SYNTHETIC,2026-08-21,SES00479,maintenance,65,17,False,False,viewed,False,False,False,False,False
APP01057,CUST0078,SYNTHETIC,2026-06-18,SES01655,km,13,2,True,True,viewed,False,False,False,False,False
APP01058,CUST0310,SYNTHETIC,2026-07-25,SES01827,home,202,20,False,False,viewed,False,False,False,False,False
APP01059,CUST0226,SYNTHETIC,2026-08-15,SES00017,maintenance,239,17,False,False,viewed,False,False,False,False,False
APP01060,CUST0351,SYNTHETIC,2026-08-15,SES00088,km,135,2,True,True,viewed,False,False,False,False,False
APP01061,CUST0135,SYNTHETIC,2026-07-18,SES01057,contract,263,7,False,False,viewed,False,False,False,False,False
APP01062,CUST0308,SYNTHETIC,2026-08-25,SES00510,support,256,20,False,False,contacted,False,False,False,False,True
APP01063,CUST0407,SYNTHETIC,2026-09-13,SES00037,assistant,367,5,False,False,queried,False,False,False,False,False
APP01064,CUST0126,SYNTHETIC,2026-07-13,SES00148,fines,327,8,True,True,viewed,False,False,False,False,False
APP01065,CUST0335,SYNTHETIC,2026-07-03,SES00256,mobility_planner,424,19,True,False,viewed,False,False,False,False,False
APP01066,CUST0036,SYNTHETIC,2026-06-07,SES01755,documents,117,3,False,False,viewed,False,False,False,False,False
APP01067,CUST0022,SYNTHETIC,2026-09-12,SES00092,benefits,53,12,True,False,redeemed,False,False,True,True,False
APP01068,CUST0299,SYNTHETIC,2026-08-21,SES01112,mobility_planner,273,14,False,False,viewed,False,False,False,False,False
APP01069,CUST0406,SYNTHETIC,2026-08-14,SES00435,assistant,131,19,False,False,queried,False,False,False,False,False
APP01070,CUST0391,SYNTHETIC,2026-06-18,SES00821,profile,265,21,False,False,viewed,False,False,False,False,False
APP01071,CUST0211,SYNTHETIC,2026-06-15,SES00439,fines,280,21,True,True,viewed,False,False,False,False,False
APP01072,CUST0207,SYNTHETIC,2026-06-03,SES00465,notifications,365,18,True,True,dismissed,False,False,False,False,False
APP01073,CUST0092,SYNTHETIC,2026-08-17,SES00739,contract,327,4,True,False,viewed,False,False,False,False,False
APP01074,CUST0323,SYNTHETIC,2026-07-31,SES00432,benefits,15,11,True,False,redeemed,False,False,True,True,False
APP01075,CUST0391,SYNTHETIC,2026-07-05,SES01188,notifications,408,20,False,False,opened,False,False,False,False,False
APP01076,CUST0086,SYNTHETIC,2026-09-30,SES02144,notifications,61,14,True,False,dismissed,False,False,False,False,False
APP01077,CUST0479,SYNTHETIC,2026-09-06,SES00928,notifications,419,21,False,False,opened,False,False,False,False,False
APP01078,CUST0221,SYNTHETIC,2026-08-04,SES01319,km,100,14,False,False,viewed,False,False,False,False,False
APP01079,CUST0217,SYNTHETIC,2026-08-13,SES01961,mobility_planner,86,13,True,True,planned,False,False,False,False,False
APP01080,CUST0448,SYNTHETIC,2026-06-13,SES01460,benefits,60,13,False,False,viewed,False,False,True,False,False
APP01081,CUST0189,SYNTHETIC,2026-06-21,SES01155,support,270,1,False,False,contacted,False,False,False,False,True
APP01082,CUST0075,SYNTHETIC,2026-09-26,SES00533,contract,381,21,False,False,viewed,False,False,False,False,False
APP01083,CUST0071,SYNTHETIC,2026-09-07,SES00416,mobility_planner,379,15,True,False,viewed,False,False,False,False,False
APP01084,CUST0025,SYNTHETIC,2026-07-07,SES01722,maintenance,61,20,False,False,viewed,False,False,False,False,False
APP01085,CUST0449,SYNTHETIC,2026-08-13,SES01497,km,182,6,False,False,viewed,False,False,False,False,False
APP01086,CUST0484,SYNTHETIC,2026-08-18,SES00395,mobility_planner,357,6,False,False,planned,False,False,False,False,False
APP01087,CUST0377,SYNTHETIC,2026-06-10,SES00856,documents,160,7,False,False,viewed,False,False,False,False,False
APP01088,CUST0403,SYNTHETIC,2026-07-24,SES01752,fines,343,9,False,False,viewed,False,False,False,False,False
APP01089,CUST0362,SYNTHETIC,2026-07-03,SES00158,home,414,12,False,False,viewed,False,False,False,False,False
APP01090,CUST0362,SYNTHETIC,2026-08-30,SES01558,contract,401,8,True,False,viewed,False,False,False,False,False
APP01091,CUST0175,SYNTHETIC,2026-07-14,SES00481,contract,441,3,True,False,viewed,False,False,False,False,False
APP01092,CUST0349,SYNTHETIC,2026-08-25,SES02169,contract,113,14,False,False,viewed,False,False,False,False,False
APP01093,CUST0408,SYNTHETIC,2026-09-26,SES01986,assistant,448,13,True,False,opened,False,False,False,False,False
APP01094,CUST0212,SYNTHETIC,2026-07-05,SES00683,maintenance,87,4,False,False,viewed,False,False,False,False,False
APP01095,CUST0006,SYNTHETIC,2026-08-31,SES00200,maintenance,368,5,False,False,scheduled,True,False,False,False,False
APP01096,CUST0401,SYNTHETIC,2026-09-27,SES00228,km,449,4,True,False,viewed,False,False,False,False,False
APP01097,CUST0399,SYNTHETIC,2026-08-25,SES00430,support,68,4,True,True,contacted,False,False,False,False,True
APP01098,CUST0364,SYNTHETIC,2026-06-25,SES01379,maintenance,272,21,True,True,viewed,False,False,False,False,False
APP01099,CUST0143,SYNTHETIC,2026-06-21,SES02010,km,81,16,True,False,viewed,False,False,False,False,False
APP01100,CUST0279,SYNTHETIC,2026-08-31,SES00425,finance,194,20,True,False,viewed,False,False,False,False,False
APP01101,CUST0376,SYNTHETIC,2026-09-24,SES00796,assistant,305,2,False,False,opened,False,False,False,False,False
APP01102,CUST0116,SYNTHETIC,2026-07-06,SES01134,maintenance,396,22,True,True,viewed,False,False,False,False,False
APP01103,CUST0056,SYNTHETIC,2026-07-23,SES00419,maintenance,391,11,False,False,scheduled,True,False,False,False,False
APP01104,CUST0150,SYNTHETIC,2026-09-29,SES00713,mobility_planner,309,10,False,False,viewed,False,False,False,False,False
APP01105,CUST0167,SYNTHETIC,2026-06-11,SES01858,fines,324,19,True,True,viewed,False,False,False,False,False
APP01106,CUST0444,SYNTHETIC,2026-07-01,SES01193,home,123,4,False,False,viewed,False,False,False,False,False
APP01107,CUST0345,SYNTHETIC,2026-09-10,SES00595,benefits,417,15,True,True,redeemed,False,False,True,True,False
APP01108,CUST0171,SYNTHETIC,2026-07-11,SES00549,finance,58,7,False,False,paid,False,True,False,False,False
APP01109,CUST0154,SYNTHETIC,2026-09-18,SES00673,km,105,8,False,False,viewed,False,False,False,False,False
APP01110,CUST0290,SYNTHETIC,2026-09-11,SES01063,support,68,10,False,False,opened,False,False,False,False,False
APP01111,CUST0185,SYNTHETIC,2026-07-15,SES00437,finance,249,18,True,False,paid,False,True,False,False,False
APP01112,CUST0327,SYNTHETIC,2026-07-15,SES01701,benefits,61,7,False,False,viewed,False,False,True,False,False
APP01113,CUST0095,SYNTHETIC,2026-09-24,SES01642,profile,315,6,True,True,viewed,False,False,False,False,False
APP01114,CUST0161,SYNTHETIC,2026-09-02,SES00014,documents,162,12,False,False,viewed,False,False,False,False,False
APP01115,CUST0039,SYNTHETIC,2026-06-15,SES00387,maintenance,284,21,False,False,scheduled,True,False,False,False,False
APP01116,CUST0242,SYNTHETIC,2026-06-24,SES01393,home,337,6,True,True,viewed,False,False,False,False,False
APP01117,CUST0227,SYNTHETIC,2026-09-04,SES00725,documents,303,14,True,False,viewed,False,False,False,False,False
APP01118,CUST0124,SYNTHETIC,2026-07-26,SES00105,fines,118,22,True,False,viewed,False,False,False,False,False
APP01119,CUST0464,SYNTHETIC,2026-06-07,SES01388,mobility_planner,422,9,True,False,planned,False,False,False,False,False
APP01120,CUST0232,SYNTHETIC,2026-08-11,SES01339,benefits,292,7,False,False,viewed,False,False,True,False,False
APP01121,CUST0351,SYNTHETIC,2026-08-01,SES01063,contract,421,21,True,False,viewed,False,False,False,False,False
APP01122,CUST0407,SYNTHETIC,2026-09-03,SES00372,benefits,142,8,False,False,redeemed,False,False,True,True,False
APP01123,CUST0262,SYNTHETIC,2026-08-01,SES00975,finance,353,21,True,True,viewed,False,False,False,False,False
APP01124,CUST0144,SYNTHETIC,2026-07-22,SES01036,documents,350,15,False,False,viewed,False,False,False,False,False
APP01125,CUST0064,SYNTHETIC,2026-07-08,SES01132,support,174,11,False,False,opened,False,False,False,False,False
APP01126,CUST0082,SYNTHETIC,2026-06-08,SES00026,notifications,325,14,False,False,dismissed,False,False,False,False,False
APP01127,CUST0361,SYNTHETIC,2026-10-01,SES00840,fines,309,4,True,True,viewed,False,False,False,False,False
APP01128,CUST0056,SYNTHETIC,2026-08-10,SES01937,support,390,22,False,False,opened,False,False,False,False,False
APP01129,CUST0148,SYNTHETIC,2026-07-27,SES01616,notifications,347,17,True,True,dismissed,False,False,False,False,False
APP01130,CUST0315,SYNTHETIC,2026-09-22,SES01239,profile,352,10,False,False,viewed,False,False,False,False,False
APP01131,CUST0254,SYNTHETIC,2026-06-20,SES01314,fines,456,9,False,False,viewed,False,False,False,False,False
APP01132,CUST0015,SYNTHETIC,2026-07-15,SES00650,notifications,342,2,True,False,dismissed,False,False,False,False,False
APP01133,CUST0066,SYNTHETIC,2026-06-24,SES01521,assistant,176,6,False,False,queried,False,False,False,False,False
APP01134,CUST0180,SYNTHETIC,2026-06-16,SES01688,km,172,10,True,False,viewed,False,False,False,False,False
APP01135,CUST0015,SYNTHETIC,2026-08-15,SES01850,km,193,19,False,False,viewed,False,False,False,False,False
APP01136,CUST0267,SYNTHETIC,2026-09-10,SES00981,mobility_planner,155,3,True,True,viewed,False,False,False,False,False
APP01137,CUST0023,SYNTHETIC,2026-09-01,SES00692,fines,194,20,False,False,viewed,False,False,False,False,False
APP01138,CUST0212,SYNTHETIC,2026-06-15,SES00993,assistant,233,9,True,True,opened,False,False,False,False,False
APP01139,CUST0061,SYNTHETIC,2026-06-11,SES00719,support,47,9,False,False,contacted,False,False,False,False,True
APP01140,CUST0437,SYNTHETIC,2026-09-28,SES01971,profile,324,13,False,False,viewed,False,False,False,False,False
APP01141,CUST0007,SYNTHETIC,2026-07-13,SES00203,maintenance,272,16,True,False,viewed,False,False,False,False,False
APP01142,CUST0027,SYNTHETIC,2026-07-20,SES01828,documents,368,22,False,False,viewed,False,False,False,False,False
APP01143,CUST0098,SYNTHETIC,2026-06-30,SES00087,maintenance,151,5,False,False,viewed,False,False,False,False,False
APP01144,CUST0219,SYNTHETIC,2026-06-08,SES00842,mobility_planner,100,13,False,False,viewed,False,False,False,False,False
APP01145,CUST0037,SYNTHETIC,2026-06-28,SES01142,contract,408,1,False,False,viewed,False,False,False,False,False
APP01146,CUST0196,SYNTHETIC,2026-09-18,SES00981,notifications,288,8,False,False,opened,False,False,False,False,False
APP01147,CUST0435,SYNTHETIC,2026-09-17,SES00833,fines,97,15,False,False,viewed,False,False,False,False,False
APP01148,CUST0113,SYNTHETIC,2026-09-07,SES00109,km,295,4,False,False,viewed,False,False,False,False,False
APP01149,CUST0393,SYNTHETIC,2026-10-01,SES00512,fines,370,9,False,False,viewed,False,False,False,False,False
APP01150,CUST0302,SYNTHETIC,2026-07-30,SES01766,mobility_planner,32,1,True,True,viewed,False,False,False,False,False
APP01151,CUST0324,SYNTHETIC,2026-09-28,SES00482,maintenance,346,11,False,False,viewed,False,False,False,False,False
APP01152,CUST0282,SYNTHETIC,2026-06-03,SES02174,home,95,13,False,False,viewed,False,False,False,False,False
APP01153,CUST0381,SYNTHETIC,2026-08-09,SES01754,maintenance,439,18,False,False,scheduled,True,False,False,False,False
APP01154,CUST0019,SYNTHETIC,2026-09-30,SES00594,documents,111,18,False,False,viewed,False,False,False,False,False
APP01155,CUST0278,SYNTHETIC,2026-08-07,SES01511,assistant,249,3,False,False,opened,False,False,False,False,False
APP01156,CUST0234,SYNTHETIC,2026-07-27,SES01305,benefits,132,12,True,True,viewed,False,False,True,False,False
APP01157,CUST0091,SYNTHETIC,2026-07-12,SES00434,mobility_planner,42,17,False,False,planned,False,False,False,False,False
APP01158,CUST0329,SYNTHETIC,2026-08-03,SES01061,home,62,17,False,False,viewed,False,False,False,False,False
APP01159,CUST0277,SYNTHETIC,2026-07-03,SES00100,finance,360,4,False,False,viewed,False,False,False,False,False
APP01160,CUST0018,SYNTHETIC,2026-06-17,SES00322,km,93,15,False,False,viewed,False,False,False,False,False
APP01161,CUST0134,SYNTHETIC,2026-09-24,SES00143,support,351,20,False,False,contacted,False,False,False,False,True
APP01162,CUST0414,SYNTHETIC,2026-08-12,SES01337,contract,242,2,False,False,viewed,False,False,False,False,False
APP01163,CUST0195,SYNTHETIC,2026-06-16,SES00761,assistant,382,10,True,True,queried,False,False,False,False,False
APP01164,CUST0440,SYNTHETIC,2026-08-03,SES01956,profile,471,13,False,False,viewed,False,False,False,False,False
APP01165,CUST0055,SYNTHETIC,2026-08-25,SES01299,contract,131,17,False,False,viewed,False,False,False,False,False
APP01166,CUST0458,SYNTHETIC,2026-09-25,SES01677,benefits,95,17,False,False,redeemed,False,False,True,True,False
APP01167,CUST0144,SYNTHETIC,2026-09-21,SES01323,profile,266,11,True,False,viewed,False,False,False,False,False
APP01168,CUST0418,SYNTHETIC,2026-07-22,SES02108,finance,359,7,True,True,viewed,False,False,False,False,False
APP01169,CUST0045,SYNTHETIC,2026-07-05,SES01108,km,184,15,True,True,viewed,False,False,False,False,False
APP01170,CUST0272,SYNTHETIC,2026-07-05,SES01096,maintenance,476,20,False,False,viewed,False,False,False,False,False
APP01171,CUST0310,SYNTHETIC,2026-07-09,SES01662,support,141,17,True,True,opened,False,False,False,False,False
APP01172,CUST0084,SYNTHETIC,2026-07-18,SES00561,support,334,14,True,True,opened,False,False,False,False,False
APP01173,CUST0360,SYNTHETIC,2026-09-13,SES00112,contract,46,18,True,True,viewed,False,False,False,False,False
APP01174,CUST0468,SYNTHETIC,2026-07-21,SES01041,support,87,6,True,True,contacted,False,False,False,False,True
APP01175,CUST0021,SYNTHETIC,2026-07-13,SES01017,support,197,13,False,False,opened,False,False,False,False,False
APP01176,CUST0066,SYNTHETIC,2026-09-15,SES00538,home,307,9,False,False,viewed,False,False,False,False,False
APP01177,CUST0296,SYNTHETIC,2026-09-07,SES01517,documents,331,3,False,False,viewed,False,False,False,False,False
APP01178,CUST0485,SYNTHETIC,2026-06-27,SES01125,notifications,460,16,False,False,dismissed,False,False,False,False,False
APP01179,CUST0452,SYNTHETIC,2026-07-03,SES00173,mobility_planner,261,8,False,False,viewed,False,False,False,False,False
APP01180,CUST0410,SYNTHETIC,2026-09-28,SES00749,home,61,7,True,True,viewed,False,False,False,False,False
APP01181,CUST0381,SYNTHETIC,2026-08-11,SES01046,notifications,181,20,False,False,dismissed,False,False,False,False,False
APP01182,CUST0261,SYNTHETIC,2026-09-11,SES01435,documents,42,21,False,False,viewed,False,False,False,False,False
APP01183,CUST0023,SYNTHETIC,2026-06-14,SES01290,mobility_planner,14,14,True,True,viewed,False,False,False,False,False
APP01184,CUST0302,SYNTHETIC,2026-07-07,SES00424,benefits,467,21,True,False,viewed,False,False,True,False,False
APP01185,CUST0147,SYNTHETIC,2026-07-04,SES01326,finance,55,1,False,False,viewed,False,False,False,False,False
APP01186,CUST0368,SYNTHETIC,2026-08-27,SES00937,maintenance,248,5,True,True,viewed,False,False,False,False,False
APP01187,CUST0341,SYNTHETIC,2026-06-23,SES00206,notifications,273,18,False,False,opened,False,False,False,False,False
APP01188,CUST0426,SYNTHETIC,2026-07-02,SES00888,km,118,15,False,False,viewed,False,False,False,False,False
APP01189,CUST0069,SYNTHETIC,2026-08-31,SES00475,notifications,93,5,False,False,dismissed,False,False,False,False,False
APP01190,CUST0464,SYNTHETIC,2026-06-14,SES00414,mobility_planner,438,9,False,False,viewed,False,False,False,False,False
APP01191,CUST0482,SYNTHETIC,2026-06-18,SES00184,documents,117,1,False,False,viewed,False,False,False,False,False
APP01192,CUST0212,SYNTHETIC,2026-06-23,SES01115,profile,255,5,False,False,viewed,False,False,False,False,False
APP01193,CUST0341,SYNTHETIC,2026-08-26,SES01045,km,206,8,False,False,viewed,False,False,False,False,False
APP01194,CUST0150,SYNTHETIC,2026-09-20,SES00718,benefits,138,6,False,False,redeemed,False,False,True,True,False
APP01195,CUST0180,SYNTHETIC,2026-06-15,SES01583,documents,445,8,False,False,viewed,False,False,False,False,False
APP01196,CUST0119,SYNTHETIC,2026-06-07,SES02026,home,41,5,True,False,viewed,False,False,False,False,False
APP01197,CUST0380,SYNTHETIC,2026-06-13,SES01402,profile,406,13,False,False,viewed,False,False,False,False,False
APP01198,CUST0198,SYNTHETIC,2026-06-09,SES01171,km,461,20,False,False,viewed,False,False,False,False,False
APP01199,CUST0458,SYNTHETIC,2026-07-07,SES01601,fines,208,14,True,False,viewed,False,False,False,False,False
APP01200,CUST0331,SYNTHETIC,2026-09-07,SES00253,assistant,388,19,False,False,opened,False,False,False,False,False
APP01201,CUST0088,SYNTHETIC,2026-09-29,SES00035,assistant,314,18,True,False,opened,False,False,False,False,False
APP01202,CUST0499,SYNTHETIC,2026-06-22,SES02197,notifications,66,11,False,False,dismissed,False,False,False,False,False
APP01203,CUST0249,SYNTHETIC,2026-07-23,SES01186,documents,278,4,True,True,viewed,False,False,False,False,False
APP01204,CUST0464,SYNTHETIC,2026-06-18,SES00505,mobility_planner,362,22,False,False,planned,False,False,False,False,False
APP01205,CUST0093,SYNTHETIC,2026-09-30,SES02067,notifications,64,2,False,False,opened,False,False,False,False,False
APP01206,CUST0449,SYNTHETIC,2026-06-28,SES00516,support,404,3,True,True,opened,False,False,False,False,False
APP01207,CUST0212,SYNTHETIC,2026-06-26,SES02175,documents,257,18,False,False,viewed,False,False,False,False,False
APP01208,CUST0348,SYNTHETIC,2026-07-11,SES02177,notifications,257,8,False,False,opened,False,False,False,False,False
APP01209,CUST0395,SYNTHETIC,2026-09-05,SES00128,maintenance,177,8,False,False,scheduled,True,False,False,False,False
APP01210,CUST0315,SYNTHETIC,2026-10-01,SES01293,benefits,96,15,False,False,redeemed,False,False,True,True,False
APP01211,CUST0458,SYNTHETIC,2026-08-20,SES01687,contract,356,14,False,False,viewed,False,False,False,False,False
APP01212,CUST0022,SYNTHETIC,2026-09-21,SES01131,support,331,3,True,True,opened,False,False,False,False,False
APP01213,CUST0118,SYNTHETIC,2026-07-21,SES01175,profile,273,9,False,False,viewed,False,False,False,False,False
APP01214,CUST0046,SYNTHETIC,2026-06-20,SES01381,notifications,58,22,True,True,opened,False,False,False,False,False
APP01215,CUST0413,SYNTHETIC,2026-06-15,SES02002,mobility_planner,385,19,True,False,viewed,False,False,False,False,False
APP01216,CUST0172,SYNTHETIC,2026-06-20,SES00321,benefits,280,1,False,False,viewed,False,False,True,False,False
APP01217,CUST0340,SYNTHETIC,2026-09-06,SES00869,km,156,20,False,False,viewed,False,False,False,False,False
APP01218,CUST0123,SYNTHETIC,2026-09-02,SES01957,contract,392,9,False,False,viewed,False,False,False,False,False
APP01219,CUST0154,SYNTHETIC,2026-07-11,SES00477,finance,435,14,True,False,viewed,False,False,False,False,False
APP01220,CUST0256,SYNTHETIC,2026-08-07,SES00957,fines,164,11,True,True,viewed,False,False,False,False,False
APP01221,CUST0245,SYNTHETIC,2026-07-01,SES00748,fines,89,4,False,False,viewed,False,False,False,False,False
APP01222,CUST0443,SYNTHETIC,2026-06-26,SES00799,profile,468,18,False,False,viewed,False,False,False,False,False
APP01223,CUST0343,SYNTHETIC,2026-08-21,SES01655,support,180,21,True,True,opened,False,False,False,False,False
APP01224,CUST0269,SYNTHETIC,2026-07-04,SES00214,finance,409,14,True,False,viewed,False,False,False,False,False
APP01225,CUST0152,SYNTHETIC,2026-06-29,SES01792,profile,84,18,True,True,viewed,False,False,False,False,False
APP01226,CUST0128,SYNTHETIC,2026-10-01,SES00913,mobility_planner,369,20,False,False,viewed,False,False,False,False,False
APP01227,CUST0431,SYNTHETIC,2026-07-18,SES01619,home,83,19,False,False,viewed,False,False,False,False,False
APP01228,CUST0161,SYNTHETIC,2026-08-28,SES00575,km,356,21,False,False,viewed,False,False,False,False,False
APP01229,CUST0313,SYNTHETIC,2026-07-07,SES00729,home,42,17,False,False,viewed,False,False,False,False,False
APP01230,CUST0461,SYNTHETIC,2026-08-31,SES00174,notifications,403,5,True,True,opened,False,False,False,False,False
APP01231,CUST0191,SYNTHETIC,2026-06-14,SES00302,finance,309,2,False,False,viewed,False,False,False,False,False
APP01232,CUST0355,SYNTHETIC,2026-09-10,SES01897,documents,460,15,False,False,viewed,False,False,False,False,False
APP01233,CUST0372,SYNTHETIC,2026-06-05,SES00055,home,60,17,True,False,viewed,False,False,False,False,False
APP01234,CUST0184,SYNTHETIC,2026-08-16,SES00787,km,350,1,False,False,viewed,False,False,False,False,False
APP01235,CUST0422,SYNTHETIC,2026-09-03,SES00991,fines,140,13,False,False,viewed,False,False,False,False,False
APP01236,CUST0173,SYNTHETIC,2026-06-26,SES01313,contract,436,6,True,False,viewed,False,False,False,False,False
APP01237,CUST0423,SYNTHETIC,2026-09-27,SES00955,documents,165,4,False,False,viewed,False,False,False,False,False
APP01238,CUST0053,SYNTHETIC,2026-07-08,SES01004,home,137,2,False,False,viewed,False,False,False,False,False
APP01239,CUST0288,SYNTHETIC,2026-08-25,SES00202,benefits,333,11,False,False,viewed,False,False,True,False,False
APP01240,CUST0064,SYNTHETIC,2026-08-28,SES01585,maintenance,312,16,False,False,scheduled,True,False,False,False,False
APP01241,CUST0285,SYNTHETIC,2026-08-01,SES01116,assistant,379,13,True,False,opened,False,False,False,False,False
APP01242,CUST0434,SYNTHETIC,2026-09-12,SES00145,km,194,19,False,False,viewed,False,False,False,False,False
APP01243,CUST0143,SYNTHETIC,2026-06-17,SES01526,documents,308,22,True,False,viewed,False,False,False,False,False
APP01244,CUST0328,SYNTHETIC,2026-09-22,SES01102,km,346,7,False,False,viewed,False,False,False,False,False
APP01245,CUST0153,SYNTHETIC,2026-09-19,SES00385,profile,321,5,True,False,viewed,False,False,False,False,False
APP01246,CUST0303,SYNTHETIC,2026-08-28,SES00718,km,258,4,False,False,viewed,False,False,False,False,False
APP01247,CUST0199,SYNTHETIC,2026-07-15,SES02013,mobility_planner,295,12,True,True,planned,False,False,False,False,False
APP01248,CUST0040,SYNTHETIC,2026-07-25,SES00730,notifications,38,9,False,False,opened,False,False,False,False,False
APP01249,CUST0437,SYNTHETIC,2026-07-31,SES01786,finance,422,4,False,False,viewed,False,False,False,False,False
APP01250,CUST0229,SYNTHETIC,2026-08-15,SES00808,benefits,80,8,True,True,redeemed,False,False,True,True,False
APP01251,CUST0017,SYNTHETIC,2026-07-04,SES01520,finance,12,6,False,False,paid,False,True,False,False,False
APP01252,CUST0466,SYNTHETIC,2026-07-16,SES01122,profile,203,14,False,False,viewed,False,False,False,False,False
APP01253,CUST0468,SYNTHETIC,2026-06-27,SES01421,finance,167,14,False,False,viewed,False,False,False,False,False
APP01254,CUST0074,SYNTHETIC,2026-06-28,SES00753,finance,52,13,False,False,viewed,False,False,False,False,False
APP01255,CUST0271,SYNTHETIC,2026-07-19,SES00694,profile,233,11,True,False,viewed,False,False,False,False,False
APP01256,CUST0128,SYNTHETIC,2026-09-27,SES00561,finance,307,8,False,False,paid,False,True,False,False,False
APP01257,CUST0493,SYNTHETIC,2026-09-05,SES01054,notifications,125,7,True,True,opened,False,False,False,False,False
APP01258,CUST0217,SYNTHETIC,2026-06-11,SES01670,fines,71,13,True,True,viewed,False,False,False,False,False
APP01259,CUST0495,SYNTHETIC,2026-09-26,SES00849,maintenance,263,17,True,False,scheduled,True,False,False,False,False
APP01260,CUST0460,SYNTHETIC,2026-09-26,SES01590,mobility_planner,406,22,False,False,viewed,False,False,False,False,False
APP01261,CUST0006,SYNTHETIC,2026-08-30,SES01903,contract,408,5,True,False,viewed,False,False,False,False,False
APP01262,CUST0297,SYNTHETIC,2026-09-06,SES00195,notifications,379,19,False,False,dismissed,False,False,False,False,False
APP01263,CUST0425,SYNTHETIC,2026-06-13,SES02004,benefits,98,21,False,False,viewed,False,False,True,False,False
APP01264,CUST0115,SYNTHETIC,2026-09-16,SES00749,mobility_planner,93,14,False,False,viewed,False,False,False,False,False
APP01265,CUST0399,SYNTHETIC,2026-08-06,SES00873,contract,418,10,True,True,viewed,False,False,False,False,False
APP01266,CUST0118,SYNTHETIC,2026-06-20,SES00355,home,448,19,False,False,viewed,False,False,False,False,False
APP01267,CUST0306,SYNTHETIC,2026-08-21,SES00286,assistant,40,16,False,False,queried,False,False,False,False,False
APP01268,CUST0374,SYNTHETIC,2026-07-23,SES01395,documents,28,20,False,False,viewed,False,False,False,False,False
APP01269,CUST0402,SYNTHETIC,2026-08-26,SES01928,notifications,387,20,True,False,dismissed,False,False,False,False,False
APP01270,CUST0090,SYNTHETIC,2026-09-05,SES00930,support,66,20,True,False,opened,False,False,False,False,False
APP01271,CUST0147,SYNTHETIC,2026-09-19,SES01684,maintenance,379,6,True,True,viewed,False,False,False,False,False
APP01272,CUST0302,SYNTHETIC,2026-07-23,SES01492,notifications,322,1,False,False,dismissed,False,False,False,False,False
APP01273,CUST0019,SYNTHETIC,2026-06-19,SES00307,mobility_planner,233,7,False,False,viewed,False,False,False,False,False
APP01274,CUST0312,SYNTHETIC,2026-09-13,SES01642,fines,122,18,False,False,viewed,False,False,False,False,False
APP01275,CUST0050,SYNTHETIC,2026-06-27,SES00683,profile,357,16,False,False,viewed,False,False,False,False,False
APP01276,CUST0278,SYNTHETIC,2026-06-29,SES00207,documents,294,17,True,True,viewed,False,False,False,False,False
APP01277,CUST0357,SYNTHETIC,2026-08-23,SES01983,notifications,283,12,False,False,dismissed,False,False,False,False,False
APP01278,CUST0195,SYNTHETIC,2026-09-09,SES00904,km,295,15,True,True,viewed,False,False,False,False,False
APP01279,CUST0098,SYNTHETIC,2026-08-12,SES01155,documents,409,5,False,False,viewed,False,False,False,False,False
APP01280,CUST0045,SYNTHETIC,2026-09-19,SES02144,notifications,260,17,True,True,opened,False,False,False,False,False
APP01281,CUST0481,SYNTHETIC,2026-09-19,SES00043,fines,76,13,False,False,viewed,False,False,False,False,False
APP01282,CUST0340,SYNTHETIC,2026-08-28,SES00602,home,290,10,True,True,viewed,False,False,False,False,False
APP01283,CUST0009,SYNTHETIC,2026-07-18,SES00489,fines,399,5,True,False,viewed,False,False,False,False,False
APP01284,CUST0381,SYNTHETIC,2026-06-19,SES01534,benefits,465,5,True,True,viewed,False,False,True,False,False
APP01285,CUST0479,SYNTHETIC,2026-06-13,SES02020,finance,361,8,False,False,viewed,False,False,False,False,False
APP01286,CUST0191,SYNTHETIC,2026-07-05,SES02119,support,436,18,True,False,opened,False,False,False,False,False
APP01287,CUST0100,SYNTHETIC,2026-08-10,SES01173,maintenance,278,14,True,True,viewed,False,False,False,False,False
APP01288,CUST0197,SYNTHETIC,2026-07-21,SES02152,mobility_planner,166,20,False,False,viewed,False,False,False,False,False
APP01289,CUST0436,SYNTHETIC,2026-06-30,SES00313,fines,34,10,False,False,viewed,False,False,False,False,False
APP01290,CUST0012,SYNTHETIC,2026-07-15,SES00161,fines,93,6,False,False,viewed,False,False,False,False,False
APP01291,CUST0251,SYNTHETIC,2026-08-31,SES00691,support,441,10,False,False,contacted,False,False,False,False,True
APP01292,CUST0181,SYNTHETIC,2026-06-18,SES00943,mobility_planner,148,16,False,False,viewed,False,False,False,False,False
APP01293,CUST0024,SYNTHETIC,2026-07-05,SES00504,finance,479,4,False,False,paid,False,True,False,False,False
APP01294,CUST0195,SYNTHETIC,2026-06-16,SES01115,documents,432,11,True,True,viewed,False,False,False,False,False
APP01295,CUST0282,SYNTHETIC,2026-06-29,SES01223,profile,37,18,True,True,viewed,False,False,False,False,False
APP01296,CUST0462,SYNTHETIC,2026-06-20,SES01284,documents,109,16,True,True,viewed,False,False,False,False,False
APP01297,CUST0036,SYNTHETIC,2026-09-19,SES00518,mobility_planner,13,9,True,False,viewed,False,False,False,False,False
APP01298,CUST0241,SYNTHETIC,2026-06-13,SES01187,mobility_planner,466,8,False,False,planned,False,False,False,False,False
APP01299,CUST0394,SYNTHETIC,2026-08-24,SES02091,km,364,14,False,False,viewed,False,False,False,False,False
APP01300,CUST0407,SYNTHETIC,2026-09-02,SES01934,assistant,472,12,True,True,opened,False,False,False,False,False
APP01301,CUST0322,SYNTHETIC,2026-06-25,SES00891,documents,45,5,True,True,viewed,False,False,False,False,False
APP01302,CUST0216,SYNTHETIC,2026-07-15,SES00460,documents,176,14,True,False,viewed,False,False,False,False,False
APP01303,CUST0251,SYNTHETIC,2026-08-03,SES01478,profile,226,19,False,False,viewed,False,False,False,False,False
APP01304,CUST0397,SYNTHETIC,2026-08-20,SES00734,km,268,7,True,True,viewed,False,False,False,False,False
APP01305,CUST0149,SYNTHETIC,2026-07-28,SES00588,maintenance,81,13,False,False,viewed,False,False,False,False,False
APP01306,CUST0401,SYNTHETIC,2026-08-20,SES01673,mobility_planner,138,12,True,False,viewed,False,False,False,False,False
APP01307,CUST0480,SYNTHETIC,2026-08-07,SES01805,contract,73,5,True,True,viewed,False,False,False,False,False
APP01308,CUST0226,SYNTHETIC,2026-07-02,SES01912,benefits,302,2,False,False,redeemed,False,False,True,True,False
APP01309,CUST0492,SYNTHETIC,2026-06-07,SES01383,mobility_planner,116,7,False,False,viewed,False,False,False,False,False
APP01310,CUST0060,SYNTHETIC,2026-08-31,SES01158,support,423,17,False,False,opened,False,False,False,False,False
APP01311,CUST0124,SYNTHETIC,2026-07-20,SES01672,mobility_planner,445,1,False,False,planned,False,False,False,False,False
APP01312,CUST0176,SYNTHETIC,2026-06-29,SES01990,home,56,5,True,True,viewed,False,False,False,False,False
APP01313,CUST0013,SYNTHETIC,2026-08-20,SES01799,documents,100,9,True,True,viewed,False,False,False,False,False
APP01314,CUST0435,SYNTHETIC,2026-09-29,SES01584,benefits,114,17,True,True,redeemed,False,False,True,True,False
APP01315,CUST0002,SYNTHETIC,2026-06-21,SES00004,contract,209,21,False,False,viewed,False,False,False,False,False
APP01316,CUST0340,SYNTHETIC,2026-09-06,SES00407,fines,89,15,True,False,viewed,False,False,False,False,False
APP01317,CUST0467,SYNTHETIC,2026-07-12,SES01085,documents,198,2,False,False,viewed,False,False,False,False,False
APP01318,CUST0062,SYNTHETIC,2026-09-20,SES02146,documents,391,17,True,False,viewed,False,False,False,False,False
APP01319,CUST0274,SYNTHETIC,2026-07-12,SES01805,home,42,9,False,False,viewed,False,False,False,False,False
APP01320,CUST0434,SYNTHETIC,2026-08-05,SES02021,finance,145,1,True,False,paid,False,True,False,False,False
APP01321,CUST0006,SYNTHETIC,2026-08-08,SES00414,mobility_planner,123,8,False,False,viewed,False,False,False,False,False
APP01322,CUST0407,SYNTHETIC,2026-07-18,SES00199,mobility_planner,387,18,True,True,viewed,False,False,False,False,False
APP01323,CUST0456,SYNTHETIC,2026-09-13,SES00175,contract,290,17,False,False,viewed,False,False,False,False,False
APP01324,CUST0354,SYNTHETIC,2026-07-24,SES00152,maintenance,188,13,True,True,viewed,False,False,False,False,False
APP01325,CUST0315,SYNTHETIC,2026-07-04,SES02052,km,354,12,False,False,viewed,False,False,False,False,False
APP01326,CUST0390,SYNTHETIC,2026-09-10,SES01088,notifications,84,4,True,True,opened,False,False,False,False,False
APP01327,CUST0223,SYNTHETIC,2026-07-07,SES02161,profile,295,3,True,True,viewed,False,False,False,False,False
APP01328,CUST0195,SYNTHETIC,2026-09-29,SES00391,maintenance,9,6,False,False,viewed,False,False,False,False,False
APP01329,CUST0233,SYNTHETIC,2026-06-06,SES00965,km,231,5,True,False,viewed,False,False,False,False,False
APP01330,CUST0376,SYNTHETIC,2026-08-26,SES01001,fines,120,14,False,False,viewed,False,False,False,False,False
APP01331,CUST0222,SYNTHETIC,2026-08-30,SES00604,fines,62,1,False,False,viewed,False,False,False,False,False
APP01332,CUST0385,SYNTHETIC,2026-09-03,SES01643,maintenance,134,2,False,False,viewed,False,False,False,False,False
APP01333,CUST0326,SYNTHETIC,2026-09-26,SES01565,support,17,18,False,False,contacted,False,False,False,False,True
APP01334,CUST0239,SYNTHETIC,2026-06-08,SES00981,maintenance,198,4,True,False,viewed,False,False,False,False,False
APP01335,CUST0244,SYNTHETIC,2026-08-29,SES00077,contract,443,7,False,False,viewed,False,False,False,False,False
APP01336,CUST0040,SYNTHETIC,2026-09-17,SES00620,maintenance,316,18,True,False,viewed,False,False,False,False,False
APP01337,CUST0067,SYNTHETIC,2026-07-03,SES01625,profile,72,12,False,False,viewed,False,False,False,False,False
APP01338,CUST0269,SYNTHETIC,2026-08-12,SES01759,maintenance,105,20,True,True,viewed,False,False,False,False,False
APP01339,CUST0324,SYNTHETIC,2026-09-19,SES01797,contract,169,13,False,False,viewed,False,False,False,False,False
APP01340,CUST0169,SYNTHETIC,2026-09-26,SES00256,km,458,4,False,False,viewed,False,False,False,False,False
APP01341,CUST0268,SYNTHETIC,2026-07-01,SES00952,home,386,5,True,True,viewed,False,False,False,False,False
APP01342,CUST0045,SYNTHETIC,2026-09-03,SES00752,fines,369,18,True,False,viewed,False,False,False,False,False
APP01343,CUST0121,SYNTHETIC,2026-08-22,SES00546,fines,215,3,False,False,viewed,False,False,False,False,False
APP01344,CUST0231,SYNTHETIC,2026-08-04,SES00827,km,474,22,False,False,viewed,False,False,False,False,False
APP01345,CUST0315,SYNTHETIC,2026-08-05,SES01546,assistant,15,9,False,False,queried,False,False,False,False,False
APP01346,CUST0041,SYNTHETIC,2026-06-26,SES01319,maintenance,143,17,False,False,viewed,False,False,False,False,False
APP01347,CUST0393,SYNTHETIC,2026-08-17,SES02133,support,407,16,True,False,opened,False,False,False,False,False
APP01348,CUST0454,SYNTHETIC,2026-07-31,SES01450,maintenance,421,1,False,False,viewed,False,False,False,False,False
APP01349,CUST0023,SYNTHETIC,2026-09-07,SES00620,contract,280,3,True,False,viewed,False,False,False,False,False
APP01350,CUST0384,SYNTHETIC,2026-06-30,SES01605,notifications,111,21,False,False,dismissed,False,False,False,False,False
APP01351,CUST0117,SYNTHETIC,2026-07-07,SES01439,benefits,274,9,False,False,viewed,False,False,True,False,False
APP01352,CUST0249,SYNTHETIC,2026-09-05,SES01828,support,153,6,True,False,opened,False,False,False,False,False
APP01353,CUST0321,SYNTHETIC,2026-08-08,SES00614,fines,225,1,False,False,viewed,False,False,False,False,False
APP01354,CUST0207,SYNTHETIC,2026-06-05,SES01841,documents,119,5,False,False,viewed,False,False,False,False,False
APP01355,CUST0178,SYNTHETIC,2026-09-05,SES01457,mobility_planner,292,5,False,False,planned,False,False,False,False,False
APP01356,CUST0148,SYNTHETIC,2026-07-04,SES01847,home,106,13,False,False,viewed,False,False,False,False,False
APP01357,CUST0171,SYNTHETIC,2026-07-29,SES02075,maintenance,474,18,False,False,viewed,False,False,False,False,False
APP01358,CUST0465,SYNTHETIC,2026-09-26,SES01485,assistant,456,12,False,False,queried,False,False,False,False,False
APP01359,CUST0392,SYNTHETIC,2026-08-12,SES00663,notifications,375,7,False,False,opened,False,False,False,False,False
APP01360,CUST0127,SYNTHETIC,2026-07-14,SES00247,support,428,4,True,False,contacted,False,False,False,False,True
APP01361,CUST0015,SYNTHETIC,2026-08-21,SES00555,documents,169,16,False,False,viewed,False,False,False,False,False
APP01362,CUST0316,SYNTHETIC,2026-06-22,SES01965,contract,69,13,True,False,viewed,False,False,False,False,False
APP01363,CUST0077,SYNTHETIC,2026-07-25,SES00729,profile,349,2,True,False,viewed,False,False,False,False,False
APP01364,CUST0461,SYNTHETIC,2026-09-20,SES00945,assistant,143,6,True,False,queried,False,False,False,False,False
APP01365,CUST0064,SYNTHETIC,2026-08-29,SES00689,notifications,206,13,True,False,dismissed,False,False,False,False,False
APP01366,CUST0205,SYNTHETIC,2026-07-23,SES01160,home,313,9,False,False,viewed,False,False,False,False,False
APP01367,CUST0172,SYNTHETIC,2026-06-10,SES00622,finance,380,8,False,False,viewed,False,False,False,False,False
APP01368,CUST0188,SYNTHETIC,2026-07-26,SES02090,support,142,15,False,False,opened,False,False,False,False,False
APP01369,CUST0396,SYNTHETIC,2026-08-16,SES00462,assistant,319,16,True,False,opened,False,False,False,False,False
APP01370,CUST0001,SYNTHETIC,2026-06-24,SES01445,mobility_planner,51,8,False,False,planned,False,False,False,False,False
APP01371,CUST0157,SYNTHETIC,2026-07-11,SES00935,fines,124,8,True,False,viewed,False,False,False,False,False
APP01372,CUST0445,SYNTHETIC,2026-08-09,SES01289,assistant,370,12,False,False,queried,False,False,False,False,False
APP01373,CUST0418,SYNTHETIC,2026-09-08,SES00603,support,446,12,False,False,opened,False,False,False,False,False
APP01374,CUST0391,SYNTHETIC,2026-07-20,SES00699,benefits,443,13,True,True,redeemed,False,False,True,True,False
APP01375,CUST0414,SYNTHETIC,2026-10-01,SES01352,maintenance,295,11,True,True,viewed,False,False,False,False,False
APP01376,CUST0227,SYNTHETIC,2026-06-07,SES02063,profile,309,17,True,True,viewed,False,False,False,False,False
APP01377,CUST0379,SYNTHETIC,2026-08-12,SES00816,contract,439,3,True,False,viewed,False,False,False,False,False
APP01378,CUST0229,SYNTHETIC,2026-07-16,SES01684,mobility_planner,10,16,True,True,viewed,False,False,False,False,False
APP01379,CUST0209,SYNTHETIC,2026-06-29,SES00544,fines,280,19,True,False,viewed,False,False,False,False,False
APP01380,CUST0462,SYNTHETIC,2026-06-23,SES01990,contract,383,9,False,False,viewed,False,False,False,False,False
APP01381,CUST0291,SYNTHETIC,2026-09-24,SES01398,contract,212,15,True,True,viewed,False,False,False,False,False
APP01382,CUST0343,SYNTHETIC,2026-06-16,SES00277,contract,480,9,True,False,viewed,False,False,False,False,False
APP01383,CUST0430,SYNTHETIC,2026-08-29,SES01208,mobility_planner,288,21,False,False,viewed,False,False,False,False,False
APP01384,CUST0177,SYNTHETIC,2026-09-21,SES00500,notifications,184,22,False,False,dismissed,False,False,False,False,False
APP01385,CUST0117,SYNTHETIC,2026-08-13,SES01152,profile,251,4,True,False,viewed,False,False,False,False,False
APP01386,CUST0344,SYNTHETIC,2026-06-04,SES02172,maintenance,32,22,False,False,viewed,False,False,False,False,False
APP01387,CUST0225,SYNTHETIC,2026-06-18,SES00300,notifications,269,5,True,False,dismissed,False,False,False,False,False
APP01388,CUST0155,SYNTHETIC,2026-08-14,SES02036,km,357,12,False,False,viewed,False,False,False,False,False
APP01389,CUST0095,SYNTHETIC,2026-07-15,SES00741,profile,194,6,True,True,viewed,False,False,False,False,False
APP01390,CUST0486,SYNTHETIC,2026-06-08,SES00850,mobility_planner,120,1,False,False,planned,False,False,False,False,False
APP01391,CUST0177,SYNTHETIC,2026-07-31,SES00960,km,431,6,True,True,viewed,False,False,False,False,False
APP01392,CUST0167,SYNTHETIC,2026-09-12,SES01237,mobility_planner,92,8,False,False,planned,False,False,False,False,False
APP01393,CUST0021,SYNTHETIC,2026-08-20,SES02107,contract,273,19,True,True,viewed,False,False,False,False,False
APP01394,CUST0083,SYNTHETIC,2026-09-07,SES00193,fines,104,7,False,False,viewed,False,False,False,False,False
APP01395,CUST0305,SYNTHETIC,2026-08-03,SES01391,profile,170,5,False,False,viewed,False,False,False,False,False
APP01396,CUST0446,SYNTHETIC,2026-08-13,SES01480,finance,196,19,False,False,viewed,False,False,False,False,False
APP01397,CUST0107,SYNTHETIC,2026-06-28,SES01254,km,243,2,False,False,viewed,False,False,False,False,False
APP01398,CUST0237,SYNTHETIC,2026-08-27,SES01468,support,27,20,False,False,opened,False,False,False,False,False
APP01399,CUST0113,SYNTHETIC,2026-09-20,SES00015,benefits,311,15,True,True,viewed,False,False,True,False,False
APP01400,CUST0346,SYNTHETIC,2026-09-13,SES00552,home,119,13,True,False,viewed,False,False,False,False,False
APP01401,CUST0157,SYNTHETIC,2026-09-05,SES01677,home,270,14,False,False,viewed,False,False,False,False,False
APP01402,CUST0484,SYNTHETIC,2026-08-02,SES01737,finance,439,2,True,True,paid,False,True,False,False,False
APP01403,CUST0393,SYNTHETIC,2026-08-31,SES01693,support,51,2,False,False,opened,False,False,False,False,False
APP01404,CUST0023,SYNTHETIC,2026-07-31,SES01348,assistant,376,15,True,True,opened,False,False,False,False,False
APP01405,CUST0223,SYNTHETIC,2026-08-04,SES00437,profile,81,19,True,True,viewed,False,False,False,False,False
APP01406,CUST0115,SYNTHETIC,2026-07-23,SES00821,mobility_planner,466,14,False,False,planned,False,False,False,False,False
APP01407,CUST0176,SYNTHETIC,2026-09-15,SES00272,fines,465,17,False,False,viewed,False,False,False,False,False
APP01408,CUST0137,SYNTHETIC,2026-09-27,SES01342,contract,465,11,False,False,viewed,False,False,False,False,False
APP01409,CUST0222,SYNTHETIC,2026-09-03,SES01528,finance,424,1,False,False,viewed,False,False,False,False,False
APP01410,CUST0353,SYNTHETIC,2026-07-22,SES01810,benefits,158,3,False,False,viewed,False,False,True,False,False
APP01411,CUST0040,SYNTHETIC,2026-07-18,SES01800,home,148,13,True,True,viewed,False,False,False,False,False
APP01412,CUST0393,SYNTHETIC,2026-06-19,SES00318,documents,258,4,False,False,viewed,False,False,False,False,False
APP01413,CUST0434,SYNTHETIC,2026-06-10,SES00783,finance,36,17,False,False,viewed,False,False,False,False,False
APP01414,CUST0487,SYNTHETIC,2026-07-20,SES01481,mobility_planner,81,20,False,False,planned,False,False,False,False,False
APP01415,CUST0268,SYNTHETIC,2026-08-08,SES02139,maintenance,384,4,True,True,viewed,False,False,False,False,False
APP01416,CUST0347,SYNTHETIC,2026-09-04,SES00676,contract,113,6,False,False,viewed,False,False,False,False,False
APP01417,CUST0291,SYNTHETIC,2026-08-27,SES00467,documents,205,1,False,False,viewed,False,False,False,False,False
APP01418,CUST0359,SYNTHETIC,2026-08-20,SES01960,home,63,17,False,False,viewed,False,False,False,False,False
APP01419,CUST0388,SYNTHETIC,2026-07-31,SES00434,profile,192,2,True,True,viewed,False,False,False,False,False
APP01420,CUST0484,SYNTHETIC,2026-10-01,SES00354,documents,262,17,True,True,viewed,False,False,False,False,False
APP01421,CUST0112,SYNTHETIC,2026-07-01,SES00703,km,109,19,True,True,viewed,False,False,False,False,False
APP01422,CUST0467,SYNTHETIC,2026-07-08,SES01678,benefits,74,19,False,False,redeemed,False,False,True,True,False
APP01423,CUST0108,SYNTHETIC,2026-06-11,SES01013,benefits,442,16,False,False,viewed,False,False,True,False,False
APP01424,CUST0263,SYNTHETIC,2026-07-04,SES00234,benefits,275,18,False,False,viewed,False,False,True,False,False
APP01425,CUST0066,SYNTHETIC,2026-07-01,SES00873,mobility_planner,32,12,False,False,viewed,False,False,False,False,False
APP01426,CUST0075,SYNTHETIC,2026-06-08,SES00963,maintenance,158,3,False,False,viewed,False,False,False,False,False
APP01427,CUST0462,SYNTHETIC,2026-09-07,SES00658,assistant,243,9,False,False,queried,False,False,False,False,False
APP01428,CUST0248,SYNTHETIC,2026-07-28,SES00578,benefits,161,2,False,False,viewed,False,False,True,False,False
APP01429,CUST0383,SYNTHETIC,2026-06-19,SES02043,mobility_planner,283,16,False,False,viewed,False,False,False,False,False
APP01430,CUST0343,SYNTHETIC,2026-08-30,SES01886,finance,68,8,True,True,paid,False,True,False,False,False
APP01431,CUST0187,SYNTHETIC,2026-07-26,SES00635,assistant,454,16,False,False,opened,False,False,False,False,False
APP01432,CUST0261,SYNTHETIC,2026-06-03,SES00874,home,405,19,True,True,viewed,False,False,False,False,False
APP01433,CUST0248,SYNTHETIC,2026-07-26,SES00448,profile,130,9,False,False,viewed,False,False,False,False,False
APP01434,CUST0488,SYNTHETIC,2026-07-15,SES01386,support,55,9,True,True,opened,False,False,False,False,False
APP01435,CUST0415,SYNTHETIC,2026-07-22,SES02036,benefits,223,2,True,False,viewed,False,False,True,False,False
APP01436,CUST0040,SYNTHETIC,2026-09-08,SES00104,benefits,114,17,False,False,viewed,False,False,True,False,False
APP01437,CUST0395,SYNTHETIC,2026-07-14,SES01829,profile,381,11,True,False,viewed,False,False,False,False,False
APP01438,CUST0074,SYNTHETIC,2026-06-28,SES00167,assistant,67,21,False,False,opened,False,False,False,False,False
APP01439,CUST0398,SYNTHETIC,2026-09-26,SES00208,documents,474,3,False,False,viewed,False,False,False,False,False
APP01440,CUST0371,SYNTHETIC,2026-09-24,SES01840,profile,420,20,False,False,viewed,False,False,False,False,False
APP01441,CUST0059,SYNTHETIC,2026-08-12,SES01715,maintenance,45,18,False,False,scheduled,True,False,False,False,False
APP01442,CUST0060,SYNTHETIC,2026-07-05,SES00678,contract,105,22,False,False,viewed,False,False,False,False,False
APP01443,CUST0045,SYNTHETIC,2026-06-29,SES00844,home,293,21,True,True,viewed,False,False,False,False,False
APP01444,CUST0333,SYNTHETIC,2026-09-01,SES00057,km,172,16,False,False,viewed,False,False,False,False,False
APP01445,CUST0160,SYNTHETIC,2026-06-06,SES00751,km,345,16,True,True,viewed,False,False,False,False,False
APP01446,CUST0229,SYNTHETIC,2026-09-22,SES01996,home,458,21,True,False,viewed,False,False,False,False,False
APP01447,CUST0317,SYNTHETIC,2026-07-15,SES02007,maintenance,44,8,False,False,viewed,False,False,False,False,False
APP01448,CUST0500,SYNTHETIC,2026-09-07,SES00166,km,467,1,True,True,viewed,False,False,False,False,False
APP01449,CUST0324,SYNTHETIC,2026-09-05,SES01162,notifications,28,22,False,False,dismissed,False,False,False,False,False
APP01450,CUST0305,SYNTHETIC,2026-07-08,SES01005,mobility_planner,169,18,False,False,planned,False,False,False,False,False
APP01451,CUST0412,SYNTHETIC,2026-09-07,SES01395,profile,148,9,False,False,viewed,False,False,False,False,False
APP01452,CUST0420,SYNTHETIC,2026-08-21,SES01797,home,282,14,False,False,viewed,False,False,False,False,False
APP01453,CUST0343,SYNTHETIC,2026-06-22,SES02187,km,69,19,False,False,viewed,False,False,False,False,False
APP01454,CUST0080,SYNTHETIC,2026-08-08,SES00824,notifications,341,7,True,False,opened,False,False,False,False,False
APP01455,CUST0021,SYNTHETIC,2026-06-09,SES01389,finance,140,22,False,False,viewed,False,False,False,False,False
APP01456,CUST0003,SYNTHETIC,2026-08-12,SES00444,mobility_planner,27,7,True,True,planned,False,False,False,False,False
APP01457,CUST0113,SYNTHETIC,2026-09-30,SES01848,finance,401,11,False,False,viewed,False,False,False,False,False
APP01458,CUST0345,SYNTHETIC,2026-06-20,SES02052,contract,478,11,False,False,viewed,False,False,False,False,False
APP01459,CUST0215,SYNTHETIC,2026-08-25,SES01361,assistant,47,11,True,True,opened,False,False,False,False,False
APP01460,CUST0249,SYNTHETIC,2026-06-19,SES01391,support,65,9,False,False,opened,False,False,False,False,False
APP01461,CUST0348,SYNTHETIC,2026-09-27,SES01100,assistant,435,15,True,True,opened,False,False,False,False,False
APP01462,CUST0391,SYNTHETIC,2026-08-06,SES00321,support,192,21,True,True,opened,False,False,False,False,False
APP01463,CUST0425,SYNTHETIC,2026-08-28,SES00571,home,439,10,False,False,viewed,False,False,False,False,False
APP01464,CUST0259,SYNTHETIC,2026-09-08,SES00837,support,83,15,False,False,contacted,False,False,False,False,True
APP01465,CUST0243,SYNTHETIC,2026-08-16,SES00175,mobility_planner,324,2,False,False,planned,False,False,False,False,False
APP01466,CUST0447,SYNTHETIC,2026-07-11,SES01320,home,58,8,True,True,viewed,False,False,False,False,False
APP01467,CUST0017,SYNTHETIC,2026-07-31,SES00426,assistant,348,5,False,False,queried,False,False,False,False,False
APP01468,CUST0497,SYNTHETIC,2026-07-14,SES00102,assistant,206,9,False,False,opened,False,False,False,False,False
APP01469,CUST0296,SYNTHETIC,2026-08-03,SES01975,maintenance,86,20,False,False,scheduled,True,False,False,False,False
APP01470,CUST0215,SYNTHETIC,2026-07-13,SES00492,notifications,115,20,True,True,dismissed,False,False,False,False,False
APP01471,CUST0108,SYNTHETIC,2026-08-02,SES00754,documents,315,10,True,False,viewed,False,False,False,False,False
APP01472,CUST0214,SYNTHETIC,2026-07-12,SES00873,support,303,18,True,True,opened,False,False,False,False,False
APP01473,CUST0390,SYNTHETIC,2026-06-19,SES01256,contract,468,8,True,True,viewed,False,False,False,False,False
APP01474,CUST0124,SYNTHETIC,2026-07-27,SES00553,assistant,314,4,False,False,opened,False,False,False,False,False
APP01475,CUST0367,SYNTHETIC,2026-09-08,SES02126,mobility_planner,202,9,True,True,planned,False,False,False,False,False
APP01476,CUST0315,SYNTHETIC,2026-06-29,SES01506,maintenance,100,12,False,False,scheduled,True,False,False,False,False
APP01477,CUST0069,SYNTHETIC,2026-06-17,SES00299,documents,442,13,True,True,viewed,False,False,False,False,False
APP01478,CUST0389,SYNTHETIC,2026-07-21,SES02057,finance,191,3,False,False,viewed,False,False,False,False,False
APP01479,CUST0248,SYNTHETIC,2026-07-26,SES01104,assistant,456,3,True,True,queried,False,False,False,False,False
APP01480,CUST0121,SYNTHETIC,2026-09-05,SES01773,maintenance,136,10,False,False,viewed,False,False,False,False,False
APP01481,CUST0441,SYNTHETIC,2026-08-06,SES01724,km,294,21,False,False,viewed,False,False,False,False,False
APP01482,CUST0303,SYNTHETIC,2026-07-16,SES00595,profile,194,6,True,True,viewed,False,False,False,False,False
APP01483,CUST0252,SYNTHETIC,2026-06-23,SES01989,profile,111,6,True,False,viewed,False,False,False,False,False
APP01484,CUST0016,SYNTHETIC,2026-06-07,SES00829,mobility_planner,127,4,False,False,viewed,False,False,False,False,False
APP01485,CUST0001,SYNTHETIC,2026-06-29,SES00864,finance,126,13,False,False,viewed,False,False,False,False,False
APP01486,CUST0046,SYNTHETIC,2026-07-06,SES00318,notifications,127,4,False,False,dismissed,False,False,False,False,False
APP01487,CUST0221,SYNTHETIC,2026-09-07,SES00480,notifications,307,18,False,False,opened,False,False,False,False,False
APP01488,CUST0273,SYNTHETIC,2026-07-23,SES00682,finance,407,22,True,True,viewed,False,False,False,False,False
APP01489,CUST0428,SYNTHETIC,2026-06-21,SES00632,fines,257,13,False,False,viewed,False,False,False,False,False
APP01490,CUST0345,SYNTHETIC,2026-08-02,SES02054,finance,404,15,True,True,viewed,False,False,False,False,False
APP01491,CUST0350,SYNTHETIC,2026-07-01,SES01743,assistant,282,9,True,True,queried,False,False,False,False,False
APP01492,CUST0120,SYNTHETIC,2026-08-27,SES00324,km,312,1,False,False,viewed,False,False,False,False,False
APP01493,CUST0411,SYNTHETIC,2026-08-31,SES00178,benefits,97,7,True,True,viewed,False,False,True,False,False
APP01494,CUST0211,SYNTHETIC,2026-07-02,SES00082,support,334,4,True,True,contacted,False,False,False,False,True
APP01495,CUST0491,SYNTHETIC,2026-09-20,SES00078,assistant,380,7,True,False,queried,False,False,False,False,False
APP01496,CUST0134,SYNTHETIC,2026-07-26,SES00254,notifications,473,6,False,False,opened,False,False,False,False,False
APP01497,CUST0181,SYNTHETIC,2026-06-16,SES00332,fines,30,14,True,False,viewed,False,False,False,False,False
APP01498,CUST0048,SYNTHETIC,2026-07-01,SES00976,fines,327,20,False,False,viewed,False,False,False,False,False
APP01499,CUST0202,SYNTHETIC,2026-09-08,SES00790,km,178,7,True,True,viewed,False,False,False,False,False
APP01500,CUST0105,SYNTHETIC,2026-09-12,SES02038,notifications,365,5,False,False,opened,False,False,False,False,False
APP01501,CUST0409,SYNTHETIC,2026-07-24,SES00885,mobility_planner,142,21,True,False,planned,False,False,False,False,False
APP01502,CUST0224,SYNTHETIC,2026-09-26,SES00253,home,444,7,False,False,viewed,False,False,False,False,False
APP01503,CUST0001,SYNTHETIC,2026-09-03,SES00040,profile,270,14,False,False,viewed,False,False,False,False,False
APP01504,CUST0134,SYNTHETIC,2026-08-29,SES00694,notifications,75,21,False,False,opened,False,False,False,False,False
APP01505,CUST0270,SYNTHETIC,2026-06-18,SES00419,mobility_planner,34,20,False,False,planned,False,False,False,False,False
APP01506,CUST0484,SYNTHETIC,2026-07-21,SES01097,km,78,21,True,True,viewed,False,False,False,False,False
APP01507,CUST0373,SYNTHETIC,2026-07-19,SES01573,fines,111,1,True,False,viewed,False,False,False,False,False
APP01508,CUST0191,SYNTHETIC,2026-09-18,SES01547,assistant,140,15,False,False,queried,False,False,False,False,False
APP01509,CUST0091,SYNTHETIC,2026-07-24,SES01744,profile,374,19,False,False,viewed,False,False,False,False,False
APP01510,CUST0029,SYNTHETIC,2026-07-14,SES01053,documents,232,13,True,False,viewed,False,False,False,False,False
APP01511,CUST0288,SYNTHETIC,2026-09-19,SES01031,contract,307,1,False,False,viewed,False,False,False,False,False
APP01512,CUST0100,SYNTHETIC,2026-06-19,SES00269,finance,272,2,False,False,viewed,False,False,False,False,False
APP01513,CUST0098,SYNTHETIC,2026-06-07,SES01488,mobility_planner,227,9,False,False,viewed,False,False,False,False,False
APP01514,CUST0457,SYNTHETIC,2026-06-23,SES01050,fines,120,8,True,True,viewed,False,False,False,False,False
APP01515,CUST0315,SYNTHETIC,2026-09-04,SES00295,mobility_planner,439,15,False,False,viewed,False,False,False,False,False
APP01516,CUST0332,SYNTHETIC,2026-09-30,SES00845,assistant,98,12,False,False,opened,False,False,False,False,False
APP01517,CUST0337,SYNTHETIC,2026-06-24,SES00348,km,113,11,False,False,viewed,False,False,False,False,False
APP01518,CUST0101,SYNTHETIC,2026-09-21,SES02020,support,102,10,False,False,opened,False,False,False,False,False
APP01519,CUST0388,SYNTHETIC,2026-08-22,SES00536,notifications,182,10,True,False,dismissed,False,False,False,False,False
APP01520,CUST0181,SYNTHETIC,2026-09-26,SES01482,notifications,344,22,True,True,opened,False,False,False,False,False
APP01521,CUST0484,SYNTHETIC,2026-08-03,SES01535,support,361,1,True,True,opened,False,False,False,False,False
APP01522,CUST0297,SYNTHETIC,2026-07-23,SES00807,contract,119,5,False,False,viewed,False,False,False,False,False
APP01523,CUST0046,SYNTHETIC,2026-07-28,SES00079,notifications,348,21,True,True,opened,False,False,False,False,False
APP01524,CUST0408,SYNTHETIC,2026-09-02,SES00977,home,251,4,True,False,viewed,False,False,False,False,False
APP01525,CUST0448,SYNTHETIC,2026-06-05,SES00749,finance,114,22,False,False,viewed,False,False,False,False,False
APP01526,CUST0119,SYNTHETIC,2026-06-22,SES00700,maintenance,477,2,True,False,viewed,False,False,False,False,False
APP01527,CUST0153,SYNTHETIC,2026-08-26,SES00283,notifications,348,12,True,True,opened,False,False,False,False,False
APP01528,CUST0261,SYNTHETIC,2026-07-08,SES00643,assistant,351,18,False,False,opened,False,False,False,False,False
APP01529,CUST0198,SYNTHETIC,2026-06-06,SES00081,profile,363,5,True,False,viewed,False,False,False,False,False
APP01530,CUST0229,SYNTHETIC,2026-09-22,SES00594,support,156,4,True,True,opened,False,False,False,False,False
APP01531,CUST0093,SYNTHETIC,2026-06-17,SES02016,profile,328,5,True,True,viewed,False,False,False,False,False
APP01532,CUST0290,SYNTHETIC,2026-06-14,SES01411,mobility_planner,339,5,False,False,planned,False,False,False,False,False
APP01533,CUST0463,SYNTHETIC,2026-09-10,SES01543,contract,239,13,True,False,viewed,False,False,False,False,False
APP01534,CUST0411,SYNTHETIC,2026-07-10,SES00471,support,407,14,False,False,opened,False,False,False,False,False
APP01535,CUST0259,SYNTHETIC,2026-06-17,SES02131,fines,361,17,True,True,viewed,False,False,False,False,False
APP01536,CUST0312,SYNTHETIC,2026-06-10,SES01926,km,269,13,False,False,viewed,False,False,False,False,False
APP01537,CUST0137,SYNTHETIC,2026-09-23,SES01422,fines,153,22,True,True,viewed,False,False,False,False,False
APP01538,CUST0106,SYNTHETIC,2026-07-14,SES00263,assistant,52,21,True,True,opened,False,False,False,False,False
APP01539,CUST0040,SYNTHETIC,2026-06-27,SES01923,mobility_planner,168,11,True,True,viewed,False,False,False,False,False
APP01540,CUST0338,SYNTHETIC,2026-06-05,SES01234,fines,63,21,False,False,viewed,False,False,False,False,False
APP01541,CUST0449,SYNTHETIC,2026-06-21,SES00352,finance,225,9,False,False,paid,False,True,False,False,False
APP01542,CUST0086,SYNTHETIC,2026-06-24,SES00790,km,162,5,False,False,viewed,False,False,False,False,False
APP01543,CUST0441,SYNTHETIC,2026-07-25,SES01438,documents,355,17,False,False,viewed,False,False,False,False,False
APP01544,CUST0074,SYNTHETIC,2026-09-24,SES01808,maintenance,384,22,False,False,viewed,False,False,False,False,False
APP01545,CUST0253,SYNTHETIC,2026-07-31,SES01059,finance,355,5,True,False,viewed,False,False,False,False,False
APP01546,CUST0067,SYNTHETIC,2026-09-25,SES00142,maintenance,347,17,False,False,viewed,False,False,False,False,False
APP01547,CUST0406,SYNTHETIC,2026-08-21,SES01894,assistant,152,22,True,False,opened,False,False,False,False,False
APP01548,CUST0382,SYNTHETIC,2026-06-18,SES00432,documents,311,6,False,False,viewed,False,False,False,False,False
APP01549,CUST0070,SYNTHETIC,2026-08-27,SES00247,contract,190,18,True,False,viewed,False,False,False,False,False
APP01550,CUST0203,SYNTHETIC,2026-06-28,SES01156,maintenance,243,9,False,False,scheduled,True,False,False,False,False
APP01551,CUST0014,SYNTHETIC,2026-07-29,SES01783,notifications,203,6,False,False,dismissed,False,False,False,False,False
APP01552,CUST0362,SYNTHETIC,2026-08-27,SES01879,support,206,18,True,True,opened,False,False,False,False,False
APP01553,CUST0066,SYNTHETIC,2026-08-16,SES01809,home,52,1,False,False,viewed,False,False,False,False,False
APP01554,CUST0136,SYNTHETIC,2026-08-07,SES01030,finance,280,9,False,False,viewed,False,False,False,False,False
APP01555,CUST0184,SYNTHETIC,2026-06-26,SES01621,benefits,160,5,True,False,viewed,False,False,True,False,False
APP01556,CUST0232,SYNTHETIC,2026-06-27,SES01676,documents,244,1,True,False,viewed,False,False,False,False,False
APP01557,CUST0264,SYNTHETIC,2026-09-27,SES00127,contract,147,12,True,False,viewed,False,False,False,False,False
APP01558,CUST0471,SYNTHETIC,2026-09-02,SES01661,home,219,7,False,False,viewed,False,False,False,False,False
APP01559,CUST0088,SYNTHETIC,2026-09-30,SES01254,assistant,114,14,False,False,opened,False,False,False,False,False
APP01560,CUST0197,SYNTHETIC,2026-06-29,SES00461,support,476,14,True,True,opened,False,False,False,False,False
APP01561,CUST0331,SYNTHETIC,2026-06-21,SES01963,fines,265,11,False,False,viewed,False,False,False,False,False
APP01562,CUST0473,SYNTHETIC,2026-08-05,SES02007,profile,368,7,False,False,viewed,False,False,False,False,False
APP01563,CUST0285,SYNTHETIC,2026-09-16,SES00290,assistant,219,10,False,False,queried,False,False,False,False,False
APP01564,CUST0094,SYNTHETIC,2026-06-06,SES00499,support,338,16,False,False,contacted,False,False,False,False,True
APP01565,CUST0424,SYNTHETIC,2026-06-20,SES00797,km,281,22,False,False,viewed,False,False,False,False,False
APP01566,CUST0423,SYNTHETIC,2026-08-05,SES01025,profile,284,12,True,True,viewed,False,False,False,False,False
APP01567,CUST0344,SYNTHETIC,2026-06-07,SES01547,notifications,249,9,False,False,opened,False,False,False,False,False
APP01568,CUST0280,SYNTHETIC,2026-06-11,SES02029,maintenance,405,2,True,False,viewed,False,False,False,False,False
APP01569,CUST0037,SYNTHETIC,2026-10-01,SES00540,documents,83,6,False,False,viewed,False,False,False,False,False
APP01570,CUST0175,SYNTHETIC,2026-08-10,SES00015,mobility_planner,190,4,False,False,planned,False,False,False,False,False
APP01571,CUST0407,SYNTHETIC,2026-08-15,SES02177,profile,47,14,False,False,viewed,False,False,False,False,False
APP01572,CUST0195,SYNTHETIC,2026-08-16,SES00801,mobility_planner,175,9,False,False,viewed,False,False,False,False,False
APP01573,CUST0100,SYNTHETIC,2026-09-08,SES01159,notifications,472,17,True,False,dismissed,False,False,False,False,False
APP01574,CUST0254,SYNTHETIC,2026-08-13,SES00072,finance,290,6,True,False,viewed,False,False,False,False,False
APP01575,CUST0035,SYNTHETIC,2026-07-09,SES01158,maintenance,389,5,False,False,viewed,False,False,False,False,False
APP01576,CUST0010,SYNTHETIC,2026-09-04,SES01011,notifications,284,18,True,False,dismissed,False,False,False,False,False
APP01577,CUST0013,SYNTHETIC,2026-07-28,SES00524,maintenance,212,19,False,False,scheduled,True,False,False,False,False
APP01578,CUST0065,SYNTHETIC,2026-08-31,SES00658,maintenance,358,4,True,True,viewed,False,False,False,False,False
APP01579,CUST0312,SYNTHETIC,2026-09-11,SES00033,km,225,21,False,False,viewed,False,False,False,False,False
APP01580,CUST0459,SYNTHETIC,2026-07-30,SES01166,fines,433,14,True,True,viewed,False,False,False,False,False
APP01581,CUST0054,SYNTHETIC,2026-08-19,SES01054,benefits,134,20,False,False,viewed,False,False,True,False,False
APP01582,CUST0121,SYNTHETIC,2026-06-04,SES01049,contract,154,2,True,False,viewed,False,False,False,False,False
APP01583,CUST0020,SYNTHETIC,2026-07-06,SES02136,contract,434,20,False,False,viewed,False,False,False,False,False
APP01584,CUST0042,SYNTHETIC,2026-09-09,SES01231,support,426,11,True,True,contacted,False,False,False,False,True
APP01585,CUST0193,SYNTHETIC,2026-07-03,SES01020,assistant,279,22,False,False,opened,False,False,False,False,False
APP01586,CUST0006,SYNTHETIC,2026-09-03,SES00280,finance,364,21,True,True,viewed,False,False,False,False,False
APP01587,CUST0029,SYNTHETIC,2026-08-09,SES01699,notifications,126,22,True,True,opened,False,False,False,False,False
APP01588,CUST0154,SYNTHETIC,2026-09-16,SES01975,profile,347,8,False,False,viewed,False,False,False,False,False
APP01589,CUST0206,SYNTHETIC,2026-06-23,SES01435,finance,219,9,True,False,paid,False,True,False,False,False
APP01590,CUST0095,SYNTHETIC,2026-09-06,SES01783,profile,299,2,True,False,viewed,False,False,False,False,False
APP01591,CUST0330,SYNTHETIC,2026-07-16,SES00271,support,376,22,False,False,opened,False,False,False,False,False
APP01592,CUST0470,SYNTHETIC,2026-06-03,SES01385,support,383,8,False,False,opened,False,False,False,False,False
APP01593,CUST0174,SYNTHETIC,2026-09-25,SES00861,support,199,1,False,False,opened,False,False,False,False,False
APP01594,CUST0275,SYNTHETIC,2026-08-29,SES01226,profile,32,13,False,False,viewed,False,False,False,False,False
APP01595,CUST0267,SYNTHETIC,2026-07-22,SES01250,documents,221,22,True,True,viewed,False,False,False,False,False
APP01596,CUST0284,SYNTHETIC,2026-09-19,SES01435,finance,88,21,False,False,paid,False,True,False,False,False
APP01597,CUST0310,SYNTHETIC,2026-09-26,SES00091,notifications,53,11,False,False,opened,False,False,False,False,False
APP01598,CUST0423,SYNTHETIC,2026-07-13,SES01366,mobility_planner,290,17,False,False,viewed,False,False,False,False,False
APP01599,CUST0223,SYNTHETIC,2026-09-09,SES00241,benefits,188,19,False,False,redeemed,False,False,True,True,False
APP01600,CUST0478,SYNTHETIC,2026-06-29,SES00874,contract,300,20,False,False,viewed,False,False,False,False,False
APP01601,CUST0347,SYNTHETIC,2026-06-11,SES01635,fines,219,7,False,False,viewed,False,False,False,False,False
APP01602,CUST0247,SYNTHETIC,2026-08-21,SES01154,maintenance,344,22,True,True,viewed,False,False,False,False,False
APP01603,CUST0257,SYNTHETIC,2026-08-07,SES00786,home,196,21,False,False,viewed,False,False,False,False,False
APP01604,CUST0478,SYNTHETIC,2026-07-07,SES01979,home,164,8,False,False,viewed,False,False,False,False,False
APP01605,CUST0131,SYNTHETIC,2026-09-05,SES00814,contract,151,17,False,False,viewed,False,False,False,False,False
APP01606,CUST0111,SYNTHETIC,2026-09-10,SES00915,home,179,18,False,False,viewed,False,False,False,False,False
APP01607,CUST0388,SYNTHETIC,2026-07-01,SES01173,assistant,130,3,False,False,queried,False,False,False,False,False
APP01608,CUST0397,SYNTHETIC,2026-09-08,SES00891,assistant,415,2,False,False,queried,False,False,False,False,False
APP01609,CUST0065,SYNTHETIC,2026-07-28,SES00544,mobility_planner,358,18,False,False,viewed,False,False,False,False,False
APP01610,CUST0460,SYNTHETIC,2026-09-09,SES01250,mobility_planner,372,22,True,False,viewed,False,False,False,False,False
APP01611,CUST0321,SYNTHETIC,2026-07-10,SES00782,km,55,19,True,False,viewed,False,False,False,False,False
APP01612,CUST0484,SYNTHETIC,2026-06-26,SES00094,km,247,12,False,False,viewed,False,False,False,False,False
APP01613,CUST0096,SYNTHETIC,2026-09-13,SES01974,assistant,278,18,False,False,queried,False,False,False,False,False
APP01614,CUST0145,SYNTHETIC,2026-06-15,SES02071,support,473,11,False,False,opened,False,False,False,False,False
APP01615,CUST0475,SYNTHETIC,2026-07-16,SES01635,contract,136,5,False,False,viewed,False,False,False,False,False
APP01616,CUST0454,SYNTHETIC,2026-07-13,SES01985,km,89,14,False,False,viewed,False,False,False,False,False
APP01617,CUST0363,SYNTHETIC,2026-09-05,SES00148,mobility_planner,329,11,False,False,viewed,False,False,False,False,False
APP01618,CUST0312,SYNTHETIC,2026-07-21,SES00702,km,419,6,False,False,viewed,False,False,False,False,False
APP01619,CUST0353,SYNTHETIC,2026-06-14,SES00939,profile,266,10,True,True,viewed,False,False,False,False,False
APP01620,CUST0209,SYNTHETIC,2026-07-02,SES01398,benefits,53,18,True,True,redeemed,False,False,True,True,False
APP01621,CUST0084,SYNTHETIC,2026-07-22,SES00690,finance,74,21,False,False,viewed,False,False,False,False,False
APP01622,CUST0242,SYNTHETIC,2026-09-21,SES01931,assistant,133,19,False,False,queried,False,False,False,False,False
APP01623,CUST0334,SYNTHETIC,2026-06-06,SES01799,mobility_planner,261,1,True,True,planned,False,False,False,False,False
APP01624,CUST0193,SYNTHETIC,2026-07-20,SES01336,support,354,2,False,False,contacted,False,False,False,False,True
APP01625,CUST0146,SYNTHETIC,2026-09-17,SES02089,mobility_planner,43,6,True,True,viewed,False,False,False,False,False
APP01626,CUST0317,SYNTHETIC,2026-09-28,SES01133,documents,38,14,True,True,viewed,False,False,False,False,False
APP01627,CUST0082,SYNTHETIC,2026-08-27,SES00360,assistant,396,18,False,False,queried,False,False,False,False,False
APP01628,CUST0269,SYNTHETIC,2026-08-13,SES00087,km,22,16,False,False,viewed,False,False,False,False,False
APP01629,CUST0457,SYNTHETIC,2026-08-17,SES00233,benefits,222,12,False,False,viewed,False,False,True,False,False
APP01630,CUST0032,SYNTHETIC,2026-06-04,SES01586,km,350,12,True,False,viewed,False,False,False,False,False
APP01631,CUST0377,SYNTHETIC,2026-06-26,SES01021,support,159,15,True,False,opened,False,False,False,False,False
APP01632,CUST0354,SYNTHETIC,2026-09-27,SES00422,home,267,5,True,False,viewed,False,False,False,False,False
APP01633,CUST0342,SYNTHETIC,2026-07-29,SES01829,finance,193,6,False,False,viewed,False,False,False,False,False
APP01634,CUST0401,SYNTHETIC,2026-09-06,SES00835,benefits,90,12,False,False,viewed,False,False,True,False,False
APP01635,CUST0223,SYNTHETIC,2026-07-07,SES00874,fines,68,15,False,False,viewed,False,False,False,False,False
APP01636,CUST0483,SYNTHETIC,2026-07-03,SES00133,finance,327,3,False,False,viewed,False,False,False,False,False
APP01637,CUST0115,SYNTHETIC,2026-06-12,SES01783,documents,13,2,False,False,viewed,False,False,False,False,False
APP01638,CUST0349,SYNTHETIC,2026-08-16,SES01696,finance,182,9,False,False,viewed,False,False,False,False,False
APP01639,CUST0419,SYNTHETIC,2026-07-13,SES01756,maintenance,355,3,True,True,scheduled,True,False,False,False,False
APP01640,CUST0174,SYNTHETIC,2026-08-31,SES00264,km,53,22,False,False,viewed,False,False,False,False,False
APP01641,CUST0025,SYNTHETIC,2026-08-30,SES00948,documents,242,9,False,False,viewed,False,False,False,False,False
APP01642,CUST0200,SYNTHETIC,2026-09-04,SES00361,fines,55,14,False,False,viewed,False,False,False,False,False
APP01643,CUST0413,SYNTHETIC,2026-06-14,SES02083,finance,288,22,False,False,viewed,False,False,False,False,False
APP01644,CUST0475,SYNTHETIC,2026-06-24,SES01668,contract,151,19,False,False,viewed,False,False,False,False,False
APP01645,CUST0275,SYNTHETIC,2026-08-19,SES00637,home,458,9,True,False,viewed,False,False,False,False,False
APP01646,CUST0182,SYNTHETIC,2026-07-22,SES01260,support,327,9,False,False,opened,False,False,False,False,False
APP01647,CUST0236,SYNTHETIC,2026-07-09,SES00986,assistant,401,6,False,False,opened,False,False,False,False,False
APP01648,CUST0183,SYNTHETIC,2026-07-14,SES01070,documents,313,3,True,True,viewed,False,False,False,False,False
APP01649,CUST0461,SYNTHETIC,2026-06-14,SES01981,notifications,375,12,False,False,dismissed,False,False,False,False,False
APP01650,CUST0188,SYNTHETIC,2026-08-02,SES01299,profile,318,9,True,True,viewed,False,False,False,False,False
APP01651,CUST0071,SYNTHETIC,2026-09-28,SES01097,home,307,1,False,False,viewed,False,False,False,False,False
APP01652,CUST0421,SYNTHETIC,2026-08-30,SES01518,notifications,164,2,False,False,dismissed,False,False,False,False,False
APP01653,CUST0185,SYNTHETIC,2026-07-15,SES01527,benefits,260,4,True,True,viewed,False,False,True,False,False
APP01654,CUST0425,SYNTHETIC,2026-09-02,SES00385,support,385,4,False,False,opened,False,False,False,False,False
APP01655,CUST0100,SYNTHETIC,2026-06-29,SES00083,mobility_planner,466,12,True,True,viewed,False,False,False,False,False
APP01656,CUST0359,SYNTHETIC,2026-06-19,SES01997,maintenance,256,2,False,False,viewed,False,False,False,False,False
APP01657,CUST0087,SYNTHETIC,2026-06-03,SES01553,maintenance,279,21,False,False,viewed,False,False,False,False,False
APP01658,CUST0182,SYNTHETIC,2026-07-31,SES00233,documents,249,5,False,False,viewed,False,False,False,False,False
APP01659,CUST0117,SYNTHETIC,2026-07-01,SES02087,documents,39,5,False,False,viewed,False,False,False,False,False
APP01660,CUST0196,SYNTHETIC,2026-08-24,SES00637,mobility_planner,22,21,True,True,viewed,False,False,False,False,False
APP01661,CUST0244,SYNTHETIC,2026-09-04,SES01735,support,291,13,False,False,opened,False,False,False,False,False
APP01662,CUST0329,SYNTHETIC,2026-08-22,SES01719,finance,444,9,True,True,viewed,False,False,False,False,False
APP01663,CUST0462,SYNTHETIC,2026-09-29,SES01751,notifications,279,20,False,False,dismissed,False,False,False,False,False
APP01664,CUST0011,SYNTHETIC,2026-06-15,SES01130,benefits,162,22,False,False,viewed,False,False,True,False,False
APP01665,CUST0465,SYNTHETIC,2026-06-27,SES00521,maintenance,120,4,False,False,viewed,False,False,False,False,False
APP01666,CUST0466,SYNTHETIC,2026-09-11,SES01303,assistant,104,1,True,False,opened,False,False,False,False,False
APP01667,CUST0232,SYNTHETIC,2026-10-01,SES01450,profile,417,9,False,False,viewed,False,False,False,False,False
APP01668,CUST0354,SYNTHETIC,2026-09-13,SES00461,notifications,227,2,False,False,dismissed,False,False,False,False,False
APP01669,CUST0129,SYNTHETIC,2026-06-30,SES02177,home,322,21,False,False,viewed,False,False,False,False,False
APP01670,CUST0437,SYNTHETIC,2026-07-21,SES01466,support,292,20,True,False,contacted,False,False,False,False,True
APP01671,CUST0373,SYNTHETIC,2026-09-10,SES01245,benefits,403,10,False,False,viewed,False,False,True,False,False
APP01672,CUST0407,SYNTHETIC,2026-06-18,SES00210,notifications,304,7,False,False,dismissed,False,False,False,False,False
APP01673,CUST0193,SYNTHETIC,2026-08-03,SES01380,finance,29,10,False,False,paid,False,True,False,False,False
APP01674,CUST0031,SYNTHETIC,2026-07-18,SES00222,contract,427,5,False,False,viewed,False,False,False,False,False
APP01675,CUST0340,SYNTHETIC,2026-06-12,SES00685,contract,214,14,True,True,viewed,False,False,False,False,False
APP01676,CUST0396,SYNTHETIC,2026-06-11,SES01652,documents,102,20,True,False,viewed,False,False,False,False,False
APP01677,CUST0403,SYNTHETIC,2026-09-25,SES01260,notifications,251,18,False,False,dismissed,False,False,False,False,False
APP01678,CUST0135,SYNTHETIC,2026-08-16,SES00011,mobility_planner,318,3,True,False,planned,False,False,False,False,False
APP01679,CUST0247,SYNTHETIC,2026-08-24,SES00331,benefits,116,2,False,False,viewed,False,False,True,False,False
APP01680,CUST0003,SYNTHETIC,2026-06-29,SES00652,profile,447,7,False,False,viewed,False,False,False,False,False
APP01681,CUST0376,SYNTHETIC,2026-07-12,SES01574,home,273,14,False,False,viewed,False,False,False,False,False
APP01682,CUST0356,SYNTHETIC,2026-09-15,SES00961,maintenance,236,15,False,False,viewed,False,False,False,False,False
APP01683,CUST0177,SYNTHETIC,2026-07-27,SES01267,contract,275,6,True,False,viewed,False,False,False,False,False
APP01684,CUST0407,SYNTHETIC,2026-06-27,SES00458,documents,61,8,True,False,viewed,False,False,False,False,False
APP01685,CUST0219,SYNTHETIC,2026-07-09,SES02076,notifications,139,12,False,False,opened,False,False,False,False,False
APP01686,CUST0368,SYNTHETIC,2026-06-28,SES01746,documents,133,17,True,True,viewed,False,False,False,False,False
APP01687,CUST0359,SYNTHETIC,2026-07-30,SES00364,assistant,328,10,False,False,queried,False,False,False,False,False
APP01688,CUST0084,SYNTHETIC,2026-08-20,SES01565,support,50,10,False,False,opened,False,False,False,False,False
APP01689,CUST0405,SYNTHETIC,2026-06-12,SES00397,benefits,158,13,True,False,redeemed,False,False,True,True,False
APP01690,CUST0182,SYNTHETIC,2026-08-07,SES00030,contract,288,5,False,False,viewed,False,False,False,False,False
APP01691,CUST0057,SYNTHETIC,2026-06-22,SES00451,benefits,353,13,True,False,viewed,False,False,True,False,False
APP01692,CUST0426,SYNTHETIC,2026-07-15,SES00609,documents,60,11,False,False,viewed,False,False,False,False,False
APP01693,CUST0469,SYNTHETIC,2026-06-14,SES01187,assistant,283,1,True,False,queried,False,False,False,False,False
APP01694,CUST0276,SYNTHETIC,2026-07-05,SES02048,assistant,26,13,False,False,opened,False,False,False,False,False
APP01695,CUST0314,SYNTHETIC,2026-08-25,SES02052,km,426,11,True,False,viewed,False,False,False,False,False
APP01696,CUST0413,SYNTHETIC,2026-06-27,SES02014,km,98,19,False,False,viewed,False,False,False,False,False
APP01697,CUST0211,SYNTHETIC,2026-09-14,SES01987,contract,297,3,False,False,viewed,False,False,False,False,False
APP01698,CUST0281,SYNTHETIC,2026-09-07,SES02145,assistant,438,15,False,False,queried,False,False,False,False,False
APP01699,CUST0465,SYNTHETIC,2026-08-03,SES01554,benefits,82,17,False,False,redeemed,False,False,True,True,False
APP01700,CUST0200,SYNTHETIC,2026-07-19,SES00088,documents,116,5,False,False,viewed,False,False,False,False,False
APP01701,CUST0083,SYNTHETIC,2026-06-11,SES01264,finance,224,17,False,False,viewed,False,False,False,False,False
APP01702,CUST0055,SYNTHETIC,2026-09-20,SES00894,profile,63,18,True,True,viewed,False,False,False,False,False
APP01703,CUST0350,SYNTHETIC,2026-09-13,SES02086,mobility_planner,157,11,False,False,viewed,False,False,False,False,False
APP01704,CUST0495,SYNTHETIC,2026-08-23,SES01593,maintenance,24,17,True,False,viewed,False,False,False,False,False
APP01705,CUST0285,SYNTHETIC,2026-08-24,SES01756,support,318,10,False,False,contacted,False,False,False,False,True
APP01706,CUST0217,SYNTHETIC,2026-09-05,SES01456,fines,39,2,False,False,viewed,False,False,False,False,False
APP01707,CUST0224,SYNTHETIC,2026-06-18,SES02147,profile,180,18,False,False,viewed,False,False,False,False,False
APP01708,CUST0380,SYNTHETIC,2026-06-14,SES01794,contract,461,7,False,False,viewed,False,False,False,False,False
APP01709,CUST0268,SYNTHETIC,2026-07-26,SES00448,km,157,9,False,False,viewed,False,False,False,False,False
APP01710,CUST0469,SYNTHETIC,2026-06-06,SES00703,notifications,383,2,True,True,dismissed,False,False,False,False,False
APP01711,CUST0262,SYNTHETIC,2026-09-05,SES01517,km,24,4,True,False,viewed,False,False,False,False,False
APP01712,CUST0202,SYNTHETIC,2026-07-12,SES00699,support,300,7,True,False,opened,False,False,False,False,False
APP01713,CUST0038,SYNTHETIC,2026-08-21,SES02144,assistant,471,4,False,False,queried,False,False,False,False,False
APP01714,CUST0383,SYNTHETIC,2026-06-16,SES01731,fines,278,16,True,False,viewed,False,False,False,False,False
APP01715,CUST0026,SYNTHETIC,2026-09-04,SES01971,assistant,112,14,False,False,opened,False,False,False,False,False
APP01716,CUST0291,SYNTHETIC,2026-07-05,SES00667,maintenance,460,19,False,False,scheduled,True,False,False,False,False
APP01717,CUST0382,SYNTHETIC,2026-07-24,SES01838,documents,457,22,False,False,viewed,False,False,False,False,False
APP01718,CUST0196,SYNTHETIC,2026-08-19,SES00012,fines,29,12,True,True,viewed,False,False,False,False,False
APP01719,CUST0127,SYNTHETIC,2026-08-16,SES01102,fines,112,13,True,True,viewed,False,False,False,False,False
APP01720,CUST0091,SYNTHETIC,2026-08-04,SES00685,assistant,194,3,False,False,opened,False,False,False,False,False
APP01721,CUST0133,SYNTHETIC,2026-07-12,SES00042,km,345,16,True,True,viewed,False,False,False,False,False
APP01722,CUST0084,SYNTHETIC,2026-08-03,SES01095,fines,144,8,True,True,viewed,False,False,False,False,False
APP01723,CUST0115,SYNTHETIC,2026-06-22,SES02118,assistant,209,11,False,False,opened,False,False,False,False,False
APP01724,CUST0331,SYNTHETIC,2026-07-19,SES00706,benefits,111,19,False,False,viewed,False,False,True,False,False
APP01725,CUST0316,SYNTHETIC,2026-07-12,SES00002,maintenance,365,9,True,False,viewed,False,False,False,False,False
APP01726,CUST0043,SYNTHETIC,2026-08-26,SES00373,maintenance,388,19,True,True,viewed,False,False,False,False,False
APP01727,CUST0288,SYNTHETIC,2026-06-18,SES00409,maintenance,103,19,True,False,viewed,False,False,False,False,False
APP01728,CUST0136,SYNTHETIC,2026-08-10,SES00727,profile,221,19,False,False,viewed,False,False,False,False,False
APP01729,CUST0351,SYNTHETIC,2026-09-10,SES00456,mobility_planner,452,14,False,False,planned,False,False,False,False,False
APP01730,CUST0132,SYNTHETIC,2026-07-16,SES01357,home,77,17,False,False,viewed,False,False,False,False,False
APP01731,CUST0087,SYNTHETIC,2026-06-05,SES01352,benefits,297,8,True,False,viewed,False,False,True,False,False
APP01732,CUST0408,SYNTHETIC,2026-09-13,SES02118,documents,253,4,False,False,viewed,False,False,False,False,False
APP01733,CUST0260,SYNTHETIC,2026-09-24,SES01662,documents,462,16,False,False,viewed,False,False,False,False,False
APP01734,CUST0443,SYNTHETIC,2026-08-23,SES00594,mobility_planner,342,10,False,False,planned,False,False,False,False,False
APP01735,CUST0029,SYNTHETIC,2026-09-23,SES00720,km,230,3,False,False,viewed,False,False,False,False,False
APP01736,CUST0005,SYNTHETIC,2026-08-19,SES00074,benefits,282,19,False,False,redeemed,False,False,True,True,False
APP01737,CUST0349,SYNTHETIC,2026-08-27,SES02095,contract,480,1,False,False,viewed,False,False,False,False,False
APP01738,CUST0382,SYNTHETIC,2026-07-10,SES01572,profile,414,9,False,False,viewed,False,False,False,False,False
APP01739,CUST0080,SYNTHETIC,2026-08-30,SES00693,assistant,40,1,True,False,opened,False,False,False,False,False
APP01740,CUST0166,SYNTHETIC,2026-09-04,SES02008,notifications,333,14,True,True,opened,False,False,False,False,False
APP01741,CUST0095,SYNTHETIC,2026-06-15,SES01208,profile,391,14,True,False,viewed,False,False,False,False,False
APP01742,CUST0035,SYNTHETIC,2026-06-13,SES01617,home,23,22,False,False,viewed,False,False,False,False,False
APP01743,CUST0266,SYNTHETIC,2026-07-22,SES00545,support,276,7,False,False,opened,False,False,False,False,False
APP01744,CUST0303,SYNTHETIC,2026-07-05,SES00796,assistant,252,6,False,False,queried,False,False,False,False,False
APP01745,CUST0308,SYNTHETIC,2026-09-06,SES00619,assistant,205,9,True,False,queried,False,False,False,False,False
APP01746,CUST0121,SYNTHETIC,2026-09-01,SES01694,contract,91,6,True,True,viewed,False,False,False,False,False
APP01747,CUST0167,SYNTHETIC,2026-09-05,SES01211,benefits,212,17,False,False,viewed,False,False,True,False,False
APP01748,CUST0142,SYNTHETIC,2026-08-08,SES01964,finance,155,2,False,False,viewed,False,False,False,False,False
APP01749,CUST0201,SYNTHETIC,2026-09-17,SES00303,mobility_planner,8,12,True,True,planned,False,False,False,False,False
APP01750,CUST0174,SYNTHETIC,2026-06-21,SES01915,km,339,11,False,False,viewed,False,False,False,False,False
APP01751,CUST0252,SYNTHETIC,2026-08-17,SES00584,fines,64,11,False,False,viewed,False,False,False,False,False
APP01752,CUST0223,SYNTHETIC,2026-09-10,SES01747,fines,352,18,True,True,viewed,False,False,False,False,False
APP01753,CUST0052,SYNTHETIC,2026-09-07,SES01986,home,378,8,True,True,viewed,False,False,False,False,False
APP01754,CUST0097,SYNTHETIC,2026-08-24,SES00312,notifications,203,6,True,False,opened,False,False,False,False,False
APP01755,CUST0244,SYNTHETIC,2026-10-01,SES00484,km,37,21,False,False,viewed,False,False,False,False,False
APP01756,CUST0450,SYNTHETIC,2026-09-20,SES00403,support,243,1,False,False,opened,False,False,False,False,False
APP01757,CUST0498,SYNTHETIC,2026-06-29,SES01522,support,365,8,False,False,opened,False,False,False,False,False
APP01758,CUST0364,SYNTHETIC,2026-09-15,SES01815,benefits,379,17,False,False,viewed,False,False,True,False,False
APP01759,CUST0372,SYNTHETIC,2026-07-16,SES01992,contract,254,21,False,False,viewed,False,False,False,False,False
APP01760,CUST0207,SYNTHETIC,2026-08-20,SES01487,support,226,16,False,False,opened,False,False,False,False,False
APP01761,CUST0165,SYNTHETIC,2026-06-10,SES00954,assistant,74,16,False,False,queried,False,False,False,False,False
APP01762,CUST0149,SYNTHETIC,2026-08-19,SES00013,fines,108,6,True,True,viewed,False,False,False,False,False
APP01763,CUST0152,SYNTHETIC,2026-06-14,SES01071,finance,105,16,True,True,paid,False,True,False,False,False
APP01764,CUST0333,SYNTHETIC,2026-08-18,SES00995,home,136,17,False,False,viewed,False,False,False,False,False
APP01765,CUST0102,SYNTHETIC,2026-09-05,SES01273,maintenance,422,14,False,False,viewed,False,False,False,False,False
APP01766,CUST0229,SYNTHETIC,2026-09-19,SES00037,notifications,44,6,False,False,opened,False,False,False,False,False
APP01767,CUST0226,SYNTHETIC,2026-06-11,SES00838,maintenance,161,13,False,False,viewed,False,False,False,False,False
APP01768,CUST0389,SYNTHETIC,2026-07-23,SES01837,maintenance,464,1,False,False,viewed,False,False,False,False,False
APP01769,CUST0350,SYNTHETIC,2026-09-29,SES00809,documents,209,13,False,False,viewed,False,False,False,False,False
APP01770,CUST0495,SYNTHETIC,2026-09-23,SES00965,profile,260,15,False,False,viewed,False,False,False,False,False
APP01771,CUST0278,SYNTHETIC,2026-06-22,SES01946,km,113,22,False,False,viewed,False,False,False,False,False
APP01772,CUST0448,SYNTHETIC,2026-06-26,SES01053,km,425,3,False,False,viewed,False,False,False,False,False
APP01773,CUST0257,SYNTHETIC,2026-08-01,SES00359,mobility_planner,358,20,False,False,planned,False,False,False,False,False
APP01774,CUST0195,SYNTHETIC,2026-09-15,SES00359,support,455,12,False,False,opened,False,False,False,False,False
APP01775,CUST0463,SYNTHETIC,2026-07-05,SES00683,benefits,277,19,False,False,viewed,False,False,True,False,False
APP01776,CUST0403,SYNTHETIC,2026-07-10,SES00983,maintenance,464,2,False,False,viewed,False,False,False,False,False
APP01777,CUST0202,SYNTHETIC,2026-06-15,SES00898,home,361,10,False,False,viewed,False,False,False,False,False
APP01778,CUST0306,SYNTHETIC,2026-09-16,SES01296,maintenance,274,1,False,False,viewed,False,False,False,False,False
APP01779,CUST0249,SYNTHETIC,2026-06-09,SES00548,finance,23,21,True,False,viewed,False,False,False,False,False
APP01780,CUST0337,SYNTHETIC,2026-07-25,SES00331,support,470,22,False,False,opened,False,False,False,False,False
APP01781,CUST0158,SYNTHETIC,2026-09-20,SES01696,assistant,421,6,False,False,queried,False,False,False,False,False
APP01782,CUST0139,SYNTHETIC,2026-09-28,SES00124,assistant,322,9,True,True,queried,False,False,False,False,False
APP01783,CUST0241,SYNTHETIC,2026-06-07,SES00655,documents,186,9,True,True,viewed,False,False,False,False,False
APP01784,CUST0431,SYNTHETIC,2026-09-30,SES01695,mobility_planner,358,20,True,False,planned,False,False,False,False,False
APP01785,CUST0464,SYNTHETIC,2026-09-08,SES01401,support,46,10,True,False,contacted,False,False,False,False,True
APP01786,CUST0440,SYNTHETIC,2026-09-16,SES01869,maintenance,87,11,False,False,scheduled,True,False,False,False,False
APP01787,CUST0312,SYNTHETIC,2026-06-05,SES00176,home,67,2,False,False,viewed,False,False,False,False,False
APP01788,CUST0306,SYNTHETIC,2026-07-30,SES02042,mobility_planner,125,13,True,False,viewed,False,False,False,False,False
APP01789,CUST0076,SYNTHETIC,2026-07-05,SES00219,contract,421,5,True,False,viewed,False,False,False,False,False
APP01790,CUST0155,SYNTHETIC,2026-09-30,SES02088,finance,252,12,True,True,viewed,False,False,False,False,False
APP01791,CUST0323,SYNTHETIC,2026-07-24,SES00412,support,221,4,False,False,opened,False,False,False,False,False
APP01792,CUST0229,SYNTHETIC,2026-07-13,SES01839,benefits,58,7,True,False,viewed,False,False,True,False,False
APP01793,CUST0466,SYNTHETIC,2026-06-19,SES01196,maintenance,226,16,False,False,viewed,False,False,False,False,False
APP01794,CUST0404,SYNTHETIC,2026-07-19,SES01334,benefits,300,10,False,False,redeemed,False,False,True,True,False
APP01795,CUST0257,SYNTHETIC,2026-07-03,SES01299,notifications,321,5,True,False,dismissed,False,False,False,False,False
APP01796,CUST0371,SYNTHETIC,2026-09-20,SES00915,fines,167,3,False,False,viewed,False,False,False,False,False
APP01797,CUST0351,SYNTHETIC,2026-08-05,SES00568,km,295,18,False,False,viewed,False,False,False,False,False
APP01798,CUST0230,SYNTHETIC,2026-07-26,SES01089,profile,207,15,False,False,viewed,False,False,False,False,False
APP01799,CUST0071,SYNTHETIC,2026-09-19,SES00833,mobility_planner,154,3,False,False,viewed,False,False,False,False,False
APP01800,CUST0352,SYNTHETIC,2026-06-14,SES00414,profile,148,2,True,True,viewed,False,False,False,False,False
APP01801,CUST0195,SYNTHETIC,2026-07-13,SES01332,finance,266,16,False,False,viewed,False,False,False,False,False
APP01802,CUST0286,SYNTHETIC,2026-07-27,SES01727,assistant,376,14,False,False,queried,False,False,False,False,False
APP01803,CUST0262,SYNTHETIC,2026-06-14,SES01429,notifications,257,1,True,True,dismissed,False,False,False,False,False
APP01804,CUST0481,SYNTHETIC,2026-09-06,SES01287,mobility_planner,317,7,False,False,viewed,False,False,False,False,False
APP01805,CUST0005,SYNTHETIC,2026-09-28,SES00772,notifications,236,18,False,False,dismissed,False,False,False,False,False
APP01806,CUST0439,SYNTHETIC,2026-07-23,SES00969,profile,393,6,False,False,viewed,False,False,False,False,False
APP01807,CUST0316,SYNTHETIC,2026-07-06,SES01254,profile,368,18,True,True,viewed,False,False,False,False,False
APP01808,CUST0334,SYNTHETIC,2026-08-10,SES00893,mobility_planner,79,15,True,False,viewed,False,False,False,False,False
APP01809,CUST0116,SYNTHETIC,2026-06-06,SES00137,mobility_planner,89,21,False,False,viewed,False,False,False,False,False
APP01810,CUST0009,SYNTHETIC,2026-07-31,SES01662,profile,40,9,False,False,viewed,False,False,False,False,False
APP01811,CUST0181,SYNTHETIC,2026-07-08,SES01818,maintenance,221,4,False,False,viewed,False,False,False,False,False
APP01812,CUST0314,SYNTHETIC,2026-08-07,SES00324,documents,110,9,True,True,viewed,False,False,False,False,False
APP01813,CUST0264,SYNTHETIC,2026-06-23,SES00861,assistant,85,16,False,False,queried,False,False,False,False,False
APP01814,CUST0027,SYNTHETIC,2026-07-06,SES01726,assistant,133,13,True,True,opened,False,False,False,False,False
APP01815,CUST0359,SYNTHETIC,2026-08-31,SES00968,fines,314,1,False,False,viewed,False,False,False,False,False
APP01816,CUST0345,SYNTHETIC,2026-06-07,SES00646,assistant,196,22,False,False,queried,False,False,False,False,False
APP01817,CUST0047,SYNTHETIC,2026-07-17,SES01766,documents,125,13,True,True,viewed,False,False,False,False,False
APP01818,CUST0419,SYNTHETIC,2026-08-18,SES00449,maintenance,275,12,False,False,viewed,False,False,False,False,False
APP01819,CUST0164,SYNTHETIC,2026-07-12,SES01617,mobility_planner,113,10,True,False,viewed,False,False,False,False,False
APP01820,CUST0262,SYNTHETIC,2026-08-27,SES01680,maintenance,457,1,True,False,viewed,False,False,False,False,False
APP01821,CUST0415,SYNTHETIC,2026-06-16,SES01390,home,117,12,False,False,viewed,False,False,False,False,False
APP01822,CUST0251,SYNTHETIC,2026-08-03,SES01968,finance,22,15,False,False,viewed,False,False,False,False,False
APP01823,CUST0319,SYNTHETIC,2026-09-10,SES00261,fines,359,15,False,False,viewed,False,False,False,False,False
APP01824,CUST0025,SYNTHETIC,2026-08-04,SES02087,mobility_planner,255,7,True,False,viewed,False,False,False,False,False
APP01825,CUST0188,SYNTHETIC,2026-07-12,SES01100,contract,249,16,False,False,viewed,False,False,False,False,False
APP01826,CUST0424,SYNTHETIC,2026-06-20,SES01476,assistant,392,4,False,False,opened,False,False,False,False,False
APP01827,CUST0266,SYNTHETIC,2026-07-30,SES01668,contract,292,6,False,False,viewed,False,False,False,False,False
APP01828,CUST0348,SYNTHETIC,2026-06-05,SES01667,mobility_planner,268,20,True,True,planned,False,False,False,False,False
APP01829,CUST0391,SYNTHETIC,2026-07-15,SES01429,finance,246,4,True,False,viewed,False,False,False,False,False
APP01830,CUST0055,SYNTHETIC,2026-06-06,SES01149,profile,244,14,False,False,viewed,False,False,False,False,False
APP01831,CUST0328,SYNTHETIC,2026-06-17,SES02115,benefits,140,22,False,False,redeemed,False,False,True,True,False
APP01832,CUST0328,SYNTHETIC,2026-07-03,SES02024,maintenance,103,3,False,False,viewed,False,False,False,False,False
APP01833,CUST0132,SYNTHETIC,2026-07-06,SES01278,documents,112,18,False,False,viewed,False,False,False,False,False
APP01834,CUST0242,SYNTHETIC,2026-06-03,SES02012,documents,207,6,True,False,viewed,False,False,False,False,False
APP01835,CUST0182,SYNTHETIC,2026-06-18,SES01895,documents,82,19,False,False,viewed,False,False,False,False,False
APP01836,CUST0390,SYNTHETIC,2026-08-23,SES00851,notifications,308,12,True,False,opened,False,False,False,False,False
APP01837,CUST0354,SYNTHETIC,2026-06-03,SES00580,maintenance,10,10,True,True,scheduled,True,False,False,False,False
APP01838,CUST0064,SYNTHETIC,2026-09-18,SES01724,support,178,3,False,False,contacted,False,False,False,False,True
APP01839,CUST0230,SYNTHETIC,2026-08-13,SES00124,home,363,6,True,False,viewed,False,False,False,False,False
APP01840,CUST0219,SYNTHETIC,2026-08-23,SES01404,contract,165,3,True,True,viewed,False,False,False,False,False
APP01841,CUST0409,SYNTHETIC,2026-07-02,SES00461,home,228,16,False,False,viewed,False,False,False,False,False
APP01842,CUST0086,SYNTHETIC,2026-08-25,SES00537,maintenance,276,15,True,True,scheduled,True,False,False,False,False
APP01843,CUST0263,SYNTHETIC,2026-06-06,SES01113,benefits,417,18,False,False,redeemed,False,False,True,True,False
APP01844,CUST0044,SYNTHETIC,2026-08-12,SES01448,mobility_planner,435,18,False,False,planned,False,False,False,False,False
APP01845,CUST0146,SYNTHETIC,2026-08-13,SES00644,notifications,95,6,False,False,dismissed,False,False,False,False,False
APP01846,CUST0164,SYNTHETIC,2026-07-04,SES01908,documents,358,12,True,False,viewed,False,False,False,False,False
APP01847,CUST0290,SYNTHETIC,2026-08-03,SES02056,assistant,280,19,True,False,queried,False,False,False,False,False
APP01848,CUST0006,SYNTHETIC,2026-08-20,SES01722,benefits,426,19,False,False,viewed,False,False,True,False,False
APP01849,CUST0480,SYNTHETIC,2026-06-04,SES01354,mobility_planner,416,9,False,False,viewed,False,False,False,False,False
APP01850,CUST0106,SYNTHETIC,2026-08-13,SES02071,home,298,8,False,False,viewed,False,False,False,False,False
APP01851,CUST0156,SYNTHETIC,2026-09-13,SES01993,km,245,19,True,False,viewed,False,False,False,False,False
APP01852,CUST0252,SYNTHETIC,2026-07-03,SES00690,notifications,101,15,True,True,dismissed,False,False,False,False,False
APP01853,CUST0285,SYNTHETIC,2026-06-09,SES00726,benefits,450,18,False,False,redeemed,False,False,True,True,False
APP01854,CUST0399,SYNTHETIC,2026-08-24,SES01185,km,171,15,False,False,viewed,False,False,False,False,False
APP01855,CUST0127,SYNTHETIC,2026-09-22,SES01052,support,112,4,True,False,contacted,False,False,False,False,True
APP01856,CUST0402,SYNTHETIC,2026-06-07,SES00133,profile,14,4,True,False,viewed,False,False,False,False,False
APP01857,CUST0029,SYNTHETIC,2026-08-09,SES01937,home,120,3,False,False,viewed,False,False,False,False,False
APP01858,CUST0496,SYNTHETIC,2026-08-04,SES00297,finance,242,16,True,True,paid,False,True,False,False,False
APP01859,CUST0033,SYNTHETIC,2026-06-07,SES00939,km,37,9,True,False,viewed,False,False,False,False,False
APP01860,CUST0078,SYNTHETIC,2026-06-10,SES01810,contract,343,13,True,False,viewed,False,False,False,False,False
APP01861,CUST0497,SYNTHETIC,2026-08-15,SES00958,finance,82,12,True,True,viewed,False,False,False,False,False
APP01862,CUST0195,SYNTHETIC,2026-06-10,SES00521,maintenance,444,13,False,False,viewed,False,False,False,False,False
APP01863,CUST0171,SYNTHETIC,2026-06-14,SES01386,km,341,20,False,False,viewed,False,False,False,False,False
APP01864,CUST0249,SYNTHETIC,2026-07-20,SES02097,maintenance,391,4,True,False,scheduled,True,False,False,False,False
APP01865,CUST0198,SYNTHETIC,2026-07-06,SES01731,contract,474,5,False,False,viewed,False,False,False,False,False
APP01866,CUST0274,SYNTHETIC,2026-06-30,SES01521,fines,37,6,False,False,viewed,False,False,False,False,False
APP01867,CUST0290,SYNTHETIC,2026-06-27,SES00155,documents,330,17,False,False,viewed,False,False,False,False,False
APP01868,CUST0312,SYNTHETIC,2026-06-22,SES02157,mobility_planner,145,5,True,True,viewed,False,False,False,False,False
APP01869,CUST0191,SYNTHETIC,2026-09-05,SES00438,assistant,396,9,True,True,queried,False,False,False,False,False
APP01870,CUST0294,SYNTHETIC,2026-07-21,SES01283,support,177,5,True,True,contacted,False,False,False,False,True
APP01871,CUST0191,SYNTHETIC,2026-07-28,SES01397,maintenance,158,16,False,False,viewed,False,False,False,False,False
APP01872,CUST0351,SYNTHETIC,2026-09-17,SES00012,mobility_planner,245,13,False,False,viewed,False,False,False,False,False
APP01873,CUST0107,SYNTHETIC,2026-06-28,SES00840,profile,201,4,False,False,viewed,False,False,False,False,False
APP01874,CUST0284,SYNTHETIC,2026-08-01,SES00266,mobility_planner,82,18,True,True,planned,False,False,False,False,False
APP01875,CUST0136,SYNTHETIC,2026-08-22,SES00740,km,468,17,False,False,viewed,False,False,False,False,False
APP01876,CUST0186,SYNTHETIC,2026-07-23,SES00858,fines,115,13,True,True,viewed,False,False,False,False,False
APP01877,CUST0097,SYNTHETIC,2026-08-19,SES01613,support,270,20,False,False,opened,False,False,False,False,False
APP01878,CUST0153,SYNTHETIC,2026-08-10,SES01437,fines,23,19,False,False,viewed,False,False,False,False,False
APP01879,CUST0036,SYNTHETIC,2026-06-20,SES01899,km,323,9,False,False,viewed,False,False,False,False,False
APP01880,CUST0313,SYNTHETIC,2026-09-07,SES00857,assistant,89,18,False,False,opened,False,False,False,False,False
APP01881,CUST0232,SYNTHETIC,2026-06-29,SES01435,km,185,12,False,False,viewed,False,False,False,False,False
APP01882,CUST0132,SYNTHETIC,2026-08-24,SES00462,support,344,15,False,False,opened,False,False,False,False,False
APP01883,CUST0026,SYNTHETIC,2026-07-23,SES02005,km,61,3,False,False,viewed,False,False,False,False,False
APP01884,CUST0017,SYNTHETIC,2026-06-26,SES00108,notifications,348,10,False,False,opened,False,False,False,False,False
APP01885,CUST0103,SYNTHETIC,2026-06-18,SES02043,finance,321,15,True,True,viewed,False,False,False,False,False
APP01886,CUST0278,SYNTHETIC,2026-07-11,SES00756,support,57,15,False,False,opened,False,False,False,False,False
APP01887,CUST0148,SYNTHETIC,2026-07-03,SES01971,support,121,13,False,False,opened,False,False,False,False,False
APP01888,CUST0227,SYNTHETIC,2026-07-18,SES01764,profile,364,14,True,False,viewed,False,False,False,False,False
APP01889,CUST0060,SYNTHETIC,2026-07-05,SES01811,benefits,61,12,False,False,redeemed,False,False,True,True,False
APP01890,CUST0454,SYNTHETIC,2026-07-27,SES01930,profile,243,4,True,False,viewed,False,False,False,False,False
APP01891,CUST0288,SYNTHETIC,2026-06-16,SES00582,profile,417,17,True,True,viewed,False,False,False,False,False
APP01892,CUST0490,SYNTHETIC,2026-08-22,SES01989,finance,310,13,True,True,paid,False,True,False,False,False
APP01893,CUST0044,SYNTHETIC,2026-08-24,SES00196,mobility_planner,369,14,True,True,viewed,False,False,False,False,False
APP01894,CUST0242,SYNTHETIC,2026-08-21,SES02133,documents,66,18,False,False,viewed,False,False,False,False,False
APP01895,CUST0262,SYNTHETIC,2026-08-09,SES00360,fines,463,6,True,True,viewed,False,False,False,False,False
APP01896,CUST0040,SYNTHETIC,2026-09-06,SES02014,finance,462,4,False,False,viewed,False,False,False,False,False
APP01897,CUST0050,SYNTHETIC,2026-08-19,SES01961,support,185,14,False,False,contacted,False,False,False,False,True
APP01898,CUST0119,SYNTHETIC,2026-07-03,SES00854,benefits,300,22,False,False,redeemed,False,False,True,True,False
APP01899,CUST0475,SYNTHETIC,2026-08-31,SES01025,documents,221,15,True,True,viewed,False,False,False,False,False
APP01900,CUST0021,SYNTHETIC,2026-08-12,SES01577,maintenance,42,2,True,True,scheduled,True,False,False,False,False
APP01901,CUST0448,SYNTHETIC,2026-09-21,SES01318,finance,315,1,True,False,viewed,False,False,False,False,False
APP01902,CUST0253,SYNTHETIC,2026-10-01,SES00707,assistant,67,2,False,False,queried,False,False,False,False,False
APP01903,CUST0128,SYNTHETIC,2026-06-10,SES00968,profile,271,19,False,False,viewed,False,False,False,False,False
APP01904,CUST0156,SYNTHETIC,2026-09-23,SES00093,contract,10,3,True,True,viewed,False,False,False,False,False
APP01905,CUST0280,SYNTHETIC,2026-08-08,SES00473,home,81,5,False,False,viewed,False,False,False,False,False
APP01906,CUST0210,SYNTHETIC,2026-08-19,SES00350,home,360,19,False,False,viewed,False,False,False,False,False
APP01907,CUST0485,SYNTHETIC,2026-06-26,SES01504,assistant,206,13,True,False,queried,False,False,False,False,False
APP01908,CUST0453,SYNTHETIC,2026-09-17,SES01232,support,118,9,False,False,contacted,False,False,False,False,True
APP01909,CUST0384,SYNTHETIC,2026-08-04,SES01403,notifications,417,21,False,False,opened,False,False,False,False,False
APP01910,CUST0114,SYNTHETIC,2026-07-07,SES00852,maintenance,366,18,False,False,scheduled,True,False,False,False,False
APP01911,CUST0419,SYNTHETIC,2026-07-23,SES00676,finance,393,13,False,False,viewed,False,False,False,False,False
APP01912,CUST0089,SYNTHETIC,2026-09-29,SES01151,km,207,11,True,False,viewed,False,False,False,False,False
APP01913,CUST0005,SYNTHETIC,2026-07-15,SES00736,mobility_planner,224,15,True,True,planned,False,False,False,False,False
APP01914,CUST0459,SYNTHETIC,2026-06-23,SES01174,support,438,19,True,True,opened,False,False,False,False,False
APP01915,CUST0289,SYNTHETIC,2026-09-05,SES00012,benefits,185,14,True,False,viewed,False,False,True,False,False
APP01916,CUST0104,SYNTHETIC,2026-08-06,SES01033,profile,399,20,False,False,viewed,False,False,False,False,False
APP01917,CUST0375,SYNTHETIC,2026-07-03,SES00684,fines,318,15,True,True,viewed,False,False,False,False,False
APP01918,CUST0477,SYNTHETIC,2026-08-15,SES00382,assistant,10,8,False,False,queried,False,False,False,False,False
APP01919,CUST0114,SYNTHETIC,2026-07-30,SES02015,fines,242,5,False,False,viewed,False,False,False,False,False
APP01920,CUST0212,SYNTHETIC,2026-09-08,SES00398,benefits,100,2,True,True,redeemed,False,False,True,True,False
APP01921,CUST0175,SYNTHETIC,2026-08-17,SES01720,mobility_planner,318,19,False,False,viewed,False,False,False,False,False
APP01922,CUST0258,SYNTHETIC,2026-07-30,SES00144,mobility_planner,195,5,False,False,viewed,False,False,False,False,False
APP01923,CUST0474,SYNTHETIC,2026-07-09,SES00236,finance,325,7,False,False,viewed,False,False,False,False,False
APP01924,CUST0496,SYNTHETIC,2026-06-20,SES00316,profile,366,9,True,True,viewed,False,False,False,False,False
APP01925,CUST0102,SYNTHETIC,2026-08-15,SES01982,km,359,18,False,False,viewed,False,False,False,False,False
APP01926,CUST0403,SYNTHETIC,2026-09-08,SES01426,maintenance,90,20,False,False,viewed,False,False,False,False,False
APP01927,CUST0290,SYNTHETIC,2026-07-08,SES00466,km,405,18,False,False,viewed,False,False,False,False,False
APP01928,CUST0352,SYNTHETIC,2026-06-20,SES00211,documents,76,12,False,False,viewed,False,False,False,False,False
APP01929,CUST0076,SYNTHETIC,2026-08-26,SES02024,home,230,9,True,True,viewed,False,False,False,False,False
APP01930,CUST0421,SYNTHETIC,2026-06-30,SES00512,contract,277,9,False,False,viewed,False,False,False,False,False
APP01931,CUST0066,SYNTHETIC,2026-08-06,SES01629,fines,370,19,False,False,viewed,False,False,False,False,False
APP01932,CUST0302,SYNTHETIC,2026-06-15,SES00966,support,441,12,False,False,opened,False,False,False,False,False
APP01933,CUST0087,SYNTHETIC,2026-07-15,SES01405,contract,378,14,False,False,viewed,False,False,False,False,False
APP01934,CUST0179,SYNTHETIC,2026-09-15,SES01553,benefits,406,22,True,True,viewed,False,False,True,False,False
APP01935,CUST0356,SYNTHETIC,2026-09-03,SES01809,documents,447,6,False,False,viewed,False,False,False,False,False
APP01936,CUST0464,SYNTHETIC,2026-08-05,SES02122,finance,224,19,False,False,paid,False,True,False,False,False
APP01937,CUST0120,SYNTHETIC,2026-09-04,SES02114,notifications,83,12,True,True,opened,False,False,False,False,False
APP01938,CUST0482,SYNTHETIC,2026-08-04,SES00308,fines,10,19,False,False,viewed,False,False,False,False,False
APP01939,CUST0487,SYNTHETIC,2026-09-04,SES01484,km,41,13,False,False,viewed,False,False,False,False,False
APP01940,CUST0456,SYNTHETIC,2026-07-24,SES00794,documents,38,17,False,False,viewed,False,False,False,False,False
APP01941,CUST0184,SYNTHETIC,2026-09-25,SES01923,home,424,21,False,False,viewed,False,False,False,False,False
APP01942,CUST0016,SYNTHETIC,2026-08-21,SES01056,contract,261,6,False,False,viewed,False,False,False,False,False
APP01943,CUST0475,SYNTHETIC,2026-06-09,SES00386,maintenance,323,7,False,False,scheduled,True,False,False,False,False
APP01944,CUST0487,SYNTHETIC,2026-09-10,SES00405,contract,70,1,False,False,viewed,False,False,False,False,False
APP01945,CUST0084,SYNTHETIC,2026-07-27,SES00363,fines,90,8,False,False,viewed,False,False,False,False,False
APP01946,CUST0244,SYNTHETIC,2026-07-22,SES00411,notifications,141,14,False,False,dismissed,False,False,False,False,False
APP01947,CUST0236,SYNTHETIC,2026-06-04,SES01113,contract,89,3,True,False,viewed,False,False,False,False,False
APP01948,CUST0324,SYNTHETIC,2026-06-14,SES02078,support,30,15,False,False,contacted,False,False,False,False,True
APP01949,CUST0170,SYNTHETIC,2026-07-25,SES00688,finance,48,11,True,False,viewed,False,False,False,False,False
APP01950,CUST0419,SYNTHETIC,2026-08-28,SES00910,notifications,32,4,False,False,opened,False,False,False,False,False
APP01951,CUST0337,SYNTHETIC,2026-08-26,SES00955,finance,339,14,False,False,paid,False,True,False,False,False
APP01952,CUST0169,SYNTHETIC,2026-09-11,SES01715,finance,370,2,False,False,paid,False,True,False,False,False
APP01953,CUST0366,SYNTHETIC,2026-08-15,SES01007,fines,31,9,False,False,viewed,False,False,False,False,False
APP01954,CUST0341,SYNTHETIC,2026-07-20,SES02074,fines,89,18,True,True,viewed,False,False,False,False,False
APP01955,CUST0278,SYNTHETIC,2026-08-16,SES00864,notifications,169,19,True,False,dismissed,False,False,False,False,False
APP01956,CUST0183,SYNTHETIC,2026-06-10,SES00270,profile,264,13,True,False,viewed,False,False,False,False,False
APP01957,CUST0422,SYNTHETIC,2026-06-18,SES00629,mobility_planner,94,12,False,False,viewed,False,False,False,False,False
APP01958,CUST0150,SYNTHETIC,2026-07-30,SES00191,maintenance,265,2,True,True,viewed,False,False,False,False,False
APP01959,CUST0045,SYNTHETIC,2026-06-26,SES01402,profile,472,9,True,True,viewed,False,False,False,False,False
APP01960,CUST0337,SYNTHETIC,2026-07-29,SES00487,assistant,350,2,True,False,queried,False,False,False,False,False
APP01961,CUST0103,SYNTHETIC,2026-06-21,SES02079,maintenance,474,5,True,False,scheduled,True,False,False,False,False
APP01962,CUST0249,SYNTHETIC,2026-07-24,SES00325,support,466,9,True,True,contacted,False,False,False,False,True
APP01963,CUST0341,SYNTHETIC,2026-06-09,SES01368,maintenance,386,4,True,True,viewed,False,False,False,False,False
APP01964,CUST0010,SYNTHETIC,2026-08-18,SES01216,contract,203,22,False,False,viewed,False,False,False,False,False
APP01965,CUST0136,SYNTHETIC,2026-06-08,SES00748,mobility_planner,136,11,True,True,planned,False,False,False,False,False
APP01966,CUST0438,SYNTHETIC,2026-07-16,SES00354,documents,49,7,False,False,viewed,False,False,False,False,False
APP01967,CUST0410,SYNTHETIC,2026-09-08,SES01210,fines,234,5,True,True,viewed,False,False,False,False,False
APP01968,CUST0206,SYNTHETIC,2026-07-23,SES00996,km,297,7,True,True,viewed,False,False,False,False,False
APP01969,CUST0471,SYNTHETIC,2026-09-20,SES02061,fines,241,16,True,True,viewed,False,False,False,False,False
APP01970,CUST0034,SYNTHETIC,2026-09-13,SES01140,km,447,13,False,False,viewed,False,False,False,False,False
APP01971,CUST0486,SYNTHETIC,2026-07-30,SES01928,fines,98,4,False,False,viewed,False,False,False,False,False
APP01972,CUST0284,SYNTHETIC,2026-07-10,SES01955,assistant,135,12,False,False,queried,False,False,False,False,False
APP01973,CUST0316,SYNTHETIC,2026-07-03,SES00038,fines,464,20,False,False,viewed,False,False,False,False,False
APP01974,CUST0115,SYNTHETIC,2026-08-11,SES01181,benefits,27,4,False,False,viewed,False,False,True,False,False
APP01975,CUST0499,SYNTHETIC,2026-08-14,SES01255,support,430,13,False,False,opened,False,False,False,False,False
APP01976,CUST0217,SYNTHETIC,2026-07-20,SES00629,maintenance,384,22,True,False,viewed,False,False,False,False,False
APP01977,CUST0231,SYNTHETIC,2026-09-07,SES00464,notifications,21,20,True,False,dismissed,False,False,False,False,False
APP01978,CUST0378,SYNTHETIC,2026-08-05,SES02036,km,469,21,False,False,viewed,False,False,False,False,False
APP01979,CUST0282,SYNTHETIC,2026-10-01,SES01704,contract,11,20,False,False,viewed,False,False,False,False,False
APP01980,CUST0107,SYNTHETIC,2026-07-30,SES00331,notifications,284,14,False,False,opened,False,False,False,False,False
APP01981,CUST0054,SYNTHETIC,2026-07-18,SES01710,home,191,10,False,False,viewed,False,False,False,False,False
APP01982,CUST0139,SYNTHETIC,2026-06-20,SES01753,km,111,22,False,False,viewed,False,False,False,False,False
APP01983,CUST0268,SYNTHETIC,2026-07-06,SES00550,km,356,2,False,False,viewed,False,False,False,False,False
APP01984,CUST0135,SYNTHETIC,2026-09-29,SES00403,maintenance,59,15,True,True,viewed,False,False,False,False,False
APP01985,CUST0160,SYNTHETIC,2026-06-19,SES00852,contract,119,14,False,False,viewed,False,False,False,False,False
APP01986,CUST0046,SYNTHETIC,2026-09-14,SES02115,maintenance,243,21,False,False,viewed,False,False,False,False,False
APP01987,CUST0147,SYNTHETIC,2026-09-04,SES02134,mobility_planner,388,22,False,False,planned,False,False,False,False,False
APP01988,CUST0002,SYNTHETIC,2026-08-01,SES01698,documents,165,15,False,False,viewed,False,False,False,False,False
APP01989,CUST0178,SYNTHETIC,2026-07-30,SES01084,finance,476,14,False,False,paid,False,True,False,False,False
APP01990,CUST0004,SYNTHETIC,2026-08-15,SES01069,fines,18,7,True,False,viewed,False,False,False,False,False
APP01991,CUST0188,SYNTHETIC,2026-06-05,SES01027,finance,105,7,False,False,viewed,False,False,False,False,False
APP01992,CUST0267,SYNTHETIC,2026-07-19,SES01143,profile,172,14,True,False,viewed,False,False,False,False,False
APP01993,CUST0111,SYNTHETIC,2026-09-24,SES02008,profile,243,10,False,False,viewed,False,False,False,False,False
APP01994,CUST0412,SYNTHETIC,2026-07-22,SES00277,fines,212,22,True,False,viewed,False,False,False,False,False
APP01995,CUST0170,SYNTHETIC,2026-06-23,SES01821,profile,308,19,True,True,viewed,False,False,False,False,False
APP01996,CUST0277,SYNTHETIC,2026-08-06,SES01486,assistant,224,5,False,False,queried,False,False,False,False,False
APP01997,CUST0052,SYNTHETIC,2026-08-11,SES00729,maintenance,182,3,False,False,scheduled,True,False,False,False,False
APP01998,CUST0222,SYNTHETIC,2026-09-20,SES01688,km,444,21,False,False,viewed,False,False,False,False,False
APP01999,CUST0308,SYNTHETIC,2026-09-29,SES00789,assistant,105,2,True,True,queried,False,False,False,False,False
APP02000,CUST0142,SYNTHETIC,2026-09-03,SES00519,contract,203,17,True,True,viewed,False,False,False,False,False
APP02001,CUST0326,SYNTHETIC,2026-07-13,SES00378,notifications,248,22,False,False,opened,False,False,False,False,False
APP02002,CUST0448,SYNTHETIC,2026-09-30,SES01450,support,342,13,False,False,opened,False,False,False,False,False
APP02003,CUST0004,SYNTHETIC,2026-09-29,SES00792,profile,298,20,False,False,viewed,False,False,False,False,False
APP02004,CUST0046,SYNTHETIC,2026-08-19,SES00653,fines,200,9,True,False,viewed,False,False,False,False,False
APP02005,CUST0195,SYNTHETIC,2026-06-11,SES00581,home,106,6,True,True,viewed,False,False,False,False,False
APP02006,CUST0277,SYNTHETIC,2026-07-03,SES00672,mobility_planner,344,4,True,True,planned,False,False,False,False,False
APP02007,CUST0134,SYNTHETIC,2026-06-29,SES00832,km,143,13,False,False,viewed,False,False,False,False,False
APP02008,CUST0221,SYNTHETIC,2026-07-29,SES01375,notifications,153,4,False,False,opened,False,False,False,False,False
APP02009,CUST0277,SYNTHETIC,2026-07-03,SES00921,documents,31,13,False,False,viewed,False,False,False,False,False
APP02010,CUST0388,SYNTHETIC,2026-07-17,SES00777,documents,107,5,False,False,viewed,False,False,False,False,False
APP02011,CUST0225,SYNTHETIC,2026-08-25,SES00855,documents,18,1,True,True,viewed,False,False,False,False,False
APP02012,CUST0447,SYNTHETIC,2026-07-24,SES00931,profile,135,1,False,False,viewed,False,False,False,False,False
APP02013,CUST0489,SYNTHETIC,2026-07-16,SES01190,home,285,20,False,False,viewed,False,False,False,False,False
APP02014,CUST0384,SYNTHETIC,2026-07-14,SES01743,fines,459,9,True,False,viewed,False,False,False,False,False
APP02015,CUST0136,SYNTHETIC,2026-06-18,SES01229,profile,174,7,False,False,viewed,False,False,False,False,False
APP02016,CUST0048,SYNTHETIC,2026-07-29,SES00188,notifications,266,12,True,False,opened,False,False,False,False,False
APP02017,CUST0127,SYNTHETIC,2026-06-24,SES01266,assistant,452,20,True,False,queried,False,False,False,False,False
APP02018,CUST0013,SYNTHETIC,2026-08-27,SES01904,home,474,19,True,False,viewed,False,False,False,False,False
APP02019,CUST0180,SYNTHETIC,2026-09-30,SES00303,notifications,338,17,False,False,dismissed,False,False,False,False,False
APP02020,CUST0158,SYNTHETIC,2026-08-27,SES00300,km,343,2,True,False,viewed,False,False,False,False,False
APP02021,CUST0351,SYNTHETIC,2026-08-17,SES01273,support,233,5,True,True,opened,False,False,False,False,False
APP02022,CUST0184,SYNTHETIC,2026-06-23,SES00310,notifications,17,1,False,False,opened,False,False,False,False,False
APP02023,CUST0009,SYNTHETIC,2026-08-20,SES00863,assistant,98,19,False,False,queried,False,False,False,False,False
APP02024,CUST0309,SYNTHETIC,2026-08-21,SES01320,documents,125,5,True,True,viewed,False,False,False,False,False
APP02025,CUST0394,SYNTHETIC,2026-06-22,SES00648,benefits,41,6,True,False,viewed,False,False,True,False,False
APP02026,CUST0238,SYNTHETIC,2026-08-07,SES01310,assistant,321,12,True,False,opened,False,False,False,False,False
APP02027,CUST0259,SYNTHETIC,2026-06-24,SES01175,assistant,114,11,False,False,queried,False,False,False,False,False
APP02028,CUST0296,SYNTHETIC,2026-06-19,SES01965,benefits,214,3,False,False,redeemed,False,False,True,True,False
APP02029,CUST0178,SYNTHETIC,2026-09-23,SES00179,km,26,5,False,False,viewed,False,False,False,False,False
APP02030,CUST0072,SYNTHETIC,2026-07-22,SES01055,profile,233,20,False,False,viewed,False,False,False,False,False
APP02031,CUST0123,SYNTHETIC,2026-08-01,SES01973,home,350,15,True,True,viewed,False,False,False,False,False
APP02032,CUST0500,SYNTHETIC,2026-08-01,SES00466,benefits,54,15,True,True,redeemed,False,False,True,True,False
APP02033,CUST0113,SYNTHETIC,2026-09-27,SES01646,fines,273,18,True,True,viewed,False,False,False,False,False
APP02034,CUST0094,SYNTHETIC,2026-09-25,SES00873,maintenance,310,6,True,True,scheduled,True,False,False,False,False
APP02035,CUST0184,SYNTHETIC,2026-08-23,SES01796,mobility_planner,263,11,False,False,viewed,False,False,False,False,False
APP02036,CUST0451,SYNTHETIC,2026-07-16,SES00369,contract,260,6,True,False,viewed,False,False,False,False,False
APP02037,CUST0102,SYNTHETIC,2026-06-22,SES02044,mobility_planner,113,11,False,False,viewed,False,False,False,False,False
APP02038,CUST0096,SYNTHETIC,2026-08-02,SES00086,contract,220,19,False,False,viewed,False,False,False,False,False
APP02039,CUST0426,SYNTHETIC,2026-06-08,SES01800,km,410,1,True,True,viewed,False,False,False,False,False
APP02040,CUST0198,SYNTHETIC,2026-06-23,SES00719,fines,458,15,False,False,viewed,False,False,False,False,False
APP02041,CUST0308,SYNTHETIC,2026-09-10,SES00431,benefits,83,1,True,False,viewed,False,False,True,False,False
APP02042,CUST0102,SYNTHETIC,2026-09-19,SES00571,assistant,351,13,False,False,opened,False,False,False,False,False
APP02043,CUST0045,SYNTHETIC,2026-06-07,SES02054,documents,51,4,False,False,viewed,False,False,False,False,False
APP02044,CUST0242,SYNTHETIC,2026-09-10,SES01059,benefits,261,13,False,False,viewed,False,False,True,False,False
APP02045,CUST0340,SYNTHETIC,2026-08-15,SES00057,finance,28,2,False,False,paid,False,True,False,False,False
APP02046,CUST0474,SYNTHETIC,2026-08-18,SES00144,documents,276,4,True,True,viewed,False,False,False,False,False
APP02047,CUST0410,SYNTHETIC,2026-06-11,SES01850,support,74,5,False,False,opened,False,False,False,False,False
APP02048,CUST0301,SYNTHETIC,2026-06-23,SES00501,documents,86,22,True,True,viewed,False,False,False,False,False
APP02049,CUST0105,SYNTHETIC,2026-06-14,SES00339,mobility_planner,371,8,True,True,viewed,False,False,False,False,False
APP02050,CUST0467,SYNTHETIC,2026-08-01,SES00979,home,235,8,False,False,viewed,False,False,False,False,False
APP02051,CUST0401,SYNTHETIC,2026-08-05,SES00662,km,363,11,True,True,viewed,False,False,False,False,False
APP02052,CUST0151,SYNTHETIC,2026-09-18,SES01711,home,73,5,False,False,viewed,False,False,False,False,False
APP02053,CUST0168,SYNTHETIC,2026-09-19,SES01366,fines,70,19,False,False,viewed,False,False,False,False,False
APP02054,CUST0238,SYNTHETIC,2026-07-04,SES01698,maintenance,234,5,True,True,viewed,False,False,False,False,False
APP02055,CUST0008,SYNTHETIC,2026-06-18,SES01502,benefits,69,20,False,False,redeemed,False,False,True,True,False
APP02056,CUST0444,SYNTHETIC,2026-08-08,SES02029,documents,81,2,True,True,viewed,False,False,False,False,False
APP02057,CUST0082,SYNTHETIC,2026-08-02,SES00386,benefits,460,21,True,False,redeemed,False,False,True,True,False
APP02058,CUST0488,SYNTHETIC,2026-09-08,SES00598,assistant,345,18,False,False,queried,False,False,False,False,False
APP02059,CUST0476,SYNTHETIC,2026-06-17,SES00457,finance,422,2,False,False,paid,False,True,False,False,False
APP02060,CUST0437,SYNTHETIC,2026-07-04,SES01173,assistant,464,10,True,False,queried,False,False,False,False,False
APP02061,CUST0397,SYNTHETIC,2026-08-01,SES00935,home,201,8,False,False,viewed,False,False,False,False,False
APP02062,CUST0100,SYNTHETIC,2026-07-03,SES01235,assistant,313,22,False,False,queried,False,False,False,False,False
APP02063,CUST0153,SYNTHETIC,2026-07-16,SES00852,assistant,217,12,True,True,queried,False,False,False,False,False
APP02064,CUST0013,SYNTHETIC,2026-09-09,SES00940,profile,346,1,False,False,viewed,False,False,False,False,False
APP02065,CUST0163,SYNTHETIC,2026-09-30,SES02035,maintenance,473,22,False,False,viewed,False,False,False,False,False
APP02066,CUST0023,SYNTHETIC,2026-07-04,SES01630,contract,166,8,False,False,viewed,False,False,False,False,False
APP02067,CUST0458,SYNTHETIC,2026-06-28,SES01132,benefits,272,17,False,False,viewed,False,False,True,False,False
APP02068,CUST0095,SYNTHETIC,2026-07-06,SES01422,fines,47,1,True,False,viewed,False,False,False,False,False
APP02069,CUST0207,SYNTHETIC,2026-07-20,SES00512,contract,429,8,True,False,viewed,False,False,False,False,False
APP02070,CUST0025,SYNTHETIC,2026-09-28,SES02087,support,63,13,False,False,opened,False,False,False,False,False
APP02071,CUST0090,SYNTHETIC,2026-08-01,SES02096,notifications,148,10,False,False,dismissed,False,False,False,False,False
APP02072,CUST0275,SYNTHETIC,2026-07-05,SES00875,assistant,434,12,True,False,queried,False,False,False,False,False
APP02073,CUST0272,SYNTHETIC,2026-06-24,SES01272,profile,182,19,False,False,viewed,False,False,False,False,False
APP02074,CUST0495,SYNTHETIC,2026-08-29,SES00893,maintenance,333,6,True,False,viewed,False,False,False,False,False
APP02075,CUST0191,SYNTHETIC,2026-09-27,SES01337,km,372,20,False,False,viewed,False,False,False,False,False
APP02076,CUST0448,SYNTHETIC,2026-09-12,SES02134,support,117,11,False,False,opened,False,False,False,False,False
APP02077,CUST0260,SYNTHETIC,2026-07-01,SES00504,notifications,329,14,True,True,opened,False,False,False,False,False
APP02078,CUST0437,SYNTHETIC,2026-06-19,SES00322,fines,20,10,True,False,viewed,False,False,False,False,False
APP02079,CUST0185,SYNTHETIC,2026-07-11,SES00377,finance,419,1,True,False,paid,False,True,False,False,False
APP02080,CUST0098,SYNTHETIC,2026-07-19,SES00956,profile,363,1,False,False,viewed,False,False,False,False,False
APP02081,CUST0028,SYNTHETIC,2026-08-19,SES01647,documents,229,16,False,False,viewed,False,False,False,False,False
APP02082,CUST0283,SYNTHETIC,2026-09-04,SES02028,notifications,344,1,True,True,opened,False,False,False,False,False
APP02083,CUST0439,SYNTHETIC,2026-09-09,SES01897,finance,232,14,False,False,viewed,False,False,False,False,False
APP02084,CUST0475,SYNTHETIC,2026-07-15,SES00890,benefits,306,18,False,False,redeemed,False,False,True,True,False
APP02085,CUST0157,SYNTHETIC,2026-08-09,SES00737,finance,291,19,False,False,viewed,False,False,False,False,False
APP02086,CUST0148,SYNTHETIC,2026-06-14,SES00167,support,13,11,False,False,contacted,False,False,False,False,True
APP02087,CUST0275,SYNTHETIC,2026-09-05,SES01971,mobility_planner,241,10,False,False,planned,False,False,False,False,False
APP02088,CUST0342,SYNTHETIC,2026-09-09,SES01363,mobility_planner,24,22,False,False,viewed,False,False,False,False,False
APP02089,CUST0441,SYNTHETIC,2026-09-16,SES00602,profile,150,20,True,False,viewed,False,False,False,False,False
APP02090,CUST0037,SYNTHETIC,2026-06-30,SES02048,benefits,375,19,True,False,redeemed,False,False,True,True,False
APP02091,CUST0086,SYNTHETIC,2026-08-29,SES00537,maintenance,140,4,True,False,viewed,False,False,False,False,False
APP02092,CUST0196,SYNTHETIC,2026-06-10,SES01747,contract,141,21,True,False,viewed,False,False,False,False,False
APP02093,CUST0196,SYNTHETIC,2026-08-16,SES01938,benefits,151,17,True,False,redeemed,False,False,True,True,False
APP02094,CUST0245,SYNTHETIC,2026-06-19,SES02175,maintenance,158,22,False,False,viewed,False,False,False,False,False
APP02095,CUST0220,SYNTHETIC,2026-06-28,SES00927,support,396,14,False,False,contacted,False,False,False,False,True
APP02096,CUST0234,SYNTHETIC,2026-07-04,SES01118,notifications,177,1,False,False,dismissed,False,False,False,False,False
APP02097,CUST0257,SYNTHETIC,2026-08-14,SES00551,contract,103,4,False,False,viewed,False,False,False,False,False
APP02098,CUST0223,SYNTHETIC,2026-09-05,SES01932,fines,57,3,True,False,viewed,False,False,False,False,False
APP02099,CUST0281,SYNTHETIC,2026-06-08,SES00938,assistant,43,16,True,True,opened,False,False,False,False,False
APP02100,CUST0172,SYNTHETIC,2026-07-30,SES00462,fines,213,15,True,False,viewed,False,False,False,False,False
APP02101,CUST0339,SYNTHETIC,2026-09-30,SES01224,benefits,253,2,False,False,redeemed,False,False,True,True,False
APP02102,CUST0307,SYNTHETIC,2026-08-09,SES00885,benefits,150,1,False,False,redeemed,False,False,True,True,False
APP02103,CUST0251,SYNTHETIC,2026-07-18,SES00549,contract,440,8,False,False,viewed,False,False,False,False,False
APP02104,CUST0201,SYNTHETIC,2026-07-12,SES01897,benefits,167,2,False,False,viewed,False,False,True,False,False
APP02105,CUST0319,SYNTHETIC,2026-09-13,SES00181,fines,220,9,False,False,viewed,False,False,False,False,False
APP02106,CUST0483,SYNTHETIC,2026-06-18,SES00314,mobility_planner,103,8,False,False,planned,False,False,False,False,False
APP02107,CUST0274,SYNTHETIC,2026-07-08,SES01562,notifications,276,14,False,False,dismissed,False,False,False,False,False
APP02108,CUST0037,SYNTHETIC,2026-09-28,SES00694,fines,219,10,False,False,viewed,False,False,False,False,False
APP02109,CUST0087,SYNTHETIC,2026-09-25,SES00655,finance,290,4,False,False,viewed,False,False,False,False,False
APP02110,CUST0332,SYNTHETIC,2026-06-21,SES00475,assistant,283,1,False,False,queried,False,False,False,False,False
APP02111,CUST0315,SYNTHETIC,2026-08-11,SES01271,benefits,13,8,False,False,viewed,False,False,True,False,False
APP02112,CUST0385,SYNTHETIC,2026-07-03,SES00892,notifications,93,15,True,True,dismissed,False,False,False,False,False
APP02113,CUST0451,SYNTHETIC,2026-08-30,SES00053,notifications,355,16,False,False,opened,False,False,False,False,False
APP02114,CUST0022,SYNTHETIC,2026-08-26,SES00036,contract,414,6,False,False,viewed,False,False,False,False,False
APP02115,CUST0313,SYNTHETIC,2026-09-08,SES01567,contract,25,8,False,False,viewed,False,False,False,False,False
APP02116,CUST0437,SYNTHETIC,2026-07-01,SES01024,documents,116,2,True,True,viewed,False,False,False,False,False
APP02117,CUST0165,SYNTHETIC,2026-09-16,SES01573,assistant,333,4,False,False,opened,False,False,False,False,False
APP02118,CUST0030,SYNTHETIC,2026-09-01,SES00747,profile,356,18,True,True,viewed,False,False,False,False,False
APP02119,CUST0461,SYNTHETIC,2026-06-04,SES02052,home,206,20,False,False,viewed,False,False,False,False,False
APP02120,CUST0035,SYNTHETIC,2026-09-02,SES00806,notifications,394,7,False,False,opened,False,False,False,False,False
APP02121,CUST0384,SYNTHETIC,2026-09-24,SES01247,benefits,267,6,True,False,viewed,False,False,True,False,False
APP02122,CUST0175,SYNTHETIC,2026-09-09,SES00360,support,379,8,True,False,contacted,False,False,False,False,True
APP02123,CUST0414,SYNTHETIC,2026-06-13,SES00520,km,174,21,True,False,viewed,False,False,False,False,False
APP02124,CUST0490,SYNTHETIC,2026-07-29,SES01656,finance,475,9,True,True,paid,False,True,False,False,False
APP02125,CUST0261,SYNTHETIC,2026-08-06,SES01623,fines,460,10,True,True,viewed,False,False,False,False,False
APP02126,CUST0299,SYNTHETIC,2026-06-10,SES00366,notifications,30,14,False,False,dismissed,False,False,False,False,False
APP02127,CUST0221,SYNTHETIC,2026-09-09,SES01299,finance,20,4,False,False,paid,False,True,False,False,False
APP02128,CUST0059,SYNTHETIC,2026-09-15,SES00840,support,54,9,False,False,opened,False,False,False,False,False
APP02129,CUST0213,SYNTHETIC,2026-07-20,SES00356,km,412,17,False,False,viewed,False,False,False,False,False
APP02130,CUST0104,SYNTHETIC,2026-08-25,SES00478,notifications,93,22,False,False,opened,False,False,False,False,False
APP02131,CUST0441,SYNTHETIC,2026-10-01,SES00483,finance,279,9,True,True,viewed,False,False,False,False,False
APP02132,CUST0322,SYNTHETIC,2026-08-31,SES00822,assistant,388,22,False,False,opened,False,False,False,False,False
APP02133,CUST0057,SYNTHETIC,2026-07-26,SES00642,profile,246,8,True,True,viewed,False,False,False,False,False
APP02134,CUST0180,SYNTHETIC,2026-09-13,SES01157,documents,199,20,False,False,viewed,False,False,False,False,False
APP02135,CUST0231,SYNTHETIC,2026-07-05,SES01148,mobility_planner,169,4,False,False,viewed,False,False,False,False,False
APP02136,CUST0252,SYNTHETIC,2026-09-12,SES00511,mobility_planner,264,6,True,True,planned,False,False,False,False,False
APP02137,CUST0178,SYNTHETIC,2026-09-29,SES01486,km,294,8,False,False,viewed,False,False,False,False,False
APP02138,CUST0176,SYNTHETIC,2026-07-12,SES00885,benefits,186,4,True,True,viewed,False,False,True,False,False
APP02139,CUST0207,SYNTHETIC,2026-08-28,SES01993,documents,228,17,False,False,viewed,False,False,False,False,False
APP02140,CUST0142,SYNTHETIC,2026-08-15,SES00207,support,375,3,False,False,opened,False,False,False,False,False
APP02141,CUST0150,SYNTHETIC,2026-06-13,SES00889,fines,22,20,False,False,viewed,False,False,False,False,False
APP02142,CUST0039,SYNTHETIC,2026-07-07,SES01159,contract,281,17,False,False,viewed,False,False,False,False,False
APP02143,CUST0082,SYNTHETIC,2026-07-30,SES00614,documents,25,5,True,False,viewed,False,False,False,False,False
APP02144,CUST0278,SYNTHETIC,2026-06-30,SES00964,contract,305,11,False,False,viewed,False,False,False,False,False
APP02145,CUST0199,SYNTHETIC,2026-08-21,SES00923,finance,331,9,False,False,paid,False,True,False,False,False
APP02146,CUST0318,SYNTHETIC,2026-06-22,SES01293,profile,296,5,False,False,viewed,False,False,False,False,False
APP02147,CUST0149,SYNTHETIC,2026-07-23,SES00416,finance,230,9,True,False,viewed,False,False,False,False,False
APP02148,CUST0171,SYNTHETIC,2026-08-15,SES00353,mobility_planner,41,1,False,False,viewed,False,False,False,False,False
APP02149,CUST0135,SYNTHETIC,2026-08-23,SES00649,km,56,10,True,False,viewed,False,False,False,False,False
APP02150,CUST0425,SYNTHETIC,2026-09-10,SES00006,documents,67,4,False,False,viewed,False,False,False,False,False
APP02151,CUST0349,SYNTHETIC,2026-09-14,SES02089,home,360,4,True,True,viewed,False,False,False,False,False
APP02152,CUST0186,SYNTHETIC,2026-06-29,SES00132,maintenance,297,14,True,False,viewed,False,False,False,False,False
APP02153,CUST0178,SYNTHETIC,2026-08-21,SES01736,profile,142,13,False,False,viewed,False,False,False,False,False
APP02154,CUST0376,SYNTHETIC,2026-07-28,SES00815,contract,385,20,True,False,viewed,False,False,False,False,False
APP02155,CUST0484,SYNTHETIC,2026-07-11,SES00497,support,211,15,True,False,contacted,False,False,False,False,True
APP02156,CUST0093,SYNTHETIC,2026-08-08,SES00267,support,238,17,False,False,opened,False,False,False,False,False
APP02157,CUST0258,SYNTHETIC,2026-07-24,SES00813,fines,104,13,False,False,viewed,False,False,False,False,False
APP02158,CUST0398,SYNTHETIC,2026-08-23,SES01594,km,214,5,False,False,viewed,False,False,False,False,False
APP02159,CUST0094,SYNTHETIC,2026-07-18,SES01938,home,113,16,False,False,viewed,False,False,False,False,False
APP02160,CUST0238,SYNTHETIC,2026-06-28,SES01308,documents,83,1,False,False,viewed,False,False,False,False,False
APP02161,CUST0304,SYNTHETIC,2026-07-29,SES01945,notifications,239,18,True,False,dismissed,False,False,False,False,False
APP02162,CUST0142,SYNTHETIC,2026-07-18,SES01914,benefits,60,8,False,False,viewed,False,False,True,False,False
APP02163,CUST0134,SYNTHETIC,2026-07-20,SES00647,home,17,5,True,True,viewed,False,False,False,False,False
APP02164,CUST0043,SYNTHETIC,2026-06-12,SES00953,km,377,22,False,False,viewed,False,False,False,False,False
APP02165,CUST0020,SYNTHETIC,2026-08-05,SES01383,home,267,17,False,False,viewed,False,False,False,False,False
APP02166,CUST0121,SYNTHETIC,2026-07-20,SES01524,assistant,356,10,True,True,opened,False,False,False,False,False
APP02167,CUST0007,SYNTHETIC,2026-06-27,SES01999,contract,438,13,True,True,viewed,False,False,False,False,False
APP02168,CUST0368,SYNTHETIC,2026-07-22,SES01480,mobility_planner,295,18,False,False,viewed,False,False,False,False,False
APP02169,CUST0092,SYNTHETIC,2026-09-26,SES00225,fines,402,20,False,False,viewed,False,False,False,False,False
APP02170,CUST0220,SYNTHETIC,2026-07-24,SES01651,documents,454,5,False,False,viewed,False,False,False,False,False
APP02171,CUST0205,SYNTHETIC,2026-06-27,SES00250,contract,383,19,True,False,viewed,False,False,False,False,False
APP02172,CUST0143,SYNTHETIC,2026-08-06,SES00416,profile,463,9,False,False,viewed,False,False,False,False,False
APP02173,CUST0422,SYNTHETIC,2026-08-30,SES01494,fines,195,17,True,True,viewed,False,False,False,False,False
APP02174,CUST0296,SYNTHETIC,2026-08-27,SES01157,km,42,12,True,False,viewed,False,False,False,False,False
APP02175,CUST0329,SYNTHETIC,2026-09-13,SES00619,support,217,9,False,False,opened,False,False,False,False,False
APP02176,CUST0236,SYNTHETIC,2026-08-06,SES01816,contract,200,7,True,True,viewed,False,False,False,False,False
APP02177,CUST0443,SYNTHETIC,2026-06-15,SES01068,maintenance,383,9,False,False,viewed,False,False,False,False,False
APP02178,CUST0251,SYNTHETIC,2026-07-22,SES00989,documents,87,15,False,False,viewed,False,False,False,False,False
APP02179,CUST0494,SYNTHETIC,2026-09-11,SES01755,notifications,123,10,True,False,opened,False,False,False,False,False
APP02180,CUST0109,SYNTHETIC,2026-09-08,SES01504,profile,139,20,False,False,viewed,False,False,False,False,False
APP02181,CUST0180,SYNTHETIC,2026-07-11,SES00622,fines,308,10,False,False,viewed,False,False,False,False,False
APP02182,CUST0214,SYNTHETIC,2026-09-03,SES01078,notifications,409,19,False,False,opened,False,False,False,False,False
APP02183,CUST0256,SYNTHETIC,2026-07-16,SES00454,assistant,56,8,True,True,queried,False,False,False,False,False
APP02184,CUST0174,SYNTHETIC,2026-08-10,SES00352,contract,185,20,False,False,viewed,False,False,False,False,False
APP02185,CUST0277,SYNTHETIC,2026-07-31,SES02065,km,45,2,True,False,viewed,False,False,False,False,False
APP02186,CUST0397,SYNTHETIC,2026-09-24,SES01509,contract,460,22,True,False,viewed,False,False,False,False,False
APP02187,CUST0434,SYNTHETIC,2026-07-25,SES01116,support,225,15,True,False,contacted,False,False,False,False,True
APP02188,CUST0314,SYNTHETIC,2026-08-12,SES00824,km,135,21,False,False,viewed,False,False,False,False,False
APP02189,CUST0417,SYNTHETIC,2026-09-12,SES01035,assistant,439,15,False,False,queried,False,False,False,False,False
APP02190,CUST0356,SYNTHETIC,2026-07-19,SES00756,benefits,322,3,True,True,viewed,False,False,True,False,False
APP02191,CUST0476,SYNTHETIC,2026-08-09,SES01625,km,52,17,False,False,viewed,False,False,False,False,False
APP02192,CUST0342,SYNTHETIC,2026-09-20,SES00964,notifications,233,21,False,False,opened,False,False,False,False,False
APP02193,CUST0141,SYNTHETIC,2026-07-12,SES00099,km,165,7,False,False,viewed,False,False,False,False,False
APP02194,CUST0101,SYNTHETIC,2026-07-29,SES00536,profile,216,6,False,False,viewed,False,False,False,False,False
APP02195,CUST0079,SYNTHETIC,2026-09-30,SES02027,benefits,297,1,False,False,redeemed,False,False,True,True,False
APP02196,CUST0063,SYNTHETIC,2026-06-24,SES00153,assistant,340,8,False,False,queried,False,False,False,False,False
APP02197,CUST0413,SYNTHETIC,2026-08-16,SES01758,profile,97,10,True,False,viewed,False,False,False,False,False
APP02198,CUST0324,SYNTHETIC,2026-06-05,SES00803,mobility_planner,32,20,False,False,planned,False,False,False,False,False
APP02199,CUST0001,SYNTHETIC,2026-06-29,SES02056,finance,224,6,True,False,viewed,False,False,False,False,False
APP02200,CUST0344,SYNTHETIC,2026-06-05,SES00418,fines,480,8,True,True,viewed,False,False,False,False,False
APP02201,CUST0086,SYNTHETIC,2026-09-06,SES01453,km,74,16,True,False,viewed,False,False,False,False,False
APP02202,CUST0308,SYNTHETIC,2026-08-27,SES01931,home,412,11,True,True,viewed,False,False,False,False,False
APP02203,CUST0372,SYNTHETIC,2026-09-05,SES02174,mobility_planner,117,16,False,False,viewed,False,False,False,False,False
APP02204,CUST0022,SYNTHETIC,2026-07-03,SES00111,finance,447,18,False,False,viewed,False,False,False,False,False
APP02205,CUST0002,SYNTHETIC,2026-09-18,SES01997,profile,445,22,False,False,viewed,False,False,False,False,False
APP02206,CUST0006,SYNTHETIC,2026-08-21,SES01452,km,322,4,False,False,viewed,False,False,False,False,False
APP02207,CUST0298,SYNTHETIC,2026-09-24,SES01337,contract,373,7,False,False,viewed,False,False,False,False,False
APP02208,CUST0240,SYNTHETIC,2026-08-28,SES00501,maintenance,12,17,False,False,viewed,False,False,False,False,False
APP02209,CUST0429,SYNTHETIC,2026-08-09,SES01465,maintenance,14,13,False,False,scheduled,True,False,False,False,False
APP02210,CUST0389,SYNTHETIC,2026-06-29,SES00478,documents,386,8,False,False,viewed,False,False,False,False,False
APP02211,CUST0451,SYNTHETIC,2026-09-11,SES01833,finance,40,12,False,False,paid,False,True,False,False,False
APP02212,CUST0191,SYNTHETIC,2026-08-05,SES00697,home,65,7,False,False,viewed,False,False,False,False,False
APP02213,CUST0200,SYNTHETIC,2026-07-16,SES01963,notifications,171,3,True,False,dismissed,False,False,False,False,False
APP02214,CUST0109,SYNTHETIC,2026-09-04,SES00382,documents,214,18,True,True,viewed,False,False,False,False,False
APP02215,CUST0258,SYNTHETIC,2026-08-14,SES00805,finance,349,8,False,False,viewed,False,False,False,False,False
APP02216,CUST0393,SYNTHETIC,2026-08-15,SES01046,home,198,21,True,True,viewed,False,False,False,False,False
APP02217,CUST0194,SYNTHETIC,2026-08-04,SES02039,finance,263,2,False,False,viewed,False,False,False,False,False
APP02218,CUST0082,SYNTHETIC,2026-09-19,SES01023,fines,449,12,False,False,viewed,False,False,False,False,False
APP02219,CUST0082,SYNTHETIC,2026-07-27,SES01873,contract,149,16,False,False,viewed,False,False,False,False,False
APP02220,CUST0453,SYNTHETIC,2026-09-09,SES01199,profile,232,11,True,False,viewed,False,False,False,False,False
APP02221,CUST0004,SYNTHETIC,2026-09-06,SES00113,fines,428,14,False,False,viewed,False,False,False,False,False
APP02222,CUST0484,SYNTHETIC,2026-09-07,SES00781,home,29,3,True,True,viewed,False,False,False,False,False
APP02223,CUST0449,SYNTHETIC,2026-07-26,SES01732,support,332,2,True,True,opened,False,False,False,False,False
APP02224,CUST0409,SYNTHETIC,2026-09-11,SES01882,mobility_planner,54,5,False,False,planned,False,False,False,False,False
APP02225,CUST0044,SYNTHETIC,2026-09-12,SES00523,maintenance,183,3,False,False,scheduled,True,False,False,False,False
APP02226,CUST0090,SYNTHETIC,2026-07-02,SES00603,documents,133,19,False,False,viewed,False,False,False,False,False
APP02227,CUST0011,SYNTHETIC,2026-07-11,SES01038,mobility_planner,68,6,False,False,viewed,False,False,False,False,False
APP02228,CUST0070,SYNTHETIC,2026-06-30,SES01150,assistant,321,14,True,True,queried,False,False,False,False,False
APP02229,CUST0244,SYNTHETIC,2026-08-08,SES01719,km,307,14,True,False,viewed,False,False,False,False,False
APP02230,CUST0208,SYNTHETIC,2026-07-27,SES01381,km,281,11,True,True,viewed,False,False,False,False,False
APP02231,CUST0353,SYNTHETIC,2026-09-19,SES00497,profile,456,6,True,False,viewed,False,False,False,False,False
APP02232,CUST0311,SYNTHETIC,2026-08-14,SES00640,assistant,198,15,False,False,queried,False,False,False,False,False
APP02233,CUST0052,SYNTHETIC,2026-08-04,SES01441,km,349,19,False,False,viewed,False,False,False,False,False
APP02234,CUST0025,SYNTHETIC,2026-09-24,SES00836,km,213,16,True,True,viewed,False,False,False,False,False
APP02235,CUST0258,SYNTHETIC,2026-09-07,SES01628,assistant,407,12,True,False,opened,False,False,False,False,False
APP02236,CUST0316,SYNTHETIC,2026-08-11,SES00826,km,234,18,False,False,viewed,False,False,False,False,False
APP02237,CUST0243,SYNTHETIC,2026-09-15,SES00293,support,246,20,False,False,contacted,False,False,False,False,True
APP02238,CUST0437,SYNTHETIC,2026-08-28,SES00906,support,72,14,True,True,contacted,False,False,False,False,True
APP02239,CUST0307,SYNTHETIC,2026-08-24,SES01594,mobility_planner,186,22,False,False,planned,False,False,False,False,False
APP02240,CUST0104,SYNTHETIC,2026-08-22,SES00348,benefits,49,7,False,False,viewed,False,False,True,False,False
APP02241,CUST0280,SYNTHETIC,2026-08-18,SES00119,km,459,4,True,True,viewed,False,False,False,False,False
APP02242,CUST0197,SYNTHETIC,2026-09-16,SES01273,finance,73,7,True,True,paid,False,True,False,False,False
APP02243,CUST0396,SYNTHETIC,2026-06-21,SES00679,documents,302,14,False,False,viewed,False,False,False,False,False
APP02244,CUST0141,SYNTHETIC,2026-09-29,SES00688,maintenance,446,11,True,True,scheduled,True,False,False,False,False
APP02245,CUST0003,SYNTHETIC,2026-06-03,SES01067,support,98,8,True,True,contacted,False,False,False,False,True
APP02246,CUST0268,SYNTHETIC,2026-07-24,SES01386,mobility_planner,234,11,False,False,viewed,False,False,False,False,False
APP02247,CUST0384,SYNTHETIC,2026-06-13,SES00576,contract,134,1,False,False,viewed,False,False,False,False,False
APP02248,CUST0429,SYNTHETIC,2026-06-25,SES01182,mobility_planner,337,2,False,False,viewed,False,False,False,False,False
APP02249,CUST0255,SYNTHETIC,2026-09-12,SES00328,assistant,71,2,True,True,queried,False,False,False,False,False
APP02250,CUST0197,SYNTHETIC,2026-09-27,SES00905,fines,126,20,False,False,viewed,False,False,False,False,False
APP02251,CUST0040,SYNTHETIC,2026-06-17,SES01348,fines,35,21,False,False,viewed,False,False,False,False,False
APP02252,CUST0123,SYNTHETIC,2026-09-27,SES01159,profile,454,11,True,True,viewed,False,False,False,False,False
APP02253,CUST0161,SYNTHETIC,2026-09-22,SES00999,contract,229,15,False,False,viewed,False,False,False,False,False
APP02254,CUST0176,SYNTHETIC,2026-06-07,SES00199,home,217,3,True,False,viewed,False,False,False,False,False
APP02255,CUST0195,SYNTHETIC,2026-07-06,SES01140,benefits,145,7,False,False,viewed,False,False,True,False,False
APP02256,CUST0070,SYNTHETIC,2026-07-24,SES01216,mobility_planner,273,22,False,False,viewed,False,False,False,False,False
APP02257,CUST0377,SYNTHETIC,2026-09-30,SES00677,notifications,388,1,False,False,dismissed,False,False,False,False,False
APP02258,CUST0358,SYNTHETIC,2026-07-05,SES00043,home,247,3,True,True,viewed,False,False,False,False,False
APP02259,CUST0352,SYNTHETIC,2026-06-19,SES01386,documents,261,17,False,False,viewed,False,False,False,False,False
APP02260,CUST0323,SYNTHETIC,2026-08-04,SES01628,notifications,253,4,True,False,dismissed,False,False,False,False,False
APP02261,CUST0185,SYNTHETIC,2026-08-09,SES01122,home,372,5,False,False,viewed,False,False,False,False,False
APP02262,CUST0203,SYNTHETIC,2026-07-02,SES00523,notifications,171,11,False,False,opened,False,False,False,False,False
APP02263,CUST0097,SYNTHETIC,2026-06-21,SES02109,profile,187,1,True,True,viewed,False,False,False,False,False
APP02264,CUST0487,SYNTHETIC,2026-08-02,SES01922,home,368,13,False,False,viewed,False,False,False,False,False
APP02265,CUST0110,SYNTHETIC,2026-09-10,SES00666,km,438,17,True,True,viewed,False,False,False,False,False
APP02266,CUST0179,SYNTHETIC,2026-07-28,SES00969,support,364,9,False,False,contacted,False,False,False,False,True
APP02267,CUST0210,SYNTHETIC,2026-09-23,SES01652,notifications,274,21,True,True,opened,False,False,False,False,False
APP02268,CUST0463,SYNTHETIC,2026-07-06,SES00597,home,47,14,True,True,viewed,False,False,False,False,False
APP02269,CUST0464,SYNTHETIC,2026-08-03,SES01168,maintenance,395,4,False,False,viewed,False,False,False,False,False
APP02270,CUST0305,SYNTHETIC,2026-09-28,SES00802,fines,476,9,True,True,viewed,False,False,False,False,False
APP02271,CUST0201,SYNTHETIC,2026-06-28,SES00215,benefits,383,17,False,False,viewed,False,False,True,False,False
APP02272,CUST0364,SYNTHETIC,2026-09-13,SES01927,mobility_planner,125,4,False,False,viewed,False,False,False,False,False
APP02273,CUST0134,SYNTHETIC,2026-07-05,SES01509,notifications,206,12,True,True,dismissed,False,False,False,False,False
APP02274,CUST0243,SYNTHETIC,2026-07-24,SES00119,assistant,121,22,True,True,opened,False,False,False,False,False
APP02275,CUST0096,SYNTHETIC,2026-07-04,SES02188,notifications,97,8,False,False,opened,False,False,False,False,False
APP02276,CUST0173,SYNTHETIC,2026-06-13,SES01464,profile,285,22,True,False,viewed,False,False,False,False,False
APP02277,CUST0035,SYNTHETIC,2026-06-20,SES01891,km,181,1,False,False,viewed,False,False,False,False,False
APP02278,CUST0252,SYNTHETIC,2026-09-29,SES01307,profile,267,12,False,False,viewed,False,False,False,False,False
APP02279,CUST0310,SYNTHETIC,2026-08-16,SES01984,mobility_planner,430,18,False,False,viewed,False,False,False,False,False
APP02280,CUST0267,SYNTHETIC,2026-07-11,SES00570,mobility_planner,63,14,False,False,planned,False,False,False,False,False
APP02281,CUST0246,SYNTHETIC,2026-09-02,SES00544,assistant,380,20,False,False,opened,False,False,False,False,False
APP02282,CUST0138,SYNTHETIC,2026-08-03,SES01369,home,100,5,True,False,viewed,False,False,False,False,False
APP02283,CUST0166,SYNTHETIC,2026-08-12,SES01177,support,235,12,False,False,opened,False,False,False,False,False
APP02284,CUST0411,SYNTHETIC,2026-09-29,SES02075,profile,189,11,False,False,viewed,False,False,False,False,False
APP02285,CUST0452,SYNTHETIC,2026-06-29,SES00145,maintenance,371,4,False,False,scheduled,True,False,False,False,False
APP02286,CUST0416,SYNTHETIC,2026-08-22,SES01864,notifications,247,14,False,False,dismissed,False,False,False,False,False
APP02287,CUST0007,SYNTHETIC,2026-06-07,SES00305,km,265,12,False,False,viewed,False,False,False,False,False
APP02288,CUST0077,SYNTHETIC,2026-06-22,SES00282,contract,154,13,False,False,viewed,False,False,False,False,False
APP02289,CUST0326,SYNTHETIC,2026-06-30,SES01262,fines,41,13,True,False,viewed,False,False,False,False,False
APP02290,CUST0432,SYNTHETIC,2026-06-18,SES01130,km,468,16,False,False,viewed,False,False,False,False,False
APP02291,CUST0413,SYNTHETIC,2026-08-15,SES00406,home,205,19,False,False,viewed,False,False,False,False,False
APP02292,CUST0333,SYNTHETIC,2026-07-14,SES00602,fines,226,7,False,False,viewed,False,False,False,False,False
APP02293,CUST0346,SYNTHETIC,2026-06-23,SES02024,km,211,16,False,False,viewed,False,False,False,False,False
APP02294,CUST0159,SYNTHETIC,2026-09-02,SES01088,km,58,11,False,False,viewed,False,False,False,False,False
APP02295,CUST0236,SYNTHETIC,2026-08-17,SES00345,contract,383,5,False,False,viewed,False,False,False,False,False
APP02296,CUST0214,SYNTHETIC,2026-09-26,SES01621,home,122,18,True,False,viewed,False,False,False,False,False
APP02297,CUST0314,SYNTHETIC,2026-06-22,SES00172,km,430,10,False,False,viewed,False,False,False,False,False
APP02298,CUST0134,SYNTHETIC,2026-07-05,SES01830,benefits,321,14,False,False,redeemed,False,False,True,True,False
APP02299,CUST0464,SYNTHETIC,2026-06-05,SES01248,km,331,15,False,False,viewed,False,False,False,False,False
APP02300,CUST0277,SYNTHETIC,2026-06-25,SES01223,km,383,19,False,False,viewed,False,False,False,False,False
APP02301,CUST0335,SYNTHETIC,2026-08-18,SES00633,home,93,3,True,True,viewed,False,False,False,False,False
APP02302,CUST0248,SYNTHETIC,2026-06-04,SES01493,notifications,376,5,False,False,opened,False,False,False,False,False
APP02303,CUST0072,SYNTHETIC,2026-08-01,SES01910,home,417,15,False,False,viewed,False,False,False,False,False
APP02304,CUST0375,SYNTHETIC,2026-09-22,SES02106,documents,355,5,False,False,viewed,False,False,False,False,False
APP02305,CUST0192,SYNTHETIC,2026-06-12,SES00143,support,189,18,False,False,contacted,False,False,False,False,True
APP02306,CUST0012,SYNTHETIC,2026-09-05,SES00427,mobility_planner,273,15,False,False,planned,False,False,False,False,False
APP02307,CUST0269,SYNTHETIC,2026-07-24,SES00772,fines,329,2,False,False,viewed,False,False,False,False,False
APP02308,CUST0203,SYNTHETIC,2026-06-27,SES00547,support,284,4,False,False,contacted,False,False,False,False,True
APP02309,CUST0312,SYNTHETIC,2026-09-12,SES01682,benefits,314,5,False,False,viewed,False,False,True,False,False
APP02310,CUST0123,SYNTHETIC,2026-09-07,SES00313,notifications,176,13,False,False,opened,False,False,False,False,False
APP02311,CUST0110,SYNTHETIC,2026-07-17,SES01931,home,427,16,True,False,viewed,False,False,False,False,False
APP02312,CUST0304,SYNTHETIC,2026-07-28,SES01609,home,389,2,False,False,viewed,False,False,False,False,False
APP02313,CUST0374,SYNTHETIC,2026-06-15,SES00307,benefits,477,19,False,False,viewed,False,False,True,False,False
APP02314,CUST0048,SYNTHETIC,2026-09-06,SES02110,km,123,6,False,False,viewed,False,False,False,False,False
APP02315,CUST0156,SYNTHETIC,2026-09-03,SES02129,assistant,230,18,False,False,opened,False,False,False,False,False
APP02316,CUST0268,SYNTHETIC,2026-09-09,SES00846,profile,349,22,True,True,viewed,False,False,False,False,False
APP02317,CUST0299,SYNTHETIC,2026-09-30,SES01004,contract,145,9,False,False,viewed,False,False,False,False,False
APP02318,CUST0449,SYNTHETIC,2026-06-06,SES02113,home,113,10,False,False,viewed,False,False,False,False,False
APP02319,CUST0157,SYNTHETIC,2026-07-10,SES01179,support,224,18,True,True,opened,False,False,False,False,False
APP02320,CUST0116,SYNTHETIC,2026-09-13,SES00703,profile,207,16,False,False,viewed,False,False,False,False,False
APP02321,CUST0062,SYNTHETIC,2026-06-12,SES00789,assistant,267,18,False,False,queried,False,False,False,False,False
APP02322,CUST0053,SYNTHETIC,2026-07-27,SES01269,profile,371,10,False,False,viewed,False,False,False,False,False
APP02323,CUST0141,SYNTHETIC,2026-06-05,SES00874,maintenance,420,7,True,True,viewed,False,False,False,False,False
APP02324,CUST0273,SYNTHETIC,2026-09-24,SES00828,notifications,421,1,False,False,dismissed,False,False,False,False,False
APP02325,CUST0100,SYNTHETIC,2026-09-24,SES00086,benefits,176,2,True,False,redeemed,False,False,True,True,False
APP02326,CUST0188,SYNTHETIC,2026-08-27,SES00679,support,140,15,True,False,opened,False,False,False,False,False
APP02327,CUST0337,SYNTHETIC,2026-06-11,SES00309,finance,223,18,False,False,paid,False,True,False,False,False
APP02328,CUST0451,SYNTHETIC,2026-09-25,SES01425,maintenance,227,11,False,False,viewed,False,False,False,False,False
APP02329,CUST0215,SYNTHETIC,2026-06-09,SES00713,finance,462,12,True,True,paid,False,True,False,False,False
APP02330,CUST0074,SYNTHETIC,2026-07-12,SES00250,profile,427,4,False,False,viewed,False,False,False,False,False
APP02331,CUST0393,SYNTHETIC,2026-09-25,SES02015,documents,292,3,False,False,viewed,False,False,False,False,False
APP02332,CUST0177,SYNTHETIC,2026-09-14,SES00887,contract,355,2,False,False,viewed,False,False,False,False,False
APP02333,CUST0308,SYNTHETIC,2026-09-21,SES00667,maintenance,233,6,False,False,scheduled,True,False,False,False,False
APP02334,CUST0156,SYNTHETIC,2026-06-30,SES00628,documents,132,12,True,True,viewed,False,False,False,False,False
APP02335,CUST0425,SYNTHETIC,2026-06-07,SES00695,mobility_planner,205,2,False,False,viewed,False,False,False,False,False
APP02336,CUST0027,SYNTHETIC,2026-08-16,SES00871,fines,183,22,True,False,viewed,False,False,False,False,False
APP02337,CUST0205,SYNTHETIC,2026-06-26,SES00231,finance,171,22,True,True,viewed,False,False,False,False,False
APP02338,CUST0017,SYNTHETIC,2026-09-22,SES00549,notifications,8,11,False,False,opened,False,False,False,False,False
APP02339,CUST0299,SYNTHETIC,2026-08-07,SES01871,benefits,81,11,False,False,viewed,False,False,True,False,False
APP02340,CUST0448,SYNTHETIC,2026-08-06,SES00368,maintenance,115,9,False,False,viewed,False,False,False,False,False
APP02341,CUST0082,SYNTHETIC,2026-08-31,SES00205,maintenance,83,19,True,True,viewed,False,False,False,False,False
APP02342,CUST0184,SYNTHETIC,2026-07-02,SES01950,km,250,22,False,False,viewed,False,False,False,False,False
APP02343,CUST0211,SYNTHETIC,2026-10-01,SES01881,support,167,17,True,True,contacted,False,False,False,False,True
APP02344,CUST0342,SYNTHETIC,2026-09-14,SES00692,finance,471,8,True,False,viewed,False,False,False,False,False
APP02345,CUST0228,SYNTHETIC,2026-09-12,SES00272,finance,206,21,True,False,paid,False,True,False,False,False
APP02346,CUST0432,SYNTHETIC,2026-08-14,SES00163,notifications,406,7,False,False,opened,False,False,False,False,False
APP02347,CUST0437,SYNTHETIC,2026-07-29,SES00242,km,71,22,False,False,viewed,False,False,False,False,False
APP02348,CUST0166,SYNTHETIC,2026-07-09,SES01273,assistant,404,9,False,False,queried,False,False,False,False,False
APP02349,CUST0377,SYNTHETIC,2026-06-07,SES01436,documents,342,21,False,False,viewed,False,False,False,False,False
APP02350,CUST0397,SYNTHETIC,2026-06-09,SES00792,assistant,164,13,False,False,queried,False,False,False,False,False
APP02351,CUST0285,SYNTHETIC,2026-09-16,SES00437,finance,80,12,False,False,paid,False,True,False,False,False
APP02352,CUST0412,SYNTHETIC,2026-08-15,SES01609,km,418,14,False,False,viewed,False,False,False,False,False
APP02353,CUST0179,SYNTHETIC,2026-08-29,SES01240,finance,448,2,False,False,paid,False,True,False,False,False
APP02354,CUST0299,SYNTHETIC,2026-06-10,SES00853,maintenance,92,22,True,True,viewed,False,False,False,False,False
APP02355,CUST0366,SYNTHETIC,2026-07-01,SES00053,support,332,7,False,False,opened,False,False,False,False,False
APP02356,CUST0019,SYNTHETIC,2026-09-13,SES00188,assistant,159,10,False,False,queried,False,False,False,False,False
APP02357,CUST0398,SYNTHETIC,2026-08-04,SES01871,mobility_planner,455,15,False,False,viewed,False,False,False,False,False
APP02358,CUST0012,SYNTHETIC,2026-07-14,SES01049,assistant,333,6,True,False,queried,False,False,False,False,False
APP02359,CUST0132,SYNTHETIC,2026-09-13,SES01034,mobility_planner,214,1,False,False,viewed,False,False,False,False,False
APP02360,CUST0302,SYNTHETIC,2026-09-10,SES00846,profile,52,7,True,True,viewed,False,False,False,False,False
APP02361,CUST0105,SYNTHETIC,2026-08-01,SES01944,documents,150,18,True,True,viewed,False,False,False,False,False
APP02362,CUST0390,SYNTHETIC,2026-07-22,SES01244,finance,249,9,False,False,viewed,False,False,False,False,False
APP02363,CUST0372,SYNTHETIC,2026-06-18,SES01130,support,302,6,False,False,contacted,False,False,False,False,True
APP02364,CUST0223,SYNTHETIC,2026-07-14,SES01848,assistant,32,17,True,False,opened,False,False,False,False,False
APP02365,CUST0296,SYNTHETIC,2026-08-01,SES01065,assistant,46,17,True,False,queried,False,False,False,False,False
APP02366,CUST0410,SYNTHETIC,2026-06-23,SES01257,finance,405,12,True,True,viewed,False,False,False,False,False
APP02367,CUST0282,SYNTHETIC,2026-07-23,SES02195,contract,409,16,True,True,viewed,False,False,False,False,False
APP02368,CUST0073,SYNTHETIC,2026-06-10,SES00073,documents,349,12,False,False,viewed,False,False,False,False,False
APP02369,CUST0415,SYNTHETIC,2026-07-23,SES01670,benefits,157,22,False,False,redeemed,False,False,True,True,False
APP02370,CUST0014,SYNTHETIC,2026-07-07,SES00898,notifications,382,6,False,False,opened,False,False,False,False,False
APP02371,CUST0222,SYNTHETIC,2026-07-29,SES00063,benefits,116,9,False,False,viewed,False,False,True,False,False
APP02372,CUST0493,SYNTHETIC,2026-06-17,SES00243,documents,111,6,False,False,viewed,False,False,False,False,False
APP02373,CUST0493,SYNTHETIC,2026-09-28,SES00285,fines,76,2,True,False,viewed,False,False,False,False,False
APP02374,CUST0308,SYNTHETIC,2026-09-17,SES01503,home,15,15,True,True,viewed,False,False,False,False,False
APP02375,CUST0031,SYNTHETIC,2026-09-15,SES01078,km,341,15,False,False,viewed,False,False,False,False,False
APP02376,CUST0260,SYNTHETIC,2026-07-16,SES01956,home,35,13,True,True,viewed,False,False,False,False,False
APP02377,CUST0475,SYNTHETIC,2026-09-04,SES00009,maintenance,33,14,True,False,scheduled,True,False,False,False,False
APP02378,CUST0123,SYNTHETIC,2026-07-21,SES01133,documents,307,2,True,False,viewed,False,False,False,False,False
APP02379,CUST0098,SYNTHETIC,2026-07-09,SES01209,assistant,51,6,False,False,opened,False,False,False,False,False
APP02380,CUST0295,SYNTHETIC,2026-06-12,SES01730,support,30,21,True,False,opened,False,False,False,False,False
APP02381,CUST0174,SYNTHETIC,2026-09-02,SES01358,km,117,3,False,False,viewed,False,False,False,False,False
APP02382,CUST0450,SYNTHETIC,2026-06-04,SES01301,mobility_planner,155,14,True,True,planned,False,False,False,False,False
APP02383,CUST0470,SYNTHETIC,2026-09-30,SES00344,contract,31,17,True,True,viewed,False,False,False,False,False
APP02384,CUST0115,SYNTHETIC,2026-07-24,SES02167,home,314,22,False,False,viewed,False,False,False,False,False
APP02385,CUST0290,SYNTHETIC,2026-07-12,SES00968,home,243,1,False,False,viewed,False,False,False,False,False
APP02386,CUST0112,SYNTHETIC,2026-09-20,SES01688,profile,228,5,False,False,viewed,False,False,False,False,False
APP02387,CUST0073,SYNTHETIC,2026-06-21,SES01385,finance,435,13,False,False,paid,False,True,False,False,False
APP02388,CUST0080,SYNTHETIC,2026-08-28,SES00849,notifications,456,1,False,False,dismissed,False,False,False,False,False
APP02389,CUST0326,SYNTHETIC,2026-06-15,SES00083,contract,395,2,True,False,viewed,False,False,False,False,False
APP02390,CUST0261,SYNTHETIC,2026-08-08,SES00721,fines,436,17,True,True,viewed,False,False,False,False,False
APP02391,CUST0151,SYNTHETIC,2026-08-03,SES00385,support,464,17,False,False,opened,False,False,False,False,False
APP02392,CUST0362,SYNTHETIC,2026-06-23,SES00729,home,240,6,False,False,viewed,False,False,False,False,False
APP02393,CUST0130,SYNTHETIC,2026-07-05,SES02151,km,241,12,False,False,viewed,False,False,False,False,False
APP02394,CUST0194,SYNTHETIC,2026-08-07,SES00626,maintenance,250,8,False,False,scheduled,True,False,False,False,False
APP02395,CUST0157,SYNTHETIC,2026-07-30,SES00330,maintenance,153,17,True,False,scheduled,True,False,False,False,False
APP02396,CUST0339,SYNTHETIC,2026-07-09,SES00421,support,21,11,False,False,opened,False,False,False,False,False
APP02397,CUST0246,SYNTHETIC,2026-07-11,SES00982,support,472,12,True,False,opened,False,False,False,False,False
APP02398,CUST0281,SYNTHETIC,2026-08-22,SES01099,maintenance,195,22,False,False,viewed,False,False,False,False,False
APP02399,CUST0489,SYNTHETIC,2026-09-07,SES00331,contract,266,5,False,False,viewed,False,False,False,False,False
APP02400,CUST0192,SYNTHETIC,2026-07-21,SES00822,documents,253,12,True,True,viewed,False,False,False,False,False
APP02401,CUST0058,SYNTHETIC,2026-07-15,SES01955,home,94,5,True,True,viewed,False,False,False,False,False
APP02402,CUST0199,SYNTHETIC,2026-09-13,SES01273,contract,98,21,True,False,viewed,False,False,False,False,False
APP02403,CUST0046,SYNTHETIC,2026-08-04,SES01754,finance,321,22,True,True,viewed,False,False,False,False,False
APP02404,CUST0083,SYNTHETIC,2026-07-14,SES00202,support,175,7,True,True,opened,False,False,False,False,False
APP02405,CUST0135,SYNTHETIC,2026-06-05,SES00659,finance,217,8,True,True,paid,False,True,False,False,False
APP02406,CUST0313,SYNTHETIC,2026-07-22,SES01140,documents,89,13,True,True,viewed,False,False,False,False,False
APP02407,CUST0467,SYNTHETIC,2026-07-19,SES02080,km,214,16,False,False,viewed,False,False,False,False,False
APP02408,CUST0320,SYNTHETIC,2026-08-26,SES02012,maintenance,316,18,True,False,viewed,False,False,False,False,False
APP02409,CUST0195,SYNTHETIC,2026-08-18,SES00331,home,343,12,False,False,viewed,False,False,False,False,False
APP02410,CUST0223,SYNTHETIC,2026-08-05,SES00665,maintenance,44,10,False,False,viewed,False,False,False,False,False
APP02411,CUST0218,SYNTHETIC,2026-07-24,SES01076,support,284,1,False,False,opened,False,False,False,False,False
APP02412,CUST0161,SYNTHETIC,2026-06-05,SES01393,home,284,20,False,False,viewed,False,False,False,False,False
APP02413,CUST0062,SYNTHETIC,2026-07-14,SES01659,documents,155,4,True,False,viewed,False,False,False,False,False
APP02414,CUST0246,SYNTHETIC,2026-07-12,SES01432,notifications,60,18,False,False,opened,False,False,False,False,False
APP02415,CUST0204,SYNTHETIC,2026-06-13,SES01760,finance,18,15,False,False,viewed,False,False,False,False,False
APP02416,CUST0204,SYNTHETIC,2026-06-25,SES00813,benefits,243,7,False,False,viewed,False,False,True,False,False
APP02417,CUST0076,SYNTHETIC,2026-07-21,SES01927,assistant,424,3,True,True,opened,False,False,False,False,False
APP02418,CUST0277,SYNTHETIC,2026-08-28,SES01891,mobility_planner,172,10,True,False,viewed,False,False,False,False,False
APP02419,CUST0214,SYNTHETIC,2026-06-03,SES01759,home,246,14,False,False,viewed,False,False,False,False,False
APP02420,CUST0136,SYNTHETIC,2026-07-27,SES00102,mobility_planner,319,10,True,False,viewed,False,False,False,False,False
APP02421,CUST0156,SYNTHETIC,2026-06-07,SES02029,notifications,370,9,True,True,dismissed,False,False,False,False,False
APP02422,CUST0287,SYNTHETIC,2026-07-08,SES00719,profile,152,22,True,True,viewed,False,False,False,False,False
APP02423,CUST0486,SYNTHETIC,2026-07-21,SES01949,notifications,370,19,False,False,dismissed,False,False,False,False,False
APP02424,CUST0422,SYNTHETIC,2026-06-26,SES01526,finance,50,6,True,True,paid,False,True,False,False,False
APP02425,CUST0395,SYNTHETIC,2026-09-08,SES01407,mobility_planner,45,10,True,False,viewed,False,False,False,False,False
APP02426,CUST0205,SYNTHETIC,2026-08-02,SES00543,finance,424,18,False,False,viewed,False,False,False,False,False
APP02427,CUST0356,SYNTHETIC,2026-08-21,SES00307,km,333,20,False,False,viewed,False,False,False,False,False
APP02428,CUST0444,SYNTHETIC,2026-06-20,SES00948,contract,303,4,False,False,viewed,False,False,False,False,False
APP02429,CUST0112,SYNTHETIC,2026-06-03,SES00236,fines,132,6,False,False,viewed,False,False,False,False,False
APP02430,CUST0467,SYNTHETIC,2026-07-07,SES00820,mobility_planner,176,19,False,False,viewed,False,False,False,False,False
APP02431,CUST0041,SYNTHETIC,2026-09-24,SES01683,assistant,247,10,False,False,opened,False,False,False,False,False
APP02432,CUST0197,SYNTHETIC,2026-06-24,SES01035,documents,79,1,True,False,viewed,False,False,False,False,False
APP02433,CUST0432,SYNTHETIC,2026-08-28,SES00500,benefits,394,22,False,False,viewed,False,False,True,False,False
APP02434,CUST0356,SYNTHETIC,2026-07-14,SES01662,contract,359,11,True,True,viewed,False,False,False,False,False
APP02435,CUST0234,SYNTHETIC,2026-08-21,SES01993,contract,11,15,False,False,viewed,False,False,False,False,False
APP02436,CUST0054,SYNTHETIC,2026-09-09,SES00317,contract,199,11,False,False,viewed,False,False,False,False,False
APP02437,CUST0332,SYNTHETIC,2026-09-11,SES00162,assistant,109,10,False,False,opened,False,False,False,False,False
APP02438,CUST0140,SYNTHETIC,2026-06-19,SES01906,notifications,187,21,False,False,dismissed,False,False,False,False,False
APP02439,CUST0468,SYNTHETIC,2026-06-19,SES01333,fines,352,2,False,False,viewed,False,False,False,False,False
APP02440,CUST0248,SYNTHETIC,2026-07-02,SES00253,profile,337,14,False,False,viewed,False,False,False,False,False
APP02441,CUST0039,SYNTHETIC,2026-06-20,SES00169,support,477,9,False,False,opened,False,False,False,False,False
APP02442,CUST0492,SYNTHETIC,2026-08-12,SES00124,benefits,256,12,False,False,redeemed,False,False,True,True,False
APP02443,CUST0285,SYNTHETIC,2026-09-04,SES01277,home,358,1,False,False,viewed,False,False,False,False,False
APP02444,CUST0466,SYNTHETIC,2026-06-10,SES00827,km,301,2,True,False,viewed,False,False,False,False,False
APP02445,CUST0239,SYNTHETIC,2026-09-22,SES01379,mobility_planner,466,18,True,False,viewed,False,False,False,False,False
APP02446,CUST0397,SYNTHETIC,2026-09-15,SES00632,finance,396,9,True,True,viewed,False,False,False,False,False
APP02447,CUST0217,SYNTHETIC,2026-07-15,SES00042,documents,276,21,True,True,viewed,False,False,False,False,False
APP02448,CUST0326,SYNTHETIC,2026-07-16,SES00212,notifications,28,5,False,False,opened,False,False,False,False,False
APP02449,CUST0186,SYNTHETIC,2026-09-13,SES00410,km,159,9,False,False,viewed,False,False,False,False,False
APP02450,CUST0424,SYNTHETIC,2026-07-03,SES00774,km,49,14,False,False,viewed,False,False,False,False,False
APP02451,CUST0240,SYNTHETIC,2026-08-02,SES01768,maintenance,444,6,False,False,scheduled,True,False,False,False,False
APP02452,CUST0446,SYNTHETIC,2026-06-29,SES02030,home,295,8,False,False,viewed,False,False,False,False,False
APP02453,CUST0324,SYNTHETIC,2026-08-17,SES01191,maintenance,217,4,False,False,viewed,False,False,False,False,False
APP02454,CUST0052,SYNTHETIC,2026-07-11,SES00499,benefits,270,15,False,False,viewed,False,False,True,False,False
APP02455,CUST0482,SYNTHETIC,2026-07-29,SES00371,assistant,246,18,False,False,opened,False,False,False,False,False
APP02456,CUST0125,SYNTHETIC,2026-07-01,SES00702,finance,217,7,False,False,paid,False,True,False,False,False
APP02457,CUST0231,SYNTHETIC,2026-08-12,SES00982,support,365,4,True,True,opened,False,False,False,False,False
APP02458,CUST0248,SYNTHETIC,2026-06-14,SES00544,notifications,462,22,False,False,opened,False,False,False,False,False
APP02459,CUST0463,SYNTHETIC,2026-09-01,SES01828,documents,474,5,False,False,viewed,False,False,False,False,False
APP02460,CUST0249,SYNTHETIC,2026-06-25,SES01438,assistant,13,19,True,False,opened,False,False,False,False,False
APP02461,CUST0177,SYNTHETIC,2026-06-16,SES01908,home,311,20,False,False,viewed,False,False,False,False,False
APP02462,CUST0357,SYNTHETIC,2026-07-21,SES01353,home,293,21,False,False,viewed,False,False,False,False,False
APP02463,CUST0241,SYNTHETIC,2026-06-09,SES01890,home,312,3,False,False,viewed,False,False,False,False,False
APP02464,CUST0452,SYNTHETIC,2026-06-28,SES00370,notifications,277,18,False,False,dismissed,False,False,False,False,False
APP02465,CUST0112,SYNTHETIC,2026-08-27,SES01466,documents,216,15,True,False,viewed,False,False,False,False,False
APP02466,CUST0353,SYNTHETIC,2026-09-30,SES01377,support,279,6,False,False,opened,False,False,False,False,False
APP02467,CUST0407,SYNTHETIC,2026-08-26,SES00423,km,117,22,False,False,viewed,False,False,False,False,False
APP02468,CUST0280,SYNTHETIC,2026-08-01,SES00080,mobility_planner,413,4,True,False,planned,False,False,False,False,False
APP02469,CUST0420,SYNTHETIC,2026-08-10,SES00394,notifications,33,19,False,False,opened,False,False,False,False,False
APP02470,CUST0060,SYNTHETIC,2026-06-22,SES00554,profile,420,11,True,False,viewed,False,False,False,False,False
APP02471,CUST0124,SYNTHETIC,2026-08-01,SES01329,notifications,20,18,True,False,opened,False,False,False,False,False
APP02472,CUST0222,SYNTHETIC,2026-09-05,SES02075,fines,373,8,True,True,viewed,False,False,False,False,False
APP02473,CUST0497,SYNTHETIC,2026-08-16,SES01973,benefits,475,4,False,False,viewed,False,False,True,False,False
APP02474,CUST0303,SYNTHETIC,2026-06-19,SES00503,documents,296,20,False,False,viewed,False,False,False,False,False
APP02475,CUST0216,SYNTHETIC,2026-06-24,SES01209,assistant,321,4,False,False,opened,False,False,False,False,False
APP02476,CUST0325,SYNTHETIC,2026-07-30,SES01299,profile,262,17,False,False,viewed,False,False,False,False,False
APP02477,CUST0042,SYNTHETIC,2026-06-26,SES01035,assistant,115,15,True,False,queried,False,False,False,False,False
APP02478,CUST0184,SYNTHETIC,2026-06-16,SES00188,profile,10,16,False,False,viewed,False,False,False,False,False
APP02479,CUST0361,SYNTHETIC,2026-07-18,SES00711,contract,380,16,False,False,viewed,False,False,False,False,False
APP02480,CUST0171,SYNTHETIC,2026-08-30,SES00534,notifications,219,11,False,False,opened,False,False,False,False,False
APP02481,CUST0457,SYNTHETIC,2026-07-20,SES02181,assistant,134,3,False,False,opened,False,False,False,False,False
APP02482,CUST0093,SYNTHETIC,2026-09-28,SES01828,documents,374,20,False,False,viewed,False,False,False,False,False
APP02483,CUST0496,SYNTHETIC,2026-06-17,SES00747,support,277,18,False,False,contacted,False,False,False,False,True
APP02484,CUST0382,SYNTHETIC,2026-06-13,SES01212,km,267,10,False,False,viewed,False,False,False,False,False
APP02485,CUST0399,SYNTHETIC,2026-08-25,SES00448,finance,254,8,False,False,paid,False,True,False,False,False
APP02486,CUST0286,SYNTHETIC,2026-07-22,SES01787,mobility_planner,61,5,False,False,viewed,False,False,False,False,False
APP02487,CUST0210,SYNTHETIC,2026-08-04,SES00367,assistant,297,2,False,False,opened,False,False,False,False,False
APP02488,CUST0441,SYNTHETIC,2026-08-24,SES01807,home,273,12,False,False,viewed,False,False,False,False,False
APP02489,CUST0055,SYNTHETIC,2026-08-21,SES00129,profile,62,14,True,False,viewed,False,False,False,False,False
APP02490,CUST0439,SYNTHETIC,2026-08-31,SES01571,support,158,5,False,False,opened,False,False,False,False,False
APP02491,CUST0441,SYNTHETIC,2026-09-25,SES00011,benefits,54,9,True,False,viewed,False,False,True,False,False
APP02492,CUST0490,SYNTHETIC,2026-07-28,SES01318,km,266,5,True,False,viewed,False,False,False,False,False
APP02493,CUST0292,SYNTHETIC,2026-06-09,SES01681,maintenance,82,3,True,False,scheduled,True,False,False,False,False
APP02494,CUST0110,SYNTHETIC,2026-08-26,SES01071,home,467,2,False,False,viewed,False,False,False,False,False
APP02495,CUST0146,SYNTHETIC,2026-08-12,SES01802,contract,312,14,False,False,viewed,False,False,False,False,False
APP02496,CUST0051,SYNTHETIC,2026-07-18,SES00032,profile,325,3,False,False,viewed,False,False,False,False,False
APP02497,CUST0089,SYNTHETIC,2026-09-14,SES02012,finance,263,2,False,False,paid,False,True,False,False,False
APP02498,CUST0167,SYNTHETIC,2026-08-19,SES02126,support,431,5,False,False,contacted,False,False,False,False,True
APP02499,CUST0003,SYNTHETIC,2026-09-04,SES01104,fines,243,10,False,False,viewed,False,False,False,False,False
APP02500,CUST0205,SYNTHETIC,2026-07-30,SES00180,notifications,404,14,False,False,dismissed,False,False,False,False,False
APP02501,CUST0129,SYNTHETIC,2026-06-24,SES01528,home,334,10,False,False,viewed,False,False,False,False,False
APP02502,CUST0136,SYNTHETIC,2026-07-19,SES01021,home,83,3,True,False,viewed,False,False,False,False,False
APP02503,CUST0171,SYNTHETIC,2026-06-21,SES00563,mobility_planner,160,10,False,False,planned,False,False,False,False,False
APP02504,CUST0344,SYNTHETIC,2026-08-29,SES01735,km,200,18,True,True,viewed,False,False,False,False,False
APP02505,CUST0328,SYNTHETIC,2026-07-27,SES00941,documents,476,22,False,False,viewed,False,False,False,False,False
APP02506,CUST0435,SYNTHETIC,2026-07-11,SES01385,notifications,205,2,True,True,opened,False,False,False,False,False
APP02507,CUST0135,SYNTHETIC,2026-06-10,SES00127,contract,128,11,True,False,viewed,False,False,False,False,False
APP02508,CUST0279,SYNTHETIC,2026-09-16,SES01073,contract,72,10,True,True,viewed,False,False,False,False,False
APP02509,CUST0208,SYNTHETIC,2026-07-19,SES01332,km,281,5,False,False,viewed,False,False,False,False,False
APP02510,CUST0244,SYNTHETIC,2026-07-18,SES00029,maintenance,23,7,False,False,viewed,False,False,False,False,False
APP02511,CUST0062,SYNTHETIC,2026-06-25,SES02197,profile,398,18,True,True,viewed,False,False,False,False,False
APP02512,CUST0334,SYNTHETIC,2026-06-20,SES00083,km,122,19,False,False,viewed,False,False,False,False,False
APP02513,CUST0029,SYNTHETIC,2026-09-10,SES02195,notifications,410,21,False,False,opened,False,False,False,False,False
APP02514,CUST0184,SYNTHETIC,2026-06-26,SES00678,documents,389,10,False,False,viewed,False,False,False,False,False
APP02515,CUST0328,SYNTHETIC,2026-06-11,SES01086,mobility_planner,255,13,True,False,planned,False,False,False,False,False
APP02516,CUST0339,SYNTHETIC,2026-09-08,SES01762,mobility_planner,177,17,False,False,planned,False,False,False,False,False
APP02517,CUST0170,SYNTHETIC,2026-08-18,SES00989,support,55,5,True,True,contacted,False,False,False,False,True
APP02518,CUST0131,SYNTHETIC,2026-07-16,SES01809,km,166,6,False,False,viewed,False,False,False,False,False
APP02519,CUST0421,SYNTHETIC,2026-09-01,SES01361,documents,39,3,True,True,viewed,False,False,False,False,False
APP02520,CUST0433,SYNTHETIC,2026-10-01,SES01436,notifications,382,5,True,False,dismissed,False,False,False,False,False
APP02521,CUST0402,SYNTHETIC,2026-06-05,SES01878,documents,416,13,True,True,viewed,False,False,False,False,False
APP02522,CUST0126,SYNTHETIC,2026-09-28,SES01582,assistant,307,18,True,False,queried,False,False,False,False,False
APP02523,CUST0300,SYNTHETIC,2026-06-20,SES01169,home,325,9,True,True,viewed,False,False,False,False,False
APP02524,CUST0424,SYNTHETIC,2026-08-09,SES00740,support,302,12,False,False,contacted,False,False,False,False,True
APP02525,CUST0460,SYNTHETIC,2026-09-12,SES01633,finance,103,6,False,False,viewed,False,False,False,False,False
APP02526,CUST0271,SYNTHETIC,2026-06-23,SES02077,notifications,100,13,False,False,opened,False,False,False,False,False
APP02527,CUST0297,SYNTHETIC,2026-07-11,SES00181,support,264,17,True,True,contacted,False,False,False,False,True
APP02528,CUST0033,SYNTHETIC,2026-07-14,SES01492,finance,23,16,True,True,paid,False,True,False,False,False
APP02529,CUST0214,SYNTHETIC,2026-09-24,SES01460,fines,311,12,True,False,viewed,False,False,False,False,False
APP02530,CUST0110,SYNTHETIC,2026-09-30,SES02086,notifications,159,16,True,False,dismissed,False,False,False,False,False
APP02531,CUST0471,SYNTHETIC,2026-10-01,SES00907,home,179,5,False,False,viewed,False,False,False,False,False
APP02532,CUST0351,SYNTHETIC,2026-06-04,SES01091,notifications,178,18,True,True,dismissed,False,False,False,False,False
APP02533,CUST0413,SYNTHETIC,2026-07-11,SES00716,notifications,283,6,False,False,opened,False,False,False,False,False
APP02534,CUST0330,SYNTHETIC,2026-07-27,SES00134,assistant,417,13,False,False,opened,False,False,False,False,False
APP02535,CUST0396,SYNTHETIC,2026-07-02,SES01601,finance,338,4,False,False,viewed,False,False,False,False,False
APP02536,CUST0119,SYNTHETIC,2026-07-17,SES00443,assistant,190,6,True,True,queried,False,False,False,False,False
APP02537,CUST0037,SYNTHETIC,2026-06-09,SES01630,fines,475,12,False,False,viewed,False,False,False,False,False
APP02538,CUST0196,SYNTHETIC,2026-07-08,SES02189,notifications,78,14,False,False,dismissed,False,False,False,False,False
APP02539,CUST0289,SYNTHETIC,2026-07-12,SES00169,home,257,12,True,True,viewed,False,False,False,False,False
APP02540,CUST0152,SYNTHETIC,2026-08-26,SES01137,contract,424,16,True,False,viewed,False,False,False,False,False
APP02541,CUST0171,SYNTHETIC,2026-07-03,SES01789,profile,453,8,False,False,viewed,False,False,False,False,False
APP02542,CUST0264,SYNTHETIC,2026-09-03,SES00930,support,185,13,False,False,opened,False,False,False,False,False
APP02543,CUST0316,SYNTHETIC,2026-08-04,SES00386,notifications,61,2,False,False,opened,False,False,False,False,False
APP02544,CUST0255,SYNTHETIC,2026-07-17,SES01678,maintenance,93,4,True,True,viewed,False,False,False,False,False
APP02545,CUST0071,SYNTHETIC,2026-09-05,SES00336,maintenance,244,20,True,False,scheduled,True,False,False,False,False
APP02546,CUST0466,SYNTHETIC,2026-08-10,SES01559,profile,146,17,True,True,viewed,False,False,False,False,False
APP02547,CUST0251,SYNTHETIC,2026-07-28,SES00574,contract,236,8,False,False,viewed,False,False,False,False,False
APP02548,CUST0166,SYNTHETIC,2026-08-17,SES01722,profile,365,18,False,False,viewed,False,False,False,False,False
APP02549,CUST0476,SYNTHETIC,2026-06-19,SES00859,maintenance,477,2,False,False,viewed,False,False,False,False,False
APP02550,CUST0473,SYNTHETIC,2026-06-14,SES00536,benefits,331,17,False,False,redeemed,False,False,True,True,False
APP02551,CUST0307,SYNTHETIC,2026-09-12,SES00802,maintenance,312,18,False,False,viewed,False,False,False,False,False
APP02552,CUST0446,SYNTHETIC,2026-09-21,SES01588,fines,200,12,True,True,viewed,False,False,False,False,False
APP02553,CUST0450,SYNTHETIC,2026-07-31,SES01507,benefits,297,13,True,True,redeemed,False,False,True,True,False
APP02554,CUST0406,SYNTHETIC,2026-06-24,SES00281,mobility_planner,205,9,False,False,viewed,False,False,False,False,False
APP02555,CUST0443,SYNTHETIC,2026-09-20,SES01194,benefits,98,11,False,False,viewed,False,False,True,False,False
APP02556,CUST0206,SYNTHETIC,2026-09-15,SES01839,profile,242,16,True,True,viewed,False,False,False,False,False
APP02557,CUST0153,SYNTHETIC,2026-08-19,SES01432,finance,323,8,False,False,paid,False,True,False,False,False
APP02558,CUST0291,SYNTHETIC,2026-08-19,SES01682,mobility_planner,316,5,True,False,viewed,False,False,False,False,False
APP02559,CUST0379,SYNTHETIC,2026-09-20,SES00313,documents,366,6,True,True,viewed,False,False,False,False,False
APP02560,CUST0420,SYNTHETIC,2026-09-15,SES01704,benefits,122,20,False,False,viewed,False,False,True,False,False
APP02561,CUST0089,SYNTHETIC,2026-08-24,SES01450,documents,404,19,False,False,viewed,False,False,False,False,False
APP02562,CUST0086,SYNTHETIC,2026-06-12,SES00750,mobility_planner,473,13,False,False,viewed,False,False,False,False,False
APP02563,CUST0227,SYNTHETIC,2026-07-30,SES01011,notifications,108,12,False,False,dismissed,False,False,False,False,False
APP02564,CUST0385,SYNTHETIC,2026-06-25,SES01221,notifications,177,12,True,True,dismissed,False,False,False,False,False
APP02565,CUST0173,SYNTHETIC,2026-09-19,SES00058,km,45,14,False,False,viewed,False,False,False,False,False
APP02566,CUST0122,SYNTHETIC,2026-08-28,SES01174,contract,304,10,False,False,viewed,False,False,False,False,False
APP02567,CUST0060,SYNTHETIC,2026-06-15,SES00007,finance,316,7,False,False,paid,False,True,False,False,False
APP02568,CUST0237,SYNTHETIC,2026-09-19,SES00557,assistant,103,21,False,False,queried,False,False,False,False,False
APP02569,CUST0286,SYNTHETIC,2026-09-04,SES02159,assistant,92,22,True,True,queried,False,False,False,False,False
APP02570,CUST0438,SYNTHETIC,2026-09-27,SES00661,benefits,411,11,True,True,viewed,False,False,True,False,False
APP02571,CUST0223,SYNTHETIC,2026-08-12,SES00194,notifications,161,15,False,False,dismissed,False,False,False,False,False
APP02572,CUST0199,SYNTHETIC,2026-08-23,SES01847,mobility_planner,185,10,True,False,viewed,False,False,False,False,False
APP02573,CUST0267,SYNTHETIC,2026-09-29,SES01625,documents,284,10,False,False,viewed,False,False,False,False,False
APP02574,CUST0257,SYNTHETIC,2026-09-06,SES00160,finance,83,3,False,False,viewed,False,False,False,False,False
APP02575,CUST0138,SYNTHETIC,2026-06-23,SES00775,maintenance,132,16,True,False,viewed,False,False,False,False,False
APP02576,CUST0407,SYNTHETIC,2026-06-15,SES00056,fines,326,1,True,False,viewed,False,False,False,False,False
APP02577,CUST0121,SYNTHETIC,2026-06-06,SES01087,maintenance,437,8,False,False,viewed,False,False,False,False,False
APP02578,CUST0118,SYNTHETIC,2026-08-21,SES00736,maintenance,249,16,True,False,viewed,False,False,False,False,False
APP02579,CUST0285,SYNTHETIC,2026-08-31,SES00867,finance,252,1,False,False,viewed,False,False,False,False,False
APP02580,CUST0274,SYNTHETIC,2026-07-19,SES00811,benefits,435,18,False,False,viewed,False,False,True,False,False
APP02581,CUST0280,SYNTHETIC,2026-08-26,SES00546,fines,339,19,False,False,viewed,False,False,False,False,False
APP02582,CUST0454,SYNTHETIC,2026-09-20,SES01860,benefits,49,4,False,False,viewed,False,False,True,False,False
APP02583,CUST0104,SYNTHETIC,2026-08-30,SES00007,maintenance,86,13,False,False,scheduled,True,False,False,False,False
APP02584,CUST0297,SYNTHETIC,2026-06-21,SES01452,profile,327,14,True,False,viewed,False,False,False,False,False
APP02585,CUST0264,SYNTHETIC,2026-08-01,SES01751,documents,127,15,False,False,viewed,False,False,False,False,False
APP02586,CUST0385,SYNTHETIC,2026-08-09,SES01759,fines,455,18,False,False,viewed,False,False,False,False,False
APP02587,CUST0386,SYNTHETIC,2026-09-07,SES01266,km,374,21,False,False,viewed,False,False,False,False,False
APP02588,CUST0238,SYNTHETIC,2026-09-16,SES01427,mobility_planner,370,10,True,True,viewed,False,False,False,False,False
APP02589,CUST0025,SYNTHETIC,2026-08-29,SES00551,fines,121,5,False,False,viewed,False,False,False,False,False
APP02590,CUST0202,SYNTHETIC,2026-06-11,SES01497,finance,393,20,False,False,viewed,False,False,False,False,False
APP02591,CUST0089,SYNTHETIC,2026-06-16,SES00845,benefits,130,13,False,False,viewed,False,False,True,False,False
APP02592,CUST0281,SYNTHETIC,2026-06-27,SES01866,home,393,13,False,False,viewed,False,False,False,False,False
APP02593,CUST0121,SYNTHETIC,2026-07-03,SES00926,home,137,7,True,True,viewed,False,False,False,False,False
APP02594,CUST0279,SYNTHETIC,2026-07-06,SES00995,assistant,234,21,True,True,opened,False,False,False,False,False
APP02595,CUST0022,SYNTHETIC,2026-09-10,SES01688,contract,326,15,True,True,viewed,False,False,False,False,False
APP02596,CUST0207,SYNTHETIC,2026-09-22,SES00876,home,263,8,True,True,viewed,False,False,False,False,False
APP02597,CUST0279,SYNTHETIC,2026-06-07,SES00840,benefits,180,21,False,False,redeemed,False,False,True,True,False
APP02598,CUST0215,SYNTHETIC,2026-06-14,SES00392,finance,331,20,False,False,paid,False,True,False,False,False
APP02599,CUST0459,SYNTHETIC,2026-09-20,SES00109,finance,405,1,True,False,paid,False,True,False,False,False
APP02600,CUST0417,SYNTHETIC,2026-09-24,SES01555,support,321,21,False,False,opened,False,False,False,False,False
APP02601,CUST0443,SYNTHETIC,2026-06-21,SES00201,fines,427,18,False,False,viewed,False,False,False,False,False
APP02602,CUST0387,SYNTHETIC,2026-09-27,SES01852,finance,369,13,True,False,viewed,False,False,False,False,False
APP02603,CUST0122,SYNTHETIC,2026-06-12,SES01089,km,297,3,False,False,viewed,False,False,False,False,False
APP02604,CUST0159,SYNTHETIC,2026-07-30,SES01073,finance,343,12,True,False,paid,False,True,False,False,False
APP02605,CUST0429,SYNTHETIC,2026-07-12,SES00891,km,375,6,False,False,viewed,False,False,False,False,False
APP02606,CUST0425,SYNTHETIC,2026-08-30,SES01177,mobility_planner,419,11,True,False,viewed,False,False,False,False,False
APP02607,CUST0135,SYNTHETIC,2026-07-07,SES01671,profile,399,14,True,False,viewed,False,False,False,False,False
APP02608,CUST0494,SYNTHETIC,2026-08-03,SES01921,fines,462,6,True,True,viewed,False,False,False,False,False
APP02609,CUST0023,SYNTHETIC,2026-06-17,SES01267,notifications,19,11,True,True,opened,False,False,False,False,False
APP02610,CUST0498,SYNTHETIC,2026-06-09,SES01165,fines,64,10,False,False,viewed,False,False,False,False,False
APP02611,CUST0055,SYNTHETIC,2026-06-30,SES01700,home,305,9,False,False,viewed,False,False,False,False,False
APP02612,CUST0495,SYNTHETIC,2026-07-13,SES00785,finance,12,1,True,False,viewed,False,False,False,False,False
APP02613,CUST0373,SYNTHETIC,2026-09-19,SES01341,benefits,125,6,True,True,viewed,False,False,True,False,False
APP02614,CUST0127,SYNTHETIC,2026-09-10,SES01166,home,164,10,False,False,viewed,False,False,False,False,False
APP02615,CUST0369,SYNTHETIC,2026-08-05,SES01142,km,65,16,False,False,viewed,False,False,False,False,False
APP02616,CUST0298,SYNTHETIC,2026-07-15,SES00831,maintenance,308,5,True,False,viewed,False,False,False,False,False
APP02617,CUST0369,SYNTHETIC,2026-07-23,SES01519,profile,61,13,True,False,viewed,False,False,False,False,False
APP02618,CUST0485,SYNTHETIC,2026-06-22,SES00686,km,106,14,False,False,viewed,False,False,False,False,False
APP02619,CUST0185,SYNTHETIC,2026-06-06,SES01123,contract,242,12,True,False,viewed,False,False,False,False,False
APP02620,CUST0067,SYNTHETIC,2026-06-17,SES00341,contract,41,21,False,False,viewed,False,False,False,False,False
APP02621,CUST0221,SYNTHETIC,2026-06-19,SES00603,profile,64,16,False,False,viewed,False,False,False,False,False
APP02622,CUST0045,SYNTHETIC,2026-09-06,SES00902,mobility_planner,375,3,True,True,viewed,False,False,False,False,False
APP02623,CUST0219,SYNTHETIC,2026-08-11,SES02138,contract,111,5,True,False,viewed,False,False,False,False,False
APP02624,CUST0239,SYNTHETIC,2026-06-17,SES01503,km,252,14,True,False,viewed,False,False,False,False,False
APP02625,CUST0321,SYNTHETIC,2026-08-17,SES00468,fines,22,2,True,True,viewed,False,False,False,False,False
APP02626,CUST0264,SYNTHETIC,2026-08-23,SES01643,profile,160,14,False,False,viewed,False,False,False,False,False
APP02627,CUST0070,SYNTHETIC,2026-09-27,SES01782,fines,119,17,True,True,viewed,False,False,False,False,False
APP02628,CUST0144,SYNTHETIC,2026-06-19,SES01406,finance,128,10,True,False,paid,False,True,False,False,False
APP02629,CUST0156,SYNTHETIC,2026-07-24,SES01886,km,267,21,False,False,viewed,False,False,False,False,False
APP02630,CUST0008,SYNTHETIC,2026-07-01,SES01988,home,319,6,True,False,viewed,False,False,False,False,False
APP02631,CUST0036,SYNTHETIC,2026-09-22,SES01849,home,398,18,True,False,viewed,False,False,False,False,False
APP02632,CUST0077,SYNTHETIC,2026-07-09,SES00848,assistant,28,9,False,False,queried,False,False,False,False,False
APP02633,CUST0080,SYNTHETIC,2026-06-07,SES00233,mobility_planner,19,14,False,False,viewed,False,False,False,False,False
APP02634,CUST0495,SYNTHETIC,2026-08-24,SES01325,profile,261,8,False,False,viewed,False,False,False,False,False
APP02635,CUST0306,SYNTHETIC,2026-07-27,SES00244,documents,65,17,True,True,viewed,False,False,False,False,False
APP02636,CUST0262,SYNTHETIC,2026-09-03,SES02054,notifications,60,11,False,False,dismissed,False,False,False,False,False
APP02637,CUST0242,SYNTHETIC,2026-06-27,SES00653,support,50,7,True,True,opened,False,False,False,False,False
APP02638,CUST0091,SYNTHETIC,2026-07-15,SES00286,notifications,312,10,True,True,dismissed,False,False,False,False,False
APP02639,CUST0494,SYNTHETIC,2026-06-26,SES01368,support,421,15,False,False,opened,False,False,False,False,False
APP02640,CUST0242,SYNTHETIC,2026-07-19,SES01930,mobility_planner,206,5,True,True,planned,False,False,False,False,False
APP02641,CUST0467,SYNTHETIC,2026-08-01,SES00041,km,253,4,False,False,viewed,False,False,False,False,False
APP02642,CUST0220,SYNTHETIC,2026-07-01,SES01993,mobility_planner,125,8,False,False,planned,False,False,False,False,False
APP02643,CUST0499,SYNTHETIC,2026-09-15,SES01230,maintenance,69,2,False,False,scheduled,True,False,False,False,False
APP02644,CUST0171,SYNTHETIC,2026-09-25,SES01613,contract,264,5,False,False,viewed,False,False,False,False,False
APP02645,CUST0203,SYNTHETIC,2026-08-16,SES00148,assistant,474,2,True,False,queried,False,False,False,False,False
APP02646,CUST0046,SYNTHETIC,2026-06-26,SES01321,fines,116,17,False,False,viewed,False,False,False,False,False
APP02647,CUST0476,SYNTHETIC,2026-09-07,SES00852,fines,163,17,True,False,viewed,False,False,False,False,False
APP02648,CUST0194,SYNTHETIC,2026-07-08,SES01259,mobility_planner,201,20,False,False,planned,False,False,False,False,False
APP02649,CUST0208,SYNTHETIC,2026-07-03,SES00999,mobility_planner,70,15,False,False,planned,False,False,False,False,False
APP02650,CUST0095,SYNTHETIC,2026-07-04,SES00302,km,318,6,True,True,viewed,False,False,False,False,False
APP02651,CUST0486,SYNTHETIC,2026-08-07,SES00024,profile,264,15,True,False,viewed,False,False,False,False,False
APP02652,CUST0084,SYNTHETIC,2026-07-19,SES01031,benefits,243,10,True,False,viewed,False,False,True,False,False
APP02653,CUST0111,SYNTHETIC,2026-06-27,SES00716,benefits,85,3,False,False,viewed,False,False,True,False,False
APP02654,CUST0122,SYNTHETIC,2026-06-15,SES00419,support,321,7,True,False,opened,False,False,False,False,False
APP02655,CUST0073,SYNTHETIC,2026-07-19,SES01879,maintenance,153,3,False,False,scheduled,True,False,False,False,False
APP02656,CUST0208,SYNTHETIC,2026-08-20,SES00259,benefits,349,14,True,False,viewed,False,False,True,False,False
APP02657,CUST0476,SYNTHETIC,2026-07-06,SES00444,notifications,50,20,True,False,opened,False,False,False,False,False
APP02658,CUST0445,SYNTHETIC,2026-08-27,SES01734,support,321,13,False,False,opened,False,False,False,False,False
APP02659,CUST0246,SYNTHETIC,2026-09-22,SES00339,km,158,2,False,False,viewed,False,False,False,False,False
APP02660,CUST0365,SYNTHETIC,2026-06-22,SES01247,home,54,11,True,True,viewed,False,False,False,False,False
APP02661,CUST0227,SYNTHETIC,2026-08-04,SES01222,mobility_planner,376,22,False,False,planned,False,False,False,False,False
APP02662,CUST0058,SYNTHETIC,2026-09-05,SES00556,fines,336,5,False,False,viewed,False,False,False,False,False
APP02663,CUST0219,SYNTHETIC,2026-07-15,SES00644,documents,86,6,False,False,viewed,False,False,False,False,False
APP02664,CUST0196,SYNTHETIC,2026-06-05,SES01222,benefits,480,4,True,False,redeemed,False,False,True,True,False
APP02665,CUST0246,SYNTHETIC,2026-09-12,SES00717,benefits,9,3,True,False,viewed,False,False,True,False,False
APP02666,CUST0301,SYNTHETIC,2026-07-17,SES00280,home,341,9,False,False,viewed,False,False,False,False,False
APP02667,CUST0169,SYNTHETIC,2026-07-19,SES01554,notifications,86,20,False,False,dismissed,False,False,False,False,False
APP02668,CUST0406,SYNTHETIC,2026-06-28,SES01657,benefits,314,13,False,False,redeemed,False,False,True,True,False
APP02669,CUST0097,SYNTHETIC,2026-08-20,SES01808,notifications,256,10,False,False,dismissed,False,False,False,False,False
APP02670,CUST0402,SYNTHETIC,2026-07-04,SES01072,notifications,185,4,False,False,opened,False,False,False,False,False
APP02671,CUST0343,SYNTHETIC,2026-07-30,SES00900,support,294,12,True,True,opened,False,False,False,False,False
APP02672,CUST0116,SYNTHETIC,2026-07-16,SES01602,fines,266,21,True,True,viewed,False,False,False,False,False
APP02673,CUST0021,SYNTHETIC,2026-08-13,SES00763,home,391,12,False,False,viewed,False,False,False,False,False
APP02674,CUST0458,SYNTHETIC,2026-07-14,SES00382,home,444,21,False,False,viewed,False,False,False,False,False
APP02675,CUST0290,SYNTHETIC,2026-07-22,SES01326,home,355,20,False,False,viewed,False,False,False,False,False
APP02676,CUST0399,SYNTHETIC,2026-06-20,SES01711,fines,342,12,False,False,viewed,False,False,False,False,False
APP02677,CUST0411,SYNTHETIC,2026-07-12,SES00772,fines,100,4,False,False,viewed,False,False,False,False,False
APP02678,CUST0146,SYNTHETIC,2026-09-28,SES01844,support,467,17,False,False,opened,False,False,False,False,False
APP02679,CUST0069,SYNTHETIC,2026-07-19,SES01673,contract,14,1,False,False,viewed,False,False,False,False,False
APP02680,CUST0002,SYNTHETIC,2026-08-30,SES01680,finance,244,9,False,False,paid,False,True,False,False,False
APP02681,CUST0221,SYNTHETIC,2026-07-31,SES00693,contract,435,21,True,False,viewed,False,False,False,False,False
APP02682,CUST0302,SYNTHETIC,2026-06-25,SES01901,assistant,368,7,False,False,queried,False,False,False,False,False
APP02683,CUST0021,SYNTHETIC,2026-09-24,SES01985,km,357,20,False,False,viewed,False,False,False,False,False
APP02684,CUST0391,SYNTHETIC,2026-06-18,SES00958,mobility_planner,230,11,True,False,planned,False,False,False,False,False
APP02685,CUST0087,SYNTHETIC,2026-09-27,SES00993,assistant,283,2,False,False,opened,False,False,False,False,False
APP02686,CUST0091,SYNTHETIC,2026-09-03,SES01425,mobility_planner,109,8,False,False,viewed,False,False,False,False,False
APP02687,CUST0383,SYNTHETIC,2026-09-22,SES01516,benefits,28,9,False,False,redeemed,False,False,True,True,False
APP02688,CUST0442,SYNTHETIC,2026-09-18,SES01407,home,421,11,False,False,viewed,False,False,False,False,False
APP02689,CUST0336,SYNTHETIC,2026-09-14,SES00906,km,109,10,False,False,viewed,False,False,False,False,False
APP02690,CUST0040,SYNTHETIC,2026-06-28,SES01740,contract,469,15,False,False,viewed,False,False,False,False,False
APP02691,CUST0140,SYNTHETIC,2026-08-12,SES01050,maintenance,413,21,True,False,scheduled,True,False,False,False,False
APP02692,CUST0150,SYNTHETIC,2026-08-22,SES01773,km,36,12,False,False,viewed,False,False,False,False,False
APP02693,CUST0445,SYNTHETIC,2026-06-14,SES00271,support,251,9,False,False,opened,False,False,False,False,False
APP02694,CUST0264,SYNTHETIC,2026-08-20,SES00780,profile,148,11,True,False,viewed,False,False,False,False,False
APP02695,CUST0117,SYNTHETIC,2026-08-10,SES00006,contract,202,13,True,False,viewed,False,False,False,False,False
APP02696,CUST0249,SYNTHETIC,2026-09-20,SES00055,mobility_planner,395,18,True,False,planned,False,False,False,False,False
APP02697,CUST0270,SYNTHETIC,2026-07-13,SES01662,benefits,227,12,False,False,viewed,False,False,True,False,False
APP02698,CUST0478,SYNTHETIC,2026-06-22,SES01378,contract,439,11,True,False,viewed,False,False,False,False,False
APP02699,CUST0069,SYNTHETIC,2026-07-18,SES00135,mobility_planner,59,22,True,True,viewed,False,False,False,False,False
APP02700,CUST0091,SYNTHETIC,2026-06-08,SES02067,maintenance,217,20,False,False,scheduled,True,False,False,False,False
APP02701,CUST0432,SYNTHETIC,2026-09-07,SES02199,contract,384,22,True,True,viewed,False,False,False,False,False
APP02702,CUST0025,SYNTHETIC,2026-06-05,SES00693,mobility_planner,73,3,False,False,planned,False,False,False,False,False
APP02703,CUST0242,SYNTHETIC,2026-08-29,SES00355,mobility_planner,245,6,True,True,planned,False,False,False,False,False
APP02704,CUST0077,SYNTHETIC,2026-07-16,SES01358,finance,89,21,True,True,viewed,False,False,False,False,False
APP02705,CUST0348,SYNTHETIC,2026-07-25,SES00530,contract,112,10,False,False,viewed,False,False,False,False,False
APP02706,CUST0293,SYNTHETIC,2026-08-11,SES00782,fines,36,8,False,False,viewed,False,False,False,False,False
APP02707,CUST0072,SYNTHETIC,2026-09-13,SES00442,notifications,401,9,False,False,opened,False,False,False,False,False
APP02708,CUST0458,SYNTHETIC,2026-06-16,SES00839,maintenance,171,6,False,False,viewed,False,False,False,False,False
APP02709,CUST0257,SYNTHETIC,2026-06-29,SES01557,notifications,197,17,True,False,dismissed,False,False,False,False,False
APP02710,CUST0486,SYNTHETIC,2026-09-02,SES00436,assistant,403,13,True,True,opened,False,False,False,False,False
APP02711,CUST0438,SYNTHETIC,2026-09-04,SES02017,fines,27,21,True,False,viewed,False,False,False,False,False
APP02712,CUST0122,SYNTHETIC,2026-07-03,SES01991,maintenance,152,22,True,True,viewed,False,False,False,False,False
APP02713,CUST0042,SYNTHETIC,2026-07-26,SES00741,profile,183,19,True,True,viewed,False,False,False,False,False
APP02714,CUST0361,SYNTHETIC,2026-07-27,SES00912,km,466,18,True,True,viewed,False,False,False,False,False
APP02715,CUST0441,SYNTHETIC,2026-08-10,SES01680,notifications,393,15,True,False,dismissed,False,False,False,False,False
APP02716,CUST0476,SYNTHETIC,2026-06-21,SES00508,notifications,23,8,True,False,opened,False,False,False,False,False
APP02717,CUST0443,SYNTHETIC,2026-06-05,SES01173,benefits,468,19,True,False,viewed,False,False,True,False,False
APP02718,CUST0368,SYNTHETIC,2026-06-10,SES01897,contract,129,22,False,False,viewed,False,False,False,False,False
APP02719,CUST0500,SYNTHETIC,2026-08-29,SES01665,fines,294,9,False,False,viewed,False,False,False,False,False
APP02720,CUST0330,SYNTHETIC,2026-07-24,SES01837,contract,322,19,False,False,viewed,False,False,False,False,False
APP02721,CUST0313,SYNTHETIC,2026-08-09,SES02056,fines,36,8,False,False,viewed,False,False,False,False,False
APP02722,CUST0294,SYNTHETIC,2026-08-07,SES01820,assistant,374,9,False,False,opened,False,False,False,False,False
APP02723,CUST0499,SYNTHETIC,2026-06-09,SES01516,mobility_planner,215,13,False,False,planned,False,False,False,False,False
APP02724,CUST0456,SYNTHETIC,2026-06-04,SES01769,home,278,9,False,False,viewed,False,False,False,False,False
APP02725,CUST0421,SYNTHETIC,2026-08-15,SES01144,support,217,14,False,False,opened,False,False,False,False,False
APP02726,CUST0373,SYNTHETIC,2026-09-24,SES00233,profile,310,16,False,False,viewed,False,False,False,False,False
APP02727,CUST0500,SYNTHETIC,2026-07-11,SES02047,assistant,134,18,True,False,queried,False,False,False,False,False
APP02728,CUST0300,SYNTHETIC,2026-07-04,SES01453,finance,362,11,False,False,viewed,False,False,False,False,False
APP02729,CUST0403,SYNTHETIC,2026-09-16,SES01540,support,20,16,False,False,opened,False,False,False,False,False
APP02730,CUST0107,SYNTHETIC,2026-08-10,SES02036,profile,127,18,False,False,viewed,False,False,False,False,False
APP02731,CUST0196,SYNTHETIC,2026-07-16,SES00281,notifications,231,10,True,True,dismissed,False,False,False,False,False
APP02732,CUST0280,SYNTHETIC,2026-09-17,SES01065,finance,392,9,False,False,viewed,False,False,False,False,False
APP02733,CUST0453,SYNTHETIC,2026-08-08,SES00930,profile,401,19,True,True,viewed,False,False,False,False,False
APP02734,CUST0366,SYNTHETIC,2026-09-14,SES00355,assistant,447,5,False,False,queried,False,False,False,False,False
APP02735,CUST0143,SYNTHETIC,2026-09-01,SES01975,finance,314,16,False,False,viewed,False,False,False,False,False
APP02736,CUST0286,SYNTHETIC,2026-06-17,SES00332,finance,66,11,False,False,viewed,False,False,False,False,False
APP02737,CUST0486,SYNTHETIC,2026-07-28,SES00549,home,166,10,True,False,viewed,False,False,False,False,False
APP02738,CUST0359,SYNTHETIC,2026-09-05,SES01847,benefits,136,2,False,False,viewed,False,False,True,False,False
APP02739,CUST0151,SYNTHETIC,2026-06-14,SES00232,documents,70,6,False,False,viewed,False,False,False,False,False
APP02740,CUST0345,SYNTHETIC,2026-06-04,SES01338,contract,331,13,True,False,viewed,False,False,False,False,False
APP02741,CUST0303,SYNTHETIC,2026-09-28,SES01101,km,444,21,False,False,viewed,False,False,False,False,False
APP02742,CUST0147,SYNTHETIC,2026-07-06,SES00748,profile,156,13,False,False,viewed,False,False,False,False,False
APP02743,CUST0035,SYNTHETIC,2026-08-23,SES02199,support,62,8,False,False,opened,False,False,False,False,False
APP02744,CUST0467,SYNTHETIC,2026-06-14,SES00834,profile,374,18,False,False,viewed,False,False,False,False,False
APP02745,CUST0026,SYNTHETIC,2026-08-20,SES01072,km,37,19,True,True,viewed,False,False,False,False,False
APP02746,CUST0340,SYNTHETIC,2026-07-18,SES01102,fines,179,5,True,True,viewed,False,False,False,False,False
APP02747,CUST0336,SYNTHETIC,2026-07-19,SES02184,fines,366,22,True,False,viewed,False,False,False,False,False
APP02748,CUST0068,SYNTHETIC,2026-09-06,SES01088,documents,358,20,False,False,viewed,False,False,False,False,False
APP02749,CUST0068,SYNTHETIC,2026-06-07,SES00529,assistant,473,16,False,False,opened,False,False,False,False,False
APP02750,CUST0135,SYNTHETIC,2026-08-06,SES01681,benefits,169,2,True,False,viewed,False,False,True,False,False
APP02751,CUST0102,SYNTHETIC,2026-09-26,SES00755,assistant,418,12,True,True,queried,False,False,False,False,False
APP02752,CUST0241,SYNTHETIC,2026-08-22,SES01429,fines,312,13,False,False,viewed,False,False,False,False,False
APP02753,CUST0453,SYNTHETIC,2026-07-26,SES00437,fines,25,4,True,True,viewed,False,False,False,False,False
APP02754,CUST0477,SYNTHETIC,2026-08-22,SES01435,assistant,115,17,False,False,opened,False,False,False,False,False
APP02755,CUST0187,SYNTHETIC,2026-08-25,SES00772,profile,220,16,True,True,viewed,False,False,False,False,False
APP02756,CUST0189,SYNTHETIC,2026-08-29,SES01843,mobility_planner,203,12,True,False,viewed,False,False,False,False,False
APP02757,CUST0314,SYNTHETIC,2026-09-22,SES00258,documents,474,5,True,False,viewed,False,False,False,False,False
APP02758,CUST0074,SYNTHETIC,2026-07-30,SES00704,assistant,197,2,True,False,queried,False,False,False,False,False
APP02759,CUST0087,SYNTHETIC,2026-07-16,SES01845,maintenance,405,16,False,False,viewed,False,False,False,False,False
APP02760,CUST0394,SYNTHETIC,2026-09-30,SES01703,fines,326,7,False,False,viewed,False,False,False,False,False
APP02761,CUST0100,SYNTHETIC,2026-08-23,SES01836,support,233,17,True,True,contacted,False,False,False,False,True
APP02762,CUST0324,SYNTHETIC,2026-07-11,SES00712,benefits,235,3,False,False,viewed,False,False,True,False,False
APP02763,CUST0470,SYNTHETIC,2026-08-19,SES02065,maintenance,143,5,True,True,scheduled,True,False,False,False,False
APP02764,CUST0122,SYNTHETIC,2026-09-08,SES01928,maintenance,249,18,True,False,viewed,False,False,False,False,False
APP02765,CUST0466,SYNTHETIC,2026-07-09,SES01109,benefits,125,4,False,False,viewed,False,False,True,False,False
APP02766,CUST0398,SYNTHETIC,2026-06-28,SES01621,assistant,474,10,False,False,opened,False,False,False,False,False
APP02767,CUST0184,SYNTHETIC,2026-08-22,SES01799,finance,177,17,True,False,viewed,False,False,False,False,False
APP02768,CUST0315,SYNTHETIC,2026-08-27,SES00758,notifications,459,2,False,False,dismissed,False,False,False,False,False
APP02769,CUST0096,SYNTHETIC,2026-06-19,SES01153,benefits,356,3,False,False,redeemed,False,False,True,True,False
APP02770,CUST0428,SYNTHETIC,2026-06-08,SES01736,contract,195,8,True,True,viewed,False,False,False,False,False
APP02771,CUST0387,SYNTHETIC,2026-09-11,SES00798,support,25,9,True,True,opened,False,False,False,False,False
APP02772,CUST0001,SYNTHETIC,2026-08-03,SES00513,assistant,364,19,True,True,queried,False,False,False,False,False
APP02773,CUST0415,SYNTHETIC,2026-08-03,SES01141,benefits,62,20,False,False,viewed,False,False,True,False,False
APP02774,CUST0311,SYNTHETIC,2026-06-28,SES01066,km,54,9,True,True,viewed,False,False,False,False,False
APP02775,CUST0164,SYNTHETIC,2026-06-09,SES01775,home,372,21,True,False,viewed,False,False,False,False,False
APP02776,CUST0039,SYNTHETIC,2026-07-03,SES00178,fines,299,4,False,False,viewed,False,False,False,False,False
APP02777,CUST0457,SYNTHETIC,2026-08-28,SES01720,notifications,157,20,True,False,opened,False,False,False,False,False
APP02778,CUST0150,SYNTHETIC,2026-08-04,SES02106,assistant,195,9,True,True,queried,False,False,False,False,False
APP02779,CUST0137,SYNTHETIC,2026-06-08,SES00417,assistant,182,17,False,False,opened,False,False,False,False,False
APP02780,CUST0186,SYNTHETIC,2026-06-16,SES00538,maintenance,215,9,False,False,viewed,False,False,False,False,False
APP02781,CUST0440,SYNTHETIC,2026-06-12,SES00283,support,313,6,False,False,opened,False,False,False,False,False
APP02782,CUST0042,SYNTHETIC,2026-08-20,SES02111,maintenance,263,3,True,False,viewed,False,False,False,False,False
APP02783,CUST0198,SYNTHETIC,2026-06-19,SES00305,finance,394,7,True,True,viewed,False,False,False,False,False
APP02784,CUST0100,SYNTHETIC,2026-06-07,SES02000,mobility_planner,199,12,True,False,viewed,False,False,False,False,False
APP02785,CUST0249,SYNTHETIC,2026-06-29,SES01390,notifications,85,3,True,False,dismissed,False,False,False,False,False
APP02786,CUST0374,SYNTHETIC,2026-06-30,SES01995,finance,420,11,False,False,viewed,False,False,False,False,False
APP02787,CUST0200,SYNTHETIC,2026-06-04,SES01841,notifications,25,18,False,False,dismissed,False,False,False,False,False
APP02788,CUST0477,SYNTHETIC,2026-06-19,SES01057,profile,324,15,True,True,viewed,False,False,False,False,False
APP02789,CUST0311,SYNTHETIC,2026-07-26,SES00443,assistant,123,15,False,False,queried,False,False,False,False,False
APP02790,CUST0157,SYNTHETIC,2026-06-30,SES01278,benefits,390,22,False,False,viewed,False,False,True,False,False
APP02791,CUST0414,SYNTHETIC,2026-07-13,SES00886,home,245,21,False,False,viewed,False,False,False,False,False
APP02792,CUST0074,SYNTHETIC,2026-08-19,SES00252,finance,460,9,True,True,viewed,False,False,False,False,False
APP02793,CUST0193,SYNTHETIC,2026-09-19,SES00051,mobility_planner,182,10,False,False,viewed,False,False,False,False,False
APP02794,CUST0491,SYNTHETIC,2026-06-03,SES02099,mobility_planner,430,6,False,False,planned,False,False,False,False,False
APP02795,CUST0094,SYNTHETIC,2026-07-14,SES00068,home,247,17,False,False,viewed,False,False,False,False,False
APP02796,CUST0396,SYNTHETIC,2026-06-18,SES02054,support,362,20,True,False,opened,False,False,False,False,False
APP02797,CUST0028,SYNTHETIC,2026-07-25,SES00236,profile,453,13,False,False,viewed,False,False,False,False,False
APP02798,CUST0446,SYNTHETIC,2026-09-08,SES01758,documents,289,2,False,False,viewed,False,False,False,False,False
APP02799,CUST0235,SYNTHETIC,2026-06-21,SES01163,fines,60,10,True,True,viewed,False,False,False,False,False
APP02800,CUST0089,SYNTHETIC,2026-07-26,SES01683,profile,286,11,False,False,viewed,False,False,False,False,False
APP02801,CUST0237,SYNTHETIC,2026-08-28,SES00893,mobility_planner,71,8,False,False,viewed,False,False,False,False,False
APP02802,CUST0286,SYNTHETIC,2026-09-17,SES00904,km,154,1,False,False,viewed,False,False,False,False,False
APP02803,CUST0188,SYNTHETIC,2026-09-19,SES01447,documents,89,11,False,False,viewed,False,False,False,False,False
APP02804,CUST0318,SYNTHETIC,2026-08-15,SES01080,mobility_planner,116,17,True,False,viewed,False,False,False,False,False
APP02805,CUST0348,SYNTHETIC,2026-09-05,SES02066,assistant,219,3,True,False,opened,False,False,False,False,False
APP02806,CUST0062,SYNTHETIC,2026-07-07,SES01345,contract,260,16,False,False,viewed,False,False,False,False,False
APP02807,CUST0303,SYNTHETIC,2026-09-20,SES00385,fines,255,22,True,False,viewed,False,False,False,False,False
APP02808,CUST0316,SYNTHETIC,2026-09-19,SES01083,mobility_planner,339,2,True,True,viewed,False,False,False,False,False
APP02809,CUST0155,SYNTHETIC,2026-08-27,SES00459,assistant,379,12,False,False,opened,False,False,False,False,False
APP02810,CUST0007,SYNTHETIC,2026-09-16,SES01603,assistant,222,18,True,True,queried,False,False,False,False,False
APP02811,CUST0232,SYNTHETIC,2026-09-22,SES00693,home,208,16,False,False,viewed,False,False,False,False,False
APP02812,CUST0172,SYNTHETIC,2026-09-30,SES00148,mobility_planner,397,20,False,False,viewed,False,False,False,False,False
APP02813,CUST0355,SYNTHETIC,2026-06-17,SES00728,assistant,221,6,True,True,queried,False,False,False,False,False
APP02814,CUST0436,SYNTHETIC,2026-08-30,SES00841,benefits,298,5,False,False,redeemed,False,False,True,True,False
APP02815,CUST0378,SYNTHETIC,2026-09-01,SES01544,fines,307,8,True,True,viewed,False,False,False,False,False
APP02816,CUST0106,SYNTHETIC,2026-07-22,SES00414,km,74,2,True,True,viewed,False,False,False,False,False
APP02817,CUST0458,SYNTHETIC,2026-07-07,SES01514,assistant,350,15,False,False,opened,False,False,False,False,False
APP02818,CUST0193,SYNTHETIC,2026-08-14,SES00960,notifications,37,21,False,False,opened,False,False,False,False,False
APP02819,CUST0066,SYNTHETIC,2026-09-17,SES00417,notifications,225,4,False,False,dismissed,False,False,False,False,False
APP02820,CUST0271,SYNTHETIC,2026-06-22,SES01918,fines,85,16,True,True,viewed,False,False,False,False,False
APP02821,CUST0356,SYNTHETIC,2026-07-16,SES00334,fines,409,2,False,False,viewed,False,False,False,False,False
APP02822,CUST0266,SYNTHETIC,2026-06-23,SES00353,assistant,409,2,True,True,queried,False,False,False,False,False
APP02823,CUST0331,SYNTHETIC,2026-08-06,SES00852,home,389,15,True,False,viewed,False,False,False,False,False
APP02824,CUST0126,SYNTHETIC,2026-06-13,SES01585,km,262,11,True,True,viewed,False,False,False,False,False
APP02825,CUST0189,SYNTHETIC,2026-09-06,SES00874,benefits,153,1,True,True,viewed,False,False,True,False,False
APP02826,CUST0463,SYNTHETIC,2026-08-23,SES01089,notifications,382,18,False,False,dismissed,False,False,False,False,False
APP02827,CUST0304,SYNTHETIC,2026-09-21,SES01073,mobility_planner,298,16,False,False,viewed,False,False,False,False,False
APP02828,CUST0265,SYNTHETIC,2026-08-21,SES01885,contract,115,7,False,False,viewed,False,False,False,False,False
APP02829,CUST0289,SYNTHETIC,2026-09-08,SES01772,fines,125,15,False,False,viewed,False,False,False,False,False
APP02830,CUST0039,SYNTHETIC,2026-08-01,SES01965,km,209,8,True,False,viewed,False,False,False,False,False
APP02831,CUST0332,SYNTHETIC,2026-09-18,SES01483,notifications,168,21,True,True,opened,False,False,False,False,False
APP02832,CUST0369,SYNTHETIC,2026-08-01,SES00880,km,163,14,True,True,viewed,False,False,False,False,False
APP02833,CUST0451,SYNTHETIC,2026-07-20,SES01240,benefits,175,20,False,False,viewed,False,False,True,False,False
APP02834,CUST0348,SYNTHETIC,2026-09-23,SES01715,fines,142,8,True,True,viewed,False,False,False,False,False
APP02835,CUST0144,SYNTHETIC,2026-08-09,SES02110,maintenance,434,3,False,False,viewed,False,False,False,False,False
APP02836,CUST0313,SYNTHETIC,2026-06-30,SES00464,maintenance,306,11,True,True,viewed,False,False,False,False,False
APP02837,CUST0252,SYNTHETIC,2026-08-20,SES00605,maintenance,111,7,False,False,scheduled,True,False,False,False,False
APP02838,CUST0362,SYNTHETIC,2026-09-03,SES00058,benefits,211,21,False,False,redeemed,False,False,True,True,False
APP02839,CUST0440,SYNTHETIC,2026-06-03,SES02097,profile,263,2,False,False,viewed,False,False,False,False,False
APP02840,CUST0452,SYNTHETIC,2026-07-12,SES00999,documents,393,7,True,True,viewed,False,False,False,False,False
APP02841,CUST0401,SYNTHETIC,2026-08-22,SES01467,contract,41,10,False,False,viewed,False,False,False,False,False
APP02842,CUST0267,SYNTHETIC,2026-07-21,SES00448,km,76,22,True,False,viewed,False,False,False,False,False
APP02843,CUST0482,SYNTHETIC,2026-06-04,SES00494,maintenance,329,2,False,False,viewed,False,False,False,False,False
APP02844,CUST0290,SYNTHETIC,2026-08-03,SES00215,home,263,8,True,False,viewed,False,False,False,False,False
APP02845,CUST0362,SYNTHETIC,2026-09-23,SES01819,home,468,6,True,True,viewed,False,False,False,False,False
APP02846,CUST0185,SYNTHETIC,2026-07-19,SES00969,mobility_planner,352,16,False,False,viewed,False,False,False,False,False
APP02847,CUST0144,SYNTHETIC,2026-08-31,SES01497,benefits,261,11,False,False,viewed,False,False,True,False,False
APP02848,CUST0185,SYNTHETIC,2026-08-23,SES00561,contract,130,13,True,True,viewed,False,False,False,False,False
APP02849,CUST0136,SYNTHETIC,2026-08-31,SES00913,contract,319,2,True,True,viewed,False,False,False,False,False
APP02850,CUST0295,SYNTHETIC,2026-06-15,SES00892,mobility_planner,365,15,True,False,viewed,False,False,False,False,False
APP02851,CUST0466,SYNTHETIC,2026-07-29,SES01088,finance,301,1,False,False,viewed,False,False,False,False,False
APP02852,CUST0486,SYNTHETIC,2026-08-25,SES00529,maintenance,302,8,True,False,viewed,False,False,False,False,False
APP02853,CUST0250,SYNTHETIC,2026-06-21,SES01879,home,262,9,False,False,viewed,False,False,False,False,False
APP02854,CUST0138,SYNTHETIC,2026-08-25,SES00124,maintenance,145,2,False,False,scheduled,True,False,False,False,False
APP02855,CUST0338,SYNTHETIC,2026-06-27,SES01866,finance,121,16,True,False,viewed,False,False,False,False,False
APP02856,CUST0292,SYNTHETIC,2026-06-17,SES01392,mobility_planner,50,22,False,False,planned,False,False,False,False,False
APP02857,CUST0394,SYNTHETIC,2026-09-07,SES00629,maintenance,439,9,True,False,scheduled,True,False,False,False,False
APP02858,CUST0443,SYNTHETIC,2026-09-23,SES01501,assistant,426,13,False,False,opened,False,False,False,False,False
APP02859,CUST0213,SYNTHETIC,2026-06-11,SES01361,profile,240,20,False,False,viewed,False,False,False,False,False
APP02860,CUST0478,SYNTHETIC,2026-08-24,SES01987,maintenance,126,19,True,True,scheduled,True,False,False,False,False
APP02861,CUST0162,SYNTHETIC,2026-08-07,SES01370,notifications,422,6,True,False,dismissed,False,False,False,False,False
APP02862,CUST0118,SYNTHETIC,2026-07-20,SES01110,support,339,10,True,True,contacted,False,False,False,False,True
APP02863,CUST0166,SYNTHETIC,2026-06-13,SES01396,support,443,12,False,False,opened,False,False,False,False,False
APP02864,CUST0332,SYNTHETIC,2026-08-03,SES01889,contract,17,21,False,False,viewed,False,False,False,False,False
APP02865,CUST0352,SYNTHETIC,2026-09-05,SES01538,home,184,4,False,False,viewed,False,False,False,False,False
APP02866,CUST0236,SYNTHETIC,2026-08-31,SES00410,documents,42,17,True,False,viewed,False,False,False,False,False
APP02867,CUST0321,SYNTHETIC,2026-09-16,SES00580,maintenance,413,6,True,False,scheduled,True,False,False,False,False
APP02868,CUST0365,SYNTHETIC,2026-06-25,SES00893,contract,112,3,False,False,viewed,False,False,False,False,False
APP02869,CUST0286,SYNTHETIC,2026-08-16,SES01398,fines,44,11,False,False,viewed,False,False,False,False,False
APP02870,CUST0150,SYNTHETIC,2026-07-09,SES00841,support,72,9,False,False,opened,False,False,False,False,False
APP02871,CUST0391,SYNTHETIC,2026-09-27,SES01112,contract,262,5,True,True,viewed,False,False,False,False,False
APP02872,CUST0500,SYNTHETIC,2026-09-30,SES00321,finance,137,2,False,False,paid,False,True,False,False,False
APP02873,CUST0410,SYNTHETIC,2026-07-27,SES00444,mobility_planner,33,20,False,False,viewed,False,False,False,False,False
APP02874,CUST0154,SYNTHETIC,2026-08-30,SES00911,support,443,5,False,False,opened,False,False,False,False,False
APP02875,CUST0399,SYNTHETIC,2026-07-26,SES01433,home,448,11,True,True,viewed,False,False,False,False,False
APP02876,CUST0445,SYNTHETIC,2026-09-03,SES01574,maintenance,178,11,True,True,viewed,False,False,False,False,False
APP02877,CUST0480,SYNTHETIC,2026-09-21,SES00777,finance,170,16,False,False,viewed,False,False,False,False,False
APP02878,CUST0459,SYNTHETIC,2026-08-30,SES00757,home,50,11,False,False,viewed,False,False,False,False,False
APP02879,CUST0396,SYNTHETIC,2026-08-10,SES00409,home,56,4,False,False,viewed,False,False,False,False,False
APP02880,CUST0423,SYNTHETIC,2026-07-15,SES00837,finance,81,1,False,False,viewed,False,False,False,False,False
APP02881,CUST0054,SYNTHETIC,2026-06-05,SES00080,benefits,123,2,True,False,redeemed,False,False,True,True,False
APP02882,CUST0134,SYNTHETIC,2026-06-07,SES01434,documents,236,13,False,False,viewed,False,False,False,False,False
APP02883,CUST0343,SYNTHETIC,2026-09-05,SES00836,maintenance,437,6,False,False,viewed,False,False,False,False,False
APP02884,CUST0199,SYNTHETIC,2026-09-01,SES00124,assistant,66,2,False,False,queried,False,False,False,False,False
APP02885,CUST0386,SYNTHETIC,2026-08-15,SES00194,contract,39,5,False,False,viewed,False,False,False,False,False
APP02886,CUST0192,SYNTHETIC,2026-06-10,SES00675,documents,296,21,False,False,viewed,False,False,False,False,False
APP02887,CUST0410,SYNTHETIC,2026-08-15,SES01194,support,171,21,False,False,opened,False,False,False,False,False
APP02888,CUST0357,SYNTHETIC,2026-09-30,SES01815,finance,69,21,True,True,viewed,False,False,False,False,False
APP02889,CUST0339,SYNTHETIC,2026-06-29,SES00396,assistant,307,20,False,False,queried,False,False,False,False,False
APP02890,CUST0378,SYNTHETIC,2026-08-03,SES00616,profile,332,3,False,False,viewed,False,False,False,False,False
APP02891,CUST0191,SYNTHETIC,2026-07-16,SES01410,notifications,221,7,False,False,dismissed,False,False,False,False,False
APP02892,CUST0391,SYNTHETIC,2026-09-03,SES01354,assistant,214,6,True,False,opened,False,False,False,False,False
APP02893,CUST0152,SYNTHETIC,2026-06-08,SES02195,home,370,6,False,False,viewed,False,False,False,False,False
APP02894,CUST0118,SYNTHETIC,2026-06-24,SES00767,home,456,3,False,False,viewed,False,False,False,False,False
APP02895,CUST0477,SYNTHETIC,2026-09-27,SES01124,assistant,27,17,False,False,opened,False,False,False,False,False
APP02896,CUST0070,SYNTHETIC,2026-07-02,SES00619,profile,181,20,True,True,viewed,False,False,False,False,False
APP02897,CUST0048,SYNTHETIC,2026-07-26,SES02123,maintenance,147,10,False,False,viewed,False,False,False,False,False
APP02898,CUST0175,SYNTHETIC,2026-06-10,SES01113,km,134,4,False,False,viewed,False,False,False,False,False
APP02899,CUST0278,SYNTHETIC,2026-09-20,SES01380,contract,205,20,False,False,viewed,False,False,False,False,False
APP02900,CUST0340,SYNTHETIC,2026-09-09,SES00402,support,165,9,False,False,opened,False,False,False,False,False
APP02901,CUST0147,SYNTHETIC,2026-06-03,SES00916,finance,177,10,False,False,viewed,False,False,False,False,False
APP02902,CUST0187,SYNTHETIC,2026-09-08,SES00705,contract,245,3,False,False,viewed,False,False,False,False,False
APP02903,CUST0173,SYNTHETIC,2026-07-16,SES00634,contract,359,14,False,False,viewed,False,False,False,False,False
APP02904,CUST0059,SYNTHETIC,2026-09-28,SES00370,profile,103,4,False,False,viewed,False,False,False,False,False
APP02905,CUST0239,SYNTHETIC,2026-09-25,SES00243,support,186,9,False,False,opened,False,False,False,False,False
APP02906,CUST0129,SYNTHETIC,2026-08-26,SES01437,profile,16,13,False,False,viewed,False,False,False,False,False
APP02907,CUST0148,SYNTHETIC,2026-07-13,SES00505,fines,161,10,True,False,viewed,False,False,False,False,False
APP02908,CUST0174,SYNTHETIC,2026-08-26,SES00604,documents,465,1,True,False,viewed,False,False,False,False,False
APP02909,CUST0426,SYNTHETIC,2026-09-04,SES01247,profile,397,10,True,True,viewed,False,False,False,False,False
APP02910,CUST0309,SYNTHETIC,2026-08-18,SES01997,notifications,450,13,True,False,dismissed,False,False,False,False,False
APP02911,CUST0283,SYNTHETIC,2026-07-09,SES02010,assistant,441,1,False,False,opened,False,False,False,False,False
APP02912,CUST0164,SYNTHETIC,2026-08-26,SES00104,documents,232,17,False,False,viewed,False,False,False,False,False
APP02913,CUST0298,SYNTHETIC,2026-07-29,SES00789,documents,104,20,False,False,viewed,False,False,False,False,False
APP02914,CUST0068,SYNTHETIC,2026-07-10,SES01348,contract,122,17,False,False,viewed,False,False,False,False,False
APP02915,CUST0243,SYNTHETIC,2026-09-30,SES00892,home,456,22,False,False,viewed,False,False,False,False,False
APP02916,CUST0441,SYNTHETIC,2026-06-06,SES01971,support,307,19,False,False,contacted,False,False,False,False,True
APP02917,CUST0007,SYNTHETIC,2026-09-30,SES02055,contract,300,4,False,False,viewed,False,False,False,False,False
APP02918,CUST0060,SYNTHETIC,2026-09-15,SES01800,profile,359,13,False,False,viewed,False,False,False,False,False
APP02919,CUST0329,SYNTHETIC,2026-09-08,SES01951,finance,335,1,False,False,viewed,False,False,False,False,False
APP02920,CUST0021,SYNTHETIC,2026-09-20,SES00061,km,304,10,False,False,viewed,False,False,False,False,False
APP02921,CUST0010,SYNTHETIC,2026-06-24,SES00784,notifications,437,17,False,False,dismissed,False,False,False,False,False
APP02922,CUST0168,SYNTHETIC,2026-07-30,SES00983,km,110,9,True,True,viewed,False,False,False,False,False
APP02923,CUST0305,SYNTHETIC,2026-08-29,SES01265,maintenance,359,7,True,True,viewed,False,False,False,False,False
APP02924,CUST0373,SYNTHETIC,2026-06-07,SES01116,notifications,276,2,True,False,dismissed,False,False,False,False,False
APP02925,CUST0417,SYNTHETIC,2026-07-16,SES00287,documents,468,2,False,False,viewed,False,False,False,False,False
APP02926,CUST0474,SYNTHETIC,2026-08-09,SES01737,fines,139,3,True,True,viewed,False,False,False,False,False
APP02927,CUST0445,SYNTHETIC,2026-06-08,SES01673,notifications,198,12,False,False,dismissed,False,False,False,False,False
APP02928,CUST0330,SYNTHETIC,2026-07-12,SES00917,documents,443,16,False,False,viewed,False,False,False,False,False
APP02929,CUST0057,SYNTHETIC,2026-09-16,SES02033,home,252,15,False,False,viewed,False,False,False,False,False
APP02930,CUST0031,SYNTHETIC,2026-08-28,SES02091,km,359,10,True,True,viewed,False,False,False,False,False
APP02931,CUST0345,SYNTHETIC,2026-09-06,SES01566,benefits,338,18,True,False,viewed,False,False,True,False,False
APP02932,CUST0244,SYNTHETIC,2026-07-16,SES01862,km,245,13,True,True,viewed,False,False,False,False,False
APP02933,CUST0242,SYNTHETIC,2026-06-12,SES02132,profile,64,22,False,False,viewed,False,False,False,False,False
APP02934,CUST0079,SYNTHETIC,2026-08-14,SES01023,profile,62,3,True,False,viewed,False,False,False,False,False
APP02935,CUST0315,SYNTHETIC,2026-08-11,SES00924,assistant,121,15,True,False,queried,False,False,False,False,False
APP02936,CUST0029,SYNTHETIC,2026-08-28,SES00168,mobility_planner,398,4,True,True,planned,False,False,False,False,False
APP02937,CUST0414,SYNTHETIC,2026-07-26,SES02180,notifications,44,12,False,False,opened,False,False,False,False,False
APP02938,CUST0491,SYNTHETIC,2026-09-19,SES01275,benefits,61,19,True,False,viewed,False,False,True,False,False
APP02939,CUST0095,SYNTHETIC,2026-06-04,SES00848,km,401,20,True,False,viewed,False,False,False,False,False
APP02940,CUST0355,SYNTHETIC,2026-08-06,SES01584,home,139,13,False,False,viewed,False,False,False,False,False
APP02941,CUST0257,SYNTHETIC,2026-07-12,SES00210,assistant,473,12,True,False,queried,False,False,False,False,False
APP02942,CUST0210,SYNTHETIC,2026-07-04,SES00375,km,329,19,True,False,viewed,False,False,False,False,False
APP02943,CUST0022,SYNTHETIC,2026-08-10,SES01254,mobility_planner,82,14,False,False,viewed,False,False,False,False,False
APP02944,CUST0486,SYNTHETIC,2026-08-06,SES01239,support,150,12,False,False,opened,False,False,False,False,False
APP02945,CUST0165,SYNTHETIC,2026-06-23,SES01690,documents,181,20,False,False,viewed,False,False,False,False,False
APP02946,CUST0409,SYNTHETIC,2026-07-14,SES01806,fines,218,6,False,False,viewed,False,False,False,False,False
APP02947,CUST0181,SYNTHETIC,2026-08-14,SES01544,contract,107,2,False,False,viewed,False,False,False,False,False
APP02948,CUST0129,SYNTHETIC,2026-07-01,SES01772,assistant,57,18,False,False,queried,False,False,False,False,False
APP02949,CUST0325,SYNTHETIC,2026-09-28,SES00240,profile,425,12,True,True,viewed,False,False,False,False,False
APP02950,CUST0110,SYNTHETIC,2026-07-29,SES00197,assistant,183,17,True,True,opened,False,False,False,False,False
APP02951,CUST0359,SYNTHETIC,2026-06-27,SES01874,assistant,160,17,False,False,opened,False,False,False,False,False
APP02952,CUST0021,SYNTHETIC,2026-07-12,SES02114,home,146,18,True,True,viewed,False,False,False,False,False
APP02953,CUST0355,SYNTHETIC,2026-06-16,SES01880,contract,205,3,False,False,viewed,False,False,False,False,False
APP02954,CUST0044,SYNTHETIC,2026-07-23,SES00670,finance,116,7,False,False,viewed,False,False,False,False,False
APP02955,CUST0113,SYNTHETIC,2026-07-18,SES00504,benefits,38,1,False,False,viewed,False,False,True,False,False
APP02956,CUST0451,SYNTHETIC,2026-06-12,SES00261,support,253,15,False,False,opened,False,False,False,False,False
APP02957,CUST0363,SYNTHETIC,2026-07-01,SES02089,fines,61,18,True,True,viewed,False,False,False,False,False
APP02958,CUST0451,SYNTHETIC,2026-07-21,SES00825,contract,25,7,True,False,viewed,False,False,False,False,False
APP02959,CUST0273,SYNTHETIC,2026-06-16,SES01669,home,196,3,False,False,viewed,False,False,False,False,False
APP02960,CUST0103,SYNTHETIC,2026-07-31,SES00458,km,412,13,False,False,viewed,False,False,False,False,False
APP02961,CUST0308,SYNTHETIC,2026-09-03,SES00438,finance,63,21,False,False,viewed,False,False,False,False,False
APP02962,CUST0008,SYNTHETIC,2026-08-02,SES00692,home,313,19,False,False,viewed,False,False,False,False,False
APP02963,CUST0103,SYNTHETIC,2026-08-05,SES01897,fines,230,7,True,False,viewed,False,False,False,False,False
APP02964,CUST0042,SYNTHETIC,2026-09-06,SES01944,mobility_planner,275,13,False,False,viewed,False,False,False,False,False
APP02965,CUST0416,SYNTHETIC,2026-09-29,SES00252,mobility_planner,67,16,False,False,planned,False,False,False,False,False
APP02966,CUST0413,SYNTHETIC,2026-07-01,SES01243,profile,434,13,True,True,viewed,False,False,False,False,False
APP02967,CUST0067,SYNTHETIC,2026-09-26,SES02189,notifications,170,19,True,False,opened,False,False,False,False,False
APP02968,CUST0194,SYNTHETIC,2026-06-08,SES00525,profile,304,1,True,False,viewed,False,False,False,False,False
APP02969,CUST0281,SYNTHETIC,2026-08-22,SES01977,mobility_planner,265,17,False,False,viewed,False,False,False,False,False
APP02970,CUST0135,SYNTHETIC,2026-08-30,SES00093,contract,35,17,False,False,viewed,False,False,False,False,False
APP02971,CUST0013,SYNTHETIC,2026-09-03,SES00280,notifications,246,11,True,False,opened,False,False,False,False,False
APP02972,CUST0153,SYNTHETIC,2026-07-22,SES00228,fines,37,4,True,True,viewed,False,False,False,False,False
APP02973,CUST0171,SYNTHETIC,2026-07-14,SES01283,fines,32,21,True,True,viewed,False,False,False,False,False
APP02974,CUST0102,SYNTHETIC,2026-07-21,SES02009,documents,431,10,False,False,viewed,False,False,False,False,False
APP02975,CUST0244,SYNTHETIC,2026-08-01,SES01542,support,457,5,True,True,contacted,False,False,False,False,True
APP02976,CUST0070,SYNTHETIC,2026-07-10,SES01158,support,417,15,True,False,opened,False,False,False,False,False
APP02977,CUST0232,SYNTHETIC,2026-07-16,SES00985,benefits,129,3,False,False,redeemed,False,False,True,True,False
APP02978,CUST0497,SYNTHETIC,2026-09-14,SES00797,fines,339,8,True,True,viewed,False,False,False,False,False
APP02979,CUST0461,SYNTHETIC,2026-07-25,SES00450,finance,332,7,False,False,viewed,False,False,False,False,False
APP02980,CUST0204,SYNTHETIC,2026-07-13,SES01205,mobility_planner,455,17,False,False,viewed,False,False,False,False,False
APP02981,CUST0408,SYNTHETIC,2026-08-22,SES01317,fines,122,21,False,False,viewed,False,False,False,False,False
APP02982,CUST0369,SYNTHETIC,2026-08-02,SES01741,home,262,8,True,False,viewed,False,False,False,False,False
APP02983,CUST0441,SYNTHETIC,2026-07-20,SES00038,km,108,22,False,False,viewed,False,False,False,False,False
APP02984,CUST0104,SYNTHETIC,2026-07-29,SES00627,assistant,357,10,False,False,opened,False,False,False,False,False
APP02985,CUST0015,SYNTHETIC,2026-08-23,SES00870,finance,90,12,False,False,paid,False,True,False,False,False
APP02986,CUST0338,SYNTHETIC,2026-06-16,SES00369,km,316,1,False,False,viewed,False,False,False,False,False
APP02987,CUST0476,SYNTHETIC,2026-08-21,SES02150,assistant,480,16,False,False,queried,False,False,False,False,False
APP02988,CUST0237,SYNTHETIC,2026-10-01,SES01903,support,204,1,True,True,opened,False,False,False,False,False
APP02989,CUST0332,SYNTHETIC,2026-06-13,SES00185,notifications,37,20,False,False,opened,False,False,False,False,False
APP02990,CUST0303,SYNTHETIC,2026-09-18,SES01520,fines,174,22,True,True,viewed,False,False,False,False,False
APP02991,CUST0104,SYNTHETIC,2026-07-09,SES00578,maintenance,342,2,False,False,viewed,False,False,False,False,False
APP02992,CUST0107,SYNTHETIC,2026-06-28,SES01106,documents,279,17,False,False,viewed,False,False,False,False,False
APP02993,CUST0025,SYNTHETIC,2026-07-02,SES00049,profile,139,12,True,True,viewed,False,False,False,False,False
APP02994,CUST0246,SYNTHETIC,2026-07-30,SES00718,km,247,6,False,False,viewed,False,False,False,False,False
APP02995,CUST0271,SYNTHETIC,2026-06-05,SES01824,home,95,2,False,False,viewed,False,False,False,False,False
APP02996,CUST0026,SYNTHETIC,2026-08-14,SES00221,notifications,371,18,True,False,dismissed,False,False,False,False,False
APP02997,CUST0019,SYNTHETIC,2026-09-09,SES01858,support,330,12,False,False,contacted,False,False,False,False,True
APP02998,CUST0162,SYNTHETIC,2026-06-20,SES01627,finance,153,15,True,True,viewed,False,False,False,False,False
APP02999,CUST0472,SYNTHETIC,2026-09-08,SES02095,assistant,458,10,True,True,queried,False,False,False,False,False
APP03000,CUST0400,SYNTHETIC,2026-07-30,SES01388,profile,162,4,False,False,viewed,False,False,False,False,False
APP03001,CUST0306,SYNTHETIC,2026-09-06,SES01091,benefits,316,9,True,True,redeemed,False,False,True,True,False
APP03002,CUST0070,SYNTHETIC,2026-06-10,SES01553,benefits,193,18,True,False,viewed,False,False,True,False,False
APP03003,CUST0405,SYNTHETIC,2026-07-23,SES00980,finance,53,22,True,False,viewed,False,False,False,False,False
APP03004,CUST0359,SYNTHETIC,2026-08-01,SES00816,notifications,188,20,False,False,opened,False,False,False,False,False
APP03005,CUST0368,SYNTHETIC,2026-06-06,SES00633,notifications,41,3,False,False,dismissed,False,False,False,False,False
APP03006,CUST0463,SYNTHETIC,2026-06-25,SES01844,documents,309,7,False,False,viewed,False,False,False,False,False
APP03007,CUST0149,SYNTHETIC,2026-09-05,SES00645,documents,208,14,False,False,viewed,False,False,False,False,False
APP03008,CUST0411,SYNTHETIC,2026-09-01,SES01275,fines,204,3,True,False,viewed,False,False,False,False,False
APP03009,CUST0334,SYNTHETIC,2026-06-15,SES01838,mobility_planner,393,21,False,False,planned,False,False,False,False,False
APP03010,CUST0046,SYNTHETIC,2026-08-27,SES00321,documents,153,14,False,False,viewed,False,False,False,False,False
APP03011,CUST0403,SYNTHETIC,2026-08-04,SES01182,benefits,20,21,True,False,viewed,False,False,True,False,False
APP03012,CUST0249,SYNTHETIC,2026-09-26,SES00688,fines,302,8,True,True,viewed,False,False,False,False,False
APP03013,CUST0387,SYNTHETIC,2026-08-13,SES00081,maintenance,241,1,False,False,scheduled,True,False,False,False,False
APP03014,CUST0329,SYNTHETIC,2026-06-13,SES02036,maintenance,48,9,True,False,scheduled,True,False,False,False,False
APP03015,CUST0310,SYNTHETIC,2026-07-21,SES02139,notifications,53,16,False,False,opened,False,False,False,False,False
APP03016,CUST0310,SYNTHETIC,2026-07-29,SES00183,profile,269,8,False,False,viewed,False,False,False,False,False
APP03017,CUST0341,SYNTHETIC,2026-07-03,SES00228,mobility_planner,452,21,False,False,planned,False,False,False,False,False
APP03018,CUST0223,SYNTHETIC,2026-08-10,SES01815,profile,93,3,True,True,viewed,False,False,False,False,False
APP03019,CUST0300,SYNTHETIC,2026-09-20,SES01828,contract,207,3,False,False,viewed,False,False,False,False,False
APP03020,CUST0023,SYNTHETIC,2026-06-07,SES00187,maintenance,434,22,True,False,viewed,False,False,False,False,False
APP03021,CUST0007,SYNTHETIC,2026-08-27,SES00354,fines,441,20,False,False,viewed,False,False,False,False,False
APP03022,CUST0310,SYNTHETIC,2026-07-07,SES00532,maintenance,75,3,False,False,viewed,False,False,False,False,False
APP03023,CUST0139,SYNTHETIC,2026-07-09,SES01502,km,67,12,True,True,viewed,False,False,False,False,False
APP03024,CUST0102,SYNTHETIC,2026-09-30,SES01874,km,350,12,True,True,viewed,False,False,False,False,False
APP03025,CUST0441,SYNTHETIC,2026-06-13,SES00096,notifications,219,10,False,False,dismissed,False,False,False,False,False
APP03026,CUST0039,SYNTHETIC,2026-06-22,SES01412,support,228,12,False,False,contacted,False,False,False,False,True
APP03027,CUST0442,SYNTHETIC,2026-09-20,SES01121,contract,164,5,False,False,viewed,False,False,False,False,False
APP03028,CUST0067,SYNTHETIC,2026-09-09,SES00574,home,344,19,True,False,viewed,False,False,False,False,False
APP03029,CUST0294,SYNTHETIC,2026-06-25,SES00235,mobility_planner,223,4,False,False,planned,False,False,False,False,False
APP03030,CUST0209,SYNTHETIC,2026-09-12,SES01690,maintenance,440,6,True,True,viewed,False,False,False,False,False
APP03031,CUST0308,SYNTHETIC,2026-09-28,SES01922,home,37,6,False,False,viewed,False,False,False,False,False
APP03032,CUST0418,SYNTHETIC,2026-07-12,SES01423,contract,265,5,False,False,viewed,False,False,False,False,False
APP03033,CUST0422,SYNTHETIC,2026-06-05,SES00690,finance,212,2,True,True,viewed,False,False,False,False,False
APP03034,CUST0452,SYNTHETIC,2026-07-04,SES00019,km,251,3,True,True,viewed,False,False,False,False,False
APP03035,CUST0455,SYNTHETIC,2026-06-23,SES01824,assistant,456,14,False,False,queried,False,False,False,False,False
APP03036,CUST0195,SYNTHETIC,2026-09-05,SES00355,documents,161,5,False,False,viewed,False,False,False,False,False
APP03037,CUST0447,SYNTHETIC,2026-07-27,SES00130,finance,70,4,False,False,paid,False,True,False,False,False
APP03038,CUST0480,SYNTHETIC,2026-07-24,SES01066,notifications,438,22,True,False,opened,False,False,False,False,False
APP03039,CUST0247,SYNTHETIC,2026-06-15,SES01586,finance,60,6,True,False,paid,False,True,False,False,False
APP03040,CUST0370,SYNTHETIC,2026-09-06,SES00791,benefits,199,2,False,False,viewed,False,False,True,False,False
APP03041,CUST0134,SYNTHETIC,2026-09-04,SES00905,assistant,390,20,True,True,queried,False,False,False,False,False
APP03042,CUST0276,SYNTHETIC,2026-09-15,SES01935,fines,231,5,False,False,viewed,False,False,False,False,False
APP03043,CUST0210,SYNTHETIC,2026-08-28,SES01535,home,68,18,False,False,viewed,False,False,False,False,False
APP03044,CUST0316,SYNTHETIC,2026-09-20,SES00908,maintenance,305,21,True,False,viewed,False,False,False,False,False
APP03045,CUST0210,SYNTHETIC,2026-07-26,SES00674,assistant,351,10,False,False,opened,False,False,False,False,False
APP03046,CUST0444,SYNTHETIC,2026-09-02,SES01366,maintenance,316,15,True,False,scheduled,True,False,False,False,False
APP03047,CUST0413,SYNTHETIC,2026-09-27,SES00388,mobility_planner,130,8,False,False,viewed,False,False,False,False,False
APP03048,CUST0257,SYNTHETIC,2026-07-30,SES00666,notifications,318,17,False,False,opened,False,False,False,False,False
APP03049,CUST0143,SYNTHETIC,2026-09-28,SES01913,km,375,5,False,False,viewed,False,False,False,False,False
APP03050,CUST0438,SYNTHETIC,2026-06-13,SES01190,mobility_planner,44,19,False,False,planned,False,False,False,False,False
APP03051,CUST0489,SYNTHETIC,2026-09-23,SES00449,notifications,221,19,False,False,opened,False,False,False,False,False
APP03052,CUST0235,SYNTHETIC,2026-08-03,SES01075,assistant,385,19,False,False,opened,False,False,False,False,False
APP03053,CUST0283,SYNTHETIC,2026-07-08,SES01834,contract,321,2,False,False,viewed,False,False,False,False,False
APP03054,CUST0442,SYNTHETIC,2026-06-04,SES00364,notifications,403,10,False,False,opened,False,False,False,False,False
APP03055,CUST0348,SYNTHETIC,2026-09-05,SES00141,notifications,129,13,True,True,dismissed,False,False,False,False,False
APP03056,CUST0115,SYNTHETIC,2026-07-20,SES00995,assistant,342,20,False,False,opened,False,False,False,False,False
APP03057,CUST0219,SYNTHETIC,2026-08-09,SES01799,fines,390,15,True,False,viewed,False,False,False,False,False
APP03058,CUST0144,SYNTHETIC,2026-09-27,SES01553,mobility_planner,376,4,False,False,planned,False,False,False,False,False
APP03059,CUST0452,SYNTHETIC,2026-07-07,SES00730,benefits,149,17,False,False,viewed,False,False,True,False,False
APP03060,CUST0058,SYNTHETIC,2026-08-31,SES00554,fines,443,17,False,False,viewed,False,False,False,False,False
APP03061,CUST0026,SYNTHETIC,2026-08-17,SES00725,maintenance,394,2,True,False,scheduled,True,False,False,False,False
APP03062,CUST0315,SYNTHETIC,2026-06-14,SES00733,documents,9,11,True,True,viewed,False,False,False,False,False
APP03063,CUST0454,SYNTHETIC,2026-08-20,SES02036,assistant,16,22,True,False,queried,False,False,False,False,False
APP03064,CUST0028,SYNTHETIC,2026-07-23,SES01547,notifications,290,2,True,False,opened,False,False,False,False,False
APP03065,CUST0445,SYNTHETIC,2026-06-07,SES00566,assistant,19,11,True,False,queried,False,False,False,False,False
APP03066,CUST0235,SYNTHETIC,2026-10-01,SES01981,support,408,11,False,False,opened,False,False,False,False,False
APP03067,CUST0166,SYNTHETIC,2026-08-22,SES01635,documents,305,17,True,True,viewed,False,False,False,False,False
APP03068,CUST0297,SYNTHETIC,2026-08-17,SES00643,mobility_planner,436,18,False,False,viewed,False,False,False,False,False
APP03069,CUST0286,SYNTHETIC,2026-06-08,SES01075,support,107,12,False,False,opened,False,False,False,False,False
APP03070,CUST0353,SYNTHETIC,2026-07-20,SES01303,benefits,156,21,False,False,redeemed,False,False,True,True,False
APP03071,CUST0263,SYNTHETIC,2026-08-20,SES01143,contract,196,9,False,False,viewed,False,False,False,False,False
APP03072,CUST0050,SYNTHETIC,2026-06-18,SES00763,finance,159,20,False,False,viewed,False,False,False,False,False
APP03073,CUST0428,SYNTHETIC,2026-06-25,SES00936,documents,168,5,False,False,viewed,False,False,False,False,False
APP03074,CUST0318,SYNTHETIC,2026-07-05,SES01019,maintenance,331,4,True,True,viewed,False,False,False,False,False
APP03075,CUST0461,SYNTHETIC,2026-07-31,SES00721,fines,480,15,False,False,viewed,False,False,False,False,False
APP03076,CUST0108,SYNTHETIC,2026-09-13,SES00710,contract,368,13,False,False,viewed,False,False,False,False,False
APP03077,CUST0434,SYNTHETIC,2026-06-19,SES00110,documents,459,14,False,False,viewed,False,False,False,False,False
APP03078,CUST0437,SYNTHETIC,2026-06-26,SES01409,fines,26,8,False,False,viewed,False,False,False,False,False
APP03079,CUST0320,SYNTHETIC,2026-07-05,SES01348,contract,421,15,False,False,viewed,False,False,False,False,False
APP03080,CUST0086,SYNTHETIC,2026-10-01,SES00037,mobility_planner,456,6,False,False,viewed,False,False,False,False,False
APP03081,CUST0105,SYNTHETIC,2026-09-06,SES01174,profile,185,7,True,True,viewed,False,False,False,False,False
APP03082,CUST0435,SYNTHETIC,2026-08-16,SES01445,fines,189,4,False,False,viewed,False,False,False,False,False
APP03083,CUST0458,SYNTHETIC,2026-06-23,SES00575,documents,124,8,False,False,viewed,False,False,False,False,False
APP03084,CUST0279,SYNTHETIC,2026-07-28,SES00931,finance,479,9,False,False,viewed,False,False,False,False,False
APP03085,CUST0195,SYNTHETIC,2026-06-28,SES00962,home,369,15,False,False,viewed,False,False,False,False,False
APP03086,CUST0161,SYNTHETIC,2026-08-22,SES02090,assistant,392,16,False,False,queried,False,False,False,False,False
APP03087,CUST0441,SYNTHETIC,2026-08-10,SES01249,benefits,448,15,True,False,viewed,False,False,True,False,False
APP03088,CUST0337,SYNTHETIC,2026-07-31,SES01452,benefits,47,4,True,False,viewed,False,False,True,False,False
APP03089,CUST0281,SYNTHETIC,2026-07-30,SES00324,profile,43,13,True,False,viewed,False,False,False,False,False
APP03090,CUST0309,SYNTHETIC,2026-08-16,SES01475,documents,429,22,False,False,viewed,False,False,False,False,False
APP03091,CUST0143,SYNTHETIC,2026-09-14,SES00398,contract,364,10,False,False,viewed,False,False,False,False,False
APP03092,CUST0145,SYNTHETIC,2026-06-09,SES00576,finance,361,1,True,False,viewed,False,False,False,False,False
APP03093,CUST0359,SYNTHETIC,2026-07-08,SES02168,mobility_planner,184,10,False,False,planned,False,False,False,False,False
APP03094,CUST0206,SYNTHETIC,2026-06-19,SES00515,mobility_planner,158,15,False,False,viewed,False,False,False,False,False
APP03095,CUST0089,SYNTHETIC,2026-07-26,SES01366,km,146,5,False,False,viewed,False,False,False,False,False
APP03096,CUST0057,SYNTHETIC,2026-09-27,SES01414,documents,314,16,True,True,viewed,False,False,False,False,False
APP03097,CUST0372,SYNTHETIC,2026-09-07,SES01331,finance,470,7,True,True,paid,False,True,False,False,False
APP03098,CUST0125,SYNTHETIC,2026-09-24,SES01922,contract,429,2,False,False,viewed,False,False,False,False,False
APP03099,CUST0493,SYNTHETIC,2026-07-14,SES00221,support,445,18,True,False,opened,False,False,False,False,False
APP03100,CUST0192,SYNTHETIC,2026-09-29,SES00253,profile,417,12,True,True,viewed,False,False,False,False,False
APP03101,CUST0353,SYNTHETIC,2026-06-04,SES01686,mobility_planner,447,3,True,True,planned,False,False,False,False,False
APP03102,CUST0279,SYNTHETIC,2026-08-17,SES00499,fines,158,16,False,False,viewed,False,False,False,False,False
APP03103,CUST0158,SYNTHETIC,2026-07-30,SES02160,benefits,442,12,True,True,viewed,False,False,True,False,False
APP03104,CUST0015,SYNTHETIC,2026-09-24,SES02120,notifications,167,5,False,False,opened,False,False,False,False,False
APP03105,CUST0263,SYNTHETIC,2026-06-21,SES02159,mobility_planner,152,15,True,True,planned,False,False,False,False,False
APP03106,CUST0451,SYNTHETIC,2026-09-25,SES01890,mobility_planner,389,8,False,False,viewed,False,False,False,False,False
APP03107,CUST0115,SYNTHETIC,2026-07-27,SES02054,documents,463,20,False,False,viewed,False,False,False,False,False
APP03108,CUST0318,SYNTHETIC,2026-07-07,SES00397,km,281,6,False,False,viewed,False,False,False,False,False
APP03109,CUST0249,SYNTHETIC,2026-09-10,SES01897,benefits,435,9,False,False,viewed,False,False,True,False,False
APP03110,CUST0367,SYNTHETIC,2026-07-09,SES00094,benefits,310,8,False,False,viewed,False,False,True,False,False
APP03111,CUST0420,SYNTHETIC,2026-07-04,SES01044,home,12,19,True,True,viewed,False,False,False,False,False
APP03112,CUST0155,SYNTHETIC,2026-06-18,SES00572,fines,174,8,False,False,viewed,False,False,False,False,False
APP03113,CUST0416,SYNTHETIC,2026-08-27,SES00469,benefits,261,14,False,False,viewed,False,False,True,False,False
APP03114,CUST0423,SYNTHETIC,2026-07-25,SES01178,contract,290,18,True,True,viewed,False,False,False,False,False
APP03115,CUST0100,SYNTHETIC,2026-08-25,SES00308,home,130,8,False,False,viewed,False,False,False,False,False
APP03116,CUST0146,SYNTHETIC,2026-08-20,SES00017,support,477,22,True,True,contacted,False,False,False,False,True
APP03117,CUST0086,SYNTHETIC,2026-06-21,SES00679,assistant,121,5,False,False,queried,False,False,False,False,False
APP03118,CUST0033,SYNTHETIC,2026-09-23,SES02103,km,410,22,False,False,viewed,False,False,False,False,False
APP03119,CUST0121,SYNTHETIC,2026-07-21,SES00969,mobility_planner,288,7,False,False,viewed,False,False,False,False,False
APP03120,CUST0134,SYNTHETIC,2026-07-27,SES00817,profile,424,9,False,False,viewed,False,False,False,False,False
APP03121,CUST0486,SYNTHETIC,2026-06-04,SES01016,fines,279,7,False,False,viewed,False,False,False,False,False
APP03122,CUST0395,SYNTHETIC,2026-08-25,SES01212,documents,423,11,False,False,viewed,False,False,False,False,False
APP03123,CUST0362,SYNTHETIC,2026-08-31,SES01685,notifications,272,15,True,True,opened,False,False,False,False,False
APP03124,CUST0380,SYNTHETIC,2026-09-18,SES00968,assistant,33,6,True,True,opened,False,False,False,False,False
APP03125,CUST0218,SYNTHETIC,2026-10-01,SES02169,notifications,450,13,False,False,dismissed,False,False,False,False,False
APP03126,CUST0244,SYNTHETIC,2026-08-20,SES01307,fines,468,15,False,False,viewed,False,False,False,False,False
APP03127,CUST0220,SYNTHETIC,2026-09-05,SES01342,contract,160,13,True,True,viewed,False,False,False,False,False
APP03128,CUST0242,SYNTHETIC,2026-09-12,SES02165,documents,103,5,False,False,viewed,False,False,False,False,False
APP03129,CUST0177,SYNTHETIC,2026-08-19,SES01539,profile,208,3,False,False,viewed,False,False,False,False,False
APP03130,CUST0155,SYNTHETIC,2026-08-13,SES01614,support,429,22,False,False,opened,False,False,False,False,False
APP03131,CUST0073,SYNTHETIC,2026-07-31,SES02190,documents,255,12,True,False,viewed,False,False,False,False,False
APP03132,CUST0108,SYNTHETIC,2026-07-01,SES00802,notifications,14,7,False,False,opened,False,False,False,False,False
APP03133,CUST0415,SYNTHETIC,2026-08-28,SES01248,mobility_planner,260,20,False,False,planned,False,False,False,False,False
APP03134,CUST0059,SYNTHETIC,2026-08-27,SES00408,mobility_planner,352,14,False,False,viewed,False,False,False,False,False
APP03135,CUST0129,SYNTHETIC,2026-08-15,SES01041,support,217,4,True,False,opened,False,False,False,False,False
APP03136,CUST0208,SYNTHETIC,2026-07-26,SES02146,km,233,1,True,True,viewed,False,False,False,False,False
APP03137,CUST0402,SYNTHETIC,2026-07-23,SES01800,mobility_planner,270,19,False,False,planned,False,False,False,False,False
APP03138,CUST0209,SYNTHETIC,2026-06-23,SES00180,profile,89,5,False,False,viewed,False,False,False,False,False
APP03139,CUST0116,SYNTHETIC,2026-09-03,SES01746,maintenance,142,21,False,False,viewed,False,False,False,False,False
APP03140,CUST0493,SYNTHETIC,2026-06-03,SES00460,home,113,18,True,True,viewed,False,False,False,False,False
APP03141,CUST0458,SYNTHETIC,2026-08-13,SES01503,contract,187,2,False,False,viewed,False,False,False,False,False
APP03142,CUST0310,SYNTHETIC,2026-07-01,SES00965,documents,400,2,True,True,viewed,False,False,False,False,False
APP03143,CUST0141,SYNTHETIC,2026-06-03,SES01649,contract,185,16,False,False,viewed,False,False,False,False,False
APP03144,CUST0093,SYNTHETIC,2026-06-21,SES01262,finance,213,10,False,False,viewed,False,False,False,False,False
APP03145,CUST0461,SYNTHETIC,2026-08-29,SES00050,benefits,263,18,False,False,viewed,False,False,True,False,False
APP03146,CUST0167,SYNTHETIC,2026-08-11,SES00467,notifications,78,14,True,False,dismissed,False,False,False,False,False
APP03147,CUST0344,SYNTHETIC,2026-09-04,SES00818,home,62,15,False,False,viewed,False,False,False,False,False
APP03148,CUST0098,SYNTHETIC,2026-09-04,SES00501,benefits,256,15,False,False,viewed,False,False,True,False,False
APP03149,CUST0261,SYNTHETIC,2026-09-21,SES01076,support,331,17,False,False,opened,False,False,False,False,False
APP03150,CUST0481,SYNTHETIC,2026-07-12,SES02031,profile,141,19,True,False,viewed,False,False,False,False,False
APP03151,CUST0375,SYNTHETIC,2026-09-08,SES01387,support,375,21,False,False,contacted,False,False,False,False,True
APP03152,CUST0404,SYNTHETIC,2026-09-09,SES00989,profile,111,14,False,False,viewed,False,False,False,False,False
APP03153,CUST0440,SYNTHETIC,2026-07-11,SES01659,fines,174,10,False,False,viewed,False,False,False,False,False
APP03154,CUST0121,SYNTHETIC,2026-07-26,SES00068,home,191,9,True,True,viewed,False,False,False,False,False
APP03155,CUST0188,SYNTHETIC,2026-07-19,SES00753,km,371,16,False,False,viewed,False,False,False,False,False
APP03156,CUST0231,SYNTHETIC,2026-09-05,SES01200,maintenance,458,16,False,False,viewed,False,False,False,False,False
APP03157,CUST0173,SYNTHETIC,2026-09-21,SES01975,notifications,82,3,True,True,dismissed,False,False,False,False,False
APP03158,CUST0099,SYNTHETIC,2026-08-05,SES00327,maintenance,96,6,True,False,viewed,False,False,False,False,False
APP03159,CUST0302,SYNTHETIC,2026-08-07,SES01114,km,182,17,True,True,viewed,False,False,False,False,False
APP03160,CUST0200,SYNTHETIC,2026-08-31,SES00996,fines,338,5,True,False,viewed,False,False,False,False,False
APP03161,CUST0270,SYNTHETIC,2026-09-02,SES02155,notifications,206,17,False,False,opened,False,False,False,False,False
APP03162,CUST0118,SYNTHETIC,2026-06-10,SES01596,finance,271,1,False,False,viewed,False,False,False,False,False
APP03163,CUST0266,SYNTHETIC,2026-08-15,SES01985,documents,157,21,False,False,viewed,False,False,False,False,False
APP03164,CUST0013,SYNTHETIC,2026-09-29,SES01941,km,364,6,True,True,viewed,False,False,False,False,False
APP03165,CUST0427,SYNTHETIC,2026-06-14,SES01006,support,391,4,False,False,opened,False,False,False,False,False
APP03166,CUST0125,SYNTHETIC,2026-08-11,SES01258,support,212,22,False,False,opened,False,False,False,False,False
APP03167,CUST0080,SYNTHETIC,2026-07-04,SES01185,profile,150,10,True,False,viewed,False,False,False,False,False
APP03168,CUST0364,SYNTHETIC,2026-08-05,SES01525,notifications,383,21,False,False,dismissed,False,False,False,False,False
APP03169,CUST0219,SYNTHETIC,2026-09-20,SES01787,km,197,2,False,False,viewed,False,False,False,False,False
APP03170,CUST0108,SYNTHETIC,2026-08-15,SES00475,profile,370,6,False,False,viewed,False,False,False,False,False
APP03171,CUST0372,SYNTHETIC,2026-08-15,SES02014,km,475,13,True,False,viewed,False,False,False,False,False
APP03172,CUST0237,SYNTHETIC,2026-07-06,SES00465,mobility_planner,294,4,False,False,planned,False,False,False,False,False
APP03173,CUST0184,SYNTHETIC,2026-09-14,SES02083,home,369,4,False,False,viewed,False,False,False,False,False
APP03174,CUST0237,SYNTHETIC,2026-07-11,SES00074,contract,443,19,False,False,viewed,False,False,False,False,False
APP03175,CUST0354,SYNTHETIC,2026-08-27,SES01574,km,468,10,True,False,viewed,False,False,False,False,False
APP03176,CUST0250,SYNTHETIC,2026-07-23,SES01726,documents,85,17,True,False,viewed,False,False,False,False,False
APP03177,CUST0321,SYNTHETIC,2026-09-21,SES02141,home,22,5,False,False,viewed,False,False,False,False,False
APP03178,CUST0221,SYNTHETIC,2026-07-15,SES00693,notifications,296,5,False,False,dismissed,False,False,False,False,False
APP03179,CUST0309,SYNTHETIC,2026-09-01,SES00106,fines,299,22,False,False,viewed,False,False,False,False,False
APP03180,CUST0274,SYNTHETIC,2026-09-08,SES00595,profile,276,10,True,False,viewed,False,False,False,False,False
APP03181,CUST0151,SYNTHETIC,2026-06-28,SES00305,finance,74,2,False,False,viewed,False,False,False,False,False
APP03182,CUST0153,SYNTHETIC,2026-08-27,SES00400,support,125,20,True,False,opened,False,False,False,False,False
APP03183,CUST0118,SYNTHETIC,2026-06-23,SES01628,assistant,302,5,True,True,queried,False,False,False,False,False
APP03184,CUST0232,SYNTHETIC,2026-09-14,SES01637,home,337,12,True,True,viewed,False,False,False,False,False
APP03185,CUST0198,SYNTHETIC,2026-09-20,SES00680,km,242,14,True,False,viewed,False,False,False,False,False
APP03186,CUST0488,SYNTHETIC,2026-09-06,SES01801,notifications,121,20,False,False,opened,False,False,False,False,False
APP03187,CUST0153,SYNTHETIC,2026-09-05,SES01386,documents,253,6,True,True,viewed,False,False,False,False,False
APP03188,CUST0343,SYNTHETIC,2026-09-15,SES01864,finance,45,22,True,False,viewed,False,False,False,False,False
APP03189,CUST0277,SYNTHETIC,2026-08-30,SES00403,home,87,18,False,False,viewed,False,False,False,False,False
APP03190,CUST0320,SYNTHETIC,2026-09-09,SES01918,profile,228,8,False,False,viewed,False,False,False,False,False
APP03191,CUST0285,SYNTHETIC,2026-09-14,SES01522,km,419,17,False,False,viewed,False,False,False,False,False
APP03192,CUST0411,SYNTHETIC,2026-08-27,SES00657,contract,339,20,False,False,viewed,False,False,False,False,False
APP03193,CUST0241,SYNTHETIC,2026-08-11,SES01618,support,404,17,True,True,opened,False,False,False,False,False
APP03194,CUST0132,SYNTHETIC,2026-09-17,SES01713,assistant,38,13,True,False,queried,False,False,False,False,False
APP03195,CUST0319,SYNTHETIC,2026-09-20,SES00700,maintenance,303,19,False,False,scheduled,True,False,False,False,False
APP03196,CUST0046,SYNTHETIC,2026-07-27,SES00241,km,67,22,False,False,viewed,False,False,False,False,False
APP03197,CUST0115,SYNTHETIC,2026-09-02,SES00443,support,382,2,True,False,opened,False,False,False,False,False
APP03198,CUST0190,SYNTHETIC,2026-09-30,SES00304,km,443,15,True,True,viewed,False,False,False,False,False
APP03199,CUST0263,SYNTHETIC,2026-08-22,SES01706,finance,308,11,False,False,viewed,False,False,False,False,False
APP03200,CUST0290,SYNTHETIC,2026-08-30,SES02052,support,425,4,False,False,opened,False,False,False,False,False
APP03201,CUST0076,SYNTHETIC,2026-07-03,SES01271,support,422,15,False,False,contacted,False,False,False,False,True
APP03202,CUST0063,SYNTHETIC,2026-09-02,SES02191,documents,458,1,False,False,viewed,False,False,False,False,False
APP03203,CUST0172,SYNTHETIC,2026-06-15,SES00159,assistant,461,9,False,False,queried,False,False,False,False,False
APP03204,CUST0177,SYNTHETIC,2026-06-04,SES01686,profile,258,8,False,False,viewed,False,False,False,False,False
APP03205,CUST0313,SYNTHETIC,2026-06-28,SES00351,documents,320,16,False,False,viewed,False,False,False,False,False
APP03206,CUST0253,SYNTHETIC,2026-08-02,SES00929,home,55,2,True,True,viewed,False,False,False,False,False
APP03207,CUST0431,SYNTHETIC,2026-09-19,SES01992,benefits,396,16,False,False,redeemed,False,False,True,True,False
APP03208,CUST0284,SYNTHETIC,2026-06-06,SES00505,support,189,17,False,False,opened,False,False,False,False,False
APP03209,CUST0467,SYNTHETIC,2026-09-18,SES00364,home,450,10,True,True,viewed,False,False,False,False,False
APP03210,CUST0484,SYNTHETIC,2026-07-28,SES01587,fines,148,12,True,False,viewed,False,False,False,False,False
APP03211,CUST0394,SYNTHETIC,2026-08-05,SES00413,finance,401,14,True,False,viewed,False,False,False,False,False
APP03212,CUST0489,SYNTHETIC,2026-08-08,SES00641,support,83,1,True,True,opened,False,False,False,False,False
APP03213,CUST0350,SYNTHETIC,2026-06-13,SES01525,benefits,249,4,True,False,viewed,False,False,True,False,False
APP03214,CUST0416,SYNTHETIC,2026-08-29,SES02049,maintenance,322,13,False,False,viewed,False,False,False,False,False
APP03215,CUST0133,SYNTHETIC,2026-06-19,SES01369,home,9,13,True,True,viewed,False,False,False,False,False
APP03216,CUST0264,SYNTHETIC,2026-07-03,SES01207,notifications,401,19,False,False,dismissed,False,False,False,False,False
APP03217,CUST0044,SYNTHETIC,2026-08-31,SES02019,support,31,14,True,False,contacted,False,False,False,False,True
APP03218,CUST0070,SYNTHETIC,2026-09-12,SES01246,support,432,20,False,False,opened,False,False,False,False,False
APP03219,CUST0076,SYNTHETIC,2026-08-17,SES00590,assistant,329,7,True,False,queried,False,False,False,False,False
APP03220,CUST0218,SYNTHETIC,2026-09-23,SES01382,documents,74,11,False,False,viewed,False,False,False,False,False
APP03221,CUST0155,SYNTHETIC,2026-06-16,SES01622,finance,136,21,False,False,paid,False,True,False,False,False
APP03222,CUST0144,SYNTHETIC,2026-08-17,SES00495,contract,132,2,True,True,viewed,False,False,False,False,False
APP03223,CUST0478,SYNTHETIC,2026-08-12,SES00041,maintenance,163,9,False,False,viewed,False,False,False,False,False
APP03224,CUST0309,SYNTHETIC,2026-06-26,SES01587,support,467,14,True,True,contacted,False,False,False,False,True
APP03225,CUST0391,SYNTHETIC,2026-06-30,SES01998,documents,20,6,False,False,viewed,False,False,False,False,False
APP03226,CUST0006,SYNTHETIC,2026-07-14,SES01315,support,477,4,False,False,contacted,False,False,False,False,True
APP03227,CUST0134,SYNTHETIC,2026-09-09,SES02120,profile,462,6,False,False,viewed,False,False,False,False,False
APP03228,CUST0441,SYNTHETIC,2026-08-21,SES00505,notifications,85,2,False,False,dismissed,False,False,False,False,False
APP03229,CUST0013,SYNTHETIC,2026-08-04,SES00154,assistant,463,21,True,False,opened,False,False,False,False,False
APP03230,CUST0425,SYNTHETIC,2026-09-12,SES01760,benefits,206,9,False,False,redeemed,False,False,True,True,False
APP03231,CUST0423,SYNTHETIC,2026-08-15,SES01954,profile,224,17,False,False,viewed,False,False,False,False,False
APP03232,CUST0004,SYNTHETIC,2026-06-19,SES01617,benefits,411,21,True,True,viewed,False,False,True,False,False
APP03233,CUST0052,SYNTHETIC,2026-09-04,SES01636,assistant,221,10,False,False,opened,False,False,False,False,False
APP03234,CUST0365,SYNTHETIC,2026-06-12,SES01492,fines,415,9,True,False,viewed,False,False,False,False,False
APP03235,CUST0070,SYNTHETIC,2026-08-10,SES01618,maintenance,121,2,True,False,viewed,False,False,False,False,False
APP03236,CUST0156,SYNTHETIC,2026-06-16,SES00383,documents,462,15,False,False,viewed,False,False,False,False,False
APP03237,CUST0475,SYNTHETIC,2026-08-19,SES00710,mobility_planner,119,12,False,False,planned,False,False,False,False,False
APP03238,CUST0329,SYNTHETIC,2026-07-08,SES01352,maintenance,58,2,False,False,viewed,False,False,False,False,False
APP03239,CUST0414,SYNTHETIC,2026-08-11,SES01543,finance,418,22,False,False,viewed,False,False,False,False,False
APP03240,CUST0066,SYNTHETIC,2026-06-16,SES01822,contract,433,14,True,False,viewed,False,False,False,False,False
APP03241,CUST0441,SYNTHETIC,2026-07-18,SES00164,fines,268,11,False,False,viewed,False,False,False,False,False
APP03242,CUST0335,SYNTHETIC,2026-08-15,SES00573,notifications,389,1,True,True,dismissed,False,False,False,False,False
APP03243,CUST0410,SYNTHETIC,2026-08-31,SES00458,maintenance,217,10,True,False,scheduled,True,False,False,False,False
APP03244,CUST0296,SYNTHETIC,2026-09-21,SES01893,benefits,183,20,False,False,viewed,False,False,True,False,False
APP03245,CUST0216,SYNTHETIC,2026-07-25,SES00822,contract,82,3,True,True,viewed,False,False,False,False,False
APP03246,CUST0284,SYNTHETIC,2026-09-17,SES00792,km,402,19,True,True,viewed,False,False,False,False,False
APP03247,CUST0141,SYNTHETIC,2026-06-20,SES01255,support,277,17,False,False,opened,False,False,False,False,False
APP03248,CUST0401,SYNTHETIC,2026-09-26,SES00162,km,460,14,False,False,viewed,False,False,False,False,False
APP03249,CUST0128,SYNTHETIC,2026-09-25,SES00939,notifications,52,6,False,False,opened,False,False,False,False,False
APP03250,CUST0488,SYNTHETIC,2026-06-26,SES01948,mobility_planner,39,5,False,False,planned,False,False,False,False,False
APP03251,CUST0108,SYNTHETIC,2026-08-18,SES01005,documents,241,11,False,False,viewed,False,False,False,False,False
APP03252,CUST0386,SYNTHETIC,2026-08-28,SES01126,notifications,427,7,True,True,opened,False,False,False,False,False
APP03253,CUST0194,SYNTHETIC,2026-07-12,SES01560,home,71,7,True,True,viewed,False,False,False,False,False
APP03254,CUST0036,SYNTHETIC,2026-09-04,SES00327,finance,477,5,True,True,paid,False,True,False,False,False
APP03255,CUST0171,SYNTHETIC,2026-06-29,SES00920,benefits,80,21,False,False,redeemed,False,False,True,True,False
APP03256,CUST0384,SYNTHETIC,2026-08-12,SES00716,fines,226,15,False,False,viewed,False,False,False,False,False
APP03257,CUST0182,SYNTHETIC,2026-09-21,SES00836,home,174,3,False,False,viewed,False,False,False,False,False
APP03258,CUST0006,SYNTHETIC,2026-07-31,SES00129,finance,219,15,False,False,viewed,False,False,False,False,False
APP03259,CUST0080,SYNTHETIC,2026-09-13,SES00172,home,263,6,True,True,viewed,False,False,False,False,False
APP03260,CUST0122,SYNTHETIC,2026-09-30,SES01110,assistant,324,11,True,False,opened,False,False,False,False,False
APP03261,CUST0327,SYNTHETIC,2026-09-20,SES00546,km,347,6,True,False,viewed,False,False,False,False,False
APP03262,CUST0248,SYNTHETIC,2026-08-27,SES01083,fines,98,13,True,True,viewed,False,False,False,False,False
APP03263,CUST0302,SYNTHETIC,2026-08-03,SES02050,notifications,135,21,True,True,opened,False,False,False,False,False
APP03264,CUST0326,SYNTHETIC,2026-06-04,SES01813,mobility_planner,226,1,False,False,planned,False,False,False,False,False
APP03265,CUST0293,SYNTHETIC,2026-09-18,SES01216,maintenance,19,2,False,False,viewed,False,False,False,False,False
APP03266,CUST0142,SYNTHETIC,2026-08-15,SES00684,maintenance,401,8,True,True,viewed,False,False,False,False,False
APP03267,CUST0211,SYNTHETIC,2026-06-14,SES01072,fines,300,6,True,True,viewed,False,False,False,False,False
APP03268,CUST0446,SYNTHETIC,2026-08-25,SES01539,notifications,80,5,True,False,dismissed,False,False,False,False,False
APP03269,CUST0343,SYNTHETIC,2026-06-26,SES01127,finance,106,19,True,False,paid,False,True,False,False,False
APP03270,CUST0235,SYNTHETIC,2026-07-06,SES00482,km,44,4,False,False,viewed,False,False,False,False,False
APP03271,CUST0371,SYNTHETIC,2026-07-10,SES01220,assistant,40,9,True,False,opened,False,False,False,False,False
APP03272,CUST0402,SYNTHETIC,2026-07-13,SES00887,mobility_planner,269,18,True,True,viewed,False,False,False,False,False
APP03273,CUST0166,SYNTHETIC,2026-08-16,SES01213,finance,235,15,True,True,viewed,False,False,False,False,False
APP03274,CUST0298,SYNTHETIC,2026-07-20,SES00123,documents,383,1,False,False,viewed,False,False,False,False,False
APP03275,CUST0167,SYNTHETIC,2026-06-22,SES01675,mobility_planner,337,15,False,False,viewed,False,False,False,False,False
APP03276,CUST0035,SYNTHETIC,2026-07-29,SES00010,finance,135,18,False,False,paid,False,True,False,False,False
APP03277,CUST0157,SYNTHETIC,2026-08-11,SES00556,km,64,21,False,False,viewed,False,False,False,False,False
APP03278,CUST0041,SYNTHETIC,2026-07-11,SES00863,km,253,19,False,False,viewed,False,False,False,False,False
APP03279,CUST0107,SYNTHETIC,2026-06-29,SES00105,contract,45,20,False,False,viewed,False,False,False,False,False
APP03280,CUST0400,SYNTHETIC,2026-06-24,SES00388,home,185,5,False,False,viewed,False,False,False,False,False
APP03281,CUST0172,SYNTHETIC,2026-06-13,SES01250,benefits,249,14,False,False,viewed,False,False,True,False,False
APP03282,CUST0245,SYNTHETIC,2026-08-28,SES02106,documents,137,5,False,False,viewed,False,False,False,False,False
APP03283,CUST0418,SYNTHETIC,2026-08-16,SES00817,km,464,22,True,True,viewed,False,False,False,False,False
APP03284,CUST0268,SYNTHETIC,2026-08-17,SES01442,notifications,257,15,True,True,dismissed,False,False,False,False,False
APP03285,CUST0197,SYNTHETIC,2026-09-07,SES00637,assistant,38,11,True,True,opened,False,False,False,False,False
APP03286,CUST0417,SYNTHETIC,2026-09-30,SES00219,km,379,6,True,True,viewed,False,False,False,False,False
APP03287,CUST0164,SYNTHETIC,2026-08-09,SES00726,finance,436,7,True,True,viewed,False,False,False,False,False
APP03288,CUST0476,SYNTHETIC,2026-09-03,SES00927,mobility_planner,131,3,True,False,planned,False,False,False,False,False
APP03289,CUST0031,SYNTHETIC,2026-07-08,SES01884,mobility_planner,156,13,False,False,viewed,False,False,False,False,False
APP03290,CUST0262,SYNTHETIC,2026-07-20,SES02063,finance,12,5,False,False,viewed,False,False,False,False,False
APP03291,CUST0434,SYNTHETIC,2026-07-23,SES01184,fines,118,2,True,False,viewed,False,False,False,False,False
APP03292,CUST0197,SYNTHETIC,2026-07-16,SES00312,maintenance,380,6,False,False,viewed,False,False,False,False,False
APP03293,CUST0353,SYNTHETIC,2026-08-01,SES00960,maintenance,424,15,True,False,viewed,False,False,False,False,False
APP03294,CUST0289,SYNTHETIC,2026-09-20,SES01206,maintenance,259,2,False,False,viewed,False,False,False,False,False
APP03295,CUST0433,SYNTHETIC,2026-07-03,SES00903,profile,162,18,False,False,viewed,False,False,False,False,False
APP03296,CUST0217,SYNTHETIC,2026-08-29,SES02098,mobility_planner,410,16,False,False,planned,False,False,False,False,False
APP03297,CUST0390,SYNTHETIC,2026-09-08,SES00264,notifications,173,5,True,False,dismissed,False,False,False,False,False
APP03298,CUST0398,SYNTHETIC,2026-07-21,SES01018,home,124,22,False,False,viewed,False,False,False,False,False
APP03299,CUST0131,SYNTHETIC,2026-08-17,SES00301,assistant,433,17,False,False,opened,False,False,False,False,False
APP03300,CUST0060,SYNTHETIC,2026-06-26,SES02173,contract,421,2,False,False,viewed,False,False,False,False,False
APP03301,CUST0380,SYNTHETIC,2026-08-29,SES00480,profile,262,4,False,False,viewed,False,False,False,False,False
APP03302,CUST0325,SYNTHETIC,2026-06-13,SES01908,profile,364,21,False,False,viewed,False,False,False,False,False
APP03303,CUST0461,SYNTHETIC,2026-07-12,SES01064,documents,416,3,True,False,viewed,False,False,False,False,False
APP03304,CUST0150,SYNTHETIC,2026-08-15,SES02103,assistant,340,11,False,False,opened,False,False,False,False,False
APP03305,CUST0459,SYNTHETIC,2026-06-05,SES00658,fines,232,10,True,True,viewed,False,False,False,False,False
APP03306,CUST0067,SYNTHETIC,2026-08-26,SES00815,fines,81,21,False,False,viewed,False,False,False,False,False
APP03307,CUST0090,SYNTHETIC,2026-07-26,SES00527,finance,226,1,True,False,paid,False,True,False,False,False
APP03308,CUST0029,SYNTHETIC,2026-06-20,SES01391,contract,105,22,True,False,viewed,False,False,False,False,False
APP03309,CUST0008,SYNTHETIC,2026-09-14,SES01657,km,13,6,False,False,viewed,False,False,False,False,False
APP03310,CUST0347,SYNTHETIC,2026-06-18,SES01209,contract,136,5,True,False,viewed,False,False,False,False,False
APP03311,CUST0389,SYNTHETIC,2026-09-14,SES00501,contract,217,20,True,True,viewed,False,False,False,False,False
APP03312,CUST0481,SYNTHETIC,2026-09-11,SES00691,notifications,210,9,False,False,dismissed,False,False,False,False,False
APP03313,CUST0292,SYNTHETIC,2026-06-25,SES00193,documents,272,18,False,False,viewed,False,False,False,False,False
APP03314,CUST0097,SYNTHETIC,2026-09-17,SES01287,benefits,454,9,True,True,viewed,False,False,True,False,False
APP03315,CUST0154,SYNTHETIC,2026-07-28,SES00347,km,409,19,False,False,viewed,False,False,False,False,False
APP03316,CUST0464,SYNTHETIC,2026-07-04,SES01732,fines,9,12,True,True,viewed,False,False,False,False,False
APP03317,CUST0091,SYNTHETIC,2026-09-01,SES00895,assistant,272,20,True,True,queried,False,False,False,False,False
APP03318,CUST0474,SYNTHETIC,2026-06-11,SES01632,mobility_planner,465,9,True,True,viewed,False,False,False,False,False
APP03319,CUST0434,SYNTHETIC,2026-08-08,SES01664,km,153,12,False,False,viewed,False,False,False,False,False
APP03320,CUST0485,SYNTHETIC,2026-08-28,SES01800,home,32,20,False,False,viewed,False,False,False,False,False
APP03321,CUST0234,SYNTHETIC,2026-07-31,SES01808,support,71,22,False,False,contacted,False,False,False,False,True
APP03322,CUST0377,SYNTHETIC,2026-08-27,SES00706,documents,140,19,True,False,viewed,False,False,False,False,False
APP03323,CUST0064,SYNTHETIC,2026-09-29,SES00648,km,266,4,True,False,viewed,False,False,False,False,False
APP03324,CUST0443,SYNTHETIC,2026-07-14,SES01015,profile,161,14,True,True,viewed,False,False,False,False,False
APP03325,CUST0412,SYNTHETIC,2026-08-01,SES01884,assistant,115,20,False,False,queried,False,False,False,False,False
APP03326,CUST0489,SYNTHETIC,2026-09-24,SES01479,mobility_planner,430,19,False,False,planned,False,False,False,False,False
APP03327,CUST0331,SYNTHETIC,2026-06-25,SES02011,maintenance,460,11,False,False,viewed,False,False,False,False,False
APP03328,CUST0062,SYNTHETIC,2026-06-25,SES00405,documents,457,3,False,False,viewed,False,False,False,False,False
APP03329,CUST0219,SYNTHETIC,2026-06-04,SES00406,assistant,167,20,False,False,opened,False,False,False,False,False
APP03330,CUST0441,SYNTHETIC,2026-07-13,SES00250,mobility_planner,19,5,True,True,viewed,False,False,False,False,False
APP03331,CUST0137,SYNTHETIC,2026-07-17,SES00686,mobility_planner,264,19,False,False,planned,False,False,False,False,False
APP03332,CUST0152,SYNTHETIC,2026-09-18,SES01324,support,354,12,True,True,opened,False,False,False,False,False
APP03333,CUST0283,SYNTHETIC,2026-09-02,SES00536,benefits,93,8,False,False,viewed,False,False,True,False,False
APP03334,CUST0111,SYNTHETIC,2026-07-03,SES00332,km,144,14,True,False,viewed,False,False,False,False,False
APP03335,CUST0247,SYNTHETIC,2026-08-30,SES02035,assistant,28,13,True,True,opened,False,False,False,False,False
APP03336,CUST0162,SYNTHETIC,2026-06-10,SES01177,mobility_planner,26,6,True,False,viewed,False,False,False,False,False
APP03337,CUST0270,SYNTHETIC,2026-09-28,SES00990,fines,110,22,True,True,viewed,False,False,False,False,False
APP03338,CUST0307,SYNTHETIC,2026-06-05,SES01083,maintenance,89,11,False,False,viewed,False,False,False,False,False
APP03339,CUST0158,SYNTHETIC,2026-07-19,SES01696,profile,307,16,True,False,viewed,False,False,False,False,False
APP03340,CUST0265,SYNTHETIC,2026-08-10,SES00892,contract,414,21,True,False,viewed,False,False,False,False,False
APP03341,CUST0082,SYNTHETIC,2026-06-06,SES00712,assistant,443,1,True,False,queried,False,False,False,False,False
APP03342,CUST0139,SYNTHETIC,2026-07-25,SES02149,contract,412,9,True,True,viewed,False,False,False,False,False
APP03343,CUST0444,SYNTHETIC,2026-09-17,SES02053,home,450,3,True,False,viewed,False,False,False,False,False
APP03344,CUST0417,SYNTHETIC,2026-08-21,SES00725,home,314,17,False,False,viewed,False,False,False,False,False
APP03345,CUST0320,SYNTHETIC,2026-06-30,SES01663,fines,307,5,False,False,viewed,False,False,False,False,False
APP03346,CUST0080,SYNTHETIC,2026-06-29,SES00139,support,423,18,False,False,opened,False,False,False,False,False
APP03347,CUST0215,SYNTHETIC,2026-07-02,SES00018,benefits,147,1,False,False,redeemed,False,False,True,True,False
APP03348,CUST0462,SYNTHETIC,2026-06-29,SES01497,support,102,16,False,False,contacted,False,False,False,False,True
APP03349,CUST0478,SYNTHETIC,2026-09-10,SES01713,notifications,286,14,False,False,opened,False,False,False,False,False
APP03350,CUST0301,SYNTHETIC,2026-09-13,SES00572,maintenance,307,5,True,True,scheduled,True,False,False,False,False
APP03351,CUST0385,SYNTHETIC,2026-07-19,SES01988,fines,284,6,False,False,viewed,False,False,False,False,False
APP03352,CUST0382,SYNTHETIC,2026-07-31,SES01956,mobility_planner,422,2,False,False,planned,False,False,False,False,False
APP03353,CUST0230,SYNTHETIC,2026-07-26,SES00170,documents,45,16,False,False,viewed,False,False,False,False,False
APP03354,CUST0129,SYNTHETIC,2026-06-29,SES01574,home,340,11,True,True,viewed,False,False,False,False,False
APP03355,CUST0069,SYNTHETIC,2026-06-04,SES01282,documents,163,4,False,False,viewed,False,False,False,False,False
APP03356,CUST0491,SYNTHETIC,2026-07-11,SES00410,documents,42,15,False,False,viewed,False,False,False,False,False
APP03357,CUST0225,SYNTHETIC,2026-07-02,SES00153,mobility_planner,130,14,False,False,viewed,False,False,False,False,False
APP03358,CUST0063,SYNTHETIC,2026-06-19,SES01328,contract,14,3,True,False,viewed,False,False,False,False,False
APP03359,CUST0275,SYNTHETIC,2026-07-12,SES00408,benefits,171,4,False,False,redeemed,False,False,True,True,False
APP03360,CUST0383,SYNTHETIC,2026-09-15,SES01580,profile,448,13,False,False,viewed,False,False,False,False,False
APP03361,CUST0356,SYNTHETIC,2026-08-08,SES01701,maintenance,111,11,True,False,viewed,False,False,False,False,False
APP03362,CUST0027,SYNTHETIC,2026-09-12,SES00923,maintenance,108,12,True,True,viewed,False,False,False,False,False
APP03363,CUST0153,SYNTHETIC,2026-06-26,SES00162,contract,42,9,False,False,viewed,False,False,False,False,False
APP03364,CUST0315,SYNTHETIC,2026-07-06,SES00156,benefits,163,9,False,False,viewed,False,False,True,False,False
APP03365,CUST0239,SYNTHETIC,2026-08-22,SES01462,contract,347,15,True,True,viewed,False,False,False,False,False
APP03366,CUST0318,SYNTHETIC,2026-06-21,SES00267,documents,127,8,False,False,viewed,False,False,False,False,False
APP03367,CUST0067,SYNTHETIC,2026-10-01,SES00905,contract,305,7,True,True,viewed,False,False,False,False,False
APP03368,CUST0444,SYNTHETIC,2026-07-26,SES00307,benefits,101,1,False,False,redeemed,False,False,True,True,False
APP03369,CUST0063,SYNTHETIC,2026-06-24,SES01490,contract,431,9,False,False,viewed,False,False,False,False,False
APP03370,CUST0183,SYNTHETIC,2026-06-13,SES01271,finance,471,16,True,True,paid,False,True,False,False,False
APP03371,CUST0378,SYNTHETIC,2026-06-29,SES00004,assistant,334,10,False,False,opened,False,False,False,False,False
APP03372,CUST0480,SYNTHETIC,2026-07-04,SES00629,benefits,87,9,False,False,viewed,False,False,True,False,False
APP03373,CUST0151,SYNTHETIC,2026-09-22,SES01537,benefits,384,5,False,False,viewed,False,False,True,False,False
APP03374,CUST0323,SYNTHETIC,2026-06-04,SES00375,km,212,19,False,False,viewed,False,False,False,False,False
APP03375,CUST0378,SYNTHETIC,2026-08-02,SES00497,finance,471,7,True,False,paid,False,True,False,False,False
APP03376,CUST0345,SYNTHETIC,2026-06-25,SES00386,documents,134,10,True,True,viewed,False,False,False,False,False
APP03377,CUST0096,SYNTHETIC,2026-07-19,SES00835,km,241,5,True,False,viewed,False,False,False,False,False
APP03378,CUST0221,SYNTHETIC,2026-06-15,SES01919,mobility_planner,434,14,False,False,planned,False,False,False,False,False
APP03379,CUST0282,SYNTHETIC,2026-06-08,SES01149,km,182,20,False,False,viewed,False,False,False,False,False
APP03380,CUST0125,SYNTHETIC,2026-06-30,SES00182,km,280,8,True,True,viewed,False,False,False,False,False
APP03381,CUST0394,SYNTHETIC,2026-07-24,SES01662,mobility_planner,50,8,True,True,viewed,False,False,False,False,False
APP03382,CUST0114,SYNTHETIC,2026-06-30,SES00739,contract,103,21,False,False,viewed,False,False,False,False,False
APP03383,CUST0140,SYNTHETIC,2026-08-27,SES00521,documents,166,6,False,False,viewed,False,False,False,False,False
APP03384,CUST0147,SYNTHETIC,2026-06-06,SES00358,mobility_planner,203,8,False,False,planned,False,False,False,False,False
APP03385,CUST0500,SYNTHETIC,2026-08-10,SES01014,benefits,91,14,False,False,redeemed,False,False,True,True,False
APP03386,CUST0333,SYNTHETIC,2026-06-14,SES00739,km,132,14,True,False,viewed,False,False,False,False,False
APP03387,CUST0077,SYNTHETIC,2026-08-25,SES00267,mobility_planner,443,21,True,False,planned,False,False,False,False,False
APP03388,CUST0112,SYNTHETIC,2026-08-04,SES01121,documents,85,18,False,False,viewed,False,False,False,False,False
APP03389,CUST0324,SYNTHETIC,2026-09-13,SES01344,support,291,15,False,False,opened,False,False,False,False,False
APP03390,CUST0115,SYNTHETIC,2026-07-19,SES00804,benefits,76,22,False,False,redeemed,False,False,True,True,False
APP03391,CUST0116,SYNTHETIC,2026-07-24,SES00509,home,286,12,True,True,viewed,False,False,False,False,False
APP03392,CUST0285,SYNTHETIC,2026-08-17,SES00624,maintenance,125,10,False,False,viewed,False,False,False,False,False
APP03393,CUST0073,SYNTHETIC,2026-08-09,SES01624,finance,401,1,False,False,paid,False,True,False,False,False
APP03394,CUST0331,SYNTHETIC,2026-08-21,SES00318,mobility_planner,437,1,True,False,viewed,False,False,False,False,False
APP03395,CUST0090,SYNTHETIC,2026-07-26,SES00881,km,350,12,True,True,viewed,False,False,False,False,False
APP03396,CUST0447,SYNTHETIC,2026-07-09,SES00214,notifications,216,15,True,True,opened,False,False,False,False,False
APP03397,CUST0214,SYNTHETIC,2026-08-10,SES00123,support,299,21,False,False,opened,False,False,False,False,False
APP03398,CUST0155,SYNTHETIC,2026-07-11,SES00137,maintenance,270,5,True,False,viewed,False,False,False,False,False
APP03399,CUST0265,SYNTHETIC,2026-06-30,SES00375,support,54,13,True,True,opened,False,False,False,False,False
APP03400,CUST0172,SYNTHETIC,2026-06-25,SES00793,finance,96,3,False,False,viewed,False,False,False,False,False
APP03401,CUST0213,SYNTHETIC,2026-09-06,SES00276,mobility_planner,103,1,True,True,planned,False,False,False,False,False
APP03402,CUST0260,SYNTHETIC,2026-07-14,SES02138,contract,448,10,True,True,viewed,False,False,False,False,False
APP03403,CUST0253,SYNTHETIC,2026-08-18,SES01593,home,8,1,False,False,viewed,False,False,False,False,False
APP03404,CUST0197,SYNTHETIC,2026-09-09,SES01620,contract,237,8,False,False,viewed,False,False,False,False,False
APP03405,CUST0255,SYNTHETIC,2026-06-16,SES00555,fines,310,2,True,False,viewed,False,False,False,False,False
APP03406,CUST0213,SYNTHETIC,2026-08-14,SES01058,profile,258,21,True,False,viewed,False,False,False,False,False
APP03407,CUST0290,SYNTHETIC,2026-06-13,SES01965,mobility_planner,190,7,True,False,viewed,False,False,False,False,False
APP03408,CUST0043,SYNTHETIC,2026-07-16,SES01094,notifications,419,22,True,True,dismissed,False,False,False,False,False
APP03409,CUST0450,SYNTHETIC,2026-06-29,SES00904,fines,80,9,False,False,viewed,False,False,False,False,False
APP03410,CUST0329,SYNTHETIC,2026-09-18,SES01181,finance,279,1,False,False,viewed,False,False,False,False,False
APP03411,CUST0092,SYNTHETIC,2026-09-13,SES00791,km,172,14,True,False,viewed,False,False,False,False,False
APP03412,CUST0224,SYNTHETIC,2026-07-30,SES01580,mobility_planner,351,9,False,False,viewed,False,False,False,False,False
APP03413,CUST0132,SYNTHETIC,2026-09-07,SES01753,finance,66,14,True,False,viewed,False,False,False,False,False
APP03414,CUST0119,SYNTHETIC,2026-06-09,SES01485,notifications,264,20,False,False,opened,False,False,False,False,False
APP03415,CUST0290,SYNTHETIC,2026-09-07,SES00356,benefits,115,6,False,False,viewed,False,False,True,False,False
APP03416,CUST0256,SYNTHETIC,2026-07-24,SES00833,notifications,105,2,False,False,dismissed,False,False,False,False,False
APP03417,CUST0026,SYNTHETIC,2026-09-03,SES01643,benefits,196,13,True,False,viewed,False,False,True,False,False
APP03418,CUST0340,SYNTHETIC,2026-06-13,SES00600,support,113,20,True,True,opened,False,False,False,False,False
APP03419,CUST0261,SYNTHETIC,2026-09-25,SES00682,contract,477,19,False,False,viewed,False,False,False,False,False
APP03420,CUST0062,SYNTHETIC,2026-08-11,SES00405,km,15,20,False,False,viewed,False,False,False,False,False
APP03421,CUST0056,SYNTHETIC,2026-09-05,SES01420,documents,14,20,False,False,viewed,False,False,False,False,False
APP03422,CUST0297,SYNTHETIC,2026-08-22,SES01434,benefits,127,2,True,True,redeemed,False,False,True,True,False
APP03423,CUST0173,SYNTHETIC,2026-06-04,SES02029,mobility_planner,24,21,False,False,planned,False,False,False,False,False
APP03424,CUST0025,SYNTHETIC,2026-06-28,SES00120,assistant,458,20,False,False,queried,False,False,False,False,False
APP03425,CUST0013,SYNTHETIC,2026-07-12,SES01934,home,88,8,True,False,viewed,False,False,False,False,False
APP03426,CUST0218,SYNTHETIC,2026-06-15,SES01559,benefits,395,19,False,False,redeemed,False,False,True,True,False
APP03427,CUST0080,SYNTHETIC,2026-09-09,SES01395,support,31,14,False,False,opened,False,False,False,False,False
APP03428,CUST0125,SYNTHETIC,2026-08-05,SES01713,benefits,449,17,True,True,viewed,False,False,True,False,False
APP03429,CUST0293,SYNTHETIC,2026-07-18,SES01570,documents,18,10,True,False,viewed,False,False,False,False,False
APP03430,CUST0446,SYNTHETIC,2026-06-23,SES00867,profile,234,18,False,False,viewed,False,False,False,False,False
APP03431,CUST0372,SYNTHETIC,2026-06-08,SES00234,maintenance,214,21,True,True,scheduled,True,False,False,False,False
APP03432,CUST0293,SYNTHETIC,2026-08-09,SES01903,contract,450,7,False,False,viewed,False,False,False,False,False
APP03433,CUST0206,SYNTHETIC,2026-09-16,SES00178,support,105,21,False,False,contacted,False,False,False,False,True
APP03434,CUST0431,SYNTHETIC,2026-08-19,SES01234,finance,110,16,False,False,viewed,False,False,False,False,False
APP03435,CUST0212,SYNTHETIC,2026-08-22,SES01935,home,411,14,False,False,viewed,False,False,False,False,False
APP03436,CUST0464,SYNTHETIC,2026-09-05,SES00706,maintenance,251,12,False,False,viewed,False,False,False,False,False
APP03437,CUST0497,SYNTHETIC,2026-07-15,SES00702,mobility_planner,235,11,False,False,planned,False,False,False,False,False
APP03438,CUST0269,SYNTHETIC,2026-08-23,SES01923,contract,316,3,True,True,viewed,False,False,False,False,False
APP03439,CUST0381,SYNTHETIC,2026-06-30,SES00952,assistant,120,16,True,False,opened,False,False,False,False,False
APP03440,CUST0364,SYNTHETIC,2026-08-12,SES01316,assistant,397,15,False,False,queried,False,False,False,False,False
APP03441,CUST0198,SYNTHETIC,2026-06-11,SES00467,home,95,21,False,False,viewed,False,False,False,False,False
APP03442,CUST0359,SYNTHETIC,2026-09-22,SES00301,assistant,299,17,False,False,opened,False,False,False,False,False
APP03443,CUST0105,SYNTHETIC,2026-08-07,SES01788,notifications,182,16,False,False,opened,False,False,False,False,False
APP03444,CUST0439,SYNTHETIC,2026-07-28,SES02064,benefits,463,18,False,False,viewed,False,False,True,False,False
APP03445,CUST0382,SYNTHETIC,2026-06-15,SES00861,mobility_planner,237,12,False,False,viewed,False,False,False,False,False
APP03446,CUST0230,SYNTHETIC,2026-07-26,SES01620,assistant,96,21,False,False,opened,False,False,False,False,False
APP03447,CUST0042,SYNTHETIC,2026-07-29,SES00029,mobility_planner,43,11,False,False,planned,False,False,False,False,False
APP03448,CUST0421,SYNTHETIC,2026-09-10,SES02082,finance,198,11,False,False,viewed,False,False,False,False,False
APP03449,CUST0116,SYNTHETIC,2026-09-21,SES01674,documents,332,14,False,False,viewed,False,False,False,False,False
APP03450,CUST0303,SYNTHETIC,2026-06-21,SES00136,fines,14,6,True,True,viewed,False,False,False,False,False
APP03451,CUST0173,SYNTHETIC,2026-08-03,SES00072,maintenance,305,9,False,False,scheduled,True,False,False,False,False
APP03452,CUST0234,SYNTHETIC,2026-06-10,SES01169,mobility_planner,205,8,False,False,viewed,False,False,False,False,False
APP03453,CUST0203,SYNTHETIC,2026-06-16,SES01793,km,262,3,True,False,viewed,False,False,False,False,False
APP03454,CUST0226,SYNTHETIC,2026-06-12,SES01055,contract,147,20,True,False,viewed,False,False,False,False,False
APP03455,CUST0107,SYNTHETIC,2026-08-01,SES01242,notifications,78,9,True,False,dismissed,False,False,False,False,False
APP03456,CUST0122,SYNTHETIC,2026-08-28,SES01398,finance,393,5,True,True,paid,False,True,False,False,False
APP03457,CUST0119,SYNTHETIC,2026-06-22,SES00104,notifications,288,16,False,False,opened,False,False,False,False,False
APP03458,CUST0291,SYNTHETIC,2026-06-03,SES01442,contract,133,14,True,False,viewed,False,False,False,False,False
APP03459,CUST0461,SYNTHETIC,2026-07-20,SES00627,notifications,269,20,False,False,opened,False,False,False,False,False
APP03460,CUST0411,SYNTHETIC,2026-09-03,SES00303,support,472,7,True,False,opened,False,False,False,False,False
APP03461,CUST0179,SYNTHETIC,2026-07-09,SES02043,notifications,318,17,False,False,opened,False,False,False,False,False
APP03462,CUST0131,SYNTHETIC,2026-08-29,SES01976,maintenance,428,20,True,True,viewed,False,False,False,False,False
APP03463,CUST0193,SYNTHETIC,2026-07-16,SES00154,maintenance,82,11,False,False,viewed,False,False,False,False,False
APP03464,CUST0289,SYNTHETIC,2026-07-19,SES00991,contract,433,13,True,False,viewed,False,False,False,False,False
APP03465,CUST0151,SYNTHETIC,2026-07-21,SES01527,contract,123,2,True,False,viewed,False,False,False,False,False
APP03466,CUST0348,SYNTHETIC,2026-07-23,SES00762,mobility_planner,203,1,False,False,viewed,False,False,False,False,False
APP03467,CUST0070,SYNTHETIC,2026-07-04,SES02028,support,106,20,True,True,contacted,False,False,False,False,True
APP03468,CUST0289,SYNTHETIC,2026-08-17,SES00510,notifications,277,4,False,False,opened,False,False,False,False,False
APP03469,CUST0064,SYNTHETIC,2026-07-19,SES00978,finance,257,9,False,False,viewed,False,False,False,False,False
APP03470,CUST0116,SYNTHETIC,2026-08-30,SES00370,home,122,4,False,False,viewed,False,False,False,False,False
APP03471,CUST0262,SYNTHETIC,2026-06-26,SES00257,assistant,306,1,True,True,opened,False,False,False,False,False
APP03472,CUST0377,SYNTHETIC,2026-08-18,SES00916,contract,453,19,False,False,viewed,False,False,False,False,False
APP03473,CUST0465,SYNTHETIC,2026-07-11,SES00119,support,116,16,True,True,contacted,False,False,False,False,True
APP03474,CUST0387,SYNTHETIC,2026-09-25,SES01886,km,60,7,False,False,viewed,False,False,False,False,False
APP03475,CUST0462,SYNTHETIC,2026-09-15,SES01742,notifications,408,9,True,True,dismissed,False,False,False,False,False
APP03476,CUST0280,SYNTHETIC,2026-09-03,SES01772,profile,224,7,True,False,viewed,False,False,False,False,False
APP03477,CUST0215,SYNTHETIC,2026-09-12,SES01048,km,439,9,True,True,viewed,False,False,False,False,False
APP03478,CUST0420,SYNTHETIC,2026-06-11,SES00097,mobility_planner,140,3,False,False,viewed,False,False,False,False,False
APP03479,CUST0211,SYNTHETIC,2026-09-02,SES01316,notifications,121,18,True,True,dismissed,False,False,False,False,False
APP03480,CUST0160,SYNTHETIC,2026-07-01,SES01970,documents,295,21,True,True,viewed,False,False,False,False,False
APP03481,CUST0374,SYNTHETIC,2026-06-17,SES00368,documents,253,9,False,False,viewed,False,False,False,False,False
APP03482,CUST0051,SYNTHETIC,2026-08-04,SES01130,km,428,16,True,True,viewed,False,False,False,False,False
APP03483,CUST0465,SYNTHETIC,2026-09-05,SES00712,finance,89,1,True,True,paid,False,True,False,False,False
APP03484,CUST0316,SYNTHETIC,2026-08-03,SES00209,profile,287,3,True,True,viewed,False,False,False,False,False
APP03485,CUST0349,SYNTHETIC,2026-07-13,SES01967,documents,407,12,True,False,viewed,False,False,False,False,False
APP03486,CUST0472,SYNTHETIC,2026-08-23,SES01977,home,311,2,False,False,viewed,False,False,False,False,False
APP03487,CUST0070,SYNTHETIC,2026-06-29,SES01312,mobility_planner,356,7,True,True,planned,False,False,False,False,False
APP03488,CUST0239,SYNTHETIC,2026-08-26,SES01575,home,18,11,False,False,viewed,False,False,False,False,False
APP03489,CUST0324,SYNTHETIC,2026-08-17,SES01262,documents,192,7,False,False,viewed,False,False,False,False,False
APP03490,CUST0232,SYNTHETIC,2026-06-03,SES00369,finance,431,17,True,False,viewed,False,False,False,False,False
APP03491,CUST0313,SYNTHETIC,2026-07-15,SES00329,documents,283,16,False,False,viewed,False,False,False,False,False
APP03492,CUST0384,SYNTHETIC,2026-08-20,SES01529,benefits,167,16,False,False,viewed,False,False,True,False,False
APP03493,CUST0143,SYNTHETIC,2026-07-02,SES01264,contract,23,22,False,False,viewed,False,False,False,False,False
APP03494,CUST0284,SYNTHETIC,2026-08-02,SES00374,maintenance,223,5,False,False,scheduled,True,False,False,False,False
APP03495,CUST0365,SYNTHETIC,2026-08-16,SES01983,maintenance,267,3,False,False,viewed,False,False,False,False,False
APP03496,CUST0340,SYNTHETIC,2026-09-08,SES00412,km,422,16,False,False,viewed,False,False,False,False,False
APP03497,CUST0249,SYNTHETIC,2026-07-18,SES00099,km,409,12,False,False,viewed,False,False,False,False,False
APP03498,CUST0233,SYNTHETIC,2026-07-09,SES00418,assistant,351,3,True,False,opened,False,False,False,False,False
APP03499,CUST0451,SYNTHETIC,2026-07-07,SES00324,profile,351,19,False,False,viewed,False,False,False,False,False
APP03500,CUST0398,SYNTHETIC,2026-09-18,SES01625,profile,325,5,False,False,viewed,False,False,False,False,False
APP03501,CUST0003,SYNTHETIC,2026-07-13,SES01335,contract,365,14,True,True,viewed,False,False,False,False,False
APP03502,CUST0346,SYNTHETIC,2026-08-20,SES00843,documents,229,12,False,False,viewed,False,False,False,False,False
APP03503,CUST0399,SYNTHETIC,2026-06-28,SES02090,home,37,15,False,False,viewed,False,False,False,False,False
APP03504,CUST0299,SYNTHETIC,2026-08-24,SES02016,assistant,182,1,False,False,queried,False,False,False,False,False
APP03505,CUST0485,SYNTHETIC,2026-06-25,SES00444,profile,234,21,False,False,viewed,False,False,False,False,False
APP03506,CUST0330,SYNTHETIC,2026-06-13,SES00858,fines,343,13,True,False,viewed,False,False,False,False,False
APP03507,CUST0377,SYNTHETIC,2026-08-06,SES00620,contract,474,13,False,False,viewed,False,False,False,False,False
APP03508,CUST0496,SYNTHETIC,2026-09-19,SES01071,fines,399,17,True,False,viewed,False,False,False,False,False
APP03509,CUST0113,SYNTHETIC,2026-09-02,SES01869,home,201,12,False,False,viewed,False,False,False,False,False
APP03510,CUST0051,SYNTHETIC,2026-06-05,SES01976,maintenance,317,9,False,False,viewed,False,False,False,False,False
APP03511,CUST0267,SYNTHETIC,2026-09-13,SES01252,fines,362,22,True,False,viewed,False,False,False,False,False
APP03512,CUST0187,SYNTHETIC,2026-07-09,SES01763,fines,114,12,False,False,viewed,False,False,False,False,False
APP03513,CUST0223,SYNTHETIC,2026-08-26,SES01460,fines,118,1,False,False,viewed,False,False,False,False,False
APP03514,CUST0185,SYNTHETIC,2026-08-12,SES00063,maintenance,336,16,False,False,viewed,False,False,False,False,False
APP03515,CUST0125,SYNTHETIC,2026-07-27,SES01835,finance,275,13,False,False,viewed,False,False,False,False,False
APP03516,CUST0404,SYNTHETIC,2026-07-16,SES00346,maintenance,55,11,True,True,scheduled,True,False,False,False,False
APP03517,CUST0105,SYNTHETIC,2026-08-04,SES01071,documents,16,8,True,False,viewed,False,False,False,False,False
APP03518,CUST0429,SYNTHETIC,2026-08-21,SES02029,finance,82,6,False,False,viewed,False,False,False,False,False
APP03519,CUST0070,SYNTHETIC,2026-09-23,SES00610,fines,129,11,True,False,viewed,False,False,False,False,False
APP03520,CUST0013,SYNTHETIC,2026-08-10,SES01296,mobility_planner,341,7,False,False,viewed,False,False,False,False,False
APP03521,CUST0445,SYNTHETIC,2026-09-30,SES00527,maintenance,210,15,False,False,scheduled,True,False,False,False,False
APP03522,CUST0474,SYNTHETIC,2026-08-04,SES00198,maintenance,289,4,False,False,viewed,False,False,False,False,False
APP03523,CUST0197,SYNTHETIC,2026-07-06,SES00481,profile,22,20,True,False,viewed,False,False,False,False,False
APP03524,CUST0334,SYNTHETIC,2026-07-02,SES00893,documents,80,19,False,False,viewed,False,False,False,False,False
APP03525,CUST0161,SYNTHETIC,2026-07-16,SES00464,maintenance,103,3,True,False,scheduled,True,False,False,False,False
APP03526,CUST0142,SYNTHETIC,2026-09-08,SES01336,benefits,221,14,False,False,viewed,False,False,True,False,False
APP03527,CUST0082,SYNTHETIC,2026-09-03,SES01124,notifications,41,8,False,False,opened,False,False,False,False,False
APP03528,CUST0076,SYNTHETIC,2026-06-11,SES00575,profile,313,5,False,False,viewed,False,False,False,False,False
APP03529,CUST0140,SYNTHETIC,2026-08-30,SES02084,home,130,3,True,True,viewed,False,False,False,False,False
APP03530,CUST0199,SYNTHETIC,2026-08-25,SES00279,documents,150,1,True,False,viewed,False,False,False,False,False
APP03531,CUST0155,SYNTHETIC,2026-07-18,SES01554,notifications,387,18,True,True,dismissed,False,False,False,False,False
APP03532,CUST0216,SYNTHETIC,2026-08-28,SES02045,benefits,196,6,False,False,redeemed,False,False,True,True,False
APP03533,CUST0288,SYNTHETIC,2026-08-29,SES01290,home,56,6,False,False,viewed,False,False,False,False,False
APP03534,CUST0160,SYNTHETIC,2026-07-11,SES01637,support,465,7,False,False,opened,False,False,False,False,False
APP03535,CUST0313,SYNTHETIC,2026-08-13,SES00406,mobility_planner,388,5,True,True,planned,False,False,False,False,False
APP03536,CUST0406,SYNTHETIC,2026-08-02,SES01054,notifications,84,15,True,True,dismissed,False,False,False,False,False
APP03537,CUST0436,SYNTHETIC,2026-07-06,SES00560,maintenance,430,9,False,False,scheduled,True,False,False,False,False
APP03538,CUST0316,SYNTHETIC,2026-09-04,SES01578,contract,11,21,False,False,viewed,False,False,False,False,False
APP03539,CUST0453,SYNTHETIC,2026-09-12,SES02066,assistant,339,2,True,True,queried,False,False,False,False,False
APP03540,CUST0297,SYNTHETIC,2026-09-17,SES00292,home,108,7,True,False,viewed,False,False,False,False,False
APP03541,CUST0235,SYNTHETIC,2026-07-21,SES00782,documents,89,9,False,False,viewed,False,False,False,False,False
APP03542,CUST0263,SYNTHETIC,2026-07-26,SES00005,finance,238,17,True,False,viewed,False,False,False,False,False
APP03543,CUST0226,SYNTHETIC,2026-08-15,SES01164,home,460,12,True,True,viewed,False,False,False,False,False
APP03544,CUST0317,SYNTHETIC,2026-08-31,SES01741,assistant,372,7,False,False,opened,False,False,False,False,False
APP03545,CUST0273,SYNTHETIC,2026-09-16,SES01115,support,340,19,False,False,opened,False,False,False,False,False
APP03546,CUST0100,SYNTHETIC,2026-06-25,SES00877,home,405,5,True,True,viewed,False,False,False,False,False
APP03547,CUST0175,SYNTHETIC,2026-09-12,SES00269,benefits,398,20,False,False,redeemed,False,False,True,True,False
APP03548,CUST0114,SYNTHETIC,2026-07-17,SES00951,contract,391,6,True,True,viewed,False,False,False,False,False
APP03549,CUST0143,SYNTHETIC,2026-08-21,SES00151,support,310,17,False,False,opened,False,False,False,False,False
APP03550,CUST0026,SYNTHETIC,2026-06-26,SES01852,assistant,237,17,True,True,queried,False,False,False,False,False
APP03551,CUST0391,SYNTHETIC,2026-07-30,SES01273,notifications,447,5,True,False,dismissed,False,False,False,False,False
APP03552,CUST0440,SYNTHETIC,2026-07-10,SES01939,notifications,443,13,True,True,dismissed,False,False,False,False,False
APP03553,CUST0216,SYNTHETIC,2026-08-02,SES00487,support,184,20,True,False,contacted,False,False,False,False,True
APP03554,CUST0307,SYNTHETIC,2026-09-11,SES00628,contract,326,16,False,False,viewed,False,False,False,False,False
APP03555,CUST0412,SYNTHETIC,2026-07-26,SES00327,mobility_planner,244,15,False,False,viewed,False,False,False,False,False
APP03556,CUST0199,SYNTHETIC,2026-08-19,SES01788,contract,352,22,False,False,viewed,False,False,False,False,False
APP03557,CUST0457,SYNTHETIC,2026-07-16,SES02068,documents,274,3,True,True,viewed,False,False,False,False,False
APP03558,CUST0264,SYNTHETIC,2026-07-23,SES01352,km,368,6,False,False,viewed,False,False,False,False,False
APP03559,CUST0196,SYNTHETIC,2026-08-22,SES00587,notifications,309,10,True,False,opened,False,False,False,False,False
APP03560,CUST0044,SYNTHETIC,2026-07-08,SES00141,home,329,16,False,False,viewed,False,False,False,False,False
APP03561,CUST0252,SYNTHETIC,2026-07-14,SES01311,support,341,8,True,False,opened,False,False,False,False,False
APP03562,CUST0342,SYNTHETIC,2026-06-22,SES01600,notifications,128,1,False,False,opened,False,False,False,False,False
APP03563,CUST0464,SYNTHETIC,2026-09-18,SES00777,mobility_planner,413,2,True,True,planned,False,False,False,False,False
APP03564,CUST0488,SYNTHETIC,2026-07-10,SES00334,notifications,450,12,False,False,dismissed,False,False,False,False,False
APP03565,CUST0343,SYNTHETIC,2026-07-04,SES00850,finance,266,19,False,False,viewed,False,False,False,False,False
APP03566,CUST0352,SYNTHETIC,2026-08-09,SES00945,assistant,439,9,True,True,queried,False,False,False,False,False
APP03567,CUST0405,SYNTHETIC,2026-07-30,SES00257,assistant,248,17,False,False,opened,False,False,False,False,False
APP03568,CUST0370,SYNTHETIC,2026-07-03,SES00275,mobility_planner,186,19,False,False,planned,False,False,False,False,False
APP03569,CUST0091,SYNTHETIC,2026-08-20,SES02102,home,331,6,False,False,viewed,False,False,False,False,False
APP03570,CUST0466,SYNTHETIC,2026-09-30,SES00762,home,98,7,False,False,viewed,False,False,False,False,False
APP03571,CUST0066,SYNTHETIC,2026-08-31,SES01540,notifications,45,14,True,True,opened,False,False,False,False,False
APP03572,CUST0235,SYNTHETIC,2026-09-25,SES01670,home,251,21,True,True,viewed,False,False,False,False,False
APP03573,CUST0288,SYNTHETIC,2026-08-22,SES01879,support,284,18,True,False,opened,False,False,False,False,False
APP03574,CUST0439,SYNTHETIC,2026-09-22,SES01749,profile,199,9,False,False,viewed,False,False,False,False,False
APP03575,CUST0186,SYNTHETIC,2026-07-14,SES00154,fines,462,11,False,False,viewed,False,False,False,False,False
APP03576,CUST0161,SYNTHETIC,2026-08-22,SES00111,profile,260,17,True,True,viewed,False,False,False,False,False
APP03577,CUST0353,SYNTHETIC,2026-07-18,SES01586,documents,304,15,False,False,viewed,False,False,False,False,False
APP03578,CUST0300,SYNTHETIC,2026-07-28,SES00900,mobility_planner,259,6,False,False,planned,False,False,False,False,False
APP03579,CUST0261,SYNTHETIC,2026-06-18,SES02176,support,242,9,False,False,opened,False,False,False,False,False
APP03580,CUST0196,SYNTHETIC,2026-09-29,SES01013,documents,445,16,False,False,viewed,False,False,False,False,False
APP03581,CUST0041,SYNTHETIC,2026-08-10,SES01075,assistant,143,16,True,True,queried,False,False,False,False,False
APP03582,CUST0236,SYNTHETIC,2026-08-22,SES01696,km,43,8,False,False,viewed,False,False,False,False,False
APP03583,CUST0490,SYNTHETIC,2026-06-18,SES00881,profile,209,16,True,False,viewed,False,False,False,False,False
APP03584,CUST0192,SYNTHETIC,2026-06-10,SES00698,benefits,389,16,True,False,viewed,False,False,True,False,False
APP03585,CUST0428,SYNTHETIC,2026-06-10,SES00766,fines,464,17,False,False,viewed,False,False,False,False,False
APP03586,CUST0466,SYNTHETIC,2026-09-07,SES02102,support,84,13,False,False,contacted,False,False,False,False,True
APP03587,CUST0135,SYNTHETIC,2026-06-20,SES01460,finance,388,8,True,False,viewed,False,False,False,False,False
APP03588,CUST0247,SYNTHETIC,2026-09-16,SES00374,mobility_planner,350,4,False,False,planned,False,False,False,False,False
APP03589,CUST0094,SYNTHETIC,2026-09-19,SES01646,documents,137,16,True,False,viewed,False,False,False,False,False
APP03590,CUST0032,SYNTHETIC,2026-07-21,SES01157,mobility_planner,322,7,False,False,planned,False,False,False,False,False
APP03591,CUST0043,SYNTHETIC,2026-07-28,SES02198,support,50,12,True,True,opened,False,False,False,False,False
APP03592,CUST0311,SYNTHETIC,2026-07-24,SES00100,km,166,10,False,False,viewed,False,False,False,False,False
APP03593,CUST0359,SYNTHETIC,2026-09-23,SES02190,profile,236,5,True,True,viewed,False,False,False,False,False
APP03594,CUST0018,SYNTHETIC,2026-07-07,SES00545,maintenance,188,19,False,False,viewed,False,False,False,False,False
APP03595,CUST0415,SYNTHETIC,2026-09-24,SES00169,benefits,125,21,True,False,redeemed,False,False,True,True,False
APP03596,CUST0259,SYNTHETIC,2026-09-15,SES01457,notifications,222,9,True,True,opened,False,False,False,False,False
APP03597,CUST0120,SYNTHETIC,2026-09-19,SES01503,finance,294,20,False,False,paid,False,True,False,False,False
APP03598,CUST0042,SYNTHETIC,2026-09-10,SES01902,fines,132,4,False,False,viewed,False,False,False,False,False
APP03599,CUST0381,SYNTHETIC,2026-07-18,SES00977,notifications,19,15,False,False,opened,False,False,False,False,False
APP03600,CUST0023,SYNTHETIC,2026-07-13,SES00316,fines,161,3,True,True,viewed,False,False,False,False,False
APP03601,CUST0375,SYNTHETIC,2026-09-30,SES01510,contract,382,22,False,False,viewed,False,False,False,False,False
APP03602,CUST0478,SYNTHETIC,2026-07-05,SES00926,profile,447,22,False,False,viewed,False,False,False,False,False
APP03603,CUST0110,SYNTHETIC,2026-08-31,SES00161,maintenance,10,4,True,True,scheduled,True,False,False,False,False
APP03604,CUST0150,SYNTHETIC,2026-08-01,SES00307,maintenance,368,7,False,False,scheduled,True,False,False,False,False
APP03605,CUST0138,SYNTHETIC,2026-06-29,SES02182,assistant,324,11,False,False,queried,False,False,False,False,False
APP03606,CUST0140,SYNTHETIC,2026-09-10,SES02095,home,149,3,True,True,viewed,False,False,False,False,False
APP03607,CUST0006,SYNTHETIC,2026-08-28,SES00195,fines,158,21,True,True,viewed,False,False,False,False,False
APP03608,CUST0058,SYNTHETIC,2026-06-06,SES01870,home,13,19,False,False,viewed,False,False,False,False,False
APP03609,CUST0337,SYNTHETIC,2026-06-23,SES00539,profile,202,2,True,False,viewed,False,False,False,False,False
APP03610,CUST0232,SYNTHETIC,2026-06-08,SES00615,fines,334,21,False,False,viewed,False,False,False,False,False
APP03611,CUST0199,SYNTHETIC,2026-08-31,SES00109,maintenance,204,14,True,True,viewed,False,False,False,False,False
APP03612,CUST0277,SYNTHETIC,2026-08-27,SES00221,mobility_planner,156,19,True,False,planned,False,False,False,False,False
APP03613,CUST0437,SYNTHETIC,2026-09-13,SES02145,km,245,12,False,False,viewed,False,False,False,False,False
APP03614,CUST0393,SYNTHETIC,2026-06-03,SES00394,benefits,295,7,False,False,viewed,False,False,True,False,False
APP03615,CUST0457,SYNTHETIC,2026-06-30,SES01037,contract,200,8,False,False,viewed,False,False,False,False,False
APP03616,CUST0242,SYNTHETIC,2026-06-13,SES01717,profile,432,13,True,True,viewed,False,False,False,False,False
APP03617,CUST0464,SYNTHETIC,2026-07-11,SES00489,finance,157,15,True,True,viewed,False,False,False,False,False
APP03618,CUST0236,SYNTHETIC,2026-08-26,SES00661,fines,246,22,False,False,viewed,False,False,False,False,False
APP03619,CUST0472,SYNTHETIC,2026-09-15,SES01860,documents,227,10,True,True,viewed,False,False,False,False,False
APP03620,CUST0368,SYNTHETIC,2026-06-03,SES01145,mobility_planner,339,14,False,False,planned,False,False,False,False,False
APP03621,CUST0442,SYNTHETIC,2026-07-23,SES01546,profile,117,13,True,True,viewed,False,False,False,False,False
APP03622,CUST0070,SYNTHETIC,2026-06-03,SES01244,benefits,99,9,True,False,viewed,False,False,True,False,False
APP03623,CUST0222,SYNTHETIC,2026-08-18,SES01546,support,281,19,False,False,opened,False,False,False,False,False
APP03624,CUST0106,SYNTHETIC,2026-08-15,SES00058,contract,370,9,False,False,viewed,False,False,False,False,False
APP03625,CUST0475,SYNTHETIC,2026-07-31,SES00247,profile,291,19,True,True,viewed,False,False,False,False,False
APP03626,CUST0398,SYNTHETIC,2026-08-29,SES00757,documents,325,15,True,True,viewed,False,False,False,False,False
APP03627,CUST0267,SYNTHETIC,2026-08-01,SES00822,mobility_planner,145,21,False,False,planned,False,False,False,False,False
APP03628,CUST0186,SYNTHETIC,2026-08-13,SES01495,assistant,135,4,False,False,opened,False,False,False,False,False
APP03629,CUST0259,SYNTHETIC,2026-06-13,SES01078,maintenance,184,17,False,False,viewed,False,False,False,False,False
APP03630,CUST0337,SYNTHETIC,2026-09-22,SES01492,home,53,9,True,True,viewed,False,False,False,False,False
APP03631,CUST0104,SYNTHETIC,2026-06-21,SES00901,assistant,468,11,False,False,opened,False,False,False,False,False
APP03632,CUST0192,SYNTHETIC,2026-07-14,SES00142,maintenance,456,16,False,False,scheduled,True,False,False,False,False
APP03633,CUST0345,SYNTHETIC,2026-09-02,SES00555,mobility_planner,423,9,True,False,planned,False,False,False,False,False
APP03634,CUST0429,SYNTHETIC,2026-07-15,SES00191,home,196,12,False,False,viewed,False,False,False,False,False
APP03635,CUST0037,SYNTHETIC,2026-09-04,SES00236,fines,443,4,False,False,viewed,False,False,False,False,False
APP03636,CUST0407,SYNTHETIC,2026-09-07,SES00525,contract,477,18,True,True,viewed,False,False,False,False,False
APP03637,CUST0326,SYNTHETIC,2026-08-13,SES01352,home,462,11,False,False,viewed,False,False,False,False,False
APP03638,CUST0143,SYNTHETIC,2026-08-03,SES00737,maintenance,173,14,False,False,scheduled,True,False,False,False,False
APP03639,CUST0349,SYNTHETIC,2026-07-21,SES01342,assistant,207,9,False,False,queried,False,False,False,False,False
APP03640,CUST0297,SYNTHETIC,2026-06-24,SES00174,fines,415,8,True,True,viewed,False,False,False,False,False
APP03641,CUST0373,SYNTHETIC,2026-09-04,SES01965,contract,242,20,True,False,viewed,False,False,False,False,False
APP03642,CUST0254,SYNTHETIC,2026-09-05,SES02100,fines,375,12,False,False,viewed,False,False,False,False,False
APP03643,CUST0083,SYNTHETIC,2026-06-21,SES01193,support,341,1,True,False,contacted,False,False,False,False,True
APP03644,CUST0313,SYNTHETIC,2026-07-31,SES00881,home,196,10,True,False,viewed,False,False,False,False,False
APP03645,CUST0102,SYNTHETIC,2026-08-31,SES01189,profile,318,15,False,False,viewed,False,False,False,False,False
APP03646,CUST0449,SYNTHETIC,2026-07-21,SES01830,maintenance,456,12,False,False,viewed,False,False,False,False,False
APP03647,CUST0280,SYNTHETIC,2026-08-06,SES01020,contract,478,6,True,False,viewed,False,False,False,False,False
APP03648,CUST0201,SYNTHETIC,2026-07-18,SES01105,km,437,16,False,False,viewed,False,False,False,False,False
APP03649,CUST0468,SYNTHETIC,2026-06-25,SES00394,contract,159,13,False,False,viewed,False,False,False,False,False
APP03650,CUST0439,SYNTHETIC,2026-07-02,SES01844,finance,349,8,False,False,paid,False,True,False,False,False
APP03651,CUST0434,SYNTHETIC,2026-09-18,SES01512,km,267,5,True,True,viewed,False,False,False,False,False
APP03652,CUST0008,SYNTHETIC,2026-09-15,SES00232,profile,137,5,False,False,viewed,False,False,False,False,False
APP03653,CUST0233,SYNTHETIC,2026-09-21,SES01897,support,63,15,False,False,opened,False,False,False,False,False
APP03654,CUST0097,SYNTHETIC,2026-06-26,SES02039,profile,365,22,True,False,viewed,False,False,False,False,False
APP03655,CUST0095,SYNTHETIC,2026-09-18,SES02184,finance,420,17,False,False,viewed,False,False,False,False,False
APP03656,CUST0004,SYNTHETIC,2026-07-14,SES00244,contract,329,19,True,False,viewed,False,False,False,False,False
APP03657,CUST0025,SYNTHETIC,2026-09-05,SES00245,fines,421,14,False,False,viewed,False,False,False,False,False
APP03658,CUST0202,SYNTHETIC,2026-07-31,SES00744,documents,148,22,False,False,viewed,False,False,False,False,False
APP03659,CUST0083,SYNTHETIC,2026-06-14,SES01425,km,86,19,False,False,viewed,False,False,False,False,False
APP03660,CUST0302,SYNTHETIC,2026-09-25,SES01859,fines,48,17,True,False,viewed,False,False,False,False,False
APP03661,CUST0032,SYNTHETIC,2026-09-03,SES00390,maintenance,172,10,True,False,viewed,False,False,False,False,False
APP03662,CUST0380,SYNTHETIC,2026-06-30,SES00591,contract,424,14,False,False,viewed,False,False,False,False,False
APP03663,CUST0370,SYNTHETIC,2026-06-26,SES00195,finance,301,13,False,False,viewed,False,False,False,False,False
APP03664,CUST0129,SYNTHETIC,2026-06-21,SES01421,maintenance,463,20,False,False,viewed,False,False,False,False,False
APP03665,CUST0157,SYNTHETIC,2026-08-14,SES02018,maintenance,111,16,False,False,scheduled,True,False,False,False,False
APP03666,CUST0174,SYNTHETIC,2026-09-15,SES00179,documents,151,14,False,False,viewed,False,False,False,False,False
APP03667,CUST0128,SYNTHETIC,2026-06-17,SES01523,documents,444,3,True,True,viewed,False,False,False,False,False
APP03668,CUST0154,SYNTHETIC,2026-08-20,SES02094,benefits,474,17,True,True,redeemed,False,False,True,True,False
APP03669,CUST0177,SYNTHETIC,2026-07-01,SES01014,assistant,472,21,True,False,queried,False,False,False,False,False
APP03670,CUST0049,SYNTHETIC,2026-09-16,SES01401,maintenance,58,19,False,False,viewed,False,False,False,False,False
APP03671,CUST0377,SYNTHETIC,2026-07-25,SES00865,notifications,352,13,False,False,opened,False,False,False,False,False
APP03672,CUST0446,SYNTHETIC,2026-08-20,SES00238,documents,299,15,True,False,viewed,False,False,False,False,False
APP03673,CUST0429,SYNTHETIC,2026-06-05,SES00193,support,10,18,False,False,contacted,False,False,False,False,True
APP03674,CUST0166,SYNTHETIC,2026-09-20,SES01305,notifications,295,3,False,False,dismissed,False,False,False,False,False
APP03675,CUST0136,SYNTHETIC,2026-07-23,SES01317,assistant,102,22,True,True,opened,False,False,False,False,False
APP03676,CUST0151,SYNTHETIC,2026-07-12,SES02174,finance,151,12,False,False,viewed,False,False,False,False,False
APP03677,CUST0411,SYNTHETIC,2026-08-29,SES00543,documents,220,18,True,True,viewed,False,False,False,False,False
APP03678,CUST0050,SYNTHETIC,2026-08-13,SES01705,mobility_planner,127,8,False,False,viewed,False,False,False,False,False
APP03679,CUST0304,SYNTHETIC,2026-08-19,SES00267,mobility_planner,242,17,False,False,planned,False,False,False,False,False
APP03680,CUST0174,SYNTHETIC,2026-10-01,SES01387,maintenance,56,3,True,True,scheduled,True,False,False,False,False
APP03681,CUST0405,SYNTHETIC,2026-06-08,SES02021,km,266,16,True,True,viewed,False,False,False,False,False
APP03682,CUST0075,SYNTHETIC,2026-09-22,SES00614,notifications,277,20,False,False,dismissed,False,False,False,False,False
APP03683,CUST0120,SYNTHETIC,2026-08-11,SES01962,support,165,5,True,False,opened,False,False,False,False,False
APP03684,CUST0085,SYNTHETIC,2026-07-20,SES00462,finance,104,14,True,False,viewed,False,False,False,False,False
APP03685,CUST0229,SYNTHETIC,2026-07-16,SES01688,fines,368,15,False,False,viewed,False,False,False,False,False
APP03686,CUST0103,SYNTHETIC,2026-08-04,SES01589,km,309,4,False,False,viewed,False,False,False,False,False
APP03687,CUST0134,SYNTHETIC,2026-06-22,SES00467,home,232,17,False,False,viewed,False,False,False,False,False
APP03688,CUST0144,SYNTHETIC,2026-08-11,SES00425,profile,245,21,True,True,viewed,False,False,False,False,False
APP03689,CUST0330,SYNTHETIC,2026-08-09,SES01376,notifications,392,7,False,False,dismissed,False,False,False,False,False
APP03690,CUST0047,SYNTHETIC,2026-09-02,SES01423,finance,202,9,True,True,viewed,False,False,False,False,False
APP03691,CUST0088,SYNTHETIC,2026-07-13,SES00203,profile,240,21,False,False,viewed,False,False,False,False,False
APP03692,CUST0445,SYNTHETIC,2026-08-29,SES00617,profile,299,15,True,False,viewed,False,False,False,False,False
APP03693,CUST0207,SYNTHETIC,2026-07-12,SES01927,documents,68,4,False,False,viewed,False,False,False,False,False
APP03694,CUST0232,SYNTHETIC,2026-08-19,SES00369,profile,51,21,False,False,viewed,False,False,False,False,False
APP03695,CUST0268,SYNTHETIC,2026-07-22,SES00442,km,268,20,False,False,viewed,False,False,False,False,False
APP03696,CUST0230,SYNTHETIC,2026-07-24,SES01762,assistant,207,5,False,False,opened,False,False,False,False,False
APP03697,CUST0372,SYNTHETIC,2026-08-05,SES00963,documents,453,6,True,True,viewed,False,False,False,False,False
APP03698,CUST0049,SYNTHETIC,2026-09-16,SES01564,profile,173,2,False,False,viewed,False,False,False,False,False
APP03699,CUST0358,SYNTHETIC,2026-09-23,SES00639,home,15,3,False,False,viewed,False,False,False,False,False
APP03700,CUST0484,SYNTHETIC,2026-07-15,SES00820,notifications,151,21,False,False,opened,False,False,False,False,False
APP03701,CUST0132,SYNTHETIC,2026-08-10,SES00822,maintenance,393,16,False,False,viewed,False,False,False,False,False
APP03702,CUST0055,SYNTHETIC,2026-06-22,SES00586,documents,178,10,False,False,viewed,False,False,False,False,False
APP03703,CUST0466,SYNTHETIC,2026-08-14,SES00213,support,245,13,False,False,opened,False,False,False,False,False
APP03704,CUST0031,SYNTHETIC,2026-09-18,SES02166,contract,457,21,True,True,viewed,False,False,False,False,False
APP03705,CUST0034,SYNTHETIC,2026-08-03,SES00090,profile,388,19,False,False,viewed,False,False,False,False,False
APP03706,CUST0315,SYNTHETIC,2026-09-11,SES01105,benefits,136,11,False,False,viewed,False,False,True,False,False
APP03707,CUST0492,SYNTHETIC,2026-06-25,SES01662,assistant,278,14,False,False,opened,False,False,False,False,False
APP03708,CUST0084,SYNTHETIC,2026-08-15,SES01890,contract,211,8,False,False,viewed,False,False,False,False,False
APP03709,CUST0395,SYNTHETIC,2026-08-19,SES00993,maintenance,311,17,False,False,viewed,False,False,False,False,False
APP03710,CUST0035,SYNTHETIC,2026-07-17,SES00293,maintenance,430,5,False,False,scheduled,True,False,False,False,False
APP03711,CUST0373,SYNTHETIC,2026-07-14,SES00747,profile,273,3,True,False,viewed,False,False,False,False,False
APP03712,CUST0493,SYNTHETIC,2026-07-13,SES00349,profile,146,10,False,False,viewed,False,False,False,False,False
APP03713,CUST0044,SYNTHETIC,2026-09-10,SES02101,maintenance,8,14,False,False,scheduled,True,False,False,False,False
APP03714,CUST0075,SYNTHETIC,2026-06-04,SES01158,home,189,3,False,False,viewed,False,False,False,False,False
APP03715,CUST0370,SYNTHETIC,2026-06-17,SES01186,support,131,14,True,False,contacted,False,False,False,False,True
APP03716,CUST0267,SYNTHETIC,2026-08-10,SES00721,mobility_planner,263,17,True,True,viewed,False,False,False,False,False
APP03717,CUST0417,SYNTHETIC,2026-07-27,SES01419,contract,120,8,True,False,viewed,False,False,False,False,False
APP03718,CUST0157,SYNTHETIC,2026-09-23,SES00667,maintenance,257,18,True,True,scheduled,True,False,False,False,False
APP03719,CUST0261,SYNTHETIC,2026-07-20,SES00047,km,9,9,True,True,viewed,False,False,False,False,False
APP03720,CUST0109,SYNTHETIC,2026-06-03,SES01186,mobility_planner,290,18,False,False,viewed,False,False,False,False,False
APP03721,CUST0196,SYNTHETIC,2026-08-02,SES01258,contract,407,9,True,True,viewed,False,False,False,False,False
APP03722,CUST0089,SYNTHETIC,2026-07-23,SES00094,profile,400,4,True,True,viewed,False,False,False,False,False
APP03723,CUST0103,SYNTHETIC,2026-09-12,SES00618,support,297,2,False,False,opened,False,False,False,False,False
APP03724,CUST0021,SYNTHETIC,2026-09-27,SES01968,mobility_planner,350,7,True,True,planned,False,False,False,False,False
APP03725,CUST0063,SYNTHETIC,2026-06-17,SES02053,finance,263,8,False,False,paid,False,True,False,False,False
APP03726,CUST0460,SYNTHETIC,2026-08-18,SES01004,documents,368,21,False,False,viewed,False,False,False,False,False
APP03727,CUST0398,SYNTHETIC,2026-06-29,SES00351,assistant,468,10,False,False,opened,False,False,False,False,False
APP03728,CUST0393,SYNTHETIC,2026-09-16,SES01113,assistant,403,17,False,False,queried,False,False,False,False,False
APP03729,CUST0400,SYNTHETIC,2026-07-29,SES01295,benefits,349,7,False,False,viewed,False,False,True,False,False
APP03730,CUST0173,SYNTHETIC,2026-06-14,SES00337,contract,103,5,False,False,viewed,False,False,False,False,False
APP03731,CUST0096,SYNTHETIC,2026-07-25,SES02117,benefits,149,1,True,False,redeemed,False,False,True,True,False
APP03732,CUST0424,SYNTHETIC,2026-08-29,SES01554,fines,404,6,True,True,viewed,False,False,False,False,False
APP03733,CUST0120,SYNTHETIC,2026-07-07,SES02094,documents,389,5,False,False,viewed,False,False,False,False,False
APP03734,CUST0398,SYNTHETIC,2026-07-27,SES00801,finance,456,13,False,False,paid,False,True,False,False,False
APP03735,CUST0202,SYNTHETIC,2026-09-22,SES01710,mobility_planner,269,4,True,True,planned,False,False,False,False,False
APP03736,CUST0296,SYNTHETIC,2026-08-11,SES01774,fines,355,14,True,True,viewed,False,False,False,False,False
APP03737,CUST0144,SYNTHETIC,2026-07-31,SES00944,km,393,5,False,False,viewed,False,False,False,False,False
APP03738,CUST0214,SYNTHETIC,2026-07-11,SES02186,assistant,406,8,False,False,opened,False,False,False,False,False
APP03739,CUST0251,SYNTHETIC,2026-08-28,SES00535,profile,28,21,False,False,viewed,False,False,False,False,False
APP03740,CUST0424,SYNTHETIC,2026-07-15,SES01564,mobility_planner,215,16,True,False,planned,False,False,False,False,False
APP03741,CUST0068,SYNTHETIC,2026-07-18,SES01660,support,98,5,False,False,opened,False,False,False,False,False
APP03742,CUST0303,SYNTHETIC,2026-07-18,SES01462,notifications,269,17,True,False,opened,False,False,False,False,False
APP03743,CUST0482,SYNTHETIC,2026-06-29,SES01904,finance,181,9,False,False,viewed,False,False,False,False,False
APP03744,CUST0177,SYNTHETIC,2026-09-27,SES01499,mobility_planner,423,21,True,True,viewed,False,False,False,False,False
APP03745,CUST0194,SYNTHETIC,2026-09-19,SES01719,finance,433,10,False,False,paid,False,True,False,False,False
APP03746,CUST0445,SYNTHETIC,2026-07-19,SES01243,profile,333,6,False,False,viewed,False,False,False,False,False
APP03747,CUST0448,SYNTHETIC,2026-09-02,SES00177,profile,386,12,True,False,viewed,False,False,False,False,False
APP03748,CUST0247,SYNTHETIC,2026-07-04,SES00658,finance,227,21,False,False,viewed,False,False,False,False,False
APP03749,CUST0332,SYNTHETIC,2026-07-24,SES00705,finance,173,18,True,True,viewed,False,False,False,False,False
APP03750,CUST0171,SYNTHETIC,2026-06-14,SES01089,finance,269,9,False,False,paid,False,True,False,False,False
APP03751,CUST0046,SYNTHETIC,2026-07-10,SES01293,finance,50,10,True,True,paid,False,True,False,False,False
APP03752,CUST0195,SYNTHETIC,2026-09-19,SES01252,support,286,3,False,False,opened,False,False,False,False,False
APP03753,CUST0393,SYNTHETIC,2026-08-21,SES01451,mobility_planner,346,7,True,False,viewed,False,False,False,False,False
APP03754,CUST0158,SYNTHETIC,2026-06-30,SES01030,mobility_planner,382,10,False,False,viewed,False,False,False,False,False
APP03755,CUST0124,SYNTHETIC,2026-06-09,SES01819,notifications,170,13,False,False,opened,False,False,False,False,False
APP03756,CUST0226,SYNTHETIC,2026-09-21,SES01121,benefits,146,3,True,False,redeemed,False,False,True,True,False
APP03757,CUST0359,SYNTHETIC,2026-07-30,SES02038,assistant,104,9,False,False,opened,False,False,False,False,False
APP03758,CUST0259,SYNTHETIC,2026-07-25,SES00589,benefits,414,16,True,False,viewed,False,False,True,False,False
APP03759,CUST0440,SYNTHETIC,2026-07-05,SES01223,home,88,20,True,True,viewed,False,False,False,False,False
APP03760,CUST0370,SYNTHETIC,2026-07-31,SES00736,contract,232,16,False,False,viewed,False,False,False,False,False
APP03761,CUST0429,SYNTHETIC,2026-06-07,SES01772,mobility_planner,149,9,False,False,planned,False,False,False,False,False
APP03762,CUST0355,SYNTHETIC,2026-09-28,SES00775,support,394,13,False,False,contacted,False,False,False,False,True
APP03763,CUST0120,SYNTHETIC,2026-08-10,SES01576,fines,31,14,False,False,viewed,False,False,False,False,False
APP03764,CUST0334,SYNTHETIC,2026-09-17,SES00200,documents,415,12,False,False,viewed,False,False,False,False,False
APP03765,CUST0111,SYNTHETIC,2026-09-28,SES01443,benefits,159,20,False,False,viewed,False,False,True,False,False
APP03766,CUST0461,SYNTHETIC,2026-09-18,SES01945,home,195,10,False,False,viewed,False,False,False,False,False
APP03767,CUST0081,SYNTHETIC,2026-06-28,SES00263,fines,460,20,False,False,viewed,False,False,False,False,False
APP03768,CUST0225,SYNTHETIC,2026-08-03,SES01194,km,363,16,False,False,viewed,False,False,False,False,False
APP03769,CUST0303,SYNTHETIC,2026-07-30,SES01560,maintenance,50,2,True,False,viewed,False,False,False,False,False
APP03770,CUST0395,SYNTHETIC,2026-08-21,SES00489,notifications,201,21,False,False,dismissed,False,False,False,False,False
APP03771,CUST0080,SYNTHETIC,2026-09-27,SES00706,documents,91,10,False,False,viewed,False,False,False,False,False
APP03772,CUST0304,SYNTHETIC,2026-09-12,SES02200,profile,9,17,False,False,viewed,False,False,False,False,False
APP03773,CUST0162,SYNTHETIC,2026-09-04,SES00537,contract,144,14,False,False,viewed,False,False,False,False,False
APP03774,CUST0161,SYNTHETIC,2026-09-20,SES01786,mobility_planner,215,12,True,True,viewed,False,False,False,False,False
APP03775,CUST0101,SYNTHETIC,2026-07-29,SES01685,finance,176,9,True,False,paid,False,True,False,False,False
APP03776,CUST0397,SYNTHETIC,2026-08-02,SES01003,km,26,7,False,False,viewed,False,False,False,False,False
APP03777,CUST0023,SYNTHETIC,2026-09-06,SES00899,fines,126,18,False,False,viewed,False,False,False,False,False
APP03778,CUST0375,SYNTHETIC,2026-06-17,SES00512,assistant,440,1,False,False,opened,False,False,False,False,False
APP03779,CUST0150,SYNTHETIC,2026-07-24,SES01272,notifications,351,20,True,False,dismissed,False,False,False,False,False
APP03780,CUST0346,SYNTHETIC,2026-07-08,SES00218,home,185,14,True,False,viewed,False,False,False,False,False
APP03781,CUST0045,SYNTHETIC,2026-09-04,SES00093,maintenance,422,7,False,False,scheduled,True,False,False,False,False
APP03782,CUST0090,SYNTHETIC,2026-08-28,SES00269,profile,22,14,False,False,viewed,False,False,False,False,False
APP03783,CUST0417,SYNTHETIC,2026-08-19,SES01406,profile,221,4,False,False,viewed,False,False,False,False,False
APP03784,CUST0498,SYNTHETIC,2026-09-09,SES02028,benefits,480,15,False,False,viewed,False,False,True,False,False
APP03785,CUST0448,SYNTHETIC,2026-06-17,SES00400,assistant,166,17,False,False,queried,False,False,False,False,False
APP03786,CUST0158,SYNTHETIC,2026-07-05,SES00259,km,332,1,False,False,viewed,False,False,False,False,False
APP03787,CUST0072,SYNTHETIC,2026-07-09,SES01005,finance,86,22,True,True,viewed,False,False,False,False,False
APP03788,CUST0256,SYNTHETIC,2026-07-14,SES02110,contract,58,4,False,False,viewed,False,False,False,False,False
APP03789,CUST0176,SYNTHETIC,2026-09-13,SES00425,fines,184,2,False,False,viewed,False,False,False,False,False
APP03790,CUST0434,SYNTHETIC,2026-08-10,SES00393,notifications,234,19,False,False,dismissed,False,False,False,False,False
APP03791,CUST0168,SYNTHETIC,2026-08-03,SES01830,km,77,12,True,False,viewed,False,False,False,False,False
APP03792,CUST0241,SYNTHETIC,2026-09-25,SES00894,assistant,320,11,False,False,opened,False,False,False,False,False
APP03793,CUST0167,SYNTHETIC,2026-07-15,SES00154,assistant,19,6,True,False,queried,False,False,False,False,False
APP03794,CUST0257,SYNTHETIC,2026-06-11,SES01285,home,111,14,False,False,viewed,False,False,False,False,False
APP03795,CUST0079,SYNTHETIC,2026-09-22,SES01760,mobility_planner,368,11,True,True,viewed,False,False,False,False,False
APP03796,CUST0448,SYNTHETIC,2026-08-12,SES00467,profile,165,1,False,False,viewed,False,False,False,False,False
APP03797,CUST0200,SYNTHETIC,2026-06-11,SES00354,documents,109,7,False,False,viewed,False,False,False,False,False
APP03798,CUST0214,SYNTHETIC,2026-09-04,SES01883,support,190,3,True,True,contacted,False,False,False,False,True
APP03799,CUST0434,SYNTHETIC,2026-09-16,SES00956,km,469,19,False,False,viewed,False,False,False,False,False
APP03800,CUST0013,SYNTHETIC,2026-09-01,SES01743,assistant,337,15,True,True,queried,False,False,False,False,False
APP03801,CUST0116,SYNTHETIC,2026-07-28,SES00392,contract,132,15,False,False,viewed,False,False,False,False,False
APP03802,CUST0094,SYNTHETIC,2026-09-19,SES00217,support,22,3,True,True,opened,False,False,False,False,False
APP03803,CUST0139,SYNTHETIC,2026-07-22,SES00852,notifications,306,1,False,False,opened,False,False,False,False,False
APP03804,CUST0362,SYNTHETIC,2026-06-06,SES01572,assistant,229,12,False,False,opened,False,False,False,False,False
APP03805,CUST0430,SYNTHETIC,2026-09-18,SES00061,support,363,7,False,False,contacted,False,False,False,False,True
APP03806,CUST0331,SYNTHETIC,2026-06-10,SES01546,profile,342,21,True,True,viewed,False,False,False,False,False
APP03807,CUST0450,SYNTHETIC,2026-09-12,SES00587,home,144,2,False,False,viewed,False,False,False,False,False
APP03808,CUST0050,SYNTHETIC,2026-07-17,SES01398,notifications,150,14,True,True,opened,False,False,False,False,False
APP03809,CUST0241,SYNTHETIC,2026-08-10,SES01543,notifications,114,16,False,False,opened,False,False,False,False,False
APP03810,CUST0378,SYNTHETIC,2026-07-01,SES01421,contract,89,11,False,False,viewed,False,False,False,False,False
APP03811,CUST0069,SYNTHETIC,2026-09-11,SES01977,profile,420,3,True,False,viewed,False,False,False,False,False
APP03812,CUST0410,SYNTHETIC,2026-08-15,SES01612,home,150,8,False,False,viewed,False,False,False,False,False
APP03813,CUST0224,SYNTHETIC,2026-06-12,SES01159,maintenance,178,1,False,False,scheduled,True,False,False,False,False
APP03814,CUST0135,SYNTHETIC,2026-09-06,SES00243,km,143,5,True,False,viewed,False,False,False,False,False
APP03815,CUST0422,SYNTHETIC,2026-08-15,SES00925,assistant,193,22,False,False,opened,False,False,False,False,False
APP03816,CUST0346,SYNTHETIC,2026-08-01,SES01834,km,127,22,False,False,viewed,False,False,False,False,False
APP03817,CUST0189,SYNTHETIC,2026-08-21,SES00179,assistant,192,7,True,False,opened,False,False,False,False,False
APP03818,CUST0471,SYNTHETIC,2026-07-28,SES01363,profile,236,15,True,True,viewed,False,False,False,False,False
APP03819,CUST0043,SYNTHETIC,2026-08-04,SES01152,home,299,18,True,False,viewed,False,False,False,False,False
APP03820,CUST0427,SYNTHETIC,2026-08-15,SES00566,fines,193,7,True,False,viewed,False,False,False,False,False
APP03821,CUST0065,SYNTHETIC,2026-08-13,SES00208,notifications,316,1,False,False,dismissed,False,False,False,False,False
APP03822,CUST0395,SYNTHETIC,2026-08-07,SES00508,profile,13,11,True,False,viewed,False,False,False,False,False
APP03823,CUST0448,SYNTHETIC,2026-08-22,SES01095,fines,451,11,True,True,viewed,False,False,False,False,False
APP03824,CUST0437,SYNTHETIC,2026-08-04,SES02186,assistant,449,19,False,False,queried,False,False,False,False,False
APP03825,CUST0238,SYNTHETIC,2026-08-17,SES01902,contract,300,7,False,False,viewed,False,False,False,False,False
APP03826,CUST0138,SYNTHETIC,2026-08-29,SES00729,notifications,327,2,True,True,opened,False,False,False,False,False
APP03827,CUST0156,SYNTHETIC,2026-09-09,SES00776,assistant,94,18,True,True,opened,False,False,False,False,False
APP03828,CUST0006,SYNTHETIC,2026-08-11,SES01747,notifications,238,7,True,True,opened,False,False,False,False,False
APP03829,CUST0225,SYNTHETIC,2026-08-31,SES00816,support,16,16,True,True,opened,False,False,False,False,False
APP03830,CUST0010,SYNTHETIC,2026-06-10,SES00038,notifications,407,10,False,False,opened,False,False,False,False,False
APP03831,CUST0306,SYNTHETIC,2026-07-26,SES00708,km,32,9,True,True,viewed,False,False,False,False,False
APP03832,CUST0442,SYNTHETIC,2026-07-27,SES01349,contract,405,8,False,False,viewed,False,False,False,False,False
APP03833,CUST0063,SYNTHETIC,2026-09-14,SES01889,benefits,94,8,False,False,viewed,False,False,True,False,False
APP03834,CUST0003,SYNTHETIC,2026-08-19,SES02042,profile,267,5,True,False,viewed,False,False,False,False,False
APP03835,CUST0373,SYNTHETIC,2026-09-11,SES02132,maintenance,19,10,True,False,viewed,False,False,False,False,False
APP03836,CUST0408,SYNTHETIC,2026-06-06,SES01022,finance,85,5,False,False,paid,False,True,False,False,False
APP03837,CUST0053,SYNTHETIC,2026-06-18,SES01178,documents,465,17,True,False,viewed,False,False,False,False,False
APP03838,CUST0453,SYNTHETIC,2026-07-24,SES01417,finance,438,13,True,True,paid,False,True,False,False,False
APP03839,CUST0265,SYNTHETIC,2026-09-03,SES00737,support,93,4,False,False,opened,False,False,False,False,False
APP03840,CUST0144,SYNTHETIC,2026-09-22,SES01477,finance,322,18,False,False,paid,False,True,False,False,False
APP03841,CUST0070,SYNTHETIC,2026-06-09,SES00258,maintenance,462,16,False,False,scheduled,True,False,False,False,False
APP03842,CUST0406,SYNTHETIC,2026-09-12,SES01661,maintenance,409,11,False,False,viewed,False,False,False,False,False
APP03843,CUST0030,SYNTHETIC,2026-09-22,SES00700,finance,277,2,True,True,paid,False,True,False,False,False
APP03844,CUST0392,SYNTHETIC,2026-06-05,SES02163,notifications,314,7,True,False,dismissed,False,False,False,False,False
APP03845,CUST0316,SYNTHETIC,2026-07-02,SES00600,contract,448,2,False,False,viewed,False,False,False,False,False
APP03846,CUST0086,SYNTHETIC,2026-09-02,SES01697,fines,375,15,True,True,viewed,False,False,False,False,False
APP03847,CUST0204,SYNTHETIC,2026-07-26,SES01542,maintenance,50,16,False,False,scheduled,True,False,False,False,False
APP03848,CUST0148,SYNTHETIC,2026-09-17,SES00632,assistant,213,12,False,False,queried,False,False,False,False,False
APP03849,CUST0259,SYNTHETIC,2026-06-28,SES01011,benefits,377,16,False,False,redeemed,False,False,True,True,False
APP03850,CUST0379,SYNTHETIC,2026-08-29,SES01015,contract,316,20,True,False,viewed,False,False,False,False,False
APP03851,CUST0033,SYNTHETIC,2026-06-19,SES01034,documents,106,18,True,True,viewed,False,False,False,False,False
APP03852,CUST0254,SYNTHETIC,2026-06-17,SES00910,benefits,163,15,False,False,redeemed,False,False,True,True,False
APP03853,CUST0216,SYNTHETIC,2026-09-30,SES00985,documents,177,16,False,False,viewed,False,False,False,False,False
APP03854,CUST0160,SYNTHETIC,2026-09-07,SES01152,mobility_planner,357,7,True,False,viewed,False,False,False,False,False
APP03855,CUST0117,SYNTHETIC,2026-07-18,SES01031,benefits,27,20,False,False,viewed,False,False,True,False,False
APP03856,CUST0107,SYNTHETIC,2026-09-21,SES00015,support,351,2,True,True,opened,False,False,False,False,False
APP03857,CUST0201,SYNTHETIC,2026-07-15,SES00403,km,178,4,True,False,viewed,False,False,False,False,False
APP03858,CUST0193,SYNTHETIC,2026-08-07,SES01880,notifications,268,14,False,False,opened,False,False,False,False,False
APP03859,CUST0145,SYNTHETIC,2026-06-03,SES00545,support,72,5,True,True,contacted,False,False,False,False,True
APP03860,CUST0384,SYNTHETIC,2026-06-15,SES00845,maintenance,249,10,True,False,viewed,False,False,False,False,False
APP03861,CUST0065,SYNTHETIC,2026-07-27,SES00568,finance,104,4,False,False,viewed,False,False,False,False,False
APP03862,CUST0420,SYNTHETIC,2026-06-21,SES01082,contract,474,19,True,False,viewed,False,False,False,False,False
APP03863,CUST0415,SYNTHETIC,2026-06-24,SES00588,documents,266,6,False,False,viewed,False,False,False,False,False
APP03864,CUST0065,SYNTHETIC,2026-06-14,SES01552,mobility_planner,9,22,True,True,viewed,False,False,False,False,False
APP03865,CUST0405,SYNTHETIC,2026-08-03,SES01829,profile,333,4,True,True,viewed,False,False,False,False,False
APP03866,CUST0386,SYNTHETIC,2026-09-12,SES00430,contract,39,20,False,False,viewed,False,False,False,False,False
APP03867,CUST0145,SYNTHETIC,2026-08-04,SES00280,km,292,14,False,False,viewed,False,False,False,False,False
APP03868,CUST0073,SYNTHETIC,2026-09-05,SES02086,km,191,7,False,False,viewed,False,False,False,False,False
APP03869,CUST0026,SYNTHETIC,2026-09-05,SES00717,benefits,231,11,True,True,viewed,False,False,True,False,False
APP03870,CUST0375,SYNTHETIC,2026-07-09,SES02182,contract,202,22,False,False,viewed,False,False,False,False,False
APP03871,CUST0212,SYNTHETIC,2026-09-16,SES00624,assistant,138,6,True,True,opened,False,False,False,False,False
APP03872,CUST0249,SYNTHETIC,2026-07-15,SES01928,documents,322,14,False,False,viewed,False,False,False,False,False
APP03873,CUST0119,SYNTHETIC,2026-08-26,SES01996,assistant,299,7,True,True,opened,False,False,False,False,False
APP03874,CUST0355,SYNTHETIC,2026-07-27,SES00540,profile,327,20,False,False,viewed,False,False,False,False,False
APP03875,CUST0031,SYNTHETIC,2026-08-30,SES01392,contract,150,7,False,False,viewed,False,False,False,False,False
APP03876,CUST0018,SYNTHETIC,2026-06-23,SES00361,documents,38,17,True,False,viewed,False,False,False,False,False
APP03877,CUST0226,SYNTHETIC,2026-06-06,SES01363,maintenance,22,9,False,False,scheduled,True,False,False,False,False
APP03878,CUST0130,SYNTHETIC,2026-06-21,SES00342,profile,144,11,False,False,viewed,False,False,False,False,False
APP03879,CUST0090,SYNTHETIC,2026-07-26,SES00598,documents,159,18,False,False,viewed,False,False,False,False,False
APP03880,CUST0061,SYNTHETIC,2026-07-10,SES00686,notifications,188,10,False,False,dismissed,False,False,False,False,False
APP03881,CUST0424,SYNTHETIC,2026-06-10,SES00932,fines,383,20,False,False,viewed,False,False,False,False,False
APP03882,CUST0295,SYNTHETIC,2026-08-01,SES00729,support,235,19,False,False,opened,False,False,False,False,False
APP03883,CUST0313,SYNTHETIC,2026-06-25,SES01182,fines,299,9,True,True,viewed,False,False,False,False,False
APP03884,CUST0314,SYNTHETIC,2026-09-11,SES01461,fines,134,6,False,False,viewed,False,False,False,False,False
APP03885,CUST0461,SYNTHETIC,2026-07-10,SES01465,fines,303,15,False,False,viewed,False,False,False,False,False
APP03886,CUST0174,SYNTHETIC,2026-06-22,SES00625,finance,421,21,True,False,paid,False,True,False,False,False
APP03887,CUST0421,SYNTHETIC,2026-06-26,SES01203,notifications,9,21,False,False,opened,False,False,False,False,False
APP03888,CUST0309,SYNTHETIC,2026-07-13,SES01723,assistant,386,8,True,True,queried,False,False,False,False,False
APP03889,CUST0171,SYNTHETIC,2026-07-10,SES01036,maintenance,333,3,False,False,viewed,False,False,False,False,False
APP03890,CUST0376,SYNTHETIC,2026-08-07,SES01645,fines,324,3,True,True,viewed,False,False,False,False,False
APP03891,CUST0291,SYNTHETIC,2026-09-06,SES01720,profile,345,16,False,False,viewed,False,False,False,False,False
APP03892,CUST0423,SYNTHETIC,2026-07-04,SES00547,finance,211,5,False,False,viewed,False,False,False,False,False
APP03893,CUST0181,SYNTHETIC,2026-09-09,SES01253,contract,105,9,True,True,viewed,False,False,False,False,False
APP03894,CUST0066,SYNTHETIC,2026-06-25,SES01272,documents,316,4,True,False,viewed,False,False,False,False,False
APP03895,CUST0471,SYNTHETIC,2026-06-08,SES00513,support,145,16,True,True,opened,False,False,False,False,False
APP03896,CUST0077,SYNTHETIC,2026-07-01,SES00584,mobility_planner,160,19,False,False,viewed,False,False,False,False,False
APP03897,CUST0114,SYNTHETIC,2026-07-25,SES00062,mobility_planner,56,12,True,True,viewed,False,False,False,False,False
APP03898,CUST0031,SYNTHETIC,2026-07-18,SES01208,profile,251,22,False,False,viewed,False,False,False,False,False
APP03899,CUST0273,SYNTHETIC,2026-09-22,SES01005,km,286,11,True,False,viewed,False,False,False,False,False
APP03900,CUST0248,SYNTHETIC,2026-09-09,SES01164,maintenance,120,20,False,False,scheduled,True,False,False,False,False
APP03901,CUST0287,SYNTHETIC,2026-07-17,SES01890,fines,151,6,False,False,viewed,False,False,False,False,False
APP03902,CUST0407,SYNTHETIC,2026-09-17,SES00373,home,192,19,False,False,viewed,False,False,False,False,False
APP03903,CUST0295,SYNTHETIC,2026-09-27,SES00407,profile,26,14,False,False,viewed,False,False,False,False,False
APP03904,CUST0184,SYNTHETIC,2026-06-23,SES00366,finance,90,18,True,False,paid,False,True,False,False,False
APP03905,CUST0318,SYNTHETIC,2026-07-05,SES01960,support,154,12,False,False,opened,False,False,False,False,False
APP03906,CUST0049,SYNTHETIC,2026-06-15,SES00249,home,157,15,False,False,viewed,False,False,False,False,False
APP03907,CUST0050,SYNTHETIC,2026-09-30,SES01103,benefits,106,10,False,False,viewed,False,False,True,False,False
APP03908,CUST0417,SYNTHETIC,2026-06-17,SES01170,km,301,19,True,True,viewed,False,False,False,False,False
APP03909,CUST0348,SYNTHETIC,2026-06-06,SES00890,assistant,220,4,False,False,queried,False,False,False,False,False
APP03910,CUST0296,SYNTHETIC,2026-06-14,SES01950,benefits,188,20,False,False,redeemed,False,False,True,True,False
APP03911,CUST0356,SYNTHETIC,2026-09-03,SES01358,documents,360,19,False,False,viewed,False,False,False,False,False
APP03912,CUST0010,SYNTHETIC,2026-08-19,SES00396,notifications,110,11,True,True,dismissed,False,False,False,False,False
APP03913,CUST0242,SYNTHETIC,2026-06-10,SES00678,home,102,10,True,True,viewed,False,False,False,False,False
APP03914,CUST0380,SYNTHETIC,2026-08-08,SES00777,documents,232,9,True,True,viewed,False,False,False,False,False
APP03915,CUST0427,SYNTHETIC,2026-08-19,SES00459,support,455,14,False,False,opened,False,False,False,False,False
APP03916,CUST0500,SYNTHETIC,2026-10-01,SES01718,mobility_planner,464,16,True,True,planned,False,False,False,False,False
APP03917,CUST0484,SYNTHETIC,2026-08-06,SES01060,support,133,20,True,True,contacted,False,False,False,False,True
APP03918,CUST0282,SYNTHETIC,2026-08-07,SES00615,fines,15,18,False,False,viewed,False,False,False,False,False
APP03919,CUST0086,SYNTHETIC,2026-08-24,SES00107,finance,380,13,False,False,paid,False,True,False,False,False
APP03920,CUST0382,SYNTHETIC,2026-09-18,SES00703,maintenance,164,5,True,True,scheduled,True,False,False,False,False
APP03921,CUST0435,SYNTHETIC,2026-08-10,SES00611,documents,188,4,True,True,viewed,False,False,False,False,False
APP03922,CUST0413,SYNTHETIC,2026-06-30,SES00595,contract,93,6,False,False,viewed,False,False,False,False,False
APP03923,CUST0218,SYNTHETIC,2026-08-04,SES01457,km,224,19,False,False,viewed,False,False,False,False,False
APP03924,CUST0208,SYNTHETIC,2026-06-26,SES01172,home,311,21,False,False,viewed,False,False,False,False,False
APP03925,CUST0183,SYNTHETIC,2026-09-28,SES00625,maintenance,309,22,True,True,viewed,False,False,False,False,False
APP03926,CUST0152,SYNTHETIC,2026-09-06,SES00063,profile,391,5,False,False,viewed,False,False,False,False,False
APP03927,CUST0126,SYNTHETIC,2026-06-15,SES01967,assistant,446,22,False,False,opened,False,False,False,False,False
APP03928,CUST0321,SYNTHETIC,2026-06-04,SES01011,assistant,458,4,True,True,opened,False,False,False,False,False
APP03929,CUST0318,SYNTHETIC,2026-08-09,SES00720,mobility_planner,295,10,False,False,viewed,False,False,False,False,False
APP03930,CUST0096,SYNTHETIC,2026-09-16,SES01760,mobility_planner,416,21,True,True,planned,False,False,False,False,False
APP03931,CUST0304,SYNTHETIC,2026-08-16,SES01854,support,365,7,False,False,opened,False,False,False,False,False
APP03932,CUST0024,SYNTHETIC,2026-09-28,SES00950,documents,144,4,False,False,viewed,False,False,False,False,False
APP03933,CUST0386,SYNTHETIC,2026-08-19,SES01342,km,278,1,False,False,viewed,False,False,False,False,False
APP03934,CUST0205,SYNTHETIC,2026-08-28,SES00610,fines,298,16,False,False,viewed,False,False,False,False,False
APP03935,CUST0457,SYNTHETIC,2026-09-16,SES00202,benefits,377,13,True,False,redeemed,False,False,True,True,False
APP03936,CUST0222,SYNTHETIC,2026-06-15,SES01856,assistant,19,16,True,True,queried,False,False,False,False,False
APP03937,CUST0438,SYNTHETIC,2026-07-03,SES01668,profile,68,15,False,False,viewed,False,False,False,False,False
APP03938,CUST0065,SYNTHETIC,2026-07-03,SES00345,documents,269,12,True,True,viewed,False,False,False,False,False
APP03939,CUST0212,SYNTHETIC,2026-08-30,SES00196,finance,216,18,False,False,viewed,False,False,False,False,False
APP03940,CUST0091,SYNTHETIC,2026-09-24,SES01364,profile,337,4,False,False,viewed,False,False,False,False,False
APP03941,CUST0306,SYNTHETIC,2026-08-05,SES01271,mobility_planner,254,6,True,True,planned,False,False,False,False,False
APP03942,CUST0022,SYNTHETIC,2026-09-28,SES00799,fines,75,2,False,False,viewed,False,False,False,False,False
APP03943,CUST0245,SYNTHETIC,2026-06-07,SES00384,benefits,59,3,True,False,redeemed,False,False,True,True,False
APP03944,CUST0445,SYNTHETIC,2026-08-28,SES01554,support,160,17,True,True,opened,False,False,False,False,False
APP03945,CUST0480,SYNTHETIC,2026-07-30,SES00778,mobility_planner,466,1,False,False,planned,False,False,False,False,False
APP03946,CUST0036,SYNTHETIC,2026-07-12,SES01407,km,329,18,True,False,viewed,False,False,False,False,False
APP03947,CUST0388,SYNTHETIC,2026-08-05,SES00416,mobility_planner,289,2,False,False,planned,False,False,False,False,False
APP03948,CUST0031,SYNTHETIC,2026-08-07,SES00795,finance,198,18,True,True,paid,False,True,False,False,False
APP03949,CUST0393,SYNTHETIC,2026-07-16,SES01093,benefits,140,2,False,False,viewed,False,False,True,False,False
APP03950,CUST0162,SYNTHETIC,2026-09-13,SES00763,maintenance,157,13,False,False,viewed,False,False,False,False,False
APP03951,CUST0361,SYNTHETIC,2026-07-02,SES02185,maintenance,78,11,False,False,scheduled,True,False,False,False,False
APP03952,CUST0091,SYNTHETIC,2026-06-21,SES01942,benefits,473,10,False,False,viewed,False,False,True,False,False
APP03953,CUST0483,SYNTHETIC,2026-07-01,SES00240,profile,463,17,False,False,viewed,False,False,False,False,False
APP03954,CUST0385,SYNTHETIC,2026-09-10,SES00138,benefits,451,18,True,False,redeemed,False,False,True,True,False
APP03955,CUST0228,SYNTHETIC,2026-07-26,SES00374,home,327,19,False,False,viewed,False,False,False,False,False
APP03956,CUST0403,SYNTHETIC,2026-09-19,SES00445,support,305,14,False,False,contacted,False,False,False,False,True
APP03957,CUST0296,SYNTHETIC,2026-07-22,SES00393,mobility_planner,141,8,False,False,viewed,False,False,False,False,False
APP03958,CUST0200,SYNTHETIC,2026-09-04,SES01391,documents,386,6,True,True,viewed,False,False,False,False,False
APP03959,CUST0318,SYNTHETIC,2026-09-16,SES02137,profile,266,15,False,False,viewed,False,False,False,False,False
APP03960,CUST0463,SYNTHETIC,2026-09-16,SES00324,documents,74,15,False,False,viewed,False,False,False,False,False
APP03961,CUST0153,SYNTHETIC,2026-09-25,SES02077,finance,382,10,True,False,viewed,False,False,False,False,False
APP03962,CUST0032,SYNTHETIC,2026-09-04,SES00134,documents,57,2,False,False,viewed,False,False,False,False,False
APP03963,CUST0035,SYNTHETIC,2026-06-27,SES00386,profile,92,9,True,True,viewed,False,False,False,False,False
APP03964,CUST0199,SYNTHETIC,2026-07-14,SES00192,profile,104,7,True,True,viewed,False,False,False,False,False
APP03965,CUST0464,SYNTHETIC,2026-07-08,SES00811,fines,373,16,True,True,viewed,False,False,False,False,False
APP03966,CUST0130,SYNTHETIC,2026-06-10,SES00396,km,338,5,True,False,viewed,False,False,False,False,False
APP03967,CUST0267,SYNTHETIC,2026-07-24,SES00659,documents,354,14,False,False,viewed,False,False,False,False,False
APP03968,CUST0129,SYNTHETIC,2026-08-17,SES00221,maintenance,72,20,False,False,viewed,False,False,False,False,False
APP03969,CUST0196,SYNTHETIC,2026-06-12,SES00553,notifications,430,16,True,True,opened,False,False,False,False,False
APP03970,CUST0165,SYNTHETIC,2026-06-29,SES01063,finance,162,1,False,False,viewed,False,False,False,False,False
APP03971,CUST0151,SYNTHETIC,2026-08-29,SES01342,contract,385,12,False,False,viewed,False,False,False,False,False
APP03972,CUST0179,SYNTHETIC,2026-06-30,SES00108,assistant,389,15,False,False,queried,False,False,False,False,False
APP03973,CUST0036,SYNTHETIC,2026-09-28,SES01617,support,56,9,False,False,opened,False,False,False,False,False
APP03974,CUST0193,SYNTHETIC,2026-07-18,SES00271,maintenance,217,19,True,True,viewed,False,False,False,False,False
APP03975,CUST0034,SYNTHETIC,2026-07-18,SES00327,fines,422,6,True,True,viewed,False,False,False,False,False
APP03976,CUST0484,SYNTHETIC,2026-07-06,SES01633,contract,299,11,False,False,viewed,False,False,False,False,False
APP03977,CUST0486,SYNTHETIC,2026-08-18,SES00249,home,77,12,True,True,viewed,False,False,False,False,False
APP03978,CUST0495,SYNTHETIC,2026-07-19,SES00267,finance,325,21,True,True,viewed,False,False,False,False,False
APP03979,CUST0202,SYNTHETIC,2026-06-03,SES00815,documents,387,3,True,True,viewed,False,False,False,False,False
APP03980,CUST0090,SYNTHETIC,2026-06-15,SES00385,contract,438,2,True,False,viewed,False,False,False,False,False
APP03981,CUST0157,SYNTHETIC,2026-06-20,SES01212,fines,318,6,False,False,viewed,False,False,False,False,False
APP03982,CUST0438,SYNTHETIC,2026-07-23,SES02144,home,437,9,False,False,viewed,False,False,False,False,False
APP03983,CUST0195,SYNTHETIC,2026-07-21,SES01826,assistant,432,18,False,False,queried,False,False,False,False,False
APP03984,CUST0463,SYNTHETIC,2026-08-30,SES01291,profile,71,1,False,False,viewed,False,False,False,False,False
APP03985,CUST0246,SYNTHETIC,2026-07-17,SES01670,benefits,458,14,False,False,viewed,False,False,True,False,False
APP03986,CUST0272,SYNTHETIC,2026-07-08,SES01582,home,231,14,False,False,viewed,False,False,False,False,False
APP03987,CUST0335,SYNTHETIC,2026-08-17,SES00677,finance,405,13,True,True,viewed,False,False,False,False,False
APP03988,CUST0306,SYNTHETIC,2026-08-01,SES00048,profile,436,11,True,False,viewed,False,False,False,False,False
APP03989,CUST0116,SYNTHETIC,2026-08-16,SES00884,contract,303,20,True,True,viewed,False,False,False,False,False
APP03990,CUST0491,SYNTHETIC,2026-07-03,SES00004,contract,348,21,True,True,viewed,False,False,False,False,False
APP03991,CUST0295,SYNTHETIC,2026-09-28,SES00821,benefits,471,3,True,True,viewed,False,False,True,False,False
APP03992,CUST0240,SYNTHETIC,2026-07-02,SES00513,km,443,1,True,True,viewed,False,False,False,False,False
APP03993,CUST0249,SYNTHETIC,2026-07-02,SES02057,maintenance,404,16,False,False,scheduled,True,False,False,False,False
APP03994,CUST0180,SYNTHETIC,2026-06-23,SES00906,documents,19,10,False,False,viewed,False,False,False,False,False
APP03995,CUST0131,SYNTHETIC,2026-06-27,SES01708,finance,370,3,False,False,paid,False,True,False,False,False
APP03996,CUST0343,SYNTHETIC,2026-08-28,SES00307,fines,72,11,False,False,viewed,False,False,False,False,False
APP03997,CUST0444,SYNTHETIC,2026-08-31,SES00546,benefits,155,10,True,True,viewed,False,False,True,False,False
APP03998,CUST0076,SYNTHETIC,2026-07-31,SES01591,profile,392,9,False,False,viewed,False,False,False,False,False
APP03999,CUST0345,SYNTHETIC,2026-09-09,SES00533,documents,259,13,False,False,viewed,False,False,False,False,False
APP04000,CUST0371,SYNTHETIC,2026-07-01,SES00295,mobility_planner,240,11,False,False,viewed,False,False,False,False,False
APP04001,CUST0018,SYNTHETIC,2026-09-30,SES00028,mobility_planner,331,13,False,False,viewed,False,False,False,False,False
APP04002,CUST0018,SYNTHETIC,2026-07-04,SES01365,home,229,20,True,False,viewed,False,False,False,False,False
APP04003,CUST0129,SYNTHETIC,2026-06-10,SES01007,finance,180,15,True,True,paid,False,True,False,False,False
APP04004,CUST0010,SYNTHETIC,2026-06-09,SES01573,assistant,296,10,False,False,opened,False,False,False,False,False
APP04005,CUST0439,SYNTHETIC,2026-07-10,SES00027,mobility_planner,278,20,False,False,planned,False,False,False,False,False
APP04006,CUST0175,SYNTHETIC,2026-07-10,SES02013,documents,470,22,False,False,viewed,False,False,False,False,False
APP04007,CUST0203,SYNTHETIC,2026-07-07,SES01165,documents,124,18,False,False,viewed,False,False,False,False,False
APP04008,CUST0459,SYNTHETIC,2026-07-02,SES00205,finance,431,20,True,True,viewed,False,False,False,False,False
APP04009,CUST0089,SYNTHETIC,2026-09-19,SES00325,fines,256,11,False,False,viewed,False,False,False,False,False
APP04010,CUST0445,SYNTHETIC,2026-09-18,SES01078,benefits,399,14,False,False,viewed,False,False,True,False,False
APP04011,CUST0067,SYNTHETIC,2026-09-05,SES01132,notifications,470,17,False,False,opened,False,False,False,False,False
APP04012,CUST0339,SYNTHETIC,2026-09-28,SES01153,maintenance,424,18,False,False,viewed,False,False,False,False,False
APP04013,CUST0115,SYNTHETIC,2026-08-13,SES00916,benefits,454,10,False,False,redeemed,False,False,True,True,False
APP04014,CUST0293,SYNTHETIC,2026-08-23,SES01001,finance,315,6,False,False,viewed,False,False,False,False,False
APP04015,CUST0416,SYNTHETIC,2026-07-06,SES02075,fines,432,22,False,False,viewed,False,False,False,False,False
APP04016,CUST0010,SYNTHETIC,2026-07-22,SES01054,km,367,15,True,True,viewed,False,False,False,False,False
APP04017,CUST0393,SYNTHETIC,2026-06-30,SES00013,contract,446,15,False,False,viewed,False,False,False,False,False
APP04018,CUST0402,SYNTHETIC,2026-09-16,SES00986,km,239,9,False,False,viewed,False,False,False,False,False
APP04019,CUST0249,SYNTHETIC,2026-09-27,SES00305,assistant,19,16,True,True,queried,False,False,False,False,False
APP04020,CUST0039,SYNTHETIC,2026-06-24,SES01238,notifications,110,5,False,False,dismissed,False,False,False,False,False
APP04021,CUST0424,SYNTHETIC,2026-08-10,SES01810,benefits,347,22,False,False,redeemed,False,False,True,True,False
APP04022,CUST0353,SYNTHETIC,2026-07-06,SES00462,documents,96,13,False,False,viewed,False,False,False,False,False
APP04023,CUST0323,SYNTHETIC,2026-07-11,SES01224,home,184,14,True,False,viewed,False,False,False,False,False
APP04024,CUST0293,SYNTHETIC,2026-07-28,SES01086,mobility_planner,286,15,True,True,viewed,False,False,False,False,False
APP04025,CUST0455,SYNTHETIC,2026-09-25,SES02099,fines,58,9,False,False,viewed,False,False,False,False,False
APP04026,CUST0159,SYNTHETIC,2026-07-13,SES01905,assistant,97,8,False,False,opened,False,False,False,False,False
APP04027,CUST0274,SYNTHETIC,2026-08-13,SES00920,km,191,1,False,False,viewed,False,False,False,False,False
APP04028,CUST0420,SYNTHETIC,2026-09-24,SES01226,contract,403,3,False,False,viewed,False,False,False,False,False
APP04029,CUST0318,SYNTHETIC,2026-07-14,SES01453,contract,161,10,False,False,viewed,False,False,False,False,False
APP04030,CUST0477,SYNTHETIC,2026-07-10,SES00130,notifications,185,19,False,False,opened,False,False,False,False,False
APP04031,CUST0200,SYNTHETIC,2026-09-28,SES00646,maintenance,231,16,False,False,scheduled,True,False,False,False,False
APP04032,CUST0279,SYNTHETIC,2026-06-28,SES01600,maintenance,472,15,False,False,viewed,False,False,False,False,False
APP04033,CUST0488,SYNTHETIC,2026-08-06,SES01313,finance,125,21,False,False,viewed,False,False,False,False,False
APP04034,CUST0146,SYNTHETIC,2026-07-13,SES00905,finance,370,5,False,False,paid,False,True,False,False,False
APP04035,CUST0190,SYNTHETIC,2026-09-27,SES01608,fines,398,8,False,False,viewed,False,False,False,False,False
APP04036,CUST0398,SYNTHETIC,2026-08-11,SES00520,home,277,2,True,True,viewed,False,False,False,False,False
APP04037,CUST0487,SYNTHETIC,2026-08-05,SES02153,maintenance,144,10,True,True,viewed,False,False,False,False,False
APP04038,CUST0151,SYNTHETIC,2026-09-10,SES00313,documents,358,17,False,False,viewed,False,False,False,False,False
APP04039,CUST0185,SYNTHETIC,2026-06-13,SES01169,home,434,14,False,False,viewed,False,False,False,False,False
APP04040,CUST0370,SYNTHETIC,2026-08-26,SES02156,km,246,4,False,False,viewed,False,False,False,False,False
APP04041,CUST0239,SYNTHETIC,2026-08-17,SES02153,mobility_planner,204,8,False,False,viewed,False,False,False,False,False
APP04042,CUST0365,SYNTHETIC,2026-09-28,SES01060,mobility_planner,400,14,True,False,planned,False,False,False,False,False
APP04043,CUST0026,SYNTHETIC,2026-08-02,SES00980,documents,281,5,False,False,viewed,False,False,False,False,False
APP04044,CUST0359,SYNTHETIC,2026-06-16,SES00652,profile,62,15,False,False,viewed,False,False,False,False,False
APP04045,CUST0418,SYNTHETIC,2026-06-06,SES00363,mobility_planner,67,19,False,False,viewed,False,False,False,False,False
APP04046,CUST0098,SYNTHETIC,2026-09-30,SES01476,home,215,15,False,False,viewed,False,False,False,False,False
APP04047,CUST0180,SYNTHETIC,2026-06-08,SES00578,notifications,229,15,True,False,dismissed,False,False,False,False,False
APP04048,CUST0106,SYNTHETIC,2026-06-27,SES00062,documents,447,2,False,False,viewed,False,False,False,False,False
APP04049,CUST0490,SYNTHETIC,2026-07-30,SES01137,home,309,10,False,False,viewed,False,False,False,False,False
APP04050,CUST0355,SYNTHETIC,2026-06-19,SES00257,mobility_planner,455,16,True,False,planned,False,False,False,False,False
APP04051,CUST0212,SYNTHETIC,2026-08-04,SES00494,support,137,20,False,False,contacted,False,False,False,False,True
APP04052,CUST0359,SYNTHETIC,2026-07-07,SES01850,mobility_planner,326,16,False,False,planned,False,False,False,False,False
APP04053,CUST0222,SYNTHETIC,2026-09-07,SES02071,profile,209,15,True,True,viewed,False,False,False,False,False
APP04054,CUST0124,SYNTHETIC,2026-09-22,SES01005,benefits,284,19,True,True,redeemed,False,False,True,True,False
APP04055,CUST0095,SYNTHETIC,2026-07-24,SES00301,home,338,20,True,True,viewed,False,False,False,False,False
APP04056,CUST0198,SYNTHETIC,2026-09-17,SES02153,fines,55,17,False,False,viewed,False,False,False,False,False
APP04057,CUST0391,SYNTHETIC,2026-06-17,SES00224,documents,169,10,True,True,viewed,False,False,False,False,False
APP04058,CUST0051,SYNTHETIC,2026-08-15,SES02027,profile,333,21,True,True,viewed,False,False,False,False,False
APP04059,CUST0287,SYNTHETIC,2026-08-16,SES01744,documents,93,17,False,False,viewed,False,False,False,False,False
APP04060,CUST0198,SYNTHETIC,2026-09-16,SES00430,fines,387,19,True,True,viewed,False,False,False,False,False
APP04061,CUST0161,SYNTHETIC,2026-06-26,SES00268,fines,341,12,False,False,viewed,False,False,False,False,False
APP04062,CUST0364,SYNTHETIC,2026-10-01,SES01900,km,49,7,False,False,viewed,False,False,False,False,False
APP04063,CUST0166,SYNTHETIC,2026-08-05,SES00196,finance,56,8,False,False,viewed,False,False,False,False,False
APP04064,CUST0053,SYNTHETIC,2026-08-08,SES00045,finance,319,6,False,False,paid,False,True,False,False,False
APP04065,CUST0208,SYNTHETIC,2026-09-16,SES01747,notifications,417,5,False,False,opened,False,False,False,False,False
APP04066,CUST0006,SYNTHETIC,2026-09-28,SES02183,maintenance,66,11,False,False,scheduled,True,False,False,False,False
APP04067,CUST0349,SYNTHETIC,2026-07-19,SES00010,mobility_planner,238,7,True,False,planned,False,False,False,False,False
APP04068,CUST0433,SYNTHETIC,2026-08-12,SES01207,support,240,8,False,False,opened,False,False,False,False,False
APP04069,CUST0397,SYNTHETIC,2026-08-09,SES00341,fines,364,3,True,False,viewed,False,False,False,False,False
APP04070,CUST0091,SYNTHETIC,2026-07-10,SES01703,contract,64,21,True,True,viewed,False,False,False,False,False
APP04071,CUST0394,SYNTHETIC,2026-08-26,SES00216,documents,376,6,True,True,viewed,False,False,False,False,False
APP04072,CUST0290,SYNTHETIC,2026-06-10,SES00756,benefits,171,12,False,False,viewed,False,False,True,False,False
APP04073,CUST0186,SYNTHETIC,2026-09-06,SES01368,fines,305,13,True,True,viewed,False,False,False,False,False
APP04074,CUST0415,SYNTHETIC,2026-09-10,SES01859,notifications,413,13,False,False,opened,False,False,False,False,False
APP04075,CUST0152,SYNTHETIC,2026-07-28,SES02200,km,405,7,False,False,viewed,False,False,False,False,False
APP04076,CUST0406,SYNTHETIC,2026-09-27,SES01796,documents,21,5,False,False,viewed,False,False,False,False,False
APP04077,CUST0167,SYNTHETIC,2026-07-23,SES01043,finance,358,20,False,False,paid,False,True,False,False,False
APP04078,CUST0408,SYNTHETIC,2026-09-25,SES01727,fines,377,21,False,False,viewed,False,False,False,False,False
APP04079,CUST0466,SYNTHETIC,2026-07-25,SES01321,contract,233,15,False,False,viewed,False,False,False,False,False
APP04080,CUST0087,SYNTHETIC,2026-07-12,SES01275,maintenance,364,10,True,True,viewed,False,False,False,False,False
APP04081,CUST0015,SYNTHETIC,2026-09-16,SES00251,support,201,9,False,False,opened,False,False,False,False,False
APP04082,CUST0264,SYNTHETIC,2026-09-12,SES01588,support,198,17,True,False,contacted,False,False,False,False,True
APP04083,CUST0442,SYNTHETIC,2026-08-26,SES02024,notifications,371,7,False,False,opened,False,False,False,False,False
APP04084,CUST0302,SYNTHETIC,2026-07-10,SES01731,assistant,244,2,False,False,queried,False,False,False,False,False
APP04085,CUST0112,SYNTHETIC,2026-09-02,SES00366,km,12,20,False,False,viewed,False,False,False,False,False
APP04086,CUST0340,SYNTHETIC,2026-06-29,SES01124,km,188,3,False,False,viewed,False,False,False,False,False
APP04087,CUST0141,SYNTHETIC,2026-09-10,SES00874,mobility_planner,358,17,True,False,viewed,False,False,False,False,False
APP04088,CUST0440,SYNTHETIC,2026-06-18,SES00677,benefits,207,22,False,False,redeemed,False,False,True,True,False
APP04089,CUST0386,SYNTHETIC,2026-09-25,SES01045,km,192,21,True,True,viewed,False,False,False,False,False
APP04090,CUST0343,SYNTHETIC,2026-07-04,SES00226,fines,439,13,True,True,viewed,False,False,False,False,False
APP04091,CUST0041,SYNTHETIC,2026-08-11,SES02119,support,27,6,True,False,opened,False,False,False,False,False
APP04092,CUST0200,SYNTHETIC,2026-08-03,SES01899,notifications,87,7,True,True,dismissed,False,False,False,False,False
APP04093,CUST0246,SYNTHETIC,2026-07-27,SES01875,documents,148,22,False,False,viewed,False,False,False,False,False
APP04094,CUST0451,SYNTHETIC,2026-07-30,SES00576,finance,15,4,False,False,paid,False,True,False,False,False
APP04095,CUST0490,SYNTHETIC,2026-06-04,SES02094,fines,9,6,False,False,viewed,False,False,False,False,False
APP04096,CUST0004,SYNTHETIC,2026-08-25,SES00479,assistant,395,18,True,True,queried,False,False,False,False,False
APP04097,CUST0270,SYNTHETIC,2026-08-19,SES01473,finance,303,21,False,False,viewed,False,False,False,False,False
APP04098,CUST0331,SYNTHETIC,2026-07-02,SES01002,benefits,291,15,True,False,redeemed,False,False,True,True,False
APP04099,CUST0034,SYNTHETIC,2026-08-20,SES01495,finance,175,6,False,False,viewed,False,False,False,False,False
APP04100,CUST0008,SYNTHETIC,2026-06-16,SES00131,support,424,21,True,True,opened,False,False,False,False,False
APP04101,CUST0179,SYNTHETIC,2026-07-01,SES00869,documents,131,2,False,False,viewed,False,False,False,False,False
APP04102,CUST0447,SYNTHETIC,2026-09-06,SES01360,assistant,191,13,True,True,queried,False,False,False,False,False
APP04103,CUST0150,SYNTHETIC,2026-09-17,SES00977,documents,39,4,True,True,viewed,False,False,False,False,False
APP04104,CUST0310,SYNTHETIC,2026-08-25,SES01423,profile,46,18,False,False,viewed,False,False,False,False,False
APP04105,CUST0467,SYNTHETIC,2026-09-20,SES01146,profile,444,5,False,False,viewed,False,False,False,False,False
APP04106,CUST0141,SYNTHETIC,2026-07-10,SES00323,finance,240,12,True,True,paid,False,True,False,False,False
APP04107,CUST0205,SYNTHETIC,2026-06-16,SES01799,assistant,233,16,False,False,opened,False,False,False,False,False
APP04108,CUST0467,SYNTHETIC,2026-08-07,SES01634,home,59,6,False,False,viewed,False,False,False,False,False
APP04109,CUST0319,SYNTHETIC,2026-07-22,SES01819,contract,232,19,False,False,viewed,False,False,False,False,False
APP04110,CUST0307,SYNTHETIC,2026-08-17,SES00803,documents,302,21,True,True,viewed,False,False,False,False,False
APP04111,CUST0428,SYNTHETIC,2026-08-19,SES01333,mobility_planner,335,3,True,True,planned,False,False,False,False,False
APP04112,CUST0152,SYNTHETIC,2026-06-26,SES01190,notifications,280,2,False,False,dismissed,False,False,False,False,False
APP04113,CUST0426,SYNTHETIC,2026-08-23,SES00044,km,196,15,True,False,viewed,False,False,False,False,False
APP04114,CUST0255,SYNTHETIC,2026-09-03,SES00510,km,115,17,False,False,viewed,False,False,False,False,False
APP04115,CUST0104,SYNTHETIC,2026-07-25,SES02179,km,157,18,True,False,viewed,False,False,False,False,False
APP04116,CUST0195,SYNTHETIC,2026-06-20,SES00950,benefits,363,21,False,False,viewed,False,False,True,False,False
APP04117,CUST0399,SYNTHETIC,2026-07-22,SES02147,profile,273,3,False,False,viewed,False,False,False,False,False
APP04118,CUST0164,SYNTHETIC,2026-07-24,SES00836,home,178,18,False,False,viewed,False,False,False,False,False
APP04119,CUST0165,SYNTHETIC,2026-08-15,SES00959,support,157,7,False,False,contacted,False,False,False,False,True
APP04120,CUST0052,SYNTHETIC,2026-08-07,SES01492,home,218,6,False,False,viewed,False,False,False,False,False
APP04121,CUST0156,SYNTHETIC,2026-09-23,SES00603,profile,435,21,True,True,viewed,False,False,False,False,False
APP04122,CUST0251,SYNTHETIC,2026-07-03,SES00741,benefits,91,1,True,True,viewed,False,False,True,False,False
APP04123,CUST0345,SYNTHETIC,2026-08-16,SES02037,fines,164,5,False,False,viewed,False,False,False,False,False
APP04124,CUST0088,SYNTHETIC,2026-09-29,SES01176,maintenance,48,21,False,False,scheduled,True,False,False,False,False
APP04125,CUST0114,SYNTHETIC,2026-06-04,SES02188,documents,361,7,False,False,viewed,False,False,False,False,False
APP04126,CUST0082,SYNTHETIC,2026-09-26,SES01554,maintenance,418,10,False,False,viewed,False,False,False,False,False
APP04127,CUST0458,SYNTHETIC,2026-06-24,SES00994,km,337,18,False,False,viewed,False,False,False,False,False
APP04128,CUST0256,SYNTHETIC,2026-07-10,SES01363,support,375,4,True,False,contacted,False,False,False,False,True
APP04129,CUST0500,SYNTHETIC,2026-07-06,SES01304,home,297,16,True,True,viewed,False,False,False,False,False
APP04130,CUST0226,SYNTHETIC,2026-06-14,SES01534,maintenance,472,19,True,True,viewed,False,False,False,False,False
APP04131,CUST0454,SYNTHETIC,2026-06-20,SES00690,notifications,133,6,False,False,opened,False,False,False,False,False
APP04132,CUST0020,SYNTHETIC,2026-08-19,SES00463,documents,319,4,False,False,viewed,False,False,False,False,False
APP04133,CUST0012,SYNTHETIC,2026-07-13,SES01838,maintenance,354,20,False,False,viewed,False,False,False,False,False
APP04134,CUST0248,SYNTHETIC,2026-06-09,SES00519,fines,115,14,False,False,viewed,False,False,False,False,False
APP04135,CUST0440,SYNTHETIC,2026-08-07,SES01545,km,72,18,False,False,viewed,False,False,False,False,False
APP04136,CUST0317,SYNTHETIC,2026-07-29,SES01669,home,443,8,False,False,viewed,False,False,False,False,False
APP04137,CUST0044,SYNTHETIC,2026-07-26,SES00110,finance,234,18,False,False,viewed,False,False,False,False,False
APP04138,CUST0492,SYNTHETIC,2026-07-17,SES00557,benefits,74,6,False,False,viewed,False,False,True,False,False
APP04139,CUST0412,SYNTHETIC,2026-06-22,SES00781,km,249,6,True,True,viewed,False,False,False,False,False
APP04140,CUST0110,SYNTHETIC,2026-09-02,SES00966,support,156,21,False,False,contacted,False,False,False,False,True
APP04141,CUST0086,SYNTHETIC,2026-09-11,SES00677,km,463,21,True,False,viewed,False,False,False,False,False
APP04142,CUST0164,SYNTHETIC,2026-09-18,SES01439,profile,407,18,True,False,viewed,False,False,False,False,False
APP04143,CUST0095,SYNTHETIC,2026-09-29,SES01875,maintenance,402,11,True,True,viewed,False,False,False,False,False
APP04144,CUST0380,SYNTHETIC,2026-09-16,SES01094,fines,144,4,True,False,viewed,False,False,False,False,False
APP04145,CUST0097,SYNTHETIC,2026-08-04,SES01943,assistant,165,5,False,False,opened,False,False,False,False,False
APP04146,CUST0234,SYNTHETIC,2026-08-31,SES00449,notifications,39,7,True,False,dismissed,False,False,False,False,False
APP04147,CUST0111,SYNTHETIC,2026-06-06,SES01740,documents,16,18,False,False,viewed,False,False,False,False,False
APP04148,CUST0250,SYNTHETIC,2026-08-18,SES01639,fines,229,3,True,True,viewed,False,False,False,False,False
APP04149,CUST0264,SYNTHETIC,2026-07-07,SES00555,home,439,8,True,False,viewed,False,False,False,False,False
APP04150,CUST0492,SYNTHETIC,2026-06-30,SES00251,notifications,252,17,True,True,opened,False,False,False,False,False
APP04151,CUST0315,SYNTHETIC,2026-09-10,SES00840,finance,448,21,True,True,viewed,False,False,False,False,False
APP04152,CUST0500,SYNTHETIC,2026-08-27,SES01084,documents,52,3,False,False,viewed,False,False,False,False,False
APP04153,CUST0034,SYNTHETIC,2026-08-17,SES02006,benefits,94,10,False,False,redeemed,False,False,True,True,False
APP04154,CUST0492,SYNTHETIC,2026-06-29,SES00758,finance,358,7,True,False,viewed,False,False,False,False,False
APP04155,CUST0149,SYNTHETIC,2026-09-28,SES01709,profile,448,3,False,False,viewed,False,False,False,False,False
APP04156,CUST0110,SYNTHETIC,2026-07-30,SES00707,documents,444,6,False,False,viewed,False,False,False,False,False
APP04157,CUST0369,SYNTHETIC,2026-09-19,SES00439,maintenance,75,8,True,True,viewed,False,False,False,False,False
APP04158,CUST0260,SYNTHETIC,2026-06-06,SES01866,documents,321,20,False,False,viewed,False,False,False,False,False
APP04159,CUST0352,SYNTHETIC,2026-08-05,SES00117,notifications,305,8,True,False,dismissed,False,False,False,False,False
APP04160,CUST0089,SYNTHETIC,2026-09-09,SES00849,documents,367,8,False,False,viewed,False,False,False,False,False
APP04161,CUST0339,SYNTHETIC,2026-06-25,SES01631,documents,388,15,True,False,viewed,False,False,False,False,False
APP04162,CUST0250,SYNTHETIC,2026-07-18,SES01136,finance,392,6,False,False,paid,False,True,False,False,False
APP04163,CUST0266,SYNTHETIC,2026-08-08,SES00010,fines,12,13,False,False,viewed,False,False,False,False,False
APP04164,CUST0413,SYNTHETIC,2026-06-18,SES00977,contract,35,11,False,False,viewed,False,False,False,False,False
APP04165,CUST0439,SYNTHETIC,2026-08-05,SES00746,finance,257,13,True,True,viewed,False,False,False,False,False
APP04166,CUST0492,SYNTHETIC,2026-07-21,SES01934,home,377,14,False,False,viewed,False,False,False,False,False
APP04167,CUST0456,SYNTHETIC,2026-09-06,SES02178,documents,447,7,False,False,viewed,False,False,False,False,False
APP04168,CUST0155,SYNTHETIC,2026-06-05,SES00679,notifications,268,20,False,False,opened,False,False,False,False,False
APP04169,CUST0415,SYNTHETIC,2026-08-28,SES00319,documents,86,18,False,False,viewed,False,False,False,False,False
APP04170,CUST0270,SYNTHETIC,2026-06-22,SES00122,support,342,11,True,True,contacted,False,False,False,False,True
APP04171,CUST0185,SYNTHETIC,2026-08-01,SES00164,support,156,3,False,False,opened,False,False,False,False,False
APP04172,CUST0328,SYNTHETIC,2026-08-16,SES01556,notifications,28,8,True,False,dismissed,False,False,False,False,False
APP04173,CUST0266,SYNTHETIC,2026-07-27,SES00649,support,323,6,True,True,opened,False,False,False,False,False
APP04174,CUST0357,SYNTHETIC,2026-06-18,SES01577,home,362,12,True,False,viewed,False,False,False,False,False
APP04175,CUST0403,SYNTHETIC,2026-08-12,SES00611,finance,51,11,True,True,viewed,False,False,False,False,False
APP04176,CUST0478,SYNTHETIC,2026-08-08,SES01186,contract,117,16,True,True,viewed,False,False,False,False,False
APP04177,CUST0434,SYNTHETIC,2026-08-06,SES01990,km,399,18,True,False,viewed,False,False,False,False,False
APP04178,CUST0269,SYNTHETIC,2026-06-22,SES00133,support,37,16,False,False,contacted,False,False,False,False,True
APP04179,CUST0002,SYNTHETIC,2026-06-28,SES00952,finance,368,15,True,False,viewed,False,False,False,False,False
APP04180,CUST0134,SYNTHETIC,2026-06-22,SES02027,mobility_planner,252,10,False,False,planned,False,False,False,False,False
APP04181,CUST0406,SYNTHETIC,2026-09-29,SES00479,km,378,6,False,False,viewed,False,False,False,False,False
APP04182,CUST0397,SYNTHETIC,2026-07-26,SES01573,home,129,7,True,False,viewed,False,False,False,False,False
APP04183,CUST0126,SYNTHETIC,2026-08-15,SES01329,notifications,25,7,False,False,opened,False,False,False,False,False
APP04184,CUST0031,SYNTHETIC,2026-06-11,SES00951,finance,196,16,False,False,viewed,False,False,False,False,False
APP04185,CUST0288,SYNTHETIC,2026-09-03,SES01209,assistant,288,21,True,True,queried,False,False,False,False,False
APP04186,CUST0008,SYNTHETIC,2026-09-21,SES00498,home,129,16,False,False,viewed,False,False,False,False,False
APP04187,CUST0029,SYNTHETIC,2026-06-23,SES00165,contract,303,21,False,False,viewed,False,False,False,False,False
APP04188,CUST0402,SYNTHETIC,2026-06-06,SES00291,contract,436,1,False,False,viewed,False,False,False,False,False
APP04189,CUST0387,SYNTHETIC,2026-09-20,SES00229,mobility_planner,223,8,True,True,viewed,False,False,False,False,False
APP04190,CUST0136,SYNTHETIC,2026-08-01,SES00478,home,142,11,False,False,viewed,False,False,False,False,False
APP04191,CUST0318,SYNTHETIC,2026-07-13,SES00491,assistant,151,21,False,False,queried,False,False,False,False,False
APP04192,CUST0157,SYNTHETIC,2026-09-20,SES00516,contract,136,16,False,False,viewed,False,False,False,False,False
APP04193,CUST0489,SYNTHETIC,2026-07-28,SES02059,documents,16,9,True,True,viewed,False,False,False,False,False
APP04194,CUST0453,SYNTHETIC,2026-09-30,SES01836,maintenance,352,20,True,False,scheduled,True,False,False,False,False
APP04195,CUST0413,SYNTHETIC,2026-09-14,SES01135,km,123,14,False,False,viewed,False,False,False,False,False
APP04196,CUST0469,SYNTHETIC,2026-06-13,SES01543,km,119,14,False,False,viewed,False,False,False,False,False
APP04197,CUST0144,SYNTHETIC,2026-08-09,SES01009,profile,347,19,True,True,viewed,False,False,False,False,False
APP04198,CUST0089,SYNTHETIC,2026-06-15,SES00308,maintenance,337,2,True,True,viewed,False,False,False,False,False
APP04199,CUST0359,SYNTHETIC,2026-08-25,SES00728,contract,413,17,False,False,viewed,False,False,False,False,False
APP04200,CUST0043,SYNTHETIC,2026-09-30,SES01144,home,318,10,True,False,viewed,False,False,False,False,False
APP04201,CUST0244,SYNTHETIC,2026-09-22,SES01201,contract,409,19,False,False,viewed,False,False,False,False,False
APP04202,CUST0260,SYNTHETIC,2026-08-28,SES01145,documents,386,5,True,False,viewed,False,False,False,False,False
APP04203,CUST0440,SYNTHETIC,2026-08-29,SES01283,support,315,4,False,False,opened,False,False,False,False,False
APP04204,CUST0056,SYNTHETIC,2026-07-26,SES00320,support,273,17,True,False,opened,False,False,False,False,False
APP04205,CUST0204,SYNTHETIC,2026-09-01,SES01671,documents,226,22,False,False,viewed,False,False,False,False,False
APP04206,CUST0196,SYNTHETIC,2026-06-07,SES00848,maintenance,332,10,False,False,viewed,False,False,False,False,False
APP04207,CUST0022,SYNTHETIC,2026-09-01,SES00328,maintenance,254,14,False,False,viewed,False,False,False,False,False
APP04208,CUST0109,SYNTHETIC,2026-08-31,SES00038,fines,236,3,False,False,viewed,False,False,False,False,False
APP04209,CUST0254,SYNTHETIC,2026-09-05,SES00675,profile,114,4,True,True,viewed,False,False,False,False,False
APP04210,CUST0141,SYNTHETIC,2026-09-20,SES00994,fines,191,18,True,False,viewed,False,False,False,False,False
APP04211,CUST0021,SYNTHETIC,2026-09-05,SES00373,contract,97,2,True,False,viewed,False,False,False,False,False
APP04212,CUST0076,SYNTHETIC,2026-09-09,SES01558,notifications,219,1,False,False,dismissed,False,False,False,False,False
APP04213,CUST0308,SYNTHETIC,2026-06-21,SES01611,home,124,7,True,True,viewed,False,False,False,False,False
APP04214,CUST0354,SYNTHETIC,2026-09-24,SES01819,fines,359,22,False,False,viewed,False,False,False,False,False
APP04215,CUST0047,SYNTHETIC,2026-08-31,SES01182,benefits,417,14,False,False,viewed,False,False,True,False,False
APP04216,CUST0299,SYNTHETIC,2026-07-24,SES00723,finance,402,11,False,False,paid,False,True,False,False,False
APP04217,CUST0338,SYNTHETIC,2026-09-30,SES00695,mobility_planner,286,15,True,True,viewed,False,False,False,False,False
APP04218,CUST0457,SYNTHETIC,2026-07-28,SES01001,profile,31,15,True,False,viewed,False,False,False,False,False
APP04219,CUST0076,SYNTHETIC,2026-06-03,SES00357,support,284,8,False,False,contacted,False,False,False,False,True
APP04220,CUST0182,SYNTHETIC,2026-07-19,SES00617,home,247,3,False,False,viewed,False,False,False,False,False
APP04221,CUST0220,SYNTHETIC,2026-08-30,SES00357,support,167,21,False,False,opened,False,False,False,False,False
APP04222,CUST0323,SYNTHETIC,2026-09-16,SES01475,fines,469,16,True,True,viewed,False,False,False,False,False
APP04223,CUST0008,SYNTHETIC,2026-10-01,SES01718,fines,431,13,False,False,viewed,False,False,False,False,False
APP04224,CUST0447,SYNTHETIC,2026-08-14,SES00676,contract,242,2,False,False,viewed,False,False,False,False,False
APP04225,CUST0029,SYNTHETIC,2026-09-06,SES00597,benefits,468,12,False,False,viewed,False,False,True,False,False
APP04226,CUST0198,SYNTHETIC,2026-09-30,SES00394,home,298,14,False,False,viewed,False,False,False,False,False
APP04227,CUST0154,SYNTHETIC,2026-08-02,SES01847,benefits,157,5,False,False,viewed,False,False,True,False,False
APP04228,CUST0073,SYNTHETIC,2026-09-03,SES00691,documents,138,17,True,True,viewed,False,False,False,False,False
APP04229,CUST0201,SYNTHETIC,2026-07-22,SES01835,benefits,255,12,False,False,viewed,False,False,True,False,False
APP04230,CUST0028,SYNTHETIC,2026-08-02,SES00474,contract,243,20,False,False,viewed,False,False,False,False,False
APP04231,CUST0337,SYNTHETIC,2026-08-29,SES01451,assistant,409,11,True,True,opened,False,False,False,False,False
APP04232,CUST0479,SYNTHETIC,2026-09-20,SES01337,finance,92,20,True,True,viewed,False,False,False,False,False
APP04233,CUST0375,SYNTHETIC,2026-07-24,SES00374,km,181,5,False,False,viewed,False,False,False,False,False
APP04234,CUST0182,SYNTHETIC,2026-06-20,SES00290,fines,225,22,False,False,viewed,False,False,False,False,False
APP04235,CUST0353,SYNTHETIC,2026-08-10,SES01829,home,138,16,False,False,viewed,False,False,False,False,False
APP04236,CUST0042,SYNTHETIC,2026-07-29,SES00775,support,192,4,True,False,contacted,False,False,False,False,True
APP04237,CUST0370,SYNTHETIC,2026-06-12,SES00352,fines,313,22,False,False,viewed,False,False,False,False,False
APP04238,CUST0073,SYNTHETIC,2026-06-18,SES00490,home,415,4,True,False,viewed,False,False,False,False,False
APP04239,CUST0346,SYNTHETIC,2026-08-14,SES00261,maintenance,360,18,True,False,scheduled,True,False,False,False,False
APP04240,CUST0465,SYNTHETIC,2026-07-20,SES02155,finance,35,19,True,True,paid,False,True,False,False,False
APP04241,CUST0431,SYNTHETIC,2026-09-14,SES00949,assistant,252,3,True,False,queried,False,False,False,False,False
APP04242,CUST0011,SYNTHETIC,2026-06-12,SES00195,fines,281,20,False,False,viewed,False,False,False,False,False
APP04243,CUST0225,SYNTHETIC,2026-08-10,SES01873,km,371,22,True,False,viewed,False,False,False,False,False
APP04244,CUST0077,SYNTHETIC,2026-09-22,SES01362,support,460,13,True,True,opened,False,False,False,False,False
APP04245,CUST0128,SYNTHETIC,2026-09-06,SES01343,maintenance,330,13,True,False,scheduled,True,False,False,False,False
APP04246,CUST0189,SYNTHETIC,2026-08-31,SES00398,km,265,15,False,False,viewed,False,False,False,False,False
APP04247,CUST0020,SYNTHETIC,2026-09-09,SES01458,km,137,8,False,False,viewed,False,False,False,False,False
APP04248,CUST0152,SYNTHETIC,2026-06-24,SES01688,home,398,20,False,False,viewed,False,False,False,False,False
APP04249,CUST0439,SYNTHETIC,2026-08-22,SES00260,profile,142,8,False,False,viewed,False,False,False,False,False
APP04250,CUST0279,SYNTHETIC,2026-06-27,SES00380,mobility_planner,22,16,False,False,planned,False,False,False,False,False
APP04251,CUST0149,SYNTHETIC,2026-09-20,SES00757,assistant,386,18,True,False,queried,False,False,False,False,False
APP04252,CUST0300,SYNTHETIC,2026-07-16,SES01526,benefits,200,8,True,False,viewed,False,False,True,False,False
APP04253,CUST0009,SYNTHETIC,2026-07-13,SES01206,mobility_planner,134,20,False,False,viewed,False,False,False,False,False
APP04254,CUST0276,SYNTHETIC,2026-09-29,SES00963,fines,248,11,False,False,viewed,False,False,False,False,False
APP04255,CUST0196,SYNTHETIC,2026-06-26,SES01585,profile,356,4,True,True,viewed,False,False,False,False,False
APP04256,CUST0423,SYNTHETIC,2026-09-01,SES01934,finance,102,13,False,False,paid,False,True,False,False,False
APP04257,CUST0027,SYNTHETIC,2026-09-08,SES00871,home,284,13,True,True,viewed,False,False,False,False,False
APP04258,CUST0044,SYNTHETIC,2026-07-11,SES00682,documents,449,15,False,False,viewed,False,False,False,False,False
APP04259,CUST0490,SYNTHETIC,2026-07-24,SES00668,fines,304,14,False,False,viewed,False,False,False,False,False
APP04260,CUST0301,SYNTHETIC,2026-07-01,SES00340,benefits,477,12,False,False,viewed,False,False,True,False,False
APP04261,CUST0361,SYNTHETIC,2026-09-30,SES00248,assistant,107,7,True,False,queried,False,False,False,False,False
APP04262,CUST0436,SYNTHETIC,2026-08-22,SES02041,profile,82,12,True,True,viewed,False,False,False,False,False
APP04263,CUST0462,SYNTHETIC,2026-09-26,SES01159,notifications,132,7,False,False,dismissed,False,False,False,False,False
APP04264,CUST0402,SYNTHETIC,2026-06-03,SES01067,km,389,21,True,False,viewed,False,False,False,False,False
APP04265,CUST0352,SYNTHETIC,2026-06-14,SES01173,documents,349,17,True,True,viewed,False,False,False,False,False
APP04266,CUST0143,SYNTHETIC,2026-08-18,SES00709,km,224,22,True,True,viewed,False,False,False,False,False
APP04267,CUST0327,SYNTHETIC,2026-08-20,SES00137,finance,408,21,False,False,paid,False,True,False,False,False
APP04268,CUST0077,SYNTHETIC,2026-08-01,SES00030,fines,262,16,False,False,viewed,False,False,False,False,False
APP04269,CUST0210,SYNTHETIC,2026-10-01,SES01361,profile,342,8,False,False,viewed,False,False,False,False,False
APP04270,CUST0126,SYNTHETIC,2026-08-27,SES01729,benefits,148,6,True,True,viewed,False,False,True,False,False
APP04271,CUST0331,SYNTHETIC,2026-08-27,SES00570,benefits,134,18,False,False,redeemed,False,False,True,True,False
APP04272,CUST0172,SYNTHETIC,2026-06-12,SES00223,finance,258,3,True,True,viewed,False,False,False,False,False
APP04273,CUST0062,SYNTHETIC,2026-09-09,SES01825,profile,110,21,False,False,viewed,False,False,False,False,False
APP04274,CUST0098,SYNTHETIC,2026-07-04,SES00708,notifications,464,2,True,True,dismissed,False,False,False,False,False
APP04275,CUST0127,SYNTHETIC,2026-06-22,SES01996,home,96,22,True,True,viewed,False,False,False,False,False
APP04276,CUST0429,SYNTHETIC,2026-07-16,SES00712,mobility_planner,329,13,False,False,viewed,False,False,False,False,False
APP04277,CUST0411,SYNTHETIC,2026-07-30,SES02173,mobility_planner,189,19,False,False,viewed,False,False,False,False,False
APP04278,CUST0097,SYNTHETIC,2026-08-11,SES00960,contract,114,6,False,False,viewed,False,False,False,False,False
APP04279,CUST0497,SYNTHETIC,2026-08-31,SES00051,fines,291,13,False,False,viewed,False,False,False,False,False
APP04280,CUST0459,SYNTHETIC,2026-08-14,SES00561,contract,18,20,False,False,viewed,False,False,False,False,False
APP04281,CUST0125,SYNTHETIC,2026-06-14,SES02053,profile,412,1,False,False,viewed,False,False,False,False,False
APP04282,CUST0116,SYNTHETIC,2026-08-15,SES02050,documents,244,7,True,True,viewed,False,False,False,False,False
APP04283,CUST0465,SYNTHETIC,2026-06-21,SES01108,benefits,51,12,False,False,redeemed,False,False,True,True,False
APP04284,CUST0014,SYNTHETIC,2026-08-29,SES01847,maintenance,127,2,True,False,viewed,False,False,False,False,False
APP04285,CUST0365,SYNTHETIC,2026-06-27,SES01179,notifications,471,17,True,True,dismissed,False,False,False,False,False
APP04286,CUST0182,SYNTHETIC,2026-06-10,SES00756,contract,180,8,False,False,viewed,False,False,False,False,False
APP04287,CUST0289,SYNTHETIC,2026-06-07,SES01931,documents,293,4,False,False,viewed,False,False,False,False,False
APP04288,CUST0472,SYNTHETIC,2026-06-10,SES01053,contract,164,19,False,False,viewed,False,False,False,False,False
APP04289,CUST0297,SYNTHETIC,2026-09-05,SES01559,finance,418,15,False,False,viewed,False,False,False,False,False
APP04290,CUST0220,SYNTHETIC,2026-09-24,SES01749,maintenance,400,16,False,False,viewed,False,False,False,False,False
APP04291,CUST0209,SYNTHETIC,2026-07-30,SES00885,documents,417,5,False,False,viewed,False,False,False,False,False
APP04292,CUST0392,SYNTHETIC,2026-06-24,SES00250,finance,307,9,True,False,viewed,False,False,False,False,False
APP04293,CUST0268,SYNTHETIC,2026-07-05,SES01530,assistant,372,12,False,False,queried,False,False,False,False,False
APP04294,CUST0374,SYNTHETIC,2026-08-11,SES00445,documents,267,19,True,True,viewed,False,False,False,False,False
APP04295,CUST0395,SYNTHETIC,2026-09-05,SES01764,support,30,9,False,False,opened,False,False,False,False,False
APP04296,CUST0002,SYNTHETIC,2026-08-18,SES01444,documents,443,18,False,False,viewed,False,False,False,False,False
APP04297,CUST0105,SYNTHETIC,2026-08-04,SES00530,km,417,7,False,False,viewed,False,False,False,False,False
APP04298,CUST0016,SYNTHETIC,2026-07-15,SES01138,maintenance,131,2,True,True,scheduled,True,False,False,False,False
APP04299,CUST0362,SYNTHETIC,2026-06-30,SES01127,notifications,207,12,False,False,opened,False,False,False,False,False
APP04300,CUST0293,SYNTHETIC,2026-07-17,SES00424,finance,320,1,True,False,viewed,False,False,False,False,False
APP04301,CUST0017,SYNTHETIC,2026-07-06,SES00344,home,307,16,False,False,viewed,False,False,False,False,False
APP04302,CUST0230,SYNTHETIC,2026-07-03,SES01432,benefits,247,9,True,True,viewed,False,False,True,False,False
APP04303,CUST0471,SYNTHETIC,2026-08-28,SES00661,benefits,75,19,False,False,viewed,False,False,True,False,False
APP04304,CUST0067,SYNTHETIC,2026-09-05,SES01942,km,367,20,True,False,viewed,False,False,False,False,False
APP04305,CUST0483,SYNTHETIC,2026-06-10,SES00506,home,454,9,True,True,viewed,False,False,False,False,False
APP04306,CUST0408,SYNTHETIC,2026-06-28,SES00282,mobility_planner,476,11,True,False,planned,False,False,False,False,False
APP04307,CUST0427,SYNTHETIC,2026-08-31,SES00895,assistant,341,5,False,False,queried,False,False,False,False,False
APP04308,CUST0212,SYNTHETIC,2026-09-03,SES01965,finance,148,8,False,False,paid,False,True,False,False,False
APP04309,CUST0023,SYNTHETIC,2026-08-25,SES00804,profile,149,9,False,False,viewed,False,False,False,False,False
APP04310,CUST0104,SYNTHETIC,2026-07-02,SES02025,support,431,12,False,False,contacted,False,False,False,False,True
APP04311,CUST0145,SYNTHETIC,2026-07-20,SES00813,mobility_planner,395,12,False,False,planned,False,False,False,False,False
APP04312,CUST0326,SYNTHETIC,2026-07-02,SES01439,documents,183,20,False,False,viewed,False,False,False,False,False
APP04313,CUST0224,SYNTHETIC,2026-07-14,SES00266,assistant,464,21,True,False,queried,False,False,False,False,False
APP04314,CUST0307,SYNTHETIC,2026-06-28,SES00048,fines,26,6,True,True,viewed,False,False,False,False,False
APP04315,CUST0065,SYNTHETIC,2026-06-13,SES01408,fines,218,1,True,True,viewed,False,False,False,False,False
APP04316,CUST0447,SYNTHETIC,2026-09-30,SES00608,finance,171,14,False,False,paid,False,True,False,False,False
APP04317,CUST0327,SYNTHETIC,2026-07-08,SES01513,documents,237,17,True,False,viewed,False,False,False,False,False
APP04318,CUST0423,SYNTHETIC,2026-06-03,SES00617,profile,411,18,True,False,viewed,False,False,False,False,False
APP04319,CUST0483,SYNTHETIC,2026-09-21,SES00995,documents,439,13,True,False,viewed,False,False,False,False,False
APP04320,CUST0161,SYNTHETIC,2026-06-08,SES02173,maintenance,172,4,True,True,scheduled,True,False,False,False,False
APP04321,CUST0126,SYNTHETIC,2026-06-19,SES00525,home,30,17,True,True,viewed,False,False,False,False,False
APP04322,CUST0119,SYNTHETIC,2026-07-17,SES00880,fines,147,9,False,False,viewed,False,False,False,False,False
APP04323,CUST0020,SYNTHETIC,2026-06-04,SES01951,notifications,409,18,True,False,dismissed,False,False,False,False,False
APP04324,CUST0354,SYNTHETIC,2026-06-07,SES01400,documents,405,2,True,True,viewed,False,False,False,False,False
APP04325,CUST0166,SYNTHETIC,2026-09-12,SES01786,home,209,4,False,False,viewed,False,False,False,False,False
APP04326,CUST0205,SYNTHETIC,2026-06-23,SES01432,finance,102,16,False,False,viewed,False,False,False,False,False
APP04327,CUST0252,SYNTHETIC,2026-08-11,SES02047,assistant,383,8,False,False,queried,False,False,False,False,False
APP04328,CUST0198,SYNTHETIC,2026-07-05,SES00027,mobility_planner,437,17,True,True,viewed,False,False,False,False,False
APP04329,CUST0048,SYNTHETIC,2026-08-03,SES01688,maintenance,401,22,True,False,scheduled,True,False,False,False,False
APP04330,CUST0308,SYNTHETIC,2026-08-11,SES01578,assistant,128,8,True,False,opened,False,False,False,False,False
APP04331,CUST0187,SYNTHETIC,2026-09-30,SES01853,fines,448,8,False,False,viewed,False,False,False,False,False
APP04332,CUST0395,SYNTHETIC,2026-07-04,SES01239,contract,300,4,True,False,viewed,False,False,False,False,False
APP04333,CUST0094,SYNTHETIC,2026-09-13,SES00355,benefits,197,9,False,False,viewed,False,False,True,False,False
APP04334,CUST0276,SYNTHETIC,2026-06-26,SES02148,mobility_planner,79,15,True,False,viewed,False,False,False,False,False
APP04335,CUST0044,SYNTHETIC,2026-07-05,SES01428,contract,336,17,False,False,viewed,False,False,False,False,False
APP04336,CUST0199,SYNTHETIC,2026-06-15,SES00394,assistant,332,16,False,False,queried,False,False,False,False,False
APP04337,CUST0500,SYNTHETIC,2026-07-19,SES01071,km,413,9,True,True,viewed,False,False,False,False,False
APP04338,CUST0162,SYNTHETIC,2026-09-06,SES01236,finance,16,5,True,True,viewed,False,False,False,False,False
APP04339,CUST0498,SYNTHETIC,2026-08-18,SES00446,maintenance,475,4,True,False,scheduled,True,False,False,False,False
APP04340,CUST0124,SYNTHETIC,2026-08-24,SES00558,fines,215,18,False,False,viewed,False,False,False,False,False
APP04341,CUST0054,SYNTHETIC,2026-09-28,SES00239,maintenance,176,19,False,False,viewed,False,False,False,False,False
APP04342,CUST0351,SYNTHETIC,2026-08-05,SES00370,profile,264,10,False,False,viewed,False,False,False,False,False
APP04343,CUST0091,SYNTHETIC,2026-07-19,SES01025,contract,229,11,False,False,viewed,False,False,False,False,False
APP04344,CUST0166,SYNTHETIC,2026-09-16,SES01211,fines,128,8,False,False,viewed,False,False,False,False,False
APP04345,CUST0200,SYNTHETIC,2026-07-06,SES00911,km,415,3,False,False,viewed,False,False,False,False,False
APP04346,CUST0034,SYNTHETIC,2026-08-14,SES01514,fines,117,1,False,False,viewed,False,False,False,False,False
APP04347,CUST0197,SYNTHETIC,2026-07-07,SES01903,fines,227,3,True,True,viewed,False,False,False,False,False
APP04348,CUST0468,SYNTHETIC,2026-08-06,SES02060,notifications,127,17,False,False,dismissed,False,False,False,False,False
APP04349,CUST0322,SYNTHETIC,2026-09-08,SES01553,assistant,218,20,False,False,opened,False,False,False,False,False
APP04350,CUST0421,SYNTHETIC,2026-07-30,SES00531,assistant,81,6,False,False,opened,False,False,False,False,False
APP04351,CUST0073,SYNTHETIC,2026-07-03,SES00469,notifications,363,21,False,False,dismissed,False,False,False,False,False
APP04352,CUST0266,SYNTHETIC,2026-06-05,SES01206,notifications,132,22,True,True,dismissed,False,False,False,False,False
APP04353,CUST0217,SYNTHETIC,2026-07-28,SES01032,home,178,12,False,False,viewed,False,False,False,False,False
APP04354,CUST0434,SYNTHETIC,2026-08-16,SES01988,benefits,123,18,False,False,viewed,False,False,True,False,False
APP04355,CUST0232,SYNTHETIC,2026-06-25,SES01557,documents,42,7,True,False,viewed,False,False,False,False,False
APP04356,CUST0387,SYNTHETIC,2026-08-06,SES00778,profile,108,14,False,False,viewed,False,False,False,False,False
APP04357,CUST0298,SYNTHETIC,2026-07-13,SES00428,km,198,12,False,False,viewed,False,False,False,False,False
APP04358,CUST0239,SYNTHETIC,2026-07-12,SES01073,mobility_planner,25,18,True,True,viewed,False,False,False,False,False
APP04359,CUST0001,SYNTHETIC,2026-06-22,SES02151,benefits,133,11,False,False,viewed,False,False,True,False,False
APP04360,CUST0214,SYNTHETIC,2026-06-19,SES00848,assistant,302,5,True,True,opened,False,False,False,False,False
APP04361,CUST0466,SYNTHETIC,2026-06-14,SES01261,profile,233,13,False,False,viewed,False,False,False,False,False
APP04362,CUST0192,SYNTHETIC,2026-06-09,SES01311,maintenance,383,7,True,True,scheduled,True,False,False,False,False
APP04363,CUST0430,SYNTHETIC,2026-09-02,SES01691,home,331,19,True,True,viewed,False,False,False,False,False
APP04364,CUST0389,SYNTHETIC,2026-08-04,SES00483,maintenance,135,15,True,True,viewed,False,False,False,False,False
APP04365,CUST0296,SYNTHETIC,2026-06-23,SES01533,km,155,17,False,False,viewed,False,False,False,False,False
APP04366,CUST0467,SYNTHETIC,2026-08-21,SES02137,mobility_planner,358,20,False,False,viewed,False,False,False,False,False
APP04367,CUST0470,SYNTHETIC,2026-09-09,SES01634,finance,435,18,False,False,viewed,False,False,False,False,False
APP04368,CUST0007,SYNTHETIC,2026-09-12,SES00621,fines,480,6,True,False,viewed,False,False,False,False,False
APP04369,CUST0102,SYNTHETIC,2026-06-19,SES01282,contract,83,18,True,True,viewed,False,False,False,False,False
APP04370,CUST0397,SYNTHETIC,2026-06-21,SES01275,notifications,121,15,False,False,opened,False,False,False,False,False
APP04371,CUST0291,SYNTHETIC,2026-07-04,SES01552,profile,65,6,True,True,viewed,False,False,False,False,False
APP04372,CUST0336,SYNTHETIC,2026-09-06,SES01965,assistant,86,7,False,False,opened,False,False,False,False,False
APP04373,CUST0090,SYNTHETIC,2026-07-24,SES01564,km,258,15,False,False,viewed,False,False,False,False,False
APP04374,CUST0207,SYNTHETIC,2026-07-31,SES00216,notifications,145,11,True,True,opened,False,False,False,False,False
APP04375,CUST0148,SYNTHETIC,2026-06-15,SES01190,km,377,4,True,False,viewed,False,False,False,False,False
APP04376,CUST0357,SYNTHETIC,2026-08-01,SES01204,support,75,20,False,False,opened,False,False,False,False,False
APP04377,CUST0013,SYNTHETIC,2026-07-10,SES00683,notifications,49,13,False,False,opened,False,False,False,False,False
APP04378,CUST0187,SYNTHETIC,2026-09-22,SES00729,contract,381,1,False,False,viewed,False,False,False,False,False
APP04379,CUST0167,SYNTHETIC,2026-09-28,SES01648,assistant,237,7,True,False,opened,False,False,False,False,False
APP04380,CUST0118,SYNTHETIC,2026-08-15,SES01071,contract,276,9,False,False,viewed,False,False,False,False,False
APP04381,CUST0322,SYNTHETIC,2026-08-17,SES00192,mobility_planner,79,18,False,False,viewed,False,False,False,False,False
APP04382,CUST0468,SYNTHETIC,2026-07-28,SES00520,maintenance,86,21,False,False,viewed,False,False,False,False,False
APP04383,CUST0062,SYNTHETIC,2026-06-17,SES00464,fines,439,7,False,False,viewed,False,False,False,False,False
APP04384,CUST0472,SYNTHETIC,2026-06-08,SES00421,assistant,166,5,False,False,queried,False,False,False,False,False
APP04385,CUST0123,SYNTHETIC,2026-06-04,SES01446,contract,468,4,False,False,viewed,False,False,False,False,False
APP04386,CUST0139,SYNTHETIC,2026-06-21,SES01062,contract,335,20,True,True,viewed,False,False,False,False,False
APP04387,CUST0017,SYNTHETIC,2026-06-14,SES00827,profile,142,10,False,False,viewed,False,False,False,False,False
APP04388,CUST0399,SYNTHETIC,2026-07-08,SES01854,benefits,98,10,False,False,viewed,False,False,True,False,False
APP04389,CUST0274,SYNTHETIC,2026-09-19,SES02166,mobility_planner,262,4,False,False,viewed,False,False,False,False,False
APP04390,CUST0149,SYNTHETIC,2026-08-17,SES01411,finance,270,22,False,False,viewed,False,False,False,False,False
APP04391,CUST0196,SYNTHETIC,2026-09-13,SES02187,notifications,443,1,True,False,opened,False,False,False,False,False
APP04392,CUST0158,SYNTHETIC,2026-07-23,SES00360,finance,17,19,False,False,viewed,False,False,False,False,False
APP04393,CUST0300,SYNTHETIC,2026-08-20,SES01937,finance,192,5,True,False,viewed,False,False,False,False,False
APP04394,CUST0121,SYNTHETIC,2026-06-22,SES01908,mobility_planner,208,4,False,False,viewed,False,False,False,False,False
APP04395,CUST0327,SYNTHETIC,2026-06-30,SES00221,contract,79,20,True,True,viewed,False,False,False,False,False
APP04396,CUST0310,SYNTHETIC,2026-06-17,SES00006,profile,476,6,True,True,viewed,False,False,False,False,False
APP04397,CUST0054,SYNTHETIC,2026-09-20,SES00870,home,394,4,False,False,viewed,False,False,False,False,False
APP04398,CUST0378,SYNTHETIC,2026-08-16,SES01478,finance,406,6,True,False,paid,False,True,False,False,False
APP04399,CUST0181,SYNTHETIC,2026-07-07,SES00255,fines,82,16,False,False,viewed,False,False,False,False,False
APP04400,CUST0127,SYNTHETIC,2026-09-05,SES01198,notifications,28,5,True,False,dismissed,False,False,False,False,False
APP04401,CUST0041,SYNTHETIC,2026-07-03,SES00545,maintenance,335,12,False,False,viewed,False,False,False,False,False
APP04402,CUST0378,SYNTHETIC,2026-06-06,SES01442,support,334,5,False,False,contacted,False,False,False,False,True
APP04403,CUST0057,SYNTHETIC,2026-07-19,SES01513,profile,239,17,False,False,viewed,False,False,False,False,False
APP04404,CUST0426,SYNTHETIC,2026-09-04,SES01426,finance,232,13,True,True,paid,False,True,False,False,False
APP04405,CUST0228,SYNTHETIC,2026-09-23,SES01591,notifications,49,7,False,False,dismissed,False,False,False,False,False
APP04406,CUST0306,SYNTHETIC,2026-07-20,SES00919,profile,107,17,False,False,viewed,False,False,False,False,False
APP04407,CUST0049,SYNTHETIC,2026-06-14,SES00839,mobility_planner,90,1,False,False,viewed,False,False,False,False,False
APP04408,CUST0236,SYNTHETIC,2026-06-04,SES01119,profile,456,7,False,False,viewed,False,False,False,False,False
APP04409,CUST0077,SYNTHETIC,2026-08-21,SES00179,profile,51,10,True,True,viewed,False,False,False,False,False
APP04410,CUST0308,SYNTHETIC,2026-07-25,SES01028,contract,306,3,True,True,viewed,False,False,False,False,False
APP04411,CUST0060,SYNTHETIC,2026-09-28,SES00497,assistant,254,19,True,False,opened,False,False,False,False,False
APP04412,CUST0029,SYNTHETIC,2026-08-10,SES02080,support,451,9,True,False,opened,False,False,False,False,False
APP04413,CUST0211,SYNTHETIC,2026-08-12,SES01433,maintenance,310,8,False,False,scheduled,True,False,False,False,False
APP04414,CUST0351,SYNTHETIC,2026-08-27,SES00523,maintenance,36,6,True,True,scheduled,True,False,False,False,False
APP04415,CUST0334,SYNTHETIC,2026-08-18,SES01139,maintenance,369,5,False,False,scheduled,True,False,False,False,False
APP04416,CUST0211,SYNTHETIC,2026-08-14,SES00487,contract,298,16,True,True,viewed,False,False,False,False,False
APP04417,CUST0355,SYNTHETIC,2026-06-21,SES01548,documents,380,9,False,False,viewed,False,False,False,False,False
APP04418,CUST0429,SYNTHETIC,2026-06-05,SES01034,fines,128,18,False,False,viewed,False,False,False,False,False
APP04419,CUST0131,SYNTHETIC,2026-09-14,SES01795,notifications,189,19,False,False,opened,False,False,False,False,False
APP04420,CUST0071,SYNTHETIC,2026-09-07,SES01793,benefits,339,8,True,True,viewed,False,False,True,False,False
APP04421,CUST0172,SYNTHETIC,2026-06-05,SES00561,documents,51,12,False,False,viewed,False,False,False,False,False
APP04422,CUST0067,SYNTHETIC,2026-07-17,SES00794,finance,117,14,False,False,viewed,False,False,False,False,False
APP04423,CUST0279,SYNTHETIC,2026-06-19,SES01199,km,145,21,False,False,viewed,False,False,False,False,False
APP04424,CUST0449,SYNTHETIC,2026-08-18,SES00419,notifications,344,15,True,True,opened,False,False,False,False,False
APP04425,CUST0481,SYNTHETIC,2026-09-09,SES01635,profile,249,12,True,False,viewed,False,False,False,False,False
APP04426,CUST0035,SYNTHETIC,2026-06-20,SES01137,finance,343,1,True,False,paid,False,True,False,False,False
APP04427,CUST0152,SYNTHETIC,2026-07-05,SES00618,contract,198,12,True,True,viewed,False,False,False,False,False
APP04428,CUST0005,SYNTHETIC,2026-06-28,SES02039,notifications,369,18,True,False,opened,False,False,False,False,False
APP04429,CUST0441,SYNTHETIC,2026-08-31,SES01124,profile,453,16,False,False,viewed,False,False,False,False,False
APP04430,CUST0113,SYNTHETIC,2026-06-05,SES00451,maintenance,40,14,False,False,scheduled,True,False,False,False,False
APP04431,CUST0067,SYNTHETIC,2026-07-05,SES01755,km,277,8,False,False,viewed,False,False,False,False,False
APP04432,CUST0121,SYNTHETIC,2026-07-28,SES01739,mobility_planner,461,9,False,False,viewed,False,False,False,False,False
APP04433,CUST0355,SYNTHETIC,2026-08-23,SES00913,assistant,204,13,True,False,opened,False,False,False,False,False
APP04434,CUST0164,SYNTHETIC,2026-09-08,SES00551,assistant,306,13,False,False,opened,False,False,False,False,False
APP04435,CUST0377,SYNTHETIC,2026-07-05,SES01931,km,248,7,False,False,viewed,False,False,False,False,False
APP04436,CUST0445,SYNTHETIC,2026-07-05,SES00412,support,411,8,False,False,opened,False,False,False,False,False
APP04437,CUST0459,SYNTHETIC,2026-08-26,SES00489,notifications,132,3,False,False,opened,False,False,False,False,False
APP04438,CUST0366,SYNTHETIC,2026-09-16,SES00520,km,472,17,True,False,viewed,False,False,False,False,False
APP04439,CUST0161,SYNTHETIC,2026-06-05,SES01747,documents,135,15,False,False,viewed,False,False,False,False,False
APP04440,CUST0431,SYNTHETIC,2026-08-02,SES00496,fines,233,15,True,False,viewed,False,False,False,False,False
APP04441,CUST0034,SYNTHETIC,2026-09-21,SES00809,contract,208,9,False,False,viewed,False,False,False,False,False
APP04442,CUST0019,SYNTHETIC,2026-08-24,SES01998,mobility_planner,355,18,False,False,planned,False,False,False,False,False
APP04443,CUST0447,SYNTHETIC,2026-10-01,SES00609,benefits,400,3,False,False,redeemed,False,False,True,True,False
APP04444,CUST0324,SYNTHETIC,2026-07-23,SES01759,maintenance,329,2,False,False,viewed,False,False,False,False,False
APP04445,CUST0205,SYNTHETIC,2026-07-13,SES00977,km,456,12,True,False,viewed,False,False,False,False,False
APP04446,CUST0334,SYNTHETIC,2026-06-12,SES00165,fines,40,22,False,False,viewed,False,False,False,False,False
APP04447,CUST0213,SYNTHETIC,2026-08-13,SES00216,assistant,83,11,False,False,opened,False,False,False,False,False
APP04448,CUST0112,SYNTHETIC,2026-09-13,SES00731,profile,198,15,False,False,viewed,False,False,False,False,False
APP04449,CUST0437,SYNTHETIC,2026-08-08,SES00590,home,310,6,True,False,viewed,False,False,False,False,False
APP04450,CUST0099,SYNTHETIC,2026-09-21,SES01324,contract,218,15,False,False,viewed,False,False,False,False,False
APP04451,CUST0078,SYNTHETIC,2026-06-24,SES02099,notifications,478,15,False,False,dismissed,False,False,False,False,False
APP04452,CUST0379,SYNTHETIC,2026-09-14,SES01538,fines,70,3,True,True,viewed,False,False,False,False,False
APP04453,CUST0036,SYNTHETIC,2026-09-26,SES00260,finance,145,6,True,False,viewed,False,False,False,False,False
APP04454,CUST0206,SYNTHETIC,2026-08-24,SES01126,finance,75,4,False,False,viewed,False,False,False,False,False
APP04455,CUST0055,SYNTHETIC,2026-07-17,SES01115,finance,149,13,False,False,viewed,False,False,False,False,False
APP04456,CUST0473,SYNTHETIC,2026-07-25,SES00295,km,378,20,False,False,viewed,False,False,False,False,False
APP04457,CUST0331,SYNTHETIC,2026-06-18,SES00301,contract,298,13,False,False,viewed,False,False,False,False,False
APP04458,CUST0160,SYNTHETIC,2026-06-21,SES02128,assistant,107,7,True,True,opened,False,False,False,False,False
APP04459,CUST0280,SYNTHETIC,2026-08-11,SES00927,notifications,31,17,False,False,opened,False,False,False,False,False
APP04460,CUST0437,SYNTHETIC,2026-09-02,SES01365,support,67,10,False,False,opened,False,False,False,False,False
APP04461,CUST0023,SYNTHETIC,2026-09-25,SES00546,contract,47,19,False,False,viewed,False,False,False,False,False
APP04462,CUST0478,SYNTHETIC,2026-09-17,SES02078,profile,409,10,False,False,viewed,False,False,False,False,False
APP04463,CUST0436,SYNTHETIC,2026-07-27,SES01585,benefits,52,19,False,False,redeemed,False,False,True,True,False
APP04464,CUST0250,SYNTHETIC,2026-07-27,SES01517,mobility_planner,173,4,False,False,viewed,False,False,False,False,False
APP04465,CUST0218,SYNTHETIC,2026-09-17,SES02111,maintenance,429,11,False,False,scheduled,True,False,False,False,False
APP04466,CUST0478,SYNTHETIC,2026-07-01,SES00434,profile,92,12,True,True,viewed,False,False,False,False,False
APP04467,CUST0053,SYNTHETIC,2026-08-20,SES01346,home,269,16,True,False,viewed,False,False,False,False,False
APP04468,CUST0280,SYNTHETIC,2026-06-20,SES00918,finance,11,9,True,False,viewed,False,False,False,False,False
APP04469,CUST0466,SYNTHETIC,2026-08-17,SES01504,benefits,86,4,False,False,redeemed,False,False,True,True,False
APP04470,CUST0379,SYNTHETIC,2026-08-31,SES01930,notifications,70,19,True,True,opened,False,False,False,False,False
APP04471,CUST0225,SYNTHETIC,2026-09-25,SES00670,fines,229,16,False,False,viewed,False,False,False,False,False
APP04472,CUST0281,SYNTHETIC,2026-06-27,SES00101,support,279,18,True,True,contacted,False,False,False,False,True
APP04473,CUST0301,SYNTHETIC,2026-06-27,SES00816,fines,278,3,True,False,viewed,False,False,False,False,False
APP04474,CUST0462,SYNTHETIC,2026-08-11,SES01655,documents,199,11,False,False,viewed,False,False,False,False,False
APP04475,CUST0285,SYNTHETIC,2026-08-13,SES01527,notifications,220,7,True,True,dismissed,False,False,False,False,False
APP04476,CUST0128,SYNTHETIC,2026-09-02,SES00832,contract,369,8,False,False,viewed,False,False,False,False,False
APP04477,CUST0160,SYNTHETIC,2026-08-18,SES00866,documents,456,10,False,False,viewed,False,False,False,False,False
APP04478,CUST0345,SYNTHETIC,2026-06-25,SES00805,assistant,291,9,False,False,opened,False,False,False,False,False
APP04479,CUST0433,SYNTHETIC,2026-08-16,SES00618,documents,231,12,False,False,viewed,False,False,False,False,False
APP04480,CUST0214,SYNTHETIC,2026-06-26,SES01393,maintenance,24,2,True,False,scheduled,True,False,False,False,False
APP04481,CUST0358,SYNTHETIC,2026-06-21,SES01594,home,164,21,False,False,viewed,False,False,False,False,False
APP04482,CUST0485,SYNTHETIC,2026-07-01,SES00154,mobility_planner,430,21,True,True,planned,False,False,False,False,False
APP04483,CUST0259,SYNTHETIC,2026-09-24,SES00202,km,215,5,False,False,viewed,False,False,False,False,False
APP04484,CUST0231,SYNTHETIC,2026-08-27,SES01339,mobility_planner,434,9,False,False,viewed,False,False,False,False,False
APP04485,CUST0377,SYNTHETIC,2026-07-21,SES00008,home,258,19,False,False,viewed,False,False,False,False,False
APP04486,CUST0320,SYNTHETIC,2026-08-26,SES00418,profile,89,3,True,True,viewed,False,False,False,False,False
APP04487,CUST0171,SYNTHETIC,2026-08-11,SES01732,km,80,13,True,True,viewed,False,False,False,False,False
APP04488,CUST0437,SYNTHETIC,2026-07-07,SES02046,maintenance,147,18,False,False,viewed,False,False,False,False,False
APP04489,CUST0144,SYNTHETIC,2026-09-17,SES01432,finance,97,14,True,False,viewed,False,False,False,False,False
APP04490,CUST0484,SYNTHETIC,2026-09-30,SES00258,km,289,14,False,False,viewed,False,False,False,False,False
APP04491,CUST0267,SYNTHETIC,2026-09-04,SES01711,home,396,6,False,False,viewed,False,False,False,False,False
APP04492,CUST0271,SYNTHETIC,2026-07-22,SES00267,notifications,367,7,False,False,dismissed,False,False,False,False,False
APP04493,CUST0421,SYNTHETIC,2026-09-03,SES00135,mobility_planner,230,10,False,False,viewed,False,False,False,False,False
APP04494,CUST0285,SYNTHETIC,2026-08-17,SES01694,finance,356,13,False,False,viewed,False,False,False,False,False
APP04495,CUST0079,SYNTHETIC,2026-09-11,SES00175,maintenance,25,19,False,False,viewed,False,False,False,False,False
APP04496,CUST0436,SYNTHETIC,2026-08-26,SES01418,profile,400,14,True,True,viewed,False,False,False,False,False
APP04497,CUST0259,SYNTHETIC,2026-09-08,SES01729,notifications,455,6,True,True,dismissed,False,False,False,False,False
APP04498,CUST0499,SYNTHETIC,2026-06-27,SES00586,notifications,379,20,False,False,dismissed,False,False,False,False,False
APP04499,CUST0255,SYNTHETIC,2026-09-08,SES01468,contract,158,17,False,False,viewed,False,False,False,False,False
APP04500,CUST0004,SYNTHETIC,2026-06-07,SES00502,home,447,11,False,False,viewed,False,False,False,False,False
APP04501,CUST0064,SYNTHETIC,2026-08-13,SES00062,profile,384,4,True,True,viewed,False,False,False,False,False
APP04502,CUST0161,SYNTHETIC,2026-06-04,SES00171,documents,414,2,True,True,viewed,False,False,False,False,False
APP04503,CUST0053,SYNTHETIC,2026-09-12,SES00801,profile,160,16,False,False,viewed,False,False,False,False,False
APP04504,CUST0341,SYNTHETIC,2026-07-30,SES01868,notifications,179,18,True,False,opened,False,False,False,False,False
APP04505,CUST0080,SYNTHETIC,2026-09-30,SES01991,notifications,393,5,False,False,dismissed,False,False,False,False,False
APP04506,CUST0091,SYNTHETIC,2026-07-26,SES01181,assistant,440,8,True,False,queried,False,False,False,False,False
APP04507,CUST0086,SYNTHETIC,2026-06-20,SES01336,km,345,21,True,True,viewed,False,False,False,False,False
APP04508,CUST0487,SYNTHETIC,2026-08-11,SES01326,assistant,367,20,False,False,queried,False,False,False,False,False
APP04509,CUST0196,SYNTHETIC,2026-06-21,SES01531,assistant,363,5,False,False,opened,False,False,False,False,False
APP04510,CUST0005,SYNTHETIC,2026-07-07,SES01707,km,319,8,True,False,viewed,False,False,False,False,False
APP04511,CUST0186,SYNTHETIC,2026-06-07,SES02122,notifications,269,21,True,False,dismissed,False,False,False,False,False
APP04512,CUST0440,SYNTHETIC,2026-07-09,SES00316,assistant,307,4,False,False,queried,False,False,False,False,False
APP04513,CUST0235,SYNTHETIC,2026-09-28,SES01254,mobility_planner,26,11,True,True,planned,False,False,False,False,False
APP04514,CUST0039,SYNTHETIC,2026-07-29,SES00327,assistant,418,5,False,False,queried,False,False,False,False,False
APP04515,CUST0284,SYNTHETIC,2026-08-27,SES01976,fines,92,3,True,False,viewed,False,False,False,False,False
APP04516,CUST0235,SYNTHETIC,2026-09-27,SES01383,home,214,2,True,True,viewed,False,False,False,False,False
APP04517,CUST0447,SYNTHETIC,2026-09-24,SES00960,fines,388,7,True,False,viewed,False,False,False,False,False
APP04518,CUST0392,SYNTHETIC,2026-09-08,SES00414,home,480,22,True,True,viewed,False,False,False,False,False
APP04519,CUST0418,SYNTHETIC,2026-08-19,SES01215,maintenance,375,12,True,False,viewed,False,False,False,False,False
APP04520,CUST0476,SYNTHETIC,2026-08-16,SES01471,km,259,3,True,False,viewed,False,False,False,False,False
APP04521,CUST0112,SYNTHETIC,2026-08-06,SES01426,benefits,207,13,False,False,viewed,False,False,True,False,False
APP04522,CUST0431,SYNTHETIC,2026-06-07,SES01686,benefits,192,20,True,False,viewed,False,False,True,False,False
APP04523,CUST0157,SYNTHETIC,2026-09-02,SES02139,benefits,60,18,False,False,viewed,False,False,True,False,False
APP04524,CUST0155,SYNTHETIC,2026-06-29,SES02153,benefits,412,10,True,True,redeemed,False,False,True,True,False
APP04525,CUST0411,SYNTHETIC,2026-08-14,SES01592,km,80,2,True,True,viewed,False,False,False,False,False
APP04526,CUST0242,SYNTHETIC,2026-07-01,SES01163,assistant,102,8,False,False,opened,False,False,False,False,False
APP04527,CUST0003,SYNTHETIC,2026-08-05,SES00630,documents,297,3,True,True,viewed,False,False,False,False,False
APP04528,CUST0145,SYNTHETIC,2026-09-20,SES00491,profile,324,18,False,False,viewed,False,False,False,False,False
APP04529,CUST0237,SYNTHETIC,2026-09-08,SES02003,home,55,1,False,False,viewed,False,False,False,False,False
APP04530,CUST0096,SYNTHETIC,2026-07-06,SES00170,km,53,10,False,False,viewed,False,False,False,False,False
APP04531,CUST0265,SYNTHETIC,2026-09-20,SES01518,assistant,237,4,False,False,opened,False,False,False,False,False
APP04532,CUST0381,SYNTHETIC,2026-08-25,SES01962,finance,464,9,False,False,viewed,False,False,False,False,False
APP04533,CUST0106,SYNTHETIC,2026-07-17,SES00253,assistant,74,5,True,True,opened,False,False,False,False,False
APP04534,CUST0224,SYNTHETIC,2026-07-24,SES01399,fines,67,4,False,False,viewed,False,False,False,False,False
APP04535,CUST0195,SYNTHETIC,2026-06-07,SES00615,benefits,376,3,True,True,viewed,False,False,True,False,False
APP04536,CUST0100,SYNTHETIC,2026-09-16,SES00516,contract,192,8,False,False,viewed,False,False,False,False,False
APP04537,CUST0345,SYNTHETIC,2026-09-07,SES01486,fines,412,21,True,False,viewed,False,False,False,False,False
APP04538,CUST0308,SYNTHETIC,2026-06-10,SES00656,benefits,348,18,False,False,redeemed,False,False,True,True,False
APP04539,CUST0380,SYNTHETIC,2026-08-30,SES01184,km,52,18,False,False,viewed,False,False,False,False,False
APP04540,CUST0161,SYNTHETIC,2026-06-17,SES01032,maintenance,399,17,False,False,viewed,False,False,False,False,False
APP04541,CUST0373,SYNTHETIC,2026-06-25,SES01713,maintenance,111,2,False,False,viewed,False,False,False,False,False
APP04542,CUST0180,SYNTHETIC,2026-07-02,SES01994,finance,161,3,True,False,viewed,False,False,False,False,False
APP04543,CUST0139,SYNTHETIC,2026-08-24,SES01416,fines,37,11,False,False,viewed,False,False,False,False,False
APP04544,CUST0368,SYNTHETIC,2026-07-11,SES00711,km,470,8,False,False,viewed,False,False,False,False,False
APP04545,CUST0290,SYNTHETIC,2026-07-10,SES00037,km,233,20,False,False,viewed,False,False,False,False,False
APP04546,CUST0384,SYNTHETIC,2026-09-20,SES00149,fines,220,2,False,False,viewed,False,False,False,False,False
APP04547,CUST0366,SYNTHETIC,2026-08-08,SES02067,documents,367,22,False,False,viewed,False,False,False,False,False
APP04548,CUST0466,SYNTHETIC,2026-07-15,SES01875,documents,170,15,False,False,viewed,False,False,False,False,False
APP04549,CUST0070,SYNTHETIC,2026-07-24,SES01351,notifications,96,19,False,False,dismissed,False,False,False,False,False
APP04550,CUST0034,SYNTHETIC,2026-08-14,SES00317,home,335,3,False,False,viewed,False,False,False,False,False
APP04551,CUST0471,SYNTHETIC,2026-07-24,SES00755,benefits,144,18,False,False,redeemed,False,False,True,True,False
APP04552,CUST0334,SYNTHETIC,2026-08-15,SES01482,maintenance,33,18,True,True,viewed,False,False,False,False,False
APP04553,CUST0363,SYNTHETIC,2026-08-22,SES02176,documents,248,4,False,False,viewed,False,False,False,False,False
APP04554,CUST0353,SYNTHETIC,2026-06-26,SES01927,mobility_planner,232,15,False,False,viewed,False,False,False,False,False
APP04555,CUST0456,SYNTHETIC,2026-09-20,SES01972,home,242,5,True,False,viewed,False,False,False,False,False
APP04556,CUST0005,SYNTHETIC,2026-09-13,SES00143,support,404,21,False,False,opened,False,False,False,False,False
APP04557,CUST0031,SYNTHETIC,2026-06-21,SES00243,profile,433,5,True,False,viewed,False,False,False,False,False
APP04558,CUST0274,SYNTHETIC,2026-08-04,SES02164,fines,39,8,False,False,viewed,False,False,False,False,False
APP04559,CUST0107,SYNTHETIC,2026-07-14,SES00081,fines,262,17,True,False,viewed,False,False,False,False,False
APP04560,CUST0309,SYNTHETIC,2026-07-14,SES01604,mobility_planner,317,15,False,False,planned,False,False,False,False,False
APP04561,CUST0097,SYNTHETIC,2026-09-07,SES01610,documents,317,15,True,True,viewed,False,False,False,False,False
APP04562,CUST0108,SYNTHETIC,2026-09-05,SES01655,finance,56,12,True,False,viewed,False,False,False,False,False
APP04563,CUST0387,SYNTHETIC,2026-07-16,SES01027,documents,380,13,True,True,viewed,False,False,False,False,False
APP04564,CUST0193,SYNTHETIC,2026-08-09,SES01479,benefits,190,4,False,False,redeemed,False,False,True,True,False
APP04565,CUST0397,SYNTHETIC,2026-10-01,SES00638,home,422,6,False,False,viewed,False,False,False,False,False
APP04566,CUST0396,SYNTHETIC,2026-06-07,SES00099,maintenance,353,11,False,False,viewed,False,False,False,False,False
APP04567,CUST0401,SYNTHETIC,2026-06-08,SES02166,fines,213,11,False,False,viewed,False,False,False,False,False
APP04568,CUST0013,SYNTHETIC,2026-08-25,SES00719,finance,370,19,False,False,paid,False,True,False,False,False
APP04569,CUST0329,SYNTHETIC,2026-09-12,SES01871,benefits,34,13,True,True,redeemed,False,False,True,True,False
APP04570,CUST0368,SYNTHETIC,2026-08-16,SES01557,support,286,12,True,True,contacted,False,False,False,False,True
APP04571,CUST0307,SYNTHETIC,2026-07-27,SES01029,maintenance,163,5,False,False,scheduled,True,False,False,False,False
APP04572,CUST0279,SYNTHETIC,2026-07-24,SES00085,contract,303,12,True,False,viewed,False,False,False,False,False
APP04573,CUST0247,SYNTHETIC,2026-07-21,SES00374,maintenance,147,20,True,True,viewed,False,False,False,False,False
APP04574,CUST0453,SYNTHETIC,2026-08-10,SES00374,fines,358,8,True,True,viewed,False,False,False,False,False
APP04575,CUST0113,SYNTHETIC,2026-07-24,SES02006,profile,187,7,False,False,viewed,False,False,False,False,False
APP04576,CUST0443,SYNTHETIC,2026-09-26,SES00815,finance,116,18,True,True,paid,False,True,False,False,False
APP04577,CUST0019,SYNTHETIC,2026-08-11,SES00066,km,307,12,True,False,viewed,False,False,False,False,False
APP04578,CUST0070,SYNTHETIC,2026-07-17,SES00507,km,252,2,True,False,viewed,False,False,False,False,False
APP04579,CUST0283,SYNTHETIC,2026-07-04,SES00089,notifications,329,16,False,False,dismissed,False,False,False,False,False
APP04580,CUST0200,SYNTHETIC,2026-06-30,SES01783,finance,83,11,True,False,viewed,False,False,False,False,False
APP04581,CUST0350,SYNTHETIC,2026-07-05,SES01592,km,377,1,False,False,viewed,False,False,False,False,False
APP04582,CUST0220,SYNTHETIC,2026-06-11,SES00712,documents,95,15,False,False,viewed,False,False,False,False,False
APP04583,CUST0112,SYNTHETIC,2026-07-24,SES00537,maintenance,472,9,True,True,scheduled,True,False,False,False,False
APP04584,CUST0091,SYNTHETIC,2026-09-10,SES01793,home,303,1,True,True,viewed,False,False,False,False,False
APP04585,CUST0009,SYNTHETIC,2026-08-25,SES00234,notifications,115,9,False,False,opened,False,False,False,False,False
APP04586,CUST0327,SYNTHETIC,2026-09-08,SES01561,support,354,17,False,False,contacted,False,False,False,False,True
APP04587,CUST0240,SYNTHETIC,2026-09-26,SES01071,finance,436,10,False,False,paid,False,True,False,False,False
APP04588,CUST0132,SYNTHETIC,2026-06-17,SES00872,contract,337,16,False,False,viewed,False,False,False,False,False
APP04589,CUST0128,SYNTHETIC,2026-07-21,SES00685,benefits,31,4,False,False,viewed,False,False,True,False,False
APP04590,CUST0146,SYNTHETIC,2026-07-04,SES01240,fines,112,6,False,False,viewed,False,False,False,False,False
APP04591,CUST0293,SYNTHETIC,2026-07-12,SES01715,contract,18,17,True,True,viewed,False,False,False,False,False
APP04592,CUST0377,SYNTHETIC,2026-06-18,SES00023,finance,328,21,True,True,viewed,False,False,False,False,False
APP04593,CUST0164,SYNTHETIC,2026-07-26,SES01082,benefits,137,5,True,False,viewed,False,False,True,False,False
APP04594,CUST0434,SYNTHETIC,2026-09-10,SES00662,maintenance,320,4,True,False,viewed,False,False,False,False,False
APP04595,CUST0453,SYNTHETIC,2026-09-04,SES00064,mobility_planner,432,22,True,True,viewed,False,False,False,False,False
APP04596,CUST0373,SYNTHETIC,2026-08-09,SES00910,km,368,18,False,False,viewed,False,False,False,False,False
APP04597,CUST0365,SYNTHETIC,2026-09-02,SES01917,home,334,21,False,False,viewed,False,False,False,False,False
APP04598,CUST0330,SYNTHETIC,2026-06-30,SES00153,profile,79,21,True,True,viewed,False,False,False,False,False
APP04599,CUST0305,SYNTHETIC,2026-08-05,SES01007,home,325,19,False,False,viewed,False,False,False,False,False
APP04600,CUST0133,SYNTHETIC,2026-07-13,SES01762,assistant,216,15,False,False,opened,False,False,False,False,False
APP04601,CUST0108,SYNTHETIC,2026-09-12,SES00987,finance,128,19,False,False,viewed,False,False,False,False,False
APP04602,CUST0279,SYNTHETIC,2026-07-23,SES02138,km,11,15,True,True,viewed,False,False,False,False,False
APP04603,CUST0153,SYNTHETIC,2026-07-04,SES00214,km,95,2,False,False,viewed,False,False,False,False,False
APP04604,CUST0293,SYNTHETIC,2026-08-28,SES00760,documents,419,17,True,False,viewed,False,False,False,False,False
APP04605,CUST0233,SYNTHETIC,2026-08-01,SES00087,maintenance,471,1,True,False,scheduled,True,False,False,False,False
APP04606,CUST0283,SYNTHETIC,2026-09-15,SES01999,maintenance,386,3,True,False,scheduled,True,False,False,False,False
APP04607,CUST0387,SYNTHETIC,2026-06-17,SES00229,documents,388,18,True,False,viewed,False,False,False,False,False
APP04608,CUST0328,SYNTHETIC,2026-08-07,SES00301,home,104,11,False,False,viewed,False,False,False,False,False
APP04609,CUST0426,SYNTHETIC,2026-06-03,SES01392,fines,309,9,False,False,viewed,False,False,False,False,False
APP04610,CUST0251,SYNTHETIC,2026-06-26,SES01724,notifications,64,10,False,False,dismissed,False,False,False,False,False
APP04611,CUST0166,SYNTHETIC,2026-06-27,SES00431,support,231,2,True,True,opened,False,False,False,False,False
APP04612,CUST0497,SYNTHETIC,2026-09-11,SES02117,mobility_planner,309,17,False,False,viewed,False,False,False,False,False
APP04613,CUST0404,SYNTHETIC,2026-09-02,SES00405,mobility_planner,113,13,False,False,viewed,False,False,False,False,False
APP04614,CUST0130,SYNTHETIC,2026-09-17,SES00015,support,195,2,False,False,contacted,False,False,False,False,True
APP04615,CUST0003,SYNTHETIC,2026-08-21,SES00637,assistant,245,8,False,False,opened,False,False,False,False,False
APP04616,CUST0036,SYNTHETIC,2026-09-25,SES00580,mobility_planner,444,3,False,False,planned,False,False,False,False,False
APP04617,CUST0430,SYNTHETIC,2026-06-17,SES00743,profile,254,3,False,False,viewed,False,False,False,False,False
APP04618,CUST0393,SYNTHETIC,2026-09-12,SES00423,maintenance,167,9,False,False,scheduled,True,False,False,False,False
APP04619,CUST0353,SYNTHETIC,2026-09-29,SES00122,maintenance,79,8,False,False,scheduled,True,False,False,False,False
APP04620,CUST0251,SYNTHETIC,2026-06-13,SES01694,fines,23,8,True,False,viewed,False,False,False,False,False
APP04621,CUST0429,SYNTHETIC,2026-07-30,SES01476,contract,400,17,True,True,viewed,False,False,False,False,False
APP04622,CUST0305,SYNTHETIC,2026-07-06,SES01759,km,198,21,False,False,viewed,False,False,False,False,False
APP04623,CUST0043,SYNTHETIC,2026-06-21,SES01099,benefits,122,9,False,False,redeemed,False,False,True,True,False
APP04624,CUST0370,SYNTHETIC,2026-06-17,SES01113,support,420,3,False,False,opened,False,False,False,False,False
APP04625,CUST0375,SYNTHETIC,2026-06-07,SES01715,fines,286,10,False,False,viewed,False,False,False,False,False
APP04626,CUST0150,SYNTHETIC,2026-08-31,SES01861,maintenance,97,12,False,False,viewed,False,False,False,False,False
APP04627,CUST0118,SYNTHETIC,2026-08-28,SES00096,maintenance,289,17,True,True,viewed,False,False,False,False,False
APP04628,CUST0155,SYNTHETIC,2026-08-29,SES01118,km,208,20,False,False,viewed,False,False,False,False,False
APP04629,CUST0072,SYNTHETIC,2026-07-13,SES01027,benefits,419,5,False,False,redeemed,False,False,True,True,False
APP04630,CUST0426,SYNTHETIC,2026-09-24,SES01047,contract,122,5,True,False,viewed,False,False,False,False,False
APP04631,CUST0362,SYNTHETIC,2026-08-30,SES00545,contract,106,10,False,False,viewed,False,False,False,False,False
APP04632,CUST0122,SYNTHETIC,2026-09-15,SES02089,fines,275,20,True,True,viewed,False,False,False,False,False
APP04633,CUST0150,SYNTHETIC,2026-07-15,SES00620,notifications,299,13,False,False,opened,False,False,False,False,False
APP04634,CUST0243,SYNTHETIC,2026-08-11,SES00546,profile,13,2,True,True,viewed,False,False,False,False,False
APP04635,CUST0148,SYNTHETIC,2026-06-23,SES01260,home,313,19,True,True,viewed,False,False,False,False,False
APP04636,CUST0213,SYNTHETIC,2026-06-16,SES01861,documents,441,16,True,True,viewed,False,False,False,False,False
APP04637,CUST0017,SYNTHETIC,2026-08-21,SES01798,finance,424,2,True,True,viewed,False,False,False,False,False
APP04638,CUST0403,SYNTHETIC,2026-09-20,SES01741,mobility_planner,454,13,False,False,viewed,False,False,False,False,False
APP04639,CUST0391,SYNTHETIC,2026-06-20,SES00299,km,467,3,False,False,viewed,False,False,False,False,False
APP04640,CUST0403,SYNTHETIC,2026-08-25,SES00919,benefits,462,5,True,True,viewed,False,False,True,False,False
APP04641,CUST0067,SYNTHETIC,2026-09-14,SES00965,fines,378,1,False,False,viewed,False,False,False,False,False
APP04642,CUST0404,SYNTHETIC,2026-07-28,SES00807,support,173,14,False,False,opened,False,False,False,False,False
APP04643,CUST0216,SYNTHETIC,2026-06-30,SES01954,notifications,264,7,False,False,dismissed,False,False,False,False,False
APP04644,CUST0212,SYNTHETIC,2026-08-19,SES00029,finance,310,3,False,False,viewed,False,False,False,False,False
APP04645,CUST0441,SYNTHETIC,2026-09-28,SES01617,contract,169,20,False,False,viewed,False,False,False,False,False
APP04646,CUST0336,SYNTHETIC,2026-07-02,SES01603,benefits,49,3,False,False,viewed,False,False,True,False,False
APP04647,CUST0226,SYNTHETIC,2026-08-21,SES00603,profile,435,4,False,False,viewed,False,False,False,False,False
APP04648,CUST0163,SYNTHETIC,2026-06-12,SES01744,support,237,13,True,True,contacted,False,False,False,False,True
APP04649,CUST0479,SYNTHETIC,2026-07-11,SES01051,assistant,46,21,False,False,opened,False,False,False,False,False
APP04650,CUST0036,SYNTHETIC,2026-09-12,SES00869,benefits,347,7,False,False,viewed,False,False,True,False,False
APP04651,CUST0131,SYNTHETIC,2026-06-12,SES00271,fines,167,8,False,False,viewed,False,False,False,False,False
APP04652,CUST0059,SYNTHETIC,2026-07-29,SES01439,km,461,4,True,True,viewed,False,False,False,False,False
APP04653,CUST0280,SYNTHETIC,2026-09-25,SES01529,home,405,16,False,False,viewed,False,False,False,False,False
APP04654,CUST0003,SYNTHETIC,2026-08-22,SES01015,maintenance,405,9,False,False,viewed,False,False,False,False,False
APP04655,CUST0476,SYNTHETIC,2026-07-10,SES00786,documents,183,6,False,False,viewed,False,False,False,False,False
APP04656,CUST0218,SYNTHETIC,2026-07-08,SES00448,km,345,19,False,False,viewed,False,False,False,False,False
APP04657,CUST0417,SYNTHETIC,2026-09-25,SES00320,mobility_planner,335,5,True,False,viewed,False,False,False,False,False
APP04658,CUST0397,SYNTHETIC,2026-07-31,SES01991,km,169,20,False,False,viewed,False,False,False,False,False
APP04659,CUST0289,SYNTHETIC,2026-08-31,SES00761,contract,343,2,False,False,viewed,False,False,False,False,False
APP04660,CUST0128,SYNTHETIC,2026-06-19,SES00471,home,83,11,False,False,viewed,False,False,False,False,False
APP04661,CUST0092,SYNTHETIC,2026-07-29,SES01545,notifications,191,15,True,True,opened,False,False,False,False,False
APP04662,CUST0485,SYNTHETIC,2026-06-21,SES00915,support,21,10,False,False,opened,False,False,False,False,False
APP04663,CUST0367,SYNTHETIC,2026-09-24,SES00937,notifications,465,10,True,False,dismissed,False,False,False,False,False
APP04664,CUST0074,SYNTHETIC,2026-09-23,SES01392,maintenance,401,12,False,False,viewed,False,False,False,False,False
APP04665,CUST0024,SYNTHETIC,2026-06-21,SES00489,maintenance,220,5,True,False,viewed,False,False,False,False,False
APP04666,CUST0004,SYNTHETIC,2026-06-13,SES00346,mobility_planner,341,15,False,False,planned,False,False,False,False,False
APP04667,CUST0420,SYNTHETIC,2026-08-29,SES00906,fines,136,15,False,False,viewed,False,False,False,False,False
APP04668,CUST0185,SYNTHETIC,2026-07-03,SES00445,benefits,50,16,False,False,viewed,False,False,True,False,False
APP04669,CUST0096,SYNTHETIC,2026-09-21,SES01567,finance,148,14,False,False,viewed,False,False,False,False,False
APP04670,CUST0176,SYNTHETIC,2026-07-07,SES00936,assistant,16,22,False,False,opened,False,False,False,False,False
APP04671,CUST0120,SYNTHETIC,2026-08-11,SES00698,notifications,276,4,False,False,opened,False,False,False,False,False
APP04672,CUST0138,SYNTHETIC,2026-07-29,SES01133,home,44,20,False,False,viewed,False,False,False,False,False
APP04673,CUST0218,SYNTHETIC,2026-09-27,SES02099,finance,104,18,False,False,viewed,False,False,False,False,False
APP04674,CUST0460,SYNTHETIC,2026-09-14,SES01862,fines,234,14,True,True,viewed,False,False,False,False,False
APP04675,CUST0114,SYNTHETIC,2026-07-08,SES01165,assistant,289,1,False,False,queried,False,False,False,False,False
APP04676,CUST0115,SYNTHETIC,2026-08-23,SES01957,maintenance,253,12,True,True,scheduled,True,False,False,False,False
APP04677,CUST0371,SYNTHETIC,2026-07-09,SES02018,maintenance,115,1,True,False,viewed,False,False,False,False,False
APP04678,CUST0104,SYNTHETIC,2026-08-24,SES00370,support,120,20,False,False,opened,False,False,False,False,False
APP04679,CUST0056,SYNTHETIC,2026-07-21,SES01361,km,394,2,False,False,viewed,False,False,False,False,False
APP04680,CUST0281,SYNTHETIC,2026-08-08,SES01204,support,44,22,False,False,opened,False,False,False,False,False
APP04681,CUST0102,SYNTHETIC,2026-09-04,SES01468,documents,45,15,True,False,viewed,False,False,False,False,False
APP04682,CUST0049,SYNTHETIC,2026-09-09,SES01798,finance,59,6,False,False,viewed,False,False,False,False,False
APP04683,CUST0452,SYNTHETIC,2026-06-18,SES01127,assistant,159,22,True,True,queried,False,False,False,False,False
APP04684,CUST0104,SYNTHETIC,2026-06-06,SES01017,finance,310,20,False,False,paid,False,True,False,False,False
APP04685,CUST0189,SYNTHETIC,2026-09-22,SES01382,mobility_planner,23,21,True,False,viewed,False,False,False,False,False
APP04686,CUST0066,SYNTHETIC,2026-07-13,SES00261,assistant,189,4,False,False,queried,False,False,False,False,False
APP04687,CUST0384,SYNTHETIC,2026-06-22,SES01578,contract,332,7,True,False,viewed,False,False,False,False,False
APP04688,CUST0393,SYNTHETIC,2026-08-25,SES00575,fines,357,14,True,False,viewed,False,False,False,False,False
APP04689,CUST0390,SYNTHETIC,2026-09-13,SES00912,maintenance,8,16,True,True,viewed,False,False,False,False,False
APP04690,CUST0443,SYNTHETIC,2026-09-06,SES01231,fines,248,11,False,False,viewed,False,False,False,False,False
APP04691,CUST0325,SYNTHETIC,2026-09-15,SES01840,mobility_planner,370,7,False,False,planned,False,False,False,False,False
APP04692,CUST0153,SYNTHETIC,2026-08-03,SES01487,fines,197,20,False,False,viewed,False,False,False,False,False
APP04693,CUST0474,SYNTHETIC,2026-07-09,SES00400,documents,318,12,False,False,viewed,False,False,False,False,False
APP04694,CUST0220,SYNTHETIC,2026-09-28,SES00497,mobility_planner,232,15,True,True,viewed,False,False,False,False,False
APP04695,CUST0432,SYNTHETIC,2026-07-12,SES02056,documents,334,18,True,False,viewed,False,False,False,False,False
APP04696,CUST0439,SYNTHETIC,2026-09-05,SES01504,finance,80,5,True,True,viewed,False,False,False,False,False
APP04697,CUST0249,SYNTHETIC,2026-06-14,SES00513,fines,471,10,True,False,viewed,False,False,False,False,False
APP04698,CUST0017,SYNTHETIC,2026-08-27,SES01093,mobility_planner,254,11,False,False,viewed,False,False,False,False,False
APP04699,CUST0153,SYNTHETIC,2026-09-22,SES01642,finance,58,16,False,False,viewed,False,False,False,False,False
APP04700,CUST0433,SYNTHETIC,2026-09-24,SES00239,benefits,213,2,True,False,redeemed,False,False,True,True,False
APP04701,CUST0487,SYNTHETIC,2026-08-26,SES00055,notifications,90,20,False,False,dismissed,False,False,False,False,False
APP04702,CUST0174,SYNTHETIC,2026-08-29,SES02190,assistant,290,16,True,False,queried,False,False,False,False,False
APP04703,CUST0260,SYNTHETIC,2026-09-24,SES01609,km,205,4,True,True,viewed,False,False,False,False,False
APP04704,CUST0065,SYNTHETIC,2026-07-22,SES00760,fines,155,11,True,True,viewed,False,False,False,False,False
APP04705,CUST0026,SYNTHETIC,2026-06-28,SES00960,documents,313,3,False,False,viewed,False,False,False,False,False
APP04706,CUST0134,SYNTHETIC,2026-08-02,SES00498,maintenance,422,22,False,False,scheduled,True,False,False,False,False
APP04707,CUST0123,SYNTHETIC,2026-07-26,SES01127,maintenance,387,11,True,False,viewed,False,False,False,False,False
APP04708,CUST0448,SYNTHETIC,2026-08-10,SES01324,home,49,14,False,False,viewed,False,False,False,False,False
APP04709,CUST0457,SYNTHETIC,2026-08-04,SES00112,notifications,41,6,False,False,dismissed,False,False,False,False,False
APP04710,CUST0258,SYNTHETIC,2026-08-12,SES01091,documents,380,3,False,False,viewed,False,False,False,False,False
APP04711,CUST0008,SYNTHETIC,2026-06-08,SES00144,benefits,212,20,True,True,viewed,False,False,True,False,False
APP04712,CUST0272,SYNTHETIC,2026-07-07,SES00446,fines,444,10,False,False,viewed,False,False,False,False,False
APP04713,CUST0223,SYNTHETIC,2026-09-05,SES01173,contract,401,15,False,False,viewed,False,False,False,False,False
APP04714,CUST0422,SYNTHETIC,2026-07-25,SES01451,home,60,16,False,False,viewed,False,False,False,False,False
APP04715,CUST0100,SYNTHETIC,2026-08-09,SES00898,km,354,1,True,False,viewed,False,False,False,False,False
APP04716,CUST0383,SYNTHETIC,2026-06-19,SES00725,contract,322,1,True,False,viewed,False,False,False,False,False
APP04717,CUST0424,SYNTHETIC,2026-07-22,SES00539,km,262,10,False,False,viewed,False,False,False,False,False
APP04718,CUST0048,SYNTHETIC,2026-09-06,SES01854,benefits,374,18,False,False,redeemed,False,False,True,True,False
APP04719,CUST0060,SYNTHETIC,2026-09-13,SES00260,maintenance,29,3,False,False,viewed,False,False,False,False,False
APP04720,CUST0329,SYNTHETIC,2026-07-08,SES00982,benefits,334,14,False,False,viewed,False,False,True,False,False
APP04721,CUST0229,SYNTHETIC,2026-08-20,SES00038,notifications,424,22,True,False,opened,False,False,False,False,False
APP04722,CUST0488,SYNTHETIC,2026-06-23,SES01549,profile,254,19,True,False,viewed,False,False,False,False,False
APP04723,CUST0368,SYNTHETIC,2026-07-03,SES01448,home,238,16,True,True,viewed,False,False,False,False,False
APP04724,CUST0023,SYNTHETIC,2026-07-10,SES01832,km,107,4,False,False,viewed,False,False,False,False,False
APP04725,CUST0366,SYNTHETIC,2026-07-02,SES01028,assistant,376,5,False,False,queried,False,False,False,False,False
APP04726,CUST0029,SYNTHETIC,2026-08-21,SES00462,support,213,8,False,False,opened,False,False,False,False,False
APP04727,CUST0366,SYNTHETIC,2026-09-07,SES02151,support,322,13,False,False,opened,False,False,False,False,False
APP04728,CUST0142,SYNTHETIC,2026-07-05,SES00946,benefits,382,21,True,False,redeemed,False,False,True,True,False
APP04729,CUST0348,SYNTHETIC,2026-07-16,SES00097,support,117,21,False,False,opened,False,False,False,False,False
APP04730,CUST0443,SYNTHETIC,2026-08-08,SES00010,km,301,13,True,False,viewed,False,False,False,False,False
APP04731,CUST0498,SYNTHETIC,2026-06-08,SES01401,fines,227,15,True,True,viewed,False,False,False,False,False
APP04732,CUST0467,SYNTHETIC,2026-07-03,SES00281,home,473,19,False,False,viewed,False,False,False,False,False
APP04733,CUST0214,SYNTHETIC,2026-09-08,SES01610,notifications,441,12,True,False,dismissed,False,False,False,False,False
APP04734,CUST0219,SYNTHETIC,2026-06-03,SES00770,support,241,14,True,True,opened,False,False,False,False,False
APP04735,CUST0413,SYNTHETIC,2026-07-06,SES01195,mobility_planner,206,6,False,False,planned,False,False,False,False,False
APP04736,CUST0360,SYNTHETIC,2026-06-13,SES01507,mobility_planner,292,8,True,True,viewed,False,False,False,False,False
APP04737,CUST0210,SYNTHETIC,2026-09-11,SES00713,profile,11,15,False,False,viewed,False,False,False,False,False
APP04738,CUST0096,SYNTHETIC,2026-08-16,SES02020,km,240,10,False,False,viewed,False,False,False,False,False
APP04739,CUST0077,SYNTHETIC,2026-09-30,SES01377,fines,81,9,False,False,viewed,False,False,False,False,False
APP04740,CUST0270,SYNTHETIC,2026-08-22,SES00014,finance,129,13,True,False,viewed,False,False,False,False,False
APP04741,CUST0391,SYNTHETIC,2026-07-27,SES00567,contract,359,11,False,False,viewed,False,False,False,False,False
APP04742,CUST0325,SYNTHETIC,2026-09-15,SES01105,finance,151,21,False,False,viewed,False,False,False,False,False
APP04743,CUST0145,SYNTHETIC,2026-09-08,SES01510,fines,451,15,False,False,viewed,False,False,False,False,False
APP04744,CUST0345,SYNTHETIC,2026-09-19,SES02134,documents,385,20,False,False,viewed,False,False,False,False,False
APP04745,CUST0056,SYNTHETIC,2026-08-07,SES00293,benefits,212,9,False,False,viewed,False,False,True,False,False
APP04746,CUST0041,SYNTHETIC,2026-07-08,SES00866,home,9,2,False,False,viewed,False,False,False,False,False
APP04747,CUST0126,SYNTHETIC,2026-08-30,SES00501,profile,272,21,False,False,viewed,False,False,False,False,False
APP04748,CUST0151,SYNTHETIC,2026-07-24,SES01174,km,286,10,True,False,viewed,False,False,False,False,False
APP04749,CUST0386,SYNTHETIC,2026-09-18,SES01105,support,235,13,False,False,contacted,False,False,False,False,True
APP04750,CUST0390,SYNTHETIC,2026-09-25,SES01085,notifications,287,16,False,False,dismissed,False,False,False,False,False
APP04751,CUST0439,SYNTHETIC,2026-06-05,SES02020,home,410,5,True,False,viewed,False,False,False,False,False
APP04752,CUST0255,SYNTHETIC,2026-08-24,SES00225,profile,311,1,True,True,viewed,False,False,False,False,False
APP04753,CUST0495,SYNTHETIC,2026-09-25,SES01932,notifications,299,6,True,False,dismissed,False,False,False,False,False
APP04754,CUST0490,SYNTHETIC,2026-08-11,SES01594,assistant,453,22,False,False,queried,False,False,False,False,False
APP04755,CUST0355,SYNTHETIC,2026-07-09,SES00807,finance,474,7,True,True,viewed,False,False,False,False,False
APP04756,CUST0369,SYNTHETIC,2026-06-08,SES00910,notifications,388,12,False,False,dismissed,False,False,False,False,False
APP04757,CUST0075,SYNTHETIC,2026-08-28,SES01451,finance,263,12,False,False,paid,False,True,False,False,False
APP04758,CUST0395,SYNTHETIC,2026-07-26,SES01864,mobility_planner,435,17,False,False,planned,False,False,False,False,False
APP04759,CUST0145,SYNTHETIC,2026-06-05,SES01537,finance,272,5,False,False,viewed,False,False,False,False,False
APP04760,CUST0348,SYNTHETIC,2026-07-30,SES01681,profile,253,13,False,False,viewed,False,False,False,False,False
APP04761,CUST0276,SYNTHETIC,2026-08-17,SES00598,notifications,243,15,True,True,opened,False,False,False,False,False
APP04762,CUST0113,SYNTHETIC,2026-08-15,SES00383,documents,148,5,True,True,viewed,False,False,False,False,False
APP04763,CUST0156,SYNTHETIC,2026-09-17,SES00926,support,342,16,False,False,contacted,False,False,False,False,True
APP04764,CUST0143,SYNTHETIC,2026-06-28,SES01948,notifications,184,14,False,False,opened,False,False,False,False,False
APP04765,CUST0193,SYNTHETIC,2026-10-01,SES00375,contract,116,19,False,False,viewed,False,False,False,False,False
APP04766,CUST0408,SYNTHETIC,2026-08-20,SES02009,notifications,201,7,False,False,dismissed,False,False,False,False,False
APP04767,CUST0369,SYNTHETIC,2026-06-29,SES00011,contract,42,1,True,True,viewed,False,False,False,False,False
APP04768,CUST0470,SYNTHETIC,2026-06-26,SES00427,mobility_planner,153,9,False,False,planned,False,False,False,False,False
APP04769,CUST0360,SYNTHETIC,2026-06-11,SES01004,notifications,285,8,True,False,dismissed,False,False,False,False,False
APP04770,CUST0031,SYNTHETIC,2026-08-09,SES00608,assistant,362,11,True,False,queried,False,False,False,False,False
APP04771,CUST0216,SYNTHETIC,2026-08-23,SES01551,profile,241,4,False,False,viewed,False,False,False,False,False
APP04772,CUST0387,SYNTHETIC,2026-09-28,SES01654,support,183,2,False,False,contacted,False,False,False,False,True
APP04773,CUST0033,SYNTHETIC,2026-09-15,SES02179,contract,181,19,True,True,viewed,False,False,False,False,False
APP04774,CUST0229,SYNTHETIC,2026-07-07,SES01721,finance,411,12,False,False,paid,False,True,False,False,False
APP04775,CUST0175,SYNTHETIC,2026-06-29,SES01464,assistant,359,20,True,False,opened,False,False,False,False,False
APP04776,CUST0480,SYNTHETIC,2026-07-29,SES01835,maintenance,330,2,True,True,scheduled,True,False,False,False,False
APP04777,CUST0486,SYNTHETIC,2026-08-29,SES00692,documents,68,13,False,False,viewed,False,False,False,False,False
APP04778,CUST0100,SYNTHETIC,2026-08-15,SES01159,mobility_planner,238,22,False,False,planned,False,False,False,False,False
APP04779,CUST0385,SYNTHETIC,2026-07-29,SES01121,support,347,4,False,False,opened,False,False,False,False,False
APP04780,CUST0283,SYNTHETIC,2026-06-19,SES00433,mobility_planner,396,11,True,True,planned,False,False,False,False,False
APP04781,CUST0130,SYNTHETIC,2026-06-03,SES01089,support,27,7,False,False,contacted,False,False,False,False,True
APP04782,CUST0341,SYNTHETIC,2026-07-25,SES01237,maintenance,460,6,False,False,viewed,False,False,False,False,False
APP04783,CUST0010,SYNTHETIC,2026-08-31,SES00846,mobility_planner,447,11,False,False,planned,False,False,False,False,False
APP04784,CUST0443,SYNTHETIC,2026-06-07,SES00081,documents,168,9,True,False,viewed,False,False,False,False,False
APP04785,CUST0456,SYNTHETIC,2026-07-31,SES01434,finance,362,20,False,False,viewed,False,False,False,False,False
APP04786,CUST0454,SYNTHETIC,2026-08-26,SES01636,maintenance,383,16,True,True,scheduled,True,False,False,False,False
APP04787,CUST0182,SYNTHETIC,2026-07-19,SES00481,assistant,361,1,False,False,opened,False,False,False,False,False
APP04788,CUST0394,SYNTHETIC,2026-07-29,SES00844,contract,167,7,False,False,viewed,False,False,False,False,False
APP04789,CUST0079,SYNTHETIC,2026-09-13,SES00782,maintenance,63,1,True,True,viewed,False,False,False,False,False
APP04790,CUST0480,SYNTHETIC,2026-09-13,SES00135,contract,338,19,False,False,viewed,False,False,False,False,False
APP04791,CUST0116,SYNTHETIC,2026-09-24,SES02166,profile,99,10,False,False,viewed,False,False,False,False,False
APP04792,CUST0050,SYNTHETIC,2026-06-16,SES01771,notifications,442,13,True,True,opened,False,False,False,False,False
APP04793,CUST0328,SYNTHETIC,2026-06-19,SES00321,finance,30,12,False,False,viewed,False,False,False,False,False
APP04794,CUST0148,SYNTHETIC,2026-07-15,SES00156,km,81,17,True,False,viewed,False,False,False,False,False
APP04795,CUST0143,SYNTHETIC,2026-06-12,SES01860,contract,25,14,False,False,viewed,False,False,False,False,False
APP04796,CUST0280,SYNTHETIC,2026-08-25,SES00542,maintenance,201,20,False,False,viewed,False,False,False,False,False
APP04797,CUST0294,SYNTHETIC,2026-08-08,SES01372,profile,317,18,True,False,viewed,False,False,False,False,False
APP04798,CUST0005,SYNTHETIC,2026-06-05,SES00061,notifications,351,12,False,False,dismissed,False,False,False,False,False
APP04799,CUST0203,SYNTHETIC,2026-08-23,SES00288,maintenance,427,14,False,False,viewed,False,False,False,False,False
APP04800,CUST0059,SYNTHETIC,2026-09-08,SES00368,maintenance,15,22,False,False,scheduled,True,False,False,False,False
APP04801,CUST0319,SYNTHETIC,2026-06-26,SES01186,contract,368,3,True,True,viewed,False,False,False,False,False
APP04802,CUST0102,SYNTHETIC,2026-06-15,SES01489,km,373,22,True,False,viewed,False,False,False,False,False
APP04803,CUST0110,SYNTHETIC,2026-08-22,SES00323,profile,382,11,False,False,viewed,False,False,False,False,False
APP04804,CUST0046,SYNTHETIC,2026-07-28,SES00159,km,426,12,True,False,viewed,False,False,False,False,False
APP04805,CUST0414,SYNTHETIC,2026-09-22,SES00399,km,352,17,False,False,viewed,False,False,False,False,False
APP04806,CUST0091,SYNTHETIC,2026-06-08,SES01538,km,305,19,True,True,viewed,False,False,False,False,False
APP04807,CUST0387,SYNTHETIC,2026-10-01,SES01603,profile,121,6,False,False,viewed,False,False,False,False,False
APP04808,CUST0157,SYNTHETIC,2026-07-16,SES00675,fines,83,3,True,True,viewed,False,False,False,False,False
APP04809,CUST0417,SYNTHETIC,2026-09-02,SES01222,fines,234,15,False,False,viewed,False,False,False,False,False
APP04810,CUST0104,SYNTHETIC,2026-08-16,SES01786,maintenance,201,12,True,True,viewed,False,False,False,False,False
APP04811,CUST0099,SYNTHETIC,2026-07-10,SES01147,home,475,5,True,False,viewed,False,False,False,False,False
APP04812,CUST0236,SYNTHETIC,2026-08-10,SES00446,finance,367,21,True,True,viewed,False,False,False,False,False
APP04813,CUST0407,SYNTHETIC,2026-08-21,SES00356,mobility_planner,72,8,False,False,planned,False,False,False,False,False
APP04814,CUST0336,SYNTHETIC,2026-07-16,SES01514,benefits,436,9,True,True,viewed,False,False,True,False,False
APP04815,CUST0246,SYNTHETIC,2026-09-03,SES01120,documents,220,13,False,False,viewed,False,False,False,False,False
APP04816,CUST0115,SYNTHETIC,2026-09-30,SES01910,fines,309,21,False,False,viewed,False,False,False,False,False
APP04817,CUST0318,SYNTHETIC,2026-08-29,SES01119,documents,10,19,False,False,viewed,False,False,False,False,False
APP04818,CUST0330,SYNTHETIC,2026-06-10,SES00553,documents,76,13,False,False,viewed,False,False,False,False,False
APP04819,CUST0329,SYNTHETIC,2026-06-23,SES00323,assistant,437,3,False,False,opened,False,False,False,False,False
APP04820,CUST0033,SYNTHETIC,2026-07-17,SES01852,finance,430,1,True,False,viewed,False,False,False,False,False
APP04821,CUST0097,SYNTHETIC,2026-06-19,SES01075,assistant,173,9,False,False,opened,False,False,False,False,False
APP04822,CUST0054,SYNTHETIC,2026-06-06,SES00751,home,78,13,False,False,viewed,False,False,False,False,False
APP04823,CUST0122,SYNTHETIC,2026-07-24,SES00092,maintenance,168,11,False,False,scheduled,True,False,False,False,False
APP04824,CUST0180,SYNTHETIC,2026-06-21,SES00392,profile,58,16,False,False,viewed,False,False,False,False,False
APP04825,CUST0423,SYNTHETIC,2026-09-20,SES00770,support,236,14,False,False,contacted,False,False,False,False,True
APP04826,CUST0195,SYNTHETIC,2026-08-05,SES00568,finance,390,16,False,False,viewed,False,False,False,False,False
APP04827,CUST0087,SYNTHETIC,2026-07-22,SES01355,benefits,161,12,True,False,viewed,False,False,True,False,False
APP04828,CUST0482,SYNTHETIC,2026-09-02,SES00626,support,418,19,False,False,opened,False,False,False,False,False
APP04829,CUST0194,SYNTHETIC,2026-08-16,SES00103,contract,150,19,False,False,viewed,False,False,False,False,False
APP04830,CUST0017,SYNTHETIC,2026-07-14,SES01595,contract,318,22,False,False,viewed,False,False,False,False,False
APP04831,CUST0465,SYNTHETIC,2026-08-21,SES00781,finance,172,13,False,False,viewed,False,False,False,False,False
APP04832,CUST0412,SYNTHETIC,2026-09-26,SES01186,km,419,11,False,False,viewed,False,False,False,False,False
APP04833,CUST0120,SYNTHETIC,2026-06-14,SES01162,finance,266,7,True,False,paid,False,True,False,False,False
APP04834,CUST0298,SYNTHETIC,2026-07-01,SES00874,finance,294,7,False,False,viewed,False,False,False,False,False
APP04835,CUST0167,SYNTHETIC,2026-06-18,SES01438,home,420,11,False,False,viewed,False,False,False,False,False
APP04836,CUST0184,SYNTHETIC,2026-09-07,SES00079,home,23,21,True,False,viewed,False,False,False,False,False
APP04837,CUST0487,SYNTHETIC,2026-07-18,SES01988,maintenance,227,18,True,False,scheduled,True,False,False,False,False
APP04838,CUST0178,SYNTHETIC,2026-08-12,SES01823,fines,390,9,True,False,viewed,False,False,False,False,False
APP04839,CUST0113,SYNTHETIC,2026-08-15,SES00482,home,21,8,False,False,viewed,False,False,False,False,False
APP04840,CUST0329,SYNTHETIC,2026-06-07,SES00898,mobility_planner,474,20,True,True,viewed,False,False,False,False,False
APP04841,CUST0373,SYNTHETIC,2026-06-20,SES01770,fines,414,17,True,True,viewed,False,False,False,False,False
APP04842,CUST0255,SYNTHETIC,2026-09-08,SES01063,finance,425,21,True,False,viewed,False,False,False,False,False
APP04843,CUST0434,SYNTHETIC,2026-08-01,SES00436,mobility_planner,442,3,True,False,viewed,False,False,False,False,False
APP04844,CUST0142,SYNTHETIC,2026-06-12,SES01513,mobility_planner,84,13,True,False,planned,False,False,False,False,False
APP04845,CUST0431,SYNTHETIC,2026-06-25,SES01267,documents,243,14,False,False,viewed,False,False,False,False,False
APP04846,CUST0411,SYNTHETIC,2026-08-06,SES01800,contract,426,12,False,False,viewed,False,False,False,False,False
APP04847,CUST0196,SYNTHETIC,2026-08-07,SES00568,support,284,19,False,False,opened,False,False,False,False,False
APP04848,CUST0023,SYNTHETIC,2026-07-08,SES01094,home,256,9,True,False,viewed,False,False,False,False,False
APP04849,CUST0489,SYNTHETIC,2026-09-24,SES01841,notifications,109,18,True,False,dismissed,False,False,False,False,False
APP04850,CUST0342,SYNTHETIC,2026-07-03,SES00809,home,257,15,True,False,viewed,False,False,False,False,False
APP04851,CUST0278,SYNTHETIC,2026-07-05,SES01167,documents,434,13,True,True,viewed,False,False,False,False,False
APP04852,CUST0448,SYNTHETIC,2026-08-15,SES00325,profile,381,13,True,True,viewed,False,False,False,False,False
APP04853,CUST0156,SYNTHETIC,2026-06-09,SES01749,assistant,332,22,False,False,queried,False,False,False,False,False
APP04854,CUST0021,SYNTHETIC,2026-09-30,SES01626,documents,455,10,False,False,viewed,False,False,False,False,False
APP04855,CUST0174,SYNTHETIC,2026-08-16,SES00454,fines,154,20,True,True,viewed,False,False,False,False,False
APP04856,CUST0454,SYNTHETIC,2026-06-23,SES01782,profile,414,22,True,True,viewed,False,False,False,False,False
APP04857,CUST0431,SYNTHETIC,2026-07-22,SES01798,benefits,76,13,False,False,redeemed,False,False,True,True,False
APP04858,CUST0276,SYNTHETIC,2026-06-09,SES01446,notifications,106,6,False,False,dismissed,False,False,False,False,False
APP04859,CUST0403,SYNTHETIC,2026-09-02,SES00631,assistant,261,3,False,False,opened,False,False,False,False,False
APP04860,CUST0124,SYNTHETIC,2026-08-09,SES01001,documents,109,17,False,False,viewed,False,False,False,False,False
APP04861,CUST0177,SYNTHETIC,2026-09-19,SES01096,benefits,204,7,False,False,viewed,False,False,True,False,False
APP04862,CUST0450,SYNTHETIC,2026-06-17,SES00174,support,165,20,False,False,opened,False,False,False,False,False
APP04863,CUST0163,SYNTHETIC,2026-07-11,SES00829,contract,282,22,False,False,viewed,False,False,False,False,False
APP04864,CUST0047,SYNTHETIC,2026-08-08,SES01329,km,401,19,True,True,viewed,False,False,False,False,False
APP04865,CUST0292,SYNTHETIC,2026-08-09,SES00365,finance,339,14,False,False,paid,False,True,False,False,False
APP04866,CUST0164,SYNTHETIC,2026-09-28,SES01127,profile,170,6,False,False,viewed,False,False,False,False,False
APP04867,CUST0073,SYNTHETIC,2026-07-10,SES02133,contract,58,12,False,False,viewed,False,False,False,False,False
APP04868,CUST0225,SYNTHETIC,2026-09-06,SES01145,documents,457,17,True,True,viewed,False,False,False,False,False
APP04869,CUST0025,SYNTHETIC,2026-06-14,SES01358,home,275,7,True,True,viewed,False,False,False,False,False
APP04870,CUST0272,SYNTHETIC,2026-06-15,SES00576,documents,138,16,False,False,viewed,False,False,False,False,False
APP04871,CUST0437,SYNTHETIC,2026-06-14,SES01232,maintenance,51,3,True,False,viewed,False,False,False,False,False
APP04872,CUST0238,SYNTHETIC,2026-07-24,SES00845,km,346,14,True,False,viewed,False,False,False,False,False
APP04873,CUST0476,SYNTHETIC,2026-10-01,SES02076,assistant,322,13,False,False,queried,False,False,False,False,False
APP04874,CUST0155,SYNTHETIC,2026-08-16,SES01481,notifications,137,7,False,False,opened,False,False,False,False,False
APP04875,CUST0360,SYNTHETIC,2026-06-24,SES01151,profile,40,2,False,False,viewed,False,False,False,False,False
APP04876,CUST0336,SYNTHETIC,2026-09-15,SES00821,mobility_planner,177,12,True,True,planned,False,False,False,False,False
APP04877,CUST0091,SYNTHETIC,2026-07-01,SES00659,notifications,474,3,False,False,dismissed,False,False,False,False,False
APP04878,CUST0385,SYNTHETIC,2026-07-28,SES01076,benefits,352,11,False,False,redeemed,False,False,True,True,False
APP04879,CUST0315,SYNTHETIC,2026-08-14,SES00826,benefits,240,14,False,False,viewed,False,False,True,False,False
APP04880,CUST0219,SYNTHETIC,2026-07-04,SES01959,maintenance,25,13,True,False,scheduled,True,False,False,False,False
APP04881,CUST0244,SYNTHETIC,2026-08-20,SES00979,maintenance,454,4,True,True,scheduled,True,False,False,False,False
APP04882,CUST0407,SYNTHETIC,2026-06-11,SES00980,maintenance,424,14,True,False,viewed,False,False,False,False,False
APP04883,CUST0127,SYNTHETIC,2026-07-28,SES00137,home,466,6,False,False,viewed,False,False,False,False,False
APP04884,CUST0308,SYNTHETIC,2026-06-10,SES00416,fines,105,1,False,False,viewed,False,False,False,False,False
APP04885,CUST0380,SYNTHETIC,2026-08-04,SES01302,support,110,22,True,True,opened,False,False,False,False,False
APP04886,CUST0046,SYNTHETIC,2026-09-04,SES02186,km,71,9,False,False,viewed,False,False,False,False,False
APP04887,CUST0461,SYNTHETIC,2026-09-14,SES00440,support,369,14,True,False,opened,False,False,False,False,False
APP04888,CUST0223,SYNTHETIC,2026-09-24,SES00099,home,23,6,False,False,viewed,False,False,False,False,False
APP04889,CUST0121,SYNTHETIC,2026-08-03,SES00830,support,282,22,False,False,contacted,False,False,False,False,True
APP04890,CUST0007,SYNTHETIC,2026-09-09,SES02149,maintenance,466,18,False,False,viewed,False,False,False,False,False
APP04891,CUST0407,SYNTHETIC,2026-07-16,SES00434,notifications,287,17,True,True,opened,False,False,False,False,False
APP04892,CUST0275,SYNTHETIC,2026-06-14,SES02191,fines,428,7,False,False,viewed,False,False,False,False,False
APP04893,CUST0225,SYNTHETIC,2026-07-27,SES00649,contract,35,22,True,False,viewed,False,False,False,False,False
APP04894,CUST0355,SYNTHETIC,2026-08-10,SES01578,km,77,21,True,False,viewed,False,False,False,False,False
APP04895,CUST0356,SYNTHETIC,2026-08-08,SES00345,profile,256,10,True,True,viewed,False,False,False,False,False
APP04896,CUST0384,SYNTHETIC,2026-07-28,SES00164,finance,369,17,False,False,paid,False,True,False,False,False
APP04897,CUST0034,SYNTHETIC,2026-08-09,SES00352,assistant,119,13,False,False,queried,False,False,False,False,False
APP04898,CUST0168,SYNTHETIC,2026-09-23,SES00330,km,459,13,False,False,viewed,False,False,False,False,False
APP04899,CUST0200,SYNTHETIC,2026-08-31,SES01927,assistant,432,14,True,False,opened,False,False,False,False,False
APP04900,CUST0154,SYNTHETIC,2026-08-26,SES01544,home,233,1,False,False,viewed,False,False,False,False,False
APP04901,CUST0088,SYNTHETIC,2026-09-16,SES01719,benefits,8,7,False,False,viewed,False,False,True,False,False
APP04902,CUST0035,SYNTHETIC,2026-08-30,SES01058,profile,297,13,False,False,viewed,False,False,False,False,False
APP04903,CUST0268,SYNTHETIC,2026-06-26,SES01417,benefits,440,2,False,False,redeemed,False,False,True,True,False
APP04904,CUST0024,SYNTHETIC,2026-09-05,SES00543,documents,203,21,True,False,viewed,False,False,False,False,False
APP04905,CUST0416,SYNTHETIC,2026-09-19,SES00938,contract,425,10,False,False,viewed,False,False,False,False,False
APP04906,CUST0105,SYNTHETIC,2026-09-30,SES00650,notifications,176,12,True,False,opened,False,False,False,False,False
APP04907,CUST0263,SYNTHETIC,2026-08-31,SES01659,support,105,17,False,False,opened,False,False,False,False,False
APP04908,CUST0109,SYNTHETIC,2026-06-09,SES01539,maintenance,363,16,True,False,scheduled,True,False,False,False,False
APP04909,CUST0111,SYNTHETIC,2026-08-09,SES00619,finance,108,9,True,True,paid,False,True,False,False,False
APP04910,CUST0132,SYNTHETIC,2026-07-26,SES01121,support,234,20,False,False,opened,False,False,False,False,False
APP04911,CUST0198,SYNTHETIC,2026-06-22,SES01028,km,385,5,True,False,viewed,False,False,False,False,False
APP04912,CUST0360,SYNTHETIC,2026-08-06,SES02200,home,276,17,False,False,viewed,False,False,False,False,False
APP04913,CUST0078,SYNTHETIC,2026-07-01,SES02107,notifications,156,17,False,False,dismissed,False,False,False,False,False
APP04914,CUST0282,SYNTHETIC,2026-07-02,SES01022,assistant,429,3,False,False,queried,False,False,False,False,False
APP04915,CUST0398,SYNTHETIC,2026-08-08,SES01289,contract,249,15,False,False,viewed,False,False,False,False,False
APP04916,CUST0323,SYNTHETIC,2026-07-25,SES01097,support,280,20,True,False,opened,False,False,False,False,False
APP04917,CUST0431,SYNTHETIC,2026-07-09,SES01933,fines,351,2,False,False,viewed,False,False,False,False,False
APP04918,CUST0134,SYNTHETIC,2026-09-15,SES01214,support,166,22,False,False,opened,False,False,False,False,False
APP04919,CUST0280,SYNTHETIC,2026-06-10,SES01094,finance,184,6,False,False,paid,False,True,False,False,False
APP04920,CUST0044,SYNTHETIC,2026-07-09,SES01419,km,270,1,True,False,viewed,False,False,False,False,False
APP04921,CUST0123,SYNTHETIC,2026-09-13,SES00174,km,88,1,False,False,viewed,False,False,False,False,False
APP04922,CUST0230,SYNTHETIC,2026-09-15,SES02095,fines,40,12,True,False,viewed,False,False,False,False,False
APP04923,CUST0356,SYNTHETIC,2026-06-19,SES00802,profile,468,11,False,False,viewed,False,False,False,False,False
APP04924,CUST0114,SYNTHETIC,2026-09-11,SES01419,documents,165,19,False,False,viewed,False,False,False,False,False
APP04925,CUST0311,SYNTHETIC,2026-08-13,SES01640,mobility_planner,337,3,True,False,planned,False,False,False,False,False
APP04926,CUST0467,SYNTHETIC,2026-08-04,SES00790,home,218,6,False,False,viewed,False,False,False,False,False
APP04927,CUST0308,SYNTHETIC,2026-06-03,SES01175,profile,58,21,False,False,viewed,False,False,False,False,False
APP04928,CUST0398,SYNTHETIC,2026-08-30,SES00189,fines,158,12,True,True,viewed,False,False,False,False,False
APP04929,CUST0224,SYNTHETIC,2026-08-14,SES02082,maintenance,136,19,True,True,viewed,False,False,False,False,False
APP04930,CUST0163,SYNTHETIC,2026-06-29,SES00565,km,476,9,True,True,viewed,False,False,False,False,False
APP04931,CUST0297,SYNTHETIC,2026-08-11,SES00225,support,333,7,True,False,contacted,False,False,False,False,True
APP04932,CUST0310,SYNTHETIC,2026-07-24,SES02123,notifications,473,5,False,False,opened,False,False,False,False,False
APP04933,CUST0401,SYNTHETIC,2026-08-15,SES00032,mobility_planner,273,6,False,False,viewed,False,False,False,False,False
APP04934,CUST0303,SYNTHETIC,2026-09-05,SES01964,km,45,9,False,False,viewed,False,False,False,False,False
APP04935,CUST0394,SYNTHETIC,2026-08-16,SES01642,finance,12,10,True,False,viewed,False,False,False,False,False
APP04936,CUST0358,SYNTHETIC,2026-07-21,SES01572,notifications,185,5,False,False,opened,False,False,False,False,False
APP04937,CUST0257,SYNTHETIC,2026-07-27,SES01769,assistant,384,1,False,False,queried,False,False,False,False,False
APP04938,CUST0469,SYNTHETIC,2026-08-04,SES00878,support,225,21,False,False,contacted,False,False,False,False,True
APP04939,CUST0397,SYNTHETIC,2026-06-13,SES00906,home,384,1,False,False,viewed,False,False,False,False,False
APP04940,CUST0132,SYNTHETIC,2026-08-07,SES01618,fines,333,12,False,False,viewed,False,False,False,False,False
APP04941,CUST0100,SYNTHETIC,2026-07-18,SES00361,finance,91,18,True,False,viewed,False,False,False,False,False
APP04942,CUST0190,SYNTHETIC,2026-09-26,SES00942,profile,294,4,False,False,viewed,False,False,False,False,False
APP04943,CUST0068,SYNTHETIC,2026-09-04,SES01014,km,318,13,True,True,viewed,False,False,False,False,False
APP04944,CUST0168,SYNTHETIC,2026-07-20,SES02187,km,9,9,False,False,viewed,False,False,False,False,False
APP04945,CUST0190,SYNTHETIC,2026-07-04,SES00562,km,145,3,True,True,viewed,False,False,False,False,False
APP04946,CUST0220,SYNTHETIC,2026-08-22,SES00108,support,196,12,False,False,opened,False,False,False,False,False
APP04947,CUST0380,SYNTHETIC,2026-07-01,SES01915,home,21,12,False,False,viewed,False,False,False,False,False
APP04948,CUST0310,SYNTHETIC,2026-06-08,SES00889,support,42,6,False,False,opened,False,False,False,False,False
APP04949,CUST0127,SYNTHETIC,2026-07-12,SES00194,km,12,8,False,False,viewed,False,False,False,False,False
APP04950,CUST0375,SYNTHETIC,2026-09-28,SES01599,notifications,150,21,True,True,opened,False,False,False,False,False
APP04951,CUST0117,SYNTHETIC,2026-08-07,SES01145,profile,257,11,True,False,viewed,False,False,False,False,False
APP04952,CUST0344,SYNTHETIC,2026-09-02,SES00868,fines,334,7,False,False,viewed,False,False,False,False,False
APP04953,CUST0383,SYNTHETIC,2026-06-06,SES00912,maintenance,59,18,False,False,scheduled,True,False,False,False,False
APP04954,CUST0163,SYNTHETIC,2026-09-27,SES01754,benefits,193,3,True,False,redeemed,False,False,True,True,False
APP04955,CUST0310,SYNTHETIC,2026-09-05,SES00830,maintenance,98,7,True,True,viewed,False,False,False,False,False
APP04956,CUST0274,SYNTHETIC,2026-06-09,SES00086,fines,408,22,False,False,viewed,False,False,False,False,False
APP04957,CUST0394,SYNTHETIC,2026-06-03,SES01695,notifications,273,1,False,False,opened,False,False,False,False,False
APP04958,CUST0276,SYNTHETIC,2026-08-13,SES01521,mobility_planner,314,15,False,False,viewed,False,False,False,False,False
APP04959,CUST0485,SYNTHETIC,2026-09-03,SES01290,maintenance,132,8,False,False,viewed,False,False,False,False,False
APP04960,CUST0285,SYNTHETIC,2026-07-26,SES01620,km,129,11,False,False,viewed,False,False,False,False,False
APP04961,CUST0466,SYNTHETIC,2026-09-25,SES01974,fines,117,3,False,False,viewed,False,False,False,False,False
APP04962,CUST0023,SYNTHETIC,2026-09-14,SES00931,support,12,7,False,False,contacted,False,False,False,False,True
APP04963,CUST0258,SYNTHETIC,2026-06-09,SES01144,finance,263,18,True,True,paid,False,True,False,False,False
APP04964,CUST0070,SYNTHETIC,2026-06-29,SES00631,home,14,21,False,False,viewed,False,False,False,False,False
APP04965,CUST0289,SYNTHETIC,2026-07-01,SES00960,benefits,264,15,True,False,redeemed,False,False,True,True,False
APP04966,CUST0189,SYNTHETIC,2026-09-01,SES01915,assistant,191,4,False,False,opened,False,False,False,False,False
APP04967,CUST0357,SYNTHETIC,2026-08-11,SES01375,mobility_planner,229,9,True,True,planned,False,False,False,False,False
APP04968,CUST0269,SYNTHETIC,2026-06-12,SES01693,notifications,409,1,True,False,dismissed,False,False,False,False,False
APP04969,CUST0198,SYNTHETIC,2026-08-13,SES00215,finance,22,10,False,False,viewed,False,False,False,False,False
APP04970,CUST0414,SYNTHETIC,2026-07-06,SES00360,benefits,79,3,False,False,viewed,False,False,True,False,False
APP04971,CUST0471,SYNTHETIC,2026-07-27,SES01826,mobility_planner,157,20,False,False,planned,False,False,False,False,False
APP04972,CUST0391,SYNTHETIC,2026-07-14,SES02026,mobility_planner,159,21,False,False,planned,False,False,False,False,False
APP04973,CUST0391,SYNTHETIC,2026-10-01,SES00100,mobility_planner,122,8,True,True,viewed,False,False,False,False,False
APP04974,CUST0164,SYNTHETIC,2026-09-21,SES00668,assistant,405,22,False,False,opened,False,False,False,False,False
APP04975,CUST0153,SYNTHETIC,2026-10-01,SES01285,mobility_planner,130,7,False,False,planned,False,False,False,False,False
APP04976,CUST0302,SYNTHETIC,2026-09-11,SES01504,contract,161,10,False,False,viewed,False,False,False,False,False
APP04977,CUST0268,SYNTHETIC,2026-08-25,SES01611,fines,476,4,True,True,viewed,False,False,False,False,False
APP04978,CUST0278,SYNTHETIC,2026-07-30,SES01346,profile,40,11,False,False,viewed,False,False,False,False,False
APP04979,CUST0226,SYNTHETIC,2026-09-16,SES00329,home,119,4,False,False,viewed,False,False,False,False,False
APP04980,CUST0319,SYNTHETIC,2026-08-03,SES02158,notifications,394,15,True,True,opened,False,False,False,False,False
APP04981,CUST0429,SYNTHETIC,2026-09-16,SES00596,maintenance,447,8,True,False,viewed,False,False,False,False,False
APP04982,CUST0368,SYNTHETIC,2026-06-21,SES01809,fines,152,14,True,False,viewed,False,False,False,False,False
APP04983,CUST0400,SYNTHETIC,2026-07-31,SES01615,notifications,192,7,False,False,dismissed,False,False,False,False,False
APP04984,CUST0016,SYNTHETIC,2026-08-27,SES02056,documents,70,21,True,False,viewed,False,False,False,False,False
APP04985,CUST0492,SYNTHETIC,2026-09-24,SES01154,mobility_planner,60,1,False,False,planned,False,False,False,False,False
APP04986,CUST0292,SYNTHETIC,2026-07-17,SES00498,home,131,12,True,True,viewed,False,False,False,False,False
APP04987,CUST0054,SYNTHETIC,2026-08-16,SES01384,contract,39,9,True,True,viewed,False,False,False,False,False
APP04988,CUST0098,SYNTHETIC,2026-08-08,SES00468,notifications,262,6,True,True,dismissed,False,False,False,False,False
APP04989,CUST0252,SYNTHETIC,2026-09-13,SES01710,mobility_planner,26,20,True,False,viewed,False,False,False,False,False
APP04990,CUST0374,SYNTHETIC,2026-09-09,SES01432,benefits,167,5,True,True,redeemed,False,False,True,True,False
APP04991,CUST0186,SYNTHETIC,2026-08-04,SES01698,profile,295,15,True,True,viewed,False,False,False,False,False
APP04992,CUST0321,SYNTHETIC,2026-08-18,SES01931,documents,190,13,False,False,viewed,False,False,False,False,False
APP04993,CUST0223,SYNTHETIC,2026-08-10,SES02182,mobility_planner,451,3,False,False,planned,False,False,False,False,False
APP04994,CUST0396,SYNTHETIC,2026-09-04,SES00030,support,437,22,True,False,contacted,False,False,False,False,True
APP04995,CUST0188,SYNTHETIC,2026-07-26,SES00393,assistant,253,20,True,False,queried,False,False,False,False,False
APP04996,CUST0058,SYNTHETIC,2026-06-06,SES01704,assistant,339,1,True,True,opened,False,False,False,False,False
APP04997,CUST0140,SYNTHETIC,2026-09-13,SES01465,maintenance,57,22,False,False,scheduled,True,False,False,False,False
APP04998,CUST0152,SYNTHETIC,2026-06-09,SES01961,notifications,431,14,False,False,opened,False,False,False,False,False
APP04999,CUST0104,SYNTHETIC,2026-06-13,SES00618,mobility_planner,50,20,False,False,planned,False,False,False,False,False
APP05000,CUST0293,SYNTHETIC,2026-06-19,SES00044,support,145,3,True,False,contacted,False,False,False,False,True
