context_event_id,customer_id,vehicle_id,contract_id,data_origin,timestamp,hour,day_of_week,city,region,km_used_month,km_remaining,franchise_utilization_pct,maintenance_km_remaining,maintenance_soon,contract_days_to_renewal,contract_renewal_soon,benefit_available,long_trip_pattern,fuel_level_pct,battery_level_pct,low_energy,support_need_signal,usage_segment,context_priority
CTX0001,CUST0001,VEH0001,CONTR0001,SYNTHETIC,2026-08-19T08:37:00,19,Monday,Salvador,Nordeste,995,505,66.3,350,True,487,False,False,False,79.0,,False,False,normal,low
CTX0002,CUST0002,VEH0002,CONTR0002,SYNTHETIC,2026-09-19T19:14:00,20,Friday,Recife,Nordeste,563,237,70.4,700,False,0,True,True,False,74.0,,False,False,normal,low
CTX0003,CUST0003,VEH0003,CONTR0003,SYNTHETIC,2026-09-18T16:06:00,8,Thursday,Goiânia,Centro-Oeste,689,111,86.1,4000,False,515,False,True,False,53.0,,False,False,high,low
CTX0004,CUST0004,VEH0004,CONTR0004,SYNTHETIC,2026-09-02T09:59:00,18,Monday,Porto Alegre,Sul,1003,197,83.6,350,True,416,False,True,False,34.0,,False,False,high,medium
CTX0005,CUST0005,VEH0005,CONTR0005,SYNTHETIC,2026-08-20T13:49:00,15,Monday,Fortaleza,Nordeste,812,1188,40.6,1500,False,478,False,True,False,85.0,,False,False,low,low
CTX0006,CUST0006,VEH0006,CONTR0006,SYNTHETIC,2026-09-21T17:22:00,12,Saturday,Fortaleza,Nordeste,1678,0,111.9,350,True,317,False,False,False,65.0,,False,False,high,medium
CTX0007,CUST0007,VEH0007,CONTR0007,SYNTHETIC,2026-09-16T11:29:00,18,Wednesday,Rio de Janeiro,Sudeste,1180,20,98.3,2500,False,452,False,False,True,73.0,,False,False,high,medium
CTX0008,CUST0008,VEH0008,CONTR0008,SYNTHETIC,2026-09-11T18:17:00,8,Tuesday,Rio de Janeiro,Sudeste,1479,21,98.6,700,True,512,False,True,False,31.0,,False,False,high,medium
CTX0009,CUST0009,VEH0009,CONTR0009,SYNTHETIC,2026-09-22T14:08:00,13,Saturday,Florianópolis,Sul,5027,0,167.6,2500,False,404,False,False,False,44.0,,False,False,high,low
CTX0010,CUST0010,VEH0010,CONTR0010,SYNTHETIC,2026-09-23T22:31:00,8,Sunday,Brasília,Centro-Oeste,3151,0,105.0,4000,False,476,False,True,False,38.0,,False,False,high,low
CTX0011,CUST0011,VEH0011,CONTR0011,SYNTHETIC,2026-08-24T08:24:00,18,Friday,Florianópolis,Sul,815,185,81.5,1000,False,267,False,False,False,36.0,,False,False,high,low
CTX0012,CUST0012,VEH0012,CONTR0012,SYNTHETIC,2026-09-24T14:49:00,16,Monday,Porto Alegre,Sul,749,51,93.6,1500,True,49,True,True,False,51.0,,False,False,high,high
CTX0013,CUST0013,VEH0013,CONTR0013,SYNTHETIC,2026-09-15T22:48:00,11,Friday,Florianópolis,Sul,4459,0,148.6,1500,False,300,False,False,False,25.0,,True,True,high,high
CTX0014,CUST0014,VEH0014,CONTR0014,SYNTHETIC,2026-09-08T11:34:00,22,Monday,Belo Horizonte,Sudeste,1887,0,104.8,4000,False,63,True,True,False,63.0,,False,False,high,medium
CTX0015,CUST0015,VEH0015,CONTR0015,SYNTHETIC,2026-09-12T13:03:00,13,Friday,Campinas,Sudeste,2701,0,180.1,350,True,0,True,False,False,36.0,,False,False,high,high
CTX0016,CUST0016,VEH0016,CONTR0016,SYNTHETIC,2026-09-23T10:42:00,21,Friday,Brasília,Centro-Oeste,560,240,70.0,700,False,0,True,False,True,50.0,,False,False,normal,medium
CTX0017,CUST0017,VEH0017,CONTR0017,SYNTHETIC,2026-08-18T12:45:00,15,Thursday,Belo Horizonte,Sudeste,1182,0,118.2,350,True,66,True,False,True,92.0,,False,False,high,high
CTX0018,CUST0018,VEH0018,CONTR0018,SYNTHETIC,2026-09-30T13:37:00,13,Monday,Belo Horizonte,Sudeste,1122,78,93.5,350,True,466,False,True,False,50.0,,False,False,high,medium
CTX0019,CUST0019,VEH0019,CONTR0019,SYNTHETIC,2026-09-10T08:32:00,13,Wednesday,Florianópolis,Sul,3025,0,121.0,296,True,347,False,True,False,71.0,,False,True,high,high
CTX0020,CUST0020,VEH0020,CONTR0020,SYNTHETIC,2026-09-01T13:50:00,21,Sunday,Belo Horizonte,Sudeste,2168,332,86.7,350,True,196,False,False,False,91.0,,False,False,high,medium
CTX0021,CUST0021,VEH0021,CONTR0021,SYNTHETIC,2026-09-05T20:55:00,7,Saturday,Brasília,Centro-Oeste,929,71,92.9,1500,True,254,False,True,False,,42.0,False,False,high,medium
CTX0022,CUST0022,VEH0022,CONTR0022,SYNTHETIC,2026-09-16T12:12:00,20,Tuesday,Recife,Nordeste,1021,179,85.1,4000,False,256,False,False,False,70.0,,False,False,high,low
CTX0023,CUST0023,VEH0023,CONTR0023,SYNTHETIC,2026-09-03T09:03:00,6,Monday,Goiânia,Centro-Oeste,1973,527,78.9,1500,True,472,False,False,False,,69.0,False,False,high,medium
CTX0024,CUST0024,VEH0024,CONTR0024,SYNTHETIC,2026-09-28T11:24:00,6,Thursday,Belo Horizonte,Sudeste,2243,0,112.1,700,True,195,False,False,False,88.0,,False,False,high,medium
CTX0025,CUST0025,VEH0025,CONTR0025,SYNTHETIC,2026-08-27T21:09:00,12,Wednesday,Salvador,Nordeste,2415,0,120.8,4000,False,227,False,False,False,59.0,,False,False,high,low
CTX0026,CUST0026,VEH0026,CONTR0026,SYNTHETIC,2026-09-01T22:58:00,22,Tuesday,São Paulo,Sudeste,1153,347,76.9,1500,False,276,False,True,False,73.0,,False,False,high,low
CTX0027,CUST0027,VEH0027,CONTR0027,SYNTHETIC,2026-09-16T18:07:00,13,Friday,Campinas,Sudeste,1655,345,82.8,350,True,147,False,True,True,62.0,,False,True,normal,high
CTX0028,CUST0028,VEH0028,CONTR0028,SYNTHETIC,2026-09-11T14:13:00,16,Tuesday,Curitiba,Sul,2443,557,81.4,1500,False,62,False,False,False,84.0,,False,False,normal,low
CTX0029,CUST0029,VEH0029,CONTR0029,SYNTHETIC,2026-09-27T06:29:00,9,Monday,Recife,Nordeste,1835,1165,61.2,350,True,227,False,False,False,25.0,,True,False,normal,medium
CTX0030,CUST0030,VEH0030,CONTR0030,SYNTHETIC,2026-09-16T17:18:00,11,Thursday,Salvador,Nordeste,877,323,73.1,1500,False,172,False,False,False,89.0,,False,False,normal,low
CTX0031,CUST0031,VEH0031,CONTR0031,SYNTHETIC,2026-08-20T09:56:00,10,Wednesday,Brasília,Centro-Oeste,3253,0,162.7,700,True,50,True,True,True,22.0,,True,False,high,high
CTX0032,CUST0032,VEH0032,CONTR0032,SYNTHETIC,2026-09-10T12:43:00,14,Friday,Curitiba,Sul,1362,0,113.5,350,True,0,True,True,False,25.0,,True,False,high,high
CTX0033,CUST0033,VEH0033,CONTR0033,SYNTHETIC,2026-09-29T06:21:00,10,Saturday,Fortaleza,Nordeste,1537,263,85.4,2500,False,476,False,False,False,52.0,,False,False,high,low
CTX0034,CUST0034,VEH0034,CONTR0034,SYNTHETIC,2026-09-24T08:56:00,10,Friday,Salvador,Nordeste,2227,0,123.7,4000,False,235,False,False,False,62.0,,False,False,high,low
CTX0035,CUST0035,VEH0035,CONTR0035,SYNTHETIC,2026-09-29T17:13:00,13,Saturday,Florianópolis,Sul,2149,0,107.5,4000,False,140,False,True,False,41.0,,False,False,high,low
CTX0036,CUST0036,VEH0036,CONTR0036,SYNTHETIC,2026-09-16T11:51:00,11,Thursday,Rio de Janeiro,Sudeste,2042,0,136.1,350,True,280,False,False,False,25.0,,True,False,high,high
CTX0037,CUST0037,VEH0037,CONTR0037,SYNTHETIC,2026-09-16T14:10:00,9,Thursday,Belo Horizonte,Sudeste,1739,0,115.9,2500,False,140,False,False,False,62.0,,False,False,high,low
CTX0038,CUST0038,VEH0038,CONTR0038,SYNTHETIC,2026-09-12T13:14:00,6,Saturday,Recife,Nordeste,1487,13,99.1,284,True,66,True,False,False,40.0,,False,False,high,high
CTX0039,CUST0039,VEH0039,CONTR0039,SYNTHETIC,2026-09-14T17:41:00,22,Thursday,Belo Horizonte,Sudeste,884,116,88.4,350,True,0,True,False,False,36.0,,False,False,high,high
CTX0040,CUST0040,VEH0040,CONTR0040,SYNTHETIC,2026-09-15T07:06:00,19,Wednesday,Curitiba,Sul,982,1018,49.1,2500,False,19,True,False,False,69.0,,False,False,normal,low
CTX0041,CUST0041,VEH0041,CONTR0041,SYNTHETIC,2026-09-29T19:00:00,22,Sunday,Brasília,Centro-Oeste,2470,0,123.5,4000,False,223,False,True,False,46.0,,False,False,high,low
CTX0042,CUST0042,VEH0042,CONTR0042,SYNTHETIC,2026-08-23T16:42:00,9,Saturday,Rio de Janeiro,Sudeste,3642,0,121.4,2500,False,161,False,False,False,29.0,,False,False,high,low
CTX0043,CUST0043,VEH0043,CONTR0043,SYNTHETIC,2026-09-13T10:12:00,19,Saturday,Salvador,Nordeste,1676,324,83.8,1500,False,126,False,False,False,71.0,,False,False,normal,low
CTX0044,CUST0044,VEH0044,CONTR0044,SYNTHETIC,2026-10-01T15:18:00,12,Thursday,Goiânia,Centro-Oeste,748,52,93.5,2500,False,464,False,False,False,46.0,,False,False,high,low
CTX0045,CUST0045,VEH0045,CONTR0045,SYNTHETIC,2026-09-21T08:18:00,22,Saturday,Fortaleza,Nordeste,2460,40,98.4,1000,True,464,False,False,False,63.0,,False,False,high,medium
CTX0046,CUST0046,VEH0046,CONTR0046,SYNTHETIC,2026-09-22T06:02:00,13,Thursday,Belo Horizonte,Sudeste,1518,982,60.7,1500,False,28,True,False,True,17.0,,True,False,normal,high
CTX0047,CUST0047,VEH0047,CONTR0047,SYNTHETIC,2026-09-07T21:25:00,13,Tuesday,Florianópolis,Sul,1160,40,96.7,1500,False,141,True,False,False,94.0,,False,False,high,medium
CTX0048,CUST0048,VEH0048,CONTR0048,SYNTHETIC,2026-08-29T20:03:00,13,Sunday,Recife,Nordeste,2172,0,120.7,1500,False,391,False,False,False,,94.0,False,False,high,low
CTX0049,CUST0049,VEH0049,CONTR0049,SYNTHETIC,2026-08-24T16:48:00,20,Friday,Curitiba,Sul,651,1149,36.2,350,True,100,False,False,False,70.0,,False,False,low,low
CTX0050,CUST0050,VEH0050,CONTR0050,SYNTHETIC,2026-09-15T13:53:00,14,Sunday,Brasília,Centro-Oeste,1454,346,80.8,350,True,491,False,False,True,,75.0,False,False,normal,medium
CTX0051,CUST0051,VEH0051,CONTR0051,SYNTHETIC,2026-09-16T14:21:00,16,Friday,Campinas,Sudeste,1859,0,123.9,700,True,420,False,False,False,32.0,,False,False,high,medium
CTX0052,CUST0052,VEH0052,CONTR0052,SYNTHETIC,2026-09-18T08:26:00,19,Wednesday,Fortaleza,Nordeste,820,380,68.3,2500,False,0,True,True,False,22.0,,False,False,normal,low
CTX0053,CUST0053,VEH0053,CONTR0053,SYNTHETIC,2026-08-25T06:54:00,18,Thursday,Brasília,Centro-Oeste,1354,0,135.4,4000,False,0,True,True,False,71.0,,False,False,high,medium
CTX0054,CUST0054,VEH0054,CONTR0054,SYNTHETIC,2026-09-05T13:31:00,13,Wednesday,Rio de Janeiro,Sudeste,814,0,101.8,1000,False,116,True,False,False,94.0,,False,False,high,medium
CTX0055,CUST0055,VEH0055,CONTR0055,SYNTHETIC,2026-09-06T11:53:00,20,Tuesday,Salvador,Nordeste,1552,248,86.2,2500,False,299,False,False,False,50.0,,False,False,high,low
CTX0056,CUST0056,VEH0056,CONTR0056,SYNTHETIC,2026-09-02T11:03:00,14,Thursday,Porto Alegre,Sul,995,505,66.3,4000,False,510,False,True,True,79.0,,False,False,normal,low
CTX0057,CUST0057,VEH0057,CONTR0057,SYNTHETIC,2026-09-14T19:16:00,8,Thursday,Brasília,Centro-Oeste,1427,0,178.4,165,True,74,True,False,False,57.0,,False,False,high,high
CTX0058,CUST0058,VEH0058,CONTR0058,SYNTHETIC,2026-08-21T07:48:00,6,Tuesday,Campinas,Sudeste,2676,0,178.4,1500,False,188,False,True,True,78.0,,False,False,high,medium
CTX0059,CUST0059,VEH0059,CONTR0059,SYNTHETIC,2026-08-26T12:29:00,14,Sunday,Goiânia,Centro-Oeste,1943,0,107.9,1000,True,474,False,False,False,16.0,,True,False,high,high
CTX0060,CUST0060,VEH0060,CONTR0060,SYNTHETIC,2026-09-30T15:36:00,18,Thursday,Campinas,Sudeste,2907,93,96.9,700,True,382,False,True,False,88.0,,False,False,high,medium
CTX0061,CUST0061,VEH0061,CONTR0061,SYNTHETIC,2026-08-19T09:50:00,7,Wednesday,Fortaleza,Nordeste,1184,0,148.0,1000,True,0,True,True,False,74.0,,False,False,high,high
CTX0062,CUST0062,VEH0062,CONTR0062,SYNTHETIC,2026-09-05T21:06:00,19,Wednesday,Rio de Janeiro,Sudeste,800,0,100.0,4000,False,276,False,True,False,67.0,,False,False,high,low
CTX0063,CUST0063,VEH0063,CONTR0063,SYNTHETIC,2026-08-21T14:39:00,21,Thursday,Recife,Nordeste,2059,0,114.4,2500,False,225,False,False,False,63.0,,False,False,high,low
CTX0064,CUST0064,VEH0064,CONTR0064,SYNTHETIC,2026-09-26T14:56:00,20,Tuesday,Salvador,Nordeste,1500,300,83.3,1500,True,0,True,False,True,91.0,,False,False,normal,high
CTX0065,CUST0065,VEH0065,CONTR0065,SYNTHETIC,2026-09-20T21:13:00,17,Sunday,Rio de Janeiro,Sudeste,3156,0,126.2,1000,True,206,False,False,False,81.0,,False,True,high,high
CTX0066,CUST0066,VEH0066,CONTR0066,SYNTHETIC,2026-10-01T22:12:00,8,Tuesday,Fortaleza,Nordeste,727,73,90.9,4000,False,0,True,True,False,36.0,,False,False,high,medium
CTX0067,CUST0067,VEH0067,CONTR0067,SYNTHETIC,2026-09-03T06:05:00,15,Tuesday,Fortaleza,Nordeste,467,1333,25.9,1500,True,0,True,False,True,65.0,,False,False,low,high
CTX0068,CUST0068,VEH0068,CONTR0068,SYNTHETIC,2026-08-27T22:22:00,19,Saturday,Belo Horizonte,Sudeste,927,0,115.9,350,True,0,True,True,False,57.0,,False,False,high,high
CTX0069,CUST0069,VEH0069,CONTR0069,SYNTHETIC,2026-09-19T16:07:00,11,Tuesday,Campinas,Sudeste,597,903,39.8,1500,False,116,True,True,False,64.0,,False,False,low,low
CTX0070,CUST0070,VEH0070,CONTR0070,SYNTHETIC,2026-08-29T15:06:00,12,Wednesday,Campinas,Sudeste,824,376,68.7,350,True,390,False,False,False,84.0,,False,False,normal,low
CTX0071,CUST0071,VEH0071,CONTR0071,SYNTHETIC,2026-09-14T07:03:00,15,Saturday,Belo Horizonte,Sudeste,2423,77,96.9,4000,False,127,False,False,False,53.0,,False,True,high,medium
CTX0072,CUST0072,VEH0072,CONTR0072,SYNTHETIC,2026-09-01T21:28:00,16,Tuesday,Campinas,Sudeste,1425,0,118.8,1500,False,246,False,False,False,42.0,,False,False,high,low
CTX0073,CUST0073,VEH0073,CONTR0073,SYNTHETIC,2026-09-27T07:09:00,10,Sunday,Curitiba,Sul,516,284,64.5,700,False,15,True,False,True,41.0,,False,False,normal,medium
CTX0074,CUST0074,VEH0074,CONTR0074,SYNTHETIC,2026-08-24T13:49:00,22,Thursday,Fortaleza,Nordeste,2699,0,149.9,2500,False,160,False,False,False,86.0,,False,False,high,low
CTX0075,CUST0075,VEH0075,CONTR0075,SYNTHETIC,2026-08-23T07:39:00,9,Sunday,Campinas,Sudeste,900,1100,45.0,350,True,385,False,True,False,,77.0,False,False,normal,low
CTX0076,CUST0076,VEH0076,CONTR0076,SYNTHETIC,2026-09-20T08:10:00,6,Thursday,Goiânia,Centro-Oeste,1185,815,59.2,483,True,300,False,True,False,82.0,,False,False,normal,low
CTX0077,CUST0077,VEH0077,CONTR0077,SYNTHETIC,2026-09-13T20:04:00,13,Wednesday,Porto Alegre,Sul,2071,429,82.8,1000,True,418,False,True,False,,40.0,False,True,normal,medium
CTX0078,CUST0078,VEH0078,CONTR0078,SYNTHETIC,2026-09-14T10:04:00,7,Tuesday,Campinas,Sudeste,3361,0,112.0,350,True,477,False,True,True,59.0,,False,False,high,high
CTX0079,CUST0079,VEH0079,CONTR0079,SYNTHETIC,2026-08-18T18:17:00,22,Friday,Florianópolis,Sul,528,272,66.0,2500,False,0,True,False,False,73.0,,False,False,normal,low
CTX0080,CUST0080,VEH0080,CONTR0080,SYNTHETIC,2026-09-11T14:01:00,8,Tuesday,Rio de Janeiro,Sudeste,3738,0,124.6,1000,True,452,False,False,False,88.0,,False,True,high,high
CTX0081,CUST0081,VEH0081,CONTR0081,SYNTHETIC,2026-09-01T22:41:00,20,Wednesday,Belo Horizonte,Sudeste,1997,503,79.9,700,False,0,True,False,True,35.0,,False,True,normal,high
CTX0082,CUST0082,VEH0082,CONTR0082,SYNTHETIC,2026-09-01T17:26:00,16,Wednesday,São Paulo,Sudeste,1473,527,73.7,1500,False,0,True,False,False,75.0,,False,False,normal,low
CTX0083,CUST0083,VEH0083,CONTR0083,SYNTHETIC,2026-09-06T07:29:00,8,Wednesday,Salvador,Nordeste,2628,0,105.1,350,True,208,False,True,False,34.0,,False,False,high,medium
CTX0084,CUST0084,VEH0084,CONTR0084,SYNTHETIC,2026-10-01T20:26:00,7,Tuesday,Fortaleza,Nordeste,540,260,67.5,700,True,360,False,False,False,81.0,,False,False,normal,low
CTX0085,CUST0085,VEH0085,CONTR0085,SYNTHETIC,2026-09-14T10:59:00,15,Thursday,Florianópolis,Sul,957,0,119.6,350,True,493,False,True,False,50.0,,False,False,high,medium
CTX0086,CUST0086,VEH0086,CONTR0086,SYNTHETIC,2026-09-21T15:35:00,6,Friday,Belo Horizonte,Sudeste,1285,215,85.7,350,True,397,False,True,False,52.0,,False,False,high,medium
CTX0087,CUST0087,VEH0087,CONTR0087,SYNTHETIC,2026-09-22T21:59:00,15,Friday,Brasília,Centro-Oeste,1829,0,121.9,4000,False,267,False,True,True,76.0,,False,False,high,medium
CTX0088,CUST0088,VEH0088,CONTR0088,SYNTHETIC,2026-09-07T12:58:00,22,Saturday,Salvador,Nordeste,2412,588,80.4,4000,False,281,False,False,False,76.0,,False,False,high,low
CTX0089,CUST0089,VEH0089,CONTR0089,SYNTHETIC,2026-09-14T06:18:00,15,Sunday,Recife,Nordeste,1338,0,133.8,2500,False,72,True,False,False,79.0,,False,False,high,medium
CTX0090,CUST0090,VEH0090,CONTR0090,SYNTHETIC,2026-08-28T18:29:00,16,Sunday,Rio de Janeiro,Sudeste,1887,1113,62.9,4000,False,135,True,True,True,51.0,,False,False,normal,medium
CTX0091,CUST0091,VEH0091,CONTR0091,SYNTHETIC,2026-09-05T07:20:00,21,Saturday,São Paulo,Sudeste,1938,62,96.9,1500,False,0,True,False,False,32.0,,False,False,high,medium
CTX0092,CUST0092,VEH0092,CONTR0092,SYNTHETIC,2026-08-25T16:55:00,9,Sunday,Brasília,Centro-Oeste,1845,655,73.8,1000,True,0,True,True,True,62.0,,False,False,normal,high
CTX0093,CUST0093,VEH0093,CONTR0093,SYNTHETIC,2026-08-21T10:04:00,21,Sunday,Curitiba,Sul,808,192,80.8,1000,True,315,False,False,False,85.0,,False,False,high,medium
CTX0094,CUST0094,VEH0094,CONTR0094,SYNTHETIC,2026-08-19T18:20:00,21,Sunday,Campinas,Sudeste,1195,1305,47.8,1500,False,0,True,True,False,33.0,,False,False,normal,low
CTX0095,CUST0095,VEH0095,CONTR0095,SYNTHETIC,2026-09-17T08:27:00,9,Sunday,Porto Alegre,Sul,2523,0,168.2,263,True,437,False,False,False,21.0,,False,False,high,medium
CTX0096,CUST0096,VEH0096,CONTR0096,SYNTHETIC,2026-09-11T07:18:00,17,Wednesday,Rio de Janeiro,Sudeste,2461,39,98.4,700,False,107,False,True,True,65.0,,False,False,high,medium
CTX0097,CUST0097,VEH0097,CONTR0097,SYNTHETIC,2026-09-20T11:11:00,8,Friday,Salvador,Nordeste,1743,1257,58.1,1500,True,34,True,False,False,45.0,,False,False,normal,medium
CTX0098,CUST0098,VEH0098,CONTR0098,SYNTHETIC,2026-09-02T14:29:00,14,Saturday,Brasília,Centro-Oeste,1424,0,142.4,1500,True,206,False,True,False,64.0,,False,False,high,medium
CTX0099,CUST0099,VEH0099,CONTR0099,SYNTHETIC,2026-09-09T15:40:00,19,Saturday,Salvador,Nordeste,915,85,91.5,700,False,188,False,True,False,61.0,,False,False,high,low
CTX0100,CUST0100,VEH0100,CONTR0100,SYNTHETIC,2026-09-25T13:24:00,17,Friday,Fortaleza,Nordeste,892,0,111.5,449,True,0,True,False,False,34.0,,False,False,high,high
CTX0101,CUST0101,VEH0001,CONTR0101,SYNTHETIC,2026-09-14T06:36:00,7,Friday,Campinas,Sudeste,2138,0,178.2,4000,False,294,False,False,False,35.0,,False,False,high,low
CTX0102,CUST0102,VEH0002,CONTR0102,SYNTHETIC,2026-09-19T14:43:00,10,Saturday,Goiânia,Centro-Oeste,2952,48,98.4,2500,False,171,False,True,False,19.0,,True,False,high,medium
CTX0103,CUST0103,VEH0003,CONTR0103,SYNTHETIC,2026-09-08T10:05:00,15,Wednesday,Porto Alegre,Sul,1257,0,157.1,1000,False,0,True,True,False,70.0,,False,False,high,medium
CTX0104,CUST0104,VEH0004,CONTR0104,SYNTHETIC,2026-09-08T22:32:00,14,Sunday,Fortaleza,Nordeste,877,323,73.1,2500,False,234,False,False,False,43.0,,False,False,normal,low
CTX0105,CUST0105,VEH0005,CONTR0105,SYNTHETIC,2026-09-24T20:04:00,10,Sunday,Brasília,Centro-Oeste,1004,496,66.9,350,True,39,True,True,False,31.0,,False,False,normal,medium
CTX0106,CUST0106,VEH0006,CONTR0106,SYNTHETIC,2026-10-01T14:34:00,9,Thursday,Salvador,Nordeste,2300,0,115.0,4000,False,321,False,False,False,56.0,,False,False,high,low
CTX0107,CUST0107,VEH0007,CONTR0107,SYNTHETIC,2026-09-08T09:43:00,13,Thursday,Salvador,Nordeste,739,461,61.6,2500,False,0,True,False,False,52.0,,False,False,normal,low
CTX0108,CUST0108,VEH0008,CONTR0108,SYNTHETIC,2026-09-02T15:41:00,19,Monday,Campinas,Sudeste,1824,676,73.0,2500,False,0,True,True,False,87.0,,False,False,normal,low
CTX0109,CUST0109,VEH0009,CONTR0109,SYNTHETIC,2026-09-16T10:24:00,20,Wednesday,Goiânia,Centro-Oeste,995,205,82.9,4000,False,0,True,True,False,95.0,,False,False,high,medium
CTX0110,CUST0110,VEH0010,CONTR0110,SYNTHETIC,2026-08-23T19:17:00,7,Saturday,Salvador,Nordeste,2076,924,69.2,2500,False,488,False,False,False,27.0,,False,False,normal,low
CTX0111,CUST0111,VEH0011,CONTR0111,SYNTHETIC,2026-09-25T17:34:00,17,Monday,Brasília,Centro-Oeste,1273,227,84.9,350,True,101,True,False,True,58.0,,False,False,high,high
CTX0112,CUST0112,VEH0012,CONTR0112,SYNTHETIC,2026-09-26T12:41:00,6,Monday,Goiânia,Centro-Oeste,441,359,55.1,700,True,375,False,False,False,58.0,,False,False,normal,low
CTX0113,CUST0113,VEH0013,CONTR0113,SYNTHETIC,2026-08-27T12:37:00,12,Sunday,Brasília,Centro-Oeste,1905,1095,63.5,700,True,0,True,False,True,83.0,,False,False,normal,high
CTX0114,CUST0114,VEH0014,CONTR0114,SYNTHETIC,2026-09-22T10:34:00,14,Sunday,Campinas,Sudeste,601,899,40.1,1000,True,0,True,False,False,28.0,,True,True,low,high
CTX0115,CUST0115,VEH0015,CONTR0115,SYNTHETIC,2026-09-16T16:01:00,11,Wednesday,Salvador,Nordeste,1206,0,120.6,4000,False,93,False,False,False,76.0,,False,True,high,medium
CTX0116,CUST0116,VEH0016,CONTR0116,SYNTHETIC,2026-09-03T17:32:00,9,Thursday,Belo Horizonte,Sudeste,1946,554,77.8,700,False,73,True,True,False,31.0,,False,False,high,medium
CTX0117,CUST0117,VEH0017,CONTR0117,SYNTHETIC,2026-08-29T15:29:00,6,Monday,Salvador,Nordeste,2319,0,116.0,1500,False,104,False,False,False,66.0,,False,False,high,low
CTX0118,CUST0118,VEH0018,CONTR0118,SYNTHETIC,2026-09-03T08:57:00,8,Wednesday,Porto Alegre,Sul,722,278,72.2,4000,False,186,False,False,True,60.0,,False,False,normal,low
CTX0119,CUST0119,VEH0019,CONTR0119,SYNTHETIC,2026-08-17T16:24:00,22,Wednesday,Brasília,Centro-Oeste,917,0,114.6,342,True,171,False,False,False,94.0,,False,False,high,medium
CTX0120,CUST0120,VEH0020,CONTR0120,SYNTHETIC,2026-08-21T12:27:00,20,Tuesday,Fortaleza,Nordeste,1212,0,101.0,4000,False,27,True,True,False,28.0,,False,False,high,medium
CTX0121,CUST0121,VEH0021,CONTR0121,SYNTHETIC,2026-09-04T16:42:00,14,Wednesday,Curitiba,Sul,1172,628,65.1,350,True,460,False,True,False,,26.0,False,False,normal,low
CTX0122,CUST0122,VEH0022,CONTR0122,SYNTHETIC,2026-09-04T09:47:00,17,Sunday,Fortaleza,Nordeste,732,68,91.5,2500,False,275,False,True,False,72.0,,False,False,high,low
CTX0123,CUST0123,VEH0023,CONTR0123,SYNTHETIC,2026-08-20T09:26:00,17,Sunday,São Paulo,Sudeste,3191,0,177.3,700,True,196,False,False,False,,37.0,False,False,high,medium
CTX0124,CUST0124,VEH0024,CONTR0124,SYNTHETIC,2026-08-26T22:13:00,10,Saturday,Rio de Janeiro,Sudeste,1061,139,88.4,350,True,38,True,True,False,41.0,,False,False,high,high
CTX0125,CUST0125,VEH0025,CONTR0125,SYNTHETIC,2026-09-14T13:51:00,19,Sunday,Campinas,Sudeste,957,243,79.8,1000,True,142,False,True,False,27.0,,False,False,high,medium
CTX0126,CUST0126,VEH0026,CONTR0126,SYNTHETIC,2026-09-12T16:22:00,6,Tuesday,Fortaleza,Nordeste,1707,93,94.8,1500,False,494,False,False,True,68.0,,False,False,high,medium
CTX0127,CUST0127,VEH0027,CONTR0127,SYNTHETIC,2026-09-30T08:47:00,22,Tuesday,Florianópolis,Sul,2957,43,98.6,350,True,66,True,False,False,38.0,,False,False,high,high
CTX0128,CUST0128,VEH0028,CONTR0128,SYNTHETIC,2026-09-11T08:56:00,7,Tuesday,Porto Alegre,Sul,2841,159,94.7,1500,True,0,True,True,True,18.0,,True,False,high,high
CTX0129,CUST0129,VEH0029,CONTR0129,SYNTHETIC,2026-09-04T21:38:00,20,Thursday,Salvador,Nordeste,1408,1092,56.3,1500,False,463,False,False,False,68.0,,False,False,normal,low
CTX0130,CUST0130,VEH0030,CONTR0130,SYNTHETIC,2026-08-19T21:33:00,15,Monday,São Paulo,Sudeste,1486,0,123.8,350,True,28,True,True,False,77.0,,False,False,high,high
CTX0131,CUST0131,VEH0031,CONTR0131,SYNTHETIC,2026-09-23T14:18:00,16,Monday,Salvador,Nordeste,1750,0,116.7,2500,False,0,True,False,False,66.0,,False,False,high,medium
CTX0132,CUST0132,VEH0032,CONTR0132,SYNTHETIC,2026-09-17T22:35:00,17,Monday,São Paulo,Sudeste,770,30,96.2,1000,False,0,True,False,False,94.0,,False,False,high,medium
CTX0133,CUST0133,VEH0033,CONTR0133,SYNTHETIC,2026-09-11T19:36:00,18,Saturday,Porto Alegre,Sul,942,58,94.2,2500,False,95,False,False,False,71.0,,False,True,high,medium
CTX0134,CUST0134,VEH0034,CONTR0134,SYNTHETIC,2026-08-23T20:53:00,17,Monday,Brasília,Centro-Oeste,2195,0,109.7,4000,False,343,False,True,False,82.0,,False,True,high,medium
CTX0135,CUST0135,VEH0035,CONTR0135,SYNTHETIC,2026-09-06T15:47:00,16,Tuesday,Salvador,Nordeste,634,166,79.2,1000,True,341,False,False,False,47.0,,False,False,high,medium
CTX0136,CUST0136,VEH0036,CONTR0136,SYNTHETIC,2026-09-19T17:22:00,10,Tuesday,Campinas,Sudeste,2433,67,97.3,1000,True,491,False,False,False,76.0,,False,False,high,medium
CTX0137,CUST0137,VEH0037,CONTR0137,SYNTHETIC,2026-08-21T08:11:00,21,Thursday,Campinas,Sudeste,1948,0,162.3,700,False,0,True,True,False,41.0,,False,False,high,medium
CTX0138,CUST0138,VEH0038,CONTR0138,SYNTHETIC,2026-09-01T20:40:00,15,Sunday,Brasília,Centro-Oeste,656,144,82.0,249,True,287,False,False,False,82.0,,False,False,normal,low
CTX0139,CUST0139,VEH0039,CONTR0139,SYNTHETIC,2026-09-03T07:03:00,17,Sunday,Curitiba,Sul,960,540,64.0,700,True,379,False,True,True,54.0,,False,False,normal,medium
CTX0140,CUST0140,VEH0040,CONTR0140,SYNTHETIC,2026-08-25T07:28:00,12,Wednesday,Brasília,Centro-Oeste,2243,257,89.7,2500,False,493,False,True,True,84.0,,False,False,high,medium
CTX0141,CUST0141,VEH0041,CONTR0141,SYNTHETIC,2026-09-10T08:32:00,11,Monday,Campinas,Sudeste,1077,1423,43.1,2500,False,57,True,False,False,43.0,,False,False,low,low
CTX0142,CUST0142,VEH0042,CONTR0142,SYNTHETIC,2026-09-08T17:58:00,15,Thursday,Florianópolis,Sul,1820,680,72.8,1000,True,0,True,False,True,88.0,,False,False,normal,high
CTX0143,CUST0143,VEH0043,CONTR0143,SYNTHETIC,2026-09-25T18:18:00,14,Saturday,Curitiba,Sul,1345,155,89.7,2500,False,98,False,True,False,63.0,,False,False,high,low
CTX0144,CUST0144,VEH0044,CONTR0144,SYNTHETIC,2026-09-12T18:08:00,8,Wednesday,Rio de Janeiro,Sudeste,1794,206,89.7,700,True,0,True,False,False,56.0,,False,False,high,high
CTX0145,CUST0145,VEH0045,CONTR0145,SYNTHETIC,2026-08-19T22:05:00,19,Friday,Curitiba,Sul,976,0,122.0,700,True,437,False,False,False,43.0,,False,False,high,medium
CTX0146,CUST0146,VEH0046,CONTR0146,SYNTHETIC,2026-08-31T12:14:00,10,Tuesday,Rio de Janeiro,Sudeste,2421,79,96.8,4000,False,0,True,True,True,90.0,,False,False,high,high
CTX0147,CUST0147,VEH0047,CONTR0147,SYNTHETIC,2026-08-29T07:42:00,16,Sunday,São Paulo,Sudeste,3372,0,134.9,1500,False,22,True,False,False,26.0,,True,False,high,high
CTX0148,CUST0148,VEH0048,CONTR0148,SYNTHETIC,2026-08-23T11:46:00,20,Monday,Salvador,Nordeste,874,126,87.4,2500,False,0,True,False,False,,53.0,False,False,high,medium
CTX0149,CUST0149,VEH0049,CONTR0149,SYNTHETIC,2026-09-03T13:34:00,13,Wednesday,Belo Horizonte,Sudeste,4309,0,172.4,2500,False,211,False,False,False,44.0,,False,False,high,low
CTX0150,CUST0150,VEH0050,CONTR0150,SYNTHETIC,2026-09-02T15:49:00,18,Friday,Campinas,Sudeste,1692,808,67.7,2500,False,330,False,False,False,,93.0,False,False,normal,low
CTX0151,CUST0151,VEH0051,CONTR0151,SYNTHETIC,2026-08-21T21:55:00,17,Friday,São Paulo,Sudeste,2828,0,113.1,350,True,0,True,True,False,31.0,,False,False,high,high
CTX0152,CUST0152,VEH0052,CONTR0152,SYNTHETIC,2026-09-03T22:09:00,19,Monday,Recife,Nordeste,2075,0,138.3,4000,False,146,False,True,False,67.0,,False,False,high,low
CTX0153,CUST0153,VEH0053,CONTR0153,SYNTHETIC,2026-09-08T13:24:00,8,Wednesday,Belo Horizonte,Sudeste,2224,0,148.3,2500,False,492,False,True,False,84.0,,False,False,high,low
CTX0154,CUST0154,VEH0054,CONTR0154,SYNTHETIC,2026-09-22T10:02:00,15,Sunday,Campinas,Sudeste,1468,532,73.4,350,True,145,False,False,False,75.0,,False,False,normal,low
CTX0155,CUST0155,VEH0055,CONTR0155,SYNTHETIC,2026-09-26T06:16:00,12,Sunday,Salvador,Nordeste,854,146,85.4,1500,True,0,True,False,False,73.0,,False,False,high,high
CTX0156,CUST0156,VEH0056,CONTR0156,SYNTHETIC,2026-09-24T07:15:00,19,Saturday,Salvador,Nordeste,2249,0,112.5,1000,True,1,True,True,False,26.0,,False,False,high,high
CTX0157,CUST0157,VEH0057,CONTR0157,SYNTHETIC,2026-08-30T13:45:00,10,Wednesday,Rio de Janeiro,Sudeste,1776,724,71.0,188,True,498,False,True,False,35.0,,False,False,normal,low
CTX0158,CUST0158,VEH0058,CONTR0158,SYNTHETIC,2026-08-20T08:33:00,17,Monday,Curitiba,Sul,2474,0,123.7,350,True,0,True,True,False,20.0,,True,False,high,high
CTX0159,CUST0159,VEH0059,CONTR0159,SYNTHETIC,2026-09-15T06:22:00,8,Wednesday,Brasília,Centro-Oeste,2377,0,118.8,700,False,6,True,False,False,72.0,,False,False,high,medium
CTX0160,CUST0160,VEH0060,CONTR0160,SYNTHETIC,2026-09-29T17:34:00,16,Sunday,Goiânia,Centro-Oeste,1694,306,84.7,1500,False,506,False,True,False,71.0,,False,False,normal,low
CTX0161,CUST0161,VEH0061,CONTR0161,SYNTHETIC,2026-09-23T08:45:00,20,Monday,Curitiba,Sul,2457,43,98.3,350,True,268,False,True,False,87.0,,False,False,high,medium
CTX0162,CUST0162,VEH0062,CONTR0162,SYNTHETIC,2026-09-12T22:25:00,21,Wednesday,Goiânia,Centro-Oeste,533,267,66.6,350,True,0,True,True,False,75.0,,False,False,normal,medium
CTX0163,CUST0163,VEH0063,CONTR0163,SYNTHETIC,2026-08-21T16:17:00,9,Sunday,Porto Alegre,Sul,1345,0,134.5,4000,False,380,False,False,False,92.0,,False,False,high,low
CTX0164,CUST0164,VEH0064,CONTR0164,SYNTHETIC,2026-09-10T11:31:00,21,Wednesday,Florianópolis,Sul,838,662,55.9,350,True,159,False,False,False,36.0,,False,False,normal,low
CTX0165,CUST0165,VEH0065,CONTR0165,SYNTHETIC,2026-09-20T15:20:00,9,Monday,Florianópolis,Sul,2528,472,84.3,4000,False,405,False,False,False,76.0,,False,False,high,low
CTX0166,CUST0166,VEH0066,CONTR0166,SYNTHETIC,2026-09-21T20:22:00,20,Monday,Porto Alegre,Sul,1336,164,89.1,4000,False,0,True,False,False,28.0,,False,False,high,medium
CTX0167,CUST0167,VEH0067,CONTR0167,SYNTHETIC,2026-09-28T08:42:00,18,Wednesday,São Paulo,Sudeste,3543,0,141.7,1000,True,377,False,False,False,17.0,,True,False,high,high
CTX0168,CUST0168,VEH0068,CONTR0168,SYNTHETIC,2026-09-23T08:15:00,17,Wednesday,Brasília,Centro-Oeste,936,0,117.0,2500,False,397,False,False,False,62.0,,False,False,high,low
CTX0169,CUST0169,VEH0069,CONTR0169,SYNTHETIC,2026-09-08T17:28:00,8,Friday,São Paulo,Sudeste,3187,0,127.5,4000,False,216,False,False,True,33.0,,False,False,high,medium
CTX0170,CUST0170,VEH0070,CONTR0170,SYNTHETIC,2026-09-24T06:47:00,11,Thursday,Goiânia,Centro-Oeste,1031,169,85.9,1500,False,0,True,True,False,29.0,,False,False,high,medium
CTX0171,CUST0171,VEH0071,CONTR0171,SYNTHETIC,2026-09-18T15:44:00,21,Tuesday,Rio de Janeiro,Sudeste,1068,0,106.8,700,True,147,False,False,False,31.0,,False,False,high,medium
CTX0172,CUST0172,VEH0072,CONTR0172,SYNTHETIC,2026-09-26T16:42:00,17,Saturday,Recife,Nordeste,2758,0,110.3,350,True,421,False,False,False,26.0,,False,False,high,medium
CTX0173,CUST0173,VEH0073,CONTR0173,SYNTHETIC,2026-08-18T11:50:00,17,Friday,Rio de Janeiro,Sudeste,2356,0,117.8,2500,False,112,True,False,False,35.0,,False,False,high,medium
CTX0174,CUST0174,VEH0074,CONTR0174,SYNTHETIC,2026-09-08T17:29:00,10,Friday,Brasília,Centro-Oeste,2583,0,103.3,350,True,453,False,False,False,23.0,,False,False,high,medium
CTX0175,CUST0175,VEH0075,CONTR0175,SYNTHETIC,2026-08-29T19:49:00,19,Sunday,Porto Alegre,Sul,839,961,46.6,1000,False,130,False,False,False,,71.0,False,False,normal,low
CTX0176,CUST0176,VEH0076,CONTR0176,SYNTHETIC,2026-08-29T17:08:00,11,Sunday,Florianópolis,Sul,390,610,39.0,276,True,246,False,False,False,25.0,,True,True,low,high
CTX0177,CUST0177,VEH0077,CONTR0177,SYNTHETIC,2026-09-21T16:59:00,13,Wednesday,Campinas,Sudeste,2041,459,81.6,2500,False,338,False,True,False,,74.0,False,False,high,low
CTX0178,CUST0178,VEH0078,CONTR0178,SYNTHETIC,2026-09-23T15:39:00,8,Friday,Rio de Janeiro,Sudeste,1504,296,83.6,1000,True,23,True,False,False,25.0,,False,False,high,high
CTX0179,CUST0179,VEH0079,CONTR0179,SYNTHETIC,2026-08-24T16:53:00,7,Sunday,Recife,Nordeste,1108,92,92.3,1500,False,276,False,False,False,88.0,,False,False,high,low
CTX0180,CUST0180,VEH0080,CONTR0180,SYNTHETIC,2026-09-18T19:39:00,6,Thursday,Porto Alegre,Sul,875,625,58.3,2500,False,0,True,True,False,82.0,,False,False,normal,low
CTX0181,CUST0181,VEH0081,CONTR0181,SYNTHETIC,2026-09-06T15:29:00,8,Saturday,Fortaleza,Nordeste,1389,0,115.8,4000,False,482,False,False,True,55.0,,False,False,high,medium
CTX0182,CUST0182,VEH0082,CONTR0182,SYNTHETIC,2026-08-24T10:20:00,16,Saturday,Curitiba,Sul,2096,0,116.4,4000,False,290,False,True,False,75.0,,False,False,high,low
CTX0183,CUST0183,VEH0083,CONTR0183,SYNTHETIC,2026-09-16T20:07:00,14,Thursday,Curitiba,Sul,1367,433,75.9,700,True,203,False,True,False,36.0,,False,False,normal,low
CTX0184,CUST0184,VEH0084,CONTR0184,SYNTHETIC,2026-08-23T19:15:00,11,Sunday,Goiânia,Centro-Oeste,1366,434,75.9,1000,True,487,False,True,False,94.0,,False,False,high,medium
CTX0185,CUST0185,VEH0085,CONTR0185,SYNTHETIC,2026-08-30T20:31:00,15,Thursday,Recife,Nordeste,1457,0,121.4,1500,False,517,False,False,False,52.0,,False,False,high,low
CTX0186,CUST0186,VEH0086,CONTR0186,SYNTHETIC,2026-08-25T17:03:00,7,Wednesday,Curitiba,Sul,2127,873,70.9,700,False,47,True,True,False,51.0,,False,False,normal,low
CTX0187,CUST0187,VEH0087,CONTR0187,SYNTHETIC,2026-09-04T10:56:00,14,Saturday,Rio de Janeiro,Sudeste,2985,0,149.2,1500,True,7,True,False,True,88.0,,False,False,high,high
CTX0188,CUST0188,VEH0088,CONTR0188,SYNTHETIC,2026-09-19T17:35:00,15,Monday,Porto Alegre,Sul,890,110,89.0,1000,True,294,False,False,False,36.0,,False,False,high,medium
CTX0189,CUST0189,VEH0089,CONTR0189,SYNTHETIC,2026-08-19T09:08:00,9,Thursday,Fortaleza,Nordeste,907,893,50.4,2500,False,362,False,False,False,64.0,,False,False,normal,low
CTX0190,CUST0190,VEH0090,CONTR0190,SYNTHETIC,2026-08-30T07:02:00,7,Tuesday,Rio de Janeiro,Sudeste,1015,0,101.5,4000,False,4,True,False,False,74.0,,False,False,high,medium
CTX0191,CUST0191,VEH0091,CONTR0191,SYNTHETIC,2026-09-11T16:10:00,18,Friday,Fortaleza,Nordeste,2398,602,79.9,1500,False,0,True,False,False,49.0,,False,False,normal,low
CTX0192,CUST0192,VEH0092,CONTR0192,SYNTHETIC,2026-08-17T15:30:00,6,Wednesday,Salvador,Nordeste,1435,65,95.7,350,True,366,False,False,False,17.0,,True,False,high,high
CTX0193,CUST0193,VEH0093,CONTR0193,SYNTHETIC,2026-08-18T06:38:00,21,Wednesday,Porto Alegre,Sul,2903,0,161.3,1500,False,172,False,False,False,54.0,,False,False,high,low
CTX0194,CUST0194,VEH0094,CONTR0194,SYNTHETIC,2026-08-23T18:09:00,13,Monday,Brasília,Centro-Oeste,3463,0,173.2,4000,False,352,False,False,False,46.0,,False,False,high,low
CTX0195,CUST0195,VEH0095,CONTR0195,SYNTHETIC,2026-08-18T12:26:00,22,Sunday,Porto Alegre,Sul,2165,0,144.3,360,True,0,True,True,False,15.0,,True,False,high,high
CTX0196,CUST0196,VEH0096,CONTR0196,SYNTHETIC,2026-09-11T21:33:00,18,Wednesday,São Paulo,Sudeste,675,125,84.4,700,True,0,True,True,False,67.0,,False,False,normal,medium
CTX0197,CUST0197,VEH0097,CONTR0197,SYNTHETIC,2026-08-19T14:39:00,21,Tuesday,Belo Horizonte,Sudeste,676,824,45.1,1000,True,0,True,False,False,95.0,,False,False,normal,medium
CTX0198,CUST0198,VEH0098,CONTR0198,SYNTHETIC,2026-09-13T12:44:00,21,Wednesday,Brasília,Centro-Oeste,944,56,94.4,350,True,343,False,False,False,26.0,,False,False,high,medium
CTX0199,CUST0199,VEH0099,CONTR0199,SYNTHETIC,2026-09-07T18:52:00,17,Sunday,São Paulo,Sudeste,1579,221,87.7,1500,True,239,False,False,False,47.0,,False,False,high,medium
CTX0200,CUST0200,VEH0100,CONTR0200,SYNTHETIC,2026-09-03T14:47:00,21,Tuesday,Recife,Nordeste,1134,0,113.4,309,True,0,True,True,True,23.0,,True,False,high,high
CTX0201,CUST0201,VEH0001,CONTR0201,SYNTHETIC,2026-08-23T13:15:00,7,Saturday,São Paulo,Sudeste,3453,0,115.1,4000,False,90,True,True,True,71.0,,False,False,high,high
CTX0202,CUST0202,VEH0002,CONTR0202,SYNTHETIC,2026-09-01T09:43:00,10,Monday,Rio de Janeiro,Sudeste,1183,17,98.6,1000,True,0,True,True,False,92.0,,False,False,high,high
CTX0203,CUST0203,VEH0003,CONTR0203,SYNTHETIC,2026-09-13T16:18:00,7,Sunday,Porto Alegre,Sul,2753,0,110.1,350,True,230,False,False,False,55.0,,False,False,high,medium
CTX0204,CUST0204,VEH0004,CONTR0204,SYNTHETIC,2026-09-29T11:26:00,11,Monday,Brasília,Centro-Oeste,520,680,43.3,1500,False,0,True,False,False,56.0,,False,False,low,low
CTX0205,CUST0205,VEH0005,CONTR0205,SYNTHETIC,2026-09-29T06:19:00,9,Wednesday,Salvador,Nordeste,1554,0,129.5,700,True,520,False,False,False,85.0,,False,False,high,medium
CTX0206,CUST0206,VEH0006,CONTR0206,SYNTHETIC,2026-09-19T09:21:00,11,Saturday,São Paulo,Sudeste,1884,0,125.6,700,True,357,False,False,False,18.0,,True,False,high,high
CTX0207,CUST0207,VEH0007,CONTR0207,SYNTHETIC,2026-09-13T12:11:00,18,Sunday,Brasília,Centro-Oeste,1037,0,129.6,1500,True,447,False,False,False,30.0,,True,False,high,high
CTX0208,CUST0208,VEH0008,CONTR0208,SYNTHETIC,2026-09-23T21:20:00,13,Monday,Recife,Nordeste,1030,0,128.8,1500,True,104,True,True,True,78.0,,False,False,high,high
CTX0209,CUST0209,VEH0009,CONTR0209,SYNTHETIC,2026-09-12T06:16:00,17,Saturday,Brasília,Centro-Oeste,1355,0,135.5,700,True,143,False,False,False,42.0,,False,False,high,medium
CTX0210,CUST0210,VEH0010,CONTR0210,SYNTHETIC,2026-08-30T15:44:00,9,Saturday,São Paulo,Sudeste,2498,502,83.3,350,True,31,True,False,False,33.0,,False,False,high,high
CTX0211,CUST0211,VEH0011,CONTR0211,SYNTHETIC,2026-09-02T17:26:00,21,Sunday,Belo Horizonte,Sudeste,2772,228,92.4,1500,False,192,False,False,True,79.0,,False,False,high,medium
CTX0212,CUST0212,VEH0012,CONTR0212,SYNTHETIC,2026-09-27T09:03:00,22,Tuesday,Fortaleza,Nordeste,1057,143,88.1,700,True,0,True,False,False,29.0,,True,False,high,high
CTX0213,CUST0213,VEH0013,CONTR0213,SYNTHETIC,2026-08-17T21:05:00,22,Thursday,Florianópolis,Sul,1960,0,130.7,4000,False,288,False,False,False,86.0,,False,False,high,low
CTX0214,CUST0214,VEH0014,CONTR0214,SYNTHETIC,2026-08-27T20:43:00,15,Saturday,Brasília,Centro-Oeste,671,529,55.9,2500,False,336,False,False,False,20.0,,True,False,normal,low
CTX0215,CUST0215,VEH0015,CONTR0215,SYNTHETIC,2026-09-29T19:22:00,8,Friday,Recife,Nordeste,352,848,29.3,350,True,412,False,False,False,64.0,,False,False,low,low
CTX0216,CUST0216,VEH0016,CONTR0216,SYNTHETIC,2026-09-23T19:23:00,18,Thursday,Brasília,Centro-Oeste,1472,328,81.8,700,False,74,True,True,False,56.0,,False,False,high,medium
CTX0217,CUST0217,VEH0017,CONTR0217,SYNTHETIC,2026-09-23T17:07:00,11,Friday,Curitiba,Sul,1845,0,123.0,350,True,141,False,False,True,42.0,,False,False,high,high
CTX0218,CUST0218,VEH0018,CONTR0218,SYNTHETIC,2026-09-30T15:29:00,19,Friday,Salvador,Nordeste,1078,922,53.9,2500,False,472,False,False,False,62.0,,False,False,normal,low
CTX0219,CUST0219,VEH0019,CONTR0219,SYNTHETIC,2026-09-24T07:51:00,19,Friday,Recife,Nordeste,1726,0,172.6,103,True,355,False,True,False,77.0,,False,False,high,medium
CTX0220,CUST0220,VEH0020,CONTR0220,SYNTHETIC,2026-08-24T07:15:00,7,Thursday,Rio de Janeiro,Sudeste,594,206,74.2,1000,False,0,True,True,False,22.0,,False,False,normal,low
CTX0221,CUST0221,VEH0021,CONTR0221,SYNTHETIC,2026-09-17T16:36:00,16,Tuesday,Recife,Nordeste,2155,345,86.2,350,True,394,False,False,False,,26.0,False,False,high,medium
CTX0222,CUST0222,VEH0022,CONTR0222,SYNTHETIC,2026-08-25T11:40:00,19,Friday,Florianópolis,Sul,1699,101,94.4,1500,False,0,True,True,False,81.0,,False,False,high,medium
CTX0223,CUST0223,VEH0023,CONTR0223,SYNTHETIC,2026-09-11T19:26:00,10,Wednesday,Campinas,Sudeste,3499,0,116.6,4000,False,121,False,False,False,,78.0,False,False,high,low
CTX0224,CUST0224,VEH0024,CONTR0224,SYNTHETIC,2026-08-17T10:51:00,20,Monday,Rio de Janeiro,Sudeste,1914,0,106.3,350,True,418,False,True,False,78.0,,False,False,high,medium
CTX0225,CUST0225,VEH0025,CONTR0225,SYNTHETIC,2026-08-21T08:59:00,20,Sunday,Goiânia,Centro-Oeste,576,1224,32.0,4000,False,497,False,True,False,64.0,,False,False,low,low
CTX0226,CUST0226,VEH0026,CONTR0226,SYNTHETIC,2026-08-24T07:55:00,8,Tuesday,São Paulo,Sudeste,1035,1465,41.4,2500,False,245,False,False,False,52.0,,False,False,low,low
CTX0227,CUST0227,VEH0027,CONTR0227,SYNTHETIC,2026-09-18T12:47:00,9,Saturday,Campinas,Sudeste,1227,0,122.7,1500,False,0,True,False,False,22.0,,True,False,high,high
CTX0228,CUST0228,VEH0028,CONTR0228,SYNTHETIC,2026-09-13T18:29:00,17,Wednesday,Campinas,Sudeste,1709,91,94.9,1000,True,215,False,False,False,52.0,,False,False,high,medium
CTX0229,CUST0229,VEH0029,CONTR0229,SYNTHETIC,2026-09-01T16:58:00,12,Wednesday,Recife,Nordeste,1815,185,90.8,4000,False,17,True,False,False,74.0,,False,False,high,medium
CTX0230,CUST0230,VEH0030,CONTR0230,SYNTHETIC,2026-09-30T14:35:00,19,Wednesday,Rio de Janeiro,Sudeste,1826,0,121.7,2500,False,0,True,False,True,60.0,,False,False,high,high
CTX0231,CUST0231,VEH0031,CONTR0231,SYNTHETIC,2026-08-31T16:16:00,21,Saturday,Florianópolis,Sul,985,815,54.7,4000,False,2,True,False,False,75.0,,False,False,normal,low
CTX0232,CUST0232,VEH0032,CONTR0232,SYNTHETIC,2026-08-28T21:11:00,7,Friday,Curitiba,Sul,1062,0,132.8,2500,False,0,True,True,False,56.0,,False,False,high,medium
CTX0233,CUST0233,VEH0033,CONTR0233,SYNTHETIC,2026-09-17T08:45:00,10,Monday,Florianópolis,Sul,2571,429,85.7,2500,False,108,False,False,False,73.0,,False,False,high,low
CTX0234,CUST0234,VEH0034,CONTR0234,SYNTHETIC,2026-08-23T21:42:00,21,Monday,Fortaleza,Nordeste,1439,0,119.9,1500,False,469,False,False,False,35.0,,False,True,high,medium
CTX0235,CUST0235,VEH0035,CONTR0235,SYNTHETIC,2026-08-28T15:01:00,22,Sunday,Belo Horizonte,Sudeste,1066,734,59.2,2500,False,0,True,False,True,42.0,,False,True,normal,high
CTX0236,CUST0236,VEH0036,CONTR0236,SYNTHETIC,2026-08-23T22:16:00,17,Wednesday,Campinas,Sudeste,818,182,81.8,350,True,18,True,True,False,23.0,,False,False,high,high
CTX0237,CUST0237,VEH0037,CONTR0237,SYNTHETIC,2026-08-18T13:19:00,8,Saturday,Recife,Nordeste,4489,0,149.6,700,True,414,False,True,False,34.0,,False,False,high,medium
CTX0238,CUST0238,VEH0038,CONTR0238,SYNTHETIC,2026-08-22T06:44:00,11,Monday,Rio de Janeiro,Sudeste,1895,105,94.8,206,True,281,False,False,False,61.0,,False,False,high,medium
CTX0239,CUST0239,VEH0039,CONTR0239,SYNTHETIC,2026-08-29T07:14:00,12,Sunday,Salvador,Nordeste,1832,668,73.3,1000,True,46,True,False,False,64.0,,False,False,normal,medium
CTX0240,CUST0240,VEH0040,CONTR0240,SYNTHETIC,2026-08-28T07:11:00,16,Monday,Rio de Janeiro,Sudeste,983,217,81.9,350,True,0,True,True,False,35.0,,False,False,high,high
CTX0241,CUST0241,VEH0041,CONTR0241,SYNTHETIC,2026-09-12T11:36:00,13,Friday,Rio de Janeiro,Sudeste,462,338,57.8,1000,True,466,False,False,False,69.0,,False,False,normal,low
CTX0242,CUST0242,VEH0042,CONTR0242,SYNTHETIC,2026-08-18T08:32:00,17,Monday,Belo Horizonte,Sudeste,1068,732,59.3,700,True,48,True,True,True,50.0,,False,False,normal,high
CTX0243,CUST0243,VEH0043,CONTR0243,SYNTHETIC,2026-08-24T18:49:00,16,Monday,Recife,Nordeste,2141,0,178.4,4000,False,0,True,False,False,58.0,,False,False,high,medium
CTX0244,CUST0244,VEH0044,CONTR0244,SYNTHETIC,2026-09-04T11:43:00,18,Monday,Rio de Janeiro,Sudeste,2589,411,86.3,1000,True,44,True,False,False,83.0,,False,False,high,high
CTX0245,CUST0245,VEH0045,CONTR0245,SYNTHETIC,2026-08-22T10:47:00,18,Wednesday,Curitiba,Sul,1056,0,132.0,1500,False,0,True,True,False,43.0,,False,False,high,medium
CTX0246,CUST0246,VEH0046,CONTR0246,SYNTHETIC,2026-09-14T09:08:00,8,Tuesday,Florianópolis,Sul,1690,310,84.5,1000,True,207,False,False,False,84.0,,False,False,high,medium
CTX0247,CUST0247,VEH0047,CONTR0247,SYNTHETIC,2026-09-26T16:55:00,18,Monday,Brasília,Centro-Oeste,857,343,71.4,1000,True,0,True,True,False,34.0,,False,True,normal,high
CTX0248,CUST0248,VEH0048,CONTR0248,SYNTHETIC,2026-09-16T22:10:00,18,Tuesday,Campinas,Sudeste,1478,22,98.5,700,True,0,True,False,True,,66.0,False,False,high,high
CTX0249,CUST0249,VEH0049,CONTR0249,SYNTHETIC,2026-09-04T14:26:00,15,Thursday,Florianópolis,Sul,1865,0,124.3,4000,False,0,True,True,False,40.0,,False,False,high,medium
CTX0250,CUST0250,VEH0050,CONTR0250,SYNTHETIC,2026-08-23T12:29:00,9,Tuesday,Salvador,Nordeste,604,596,50.3,700,False,84,True,False,False,,28.0,False,False,normal,low
CTX0251,CUST0251,VEH0051,CONTR0251,SYNTHETIC,2026-09-10T20:21:00,19,Sunday,Florianópolis,Sul,2912,0,116.5,1500,False,44,True,True,True,82.0,,False,False,high,high
CTX0252,CUST0252,VEH0052,CONTR0252,SYNTHETIC,2026-09-11T11:25:00,16,Wednesday,Salvador,Nordeste,2093,0,139.5,700,True,0,True,True,False,82.0,,False,False,high,high
CTX0253,CUST0253,VEH0053,CONTR0253,SYNTHETIC,2026-09-06T17:07:00,12,Friday,Rio de Janeiro,Sudeste,989,211,82.4,4000,False,0,True,False,False,46.0,,False,False,normal,low
CTX0254,CUST0254,VEH0054,CONTR0254,SYNTHETIC,2026-09-03T15:53:00,8,Sunday,Recife,Nordeste,3415,0,136.6,1000,True,261,False,False,False,34.0,,False,False,high,medium
CTX0255,CUST0255,VEH0055,CONTR0255,SYNTHETIC,2026-08-20T10:45:00,19,Sunday,Florianópolis,Sul,936,64,93.6,1500,True,409,False,True,False,67.0,,False,False,high,medium
CTX0256,CUST0256,VEH0056,CONTR0256,SYNTHETIC,2026-08-30T19:34:00,7,Sunday,Curitiba,Sul,1246,0,155.8,4000,False,0,True,False,False,65.0,,False,False,high,medium
CTX0257,CUST0257,VEH0057,CONTR0257,SYNTHETIC,2026-09-09T11:41:00,7,Friday,Brasília,Centro-Oeste,1355,445,75.3,174,True,487,False,False,False,90.0,,False,False,normal,low
CTX0258,CUST0258,VEH0058,CONTR0258,SYNTHETIC,2026-08-30T22:35:00,13,Thursday,Salvador,Nordeste,1391,0,115.9,4000,False,314,False,True,False,32.0,,False,True,high,medium
CTX0259,CUST0259,VEH0059,CONTR0259,SYNTHETIC,2026-09-09T06:30:00,9,Wednesday,Curitiba,Sul,3792,0,126.4,4000,False,55,True,False,False,47.0,,False,False,high,medium
CTX0260,CUST0260,VEH0060,CONTR0260,SYNTHETIC,2026-09-02T12:33:00,21,Wednesday,Campinas,Sudeste,1040,0,130.0,2500,False,471,False,True,True,60.0,,False,False,high,medium
CTX0261,CUST0261,VEH0061,CONTR0261,SYNTHETIC,2026-09-12T07:51:00,9,Monday,Goiânia,Centro-Oeste,1755,745,70.2,2500,False,213,False,True,False,42.0,,False,False,normal,low
CTX0262,CUST0262,VEH0062,CONTR0262,SYNTHETIC,2026-09-16T22:11:00,11,Wednesday,Rio de Janeiro,Sudeste,1599,0,106.6,350,True,433,False,False,False,59.0,,False,False,high,medium
CTX0263,CUST0263,VEH0063,CONTR0263,SYNTHETIC,2026-08-20T19:25:00,6,Saturday,Porto Alegre,Sul,2922,0,116.9,350,True,224,False,True,False,50.0,,False,False,high,medium
CTX0264,CUST0264,VEH0064,CONTR0264,SYNTHETIC,2026-09-14T08:36:00,9,Sunday,Florianópolis,Sul,508,992,33.9,700,True,51,True,True,False,63.0,,False,True,low,high
CTX0265,CUST0265,VEH0065,CONTR0265,SYNTHETIC,2026-08-31T22:40:00,16,Friday,Salvador,Nordeste,634,366,63.4,350,True,168,False,True,False,57.0,,False,False,normal,low
CTX0266,CUST0266,VEH0066,CONTR0266,SYNTHETIC,2026-09-02T11:52:00,15,Friday,Florianópolis,Sul,721,79,90.1,700,True,420,False,True,False,89.0,,False,False,high,medium
CTX0267,CUST0267,VEH0067,CONTR0267,SYNTHETIC,2026-09-20T17:44:00,10,Friday,Curitiba,Sul,530,270,66.2,1500,False,181,False,True,False,79.0,,False,False,normal,low
CTX0268,CUST0268,VEH0068,CONTR0268,SYNTHETIC,2026-08-22T11:35:00,11,Thursday,Curitiba,Sul,1708,0,113.9,4000,False,182,False,True,False,86.0,,False,False,high,low
CTX0269,CUST0269,VEH0069,CONTR0269,SYNTHETIC,2026-09-09T06:31:00,10,Tuesday,Florianópolis,Sul,415,1085,27.7,1500,False,54,True,False,False,70.0,,False,False,low,low
CTX0270,CUST0270,VEH0070,CONTR0270,SYNTHETIC,2026-09-03T21:10:00,8,Friday,Rio de Janeiro,Sudeste,743,57,92.9,350,True,374,False,False,False,63.0,,False,False,high,medium
CTX0271,CUST0271,VEH0071,CONTR0271,SYNTHETIC,2026-09-21T20:36:00,21,Friday,Salvador,Nordeste,1891,0,105.1,4000,False,343,False,False,False,48.0,,False,False,high,low
CTX0272,CUST0272,VEH0072,CONTR0272,SYNTHETIC,2026-09-08T07:48:00,20,Friday,Salvador,Nordeste,1369,0,114.1,350,True,223,False,False,False,78.0,,False,False,high,medium
CTX0273,CUST0273,VEH0073,CONTR0273,SYNTHETIC,2026-09-12T07:28:00,14,Wednesday,Florianópolis,Sul,2788,0,139.4,1000,True,0,True,False,False,91.0,,False,False,high,high
CTX0274,CUST0274,VEH0074,CONTR0274,SYNTHETIC,2026-08-18T17:55:00,19,Tuesday,Rio de Janeiro,Sudeste,1813,687,72.5,4000,False,330,False,False,False,76.0,,False,False,normal,low
CTX0275,CUST0275,VEH0075,CONTR0275,SYNTHETIC,2026-08-24T11:20:00,15,Wednesday,Florianópolis,Sul,2019,0,134.6,700,True,409,False,False,False,,55.0,False,False,high,medium
CTX0276,CUST0276,VEH0076,CONTR0276,SYNTHETIC,2026-09-28T14:55:00,10,Saturday,Campinas,Sudeste,969,1531,38.8,220,True,0,True,False,False,37.0,,False,False,low,medium
CTX0277,CUST0277,VEH0077,CONTR0277,SYNTHETIC,2026-08-19T18:31:00,10,Friday,Fortaleza,Nordeste,2131,369,85.2,1500,False,0,True,True,True,,69.0,False,False,high,high
CTX0278,CUST0278,VEH0078,CONTR0278,SYNTHETIC,2026-09-26T18:32:00,14,Saturday,Belo Horizonte,Sudeste,1707,93,94.8,4000,False,188,False,False,False,16.0,,True,False,high,medium
CTX0279,CUST0279,VEH0079,CONTR0279,SYNTHETIC,2026-09-26T20:40:00,17,Sunday,Brasília,Centro-Oeste,2078,922,69.3,1500,False,152,False,False,False,30.0,,False,False,normal,low
CTX0280,CUST0280,VEH0080,CONTR0280,SYNTHETIC,2026-08-31T14:20:00,15,Wednesday,Brasília,Centro-Oeste,2359,141,94.4,4000,False,447,False,False,False,80.0,,False,False,high,low
CTX0281,CUST0281,VEH0081,CONTR0281,SYNTHETIC,2026-09-29T09:40:00,20,Monday,Rio de Janeiro,Sudeste,1456,344,80.9,1000,True,224,False,False,False,51.0,,False,False,normal,low
CTX0282,CUST0282,VEH0082,CONTR0282,SYNTHETIC,2026-09-19T10:56:00,15,Tuesday,Florianópolis,Sul,1392,408,77.3,2500,False,60,True,False,False,64.0,,False,True,high,high
CTX0283,CUST0283,VEH0083,CONTR0283,SYNTHETIC,2026-08-21T11:03:00,18,Saturday,Rio de Janeiro,Sudeste,701,299,70.1,2500,False,356,False,False,False,76.0,,False,False,normal,low
CTX0284,CUST0284,VEH0084,CONTR0284,SYNTHETIC,2026-10-01T12:30:00,8,Tuesday,Salvador,Nordeste,3486,0,116.2,4000,False,110,False,False,False,89.0,,False,False,high,low
CTX0285,CUST0285,VEH0085,CONTR0285,SYNTHETIC,2026-09-24T19:44:00,10,Thursday,Recife,Nordeste,3339,0,111.3,2500,False,98,True,True,False,82.0,,False,True,high,high
CTX0286,CUST0286,VEH0086,CONTR0286,SYNTHETIC,2026-09-11T17:56:00,15,Tuesday,Salvador,Nordeste,804,996,44.7,700,False,474,False,True,True,52.0,,False,False,low,low
CTX0287,CUST0287,VEH0087,CONTR0287,SYNTHETIC,2026-08-21T11:28:00,17,Saturday,Recife,Nordeste,1407,0,117.3,350,True,0,True,True,False,60.0,,False,False,high,high
CTX0288,CUST0288,VEH0088,CONTR0288,SYNTHETIC,2026-09-18T08:57:00,9,Tuesday,Goiânia,Centro-Oeste,1278,222,85.2,4000,False,119,False,False,False,69.0,,False,False,high,low
CTX0289,CUST0289,VEH0089,CONTR0289,SYNTHETIC,2026-09-23T13:17:00,8,Tuesday,Campinas,Sudeste,1162,0,116.2,700,False,89,True,True,False,86.0,,False,False,high,medium
CTX0290,CUST0290,VEH0090,CONTR0290,SYNTHETIC,2026-08-24T22:12:00,18,Wednesday,Recife,Nordeste,1156,44,96.3,350,True,0,True,True,False,83.0,,False,False,high,high
CTX0291,CUST0291,VEH0091,CONTR0291,SYNTHETIC,2026-08-24T08:33:00,6,Wednesday,São Paulo,Sudeste,1801,0,150.1,4000,False,0,True,False,False,70.0,,False,False,high,medium
CTX0292,CUST0292,VEH0092,CONTR0292,SYNTHETIC,2026-09-20T21:49:00,8,Monday,Rio de Janeiro,Sudeste,828,0,103.5,350,True,0,True,False,False,90.0,,False,False,high,high
CTX0293,CUST0293,VEH0093,CONTR0293,SYNTHETIC,2026-09-06T22:18:00,22,Sunday,Porto Alegre,Sul,1620,0,162.0,1500,False,158,False,True,True,74.0,,False,True,high,high
CTX0294,CUST0294,VEH0094,CONTR0294,SYNTHETIC,2026-09-22T14:05:00,15,Monday,Curitiba,Sul,1381,119,92.1,700,True,0,True,False,False,51.0,,False,False,high,high
CTX0295,CUST0295,VEH0095,CONTR0295,SYNTHETIC,2026-08-21T08:19:00,19,Saturday,Campinas,Sudeste,497,1303,27.6,454,True,517,False,False,False,23.0,,True,False,low,medium
CTX0296,CUST0296,VEH0096,CONTR0296,SYNTHETIC,2026-08-23T07:19:00,11,Monday,Fortaleza,Nordeste,446,1054,29.7,2500,False,125,False,True,False,86.0,,False,False,low,low
CTX0297,CUST0297,VEH0097,CONTR0297,SYNTHETIC,2026-09-09T22:33:00,14,Tuesday,Fortaleza,Nordeste,2823,0,112.9,1000,False,0,True,False,False,30.0,,True,True,high,high
CTX0298,CUST0298,VEH0098,CONTR0298,SYNTHETIC,2026-09-30T16:51:00,19,Wednesday,Belo Horizonte,Sudeste,1732,268,86.6,2500,False,0,True,False,False,52.0,,False,False,high,medium
CTX0299,CUST0299,VEH0099,CONTR0299,SYNTHETIC,2026-08-31T11:23:00,11,Wednesday,Porto Alegre,Sul,1734,266,86.7,700,False,391,False,True,False,87.0,,False,False,high,low
CTX0300,CUST0300,VEH0100,CONTR0300,SYNTHETIC,2026-10-01T13:02:00,21,Wednesday,Belo Horizonte,Sudeste,2092,0,116.2,306,True,392,False,True,False,67.0,,False,False,high,medium
CTX0301,CUST0301,VEH0001,CONTR0301,SYNTHETIC,2026-08-21T19:14:00,16,Tuesday,Salvador,Nordeste,2245,755,74.8,1500,True,0,True,False,False,58.0,,False,False,normal,medium
CTX0302,CUST0302,VEH0002,CONTR0302,SYNTHETIC,2026-09-24T22:43:00,7,Tuesday,Recife,Nordeste,943,557,62.9,1500,True,192,False,False,False,51.0,,False,False,normal,low
CTX0303,CUST0303,VEH0003,CONTR0303,SYNTHETIC,2026-09-13T15:20:00,8,Friday,Fortaleza,Nordeste,1164,1336,46.6,700,True,150,False,False,False,50.0,,False,True,normal,medium
CTX0304,CUST0304,VEH0004,CONTR0304,SYNTHETIC,2026-08-23T13:29:00,17,Friday,São Paulo,Sudeste,2591,0,172.7,4000,False,317,False,False,False,41.0,,False,False,high,low
CTX0305,CUST0305,VEH0005,CONTR0305,SYNTHETIC,2026-09-17T17:40:00,6,Wednesday,Salvador,Nordeste,1381,0,138.1,350,True,46,True,False,True,64.0,,False,True,high,high
CTX0306,CUST0306,VEH0006,CONTR0306,SYNTHETIC,2026-08-29T13:26:00,21,Monday,Fortaleza,Nordeste,2074,0,115.2,350,True,0,True,True,False,39.0,,False,False,high,high
CTX0307,CUST0307,VEH0007,CONTR0307,SYNTHETIC,2026-08-29T19:44:00,17,Thursday,Curitiba,Sul,1429,71,95.3,1500,False,14,True,True,False,94.0,,False,True,high,high
CTX0308,CUST0308,VEH0008,CONTR0308,SYNTHETIC,2026-09-27T07:27:00,10,Tuesday,Recife,Nordeste,3653,0,146.1,350,True,501,False,False,False,87.0,,False,False,high,medium
CTX0309,CUST0309,VEH0009,CONTR0309,SYNTHETIC,2026-09-11T20:17:00,13,Monday,Rio de Janeiro,Sudeste,1390,610,69.5,1500,False,383,False,False,False,76.0,,False,False,normal,low
CTX0310,CUST0310,VEH0010,CONTR0310,SYNTHETIC,2026-09-11T19:07:00,17,Sunday,Fortaleza,Nordeste,2074,0,103.7,2500,False,80,False,False,False,16.0,,True,False,high,medium
CTX0311,CUST0311,VEH0011,CONTR0311,SYNTHETIC,2026-09-21T15:52:00,7,Tuesday,Brasília,Centro-Oeste,1264,236,84.3,700,True,127,False,True,False,77.0,,False,False,high,medium
CTX0312,CUST0312,VEH0012,CONTR0312,SYNTHETIC,2026-08-30T07:43:00,15,Wednesday,Belo Horizonte,Sudeste,2913,0,145.6,1500,False,291,False,True,True,45.0,,False,False,high,medium
CTX0313,CUST0313,VEH0013,CONTR0313,SYNTHETIC,2026-09-25T20:06:00,10,Monday,Curitiba,Sul,1539,0,102.6,350,True,402,False,False,True,91.0,,False,False,high,high
CTX0314,CUST0314,VEH0014,CONTR0314,SYNTHETIC,2026-08-19T08:37:00,14,Sunday,Goiânia,Centro-Oeste,484,316,60.5,2500,False,127,False,False,True,38.0,,False,False,normal,low
CTX0315,CUST0315,VEH0015,CONTR0315,SYNTHETIC,2026-09-23T08:57:00,16,Monday,Belo Horizonte,Sudeste,944,0,118.0,2500,False,488,False,False,False,23.0,,False,False,high,low
CTX0316,CUST0316,VEH0016,CONTR0316,SYNTHETIC,2026-09-06T21:01:00,18,Saturday,Curitiba,Sul,2061,439,82.4,700,False,509,False,False,False,76.0,,False,False,high,low
CTX0317,CUST0317,VEH0017,CONTR0317,SYNTHETIC,2026-09-03T10:02:00,13,Saturday,Campinas,Sudeste,3081,0,123.2,2500,False,0,True,True,False,34.0,,False,False,high,medium
CTX0318,CUST0318,VEH0018,CONTR0318,SYNTHETIC,2026-09-07T10:26:00,12,Saturday,Brasília,Centro-Oeste,2906,0,116.2,1000,True,319,False,True,False,85.0,,False,False,high,medium
CTX0319,CUST0319,VEH0019,CONTR0319,SYNTHETIC,2026-08-28T21:22:00,22,Wednesday,Campinas,Sudeste,2695,0,107.8,345,True,243,False,True,False,58.0,,False,False,high,medium
CTX0320,CUST0320,VEH0020,CONTR0320,SYNTHETIC,2026-09-14T07:51:00,21,Friday,Campinas,Sudeste,1138,62,94.8,350,True,272,False,True,False,62.0,,False,False,high,medium
CTX0321,CUST0321,VEH0021,CONTR0321,SYNTHETIC,2026-09-14T07:48:00,13,Friday,Campinas,Sudeste,749,451,62.4,1000,True,68,True,False,False,,52.0,False,False,normal,medium
CTX0322,CUST0322,VEH0022,CONTR0322,SYNTHETIC,2026-08-18T17:58:00,6,Saturday,Porto Alegre,Sul,1329,171,88.6,350,True,36,True,True,False,68.0,,False,False,high,high
CTX0323,CUST0323,VEH0023,CONTR0323,SYNTHETIC,2026-08-31T15:11:00,21,Monday,Salvador,Nordeste,873,927,48.5,1500,False,0,True,False,False,,31.0,False,False,normal,low
CTX0324,CUST0324,VEH0024,CONTR0324,SYNTHETIC,2026-10-01T16:58:00,12,Sunday,Belo Horizonte,Sudeste,1588,0,158.8,350,True,188,False,False,False,88.0,,False,False,high,medium
CTX0325,CUST0325,VEH0025,CONTR0325,SYNTHETIC,2026-08-17T10:49:00,9,Sunday,Fortaleza,Nordeste,778,222,77.8,4000,False,431,False,True,False,55.0,,False,True,normal,low
CTX0326,CUST0326,VEH0026,CONTR0326,SYNTHETIC,2026-09-25T16:19:00,16,Tuesday,Recife,Nordeste,1965,0,163.8,1500,False,222,False,True,True,15.0,,True,False,high,high
CTX0327,CUST0327,VEH0027,CONTR0327,SYNTHETIC,2026-09-20T17:14:00,11,Thursday,Fortaleza,Nordeste,3285,0,131.4,350,True,83,True,False,False,48.0,,False,False,high,high
CTX0328,CUST0328,VEH0028,CONTR0328,SYNTHETIC,2026-08-18T18:54:00,7,Tuesday,Campinas,Sudeste,949,551,63.3,1000,True,447,False,True,False,46.0,,False,False,normal,low
CTX0329,CUST0329,VEH0029,CONTR0329,SYNTHETIC,2026-09-22T16:47:00,8,Tuesday,Salvador,Nordeste,1423,0,118.6,350,True,31,True,False,True,84.0,,False,False,high,high
CTX0330,CUST0330,VEH0030,CONTR0330,SYNTHETIC,2026-08-17T16:28:00,6,Wednesday,Curitiba,Sul,372,628,37.2,700,True,390,False,True,False,78.0,,False,False,low,low
CTX0331,CUST0331,VEH0031,CONTR0331,SYNTHETIC,2026-10-01T07:24:00,20,Saturday,Rio de Janeiro,Sudeste,642,1158,35.7,2500,False,472,False,True,False,64.0,,False,False,low,low
CTX0332,CUST0332,VEH0032,CONTR0332,SYNTHETIC,2026-09-07T09:53:00,21,Sunday,São Paulo,Sudeste,1793,0,119.5,2500,False,447,False,True,False,55.0,,False,False,high,low
CTX0333,CUST0333,VEH0033,CONTR0333,SYNTHETIC,2026-09-30T16:16:00,9,Monday,Fortaleza,Nordeste,1117,83,93.1,1000,True,202,False,True,False,79.0,,False,False,high,medium
CTX0334,CUST0334,VEH0034,CONTR0334,SYNTHETIC,2026-09-26T16:38:00,21,Saturday,Goiânia,Centro-Oeste,1676,0,111.7,4000,False,507,False,False,False,53.0,,False,False,high,low
CTX0335,CUST0335,VEH0035,CONTR0335,SYNTHETIC,2026-09-25T16:13:00,12,Thursday,Rio de Janeiro,Sudeste,2399,101,96.0,700,False,0,True,True,True,43.0,,False,False,high,high
CTX0336,CUST0336,VEH0036,CONTR0336,SYNTHETIC,2026-08-26T21:09:00,7,Wednesday,Salvador,Nordeste,4888,0,162.9,4000,False,282,False,True,False,31.0,,False,False,high,low
CTX0337,CUST0337,VEH0037,CONTR0337,SYNTHETIC,2026-09-01T12:06:00,6,Tuesday,Recife,Nordeste,1090,1410,43.6,350,True,270,False,False,False,17.0,,True,False,low,medium
CTX0338,CUST0338,VEH0038,CONTR0338,SYNTHETIC,2026-09-06T21:31:00,14,Monday,Goiânia,Centro-Oeste,619,381,61.9,221,True,282,False,True,False,93.0,,False,False,normal,low
CTX0339,CUST0339,VEH0039,CONTR0339,SYNTHETIC,2026-09-15T20:29:00,14,Tuesday,Salvador,Nordeste,633,867,42.2,700,True,424,False,False,False,87.0,,False,False,low,low
CTX0340,CUST0340,VEH0040,CONTR0340,SYNTHETIC,2026-09-26T17:51:00,19,Sunday,Curitiba,Sul,1863,137,93.2,1500,False,280,False,False,False,65.0,,False,False,high,low
CTX0341,CUST0341,VEH0041,CONTR0341,SYNTHETIC,2026-08-28T21:36:00,13,Thursday,Florianópolis,Sul,1772,0,147.7,2500,False,399,False,False,False,19.0,,True,False,high,medium
CTX0342,CUST0342,VEH0042,CONTR0342,SYNTHETIC,2026-08-29T10:07:00,20,Tuesday,Rio de Janeiro,Sudeste,1925,0,160.4,700,True,0,True,False,False,24.0,,True,True,high,high
CTX0343,CUST0343,VEH0043,CONTR0343,SYNTHETIC,2026-08-19T19:12:00,10,Sunday,Salvador,Nordeste,1785,0,119.0,1000,True,63,True,True,False,43.0,,False,True,high,high
CTX0344,CUST0344,VEH0044,CONTR0344,SYNTHETIC,2026-09-11T14:33:00,20,Sunday,Brasília,Centro-Oeste,1276,224,85.1,4000,False,390,False,True,False,23.0,,False,False,high,low
CTX0345,CUST0345,VEH0045,CONTR0345,SYNTHETIC,2026-08-25T09:59:00,9,Friday,Rio de Janeiro,Sudeste,802,198,80.2,4000,False,0,True,True,False,37.0,,False,False,normal,low
CTX0346,CUST0346,VEH0046,CONTR0346,SYNTHETIC,2026-08-26T21:02:00,11,Wednesday,Rio de Janeiro,Sudeste,2054,0,102.7,350,True,412,False,False,False,18.0,,True,False,high,high
CTX0347,CUST0347,VEH0047,CONTR0347,SYNTHETIC,2026-08-18T13:03:00,21,Wednesday,Curitiba,Sul,1254,0,125.4,350,True,0,True,False,False,52.0,,False,False,high,high
CTX0348,CUST0348,VEH0048,CONTR0348,SYNTHETIC,2026-08-18T09:55:00,13,Tuesday,Recife,Nordeste,690,310,69.0,2500,False,464,False,False,True,,54.0,False,False,normal,low
CTX0349,CUST0349,VEH0049,CONTR0349,SYNTHETIC,2026-08-21T08:12:00,20,Tuesday,Brasília,Centro-Oeste,2702,298,90.1,350,True,396,False,False,False,77.0,,False,False,high,medium
CTX0350,CUST0350,VEH0050,CONTR0350,SYNTHETIC,2026-08-30T11:04:00,15,Saturday,Rio de Janeiro,Sudeste,897,103,89.7,2500,False,460,False,False,False,,40.0,False,False,high,low
CTX0351,CUST0351,VEH0051,CONTR0351,SYNTHETIC,2026-09-28T13:02:00,20,Monday,Brasília,Centro-Oeste,1927,0,107.1,4000,False,108,False,False,False,56.0,,False,False,high,low
CTX0352,CUST0352,VEH0052,CONTR0352,SYNTHETIC,2026-09-06T09:43:00,6,Tuesday,Curitiba,Sul,1408,0,176.0,1500,False,402,False,False,False,66.0,,False,False,high,low
CTX0353,CUST0353,VEH0053,CONTR0353,SYNTHETIC,2026-08-27T17:22:00,11,Sunday,Porto Alegre,Sul,2221,779,74.0,350,True,462,False,False,False,29.0,,False,False,normal,low
CTX0354,CUST0354,VEH0054,CONTR0354,SYNTHETIC,2026-08-26T12:54:00,13,Saturday,Brasília,Centro-Oeste,1360,140,90.7,2500,False,0,True,True,True,59.0,,False,True,high,high
CTX0355,CUST0355,VEH0055,CONTR0355,SYNTHETIC,2026-08-19T06:30:00,10,Saturday,São Paulo,Sudeste,995,205,82.9,4000,False,218,False,False,False,59.0,,False,False,normal,low
CTX0356,CUST0356,VEH0056,CONTR0356,SYNTHETIC,2026-09-12T14:27:00,18,Sunday,Florianópolis,Sul,1681,119,93.4,350,True,41,True,False,False,40.0,,False,False,high,high
CTX0357,CUST0357,VEH0057,CONTR0357,SYNTHETIC,2026-08-23T18:37:00,9,Monday,Porto Alegre,Sul,2351,0,117.5,155,True,14,True,False,True,61.0,,False,False,high,high
CTX0358,CUST0358,VEH0058,CONTR0358,SYNTHETIC,2026-09-10T14:40:00,16,Sunday,Porto Alegre,Sul,2239,761,74.6,350,True,0,True,False,False,49.0,,False,False,normal,medium
CTX0359,CUST0359,VEH0059,CONTR0359,SYNTHETIC,2026-09-28T18:42:00,16,Saturday,Belo Horizonte,Sudeste,1843,0,102.4,2500,False,0,True,False,True,45.0,,False,False,high,high
CTX0360,CUST0360,VEH0060,CONTR0360,SYNTHETIC,2026-09-05T18:24:00,7,Friday,Fortaleza,Nordeste,1564,236,86.9,4000,False,0,True,True,True,47.0,,False,False,high,high
CTX0361,CUST0361,VEH0061,CONTR0361,SYNTHETIC,2026-08-20T17:32:00,15,Sunday,Curitiba,Sul,1920,80,96.0,1500,False,382,False,False,False,57.0,,False,False,high,low
CTX0362,CUST0362,VEH0062,CONTR0362,SYNTHETIC,2026-09-15T11:43:00,16,Saturday,Florianópolis,Sul,1289,0,107.4,1000,True,0,True,True,False,15.0,,True,False,high,high
CTX0363,CUST0363,VEH0063,CONTR0363,SYNTHETIC,2026-09-10T17:16:00,15,Thursday,Fortaleza,Nordeste,1880,1120,62.7,1000,False,426,False,True,True,91.0,,False,False,normal,low
CTX0364,CUST0364,VEH0064,CONTR0364,SYNTHETIC,2026-09-27T21:56:00,12,Friday,Porto Alegre,Sul,898,102,89.8,1500,False,299,False,False,False,44.0,,False,False,high,low
CTX0365,CUST0365,VEH0065,CONTR0365,SYNTHETIC,2026-09-22T10:12:00,16,Thursday,Fortaleza,Nordeste,2139,0,106.9,700,False,7,True,True,False,82.0,,False,False,high,medium
CTX0366,CUST0366,VEH0066,CONTR0366,SYNTHETIC,2026-09-10T11:20:00,7,Monday,Goiânia,Centro-Oeste,960,240,80.0,1000,True,438,False,True,False,36.0,,False,False,high,medium
CTX0367,CUST0367,VEH0067,CONTR0367,SYNTHETIC,2026-09-26T10:39:00,19,Saturday,Florianópolis,Sul,1069,431,71.3,2500,False,243,False,True,False,52.0,,False,False,normal,low
CTX0368,CUST0368,VEH0068,CONTR0368,SYNTHETIC,2026-09-19T17:00:00,16,Sunday,Goiânia,Centro-Oeste,1806,0,120.4,700,True,170,False,True,True,52.0,,False,False,high,high
CTX0369,CUST0369,VEH0069,CONTR0369,SYNTHETIC,2026-09-09T15:08:00,9,Thursday,Florianópolis,Sul,796,2204,26.5,4000,False,0,True,True,False,42.0,,False,False,low,low
CTX0370,CUST0370,VEH0070,CONTR0370,SYNTHETIC,2026-08-29T22:21:00,19,Saturday,Brasília,Centro-Oeste,730,70,91.2,4000,False,496,False,True,False,48.0,,False,False,high,low
CTX0371,CUST0371,VEH0071,CONTR0371,SYNTHETIC,2026-09-06T06:14:00,13,Saturday,Rio de Janeiro,Sudeste,1736,764,69.4,1500,False,118,True,True,False,52.0,,False,False,normal,low
CTX0372,CUST0372,VEH0072,CONTR0372,SYNTHETIC,2026-08-17T07:24:00,14,Sunday,Campinas,Sudeste,445,555,44.5,700,True,172,False,True,True,63.0,,False,False,low,medium
CTX0373,CUST0373,VEH0073,CONTR0373,SYNTHETIC,2026-09-28T09:26:00,20,Thursday,Rio de Janeiro,Sudeste,862,138,86.2,1500,False,187,False,False,False,41.0,,False,False,high,low
CTX0374,CUST0374,VEH0074,CONTR0374,SYNTHETIC,2026-08-19T06:19:00,19,Saturday,Campinas,Sudeste,1259,241,83.9,1500,False,378,False,True,False,46.0,,False,False,normal,low
CTX0375,CUST0375,VEH0075,CONTR0375,SYNTHETIC,2026-09-25T22:46:00,9,Wednesday,Rio de Janeiro,Sudeste,781,419,65.1,2500,False,0,True,True,False,,53.0,False,False,normal,low
CTX0376,CUST0376,VEH0076,CONTR0376,SYNTHETIC,2026-08-29T12:22:00,19,Wednesday,Fortaleza,Nordeste,1469,1031,58.8,453,True,477,False,False,False,94.0,,False,False,normal,low
CTX0377,CUST0377,VEH0077,CONTR0377,SYNTHETIC,2026-09-16T06:00:00,8,Monday,Salvador,Nordeste,2006,494,80.2,350,True,10,True,False,False,,67.0,False,False,high,high
CTX0378,CUST0378,VEH0078,CONTR0378,SYNTHETIC,2026-09-15T13:29:00,15,Wednesday,Florianópolis,Sul,2433,567,81.1,1000,True,401,False,False,False,26.0,,True,True,high,high
CTX0379,CUST0379,VEH0079,CONTR0379,SYNTHETIC,2026-09-08T16:27:00,9,Monday,Salvador,Nordeste,1126,0,112.6,1000,True,355,False,False,False,68.0,,False,False,high,medium
CTX0380,CUST0380,VEH0080,CONTR0380,SYNTHETIC,2026-09-03T14:56:00,8,Wednesday,Fortaleza,Nordeste,212,588,26.5,4000,False,171,False,True,False,67.0,,False,False,low,low
CTX0381,CUST0381,VEH0081,CONTR0381,SYNTHETIC,2026-09-07T21:51:00,19,Saturday,Recife,Nordeste,1547,253,85.9,1500,False,431,False,False,False,71.0,,False,False,high,low
CTX0382,CUST0382,VEH0082,CONTR0382,SYNTHETIC,2026-09-21T09:26:00,21,Sunday,Fortaleza,Nordeste,987,213,82.2,700,True,0,True,False,False,82.0,,False,False,high,high
CTX0383,CUST0383,VEH0083,CONTR0383,SYNTHETIC,2026-09-23T21:58:00,21,Monday,Curitiba,Sul,1368,0,114.0,4000,False,425,False,False,False,25.0,,True,False,high,medium
CTX0384,CUST0384,VEH0084,CONTR0384,SYNTHETIC,2026-08-17T22:49:00,13,Saturday,Rio de Janeiro,Sudeste,1015,185,84.6,1500,True,429,False,True,False,66.0,,False,False,high,medium
CTX0385,CUST0385,VEH0085,CONTR0385,SYNTHETIC,2026-09-09T18:09:00,7,Monday,Brasília,Centro-Oeste,1067,0,106.7,1000,True,90,False,True,False,63.0,,False,False,high,medium
CTX0386,CUST0386,VEH0086,CONTR0386,SYNTHETIC,2026-08-31T16:15:00,16,Wednesday,Goiânia,Centro-Oeste,2152,848,71.7,1000,True,219,False,True,False,21.0,,True,False,normal,medium
CTX0387,CUST0387,VEH0087,CONTR0387,SYNTHETIC,2026-09-16T08:29:00,20,Sunday,Recife,Nordeste,1507,0,150.7,700,False,0,True,False,False,48.0,,False,False,high,medium
CTX0388,CUST0388,VEH0088,CONTR0388,SYNTHETIC,2026-08-21T06:06:00,18,Thursday,Salvador,Nordeste,2604,396,86.8,1000,True,220,False,False,False,52.0,,False,False,high,medium
CTX0389,CUST0389,VEH0089,CONTR0389,SYNTHETIC,2026-08-22T15:56:00,22,Friday,Recife,Nordeste,1192,0,119.2,2500,False,0,True,False,False,57.0,,False,False,high,medium
CTX0390,CUST0390,VEH0090,CONTR0390,SYNTHETIC,2026-09-17T20:21:00,21,Saturday,Campinas,Sudeste,579,921,38.6,1500,False,492,False,True,False,45.0,,False,False,low,low
CTX0391,CUST0391,VEH0091,CONTR0391,SYNTHETIC,2026-10-01T16:22:00,15,Friday,São Paulo,Sudeste,2399,0,133.3,1500,False,8,True,False,False,48.0,,False,False,high,medium
CTX0392,CUST0392,VEH0092,CONTR0392,SYNTHETIC,2026-08-17T19:06:00,14,Friday,Fortaleza,Nordeste,1412,388,78.4,4000,False,0,True,False,True,22.0,,False,False,normal,medium
CTX0393,CUST0393,VEH0093,CONTR0393,SYNTHETIC,2026-09-19T16:06:00,19,Monday,Brasília,Centro-Oeste,2162,338,86.5,1000,True,25,True,False,False,88.0,,False,False,high,high
CTX0394,CUST0394,VEH0094,CONTR0394,SYNTHETIC,2026-08-31T06:33:00,7,Friday,São Paulo,Sudeste,785,215,78.5,1500,False,85,True,False,False,63.0,,False,False,normal,low
CTX0395,CUST0395,VEH0095,CONTR0395,SYNTHETIC,2026-08-18T11:46:00,10,Monday,São Paulo,Sudeste,466,334,58.2,239,True,0,True,False,False,15.0,,True,False,normal,high
CTX0396,CUST0396,VEH0096,CONTR0396,SYNTHETIC,2026-08-24T13:17:00,18,Wednesday,Rio de Janeiro,Sudeste,425,575,42.5,700,True,233,False,False,False,21.0,,True,False,low,medium
CTX0397,CUST0397,VEH0097,CONTR0397,SYNTHETIC,2026-08-30T15:53:00,16,Saturday,Brasília,Centro-Oeste,418,382,52.2,1000,True,230,False,False,False,83.0,,False,False,normal,low
CTX0398,CUST0398,VEH0098,CONTR0398,SYNTHETIC,2026-08-19T10:45:00,11,Friday,Recife,Nordeste,1920,580,76.8,4000,False,0,True,False,False,30.0,,True,False,high,high
CTX0399,CUST0399,VEH0099,CONTR0399,SYNTHETIC,2026-08-20T19:43:00,15,Sunday,Florianópolis,Sul,688,112,86.0,1000,True,0,True,False,False,66.0,,False,False,high,high
CTX0400,CUST0400,VEH0100,CONTR0400,SYNTHETIC,2026-09-28T12:17:00,11,Wednesday,Florianópolis,Sul,930,0,116.3,114,True,280,False,True,False,63.0,,False,False,high,medium
CTX0401,CUST0401,VEH0001,CONTR0401,SYNTHETIC,2026-08-28T07:22:00,20,Monday,Belo Horizonte,Sudeste,1923,0,128.2,2500,False,0,True,True,False,79.0,,False,False,high,medium
CTX0402,CUST0402,VEH0002,CONTR0402,SYNTHETIC,2026-08-18T15:44:00,7,Thursday,Florianópolis,Sul,682,518,56.8,1500,False,484,False,False,True,80.0,,False,False,normal,low
CTX0403,CUST0403,VEH0003,CONTR0403,SYNTHETIC,2026-09-19T20:53:00,13,Saturday,Fortaleza,Nordeste,999,1,99.9,350,True,0,True,False,False,49.0,,False,True,high,high
CTX0404,CUST0404,VEH0004,CONTR0404,SYNTHETIC,2026-09-20T08:11:00,11,Saturday,São Paulo,Sudeste,1177,23,98.1,350,True,520,False,True,False,66.0,,False,False,high,medium
CTX0405,CUST0405,VEH0005,CONTR0405,SYNTHETIC,2026-09-21T14:00:00,16,Thursday,Belo Horizonte,Sudeste,524,676,43.7,350,True,198,False,True,False,82.0,,False,False,low,low
CTX0406,CUST0406,VEH0006,CONTR0406,SYNTHETIC,2026-08-22T15:31:00,17,Monday,Salvador,Nordeste,970,30,97.0,2500,False,318,False,False,False,95.0,,False,False,high,low
CTX0407,CUST0407,VEH0007,CONTR0407,SYNTHETIC,2026-09-21T19:34:00,18,Monday,Rio de Janeiro,Sudeste,1308,0,109.0,1500,False,31,True,False,False,92.0,,False,False,high,medium
CTX0408,CUST0408,VEH0008,CONTR0408,SYNTHETIC,2026-09-18T22:30:00,6,Monday,Brasília,Centro-Oeste,1898,0,105.4,2500,False,462,False,True,True,18.0,,True,False,high,high
CTX0409,CUST0409,VEH0009,CONTR0409,SYNTHETIC,2026-09-29T16:24:00,9,Thursday,Belo Horizonte,Sudeste,1356,1644,45.2,1000,True,44,True,False,False,17.0,,True,False,normal,high
CTX0410,CUST0410,VEH0010,CONTR0410,SYNTHETIC,2026-09-08T22:51:00,22,Thursday,Belo Horizonte,Sudeste,537,263,67.1,350,True,506,False,False,False,71.0,,False,False,normal,low
CTX0411,CUST0411,VEH0011,CONTR0411,SYNTHETIC,2026-09-25T11:49:00,6,Saturday,Curitiba,Sul,1138,62,94.8,4000,False,0,True,False,False,79.0,,False,False,high,medium
CTX0412,CUST0412,VEH0012,CONTR0412,SYNTHETIC,2026-08-28T19:41:00,8,Saturday,Goiânia,Centro-Oeste,2130,0,106.5,2500,False,513,False,True,False,87.0,,False,False,high,low
CTX0413,CUST0413,VEH0013,CONTR0413,SYNTHETIC,2026-09-28T11:50:00,14,Friday,Porto Alegre,Sul,2382,618,79.4,1500,False,302,False,True,False,33.0,,False,False,high,low
CTX0414,CUST0414,VEH0014,CONTR0414,SYNTHETIC,2026-09-06T19:20:00,6,Thursday,Rio de Janeiro,Sudeste,2363,0,118.2,1000,False,467,False,False,False,50.0,,False,False,high,low
CTX0415,CUST0415,VEH0015,CONTR0415,SYNTHETIC,2026-08-25T07:44:00,8,Wednesday,Porto Alegre,Sul,698,502,58.2,4000,False,248,False,True,False,25.0,,True,False,normal,low
CTX0416,CUST0416,VEH0016,CONTR0416,SYNTHETIC,2026-09-03T18:25:00,6,Thursday,Curitiba,Sul,1495,0,149.5,2500,False,55,True,False,False,68.0,,False,False,high,medium
CTX0417,CUST0417,VEH0017,CONTR0417,SYNTHETIC,2026-08-28T15:40:00,10,Wednesday,Campinas,Sudeste,2124,0,106.2,2500,False,73,True,False,False,45.0,,False,False,high,medium
CTX0418,CUST0418,VEH0018,CONTR0418,SYNTHETIC,2026-09-06T08:19:00,12,Saturday,Salvador,Nordeste,927,0,115.9,4000,False,336,False,False,False,63.0,,False,True,high,medium
CTX0419,CUST0419,VEH0019,CONTR0419,SYNTHETIC,2026-09-20T13:39:00,14,Tuesday,Goiânia,Centro-Oeste,704,796,46.9,193,True,236,False,True,False,59.0,,False,False,normal,low
CTX0420,CUST0420,VEH0020,CONTR0420,SYNTHETIC,2026-09-13T08:16:00,9,Tuesday,Curitiba,Sul,877,0,109.6,350,True,290,False,False,False,26.0,,True,False,high,high
CTX0421,CUST0421,VEH0021,CONTR0421,SYNTHETIC,2026-09-13T08:57:00,12,Wednesday,Rio de Janeiro,Sudeste,525,475,52.5,1000,True,0,True,True,False,,32.0,False,False,normal,medium
CTX0422,CUST0422,VEH0022,CONTR0422,SYNTHETIC,2026-09-22T17:51:00,16,Thursday,Recife,Nordeste,1615,385,80.8,2500,False,455,False,False,False,15.0,,True,False,high,medium
CTX0423,CUST0423,VEH0023,CONTR0423,SYNTHETIC,2026-08-21T19:17:00,17,Tuesday,Belo Horizonte,Sudeste,1205,0,120.5,1500,False,392,False,False,False,,51.0,False,False,high,low
CTX0424,CUST0424,VEH0024,CONTR0424,SYNTHETIC,2026-08-27T09:11:00,8,Sunday,Porto Alegre,Sul,2288,0,114.4,4000,False,148,True,True,False,53.0,,False,False,high,medium
CTX0425,CUST0425,VEH0025,CONTR0425,SYNTHETIC,2026-09-27T06:54:00,22,Saturday,Curitiba,Sul,1078,722,59.9,1500,False,364,False,False,False,35.0,,False,False,normal,low
CTX0426,CUST0426,VEH0026,CONTR0426,SYNTHETIC,2026-09-15T21:41:00,10,Wednesday,Fortaleza,Nordeste,554,446,55.4,1500,False,115,True,True,False,58.0,,False,False,normal,low
CTX0427,CUST0427,VEH0027,CONTR0427,SYNTHETIC,2026-09-06T17:32:00,6,Saturday,Curitiba,Sul,1014,186,84.5,1000,True,518,False,False,False,48.0,,False,False,high,medium
CTX0428,CUST0428,VEH0028,CONTR0428,SYNTHETIC,2026-08-26T10:47:00,21,Wednesday,Brasília,Centro-Oeste,4075,0,163.0,700,True,163,False,True,False,43.0,,False,False,high,medium
CTX0429,CUST0429,VEH0029,CONTR0429,SYNTHETIC,2026-09-29T12:33:00,17,Thursday,Goiânia,Centro-Oeste,704,796,46.9,1500,False,86,True,True,False,43.0,,False,True,normal,medium
CTX0430,CUST0430,VEH0030,CONTR0430,SYNTHETIC,2026-08-17T22:40:00,14,Sunday,Curitiba,Sul,1746,0,145.5,4000,False,112,False,True,False,63.0,,False,False,high,low
CTX0431,CUST0431,VEH0031,CONTR0431,SYNTHETIC,2026-08-21T08:33:00,14,Thursday,Rio de Janeiro,Sudeste,2026,0,135.1,2500,False,8,True,True,False,26.0,,False,False,high,medium
CTX0432,CUST0432,VEH0032,CONTR0432,SYNTHETIC,2026-09-01T06:32:00,10,Thursday,Porto Alegre,Sul,2794,206,93.1,350,True,234,False,True,False,63.0,,False,False,high,medium
CTX0433,CUST0433,VEH0033,CONTR0433,SYNTHETIC,2026-09-20T11:23:00,9,Saturday,Porto Alegre,Sul,2692,308,89.7,1000,True,122,False,True,False,90.0,,False,False,high,medium
CTX0434,CUST0434,VEH0034,CONTR0434,SYNTHETIC,2026-09-01T12:37:00,11,Saturday,Salvador,Nordeste,1082,0,108.2,4000,False,384,False,False,False,16.0,,True,False,high,medium
CTX0435,CUST0435,VEH0035,CONTR0435,SYNTHETIC,2026-09-23T22:02:00,10,Monday,Brasília,Centro-Oeste,1813,0,100.7,1000,True,47,True,False,False,91.0,,False,False,high,high
CTX0436,CUST0436,VEH0036,CONTR0436,SYNTHETIC,2026-08-26T06:56:00,15,Monday,São Paulo,Sudeste,448,352,56.0,2500,False,145,False,False,True,57.0,,False,False,normal,low
CTX0437,CUST0437,VEH0037,CONTR0437,SYNTHETIC,2026-08-24T10:50:00,11,Friday,Rio de Janeiro,Sudeste,377,623,37.7,2500,False,276,False,False,False,46.0,,False,False,low,low
CTX0438,CUST0438,VEH0038,CONTR0438,SYNTHETIC,2026-09-07T18:08:00,9,Monday,Florianópolis,Sul,1642,0,164.2,207,True,432,False,True,True,23.0,,True,False,high,high
CTX0439,CUST0439,VEH0039,CONTR0439,SYNTHETIC,2026-08-23T07:56:00,22,Sunday,Curitiba,Sul,1446,354,80.3,1000,True,239,False,True,False,49.0,,False,False,normal,low
CTX0440,CUST0440,VEH0040,CONTR0440,SYNTHETIC,2026-10-01T19:33:00,19,Wednesday,Recife,Nordeste,1114,0,139.2,1000,False,322,False,False,True,16.0,,True,False,high,high
CTX0441,CUST0441,VEH0041,CONTR0441,SYNTHETIC,2026-09-07T17:37:00,9,Thursday,Goiânia,Centro-Oeste,1649,1351,55.0,700,False,471,False,False,False,35.0,,False,False,normal,low
CTX0442,CUST0442,VEH0042,CONTR0442,SYNTHETIC,2026-08-24T19:16:00,12,Monday,Brasília,Centro-Oeste,1814,186,90.7,1000,True,0,True,True,False,50.0,,False,False,high,high
CTX0443,CUST0443,VEH0043,CONTR0443,SYNTHETIC,2026-08-18T16:26:00,17,Monday,Curitiba,Sul,913,0,114.1,1500,False,415,False,False,False,84.0,,False,True,high,medium
CTX0444,CUST0444,VEH0044,CONTR0444,SYNTHETIC,2026-09-08T14:43:00,18,Sunday,Goiânia,Centro-Oeste,1664,136,92.4,1000,True,0,True,False,False,40.0,,False,False,high,high
CTX0445,CUST0445,VEH0045,CONTR0445,SYNTHETIC,2026-09-15T15:36:00,17,Sunday,Recife,Nordeste,1715,85,95.3,350,True,128,True,False,False,19.0,,True,False,high,high
CTX0446,CUST0446,VEH0046,CONTR0446,SYNTHETIC,2026-08-18T11:06:00,12,Friday,Recife,Nordeste,1276,724,63.8,350,True,241,False,True,False,48.0,,False,False,normal,low
CTX0447,CUST0447,VEH0047,CONTR0447,SYNTHETIC,2026-09-26T10:30:00,19,Monday,Campinas,Sudeste,830,170,83.0,700,True,0,True,False,False,17.0,,True,False,high,high
CTX0448,CUST0448,VEH0048,CONTR0448,SYNTHETIC,2026-09-07T18:39:00,22,Wednesday,Goiânia,Centro-Oeste,932,0,116.5,350,True,131,False,True,False,,64.0,False,False,high,medium
CTX0449,CUST0449,VEH0049,CONTR0449,SYNTHETIC,2026-08-29T15:12:00,7,Sunday,Rio de Janeiro,Sudeste,477,523,47.7,1500,False,0,True,False,False,45.0,,False,True,normal,medium
CTX0450,CUST0450,VEH0050,CONTR0450,SYNTHETIC,2026-10-01T11:05:00,14,Sunday,Brasília,Centro-Oeste,947,0,118.4,700,True,79,True,True,True,,88.0,False,True,high,high
CTX0451,CUST0451,VEH0051,CONTR0451,SYNTHETIC,2026-08-17T08:58:00,8,Friday,Fortaleza,Nordeste,915,0,114.4,700,True,179,False,False,False,75.0,,False,False,high,medium
CTX0452,CUST0452,VEH0052,CONTR0452,SYNTHETIC,2026-08-24T12:29:00,18,Friday,Florianópolis,Sul,1146,0,114.6,1500,False,0,True,True,True,63.0,,False,False,high,high
CTX0453,CUST0453,VEH0053,CONTR0453,SYNTHETIC,2026-08-30T15:21:00,9,Sunday,Florianópolis,Sul,1195,805,59.8,1500,False,306,False,False,False,87.0,,False,False,normal,low
CTX0454,CUST0454,VEH0054,CONTR0454,SYNTHETIC,2026-09-01T13:48:00,16,Sunday,Fortaleza,Nordeste,1062,0,106.2,1500,False,237,False,True,False,94.0,,False,False,high,low
CTX0455,CUST0455,VEH0055,CONTR0455,SYNTHETIC,2026-09-15T08:24:00,13,Saturday,Goiânia,Centro-Oeste,827,173,82.7,700,True,0,True,False,False,76.0,,False,False,normal,medium
CTX0456,CUST0456,VEH0056,CONTR0456,SYNTHETIC,2026-09-15T13:18:00,8,Thursday,São Paulo,Sudeste,1759,41,97.7,2500,False,237,False,True,False,58.0,,False,False,high,low
CTX0457,CUST0457,VEH0057,CONTR0457,SYNTHETIC,2026-08-26T14:11:00,12,Thursday,São Paulo,Sudeste,1242,0,124.2,155,True,355,False,True,False,38.0,,False,False,high,medium
CTX0458,CUST0458,VEH0058,CONTR0458,SYNTHETIC,2026-09-16T17:09:00,9,Monday,Brasília,Centro-Oeste,1116,384,74.4,350,True,166,False,True,False,25.0,,True,False,normal,medium
CTX0459,CUST0459,VEH0059,CONTR0459,SYNTHETIC,2026-09-29T21:23:00,16,Thursday,Campinas,Sudeste,4935,0,164.5,4000,False,184,False,False,False,51.0,,False,True,high,medium
CTX0460,CUST0460,VEH0060,CONTR0460,SYNTHETIC,2026-08-26T10:03:00,22,Sunday,Recife,Nordeste,1054,146,87.8,4000,False,463,False,True,False,39.0,,False,False,high,low
CTX0461,CUST0461,VEH0061,CONTR0461,SYNTHETIC,2026-09-20T20:07:00,22,Thursday,Florianópolis,Sul,1380,0,115.0,4000,False,154,False,False,False,67.0,,False,False,high,low
CTX0462,CUST0462,VEH0062,CONTR0462,SYNTHETIC,2026-09-25T16:23:00,14,Tuesday,São Paulo,Sudeste,1791,9,99.5,4000,False,322,False,True,False,83.0,,False,False,high,low
CTX0463,CUST0463,VEH0063,CONTR0463,SYNTHETIC,2026-09-20T21:27:00,12,Thursday,Belo Horizonte,Sudeste,1257,0,104.8,350,True,0,True,True,False,58.0,,False,False,high,high
CTX0464,CUST0464,VEH0064,CONTR0464,SYNTHETIC,2026-08-26T13:52:00,9,Saturday,Goiânia,Centro-Oeste,3893,0,129.8,1000,True,372,False,False,False,48.0,,False,False,high,medium
CTX0465,CUST0465,VEH0065,CONTR0465,SYNTHETIC,2026-09-22T21:51:00,6,Tuesday,Recife,Nordeste,608,192,76.0,1500,False,0,True,False,False,44.0,,False,False,high,medium
CTX0466,CUST0466,VEH0066,CONTR0466,SYNTHETIC,2026-08-31T15:16:00,7,Thursday,Porto Alegre,Sul,1756,244,87.8,700,True,173,False,False,False,50.0,,False,False,high,medium
CTX0467,CUST0467,VEH0067,CONTR0467,SYNTHETIC,2026-08-22T09:28:00,16,Wednesday,Belo Horizonte,Sudeste,1243,0,124.3,1500,False,132,False,True,True,86.0,,False,False,high,medium
CTX0468,CUST0468,VEH0068,CONTR0468,SYNTHETIC,2026-08-19T12:36:00,11,Sunday,Belo Horizonte,Sudeste,899,0,112.4,1000,True,300,False,True,False,55.0,,False,True,high,high
CTX0469,CUST0469,VEH0069,CONTR0469,SYNTHETIC,2026-09-03T08:24:00,15,Thursday,Salvador,Nordeste,2109,0,105.5,1500,False,334,False,False,False,42.0,,False,False,high,low
CTX0470,CUST0470,VEH0070,CONTR0470,SYNTHETIC,2026-09-27T08:10:00,16,Tuesday,Porto Alegre,Sul,2430,0,135.0,1500,False,0,True,False,False,67.0,,False,False,high,medium
CTX0471,CUST0471,VEH0071,CONTR0471,SYNTHETIC,2026-09-14T20:49:00,17,Saturday,Salvador,Nordeste,4119,0,137.3,1000,True,400,False,False,True,31.0,,False,False,high,high
CTX0472,CUST0472,VEH0072,CONTR0472,SYNTHETIC,2026-09-16T14:47:00,8,Tuesday,Porto Alegre,Sul,886,614,59.1,350,True,140,False,True,False,62.0,,False,False,normal,low
CTX0473,CUST0473,VEH0073,CONTR0473,SYNTHETIC,2026-08-27T07:01:00,18,Friday,Curitiba,Sul,1626,0,135.5,4000,False,348,False,False,False,29.0,,False,True,high,medium
CTX0474,CUST0474,VEH0074,CONTR0474,SYNTHETIC,2026-09-07T15:14:00,13,Saturday,Fortaleza,Nordeste,945,0,118.1,1000,False,461,False,False,False,45.0,,False,False,high,low
CTX0475,CUST0475,VEH0075,CONTR0475,SYNTHETIC,2026-09-29T17:55:00,16,Sunday,Goiânia,Centro-Oeste,946,554,63.1,1500,False,0,True,True,False,,86.0,False,False,normal,low
CTX0476,CUST0476,VEH0076,CONTR0476,SYNTHETIC,2026-08-18T11:37:00,20,Saturday,Curitiba,Sul,561,239,70.1,127,True,16,True,False,False,69.0,,False,False,normal,medium
CTX0477,CUST0477,VEH0077,CONTR0477,SYNTHETIC,2026-09-26T20:19:00,17,Thursday,Goiânia,Centro-Oeste,723,77,90.4,1000,True,0,True,True,False,,60.0,False,False,high,high
CTX0478,CUST0478,VEH0078,CONTR0478,SYNTHETIC,2026-09-23T17:18:00,21,Friday,Fortaleza,Nordeste,1400,600,70.0,700,True,0,True,False,False,44.0,,False,True,normal,high
CTX0479,CUST0479,VEH0079,CONTR0479,SYNTHETIC,2026-09-13T13:50:00,6,Friday,Brasília,Centro-Oeste,943,57,94.3,1000,False,332,False,False,False,88.0,,False,False,high,low
CTX0480,CUST0480,VEH0080,CONTR0480,SYNTHETIC,2026-08-17T18:53:00,18,Tuesday,São Paulo,Sudeste,2360,140,94.4,1500,False,61,True,True,True,20.0,,True,False,high,high
CTX0481,CUST0481,VEH0081,CONTR0481,SYNTHETIC,2026-08-23T14:18:00,14,Thursday,São Paulo,Sudeste,1023,0,102.3,1500,False,203,False,False,False,83.0,,False,False,high,low
CTX0482,CUST0482,VEH0082,CONTR0482,SYNTHETIC,2026-08-23T20:17:00,21,Tuesday,Goiânia,Centro-Oeste,610,1190,33.9,2500,False,196,False,False,False,36.0,,False,False,low,low
CTX0483,CUST0483,VEH0083,CONTR0483,SYNTHETIC,2026-09-25T15:17:00,10,Saturday,Florianópolis,Sul,2741,0,137.1,2500,False,136,False,True,False,33.0,,False,False,high,low
CTX0484,CUST0484,VEH0084,CONTR0484,SYNTHETIC,2026-09-18T16:26:00,15,Sunday,Goiânia,Centro-Oeste,1996,0,133.1,2500,False,124,False,True,False,69.0,,False,False,high,low
CTX0485,CUST0485,VEH0085,CONTR0485,SYNTHETIC,2026-09-22T07:17:00,18,Monday,Fortaleza,Nordeste,2278,0,113.9,700,True,242,False,True,True,91.0,,False,False,high,high
CTX0486,CUST0486,VEH0086,CONTR0486,SYNTHETIC,2026-09-24T13:24:00,20,Tuesday,Rio de Janeiro,Sudeste,428,372,53.5,4000,False,0,True,False,False,74.0,,False,False,normal,low
CTX0487,CUST0487,VEH0087,CONTR0487,SYNTHETIC,2026-09-18T21:24:00,15,Wednesday,Fortaleza,Nordeste,761,439,63.4,1000,False,75,True,False,False,63.0,,False,False,normal,low
CTX0488,CUST0488,VEH0088,CONTR0488,SYNTHETIC,2026-09-15T21:40:00,15,Tuesday,Goiânia,Centro-Oeste,1639,361,82.0,1500,False,244,False,False,False,55.0,,False,False,normal,low
CTX0489,CUST0489,VEH0089,CONTR0489,SYNTHETIC,2026-10-01T11:50:00,14,Friday,Brasília,Centro-Oeste,991,809,55.1,1000,True,23,True,False,False,21.0,,False,False,normal,medium
CTX0490,CUST0490,VEH0090,CONTR0490,SYNTHETIC,2026-08-18T21:44:00,10,Wednesday,Brasília,Centro-Oeste,3756,0,150.2,2500,False,0,True,False,True,58.0,,False,False,high,high
CTX0491,CUST0491,VEH0091,CONTR0491,SYNTHETIC,2026-08-22T07:03:00,17,Saturday,São Paulo,Sudeste,1620,0,135.0,1500,False,211,False,False,True,58.0,,False,False,high,medium
CTX0492,CUST0492,VEH0092,CONTR0492,SYNTHETIC,2026-08-27T17:51:00,20,Saturday,Salvador,Nordeste,1501,299,83.4,1500,False,117,False,True,False,15.0,,True,False,normal,low
CTX0493,CUST0493,VEH0093,CONTR0493,SYNTHETIC,2026-09-29T21:45:00,20,Friday,Campinas,Sudeste,1009,491,67.3,1000,True,227,False,True,False,77.0,,False,False,normal,low
CTX0494,CUST0494,VEH0094,CONTR0494,SYNTHETIC,2026-09-11T20:17:00,11,Monday,Florianópolis,Sul,673,127,84.1,4000,False,182,False,False,False,18.0,,True,False,normal,low
CTX0495,CUST0495,VEH0095,CONTR0495,SYNTHETIC,2026-08-22T22:24:00,11,Monday,Recife,Nordeste,1508,0,125.7,346,True,414,False,False,False,59.0,,False,False,high,medium
CTX0496,CUST0496,VEH0096,CONTR0496,SYNTHETIC,2026-08-28T18:12:00,22,Saturday,Recife,Nordeste,3313,0,165.7,1000,True,0,True,False,False,30.0,,False,False,high,high
CTX0497,CUST0497,VEH0097,CONTR0497,SYNTHETIC,2026-09-11T09:06:00,22,Saturday,Goiânia,Centro-Oeste,1470,0,122.5,1500,True,266,False,False,False,80.0,,False,False,high,medium
CTX0498,CUST0498,VEH0098,CONTR0498,SYNTHETIC,2026-08-31T12:06:00,7,Friday,Rio de Janeiro,Sudeste,1637,1363,54.6,700,False,0,True,True,True,22.0,,False,False,normal,medium
CTX0499,CUST0499,VEH0099,CONTR0499,SYNTHETIC,2026-09-28T17:14:00,8,Monday,Florianópolis,Sul,2726,274,90.9,350,True,394,False,False,False,28.0,,True,False,high,high
CTX0500,CUST0500,VEH0100,CONTR0500,SYNTHETIC,2026-09-08T19:52:00,17,Sunday,São Paulo,Sudeste,1984,0,110.2,286,True,340,False,False,False,88.0,,False,False,high,medium
CTX0501,CUST0363,VEH0063,CONTR0363,SYNTHETIC,2026-09-12T08:13:00,22,Monday,Fortaleza,Nordeste,1880,1120,62.7,1000,False,426,False,True,True,91.0,,False,True,normal,medium
CTX0502,CUST0052,VEH0052,CONTR0052,SYNTHETIC,2026-08-26T11:35:00,19,Saturday,Fortaleza,Nordeste,820,380,68.3,2500,False,0,True,False,False,22.0,,False,False,normal,low
CTX0503,CUST0055,VEH0055,CONTR0055,SYNTHETIC,2026-09-21T11:35:00,18,Friday,Salvador,Nordeste,1552,248,86.2,2500,False,299,False,False,False,50.0,,False,False,high,low
CTX0504,CUST0173,VEH0073,CONTR0173,SYNTHETIC,2026-09-11T17:26:00,19,Sunday,Rio de Janeiro,Sudeste,2356,0,117.8,2500,False,112,True,False,False,35.0,,False,False,high,medium
CTX0505,CUST0372,VEH0072,CONTR0372,SYNTHETIC,2026-08-27T14:23:00,20,Thursday,Campinas,Sudeste,445,555,44.5,700,True,172,False,True,True,63.0,,False,False,low,medium
CTX0506,CUST0492,VEH0092,CONTR0492,SYNTHETIC,2026-09-12T06:19:00,13,Tuesday,Salvador,Nordeste,1501,299,83.4,1500,True,117,False,False,False,15.0,,True,False,high,high
CTX0507,CUST0439,VEH0039,CONTR0439,SYNTHETIC,2026-08-26T10:06:00,7,Thursday,Curitiba,Sul,1446,354,80.3,1000,True,239,False,False,False,49.0,,False,False,high,medium
CTX0508,CUST0183,VEH0083,CONTR0183,SYNTHETIC,2026-09-15T15:05:00,18,Friday,Curitiba,Sul,1367,433,75.9,700,True,203,False,True,False,36.0,,False,False,high,medium
CTX0509,CUST0470,VEH0070,CONTR0470,SYNTHETIC,2026-08-31T09:38:00,15,Monday,Porto Alegre,Sul,2430,0,135.0,1500,False,0,True,False,False,67.0,,False,False,high,medium
CTX0510,CUST0375,VEH0075,CONTR0375,SYNTHETIC,2026-09-05T09:55:00,13,Saturday,Rio de Janeiro,Sudeste,781,419,65.1,2500,False,0,True,False,False,,53.0,False,False,normal,low
CTX0511,CUST0335,VEH0035,CONTR0335,SYNTHETIC,2026-08-28T10:20:00,22,Saturday,Rio de Janeiro,Sudeste,2399,101,96.0,700,False,0,True,True,True,43.0,,False,False,high,high
CTX0512,CUST0114,VEH0014,CONTR0114,SYNTHETIC,2026-09-26T13:27:00,15,Sunday,Campinas,Sudeste,601,899,40.1,1000,True,0,True,False,False,28.0,,False,False,low,medium
CTX0513,CUST0202,VEH0002,CONTR0202,SYNTHETIC,2026-08-27T18:16:00,8,Thursday,Rio de Janeiro,Sudeste,1183,17,98.6,1000,True,0,True,False,False,92.0,,False,False,high,high
CTX0514,CUST0257,VEH0057,CONTR0257,SYNTHETIC,2026-09-06T12:35:00,22,Tuesday,Brasília,Centro-Oeste,1355,445,75.3,174,True,487,False,True,False,90.0,,False,False,normal,low
CTX0515,CUST0125,VEH0025,CONTR0125,SYNTHETIC,2026-09-24T19:27:00,17,Wednesday,Campinas,Sudeste,957,243,79.8,1000,False,142,True,False,False,27.0,,False,False,normal,low
CTX0516,CUST0098,VEH0098,CONTR0098,SYNTHETIC,2026-09-03T10:28:00,7,Sunday,Brasília,Centro-Oeste,1424,0,142.4,1500,False,206,False,True,False,64.0,,False,False,high,low
CTX0517,CUST0120,VEH0020,CONTR0120,SYNTHETIC,2026-09-24T07:15:00,10,Sunday,Fortaleza,Nordeste,1212,0,101.0,4000,False,27,True,False,False,28.0,,False,False,high,medium
CTX0518,CUST0427,VEH0027,CONTR0427,SYNTHETIC,2026-09-01T06:21:00,12,Saturday,Curitiba,Sul,1014,186,84.5,1000,True,518,False,True,False,48.0,,False,False,high,medium
CTX0519,CUST0276,VEH0076,CONTR0276,SYNTHETIC,2026-09-22T06:24:00,22,Monday,Campinas,Sudeste,969,1531,38.8,220,True,0,True,False,False,37.0,,False,False,low,medium
CTX0520,CUST0131,VEH0031,CONTR0131,SYNTHETIC,2026-09-28T20:41:00,6,Monday,Salvador,Nordeste,1750,0,116.7,2500,False,0,True,False,False,66.0,,False,False,high,medium
CTX0521,CUST0199,VEH0099,CONTR0199,SYNTHETIC,2026-08-21T18:14:00,18,Friday,São Paulo,Sudeste,1579,221,87.7,1500,False,239,False,False,False,47.0,,False,True,high,medium
CTX0522,CUST0364,VEH0064,CONTR0364,SYNTHETIC,2026-08-30T20:35:00,6,Monday,Porto Alegre,Sul,898,102,89.8,1500,False,299,False,True,False,44.0,,False,False,high,low
CTX0523,CUST0127,VEH0027,CONTR0127,SYNTHETIC,2026-08-19T17:22:00,15,Tuesday,Florianópolis,Sul,2957,43,98.6,350,True,66,True,True,False,38.0,,False,False,high,high
CTX0524,CUST0257,VEH0057,CONTR0257,SYNTHETIC,2026-09-30T14:14:00,10,Wednesday,Brasília,Centro-Oeste,1355,445,75.3,174,True,487,False,False,False,90.0,,False,False,high,medium
CTX0525,CUST0460,VEH0060,CONTR0460,SYNTHETIC,2026-08-19T13:26:00,13,Friday,Recife,Nordeste,1054,146,87.8,4000,False,463,False,False,False,39.0,,False,False,high,low
CTX0526,CUST0079,VEH0079,CONTR0079,SYNTHETIC,2026-09-23T12:55:00,10,Wednesday,Florianópolis,Sul,528,272,66.0,2500,False,0,True,True,False,73.0,,False,False,normal,low
CTX0527,CUST0353,VEH0053,CONTR0353,SYNTHETIC,2026-09-11T08:35:00,9,Tuesday,Porto Alegre,Sul,2221,779,74.0,350,True,462,False,False,False,29.0,,True,False,normal,medium
CTX0528,CUST0163,VEH0063,CONTR0163,SYNTHETIC,2026-09-05T15:28:00,14,Tuesday,Porto Alegre,Sul,1345,0,134.5,4000,False,380,False,False,False,92.0,,False,False,high,low
CTX0529,CUST0399,VEH0099,CONTR0399,SYNTHETIC,2026-08-23T14:38:00,13,Friday,Florianópolis,Sul,688,112,86.0,1000,True,0,True,False,False,66.0,,False,True,high,high
CTX0530,CUST0119,VEH0019,CONTR0119,SYNTHETIC,2026-09-23T22:54:00,21,Saturday,Brasília,Centro-Oeste,917,0,114.6,342,True,171,False,False,False,94.0,,False,True,high,high
CTX0531,CUST0333,VEH0033,CONTR0333,SYNTHETIC,2026-09-17T07:26:00,6,Wednesday,Fortaleza,Nordeste,1117,83,93.1,1000,True,202,False,True,False,79.0,,False,False,high,medium
CTX0532,CUST0487,VEH0087,CONTR0487,SYNTHETIC,2026-09-03T21:44:00,16,Sunday,Fortaleza,Nordeste,761,439,63.4,1000,True,75,True,False,False,63.0,,False,True,normal,high
CTX0533,CUST0235,VEH0035,CONTR0235,SYNTHETIC,2026-09-11T18:39:00,22,Saturday,Belo Horizonte,Sudeste,1066,734,59.2,2500,False,0,True,False,True,42.0,,False,False,normal,medium
CTX0534,CUST0449,VEH0049,CONTR0449,SYNTHETIC,2026-09-16T22:34:00,18,Saturday,Rio de Janeiro,Sudeste,477,523,47.7,1500,False,0,True,False,False,45.0,,False,False,normal,low
CTX0535,CUST0021,VEH0021,CONTR0021,SYNTHETIC,2026-09-12T15:29:00,11,Thursday,Brasília,Centro-Oeste,929,71,92.9,1500,True,254,False,True,False,,42.0,False,False,high,medium
CTX0536,CUST0151,VEH0051,CONTR0151,SYNTHETIC,2026-08-30T09:11:00,10,Thursday,São Paulo,Sudeste,2828,0,113.1,350,True,0,True,False,False,31.0,,False,False,high,high
CTX0537,CUST0212,VEH0012,CONTR0212,SYNTHETIC,2026-09-19T20:05:00,14,Wednesday,Fortaleza,Nordeste,1057,143,88.1,700,True,0,True,False,False,29.0,,False,False,high,high
CTX0538,CUST0355,VEH0055,CONTR0355,SYNTHETIC,2026-09-08T08:33:00,18,Saturday,São Paulo,Sudeste,995,205,82.9,4000,False,218,False,False,False,59.0,,False,False,normal,low
CTX0539,CUST0406,VEH0006,CONTR0406,SYNTHETIC,2026-08-26T10:10:00,10,Tuesday,Salvador,Nordeste,970,30,97.0,2500,False,318,False,False,False,95.0,,False,False,high,low
CTX0540,CUST0394,VEH0094,CONTR0394,SYNTHETIC,2026-09-13T11:07:00,10,Tuesday,São Paulo,Sudeste,785,215,78.5,1500,False,85,True,False,False,63.0,,False,False,normal,low
CTX0541,CUST0002,VEH0002,CONTR0002,SYNTHETIC,2026-10-01T21:15:00,12,Friday,Recife,Nordeste,563,237,70.4,700,True,0,True,False,False,74.0,,False,False,normal,medium
CTX0542,CUST0338,VEH0038,CONTR0338,SYNTHETIC,2026-09-16T14:39:00,12,Monday,Goiânia,Centro-Oeste,619,381,61.9,221,True,282,False,False,False,93.0,,False,True,normal,medium
CTX0543,CUST0095,VEH0095,CONTR0095,SYNTHETIC,2026-08-26T15:21:00,8,Monday,Porto Alegre,Sul,2523,0,168.2,263,True,437,False,True,False,21.0,,False,False,high,medium
CTX0544,CUST0056,VEH0056,CONTR0056,SYNTHETIC,2026-08-18T11:29:00,17,Monday,Porto Alegre,Sul,995,505,66.3,4000,False,510,False,False,True,79.0,,False,False,normal,low
CTX0545,CUST0048,VEH0048,CONTR0048,SYNTHETIC,2026-08-27T08:18:00,21,Tuesday,Recife,Nordeste,2172,0,120.7,1500,False,391,False,False,False,,94.0,False,False,high,low
CTX0546,CUST0063,VEH0063,CONTR0063,SYNTHETIC,2026-09-28T09:36:00,22,Monday,Recife,Nordeste,2059,0,114.4,2500,False,225,False,True,False,63.0,,False,False,high,low
CTX0547,CUST0248,VEH0048,CONTR0248,SYNTHETIC,2026-09-09T10:39:00,21,Friday,Campinas,Sudeste,1478,22,98.5,700,True,0,True,False,True,,66.0,False,False,high,high
CTX0548,CUST0374,VEH0074,CONTR0374,SYNTHETIC,2026-09-19T06:07:00,6,Thursday,Campinas,Sudeste,1259,241,83.9,1500,True,378,False,True,False,46.0,,False,False,high,medium
CTX0549,CUST0321,VEH0021,CONTR0321,SYNTHETIC,2026-09-10T17:35:00,12,Monday,Campinas,Sudeste,749,451,62.4,1000,False,68,True,False,False,,52.0,False,False,normal,low
CTX0550,CUST0328,VEH0028,CONTR0328,SYNTHETIC,2026-08-30T16:49:00,6,Monday,Campinas,Sudeste,949,551,63.3,1000,True,447,False,True,False,46.0,,False,False,normal,low
CTX0551,CUST0352,VEH0052,CONTR0352,SYNTHETIC,2026-09-20T12:21:00,16,Saturday,Curitiba,Sul,1408,0,176.0,1500,False,402,False,False,False,66.0,,False,False,high,low
CTX0552,CUST0246,VEH0046,CONTR0246,SYNTHETIC,2026-08-28T16:29:00,19,Saturday,Florianópolis,Sul,1690,310,84.5,1000,True,207,False,False,False,84.0,,False,False,high,medium
CTX0553,CUST0029,VEH0029,CONTR0029,SYNTHETIC,2026-08-19T16:51:00,17,Monday,Recife,Nordeste,1835,1165,61.2,350,True,227,False,True,False,25.0,,True,False,normal,medium
CTX0554,CUST0497,VEH0097,CONTR0497,SYNTHETIC,2026-09-21T18:11:00,9,Sunday,Goiânia,Centro-Oeste,1470,0,122.5,1500,False,266,False,False,False,80.0,,False,False,high,low
CTX0555,CUST0401,VEH0001,CONTR0401,SYNTHETIC,2026-08-31T13:23:00,20,Sunday,Belo Horizonte,Sudeste,1923,0,128.2,2500,False,0,True,False,False,79.0,,False,True,high,high
CTX0556,CUST0487,VEH0087,CONTR0487,SYNTHETIC,2026-09-19T08:28:00,22,Monday,Fortaleza,Nordeste,761,439,63.4,1000,True,75,True,False,False,63.0,,False,False,normal,medium
CTX0557,CUST0410,VEH0010,CONTR0410,SYNTHETIC,2026-08-29T15:49:00,16,Tuesday,Belo Horizonte,Sudeste,537,263,67.1,350,True,506,False,False,False,71.0,,False,False,normal,low
CTX0558,CUST0394,VEH0094,CONTR0394,SYNTHETIC,2026-08-17T22:07:00,6,Wednesday,São Paulo,Sudeste,785,215,78.5,1500,False,85,True,False,False,63.0,,False,False,normal,low
CTX0559,CUST0478,VEH0078,CONTR0478,SYNTHETIC,2026-08-29T15:01:00,15,Saturday,Fortaleza,Nordeste,1400,600,70.0,700,False,0,True,True,False,44.0,,False,False,normal,low
CTX0560,CUST0457,VEH0057,CONTR0457,SYNTHETIC,2026-09-03T09:17:00,10,Tuesday,São Paulo,Sudeste,1242,0,124.2,155,True,355,False,False,False,38.0,,False,False,high,medium
CTX0561,CUST0141,VEH0041,CONTR0141,SYNTHETIC,2026-09-14T10:45:00,15,Friday,Campinas,Sudeste,1077,1423,43.1,2500,False,57,True,False,False,43.0,,False,False,low,low
CTX0562,CUST0126,VEH0026,CONTR0126,SYNTHETIC,2026-09-28T10:01:00,21,Saturday,Fortaleza,Nordeste,1707,93,94.8,1500,False,494,False,False,True,68.0,,False,False,high,medium
CTX0563,CUST0026,VEH0026,CONTR0026,SYNTHETIC,2026-08-24T20:39:00,17,Wednesday,São Paulo,Sudeste,1153,347,76.9,1500,False,276,False,True,False,73.0,,False,False,normal,low
CTX0564,CUST0171,VEH0071,CONTR0171,SYNTHETIC,2026-08-18T20:06:00,20,Wednesday,Rio de Janeiro,Sudeste,1068,0,106.8,700,True,147,False,True,False,31.0,,False,False,high,medium
CTX0565,CUST0351,VEH0051,CONTR0351,SYNTHETIC,2026-09-15T17:25:00,11,Saturday,Brasília,Centro-Oeste,1927,0,107.1,4000,False,108,False,False,False,56.0,,False,False,high,low
CTX0566,CUST0470,VEH0070,CONTR0470,SYNTHETIC,2026-09-09T21:29:00,11,Wednesday,Porto Alegre,Sul,2430,0,135.0,1500,False,0,True,False,False,67.0,,False,True,high,high
CTX0567,CUST0394,VEH0094,CONTR0394,SYNTHETIC,2026-09-25T16:35:00,8,Sunday,São Paulo,Sudeste,785,215,78.5,1500,False,85,True,False,False,63.0,,False,False,normal,low
CTX0568,CUST0155,VEH0055,CONTR0155,SYNTHETIC,2026-09-01T18:04:00,16,Tuesday,Salvador,Nordeste,854,146,85.4,1500,True,0,True,False,False,73.0,,False,False,high,high
CTX0569,CUST0417,VEH0017,CONTR0417,SYNTHETIC,2026-08-20T08:47:00,21,Monday,Campinas,Sudeste,2124,0,106.2,2500,False,73,True,True,False,45.0,,False,False,high,medium
CTX0570,CUST0304,VEH0004,CONTR0304,SYNTHETIC,2026-09-27T09:43:00,18,Wednesday,São Paulo,Sudeste,2591,0,172.7,4000,False,317,False,False,False,41.0,,False,False,high,low
CTX0571,CUST0254,VEH0054,CONTR0254,SYNTHETIC,2026-08-22T06:48:00,10,Saturday,Recife,Nordeste,3415,0,136.6,1000,False,261,False,False,False,34.0,,False,False,high,low
CTX0572,CUST0077,VEH0077,CONTR0077,SYNTHETIC,2026-09-18T16:19:00,15,Thursday,Porto Alegre,Sul,2071,429,82.8,1000,True,418,False,False,False,,40.0,False,False,normal,low
CTX0573,CUST0368,VEH0068,CONTR0368,SYNTHETIC,2026-09-23T15:03:00,17,Friday,Goiânia,Centro-Oeste,1806,0,120.4,700,True,170,False,False,True,52.0,,False,False,high,high
CTX0574,CUST0496,VEH0096,CONTR0496,SYNTHETIC,2026-09-16T19:44:00,18,Saturday,Recife,Nordeste,3313,0,165.7,1000,False,0,True,False,False,30.0,,False,False,high,medium
CTX0575,CUST0163,VEH0063,CONTR0163,SYNTHETIC,2026-09-01T10:12:00,18,Sunday,Porto Alegre,Sul,1345,0,134.5,4000,False,380,False,False,False,92.0,,False,False,high,low
CTX0576,CUST0474,VEH0074,CONTR0474,SYNTHETIC,2026-09-23T06:04:00,6,Tuesday,Fortaleza,Nordeste,945,0,118.1,1000,True,461,False,False,False,45.0,,False,False,high,medium
CTX0577,CUST0370,VEH0070,CONTR0370,SYNTHETIC,2026-09-05T20:57:00,19,Friday,Brasília,Centro-Oeste,730,70,91.2,4000,False,496,False,False,False,48.0,,False,False,high,low
CTX0578,CUST0093,VEH0093,CONTR0093,SYNTHETIC,2026-09-17T11:27:00,6,Friday,Curitiba,Sul,808,192,80.8,1000,True,315,False,True,False,85.0,,False,False,normal,low
CTX0579,CUST0256,VEH0056,CONTR0256,SYNTHETIC,2026-09-29T07:36:00,21,Saturday,Curitiba,Sul,1246,0,155.8,4000,False,0,True,False,False,65.0,,False,False,high,medium
CTX0580,CUST0189,VEH0089,CONTR0189,SYNTHETIC,2026-08-29T14:29:00,22,Monday,Fortaleza,Nordeste,907,893,50.4,2500,False,362,False,False,False,64.0,,False,False,normal,low
CTX0581,CUST0268,VEH0068,CONTR0268,SYNTHETIC,2026-09-27T15:39:00,7,Wednesday,Curitiba,Sul,1708,0,113.9,4000,False,182,False,False,False,86.0,,False,False,high,low
CTX0582,CUST0274,VEH0074,CONTR0274,SYNTHETIC,2026-09-10T19:22:00,15,Wednesday,Rio de Janeiro,Sudeste,1813,687,72.5,4000,False,330,False,False,False,76.0,,False,False,normal,low
CTX0583,CUST0086,VEH0086,CONTR0086,SYNTHETIC,2026-08-22T21:37:00,11,Friday,Belo Horizonte,Sudeste,1285,215,85.7,350,True,397,False,True,False,52.0,,False,False,high,medium
CTX0584,CUST0027,VEH0027,CONTR0027,SYNTHETIC,2026-09-27T14:16:00,10,Friday,Campinas,Sudeste,1655,345,82.8,350,True,147,False,True,True,62.0,,False,False,normal,medium
CTX0585,CUST0144,VEH0044,CONTR0144,SYNTHETIC,2026-08-25T10:42:00,20,Wednesday,Rio de Janeiro,Sudeste,1794,206,89.7,700,True,0,True,True,False,56.0,,False,False,high,high
CTX0586,CUST0414,VEH0014,CONTR0414,SYNTHETIC,2026-09-29T16:05:00,10,Friday,Rio de Janeiro,Sudeste,2363,0,118.2,1000,True,467,False,False,False,50.0,,False,False,high,medium
CTX0587,CUST0479,VEH0079,CONTR0479,SYNTHETIC,2026-08-22T11:13:00,17,Monday,Brasília,Centro-Oeste,943,57,94.3,1000,True,332,False,False,False,88.0,,False,False,high,medium
CTX0588,CUST0329,VEH0029,CONTR0329,SYNTHETIC,2026-09-01T13:24:00,18,Thursday,Salvador,Nordeste,1423,0,118.6,350,True,31,True,False,True,84.0,,False,False,high,high
CTX0589,CUST0135,VEH0035,CONTR0135,SYNTHETIC,2026-09-07T16:33:00,7,Monday,Salvador,Nordeste,634,166,79.2,1000,True,341,False,False,False,47.0,,False,False,normal,low
CTX0590,CUST0470,VEH0070,CONTR0470,SYNTHETIC,2026-09-15T18:29:00,13,Saturday,Porto Alegre,Sul,2430,0,135.0,1500,False,0,True,False,False,67.0,,False,False,high,medium
CTX0591,CUST0345,VEH0045,CONTR0345,SYNTHETIC,2026-08-27T06:43:00,6,Sunday,Rio de Janeiro,Sudeste,802,198,80.2,4000,False,0,True,True,False,37.0,,False,False,normal,low
CTX0592,CUST0035,VEH0035,CONTR0035,SYNTHETIC,2026-09-17T15:16:00,12,Monday,Florianópolis,Sul,2149,0,107.5,4000,False,140,False,False,False,41.0,,False,False,high,low
CTX0593,CUST0013,VEH0013,CONTR0013,SYNTHETIC,2026-09-24T08:54:00,10,Thursday,Florianópolis,Sul,4459,0,148.6,1500,False,300,False,False,False,25.0,,True,False,high,medium
CTX0594,CUST0337,VEH0037,CONTR0337,SYNTHETIC,2026-09-27T20:59:00,14,Sunday,Recife,Nordeste,1090,1410,43.6,350,True,270,False,False,False,17.0,,True,False,low,medium
CTX0595,CUST0219,VEH0019,CONTR0219,SYNTHETIC,2026-09-07T16:03:00,14,Sunday,Recife,Nordeste,1726,0,172.6,103,True,355,False,True,False,77.0,,False,False,high,medium
CTX0596,CUST0136,VEH0036,CONTR0136,SYNTHETIC,2026-09-06T11:41:00,21,Monday,Campinas,Sudeste,2433,67,97.3,1000,True,491,False,True,False,76.0,,False,False,high,medium
CTX0597,CUST0074,VEH0074,CONTR0074,SYNTHETIC,2026-09-27T08:36:00,14,Sunday,Fortaleza,Nordeste,2699,0,149.9,2500,False,160,False,True,False,86.0,,False,False,high,low
CTX0598,CUST0229,VEH0029,CONTR0229,SYNTHETIC,2026-08-20T18:17:00,10,Saturday,Recife,Nordeste,1815,185,90.8,4000,False,17,True,False,False,74.0,,False,False,high,medium
CTX0599,CUST0169,VEH0069,CONTR0169,SYNTHETIC,2026-09-01T19:25:00,8,Friday,São Paulo,Sudeste,3187,0,127.5,4000,False,216,False,False,True,33.0,,False,False,high,medium
CTX0600,CUST0116,VEH0016,CONTR0116,SYNTHETIC,2026-09-09T16:43:00,15,Thursday,Belo Horizonte,Sudeste,1946,554,77.8,700,False,73,True,False,False,31.0,,False,False,normal,low
CTX0601,CUST0029,VEH0029,CONTR0029,SYNTHETIC,2026-09-13T12:11:00,7,Thursday,Recife,Nordeste,1835,1165,61.2,350,True,227,False,False,False,25.0,,False,False,normal,low
CTX0602,CUST0339,VEH0039,CONTR0339,SYNTHETIC,2026-09-26T20:47:00,12,Tuesday,Salvador,Nordeste,633,867,42.2,700,True,424,False,True,False,87.0,,False,False,low,low
CTX0603,CUST0019,VEH0019,CONTR0019,SYNTHETIC,2026-08-21T15:31:00,20,Monday,Florianópolis,Sul,3025,0,121.0,296,True,347,False,False,False,71.0,,False,False,high,medium
CTX0604,CUST0019,VEH0019,CONTR0019,SYNTHETIC,2026-08-21T22:29:00,10,Saturday,Florianópolis,Sul,3025,0,121.0,296,True,347,False,True,False,71.0,,False,True,high,high
CTX0605,CUST0297,VEH0097,CONTR0297,SYNTHETIC,2026-09-01T07:15:00,10,Monday,Fortaleza,Nordeste,2823,0,112.9,1000,True,0,True,False,False,30.0,,True,False,high,high
CTX0606,CUST0089,VEH0089,CONTR0089,SYNTHETIC,2026-09-27T09:07:00,21,Friday,Recife,Nordeste,1338,0,133.8,2500,False,72,False,False,False,79.0,,False,False,high,low
CTX0607,CUST0410,VEH0010,CONTR0410,SYNTHETIC,2026-08-19T18:20:00,9,Saturday,Belo Horizonte,Sudeste,537,263,67.1,350,True,506,False,False,False,71.0,,False,False,normal,low
CTX0608,CUST0295,VEH0095,CONTR0295,SYNTHETIC,2026-09-24T14:09:00,19,Tuesday,Campinas,Sudeste,497,1303,27.6,454,True,517,False,True,False,23.0,,False,False,low,low
CTX0609,CUST0357,VEH0057,CONTR0357,SYNTHETIC,2026-09-23T09:50:00,18,Sunday,Porto Alegre,Sul,2351,0,117.5,155,True,14,True,False,True,61.0,,False,False,high,high
CTX0610,CUST0081,VEH0081,CONTR0081,SYNTHETIC,2026-08-17T15:26:00,21,Saturday,Belo Horizonte,Sudeste,1997,503,79.9,700,False,0,True,False,True,35.0,,False,True,normal,high
CTX0611,CUST0065,VEH0065,CONTR0065,SYNTHETIC,2026-09-20T07:38:00,11,Saturday,Rio de Janeiro,Sudeste,3156,0,126.2,1000,True,206,False,True,False,81.0,,False,False,high,medium
CTX0612,CUST0256,VEH0056,CONTR0256,SYNTHETIC,2026-09-19T09:33:00,9,Friday,Curitiba,Sul,1246,0,155.8,4000,False,0,True,False,False,65.0,,False,False,high,medium
CTX0613,CUST0186,VEH0086,CONTR0186,SYNTHETIC,2026-09-22T21:31:00,11,Tuesday,Curitiba,Sul,2127,873,70.9,700,True,47,True,True,False,51.0,,False,True,normal,high
CTX0614,CUST0344,VEH0044,CONTR0344,SYNTHETIC,2026-08-23T20:02:00,9,Saturday,Brasília,Centro-Oeste,1276,224,85.1,4000,False,390,False,True,False,23.0,,True,False,high,medium
CTX0615,CUST0027,VEH0027,CONTR0027,SYNTHETIC,2026-09-16T20:37:00,16,Thursday,Campinas,Sudeste,1655,345,82.8,350,True,147,False,True,True,62.0,,False,False,high,high
CTX0616,CUST0102,VEH0002,CONTR0102,SYNTHETIC,2026-09-05T12:24:00,13,Monday,Goiânia,Centro-Oeste,2952,48,98.4,2500,False,171,False,True,False,19.0,,True,False,high,medium
CTX0617,CUST0242,VEH0042,CONTR0242,SYNTHETIC,2026-09-20T18:23:00,10,Thursday,Belo Horizonte,Sudeste,1068,732,59.3,700,True,48,True,False,True,50.0,,False,False,normal,high
CTX0618,CUST0369,VEH0069,CONTR0369,SYNTHETIC,2026-08-18T07:17:00,10,Monday,Florianópolis,Sul,796,2204,26.5,4000,False,0,True,True,False,42.0,,False,False,low,low
CTX0619,CUST0437,VEH0037,CONTR0437,SYNTHETIC,2026-09-13T11:50:00,11,Friday,Rio de Janeiro,Sudeste,377,623,37.7,2500,False,276,False,True,False,46.0,,False,False,low,low
CTX0620,CUST0497,VEH0097,CONTR0497,SYNTHETIC,2026-08-25T21:53:00,20,Wednesday,Goiânia,Centro-Oeste,1470,0,122.5,1500,False,266,False,False,False,80.0,,False,False,high,low
CTX0621,CUST0008,VEH0008,CONTR0008,SYNTHETIC,2026-08-25T10:58:00,6,Thursday,Rio de Janeiro,Sudeste,1479,21,98.6,700,True,512,False,False,False,31.0,,False,False,high,medium
CTX0622,CUST0023,VEH0023,CONTR0023,SYNTHETIC,2026-08-18T09:28:00,21,Tuesday,Goiânia,Centro-Oeste,1973,527,78.9,1500,False,472,False,False,False,,69.0,False,False,normal,low
CTX0623,CUST0043,VEH0043,CONTR0043,SYNTHETIC,2026-08-21T08:01:00,21,Saturday,Salvador,Nordeste,1676,324,83.8,1500,False,126,True,True,False,71.0,,False,False,normal,low
CTX0624,CUST0157,VEH0057,CONTR0157,SYNTHETIC,2026-09-02T20:49:00,10,Sunday,Rio de Janeiro,Sudeste,1776,724,71.0,188,True,498,False,True,False,35.0,,False,False,normal,low
CTX0625,CUST0361,VEH0061,CONTR0361,SYNTHETIC,2026-08-22T08:24:00,16,Friday,Curitiba,Sul,1920,80,96.0,1500,True,382,False,False,False,57.0,,False,False,high,medium
CTX0626,CUST0017,VEH0017,CONTR0017,SYNTHETIC,2026-09-18T08:39:00,16,Saturday,Belo Horizonte,Sudeste,1182,0,118.2,350,True,66,True,False,True,92.0,,False,False,high,high
CTX0627,CUST0478,VEH0078,CONTR0478,SYNTHETIC,2026-08-23T07:23:00,17,Tuesday,Fortaleza,Nordeste,1400,600,70.0,700,False,0,True,True,False,44.0,,False,False,normal,low
CTX0628,CUST0332,VEH0032,CONTR0332,SYNTHETIC,2026-09-24T21:47:00,12,Sunday,São Paulo,Sudeste,1793,0,119.5,2500,False,447,False,True,False,55.0,,False,False,high,low
CTX0629,CUST0382,VEH0082,CONTR0382,SYNTHETIC,2026-09-28T08:23:00,17,Thursday,Fortaleza,Nordeste,987,213,82.2,700,True,0,True,False,False,82.0,,False,False,high,high
CTX0630,CUST0249,VEH0049,CONTR0249,SYNTHETIC,2026-08-18T08:12:00,20,Monday,Florianópolis,Sul,1865,0,124.3,4000,False,0,True,False,False,40.0,,False,False,high,medium
CTX0631,CUST0042,VEH0042,CONTR0042,SYNTHETIC,2026-08-18T10:31:00,10,Sunday,Rio de Janeiro,Sudeste,3642,0,121.4,2500,False,161,False,True,False,29.0,,False,False,high,low
CTX0632,CUST0105,VEH0005,CONTR0105,SYNTHETIC,2026-09-09T19:28:00,6,Wednesday,Brasília,Centro-Oeste,1004,496,66.9,350,True,39,True,True,False,31.0,,False,False,normal,medium
CTX0633,CUST0097,VEH0097,CONTR0097,SYNTHETIC,2026-09-10T16:31:00,22,Sunday,Salvador,Nordeste,1743,1257,58.1,1500,False,34,True,False,False,45.0,,False,False,normal,low
CTX0634,CUST0281,VEH0081,CONTR0281,SYNTHETIC,2026-09-21T14:14:00,21,Wednesday,Rio de Janeiro,Sudeste,1456,344,80.9,1000,True,224,False,False,False,51.0,,False,False,high,medium
CTX0635,CUST0498,VEH0098,CONTR0498,SYNTHETIC,2026-08-23T11:45:00,15,Tuesday,Rio de Janeiro,Sudeste,1637,1363,54.6,700,True,0,True,False,True,22.0,,True,False,normal,high
CTX0636,CUST0499,VEH0099,CONTR0499,SYNTHETIC,2026-09-11T10:28:00,14,Wednesday,Florianópolis,Sul,2726,274,90.9,350,True,394,False,True,False,28.0,,False,False,high,medium
CTX0637,CUST0095,VEH0095,CONTR0095,SYNTHETIC,2026-09-08T20:34:00,11,Friday,Porto Alegre,Sul,2523,0,168.2,263,True,437,False,True,False,21.0,,True,False,high,high
CTX0638,CUST0155,VEH0055,CONTR0155,SYNTHETIC,2026-09-11T10:00:00,22,Wednesday,Salvador,Nordeste,854,146,85.4,1500,False,0,True,False,False,73.0,,False,False,high,medium
CTX0639,CUST0332,VEH0032,CONTR0332,SYNTHETIC,2026-09-03T16:44:00,9,Saturday,São Paulo,Sudeste,1793,0,119.5,2500,False,447,False,False,False,55.0,,False,False,high,low
CTX0640,CUST0246,VEH0046,CONTR0246,SYNTHETIC,2026-09-17T20:22:00,8,Wednesday,Florianópolis,Sul,1690,310,84.5,1000,False,207,False,False,False,84.0,,False,True,high,medium
CTX0641,CUST0029,VEH0029,CONTR0029,SYNTHETIC,2026-09-03T08:32:00,18,Tuesday,Recife,Nordeste,1835,1165,61.2,350,True,227,False,True,False,25.0,,True,False,normal,medium
CTX0642,CUST0252,VEH0052,CONTR0252,SYNTHETIC,2026-09-04T17:24:00,17,Monday,Salvador,Nordeste,2093,0,139.5,700,True,0,True,True,False,82.0,,False,False,high,high
CTX0643,CUST0146,VEH0046,CONTR0146,SYNTHETIC,2026-09-03T19:51:00,20,Wednesday,Rio de Janeiro,Sudeste,2421,79,96.8,4000,False,0,True,True,True,90.0,,False,False,high,high
CTX0644,CUST0084,VEH0084,CONTR0084,SYNTHETIC,2026-09-22T12:19:00,21,Sunday,Fortaleza,Nordeste,540,260,67.5,700,True,360,False,False,False,81.0,,False,False,normal,low
CTX0645,CUST0269,VEH0069,CONTR0269,SYNTHETIC,2026-09-14T19:11:00,20,Saturday,Florianópolis,Sul,415,1085,27.7,1500,False,54,True,False,False,70.0,,False,True,low,medium
CTX0646,CUST0291,VEH0091,CONTR0291,SYNTHETIC,2026-09-12T15:31:00,20,Tuesday,São Paulo,Sudeste,1801,0,150.1,4000,False,0,True,False,False,70.0,,False,False,high,medium
CTX0647,CUST0014,VEH0014,CONTR0014,SYNTHETIC,2026-09-01T09:41:00,15,Thursday,Belo Horizonte,Sudeste,1887,0,104.8,4000,False,63,True,False,False,63.0,,False,False,high,medium
CTX0648,CUST0092,VEH0092,CONTR0092,SYNTHETIC,2026-09-27T17:37:00,21,Friday,Brasília,Centro-Oeste,1845,655,73.8,1000,True,0,True,True,True,62.0,,False,False,normal,high
CTX0649,CUST0224,VEH0024,CONTR0224,SYNTHETIC,2026-08-26T06:54:00,14,Tuesday,Rio de Janeiro,Sudeste,1914,0,106.3,350,True,418,False,True,False,78.0,,False,False,high,medium
CTX0650,CUST0298,VEH0098,CONTR0298,SYNTHETIC,2026-09-21T07:17:00,17,Thursday,Belo Horizonte,Sudeste,1732,268,86.6,2500,False,0,True,True,False,52.0,,False,False,high,medium
CTX0651,CUST0326,VEH0026,CONTR0326,SYNTHETIC,2026-08-30T12:49:00,11,Sunday,Recife,Nordeste,1965,0,163.8,1500,False,222,False,False,True,15.0,,True,False,high,high
CTX0652,CUST0049,VEH0049,CONTR0049,SYNTHETIC,2026-09-12T14:43:00,17,Monday,Curitiba,Sul,651,1149,36.2,350,True,100,True,False,False,70.0,,False,False,low,medium
CTX0653,CUST0274,VEH0074,CONTR0274,SYNTHETIC,2026-08-31T19:21:00,11,Monday,Rio de Janeiro,Sudeste,1813,687,72.5,4000,False,330,False,True,False,76.0,,False,False,normal,low
CTX0654,CUST0112,VEH0012,CONTR0112,SYNTHETIC,2026-08-18T22:54:00,9,Thursday,Goiânia,Centro-Oeste,441,359,55.1,700,True,375,False,False,False,58.0,,False,False,normal,low
CTX0655,CUST0236,VEH0036,CONTR0236,SYNTHETIC,2026-09-08T10:52:00,20,Friday,Campinas,Sudeste,818,182,81.8,350,True,18,True,True,False,23.0,,False,False,high,high
CTX0656,CUST0268,VEH0068,CONTR0268,SYNTHETIC,2026-09-23T10:44:00,13,Wednesday,Curitiba,Sul,1708,0,113.9,4000,False,182,False,True,False,86.0,,False,False,high,low
CTX0657,CUST0065,VEH0065,CONTR0065,SYNTHETIC,2026-09-27T06:49:00,21,Sunday,Rio de Janeiro,Sudeste,3156,0,126.2,1000,True,206,False,False,False,81.0,,False,False,high,medium
CTX0658,CUST0221,VEH0021,CONTR0221,SYNTHETIC,2026-09-28T21:07:00,14,Monday,Recife,Nordeste,2155,345,86.2,350,True,394,False,False,False,,26.0,False,False,high,medium
CTX0659,CUST0034,VEH0034,CONTR0034,SYNTHETIC,2026-09-18T12:11:00,17,Monday,Salvador,Nordeste,2227,0,123.7,4000,False,235,False,False,False,62.0,,False,False,high,low
CTX0660,CUST0047,VEH0047,CONTR0047,SYNTHETIC,2026-08-30T13:32:00,8,Monday,Florianópolis,Sul,1160,40,96.7,1500,False,141,False,True,False,94.0,,False,False,high,low
CTX0661,CUST0420,VEH0020,CONTR0420,SYNTHETIC,2026-08-28T06:46:00,9,Tuesday,Curitiba,Sul,877,0,109.6,350,True,290,False,True,False,26.0,,True,False,high,high
CTX0662,CUST0472,VEH0072,CONTR0472,SYNTHETIC,2026-09-09T18:27:00,12,Friday,Porto Alegre,Sul,886,614,59.1,350,True,140,False,True,False,62.0,,False,False,normal,low
CTX0663,CUST0117,VEH0017,CONTR0117,SYNTHETIC,2026-08-31T17:45:00,15,Friday,Salvador,Nordeste,2319,0,116.0,1500,True,104,True,False,False,66.0,,False,False,high,high
CTX0664,CUST0370,VEH0070,CONTR0370,SYNTHETIC,2026-08-24T15:43:00,20,Tuesday,Brasília,Centro-Oeste,730,70,91.2,4000,False,496,False,True,False,48.0,,False,False,high,low
CTX0665,CUST0284,VEH0084,CONTR0284,SYNTHETIC,2026-09-01T17:11:00,6,Saturday,Salvador,Nordeste,3486,0,116.2,4000,False,110,True,False,False,89.0,,False,False,high,medium
CTX0666,CUST0252,VEH0052,CONTR0252,SYNTHETIC,2026-09-22T18:25:00,9,Saturday,Salvador,Nordeste,2093,0,139.5,700,False,0,True,True,False,82.0,,False,False,high,medium
CTX0667,CUST0474,VEH0074,CONTR0474,SYNTHETIC,2026-09-06T09:14:00,19,Saturday,Fortaleza,Nordeste,945,0,118.1,1000,True,461,False,False,False,45.0,,False,False,high,medium
CTX0668,CUST0256,VEH0056,CONTR0256,SYNTHETIC,2026-08-20T18:31:00,22,Wednesday,Curitiba,Sul,1246,0,155.8,4000,False,0,True,True,False,65.0,,False,False,high,medium
CTX0669,CUST0076,VEH0076,CONTR0076,SYNTHETIC,2026-09-23T06:06:00,7,Sunday,Goiânia,Centro-Oeste,1185,815,59.2,483,True,300,False,True,False,82.0,,False,False,normal,low
CTX0670,CUST0035,VEH0035,CONTR0035,SYNTHETIC,2026-09-22T15:39:00,9,Sunday,Florianópolis,Sul,2149,0,107.5,4000,False,140,False,False,False,41.0,,False,False,high,low
CTX0671,CUST0040,VEH0040,CONTR0040,SYNTHETIC,2026-09-15T16:51:00,6,Sunday,Curitiba,Sul,982,1018,49.1,2500,False,19,True,False,False,69.0,,False,False,normal,low
CTX0672,CUST0017,VEH0017,CONTR0017,SYNTHETIC,2026-09-02T07:02:00,11,Friday,Belo Horizonte,Sudeste,1182,0,118.2,350,True,66,True,True,True,92.0,,False,False,high,high
CTX0673,CUST0338,VEH0038,CONTR0338,SYNTHETIC,2026-09-07T21:48:00,9,Friday,Goiânia,Centro-Oeste,619,381,61.9,221,True,282,False,True,False,93.0,,False,False,normal,low
CTX0674,CUST0346,VEH0046,CONTR0346,SYNTHETIC,2026-09-28T18:16:00,21,Friday,Rio de Janeiro,Sudeste,2054,0,102.7,350,True,412,False,True,False,18.0,,True,False,high,high
CTX0675,CUST0498,VEH0098,CONTR0498,SYNTHETIC,2026-09-29T10:53:00,17,Wednesday,Rio de Janeiro,Sudeste,1637,1363,54.6,700,True,0,True,True,True,22.0,,True,False,normal,high
CTX0676,CUST0415,VEH0015,CONTR0415,SYNTHETIC,2026-09-09T19:22:00,7,Saturday,Porto Alegre,Sul,698,502,58.2,4000,False,248,False,True,False,25.0,,True,False,normal,low
CTX0677,CUST0126,VEH0026,CONTR0126,SYNTHETIC,2026-09-12T09:21:00,11,Monday,Fortaleza,Nordeste,1707,93,94.8,1500,False,494,False,False,True,68.0,,False,False,high,medium
CTX0678,CUST0276,VEH0076,CONTR0276,SYNTHETIC,2026-09-05T14:01:00,21,Friday,Campinas,Sudeste,969,1531,38.8,220,True,0,True,False,False,37.0,,False,False,low,medium
CTX0679,CUST0012,VEH0012,CONTR0012,SYNTHETIC,2026-09-25T12:21:00,21,Friday,Porto Alegre,Sul,749,51,93.6,1500,False,49,True,False,False,51.0,,False,False,high,medium
CTX0680,CUST0416,VEH0016,CONTR0416,SYNTHETIC,2026-08-22T08:53:00,12,Wednesday,Curitiba,Sul,1495,0,149.5,2500,False,55,True,True,False,68.0,,False,False,high,medium
CTX0681,CUST0136,VEH0036,CONTR0136,SYNTHETIC,2026-08-17T09:37:00,16,Wednesday,Campinas,Sudeste,2433,67,97.3,1000,False,491,False,False,False,76.0,,False,False,high,low
CTX0682,CUST0035,VEH0035,CONTR0035,SYNTHETIC,2026-09-12T22:51:00,15,Thursday,Florianópolis,Sul,2149,0,107.5,4000,False,140,False,False,False,41.0,,False,False,high,low
CTX0683,CUST0340,VEH0040,CONTR0340,SYNTHETIC,2026-08-20T11:56:00,6,Saturday,Curitiba,Sul,1863,137,93.2,1500,False,280,False,False,False,65.0,,False,False,high,low
CTX0684,CUST0361,VEH0061,CONTR0361,SYNTHETIC,2026-09-02T14:59:00,19,Friday,Curitiba,Sul,1920,80,96.0,1500,False,382,False,False,False,57.0,,False,False,high,low
CTX0685,CUST0373,VEH0073,CONTR0373,SYNTHETIC,2026-08-19T15:54:00,19,Thursday,Rio de Janeiro,Sudeste,862,138,86.2,1500,False,187,False,True,False,41.0,,False,False,high,low
CTX0686,CUST0164,VEH0064,CONTR0164,SYNTHETIC,2026-09-21T14:43:00,13,Thursday,Florianópolis,Sul,838,662,55.9,350,True,159,False,True,False,36.0,,False,False,normal,low
CTX0687,CUST0123,VEH0023,CONTR0123,SYNTHETIC,2026-09-02T21:35:00,19,Thursday,São Paulo,Sudeste,3191,0,177.3,700,False,196,False,False,False,,37.0,False,False,high,low
CTX0688,CUST0332,VEH0032,CONTR0332,SYNTHETIC,2026-09-14T11:41:00,7,Saturday,São Paulo,Sudeste,1793,0,119.5,2500,False,447,False,True,False,55.0,,False,False,high,low
CTX0689,CUST0249,VEH0049,CONTR0249,SYNTHETIC,2026-09-05T17:42:00,8,Thursday,Florianópolis,Sul,1865,0,124.3,4000,False,0,True,False,False,40.0,,False,False,high,medium
CTX0690,CUST0483,VEH0083,CONTR0483,SYNTHETIC,2026-08-29T22:16:00,21,Monday,Florianópolis,Sul,2741,0,137.1,2500,False,136,False,False,False,33.0,,False,False,high,low
CTX0691,CUST0122,VEH0022,CONTR0122,SYNTHETIC,2026-09-16T19:13:00,10,Monday,Fortaleza,Nordeste,732,68,91.5,2500,False,275,False,False,False,72.0,,False,False,high,low
CTX0692,CUST0090,VEH0090,CONTR0090,SYNTHETIC,2026-08-31T17:44:00,9,Wednesday,Rio de Janeiro,Sudeste,1887,1113,62.9,4000,False,135,True,False,True,51.0,,False,False,normal,medium
CTX0693,CUST0280,VEH0080,CONTR0280,SYNTHETIC,2026-09-08T21:45:00,17,Sunday,Brasília,Centro-Oeste,2359,141,94.4,4000,False,447,False,False,False,80.0,,False,False,high,low
CTX0694,CUST0158,VEH0058,CONTR0158,SYNTHETIC,2026-08-18T13:16:00,18,Wednesday,Curitiba,Sul,2474,0,123.7,350,True,0,True,False,False,20.0,,True,False,high,high
CTX0695,CUST0328,VEH0028,CONTR0328,SYNTHETIC,2026-09-07T06:58:00,18,Wednesday,Campinas,Sudeste,949,551,63.3,1000,True,447,False,False,False,46.0,,False,False,normal,low
CTX0696,CUST0155,VEH0055,CONTR0155,SYNTHETIC,2026-09-03T16:56:00,19,Sunday,Salvador,Nordeste,854,146,85.4,1500,False,0,True,True,False,73.0,,False,False,high,medium
CTX0697,CUST0018,VEH0018,CONTR0018,SYNTHETIC,2026-09-10T19:56:00,9,Sunday,Belo Horizonte,Sudeste,1122,78,93.5,350,True,466,False,False,False,50.0,,False,False,high,medium
CTX0698,CUST0083,VEH0083,CONTR0083,SYNTHETIC,2026-08-27T16:29:00,6,Sunday,Salvador,Nordeste,2628,0,105.1,350,True,208,False,False,False,34.0,,False,False,high,medium
CTX0699,CUST0027,VEH0027,CONTR0027,SYNTHETIC,2026-08-22T15:20:00,8,Monday,Campinas,Sudeste,1655,345,82.8,350,True,147,True,False,True,62.0,,False,False,normal,high
CTX0700,CUST0081,VEH0081,CONTR0081,SYNTHETIC,2026-09-11T20:30:00,10,Wednesday,Belo Horizonte,Sudeste,1997,503,79.9,700,True,0,True,False,True,35.0,,False,False,normal,high
CTX0701,CUST0089,VEH0089,CONTR0089,SYNTHETIC,2026-09-07T13:01:00,6,Friday,Recife,Nordeste,1338,0,133.8,2500,False,72,True,True,False,79.0,,False,False,high,medium
CTX0702,CUST0332,VEH0032,CONTR0332,SYNTHETIC,2026-09-28T18:39:00,19,Friday,São Paulo,Sudeste,1793,0,119.5,2500,False,447,False,False,False,55.0,,False,False,high,low
CTX0703,CUST0134,VEH0034,CONTR0134,SYNTHETIC,2026-08-17T22:27:00,20,Sunday,Brasília,Centro-Oeste,2195,0,109.7,4000,False,343,False,True,False,82.0,,False,False,high,low
CTX0704,CUST0345,VEH0045,CONTR0345,SYNTHETIC,2026-09-14T15:47:00,21,Thursday,Rio de Janeiro,Sudeste,802,198,80.2,4000,False,0,True,False,False,37.0,,False,False,high,medium
CTX0705,CUST0067,VEH0067,CONTR0067,SYNTHETIC,2026-09-20T19:50:00,10,Monday,Fortaleza,Nordeste,467,1333,25.9,1500,True,0,True,True,True,65.0,,False,False,low,high
CTX0706,CUST0149,VEH0049,CONTR0149,SYNTHETIC,2026-09-02T08:00:00,21,Tuesday,Belo Horizonte,Sudeste,4309,0,172.4,2500,False,211,False,False,False,44.0,,False,False,high,low
CTX0707,CUST0447,VEH0047,CONTR0447,SYNTHETIC,2026-09-04T14:04:00,9,Friday,Campinas,Sudeste,830,170,83.0,700,True,0,True,True,False,17.0,,True,False,normal,high
CTX0708,CUST0031,VEH0031,CONTR0031,SYNTHETIC,2026-08-20T07:00:00,14,Friday,Brasília,Centro-Oeste,3253,0,162.7,700,False,50,True,False,True,22.0,,True,False,high,high
CTX0709,CUST0318,VEH0018,CONTR0318,SYNTHETIC,2026-08-27T07:37:00,11,Wednesday,Brasília,Centro-Oeste,2906,0,116.2,1000,True,319,False,False,False,85.0,,False,False,high,medium
CTX0710,CUST0087,VEH0087,CONTR0087,SYNTHETIC,2026-09-04T10:16:00,9,Wednesday,Brasília,Centro-Oeste,1829,0,121.9,4000,False,267,False,False,True,76.0,,False,False,high,medium
CTX0711,CUST0023,VEH0023,CONTR0023,SYNTHETIC,2026-09-15T14:33:00,16,Thursday,Goiânia,Centro-Oeste,1973,527,78.9,1500,False,472,False,False,False,,69.0,False,False,normal,low
CTX0712,CUST0458,VEH0058,CONTR0458,SYNTHETIC,2026-08-22T20:03:00,12,Tuesday,Brasília,Centro-Oeste,1116,384,74.4,350,True,166,False,False,False,25.0,,False,False,normal,low
CTX0713,CUST0028,VEH0028,CONTR0028,SYNTHETIC,2026-09-04T09:57:00,21,Monday,Curitiba,Sul,2443,557,81.4,1500,False,62,False,False,False,84.0,,False,False,high,low
CTX0714,CUST0227,VEH0027,CONTR0227,SYNTHETIC,2026-09-22T09:22:00,8,Tuesday,Campinas,Sudeste,1227,0,122.7,1500,False,0,True,False,False,22.0,,True,False,high,high
CTX0715,CUST0445,VEH0045,CONTR0445,SYNTHETIC,2026-08-20T12:37:00,6,Friday,Recife,Nordeste,1715,85,95.3,350,True,128,False,True,False,19.0,,True,False,high,high
CTX0716,CUST0393,VEH0093,CONTR0393,SYNTHETIC,2026-09-10T06:18:00,9,Thursday,Brasília,Centro-Oeste,2162,338,86.5,1000,True,25,True,False,False,88.0,,False,False,high,high
CTX0717,CUST0192,VEH0092,CONTR0192,SYNTHETIC,2026-08-20T21:29:00,14,Friday,Salvador,Nordeste,1435,65,95.7,350,True,366,False,False,False,17.0,,True,False,high,high
CTX0718,CUST0337,VEH0037,CONTR0337,SYNTHETIC,2026-08-26T10:13:00,7,Sunday,Recife,Nordeste,1090,1410,43.6,350,True,270,False,False,False,17.0,,True,False,low,medium
CTX0719,CUST0330,VEH0030,CONTR0330,SYNTHETIC,2026-09-07T08:25:00,14,Tuesday,Curitiba,Sul,372,628,37.2,700,True,390,False,False,False,78.0,,False,True,low,medium
CTX0720,CUST0123,VEH0023,CONTR0123,SYNTHETIC,2026-09-13T10:07:00,15,Thursday,São Paulo,Sudeste,3191,0,177.3,700,True,196,False,False,False,,37.0,False,False,high,medium
CTX0721,CUST0411,VEH0011,CONTR0411,SYNTHETIC,2026-09-25T17:32:00,12,Thursday,Curitiba,Sul,1138,62,94.8,4000,False,0,True,True,False,79.0,,False,False,high,medium
CTX0722,CUST0229,VEH0029,CONTR0229,SYNTHETIC,2026-09-04T17:39:00,11,Thursday,Recife,Nordeste,1815,185,90.8,4000,False,17,True,True,False,74.0,,False,False,high,medium
CTX0723,CUST0323,VEH0023,CONTR0323,SYNTHETIC,2026-09-17T10:59:00,21,Friday,Salvador,Nordeste,873,927,48.5,1500,True,0,True,False,False,,31.0,False,False,normal,medium
CTX0724,CUST0323,VEH0023,CONTR0323,SYNTHETIC,2026-09-12T10:08:00,15,Sunday,Salvador,Nordeste,873,927,48.5,1500,False,0,True,False,False,,31.0,False,True,normal,medium
CTX0725,CUST0128,VEH0028,CONTR0128,SYNTHETIC,2026-09-25T22:27:00,19,Monday,Porto Alegre,Sul,2841,159,94.7,1500,True,0,True,True,True,18.0,,True,True,high,high
CTX0726,CUST0238,VEH0038,CONTR0238,SYNTHETIC,2026-09-24T20:11:00,11,Sunday,Rio de Janeiro,Sudeste,1895,105,94.8,206,True,281,False,False,False,61.0,,False,False,high,medium
CTX0727,CUST0202,VEH0002,CONTR0202,SYNTHETIC,2026-09-02T20:39:00,14,Wednesday,Rio de Janeiro,Sudeste,1183,17,98.6,1000,False,0,True,False,False,92.0,,False,False,high,medium
CTX0728,CUST0495,VEH0095,CONTR0495,SYNTHETIC,2026-08-19T09:27:00,6,Monday,Recife,Nordeste,1508,0,125.7,346,True,414,False,False,False,59.0,,False,False,high,medium
CTX0729,CUST0203,VEH0003,CONTR0203,SYNTHETIC,2026-08-20T21:19:00,17,Saturday,Porto Alegre,Sul,2753,0,110.1,350,True,230,False,False,False,55.0,,False,False,high,medium
CTX0730,CUST0345,VEH0045,CONTR0345,SYNTHETIC,2026-09-30T12:54:00,6,Tuesday,Rio de Janeiro,Sudeste,802,198,80.2,4000,False,0,True,True,False,37.0,,False,False,high,medium
CTX0731,CUST0247,VEH0047,CONTR0247,SYNTHETIC,2026-08-28T12:05:00,15,Sunday,Brasília,Centro-Oeste,857,343,71.4,1000,True,0,True,False,False,34.0,,False,False,normal,medium
CTX0732,CUST0238,VEH0038,CONTR0238,SYNTHETIC,2026-08-18T20:31:00,21,Monday,Rio de Janeiro,Sudeste,1895,105,94.8,206,True,281,False,False,False,61.0,,False,False,high,medium
CTX0733,CUST0441,VEH0041,CONTR0441,SYNTHETIC,2026-09-06T07:21:00,6,Monday,Goiânia,Centro-Oeste,1649,1351,55.0,700,True,471,False,False,False,35.0,,False,False,normal,low
CTX0734,CUST0323,VEH0023,CONTR0323,SYNTHETIC,2026-09-13T07:31:00,18,Thursday,Salvador,Nordeste,873,927,48.5,1500,True,0,True,False,False,,31.0,False,False,normal,medium
CTX0735,CUST0263,VEH0063,CONTR0263,SYNTHETIC,2026-08-27T08:17:00,19,Thursday,Porto Alegre,Sul,2922,0,116.9,350,True,224,False,False,False,50.0,,False,True,high,high
CTX0736,CUST0060,VEH0060,CONTR0060,SYNTHETIC,2026-09-13T12:30:00,17,Thursday,Campinas,Sudeste,2907,93,96.9,700,True,382,False,True,False,88.0,,False,False,high,medium
CTX0737,CUST0119,VEH0019,CONTR0119,SYNTHETIC,2026-09-02T10:56:00,15,Saturday,Brasília,Centro-Oeste,917,0,114.6,342,True,171,False,False,False,94.0,,False,False,high,medium
CTX0738,CUST0365,VEH0065,CONTR0365,SYNTHETIC,2026-08-23T12:18:00,8,Saturday,Fortaleza,Nordeste,2139,0,106.9,700,True,7,True,False,False,82.0,,False,False,high,high
CTX0739,CUST0248,VEH0048,CONTR0248,SYNTHETIC,2026-09-05T21:19:00,13,Tuesday,Campinas,Sudeste,1478,22,98.5,700,True,0,True,True,True,,66.0,False,False,high,high
CTX0740,CUST0286,VEH0086,CONTR0286,SYNTHETIC,2026-08-30T07:51:00,8,Wednesday,Salvador,Nordeste,804,996,44.7,700,False,474,False,True,True,52.0,,False,False,low,low
CTX0741,CUST0221,VEH0021,CONTR0221,SYNTHETIC,2026-09-10T17:49:00,7,Sunday,Recife,Nordeste,2155,345,86.2,350,True,394,False,False,False,,26.0,False,False,high,medium
CTX0742,CUST0450,VEH0050,CONTR0450,SYNTHETIC,2026-09-02T09:06:00,9,Sunday,Brasília,Centro-Oeste,947,0,118.4,700,True,79,False,False,True,,88.0,False,True,high,high
CTX0743,CUST0288,VEH0088,CONTR0288,SYNTHETIC,2026-09-08T11:46:00,15,Saturday,Goiânia,Centro-Oeste,1278,222,85.2,4000,False,119,False,False,False,69.0,,False,False,high,low
CTX0744,CUST0227,VEH0027,CONTR0227,SYNTHETIC,2026-09-23T09:54:00,12,Thursday,Campinas,Sudeste,1227,0,122.7,1500,True,0,True,True,False,22.0,,False,False,high,high
CTX0745,CUST0497,VEH0097,CONTR0497,SYNTHETIC,2026-09-26T14:23:00,19,Wednesday,Goiânia,Centro-Oeste,1470,0,122.5,1500,True,266,False,False,False,80.0,,False,False,high,medium
CTX0746,CUST0323,VEH0023,CONTR0323,SYNTHETIC,2026-09-05T20:54:00,22,Sunday,Salvador,Nordeste,873,927,48.5,1500,False,0,True,False,False,,31.0,False,False,normal,low
CTX0747,CUST0350,VEH0050,CONTR0350,SYNTHETIC,2026-08-29T08:05:00,16,Wednesday,Rio de Janeiro,Sudeste,897,103,89.7,2500,False,460,False,False,False,,40.0,False,False,high,low
CTX0748,CUST0206,VEH0006,CONTR0206,SYNTHETIC,2026-08-21T10:57:00,7,Saturday,São Paulo,Sudeste,1884,0,125.6,700,True,357,False,False,False,18.0,,True,False,high,high
CTX0749,CUST0366,VEH0066,CONTR0366,SYNTHETIC,2026-09-11T17:00:00,14,Friday,Goiânia,Centro-Oeste,960,240,80.0,1000,True,438,False,False,False,36.0,,False,False,high,medium
CTX0750,CUST0313,VEH0013,CONTR0313,SYNTHETIC,2026-08-23T20:44:00,17,Sunday,Curitiba,Sul,1539,0,102.6,350,True,402,False,False,True,91.0,,False,False,high,high
CTX0751,CUST0401,VEH0001,CONTR0401,SYNTHETIC,2026-09-23T22:34:00,15,Tuesday,Belo Horizonte,Sudeste,1923,0,128.2,2500,False,0,True,True,False,79.0,,False,True,high,high
CTX0752,CUST0048,VEH0048,CONTR0048,SYNTHETIC,2026-08-28T14:15:00,15,Saturday,Recife,Nordeste,2172,0,120.7,1500,False,391,False,True,False,,94.0,False,False,high,low
CTX0753,CUST0217,VEH0017,CONTR0217,SYNTHETIC,2026-09-24T07:48:00,9,Thursday,Curitiba,Sul,1845,0,123.0,350,True,141,False,False,True,42.0,,False,False,high,high
CTX0754,CUST0153,VEH0053,CONTR0153,SYNTHETIC,2026-08-26T13:22:00,15,Wednesday,Belo Horizonte,Sudeste,2224,0,148.3,2500,False,492,False,False,False,84.0,,False,False,high,low
CTX0755,CUST0342,VEH0042,CONTR0342,SYNTHETIC,2026-08-29T12:52:00,17,Thursday,Rio de Janeiro,Sudeste,1925,0,160.4,700,True,0,True,True,False,24.0,,True,False,high,high
CTX0756,CUST0051,VEH0051,CONTR0051,SYNTHETIC,2026-09-23T21:13:00,20,Monday,Campinas,Sudeste,1859,0,123.9,700,True,420,False,True,False,32.0,,False,False,high,medium
CTX0757,CUST0190,VEH0090,CONTR0190,SYNTHETIC,2026-09-03T21:46:00,19,Sunday,Rio de Janeiro,Sudeste,1015,0,101.5,4000,False,4,True,False,False,74.0,,False,False,high,medium
CTX0758,CUST0084,VEH0084,CONTR0084,SYNTHETIC,2026-08-17T22:55:00,22,Monday,Fortaleza,Nordeste,540,260,67.5,700,True,360,False,True,False,81.0,,False,False,normal,low
CTX0759,CUST0356,VEH0056,CONTR0356,SYNTHETIC,2026-09-08T09:38:00,19,Monday,Florianópolis,Sul,1681,119,93.4,350,True,41,True,False,False,40.0,,False,False,high,high
CTX0760,CUST0062,VEH0062,CONTR0062,SYNTHETIC,2026-09-12T17:19:00,15,Thursday,Rio de Janeiro,Sudeste,800,0,100.0,4000,False,276,False,True,False,67.0,,False,False,high,low
CTX0761,CUST0015,VEH0015,CONTR0015,SYNTHETIC,2026-09-13T12:11:00,21,Monday,Campinas,Sudeste,2701,0,180.1,350,True,0,True,True,False,36.0,,False,False,high,high
CTX0762,CUST0063,VEH0063,CONTR0063,SYNTHETIC,2026-09-03T16:50:00,18,Thursday,Recife,Nordeste,2059,0,114.4,2500,False,225,False,True,False,63.0,,False,False,high,low
CTX0763,CUST0428,VEH0028,CONTR0428,SYNTHETIC,2026-09-11T08:51:00,19,Thursday,Brasília,Centro-Oeste,4075,0,163.0,700,True,163,False,True,False,43.0,,False,False,high,medium
CTX0764,CUST0120,VEH0020,CONTR0120,SYNTHETIC,2026-08-21T08:55:00,11,Saturday,Fortaleza,Nordeste,1212,0,101.0,4000,False,27,True,False,False,28.0,,True,False,high,high
CTX0765,CUST0013,VEH0013,CONTR0013,SYNTHETIC,2026-08-23T07:36:00,22,Tuesday,Florianópolis,Sul,4459,0,148.6,1500,False,300,False,True,False,25.0,,True,False,high,medium
CTX0766,CUST0385,VEH0085,CONTR0385,SYNTHETIC,2026-09-30T14:50:00,12,Tuesday,Brasília,Centro-Oeste,1067,0,106.7,1000,True,90,False,False,False,63.0,,False,False,high,medium
CTX0767,CUST0425,VEH0025,CONTR0425,SYNTHETIC,2026-09-30T16:27:00,11,Thursday,Curitiba,Sul,1078,722,59.9,1500,True,364,False,False,False,35.0,,False,False,normal,low
CTX0768,CUST0013,VEH0013,CONTR0013,SYNTHETIC,2026-09-21T15:09:00,11,Wednesday,Florianópolis,Sul,4459,0,148.6,1500,False,300,False,True,False,25.0,,False,False,high,low
CTX0769,CUST0394,VEH0094,CONTR0394,SYNTHETIC,2026-09-11T11:01:00,7,Wednesday,São Paulo,Sudeste,785,215,78.5,1500,False,85,True,True,False,63.0,,False,False,high,medium
CTX0770,CUST0200,VEH0100,CONTR0200,SYNTHETIC,2026-09-24T07:12:00,13,Sunday,Recife,Nordeste,1134,0,113.4,309,True,0,True,True,True,23.0,,True,False,high,high
CTX0771,CUST0306,VEH0006,CONTR0306,SYNTHETIC,2026-08-27T19:04:00,21,Monday,Fortaleza,Nordeste,2074,0,115.2,350,True,0,True,True,False,39.0,,False,False,high,high
CTX0772,CUST0209,VEH0009,CONTR0209,SYNTHETIC,2026-09-16T10:19:00,19,Thursday,Brasília,Centro-Oeste,1355,0,135.5,700,True,143,False,False,False,42.0,,False,False,high,medium
CTX0773,CUST0043,VEH0043,CONTR0043,SYNTHETIC,2026-08-28T19:58:00,20,Monday,Salvador,Nordeste,1676,324,83.8,1500,False,126,False,False,False,71.0,,False,False,high,low
CTX0774,CUST0001,VEH0001,CONTR0001,SYNTHETIC,2026-09-01T14:38:00,14,Sunday,Salvador,Nordeste,995,505,66.3,350,True,487,False,True,False,79.0,,False,False,normal,low
CTX0775,CUST0349,VEH0049,CONTR0349,SYNTHETIC,2026-09-21T08:19:00,8,Thursday,Brasília,Centro-Oeste,2702,298,90.1,350,True,396,False,True,False,77.0,,False,False,high,medium
CTX0776,CUST0358,VEH0058,CONTR0358,SYNTHETIC,2026-09-11T16:40:00,14,Sunday,Porto Alegre,Sul,2239,761,74.6,350,True,0,True,False,False,49.0,,False,False,normal,medium
CTX0777,CUST0363,VEH0063,CONTR0363,SYNTHETIC,2026-09-02T16:01:00,10,Saturday,Fortaleza,Nordeste,1880,1120,62.7,1000,True,426,False,True,True,91.0,,False,False,normal,medium
CTX0778,CUST0473,VEH0073,CONTR0473,SYNTHETIC,2026-09-05T21:48:00,18,Friday,Curitiba,Sul,1626,0,135.5,4000,False,348,False,False,False,29.0,,False,False,high,low
CTX0779,CUST0042,VEH0042,CONTR0042,SYNTHETIC,2026-09-07T17:24:00,11,Sunday,Rio de Janeiro,Sudeste,3642,0,121.4,2500,False,161,False,True,False,29.0,,True,False,high,medium
CTX0780,CUST0394,VEH0094,CONTR0394,SYNTHETIC,2026-09-17T06:48:00,14,Saturday,São Paulo,Sudeste,785,215,78.5,1500,False,85,True,False,False,63.0,,False,False,high,medium
CTX0781,CUST0472,VEH0072,CONTR0472,SYNTHETIC,2026-09-17T13:31:00,17,Monday,Porto Alegre,Sul,886,614,59.1,350,True,140,False,False,False,62.0,,False,False,normal,low
CTX0782,CUST0144,VEH0044,CONTR0144,SYNTHETIC,2026-09-06T09:55:00,14,Friday,Rio de Janeiro,Sudeste,1794,206,89.7,700,True,0,True,False,False,56.0,,False,False,high,high
CTX0783,CUST0257,VEH0057,CONTR0257,SYNTHETIC,2026-08-24T11:04:00,10,Saturday,Brasília,Centro-Oeste,1355,445,75.3,174,True,487,False,False,False,90.0,,False,False,high,medium
CTX0784,CUST0034,VEH0034,CONTR0034,SYNTHETIC,2026-08-19T06:44:00,14,Saturday,Salvador,Nordeste,2227,0,123.7,4000,False,235,False,True,False,62.0,,False,False,high,low
CTX0785,CUST0287,VEH0087,CONTR0287,SYNTHETIC,2026-09-11T19:54:00,19,Wednesday,Recife,Nordeste,1407,0,117.3,350,True,0,True,False,False,60.0,,False,False,high,high
CTX0786,CUST0063,VEH0063,CONTR0063,SYNTHETIC,2026-09-17T07:17:00,19,Friday,Recife,Nordeste,2059,0,114.4,2500,False,225,False,False,False,63.0,,False,False,high,low
CTX0787,CUST0230,VEH0030,CONTR0230,SYNTHETIC,2026-09-30T13:44:00,19,Monday,Rio de Janeiro,Sudeste,1826,0,121.7,2500,False,0,True,False,True,60.0,,False,False,high,high
CTX0788,CUST0470,VEH0070,CONTR0470,SYNTHETIC,2026-09-25T06:30:00,19,Sunday,Porto Alegre,Sul,2430,0,135.0,1500,False,0,True,False,False,67.0,,False,False,high,medium
CTX0789,CUST0013,VEH0013,CONTR0013,SYNTHETIC,2026-09-28T16:33:00,13,Monday,Florianópolis,Sul,4459,0,148.6,1500,False,300,False,False,False,25.0,,False,False,high,low
CTX0790,CUST0398,VEH0098,CONTR0398,SYNTHETIC,2026-09-29T18:20:00,8,Sunday,Recife,Nordeste,1920,580,76.8,4000,False,0,True,False,False,30.0,,True,False,high,high
CTX0791,CUST0066,VEH0066,CONTR0066,SYNTHETIC,2026-09-25T07:35:00,7,Wednesday,Fortaleza,Nordeste,727,73,90.9,4000,False,0,True,False,False,36.0,,False,False,high,medium
CTX0792,CUST0436,VEH0036,CONTR0436,SYNTHETIC,2026-08-24T06:29:00,18,Thursday,São Paulo,Sudeste,448,352,56.0,2500,False,145,False,True,True,57.0,,False,False,normal,low
CTX0793,CUST0408,VEH0008,CONTR0408,SYNTHETIC,2026-09-30T20:33:00,16,Friday,Brasília,Centro-Oeste,1898,0,105.4,2500,False,462,False,False,True,18.0,,True,False,high,high
CTX0794,CUST0099,VEH0099,CONTR0099,SYNTHETIC,2026-09-19T10:40:00,22,Wednesday,Salvador,Nordeste,915,85,91.5,700,False,188,False,False,False,61.0,,False,False,high,low
CTX0795,CUST0182,VEH0082,CONTR0182,SYNTHETIC,2026-09-28T10:19:00,19,Friday,Curitiba,Sul,2096,0,116.4,4000,False,290,False,False,False,75.0,,False,False,high,low
CTX0796,CUST0492,VEH0092,CONTR0492,SYNTHETIC,2026-09-13T17:00:00,22,Friday,Salvador,Nordeste,1501,299,83.4,1500,False,117,False,False,False,15.0,,True,False,high,medium
CTX0797,CUST0337,VEH0037,CONTR0337,SYNTHETIC,2026-09-28T19:22:00,12,Tuesday,Recife,Nordeste,1090,1410,43.6,350,True,270,False,False,False,17.0,,True,False,low,medium
CTX0798,CUST0328,VEH0028,CONTR0328,SYNTHETIC,2026-09-02T16:54:00,16,Friday,Campinas,Sudeste,949,551,63.3,1000,True,447,False,False,False,46.0,,False,False,normal,low
CTX0799,CUST0154,VEH0054,CONTR0154,SYNTHETIC,2026-09-29T21:14:00,6,Saturday,Campinas,Sudeste,1468,532,73.4,350,True,145,False,False,False,75.0,,False,False,normal,low
CTX0800,CUST0115,VEH0015,CONTR0115,SYNTHETIC,2026-09-10T18:13:00,18,Tuesday,Salvador,Nordeste,1206,0,120.6,4000,False,93,False,False,False,76.0,,False,False,high,low
CTX0801,CUST0423,VEH0023,CONTR0423,SYNTHETIC,2026-09-22T15:28:00,12,Saturday,Belo Horizonte,Sudeste,1205,0,120.5,1500,False,392,False,False,False,,51.0,False,False,high,low
CTX0802,CUST0300,VEH0100,CONTR0300,SYNTHETIC,2026-09-15T11:21:00,13,Tuesday,Belo Horizonte,Sudeste,2092,0,116.2,306,True,392,False,True,False,67.0,,False,False,high,medium
CTX0803,CUST0101,VEH0001,CONTR0101,SYNTHETIC,2026-09-07T09:21:00,12,Wednesday,Campinas,Sudeste,2138,0,178.2,4000,False,294,False,False,False,35.0,,False,True,high,medium
CTX0804,CUST0234,VEH0034,CONTR0234,SYNTHETIC,2026-08-23T19:56:00,8,Monday,Fortaleza,Nordeste,1439,0,119.9,1500,False,469,False,False,False,35.0,,False,False,high,low
CTX0805,CUST0074,VEH0074,CONTR0074,SYNTHETIC,2026-08-24T19:40:00,13,Monday,Fortaleza,Nordeste,2699,0,149.9,2500,False,160,False,True,False,86.0,,False,False,high,low
CTX0806,CUST0391,VEH0091,CONTR0391,SYNTHETIC,2026-09-14T10:54:00,22,Friday,São Paulo,Sudeste,2399,0,133.3,1500,False,8,True,True,False,48.0,,False,False,high,medium
CTX0807,CUST0454,VEH0054,CONTR0454,SYNTHETIC,2026-09-21T22:24:00,22,Wednesday,Fortaleza,Nordeste,1062,0,106.2,1500,True,237,False,False,False,94.0,,False,False,high,medium
CTX0808,CUST0256,VEH0056,CONTR0256,SYNTHETIC,2026-08-17T21:30:00,14,Friday,Curitiba,Sul,1246,0,155.8,4000,False,0,True,False,False,65.0,,False,False,high,medium
CTX0809,CUST0206,VEH0006,CONTR0206,SYNTHETIC,2026-09-18T15:27:00,18,Friday,São Paulo,Sudeste,1884,0,125.6,700,False,357,False,True,False,18.0,,True,False,high,medium
CTX0810,CUST0081,VEH0081,CONTR0081,SYNTHETIC,2026-08-29T17:14:00,7,Thursday,Belo Horizonte,Sudeste,1997,503,79.9,700,True,0,True,True,True,35.0,,False,False,normal,high
CTX0811,CUST0263,VEH0063,CONTR0263,SYNTHETIC,2026-08-31T16:17:00,18,Monday,Porto Alegre,Sul,2922,0,116.9,350,True,224,False,True,False,50.0,,False,False,high,medium
CTX0812,CUST0092,VEH0092,CONTR0092,SYNTHETIC,2026-09-13T22:32:00,8,Sunday,Brasília,Centro-Oeste,1845,655,73.8,1000,True,0,True,False,True,62.0,,False,True,normal,high
CTX0813,CUST0142,VEH0042,CONTR0142,SYNTHETIC,2026-09-10T12:43:00,16,Wednesday,Florianópolis,Sul,1820,680,72.8,1000,True,0,True,False,True,88.0,,False,False,normal,high
CTX0814,CUST0155,VEH0055,CONTR0155,SYNTHETIC,2026-10-01T15:18:00,17,Sunday,Salvador,Nordeste,854,146,85.4,1500,False,0,True,False,False,73.0,,False,False,high,medium
CTX0815,CUST0207,VEH0007,CONTR0207,SYNTHETIC,2026-09-22T18:14:00,13,Saturday,Brasília,Centro-Oeste,1037,0,129.6,1500,True,447,False,False,False,30.0,,False,False,high,medium
CTX0816,CUST0384,VEH0084,CONTR0384,SYNTHETIC,2026-09-02T20:21:00,8,Wednesday,Rio de Janeiro,Sudeste,1015,185,84.6,1500,False,429,False,False,False,66.0,,False,False,high,low
CTX0817,CUST0434,VEH0034,CONTR0434,SYNTHETIC,2026-09-30T17:08:00,10,Wednesday,Salvador,Nordeste,1082,0,108.2,4000,False,384,False,False,False,16.0,,True,False,high,medium
CTX0818,CUST0483,VEH0083,CONTR0483,SYNTHETIC,2026-09-06T15:20:00,6,Friday,Florianópolis,Sul,2741,0,137.1,2500,False,136,False,False,False,33.0,,False,False,high,low
CTX0819,CUST0403,VEH0003,CONTR0403,SYNTHETIC,2026-08-24T18:24:00,12,Thursday,Fortaleza,Nordeste,999,1,99.9,350,True,0,True,False,False,49.0,,False,False,high,high
CTX0820,CUST0033,VEH0033,CONTR0033,SYNTHETIC,2026-08-22T15:05:00,11,Monday,Fortaleza,Nordeste,1537,263,85.4,2500,False,476,False,False,False,52.0,,False,False,high,low
CTX0821,CUST0346,VEH0046,CONTR0346,SYNTHETIC,2026-09-07T15:13:00,13,Wednesday,Rio de Janeiro,Sudeste,2054,0,102.7,350,True,412,False,True,False,18.0,,True,False,high,high
CTX0822,CUST0338,VEH0038,CONTR0338,SYNTHETIC,2026-09-05T18:10:00,9,Tuesday,Goiânia,Centro-Oeste,619,381,61.9,221,True,282,False,True,False,93.0,,False,False,normal,low
CTX0823,CUST0275,VEH0075,CONTR0275,SYNTHETIC,2026-09-23T12:19:00,19,Sunday,Florianópolis,Sul,2019,0,134.6,700,True,409,False,False,False,,55.0,False,False,high,medium
CTX0824,CUST0364,VEH0064,CONTR0364,SYNTHETIC,2026-09-02T14:12:00,6,Tuesday,Porto Alegre,Sul,898,102,89.8,1500,True,299,False,False,False,44.0,,False,False,high,medium
CTX0825,CUST0229,VEH0029,CONTR0229,SYNTHETIC,2026-08-31T20:29:00,7,Saturday,Recife,Nordeste,1815,185,90.8,4000,False,17,True,False,False,74.0,,False,False,high,medium
CTX0826,CUST0047,VEH0047,CONTR0047,SYNTHETIC,2026-09-12T18:39:00,11,Thursday,Florianópolis,Sul,1160,40,96.7,1500,False,141,True,False,False,94.0,,False,False,high,medium
CTX0827,CUST0128,VEH0028,CONTR0128,SYNTHETIC,2026-08-18T09:25:00,7,Tuesday,Porto Alegre,Sul,2841,159,94.7,1500,False,0,True,False,True,18.0,,True,False,high,high
CTX0828,CUST0454,VEH0054,CONTR0454,SYNTHETIC,2026-09-18T21:26:00,9,Wednesday,Fortaleza,Nordeste,1062,0,106.2,1500,False,237,False,False,False,94.0,,False,False,high,low
CTX0829,CUST0040,VEH0040,CONTR0040,SYNTHETIC,2026-08-30T07:29:00,6,Monday,Curitiba,Sul,982,1018,49.1,2500,False,19,True,True,False,69.0,,False,False,normal,low
CTX0830,CUST0328,VEH0028,CONTR0328,SYNTHETIC,2026-09-29T06:16:00,9,Saturday,Campinas,Sudeste,949,551,63.3,1000,True,447,False,True,False,46.0,,False,False,normal,low
CTX0831,CUST0470,VEH0070,CONTR0470,SYNTHETIC,2026-08-20T13:45:00,20,Tuesday,Porto Alegre,Sul,2430,0,135.0,1500,False,0,True,True,False,67.0,,False,False,high,medium
CTX0832,CUST0242,VEH0042,CONTR0242,SYNTHETIC,2026-09-24T18:10:00,8,Saturday,Belo Horizonte,Sudeste,1068,732,59.3,700,True,48,True,True,True,50.0,,False,False,normal,high
CTX0833,CUST0391,VEH0091,CONTR0391,SYNTHETIC,2026-08-17T07:57:00,12,Thursday,São Paulo,Sudeste,2399,0,133.3,1500,False,8,True,True,False,48.0,,False,False,high,medium
CTX0834,CUST0357,VEH0057,CONTR0357,SYNTHETIC,2026-08-24T06:03:00,18,Sunday,Porto Alegre,Sul,2351,0,117.5,155,True,14,True,False,True,61.0,,False,False,high,high
CTX0835,CUST0104,VEH0004,CONTR0104,SYNTHETIC,2026-10-01T16:52:00,12,Saturday,Fortaleza,Nordeste,877,323,73.1,2500,False,234,False,False,False,43.0,,False,False,normal,low
CTX0836,CUST0343,VEH0043,CONTR0343,SYNTHETIC,2026-09-05T22:06:00,16,Wednesday,Salvador,Nordeste,1785,0,119.0,1000,False,63,False,True,False,43.0,,False,False,high,low
CTX0837,CUST0288,VEH0088,CONTR0288,SYNTHETIC,2026-09-17T12:06:00,17,Wednesday,Goiânia,Centro-Oeste,1278,222,85.2,4000,False,119,False,False,False,69.0,,False,False,high,low
CTX0838,CUST0089,VEH0089,CONTR0089,SYNTHETIC,2026-09-27T14:41:00,17,Monday,Recife,Nordeste,1338,0,133.8,2500,False,72,True,False,False,79.0,,False,False,high,medium
CTX0839,CUST0035,VEH0035,CONTR0035,SYNTHETIC,2026-08-17T11:16:00,9,Friday,Florianópolis,Sul,2149,0,107.5,4000,False,140,False,False,False,41.0,,False,False,high,low
CTX0840,CUST0167,VEH0067,CONTR0167,SYNTHETIC,2026-08-18T16:54:00,21,Monday,São Paulo,Sudeste,3543,0,141.7,1000,True,377,False,False,False,17.0,,True,False,high,high
CTX0841,CUST0172,VEH0072,CONTR0172,SYNTHETIC,2026-08-30T06:14:00,6,Friday,Recife,Nordeste,2758,0,110.3,350,True,421,False,False,False,26.0,,False,False,high,medium
CTX0842,CUST0389,VEH0089,CONTR0389,SYNTHETIC,2026-09-26T07:08:00,17,Thursday,Recife,Nordeste,1192,0,119.2,2500,False,0,True,True,False,57.0,,False,False,high,medium
CTX0843,CUST0152,VEH0052,CONTR0152,SYNTHETIC,2026-08-24T20:47:00,16,Tuesday,Recife,Nordeste,2075,0,138.3,4000,False,146,True,True,False,67.0,,False,False,high,medium
CTX0844,CUST0143,VEH0043,CONTR0143,SYNTHETIC,2026-09-13T06:14:00,16,Wednesday,Curitiba,Sul,1345,155,89.7,2500,False,98,False,False,False,63.0,,False,False,high,low
CTX0845,CUST0125,VEH0025,CONTR0125,SYNTHETIC,2026-08-18T13:38:00,18,Friday,Campinas,Sudeste,957,243,79.8,1000,True,142,False,False,False,27.0,,True,False,normal,medium
CTX0846,CUST0165,VEH0065,CONTR0165,SYNTHETIC,2026-09-19T07:40:00,10,Tuesday,Florianópolis,Sul,2528,472,84.3,4000,False,405,False,True,False,76.0,,False,False,high,low
CTX0847,CUST0065,VEH0065,CONTR0065,SYNTHETIC,2026-09-02T15:10:00,12,Tuesday,Rio de Janeiro,Sudeste,3156,0,126.2,1000,False,206,False,False,False,81.0,,False,False,high,low
CTX0848,CUST0218,VEH0018,CONTR0218,SYNTHETIC,2026-08-22T12:17:00,21,Monday,Salvador,Nordeste,1078,922,53.9,2500,False,472,False,False,False,62.0,,False,False,normal,low
CTX0849,CUST0487,VEH0087,CONTR0487,SYNTHETIC,2026-08-23T19:48:00,10,Sunday,Fortaleza,Nordeste,761,439,63.4,1000,True,75,True,False,False,63.0,,False,False,normal,medium
CTX0850,CUST0489,VEH0089,CONTR0489,SYNTHETIC,2026-09-12T10:35:00,11,Wednesday,Brasília,Centro-Oeste,991,809,55.1,1000,True,23,True,False,False,21.0,,True,False,normal,high
CTX0851,CUST0195,VEH0095,CONTR0195,SYNTHETIC,2026-09-27T16:08:00,21,Tuesday,Porto Alegre,Sul,2165,0,144.3,360,True,0,True,False,False,15.0,,True,False,high,high
CTX0852,CUST0080,VEH0080,CONTR0080,SYNTHETIC,2026-09-06T19:25:00,17,Thursday,Rio de Janeiro,Sudeste,3738,0,124.6,1000,True,452,False,True,False,88.0,,False,False,high,medium
CTX0853,CUST0251,VEH0051,CONTR0251,SYNTHETIC,2026-09-24T18:59:00,11,Tuesday,Florianópolis,Sul,2912,0,116.5,1500,False,44,True,False,True,82.0,,False,False,high,high
CTX0854,CUST0391,VEH0091,CONTR0391,SYNTHETIC,2026-09-08T07:41:00,18,Thursday,São Paulo,Sudeste,2399,0,133.3,1500,True,8,True,False,False,48.0,,False,False,high,high
CTX0855,CUST0377,VEH0077,CONTR0377,SYNTHETIC,2026-08-17T06:44:00,10,Wednesday,Salvador,Nordeste,2006,494,80.2,350,True,10,True,True,False,,67.0,False,False,high,high
CTX0856,CUST0310,VEH0010,CONTR0310,SYNTHETIC,2026-08-20T11:00:00,9,Sunday,Fortaleza,Nordeste,2074,0,103.7,2500,False,80,True,False,False,16.0,,True,False,high,high
CTX0857,CUST0048,VEH0048,CONTR0048,SYNTHETIC,2026-09-21T19:16:00,15,Friday,Recife,Nordeste,2172,0,120.7,1500,True,391,False,False,False,,94.0,False,False,high,medium
CTX0858,CUST0496,VEH0096,CONTR0496,SYNTHETIC,2026-09-26T09:40:00,17,Sunday,Recife,Nordeste,3313,0,165.7,1000,True,0,True,False,False,30.0,,True,False,high,high
CTX0859,CUST0074,VEH0074,CONTR0074,SYNTHETIC,2026-09-21T21:00:00,9,Monday,Fortaleza,Nordeste,2699,0,149.9,2500,False,160,False,True,False,86.0,,False,False,high,low
CTX0860,CUST0397,VEH0097,CONTR0397,SYNTHETIC,2026-09-20T17:11:00,10,Tuesday,Brasília,Centro-Oeste,418,382,52.2,1000,True,230,False,False,False,83.0,,False,False,normal,low
CTX0861,CUST0250,VEH0050,CONTR0250,SYNTHETIC,2026-09-19T07:47:00,11,Sunday,Salvador,Nordeste,604,596,50.3,700,True,84,False,True,False,,28.0,False,False,normal,low
CTX0862,CUST0389,VEH0089,CONTR0389,SYNTHETIC,2026-08-22T11:05:00,15,Monday,Recife,Nordeste,1192,0,119.2,2500,False,0,True,False,False,57.0,,False,False,high,medium
CTX0863,CUST0194,VEH0094,CONTR0194,SYNTHETIC,2026-08-31T09:00:00,7,Wednesday,Brasília,Centro-Oeste,3463,0,173.2,4000,False,352,False,True,False,46.0,,False,True,high,medium
CTX0864,CUST0385,VEH0085,CONTR0385,SYNTHETIC,2026-09-07T22:48:00,14,Thursday,Brasília,Centro-Oeste,1067,0,106.7,1000,False,90,False,False,False,63.0,,False,False,high,low
CTX0865,CUST0243,VEH0043,CONTR0243,SYNTHETIC,2026-09-11T13:23:00,18,Thursday,Recife,Nordeste,2141,0,178.4,4000,False,0,True,False,False,58.0,,False,False,high,medium
CTX0866,CUST0313,VEH0013,CONTR0313,SYNTHETIC,2026-09-06T10:01:00,9,Sunday,Curitiba,Sul,1539,0,102.6,350,True,402,False,False,True,91.0,,False,True,high,high
CTX0867,CUST0272,VEH0072,CONTR0272,SYNTHETIC,2026-09-01T22:26:00,12,Monday,Salvador,Nordeste,1369,0,114.1,350,True,223,False,False,False,78.0,,False,False,high,medium
CTX0868,CUST0327,VEH0027,CONTR0327,SYNTHETIC,2026-08-19T20:14:00,21,Thursday,Fortaleza,Nordeste,3285,0,131.4,350,True,83,True,False,False,48.0,,False,False,high,high
CTX0869,CUST0379,VEH0079,CONTR0379,SYNTHETIC,2026-09-25T18:18:00,12,Saturday,Salvador,Nordeste,1126,0,112.6,1000,False,355,False,False,False,68.0,,False,False,high,low
CTX0870,CUST0074,VEH0074,CONTR0074,SYNTHETIC,2026-08-27T20:10:00,20,Monday,Fortaleza,Nordeste,2699,0,149.9,2500,False,160,False,False,False,86.0,,False,False,high,low
CTX0871,CUST0247,VEH0047,CONTR0247,SYNTHETIC,2026-09-26T09:27:00,6,Tuesday,Brasília,Centro-Oeste,857,343,71.4,1000,True,0,True,False,False,34.0,,False,False,normal,medium
CTX0872,CUST0476,VEH0076,CONTR0476,SYNTHETIC,2026-08-20T09:42:00,10,Friday,Curitiba,Sul,561,239,70.1,127,True,16,True,False,False,69.0,,False,False,normal,medium
CTX0873,CUST0325,VEH0025,CONTR0325,SYNTHETIC,2026-08-24T08:41:00,16,Thursday,Fortaleza,Nordeste,778,222,77.8,4000,False,431,False,False,False,55.0,,False,False,high,low
CTX0874,CUST0467,VEH0067,CONTR0467,SYNTHETIC,2026-09-26T09:05:00,16,Saturday,Belo Horizonte,Sudeste,1243,0,124.3,1500,True,132,True,True,True,86.0,,False,False,high,high
CTX0875,CUST0304,VEH0004,CONTR0304,SYNTHETIC,2026-09-07T06:19:00,7,Friday,São Paulo,Sudeste,2591,0,172.7,4000,False,317,False,False,False,41.0,,False,False,high,low
CTX0876,CUST0275,VEH0075,CONTR0275,SYNTHETIC,2026-09-23T22:42:00,13,Monday,Florianópolis,Sul,2019,0,134.6,700,True,409,False,False,False,,55.0,False,False,high,medium
CTX0877,CUST0203,VEH0003,CONTR0203,SYNTHETIC,2026-09-17T21:43:00,20,Tuesday,Porto Alegre,Sul,2753,0,110.1,350,True,230,False,False,False,55.0,,False,False,high,medium
CTX0878,CUST0308,VEH0008,CONTR0308,SYNTHETIC,2026-08-18T09:17:00,21,Saturday,Recife,Nordeste,3653,0,146.1,350,True,501,False,False,False,87.0,,False,False,high,medium
CTX0879,CUST0425,VEH0025,CONTR0425,SYNTHETIC,2026-09-10T10:52:00,12,Sunday,Curitiba,Sul,1078,722,59.9,1500,False,364,False,True,False,35.0,,False,False,normal,low
CTX0880,CUST0376,VEH0076,CONTR0376,SYNTHETIC,2026-09-12T11:01:00,18,Wednesday,Fortaleza,Nordeste,1469,1031,58.8,453,True,477,False,False,False,94.0,,False,False,normal,low
CTX0881,CUST0217,VEH0017,CONTR0217,SYNTHETIC,2026-09-13T12:44:00,18,Monday,Curitiba,Sul,1845,0,123.0,350,True,141,True,False,True,42.0,,False,True,high,high
CTX0882,CUST0068,VEH0068,CONTR0068,SYNTHETIC,2026-08-26T10:28:00,21,Wednesday,Belo Horizonte,Sudeste,927,0,115.9,350,True,0,True,False,False,57.0,,False,False,high,high
CTX0883,CUST0460,VEH0060,CONTR0460,SYNTHETIC,2026-09-08T09:43:00,10,Thursday,Recife,Nordeste,1054,146,87.8,4000,False,463,False,False,False,39.0,,False,False,high,low
CTX0884,CUST0487,VEH0087,CONTR0487,SYNTHETIC,2026-09-20T07:07:00,22,Saturday,Fortaleza,Nordeste,761,439,63.4,1000,True,75,True,False,False,63.0,,False,False,normal,medium
CTX0885,CUST0174,VEH0074,CONTR0174,SYNTHETIC,2026-08-31T15:44:00,11,Saturday,Brasília,Centro-Oeste,2583,0,103.3,350,True,453,False,True,False,23.0,,False,True,high,high
CTX0886,CUST0382,VEH0082,CONTR0382,SYNTHETIC,2026-09-14T20:23:00,6,Monday,Fortaleza,Nordeste,987,213,82.2,700,True,0,True,False,False,82.0,,False,False,normal,medium
CTX0887,CUST0060,VEH0060,CONTR0060,SYNTHETIC,2026-09-30T21:17:00,9,Sunday,Campinas,Sudeste,2907,93,96.9,700,False,382,False,False,False,88.0,,False,False,high,low
CTX0888,CUST0304,VEH0004,CONTR0304,SYNTHETIC,2026-09-23T09:20:00,8,Saturday,São Paulo,Sudeste,2591,0,172.7,4000,False,317,False,True,False,41.0,,False,False,high,low
CTX0889,CUST0466,VEH0066,CONTR0466,SYNTHETIC,2026-08-29T21:04:00,22,Sunday,Porto Alegre,Sul,1756,244,87.8,700,True,173,False,False,False,50.0,,False,False,high,medium
CTX0890,CUST0300,VEH0100,CONTR0300,SYNTHETIC,2026-10-01T20:51:00,16,Monday,Belo Horizonte,Sudeste,2092,0,116.2,306,True,392,False,False,False,67.0,,False,False,high,medium
CTX0891,CUST0021,VEH0021,CONTR0021,SYNTHETIC,2026-09-29T08:07:00,22,Wednesday,Brasília,Centro-Oeste,929,71,92.9,1500,False,254,False,False,False,,42.0,False,False,high,low
CTX0892,CUST0187,VEH0087,CONTR0187,SYNTHETIC,2026-08-29T15:42:00,20,Tuesday,Rio de Janeiro,Sudeste,2985,0,149.2,1500,False,7,True,False,True,88.0,,False,False,high,high
CTX0893,CUST0296,VEH0096,CONTR0296,SYNTHETIC,2026-08-24T22:13:00,9,Saturday,Fortaleza,Nordeste,446,1054,29.7,2500,False,125,False,False,False,86.0,,False,False,low,low
CTX0894,CUST0420,VEH0020,CONTR0420,SYNTHETIC,2026-09-18T10:38:00,12,Friday,Curitiba,Sul,877,0,109.6,350,True,290,False,False,False,26.0,,False,False,high,medium
CTX0895,CUST0184,VEH0084,CONTR0184,SYNTHETIC,2026-08-21T11:25:00,20,Monday,Goiânia,Centro-Oeste,1366,434,75.9,1000,True,487,False,True,False,94.0,,False,False,high,medium
CTX0896,CUST0484,VEH0084,CONTR0484,SYNTHETIC,2026-08-22T14:40:00,12,Saturday,Goiânia,Centro-Oeste,1996,0,133.1,2500,False,124,True,True,False,69.0,,False,False,high,medium
CTX0897,CUST0191,VEH0091,CONTR0191,SYNTHETIC,2026-09-30T13:04:00,14,Monday,Fortaleza,Nordeste,2398,602,79.9,1500,False,0,True,False,False,49.0,,False,False,normal,low
CTX0898,CUST0273,VEH0073,CONTR0273,SYNTHETIC,2026-09-10T14:09:00,13,Wednesday,Florianópolis,Sul,2788,0,139.4,1000,False,0,True,True,False,91.0,,False,False,high,medium
CTX0899,CUST0006,VEH0006,CONTR0006,SYNTHETIC,2026-09-24T11:33:00,15,Friday,Fortaleza,Nordeste,1678,0,111.9,350,True,317,False,False,False,65.0,,False,False,high,medium
CTX0900,CUST0421,VEH0021,CONTR0421,SYNTHETIC,2026-09-14T09:57:00,7,Tuesday,Rio de Janeiro,Sudeste,525,475,52.5,1000,True,0,True,True,False,,32.0,False,False,normal,medium
CTX0901,CUST0163,VEH0063,CONTR0163,SYNTHETIC,2026-08-27T18:30:00,10,Wednesday,Porto Alegre,Sul,1345,0,134.5,4000,False,380,False,False,False,92.0,,False,False,high,low
CTX0902,CUST0005,VEH0005,CONTR0005,SYNTHETIC,2026-09-28T17:45:00,13,Saturday,Fortaleza,Nordeste,812,1188,40.6,1500,False,478,False,False,False,85.0,,False,False,low,low
CTX0903,CUST0312,VEH0012,CONTR0312,SYNTHETIC,2026-09-02T22:18:00,14,Thursday,Belo Horizonte,Sudeste,2913,0,145.6,1500,True,291,False,True,True,45.0,,False,False,high,high
CTX0904,CUST0267,VEH0067,CONTR0267,SYNTHETIC,2026-09-26T08:04:00,13,Monday,Curitiba,Sul,530,270,66.2,1500,False,181,False,True,False,79.0,,False,False,normal,low
CTX0905,CUST0085,VEH0085,CONTR0085,SYNTHETIC,2026-10-01T19:43:00,22,Saturday,Florianópolis,Sul,957,0,119.6,350,True,493,False,False,False,50.0,,False,False,high,medium
CTX0906,CUST0070,VEH0070,CONTR0070,SYNTHETIC,2026-10-01T19:44:00,17,Tuesday,Campinas,Sudeste,824,376,68.7,350,True,390,False,True,False,84.0,,False,True,normal,medium
CTX0907,CUST0379,VEH0079,CONTR0379,SYNTHETIC,2026-08-29T13:11:00,8,Wednesday,Salvador,Nordeste,1126,0,112.6,1000,False,355,False,False,False,68.0,,False,False,high,low
CTX0908,CUST0430,VEH0030,CONTR0430,SYNTHETIC,2026-09-08T09:21:00,13,Sunday,Curitiba,Sul,1746,0,145.5,4000,False,112,True,True,False,63.0,,False,False,high,medium
CTX0909,CUST0277,VEH0077,CONTR0277,SYNTHETIC,2026-08-22T18:13:00,15,Saturday,Fortaleza,Nordeste,2131,369,85.2,1500,False,0,True,True,True,,69.0,False,False,high,high
CTX0910,CUST0264,VEH0064,CONTR0264,SYNTHETIC,2026-09-10T15:22:00,9,Monday,Florianópolis,Sul,508,992,33.9,700,False,51,True,False,False,63.0,,False,False,low,low
CTX0911,CUST0180,VEH0080,CONTR0180,SYNTHETIC,2026-09-26T22:32:00,10,Thursday,Porto Alegre,Sul,875,625,58.3,2500,False,0,True,False,False,82.0,,False,False,normal,low
CTX0912,CUST0064,VEH0064,CONTR0064,SYNTHETIC,2026-09-08T15:23:00,19,Tuesday,Salvador,Nordeste,1500,300,83.3,1500,True,0,True,False,True,91.0,,False,False,high,high
CTX0913,CUST0275,VEH0075,CONTR0275,SYNTHETIC,2026-09-09T19:00:00,17,Sunday,Florianópolis,Sul,2019,0,134.6,700,True,409,False,True,False,,55.0,False,False,high,medium
CTX0914,CUST0364,VEH0064,CONTR0364,SYNTHETIC,2026-09-10T07:10:00,12,Thursday,Porto Alegre,Sul,898,102,89.8,1500,False,299,False,True,False,44.0,,False,True,high,medium
CTX0915,CUST0492,VEH0092,CONTR0492,SYNTHETIC,2026-08-17T10:20:00,18,Friday,Salvador,Nordeste,1501,299,83.4,1500,False,117,True,False,False,15.0,,True,False,high,high
CTX0916,CUST0372,VEH0072,CONTR0372,SYNTHETIC,2026-09-09T22:00:00,13,Monday,Campinas,Sudeste,445,555,44.5,700,True,172,False,True,True,63.0,,False,False,low,medium
CTX0917,CUST0348,VEH0048,CONTR0348,SYNTHETIC,2026-09-26T19:15:00,10,Saturday,Recife,Nordeste,690,310,69.0,2500,False,464,False,True,True,,54.0,False,False,normal,low
CTX0918,CUST0262,VEH0062,CONTR0262,SYNTHETIC,2026-09-16T19:12:00,21,Saturday,Rio de Janeiro,Sudeste,1599,0,106.6,350,True,433,False,False,False,59.0,,False,False,high,medium
CTX0919,CUST0401,VEH0001,CONTR0401,SYNTHETIC,2026-08-22T10:14:00,9,Tuesday,Belo Horizonte,Sudeste,1923,0,128.2,2500,False,0,True,False,False,79.0,,False,False,high,medium
CTX0920,CUST0206,VEH0006,CONTR0206,SYNTHETIC,2026-09-26T07:24:00,19,Friday,São Paulo,Sudeste,1884,0,125.6,700,False,357,False,False,False,18.0,,True,False,high,medium
CTX0921,CUST0157,VEH0057,CONTR0157,SYNTHETIC,2026-08-21T07:19:00,9,Wednesday,Rio de Janeiro,Sudeste,1776,724,71.0,188,True,498,False,False,False,35.0,,False,False,normal,low
CTX0922,CUST0187,VEH0087,CONTR0187,SYNTHETIC,2026-09-29T06:03:00,16,Tuesday,Rio de Janeiro,Sudeste,2985,0,149.2,1500,False,7,True,True,True,88.0,,False,False,high,high
CTX0923,CUST0147,VEH0047,CONTR0147,SYNTHETIC,2026-09-08T16:19:00,9,Monday,São Paulo,Sudeste,3372,0,134.9,1500,True,22,True,False,False,26.0,,False,False,high,high
CTX0924,CUST0343,VEH0043,CONTR0343,SYNTHETIC,2026-08-25T22:38:00,17,Tuesday,Salvador,Nordeste,1785,0,119.0,1000,False,63,True,False,False,43.0,,False,False,high,medium
CTX0925,CUST0333,VEH0033,CONTR0333,SYNTHETIC,2026-08-24T09:02:00,12,Tuesday,Fortaleza,Nordeste,1117,83,93.1,1000,True,202,False,True,False,79.0,,False,False,high,medium
CTX0926,CUST0361,VEH0061,CONTR0361,SYNTHETIC,2026-09-01T12:34:00,10,Monday,Curitiba,Sul,1920,80,96.0,1500,True,382,False,True,False,57.0,,False,False,high,medium
CTX0927,CUST0066,VEH0066,CONTR0066,SYNTHETIC,2026-09-03T09:58:00,19,Monday,Fortaleza,Nordeste,727,73,90.9,4000,False,0,True,False,False,36.0,,False,False,high,medium
CTX0928,CUST0248,VEH0048,CONTR0248,SYNTHETIC,2026-09-23T15:02:00,7,Sunday,Campinas,Sudeste,1478,22,98.5,700,True,0,True,False,True,,66.0,False,False,high,high
CTX0929,CUST0498,VEH0098,CONTR0498,SYNTHETIC,2026-09-27T11:28:00,22,Thursday,Rio de Janeiro,Sudeste,1637,1363,54.6,700,True,0,True,False,True,22.0,,True,False,normal,high
CTX0930,CUST0288,VEH0088,CONTR0288,SYNTHETIC,2026-09-18T06:56:00,22,Thursday,Goiânia,Centro-Oeste,1278,222,85.2,4000,False,119,True,True,False,69.0,,False,False,high,medium
CTX0931,CUST0258,VEH0058,CONTR0258,SYNTHETIC,2026-09-21T13:02:00,13,Wednesday,Salvador,Nordeste,1391,0,115.9,4000,False,314,False,False,False,32.0,,False,False,high,low
CTX0932,CUST0021,VEH0021,CONTR0021,SYNTHETIC,2026-09-16T12:34:00,9,Monday,Brasília,Centro-Oeste,929,71,92.9,1500,False,254,False,True,False,,42.0,False,False,high,low
CTX0933,CUST0333,VEH0033,CONTR0333,SYNTHETIC,2026-08-27T14:46:00,10,Thursday,Fortaleza,Nordeste,1117,83,93.1,1000,True,202,False,False,False,79.0,,False,False,high,medium
CTX0934,CUST0460,VEH0060,CONTR0460,SYNTHETIC,2026-09-17T14:11:00,14,Monday,Recife,Nordeste,1054,146,87.8,4000,False,463,False,False,False,39.0,,False,False,high,low
CTX0935,CUST0276,VEH0076,CONTR0276,SYNTHETIC,2026-08-24T12:52:00,20,Tuesday,Campinas,Sudeste,969,1531,38.8,220,True,0,True,False,False,37.0,,False,False,low,medium
CTX0936,CUST0167,VEH0067,CONTR0167,SYNTHETIC,2026-09-04T17:09:00,21,Monday,São Paulo,Sudeste,3543,0,141.7,1000,True,377,False,False,False,17.0,,True,False,high,high
CTX0937,CUST0254,VEH0054,CONTR0254,SYNTHETIC,2026-09-20T15:01:00,15,Tuesday,Recife,Nordeste,3415,0,136.6,1000,True,261,False,False,False,34.0,,False,False,high,medium
CTX0938,CUST0454,VEH0054,CONTR0454,SYNTHETIC,2026-09-02T18:06:00,22,Tuesday,Fortaleza,Nordeste,1062,0,106.2,1500,False,237,False,False,False,94.0,,False,False,high,low
CTX0939,CUST0373,VEH0073,CONTR0373,SYNTHETIC,2026-10-01T07:08:00,13,Sunday,Rio de Janeiro,Sudeste,862,138,86.2,1500,False,187,False,True,False,41.0,,False,False,high,low
CTX0940,CUST0043,VEH0043,CONTR0043,SYNTHETIC,2026-09-10T08:12:00,10,Thursday,Salvador,Nordeste,1676,324,83.8,1500,False,126,False,True,False,71.0,,False,False,high,low
CTX0941,CUST0389,VEH0089,CONTR0389,SYNTHETIC,2026-08-28T14:40:00,9,Monday,Recife,Nordeste,1192,0,119.2,2500,False,0,True,True,False,57.0,,False,False,high,medium
CTX0942,CUST0423,VEH0023,CONTR0423,SYNTHETIC,2026-09-22T06:58:00,13,Monday,Belo Horizonte,Sudeste,1205,0,120.5,1500,False,392,False,False,False,,51.0,False,False,high,low
CTX0943,CUST0117,VEH0017,CONTR0117,SYNTHETIC,2026-08-19T18:43:00,9,Thursday,Salvador,Nordeste,2319,0,116.0,1500,True,104,False,True,False,66.0,,False,False,high,medium
CTX0944,CUST0087,VEH0087,CONTR0087,SYNTHETIC,2026-09-24T17:59:00,8,Monday,Brasília,Centro-Oeste,1829,0,121.9,4000,False,267,False,False,True,76.0,,False,False,high,medium
CTX0945,CUST0310,VEH0010,CONTR0310,SYNTHETIC,2026-09-04T10:57:00,15,Friday,Fortaleza,Nordeste,2074,0,103.7,2500,False,80,True,True,False,16.0,,True,False,high,high
CTX0946,CUST0419,VEH0019,CONTR0419,SYNTHETIC,2026-09-15T08:50:00,6,Sunday,Goiânia,Centro-Oeste,704,796,46.9,193,True,236,False,False,False,59.0,,False,False,normal,low
CTX0947,CUST0478,VEH0078,CONTR0478,SYNTHETIC,2026-09-01T08:07:00,19,Saturday,Fortaleza,Nordeste,1400,600,70.0,700,True,0,True,False,False,44.0,,False,False,normal,medium
CTX0948,CUST0143,VEH0043,CONTR0143,SYNTHETIC,2026-09-11T21:27:00,21,Saturday,Curitiba,Sul,1345,155,89.7,2500,False,98,True,True,False,63.0,,False,False,high,medium
CTX0949,CUST0499,VEH0099,CONTR0499,SYNTHETIC,2026-09-16T18:26:00,21,Friday,Florianópolis,Sul,2726,274,90.9,350,True,394,False,False,False,28.0,,False,False,high,medium
CTX0950,CUST0274,VEH0074,CONTR0274,SYNTHETIC,2026-08-29T13:44:00,8,Tuesday,Rio de Janeiro,Sudeste,1813,687,72.5,4000,False,330,False,False,False,76.0,,False,False,normal,low
CTX0951,CUST0186,VEH0086,CONTR0186,SYNTHETIC,2026-09-24T07:58:00,17,Wednesday,Curitiba,Sul,2127,873,70.9,700,False,47,True,False,False,51.0,,False,False,normal,low
CTX0952,CUST0435,VEH0035,CONTR0435,SYNTHETIC,2026-09-05T13:13:00,13,Monday,Brasília,Centro-Oeste,1813,0,100.7,1000,True,47,True,False,False,91.0,,False,False,high,high
CTX0953,CUST0383,VEH0083,CONTR0383,SYNTHETIC,2026-09-04T17:03:00,9,Saturday,Curitiba,Sul,1368,0,114.0,4000,False,425,False,False,False,25.0,,True,False,high,medium
CTX0954,CUST0298,VEH0098,CONTR0298,SYNTHETIC,2026-09-16T08:00:00,19,Tuesday,Belo Horizonte,Sudeste,1732,268,86.6,2500,False,0,True,True,False,52.0,,False,False,high,medium
CTX0955,CUST0392,VEH0092,CONTR0392,SYNTHETIC,2026-09-01T19:46:00,16,Thursday,Fortaleza,Nordeste,1412,388,78.4,4000,False,0,True,False,True,22.0,,True,False,normal,high
CTX0956,CUST0401,VEH0001,CONTR0401,SYNTHETIC,2026-08-24T11:32:00,11,Monday,Belo Horizonte,Sudeste,1923,0,128.2,2500,False,0,True,False,False,79.0,,False,True,high,high
CTX0957,CUST0203,VEH0003,CONTR0203,SYNTHETIC,2026-08-26T22:19:00,13,Thursday,Porto Alegre,Sul,2753,0,110.1,350,True,230,False,True,False,55.0,,False,False,high,medium
CTX0958,CUST0477,VEH0077,CONTR0477,SYNTHETIC,2026-09-18T18:39:00,7,Tuesday,Goiânia,Centro-Oeste,723,77,90.4,1000,True,0,True,False,False,,60.0,False,False,high,high
CTX0959,CUST0201,VEH0001,CONTR0201,SYNTHETIC,2026-08-21T18:52:00,18,Tuesday,São Paulo,Sudeste,3453,0,115.1,4000,False,90,False,True,True,71.0,,False,False,high,medium
CTX0960,CUST0028,VEH0028,CONTR0028,SYNTHETIC,2026-09-08T16:01:00,13,Wednesday,Curitiba,Sul,2443,557,81.4,1500,False,62,True,True,False,84.0,,False,False,normal,low
CTX0961,CUST0084,VEH0084,CONTR0084,SYNTHETIC,2026-09-19T12:40:00,7,Tuesday,Fortaleza,Nordeste,540,260,67.5,700,False,360,False,False,False,81.0,,False,True,normal,low
CTX0962,CUST0138,VEH0038,CONTR0138,SYNTHETIC,2026-09-28T16:05:00,15,Monday,Brasília,Centro-Oeste,656,144,82.0,249,True,287,False,False,False,82.0,,False,False,normal,low
CTX0963,CUST0183,VEH0083,CONTR0183,SYNTHETIC,2026-09-23T09:21:00,19,Saturday,Curitiba,Sul,1367,433,75.9,700,True,203,False,False,False,36.0,,False,False,normal,low
CTX0964,CUST0258,VEH0058,CONTR0258,SYNTHETIC,2026-08-25T07:18:00,11,Tuesday,Salvador,Nordeste,1391,0,115.9,4000,False,314,False,True,False,32.0,,False,False,high,low
CTX0965,CUST0350,VEH0050,CONTR0350,SYNTHETIC,2026-08-19T10:49:00,11,Friday,Rio de Janeiro,Sudeste,897,103,89.7,2500,False,460,False,True,False,,40.0,False,False,high,low
CTX0966,CUST0265,VEH0065,CONTR0265,SYNTHETIC,2026-09-04T07:57:00,18,Tuesday,Salvador,Nordeste,634,366,63.4,350,True,168,False,False,False,57.0,,False,False,normal,low
CTX0967,CUST0107,VEH0007,CONTR0107,SYNTHETIC,2026-09-12T08:31:00,9,Thursday,Salvador,Nordeste,739,461,61.6,2500,False,0,True,True,False,52.0,,False,False,normal,low
CTX0968,CUST0161,VEH0061,CONTR0161,SYNTHETIC,2026-09-26T08:11:00,20,Wednesday,Curitiba,Sul,2457,43,98.3,350,True,268,False,True,False,87.0,,False,False,high,medium
CTX0969,CUST0243,VEH0043,CONTR0243,SYNTHETIC,2026-09-08T15:25:00,19,Sunday,Recife,Nordeste,2141,0,178.4,4000,False,0,True,False,False,58.0,,False,False,high,medium
CTX0970,CUST0318,VEH0018,CONTR0318,SYNTHETIC,2026-09-08T08:43:00,19,Friday,Brasília,Centro-Oeste,2906,0,116.2,1000,True,319,False,False,False,85.0,,False,False,high,medium
CTX0971,CUST0231,VEH0031,CONTR0231,SYNTHETIC,2026-09-16T06:09:00,9,Wednesday,Florianópolis,Sul,985,815,54.7,4000,False,2,True,True,False,75.0,,False,False,normal,low
CTX0972,CUST0193,VEH0093,CONTR0193,SYNTHETIC,2026-08-20T08:22:00,20,Thursday,Porto Alegre,Sul,2903,0,161.3,1500,False,172,False,False,False,54.0,,False,False,high,low
CTX0973,CUST0329,VEH0029,CONTR0329,SYNTHETIC,2026-09-06T19:12:00,18,Wednesday,Salvador,Nordeste,1423,0,118.6,350,True,31,True,False,True,84.0,,False,False,high,high
CTX0974,CUST0034,VEH0034,CONTR0034,SYNTHETIC,2026-09-14T20:02:00,10,Thursday,Salvador,Nordeste,2227,0,123.7,4000,False,235,False,False,False,62.0,,False,False,high,low
CTX0975,CUST0075,VEH0075,CONTR0075,SYNTHETIC,2026-09-08T19:30:00,12,Monday,Campinas,Sudeste,900,1100,45.0,350,True,385,False,True,False,,77.0,False,False,normal,low
CTX0976,CUST0109,VEH0009,CONTR0109,SYNTHETIC,2026-09-22T08:17:00,18,Monday,Goiânia,Centro-Oeste,995,205,82.9,4000,False,0,True,True,False,95.0,,False,False,normal,low
CTX0977,CUST0153,VEH0053,CONTR0153,SYNTHETIC,2026-09-28T08:57:00,19,Wednesday,Belo Horizonte,Sudeste,2224,0,148.3,2500,False,492,False,True,False,84.0,,False,False,high,low
CTX0978,CUST0494,VEH0094,CONTR0494,SYNTHETIC,2026-08-28T11:44:00,19,Wednesday,Florianópolis,Sul,673,127,84.1,4000,False,182,False,False,False,18.0,,True,False,high,medium
CTX0979,CUST0468,VEH0068,CONTR0468,SYNTHETIC,2026-09-22T16:42:00,16,Monday,Belo Horizonte,Sudeste,899,0,112.4,1000,True,300,False,False,False,55.0,,False,False,high,medium
CTX0980,CUST0078,VEH0078,CONTR0078,SYNTHETIC,2026-09-05T14:33:00,6,Thursday,Campinas,Sudeste,3361,0,112.0,350,True,477,False,False,True,59.0,,False,False,high,high
CTX0981,CUST0483,VEH0083,CONTR0483,SYNTHETIC,2026-09-18T12:26:00,11,Friday,Florianópolis,Sul,2741,0,137.1,2500,False,136,True,True,False,33.0,,False,False,high,medium
CTX0982,CUST0194,VEH0094,CONTR0194,SYNTHETIC,2026-10-01T17:52:00,17,Monday,Brasília,Centro-Oeste,3463,0,173.2,4000,False,352,False,False,False,46.0,,False,False,high,low
CTX0983,CUST0155,VEH0055,CONTR0155,SYNTHETIC,2026-09-05T19:22:00,17,Sunday,Salvador,Nordeste,854,146,85.4,1500,False,0,True,False,False,73.0,,False,False,high,medium
CTX0984,CUST0278,VEH0078,CONTR0278,SYNTHETIC,2026-09-08T11:35:00,11,Friday,Belo Horizonte,Sudeste,1707,93,94.8,4000,False,188,False,False,False,16.0,,True,False,high,medium
CTX0985,CUST0224,VEH0024,CONTR0224,SYNTHETIC,2026-09-25T08:51:00,9,Monday,Rio de Janeiro,Sudeste,1914,0,106.3,350,True,418,False,False,False,78.0,,False,False,high,medium
CTX0986,CUST0333,VEH0033,CONTR0333,SYNTHETIC,2026-08-28T09:40:00,20,Friday,Fortaleza,Nordeste,1117,83,93.1,1000,False,202,False,False,False,79.0,,False,False,high,low
CTX0987,CUST0298,VEH0098,CONTR0298,SYNTHETIC,2026-08-27T18:07:00,12,Sunday,Belo Horizonte,Sudeste,1732,268,86.6,2500,False,0,True,False,False,52.0,,False,False,high,medium
CTX0988,CUST0241,VEH0041,CONTR0241,SYNTHETIC,2026-09-06T06:23:00,13,Friday,Rio de Janeiro,Sudeste,462,338,57.8,1000,False,466,False,False,False,69.0,,False,False,normal,low
CTX0989,CUST0146,VEH0046,CONTR0146,SYNTHETIC,2026-09-05T13:00:00,19,Monday,Rio de Janeiro,Sudeste,2421,79,96.8,4000,False,0,True,False,True,90.0,,False,False,high,high
CTX0990,CUST0008,VEH0008,CONTR0008,SYNTHETIC,2026-09-10T11:36:00,19,Tuesday,Rio de Janeiro,Sudeste,1479,21,98.6,700,False,512,False,False,False,31.0,,False,False,high,low
CTX0991,CUST0285,VEH0085,CONTR0285,SYNTHETIC,2026-09-23T18:46:00,11,Thursday,Recife,Nordeste,3339,0,111.3,2500,False,98,True,False,False,82.0,,False,False,high,medium
CTX0992,CUST0463,VEH0063,CONTR0463,SYNTHETIC,2026-09-23T22:07:00,18,Sunday,Belo Horizonte,Sudeste,1257,0,104.8,350,True,0,True,False,False,58.0,,False,False,high,high
CTX0993,CUST0391,VEH0091,CONTR0391,SYNTHETIC,2026-09-04T06:40:00,10,Monday,São Paulo,Sudeste,2399,0,133.3,1500,False,8,True,True,False,48.0,,False,False,high,medium
CTX0994,CUST0317,VEH0017,CONTR0317,SYNTHETIC,2026-09-02T17:11:00,13,Saturday,Campinas,Sudeste,3081,0,123.2,2500,False,0,True,True,False,34.0,,False,False,high,medium
CTX0995,CUST0460,VEH0060,CONTR0460,SYNTHETIC,2026-09-07T14:42:00,7,Wednesday,Recife,Nordeste,1054,146,87.8,4000,False,463,False,False,False,39.0,,False,False,high,low
CTX0996,CUST0043,VEH0043,CONTR0043,SYNTHETIC,2026-09-24T20:59:00,9,Monday,Salvador,Nordeste,1676,324,83.8,1500,False,126,False,False,False,71.0,,False,False,normal,low
CTX0997,CUST0073,VEH0073,CONTR0073,SYNTHETIC,2026-09-18T18:06:00,21,Sunday,Curitiba,Sul,516,284,64.5,700,True,15,True,False,True,41.0,,False,True,normal,high
CTX0998,CUST0012,VEH0012,CONTR0012,SYNTHETIC,2026-09-07T16:40:00,20,Sunday,Porto Alegre,Sul,749,51,93.6,1500,True,49,True,False,False,51.0,,False,True,high,high
CTX0999,CUST0083,VEH0083,CONTR0083,SYNTHETIC,2026-09-29T09:21:00,17,Thursday,Salvador,Nordeste,2628,0,105.1,350,True,208,False,False,False,34.0,,False,False,high,medium
CTX1000,CUST0315,VEH0015,CONTR0315,SYNTHETIC,2026-09-30T22:32:00,10,Tuesday,Belo Horizonte,Sudeste,944,0,118.0,2500,False,488,False,True,False,23.0,,False,False,high,low
CTX1001,CUST0444,VEH0044,CONTR0444,SYNTHETIC,2026-08-18T10:17:00,14,Thursday,Goiânia,Centro-Oeste,1664,136,92.4,1000,True,0,True,True,False,40.0,,False,False,high,high
CTX1002,CUST0103,VEH0003,CONTR0103,SYNTHETIC,2026-08-30T18:59:00,12,Wednesday,Porto Alegre,Sul,1257,0,157.1,1000,False,0,True,False,False,70.0,,False,False,high,medium
CTX1003,CUST0089,VEH0089,CONTR0089,SYNTHETIC,2026-08-25T15:10:00,12,Saturday,Recife,Nordeste,1338,0,133.8,2500,False,72,True,False,False,79.0,,False,False,high,medium
CTX1004,CUST0250,VEH0050,CONTR0250,SYNTHETIC,2026-08-23T09:38:00,18,Thursday,Salvador,Nordeste,604,596,50.3,700,True,84,True,False,False,,28.0,True,False,normal,high
CTX1005,CUST0103,VEH0003,CONTR0103,SYNTHETIC,2026-08-30T14:37:00,19,Wednesday,Porto Alegre,Sul,1257,0,157.1,1000,True,0,True,True,False,70.0,,False,False,high,high
CTX1006,CUST0310,VEH0010,CONTR0310,SYNTHETIC,2026-09-20T17:15:00,8,Tuesday,Fortaleza,Nordeste,2074,0,103.7,2500,False,80,False,True,False,16.0,,True,False,high,medium
CTX1007,CUST0337,VEH0037,CONTR0337,SYNTHETIC,2026-10-01T16:13:00,20,Friday,Recife,Nordeste,1090,1410,43.6,350,True,270,False,True,False,17.0,,True,False,low,medium
CTX1008,CUST0408,VEH0008,CONTR0408,SYNTHETIC,2026-09-18T09:35:00,14,Saturday,Brasília,Centro-Oeste,1898,0,105.4,2500,False,462,False,True,True,18.0,,True,False,high,high
CTX1009,CUST0312,VEH0012,CONTR0312,SYNTHETIC,2026-09-11T12:12:00,7,Sunday,Belo Horizonte,Sudeste,2913,0,145.6,1500,False,291,False,True,True,45.0,,False,False,high,medium
CTX1010,CUST0253,VEH0053,CONTR0253,SYNTHETIC,2026-08-24T16:37:00,18,Tuesday,Rio de Janeiro,Sudeste,989,211,82.4,4000,False,0,True,False,False,46.0,,False,False,high,medium
CTX1011,CUST0296,VEH0096,CONTR0296,SYNTHETIC,2026-10-01T20:18:00,10,Sunday,Fortaleza,Nordeste,446,1054,29.7,2500,False,125,False,False,False,86.0,,False,False,low,low
CTX1012,CUST0496,VEH0096,CONTR0496,SYNTHETIC,2026-09-25T19:46:00,15,Wednesday,Recife,Nordeste,3313,0,165.7,1000,True,0,True,True,False,30.0,,False,False,high,high
CTX1013,CUST0163,VEH0063,CONTR0163,SYNTHETIC,2026-09-28T18:19:00,20,Thursday,Porto Alegre,Sul,1345,0,134.5,4000,False,380,False,False,False,92.0,,False,False,high,low
CTX1014,CUST0435,VEH0035,CONTR0435,SYNTHETIC,2026-09-23T09:20:00,19,Tuesday,Brasília,Centro-Oeste,1813,0,100.7,1000,False,47,True,False,False,91.0,,False,False,high,medium
CTX1015,CUST0088,VEH0088,CONTR0088,SYNTHETIC,2026-09-28T14:56:00,7,Monday,Salvador,Nordeste,2412,588,80.4,4000,False,281,False,False,False,76.0,,False,False,high,low
CTX1016,CUST0025,VEH0025,CONTR0025,SYNTHETIC,2026-09-07T14:44:00,11,Tuesday,Salvador,Nordeste,2415,0,120.8,4000,False,227,False,False,False,59.0,,False,False,high,low
CTX1017,CUST0299,VEH0099,CONTR0299,SYNTHETIC,2026-09-05T20:42:00,9,Friday,Porto Alegre,Sul,1734,266,86.7,700,True,391,False,False,False,87.0,,False,False,high,medium
CTX1018,CUST0271,VEH0071,CONTR0271,SYNTHETIC,2026-09-01T13:05:00,14,Sunday,Salvador,Nordeste,1891,0,105.1,4000,False,343,False,True,False,48.0,,False,False,high,low
CTX1019,CUST0152,VEH0052,CONTR0152,SYNTHETIC,2026-08-18T08:04:00,21,Monday,Recife,Nordeste,2075,0,138.3,4000,False,146,False,False,False,67.0,,False,False,high,low
CTX1020,CUST0109,VEH0009,CONTR0109,SYNTHETIC,2026-09-25T16:13:00,22,Friday,Goiânia,Centro-Oeste,995,205,82.9,4000,False,0,True,True,False,95.0,,False,False,normal,low
CTX1021,CUST0440,VEH0040,CONTR0440,SYNTHETIC,2026-09-23T13:58:00,17,Thursday,Recife,Nordeste,1114,0,139.2,1000,True,322,False,False,True,16.0,,True,False,high,high
CTX1022,CUST0500,VEH0100,CONTR0500,SYNTHETIC,2026-09-21T15:55:00,9,Tuesday,São Paulo,Sudeste,1984,0,110.2,286,True,340,False,True,False,88.0,,False,False,high,medium
CTX1023,CUST0237,VEH0037,CONTR0237,SYNTHETIC,2026-09-14T06:30:00,22,Thursday,Recife,Nordeste,4489,0,149.6,700,False,414,False,False,False,34.0,,False,True,high,medium
CTX1024,CUST0181,VEH0081,CONTR0181,SYNTHETIC,2026-08-30T19:32:00,16,Monday,Fortaleza,Nordeste,1389,0,115.8,4000,False,482,False,True,True,55.0,,False,False,high,medium
CTX1025,CUST0226,VEH0026,CONTR0226,SYNTHETIC,2026-09-04T12:18:00,12,Thursday,São Paulo,Sudeste,1035,1465,41.4,2500,False,245,False,False,False,52.0,,False,False,low,low
CTX1026,CUST0091,VEH0091,CONTR0091,SYNTHETIC,2026-08-21T13:07:00,13,Monday,São Paulo,Sudeste,1938,62,96.9,1500,False,0,True,False,False,32.0,,False,False,high,medium
CTX1027,CUST0028,VEH0028,CONTR0028,SYNTHETIC,2026-09-17T18:25:00,18,Monday,Curitiba,Sul,2443,557,81.4,1500,False,62,True,True,False,84.0,,False,True,normal,medium
CTX1028,CUST0113,VEH0013,CONTR0113,SYNTHETIC,2026-09-13T15:46:00,6,Monday,Brasília,Centro-Oeste,1905,1095,63.5,700,True,0,True,True,True,83.0,,False,False,normal,high
CTX1029,CUST0095,VEH0095,CONTR0095,SYNTHETIC,2026-09-27T11:11:00,16,Thursday,Porto Alegre,Sul,2523,0,168.2,263,True,437,False,True,False,21.0,,True,False,high,high
CTX1030,CUST0073,VEH0073,CONTR0073,SYNTHETIC,2026-09-15T08:10:00,6,Friday,Curitiba,Sul,516,284,64.5,700,False,15,True,True,True,41.0,,False,False,normal,medium
CTX1031,CUST0181,VEH0081,CONTR0181,SYNTHETIC,2026-09-29T06:36:00,15,Sunday,Fortaleza,Nordeste,1389,0,115.8,4000,False,482,False,False,True,55.0,,False,False,high,medium
CTX1032,CUST0117,VEH0017,CONTR0117,SYNTHETIC,2026-09-03T21:47:00,17,Friday,Salvador,Nordeste,2319,0,116.0,1500,False,104,False,False,False,66.0,,False,False,high,low
CTX1033,CUST0132,VEH0032,CONTR0132,SYNTHETIC,2026-08-17T16:57:00,22,Sunday,São Paulo,Sudeste,770,30,96.2,1000,True,0,True,True,False,94.0,,False,True,high,high
CTX1034,CUST0340,VEH0040,CONTR0340,SYNTHETIC,2026-09-22T19:54:00,13,Saturday,Curitiba,Sul,1863,137,93.2,1500,True,280,False,False,False,65.0,,False,False,high,medium
CTX1035,CUST0073,VEH0073,CONTR0073,SYNTHETIC,2026-09-04T17:13:00,8,Tuesday,Curitiba,Sul,516,284,64.5,700,True,15,True,False,True,41.0,,False,False,normal,high
CTX1036,CUST0472,VEH0072,CONTR0472,SYNTHETIC,2026-09-03T22:11:00,14,Saturday,Porto Alegre,Sul,886,614,59.1,350,True,140,False,False,False,62.0,,False,False,normal,low
CTX1037,CUST0179,VEH0079,CONTR0179,SYNTHETIC,2026-08-29T16:53:00,9,Thursday,Recife,Nordeste,1108,92,92.3,1500,False,276,False,True,False,88.0,,False,False,high,low
CTX1038,CUST0408,VEH0008,CONTR0408,SYNTHETIC,2026-08-19T10:29:00,10,Friday,Brasília,Centro-Oeste,1898,0,105.4,2500,False,462,False,True,True,18.0,,True,False,high,high
CTX1039,CUST0495,VEH0095,CONTR0495,SYNTHETIC,2026-09-13T06:29:00,7,Tuesday,Recife,Nordeste,1508,0,125.7,346,True,414,False,True,False,59.0,,False,False,high,medium
CTX1040,CUST0145,VEH0045,CONTR0145,SYNTHETIC,2026-10-01T07:16:00,10,Wednesday,Curitiba,Sul,976,0,122.0,700,False,437,False,True,False,43.0,,False,True,high,medium
CTX1041,CUST0450,VEH0050,CONTR0450,SYNTHETIC,2026-09-19T19:37:00,8,Wednesday,Brasília,Centro-Oeste,947,0,118.4,700,True,79,True,True,True,,88.0,False,False,high,high
CTX1042,CUST0113,VEH0013,CONTR0113,SYNTHETIC,2026-09-04T18:57:00,9,Wednesday,Brasília,Centro-Oeste,1905,1095,63.5,700,False,0,True,False,True,83.0,,False,False,normal,medium
CTX1043,CUST0472,VEH0072,CONTR0472,SYNTHETIC,2026-09-11T10:43:00,12,Wednesday,Porto Alegre,Sul,886,614,59.1,350,True,140,False,False,False,62.0,,False,False,normal,low
CTX1044,CUST0070,VEH0070,CONTR0070,SYNTHETIC,2026-08-22T20:34:00,11,Thursday,Campinas,Sudeste,824,376,68.7,350,True,390,False,True,False,84.0,,False,False,normal,low
CTX1045,CUST0401,VEH0001,CONTR0401,SYNTHETIC,2026-08-19T17:29:00,17,Thursday,Belo Horizonte,Sudeste,1923,0,128.2,2500,False,0,True,True,False,79.0,,False,False,high,medium
CTX1046,CUST0239,VEH0039,CONTR0239,SYNTHETIC,2026-09-05T08:48:00,10,Friday,Salvador,Nordeste,1832,668,73.3,1000,True,46,True,True,False,64.0,,False,False,normal,medium
CTX1047,CUST0465,VEH0065,CONTR0465,SYNTHETIC,2026-09-13T07:48:00,18,Tuesday,Recife,Nordeste,608,192,76.0,1500,False,0,True,False,False,44.0,,False,False,high,medium
CTX1048,CUST0207,VEH0007,CONTR0207,SYNTHETIC,2026-08-21T09:21:00,9,Sunday,Brasília,Centro-Oeste,1037,0,129.6,1500,False,447,False,True,False,30.0,,False,False,high,low
CTX1049,CUST0149,VEH0049,CONTR0149,SYNTHETIC,2026-08-30T07:44:00,12,Friday,Belo Horizonte,Sudeste,4309,0,172.4,2500,False,211,False,False,False,44.0,,False,False,high,low
CTX1050,CUST0074,VEH0074,CONTR0074,SYNTHETIC,2026-08-22T15:46:00,6,Sunday,Fortaleza,Nordeste,2699,0,149.9,2500,False,160,False,True,False,86.0,,False,False,high,low
CTX1051,CUST0249,VEH0049,CONTR0249,SYNTHETIC,2026-08-29T09:15:00,12,Monday,Florianópolis,Sul,1865,0,124.3,4000,False,0,True,False,False,40.0,,False,False,high,medium
CTX1052,CUST0243,VEH0043,CONTR0243,SYNTHETIC,2026-09-06T21:11:00,13,Sunday,Recife,Nordeste,2141,0,178.4,4000,False,0,True,True,False,58.0,,False,True,high,high
CTX1053,CUST0435,VEH0035,CONTR0435,SYNTHETIC,2026-08-22T06:11:00,10,Sunday,Brasília,Centro-Oeste,1813,0,100.7,1000,True,47,True,False,False,91.0,,False,False,high,high
CTX1054,CUST0382,VEH0082,CONTR0382,SYNTHETIC,2026-09-25T21:23:00,14,Thursday,Fortaleza,Nordeste,987,213,82.2,700,True,0,True,True,False,82.0,,False,False,high,high
CTX1055,CUST0198,VEH0098,CONTR0198,SYNTHETIC,2026-09-24T18:00:00,15,Monday,Brasília,Centro-Oeste,944,56,94.4,350,True,343,False,True,False,26.0,,False,False,high,medium
CTX1056,CUST0331,VEH0031,CONTR0331,SYNTHETIC,2026-09-14T06:10:00,17,Friday,Rio de Janeiro,Sudeste,642,1158,35.7,2500,False,472,False,False,False,64.0,,False,False,low,low
CTX1057,CUST0439,VEH0039,CONTR0439,SYNTHETIC,2026-09-09T16:29:00,10,Wednesday,Curitiba,Sul,1446,354,80.3,1000,True,239,False,False,False,49.0,,False,True,high,high
CTX1058,CUST0402,VEH0002,CONTR0402,SYNTHETIC,2026-08-24T11:36:00,22,Sunday,Florianópolis,Sul,682,518,56.8,1500,False,484,False,False,True,80.0,,False,False,normal,low
CTX1059,CUST0338,VEH0038,CONTR0338,SYNTHETIC,2026-08-23T18:04:00,7,Monday,Goiânia,Centro-Oeste,619,381,61.9,221,True,282,False,True,False,93.0,,False,False,normal,low
CTX1060,CUST0437,VEH0037,CONTR0437,SYNTHETIC,2026-09-01T16:48:00,13,Sunday,Rio de Janeiro,Sudeste,377,623,37.7,2500,False,276,False,False,False,46.0,,False,False,low,low
CTX1061,CUST0414,VEH0014,CONTR0414,SYNTHETIC,2026-09-05T08:03:00,14,Monday,Rio de Janeiro,Sudeste,2363,0,118.2,1000,True,467,False,False,False,50.0,,False,False,high,medium
CTX1062,CUST0020,VEH0020,CONTR0020,SYNTHETIC,2026-09-20T16:06:00,20,Thursday,Belo Horizonte,Sudeste,2168,332,86.7,350,True,196,False,True,False,91.0,,False,False,high,medium
CTX1063,CUST0069,VEH0069,CONTR0069,SYNTHETIC,2026-09-19T11:27:00,22,Sunday,Campinas,Sudeste,597,903,39.8,1500,False,116,True,True,False,64.0,,False,False,low,low
CTX1064,CUST0405,VEH0005,CONTR0405,SYNTHETIC,2026-09-29T10:57:00,6,Wednesday,Belo Horizonte,Sudeste,524,676,43.7,350,True,198,False,True,False,82.0,,False,False,low,low
CTX1065,CUST0397,VEH0097,CONTR0397,SYNTHETIC,2026-08-21T22:31:00,12,Sunday,Brasília,Centro-Oeste,418,382,52.2,1000,True,230,False,False,False,83.0,,False,False,normal,low
CTX1066,CUST0107,VEH0007,CONTR0107,SYNTHETIC,2026-09-23T08:28:00,19,Saturday,Salvador,Nordeste,739,461,61.6,2500,False,0,True,False,False,52.0,,False,False,normal,low
CTX1067,CUST0193,VEH0093,CONTR0193,SYNTHETIC,2026-09-24T21:14:00,7,Friday,Porto Alegre,Sul,2903,0,161.3,1500,False,172,False,True,False,54.0,,False,False,high,low
CTX1068,CUST0277,VEH0077,CONTR0277,SYNTHETIC,2026-08-17T17:04:00,11,Wednesday,Fortaleza,Nordeste,2131,369,85.2,1500,False,0,True,True,True,,69.0,False,False,high,high
CTX1069,CUST0039,VEH0039,CONTR0039,SYNTHETIC,2026-09-24T21:59:00,14,Saturday,Belo Horizonte,Sudeste,884,116,88.4,350,True,0,True,False,False,36.0,,False,False,high,high
CTX1070,CUST0016,VEH0016,CONTR0016,SYNTHETIC,2026-09-28T10:13:00,16,Sunday,Brasília,Centro-Oeste,560,240,70.0,700,False,0,True,False,True,50.0,,False,False,normal,medium
CTX1071,CUST0340,VEH0040,CONTR0340,SYNTHETIC,2026-08-23T07:22:00,8,Thursday,Curitiba,Sul,1863,137,93.2,1500,False,280,False,False,False,65.0,,False,False,high,low
CTX1072,CUST0307,VEH0007,CONTR0307,SYNTHETIC,2026-09-29T21:32:00,13,Saturday,Curitiba,Sul,1429,71,95.3,1500,False,14,True,True,False,94.0,,False,False,high,medium
CTX1073,CUST0180,VEH0080,CONTR0180,SYNTHETIC,2026-09-19T18:43:00,6,Friday,Porto Alegre,Sul,875,625,58.3,2500,False,0,True,True,False,82.0,,False,True,normal,medium
CTX1074,CUST0247,VEH0047,CONTR0247,SYNTHETIC,2026-08-27T10:07:00,20,Monday,Brasília,Centro-Oeste,857,343,71.4,1000,False,0,True,False,False,34.0,,False,False,normal,low
CTX1075,CUST0460,VEH0060,CONTR0460,SYNTHETIC,2026-09-17T08:37:00,6,Tuesday,Recife,Nordeste,1054,146,87.8,4000,False,463,False,True,False,39.0,,False,False,high,low
CTX1076,CUST0212,VEH0012,CONTR0212,SYNTHETIC,2026-09-20T15:02:00,16,Wednesday,Fortaleza,Nordeste,1057,143,88.1,700,False,0,True,True,False,29.0,,False,True,high,high
CTX1077,CUST0309,VEH0009,CONTR0309,SYNTHETIC,2026-08-20T08:04:00,14,Friday,Rio de Janeiro,Sudeste,1390,610,69.5,1500,False,383,False,False,False,76.0,,False,False,normal,low
CTX1078,CUST0106,VEH0006,CONTR0106,SYNTHETIC,2026-09-08T15:55:00,13,Friday,Salvador,Nordeste,2300,0,115.0,4000,False,321,False,True,False,56.0,,False,False,high,low
CTX1079,CUST0458,VEH0058,CONTR0458,SYNTHETIC,2026-08-23T21:17:00,8,Tuesday,Brasília,Centro-Oeste,1116,384,74.4,350,True,166,False,False,False,25.0,,False,False,normal,low
CTX1080,CUST0467,VEH0067,CONTR0467,SYNTHETIC,2026-09-08T10:02:00,13,Saturday,Belo Horizonte,Sudeste,1243,0,124.3,1500,False,132,False,True,True,86.0,,False,False,high,medium
CTX1081,CUST0226,VEH0026,CONTR0226,SYNTHETIC,2026-08-25T18:19:00,8,Monday,São Paulo,Sudeste,1035,1465,41.4,2500,False,245,False,True,False,52.0,,False,False,low,low
CTX1082,CUST0143,VEH0043,CONTR0143,SYNTHETIC,2026-09-18T18:11:00,19,Friday,Curitiba,Sul,1345,155,89.7,2500,False,98,False,True,False,63.0,,False,False,high,low
CTX1083,CUST0027,VEH0027,CONTR0027,SYNTHETIC,2026-09-10T14:51:00,12,Sunday,Campinas,Sudeste,1655,345,82.8,350,True,147,False,False,True,62.0,,False,False,high,high
CTX1084,CUST0015,VEH0015,CONTR0015,SYNTHETIC,2026-09-28T09:35:00,18,Saturday,Campinas,Sudeste,2701,0,180.1,350,True,0,True,False,False,36.0,,False,False,high,high
CTX1085,CUST0478,VEH0078,CONTR0478,SYNTHETIC,2026-08-29T14:10:00,18,Thursday,Fortaleza,Nordeste,1400,600,70.0,700,True,0,True,False,False,44.0,,False,False,normal,medium
CTX1086,CUST0382,VEH0082,CONTR0382,SYNTHETIC,2026-09-26T13:49:00,15,Wednesday,Fortaleza,Nordeste,987,213,82.2,700,True,0,True,False,False,82.0,,False,False,high,high
CTX1087,CUST0293,VEH0093,CONTR0293,SYNTHETIC,2026-08-21T06:07:00,15,Friday,Porto Alegre,Sul,1620,0,162.0,1500,True,158,False,True,True,74.0,,False,False,high,high
CTX1088,CUST0339,VEH0039,CONTR0339,SYNTHETIC,2026-09-02T07:22:00,21,Saturday,Salvador,Nordeste,633,867,42.2,700,True,424,False,False,False,87.0,,False,False,low,low
CTX1089,CUST0433,VEH0033,CONTR0433,SYNTHETIC,2026-08-23T16:04:00,20,Tuesday,Porto Alegre,Sul,2692,308,89.7,1000,True,122,False,True,False,90.0,,False,False,high,medium
CTX1090,CUST0133,VEH0033,CONTR0133,SYNTHETIC,2026-08-23T07:14:00,9,Saturday,Porto Alegre,Sul,942,58,94.2,2500,False,95,True,True,False,71.0,,False,False,high,medium
CTX1091,CUST0020,VEH0020,CONTR0020,SYNTHETIC,2026-09-17T07:45:00,14,Wednesday,Belo Horizonte,Sudeste,2168,332,86.7,350,True,196,False,False,False,91.0,,False,False,high,medium
CTX1092,CUST0009,VEH0009,CONTR0009,SYNTHETIC,2026-08-30T20:07:00,22,Monday,Florianópolis,Sul,5027,0,167.6,2500,False,404,False,True,False,44.0,,False,False,high,low
CTX1093,CUST0122,VEH0022,CONTR0122,SYNTHETIC,2026-09-13T10:01:00,16,Friday,Fortaleza,Nordeste,732,68,91.5,2500,False,275,False,False,False,72.0,,False,False,high,low
CTX1094,CUST0404,VEH0004,CONTR0404,SYNTHETIC,2026-09-13T06:10:00,17,Monday,São Paulo,Sudeste,1177,23,98.1,350,True,520,False,False,False,66.0,,False,False,high,medium
CTX1095,CUST0149,VEH0049,CONTR0149,SYNTHETIC,2026-08-30T22:50:00,17,Tuesday,Belo Horizonte,Sudeste,4309,0,172.4,2500,False,211,False,False,False,44.0,,False,False,high,low
CTX1096,CUST0194,VEH0094,CONTR0194,SYNTHETIC,2026-09-27T13:36:00,22,Friday,Brasília,Centro-Oeste,3463,0,173.2,4000,False,352,False,False,False,46.0,,False,False,high,low
CTX1097,CUST0323,VEH0023,CONTR0323,SYNTHETIC,2026-08-20T22:33:00,20,Wednesday,Salvador,Nordeste,873,927,48.5,1500,True,0,True,False,False,,31.0,False,False,normal,medium
CTX1098,CUST0138,VEH0038,CONTR0138,SYNTHETIC,2026-09-08T13:29:00,16,Saturday,Brasília,Centro-Oeste,656,144,82.0,249,True,287,False,False,False,82.0,,False,False,normal,low
CTX1099,CUST0498,VEH0098,CONTR0498,SYNTHETIC,2026-09-08T08:22:00,22,Monday,Rio de Janeiro,Sudeste,1637,1363,54.6,700,False,0,True,False,True,22.0,,True,False,normal,high
CTX1100,CUST0469,VEH0069,CONTR0469,SYNTHETIC,2026-09-17T10:59:00,13,Sunday,Salvador,Nordeste,2109,0,105.5,1500,False,334,False,False,False,42.0,,False,False,high,low
CTX1101,CUST0466,VEH0066,CONTR0466,SYNTHETIC,2026-09-11T09:05:00,19,Thursday,Porto Alegre,Sul,1756,244,87.8,700,True,173,False,True,False,50.0,,False,False,high,medium
CTX1102,CUST0259,VEH0059,CONTR0259,SYNTHETIC,2026-09-20T20:00:00,11,Monday,Curitiba,Sul,3792,0,126.4,4000,False,55,True,True,False,47.0,,False,False,high,medium
CTX1103,CUST0215,VEH0015,CONTR0215,SYNTHETIC,2026-09-04T06:44:00,11,Monday,Recife,Nordeste,352,848,29.3,350,True,412,False,False,False,64.0,,False,False,low,low
CTX1104,CUST0068,VEH0068,CONTR0068,SYNTHETIC,2026-08-17T15:07:00,16,Sunday,Belo Horizonte,Sudeste,927,0,115.9,350,True,0,True,False,False,57.0,,False,False,high,high
CTX1105,CUST0460,VEH0060,CONTR0460,SYNTHETIC,2026-09-09T20:58:00,19,Saturday,Recife,Nordeste,1054,146,87.8,4000,False,463,False,False,False,39.0,,False,True,high,medium
CTX1106,CUST0231,VEH0031,CONTR0231,SYNTHETIC,2026-08-25T22:05:00,10,Monday,Florianópolis,Sul,985,815,54.7,4000,False,2,True,True,False,75.0,,False,False,normal,low
CTX1107,CUST0304,VEH0004,CONTR0304,SYNTHETIC,2026-08-25T14:49:00,9,Tuesday,São Paulo,Sudeste,2591,0,172.7,4000,False,317,False,True,False,41.0,,False,False,high,low
CTX1108,CUST0153,VEH0053,CONTR0153,SYNTHETIC,2026-08-30T19:18:00,16,Thursday,Belo Horizonte,Sudeste,2224,0,148.3,2500,False,492,False,False,False,84.0,,False,False,high,low
CTX1109,CUST0164,VEH0064,CONTR0164,SYNTHETIC,2026-09-04T22:17:00,16,Monday,Florianópolis,Sul,838,662,55.9,350,True,159,False,False,False,36.0,,False,False,normal,low
CTX1110,CUST0178,VEH0078,CONTR0178,SYNTHETIC,2026-09-21T15:58:00,14,Friday,Rio de Janeiro,Sudeste,1504,296,83.6,1000,True,23,True,False,False,25.0,,True,False,high,high
CTX1111,CUST0386,VEH0086,CONTR0386,SYNTHETIC,2026-08-30T11:01:00,7,Friday,Goiânia,Centro-Oeste,2152,848,71.7,1000,False,219,False,False,False,21.0,,False,False,normal,low
CTX1112,CUST0276,VEH0076,CONTR0276,SYNTHETIC,2026-08-26T19:46:00,20,Friday,Campinas,Sudeste,969,1531,38.8,220,True,0,True,True,False,37.0,,False,False,low,medium
CTX1113,CUST0065,VEH0065,CONTR0065,SYNTHETIC,2026-09-03T19:31:00,14,Monday,Rio de Janeiro,Sudeste,3156,0,126.2,1000,True,206,False,False,False,81.0,,False,False,high,medium
CTX1114,CUST0443,VEH0043,CONTR0443,SYNTHETIC,2026-09-17T08:20:00,11,Friday,Curitiba,Sul,913,0,114.1,1500,False,415,False,False,False,84.0,,False,False,high,low
CTX1115,CUST0172,VEH0072,CONTR0172,SYNTHETIC,2026-09-29T19:06:00,22,Wednesday,Recife,Nordeste,2758,0,110.3,350,True,421,False,False,False,26.0,,True,False,high,high
CTX1116,CUST0098,VEH0098,CONTR0098,SYNTHETIC,2026-09-17T12:16:00,21,Tuesday,Brasília,Centro-Oeste,1424,0,142.4,1500,False,206,False,True,False,64.0,,False,False,high,low
CTX1117,CUST0249,VEH0049,CONTR0249,SYNTHETIC,2026-09-26T22:54:00,12,Monday,Florianópolis,Sul,1865,0,124.3,4000,False,0,True,False,False,40.0,,False,False,high,medium
CTX1118,CUST0223,VEH0023,CONTR0223,SYNTHETIC,2026-09-15T18:40:00,13,Saturday,Campinas,Sudeste,3499,0,116.6,4000,False,121,False,False,False,,78.0,False,False,high,low
CTX1119,CUST0179,VEH0079,CONTR0179,SYNTHETIC,2026-08-20T21:31:00,18,Friday,Recife,Nordeste,1108,92,92.3,1500,True,276,False,False,False,88.0,,False,False,high,medium
CTX1120,CUST0183,VEH0083,CONTR0183,SYNTHETIC,2026-09-13T19:28:00,16,Tuesday,Curitiba,Sul,1367,433,75.9,700,True,203,False,False,False,36.0,,False,False,normal,low
CTX1121,CUST0340,VEH0040,CONTR0340,SYNTHETIC,2026-09-09T18:45:00,10,Sunday,Curitiba,Sul,1863,137,93.2,1500,True,280,False,False,False,65.0,,False,False,high,medium
CTX1122,CUST0452,VEH0052,CONTR0452,SYNTHETIC,2026-08-30T12:56:00,19,Monday,Florianópolis,Sul,1146,0,114.6,1500,True,0,True,True,True,63.0,,False,False,high,high
CTX1123,CUST0288,VEH0088,CONTR0288,SYNTHETIC,2026-09-06T14:58:00,7,Wednesday,Goiânia,Centro-Oeste,1278,222,85.2,4000,False,119,True,False,False,69.0,,False,False,high,medium
CTX1124,CUST0249,VEH0049,CONTR0249,SYNTHETIC,2026-09-21T12:49:00,9,Friday,Florianópolis,Sul,1865,0,124.3,4000,False,0,True,True,False,40.0,,False,False,high,medium
CTX1125,CUST0313,VEH0013,CONTR0313,SYNTHETIC,2026-08-17T16:58:00,17,Sunday,Curitiba,Sul,1539,0,102.6,350,True,402,False,True,True,91.0,,False,True,high,high
CTX1126,CUST0393,VEH0093,CONTR0393,SYNTHETIC,2026-09-21T18:55:00,13,Wednesday,Brasília,Centro-Oeste,2162,338,86.5,1000,False,25,True,False,False,88.0,,False,False,high,medium
CTX1127,CUST0411,VEH0011,CONTR0411,SYNTHETIC,2026-10-01T07:54:00,6,Sunday,Curitiba,Sul,1138,62,94.8,4000,False,0,True,False,False,79.0,,False,False,high,medium
CTX1128,CUST0482,VEH0082,CONTR0482,SYNTHETIC,2026-09-30T13:40:00,13,Monday,Goiânia,Centro-Oeste,610,1190,33.9,2500,False,196,False,True,False,36.0,,False,True,low,low
CTX1129,CUST0140,VEH0040,CONTR0140,SYNTHETIC,2026-09-26T08:04:00,22,Saturday,Brasília,Centro-Oeste,2243,257,89.7,2500,False,493,False,False,True,84.0,,False,False,high,medium
CTX1130,CUST0361,VEH0061,CONTR0361,SYNTHETIC,2026-09-22T09:47:00,18,Tuesday,Curitiba,Sul,1920,80,96.0,1500,True,382,False,False,False,57.0,,False,False,high,medium
CTX1131,CUST0426,VEH0026,CONTR0426,SYNTHETIC,2026-09-02T12:06:00,14,Saturday,Fortaleza,Nordeste,554,446,55.4,1500,False,115,True,True,False,58.0,,False,False,normal,low
CTX1132,CUST0296,VEH0096,CONTR0296,SYNTHETIC,2026-08-27T14:30:00,15,Saturday,Fortaleza,Nordeste,446,1054,29.7,2500,False,125,False,False,False,86.0,,False,False,low,low
CTX1133,CUST0274,VEH0074,CONTR0274,SYNTHETIC,2026-08-28T09:28:00,13,Friday,Rio de Janeiro,Sudeste,1813,687,72.5,4000,False,330,False,False,False,76.0,,False,False,normal,low
CTX1134,CUST0500,VEH0100,CONTR0500,SYNTHETIC,2026-08-21T15:21:00,10,Sunday,São Paulo,Sudeste,1984,0,110.2,286,True,340,False,False,False,88.0,,False,False,high,medium
CTX1135,CUST0323,VEH0023,CONTR0323,SYNTHETIC,2026-09-16T08:09:00,18,Friday,Salvador,Nordeste,873,927,48.5,1500,False,0,True,False,False,,31.0,False,False,normal,low
CTX1136,CUST0430,VEH0030,CONTR0430,SYNTHETIC,2026-09-12T16:53:00,10,Monday,Curitiba,Sul,1746,0,145.5,4000,False,112,False,True,False,63.0,,False,False,high,low
CTX1137,CUST0165,VEH0065,CONTR0165,SYNTHETIC,2026-08-31T21:20:00,13,Wednesday,Florianópolis,Sul,2528,472,84.3,4000,False,405,False,False,False,76.0,,False,False,high,low
CTX1138,CUST0237,VEH0037,CONTR0237,SYNTHETIC,2026-09-23T06:10:00,22,Saturday,Recife,Nordeste,4489,0,149.6,700,True,414,False,True,False,34.0,,False,False,high,medium
CTX1139,CUST0063,VEH0063,CONTR0063,SYNTHETIC,2026-09-21T22:31:00,10,Saturday,Recife,Nordeste,2059,0,114.4,2500,False,225,False,False,False,63.0,,False,True,high,medium
CTX1140,CUST0448,VEH0048,CONTR0448,SYNTHETIC,2026-08-19T14:33:00,16,Friday,Goiânia,Centro-Oeste,932,0,116.5,350,True,131,False,False,False,,64.0,False,False,high,medium
CTX1141,CUST0456,VEH0056,CONTR0456,SYNTHETIC,2026-08-23T17:33:00,14,Thursday,São Paulo,Sudeste,1759,41,97.7,2500,False,237,False,False,False,58.0,,False,False,high,low
CTX1142,CUST0237,VEH0037,CONTR0237,SYNTHETIC,2026-10-01T16:26:00,11,Tuesday,Recife,Nordeste,4489,0,149.6,700,True,414,False,False,False,34.0,,False,False,high,medium
CTX1143,CUST0241,VEH0041,CONTR0241,SYNTHETIC,2026-08-28T20:21:00,9,Monday,Rio de Janeiro,Sudeste,462,338,57.8,1000,False,466,False,False,False,69.0,,False,False,normal,low
CTX1144,CUST0320,VEH0020,CONTR0320,SYNTHETIC,2026-09-17T17:40:00,6,Tuesday,Campinas,Sudeste,1138,62,94.8,350,True,272,False,False,False,62.0,,False,False,high,medium
CTX1145,CUST0141,VEH0041,CONTR0141,SYNTHETIC,2026-09-15T12:04:00,10,Monday,Campinas,Sudeste,1077,1423,43.1,2500,False,57,True,False,False,43.0,,False,False,low,low
CTX1146,CUST0375,VEH0075,CONTR0375,SYNTHETIC,2026-08-29T18:21:00,14,Sunday,Rio de Janeiro,Sudeste,781,419,65.1,2500,False,0,True,True,False,,53.0,False,False,normal,low
CTX1147,CUST0378,VEH0078,CONTR0378,SYNTHETIC,2026-09-26T10:09:00,11,Thursday,Florianópolis,Sul,2433,567,81.1,1000,True,401,False,False,False,26.0,,False,False,high,medium
CTX1148,CUST0448,VEH0048,CONTR0448,SYNTHETIC,2026-09-04T21:20:00,15,Friday,Goiânia,Centro-Oeste,932,0,116.5,350,True,131,False,False,False,,64.0,False,False,high,medium
CTX1149,CUST0390,VEH0090,CONTR0390,SYNTHETIC,2026-09-09T15:53:00,22,Wednesday,Campinas,Sudeste,579,921,38.6,1500,False,492,False,False,False,45.0,,False,False,low,low
CTX1150,CUST0272,VEH0072,CONTR0272,SYNTHETIC,2026-08-17T10:53:00,19,Friday,Salvador,Nordeste,1369,0,114.1,350,True,223,False,False,False,78.0,,False,False,high,medium
CTX1151,CUST0227,VEH0027,CONTR0227,SYNTHETIC,2026-08-21T17:11:00,6,Sunday,Campinas,Sudeste,1227,0,122.7,1500,True,0,True,False,False,22.0,,True,False,high,high
CTX1152,CUST0188,VEH0088,CONTR0188,SYNTHETIC,2026-09-19T18:23:00,11,Saturday,Porto Alegre,Sul,890,110,89.0,1000,True,294,False,False,False,36.0,,False,False,high,medium
CTX1153,CUST0006,VEH0006,CONTR0006,SYNTHETIC,2026-09-10T09:58:00,17,Wednesday,Fortaleza,Nordeste,1678,0,111.9,350,True,317,False,False,False,65.0,,False,False,high,medium
CTX1154,CUST0258,VEH0058,CONTR0258,SYNTHETIC,2026-09-06T07:44:00,14,Wednesday,Salvador,Nordeste,1391,0,115.9,4000,False,314,False,False,False,32.0,,False,False,high,low
CTX1155,CUST0321,VEH0021,CONTR0321,SYNTHETIC,2026-08-22T20:31:00,11,Thursday,Campinas,Sudeste,749,451,62.4,1000,False,68,False,False,False,,52.0,False,False,normal,low
CTX1156,CUST0384,VEH0084,CONTR0384,SYNTHETIC,2026-08-17T11:55:00,10,Monday,Rio de Janeiro,Sudeste,1015,185,84.6,1500,False,429,False,False,False,66.0,,False,False,high,low
CTX1157,CUST0215,VEH0015,CONTR0215,SYNTHETIC,2026-08-28T14:54:00,12,Saturday,Recife,Nordeste,352,848,29.3,350,True,412,False,True,False,64.0,,False,False,low,low
CTX1158,CUST0315,VEH0015,CONTR0315,SYNTHETIC,2026-09-08T22:00:00,18,Thursday,Belo Horizonte,Sudeste,944,0,118.0,2500,False,488,False,False,False,23.0,,True,False,high,medium
CTX1159,CUST0429,VEH0029,CONTR0429,SYNTHETIC,2026-09-20T20:02:00,14,Friday,Goiânia,Centro-Oeste,704,796,46.9,1500,False,86,True,True,False,43.0,,False,False,normal,low
CTX1160,CUST0102,VEH0002,CONTR0102,SYNTHETIC,2026-09-10T20:36:00,8,Friday,Goiânia,Centro-Oeste,2952,48,98.4,2500,False,171,False,True,False,19.0,,True,False,high,medium
CTX1161,CUST0477,VEH0077,CONTR0477,SYNTHETIC,2026-09-11T06:49:00,11,Sunday,Goiânia,Centro-Oeste,723,77,90.4,1000,True,0,True,True,False,,60.0,False,False,high,high
CTX1162,CUST0006,VEH0006,CONTR0006,SYNTHETIC,2026-09-16T15:53:00,12,Saturday,Fortaleza,Nordeste,1678,0,111.9,350,True,317,False,False,False,65.0,,False,False,high,medium
CTX1163,CUST0387,VEH0087,CONTR0387,SYNTHETIC,2026-09-23T16:26:00,13,Sunday,Recife,Nordeste,1507,0,150.7,700,True,0,True,True,False,48.0,,False,False,high,high
CTX1164,CUST0097,VEH0097,CONTR0097,SYNTHETIC,2026-09-26T21:22:00,17,Wednesday,Salvador,Nordeste,1743,1257,58.1,1500,False,34,True,False,False,45.0,,False,False,normal,low
CTX1165,CUST0396,VEH0096,CONTR0396,SYNTHETIC,2026-09-22T12:44:00,19,Wednesday,Rio de Janeiro,Sudeste,425,575,42.5,700,True,233,False,False,False,21.0,,False,False,low,low
CTX1166,CUST0331,VEH0031,CONTR0331,SYNTHETIC,2026-09-14T08:32:00,12,Wednesday,Rio de Janeiro,Sudeste,642,1158,35.7,2500,False,472,False,False,False,64.0,,False,False,low,low
CTX1167,CUST0112,VEH0012,CONTR0112,SYNTHETIC,2026-09-01T10:29:00,16,Wednesday,Goiânia,Centro-Oeste,441,359,55.1,700,True,375,False,False,False,58.0,,False,False,normal,low
CTX1168,CUST0289,VEH0089,CONTR0289,SYNTHETIC,2026-10-01T11:26:00,21,Wednesday,Campinas,Sudeste,1162,0,116.2,700,True,89,False,False,False,86.0,,False,False,high,medium
CTX1169,CUST0173,VEH0073,CONTR0173,SYNTHETIC,2026-09-30T20:51:00,20,Friday,Rio de Janeiro,Sudeste,2356,0,117.8,2500,False,112,True,False,False,35.0,,False,False,high,medium
CTX1170,CUST0295,VEH0095,CONTR0295,SYNTHETIC,2026-09-08T16:30:00,18,Wednesday,Campinas,Sudeste,497,1303,27.6,454,True,517,False,True,False,23.0,,True,False,low,medium
CTX1171,CUST0021,VEH0021,CONTR0021,SYNTHETIC,2026-08-26T18:37:00,6,Tuesday,Brasília,Centro-Oeste,929,71,92.9,1500,False,254,False,True,False,,42.0,False,False,high,low
CTX1172,CUST0263,VEH0063,CONTR0263,SYNTHETIC,2026-09-10T07:05:00,15,Sunday,Porto Alegre,Sul,2922,0,116.9,350,True,224,False,True,False,50.0,,False,False,high,medium
CTX1173,CUST0393,VEH0093,CONTR0393,SYNTHETIC,2026-09-22T12:56:00,11,Wednesday,Brasília,Centro-Oeste,2162,338,86.5,1000,True,25,True,True,False,88.0,,False,False,high,high
CTX1174,CUST0158,VEH0058,CONTR0158,SYNTHETIC,2026-09-22T17:00:00,21,Tuesday,Curitiba,Sul,2474,0,123.7,350,True,0,True,False,False,20.0,,True,False,high,high
CTX1175,CUST0177,VEH0077,CONTR0177,SYNTHETIC,2026-09-07T20:45:00,13,Sunday,Campinas,Sudeste,2041,459,81.6,2500,False,338,False,False,False,,74.0,False,False,high,low
CTX1176,CUST0470,VEH0070,CONTR0470,SYNTHETIC,2026-09-11T15:52:00,19,Friday,Porto Alegre,Sul,2430,0,135.0,1500,False,0,True,True,False,67.0,,False,False,high,medium
CTX1177,CUST0202,VEH0002,CONTR0202,SYNTHETIC,2026-09-17T11:49:00,13,Wednesday,Rio de Janeiro,Sudeste,1183,17,98.6,1000,False,0,True,False,False,92.0,,False,False,high,medium
CTX1178,CUST0186,VEH0086,CONTR0186,SYNTHETIC,2026-09-27T13:08:00,21,Tuesday,Curitiba,Sul,2127,873,70.9,700,True,47,True,True,False,51.0,,False,False,normal,medium
CTX1179,CUST0023,VEH0023,CONTR0023,SYNTHETIC,2026-09-04T10:18:00,15,Thursday,Goiânia,Centro-Oeste,1973,527,78.9,1500,False,472,False,False,False,,69.0,False,False,normal,low
CTX1180,CUST0346,VEH0046,CONTR0346,SYNTHETIC,2026-08-29T09:29:00,8,Wednesday,Rio de Janeiro,Sudeste,2054,0,102.7,350,True,412,False,True,False,18.0,,True,False,high,high
CTX1181,CUST0352,VEH0052,CONTR0352,SYNTHETIC,2026-08-30T18:43:00,20,Monday,Curitiba,Sul,1408,0,176.0,1500,False,402,False,True,False,66.0,,False,False,high,low
CTX1182,CUST0249,VEH0049,CONTR0249,SYNTHETIC,2026-09-24T20:32:00,17,Sunday,Florianópolis,Sul,1865,0,124.3,4000,False,0,True,False,False,40.0,,False,False,high,medium
CTX1183,CUST0243,VEH0043,CONTR0243,SYNTHETIC,2026-08-28T18:55:00,8,Tuesday,Recife,Nordeste,2141,0,178.4,4000,False,0,True,False,False,58.0,,False,False,high,medium
CTX1184,CUST0004,VEH0004,CONTR0004,SYNTHETIC,2026-09-02T19:03:00,20,Wednesday,Porto Alegre,Sul,1003,197,83.6,350,True,416,False,False,False,34.0,,False,False,normal,low
CTX1185,CUST0021,VEH0021,CONTR0021,SYNTHETIC,2026-09-08T14:27:00,16,Saturday,Brasília,Centro-Oeste,929,71,92.9,1500,False,254,False,False,False,,42.0,False,True,high,medium
CTX1186,CUST0152,VEH0052,CONTR0152,SYNTHETIC,2026-09-03T16:19:00,7,Friday,Recife,Nordeste,2075,0,138.3,4000,False,146,False,False,False,67.0,,False,False,high,low
CTX1187,CUST0058,VEH0058,CONTR0058,SYNTHETIC,2026-09-26T09:08:00,10,Saturday,Campinas,Sudeste,2676,0,178.4,1500,False,188,False,True,True,78.0,,False,False,high,medium
CTX1188,CUST0253,VEH0053,CONTR0253,SYNTHETIC,2026-08-29T20:02:00,8,Wednesday,Rio de Janeiro,Sudeste,989,211,82.4,4000,False,0,True,True,False,46.0,,False,False,high,medium
CTX1189,CUST0191,VEH0091,CONTR0191,SYNTHETIC,2026-09-10T15:27:00,18,Monday,Fortaleza,Nordeste,2398,602,79.9,1500,False,0,True,False,False,49.0,,False,False,high,medium
CTX1190,CUST0095,VEH0095,CONTR0095,SYNTHETIC,2026-08-26T14:19:00,22,Friday,Porto Alegre,Sul,2523,0,168.2,263,True,437,False,False,False,21.0,,True,False,high,high
CTX1191,CUST0438,VEH0038,CONTR0438,SYNTHETIC,2026-09-04T14:47:00,11,Wednesday,Florianópolis,Sul,1642,0,164.2,207,True,432,False,True,True,23.0,,True,False,high,high
CTX1192,CUST0257,VEH0057,CONTR0257,SYNTHETIC,2026-09-05T12:01:00,19,Saturday,Brasília,Centro-Oeste,1355,445,75.3,174,True,487,False,True,False,90.0,,False,False,normal,low
CTX1193,CUST0067,VEH0067,CONTR0067,SYNTHETIC,2026-09-25T13:14:00,6,Saturday,Fortaleza,Nordeste,467,1333,25.9,1500,False,0,True,False,True,65.0,,False,False,low,medium
CTX1194,CUST0167,VEH0067,CONTR0167,SYNTHETIC,2026-08-25T19:40:00,16,Friday,São Paulo,Sudeste,3543,0,141.7,1000,True,377,False,False,False,17.0,,True,False,high,high
CTX1195,CUST0200,VEH0100,CONTR0200,SYNTHETIC,2026-09-03T10:29:00,21,Tuesday,Recife,Nordeste,1134,0,113.4,309,True,0,True,True,True,23.0,,True,False,high,high
CTX1196,CUST0273,VEH0073,CONTR0273,SYNTHETIC,2026-08-26T08:40:00,21,Friday,Florianópolis,Sul,2788,0,139.4,1000,True,0,True,False,False,91.0,,False,False,high,high
CTX1197,CUST0177,VEH0077,CONTR0177,SYNTHETIC,2026-08-19T20:01:00,10,Friday,Campinas,Sudeste,2041,459,81.6,2500,False,338,False,True,False,,74.0,False,False,high,low
CTX1198,CUST0300,VEH0100,CONTR0300,SYNTHETIC,2026-09-30T15:35:00,21,Tuesday,Belo Horizonte,Sudeste,2092,0,116.2,306,True,392,False,False,False,67.0,,False,False,high,medium
CTX1199,CUST0193,VEH0093,CONTR0193,SYNTHETIC,2026-09-24T15:11:00,11,Sunday,Porto Alegre,Sul,2903,0,161.3,1500,False,172,False,True,False,54.0,,False,False,high,low
CTX1200,CUST0399,VEH0099,CONTR0399,SYNTHETIC,2026-08-24T14:20:00,17,Saturday,Florianópolis,Sul,688,112,86.0,1000,True,0,True,False,False,66.0,,False,False,high,high
CTX1201,CUST0055,VEH0055,CONTR0055,SYNTHETIC,2026-09-02T15:52:00,20,Tuesday,Salvador,Nordeste,1552,248,86.2,2500,False,299,False,False,False,50.0,,False,False,high,low
CTX1202,CUST0474,VEH0074,CONTR0474,SYNTHETIC,2026-09-02T11:43:00,9,Thursday,Fortaleza,Nordeste,945,0,118.1,1000,True,461,False,True,False,45.0,,False,False,high,medium
CTX1203,CUST0298,VEH0098,CONTR0298,SYNTHETIC,2026-09-23T22:05:00,19,Monday,Belo Horizonte,Sudeste,1732,268,86.6,2500,False,0,True,False,False,52.0,,False,False,high,medium
CTX1204,CUST0167,VEH0067,CONTR0167,SYNTHETIC,2026-08-24T18:35:00,22,Sunday,São Paulo,Sudeste,3543,0,141.7,1000,True,377,False,True,False,17.0,,True,False,high,high
CTX1205,CUST0099,VEH0099,CONTR0099,SYNTHETIC,2026-08-17T12:20:00,10,Wednesday,Salvador,Nordeste,915,85,91.5,700,True,188,False,True,False,61.0,,False,False,high,medium
CTX1206,CUST0034,VEH0034,CONTR0034,SYNTHETIC,2026-09-16T11:29:00,22,Saturday,Salvador,Nordeste,2227,0,123.7,4000,False,235,False,False,False,62.0,,False,False,high,low
CTX1207,CUST0057,VEH0057,CONTR0057,SYNTHETIC,2026-09-29T19:55:00,22,Thursday,Brasília,Centro-Oeste,1427,0,178.4,165,True,74,True,True,False,57.0,,False,False,high,high
CTX1208,CUST0442,VEH0042,CONTR0442,SYNTHETIC,2026-08-17T06:28:00,21,Sunday,Brasília,Centro-Oeste,1814,186,90.7,1000,True,0,True,False,False,50.0,,False,False,high,high
CTX1209,CUST0372,VEH0072,CONTR0372,SYNTHETIC,2026-08-17T22:40:00,20,Thursday,Campinas,Sudeste,445,555,44.5,700,False,172,False,True,True,63.0,,False,False,low,low
CTX1210,CUST0404,VEH0004,CONTR0404,SYNTHETIC,2026-09-24T11:23:00,19,Saturday,São Paulo,Sudeste,1177,23,98.1,350,True,520,False,False,False,66.0,,False,False,high,medium
CTX1211,CUST0174,VEH0074,CONTR0174,SYNTHETIC,2026-08-18T08:29:00,21,Sunday,Brasília,Centro-Oeste,2583,0,103.3,350,True,453,False,True,False,23.0,,False,False,high,medium
CTX1212,CUST0126,VEH0026,CONTR0126,SYNTHETIC,2026-08-18T14:36:00,14,Friday,Fortaleza,Nordeste,1707,93,94.8,1500,False,494,False,False,True,68.0,,False,False,high,medium
CTX1213,CUST0019,VEH0019,CONTR0019,SYNTHETIC,2026-09-08T15:19:00,11,Friday,Florianópolis,Sul,3025,0,121.0,296,True,347,False,True,False,71.0,,False,False,high,medium
CTX1214,CUST0325,VEH0025,CONTR0325,SYNTHETIC,2026-08-18T10:09:00,15,Sunday,Fortaleza,Nordeste,778,222,77.8,4000,False,431,False,False,False,55.0,,False,False,normal,low
CTX1215,CUST0197,VEH0097,CONTR0197,SYNTHETIC,2026-09-22T06:16:00,17,Saturday,Belo Horizonte,Sudeste,676,824,45.1,1000,True,0,True,False,False,95.0,,False,False,normal,medium
CTX1216,CUST0261,VEH0061,CONTR0261,SYNTHETIC,2026-08-30T16:33:00,17,Thursday,Goiânia,Centro-Oeste,1755,745,70.2,2500,False,213,False,False,False,42.0,,False,False,normal,low
CTX1217,CUST0444,VEH0044,CONTR0444,SYNTHETIC,2026-09-07T06:42:00,8,Wednesday,Goiânia,Centro-Oeste,1664,136,92.4,1000,True,0,True,False,False,40.0,,False,False,high,high
CTX1218,CUST0116,VEH0016,CONTR0116,SYNTHETIC,2026-09-24T12:22:00,21,Thursday,Belo Horizonte,Sudeste,1946,554,77.8,700,True,73,True,False,False,31.0,,False,False,high,high
CTX1219,CUST0292,VEH0092,CONTR0292,SYNTHETIC,2026-09-06T09:21:00,22,Monday,Rio de Janeiro,Sudeste,828,0,103.5,350,True,0,True,False,False,90.0,,False,False,high,high
CTX1220,CUST0139,VEH0039,CONTR0139,SYNTHETIC,2026-09-20T13:14:00,20,Tuesday,Curitiba,Sul,960,540,64.0,700,False,379,False,True,True,54.0,,False,False,normal,low
CTX1221,CUST0021,VEH0021,CONTR0021,SYNTHETIC,2026-09-27T10:33:00,15,Monday,Brasília,Centro-Oeste,929,71,92.9,1500,False,254,False,False,False,,42.0,False,False,high,low
CTX1222,CUST0107,VEH0007,CONTR0107,SYNTHETIC,2026-09-28T16:50:00,8,Tuesday,Salvador,Nordeste,739,461,61.6,2500,False,0,True,False,False,52.0,,False,False,normal,low
CTX1223,CUST0245,VEH0045,CONTR0245,SYNTHETIC,2026-09-18T21:19:00,6,Friday,Curitiba,Sul,1056,0,132.0,1500,False,0,True,False,False,43.0,,False,False,high,medium
CTX1224,CUST0221,VEH0021,CONTR0221,SYNTHETIC,2026-08-23T20:00:00,14,Sunday,Recife,Nordeste,2155,345,86.2,350,True,394,False,False,False,,26.0,True,False,high,high
CTX1225,CUST0209,VEH0009,CONTR0209,SYNTHETIC,2026-08-21T15:16:00,13,Wednesday,Brasília,Centro-Oeste,1355,0,135.5,700,True,143,False,False,False,42.0,,False,False,high,medium
CTX1226,CUST0141,VEH0041,CONTR0141,SYNTHETIC,2026-08-31T06:20:00,22,Thursday,Campinas,Sudeste,1077,1423,43.1,2500,False,57,True,False,False,43.0,,False,False,low,low
CTX1227,CUST0254,VEH0054,CONTR0254,SYNTHETIC,2026-09-03T16:40:00,11,Tuesday,Recife,Nordeste,3415,0,136.6,1000,True,261,False,True,False,34.0,,False,False,high,medium
CTX1228,CUST0399,VEH0099,CONTR0399,SYNTHETIC,2026-08-29T21:06:00,15,Friday,Florianópolis,Sul,688,112,86.0,1000,False,0,True,True,False,66.0,,False,False,high,medium
CTX1229,CUST0108,VEH0008,CONTR0108,SYNTHETIC,2026-09-21T11:20:00,22,Thursday,Campinas,Sudeste,1824,676,73.0,2500,False,0,True,False,False,87.0,,False,False,normal,low
CTX1230,CUST0335,VEH0035,CONTR0335,SYNTHETIC,2026-09-12T17:09:00,15,Wednesday,Rio de Janeiro,Sudeste,2399,101,96.0,700,True,0,True,False,True,43.0,,False,False,high,high
CTX1231,CUST0373,VEH0073,CONTR0373,SYNTHETIC,2026-09-05T06:48:00,18,Monday,Rio de Janeiro,Sudeste,862,138,86.2,1500,False,187,False,False,False,41.0,,False,False,high,low
CTX1232,CUST0496,VEH0096,CONTR0496,SYNTHETIC,2026-08-17T12:13:00,14,Wednesday,Recife,Nordeste,3313,0,165.7,1000,True,0,True,True,False,30.0,,False,False,high,high
CTX1233,CUST0427,VEH0027,CONTR0427,SYNTHETIC,2026-08-27T12:51:00,12,Friday,Curitiba,Sul,1014,186,84.5,1000,True,518,False,True,False,48.0,,False,False,high,medium
CTX1234,CUST0258,VEH0058,CONTR0258,SYNTHETIC,2026-09-01T21:02:00,18,Saturday,Salvador,Nordeste,1391,0,115.9,4000,False,314,False,True,False,32.0,,False,False,high,low
CTX1235,CUST0492,VEH0092,CONTR0492,SYNTHETIC,2026-09-28T16:17:00,17,Thursday,Salvador,Nordeste,1501,299,83.4,1500,True,117,True,True,False,15.0,,True,False,high,high
CTX1236,CUST0473,VEH0073,CONTR0473,SYNTHETIC,2026-09-05T10:55:00,10,Friday,Curitiba,Sul,1626,0,135.5,4000,False,348,False,True,False,29.0,,False,False,high,low
CTX1237,CUST0154,VEH0054,CONTR0154,SYNTHETIC,2026-08-20T14:35:00,22,Sunday,Campinas,Sudeste,1468,532,73.4,350,True,145,False,False,False,75.0,,False,False,normal,low
CTX1238,CUST0150,VEH0050,CONTR0150,SYNTHETIC,2026-09-08T20:47:00,12,Tuesday,Campinas,Sudeste,1692,808,67.7,2500,False,330,False,True,False,,93.0,False,False,normal,low
CTX1239,CUST0165,VEH0065,CONTR0165,SYNTHETIC,2026-08-17T14:16:00,6,Tuesday,Florianópolis,Sul,2528,472,84.3,4000,False,405,False,False,False,76.0,,False,False,high,low
CTX1240,CUST0062,VEH0062,CONTR0062,SYNTHETIC,2026-09-28T22:23:00,6,Friday,Rio de Janeiro,Sudeste,800,0,100.0,4000,False,276,False,False,False,67.0,,False,False,high,low
CTX1241,CUST0224,VEH0024,CONTR0224,SYNTHETIC,2026-08-22T08:47:00,8,Friday,Rio de Janeiro,Sudeste,1914,0,106.3,350,True,418,False,False,False,78.0,,False,False,high,medium
CTX1242,CUST0048,VEH0048,CONTR0048,SYNTHETIC,2026-09-02T12:48:00,8,Sunday,Recife,Nordeste,2172,0,120.7,1500,False,391,False,True,False,,94.0,False,False,high,low
CTX1243,CUST0351,VEH0051,CONTR0351,SYNTHETIC,2026-09-22T16:04:00,11,Saturday,Brasília,Centro-Oeste,1927,0,107.1,4000,False,108,True,False,False,56.0,,False,False,high,medium
CTX1244,CUST0295,VEH0095,CONTR0295,SYNTHETIC,2026-08-23T18:01:00,6,Tuesday,Campinas,Sudeste,497,1303,27.6,454,True,517,False,True,False,23.0,,False,False,low,low
CTX1245,CUST0166,VEH0066,CONTR0166,SYNTHETIC,2026-08-28T20:41:00,12,Sunday,Porto Alegre,Sul,1336,164,89.1,4000,False,0,True,False,False,28.0,,False,False,high,medium
CTX1246,CUST0421,VEH0021,CONTR0421,SYNTHETIC,2026-09-20T09:01:00,7,Sunday,Rio de Janeiro,Sudeste,525,475,52.5,1000,True,0,True,True,False,,32.0,False,False,normal,medium
CTX1247,CUST0066,VEH0066,CONTR0066,SYNTHETIC,2026-09-19T15:10:00,19,Wednesday,Fortaleza,Nordeste,727,73,90.9,4000,False,0,True,False,False,36.0,,False,False,high,medium
CTX1248,CUST0120,VEH0020,CONTR0120,SYNTHETIC,2026-09-24T18:01:00,20,Sunday,Fortaleza,Nordeste,1212,0,101.0,4000,False,27,True,False,False,28.0,,False,False,high,medium
CTX1249,CUST0381,VEH0081,CONTR0381,SYNTHETIC,2026-09-07T09:05:00,11,Friday,Recife,Nordeste,1547,253,85.9,1500,False,431,False,True,False,71.0,,False,False,high,low
CTX1250,CUST0468,VEH0068,CONTR0468,SYNTHETIC,2026-09-09T16:26:00,12,Tuesday,Belo Horizonte,Sudeste,899,0,112.4,1000,False,300,False,False,False,55.0,,False,False,high,low
CTX1251,CUST0047,VEH0047,CONTR0047,SYNTHETIC,2026-10-01T18:51:00,19,Thursday,Florianópolis,Sul,1160,40,96.7,1500,False,141,False,False,False,94.0,,False,False,high,low
CTX1252,CUST0493,VEH0093,CONTR0493,SYNTHETIC,2026-08-21T15:14:00,8,Saturday,Campinas,Sudeste,1009,491,67.3,1000,False,227,False,False,False,77.0,,False,False,normal,low
CTX1253,CUST0330,VEH0030,CONTR0330,SYNTHETIC,2026-09-29T10:54:00,13,Tuesday,Curitiba,Sul,372,628,37.2,700,True,390,False,False,False,78.0,,False,False,low,low
CTX1254,CUST0290,VEH0090,CONTR0290,SYNTHETIC,2026-09-28T12:55:00,15,Wednesday,Recife,Nordeste,1156,44,96.3,350,True,0,True,False,False,83.0,,False,False,high,high
CTX1255,CUST0317,VEH0017,CONTR0317,SYNTHETIC,2026-09-22T11:23:00,9,Sunday,Campinas,Sudeste,3081,0,123.2,2500,False,0,True,False,False,34.0,,False,False,high,medium
CTX1256,CUST0084,VEH0084,CONTR0084,SYNTHETIC,2026-09-15T16:01:00,6,Wednesday,Fortaleza,Nordeste,540,260,67.5,700,False,360,False,True,False,81.0,,False,False,normal,low
CTX1257,CUST0015,VEH0015,CONTR0015,SYNTHETIC,2026-08-24T22:10:00,11,Monday,Campinas,Sudeste,2701,0,180.1,350,True,0,True,True,False,36.0,,False,True,high,high
CTX1258,CUST0008,VEH0008,CONTR0008,SYNTHETIC,2026-09-01T20:26:00,20,Tuesday,Rio de Janeiro,Sudeste,1479,21,98.6,700,True,512,False,True,False,31.0,,False,False,high,medium
CTX1259,CUST0439,VEH0039,CONTR0439,SYNTHETIC,2026-09-11T17:39:00,9,Thursday,Curitiba,Sul,1446,354,80.3,1000,False,239,False,True,False,49.0,,False,False,high,low
CTX1260,CUST0253,VEH0053,CONTR0253,SYNTHETIC,2026-09-17T08:47:00,9,Saturday,Rio de Janeiro,Sudeste,989,211,82.4,4000,False,0,True,False,False,46.0,,False,False,high,medium
CTX1261,CUST0207,VEH0007,CONTR0207,SYNTHETIC,2026-08-20T15:21:00,20,Saturday,Brasília,Centro-Oeste,1037,0,129.6,1500,False,447,False,True,False,30.0,,False,False,high,low
CTX1262,CUST0303,VEH0003,CONTR0303,SYNTHETIC,2026-09-29T18:40:00,7,Sunday,Fortaleza,Nordeste,1164,1336,46.6,700,True,150,False,True,False,50.0,,False,False,normal,low
CTX1263,CUST0102,VEH0002,CONTR0102,SYNTHETIC,2026-09-21T18:20:00,6,Friday,Goiânia,Centro-Oeste,2952,48,98.4,2500,False,171,False,False,False,19.0,,True,True,high,high
CTX1264,CUST0247,VEH0047,CONTR0247,SYNTHETIC,2026-09-06T20:13:00,20,Friday,Brasília,Centro-Oeste,857,343,71.4,1000,True,0,True,False,False,34.0,,False,False,normal,medium
CTX1265,CUST0135,VEH0035,CONTR0135,SYNTHETIC,2026-09-10T11:16:00,16,Sunday,Salvador,Nordeste,634,166,79.2,1000,True,341,False,False,False,47.0,,False,False,high,medium
CTX1266,CUST0447,VEH0047,CONTR0447,SYNTHETIC,2026-08-29T14:04:00,17,Thursday,Campinas,Sudeste,830,170,83.0,700,True,0,True,False,False,17.0,,True,False,normal,high
CTX1267,CUST0329,VEH0029,CONTR0329,SYNTHETIC,2026-09-24T09:35:00,15,Tuesday,Salvador,Nordeste,1423,0,118.6,350,True,31,True,False,True,84.0,,False,False,high,high
CTX1268,CUST0448,VEH0048,CONTR0448,SYNTHETIC,2026-08-30T11:25:00,22,Tuesday,Goiânia,Centro-Oeste,932,0,116.5,350,True,131,True,False,False,,64.0,False,False,high,high
CTX1269,CUST0073,VEH0073,CONTR0073,SYNTHETIC,2026-09-22T22:33:00,7,Sunday,Curitiba,Sul,516,284,64.5,700,True,15,True,False,True,41.0,,False,False,normal,high
CTX1270,CUST0273,VEH0073,CONTR0273,SYNTHETIC,2026-09-08T11:06:00,11,Saturday,Florianópolis,Sul,2788,0,139.4,1000,True,0,True,False,False,91.0,,False,False,high,high
CTX1271,CUST0325,VEH0025,CONTR0325,SYNTHETIC,2026-09-19T14:03:00,18,Wednesday,Fortaleza,Nordeste,778,222,77.8,4000,False,431,False,False,False,55.0,,False,False,normal,low
CTX1272,CUST0200,VEH0100,CONTR0200,SYNTHETIC,2026-10-01T08:16:00,15,Tuesday,Recife,Nordeste,1134,0,113.4,309,True,0,True,False,True,23.0,,True,False,high,high
CTX1273,CUST0473,VEH0073,CONTR0473,SYNTHETIC,2026-09-16T18:50:00,11,Saturday,Curitiba,Sul,1626,0,135.5,4000,False,348,False,False,False,29.0,,False,False,high,low
CTX1274,CUST0215,VEH0015,CONTR0215,SYNTHETIC,2026-09-14T10:57:00,18,Monday,Recife,Nordeste,352,848,29.3,350,True,412,False,True,False,64.0,,False,False,low,low
CTX1275,CUST0372,VEH0072,CONTR0372,SYNTHETIC,2026-10-01T09:33:00,15,Friday,Campinas,Sudeste,445,555,44.5,700,True,172,False,False,True,63.0,,False,False,low,medium
CTX1276,CUST0053,VEH0053,CONTR0053,SYNTHETIC,2026-08-23T20:09:00,8,Sunday,Brasília,Centro-Oeste,1354,0,135.4,4000,False,0,True,False,False,71.0,,False,False,high,medium
CTX1277,CUST0467,VEH0067,CONTR0467,SYNTHETIC,2026-08-22T20:27:00,11,Saturday,Belo Horizonte,Sudeste,1243,0,124.3,1500,False,132,False,True,True,86.0,,False,False,high,medium
CTX1278,CUST0355,VEH0055,CONTR0355,SYNTHETIC,2026-08-24T17:15:00,21,Sunday,São Paulo,Sudeste,995,205,82.9,4000,False,218,False,False,False,59.0,,False,False,high,low
CTX1279,CUST0360,VEH0060,CONTR0360,SYNTHETIC,2026-09-14T14:40:00,22,Wednesday,Fortaleza,Nordeste,1564,236,86.9,4000,False,0,True,False,True,47.0,,False,False,high,high
CTX1280,CUST0215,VEH0015,CONTR0215,SYNTHETIC,2026-09-16T21:14:00,19,Saturday,Recife,Nordeste,352,848,29.3,350,True,412,False,False,False,64.0,,False,False,low,low
CTX1281,CUST0137,VEH0037,CONTR0137,SYNTHETIC,2026-08-24T22:55:00,18,Monday,Campinas,Sudeste,1948,0,162.3,700,False,0,True,False,False,41.0,,False,False,high,medium
CTX1282,CUST0309,VEH0009,CONTR0309,SYNTHETIC,2026-09-16T17:37:00,19,Sunday,Rio de Janeiro,Sudeste,1390,610,69.5,1500,False,383,False,False,False,76.0,,False,False,normal,low
CTX1283,CUST0202,VEH0002,CONTR0202,SYNTHETIC,2026-09-06T19:42:00,6,Tuesday,Rio de Janeiro,Sudeste,1183,17,98.6,1000,False,0,True,False,False,92.0,,False,False,high,medium
CTX1284,CUST0291,VEH0091,CONTR0291,SYNTHETIC,2026-09-30T20:54:00,14,Wednesday,São Paulo,Sudeste,1801,0,150.1,4000,False,0,True,False,False,70.0,,False,False,high,medium
CTX1285,CUST0420,VEH0020,CONTR0420,SYNTHETIC,2026-09-02T14:49:00,11,Tuesday,Curitiba,Sul,877,0,109.6,350,True,290,False,True,False,26.0,,False,False,high,medium
CTX1286,CUST0286,VEH0086,CONTR0286,SYNTHETIC,2026-08-31T08:21:00,17,Friday,Salvador,Nordeste,804,996,44.7,700,True,474,False,True,True,52.0,,False,False,low,medium
CTX1287,CUST0276,VEH0076,CONTR0276,SYNTHETIC,2026-09-06T16:39:00,21,Saturday,Campinas,Sudeste,969,1531,38.8,220,True,0,True,True,False,37.0,,False,False,low,medium
CTX1288,CUST0096,VEH0096,CONTR0096,SYNTHETIC,2026-09-03T17:48:00,11,Tuesday,Rio de Janeiro,Sudeste,2461,39,98.4,700,True,107,True,True,True,65.0,,False,False,high,high
CTX1289,CUST0166,VEH0066,CONTR0166,SYNTHETIC,2026-08-21T15:48:00,11,Thursday,Porto Alegre,Sul,1336,164,89.1,4000,False,0,True,False,False,28.0,,True,False,high,high
CTX1290,CUST0317,VEH0017,CONTR0317,SYNTHETIC,2026-08-20T18:54:00,14,Tuesday,Campinas,Sudeste,3081,0,123.2,2500,False,0,True,False,False,34.0,,False,False,high,medium
CTX1291,CUST0367,VEH0067,CONTR0367,SYNTHETIC,2026-09-13T08:20:00,13,Thursday,Florianópolis,Sul,1069,431,71.3,2500,False,243,False,True,False,52.0,,False,False,normal,low
CTX1292,CUST0423,VEH0023,CONTR0423,SYNTHETIC,2026-09-17T13:15:00,13,Thursday,Belo Horizonte,Sudeste,1205,0,120.5,1500,False,392,False,True,False,,51.0,False,False,high,low
CTX1293,CUST0332,VEH0032,CONTR0332,SYNTHETIC,2026-08-23T21:53:00,20,Thursday,São Paulo,Sudeste,1793,0,119.5,2500,False,447,False,True,False,55.0,,False,False,high,low
CTX1294,CUST0285,VEH0085,CONTR0285,SYNTHETIC,2026-09-07T14:45:00,17,Sunday,Recife,Nordeste,3339,0,111.3,2500,False,98,False,False,False,82.0,,False,False,high,low
CTX1295,CUST0411,VEH0011,CONTR0411,SYNTHETIC,2026-09-11T17:04:00,10,Wednesday,Curitiba,Sul,1138,62,94.8,4000,False,0,True,False,False,79.0,,False,False,high,medium
CTX1296,CUST0441,VEH0041,CONTR0441,SYNTHETIC,2026-08-30T21:34:00,16,Monday,Goiânia,Centro-Oeste,1649,1351,55.0,700,True,471,False,False,False,35.0,,False,False,normal,low
CTX1297,CUST0414,VEH0014,CONTR0414,SYNTHETIC,2026-09-17T20:17:00,7,Thursday,Rio de Janeiro,Sudeste,2363,0,118.2,1000,True,467,False,False,False,50.0,,False,False,high,medium
CTX1298,CUST0317,VEH0017,CONTR0317,SYNTHETIC,2026-08-27T20:35:00,7,Wednesday,Campinas,Sudeste,3081,0,123.2,2500,False,0,True,True,False,34.0,,False,False,high,medium
CTX1299,CUST0245,VEH0045,CONTR0245,SYNTHETIC,2026-09-15T06:45:00,21,Thursday,Curitiba,Sul,1056,0,132.0,1500,False,0,True,True,False,43.0,,False,False,high,medium
CTX1300,CUST0361,VEH0061,CONTR0361,SYNTHETIC,2026-08-19T15:21:00,13,Friday,Curitiba,Sul,1920,80,96.0,1500,False,382,False,False,False,57.0,,False,False,high,low
CTX1301,CUST0409,VEH0009,CONTR0409,SYNTHETIC,2026-09-09T09:49:00,8,Friday,Belo Horizonte,Sudeste,1356,1644,45.2,1000,True,44,True,True,False,17.0,,True,False,normal,high
CTX1302,CUST0033,VEH0033,CONTR0033,SYNTHETIC,2026-09-20T11:01:00,21,Saturday,Fortaleza,Nordeste,1537,263,85.4,2500,False,476,False,False,False,52.0,,False,False,high,low
CTX1303,CUST0062,VEH0062,CONTR0062,SYNTHETIC,2026-09-07T19:24:00,21,Tuesday,Rio de Janeiro,Sudeste,800,0,100.0,4000,False,276,False,False,False,67.0,,False,False,high,low
CTX1304,CUST0434,VEH0034,CONTR0434,SYNTHETIC,2026-09-15T21:05:00,11,Wednesday,Salvador,Nordeste,1082,0,108.2,4000,False,384,False,False,False,16.0,,True,False,high,medium
CTX1305,CUST0206,VEH0006,CONTR0206,SYNTHETIC,2026-09-25T22:16:00,6,Friday,São Paulo,Sudeste,1884,0,125.6,700,True,357,False,True,False,18.0,,True,False,high,high
CTX1306,CUST0032,VEH0032,CONTR0032,SYNTHETIC,2026-08-29T06:00:00,16,Thursday,Curitiba,Sul,1362,0,113.5,350,True,0,True,False,False,25.0,,False,False,high,high
CTX1307,CUST0157,VEH0057,CONTR0157,SYNTHETIC,2026-08-23T21:11:00,12,Wednesday,Rio de Janeiro,Sudeste,1776,724,71.0,188,True,498,False,True,False,35.0,,False,False,normal,low
CTX1308,CUST0050,VEH0050,CONTR0050,SYNTHETIC,2026-09-20T22:09:00,20,Monday,Brasília,Centro-Oeste,1454,346,80.8,350,True,491,False,False,True,,75.0,False,False,normal,medium
CTX1309,CUST0319,VEH0019,CONTR0319,SYNTHETIC,2026-08-19T11:37:00,22,Tuesday,Campinas,Sudeste,2695,0,107.8,345,True,243,False,True,False,58.0,,False,False,high,medium
CTX1310,CUST0461,VEH0061,CONTR0461,SYNTHETIC,2026-09-10T20:59:00,18,Sunday,Florianópolis,Sul,1380,0,115.0,4000,False,154,False,False,False,67.0,,False,False,high,low
CTX1311,CUST0230,VEH0030,CONTR0230,SYNTHETIC,2026-08-31T12:50:00,18,Monday,Rio de Janeiro,Sudeste,1826,0,121.7,2500,False,0,True,True,True,60.0,,False,False,high,high
CTX1312,CUST0184,VEH0084,CONTR0184,SYNTHETIC,2026-08-29T22:25:00,12,Wednesday,Goiânia,Centro-Oeste,1366,434,75.9,1000,False,487,False,False,False,94.0,,False,False,normal,low
CTX1313,CUST0165,VEH0065,CONTR0165,SYNTHETIC,2026-09-04T18:05:00,21,Monday,Florianópolis,Sul,2528,472,84.3,4000,False,405,False,False,False,76.0,,False,False,high,low
CTX1314,CUST0252,VEH0052,CONTR0252,SYNTHETIC,2026-09-13T07:33:00,7,Tuesday,Salvador,Nordeste,2093,0,139.5,700,False,0,True,False,False,82.0,,False,False,high,medium
CTX1315,CUST0485,VEH0085,CONTR0485,SYNTHETIC,2026-09-30T07:19:00,18,Tuesday,Fortaleza,Nordeste,2278,0,113.9,700,False,242,False,True,True,91.0,,False,False,high,medium
CTX1316,CUST0181,VEH0081,CONTR0181,SYNTHETIC,2026-08-30T17:43:00,7,Tuesday,Fortaleza,Nordeste,1389,0,115.8,4000,False,482,False,False,True,55.0,,False,False,high,medium
CTX1317,CUST0051,VEH0051,CONTR0051,SYNTHETIC,2026-08-31T12:36:00,6,Monday,Campinas,Sudeste,1859,0,123.9,700,True,420,False,False,False,32.0,,False,False,high,medium
CTX1318,CUST0473,VEH0073,CONTR0473,SYNTHETIC,2026-09-10T11:24:00,13,Wednesday,Curitiba,Sul,1626,0,135.5,4000,False,348,False,True,False,29.0,,False,True,high,medium
CTX1319,CUST0470,VEH0070,CONTR0470,SYNTHETIC,2026-09-15T19:43:00,15,Tuesday,Porto Alegre,Sul,2430,0,135.0,1500,True,0,True,False,False,67.0,,False,False,high,high
CTX1320,CUST0482,VEH0082,CONTR0482,SYNTHETIC,2026-09-19T21:16:00,6,Saturday,Goiânia,Centro-Oeste,610,1190,33.9,2500,False,196,False,True,False,36.0,,False,False,low,low
CTX1321,CUST0355,VEH0055,CONTR0355,SYNTHETIC,2026-08-22T09:07:00,11,Sunday,São Paulo,Sudeste,995,205,82.9,4000,False,218,False,True,False,59.0,,False,False,high,low
CTX1322,CUST0251,VEH0051,CONTR0251,SYNTHETIC,2026-08-19T18:18:00,15,Wednesday,Florianópolis,Sul,2912,0,116.5,1500,False,44,True,True,True,82.0,,False,False,high,high
CTX1323,CUST0439,VEH0039,CONTR0439,SYNTHETIC,2026-09-26T21:12:00,10,Friday,Curitiba,Sul,1446,354,80.3,1000,True,239,False,False,False,49.0,,False,False,high,medium
CTX1324,CUST0019,VEH0019,CONTR0019,SYNTHETIC,2026-09-20T08:48:00,8,Tuesday,Florianópolis,Sul,3025,0,121.0,296,True,347,False,False,False,71.0,,False,False,high,medium
CTX1325,CUST0224,VEH0024,CONTR0224,SYNTHETIC,2026-08-30T12:49:00,12,Saturday,Rio de Janeiro,Sudeste,1914,0,106.3,350,True,418,False,True,False,78.0,,False,False,high,medium
CTX1326,CUST0163,VEH0063,CONTR0163,SYNTHETIC,2026-09-20T17:29:00,12,Saturday,Porto Alegre,Sul,1345,0,134.5,4000,False,380,False,False,False,92.0,,False,False,high,low
CTX1327,CUST0029,VEH0029,CONTR0029,SYNTHETIC,2026-08-22T12:21:00,20,Monday,Recife,Nordeste,1835,1165,61.2,350,True,227,False,True,False,25.0,,True,False,normal,medium
CTX1328,CUST0447,VEH0047,CONTR0447,SYNTHETIC,2026-09-22T16:03:00,9,Saturday,Campinas,Sudeste,830,170,83.0,700,True,0,True,False,False,17.0,,True,False,high,high
CTX1329,CUST0034,VEH0034,CONTR0034,SYNTHETIC,2026-09-11T17:02:00,10,Monday,Salvador,Nordeste,2227,0,123.7,4000,False,235,False,False,False,62.0,,False,False,high,low
CTX1330,CUST0351,VEH0051,CONTR0351,SYNTHETIC,2026-08-26T09:54:00,13,Sunday,Brasília,Centro-Oeste,1927,0,107.1,4000,False,108,True,False,False,56.0,,False,False,high,medium
CTX1331,CUST0322,VEH0022,CONTR0322,SYNTHETIC,2026-08-26T18:18:00,18,Thursday,Porto Alegre,Sul,1329,171,88.6,350,True,36,True,False,False,68.0,,False,False,high,high
CTX1332,CUST0467,VEH0067,CONTR0467,SYNTHETIC,2026-08-22T20:30:00,10,Thursday,Belo Horizonte,Sudeste,1243,0,124.3,1500,False,132,True,False,True,86.0,,False,False,high,high
CTX1333,CUST0275,VEH0075,CONTR0275,SYNTHETIC,2026-09-07T14:56:00,11,Wednesday,Florianópolis,Sul,2019,0,134.6,700,True,409,False,True,False,,55.0,False,False,high,medium
CTX1334,CUST0379,VEH0079,CONTR0379,SYNTHETIC,2026-08-28T13:25:00,10,Sunday,Salvador,Nordeste,1126,0,112.6,1000,False,355,False,False,False,68.0,,False,True,high,medium
CTX1335,CUST0321,VEH0021,CONTR0321,SYNTHETIC,2026-09-03T20:24:00,20,Wednesday,Campinas,Sudeste,749,451,62.4,1000,True,68,True,False,False,,52.0,False,False,normal,medium
CTX1336,CUST0173,VEH0073,CONTR0173,SYNTHETIC,2026-09-18T12:36:00,12,Sunday,Rio de Janeiro,Sudeste,2356,0,117.8,2500,False,112,True,True,False,35.0,,False,False,high,medium
CTX1337,CUST0374,VEH0074,CONTR0374,SYNTHETIC,2026-09-22T21:06:00,20,Wednesday,Campinas,Sudeste,1259,241,83.9,1500,False,378,False,True,False,46.0,,False,False,high,low
CTX1338,CUST0464,VEH0064,CONTR0464,SYNTHETIC,2026-08-20T18:59:00,22,Thursday,Goiânia,Centro-Oeste,3893,0,129.8,1000,True,372,False,False,False,48.0,,False,False,high,medium
CTX1339,CUST0093,VEH0093,CONTR0093,SYNTHETIC,2026-08-19T10:41:00,18,Friday,Curitiba,Sul,808,192,80.8,1000,True,315,False,True,False,85.0,,False,False,high,medium
CTX1340,CUST0401,VEH0001,CONTR0401,SYNTHETIC,2026-09-23T21:20:00,22,Saturday,Belo Horizonte,Sudeste,1923,0,128.2,2500,False,0,True,False,False,79.0,,False,False,high,medium
CTX1341,CUST0322,VEH0022,CONTR0322,SYNTHETIC,2026-09-28T16:54:00,8,Wednesday,Porto Alegre,Sul,1329,171,88.6,350,True,36,True,True,False,68.0,,False,False,high,high
CTX1342,CUST0477,VEH0077,CONTR0477,SYNTHETIC,2026-08-23T16:37:00,20,Thursday,Goiânia,Centro-Oeste,723,77,90.4,1000,True,0,True,True,False,,60.0,False,False,high,high
CTX1343,CUST0174,VEH0074,CONTR0174,SYNTHETIC,2026-09-22T11:26:00,9,Friday,Brasília,Centro-Oeste,2583,0,103.3,350,True,453,False,True,False,23.0,,False,False,high,medium
CTX1344,CUST0467,VEH0067,CONTR0467,SYNTHETIC,2026-09-16T09:42:00,10,Thursday,Belo Horizonte,Sudeste,1243,0,124.3,1500,True,132,True,False,True,86.0,,False,False,high,high
CTX1345,CUST0050,VEH0050,CONTR0050,SYNTHETIC,2026-09-30T17:59:00,20,Friday,Brasília,Centro-Oeste,1454,346,80.8,350,True,491,False,True,True,,75.0,False,False,high,high
CTX1346,CUST0293,VEH0093,CONTR0293,SYNTHETIC,2026-09-10T08:56:00,17,Monday,Porto Alegre,Sul,1620,0,162.0,1500,False,158,False,False,True,74.0,,False,False,high,medium
CTX1347,CUST0091,VEH0091,CONTR0091,SYNTHETIC,2026-08-20T12:40:00,16,Wednesday,São Paulo,Sudeste,1938,62,96.9,1500,False,0,True,True,False,32.0,,False,False,high,medium
CTX1348,CUST0365,VEH0065,CONTR0365,SYNTHETIC,2026-09-21T17:54:00,14,Tuesday,Fortaleza,Nordeste,2139,0,106.9,700,False,7,True,False,False,82.0,,False,False,high,medium
CTX1349,CUST0263,VEH0063,CONTR0263,SYNTHETIC,2026-08-21T13:44:00,15,Wednesday,Porto Alegre,Sul,2922,0,116.9,350,True,224,False,True,False,50.0,,False,False,high,medium
CTX1350,CUST0230,VEH0030,CONTR0230,SYNTHETIC,2026-09-02T08:21:00,7,Tuesday,Rio de Janeiro,Sudeste,1826,0,121.7,2500,False,0,True,False,True,60.0,,False,False,high,high
CTX1351,CUST0447,VEH0047,CONTR0447,SYNTHETIC,2026-09-07T18:02:00,14,Saturday,Campinas,Sudeste,830,170,83.0,700,False,0,True,False,False,17.0,,True,False,normal,medium
CTX1352,CUST0193,VEH0093,CONTR0193,SYNTHETIC,2026-09-09T14:35:00,12,Thursday,Porto Alegre,Sul,2903,0,161.3,1500,False,172,False,True,False,54.0,,False,False,high,low
CTX1353,CUST0145,VEH0045,CONTR0145,SYNTHETIC,2026-09-11T22:57:00,9,Monday,Curitiba,Sul,976,0,122.0,700,True,437,False,False,False,43.0,,False,False,high,medium
CTX1354,CUST0416,VEH0016,CONTR0416,SYNTHETIC,2026-08-26T13:49:00,8,Sunday,Curitiba,Sul,1495,0,149.5,2500,False,55,True,True,False,68.0,,False,False,high,medium
CTX1355,CUST0039,VEH0039,CONTR0039,SYNTHETIC,2026-08-23T08:09:00,20,Saturday,Belo Horizonte,Sudeste,884,116,88.4,350,True,0,True,False,False,36.0,,False,False,high,high
CTX1356,CUST0448,VEH0048,CONTR0448,SYNTHETIC,2026-09-19T08:11:00,8,Saturday,Goiânia,Centro-Oeste,932,0,116.5,350,True,131,False,False,False,,64.0,False,False,high,medium
CTX1357,CUST0488,VEH0088,CONTR0488,SYNTHETIC,2026-09-26T18:20:00,22,Tuesday,Goiânia,Centro-Oeste,1639,361,82.0,1500,False,244,False,True,False,55.0,,False,False,high,low
CTX1358,CUST0244,VEH0044,CONTR0244,SYNTHETIC,2026-08-19T07:28:00,11,Friday,Rio de Janeiro,Sudeste,2589,411,86.3,1000,True,44,True,False,False,83.0,,False,False,high,high
CTX1359,CUST0004,VEH0004,CONTR0004,SYNTHETIC,2026-09-19T09:44:00,8,Tuesday,Porto Alegre,Sul,1003,197,83.6,350,True,416,False,False,False,34.0,,False,False,high,medium
CTX1360,CUST0096,VEH0096,CONTR0096,SYNTHETIC,2026-08-24T19:32:00,15,Tuesday,Rio de Janeiro,Sudeste,2461,39,98.4,700,True,107,False,False,True,65.0,,False,False,high,high
CTX1361,CUST0219,VEH0019,CONTR0219,SYNTHETIC,2026-08-19T14:18:00,11,Monday,Recife,Nordeste,1726,0,172.6,103,True,355,False,False,False,77.0,,False,True,high,high
CTX1362,CUST0032,VEH0032,CONTR0032,SYNTHETIC,2026-09-04T08:43:00,20,Monday,Curitiba,Sul,1362,0,113.5,350,True,0,True,False,False,25.0,,True,True,high,high
CTX1363,CUST0382,VEH0082,CONTR0382,SYNTHETIC,2026-09-27T14:46:00,16,Thursday,Fortaleza,Nordeste,987,213,82.2,700,False,0,True,False,False,82.0,,False,False,high,medium
CTX1364,CUST0184,VEH0084,CONTR0184,SYNTHETIC,2026-09-19T13:37:00,11,Monday,Goiânia,Centro-Oeste,1366,434,75.9,1000,True,487,False,True,False,94.0,,False,False,normal,low
CTX1365,CUST0354,VEH0054,CONTR0354,SYNTHETIC,2026-09-06T20:55:00,20,Thursday,Brasília,Centro-Oeste,1360,140,90.7,2500,False,0,True,False,True,59.0,,False,False,high,high
CTX1366,CUST0079,VEH0079,CONTR0079,SYNTHETIC,2026-09-11T18:55:00,10,Thursday,Florianópolis,Sul,528,272,66.0,2500,False,0,True,False,False,73.0,,False,False,normal,low
CTX1367,CUST0188,VEH0088,CONTR0188,SYNTHETIC,2026-09-25T06:25:00,21,Tuesday,Porto Alegre,Sul,890,110,89.0,1000,False,294,False,True,False,36.0,,False,False,high,low
CTX1368,CUST0139,VEH0039,CONTR0139,SYNTHETIC,2026-08-27T14:14:00,12,Thursday,Curitiba,Sul,960,540,64.0,700,True,379,False,True,True,54.0,,False,False,normal,medium
CTX1369,CUST0311,VEH0011,CONTR0311,SYNTHETIC,2026-09-09T09:04:00,16,Saturday,Brasília,Centro-Oeste,1264,236,84.3,700,True,127,True,False,False,77.0,,False,False,high,high
CTX1370,CUST0245,VEH0045,CONTR0245,SYNTHETIC,2026-09-05T21:00:00,15,Saturday,Curitiba,Sul,1056,0,132.0,1500,False,0,True,False,False,43.0,,False,False,high,medium
CTX1371,CUST0082,VEH0082,CONTR0082,SYNTHETIC,2026-08-24T10:33:00,15,Wednesday,São Paulo,Sudeste,1473,527,73.7,1500,False,0,True,False,False,75.0,,False,False,normal,low
CTX1372,CUST0372,VEH0072,CONTR0372,SYNTHETIC,2026-09-30T20:23:00,19,Tuesday,Campinas,Sudeste,445,555,44.5,700,True,172,False,False,True,63.0,,False,False,low,medium
CTX1373,CUST0108,VEH0008,CONTR0108,SYNTHETIC,2026-09-01T14:35:00,16,Friday,Campinas,Sudeste,1824,676,73.0,2500,False,0,True,False,False,87.0,,False,False,normal,low
CTX1374,CUST0407,VEH0007,CONTR0407,SYNTHETIC,2026-08-26T13:45:00,13,Sunday,Rio de Janeiro,Sudeste,1308,0,109.0,1500,False,31,True,False,False,92.0,,False,False,high,medium
CTX1375,CUST0420,VEH0020,CONTR0420,SYNTHETIC,2026-09-07T10:39:00,16,Monday,Curitiba,Sul,877,0,109.6,350,True,290,False,False,False,26.0,,False,False,high,medium
CTX1376,CUST0271,VEH0071,CONTR0271,SYNTHETIC,2026-09-14T10:23:00,7,Thursday,Salvador,Nordeste,1891,0,105.1,4000,False,343,False,False,False,48.0,,False,False,high,low
CTX1377,CUST0127,VEH0027,CONTR0127,SYNTHETIC,2026-08-27T10:50:00,14,Wednesday,Florianópolis,Sul,2957,43,98.6,350,True,66,False,False,False,38.0,,False,False,high,medium
CTX1378,CUST0249,VEH0049,CONTR0249,SYNTHETIC,2026-08-24T09:18:00,7,Saturday,Florianópolis,Sul,1865,0,124.3,4000,False,0,True,False,False,40.0,,False,False,high,medium
CTX1379,CUST0454,VEH0054,CONTR0454,SYNTHETIC,2026-10-01T15:16:00,12,Tuesday,Fortaleza,Nordeste,1062,0,106.2,1500,False,237,False,False,False,94.0,,False,False,high,low
CTX1380,CUST0152,VEH0052,CONTR0152,SYNTHETIC,2026-09-22T20:40:00,18,Friday,Recife,Nordeste,2075,0,138.3,4000,False,146,True,False,False,67.0,,False,False,high,medium
CTX1381,CUST0081,VEH0081,CONTR0081,SYNTHETIC,2026-08-24T20:18:00,11,Friday,Belo Horizonte,Sudeste,1997,503,79.9,700,True,0,True,True,True,35.0,,False,False,normal,high
CTX1382,CUST0066,VEH0066,CONTR0066,SYNTHETIC,2026-09-08T10:20:00,18,Friday,Fortaleza,Nordeste,727,73,90.9,4000,False,0,True,False,False,36.0,,False,False,high,medium
CTX1383,CUST0014,VEH0014,CONTR0014,SYNTHETIC,2026-09-29T15:20:00,7,Friday,Belo Horizonte,Sudeste,1887,0,104.8,4000,False,63,True,False,False,63.0,,False,False,high,medium
CTX1384,CUST0029,VEH0029,CONTR0029,SYNTHETIC,2026-09-21T13:05:00,17,Wednesday,Recife,Nordeste,1835,1165,61.2,350,True,227,False,True,False,25.0,,False,False,normal,low
CTX1385,CUST0174,VEH0074,CONTR0174,SYNTHETIC,2026-08-29T19:41:00,18,Saturday,Brasília,Centro-Oeste,2583,0,103.3,350,True,453,False,False,False,23.0,,False,False,high,medium
CTX1386,CUST0080,VEH0080,CONTR0080,SYNTHETIC,2026-09-15T13:15:00,7,Saturday,Rio de Janeiro,Sudeste,3738,0,124.6,1000,False,452,False,False,False,88.0,,False,False,high,low
CTX1387,CUST0350,VEH0050,CONTR0350,SYNTHETIC,2026-09-17T10:55:00,10,Friday,Rio de Janeiro,Sudeste,897,103,89.7,2500,False,460,False,True,False,,40.0,False,True,high,medium
CTX1388,CUST0164,VEH0064,CONTR0164,SYNTHETIC,2026-09-30T19:35:00,8,Monday,Florianópolis,Sul,838,662,55.9,350,True,159,False,True,False,36.0,,False,False,normal,low
CTX1389,CUST0103,VEH0003,CONTR0103,SYNTHETIC,2026-09-26T17:32:00,11,Thursday,Porto Alegre,Sul,1257,0,157.1,1000,False,0,True,True,False,70.0,,False,False,high,medium
CTX1390,CUST0109,VEH0009,CONTR0109,SYNTHETIC,2026-08-27T17:32:00,18,Tuesday,Goiânia,Centro-Oeste,995,205,82.9,4000,False,0,True,True,False,95.0,,False,False,normal,low
CTX1391,CUST0428,VEH0028,CONTR0428,SYNTHETIC,2026-09-06T09:41:00,15,Thursday,Brasília,Centro-Oeste,4075,0,163.0,700,True,163,False,False,False,43.0,,False,False,high,medium
CTX1392,CUST0015,VEH0015,CONTR0015,SYNTHETIC,2026-09-25T12:12:00,15,Sunday,Campinas,Sudeste,2701,0,180.1,350,True,0,True,True,False,36.0,,False,False,high,high
CTX1393,CUST0354,VEH0054,CONTR0354,SYNTHETIC,2026-09-17T14:13:00,22,Monday,Brasília,Centro-Oeste,1360,140,90.7,2500,False,0,True,False,True,59.0,,False,False,high,high
CTX1394,CUST0159,VEH0059,CONTR0159,SYNTHETIC,2026-09-07T16:29:00,18,Friday,Brasília,Centro-Oeste,2377,0,118.8,700,False,6,True,False,False,72.0,,False,False,high,medium
CTX1395,CUST0386,VEH0086,CONTR0386,SYNTHETIC,2026-08-20T13:04:00,9,Monday,Goiânia,Centro-Oeste,2152,848,71.7,1000,True,219,False,False,False,21.0,,True,False,normal,medium
CTX1396,CUST0437,VEH0037,CONTR0437,SYNTHETIC,2026-09-12T20:24:00,11,Monday,Rio de Janeiro,Sudeste,377,623,37.7,2500,False,276,False,False,False,46.0,,False,False,low,low
CTX1397,CUST0028,VEH0028,CONTR0028,SYNTHETIC,2026-09-14T19:41:00,6,Wednesday,Curitiba,Sul,2443,557,81.4,1500,False,62,True,True,False,84.0,,False,False,high,medium
CTX1398,CUST0395,VEH0095,CONTR0395,SYNTHETIC,2026-09-18T09:58:00,6,Thursday,São Paulo,Sudeste,466,334,58.2,239,True,0,True,False,False,15.0,,True,False,normal,high
CTX1399,CUST0090,VEH0090,CONTR0090,SYNTHETIC,2026-08-25T14:17:00,6,Saturday,Rio de Janeiro,Sudeste,1887,1113,62.9,4000,False,135,False,False,True,51.0,,False,False,normal,low
CTX1400,CUST0289,VEH0089,CONTR0289,SYNTHETIC,2026-09-30T07:31:00,19,Sunday,Campinas,Sudeste,1162,0,116.2,700,True,89,True,False,False,86.0,,False,True,high,high
CTX1401,CUST0239,VEH0039,CONTR0239,SYNTHETIC,2026-09-14T15:46:00,21,Tuesday,Salvador,Nordeste,1832,668,73.3,1000,True,46,True,False,False,64.0,,False,False,normal,medium
CTX1402,CUST0411,VEH0011,CONTR0411,SYNTHETIC,2026-10-01T07:55:00,19,Friday,Curitiba,Sul,1138,62,94.8,4000,False,0,True,False,False,79.0,,False,False,high,medium
CTX1403,CUST0488,VEH0088,CONTR0488,SYNTHETIC,2026-09-02T21:34:00,11,Wednesday,Goiânia,Centro-Oeste,1639,361,82.0,1500,True,244,False,False,False,55.0,,False,False,high,medium
CTX1404,CUST0338,VEH0038,CONTR0338,SYNTHETIC,2026-09-20T18:23:00,20,Wednesday,Goiânia,Centro-Oeste,619,381,61.9,221,True,282,False,True,False,93.0,,False,False,normal,low
CTX1405,CUST0393,VEH0093,CONTR0393,SYNTHETIC,2026-09-04T08:38:00,14,Tuesday,Brasília,Centro-Oeste,2162,338,86.5,1000,True,25,True,True,False,88.0,,False,False,high,high
CTX1406,CUST0171,VEH0071,CONTR0171,SYNTHETIC,2026-09-21T07:21:00,22,Sunday,Rio de Janeiro,Sudeste,1068,0,106.8,700,True,147,True,False,False,31.0,,False,False,high,high
CTX1407,CUST0321,VEH0021,CONTR0321,SYNTHETIC,2026-08-26T10:52:00,12,Sunday,Campinas,Sudeste,749,451,62.4,1000,True,68,True,False,False,,52.0,False,False,normal,medium
CTX1408,CUST0355,VEH0055,CONTR0355,SYNTHETIC,2026-08-29T09:36:00,6,Wednesday,São Paulo,Sudeste,995,205,82.9,4000,False,218,False,False,False,59.0,,False,False,high,low
CTX1409,CUST0479,VEH0079,CONTR0479,SYNTHETIC,2026-09-24T16:46:00,17,Friday,Brasília,Centro-Oeste,943,57,94.3,1000,True,332,False,True,False,88.0,,False,False,high,medium
CTX1410,CUST0480,VEH0080,CONTR0480,SYNTHETIC,2026-08-18T09:14:00,20,Tuesday,São Paulo,Sudeste,2360,140,94.4,1500,True,61,True,False,True,20.0,,True,False,high,high
CTX1411,CUST0428,VEH0028,CONTR0428,SYNTHETIC,2026-09-27T15:15:00,18,Wednesday,Brasília,Centro-Oeste,4075,0,163.0,700,True,163,False,False,False,43.0,,False,False,high,medium
CTX1412,CUST0423,VEH0023,CONTR0423,SYNTHETIC,2026-09-24T12:11:00,8,Monday,Belo Horizonte,Sudeste,1205,0,120.5,1500,False,392,False,True,False,,51.0,False,True,high,medium
CTX1413,CUST0130,VEH0030,CONTR0130,SYNTHETIC,2026-08-24T15:21:00,18,Wednesday,São Paulo,Sudeste,1486,0,123.8,350,True,28,True,True,False,77.0,,False,False,high,high
CTX1414,CUST0107,VEH0007,CONTR0107,SYNTHETIC,2026-08-31T07:31:00,16,Wednesday,Salvador,Nordeste,739,461,61.6,2500,False,0,True,True,False,52.0,,False,False,normal,low
CTX1415,CUST0016,VEH0016,CONTR0016,SYNTHETIC,2026-09-04T17:43:00,21,Monday,Brasília,Centro-Oeste,560,240,70.0,700,True,0,True,False,True,50.0,,False,False,normal,high
CTX1416,CUST0195,VEH0095,CONTR0195,SYNTHETIC,2026-09-16T09:29:00,18,Saturday,Porto Alegre,Sul,2165,0,144.3,360,True,0,True,True,False,15.0,,True,False,high,high
CTX1417,CUST0173,VEH0073,CONTR0173,SYNTHETIC,2026-08-17T20:13:00,19,Monday,Rio de Janeiro,Sudeste,2356,0,117.8,2500,False,112,True,False,False,35.0,,False,False,high,medium
CTX1418,CUST0006,VEH0006,CONTR0006,SYNTHETIC,2026-09-02T14:44:00,18,Sunday,Fortaleza,Nordeste,1678,0,111.9,350,True,317,False,False,False,65.0,,False,False,high,medium
CTX1419,CUST0474,VEH0074,CONTR0474,SYNTHETIC,2026-09-03T15:54:00,11,Monday,Fortaleza,Nordeste,945,0,118.1,1000,False,461,False,True,False,45.0,,False,False,high,low
CTX1420,CUST0149,VEH0049,CONTR0149,SYNTHETIC,2026-09-19T21:31:00,13,Monday,Belo Horizonte,Sudeste,4309,0,172.4,2500,False,211,False,False,False,44.0,,False,False,high,low
CTX1421,CUST0199,VEH0099,CONTR0199,SYNTHETIC,2026-08-19T21:14:00,20,Sunday,São Paulo,Sudeste,1579,221,87.7,1500,False,239,False,True,False,47.0,,False,False,high,low
CTX1422,CUST0359,VEH0059,CONTR0359,SYNTHETIC,2026-08-24T06:28:00,21,Wednesday,Belo Horizonte,Sudeste,1843,0,102.4,2500,False,0,True,False,True,45.0,,False,False,high,high
CTX1423,CUST0407,VEH0007,CONTR0407,SYNTHETIC,2026-09-29T14:27:00,19,Monday,Rio de Janeiro,Sudeste,1308,0,109.0,1500,True,31,True,False,False,92.0,,False,False,high,high
CTX1424,CUST0034,VEH0034,CONTR0034,SYNTHETIC,2026-09-23T09:01:00,11,Monday,Salvador,Nordeste,2227,0,123.7,4000,False,235,False,False,False,62.0,,False,False,high,low
CTX1425,CUST0293,VEH0093,CONTR0293,SYNTHETIC,2026-08-27T14:30:00,8,Sunday,Porto Alegre,Sul,1620,0,162.0,1500,False,158,False,False,True,74.0,,False,False,high,medium
CTX1426,CUST0337,VEH0037,CONTR0337,SYNTHETIC,2026-09-22T15:08:00,18,Monday,Recife,Nordeste,1090,1410,43.6,350,True,270,False,True,False,17.0,,True,False,low,medium
CTX1427,CUST0191,VEH0091,CONTR0191,SYNTHETIC,2026-08-29T06:19:00,10,Wednesday,Fortaleza,Nordeste,2398,602,79.9,1500,False,0,True,True,False,49.0,,False,False,normal,low
CTX1428,CUST0472,VEH0072,CONTR0472,SYNTHETIC,2026-09-18T09:11:00,18,Friday,Porto Alegre,Sul,886,614,59.1,350,True,140,False,False,False,62.0,,False,False,normal,low
CTX1429,CUST0325,VEH0025,CONTR0325,SYNTHETIC,2026-09-01T22:04:00,11,Tuesday,Fortaleza,Nordeste,778,222,77.8,4000,False,431,False,False,False,55.0,,False,False,high,low
CTX1430,CUST0321,VEH0021,CONTR0321,SYNTHETIC,2026-09-04T07:55:00,16,Sunday,Campinas,Sudeste,749,451,62.4,1000,True,68,True,False,False,,52.0,False,False,normal,medium
CTX1431,CUST0203,VEH0003,CONTR0203,SYNTHETIC,2026-09-17T10:30:00,22,Thursday,Porto Alegre,Sul,2753,0,110.1,350,True,230,False,False,False,55.0,,False,False,high,medium
CTX1432,CUST0331,VEH0031,CONTR0331,SYNTHETIC,2026-09-30T19:04:00,8,Saturday,Rio de Janeiro,Sudeste,642,1158,35.7,2500,False,472,False,False,False,64.0,,False,False,low,low
CTX1433,CUST0457,VEH0057,CONTR0457,SYNTHETIC,2026-08-21T16:19:00,16,Wednesday,São Paulo,Sudeste,1242,0,124.2,155,True,355,False,True,False,38.0,,False,False,high,medium
CTX1434,CUST0438,VEH0038,CONTR0438,SYNTHETIC,2026-08-25T10:30:00,16,Monday,Florianópolis,Sul,1642,0,164.2,207,True,432,False,False,True,23.0,,True,False,high,high
CTX1435,CUST0355,VEH0055,CONTR0355,SYNTHETIC,2026-09-13T22:14:00,16,Wednesday,São Paulo,Sudeste,995,205,82.9,4000,False,218,False,False,False,59.0,,False,False,high,low
CTX1436,CUST0465,VEH0065,CONTR0465,SYNTHETIC,2026-09-10T22:43:00,19,Wednesday,Recife,Nordeste,608,192,76.0,1500,False,0,True,True,False,44.0,,False,False,normal,low
CTX1437,CUST0136,VEH0036,CONTR0136,SYNTHETIC,2026-08-18T15:12:00,17,Saturday,Campinas,Sudeste,2433,67,97.3,1000,True,491,False,True,False,76.0,,False,False,high,medium
CTX1438,CUST0278,VEH0078,CONTR0278,SYNTHETIC,2026-09-13T13:13:00,16,Tuesday,Belo Horizonte,Sudeste,1707,93,94.8,4000,False,188,False,True,False,16.0,,True,False,high,medium
CTX1439,CUST0455,VEH0055,CONTR0455,SYNTHETIC,2026-08-26T20:34:00,16,Tuesday,Goiânia,Centro-Oeste,827,173,82.7,700,True,0,True,True,False,76.0,,False,False,high,high
CTX1440,CUST0131,VEH0031,CONTR0131,SYNTHETIC,2026-10-01T08:12:00,14,Thursday,Salvador,Nordeste,1750,0,116.7,2500,False,0,True,False,False,66.0,,False,False,high,medium
CTX1441,CUST0233,VEH0033,CONTR0233,SYNTHETIC,2026-08-22T21:38:00,9,Thursday,Florianópolis,Sul,2571,429,85.7,2500,False,108,True,False,False,73.0,,False,False,high,medium
CTX1442,CUST0224,VEH0024,CONTR0224,SYNTHETIC,2026-09-28T07:54:00,8,Wednesday,Rio de Janeiro,Sudeste,1914,0,106.3,350,True,418,False,True,False,78.0,,False,False,high,medium
CTX1443,CUST0056,VEH0056,CONTR0056,SYNTHETIC,2026-08-20T07:00:00,9,Wednesday,Porto Alegre,Sul,995,505,66.3,4000,False,510,False,True,True,79.0,,False,False,normal,low
CTX1444,CUST0320,VEH0020,CONTR0320,SYNTHETIC,2026-08-26T14:59:00,17,Sunday,Campinas,Sudeste,1138,62,94.8,350,True,272,False,False,False,62.0,,False,False,high,medium
CTX1445,CUST0122,VEH0022,CONTR0122,SYNTHETIC,2026-09-07T12:34:00,6,Tuesday,Fortaleza,Nordeste,732,68,91.5,2500,False,275,False,False,False,72.0,,False,False,high,low
CTX1446,CUST0047,VEH0047,CONTR0047,SYNTHETIC,2026-09-16T20:39:00,11,Tuesday,Florianópolis,Sul,1160,40,96.7,1500,False,141,False,False,False,94.0,,False,False,high,low
CTX1447,CUST0470,VEH0070,CONTR0470,SYNTHETIC,2026-08-25T18:28:00,12,Tuesday,Porto Alegre,Sul,2430,0,135.0,1500,False,0,True,True,False,67.0,,False,False,high,medium
CTX1448,CUST0052,VEH0052,CONTR0052,SYNTHETIC,2026-08-23T18:01:00,14,Tuesday,Fortaleza,Nordeste,820,380,68.3,2500,False,0,True,False,False,22.0,,True,False,normal,medium
CTX1449,CUST0452,VEH0052,CONTR0452,SYNTHETIC,2026-09-07T20:38:00,12,Wednesday,Florianópolis,Sul,1146,0,114.6,1500,True,0,True,False,True,63.0,,False,True,high,high
CTX1450,CUST0074,VEH0074,CONTR0074,SYNTHETIC,2026-09-11T17:25:00,14,Tuesday,Fortaleza,Nordeste,2699,0,149.9,2500,False,160,False,True,False,86.0,,False,False,high,low
CTX1451,CUST0367,VEH0067,CONTR0367,SYNTHETIC,2026-08-19T13:41:00,8,Thursday,Florianópolis,Sul,1069,431,71.3,2500,False,243,False,False,False,52.0,,False,False,normal,low
CTX1452,CUST0366,VEH0066,CONTR0366,SYNTHETIC,2026-09-03T19:05:00,19,Wednesday,Goiânia,Centro-Oeste,960,240,80.0,1000,False,438,False,False,False,36.0,,False,False,high,low
CTX1453,CUST0179,VEH0079,CONTR0179,SYNTHETIC,2026-08-25T22:38:00,22,Sunday,Recife,Nordeste,1108,92,92.3,1500,False,276,False,True,False,88.0,,False,False,high,low
CTX1454,CUST0101,VEH0001,CONTR0101,SYNTHETIC,2026-09-21T08:39:00,7,Wednesday,Campinas,Sudeste,2138,0,178.2,4000,False,294,False,True,False,35.0,,False,False,high,low
CTX1455,CUST0041,VEH0041,CONTR0041,SYNTHETIC,2026-09-20T13:26:00,15,Tuesday,Brasília,Centro-Oeste,2470,0,123.5,4000,False,223,False,False,False,46.0,,False,False,high,low
CTX1456,CUST0267,VEH0067,CONTR0267,SYNTHETIC,2026-09-20T15:35:00,21,Thursday,Curitiba,Sul,530,270,66.2,1500,False,181,False,False,False,79.0,,False,True,normal,low
CTX1457,CUST0459,VEH0059,CONTR0459,SYNTHETIC,2026-09-25T14:52:00,11,Friday,Campinas,Sudeste,4935,0,164.5,4000,False,184,False,True,False,51.0,,False,False,high,low
CTX1458,CUST0064,VEH0064,CONTR0064,SYNTHETIC,2026-09-20T13:50:00,6,Wednesday,Salvador,Nordeste,1500,300,83.3,1500,True,0,True,False,True,91.0,,False,False,normal,high
CTX1459,CUST0438,VEH0038,CONTR0438,SYNTHETIC,2026-09-23T11:03:00,21,Tuesday,Florianópolis,Sul,1642,0,164.2,207,True,432,False,True,True,23.0,,True,False,high,high
CTX1460,CUST0434,VEH0034,CONTR0434,SYNTHETIC,2026-09-02T11:45:00,9,Saturday,Salvador,Nordeste,1082,0,108.2,4000,False,384,False,False,False,16.0,,True,False,high,medium
CTX1461,CUST0128,VEH0028,CONTR0128,SYNTHETIC,2026-09-13T20:33:00,21,Saturday,Porto Alegre,Sul,2841,159,94.7,1500,False,0,True,True,True,18.0,,True,False,high,high
CTX1462,CUST0387,VEH0087,CONTR0387,SYNTHETIC,2026-08-29T17:50:00,18,Sunday,Recife,Nordeste,1507,0,150.7,700,True,0,True,False,False,48.0,,False,False,high,high
CTX1463,CUST0129,VEH0029,CONTR0129,SYNTHETIC,2026-08-24T17:53:00,15,Monday,Salvador,Nordeste,1408,1092,56.3,1500,True,463,False,True,False,68.0,,False,False,normal,low
CTX1464,CUST0310,VEH0010,CONTR0310,SYNTHETIC,2026-09-19T06:13:00,19,Sunday,Fortaleza,Nordeste,2074,0,103.7,2500,False,80,True,True,False,16.0,,True,False,high,high
CTX1465,CUST0327,VEH0027,CONTR0327,SYNTHETIC,2026-09-22T06:57:00,13,Thursday,Fortaleza,Nordeste,3285,0,131.4,350,True,83,True,True,False,48.0,,False,False,high,high
CTX1466,CUST0130,VEH0030,CONTR0130,SYNTHETIC,2026-09-02T10:26:00,7,Tuesday,São Paulo,Sudeste,1486,0,123.8,350,True,28,True,False,False,77.0,,False,False,high,high
CTX1467,CUST0486,VEH0086,CONTR0486,SYNTHETIC,2026-09-07T19:04:00,15,Wednesday,Rio de Janeiro,Sudeste,428,372,53.5,4000,False,0,True,True,False,74.0,,False,False,normal,low
CTX1468,CUST0421,VEH0021,CONTR0421,SYNTHETIC,2026-08-30T11:00:00,9,Tuesday,Rio de Janeiro,Sudeste,525,475,52.5,1000,True,0,True,True,False,,32.0,False,False,normal,medium
CTX1469,CUST0382,VEH0082,CONTR0382,SYNTHETIC,2026-09-30T20:25:00,16,Sunday,Fortaleza,Nordeste,987,213,82.2,700,True,0,True,False,False,82.0,,False,False,high,high
CTX1470,CUST0314,VEH0014,CONTR0314,SYNTHETIC,2026-08-25T09:56:00,20,Sunday,Goiânia,Centro-Oeste,484,316,60.5,2500,False,127,False,False,True,38.0,,False,False,normal,low
CTX1471,CUST0250,VEH0050,CONTR0250,SYNTHETIC,2026-08-26T22:04:00,10,Sunday,Salvador,Nordeste,604,596,50.3,700,True,84,False,False,False,,28.0,True,False,normal,medium
CTX1472,CUST0194,VEH0094,CONTR0194,SYNTHETIC,2026-09-22T12:05:00,18,Wednesday,Brasília,Centro-Oeste,3463,0,173.2,4000,False,352,False,True,False,46.0,,False,False,high,low
CTX1473,CUST0202,VEH0002,CONTR0202,SYNTHETIC,2026-09-05T12:26:00,10,Thursday,Rio de Janeiro,Sudeste,1183,17,98.6,1000,True,0,True,True,False,92.0,,False,True,high,high
CTX1474,CUST0281,VEH0081,CONTR0281,SYNTHETIC,2026-09-01T08:14:00,20,Tuesday,Rio de Janeiro,Sudeste,1456,344,80.9,1000,True,224,False,True,False,51.0,,False,False,high,medium
CTX1475,CUST0474,VEH0074,CONTR0474,SYNTHETIC,2026-08-23T17:54:00,21,Wednesday,Fortaleza,Nordeste,945,0,118.1,1000,True,461,False,False,False,45.0,,False,False,high,medium
CTX1476,CUST0296,VEH0096,CONTR0296,SYNTHETIC,2026-08-17T22:43:00,14,Sunday,Fortaleza,Nordeste,446,1054,29.7,2500,False,125,False,False,False,86.0,,False,False,low,low
CTX1477,CUST0305,VEH0005,CONTR0305,SYNTHETIC,2026-08-30T15:31:00,18,Monday,Salvador,Nordeste,1381,0,138.1,350,True,46,True,True,True,64.0,,False,False,high,high
CTX1478,CUST0488,VEH0088,CONTR0488,SYNTHETIC,2026-09-17T13:29:00,10,Monday,Goiânia,Centro-Oeste,1639,361,82.0,1500,False,244,False,False,False,55.0,,False,False,high,low
CTX1479,CUST0358,VEH0058,CONTR0358,SYNTHETIC,2026-09-16T11:39:00,21,Saturday,Porto Alegre,Sul,2239,761,74.6,350,True,0,True,True,False,49.0,,False,False,normal,medium
CTX1480,CUST0034,VEH0034,CONTR0034,SYNTHETIC,2026-09-01T06:21:00,17,Monday,Salvador,Nordeste,2227,0,123.7,4000,False,235,False,True,False,62.0,,False,False,high,low
CTX1481,CUST0158,VEH0058,CONTR0158,SYNTHETIC,2026-09-16T15:15:00,11,Wednesday,Curitiba,Sul,2474,0,123.7,350,True,0,True,False,False,20.0,,True,False,high,high
CTX1482,CUST0082,VEH0082,CONTR0082,SYNTHETIC,2026-10-01T10:34:00,19,Thursday,São Paulo,Sudeste,1473,527,73.7,1500,False,0,True,True,False,75.0,,False,False,normal,low
CTX1483,CUST0460,VEH0060,CONTR0460,SYNTHETIC,2026-09-23T15:53:00,17,Saturday,Recife,Nordeste,1054,146,87.8,4000,False,463,False,True,False,39.0,,False,True,high,medium
CTX1484,CUST0352,VEH0052,CONTR0352,SYNTHETIC,2026-09-25T07:37:00,8,Monday,Curitiba,Sul,1408,0,176.0,1500,False,402,False,True,False,66.0,,False,False,high,low
CTX1485,CUST0315,VEH0015,CONTR0315,SYNTHETIC,2026-09-14T15:39:00,22,Monday,Belo Horizonte,Sudeste,944,0,118.0,2500,False,488,False,False,False,23.0,,True,False,high,medium
CTX1486,CUST0426,VEH0026,CONTR0426,SYNTHETIC,2026-08-21T22:06:00,21,Friday,Fortaleza,Nordeste,554,446,55.4,1500,False,115,False,True,False,58.0,,False,False,normal,low
CTX1487,CUST0115,VEH0015,CONTR0115,SYNTHETIC,2026-09-03T17:32:00,15,Wednesday,Salvador,Nordeste,1206,0,120.6,4000,False,93,True,False,False,76.0,,False,False,high,medium
CTX1488,CUST0335,VEH0035,CONTR0335,SYNTHETIC,2026-09-02T10:45:00,10,Monday,Rio de Janeiro,Sudeste,2399,101,96.0,700,True,0,True,True,True,43.0,,False,False,high,high
CTX1489,CUST0041,VEH0041,CONTR0041,SYNTHETIC,2026-09-22T08:18:00,16,Saturday,Brasília,Centro-Oeste,2470,0,123.5,4000,False,223,False,False,False,46.0,,False,False,high,low
CTX1490,CUST0164,VEH0064,CONTR0164,SYNTHETIC,2026-08-20T15:59:00,12,Thursday,Florianópolis,Sul,838,662,55.9,350,True,159,False,False,False,36.0,,False,False,normal,low
CTX1491,CUST0336,VEH0036,CONTR0336,SYNTHETIC,2026-09-29T14:24:00,11,Sunday,Salvador,Nordeste,4888,0,162.9,4000,False,282,False,True,False,31.0,,False,False,high,low
CTX1492,CUST0255,VEH0055,CONTR0255,SYNTHETIC,2026-09-11T19:42:00,16,Sunday,Florianópolis,Sul,936,64,93.6,1500,True,409,False,False,False,67.0,,False,False,high,medium
CTX1493,CUST0291,VEH0091,CONTR0291,SYNTHETIC,2026-09-10T10:02:00,10,Tuesday,São Paulo,Sudeste,1801,0,150.1,4000,False,0,True,False,False,70.0,,False,False,high,medium
CTX1494,CUST0263,VEH0063,CONTR0263,SYNTHETIC,2026-10-01T17:45:00,16,Sunday,Porto Alegre,Sul,2922,0,116.9,350,True,224,False,True,False,50.0,,False,False,high,medium
CTX1495,CUST0315,VEH0015,CONTR0315,SYNTHETIC,2026-08-30T12:13:00,10,Wednesday,Belo Horizonte,Sudeste,944,0,118.0,2500,False,488,False,False,False,23.0,,False,False,high,low
CTX1496,CUST0349,VEH0049,CONTR0349,SYNTHETIC,2026-08-23T12:27:00,7,Thursday,Brasília,Centro-Oeste,2702,298,90.1,350,True,396,False,False,False,77.0,,False,False,high,medium
CTX1497,CUST0494,VEH0094,CONTR0494,SYNTHETIC,2026-08-25T08:30:00,19,Thursday,Florianópolis,Sul,673,127,84.1,4000,False,182,False,True,False,18.0,,True,False,normal,low
CTX1498,CUST0469,VEH0069,CONTR0469,SYNTHETIC,2026-09-29T13:42:00,14,Thursday,Salvador,Nordeste,2109,0,105.5,1500,False,334,False,False,False,42.0,,False,False,high,low
CTX1499,CUST0136,VEH0036,CONTR0136,SYNTHETIC,2026-09-16T18:00:00,19,Monday,Campinas,Sudeste,2433,67,97.3,1000,False,491,False,False,False,76.0,,False,False,high,low
CTX1500,CUST0491,VEH0091,CONTR0491,SYNTHETIC,2026-08-22T15:49:00,7,Thursday,São Paulo,Sudeste,1620,0,135.0,1500,False,211,False,False,True,58.0,,False,False,high,medium
CTX1501,CUST0298,VEH0098,CONTR0298,SYNTHETIC,2026-09-07T16:11:00,12,Monday,Belo Horizonte,Sudeste,1732,268,86.6,2500,False,0,True,False,False,52.0,,False,False,high,medium
CTX1502,CUST0351,VEH0051,CONTR0351,SYNTHETIC,2026-09-25T10:59:00,14,Tuesday,Brasília,Centro-Oeste,1927,0,107.1,4000,False,108,True,False,False,56.0,,False,False,high,medium
CTX1503,CUST0337,VEH0037,CONTR0337,SYNTHETIC,2026-09-21T17:06:00,15,Wednesday,Recife,Nordeste,1090,1410,43.6,350,True,270,False,False,False,17.0,,True,False,low,medium
CTX1504,CUST0278,VEH0078,CONTR0278,SYNTHETIC,2026-09-16T08:49:00,14,Tuesday,Belo Horizonte,Sudeste,1707,93,94.8,4000,False,188,False,True,False,16.0,,True,False,high,medium
CTX1505,CUST0059,VEH0059,CONTR0059,SYNTHETIC,2026-09-02T22:07:00,21,Saturday,Goiânia,Centro-Oeste,1943,0,107.9,1000,True,474,False,False,False,16.0,,True,False,high,high
CTX1506,CUST0315,VEH0015,CONTR0315,SYNTHETIC,2026-09-19T14:46:00,6,Friday,Belo Horizonte,Sudeste,944,0,118.0,2500,False,488,False,True,False,23.0,,False,False,high,low
CTX1507,CUST0412,VEH0012,CONTR0412,SYNTHETIC,2026-08-18T12:30:00,17,Monday,Goiânia,Centro-Oeste,2130,0,106.5,2500,False,513,False,False,False,87.0,,False,False,high,low
CTX1508,CUST0175,VEH0075,CONTR0175,SYNTHETIC,2026-09-21T12:39:00,21,Sunday,Porto Alegre,Sul,839,961,46.6,1000,True,130,False,False,False,,71.0,False,False,normal,low
CTX1509,CUST0301,VEH0001,CONTR0301,SYNTHETIC,2026-08-27T20:24:00,16,Saturday,Salvador,Nordeste,2245,755,74.8,1500,False,0,True,False,False,58.0,,False,False,normal,low
CTX1510,CUST0189,VEH0089,CONTR0189,SYNTHETIC,2026-09-30T17:41:00,16,Thursday,Fortaleza,Nordeste,907,893,50.4,2500,False,362,False,False,False,64.0,,False,False,normal,low
CTX1511,CUST0384,VEH0084,CONTR0384,SYNTHETIC,2026-08-29T09:37:00,10,Thursday,Rio de Janeiro,Sudeste,1015,185,84.6,1500,False,429,False,True,False,66.0,,False,False,high,low
CTX1512,CUST0254,VEH0054,CONTR0254,SYNTHETIC,2026-09-04T15:02:00,9,Monday,Recife,Nordeste,3415,0,136.6,1000,True,261,False,True,False,34.0,,False,False,high,medium
CTX1513,CUST0481,VEH0081,CONTR0481,SYNTHETIC,2026-09-22T14:21:00,19,Monday,São Paulo,Sudeste,1023,0,102.3,1500,False,203,False,True,False,83.0,,False,False,high,low
CTX1514,CUST0500,VEH0100,CONTR0500,SYNTHETIC,2026-09-30T15:20:00,11,Saturday,São Paulo,Sudeste,1984,0,110.2,286,True,340,False,False,False,88.0,,False,False,high,medium
CTX1515,CUST0048,VEH0048,CONTR0048,SYNTHETIC,2026-09-10T16:56:00,9,Tuesday,Recife,Nordeste,2172,0,120.7,1500,False,391,False,False,False,,94.0,False,False,high,low
CTX1516,CUST0296,VEH0096,CONTR0296,SYNTHETIC,2026-08-27T08:51:00,15,Friday,Fortaleza,Nordeste,446,1054,29.7,2500,False,125,False,True,False,86.0,,False,True,low,low
CTX1517,CUST0337,VEH0037,CONTR0337,SYNTHETIC,2026-09-26T16:17:00,7,Tuesday,Recife,Nordeste,1090,1410,43.6,350,True,270,False,False,False,17.0,,True,False,low,medium
CTX1518,CUST0036,VEH0036,CONTR0036,SYNTHETIC,2026-09-08T18:34:00,9,Wednesday,Rio de Janeiro,Sudeste,2042,0,136.1,350,True,280,False,True,False,25.0,,False,False,high,medium
CTX1519,CUST0082,VEH0082,CONTR0082,SYNTHETIC,2026-08-18T09:40:00,6,Thursday,São Paulo,Sudeste,1473,527,73.7,1500,False,0,True,False,False,75.0,,False,False,normal,low
CTX1520,CUST0112,VEH0012,CONTR0112,SYNTHETIC,2026-09-14T12:31:00,13,Monday,Goiânia,Centro-Oeste,441,359,55.1,700,True,375,False,False,False,58.0,,False,True,normal,medium
CTX1521,CUST0221,VEH0021,CONTR0221,SYNTHETIC,2026-09-23T18:37:00,19,Friday,Recife,Nordeste,2155,345,86.2,350,True,394,False,True,False,,26.0,False,False,high,medium
CTX1522,CUST0148,VEH0048,CONTR0148,SYNTHETIC,2026-08-31T06:07:00,18,Friday,Salvador,Nordeste,874,126,87.4,2500,False,0,True,False,False,,53.0,False,False,high,medium
CTX1523,CUST0098,VEH0098,CONTR0098,SYNTHETIC,2026-09-24T13:08:00,7,Tuesday,Brasília,Centro-Oeste,1424,0,142.4,1500,False,206,False,False,False,64.0,,False,False,high,low
CTX1524,CUST0128,VEH0028,CONTR0128,SYNTHETIC,2026-09-14T09:36:00,6,Saturday,Porto Alegre,Sul,2841,159,94.7,1500,False,0,True,False,True,18.0,,True,False,high,high
CTX1525,CUST0108,VEH0008,CONTR0108,SYNTHETIC,2026-09-22T10:46:00,9,Sunday,Campinas,Sudeste,1824,676,73.0,2500,False,0,True,True,False,87.0,,False,False,normal,low
CTX1526,CUST0189,VEH0089,CONTR0189,SYNTHETIC,2026-08-20T12:54:00,10,Tuesday,Fortaleza,Nordeste,907,893,50.4,2500,False,362,False,True,False,64.0,,False,False,normal,low
CTX1527,CUST0200,VEH0100,CONTR0200,SYNTHETIC,2026-09-28T14:00:00,19,Thursday,Recife,Nordeste,1134,0,113.4,309,True,0,True,True,True,23.0,,True,False,high,high
CTX1528,CUST0082,VEH0082,CONTR0082,SYNTHETIC,2026-09-13T10:18:00,14,Tuesday,São Paulo,Sudeste,1473,527,73.7,1500,False,0,True,False,False,75.0,,False,False,normal,low
CTX1529,CUST0219,VEH0019,CONTR0219,SYNTHETIC,2026-09-17T20:12:00,14,Sunday,Recife,Nordeste,1726,0,172.6,103,True,355,False,True,False,77.0,,False,False,high,medium
CTX1530,CUST0245,VEH0045,CONTR0245,SYNTHETIC,2026-09-30T13:41:00,21,Thursday,Curitiba,Sul,1056,0,132.0,1500,True,0,True,False,False,43.0,,False,False,high,high
CTX1531,CUST0113,VEH0013,CONTR0113,SYNTHETIC,2026-09-25T14:55:00,22,Sunday,Brasília,Centro-Oeste,1905,1095,63.5,700,True,0,True,True,True,83.0,,False,False,normal,high
CTX1532,CUST0159,VEH0059,CONTR0159,SYNTHETIC,2026-09-13T14:51:00,13,Sunday,Brasília,Centro-Oeste,2377,0,118.8,700,True,6,True,True,False,72.0,,False,False,high,high
CTX1533,CUST0491,VEH0091,CONTR0491,SYNTHETIC,2026-09-11T19:36:00,16,Monday,São Paulo,Sudeste,1620,0,135.0,1500,False,211,False,False,True,58.0,,False,True,high,high
CTX1534,CUST0247,VEH0047,CONTR0247,SYNTHETIC,2026-09-15T14:37:00,12,Saturday,Brasília,Centro-Oeste,857,343,71.4,1000,True,0,True,False,False,34.0,,False,False,normal,medium
CTX1535,CUST0206,VEH0006,CONTR0206,SYNTHETIC,2026-09-11T07:54:00,16,Wednesday,São Paulo,Sudeste,1884,0,125.6,700,True,357,False,False,False,18.0,,True,False,high,high
CTX1536,CUST0242,VEH0042,CONTR0242,SYNTHETIC,2026-09-30T08:06:00,10,Tuesday,Belo Horizonte,Sudeste,1068,732,59.3,700,True,48,True,False,True,50.0,,False,False,normal,high
CTX1537,CUST0211,VEH0011,CONTR0211,SYNTHETIC,2026-09-25T20:45:00,10,Tuesday,Belo Horizonte,Sudeste,2772,228,92.4,1500,False,192,False,False,True,79.0,,False,False,high,medium
CTX1538,CUST0378,VEH0078,CONTR0378,SYNTHETIC,2026-08-25T19:07:00,14,Saturday,Florianópolis,Sul,2433,567,81.1,1000,True,401,False,True,False,26.0,,False,True,high,high
CTX1539,CUST0302,VEH0002,CONTR0302,SYNTHETIC,2026-09-26T14:50:00,13,Monday,Recife,Nordeste,943,557,62.9,1500,True,192,False,False,False,51.0,,False,False,normal,low
CTX1540,CUST0244,VEH0044,CONTR0244,SYNTHETIC,2026-08-31T12:50:00,19,Wednesday,Rio de Janeiro,Sudeste,2589,411,86.3,1000,True,44,True,False,False,83.0,,False,False,high,high
CTX1541,CUST0052,VEH0052,CONTR0052,SYNTHETIC,2026-09-09T17:48:00,20,Friday,Fortaleza,Nordeste,820,380,68.3,2500,False,0,True,False,False,22.0,,True,False,normal,medium
CTX1542,CUST0357,VEH0057,CONTR0357,SYNTHETIC,2026-09-19T11:52:00,11,Tuesday,Porto Alegre,Sul,2351,0,117.5,155,True,14,True,False,True,61.0,,False,False,high,high
CTX1543,CUST0378,VEH0078,CONTR0378,SYNTHETIC,2026-09-13T20:03:00,20,Tuesday,Florianópolis,Sul,2433,567,81.1,1000,False,401,False,True,False,26.0,,False,False,normal,low
CTX1544,CUST0317,VEH0017,CONTR0317,SYNTHETIC,2026-08-22T15:53:00,19,Tuesday,Campinas,Sudeste,3081,0,123.2,2500,False,0,True,True,False,34.0,,False,False,high,medium
CTX1545,CUST0353,VEH0053,CONTR0353,SYNTHETIC,2026-08-28T11:43:00,19,Monday,Porto Alegre,Sul,2221,779,74.0,350,True,462,False,True,False,29.0,,False,True,normal,medium
CTX1546,CUST0044,VEH0044,CONTR0044,SYNTHETIC,2026-08-18T11:17:00,22,Saturday,Goiânia,Centro-Oeste,748,52,93.5,2500,False,464,False,False,False,46.0,,False,False,high,low
CTX1547,CUST0285,VEH0085,CONTR0285,SYNTHETIC,2026-09-03T19:11:00,20,Wednesday,Recife,Nordeste,3339,0,111.3,2500,False,98,False,False,False,82.0,,False,False,high,low
CTX1548,CUST0162,VEH0062,CONTR0162,SYNTHETIC,2026-09-19T18:18:00,18,Sunday,Goiânia,Centro-Oeste,533,267,66.6,350,True,0,True,False,False,75.0,,False,False,normal,medium
CTX1549,CUST0275,VEH0075,CONTR0275,SYNTHETIC,2026-08-18T09:35:00,21,Thursday,Florianópolis,Sul,2019,0,134.6,700,True,409,False,True,False,,55.0,False,False,high,medium
CTX1550,CUST0466,VEH0066,CONTR0466,SYNTHETIC,2026-09-16T07:32:00,8,Tuesday,Porto Alegre,Sul,1756,244,87.8,700,True,173,False,False,False,50.0,,False,False,high,medium
CTX1551,CUST0276,VEH0076,CONTR0276,SYNTHETIC,2026-09-20T07:27:00,21,Sunday,Campinas,Sudeste,969,1531,38.8,220,True,0,True,False,False,37.0,,False,False,low,medium
CTX1552,CUST0430,VEH0030,CONTR0430,SYNTHETIC,2026-08-23T20:04:00,19,Saturday,Curitiba,Sul,1746,0,145.5,4000,False,112,False,False,False,63.0,,False,False,high,low
CTX1553,CUST0325,VEH0025,CONTR0325,SYNTHETIC,2026-09-10T06:02:00,6,Sunday,Fortaleza,Nordeste,778,222,77.8,4000,False,431,False,True,False,55.0,,False,False,normal,low
CTX1554,CUST0014,VEH0014,CONTR0014,SYNTHETIC,2026-08-22T08:05:00,12,Thursday,Belo Horizonte,Sudeste,1887,0,104.8,4000,False,63,False,False,False,63.0,,False,False,high,low
CTX1555,CUST0488,VEH0088,CONTR0488,SYNTHETIC,2026-08-24T06:46:00,10,Wednesday,Goiânia,Centro-Oeste,1639,361,82.0,1500,False,244,False,False,False,55.0,,False,False,high,low
CTX1556,CUST0161,VEH0061,CONTR0161,SYNTHETIC,2026-09-15T11:05:00,10,Friday,Curitiba,Sul,2457,43,98.3,350,True,268,False,False,False,87.0,,False,False,high,medium
CTX1557,CUST0343,VEH0043,CONTR0343,SYNTHETIC,2026-09-20T15:32:00,7,Wednesday,Salvador,Nordeste,1785,0,119.0,1000,True,63,True,True,False,43.0,,False,False,high,high
CTX1558,CUST0195,VEH0095,CONTR0195,SYNTHETIC,2026-10-01T14:56:00,13,Thursday,Porto Alegre,Sul,2165,0,144.3,360,True,0,True,False,False,15.0,,True,True,high,high
CTX1559,CUST0177,VEH0077,CONTR0177,SYNTHETIC,2026-09-06T18:36:00,9,Tuesday,Campinas,Sudeste,2041,459,81.6,2500,False,338,False,False,False,,74.0,False,False,high,low
CTX1560,CUST0212,VEH0012,CONTR0212,SYNTHETIC,2026-09-12T11:50:00,18,Saturday,Fortaleza,Nordeste,1057,143,88.1,700,True,0,True,True,False,29.0,,False,False,high,high
CTX1561,CUST0022,VEH0022,CONTR0022,SYNTHETIC,2026-08-24T20:39:00,17,Sunday,Recife,Nordeste,1021,179,85.1,4000,False,256,False,True,False,70.0,,False,False,high,low
CTX1562,CUST0009,VEH0009,CONTR0009,SYNTHETIC,2026-09-24T18:16:00,22,Monday,Florianópolis,Sul,5027,0,167.6,2500,False,404,False,True,False,44.0,,False,False,high,low
CTX1563,CUST0456,VEH0056,CONTR0456,SYNTHETIC,2026-08-31T13:33:00,12,Thursday,São Paulo,Sudeste,1759,41,97.7,2500,False,237,False,False,False,58.0,,False,False,high,low
CTX1564,CUST0368,VEH0068,CONTR0368,SYNTHETIC,2026-09-27T10:44:00,18,Friday,Goiânia,Centro-Oeste,1806,0,120.4,700,True,170,False,True,True,52.0,,False,False,high,high
CTX1565,CUST0348,VEH0048,CONTR0348,SYNTHETIC,2026-09-12T19:19:00,11,Monday,Recife,Nordeste,690,310,69.0,2500,False,464,False,False,True,,54.0,False,False,normal,low
CTX1566,CUST0125,VEH0025,CONTR0125,SYNTHETIC,2026-09-04T12:06:00,15,Sunday,Campinas,Sudeste,957,243,79.8,1000,True,142,False,False,False,27.0,,False,False,normal,low
CTX1567,CUST0129,VEH0029,CONTR0129,SYNTHETIC,2026-09-07T11:22:00,17,Sunday,Salvador,Nordeste,1408,1092,56.3,1500,False,463,False,False,False,68.0,,False,False,normal,low
CTX1568,CUST0149,VEH0049,CONTR0149,SYNTHETIC,2026-08-28T11:18:00,12,Sunday,Belo Horizonte,Sudeste,4309,0,172.4,2500,False,211,False,True,False,44.0,,False,False,high,low
CTX1569,CUST0467,VEH0067,CONTR0467,SYNTHETIC,2026-09-14T15:32:00,22,Friday,Belo Horizonte,Sudeste,1243,0,124.3,1500,False,132,False,False,True,86.0,,False,False,high,medium
CTX1570,CUST0470,VEH0070,CONTR0470,SYNTHETIC,2026-08-29T11:53:00,14,Wednesday,Porto Alegre,Sul,2430,0,135.0,1500,False,0,True,False,False,67.0,,False,False,high,medium
CTX1571,CUST0372,VEH0072,CONTR0372,SYNTHETIC,2026-08-19T07:54:00,15,Tuesday,Campinas,Sudeste,445,555,44.5,700,True,172,False,True,True,63.0,,False,False,low,medium
CTX1572,CUST0105,VEH0005,CONTR0105,SYNTHETIC,2026-09-11T09:25:00,13,Sunday,Brasília,Centro-Oeste,1004,496,66.9,350,True,39,True,True,False,31.0,,False,False,normal,medium
CTX1573,CUST0073,VEH0073,CONTR0073,SYNTHETIC,2026-09-24T07:38:00,12,Tuesday,Curitiba,Sul,516,284,64.5,700,False,15,True,False,True,41.0,,False,False,normal,medium
CTX1574,CUST0304,VEH0004,CONTR0304,SYNTHETIC,2026-09-11T13:02:00,19,Sunday,São Paulo,Sudeste,2591,0,172.7,4000,False,317,False,False,False,41.0,,False,False,high,low
CTX1575,CUST0018,VEH0018,CONTR0018,SYNTHETIC,2026-08-30T19:49:00,22,Monday,Belo Horizonte,Sudeste,1122,78,93.5,350,True,466,False,True,False,50.0,,False,False,high,medium
CTX1576,CUST0006,VEH0006,CONTR0006,SYNTHETIC,2026-09-05T09:35:00,10,Sunday,Fortaleza,Nordeste,1678,0,111.9,350,True,317,False,True,False,65.0,,False,False,high,medium
CTX1577,CUST0306,VEH0006,CONTR0306,SYNTHETIC,2026-09-15T15:52:00,9,Saturday,Fortaleza,Nordeste,2074,0,115.2,350,True,0,True,False,False,39.0,,False,False,high,high
CTX1578,CUST0465,VEH0065,CONTR0465,SYNTHETIC,2026-09-23T07:04:00,15,Friday,Recife,Nordeste,608,192,76.0,1500,True,0,True,False,False,44.0,,False,False,high,high
CTX1579,CUST0037,VEH0037,CONTR0037,SYNTHETIC,2026-09-06T22:30:00,16,Sunday,Belo Horizonte,Sudeste,1739,0,115.9,2500,False,140,False,True,False,62.0,,False,False,high,low
CTX1580,CUST0014,VEH0014,CONTR0014,SYNTHETIC,2026-09-18T22:09:00,8,Tuesday,Belo Horizonte,Sudeste,1887,0,104.8,4000,False,63,True,True,False,63.0,,False,False,high,medium
CTX1581,CUST0232,VEH0032,CONTR0232,SYNTHETIC,2026-09-29T15:08:00,22,Friday,Curitiba,Sul,1062,0,132.8,2500,False,0,True,True,False,56.0,,False,True,high,high
CTX1582,CUST0209,VEH0009,CONTR0209,SYNTHETIC,2026-09-04T19:50:00,7,Friday,Brasília,Centro-Oeste,1355,0,135.5,700,False,143,False,False,False,42.0,,False,False,high,low
CTX1583,CUST0356,VEH0056,CONTR0356,SYNTHETIC,2026-09-29T12:55:00,7,Friday,Florianópolis,Sul,1681,119,93.4,350,True,41,True,True,False,40.0,,False,False,high,high
CTX1584,CUST0454,VEH0054,CONTR0454,SYNTHETIC,2026-09-30T18:09:00,20,Monday,Fortaleza,Nordeste,1062,0,106.2,1500,False,237,False,True,False,94.0,,False,False,high,low
CTX1585,CUST0165,VEH0065,CONTR0165,SYNTHETIC,2026-09-28T19:32:00,11,Thursday,Florianópolis,Sul,2528,472,84.3,4000,False,405,False,True,False,76.0,,False,False,high,low
CTX1586,CUST0293,VEH0093,CONTR0293,SYNTHETIC,2026-09-22T12:33:00,14,Wednesday,Porto Alegre,Sul,1620,0,162.0,1500,False,158,False,False,True,74.0,,False,False,high,medium
CTX1587,CUST0384,VEH0084,CONTR0384,SYNTHETIC,2026-08-29T20:49:00,12,Wednesday,Rio de Janeiro,Sudeste,1015,185,84.6,1500,False,429,False,True,False,66.0,,False,False,high,low
CTX1588,CUST0153,VEH0053,CONTR0153,SYNTHETIC,2026-09-08T09:03:00,9,Saturday,Belo Horizonte,Sudeste,2224,0,148.3,2500,False,492,False,True,False,84.0,,False,True,high,medium
CTX1589,CUST0190,VEH0090,CONTR0190,SYNTHETIC,2026-08-26T08:51:00,15,Wednesday,Rio de Janeiro,Sudeste,1015,0,101.5,4000,False,4,True,False,False,74.0,,False,False,high,medium
CTX1590,CUST0294,VEH0094,CONTR0294,SYNTHETIC,2026-08-24T19:49:00,18,Sunday,Curitiba,Sul,1381,119,92.1,700,True,0,True,True,False,51.0,,False,False,high,high
CTX1591,CUST0400,VEH0100,CONTR0400,SYNTHETIC,2026-08-28T17:37:00,18,Saturday,Florianópolis,Sul,930,0,116.3,114,True,280,False,True,False,63.0,,False,False,high,medium
CTX1592,CUST0488,VEH0088,CONTR0488,SYNTHETIC,2026-08-30T15:36:00,12,Tuesday,Goiânia,Centro-Oeste,1639,361,82.0,1500,False,244,False,True,False,55.0,,False,False,high,low
CTX1593,CUST0456,VEH0056,CONTR0456,SYNTHETIC,2026-09-04T18:36:00,7,Thursday,São Paulo,Sudeste,1759,41,97.7,2500,False,237,False,True,False,58.0,,False,False,high,low
CTX1594,CUST0319,VEH0019,CONTR0319,SYNTHETIC,2026-09-05T06:41:00,20,Tuesday,Campinas,Sudeste,2695,0,107.8,345,True,243,False,True,False,58.0,,False,False,high,medium
CTX1595,CUST0384,VEH0084,CONTR0384,SYNTHETIC,2026-08-20T17:41:00,13,Friday,Rio de Janeiro,Sudeste,1015,185,84.6,1500,False,429,False,True,False,66.0,,False,False,high,low
CTX1596,CUST0071,VEH0071,CONTR0071,SYNTHETIC,2026-09-24T10:57:00,19,Wednesday,Belo Horizonte,Sudeste,2423,77,96.9,4000,False,127,False,False,False,53.0,,False,False,high,low
CTX1597,CUST0016,VEH0016,CONTR0016,SYNTHETIC,2026-09-14T08:50:00,18,Friday,Brasília,Centro-Oeste,560,240,70.0,700,True,0,True,False,True,50.0,,False,False,normal,high
CTX1598,CUST0194,VEH0094,CONTR0194,SYNTHETIC,2026-09-04T09:43:00,10,Sunday,Brasília,Centro-Oeste,3463,0,173.2,4000,False,352,False,False,False,46.0,,False,True,high,medium
CTX1599,CUST0098,VEH0098,CONTR0098,SYNTHETIC,2026-09-14T18:34:00,10,Tuesday,Brasília,Centro-Oeste,1424,0,142.4,1500,False,206,False,True,False,64.0,,False,False,high,low
CTX1600,CUST0301,VEH0001,CONTR0301,SYNTHETIC,2026-09-21T21:48:00,13,Monday,Salvador,Nordeste,2245,755,74.8,1500,False,0,True,False,False,58.0,,False,False,normal,low
CTX1601,CUST0004,VEH0004,CONTR0004,SYNTHETIC,2026-09-07T22:12:00,8,Monday,Porto Alegre,Sul,1003,197,83.6,350,True,416,False,True,False,34.0,,False,True,normal,medium
CTX1602,CUST0343,VEH0043,CONTR0343,SYNTHETIC,2026-08-29T07:39:00,14,Monday,Salvador,Nordeste,1785,0,119.0,1000,True,63,True,True,False,43.0,,False,True,high,high
CTX1603,CUST0151,VEH0051,CONTR0151,SYNTHETIC,2026-08-22T22:12:00,20,Saturday,São Paulo,Sudeste,2828,0,113.1,350,True,0,True,False,False,31.0,,False,False,high,high
CTX1604,CUST0211,VEH0011,CONTR0211,SYNTHETIC,2026-08-31T20:28:00,15,Thursday,Belo Horizonte,Sudeste,2772,228,92.4,1500,False,192,False,True,True,79.0,,False,False,high,medium
CTX1605,CUST0084,VEH0084,CONTR0084,SYNTHETIC,2026-09-05T10:38:00,10,Wednesday,Fortaleza,Nordeste,540,260,67.5,700,False,360,False,False,False,81.0,,False,False,normal,low
CTX1606,CUST0010,VEH0010,CONTR0010,SYNTHETIC,2026-09-07T07:10:00,8,Sunday,Brasília,Centro-Oeste,3151,0,105.0,4000,False,476,False,False,False,38.0,,False,False,high,low
CTX1607,CUST0399,VEH0099,CONTR0399,SYNTHETIC,2026-09-19T12:12:00,20,Tuesday,Florianópolis,Sul,688,112,86.0,1000,True,0,True,True,False,66.0,,False,False,high,high
CTX1608,CUST0046,VEH0046,CONTR0046,SYNTHETIC,2026-09-06T09:29:00,8,Thursday,Belo Horizonte,Sudeste,1518,982,60.7,1500,False,28,True,True,True,17.0,,True,False,normal,high
CTX1609,CUST0006,VEH0006,CONTR0006,SYNTHETIC,2026-09-24T13:48:00,19,Tuesday,Fortaleza,Nordeste,1678,0,111.9,350,True,317,False,True,False,65.0,,False,False,high,medium
CTX1610,CUST0423,VEH0023,CONTR0423,SYNTHETIC,2026-09-07T09:12:00,12,Thursday,Belo Horizonte,Sudeste,1205,0,120.5,1500,False,392,False,False,False,,51.0,False,False,high,low
CTX1611,CUST0039,VEH0039,CONTR0039,SYNTHETIC,2026-08-25T16:03:00,10,Sunday,Belo Horizonte,Sudeste,884,116,88.4,350,True,0,True,False,False,36.0,,False,True,high,high
CTX1612,CUST0203,VEH0003,CONTR0203,SYNTHETIC,2026-09-28T13:28:00,12,Saturday,Porto Alegre,Sul,2753,0,110.1,350,True,230,False,True,False,55.0,,False,False,high,medium
CTX1613,CUST0129,VEH0029,CONTR0129,SYNTHETIC,2026-09-02T21:42:00,22,Tuesday,Salvador,Nordeste,1408,1092,56.3,1500,False,463,False,True,False,68.0,,False,False,normal,low
CTX1614,CUST0469,VEH0069,CONTR0469,SYNTHETIC,2026-08-25T11:06:00,12,Wednesday,Salvador,Nordeste,2109,0,105.5,1500,False,334,False,False,False,42.0,,False,False,high,low
CTX1615,CUST0266,VEH0066,CONTR0266,SYNTHETIC,2026-08-19T20:14:00,19,Sunday,Florianópolis,Sul,721,79,90.1,700,True,420,False,False,False,89.0,,False,False,high,medium
CTX1616,CUST0424,VEH0024,CONTR0424,SYNTHETIC,2026-08-19T16:26:00,6,Wednesday,Porto Alegre,Sul,2288,0,114.4,4000,False,148,False,True,False,53.0,,False,False,high,low
CTX1617,CUST0118,VEH0018,CONTR0118,SYNTHETIC,2026-08-22T19:25:00,9,Thursday,Porto Alegre,Sul,722,278,72.2,4000,False,186,False,False,True,60.0,,False,False,normal,low
CTX1618,CUST0245,VEH0045,CONTR0245,SYNTHETIC,2026-09-22T06:23:00,6,Thursday,Curitiba,Sul,1056,0,132.0,1500,False,0,True,False,False,43.0,,False,False,high,medium
CTX1619,CUST0277,VEH0077,CONTR0277,SYNTHETIC,2026-08-19T11:05:00,18,Saturday,Fortaleza,Nordeste,2131,369,85.2,1500,False,0,True,True,True,,69.0,False,False,high,high
CTX1620,CUST0448,VEH0048,CONTR0448,SYNTHETIC,2026-08-19T14:25:00,10,Saturday,Goiânia,Centro-Oeste,932,0,116.5,350,True,131,False,False,False,,64.0,False,False,high,medium
CTX1621,CUST0038,VEH0038,CONTR0038,SYNTHETIC,2026-08-24T07:35:00,14,Tuesday,Recife,Nordeste,1487,13,99.1,284,True,66,True,False,False,40.0,,False,False,high,high
CTX1622,CUST0221,VEH0021,CONTR0221,SYNTHETIC,2026-09-10T07:38:00,13,Saturday,Recife,Nordeste,2155,345,86.2,350,True,394,False,False,False,,26.0,False,False,high,medium
CTX1623,CUST0431,VEH0031,CONTR0431,SYNTHETIC,2026-09-12T16:54:00,22,Friday,Rio de Janeiro,Sudeste,2026,0,135.1,2500,False,8,True,False,False,26.0,,True,False,high,high
CTX1624,CUST0323,VEH0023,CONTR0323,SYNTHETIC,2026-08-30T20:51:00,7,Saturday,Salvador,Nordeste,873,927,48.5,1500,False,0,True,False,False,,31.0,False,False,normal,low
CTX1625,CUST0336,VEH0036,CONTR0336,SYNTHETIC,2026-09-03T18:30:00,12,Friday,Salvador,Nordeste,4888,0,162.9,4000,False,282,False,False,False,31.0,,False,False,high,low
CTX1626,CUST0394,VEH0094,CONTR0394,SYNTHETIC,2026-08-23T08:46:00,20,Thursday,São Paulo,Sudeste,785,215,78.5,1500,False,85,True,True,False,63.0,,False,False,high,medium
CTX1627,CUST0313,VEH0013,CONTR0313,SYNTHETIC,2026-08-31T10:53:00,10,Wednesday,Curitiba,Sul,1539,0,102.6,350,True,402,False,False,True,91.0,,False,False,high,high
CTX1628,CUST0265,VEH0065,CONTR0265,SYNTHETIC,2026-10-01T18:41:00,11,Saturday,Salvador,Nordeste,634,366,63.4,350,True,168,False,False,False,57.0,,False,False,normal,low
CTX1629,CUST0321,VEH0021,CONTR0321,SYNTHETIC,2026-09-08T18:24:00,16,Saturday,Campinas,Sudeste,749,451,62.4,1000,True,68,False,True,False,,52.0,False,False,normal,low
CTX1630,CUST0234,VEH0034,CONTR0234,SYNTHETIC,2026-09-10T17:17:00,14,Tuesday,Fortaleza,Nordeste,1439,0,119.9,1500,False,469,False,False,False,35.0,,False,False,high,low
CTX1631,CUST0479,VEH0079,CONTR0479,SYNTHETIC,2026-08-23T15:11:00,13,Saturday,Brasília,Centro-Oeste,943,57,94.3,1000,True,332,False,False,False,88.0,,False,False,high,medium
CTX1632,CUST0488,VEH0088,CONTR0488,SYNTHETIC,2026-09-19T09:21:00,18,Tuesday,Goiânia,Centro-Oeste,1639,361,82.0,1500,False,244,False,True,False,55.0,,False,False,normal,low
CTX1633,CUST0134,VEH0034,CONTR0134,SYNTHETIC,2026-09-01T11:58:00,16,Thursday,Brasília,Centro-Oeste,2195,0,109.7,4000,False,343,False,True,False,82.0,,False,False,high,low
CTX1634,CUST0086,VEH0086,CONTR0086,SYNTHETIC,2026-08-19T17:06:00,13,Sunday,Belo Horizonte,Sudeste,1285,215,85.7,350,True,397,False,False,False,52.0,,False,False,high,medium
CTX1635,CUST0482,VEH0082,CONTR0482,SYNTHETIC,2026-08-31T22:16:00,18,Sunday,Goiânia,Centro-Oeste,610,1190,33.9,2500,False,196,False,False,False,36.0,,False,False,low,low
CTX1636,CUST0287,VEH0087,CONTR0287,SYNTHETIC,2026-09-15T13:00:00,12,Wednesday,Recife,Nordeste,1407,0,117.3,350,True,0,True,True,False,60.0,,False,False,high,high
CTX1637,CUST0322,VEH0022,CONTR0322,SYNTHETIC,2026-09-21T07:12:00,22,Sunday,Porto Alegre,Sul,1329,171,88.6,350,True,36,True,False,False,68.0,,False,False,high,high
CTX1638,CUST0361,VEH0061,CONTR0361,SYNTHETIC,2026-09-08T12:25:00,15,Monday,Curitiba,Sul,1920,80,96.0,1500,False,382,False,True,False,57.0,,False,False,high,low
CTX1639,CUST0167,VEH0067,CONTR0167,SYNTHETIC,2026-09-18T11:23:00,12,Sunday,São Paulo,Sudeste,3543,0,141.7,1000,True,377,False,True,False,17.0,,True,False,high,high
CTX1640,CUST0215,VEH0015,CONTR0215,SYNTHETIC,2026-09-11T07:01:00,14,Sunday,Recife,Nordeste,352,848,29.3,350,True,412,False,False,False,64.0,,False,False,low,low
CTX1641,CUST0077,VEH0077,CONTR0077,SYNTHETIC,2026-09-07T22:07:00,22,Thursday,Porto Alegre,Sul,2071,429,82.8,1000,False,418,False,True,False,,40.0,False,False,high,low
CTX1642,CUST0288,VEH0088,CONTR0288,SYNTHETIC,2026-09-16T22:33:00,17,Thursday,Goiânia,Centro-Oeste,1278,222,85.2,4000,False,119,False,True,False,69.0,,False,True,high,medium
CTX1643,CUST0084,VEH0084,CONTR0084,SYNTHETIC,2026-08-25T22:26:00,20,Friday,Fortaleza,Nordeste,540,260,67.5,700,True,360,False,True,False,81.0,,False,True,normal,medium
CTX1644,CUST0227,VEH0027,CONTR0227,SYNTHETIC,2026-09-10T14:34:00,16,Saturday,Campinas,Sudeste,1227,0,122.7,1500,False,0,True,True,False,22.0,,False,False,high,medium
CTX1645,CUST0302,VEH0002,CONTR0302,SYNTHETIC,2026-08-30T10:19:00,9,Monday,Recife,Nordeste,943,557,62.9,1500,True,192,False,True,False,51.0,,False,False,normal,low
CTX1646,CUST0416,VEH0016,CONTR0416,SYNTHETIC,2026-09-29T07:09:00,15,Wednesday,Curitiba,Sul,1495,0,149.5,2500,False,55,True,True,False,68.0,,False,False,high,medium
CTX1647,CUST0328,VEH0028,CONTR0328,SYNTHETIC,2026-09-24T16:55:00,16,Monday,Campinas,Sudeste,949,551,63.3,1000,True,447,False,True,False,46.0,,False,False,normal,low
CTX1648,CUST0107,VEH0007,CONTR0107,SYNTHETIC,2026-08-22T19:35:00,11,Saturday,Salvador,Nordeste,739,461,61.6,2500,False,0,True,True,False,52.0,,False,True,normal,medium
CTX1649,CUST0052,VEH0052,CONTR0052,SYNTHETIC,2026-08-25T21:09:00,21,Sunday,Fortaleza,Nordeste,820,380,68.3,2500,False,0,True,True,False,22.0,,True,False,normal,medium
CTX1650,CUST0354,VEH0054,CONTR0354,SYNTHETIC,2026-09-13T19:09:00,6,Tuesday,Brasília,Centro-Oeste,1360,140,90.7,2500,False,0,True,False,True,59.0,,False,False,high,high
CTX1651,CUST0188,VEH0088,CONTR0188,SYNTHETIC,2026-09-18T11:45:00,9,Saturday,Porto Alegre,Sul,890,110,89.0,1000,True,294,False,True,False,36.0,,False,False,high,medium
CTX1652,CUST0069,VEH0069,CONTR0069,SYNTHETIC,2026-08-21T06:40:00,15,Friday,Campinas,Sudeste,597,903,39.8,1500,False,116,False,False,False,64.0,,False,False,low,low
CTX1653,CUST0048,VEH0048,CONTR0048,SYNTHETIC,2026-08-31T11:13:00,20,Wednesday,Recife,Nordeste,2172,0,120.7,1500,False,391,False,False,False,,94.0,False,False,high,low
CTX1654,CUST0013,VEH0013,CONTR0013,SYNTHETIC,2026-09-20T11:57:00,17,Thursday,Florianópolis,Sul,4459,0,148.6,1500,False,300,False,False,False,25.0,,True,False,high,medium
CTX1655,CUST0238,VEH0038,CONTR0238,SYNTHETIC,2026-09-07T10:55:00,7,Wednesday,Rio de Janeiro,Sudeste,1895,105,94.8,206,True,281,False,False,False,61.0,,False,False,high,medium
CTX1656,CUST0073,VEH0073,CONTR0073,SYNTHETIC,2026-09-25T18:03:00,11,Saturday,Curitiba,Sul,516,284,64.5,700,False,15,True,False,True,41.0,,False,False,normal,medium
CTX1657,CUST0226,VEH0026,CONTR0226,SYNTHETIC,2026-09-19T20:50:00,12,Friday,São Paulo,Sudeste,1035,1465,41.4,2500,False,245,False,False,False,52.0,,False,True,low,low
CTX1658,CUST0336,VEH0036,CONTR0336,SYNTHETIC,2026-08-26T12:47:00,19,Tuesday,Salvador,Nordeste,4888,0,162.9,4000,False,282,False,False,False,31.0,,False,False,high,low
CTX1659,CUST0490,VEH0090,CONTR0490,SYNTHETIC,2026-08-22T15:15:00,10,Tuesday,Brasília,Centro-Oeste,3756,0,150.2,2500,False,0,True,False,True,58.0,,False,False,high,high
CTX1660,CUST0460,VEH0060,CONTR0460,SYNTHETIC,2026-08-28T12:20:00,15,Wednesday,Recife,Nordeste,1054,146,87.8,4000,False,463,False,False,False,39.0,,False,False,high,low
CTX1661,CUST0214,VEH0014,CONTR0214,SYNTHETIC,2026-09-21T18:18:00,13,Monday,Brasília,Centro-Oeste,671,529,55.9,2500,False,336,False,False,False,20.0,,True,False,normal,low
CTX1662,CUST0293,VEH0093,CONTR0293,SYNTHETIC,2026-08-23T09:11:00,20,Friday,Porto Alegre,Sul,1620,0,162.0,1500,False,158,False,False,True,74.0,,False,False,high,medium
CTX1663,CUST0423,VEH0023,CONTR0423,SYNTHETIC,2026-09-28T16:15:00,20,Sunday,Belo Horizonte,Sudeste,1205,0,120.5,1500,True,392,False,True,False,,51.0,False,False,high,medium
CTX1664,CUST0270,VEH0070,CONTR0270,SYNTHETIC,2026-09-11T10:37:00,22,Tuesday,Rio de Janeiro,Sudeste,743,57,92.9,350,True,374,False,False,False,63.0,,False,False,high,medium
CTX1665,CUST0067,VEH0067,CONTR0067,SYNTHETIC,2026-09-28T12:11:00,7,Monday,Fortaleza,Nordeste,467,1333,25.9,1500,False,0,True,True,True,65.0,,False,False,low,medium
CTX1666,CUST0136,VEH0036,CONTR0136,SYNTHETIC,2026-09-03T17:43:00,12,Saturday,Campinas,Sudeste,2433,67,97.3,1000,True,491,False,False,False,76.0,,False,False,high,medium
CTX1667,CUST0379,VEH0079,CONTR0379,SYNTHETIC,2026-09-28T07:12:00,6,Wednesday,Salvador,Nordeste,1126,0,112.6,1000,True,355,False,False,False,68.0,,False,False,high,medium
CTX1668,CUST0155,VEH0055,CONTR0155,SYNTHETIC,2026-09-24T20:04:00,17,Sunday,Salvador,Nordeste,854,146,85.4,1500,False,0,True,False,False,73.0,,False,False,high,medium
CTX1669,CUST0447,VEH0047,CONTR0447,SYNTHETIC,2026-09-21T17:42:00,6,Monday,Campinas,Sudeste,830,170,83.0,700,True,0,True,False,False,17.0,,True,False,high,high
CTX1670,CUST0156,VEH0056,CONTR0156,SYNTHETIC,2026-09-28T12:58:00,6,Friday,Salvador,Nordeste,2249,0,112.5,1000,True,1,True,False,False,26.0,,True,False,high,high
CTX1671,CUST0213,VEH0013,CONTR0213,SYNTHETIC,2026-09-24T10:25:00,7,Saturday,Florianópolis,Sul,1960,0,130.7,4000,False,288,False,True,False,86.0,,False,False,high,low
CTX1672,CUST0078,VEH0078,CONTR0078,SYNTHETIC,2026-08-18T20:26:00,20,Sunday,Campinas,Sudeste,3361,0,112.0,350,True,477,False,False,True,59.0,,False,False,high,high
CTX1673,CUST0339,VEH0039,CONTR0339,SYNTHETIC,2026-09-24T09:24:00,18,Monday,Salvador,Nordeste,633,867,42.2,700,True,424,False,False,False,87.0,,False,False,low,low
CTX1674,CUST0067,VEH0067,CONTR0067,SYNTHETIC,2026-09-10T22:48:00,20,Tuesday,Fortaleza,Nordeste,467,1333,25.9,1500,False,0,True,False,True,65.0,,False,False,low,medium
CTX1675,CUST0102,VEH0002,CONTR0102,SYNTHETIC,2026-09-18T06:42:00,11,Thursday,Goiânia,Centro-Oeste,2952,48,98.4,2500,False,171,False,True,False,19.0,,True,False,high,medium
CTX1676,CUST0334,VEH0034,CONTR0334,SYNTHETIC,2026-09-25T08:18:00,6,Sunday,Goiânia,Centro-Oeste,1676,0,111.7,4000,False,507,False,True,False,53.0,,False,False,high,low
CTX1677,CUST0286,VEH0086,CONTR0286,SYNTHETIC,2026-09-11T10:09:00,15,Thursday,Salvador,Nordeste,804,996,44.7,700,True,474,False,False,True,52.0,,False,False,low,medium
CTX1678,CUST0066,VEH0066,CONTR0066,SYNTHETIC,2026-09-09T18:53:00,8,Sunday,Fortaleza,Nordeste,727,73,90.9,4000,False,0,True,False,False,36.0,,False,False,high,medium
CTX1679,CUST0380,VEH0080,CONTR0380,SYNTHETIC,2026-09-30T09:14:00,20,Monday,Fortaleza,Nordeste,212,588,26.5,4000,False,171,False,False,False,67.0,,False,False,low,low
CTX1680,CUST0073,VEH0073,CONTR0073,SYNTHETIC,2026-09-07T15:48:00,10,Tuesday,Curitiba,Sul,516,284,64.5,700,True,15,True,False,True,41.0,,False,False,normal,high
CTX1681,CUST0434,VEH0034,CONTR0434,SYNTHETIC,2026-09-01T07:27:00,9,Wednesday,Salvador,Nordeste,1082,0,108.2,4000,False,384,False,True,False,16.0,,True,False,high,medium
CTX1682,CUST0315,VEH0015,CONTR0315,SYNTHETIC,2026-08-24T07:28:00,8,Thursday,Belo Horizonte,Sudeste,944,0,118.0,2500,False,488,False,True,False,23.0,,True,False,high,medium
CTX1683,CUST0219,VEH0019,CONTR0219,SYNTHETIC,2026-08-21T09:21:00,16,Wednesday,Recife,Nordeste,1726,0,172.6,103,True,355,False,True,False,77.0,,False,False,high,medium
CTX1684,CUST0488,VEH0088,CONTR0488,SYNTHETIC,2026-09-29T13:03:00,9,Monday,Goiânia,Centro-Oeste,1639,361,82.0,1500,False,244,False,False,False,55.0,,False,False,normal,low
CTX1685,CUST0316,VEH0016,CONTR0316,SYNTHETIC,2026-09-08T19:57:00,15,Friday,Curitiba,Sul,2061,439,82.4,700,True,509,False,False,False,76.0,,False,False,high,medium
CTX1686,CUST0034,VEH0034,CONTR0034,SYNTHETIC,2026-09-16T14:30:00,9,Tuesday,Salvador,Nordeste,2227,0,123.7,4000,False,235,False,False,False,62.0,,False,False,high,low
CTX1687,CUST0429,VEH0029,CONTR0429,SYNTHETIC,2026-09-24T22:07:00,7,Tuesday,Goiânia,Centro-Oeste,704,796,46.9,1500,False,86,True,False,False,43.0,,False,False,normal,low
CTX1688,CUST0014,VEH0014,CONTR0014,SYNTHETIC,2026-09-26T21:10:00,19,Friday,Belo Horizonte,Sudeste,1887,0,104.8,4000,False,63,True,True,False,63.0,,False,False,high,medium
CTX1689,CUST0022,VEH0022,CONTR0022,SYNTHETIC,2026-09-22T06:55:00,9,Wednesday,Recife,Nordeste,1021,179,85.1,4000,False,256,False,False,False,70.0,,False,False,high,low
CTX1690,CUST0361,VEH0061,CONTR0361,SYNTHETIC,2026-09-25T13:03:00,20,Saturday,Curitiba,Sul,1920,80,96.0,1500,False,382,False,False,False,57.0,,False,False,high,low
CTX1691,CUST0118,VEH0018,CONTR0118,SYNTHETIC,2026-09-14T21:19:00,12,Sunday,Porto Alegre,Sul,722,278,72.2,4000,False,186,False,False,True,60.0,,False,False,normal,low
CTX1692,CUST0206,VEH0006,CONTR0206,SYNTHETIC,2026-09-09T22:43:00,17,Thursday,São Paulo,Sudeste,1884,0,125.6,700,True,357,False,False,False,18.0,,True,True,high,high
CTX1693,CUST0219,VEH0019,CONTR0219,SYNTHETIC,2026-10-01T16:12:00,12,Friday,Recife,Nordeste,1726,0,172.6,103,True,355,False,True,False,77.0,,False,True,high,high
CTX1694,CUST0207,VEH0007,CONTR0207,SYNTHETIC,2026-09-22T08:22:00,8,Friday,Brasília,Centro-Oeste,1037,0,129.6,1500,False,447,False,False,False,30.0,,False,False,high,low
CTX1695,CUST0124,VEH0024,CONTR0124,SYNTHETIC,2026-09-06T19:27:00,9,Wednesday,Rio de Janeiro,Sudeste,1061,139,88.4,350,True,38,True,False,False,41.0,,False,True,high,high
CTX1696,CUST0495,VEH0095,CONTR0495,SYNTHETIC,2026-08-25T21:42:00,20,Monday,Recife,Nordeste,1508,0,125.7,346,True,414,False,True,False,59.0,,False,False,high,medium
CTX1697,CUST0468,VEH0068,CONTR0468,SYNTHETIC,2026-08-28T08:52:00,14,Friday,Belo Horizonte,Sudeste,899,0,112.4,1000,True,300,False,False,False,55.0,,False,False,high,medium
CTX1698,CUST0002,VEH0002,CONTR0002,SYNTHETIC,2026-08-23T22:02:00,15,Saturday,Recife,Nordeste,563,237,70.4,700,True,0,True,True,False,74.0,,False,False,normal,medium
CTX1699,CUST0426,VEH0026,CONTR0426,SYNTHETIC,2026-09-02T20:43:00,9,Sunday,Fortaleza,Nordeste,554,446,55.4,1500,True,115,True,True,False,58.0,,False,False,normal,medium
CTX1700,CUST0213,VEH0013,CONTR0213,SYNTHETIC,2026-09-25T10:13:00,21,Wednesday,Florianópolis,Sul,1960,0,130.7,4000,False,288,False,True,False,86.0,,False,False,high,low
CTX1701,CUST0488,VEH0088,CONTR0488,SYNTHETIC,2026-09-20T16:27:00,11,Tuesday,Goiânia,Centro-Oeste,1639,361,82.0,1500,False,244,False,True,False,55.0,,False,False,high,low
CTX1702,CUST0378,VEH0078,CONTR0378,SYNTHETIC,2026-08-17T14:10:00,19,Sunday,Florianópolis,Sul,2433,567,81.1,1000,True,401,False,True,False,26.0,,True,False,normal,medium
CTX1703,CUST0490,VEH0090,CONTR0490,SYNTHETIC,2026-08-28T11:06:00,8,Thursday,Brasília,Centro-Oeste,3756,0,150.2,2500,False,0,True,False,True,58.0,,False,True,high,high
CTX1704,CUST0029,VEH0029,CONTR0029,SYNTHETIC,2026-09-25T08:15:00,17,Saturday,Recife,Nordeste,1835,1165,61.2,350,True,227,False,False,False,25.0,,True,False,normal,medium
CTX1705,CUST0360,VEH0060,CONTR0360,SYNTHETIC,2026-08-28T22:40:00,15,Saturday,Fortaleza,Nordeste,1564,236,86.9,4000,False,0,True,False,True,47.0,,False,False,high,high
CTX1706,CUST0261,VEH0061,CONTR0261,SYNTHETIC,2026-09-24T20:56:00,17,Friday,Goiânia,Centro-Oeste,1755,745,70.2,2500,False,213,False,True,False,42.0,,False,False,normal,low
CTX1707,CUST0263,VEH0063,CONTR0263,SYNTHETIC,2026-08-28T11:03:00,6,Wednesday,Porto Alegre,Sul,2922,0,116.9,350,True,224,False,False,False,50.0,,False,False,high,medium
CTX1708,CUST0277,VEH0077,CONTR0277,SYNTHETIC,2026-09-20T12:24:00,8,Wednesday,Fortaleza,Nordeste,2131,369,85.2,1500,False,0,True,True,True,,69.0,False,False,high,high
CTX1709,CUST0305,VEH0005,CONTR0305,SYNTHETIC,2026-08-25T14:50:00,11,Friday,Salvador,Nordeste,1381,0,138.1,350,True,46,True,False,True,64.0,,False,False,high,high
CTX1710,CUST0344,VEH0044,CONTR0344,SYNTHETIC,2026-08-20T21:42:00,7,Wednesday,Brasília,Centro-Oeste,1276,224,85.1,4000,False,390,False,True,False,23.0,,True,False,high,medium
CTX1711,CUST0023,VEH0023,CONTR0023,SYNTHETIC,2026-08-25T19:07:00,17,Thursday,Goiânia,Centro-Oeste,1973,527,78.9,1500,False,472,False,True,False,,69.0,False,False,high,low
CTX1712,CUST0023,VEH0023,CONTR0023,SYNTHETIC,2026-08-18T13:21:00,18,Wednesday,Goiânia,Centro-Oeste,1973,527,78.9,1500,True,472,False,False,False,,69.0,False,False,normal,low
CTX1713,CUST0055,VEH0055,CONTR0055,SYNTHETIC,2026-08-24T19:44:00,15,Sunday,Salvador,Nordeste,1552,248,86.2,2500,False,299,False,True,False,50.0,,False,False,high,low
CTX1714,CUST0313,VEH0013,CONTR0313,SYNTHETIC,2026-09-30T14:28:00,22,Wednesday,Curitiba,Sul,1539,0,102.6,350,True,402,False,False,True,91.0,,False,False,high,high
CTX1715,CUST0078,VEH0078,CONTR0078,SYNTHETIC,2026-09-22T11:59:00,17,Friday,Campinas,Sudeste,3361,0,112.0,350,True,477,False,True,True,59.0,,False,False,high,high
CTX1716,CUST0390,VEH0090,CONTR0390,SYNTHETIC,2026-08-30T13:17:00,18,Friday,Campinas,Sudeste,579,921,38.6,1500,False,492,False,True,False,45.0,,False,False,low,low
CTX1717,CUST0357,VEH0057,CONTR0357,SYNTHETIC,2026-09-01T10:48:00,22,Thursday,Porto Alegre,Sul,2351,0,117.5,155,True,14,True,True,True,61.0,,False,False,high,high
CTX1718,CUST0309,VEH0009,CONTR0309,SYNTHETIC,2026-09-27T12:53:00,9,Friday,Rio de Janeiro,Sudeste,1390,610,69.5,1500,False,383,False,True,False,76.0,,False,False,normal,low
CTX1719,CUST0459,VEH0059,CONTR0459,SYNTHETIC,2026-09-18T21:46:00,19,Monday,Campinas,Sudeste,4935,0,164.5,4000,False,184,False,True,False,51.0,,False,False,high,low
CTX1720,CUST0175,VEH0075,CONTR0175,SYNTHETIC,2026-09-06T16:49:00,6,Tuesday,Porto Alegre,Sul,839,961,46.6,1000,True,130,False,False,False,,71.0,False,False,normal,low
CTX1721,CUST0185,VEH0085,CONTR0185,SYNTHETIC,2026-09-04T16:41:00,7,Sunday,Recife,Nordeste,1457,0,121.4,1500,False,517,False,False,False,52.0,,False,False,high,low
CTX1722,CUST0099,VEH0099,CONTR0099,SYNTHETIC,2026-09-01T21:57:00,8,Sunday,Salvador,Nordeste,915,85,91.5,700,True,188,False,False,False,61.0,,False,False,high,medium
CTX1723,CUST0265,VEH0065,CONTR0265,SYNTHETIC,2026-08-22T07:34:00,6,Sunday,Salvador,Nordeste,634,366,63.4,350,True,168,False,False,False,57.0,,False,False,normal,low
CTX1724,CUST0206,VEH0006,CONTR0206,SYNTHETIC,2026-09-05T22:54:00,9,Sunday,São Paulo,Sudeste,1884,0,125.6,700,True,357,False,False,False,18.0,,True,False,high,high
CTX1725,CUST0116,VEH0016,CONTR0116,SYNTHETIC,2026-08-28T19:39:00,13,Saturday,Belo Horizonte,Sudeste,1946,554,77.8,700,True,73,True,False,False,31.0,,False,False,normal,medium
CTX1726,CUST0500,VEH0100,CONTR0500,SYNTHETIC,2026-09-12T08:20:00,16,Friday,São Paulo,Sudeste,1984,0,110.2,286,True,340,False,True,False,88.0,,False,False,high,medium
CTX1727,CUST0134,VEH0034,CONTR0134,SYNTHETIC,2026-08-24T11:03:00,21,Wednesday,Brasília,Centro-Oeste,2195,0,109.7,4000,False,343,False,True,False,82.0,,False,False,high,low
CTX1728,CUST0127,VEH0027,CONTR0127,SYNTHETIC,2026-09-04T07:14:00,18,Tuesday,Florianópolis,Sul,2957,43,98.6,350,True,66,False,False,False,38.0,,False,False,high,medium
CTX1729,CUST0216,VEH0016,CONTR0216,SYNTHETIC,2026-08-25T14:20:00,17,Friday,Brasília,Centro-Oeste,1472,328,81.8,700,True,74,True,True,False,56.0,,False,False,high,high
CTX1730,CUST0029,VEH0029,CONTR0029,SYNTHETIC,2026-08-26T15:51:00,10,Wednesday,Recife,Nordeste,1835,1165,61.2,350,True,227,False,False,False,25.0,,False,True,normal,medium
CTX1731,CUST0272,VEH0072,CONTR0272,SYNTHETIC,2026-08-19T14:50:00,19,Thursday,Salvador,Nordeste,1369,0,114.1,350,True,223,False,False,False,78.0,,False,False,high,medium
CTX1732,CUST0255,VEH0055,CONTR0255,SYNTHETIC,2026-09-12T16:27:00,17,Thursday,Florianópolis,Sul,936,64,93.6,1500,True,409,False,True,False,67.0,,False,False,high,medium
CTX1733,CUST0388,VEH0088,CONTR0388,SYNTHETIC,2026-09-11T13:12:00,22,Sunday,Salvador,Nordeste,2604,396,86.8,1000,True,220,False,False,False,52.0,,False,False,high,medium
CTX1734,CUST0312,VEH0012,CONTR0312,SYNTHETIC,2026-09-06T18:50:00,10,Sunday,Belo Horizonte,Sudeste,2913,0,145.6,1500,False,291,False,True,True,45.0,,False,False,high,medium
CTX1735,CUST0325,VEH0025,CONTR0325,SYNTHETIC,2026-08-22T16:38:00,17,Tuesday,Fortaleza,Nordeste,778,222,77.8,4000,False,431,False,True,False,55.0,,False,False,normal,low
CTX1736,CUST0474,VEH0074,CONTR0474,SYNTHETIC,2026-09-22T15:11:00,20,Thursday,Fortaleza,Nordeste,945,0,118.1,1000,False,461,False,True,False,45.0,,False,False,high,low
CTX1737,CUST0494,VEH0094,CONTR0494,SYNTHETIC,2026-08-23T08:24:00,6,Monday,Florianópolis,Sul,673,127,84.1,4000,False,182,False,False,False,18.0,,True,False,normal,low
CTX1738,CUST0041,VEH0041,CONTR0041,SYNTHETIC,2026-08-30T14:34:00,22,Saturday,Brasília,Centro-Oeste,2470,0,123.5,4000,False,223,False,False,False,46.0,,False,False,high,low
CTX1739,CUST0199,VEH0099,CONTR0199,SYNTHETIC,2026-09-06T21:45:00,21,Friday,São Paulo,Sudeste,1579,221,87.7,1500,False,239,False,False,False,47.0,,False,False,high,low
CTX1740,CUST0066,VEH0066,CONTR0066,SYNTHETIC,2026-09-03T06:59:00,14,Thursday,Fortaleza,Nordeste,727,73,90.9,4000,False,0,True,False,False,36.0,,False,False,high,medium
CTX1741,CUST0070,VEH0070,CONTR0070,SYNTHETIC,2026-09-24T11:03:00,12,Friday,Campinas,Sudeste,824,376,68.7,350,True,390,False,True,False,84.0,,False,False,normal,low
CTX1742,CUST0129,VEH0029,CONTR0129,SYNTHETIC,2026-08-25T18:55:00,7,Thursday,Salvador,Nordeste,1408,1092,56.3,1500,False,463,False,True,False,68.0,,False,False,normal,low
CTX1743,CUST0284,VEH0084,CONTR0284,SYNTHETIC,2026-09-20T15:08:00,9,Saturday,Salvador,Nordeste,3486,0,116.2,4000,False,110,False,False,False,89.0,,False,False,high,low
CTX1744,CUST0286,VEH0086,CONTR0286,SYNTHETIC,2026-09-14T07:02:00,19,Wednesday,Salvador,Nordeste,804,996,44.7,700,True,474,False,False,True,52.0,,False,False,low,medium
CTX1745,CUST0157,VEH0057,CONTR0157,SYNTHETIC,2026-09-27T09:08:00,12,Tuesday,Rio de Janeiro,Sudeste,1776,724,71.0,188,True,498,False,False,False,35.0,,False,False,normal,low
CTX1746,CUST0479,VEH0079,CONTR0479,SYNTHETIC,2026-09-26T20:28:00,18,Sunday,Brasília,Centro-Oeste,943,57,94.3,1000,True,332,False,False,False,88.0,,False,False,high,medium
CTX1747,CUST0106,VEH0006,CONTR0106,SYNTHETIC,2026-08-31T11:01:00,12,Sunday,Salvador,Nordeste,2300,0,115.0,4000,False,321,False,False,False,56.0,,False,False,high,low
CTX1748,CUST0427,VEH0027,CONTR0427,SYNTHETIC,2026-10-01T07:51:00,8,Friday,Curitiba,Sul,1014,186,84.5,1000,True,518,False,True,False,48.0,,False,False,normal,low
CTX1749,CUST0402,VEH0002,CONTR0402,SYNTHETIC,2026-09-29T18:38:00,13,Wednesday,Florianópolis,Sul,682,518,56.8,1500,True,484,False,False,True,80.0,,False,False,normal,medium
CTX1750,CUST0369,VEH0069,CONTR0369,SYNTHETIC,2026-10-01T07:54:00,9,Friday,Florianópolis,Sul,796,2204,26.5,4000,False,0,True,False,False,42.0,,False,False,low,low
CTX1751,CUST0036,VEH0036,CONTR0036,SYNTHETIC,2026-09-04T17:11:00,14,Wednesday,Rio de Janeiro,Sudeste,2042,0,136.1,350,True,280,False,False,False,25.0,,True,False,high,high
CTX1752,CUST0131,VEH0031,CONTR0131,SYNTHETIC,2026-08-28T17:44:00,8,Thursday,Salvador,Nordeste,1750,0,116.7,2500,False,0,True,False,False,66.0,,False,True,high,high
CTX1753,CUST0309,VEH0009,CONTR0309,SYNTHETIC,2026-08-20T16:15:00,9,Tuesday,Rio de Janeiro,Sudeste,1390,610,69.5,1500,False,383,False,False,False,76.0,,False,False,normal,low
CTX1754,CUST0275,VEH0075,CONTR0275,SYNTHETIC,2026-08-26T19:37:00,22,Friday,Florianópolis,Sul,2019,0,134.6,700,True,409,False,False,False,,55.0,False,False,high,medium
CTX1755,CUST0398,VEH0098,CONTR0398,SYNTHETIC,2026-08-25T10:53:00,21,Monday,Recife,Nordeste,1920,580,76.8,4000,False,0,True,True,False,30.0,,False,False,normal,low
CTX1756,CUST0141,VEH0041,CONTR0141,SYNTHETIC,2026-09-26T18:45:00,14,Tuesday,Campinas,Sudeste,1077,1423,43.1,2500,False,57,True,True,False,43.0,,False,False,low,low
CTX1757,CUST0138,VEH0038,CONTR0138,SYNTHETIC,2026-09-16T09:09:00,9,Saturday,Brasília,Centro-Oeste,656,144,82.0,249,True,287,False,False,False,82.0,,False,False,high,medium
CTX1758,CUST0338,VEH0038,CONTR0338,SYNTHETIC,2026-09-20T22:55:00,22,Monday,Goiânia,Centro-Oeste,619,381,61.9,221,True,282,False,False,False,93.0,,False,False,normal,low
CTX1759,CUST0365,VEH0065,CONTR0365,SYNTHETIC,2026-09-20T13:11:00,6,Monday,Fortaleza,Nordeste,2139,0,106.9,700,True,7,True,True,False,82.0,,False,True,high,high
CTX1760,CUST0033,VEH0033,CONTR0033,SYNTHETIC,2026-08-30T21:45:00,18,Monday,Fortaleza,Nordeste,1537,263,85.4,2500,False,476,False,False,False,52.0,,False,False,high,low
CTX1761,CUST0006,VEH0006,CONTR0006,SYNTHETIC,2026-09-28T13:57:00,15,Wednesday,Fortaleza,Nordeste,1678,0,111.9,350,True,317,False,True,False,65.0,,False,False,high,medium
CTX1762,CUST0333,VEH0033,CONTR0333,SYNTHETIC,2026-09-01T14:26:00,10,Tuesday,Fortaleza,Nordeste,1117,83,93.1,1000,True,202,False,True,False,79.0,,False,False,high,medium
CTX1763,CUST0162,VEH0062,CONTR0162,SYNTHETIC,2026-09-19T06:29:00,18,Tuesday,Goiânia,Centro-Oeste,533,267,66.6,350,True,0,True,True,False,75.0,,False,False,normal,medium
CTX1764,CUST0002,VEH0002,CONTR0002,SYNTHETIC,2026-09-27T16:01:00,7,Thursday,Recife,Nordeste,563,237,70.4,700,True,0,True,False,False,74.0,,False,False,normal,medium
CTX1765,CUST0222,VEH0022,CONTR0222,SYNTHETIC,2026-09-06T17:19:00,8,Saturday,Florianópolis,Sul,1699,101,94.4,1500,True,0,True,False,False,81.0,,False,True,high,high
CTX1766,CUST0047,VEH0047,CONTR0047,SYNTHETIC,2026-08-23T14:49:00,21,Monday,Florianópolis,Sul,1160,40,96.7,1500,False,141,False,True,False,94.0,,False,False,high,low
CTX1767,CUST0268,VEH0068,CONTR0268,SYNTHETIC,2026-08-27T10:24:00,18,Tuesday,Curitiba,Sul,1708,0,113.9,4000,False,182,False,True,False,86.0,,False,False,high,low
CTX1768,CUST0199,VEH0099,CONTR0199,SYNTHETIC,2026-08-22T09:30:00,22,Saturday,São Paulo,Sudeste,1579,221,87.7,1500,True,239,False,False,False,47.0,,False,False,high,medium
CTX1769,CUST0339,VEH0039,CONTR0339,SYNTHETIC,2026-09-04T11:23:00,20,Sunday,Salvador,Nordeste,633,867,42.2,700,True,424,False,False,False,87.0,,False,True,low,medium
CTX1770,CUST0040,VEH0040,CONTR0040,SYNTHETIC,2026-09-26T10:27:00,17,Thursday,Curitiba,Sul,982,1018,49.1,2500,False,19,True,True,False,69.0,,False,False,normal,low
CTX1771,CUST0435,VEH0035,CONTR0435,SYNTHETIC,2026-10-01T17:59:00,10,Monday,Brasília,Centro-Oeste,1813,0,100.7,1000,True,47,True,False,False,91.0,,False,False,high,high
CTX1772,CUST0402,VEH0002,CONTR0402,SYNTHETIC,2026-09-02T21:29:00,15,Saturday,Florianópolis,Sul,682,518,56.8,1500,True,484,False,False,True,80.0,,False,False,normal,medium
CTX1773,CUST0047,VEH0047,CONTR0047,SYNTHETIC,2026-09-25T10:17:00,8,Friday,Florianópolis,Sul,1160,40,96.7,1500,False,141,False,False,False,94.0,,False,False,high,low
CTX1774,CUST0365,VEH0065,CONTR0365,SYNTHETIC,2026-09-01T16:32:00,8,Thursday,Fortaleza,Nordeste,2139,0,106.9,700,True,7,True,True,False,82.0,,False,False,high,high
CTX1775,CUST0028,VEH0028,CONTR0028,SYNTHETIC,2026-08-27T17:43:00,15,Wednesday,Curitiba,Sul,2443,557,81.4,1500,False,62,True,True,False,84.0,,False,False,normal,low
CTX1776,CUST0249,VEH0049,CONTR0249,SYNTHETIC,2026-09-22T10:54:00,17,Thursday,Florianópolis,Sul,1865,0,124.3,4000,False,0,True,False,False,40.0,,False,False,high,medium
CTX1777,CUST0426,VEH0026,CONTR0426,SYNTHETIC,2026-09-17T16:26:00,14,Monday,Fortaleza,Nordeste,554,446,55.4,1500,False,115,False,False,False,58.0,,False,True,normal,low
CTX1778,CUST0236,VEH0036,CONTR0236,SYNTHETIC,2026-09-20T22:10:00,16,Saturday,Campinas,Sudeste,818,182,81.8,350,True,18,True,False,False,23.0,,True,False,high,high
CTX1779,CUST0454,VEH0054,CONTR0454,SYNTHETIC,2026-08-29T11:10:00,14,Saturday,Fortaleza,Nordeste,1062,0,106.2,1500,False,237,False,False,False,94.0,,False,False,high,low
CTX1780,CUST0232,VEH0032,CONTR0232,SYNTHETIC,2026-08-28T17:00:00,21,Monday,Curitiba,Sul,1062,0,132.8,2500,False,0,True,False,False,56.0,,False,True,high,high
CTX1781,CUST0031,VEH0031,CONTR0031,SYNTHETIC,2026-10-01T11:54:00,20,Sunday,Brasília,Centro-Oeste,3253,0,162.7,700,True,50,True,True,True,22.0,,False,False,high,high
CTX1782,CUST0056,VEH0056,CONTR0056,SYNTHETIC,2026-09-08T13:52:00,20,Monday,Porto Alegre,Sul,995,505,66.3,4000,False,510,False,False,True,79.0,,False,False,normal,low
CTX1783,CUST0421,VEH0021,CONTR0421,SYNTHETIC,2026-08-25T16:43:00,6,Monday,Rio de Janeiro,Sudeste,525,475,52.5,1000,True,0,True,False,False,,32.0,False,False,normal,medium
CTX1784,CUST0490,VEH0090,CONTR0490,SYNTHETIC,2026-08-17T16:44:00,15,Tuesday,Brasília,Centro-Oeste,3756,0,150.2,2500,False,0,True,True,True,58.0,,False,False,high,high
CTX1785,CUST0416,VEH0016,CONTR0416,SYNTHETIC,2026-09-05T17:08:00,14,Wednesday,Curitiba,Sul,1495,0,149.5,2500,False,55,True,False,False,68.0,,False,False,high,medium
CTX1786,CUST0490,VEH0090,CONTR0490,SYNTHETIC,2026-08-30T10:30:00,12,Sunday,Brasília,Centro-Oeste,3756,0,150.2,2500,False,0,True,False,True,58.0,,False,False,high,high
CTX1787,CUST0160,VEH0060,CONTR0160,SYNTHETIC,2026-09-09T18:14:00,11,Monday,Goiânia,Centro-Oeste,1694,306,84.7,1500,False,506,False,True,False,71.0,,False,False,high,low
CTX1788,CUST0240,VEH0040,CONTR0240,SYNTHETIC,2026-09-16T16:55:00,10,Thursday,Rio de Janeiro,Sudeste,983,217,81.9,350,True,0,True,False,False,35.0,,False,False,high,high
CTX1789,CUST0272,VEH0072,CONTR0272,SYNTHETIC,2026-09-03T12:37:00,13,Saturday,Salvador,Nordeste,1369,0,114.1,350,True,223,False,False,False,78.0,,False,False,high,medium
CTX1790,CUST0129,VEH0029,CONTR0129,SYNTHETIC,2026-09-17T18:58:00,15,Thursday,Salvador,Nordeste,1408,1092,56.3,1500,False,463,False,True,False,68.0,,False,False,normal,low
CTX1791,CUST0469,VEH0069,CONTR0469,SYNTHETIC,2026-09-03T14:45:00,7,Thursday,Salvador,Nordeste,2109,0,105.5,1500,False,334,False,False,False,42.0,,False,False,high,low
CTX1792,CUST0185,VEH0085,CONTR0185,SYNTHETIC,2026-09-21T12:36:00,11,Saturday,Recife,Nordeste,1457,0,121.4,1500,True,517,False,False,False,52.0,,False,False,high,medium
CTX1793,CUST0423,VEH0023,CONTR0423,SYNTHETIC,2026-09-11T09:02:00,21,Saturday,Belo Horizonte,Sudeste,1205,0,120.5,1500,False,392,False,False,False,,51.0,False,False,high,low
CTX1794,CUST0359,VEH0059,CONTR0359,SYNTHETIC,2026-09-17T09:05:00,9,Thursday,Belo Horizonte,Sudeste,1843,0,102.4,2500,False,0,True,True,True,45.0,,False,False,high,high
CTX1795,CUST0399,VEH0099,CONTR0399,SYNTHETIC,2026-09-03T18:03:00,11,Tuesday,Florianópolis,Sul,688,112,86.0,1000,True,0,True,True,False,66.0,,False,False,high,high
CTX1796,CUST0325,VEH0025,CONTR0325,SYNTHETIC,2026-09-14T08:43:00,11,Monday,Fortaleza,Nordeste,778,222,77.8,4000,False,431,False,False,False,55.0,,False,False,normal,low
CTX1797,CUST0458,VEH0058,CONTR0458,SYNTHETIC,2026-08-26T17:55:00,7,Monday,Brasília,Centro-Oeste,1116,384,74.4,350,True,166,False,True,False,25.0,,False,False,normal,low
CTX1798,CUST0081,VEH0081,CONTR0081,SYNTHETIC,2026-09-20T17:51:00,14,Thursday,Belo Horizonte,Sudeste,1997,503,79.9,700,True,0,True,True,True,35.0,,False,False,normal,high
CTX1799,CUST0325,VEH0025,CONTR0325,SYNTHETIC,2026-09-25T20:45:00,12,Sunday,Fortaleza,Nordeste,778,222,77.8,4000,False,431,False,False,False,55.0,,False,True,high,medium
CTX1800,CUST0067,VEH0067,CONTR0067,SYNTHETIC,2026-09-08T06:58:00,13,Saturday,Fortaleza,Nordeste,467,1333,25.9,1500,True,0,True,False,True,65.0,,False,False,low,high
CTX1801,CUST0385,VEH0085,CONTR0385,SYNTHETIC,2026-09-18T15:49:00,6,Tuesday,Brasília,Centro-Oeste,1067,0,106.7,1000,False,90,False,False,False,63.0,,False,False,high,low
CTX1802,CUST0354,VEH0054,CONTR0354,SYNTHETIC,2026-09-18T19:02:00,22,Friday,Brasília,Centro-Oeste,1360,140,90.7,2500,False,0,True,True,True,59.0,,False,False,high,high
CTX1803,CUST0358,VEH0058,CONTR0358,SYNTHETIC,2026-09-25T13:41:00,16,Friday,Porto Alegre,Sul,2239,761,74.6,350,True,0,True,False,False,49.0,,False,False,normal,medium
CTX1804,CUST0316,VEH0016,CONTR0316,SYNTHETIC,2026-09-08T16:09:00,7,Wednesday,Curitiba,Sul,2061,439,82.4,700,True,509,False,True,False,76.0,,False,False,normal,low
CTX1805,CUST0199,VEH0099,CONTR0199,SYNTHETIC,2026-08-26T06:41:00,6,Thursday,São Paulo,Sudeste,1579,221,87.7,1500,False,239,False,False,False,47.0,,False,False,high,low
CTX1806,CUST0293,VEH0093,CONTR0293,SYNTHETIC,2026-09-01T14:02:00,13,Thursday,Porto Alegre,Sul,1620,0,162.0,1500,True,158,False,False,True,74.0,,False,False,high,high
CTX1807,CUST0257,VEH0057,CONTR0257,SYNTHETIC,2026-09-19T15:19:00,17,Sunday,Brasília,Centro-Oeste,1355,445,75.3,174,True,487,False,True,False,90.0,,False,False,normal,low
CTX1808,CUST0116,VEH0016,CONTR0116,SYNTHETIC,2026-09-21T16:20:00,6,Tuesday,Belo Horizonte,Sudeste,1946,554,77.8,700,False,73,True,False,False,31.0,,False,False,high,medium
CTX1809,CUST0083,VEH0083,CONTR0083,SYNTHETIC,2026-09-15T10:57:00,18,Tuesday,Salvador,Nordeste,2628,0,105.1,350,True,208,False,True,False,34.0,,False,False,high,medium
CTX1810,CUST0147,VEH0047,CONTR0147,SYNTHETIC,2026-08-20T10:14:00,13,Wednesday,São Paulo,Sudeste,3372,0,134.9,1500,False,22,True,False,False,26.0,,False,False,high,medium
CTX1811,CUST0170,VEH0070,CONTR0170,SYNTHETIC,2026-08-21T19:53:00,7,Wednesday,Goiânia,Centro-Oeste,1031,169,85.9,1500,False,0,True,False,False,29.0,,True,False,high,high
CTX1812,CUST0126,VEH0026,CONTR0126,SYNTHETIC,2026-09-24T08:24:00,18,Thursday,Fortaleza,Nordeste,1707,93,94.8,1500,False,494,False,True,True,68.0,,False,False,high,medium
CTX1813,CUST0113,VEH0013,CONTR0113,SYNTHETIC,2026-09-02T16:48:00,20,Wednesday,Brasília,Centro-Oeste,1905,1095,63.5,700,True,0,True,True,True,83.0,,False,False,normal,high
CTX1814,CUST0439,VEH0039,CONTR0439,SYNTHETIC,2026-09-12T11:25:00,7,Tuesday,Curitiba,Sul,1446,354,80.3,1000,True,239,False,False,False,49.0,,False,False,high,medium
CTX1815,CUST0489,VEH0089,CONTR0489,SYNTHETIC,2026-09-08T17:33:00,11,Monday,Brasília,Centro-Oeste,991,809,55.1,1000,True,23,True,True,False,21.0,,False,False,normal,medium
CTX1816,CUST0131,VEH0031,CONTR0131,SYNTHETIC,2026-09-03T09:05:00,17,Sunday,Salvador,Nordeste,1750,0,116.7,2500,False,0,True,True,False,66.0,,False,False,high,medium
CTX1817,CUST0083,VEH0083,CONTR0083,SYNTHETIC,2026-09-21T09:41:00,11,Monday,Salvador,Nordeste,2628,0,105.1,350,True,208,False,False,False,34.0,,False,False,high,medium
CTX1818,CUST0181,VEH0081,CONTR0181,SYNTHETIC,2026-09-25T19:06:00,9,Friday,Fortaleza,Nordeste,1389,0,115.8,4000,False,482,False,True,True,55.0,,False,True,high,high
CTX1819,CUST0224,VEH0024,CONTR0224,SYNTHETIC,2026-08-25T16:36:00,20,Saturday,Rio de Janeiro,Sudeste,1914,0,106.3,350,True,418,False,True,False,78.0,,False,False,high,medium
CTX1820,CUST0499,VEH0099,CONTR0499,SYNTHETIC,2026-09-28T16:58:00,13,Thursday,Florianópolis,Sul,2726,274,90.9,350,True,394,False,True,False,28.0,,False,False,high,medium
CTX1821,CUST0274,VEH0074,CONTR0274,SYNTHETIC,2026-08-25T21:57:00,11,Sunday,Rio de Janeiro,Sudeste,1813,687,72.5,4000,False,330,False,False,False,76.0,,False,False,normal,low
CTX1822,CUST0261,VEH0061,CONTR0261,SYNTHETIC,2026-09-23T11:46:00,21,Tuesday,Goiânia,Centro-Oeste,1755,745,70.2,2500,False,213,False,False,False,42.0,,False,False,normal,low
CTX1823,CUST0001,VEH0001,CONTR0001,SYNTHETIC,2026-09-17T10:42:00,10,Monday,Salvador,Nordeste,995,505,66.3,350,True,487,False,True,False,79.0,,False,False,normal,low
CTX1824,CUST0130,VEH0030,CONTR0130,SYNTHETIC,2026-09-23T22:47:00,9,Monday,São Paulo,Sudeste,1486,0,123.8,350,True,28,True,False,False,77.0,,False,False,high,high
CTX1825,CUST0216,VEH0016,CONTR0216,SYNTHETIC,2026-08-22T06:08:00,7,Saturday,Brasília,Centro-Oeste,1472,328,81.8,700,True,74,True,True,False,56.0,,False,True,normal,high
CTX1826,CUST0107,VEH0007,CONTR0107,SYNTHETIC,2026-09-03T21:22:00,10,Saturday,Salvador,Nordeste,739,461,61.6,2500,False,0,True,True,False,52.0,,False,False,normal,low
CTX1827,CUST0449,VEH0049,CONTR0449,SYNTHETIC,2026-09-23T22:05:00,19,Wednesday,Rio de Janeiro,Sudeste,477,523,47.7,1500,False,0,True,False,False,45.0,,False,False,normal,low
CTX1828,CUST0454,VEH0054,CONTR0454,SYNTHETIC,2026-09-28T17:45:00,13,Sunday,Fortaleza,Nordeste,1062,0,106.2,1500,False,237,False,False,False,94.0,,False,False,high,low
CTX1829,CUST0226,VEH0026,CONTR0226,SYNTHETIC,2026-08-28T13:08:00,8,Saturday,São Paulo,Sudeste,1035,1465,41.4,2500,False,245,False,True,False,52.0,,False,False,low,low
CTX1830,CUST0012,VEH0012,CONTR0012,SYNTHETIC,2026-09-27T21:19:00,18,Sunday,Porto Alegre,Sul,749,51,93.6,1500,False,49,True,False,False,51.0,,False,False,high,medium
CTX1831,CUST0312,VEH0012,CONTR0312,SYNTHETIC,2026-09-16T14:04:00,18,Thursday,Belo Horizonte,Sudeste,2913,0,145.6,1500,False,291,False,True,True,45.0,,False,False,high,medium
CTX1832,CUST0084,VEH0084,CONTR0084,SYNTHETIC,2026-10-01T22:03:00,17,Thursday,Fortaleza,Nordeste,540,260,67.5,700,True,360,False,False,False,81.0,,False,False,normal,low
CTX1833,CUST0286,VEH0086,CONTR0286,SYNTHETIC,2026-09-29T18:14:00,18,Tuesday,Salvador,Nordeste,804,996,44.7,700,True,474,False,False,True,52.0,,False,False,low,medium
CTX1834,CUST0044,VEH0044,CONTR0044,SYNTHETIC,2026-09-15T15:41:00,7,Thursday,Goiânia,Centro-Oeste,748,52,93.5,2500,False,464,False,True,False,46.0,,False,False,high,low
CTX1835,CUST0495,VEH0095,CONTR0495,SYNTHETIC,2026-08-17T13:36:00,19,Wednesday,Recife,Nordeste,1508,0,125.7,346,True,414,False,False,False,59.0,,False,False,high,medium
CTX1836,CUST0005,VEH0005,CONTR0005,SYNTHETIC,2026-09-21T18:08:00,19,Sunday,Fortaleza,Nordeste,812,1188,40.6,1500,False,478,False,True,False,85.0,,False,False,low,low
CTX1837,CUST0061,VEH0061,CONTR0061,SYNTHETIC,2026-09-23T16:41:00,16,Wednesday,Fortaleza,Nordeste,1184,0,148.0,1000,False,0,True,False,False,74.0,,False,False,high,medium
CTX1838,CUST0345,VEH0045,CONTR0345,SYNTHETIC,2026-08-24T09:47:00,19,Tuesday,Rio de Janeiro,Sudeste,802,198,80.2,4000,False,0,True,False,False,37.0,,False,False,high,medium
CTX1839,CUST0328,VEH0028,CONTR0328,SYNTHETIC,2026-08-19T18:16:00,13,Tuesday,Campinas,Sudeste,949,551,63.3,1000,True,447,False,False,False,46.0,,False,False,normal,low
CTX1840,CUST0287,VEH0087,CONTR0287,SYNTHETIC,2026-09-02T11:56:00,17,Saturday,Recife,Nordeste,1407,0,117.3,350,True,0,True,False,False,60.0,,False,False,high,high
CTX1841,CUST0030,VEH0030,CONTR0030,SYNTHETIC,2026-09-29T13:04:00,8,Saturday,Salvador,Nordeste,877,323,73.1,1500,False,172,False,False,False,89.0,,False,False,normal,low
CTX1842,CUST0428,VEH0028,CONTR0428,SYNTHETIC,2026-09-14T17:55:00,20,Sunday,Brasília,Centro-Oeste,4075,0,163.0,700,True,163,False,False,False,43.0,,False,True,high,high
CTX1843,CUST0373,VEH0073,CONTR0373,SYNTHETIC,2026-08-25T14:46:00,16,Tuesday,Rio de Janeiro,Sudeste,862,138,86.2,1500,True,187,False,False,False,41.0,,False,False,high,medium
CTX1844,CUST0185,VEH0085,CONTR0185,SYNTHETIC,2026-09-06T18:59:00,22,Thursday,Recife,Nordeste,1457,0,121.4,1500,False,517,False,False,False,52.0,,False,False,high,low
CTX1845,CUST0493,VEH0093,CONTR0493,SYNTHETIC,2026-09-13T17:01:00,6,Friday,Campinas,Sudeste,1009,491,67.3,1000,False,227,False,True,False,77.0,,False,False,normal,low
CTX1846,CUST0171,VEH0071,CONTR0171,SYNTHETIC,2026-09-22T16:50:00,17,Friday,Rio de Janeiro,Sudeste,1068,0,106.8,700,True,147,False,True,False,31.0,,False,False,high,medium
CTX1847,CUST0196,VEH0096,CONTR0196,SYNTHETIC,2026-10-01T20:55:00,14,Tuesday,São Paulo,Sudeste,675,125,84.4,700,True,0,True,False,False,67.0,,False,False,high,high
CTX1848,CUST0123,VEH0023,CONTR0123,SYNTHETIC,2026-09-13T07:42:00,14,Saturday,São Paulo,Sudeste,3191,0,177.3,700,True,196,False,True,False,,37.0,False,False,high,medium
CTX1849,CUST0279,VEH0079,CONTR0279,SYNTHETIC,2026-09-11T15:13:00,7,Thursday,Brasília,Centro-Oeste,2078,922,69.3,1500,False,152,False,True,False,30.0,,False,False,normal,low
CTX1850,CUST0291,VEH0091,CONTR0291,SYNTHETIC,2026-09-30T06:34:00,9,Thursday,São Paulo,Sudeste,1801,0,150.1,4000,False,0,True,False,False,70.0,,False,False,high,medium
CTX1851,CUST0482,VEH0082,CONTR0482,SYNTHETIC,2026-09-03T08:58:00,14,Wednesday,Goiânia,Centro-Oeste,610,1190,33.9,2500,False,196,False,False,False,36.0,,False,True,low,low
CTX1852,CUST0081,VEH0081,CONTR0081,SYNTHETIC,2026-08-30T20:16:00,14,Sunday,Belo Horizonte,Sudeste,1997,503,79.9,700,True,0,True,False,True,35.0,,False,False,normal,high
CTX1853,CUST0349,VEH0049,CONTR0349,SYNTHETIC,2026-08-21T06:44:00,22,Thursday,Brasília,Centro-Oeste,2702,298,90.1,350,True,396,False,False,False,77.0,,False,False,high,medium
CTX1854,CUST0408,VEH0008,CONTR0408,SYNTHETIC,2026-09-23T19:25:00,16,Thursday,Brasília,Centro-Oeste,1898,0,105.4,2500,False,462,False,False,True,18.0,,True,False,high,high
CTX1855,CUST0097,VEH0097,CONTR0097,SYNTHETIC,2026-09-29T17:52:00,10,Sunday,Salvador,Nordeste,1743,1257,58.1,1500,False,34,True,True,False,45.0,,False,False,normal,low
CTX1856,CUST0225,VEH0025,CONTR0225,SYNTHETIC,2026-09-29T07:01:00,10,Thursday,Goiânia,Centro-Oeste,576,1224,32.0,4000,False,497,False,False,False,64.0,,False,False,low,low
CTX1857,CUST0439,VEH0039,CONTR0439,SYNTHETIC,2026-08-20T12:07:00,19,Monday,Curitiba,Sul,1446,354,80.3,1000,True,239,False,True,False,49.0,,False,False,normal,low
CTX1858,CUST0310,VEH0010,CONTR0310,SYNTHETIC,2026-08-22T08:31:00,11,Monday,Fortaleza,Nordeste,2074,0,103.7,2500,False,80,False,False,False,16.0,,True,False,high,medium
CTX1859,CUST0102,VEH0002,CONTR0102,SYNTHETIC,2026-08-29T18:11:00,6,Friday,Goiânia,Centro-Oeste,2952,48,98.4,2500,False,171,False,False,False,19.0,,True,False,high,medium
CTX1860,CUST0331,VEH0031,CONTR0331,SYNTHETIC,2026-08-23T17:52:00,12,Tuesday,Rio de Janeiro,Sudeste,642,1158,35.7,2500,False,472,False,False,False,64.0,,False,False,low,low
CTX1861,CUST0076,VEH0076,CONTR0076,SYNTHETIC,2026-08-29T11:00:00,15,Wednesday,Goiânia,Centro-Oeste,1185,815,59.2,483,True,300,False,True,False,82.0,,False,False,normal,low
CTX1862,CUST0437,VEH0037,CONTR0437,SYNTHETIC,2026-09-04T08:32:00,17,Monday,Rio de Janeiro,Sudeste,377,623,37.7,2500,False,276,False,True,False,46.0,,False,False,low,low
CTX1863,CUST0241,VEH0041,CONTR0241,SYNTHETIC,2026-09-20T18:38:00,21,Sunday,Rio de Janeiro,Sudeste,462,338,57.8,1000,True,466,False,True,False,69.0,,False,False,normal,low
CTX1864,CUST0492,VEH0092,CONTR0492,SYNTHETIC,2026-08-31T09:09:00,18,Monday,Salvador,Nordeste,1501,299,83.4,1500,False,117,False,True,False,15.0,,True,False,normal,low
CTX1865,CUST0182,VEH0082,CONTR0182,SYNTHETIC,2026-08-20T19:59:00,14,Friday,Curitiba,Sul,2096,0,116.4,4000,False,290,False,False,False,75.0,,False,False,high,low
CTX1866,CUST0441,VEH0041,CONTR0441,SYNTHETIC,2026-09-23T10:13:00,12,Saturday,Goiânia,Centro-Oeste,1649,1351,55.0,700,True,471,False,False,False,35.0,,False,False,normal,low
CTX1867,CUST0079,VEH0079,CONTR0079,SYNTHETIC,2026-09-15T10:22:00,10,Saturday,Florianópolis,Sul,528,272,66.0,2500,False,0,True,False,False,73.0,,False,False,normal,low
CTX1868,CUST0418,VEH0018,CONTR0418,SYNTHETIC,2026-08-23T16:13:00,17,Saturday,Salvador,Nordeste,927,0,115.9,4000,False,336,False,True,False,63.0,,False,True,high,medium
CTX1869,CUST0026,VEH0026,CONTR0026,SYNTHETIC,2026-08-28T07:17:00,18,Saturday,São Paulo,Sudeste,1153,347,76.9,1500,True,276,False,False,False,73.0,,False,True,high,high
CTX1870,CUST0407,VEH0007,CONTR0407,SYNTHETIC,2026-09-17T15:49:00,9,Saturday,Rio de Janeiro,Sudeste,1308,0,109.0,1500,True,31,True,False,False,92.0,,False,True,high,high
CTX1871,CUST0288,VEH0088,CONTR0288,SYNTHETIC,2026-09-20T18:42:00,7,Friday,Goiânia,Centro-Oeste,1278,222,85.2,4000,False,119,False,False,False,69.0,,False,True,high,medium
CTX1872,CUST0402,VEH0002,CONTR0402,SYNTHETIC,2026-08-20T17:24:00,8,Wednesday,Florianópolis,Sul,682,518,56.8,1500,False,484,False,False,True,80.0,,False,False,normal,low
CTX1873,CUST0375,VEH0075,CONTR0375,SYNTHETIC,2026-09-20T08:23:00,8,Thursday,Rio de Janeiro,Sudeste,781,419,65.1,2500,False,0,True,False,False,,53.0,False,False,normal,low
CTX1874,CUST0369,VEH0069,CONTR0369,SYNTHETIC,2026-09-10T19:17:00,6,Friday,Florianópolis,Sul,796,2204,26.5,4000,False,0,True,False,False,42.0,,False,False,low,low
CTX1875,CUST0478,VEH0078,CONTR0478,SYNTHETIC,2026-09-03T21:22:00,11,Monday,Fortaleza,Nordeste,1400,600,70.0,700,False,0,True,False,False,44.0,,False,False,normal,low
CTX1876,CUST0245,VEH0045,CONTR0245,SYNTHETIC,2026-08-20T06:04:00,21,Monday,Curitiba,Sul,1056,0,132.0,1500,False,0,True,False,False,43.0,,False,False,high,medium
CTX1877,CUST0070,VEH0070,CONTR0070,SYNTHETIC,2026-08-17T19:57:00,18,Thursday,Campinas,Sudeste,824,376,68.7,350,True,390,False,False,False,84.0,,False,False,normal,low
CTX1878,CUST0273,VEH0073,CONTR0273,SYNTHETIC,2026-09-27T11:27:00,21,Thursday,Florianópolis,Sul,2788,0,139.4,1000,True,0,True,False,False,91.0,,False,False,high,high
CTX1879,CUST0119,VEH0019,CONTR0119,SYNTHETIC,2026-09-30T20:21:00,22,Friday,Brasília,Centro-Oeste,917,0,114.6,342,True,171,False,True,False,94.0,,False,False,high,medium
CTX1880,CUST0319,VEH0019,CONTR0319,SYNTHETIC,2026-09-18T15:12:00,9,Friday,Campinas,Sudeste,2695,0,107.8,345,True,243,False,False,False,58.0,,False,False,high,medium
CTX1881,CUST0047,VEH0047,CONTR0047,SYNTHETIC,2026-08-25T16:11:00,13,Monday,Florianópolis,Sul,1160,40,96.7,1500,True,141,False,False,False,94.0,,False,True,high,high
CTX1882,CUST0075,VEH0075,CONTR0075,SYNTHETIC,2026-09-09T21:51:00,18,Wednesday,Campinas,Sudeste,900,1100,45.0,350,True,385,False,False,False,,77.0,False,True,normal,medium
CTX1883,CUST0145,VEH0045,CONTR0145,SYNTHETIC,2026-09-05T20:25:00,15,Wednesday,Curitiba,Sul,976,0,122.0,700,True,437,False,True,False,43.0,,False,False,high,medium
CTX1884,CUST0279,VEH0079,CONTR0279,SYNTHETIC,2026-09-12T08:26:00,12,Thursday,Brasília,Centro-Oeste,2078,922,69.3,1500,True,152,False,False,False,30.0,,False,False,normal,low
CTX1885,CUST0456,VEH0056,CONTR0456,SYNTHETIC,2026-09-05T13:22:00,16,Saturday,São Paulo,Sudeste,1759,41,97.7,2500,False,237,False,True,False,58.0,,False,False,high,low
CTX1886,CUST0113,VEH0013,CONTR0113,SYNTHETIC,2026-08-26T19:39:00,11,Thursday,Brasília,Centro-Oeste,1905,1095,63.5,700,True,0,True,False,True,83.0,,False,False,normal,high
CTX1887,CUST0226,VEH0026,CONTR0226,SYNTHETIC,2026-09-11T12:03:00,17,Friday,São Paulo,Sudeste,1035,1465,41.4,2500,False,245,False,True,False,52.0,,False,False,low,low
CTX1888,CUST0239,VEH0039,CONTR0239,SYNTHETIC,2026-09-02T19:43:00,12,Thursday,Salvador,Nordeste,1832,668,73.3,1000,False,46,True,False,False,64.0,,False,False,normal,low
CTX1889,CUST0154,VEH0054,CONTR0154,SYNTHETIC,2026-08-27T16:39:00,18,Wednesday,Campinas,Sudeste,1468,532,73.4,350,True,145,False,False,False,75.0,,False,False,normal,low
CTX1890,CUST0473,VEH0073,CONTR0473,SYNTHETIC,2026-09-15T15:47:00,13,Wednesday,Curitiba,Sul,1626,0,135.5,4000,False,348,False,True,False,29.0,,False,False,high,low
CTX1891,CUST0364,VEH0064,CONTR0364,SYNTHETIC,2026-08-24T13:48:00,13,Sunday,Porto Alegre,Sul,898,102,89.8,1500,False,299,False,False,False,44.0,,False,False,high,low
CTX1892,CUST0362,VEH0062,CONTR0362,SYNTHETIC,2026-09-05T14:01:00,22,Sunday,Florianópolis,Sul,1289,0,107.4,1000,True,0,True,False,False,15.0,,True,False,high,high
CTX1893,CUST0347,VEH0047,CONTR0347,SYNTHETIC,2026-09-23T21:46:00,12,Friday,Curitiba,Sul,1254,0,125.4,350,True,0,True,False,False,52.0,,False,False,high,high
CTX1894,CUST0343,VEH0043,CONTR0343,SYNTHETIC,2026-08-26T20:08:00,7,Saturday,Salvador,Nordeste,1785,0,119.0,1000,True,63,True,True,False,43.0,,False,False,high,high
CTX1895,CUST0089,VEH0089,CONTR0089,SYNTHETIC,2026-08-29T17:12:00,15,Saturday,Recife,Nordeste,1338,0,133.8,2500,False,72,False,False,False,79.0,,False,False,high,low
CTX1896,CUST0364,VEH0064,CONTR0364,SYNTHETIC,2026-09-23T07:15:00,6,Monday,Porto Alegre,Sul,898,102,89.8,1500,True,299,False,True,False,44.0,,False,False,high,medium
CTX1897,CUST0155,VEH0055,CONTR0155,SYNTHETIC,2026-08-23T13:36:00,7,Sunday,Salvador,Nordeste,854,146,85.4,1500,False,0,True,True,False,73.0,,False,False,high,medium
CTX1898,CUST0015,VEH0015,CONTR0015,SYNTHETIC,2026-09-02T16:54:00,18,Sunday,Campinas,Sudeste,2701,0,180.1,350,True,0,True,True,False,36.0,,False,False,high,high
CTX1899,CUST0183,VEH0083,CONTR0183,SYNTHETIC,2026-09-01T06:35:00,19,Sunday,Curitiba,Sul,1367,433,75.9,700,True,203,False,False,False,36.0,,False,False,high,medium
CTX1900,CUST0041,VEH0041,CONTR0041,SYNTHETIC,2026-09-15T16:25:00,18,Tuesday,Brasília,Centro-Oeste,2470,0,123.5,4000,False,223,False,True,False,46.0,,False,False,high,low
CTX1901,CUST0044,VEH0044,CONTR0044,SYNTHETIC,2026-09-20T12:53:00,19,Tuesday,Goiânia,Centro-Oeste,748,52,93.5,2500,False,464,False,True,False,46.0,,False,False,high,low
CTX1902,CUST0478,VEH0078,CONTR0478,SYNTHETIC,2026-09-15T19:13:00,9,Monday,Fortaleza,Nordeste,1400,600,70.0,700,True,0,True,True,False,44.0,,False,False,normal,medium
CTX1903,CUST0155,VEH0055,CONTR0155,SYNTHETIC,2026-08-18T18:50:00,6,Monday,Salvador,Nordeste,854,146,85.4,1500,False,0,True,False,False,73.0,,False,False,high,medium
CTX1904,CUST0283,VEH0083,CONTR0283,SYNTHETIC,2026-08-25T07:09:00,8,Saturday,Rio de Janeiro,Sudeste,701,299,70.1,2500,False,356,False,True,False,76.0,,False,False,normal,low
CTX1905,CUST0340,VEH0040,CONTR0340,SYNTHETIC,2026-09-29T15:13:00,16,Monday,Curitiba,Sul,1863,137,93.2,1500,True,280,False,True,False,65.0,,False,False,high,medium
CTX1906,CUST0080,VEH0080,CONTR0080,SYNTHETIC,2026-08-23T14:27:00,18,Wednesday,Rio de Janeiro,Sudeste,3738,0,124.6,1000,True,452,False,False,False,88.0,,False,False,high,medium
CTX1907,CUST0093,VEH0093,CONTR0093,SYNTHETIC,2026-09-22T13:00:00,10,Monday,Curitiba,Sul,808,192,80.8,1000,True,315,False,False,False,85.0,,False,False,high,medium
CTX1908,CUST0069,VEH0069,CONTR0069,SYNTHETIC,2026-09-30T13:12:00,14,Thursday,Campinas,Sudeste,597,903,39.8,1500,False,116,False,True,False,64.0,,False,False,low,low
CTX1909,CUST0240,VEH0040,CONTR0240,SYNTHETIC,2026-09-08T06:28:00,19,Tuesday,Rio de Janeiro,Sudeste,983,217,81.9,350,True,0,True,False,False,35.0,,False,False,high,high
CTX1910,CUST0398,VEH0098,CONTR0398,SYNTHETIC,2026-09-20T14:41:00,17,Tuesday,Recife,Nordeste,1920,580,76.8,4000,False,0,True,False,False,30.0,,False,False,normal,low
CTX1911,CUST0029,VEH0029,CONTR0029,SYNTHETIC,2026-08-31T11:15:00,6,Tuesday,Recife,Nordeste,1835,1165,61.2,350,True,227,False,False,False,25.0,,True,False,normal,medium
CTX1912,CUST0139,VEH0039,CONTR0139,SYNTHETIC,2026-08-25T06:05:00,20,Saturday,Curitiba,Sul,960,540,64.0,700,True,379,False,True,True,54.0,,False,False,normal,medium
CTX1913,CUST0084,VEH0084,CONTR0084,SYNTHETIC,2026-09-03T19:58:00,14,Saturday,Fortaleza,Nordeste,540,260,67.5,700,True,360,False,True,False,81.0,,False,True,normal,medium
CTX1914,CUST0453,VEH0053,CONTR0453,SYNTHETIC,2026-09-11T14:26:00,9,Friday,Florianópolis,Sul,1195,805,59.8,1500,True,306,False,False,False,87.0,,False,False,normal,low
CTX1915,CUST0403,VEH0003,CONTR0403,SYNTHETIC,2026-08-28T20:09:00,21,Saturday,Fortaleza,Nordeste,999,1,99.9,350,True,0,True,False,False,49.0,,False,False,high,high
CTX1916,CUST0076,VEH0076,CONTR0076,SYNTHETIC,2026-08-25T16:24:00,18,Sunday,Goiânia,Centro-Oeste,1185,815,59.2,483,True,300,False,False,False,82.0,,False,False,normal,low
CTX1917,CUST0274,VEH0074,CONTR0274,SYNTHETIC,2026-09-16T21:15:00,12,Thursday,Rio de Janeiro,Sudeste,1813,687,72.5,4000,False,330,False,True,False,76.0,,False,False,normal,low
CTX1918,CUST0294,VEH0094,CONTR0294,SYNTHETIC,2026-09-24T22:29:00,22,Monday,Curitiba,Sul,1381,119,92.1,700,False,0,True,False,False,51.0,,False,False,high,medium
CTX1919,CUST0121,VEH0021,CONTR0121,SYNTHETIC,2026-09-27T20:54:00,7,Sunday,Curitiba,Sul,1172,628,65.1,350,True,460,False,False,False,,26.0,True,False,normal,medium
CTX1920,CUST0423,VEH0023,CONTR0423,SYNTHETIC,2026-09-09T09:37:00,14,Saturday,Belo Horizonte,Sudeste,1205,0,120.5,1500,True,392,False,False,False,,51.0,False,False,high,medium
CTX1921,CUST0182,VEH0082,CONTR0182,SYNTHETIC,2026-08-31T09:11:00,11,Tuesday,Curitiba,Sul,2096,0,116.4,4000,False,290,False,False,False,75.0,,False,False,high,low
CTX1922,CUST0464,VEH0064,CONTR0464,SYNTHETIC,2026-09-21T06:23:00,15,Tuesday,Goiânia,Centro-Oeste,3893,0,129.8,1000,True,372,False,False,False,48.0,,False,False,high,medium
CTX1923,CUST0074,VEH0074,CONTR0074,SYNTHETIC,2026-09-15T18:54:00,12,Tuesday,Fortaleza,Nordeste,2699,0,149.9,2500,False,160,False,False,False,86.0,,False,False,high,low
CTX1924,CUST0379,VEH0079,CONTR0379,SYNTHETIC,2026-09-03T06:19:00,22,Sunday,Salvador,Nordeste,1126,0,112.6,1000,False,355,False,True,False,68.0,,False,False,high,low
CTX1925,CUST0266,VEH0066,CONTR0266,SYNTHETIC,2026-09-21T06:55:00,17,Friday,Florianópolis,Sul,721,79,90.1,700,True,420,False,True,False,89.0,,False,False,high,medium
CTX1926,CUST0350,VEH0050,CONTR0350,SYNTHETIC,2026-09-19T20:31:00,14,Friday,Rio de Janeiro,Sudeste,897,103,89.7,2500,False,460,False,False,False,,40.0,False,False,high,low
CTX1927,CUST0360,VEH0060,CONTR0360,SYNTHETIC,2026-08-24T16:26:00,13,Wednesday,Fortaleza,Nordeste,1564,236,86.9,4000,False,0,True,True,True,47.0,,False,False,high,high
CTX1928,CUST0095,VEH0095,CONTR0095,SYNTHETIC,2026-09-09T10:01:00,19,Monday,Porto Alegre,Sul,2523,0,168.2,263,True,437,False,True,False,21.0,,True,False,high,high
CTX1929,CUST0454,VEH0054,CONTR0454,SYNTHETIC,2026-08-21T17:36:00,11,Tuesday,Fortaleza,Nordeste,1062,0,106.2,1500,True,237,False,True,False,94.0,,False,False,high,medium
CTX1930,CUST0304,VEH0004,CONTR0304,SYNTHETIC,2026-09-05T12:02:00,10,Friday,São Paulo,Sudeste,2591,0,172.7,4000,False,317,False,False,False,41.0,,False,False,high,low
CTX1931,CUST0163,VEH0063,CONTR0163,SYNTHETIC,2026-09-22T19:11:00,15,Saturday,Porto Alegre,Sul,1345,0,134.5,4000,False,380,False,False,False,92.0,,False,False,high,low
CTX1932,CUST0392,VEH0092,CONTR0392,SYNTHETIC,2026-08-23T22:01:00,16,Monday,Fortaleza,Nordeste,1412,388,78.4,4000,False,0,True,False,True,22.0,,True,True,high,high
CTX1933,CUST0100,VEH0100,CONTR0100,SYNTHETIC,2026-09-29T07:17:00,13,Saturday,Fortaleza,Nordeste,892,0,111.5,449,True,0,True,False,False,34.0,,False,False,high,high
CTX1934,CUST0439,VEH0039,CONTR0439,SYNTHETIC,2026-09-20T08:23:00,15,Friday,Curitiba,Sul,1446,354,80.3,1000,True,239,False,True,False,49.0,,False,False,high,medium
CTX1935,CUST0340,VEH0040,CONTR0340,SYNTHETIC,2026-09-05T21:25:00,15,Monday,Curitiba,Sul,1863,137,93.2,1500,False,280,False,False,False,65.0,,False,False,high,low
CTX1936,CUST0054,VEH0054,CONTR0054,SYNTHETIC,2026-09-12T15:48:00,10,Sunday,Rio de Janeiro,Sudeste,814,0,101.8,1000,False,116,True,True,False,94.0,,False,False,high,medium
CTX1937,CUST0429,VEH0029,CONTR0429,SYNTHETIC,2026-08-31T20:40:00,22,Thursday,Goiânia,Centro-Oeste,704,796,46.9,1500,False,86,True,False,False,43.0,,False,False,normal,low
CTX1938,CUST0126,VEH0026,CONTR0126,SYNTHETIC,2026-09-13T18:47:00,15,Sunday,Fortaleza,Nordeste,1707,93,94.8,1500,False,494,False,False,True,68.0,,False,False,high,medium
CTX1939,CUST0382,VEH0082,CONTR0382,SYNTHETIC,2026-09-20T09:39:00,10,Saturday,Fortaleza,Nordeste,987,213,82.2,700,False,0,True,True,False,82.0,,False,False,normal,low
CTX1940,CUST0477,VEH0077,CONTR0477,SYNTHETIC,2026-08-18T08:02:00,15,Tuesday,Goiânia,Centro-Oeste,723,77,90.4,1000,True,0,True,True,False,,60.0,False,False,high,high
CTX1941,CUST0314,VEH0014,CONTR0314,SYNTHETIC,2026-08-30T09:05:00,21,Sunday,Goiânia,Centro-Oeste,484,316,60.5,2500,False,127,False,False,True,38.0,,False,False,normal,low
CTX1942,CUST0315,VEH0015,CONTR0315,SYNTHETIC,2026-09-14T22:06:00,11,Friday,Belo Horizonte,Sudeste,944,0,118.0,2500,False,488,False,False,False,23.0,,True,False,high,medium
CTX1943,CUST0358,VEH0058,CONTR0358,SYNTHETIC,2026-09-05T06:47:00,11,Saturday,Porto Alegre,Sul,2239,761,74.6,350,True,0,True,False,False,49.0,,False,False,normal,medium
CTX1944,CUST0002,VEH0002,CONTR0002,SYNTHETIC,2026-09-19T18:12:00,9,Monday,Recife,Nordeste,563,237,70.4,700,False,0,True,False,False,74.0,,False,False,normal,low
CTX1945,CUST0165,VEH0065,CONTR0165,SYNTHETIC,2026-09-16T06:59:00,17,Friday,Florianópolis,Sul,2528,472,84.3,4000,False,405,False,False,False,76.0,,False,False,high,low
CTX1946,CUST0353,VEH0053,CONTR0353,SYNTHETIC,2026-09-28T07:28:00,18,Friday,Porto Alegre,Sul,2221,779,74.0,350,True,462,False,False,False,29.0,,True,False,normal,medium
CTX1947,CUST0358,VEH0058,CONTR0358,SYNTHETIC,2026-09-20T12:56:00,22,Friday,Porto Alegre,Sul,2239,761,74.6,350,True,0,True,False,False,49.0,,False,False,normal,medium
CTX1948,CUST0458,VEH0058,CONTR0458,SYNTHETIC,2026-09-26T22:21:00,9,Saturday,Brasília,Centro-Oeste,1116,384,74.4,350,True,166,False,False,False,25.0,,False,False,normal,low
CTX1949,CUST0494,VEH0094,CONTR0494,SYNTHETIC,2026-09-12T09:00:00,8,Tuesday,Florianópolis,Sul,673,127,84.1,4000,False,182,False,False,False,18.0,,True,False,high,medium
CTX1950,CUST0080,VEH0080,CONTR0080,SYNTHETIC,2026-08-28T22:46:00,13,Wednesday,Rio de Janeiro,Sudeste,3738,0,124.6,1000,True,452,False,True,False,88.0,,False,False,high,medium
CTX1951,CUST0460,VEH0060,CONTR0460,SYNTHETIC,2026-08-18T06:25:00,21,Thursday,Recife,Nordeste,1054,146,87.8,4000,False,463,False,False,False,39.0,,False,False,high,low
CTX1952,CUST0198,VEH0098,CONTR0198,SYNTHETIC,2026-08-25T11:00:00,22,Monday,Brasília,Centro-Oeste,944,56,94.4,350,True,343,False,False,False,26.0,,False,False,high,medium
CTX1953,CUST0439,VEH0039,CONTR0439,SYNTHETIC,2026-09-05T09:29:00,22,Saturday,Curitiba,Sul,1446,354,80.3,1000,True,239,False,False,False,49.0,,False,False,high,medium
CTX1954,CUST0057,VEH0057,CONTR0057,SYNTHETIC,2026-08-28T15:22:00,21,Tuesday,Brasília,Centro-Oeste,1427,0,178.4,165,True,74,True,False,False,57.0,,False,False,high,high
CTX1955,CUST0377,VEH0077,CONTR0377,SYNTHETIC,2026-09-06T18:48:00,11,Friday,Salvador,Nordeste,2006,494,80.2,350,True,10,True,True,False,,67.0,False,False,normal,medium
CTX1956,CUST0446,VEH0046,CONTR0446,SYNTHETIC,2026-08-23T22:37:00,11,Wednesday,Recife,Nordeste,1276,724,63.8,350,True,241,False,True,False,48.0,,False,False,normal,low
CTX1957,CUST0167,VEH0067,CONTR0167,SYNTHETIC,2026-09-03T15:56:00,10,Friday,São Paulo,Sudeste,3543,0,141.7,1000,True,377,False,False,False,17.0,,True,False,high,high
CTX1958,CUST0442,VEH0042,CONTR0442,SYNTHETIC,2026-09-05T19:37:00,15,Monday,Brasília,Centro-Oeste,1814,186,90.7,1000,False,0,True,False,False,50.0,,False,False,high,medium
CTX1959,CUST0392,VEH0092,CONTR0392,SYNTHETIC,2026-08-24T20:19:00,21,Wednesday,Fortaleza,Nordeste,1412,388,78.4,4000,False,0,True,True,True,22.0,,True,True,normal,high
CTX1960,CUST0287,VEH0087,CONTR0287,SYNTHETIC,2026-09-19T22:54:00,15,Monday,Recife,Nordeste,1407,0,117.3,350,True,0,True,False,False,60.0,,False,False,high,high
CTX1961,CUST0211,VEH0011,CONTR0211,SYNTHETIC,2026-09-18T18:46:00,9,Thursday,Belo Horizonte,Sudeste,2772,228,92.4,1500,True,192,False,False,True,79.0,,False,False,high,high
CTX1962,CUST0150,VEH0050,CONTR0150,SYNTHETIC,2026-08-20T22:51:00,18,Monday,Campinas,Sudeste,1692,808,67.7,2500,False,330,False,False,False,,93.0,False,True,normal,low
CTX1963,CUST0168,VEH0068,CONTR0168,SYNTHETIC,2026-09-29T18:25:00,15,Friday,Brasília,Centro-Oeste,936,0,117.0,2500,False,397,False,False,False,62.0,,False,False,high,low
CTX1964,CUST0309,VEH0009,CONTR0309,SYNTHETIC,2026-08-29T09:49:00,13,Monday,Rio de Janeiro,Sudeste,1390,610,69.5,1500,False,383,False,True,False,76.0,,False,False,normal,low
CTX1965,CUST0285,VEH0085,CONTR0285,SYNTHETIC,2026-08-28T13:39:00,21,Wednesday,Recife,Nordeste,3339,0,111.3,2500,False,98,False,False,False,82.0,,False,False,high,low
CTX1966,CUST0427,VEH0027,CONTR0427,SYNTHETIC,2026-09-22T20:50:00,17,Monday,Curitiba,Sul,1014,186,84.5,1000,False,518,False,True,False,48.0,,False,False,normal,low
CTX1967,CUST0025,VEH0025,CONTR0025,SYNTHETIC,2026-08-19T18:06:00,17,Saturday,Salvador,Nordeste,2415,0,120.8,4000,False,227,False,True,False,59.0,,False,False,high,low
CTX1968,CUST0105,VEH0005,CONTR0105,SYNTHETIC,2026-08-26T12:52:00,20,Friday,Brasília,Centro-Oeste,1004,496,66.9,350,True,39,True,True,False,31.0,,False,False,normal,medium
CTX1969,CUST0341,VEH0041,CONTR0341,SYNTHETIC,2026-09-30T09:33:00,21,Tuesday,Florianópolis,Sul,1772,0,147.7,2500,False,399,False,False,False,19.0,,True,True,high,high
CTX1970,CUST0213,VEH0013,CONTR0213,SYNTHETIC,2026-08-18T09:03:00,13,Wednesday,Florianópolis,Sul,1960,0,130.7,4000,False,288,False,False,False,86.0,,False,False,high,low
CTX1971,CUST0471,VEH0071,CONTR0471,SYNTHETIC,2026-09-06T21:17:00,16,Thursday,Salvador,Nordeste,4119,0,137.3,1000,True,400,False,False,True,31.0,,False,False,high,high
CTX1972,CUST0287,VEH0087,CONTR0287,SYNTHETIC,2026-09-23T09:20:00,17,Friday,Recife,Nordeste,1407,0,117.3,350,True,0,True,True,False,60.0,,False,False,high,high
CTX1973,CUST0306,VEH0006,CONTR0306,SYNTHETIC,2026-09-20T11:07:00,6,Wednesday,Fortaleza,Nordeste,2074,0,115.2,350,True,0,True,False,False,39.0,,False,False,high,high
CTX1974,CUST0121,VEH0021,CONTR0121,SYNTHETIC,2026-09-12T21:57:00,18,Wednesday,Curitiba,Sul,1172,628,65.1,350,True,460,False,True,False,,26.0,False,False,normal,low
CTX1975,CUST0278,VEH0078,CONTR0278,SYNTHETIC,2026-09-11T11:06:00,13,Friday,Belo Horizonte,Sudeste,1707,93,94.8,4000,False,188,False,False,False,16.0,,True,False,high,medium
CTX1976,CUST0116,VEH0016,CONTR0116,SYNTHETIC,2026-09-09T12:06:00,11,Saturday,Belo Horizonte,Sudeste,1946,554,77.8,700,True,73,True,True,False,31.0,,False,False,high,high
CTX1977,CUST0425,VEH0025,CONTR0425,SYNTHETIC,2026-09-26T08:59:00,21,Tuesday,Curitiba,Sul,1078,722,59.9,1500,False,364,False,True,False,35.0,,False,False,normal,low
CTX1978,CUST0473,VEH0073,CONTR0473,SYNTHETIC,2026-08-28T13:39:00,17,Friday,Curitiba,Sul,1626,0,135.5,4000,False,348,False,False,False,29.0,,False,False,high,low
CTX1979,CUST0165,VEH0065,CONTR0165,SYNTHETIC,2026-09-21T17:08:00,16,Monday,Florianópolis,Sul,2528,472,84.3,4000,False,405,False,False,False,76.0,,False,False,normal,low
CTX1980,CUST0208,VEH0008,CONTR0208,SYNTHETIC,2026-09-27T07:21:00,7,Friday,Recife,Nordeste,1030,0,128.8,1500,False,104,True,True,True,78.0,,False,False,high,high
CTX1981,CUST0437,VEH0037,CONTR0437,SYNTHETIC,2026-09-12T14:30:00,13,Sunday,Rio de Janeiro,Sudeste,377,623,37.7,2500,False,276,False,False,False,46.0,,False,False,low,low
CTX1982,CUST0188,VEH0088,CONTR0188,SYNTHETIC,2026-09-13T09:53:00,20,Monday,Porto Alegre,Sul,890,110,89.0,1000,True,294,False,False,False,36.0,,False,False,high,medium
CTX1983,CUST0183,VEH0083,CONTR0183,SYNTHETIC,2026-08-24T12:02:00,16,Tuesday,Curitiba,Sul,1367,433,75.9,700,True,203,False,False,False,36.0,,False,False,normal,low
CTX1984,CUST0251,VEH0051,CONTR0251,SYNTHETIC,2026-09-27T12:15:00,22,Friday,Florianópolis,Sul,2912,0,116.5,1500,False,44,True,False,True,82.0,,False,False,high,high
CTX1985,CUST0094,VEH0094,CONTR0094,SYNTHETIC,2026-08-27T08:22:00,11,Thursday,Campinas,Sudeste,1195,1305,47.8,1500,True,0,True,True,False,33.0,,False,False,normal,medium
CTX1986,CUST0279,VEH0079,CONTR0279,SYNTHETIC,2026-09-11T08:20:00,11,Monday,Brasília,Centro-Oeste,2078,922,69.3,1500,True,152,False,False,False,30.0,,False,False,normal,low
CTX1987,CUST0228,VEH0028,CONTR0228,SYNTHETIC,2026-09-17T21:51:00,22,Monday,Campinas,Sudeste,1709,91,94.9,1000,True,215,False,True,False,52.0,,False,False,high,medium
CTX1988,CUST0052,VEH0052,CONTR0052,SYNTHETIC,2026-09-07T21:05:00,21,Thursday,Fortaleza,Nordeste,820,380,68.3,2500,False,0,True,True,False,22.0,,True,False,normal,medium
CTX1989,CUST0381,VEH0081,CONTR0381,SYNTHETIC,2026-09-17T12:52:00,18,Tuesday,Recife,Nordeste,1547,253,85.9,1500,True,431,False,False,False,71.0,,False,False,high,medium
CTX1990,CUST0301,VEH0001,CONTR0301,SYNTHETIC,2026-08-23T06:44:00,7,Monday,Salvador,Nordeste,2245,755,74.8,1500,False,0,True,True,False,58.0,,False,False,normal,low
CTX1991,CUST0025,VEH0025,CONTR0025,SYNTHETIC,2026-08-19T16:10:00,9,Saturday,Salvador,Nordeste,2415,0,120.8,4000,False,227,False,False,False,59.0,,False,True,high,medium
CTX1992,CUST0044,VEH0044,CONTR0044,SYNTHETIC,2026-09-14T22:49:00,22,Wednesday,Goiânia,Centro-Oeste,748,52,93.5,2500,False,464,False,True,False,46.0,,False,False,high,low
CTX1993,CUST0318,VEH0018,CONTR0318,SYNTHETIC,2026-09-08T21:21:00,17,Sunday,Brasília,Centro-Oeste,2906,0,116.2,1000,True,319,False,False,False,85.0,,False,False,high,medium
CTX1994,CUST0267,VEH0067,CONTR0267,SYNTHETIC,2026-09-03T20:46:00,8,Sunday,Curitiba,Sul,530,270,66.2,1500,False,181,False,True,False,79.0,,False,True,normal,low
CTX1995,CUST0071,VEH0071,CONTR0071,SYNTHETIC,2026-09-26T20:00:00,16,Sunday,Belo Horizonte,Sudeste,2423,77,96.9,4000,False,127,False,False,False,53.0,,False,False,high,low
CTX1996,CUST0298,VEH0098,CONTR0298,SYNTHETIC,2026-09-18T19:31:00,11,Friday,Belo Horizonte,Sudeste,1732,268,86.6,2500,False,0,True,False,False,52.0,,False,False,high,medium
CTX1997,CUST0201,VEH0001,CONTR0201,SYNTHETIC,2026-08-29T22:21:00,19,Sunday,São Paulo,Sudeste,3453,0,115.1,4000,False,90,True,True,True,71.0,,False,False,high,high
CTX1998,CUST0275,VEH0075,CONTR0275,SYNTHETIC,2026-08-28T08:17:00,16,Friday,Florianópolis,Sul,2019,0,134.6,700,False,409,False,False,False,,55.0,False,False,high,low
CTX1999,CUST0006,VEH0006,CONTR0006,SYNTHETIC,2026-09-08T16:09:00,19,Thursday,Fortaleza,Nordeste,1678,0,111.9,350,True,317,False,False,False,65.0,,False,False,high,medium
CTX2000,CUST0300,VEH0100,CONTR0300,SYNTHETIC,2026-08-30T06:48:00,20,Saturday,Belo Horizonte,Sudeste,2092,0,116.2,306,True,392,False,False,False,67.0,,False,False,high,medium
CTX2001,CUST0007,VEH0007,CONTR0007,SYNTHETIC,2026-09-24T09:36:00,13,Sunday,Rio de Janeiro,Sudeste,1180,20,98.3,2500,False,452,False,False,True,73.0,,False,False,high,medium
CTX2002,CUST0300,VEH0100,CONTR0300,SYNTHETIC,2026-09-01T15:08:00,16,Wednesday,Belo Horizonte,Sudeste,2092,0,116.2,306,True,392,False,False,False,67.0,,False,False,high,medium
CTX2003,CUST0063,VEH0063,CONTR0063,SYNTHETIC,2026-09-11T09:54:00,22,Saturday,Recife,Nordeste,2059,0,114.4,2500,False,225,False,False,False,63.0,,False,False,high,low
CTX2004,CUST0063,VEH0063,CONTR0063,SYNTHETIC,2026-08-17T20:13:00,18,Monday,Recife,Nordeste,2059,0,114.4,2500,False,225,False,True,False,63.0,,False,False,high,low
CTX2005,CUST0464,VEH0064,CONTR0464,SYNTHETIC,2026-09-03T08:13:00,17,Friday,Goiânia,Centro-Oeste,3893,0,129.8,1000,True,372,False,False,False,48.0,,False,False,high,medium
CTX2006,CUST0369,VEH0069,CONTR0369,SYNTHETIC,2026-09-28T06:40:00,16,Friday,Florianópolis,Sul,796,2204,26.5,4000,False,0,True,False,False,42.0,,False,False,low,low
CTX2007,CUST0165,VEH0065,CONTR0165,SYNTHETIC,2026-09-16T08:41:00,16,Sunday,Florianópolis,Sul,2528,472,84.3,4000,False,405,False,False,False,76.0,,False,False,high,low
CTX2008,CUST0198,VEH0098,CONTR0198,SYNTHETIC,2026-09-24T09:24:00,15,Tuesday,Brasília,Centro-Oeste,944,56,94.4,350,True,343,False,True,False,26.0,,True,False,high,high
CTX2009,CUST0202,VEH0002,CONTR0202,SYNTHETIC,2026-09-20T20:01:00,11,Friday,Rio de Janeiro,Sudeste,1183,17,98.6,1000,False,0,True,False,False,92.0,,False,False,high,medium
CTX2010,CUST0305,VEH0005,CONTR0305,SYNTHETIC,2026-09-13T11:33:00,8,Thursday,Salvador,Nordeste,1381,0,138.1,350,True,46,True,False,True,64.0,,False,True,high,high
CTX2011,CUST0414,VEH0014,CONTR0414,SYNTHETIC,2026-09-25T20:20:00,12,Wednesday,Rio de Janeiro,Sudeste,2363,0,118.2,1000,True,467,False,True,False,50.0,,False,False,high,medium
CTX2012,CUST0275,VEH0075,CONTR0275,SYNTHETIC,2026-09-29T12:42:00,6,Tuesday,Florianópolis,Sul,2019,0,134.6,700,True,409,False,False,False,,55.0,False,False,high,medium
CTX2013,CUST0252,VEH0052,CONTR0252,SYNTHETIC,2026-09-23T22:55:00,9,Wednesday,Salvador,Nordeste,2093,0,139.5,700,True,0,True,True,False,82.0,,False,False,high,high
CTX2014,CUST0325,VEH0025,CONTR0325,SYNTHETIC,2026-09-17T16:50:00,12,Monday,Fortaleza,Nordeste,778,222,77.8,4000,False,431,False,False,False,55.0,,False,False,normal,low
CTX2015,CUST0295,VEH0095,CONTR0295,SYNTHETIC,2026-08-20T06:36:00,11,Tuesday,Campinas,Sudeste,497,1303,27.6,454,True,517,False,True,False,23.0,,True,False,low,medium
CTX2016,CUST0259,VEH0059,CONTR0259,SYNTHETIC,2026-09-09T09:54:00,13,Sunday,Curitiba,Sul,3792,0,126.4,4000,False,55,True,False,False,47.0,,False,False,high,medium
CTX2017,CUST0426,VEH0026,CONTR0426,SYNTHETIC,2026-09-14T12:01:00,19,Sunday,Fortaleza,Nordeste,554,446,55.4,1500,False,115,True,True,False,58.0,,False,False,normal,low
CTX2018,CUST0284,VEH0084,CONTR0284,SYNTHETIC,2026-09-29T12:19:00,12,Friday,Salvador,Nordeste,3486,0,116.2,4000,False,110,True,False,False,89.0,,False,False,high,medium
CTX2019,CUST0258,VEH0058,CONTR0258,SYNTHETIC,2026-09-09T22:14:00,13,Tuesday,Salvador,Nordeste,1391,0,115.9,4000,False,314,False,False,False,32.0,,False,False,high,low
CTX2020,CUST0208,VEH0008,CONTR0208,SYNTHETIC,2026-08-17T06:38:00,6,Friday,Recife,Nordeste,1030,0,128.8,1500,False,104,True,True,True,78.0,,False,False,high,high
CTX2021,CUST0468,VEH0068,CONTR0468,SYNTHETIC,2026-09-30T11:34:00,10,Thursday,Belo Horizonte,Sudeste,899,0,112.4,1000,False,300,False,False,False,55.0,,False,False,high,low
CTX2022,CUST0069,VEH0069,CONTR0069,SYNTHETIC,2026-09-21T13:57:00,8,Friday,Campinas,Sudeste,597,903,39.8,1500,False,116,False,True,False,64.0,,False,False,low,low
CTX2023,CUST0018,VEH0018,CONTR0018,SYNTHETIC,2026-09-27T06:03:00,21,Saturday,Belo Horizonte,Sudeste,1122,78,93.5,350,True,466,False,False,False,50.0,,False,True,high,high
CTX2024,CUST0303,VEH0003,CONTR0303,SYNTHETIC,2026-09-16T08:03:00,21,Saturday,Fortaleza,Nordeste,1164,1336,46.6,700,True,150,False,False,False,50.0,,False,False,normal,low
CTX2025,CUST0316,VEH0016,CONTR0316,SYNTHETIC,2026-09-02T06:37:00,21,Tuesday,Curitiba,Sul,2061,439,82.4,700,True,509,False,False,False,76.0,,False,False,high,medium
CTX2026,CUST0382,VEH0082,CONTR0382,SYNTHETIC,2026-08-31T15:50:00,10,Tuesday,Fortaleza,Nordeste,987,213,82.2,700,True,0,True,True,False,82.0,,False,False,high,high
CTX2027,CUST0149,VEH0049,CONTR0149,SYNTHETIC,2026-08-23T07:02:00,12,Wednesday,Belo Horizonte,Sudeste,4309,0,172.4,2500,False,211,False,True,False,44.0,,False,False,high,low
CTX2028,CUST0196,VEH0096,CONTR0196,SYNTHETIC,2026-08-28T18:28:00,11,Monday,São Paulo,Sudeste,675,125,84.4,700,True,0,True,True,False,67.0,,False,True,high,high
CTX2029,CUST0479,VEH0079,CONTR0479,SYNTHETIC,2026-09-06T19:46:00,10,Monday,Brasília,Centro-Oeste,943,57,94.3,1000,True,332,False,False,False,88.0,,False,False,high,medium
CTX2030,CUST0293,VEH0093,CONTR0293,SYNTHETIC,2026-09-02T21:38:00,16,Monday,Porto Alegre,Sul,1620,0,162.0,1500,False,158,False,True,True,74.0,,False,False,high,medium
CTX2031,CUST0031,VEH0031,CONTR0031,SYNTHETIC,2026-10-01T06:51:00,20,Tuesday,Brasília,Centro-Oeste,3253,0,162.7,700,False,50,True,False,True,22.0,,False,False,high,high
CTX2032,CUST0316,VEH0016,CONTR0316,SYNTHETIC,2026-09-26T09:13:00,18,Friday,Curitiba,Sul,2061,439,82.4,700,True,509,False,True,False,76.0,,False,False,high,medium
CTX2033,CUST0022,VEH0022,CONTR0022,SYNTHETIC,2026-09-15T16:55:00,14,Saturday,Recife,Nordeste,1021,179,85.1,4000,False,256,False,True,False,70.0,,False,False,high,low
CTX2034,CUST0209,VEH0009,CONTR0209,SYNTHETIC,2026-09-27T21:53:00,6,Thursday,Brasília,Centro-Oeste,1355,0,135.5,700,False,143,False,False,False,42.0,,False,False,high,low
CTX2035,CUST0132,VEH0032,CONTR0132,SYNTHETIC,2026-09-17T15:18:00,10,Tuesday,São Paulo,Sudeste,770,30,96.2,1000,True,0,True,True,False,94.0,,False,False,high,high
CTX2036,CUST0185,VEH0085,CONTR0185,SYNTHETIC,2026-08-25T14:48:00,8,Tuesday,Recife,Nordeste,1457,0,121.4,1500,False,517,False,True,False,52.0,,False,False,high,low
CTX2037,CUST0489,VEH0089,CONTR0489,SYNTHETIC,2026-09-01T11:24:00,6,Tuesday,Brasília,Centro-Oeste,991,809,55.1,1000,False,23,True,False,False,21.0,,True,False,normal,medium
CTX2038,CUST0346,VEH0046,CONTR0346,SYNTHETIC,2026-09-01T19:05:00,20,Friday,Rio de Janeiro,Sudeste,2054,0,102.7,350,True,412,False,False,False,18.0,,True,False,high,high
CTX2039,CUST0419,VEH0019,CONTR0419,SYNTHETIC,2026-08-18T17:37:00,17,Monday,Goiânia,Centro-Oeste,704,796,46.9,193,True,236,False,False,False,59.0,,False,False,normal,low
CTX2040,CUST0196,VEH0096,CONTR0196,SYNTHETIC,2026-08-28T08:10:00,19,Friday,São Paulo,Sudeste,675,125,84.4,700,False,0,True,True,False,67.0,,False,False,high,medium
CTX2041,CUST0451,VEH0051,CONTR0451,SYNTHETIC,2026-09-05T14:30:00,19,Sunday,Fortaleza,Nordeste,915,0,114.4,700,True,179,False,False,False,75.0,,False,False,high,medium
CTX2042,CUST0450,VEH0050,CONTR0450,SYNTHETIC,2026-10-01T22:33:00,14,Wednesday,Brasília,Centro-Oeste,947,0,118.4,700,True,79,True,True,True,,88.0,False,False,high,high
CTX2043,CUST0234,VEH0034,CONTR0234,SYNTHETIC,2026-09-26T09:36:00,7,Thursday,Fortaleza,Nordeste,1439,0,119.9,1500,False,469,False,False,False,35.0,,False,False,high,low
CTX2044,CUST0150,VEH0050,CONTR0150,SYNTHETIC,2026-08-29T12:25:00,10,Sunday,Campinas,Sudeste,1692,808,67.7,2500,False,330,False,False,False,,93.0,False,True,normal,low
CTX2045,CUST0102,VEH0002,CONTR0102,SYNTHETIC,2026-09-03T07:32:00,11,Monday,Goiânia,Centro-Oeste,2952,48,98.4,2500,False,171,False,False,False,19.0,,True,False,high,medium
CTX2046,CUST0115,VEH0015,CONTR0115,SYNTHETIC,2026-10-01T11:04:00,11,Tuesday,Salvador,Nordeste,1206,0,120.6,4000,False,93,True,False,False,76.0,,False,False,high,medium
CTX2047,CUST0381,VEH0081,CONTR0381,SYNTHETIC,2026-09-18T12:00:00,7,Monday,Recife,Nordeste,1547,253,85.9,1500,True,431,False,True,False,71.0,,False,False,high,medium
CTX2048,CUST0010,VEH0010,CONTR0010,SYNTHETIC,2026-09-16T09:39:00,6,Monday,Brasília,Centro-Oeste,3151,0,105.0,4000,False,476,False,False,False,38.0,,False,False,high,low
CTX2049,CUST0265,VEH0065,CONTR0265,SYNTHETIC,2026-08-25T08:24:00,10,Sunday,Salvador,Nordeste,634,366,63.4,350,True,168,False,True,False,57.0,,False,False,normal,low
CTX2050,CUST0121,VEH0021,CONTR0121,SYNTHETIC,2026-08-25T20:47:00,7,Thursday,Curitiba,Sul,1172,628,65.1,350,True,460,False,False,False,,26.0,False,False,normal,low
CTX2051,CUST0005,VEH0005,CONTR0005,SYNTHETIC,2026-09-07T13:02:00,7,Monday,Fortaleza,Nordeste,812,1188,40.6,1500,False,478,False,False,False,85.0,,False,False,low,low
CTX2052,CUST0472,VEH0072,CONTR0472,SYNTHETIC,2026-09-16T20:05:00,9,Friday,Porto Alegre,Sul,886,614,59.1,350,True,140,False,False,False,62.0,,False,False,normal,low
CTX2053,CUST0452,VEH0052,CONTR0452,SYNTHETIC,2026-08-18T14:21:00,22,Tuesday,Florianópolis,Sul,1146,0,114.6,1500,False,0,True,False,True,63.0,,False,False,high,high
CTX2054,CUST0389,VEH0089,CONTR0389,SYNTHETIC,2026-08-20T06:04:00,17,Tuesday,Recife,Nordeste,1192,0,119.2,2500,False,0,True,False,False,57.0,,False,False,high,medium
CTX2055,CUST0166,VEH0066,CONTR0166,SYNTHETIC,2026-08-26T14:18:00,14,Sunday,Porto Alegre,Sul,1336,164,89.1,4000,False,0,True,True,False,28.0,,False,True,high,high
CTX2056,CUST0208,VEH0008,CONTR0208,SYNTHETIC,2026-09-23T14:56:00,6,Sunday,Recife,Nordeste,1030,0,128.8,1500,True,104,False,True,True,78.0,,False,True,high,high
CTX2057,CUST0072,VEH0072,CONTR0072,SYNTHETIC,2026-08-24T15:00:00,10,Thursday,Campinas,Sudeste,1425,0,118.8,1500,False,246,False,False,False,42.0,,False,False,high,low
CTX2058,CUST0073,VEH0073,CONTR0073,SYNTHETIC,2026-08-18T16:57:00,10,Thursday,Curitiba,Sul,516,284,64.5,700,False,15,True,False,True,41.0,,False,False,normal,medium
CTX2059,CUST0117,VEH0017,CONTR0117,SYNTHETIC,2026-09-17T17:29:00,6,Monday,Salvador,Nordeste,2319,0,116.0,1500,False,104,False,False,False,66.0,,False,False,high,low
CTX2060,CUST0151,VEH0051,CONTR0151,SYNTHETIC,2026-09-10T09:35:00,9,Saturday,São Paulo,Sudeste,2828,0,113.1,350,True,0,True,False,False,31.0,,False,False,high,high
CTX2061,CUST0215,VEH0015,CONTR0215,SYNTHETIC,2026-09-30T15:42:00,18,Monday,Recife,Nordeste,352,848,29.3,350,True,412,False,True,False,64.0,,False,False,low,low
CTX2062,CUST0453,VEH0053,CONTR0453,SYNTHETIC,2026-09-04T19:01:00,7,Monday,Florianópolis,Sul,1195,805,59.8,1500,False,306,False,True,False,87.0,,False,False,normal,low
CTX2063,CUST0066,VEH0066,CONTR0066,SYNTHETIC,2026-09-20T12:57:00,10,Friday,Fortaleza,Nordeste,727,73,90.9,4000,False,0,True,True,False,36.0,,False,False,high,medium
CTX2064,CUST0377,VEH0077,CONTR0377,SYNTHETIC,2026-09-15T17:00:00,21,Saturday,Salvador,Nordeste,2006,494,80.2,350,True,10,True,False,False,,67.0,False,False,high,high
CTX2065,CUST0220,VEH0020,CONTR0220,SYNTHETIC,2026-09-12T18:46:00,7,Wednesday,Rio de Janeiro,Sudeste,594,206,74.2,1000,True,0,True,False,False,22.0,,True,False,normal,high
CTX2066,CUST0336,VEH0036,CONTR0336,SYNTHETIC,2026-09-12T18:52:00,6,Monday,Salvador,Nordeste,4888,0,162.9,4000,False,282,False,False,False,31.0,,False,False,high,low
CTX2067,CUST0319,VEH0019,CONTR0319,SYNTHETIC,2026-08-22T12:46:00,15,Thursday,Campinas,Sudeste,2695,0,107.8,345,True,243,False,False,False,58.0,,False,False,high,medium
CTX2068,CUST0433,VEH0033,CONTR0433,SYNTHETIC,2026-08-31T19:34:00,11,Tuesday,Porto Alegre,Sul,2692,308,89.7,1000,True,122,False,False,False,90.0,,False,False,high,medium
CTX2069,CUST0482,VEH0082,CONTR0482,SYNTHETIC,2026-09-03T06:32:00,18,Sunday,Goiânia,Centro-Oeste,610,1190,33.9,2500,False,196,False,True,False,36.0,,False,False,low,low
CTX2070,CUST0215,VEH0015,CONTR0215,SYNTHETIC,2026-09-27T20:56:00,19,Sunday,Recife,Nordeste,352,848,29.3,350,True,412,False,True,False,64.0,,False,False,low,low
CTX2071,CUST0280,VEH0080,CONTR0280,SYNTHETIC,2026-09-26T11:37:00,7,Saturday,Brasília,Centro-Oeste,2359,141,94.4,4000,False,447,False,False,False,80.0,,False,False,high,low
CTX2072,CUST0107,VEH0007,CONTR0107,SYNTHETIC,2026-08-30T15:32:00,21,Wednesday,Salvador,Nordeste,739,461,61.6,2500,False,0,True,True,False,52.0,,False,False,normal,low
CTX2073,CUST0499,VEH0099,CONTR0499,SYNTHETIC,2026-09-12T07:19:00,19,Saturday,Florianópolis,Sul,2726,274,90.9,350,True,394,False,False,False,28.0,,False,False,high,medium
CTX2074,CUST0386,VEH0086,CONTR0386,SYNTHETIC,2026-08-22T19:53:00,14,Friday,Goiânia,Centro-Oeste,2152,848,71.7,1000,True,219,False,True,False,21.0,,False,False,normal,low
CTX2075,CUST0378,VEH0078,CONTR0378,SYNTHETIC,2026-09-06T14:51:00,15,Saturday,Florianópolis,Sul,2433,567,81.1,1000,True,401,False,True,False,26.0,,False,False,high,medium
CTX2076,CUST0420,VEH0020,CONTR0420,SYNTHETIC,2026-09-19T08:33:00,10,Thursday,Curitiba,Sul,877,0,109.6,350,True,290,False,False,False,26.0,,True,False,high,high
CTX2077,CUST0128,VEH0028,CONTR0128,SYNTHETIC,2026-08-25T15:32:00,22,Sunday,Porto Alegre,Sul,2841,159,94.7,1500,False,0,True,True,True,18.0,,True,False,high,high
CTX2078,CUST0092,VEH0092,CONTR0092,SYNTHETIC,2026-09-06T18:16:00,6,Wednesday,Brasília,Centro-Oeste,1845,655,73.8,1000,False,0,True,False,True,62.0,,False,False,normal,medium
CTX2079,CUST0434,VEH0034,CONTR0434,SYNTHETIC,2026-09-08T15:12:00,14,Monday,Salvador,Nordeste,1082,0,108.2,4000,False,384,False,False,False,16.0,,True,False,high,medium
CTX2080,CUST0411,VEH0011,CONTR0411,SYNTHETIC,2026-08-23T22:27:00,6,Sunday,Curitiba,Sul,1138,62,94.8,4000,False,0,True,True,False,79.0,,False,False,high,medium
CTX2081,CUST0485,VEH0085,CONTR0485,SYNTHETIC,2026-08-30T18:03:00,7,Tuesday,Fortaleza,Nordeste,2278,0,113.9,700,True,242,False,False,True,91.0,,False,False,high,high
CTX2082,CUST0084,VEH0084,CONTR0084,SYNTHETIC,2026-08-25T07:05:00,8,Sunday,Fortaleza,Nordeste,540,260,67.5,700,False,360,False,False,False,81.0,,False,False,normal,low
CTX2083,CUST0142,VEH0042,CONTR0142,SYNTHETIC,2026-09-24T13:06:00,21,Saturday,Florianópolis,Sul,1820,680,72.8,1000,False,0,True,False,True,88.0,,False,False,normal,medium
CTX2084,CUST0051,VEH0051,CONTR0051,SYNTHETIC,2026-08-22T18:56:00,10,Sunday,Campinas,Sudeste,1859,0,123.9,700,True,420,False,True,False,32.0,,False,False,high,medium
CTX2085,CUST0482,VEH0082,CONTR0482,SYNTHETIC,2026-08-21T15:54:00,20,Sunday,Goiânia,Centro-Oeste,610,1190,33.9,2500,False,196,False,True,False,36.0,,False,False,low,low
CTX2086,CUST0269,VEH0069,CONTR0269,SYNTHETIC,2026-09-03T16:14:00,16,Friday,Florianópolis,Sul,415,1085,27.7,1500,False,54,True,True,False,70.0,,False,False,low,low
CTX2087,CUST0085,VEH0085,CONTR0085,SYNTHETIC,2026-09-03T22:47:00,6,Thursday,Florianópolis,Sul,957,0,119.6,350,True,493,False,False,False,50.0,,False,False,high,medium
CTX2088,CUST0071,VEH0071,CONTR0071,SYNTHETIC,2026-09-05T09:27:00,6,Friday,Belo Horizonte,Sudeste,2423,77,96.9,4000,False,127,False,True,False,53.0,,False,False,high,low
CTX2089,CUST0354,VEH0054,CONTR0354,SYNTHETIC,2026-08-24T18:16:00,21,Thursday,Brasília,Centro-Oeste,1360,140,90.7,2500,False,0,True,True,True,59.0,,False,False,high,high
CTX2090,CUST0397,VEH0097,CONTR0397,SYNTHETIC,2026-09-03T19:35:00,9,Monday,Brasília,Centro-Oeste,418,382,52.2,1000,False,230,False,True,False,83.0,,False,False,normal,low
CTX2091,CUST0094,VEH0094,CONTR0094,SYNTHETIC,2026-09-09T20:55:00,22,Monday,Campinas,Sudeste,1195,1305,47.8,1500,False,0,True,False,False,33.0,,False,False,normal,low
CTX2092,CUST0008,VEH0008,CONTR0008,SYNTHETIC,2026-09-23T12:56:00,18,Tuesday,Rio de Janeiro,Sudeste,1479,21,98.6,700,True,512,False,True,False,31.0,,False,False,high,medium
CTX2093,CUST0084,VEH0084,CONTR0084,SYNTHETIC,2026-08-27T17:54:00,20,Wednesday,Fortaleza,Nordeste,540,260,67.5,700,False,360,False,False,False,81.0,,False,False,normal,low
CTX2094,CUST0204,VEH0004,CONTR0204,SYNTHETIC,2026-09-04T09:15:00,17,Saturday,Brasília,Centro-Oeste,520,680,43.3,1500,True,0,True,True,False,56.0,,False,False,low,medium
CTX2095,CUST0384,VEH0084,CONTR0384,SYNTHETIC,2026-09-12T10:24:00,8,Monday,Rio de Janeiro,Sudeste,1015,185,84.6,1500,False,429,False,False,False,66.0,,False,False,high,low
CTX2096,CUST0246,VEH0046,CONTR0246,SYNTHETIC,2026-08-21T22:49:00,14,Sunday,Florianópolis,Sul,1690,310,84.5,1000,False,207,False,False,False,84.0,,False,True,high,medium
CTX2097,CUST0081,VEH0081,CONTR0081,SYNTHETIC,2026-09-23T15:34:00,15,Friday,Belo Horizonte,Sudeste,1997,503,79.9,700,True,0,True,True,True,35.0,,False,False,high,high
CTX2098,CUST0034,VEH0034,CONTR0034,SYNTHETIC,2026-08-24T08:52:00,6,Wednesday,Salvador,Nordeste,2227,0,123.7,4000,False,235,False,False,False,62.0,,False,False,high,low
CTX2099,CUST0440,VEH0040,CONTR0440,SYNTHETIC,2026-09-01T17:48:00,18,Saturday,Recife,Nordeste,1114,0,139.2,1000,True,322,False,True,True,16.0,,True,False,high,high
CTX2100,CUST0149,VEH0049,CONTR0149,SYNTHETIC,2026-09-10T13:19:00,8,Monday,Belo Horizonte,Sudeste,4309,0,172.4,2500,False,211,False,False,False,44.0,,False,False,high,low
CTX2101,CUST0002,VEH0002,CONTR0002,SYNTHETIC,2026-09-22T21:32:00,19,Sunday,Recife,Nordeste,563,237,70.4,700,True,0,True,False,False,74.0,,False,False,normal,medium
CTX2102,CUST0492,VEH0092,CONTR0492,SYNTHETIC,2026-09-24T10:34:00,8,Thursday,Salvador,Nordeste,1501,299,83.4,1500,False,117,True,True,False,15.0,,True,False,high,high
CTX2103,CUST0465,VEH0065,CONTR0465,SYNTHETIC,2026-08-26T21:32:00,9,Wednesday,Recife,Nordeste,608,192,76.0,1500,True,0,True,True,False,44.0,,False,False,normal,medium
CTX2104,CUST0186,VEH0086,CONTR0186,SYNTHETIC,2026-08-24T20:10:00,13,Saturday,Curitiba,Sul,2127,873,70.9,700,True,47,True,False,False,51.0,,False,True,normal,high
CTX2105,CUST0197,VEH0097,CONTR0197,SYNTHETIC,2026-09-08T14:27:00,20,Thursday,Belo Horizonte,Sudeste,676,824,45.1,1000,False,0,True,False,False,95.0,,False,False,normal,low
CTX2106,CUST0073,VEH0073,CONTR0073,SYNTHETIC,2026-09-28T22:29:00,9,Wednesday,Curitiba,Sul,516,284,64.5,700,False,15,True,False,True,41.0,,False,False,normal,medium
CTX2107,CUST0197,VEH0097,CONTR0197,SYNTHETIC,2026-09-01T07:13:00,9,Thursday,Belo Horizonte,Sudeste,676,824,45.1,1000,True,0,True,False,False,95.0,,False,False,normal,medium
CTX2108,CUST0163,VEH0063,CONTR0163,SYNTHETIC,2026-09-27T15:32:00,16,Saturday,Porto Alegre,Sul,1345,0,134.5,4000,False,380,False,True,False,92.0,,False,False,high,low
CTX2109,CUST0236,VEH0036,CONTR0236,SYNTHETIC,2026-09-06T22:25:00,10,Thursday,Campinas,Sudeste,818,182,81.8,350,True,18,True,True,False,23.0,,False,False,high,high
CTX2110,CUST0096,VEH0096,CONTR0096,SYNTHETIC,2026-09-03T18:43:00,12,Tuesday,Rio de Janeiro,Sudeste,2461,39,98.4,700,True,107,True,True,True,65.0,,False,False,high,high
CTX2111,CUST0245,VEH0045,CONTR0245,SYNTHETIC,2026-09-06T21:26:00,10,Wednesday,Curitiba,Sul,1056,0,132.0,1500,False,0,True,False,False,43.0,,False,False,high,medium
CTX2112,CUST0310,VEH0010,CONTR0310,SYNTHETIC,2026-09-28T19:57:00,6,Sunday,Fortaleza,Nordeste,2074,0,103.7,2500,False,80,True,False,False,16.0,,True,False,high,high
CTX2113,CUST0135,VEH0035,CONTR0135,SYNTHETIC,2026-09-08T13:16:00,6,Wednesday,Salvador,Nordeste,634,166,79.2,1000,True,341,False,True,False,47.0,,False,True,normal,medium
CTX2114,CUST0404,VEH0004,CONTR0404,SYNTHETIC,2026-09-26T16:38:00,20,Thursday,São Paulo,Sudeste,1177,23,98.1,350,True,520,False,False,False,66.0,,False,False,high,medium
CTX2115,CUST0488,VEH0088,CONTR0488,SYNTHETIC,2026-09-05T20:03:00,21,Friday,Goiânia,Centro-Oeste,1639,361,82.0,1500,False,244,False,False,False,55.0,,False,False,high,low
CTX2116,CUST0305,VEH0005,CONTR0305,SYNTHETIC,2026-09-27T06:15:00,22,Wednesday,Salvador,Nordeste,1381,0,138.1,350,True,46,True,False,True,64.0,,False,False,high,high
CTX2117,CUST0076,VEH0076,CONTR0076,SYNTHETIC,2026-09-18T11:03:00,11,Tuesday,Goiânia,Centro-Oeste,1185,815,59.2,483,True,300,False,True,False,82.0,,False,False,normal,low
CTX2118,CUST0484,VEH0084,CONTR0484,SYNTHETIC,2026-09-08T21:27:00,9,Thursday,Goiânia,Centro-Oeste,1996,0,133.1,2500,False,124,False,False,False,69.0,,False,False,high,low
CTX2119,CUST0055,VEH0055,CONTR0055,SYNTHETIC,2026-09-08T09:18:00,14,Sunday,Salvador,Nordeste,1552,248,86.2,2500,False,299,False,False,False,50.0,,False,False,high,low
CTX2120,CUST0283,VEH0083,CONTR0283,SYNTHETIC,2026-09-04T06:13:00,11,Tuesday,Rio de Janeiro,Sudeste,701,299,70.1,2500,False,356,False,False,False,76.0,,False,False,normal,low
CTX2121,CUST0016,VEH0016,CONTR0016,SYNTHETIC,2026-09-14T11:43:00,18,Wednesday,Brasília,Centro-Oeste,560,240,70.0,700,True,0,True,True,True,50.0,,False,False,normal,high
CTX2122,CUST0254,VEH0054,CONTR0254,SYNTHETIC,2026-09-02T06:58:00,12,Sunday,Recife,Nordeste,3415,0,136.6,1000,False,261,False,True,False,34.0,,False,True,high,medium
CTX2123,CUST0042,VEH0042,CONTR0042,SYNTHETIC,2026-09-29T15:37:00,12,Tuesday,Rio de Janeiro,Sudeste,3642,0,121.4,2500,False,161,False,False,False,29.0,,False,False,high,low
CTX2124,CUST0095,VEH0095,CONTR0095,SYNTHETIC,2026-09-17T09:55:00,20,Tuesday,Porto Alegre,Sul,2523,0,168.2,263,True,437,False,True,False,21.0,,True,False,high,high
CTX2125,CUST0289,VEH0089,CONTR0289,SYNTHETIC,2026-09-17T07:47:00,18,Sunday,Campinas,Sudeste,1162,0,116.2,700,True,89,True,True,False,86.0,,False,False,high,high
CTX2126,CUST0476,VEH0076,CONTR0476,SYNTHETIC,2026-08-23T16:06:00,13,Saturday,Curitiba,Sul,561,239,70.1,127,True,16,True,False,False,69.0,,False,False,normal,medium
CTX2127,CUST0310,VEH0010,CONTR0310,SYNTHETIC,2026-09-20T08:10:00,9,Sunday,Fortaleza,Nordeste,2074,0,103.7,2500,False,80,True,False,False,16.0,,True,False,high,high
CTX2128,CUST0199,VEH0099,CONTR0199,SYNTHETIC,2026-09-04T07:08:00,19,Saturday,São Paulo,Sudeste,1579,221,87.7,1500,False,239,False,False,False,47.0,,False,False,high,low
CTX2129,CUST0215,VEH0015,CONTR0215,SYNTHETIC,2026-08-21T15:22:00,12,Friday,Recife,Nordeste,352,848,29.3,350,True,412,False,True,False,64.0,,False,False,low,low
CTX2130,CUST0251,VEH0051,CONTR0251,SYNTHETIC,2026-08-28T19:19:00,6,Thursday,Florianópolis,Sul,2912,0,116.5,1500,False,44,True,True,True,82.0,,False,False,high,high
CTX2131,CUST0384,VEH0084,CONTR0384,SYNTHETIC,2026-08-20T09:36:00,11,Friday,Rio de Janeiro,Sudeste,1015,185,84.6,1500,True,429,False,False,False,66.0,,False,False,high,medium
CTX2132,CUST0024,VEH0024,CONTR0024,SYNTHETIC,2026-09-16T07:17:00,14,Friday,Belo Horizonte,Sudeste,2243,0,112.1,700,True,195,False,False,False,88.0,,False,False,high,medium
CTX2133,CUST0294,VEH0094,CONTR0294,SYNTHETIC,2026-09-19T13:13:00,11,Monday,Curitiba,Sul,1381,119,92.1,700,False,0,True,True,False,51.0,,False,False,high,medium
CTX2134,CUST0491,VEH0091,CONTR0491,SYNTHETIC,2026-08-21T16:22:00,7,Monday,São Paulo,Sudeste,1620,0,135.0,1500,False,211,False,False,True,58.0,,False,True,high,high
CTX2135,CUST0317,VEH0017,CONTR0317,SYNTHETIC,2026-09-29T13:54:00,18,Friday,Campinas,Sudeste,3081,0,123.2,2500,False,0,True,False,False,34.0,,False,False,high,medium
CTX2136,CUST0259,VEH0059,CONTR0259,SYNTHETIC,2026-09-19T11:18:00,13,Thursday,Curitiba,Sul,3792,0,126.4,4000,False,55,True,False,False,47.0,,False,False,high,medium
CTX2137,CUST0471,VEH0071,CONTR0471,SYNTHETIC,2026-09-09T13:07:00,10,Sunday,Salvador,Nordeste,4119,0,137.3,1000,True,400,False,False,True,31.0,,False,True,high,high
CTX2138,CUST0495,VEH0095,CONTR0495,SYNTHETIC,2026-09-10T18:20:00,10,Monday,Recife,Nordeste,1508,0,125.7,346,True,414,False,True,False,59.0,,False,False,high,medium
CTX2139,CUST0061,VEH0061,CONTR0061,SYNTHETIC,2026-09-12T17:17:00,11,Monday,Fortaleza,Nordeste,1184,0,148.0,1000,True,0,True,False,False,74.0,,False,False,high,high
CTX2140,CUST0465,VEH0065,CONTR0465,SYNTHETIC,2026-09-26T12:57:00,20,Wednesday,Recife,Nordeste,608,192,76.0,1500,False,0,True,True,False,44.0,,False,False,normal,low
CTX2141,CUST0319,VEH0019,CONTR0319,SYNTHETIC,2026-09-17T09:30:00,17,Tuesday,Campinas,Sudeste,2695,0,107.8,345,True,243,False,True,False,58.0,,False,False,high,medium
CTX2142,CUST0370,VEH0070,CONTR0370,SYNTHETIC,2026-08-30T18:16:00,18,Monday,Brasília,Centro-Oeste,730,70,91.2,4000,False,496,False,True,False,48.0,,False,False,high,low
CTX2143,CUST0460,VEH0060,CONTR0460,SYNTHETIC,2026-09-17T06:00:00,11,Saturday,Recife,Nordeste,1054,146,87.8,4000,False,463,False,False,False,39.0,,False,False,high,low
CTX2144,CUST0380,VEH0080,CONTR0380,SYNTHETIC,2026-09-25T08:22:00,13,Sunday,Fortaleza,Nordeste,212,588,26.5,4000,False,171,False,True,False,67.0,,False,True,low,low
CTX2145,CUST0170,VEH0070,CONTR0170,SYNTHETIC,2026-09-23T09:37:00,9,Wednesday,Goiânia,Centro-Oeste,1031,169,85.9,1500,False,0,True,False,False,29.0,,False,False,high,medium
CTX2146,CUST0122,VEH0022,CONTR0122,SYNTHETIC,2026-09-23T14:29:00,10,Wednesday,Fortaleza,Nordeste,732,68,91.5,2500,False,275,False,False,False,72.0,,False,False,high,low
CTX2147,CUST0355,VEH0055,CONTR0355,SYNTHETIC,2026-09-15T16:44:00,9,Friday,São Paulo,Sudeste,995,205,82.9,4000,False,218,False,True,False,59.0,,False,False,high,low
CTX2148,CUST0093,VEH0093,CONTR0093,SYNTHETIC,2026-09-07T12:13:00,13,Sunday,Curitiba,Sul,808,192,80.8,1000,False,315,False,False,False,85.0,,False,True,high,medium
CTX2149,CUST0088,VEH0088,CONTR0088,SYNTHETIC,2026-09-21T16:29:00,15,Thursday,Salvador,Nordeste,2412,588,80.4,4000,False,281,False,False,False,76.0,,False,False,high,low
CTX2150,CUST0141,VEH0041,CONTR0141,SYNTHETIC,2026-08-29T22:12:00,11,Sunday,Campinas,Sudeste,1077,1423,43.1,2500,False,57,True,False,False,43.0,,False,False,low,low
CTX2151,CUST0165,VEH0065,CONTR0165,SYNTHETIC,2026-08-30T14:25:00,21,Tuesday,Florianópolis,Sul,2528,472,84.3,4000,False,405,False,True,False,76.0,,False,False,normal,low
CTX2152,CUST0338,VEH0038,CONTR0338,SYNTHETIC,2026-09-11T17:05:00,18,Tuesday,Goiânia,Centro-Oeste,619,381,61.9,221,True,282,False,False,False,93.0,,False,False,normal,low
CTX2153,CUST0285,VEH0085,CONTR0285,SYNTHETIC,2026-09-20T17:46:00,18,Tuesday,Recife,Nordeste,3339,0,111.3,2500,False,98,False,True,False,82.0,,False,True,high,medium
CTX2154,CUST0388,VEH0088,CONTR0388,SYNTHETIC,2026-09-15T11:41:00,6,Monday,Salvador,Nordeste,2604,396,86.8,1000,True,220,False,False,False,52.0,,False,False,high,medium
CTX2155,CUST0436,VEH0036,CONTR0436,SYNTHETIC,2026-09-20T06:50:00,6,Friday,São Paulo,Sudeste,448,352,56.0,2500,False,145,False,False,True,57.0,,False,False,normal,low
CTX2156,CUST0360,VEH0060,CONTR0360,SYNTHETIC,2026-09-06T06:16:00,16,Sunday,Fortaleza,Nordeste,1564,236,86.9,4000,False,0,True,True,True,47.0,,False,False,high,high
CTX2157,CUST0430,VEH0030,CONTR0430,SYNTHETIC,2026-09-13T07:01:00,13,Friday,Curitiba,Sul,1746,0,145.5,4000,False,112,True,True,False,63.0,,False,False,high,medium
CTX2158,CUST0039,VEH0039,CONTR0039,SYNTHETIC,2026-09-19T11:08:00,11,Wednesday,Belo Horizonte,Sudeste,884,116,88.4,350,True,0,True,True,False,36.0,,False,False,high,high
CTX2159,CUST0429,VEH0029,CONTR0429,SYNTHETIC,2026-08-18T07:26:00,6,Friday,Goiânia,Centro-Oeste,704,796,46.9,1500,True,86,False,False,False,43.0,,False,False,normal,low
CTX2160,CUST0074,VEH0074,CONTR0074,SYNTHETIC,2026-08-19T19:53:00,7,Thursday,Fortaleza,Nordeste,2699,0,149.9,2500,False,160,False,False,False,86.0,,False,False,high,low
CTX2161,CUST0500,VEH0100,CONTR0500,SYNTHETIC,2026-09-09T06:00:00,16,Tuesday,São Paulo,Sudeste,1984,0,110.2,286,True,340,False,False,False,88.0,,False,False,high,medium
CTX2162,CUST0238,VEH0038,CONTR0238,SYNTHETIC,2026-08-20T10:54:00,13,Saturday,Rio de Janeiro,Sudeste,1895,105,94.8,206,True,281,False,False,False,61.0,,False,False,high,medium
CTX2163,CUST0057,VEH0057,CONTR0057,SYNTHETIC,2026-08-23T14:18:00,8,Thursday,Brasília,Centro-Oeste,1427,0,178.4,165,True,74,True,False,False,57.0,,False,True,high,high
CTX2164,CUST0154,VEH0054,CONTR0154,SYNTHETIC,2026-09-13T09:58:00,12,Thursday,Campinas,Sudeste,1468,532,73.4,350,True,145,False,False,False,75.0,,False,False,normal,low
CTX2165,CUST0092,VEH0092,CONTR0092,SYNTHETIC,2026-09-29T19:54:00,12,Sunday,Brasília,Centro-Oeste,1845,655,73.8,1000,True,0,True,False,True,62.0,,False,False,normal,high
CTX2166,CUST0129,VEH0029,CONTR0129,SYNTHETIC,2026-09-01T16:54:00,16,Monday,Salvador,Nordeste,1408,1092,56.3,1500,False,463,False,False,False,68.0,,False,False,normal,low
CTX2167,CUST0262,VEH0062,CONTR0262,SYNTHETIC,2026-09-20T15:44:00,11,Monday,Rio de Janeiro,Sudeste,1599,0,106.6,350,True,433,False,False,False,59.0,,False,False,high,medium
CTX2168,CUST0452,VEH0052,CONTR0452,SYNTHETIC,2026-09-27T21:10:00,13,Wednesday,Florianópolis,Sul,1146,0,114.6,1500,False,0,True,False,True,63.0,,False,False,high,high
CTX2169,CUST0177,VEH0077,CONTR0177,SYNTHETIC,2026-09-03T06:10:00,17,Sunday,Campinas,Sudeste,2041,459,81.6,2500,False,338,False,False,False,,74.0,False,False,high,low
CTX2170,CUST0151,VEH0051,CONTR0151,SYNTHETIC,2026-08-27T07:17:00,20,Tuesday,São Paulo,Sudeste,2828,0,113.1,350,True,0,True,True,False,31.0,,False,False,high,high
CTX2171,CUST0102,VEH0002,CONTR0102,SYNTHETIC,2026-10-01T16:14:00,22,Sunday,Goiânia,Centro-Oeste,2952,48,98.4,2500,False,171,False,False,False,19.0,,True,False,high,medium
CTX2172,CUST0173,VEH0073,CONTR0173,SYNTHETIC,2026-09-16T16:49:00,6,Sunday,Rio de Janeiro,Sudeste,2356,0,117.8,2500,False,112,True,False,False,35.0,,False,False,high,medium
CTX2173,CUST0409,VEH0009,CONTR0409,SYNTHETIC,2026-09-04T07:19:00,21,Sunday,Belo Horizonte,Sudeste,1356,1644,45.2,1000,False,44,True,True,False,17.0,,True,False,normal,medium
CTX2174,CUST0332,VEH0032,CONTR0332,SYNTHETIC,2026-08-29T14:17:00,12,Thursday,São Paulo,Sudeste,1793,0,119.5,2500,False,447,False,False,False,55.0,,False,False,high,low
CTX2175,CUST0027,VEH0027,CONTR0027,SYNTHETIC,2026-08-21T17:56:00,19,Wednesday,Campinas,Sudeste,1655,345,82.8,350,True,147,True,False,True,62.0,,False,False,normal,high
CTX2176,CUST0459,VEH0059,CONTR0459,SYNTHETIC,2026-09-06T08:23:00,15,Saturday,Campinas,Sudeste,4935,0,164.5,4000,False,184,False,False,False,51.0,,False,False,high,low
CTX2177,CUST0045,VEH0045,CONTR0045,SYNTHETIC,2026-08-18T11:36:00,9,Monday,Fortaleza,Nordeste,2460,40,98.4,1000,True,464,False,False,False,63.0,,False,False,high,medium
CTX2178,CUST0398,VEH0098,CONTR0398,SYNTHETIC,2026-08-27T18:01:00,15,Tuesday,Recife,Nordeste,1920,580,76.8,4000,False,0,True,False,False,30.0,,True,False,normal,medium
CTX2179,CUST0187,VEH0087,CONTR0187,SYNTHETIC,2026-09-16T20:17:00,19,Friday,Rio de Janeiro,Sudeste,2985,0,149.2,1500,True,7,True,True,True,88.0,,False,False,high,high
CTX2180,CUST0261,VEH0061,CONTR0261,SYNTHETIC,2026-09-18T06:52:00,18,Thursday,Goiânia,Centro-Oeste,1755,745,70.2,2500,False,213,False,False,False,42.0,,False,False,normal,low
CTX2181,CUST0359,VEH0059,CONTR0359,SYNTHETIC,2026-09-01T14:49:00,8,Friday,Belo Horizonte,Sudeste,1843,0,102.4,2500,False,0,True,False,True,45.0,,False,False,high,high
CTX2182,CUST0009,VEH0009,CONTR0009,SYNTHETIC,2026-08-19T07:24:00,21,Sunday,Florianópolis,Sul,5027,0,167.6,2500,False,404,False,False,False,44.0,,False,False,high,low
CTX2183,CUST0106,VEH0006,CONTR0106,SYNTHETIC,2026-08-18T22:48:00,21,Thursday,Salvador,Nordeste,2300,0,115.0,4000,False,321,False,False,False,56.0,,False,False,high,low
CTX2184,CUST0013,VEH0013,CONTR0013,SYNTHETIC,2026-08-26T10:08:00,9,Saturday,Florianópolis,Sul,4459,0,148.6,1500,False,300,False,False,False,25.0,,False,False,high,low
CTX2185,CUST0234,VEH0034,CONTR0234,SYNTHETIC,2026-09-06T20:01:00,19,Thursday,Fortaleza,Nordeste,1439,0,119.9,1500,False,469,False,False,False,35.0,,False,False,high,low
CTX2186,CUST0106,VEH0006,CONTR0106,SYNTHETIC,2026-08-19T06:30:00,12,Sunday,Salvador,Nordeste,2300,0,115.0,4000,False,321,False,False,False,56.0,,False,False,high,low
CTX2187,CUST0298,VEH0098,CONTR0298,SYNTHETIC,2026-09-21T21:07:00,10,Thursday,Belo Horizonte,Sudeste,1732,268,86.6,2500,False,0,True,False,False,52.0,,False,False,high,medium
CTX2188,CUST0360,VEH0060,CONTR0360,SYNTHETIC,2026-10-01T19:52:00,15,Friday,Fortaleza,Nordeste,1564,236,86.9,4000,False,0,True,False,True,47.0,,False,False,high,high
CTX2189,CUST0135,VEH0035,CONTR0135,SYNTHETIC,2026-08-25T13:56:00,8,Saturday,Salvador,Nordeste,634,166,79.2,1000,True,341,False,False,False,47.0,,False,True,normal,medium
CTX2190,CUST0395,VEH0095,CONTR0395,SYNTHETIC,2026-09-30T09:18:00,17,Sunday,São Paulo,Sudeste,466,334,58.2,239,True,0,True,False,False,15.0,,True,False,normal,high
CTX2191,CUST0290,VEH0090,CONTR0290,SYNTHETIC,2026-09-10T20:12:00,6,Wednesday,Recife,Nordeste,1156,44,96.3,350,True,0,True,True,False,83.0,,False,False,high,high
CTX2192,CUST0133,VEH0033,CONTR0133,SYNTHETIC,2026-09-14T13:51:00,7,Saturday,Porto Alegre,Sul,942,58,94.2,2500,False,95,False,False,False,71.0,,False,False,high,low
CTX2193,CUST0076,VEH0076,CONTR0076,SYNTHETIC,2026-10-01T18:40:00,18,Saturday,Goiânia,Centro-Oeste,1185,815,59.2,483,True,300,False,False,False,82.0,,False,False,normal,low
CTX2194,CUST0139,VEH0039,CONTR0139,SYNTHETIC,2026-09-28T09:24:00,14,Sunday,Curitiba,Sul,960,540,64.0,700,True,379,False,False,True,54.0,,False,False,normal,medium
CTX2195,CUST0298,VEH0098,CONTR0298,SYNTHETIC,2026-09-29T09:30:00,7,Friday,Belo Horizonte,Sudeste,1732,268,86.6,2500,False,0,True,False,False,52.0,,False,True,high,high
CTX2196,CUST0080,VEH0080,CONTR0080,SYNTHETIC,2026-09-30T22:40:00,7,Friday,Rio de Janeiro,Sudeste,3738,0,124.6,1000,True,452,False,True,False,88.0,,False,False,high,medium
CTX2197,CUST0328,VEH0028,CONTR0328,SYNTHETIC,2026-09-05T11:41:00,15,Sunday,Campinas,Sudeste,949,551,63.3,1000,False,447,False,True,False,46.0,,False,False,normal,low
CTX2198,CUST0154,VEH0054,CONTR0154,SYNTHETIC,2026-08-25T16:36:00,11,Saturday,Campinas,Sudeste,1468,532,73.4,350,True,145,False,False,False,75.0,,False,False,normal,low
CTX2199,CUST0332,VEH0032,CONTR0332,SYNTHETIC,2026-09-04T09:46:00,18,Sunday,São Paulo,Sudeste,1793,0,119.5,2500,False,447,False,False,False,55.0,,False,True,high,medium
CTX2200,CUST0057,VEH0057,CONTR0057,SYNTHETIC,2026-08-29T10:53:00,6,Tuesday,Brasília,Centro-Oeste,1427,0,178.4,165,True,74,True,False,False,57.0,,False,False,high,high
CTX2201,CUST0320,VEH0020,CONTR0320,SYNTHETIC,2026-09-05T12:43:00,14,Wednesday,Campinas,Sudeste,1138,62,94.8,350,True,272,False,True,False,62.0,,False,False,high,medium
CTX2202,CUST0138,VEH0038,CONTR0138,SYNTHETIC,2026-09-10T22:43:00,21,Monday,Brasília,Centro-Oeste,656,144,82.0,249,True,287,False,False,False,82.0,,False,False,high,medium
CTX2203,CUST0042,VEH0042,CONTR0042,SYNTHETIC,2026-09-21T17:13:00,19,Friday,Rio de Janeiro,Sudeste,3642,0,121.4,2500,False,161,False,True,False,29.0,,True,False,high,medium
CTX2204,CUST0010,VEH0010,CONTR0010,SYNTHETIC,2026-08-27T14:36:00,20,Thursday,Brasília,Centro-Oeste,3151,0,105.0,4000,False,476,False,True,False,38.0,,False,False,high,low
CTX2205,CUST0422,VEH0022,CONTR0422,SYNTHETIC,2026-09-13T13:24:00,16,Tuesday,Recife,Nordeste,1615,385,80.8,2500,False,455,False,True,False,15.0,,True,False,high,medium
CTX2206,CUST0433,VEH0033,CONTR0433,SYNTHETIC,2026-09-15T22:48:00,8,Saturday,Porto Alegre,Sul,2692,308,89.7,1000,True,122,False,False,False,90.0,,False,False,high,medium
CTX2207,CUST0273,VEH0073,CONTR0273,SYNTHETIC,2026-09-06T14:53:00,22,Friday,Florianópolis,Sul,2788,0,139.4,1000,True,0,True,True,False,91.0,,False,True,high,high
CTX2208,CUST0076,VEH0076,CONTR0076,SYNTHETIC,2026-08-17T18:26:00,10,Tuesday,Goiânia,Centro-Oeste,1185,815,59.2,483,True,300,False,True,False,82.0,,False,False,normal,low
CTX2209,CUST0492,VEH0092,CONTR0492,SYNTHETIC,2026-08-24T22:26:00,15,Friday,Salvador,Nordeste,1501,299,83.4,1500,False,117,True,False,False,15.0,,True,False,high,high
CTX2210,CUST0038,VEH0038,CONTR0038,SYNTHETIC,2026-08-20T11:08:00,7,Wednesday,Recife,Nordeste,1487,13,99.1,284,True,66,True,False,False,40.0,,False,False,high,high
CTX2211,CUST0096,VEH0096,CONTR0096,SYNTHETIC,2026-09-07T19:25:00,8,Thursday,Rio de Janeiro,Sudeste,2461,39,98.4,700,True,107,False,True,True,65.0,,False,False,high,high
CTX2212,CUST0486,VEH0086,CONTR0486,SYNTHETIC,2026-08-24T10:37:00,13,Tuesday,Rio de Janeiro,Sudeste,428,372,53.5,4000,False,0,True,False,False,74.0,,False,False,normal,low
CTX2213,CUST0165,VEH0065,CONTR0165,SYNTHETIC,2026-09-08T19:00:00,15,Monday,Florianópolis,Sul,2528,472,84.3,4000,False,405,False,False,False,76.0,,False,False,high,low
CTX2214,CUST0127,VEH0027,CONTR0127,SYNTHETIC,2026-09-15T13:06:00,16,Tuesday,Florianópolis,Sul,2957,43,98.6,350,True,66,True,False,False,38.0,,False,False,high,high
CTX2215,CUST0309,VEH0009,CONTR0309,SYNTHETIC,2026-09-30T06:57:00,8,Wednesday,Rio de Janeiro,Sudeste,1390,610,69.5,1500,False,383,False,False,False,76.0,,False,False,normal,low
CTX2216,CUST0153,VEH0053,CONTR0153,SYNTHETIC,2026-09-27T15:47:00,13,Sunday,Belo Horizonte,Sudeste,2224,0,148.3,2500,False,492,False,False,False,84.0,,False,False,high,low
CTX2217,CUST0018,VEH0018,CONTR0018,SYNTHETIC,2026-08-29T21:20:00,10,Saturday,Belo Horizonte,Sudeste,1122,78,93.5,350,True,466,False,True,False,50.0,,False,False,high,medium
CTX2218,CUST0432,VEH0032,CONTR0432,SYNTHETIC,2026-09-11T18:19:00,11,Saturday,Porto Alegre,Sul,2794,206,93.1,350,True,234,False,False,False,63.0,,False,False,high,medium
CTX2219,CUST0403,VEH0003,CONTR0403,SYNTHETIC,2026-09-22T07:33:00,11,Tuesday,Fortaleza,Nordeste,999,1,99.9,350,True,0,True,False,False,49.0,,False,False,high,high
CTX2220,CUST0173,VEH0073,CONTR0173,SYNTHETIC,2026-09-25T14:35:00,18,Tuesday,Rio de Janeiro,Sudeste,2356,0,117.8,2500,False,112,True,False,False,35.0,,False,False,high,medium
CTX2221,CUST0469,VEH0069,CONTR0469,SYNTHETIC,2026-09-26T21:42:00,17,Tuesday,Salvador,Nordeste,2109,0,105.5,1500,False,334,False,False,False,42.0,,False,False,high,low
CTX2222,CUST0322,VEH0022,CONTR0322,SYNTHETIC,2026-08-26T16:30:00,10,Sunday,Porto Alegre,Sul,1329,171,88.6,350,True,36,True,False,False,68.0,,False,False,high,high
CTX2223,CUST0392,VEH0092,CONTR0392,SYNTHETIC,2026-09-15T09:45:00,11,Wednesday,Fortaleza,Nordeste,1412,388,78.4,4000,False,0,True,True,True,22.0,,False,False,high,high
CTX2224,CUST0116,VEH0016,CONTR0116,SYNTHETIC,2026-09-06T09:00:00,7,Thursday,Belo Horizonte,Sudeste,1946,554,77.8,700,False,73,True,True,False,31.0,,False,False,normal,low
CTX2225,CUST0251,VEH0051,CONTR0251,SYNTHETIC,2026-09-28T13:26:00,8,Sunday,Florianópolis,Sul,2912,0,116.5,1500,True,44,True,False,True,82.0,,False,False,high,high
CTX2226,CUST0295,VEH0095,CONTR0295,SYNTHETIC,2026-08-25T08:37:00,12,Friday,Campinas,Sudeste,497,1303,27.6,454,True,517,False,False,False,23.0,,True,False,low,medium
CTX2227,CUST0248,VEH0048,CONTR0248,SYNTHETIC,2026-09-13T15:17:00,20,Wednesday,Campinas,Sudeste,1478,22,98.5,700,True,0,True,False,True,,66.0,False,False,high,high
CTX2228,CUST0282,VEH0082,CONTR0282,SYNTHETIC,2026-08-28T19:55:00,10,Sunday,Florianópolis,Sul,1392,408,77.3,2500,False,60,True,False,False,64.0,,False,True,normal,medium
CTX2229,CUST0116,VEH0016,CONTR0116,SYNTHETIC,2026-09-27T08:50:00,21,Saturday,Belo Horizonte,Sudeste,1946,554,77.8,700,True,73,False,False,False,31.0,,False,False,high,medium
CTX2230,CUST0018,VEH0018,CONTR0018,SYNTHETIC,2026-08-28T17:05:00,14,Wednesday,Belo Horizonte,Sudeste,1122,78,93.5,350,True,466,False,False,False,50.0,,False,False,high,medium
CTX2231,CUST0197,VEH0097,CONTR0197,SYNTHETIC,2026-09-09T22:00:00,17,Wednesday,Belo Horizonte,Sudeste,676,824,45.1,1000,True,0,True,False,False,95.0,,False,False,normal,medium
CTX2232,CUST0279,VEH0079,CONTR0279,SYNTHETIC,2026-09-14T18:42:00,17,Tuesday,Brasília,Centro-Oeste,2078,922,69.3,1500,False,152,False,False,False,30.0,,False,False,normal,low
CTX2233,CUST0309,VEH0009,CONTR0309,SYNTHETIC,2026-09-28T15:00:00,13,Sunday,Rio de Janeiro,Sudeste,1390,610,69.5,1500,False,383,False,False,False,76.0,,False,False,normal,low
CTX2234,CUST0411,VEH0011,CONTR0411,SYNTHETIC,2026-09-14T06:48:00,13,Friday,Curitiba,Sul,1138,62,94.8,4000,False,0,True,True,False,79.0,,False,False,high,medium
CTX2235,CUST0473,VEH0073,CONTR0473,SYNTHETIC,2026-09-07T18:49:00,11,Sunday,Curitiba,Sul,1626,0,135.5,4000,False,348,False,True,False,29.0,,True,True,high,high
CTX2236,CUST0482,VEH0082,CONTR0482,SYNTHETIC,2026-09-14T06:42:00,20,Friday,Goiânia,Centro-Oeste,610,1190,33.9,2500,False,196,False,False,False,36.0,,False,False,low,low
CTX2237,CUST0277,VEH0077,CONTR0277,SYNTHETIC,2026-09-26T18:18:00,19,Saturday,Fortaleza,Nordeste,2131,369,85.2,1500,False,0,True,False,True,,69.0,False,False,high,high
CTX2238,CUST0308,VEH0008,CONTR0308,SYNTHETIC,2026-09-28T12:38:00,20,Wednesday,Recife,Nordeste,3653,0,146.1,350,True,501,False,True,False,87.0,,False,False,high,medium
CTX2239,CUST0135,VEH0035,CONTR0135,SYNTHETIC,2026-08-24T21:02:00,11,Monday,Salvador,Nordeste,634,166,79.2,1000,False,341,False,False,False,47.0,,False,False,normal,low
CTX2240,CUST0348,VEH0048,CONTR0348,SYNTHETIC,2026-08-22T15:55:00,13,Monday,Recife,Nordeste,690,310,69.0,2500,False,464,False,False,True,,54.0,False,False,normal,low
CTX2241,CUST0048,VEH0048,CONTR0048,SYNTHETIC,2026-08-28T14:35:00,16,Friday,Recife,Nordeste,2172,0,120.7,1500,False,391,False,True,False,,94.0,False,False,high,low
CTX2242,CUST0025,VEH0025,CONTR0025,SYNTHETIC,2026-08-24T18:02:00,15,Thursday,Salvador,Nordeste,2415,0,120.8,4000,False,227,False,True,False,59.0,,False,False,high,low
CTX2243,CUST0409,VEH0009,CONTR0409,SYNTHETIC,2026-08-19T06:30:00,21,Wednesday,Belo Horizonte,Sudeste,1356,1644,45.2,1000,True,44,True,False,False,17.0,,True,False,normal,high
CTX2244,CUST0187,VEH0087,CONTR0187,SYNTHETIC,2026-08-28T10:58:00,12,Monday,Rio de Janeiro,Sudeste,2985,0,149.2,1500,False,7,True,False,True,88.0,,False,False,high,high
CTX2245,CUST0228,VEH0028,CONTR0228,SYNTHETIC,2026-09-10T13:36:00,14,Thursday,Campinas,Sudeste,1709,91,94.9,1000,False,215,False,False,False,52.0,,False,True,high,medium
CTX2246,CUST0449,VEH0049,CONTR0449,SYNTHETIC,2026-09-11T18:59:00,6,Wednesday,Rio de Janeiro,Sudeste,477,523,47.7,1500,True,0,True,True,False,45.0,,False,False,normal,medium
CTX2247,CUST0119,VEH0019,CONTR0119,SYNTHETIC,2026-09-23T17:31:00,20,Monday,Brasília,Centro-Oeste,917,0,114.6,342,True,171,False,True,False,94.0,,False,False,high,medium
CTX2248,CUST0111,VEH0011,CONTR0111,SYNTHETIC,2026-09-06T13:02:00,18,Thursday,Brasília,Centro-Oeste,1273,227,84.9,350,True,101,True,False,True,58.0,,False,False,normal,high
CTX2249,CUST0123,VEH0023,CONTR0123,SYNTHETIC,2026-08-21T08:41:00,19,Wednesday,São Paulo,Sudeste,3191,0,177.3,700,True,196,False,False,False,,37.0,False,False,high,medium
CTX2250,CUST0429,VEH0029,CONTR0429,SYNTHETIC,2026-08-25T09:10:00,7,Sunday,Goiânia,Centro-Oeste,704,796,46.9,1500,False,86,False,False,False,43.0,,False,False,normal,low
CTX2251,CUST0380,VEH0080,CONTR0380,SYNTHETIC,2026-09-15T16:10:00,12,Sunday,Fortaleza,Nordeste,212,588,26.5,4000,False,171,False,True,False,67.0,,False,False,low,low
CTX2252,CUST0483,VEH0083,CONTR0483,SYNTHETIC,2026-09-24T11:25:00,7,Monday,Florianópolis,Sul,2741,0,137.1,2500,False,136,True,True,False,33.0,,False,False,high,medium
CTX2253,CUST0320,VEH0020,CONTR0320,SYNTHETIC,2026-08-31T15:42:00,16,Wednesday,Campinas,Sudeste,1138,62,94.8,350,True,272,False,False,False,62.0,,False,False,high,medium
CTX2254,CUST0416,VEH0016,CONTR0416,SYNTHETIC,2026-08-24T15:44:00,15,Wednesday,Curitiba,Sul,1495,0,149.5,2500,False,55,True,False,False,68.0,,False,False,high,medium
CTX2255,CUST0116,VEH0016,CONTR0116,SYNTHETIC,2026-08-24T18:22:00,17,Friday,Belo Horizonte,Sudeste,1946,554,77.8,700,False,73,False,False,False,31.0,,False,False,high,low
CTX2256,CUST0109,VEH0009,CONTR0109,SYNTHETIC,2026-09-21T17:09:00,9,Thursday,Goiânia,Centro-Oeste,995,205,82.9,4000,False,0,True,True,False,95.0,,False,False,high,medium
CTX2257,CUST0316,VEH0016,CONTR0316,SYNTHETIC,2026-09-05T09:51:00,19,Sunday,Curitiba,Sul,2061,439,82.4,700,True,509,False,True,False,76.0,,False,False,high,medium
CTX2258,CUST0072,VEH0072,CONTR0072,SYNTHETIC,2026-08-22T10:48:00,19,Thursday,Campinas,Sudeste,1425,0,118.8,1500,False,246,False,True,False,42.0,,False,False,high,low
CTX2259,CUST0009,VEH0009,CONTR0009,SYNTHETIC,2026-09-27T17:12:00,6,Monday,Florianópolis,Sul,5027,0,167.6,2500,False,404,False,True,False,44.0,,False,False,high,low
CTX2260,CUST0226,VEH0026,CONTR0226,SYNTHETIC,2026-09-04T07:22:00,22,Thursday,São Paulo,Sudeste,1035,1465,41.4,2500,False,245,False,True,False,52.0,,False,False,low,low
CTX2261,CUST0293,VEH0093,CONTR0293,SYNTHETIC,2026-09-16T16:19:00,20,Friday,Porto Alegre,Sul,1620,0,162.0,1500,False,158,False,True,True,74.0,,False,False,high,medium
CTX2262,CUST0136,VEH0036,CONTR0136,SYNTHETIC,2026-09-25T16:44:00,20,Friday,Campinas,Sudeste,2433,67,97.3,1000,False,491,False,True,False,76.0,,False,False,high,low
CTX2263,CUST0028,VEH0028,CONTR0028,SYNTHETIC,2026-08-21T22:40:00,18,Thursday,Curitiba,Sul,2443,557,81.4,1500,False,62,True,False,False,84.0,,False,False,normal,low
CTX2264,CUST0494,VEH0094,CONTR0494,SYNTHETIC,2026-09-24T13:12:00,16,Saturday,Florianópolis,Sul,673,127,84.1,4000,False,182,False,True,False,18.0,,True,False,normal,low
CTX2265,CUST0311,VEH0011,CONTR0311,SYNTHETIC,2026-08-19T20:03:00,11,Tuesday,Brasília,Centro-Oeste,1264,236,84.3,700,True,127,True,True,False,77.0,,False,False,high,high
CTX2266,CUST0382,VEH0082,CONTR0382,SYNTHETIC,2026-08-21T09:36:00,11,Tuesday,Fortaleza,Nordeste,987,213,82.2,700,True,0,True,False,False,82.0,,False,False,high,high
CTX2267,CUST0014,VEH0014,CONTR0014,SYNTHETIC,2026-09-22T21:13:00,10,Tuesday,Belo Horizonte,Sudeste,1887,0,104.8,4000,False,63,True,False,False,63.0,,False,False,high,medium
CTX2268,CUST0290,VEH0090,CONTR0290,SYNTHETIC,2026-09-23T16:15:00,11,Sunday,Recife,Nordeste,1156,44,96.3,350,True,0,True,False,False,83.0,,False,False,high,high
CTX2269,CUST0203,VEH0003,CONTR0203,SYNTHETIC,2026-09-16T11:14:00,16,Saturday,Porto Alegre,Sul,2753,0,110.1,350,True,230,False,False,False,55.0,,False,False,high,medium
CTX2270,CUST0073,VEH0073,CONTR0073,SYNTHETIC,2026-09-15T06:04:00,19,Friday,Curitiba,Sul,516,284,64.5,700,False,15,True,False,True,41.0,,False,False,normal,medium
CTX2271,CUST0097,VEH0097,CONTR0097,SYNTHETIC,2026-08-31T08:38:00,22,Tuesday,Salvador,Nordeste,1743,1257,58.1,1500,False,34,True,False,False,45.0,,False,False,normal,low
CTX2272,CUST0456,VEH0056,CONTR0456,SYNTHETIC,2026-09-10T14:44:00,16,Tuesday,São Paulo,Sudeste,1759,41,97.7,2500,False,237,False,False,False,58.0,,False,False,high,low
CTX2273,CUST0460,VEH0060,CONTR0460,SYNTHETIC,2026-08-23T08:12:00,13,Monday,Recife,Nordeste,1054,146,87.8,4000,False,463,False,False,False,39.0,,False,False,high,low
CTX2274,CUST0016,VEH0016,CONTR0016,SYNTHETIC,2026-09-22T11:49:00,19,Saturday,Brasília,Centro-Oeste,560,240,70.0,700,False,0,True,True,True,50.0,,False,False,normal,medium
CTX2275,CUST0372,VEH0072,CONTR0372,SYNTHETIC,2026-09-27T19:56:00,22,Saturday,Campinas,Sudeste,445,555,44.5,700,True,172,False,True,True,63.0,,False,False,low,medium
CTX2276,CUST0492,VEH0092,CONTR0492,SYNTHETIC,2026-09-03T06:13:00,17,Monday,Salvador,Nordeste,1501,299,83.4,1500,False,117,True,True,False,15.0,,True,False,high,high
CTX2277,CUST0122,VEH0022,CONTR0122,SYNTHETIC,2026-09-12T10:40:00,15,Monday,Fortaleza,Nordeste,732,68,91.5,2500,False,275,False,False,False,72.0,,False,False,high,low
CTX2278,CUST0373,VEH0073,CONTR0373,SYNTHETIC,2026-08-31T14:01:00,19,Thursday,Rio de Janeiro,Sudeste,862,138,86.2,1500,False,187,False,True,False,41.0,,False,False,high,low
CTX2279,CUST0401,VEH0001,CONTR0401,SYNTHETIC,2026-08-26T06:53:00,19,Sunday,Belo Horizonte,Sudeste,1923,0,128.2,2500,False,0,True,True,False,79.0,,False,False,high,medium
CTX2280,CUST0082,VEH0082,CONTR0082,SYNTHETIC,2026-08-20T17:40:00,18,Sunday,São Paulo,Sudeste,1473,527,73.7,1500,False,0,True,False,False,75.0,,False,False,normal,low
CTX2281,CUST0135,VEH0035,CONTR0135,SYNTHETIC,2026-08-24T21:41:00,12,Monday,Salvador,Nordeste,634,166,79.2,1000,True,341,False,True,False,47.0,,False,False,normal,low
CTX2282,CUST0268,VEH0068,CONTR0268,SYNTHETIC,2026-09-14T08:16:00,22,Thursday,Curitiba,Sul,1708,0,113.9,4000,False,182,False,False,False,86.0,,False,False,high,low
CTX2283,CUST0018,VEH0018,CONTR0018,SYNTHETIC,2026-09-18T10:52:00,19,Sunday,Belo Horizonte,Sudeste,1122,78,93.5,350,True,466,False,False,False,50.0,,False,False,high,medium
CTX2284,CUST0447,VEH0047,CONTR0447,SYNTHETIC,2026-08-25T14:57:00,18,Monday,Campinas,Sudeste,830,170,83.0,700,True,0,True,True,False,17.0,,True,False,high,high
CTX2285,CUST0067,VEH0067,CONTR0067,SYNTHETIC,2026-08-23T15:35:00,16,Tuesday,Fortaleza,Nordeste,467,1333,25.9,1500,False,0,True,True,True,65.0,,False,False,low,medium
CTX2286,CUST0129,VEH0029,CONTR0129,SYNTHETIC,2026-08-18T11:08:00,12,Sunday,Salvador,Nordeste,1408,1092,56.3,1500,False,463,False,False,False,68.0,,False,False,normal,low
CTX2287,CUST0303,VEH0003,CONTR0303,SYNTHETIC,2026-09-21T16:25:00,20,Saturday,Fortaleza,Nordeste,1164,1336,46.6,700,True,150,False,False,False,50.0,,False,False,normal,low
CTX2288,CUST0259,VEH0059,CONTR0259,SYNTHETIC,2026-08-28T21:03:00,16,Saturday,Curitiba,Sul,3792,0,126.4,4000,False,55,True,False,False,47.0,,False,False,high,medium
CTX2289,CUST0280,VEH0080,CONTR0280,SYNTHETIC,2026-09-19T14:36:00,17,Thursday,Brasília,Centro-Oeste,2359,141,94.4,4000,False,447,False,False,False,80.0,,False,True,high,medium
CTX2290,CUST0157,VEH0057,CONTR0157,SYNTHETIC,2026-08-30T19:43:00,20,Friday,Rio de Janeiro,Sudeste,1776,724,71.0,188,True,498,False,False,False,35.0,,False,True,normal,medium
CTX2291,CUST0138,VEH0038,CONTR0138,SYNTHETIC,2026-09-03T10:12:00,18,Sunday,Brasília,Centro-Oeste,656,144,82.0,249,True,287,False,False,False,82.0,,False,False,high,medium
CTX2292,CUST0062,VEH0062,CONTR0062,SYNTHETIC,2026-09-07T18:08:00,6,Monday,Rio de Janeiro,Sudeste,800,0,100.0,4000,False,276,False,False,False,67.0,,False,False,high,low
CTX2293,CUST0215,VEH0015,CONTR0215,SYNTHETIC,2026-09-14T16:31:00,22,Thursday,Recife,Nordeste,352,848,29.3,350,True,412,False,False,False,64.0,,False,False,low,low
CTX2294,CUST0166,VEH0066,CONTR0166,SYNTHETIC,2026-09-15T21:27:00,14,Monday,Porto Alegre,Sul,1336,164,89.1,4000,False,0,True,False,False,28.0,,False,False,high,medium
CTX2295,CUST0004,VEH0004,CONTR0004,SYNTHETIC,2026-08-29T10:18:00,7,Wednesday,Porto Alegre,Sul,1003,197,83.6,350,True,416,False,False,False,34.0,,False,False,high,medium
CTX2296,CUST0037,VEH0037,CONTR0037,SYNTHETIC,2026-09-15T15:16:00,8,Sunday,Belo Horizonte,Sudeste,1739,0,115.9,2500,False,140,False,True,False,62.0,,False,False,high,low
CTX2297,CUST0263,VEH0063,CONTR0263,SYNTHETIC,2026-09-19T22:26:00,19,Monday,Porto Alegre,Sul,2922,0,116.9,350,True,224,False,False,False,50.0,,False,False,high,medium
CTX2298,CUST0263,VEH0063,CONTR0263,SYNTHETIC,2026-09-16T19:12:00,7,Friday,Porto Alegre,Sul,2922,0,116.9,350,True,224,False,False,False,50.0,,False,False,high,medium
CTX2299,CUST0153,VEH0053,CONTR0153,SYNTHETIC,2026-09-29T16:46:00,7,Friday,Belo Horizonte,Sudeste,2224,0,148.3,2500,False,492,False,True,False,84.0,,False,False,high,low
CTX2300,CUST0314,VEH0014,CONTR0314,SYNTHETIC,2026-08-25T06:37:00,19,Saturday,Goiânia,Centro-Oeste,484,316,60.5,2500,False,127,False,True,True,38.0,,False,True,normal,medium
CTX2301,CUST0034,VEH0034,CONTR0034,SYNTHETIC,2026-09-14T16:09:00,14,Monday,Salvador,Nordeste,2227,0,123.7,4000,False,235,False,True,False,62.0,,False,False,high,low
CTX2302,CUST0108,VEH0008,CONTR0108,SYNTHETIC,2026-09-29T20:13:00,17,Sunday,Campinas,Sudeste,1824,676,73.0,2500,False,0,True,True,False,87.0,,False,True,normal,medium
CTX2303,CUST0395,VEH0095,CONTR0395,SYNTHETIC,2026-10-01T16:31:00,13,Friday,São Paulo,Sudeste,466,334,58.2,239,True,0,True,False,False,15.0,,True,False,normal,high
CTX2304,CUST0129,VEH0029,CONTR0129,SYNTHETIC,2026-09-21T14:17:00,10,Saturday,Salvador,Nordeste,1408,1092,56.3,1500,False,463,False,False,False,68.0,,False,False,normal,low
CTX2305,CUST0447,VEH0047,CONTR0447,SYNTHETIC,2026-09-23T16:33:00,14,Friday,Campinas,Sudeste,830,170,83.0,700,False,0,True,False,False,17.0,,True,False,high,high
CTX2306,CUST0431,VEH0031,CONTR0431,SYNTHETIC,2026-08-26T20:42:00,20,Thursday,Rio de Janeiro,Sudeste,2026,0,135.1,2500,False,8,True,True,False,26.0,,False,False,high,medium
CTX2307,CUST0147,VEH0047,CONTR0147,SYNTHETIC,2026-08-20T15:04:00,22,Thursday,São Paulo,Sudeste,3372,0,134.9,1500,True,22,True,False,False,26.0,,True,False,high,high
CTX2308,CUST0378,VEH0078,CONTR0378,SYNTHETIC,2026-09-23T16:50:00,22,Sunday,Florianópolis,Sul,2433,567,81.1,1000,True,401,False,False,False,26.0,,False,True,normal,medium
CTX2309,CUST0203,VEH0003,CONTR0203,SYNTHETIC,2026-09-21T19:01:00,17,Saturday,Porto Alegre,Sul,2753,0,110.1,350,True,230,False,False,False,55.0,,False,False,high,medium
CTX2310,CUST0281,VEH0081,CONTR0281,SYNTHETIC,2026-09-13T22:13:00,9,Sunday,Rio de Janeiro,Sudeste,1456,344,80.9,1000,True,224,False,False,False,51.0,,False,False,normal,low
CTX2311,CUST0228,VEH0028,CONTR0228,SYNTHETIC,2026-09-18T08:23:00,8,Sunday,Campinas,Sudeste,1709,91,94.9,1000,True,215,False,False,False,52.0,,False,False,high,medium
CTX2312,CUST0272,VEH0072,CONTR0272,SYNTHETIC,2026-09-08T16:36:00,15,Thursday,Salvador,Nordeste,1369,0,114.1,350,True,223,False,False,False,78.0,,False,False,high,medium
CTX2313,CUST0319,VEH0019,CONTR0319,SYNTHETIC,2026-09-17T21:07:00,20,Friday,Campinas,Sudeste,2695,0,107.8,345,True,243,False,False,False,58.0,,False,False,high,medium
CTX2314,CUST0258,VEH0058,CONTR0258,SYNTHETIC,2026-09-28T07:45:00,19,Wednesday,Salvador,Nordeste,1391,0,115.9,4000,False,314,False,False,False,32.0,,False,False,high,low
CTX2315,CUST0422,VEH0022,CONTR0422,SYNTHETIC,2026-09-02T20:37:00,16,Saturday,Recife,Nordeste,1615,385,80.8,2500,False,455,False,False,False,15.0,,True,False,normal,low
CTX2316,CUST0133,VEH0033,CONTR0133,SYNTHETIC,2026-08-25T22:04:00,7,Sunday,Porto Alegre,Sul,942,58,94.2,2500,False,95,True,True,False,71.0,,False,False,high,medium
CTX2317,CUST0232,VEH0032,CONTR0232,SYNTHETIC,2026-08-24T07:35:00,15,Wednesday,Curitiba,Sul,1062,0,132.8,2500,False,0,True,True,False,56.0,,False,False,high,medium
CTX2318,CUST0262,VEH0062,CONTR0262,SYNTHETIC,2026-08-30T20:26:00,12,Friday,Rio de Janeiro,Sudeste,1599,0,106.6,350,True,433,False,True,False,59.0,,False,False,high,medium
CTX2319,CUST0012,VEH0012,CONTR0012,SYNTHETIC,2026-09-06T09:11:00,9,Saturday,Porto Alegre,Sul,749,51,93.6,1500,False,49,True,True,False,51.0,,False,True,high,high
CTX2320,CUST0403,VEH0003,CONTR0403,SYNTHETIC,2026-08-28T09:09:00,22,Saturday,Fortaleza,Nordeste,999,1,99.9,350,True,0,True,False,False,49.0,,False,False,high,high
CTX2321,CUST0199,VEH0099,CONTR0199,SYNTHETIC,2026-09-06T18:45:00,7,Sunday,São Paulo,Sudeste,1579,221,87.7,1500,False,239,False,False,False,47.0,,False,False,high,low
CTX2322,CUST0061,VEH0061,CONTR0061,SYNTHETIC,2026-08-27T10:24:00,13,Tuesday,Fortaleza,Nordeste,1184,0,148.0,1000,False,0,True,True,False,74.0,,False,False,high,medium
CTX2323,CUST0141,VEH0041,CONTR0141,SYNTHETIC,2026-09-16T16:02:00,19,Thursday,Campinas,Sudeste,1077,1423,43.1,2500,False,57,True,False,False,43.0,,False,False,low,low
CTX2324,CUST0168,VEH0068,CONTR0168,SYNTHETIC,2026-09-19T16:22:00,20,Monday,Brasília,Centro-Oeste,936,0,117.0,2500,False,397,False,False,False,62.0,,False,False,high,low
CTX2325,CUST0410,VEH0010,CONTR0410,SYNTHETIC,2026-08-20T12:06:00,16,Wednesday,Belo Horizonte,Sudeste,537,263,67.1,350,True,506,False,True,False,71.0,,False,False,normal,low
CTX2326,CUST0175,VEH0075,CONTR0175,SYNTHETIC,2026-09-23T08:33:00,21,Friday,Porto Alegre,Sul,839,961,46.6,1000,False,130,False,True,False,,71.0,False,False,normal,low
CTX2327,CUST0309,VEH0009,CONTR0309,SYNTHETIC,2026-09-12T17:32:00,12,Monday,Rio de Janeiro,Sudeste,1390,610,69.5,1500,False,383,False,True,False,76.0,,False,False,normal,low
CTX2328,CUST0498,VEH0098,CONTR0498,SYNTHETIC,2026-08-21T09:48:00,10,Tuesday,Rio de Janeiro,Sudeste,1637,1363,54.6,700,False,0,True,False,True,22.0,,True,False,normal,high
CTX2329,CUST0332,VEH0032,CONTR0332,SYNTHETIC,2026-09-11T18:52:00,8,Saturday,São Paulo,Sudeste,1793,0,119.5,2500,False,447,False,False,False,55.0,,False,False,high,low
CTX2330,CUST0020,VEH0020,CONTR0020,SYNTHETIC,2026-09-17T15:51:00,14,Wednesday,Belo Horizonte,Sudeste,2168,332,86.7,350,True,196,False,False,False,91.0,,False,True,high,high
CTX2331,CUST0219,VEH0019,CONTR0219,SYNTHETIC,2026-09-17T19:46:00,19,Wednesday,Recife,Nordeste,1726,0,172.6,103,True,355,False,True,False,77.0,,False,False,high,medium
CTX2332,CUST0417,VEH0017,CONTR0417,SYNTHETIC,2026-09-01T12:48:00,21,Friday,Campinas,Sudeste,2124,0,106.2,2500,False,73,True,False,False,45.0,,False,False,high,medium
CTX2333,CUST0339,VEH0039,CONTR0339,SYNTHETIC,2026-08-17T11:38:00,10,Saturday,Salvador,Nordeste,633,867,42.2,700,True,424,False,True,False,87.0,,False,False,low,low
CTX2334,CUST0225,VEH0025,CONTR0225,SYNTHETIC,2026-09-29T10:36:00,8,Wednesday,Goiânia,Centro-Oeste,576,1224,32.0,4000,False,497,False,True,False,64.0,,False,False,low,low
CTX2335,CUST0287,VEH0087,CONTR0287,SYNTHETIC,2026-09-17T11:19:00,8,Thursday,Recife,Nordeste,1407,0,117.3,350,True,0,True,False,False,60.0,,False,False,high,high
CTX2336,CUST0438,VEH0038,CONTR0438,SYNTHETIC,2026-08-25T19:51:00,18,Monday,Florianópolis,Sul,1642,0,164.2,207,True,432,False,False,True,23.0,,True,False,high,high
CTX2337,CUST0485,VEH0085,CONTR0485,SYNTHETIC,2026-08-17T14:24:00,11,Saturday,Fortaleza,Nordeste,2278,0,113.9,700,True,242,False,False,True,91.0,,False,False,high,high
CTX2338,CUST0063,VEH0063,CONTR0063,SYNTHETIC,2026-08-22T21:17:00,9,Thursday,Recife,Nordeste,2059,0,114.4,2500,False,225,False,True,False,63.0,,False,False,high,low
CTX2339,CUST0033,VEH0033,CONTR0033,SYNTHETIC,2026-09-27T22:42:00,9,Thursday,Fortaleza,Nordeste,1537,263,85.4,2500,False,476,False,False,False,52.0,,False,False,high,low
CTX2340,CUST0290,VEH0090,CONTR0290,SYNTHETIC,2026-09-14T21:24:00,7,Saturday,Recife,Nordeste,1156,44,96.3,350,True,0,True,False,False,83.0,,False,False,high,high
CTX2341,CUST0303,VEH0003,CONTR0303,SYNTHETIC,2026-09-30T10:37:00,10,Friday,Fortaleza,Nordeste,1164,1336,46.6,700,True,150,False,False,False,50.0,,False,False,normal,low
CTX2342,CUST0208,VEH0008,CONTR0208,SYNTHETIC,2026-09-22T19:54:00,17,Saturday,Recife,Nordeste,1030,0,128.8,1500,False,104,False,True,True,78.0,,False,False,high,medium
CTX2343,CUST0016,VEH0016,CONTR0016,SYNTHETIC,2026-09-07T20:29:00,9,Friday,Brasília,Centro-Oeste,560,240,70.0,700,True,0,True,True,True,50.0,,False,False,normal,high
CTX2344,CUST0383,VEH0083,CONTR0383,SYNTHETIC,2026-09-11T18:58:00,13,Wednesday,Curitiba,Sul,1368,0,114.0,4000,False,425,False,True,False,25.0,,True,False,high,medium
CTX2345,CUST0090,VEH0090,CONTR0090,SYNTHETIC,2026-09-14T07:04:00,12,Saturday,Rio de Janeiro,Sudeste,1887,1113,62.9,4000,False,135,False,False,True,51.0,,False,False,normal,low
CTX2346,CUST0225,VEH0025,CONTR0225,SYNTHETIC,2026-09-30T09:30:00,20,Friday,Goiânia,Centro-Oeste,576,1224,32.0,4000,False,497,False,False,False,64.0,,False,False,low,low
CTX2347,CUST0037,VEH0037,CONTR0037,SYNTHETIC,2026-09-13T06:39:00,11,Tuesday,Belo Horizonte,Sudeste,1739,0,115.9,2500,False,140,False,True,False,62.0,,False,False,high,low
CTX2348,CUST0126,VEH0026,CONTR0126,SYNTHETIC,2026-09-04T15:08:00,18,Sunday,Fortaleza,Nordeste,1707,93,94.8,1500,False,494,False,False,True,68.0,,False,False,high,medium
CTX2349,CUST0027,VEH0027,CONTR0027,SYNTHETIC,2026-09-18T08:36:00,17,Saturday,Campinas,Sudeste,1655,345,82.8,350,True,147,True,True,True,62.0,,False,False,normal,high
CTX2350,CUST0464,VEH0064,CONTR0464,SYNTHETIC,2026-09-20T21:43:00,20,Thursday,Goiânia,Centro-Oeste,3893,0,129.8,1000,True,372,False,True,False,48.0,,False,False,high,medium
CTX2351,CUST0436,VEH0036,CONTR0436,SYNTHETIC,2026-08-27T16:00:00,11,Saturday,São Paulo,Sudeste,448,352,56.0,2500,False,145,False,True,True,57.0,,False,True,normal,medium
CTX2352,CUST0411,VEH0011,CONTR0411,SYNTHETIC,2026-09-14T15:59:00,14,Friday,Curitiba,Sul,1138,62,94.8,4000,False,0,True,True,False,79.0,,False,False,high,medium
CTX2353,CUST0205,VEH0005,CONTR0205,SYNTHETIC,2026-10-01T15:30:00,13,Tuesday,Salvador,Nordeste,1554,0,129.5,700,True,520,False,True,False,85.0,,False,False,high,medium
CTX2354,CUST0034,VEH0034,CONTR0034,SYNTHETIC,2026-09-08T21:18:00,12,Tuesday,Salvador,Nordeste,2227,0,123.7,4000,False,235,False,False,False,62.0,,False,False,high,low
CTX2355,CUST0184,VEH0084,CONTR0184,SYNTHETIC,2026-08-29T20:37:00,16,Tuesday,Goiânia,Centro-Oeste,1366,434,75.9,1000,False,487,False,False,False,94.0,,False,False,high,low
CTX2356,CUST0033,VEH0033,CONTR0033,SYNTHETIC,2026-09-16T20:31:00,19,Thursday,Fortaleza,Nordeste,1537,263,85.4,2500,False,476,False,True,False,52.0,,False,True,high,medium
CTX2357,CUST0049,VEH0049,CONTR0049,SYNTHETIC,2026-08-18T21:15:00,8,Wednesday,Curitiba,Sul,651,1149,36.2,350,True,100,True,True,False,70.0,,False,True,low,high
CTX2358,CUST0106,VEH0006,CONTR0106,SYNTHETIC,2026-08-28T19:10:00,9,Sunday,Salvador,Nordeste,2300,0,115.0,4000,False,321,False,False,False,56.0,,False,False,high,low
CTX2359,CUST0008,VEH0008,CONTR0008,SYNTHETIC,2026-08-20T18:40:00,22,Wednesday,Rio de Janeiro,Sudeste,1479,21,98.6,700,True,512,False,True,False,31.0,,False,False,high,medium
CTX2360,CUST0217,VEH0017,CONTR0217,SYNTHETIC,2026-08-27T06:09:00,19,Sunday,Curitiba,Sul,1845,0,123.0,350,True,141,False,False,True,42.0,,False,False,high,high
CTX2361,CUST0297,VEH0097,CONTR0297,SYNTHETIC,2026-09-19T06:25:00,7,Monday,Fortaleza,Nordeste,2823,0,112.9,1000,True,0,True,True,False,30.0,,False,False,high,high
CTX2362,CUST0095,VEH0095,CONTR0095,SYNTHETIC,2026-08-21T16:58:00,6,Saturday,Porto Alegre,Sul,2523,0,168.2,263,True,437,False,True,False,21.0,,True,False,high,high
CTX2363,CUST0168,VEH0068,CONTR0168,SYNTHETIC,2026-09-22T06:25:00,19,Thursday,Brasília,Centro-Oeste,936,0,117.0,2500,False,397,False,True,False,62.0,,False,False,high,low
CTX2364,CUST0019,VEH0019,CONTR0019,SYNTHETIC,2026-09-22T06:06:00,18,Thursday,Florianópolis,Sul,3025,0,121.0,296,True,347,False,False,False,71.0,,False,False,high,medium
CTX2365,CUST0458,VEH0058,CONTR0458,SYNTHETIC,2026-09-29T07:20:00,13,Sunday,Brasília,Centro-Oeste,1116,384,74.4,350,True,166,False,True,False,25.0,,False,False,normal,low
CTX2366,CUST0301,VEH0001,CONTR0301,SYNTHETIC,2026-09-30T09:42:00,7,Sunday,Salvador,Nordeste,2245,755,74.8,1500,False,0,True,True,False,58.0,,False,False,normal,low
CTX2367,CUST0039,VEH0039,CONTR0039,SYNTHETIC,2026-09-25T12:14:00,11,Wednesday,Belo Horizonte,Sudeste,884,116,88.4,350,True,0,True,True,False,36.0,,False,False,high,high
CTX2368,CUST0093,VEH0093,CONTR0093,SYNTHETIC,2026-09-10T19:43:00,15,Wednesday,Curitiba,Sul,808,192,80.8,1000,True,315,False,False,False,85.0,,False,False,high,medium
CTX2369,CUST0065,VEH0065,CONTR0065,SYNTHETIC,2026-09-12T20:27:00,6,Tuesday,Rio de Janeiro,Sudeste,3156,0,126.2,1000,True,206,False,False,False,81.0,,False,False,high,medium
CTX2370,CUST0136,VEH0036,CONTR0136,SYNTHETIC,2026-08-25T17:15:00,19,Sunday,Campinas,Sudeste,2433,67,97.3,1000,True,491,False,True,False,76.0,,False,False,high,medium
CTX2371,CUST0233,VEH0033,CONTR0233,SYNTHETIC,2026-08-22T17:11:00,21,Sunday,Florianópolis,Sul,2571,429,85.7,2500,False,108,False,False,False,73.0,,False,False,high,low
CTX2372,CUST0119,VEH0019,CONTR0119,SYNTHETIC,2026-09-06T17:52:00,16,Friday,Brasília,Centro-Oeste,917,0,114.6,342,True,171,False,False,False,94.0,,False,False,high,medium
CTX2373,CUST0434,VEH0034,CONTR0434,SYNTHETIC,2026-09-16T22:03:00,19,Thursday,Salvador,Nordeste,1082,0,108.2,4000,False,384,False,True,False,16.0,,True,False,high,medium
CTX2374,CUST0154,VEH0054,CONTR0154,SYNTHETIC,2026-08-25T17:10:00,15,Thursday,Campinas,Sudeste,1468,532,73.4,350,True,145,True,False,False,75.0,,False,False,normal,medium
CTX2375,CUST0399,VEH0099,CONTR0399,SYNTHETIC,2026-09-18T19:08:00,16,Saturday,Florianópolis,Sul,688,112,86.0,1000,True,0,True,True,False,66.0,,False,False,high,high
CTX2376,CUST0128,VEH0028,CONTR0128,SYNTHETIC,2026-08-25T10:19:00,9,Wednesday,Porto Alegre,Sul,2841,159,94.7,1500,False,0,True,True,True,18.0,,True,False,high,high
CTX2377,CUST0244,VEH0044,CONTR0244,SYNTHETIC,2026-09-19T13:20:00,14,Tuesday,Rio de Janeiro,Sudeste,2589,411,86.3,1000,False,44,True,False,False,83.0,,False,False,high,medium
CTX2378,CUST0482,VEH0082,CONTR0482,SYNTHETIC,2026-08-26T06:26:00,9,Thursday,Goiânia,Centro-Oeste,610,1190,33.9,2500,False,196,False,True,False,36.0,,False,False,low,low
CTX2379,CUST0375,VEH0075,CONTR0375,SYNTHETIC,2026-08-28T08:26:00,9,Wednesday,Rio de Janeiro,Sudeste,781,419,65.1,2500,False,0,True,False,False,,53.0,False,False,normal,low
CTX2380,CUST0441,VEH0041,CONTR0441,SYNTHETIC,2026-08-21T12:44:00,20,Monday,Goiânia,Centro-Oeste,1649,1351,55.0,700,True,471,False,False,False,35.0,,False,False,normal,low
CTX2381,CUST0015,VEH0015,CONTR0015,SYNTHETIC,2026-09-01T11:49:00,6,Monday,Campinas,Sudeste,2701,0,180.1,350,True,0,True,True,False,36.0,,False,False,high,high
CTX2382,CUST0141,VEH0041,CONTR0141,SYNTHETIC,2026-09-14T12:07:00,10,Monday,Campinas,Sudeste,1077,1423,43.1,2500,False,57,True,True,False,43.0,,False,False,low,low
CTX2383,CUST0147,VEH0047,CONTR0147,SYNTHETIC,2026-09-14T10:47:00,11,Thursday,São Paulo,Sudeste,3372,0,134.9,1500,True,22,True,True,False,26.0,,False,False,high,high
CTX2384,CUST0432,VEH0032,CONTR0432,SYNTHETIC,2026-09-25T20:08:00,15,Monday,Porto Alegre,Sul,2794,206,93.1,350,True,234,False,True,False,63.0,,False,False,high,medium
CTX2385,CUST0111,VEH0011,CONTR0111,SYNTHETIC,2026-08-20T09:11:00,19,Saturday,Brasília,Centro-Oeste,1273,227,84.9,350,True,101,True,True,True,58.0,,False,False,normal,high
CTX2386,CUST0467,VEH0067,CONTR0467,SYNTHETIC,2026-09-03T06:26:00,13,Tuesday,Belo Horizonte,Sudeste,1243,0,124.3,1500,True,132,False,False,True,86.0,,False,False,high,high
CTX2387,CUST0169,VEH0069,CONTR0169,SYNTHETIC,2026-09-21T17:50:00,6,Monday,São Paulo,Sudeste,3187,0,127.5,4000,False,216,False,True,True,33.0,,False,False,high,medium
CTX2388,CUST0206,VEH0006,CONTR0206,SYNTHETIC,2026-09-26T12:14:00,13,Wednesday,São Paulo,Sudeste,1884,0,125.6,700,True,357,False,False,False,18.0,,True,False,high,high
CTX2389,CUST0498,VEH0098,CONTR0498,SYNTHETIC,2026-09-18T14:34:00,9,Wednesday,Rio de Janeiro,Sudeste,1637,1363,54.6,700,True,0,True,False,True,22.0,,True,False,normal,high
CTX2390,CUST0024,VEH0024,CONTR0024,SYNTHETIC,2026-09-18T07:04:00,14,Friday,Belo Horizonte,Sudeste,2243,0,112.1,700,True,195,False,False,False,88.0,,False,False,high,medium
CTX2391,CUST0047,VEH0047,CONTR0047,SYNTHETIC,2026-08-20T08:49:00,6,Monday,Florianópolis,Sul,1160,40,96.7,1500,False,141,False,False,False,94.0,,False,False,high,low
CTX2392,CUST0435,VEH0035,CONTR0435,SYNTHETIC,2026-09-05T19:59:00,9,Thursday,Brasília,Centro-Oeste,1813,0,100.7,1000,True,47,True,False,False,91.0,,False,False,high,high
CTX2393,CUST0469,VEH0069,CONTR0469,SYNTHETIC,2026-09-22T09:54:00,12,Wednesday,Salvador,Nordeste,2109,0,105.5,1500,False,334,False,True,False,42.0,,False,False,high,low
CTX2394,CUST0257,VEH0057,CONTR0257,SYNTHETIC,2026-09-19T08:27:00,7,Saturday,Brasília,Centro-Oeste,1355,445,75.3,174,True,487,False,True,False,90.0,,False,False,normal,low
CTX2395,CUST0245,VEH0045,CONTR0245,SYNTHETIC,2026-09-26T16:50:00,21,Monday,Curitiba,Sul,1056,0,132.0,1500,False,0,True,True,False,43.0,,False,False,high,medium
CTX2396,CUST0438,VEH0038,CONTR0438,SYNTHETIC,2026-09-25T15:59:00,6,Tuesday,Florianópolis,Sul,1642,0,164.2,207,True,432,False,False,True,23.0,,False,False,high,high
CTX2397,CUST0156,VEH0056,CONTR0156,SYNTHETIC,2026-08-21T08:18:00,8,Monday,Salvador,Nordeste,2249,0,112.5,1000,True,1,True,False,False,26.0,,False,False,high,high
CTX2398,CUST0068,VEH0068,CONTR0068,SYNTHETIC,2026-08-18T08:49:00,12,Thursday,Belo Horizonte,Sudeste,927,0,115.9,350,True,0,True,False,False,57.0,,False,False,high,high
CTX2399,CUST0244,VEH0044,CONTR0244,SYNTHETIC,2026-09-27T13:35:00,8,Monday,Rio de Janeiro,Sudeste,2589,411,86.3,1000,True,44,True,True,False,83.0,,False,False,high,high
CTX2400,CUST0471,VEH0071,CONTR0471,SYNTHETIC,2026-08-26T15:10:00,13,Saturday,Salvador,Nordeste,4119,0,137.3,1000,True,400,False,True,True,31.0,,False,False,high,high
CTX2401,CUST0078,VEH0078,CONTR0078,SYNTHETIC,2026-09-10T12:21:00,7,Thursday,Campinas,Sudeste,3361,0,112.0,350,True,477,False,True,True,59.0,,False,True,high,high
CTX2402,CUST0306,VEH0006,CONTR0306,SYNTHETIC,2026-09-09T16:10:00,16,Tuesday,Fortaleza,Nordeste,2074,0,115.2,350,True,0,True,False,False,39.0,,False,True,high,high
CTX2403,CUST0388,VEH0088,CONTR0388,SYNTHETIC,2026-09-13T21:46:00,8,Saturday,Salvador,Nordeste,2604,396,86.8,1000,True,220,False,False,False,52.0,,False,True,high,high
CTX2404,CUST0239,VEH0039,CONTR0239,SYNTHETIC,2026-08-26T13:03:00,6,Wednesday,Salvador,Nordeste,1832,668,73.3,1000,True,46,True,True,False,64.0,,False,False,normal,medium
CTX2405,CUST0055,VEH0055,CONTR0055,SYNTHETIC,2026-09-18T17:23:00,22,Wednesday,Salvador,Nordeste,1552,248,86.2,2500,False,299,False,False,False,50.0,,False,False,high,low
CTX2406,CUST0454,VEH0054,CONTR0454,SYNTHETIC,2026-09-07T18:08:00,17,Thursday,Fortaleza,Nordeste,1062,0,106.2,1500,False,237,False,False,False,94.0,,False,False,high,low
CTX2407,CUST0188,VEH0088,CONTR0188,SYNTHETIC,2026-09-26T15:54:00,14,Monday,Porto Alegre,Sul,890,110,89.0,1000,False,294,False,False,False,36.0,,False,False,high,low
CTX2408,CUST0430,VEH0030,CONTR0430,SYNTHETIC,2026-09-20T14:02:00,22,Thursday,Curitiba,Sul,1746,0,145.5,4000,False,112,True,False,False,63.0,,False,False,high,medium
CTX2409,CUST0399,VEH0099,CONTR0399,SYNTHETIC,2026-08-28T07:43:00,14,Sunday,Florianópolis,Sul,688,112,86.0,1000,False,0,True,False,False,66.0,,False,False,high,medium
CTX2410,CUST0389,VEH0089,CONTR0389,SYNTHETIC,2026-09-21T12:32:00,9,Monday,Recife,Nordeste,1192,0,119.2,2500,False,0,True,False,False,57.0,,False,False,high,medium
CTX2411,CUST0180,VEH0080,CONTR0180,SYNTHETIC,2026-08-27T10:18:00,6,Friday,Porto Alegre,Sul,875,625,58.3,2500,False,0,True,True,False,82.0,,False,False,normal,low
CTX2412,CUST0143,VEH0043,CONTR0143,SYNTHETIC,2026-08-25T15:02:00,6,Wednesday,Curitiba,Sul,1345,155,89.7,2500,False,98,False,False,False,63.0,,False,False,high,low
CTX2413,CUST0048,VEH0048,CONTR0048,SYNTHETIC,2026-09-08T09:45:00,9,Tuesday,Recife,Nordeste,2172,0,120.7,1500,False,391,False,True,False,,94.0,False,False,high,low
CTX2414,CUST0178,VEH0078,CONTR0178,SYNTHETIC,2026-09-22T11:49:00,22,Friday,Rio de Janeiro,Sudeste,1504,296,83.6,1000,False,23,True,False,False,25.0,,True,False,high,high
CTX2415,CUST0068,VEH0068,CONTR0068,SYNTHETIC,2026-09-08T21:35:00,7,Friday,Belo Horizonte,Sudeste,927,0,115.9,350,True,0,True,False,False,57.0,,False,False,high,high
CTX2416,CUST0389,VEH0089,CONTR0389,SYNTHETIC,2026-09-27T06:57:00,15,Monday,Recife,Nordeste,1192,0,119.2,2500,False,0,True,False,False,57.0,,False,False,high,medium
CTX2417,CUST0319,VEH0019,CONTR0319,SYNTHETIC,2026-09-23T22:48:00,9,Saturday,Campinas,Sudeste,2695,0,107.8,345,True,243,False,False,False,58.0,,False,False,high,medium
CTX2418,CUST0135,VEH0035,CONTR0135,SYNTHETIC,2026-09-23T07:11:00,8,Saturday,Salvador,Nordeste,634,166,79.2,1000,True,341,False,False,False,47.0,,False,False,normal,low
CTX2419,CUST0262,VEH0062,CONTR0262,SYNTHETIC,2026-08-27T06:43:00,13,Thursday,Rio de Janeiro,Sudeste,1599,0,106.6,350,True,433,False,False,False,59.0,,False,False,high,medium
CTX2420,CUST0286,VEH0086,CONTR0286,SYNTHETIC,2026-08-17T20:16:00,13,Sunday,Salvador,Nordeste,804,996,44.7,700,False,474,False,False,True,52.0,,False,False,low,low
CTX2421,CUST0369,VEH0069,CONTR0369,SYNTHETIC,2026-09-09T21:50:00,17,Friday,Florianópolis,Sul,796,2204,26.5,4000,False,0,True,False,False,42.0,,False,False,low,low
CTX2422,CUST0293,VEH0093,CONTR0293,SYNTHETIC,2026-10-01T19:38:00,19,Friday,Porto Alegre,Sul,1620,0,162.0,1500,False,158,False,True,True,74.0,,False,False,high,medium
CTX2423,CUST0327,VEH0027,CONTR0327,SYNTHETIC,2026-08-28T19:00:00,18,Monday,Fortaleza,Nordeste,3285,0,131.4,350,True,83,True,False,False,48.0,,False,False,high,high
CTX2424,CUST0373,VEH0073,CONTR0373,SYNTHETIC,2026-09-14T17:28:00,7,Monday,Rio de Janeiro,Sudeste,862,138,86.2,1500,False,187,False,True,False,41.0,,False,False,high,low
CTX2425,CUST0205,VEH0005,CONTR0205,SYNTHETIC,2026-08-20T08:19:00,7,Tuesday,Salvador,Nordeste,1554,0,129.5,700,True,520,False,True,False,85.0,,False,False,high,medium
CTX2426,CUST0184,VEH0084,CONTR0184,SYNTHETIC,2026-09-06T11:40:00,18,Wednesday,Goiânia,Centro-Oeste,1366,434,75.9,1000,True,487,False,False,False,94.0,,False,False,normal,low
CTX2427,CUST0138,VEH0038,CONTR0138,SYNTHETIC,2026-10-01T15:43:00,11,Tuesday,Brasília,Centro-Oeste,656,144,82.0,249,True,287,False,False,False,82.0,,False,False,high,medium
CTX2428,CUST0381,VEH0081,CONTR0381,SYNTHETIC,2026-09-29T14:05:00,20,Saturday,Recife,Nordeste,1547,253,85.9,1500,False,431,False,True,False,71.0,,False,False,high,low
CTX2429,CUST0065,VEH0065,CONTR0065,SYNTHETIC,2026-08-24T09:20:00,16,Wednesday,Rio de Janeiro,Sudeste,3156,0,126.2,1000,True,206,False,False,False,81.0,,False,False,high,medium
CTX2430,CUST0235,VEH0035,CONTR0235,SYNTHETIC,2026-09-07T06:10:00,14,Tuesday,Belo Horizonte,Sudeste,1066,734,59.2,2500,False,0,True,False,True,42.0,,False,False,normal,medium
CTX2431,CUST0189,VEH0089,CONTR0189,SYNTHETIC,2026-09-10T15:22:00,11,Tuesday,Fortaleza,Nordeste,907,893,50.4,2500,False,362,False,True,False,64.0,,False,False,normal,low
CTX2432,CUST0435,VEH0035,CONTR0435,SYNTHETIC,2026-09-30T10:38:00,19,Thursday,Brasília,Centro-Oeste,1813,0,100.7,1000,False,47,True,True,False,91.0,,False,False,high,medium
CTX2433,CUST0095,VEH0095,CONTR0095,SYNTHETIC,2026-08-24T10:53:00,10,Monday,Porto Alegre,Sul,2523,0,168.2,263,True,437,False,False,False,21.0,,False,False,high,medium
CTX2434,CUST0155,VEH0055,CONTR0155,SYNTHETIC,2026-09-24T17:43:00,13,Friday,Salvador,Nordeste,854,146,85.4,1500,False,0,True,True,False,73.0,,False,False,high,medium
CTX2435,CUST0091,VEH0091,CONTR0091,SYNTHETIC,2026-09-06T13:08:00,17,Sunday,São Paulo,Sudeste,1938,62,96.9,1500,True,0,True,False,False,32.0,,False,False,high,high
CTX2436,CUST0017,VEH0017,CONTR0017,SYNTHETIC,2026-08-28T17:00:00,11,Tuesday,Belo Horizonte,Sudeste,1182,0,118.2,350,True,66,True,True,True,92.0,,False,False,high,high
CTX2437,CUST0024,VEH0024,CONTR0024,SYNTHETIC,2026-09-18T17:39:00,13,Thursday,Belo Horizonte,Sudeste,2243,0,112.1,700,True,195,False,False,False,88.0,,False,False,high,medium
CTX2438,CUST0310,VEH0010,CONTR0310,SYNTHETIC,2026-08-17T16:27:00,9,Thursday,Fortaleza,Nordeste,2074,0,103.7,2500,False,80,False,True,False,16.0,,True,True,high,high
CTX2439,CUST0075,VEH0075,CONTR0075,SYNTHETIC,2026-08-31T08:32:00,17,Wednesday,Campinas,Sudeste,900,1100,45.0,350,True,385,False,True,False,,77.0,False,False,normal,low
CTX2440,CUST0497,VEH0097,CONTR0497,SYNTHETIC,2026-09-22T13:00:00,15,Sunday,Goiânia,Centro-Oeste,1470,0,122.5,1500,False,266,False,False,False,80.0,,False,False,high,low
CTX2441,CUST0400,VEH0100,CONTR0400,SYNTHETIC,2026-09-07T20:29:00,8,Wednesday,Florianópolis,Sul,930,0,116.3,114,True,280,False,True,False,63.0,,False,False,high,medium
CTX2442,CUST0170,VEH0070,CONTR0170,SYNTHETIC,2026-10-01T09:39:00,15,Sunday,Goiânia,Centro-Oeste,1031,169,85.9,1500,True,0,True,True,False,29.0,,True,False,high,high
CTX2443,CUST0181,VEH0081,CONTR0181,SYNTHETIC,2026-09-04T19:45:00,19,Wednesday,Fortaleza,Nordeste,1389,0,115.8,4000,False,482,False,False,True,55.0,,False,False,high,medium
CTX2444,CUST0030,VEH0030,CONTR0030,SYNTHETIC,2026-09-23T06:50:00,11,Friday,Salvador,Nordeste,877,323,73.1,1500,False,172,False,False,False,89.0,,False,False,normal,low
CTX2445,CUST0045,VEH0045,CONTR0045,SYNTHETIC,2026-08-23T07:09:00,10,Tuesday,Fortaleza,Nordeste,2460,40,98.4,1000,True,464,False,False,False,63.0,,False,False,high,medium
CTX2446,CUST0036,VEH0036,CONTR0036,SYNTHETIC,2026-09-30T18:40:00,21,Saturday,Rio de Janeiro,Sudeste,2042,0,136.1,350,True,280,False,False,False,25.0,,True,False,high,high
CTX2447,CUST0219,VEH0019,CONTR0219,SYNTHETIC,2026-09-24T17:37:00,10,Monday,Recife,Nordeste,1726,0,172.6,103,True,355,False,False,False,77.0,,False,False,high,medium
CTX2448,CUST0445,VEH0045,CONTR0445,SYNTHETIC,2026-08-31T08:05:00,15,Sunday,Recife,Nordeste,1715,85,95.3,350,True,128,False,False,False,19.0,,True,False,high,high
CTX2449,CUST0078,VEH0078,CONTR0078,SYNTHETIC,2026-09-02T16:49:00,13,Friday,Campinas,Sudeste,3361,0,112.0,350,True,477,False,False,True,59.0,,False,True,high,high
CTX2450,CUST0386,VEH0086,CONTR0386,SYNTHETIC,2026-08-24T22:54:00,18,Thursday,Goiânia,Centro-Oeste,2152,848,71.7,1000,True,219,False,False,False,21.0,,False,False,normal,low
CTX2451,CUST0314,VEH0014,CONTR0314,SYNTHETIC,2026-08-20T12:51:00,21,Thursday,Goiânia,Centro-Oeste,484,316,60.5,2500,False,127,True,True,True,38.0,,False,False,normal,medium
CTX2452,CUST0176,VEH0076,CONTR0176,SYNTHETIC,2026-09-14T06:52:00,18,Sunday,Florianópolis,Sul,390,610,39.0,276,True,246,False,True,False,25.0,,True,False,low,medium
CTX2453,CUST0181,VEH0081,CONTR0181,SYNTHETIC,2026-09-17T17:04:00,10,Thursday,Fortaleza,Nordeste,1389,0,115.8,4000,False,482,False,False,True,55.0,,False,False,high,medium
CTX2454,CUST0094,VEH0094,CONTR0094,SYNTHETIC,2026-08-31T17:43:00,18,Wednesday,Campinas,Sudeste,1195,1305,47.8,1500,False,0,True,False,False,33.0,,False,False,normal,low
CTX2455,CUST0477,VEH0077,CONTR0477,SYNTHETIC,2026-09-13T19:10:00,11,Wednesday,Goiânia,Centro-Oeste,723,77,90.4,1000,True,0,True,False,False,,60.0,False,False,high,high
CTX2456,CUST0417,VEH0017,CONTR0417,SYNTHETIC,2026-09-23T16:00:00,19,Friday,Campinas,Sudeste,2124,0,106.2,2500,False,73,True,False,False,45.0,,False,True,high,high
CTX2457,CUST0067,VEH0067,CONTR0067,SYNTHETIC,2026-09-22T07:55:00,19,Sunday,Fortaleza,Nordeste,467,1333,25.9,1500,True,0,True,False,True,65.0,,False,False,low,high
CTX2458,CUST0065,VEH0065,CONTR0065,SYNTHETIC,2026-09-11T06:39:00,20,Friday,Rio de Janeiro,Sudeste,3156,0,126.2,1000,True,206,False,True,False,81.0,,False,False,high,medium
CTX2459,CUST0399,VEH0099,CONTR0399,SYNTHETIC,2026-09-12T19:55:00,17,Monday,Florianópolis,Sul,688,112,86.0,1000,True,0,True,False,False,66.0,,False,True,high,high
CTX2460,CUST0096,VEH0096,CONTR0096,SYNTHETIC,2026-08-18T06:18:00,17,Thursday,Rio de Janeiro,Sudeste,2461,39,98.4,700,True,107,True,False,True,65.0,,False,False,high,high
CTX2461,CUST0371,VEH0071,CONTR0371,SYNTHETIC,2026-08-21T07:29:00,6,Tuesday,Rio de Janeiro,Sudeste,1736,764,69.4,1500,True,118,True,True,False,52.0,,False,False,normal,medium
CTX2462,CUST0118,VEH0018,CONTR0118,SYNTHETIC,2026-09-22T13:12:00,20,Saturday,Porto Alegre,Sul,722,278,72.2,4000,False,186,False,False,True,60.0,,False,False,normal,low
CTX2463,CUST0375,VEH0075,CONTR0375,SYNTHETIC,2026-09-27T18:31:00,18,Sunday,Rio de Janeiro,Sudeste,781,419,65.1,2500,False,0,True,True,False,,53.0,False,False,normal,low
CTX2464,CUST0374,VEH0074,CONTR0374,SYNTHETIC,2026-09-23T22:27:00,12,Monday,Campinas,Sudeste,1259,241,83.9,1500,True,378,False,True,False,46.0,,False,False,high,medium
CTX2465,CUST0058,VEH0058,CONTR0058,SYNTHETIC,2026-08-19T22:18:00,22,Wednesday,Campinas,Sudeste,2676,0,178.4,1500,False,188,False,False,True,78.0,,False,False,high,medium
CTX2466,CUST0065,VEH0065,CONTR0065,SYNTHETIC,2026-09-03T18:01:00,22,Tuesday,Rio de Janeiro,Sudeste,3156,0,126.2,1000,True,206,False,True,False,81.0,,False,False,high,medium
CTX2467,CUST0481,VEH0081,CONTR0481,SYNTHETIC,2026-09-10T14:38:00,15,Thursday,São Paulo,Sudeste,1023,0,102.3,1500,True,203,False,True,False,83.0,,False,False,high,medium
CTX2468,CUST0449,VEH0049,CONTR0449,SYNTHETIC,2026-09-28T09:55:00,12,Tuesday,Rio de Janeiro,Sudeste,477,523,47.7,1500,False,0,True,False,False,45.0,,False,False,normal,low
CTX2469,CUST0134,VEH0034,CONTR0134,SYNTHETIC,2026-10-01T08:06:00,16,Wednesday,Brasília,Centro-Oeste,2195,0,109.7,4000,False,343,False,False,False,82.0,,False,True,high,medium
CTX2470,CUST0201,VEH0001,CONTR0201,SYNTHETIC,2026-08-21T07:34:00,7,Tuesday,São Paulo,Sudeste,3453,0,115.1,4000,False,90,True,False,True,71.0,,False,False,high,high
CTX2471,CUST0488,VEH0088,CONTR0488,SYNTHETIC,2026-09-14T13:04:00,17,Thursday,Goiânia,Centro-Oeste,1639,361,82.0,1500,False,244,False,True,False,55.0,,False,True,high,medium
CTX2472,CUST0198,VEH0098,CONTR0198,SYNTHETIC,2026-09-25T14:32:00,12,Thursday,Brasília,Centro-Oeste,944,56,94.4,350,True,343,False,False,False,26.0,,False,False,high,medium
CTX2473,CUST0159,VEH0059,CONTR0159,SYNTHETIC,2026-08-22T06:06:00,18,Friday,Brasília,Centro-Oeste,2377,0,118.8,700,True,6,True,True,False,72.0,,False,True,high,high
CTX2474,CUST0477,VEH0077,CONTR0477,SYNTHETIC,2026-09-03T14:02:00,8,Friday,Goiânia,Centro-Oeste,723,77,90.4,1000,True,0,True,False,False,,60.0,False,False,high,high
CTX2475,CUST0020,VEH0020,CONTR0020,SYNTHETIC,2026-08-27T12:30:00,9,Thursday,Belo Horizonte,Sudeste,2168,332,86.7,350,True,196,False,False,False,91.0,,False,False,high,medium
CTX2476,CUST0048,VEH0048,CONTR0048,SYNTHETIC,2026-09-04T09:05:00,21,Sunday,Recife,Nordeste,2172,0,120.7,1500,False,391,False,False,False,,94.0,False,False,high,low
CTX2477,CUST0426,VEH0026,CONTR0426,SYNTHETIC,2026-08-20T12:10:00,19,Monday,Fortaleza,Nordeste,554,446,55.4,1500,True,115,True,False,False,58.0,,False,False,normal,medium
CTX2478,CUST0244,VEH0044,CONTR0244,SYNTHETIC,2026-09-18T17:12:00,14,Wednesday,Rio de Janeiro,Sudeste,2589,411,86.3,1000,False,44,True,False,False,83.0,,False,False,high,medium
CTX2479,CUST0330,VEH0030,CONTR0330,SYNTHETIC,2026-08-28T17:15:00,17,Tuesday,Curitiba,Sul,372,628,37.2,700,False,390,False,False,False,78.0,,False,False,low,low
CTX2480,CUST0127,VEH0027,CONTR0127,SYNTHETIC,2026-09-02T21:21:00,7,Monday,Florianópolis,Sul,2957,43,98.6,350,True,66,True,True,False,38.0,,False,False,high,high
CTX2481,CUST0349,VEH0049,CONTR0349,SYNTHETIC,2026-09-18T06:52:00,12,Monday,Brasília,Centro-Oeste,2702,298,90.1,350,True,396,False,False,False,77.0,,False,False,high,medium
CTX2482,CUST0078,VEH0078,CONTR0078,SYNTHETIC,2026-09-04T13:16:00,16,Monday,Campinas,Sudeste,3361,0,112.0,350,True,477,False,False,True,59.0,,False,False,high,high
CTX2483,CUST0327,VEH0027,CONTR0327,SYNTHETIC,2026-09-08T15:27:00,9,Tuesday,Fortaleza,Nordeste,3285,0,131.4,350,True,83,False,False,False,48.0,,False,False,high,medium
CTX2484,CUST0003,VEH0003,CONTR0003,SYNTHETIC,2026-09-23T06:40:00,20,Sunday,Goiânia,Centro-Oeste,689,111,86.1,4000,False,515,False,False,False,53.0,,False,False,high,low
CTX2485,CUST0425,VEH0025,CONTR0425,SYNTHETIC,2026-09-24T09:56:00,22,Wednesday,Curitiba,Sul,1078,722,59.9,1500,False,364,False,False,False,35.0,,False,False,normal,low
CTX2486,CUST0072,VEH0072,CONTR0072,SYNTHETIC,2026-10-01T07:00:00,20,Monday,Campinas,Sudeste,1425,0,118.8,1500,False,246,False,True,False,42.0,,False,False,high,low
CTX2487,CUST0075,VEH0075,CONTR0075,SYNTHETIC,2026-09-13T15:31:00,12,Saturday,Campinas,Sudeste,900,1100,45.0,350,True,385,False,True,False,,77.0,False,False,normal,low
CTX2488,CUST0494,VEH0094,CONTR0494,SYNTHETIC,2026-09-25T19:59:00,9,Saturday,Florianópolis,Sul,673,127,84.1,4000,False,182,False,False,False,18.0,,True,False,high,medium
CTX2489,CUST0297,VEH0097,CONTR0297,SYNTHETIC,2026-09-06T18:49:00,20,Thursday,Fortaleza,Nordeste,2823,0,112.9,1000,True,0,True,False,False,30.0,,False,False,high,high
CTX2490,CUST0152,VEH0052,CONTR0152,SYNTHETIC,2026-09-14T06:01:00,17,Tuesday,Recife,Nordeste,2075,0,138.3,4000,False,146,True,True,False,67.0,,False,False,high,medium
CTX2491,CUST0083,VEH0083,CONTR0083,SYNTHETIC,2026-09-02T12:44:00,11,Tuesday,Salvador,Nordeste,2628,0,105.1,350,True,208,False,True,False,34.0,,False,False,high,medium
CTX2492,CUST0429,VEH0029,CONTR0429,SYNTHETIC,2026-10-01T20:01:00,17,Saturday,Goiânia,Centro-Oeste,704,796,46.9,1500,False,86,False,False,False,43.0,,False,False,normal,low
CTX2493,CUST0146,VEH0046,CONTR0146,SYNTHETIC,2026-08-31T09:05:00,16,Monday,Rio de Janeiro,Sudeste,2421,79,96.8,4000,False,0,True,True,True,90.0,,False,True,high,high
CTX2494,CUST0382,VEH0082,CONTR0382,SYNTHETIC,2026-09-05T06:01:00,22,Monday,Fortaleza,Nordeste,987,213,82.2,700,False,0,True,False,False,82.0,,False,False,high,medium
CTX2495,CUST0069,VEH0069,CONTR0069,SYNTHETIC,2026-09-10T20:55:00,12,Tuesday,Campinas,Sudeste,597,903,39.8,1500,True,116,False,False,False,64.0,,False,False,low,low
CTX2496,CUST0164,VEH0064,CONTR0164,SYNTHETIC,2026-09-20T09:18:00,18,Thursday,Florianópolis,Sul,838,662,55.9,350,True,159,False,True,False,36.0,,False,False,normal,low
CTX2497,CUST0292,VEH0092,CONTR0292,SYNTHETIC,2026-09-05T18:54:00,15,Saturday,Rio de Janeiro,Sudeste,828,0,103.5,350,True,0,True,False,False,90.0,,False,False,high,high
CTX2498,CUST0426,VEH0026,CONTR0426,SYNTHETIC,2026-08-31T10:52:00,19,Thursday,Fortaleza,Nordeste,554,446,55.4,1500,False,115,False,False,False,58.0,,False,False,normal,low
CTX2499,CUST0187,VEH0087,CONTR0187,SYNTHETIC,2026-08-25T11:46:00,21,Saturday,Rio de Janeiro,Sudeste,2985,0,149.2,1500,False,7,True,True,True,88.0,,False,False,high,high
CTX2500,CUST0066,VEH0066,CONTR0066,SYNTHETIC,2026-08-20T10:01:00,18,Saturday,Fortaleza,Nordeste,727,73,90.9,4000,False,0,True,False,False,36.0,,False,False,high,medium
CTX2501,CUST0026,VEH0026,CONTR0026,SYNTHETIC,2026-08-27T16:17:00,12,Sunday,São Paulo,Sudeste,1153,347,76.9,1500,False,276,False,False,False,73.0,,False,False,normal,low
CTX2502,CUST0074,VEH0074,CONTR0074,SYNTHETIC,2026-08-21T12:15:00,16,Thursday,Fortaleza,Nordeste,2699,0,149.9,2500,False,160,False,True,False,86.0,,False,False,high,low
CTX2503,CUST0433,VEH0033,CONTR0433,SYNTHETIC,2026-09-29T07:33:00,13,Monday,Porto Alegre,Sul,2692,308,89.7,1000,True,122,False,True,False,90.0,,False,False,high,medium
CTX2504,CUST0284,VEH0084,CONTR0284,SYNTHETIC,2026-08-28T07:11:00,22,Saturday,Salvador,Nordeste,3486,0,116.2,4000,False,110,False,False,False,89.0,,False,True,high,medium
CTX2505,CUST0486,VEH0086,CONTR0486,SYNTHETIC,2026-08-24T11:39:00,7,Friday,Rio de Janeiro,Sudeste,428,372,53.5,4000,False,0,True,False,False,74.0,,False,False,normal,low
CTX2506,CUST0379,VEH0079,CONTR0379,SYNTHETIC,2026-09-04T08:15:00,19,Thursday,Salvador,Nordeste,1126,0,112.6,1000,True,355,False,False,False,68.0,,False,False,high,medium
CTX2507,CUST0088,VEH0088,CONTR0088,SYNTHETIC,2026-09-04T22:04:00,17,Sunday,Salvador,Nordeste,2412,588,80.4,4000,False,281,False,False,False,76.0,,False,False,normal,low
CTX2508,CUST0443,VEH0043,CONTR0443,SYNTHETIC,2026-08-17T13:04:00,8,Monday,Curitiba,Sul,913,0,114.1,1500,False,415,False,False,False,84.0,,False,False,high,low
CTX2509,CUST0179,VEH0079,CONTR0179,SYNTHETIC,2026-09-19T20:39:00,22,Wednesday,Recife,Nordeste,1108,92,92.3,1500,False,276,False,False,False,88.0,,False,False,high,low
CTX2510,CUST0072,VEH0072,CONTR0072,SYNTHETIC,2026-08-24T13:30:00,19,Saturday,Campinas,Sudeste,1425,0,118.8,1500,False,246,False,False,False,42.0,,False,False,high,low
CTX2511,CUST0443,VEH0043,CONTR0443,SYNTHETIC,2026-09-04T21:44:00,9,Friday,Curitiba,Sul,913,0,114.1,1500,False,415,False,False,False,84.0,,False,False,high,low
CTX2512,CUST0254,VEH0054,CONTR0254,SYNTHETIC,2026-09-18T19:59:00,13,Thursday,Recife,Nordeste,3415,0,136.6,1000,True,261,False,False,False,34.0,,False,False,high,medium
CTX2513,CUST0279,VEH0079,CONTR0279,SYNTHETIC,2026-08-22T11:29:00,18,Tuesday,Brasília,Centro-Oeste,2078,922,69.3,1500,False,152,False,False,False,30.0,,True,False,normal,low
CTX2514,CUST0304,VEH0004,CONTR0304,SYNTHETIC,2026-08-18T22:00:00,12,Thursday,São Paulo,Sudeste,2591,0,172.7,4000,False,317,False,False,False,41.0,,False,False,high,low
CTX2515,CUST0330,VEH0030,CONTR0330,SYNTHETIC,2026-08-21T06:29:00,15,Friday,Curitiba,Sul,372,628,37.2,700,True,390,False,False,False,78.0,,False,False,low,low
CTX2516,CUST0299,VEH0099,CONTR0299,SYNTHETIC,2026-09-01T20:09:00,19,Wednesday,Porto Alegre,Sul,1734,266,86.7,700,True,391,False,False,False,87.0,,False,False,high,medium
CTX2517,CUST0499,VEH0099,CONTR0499,SYNTHETIC,2026-08-27T17:47:00,6,Wednesday,Florianópolis,Sul,2726,274,90.9,350,True,394,False,True,False,28.0,,False,False,high,medium
CTX2518,CUST0016,VEH0016,CONTR0016,SYNTHETIC,2026-09-07T16:30:00,12,Friday,Brasília,Centro-Oeste,560,240,70.0,700,False,0,True,True,True,50.0,,False,False,normal,medium
CTX2519,CUST0036,VEH0036,CONTR0036,SYNTHETIC,2026-08-28T20:05:00,9,Sunday,Rio de Janeiro,Sudeste,2042,0,136.1,350,True,280,False,True,False,25.0,,True,False,high,high
CTX2520,CUST0158,VEH0058,CONTR0158,SYNTHETIC,2026-08-17T11:16:00,14,Friday,Curitiba,Sul,2474,0,123.7,350,True,0,True,True,False,20.0,,True,False,high,high
CTX2521,CUST0361,VEH0061,CONTR0361,SYNTHETIC,2026-08-22T20:03:00,13,Saturday,Curitiba,Sul,1920,80,96.0,1500,False,382,False,False,False,57.0,,False,False,high,low
CTX2522,CUST0009,VEH0009,CONTR0009,SYNTHETIC,2026-09-22T16:40:00,6,Monday,Florianópolis,Sul,5027,0,167.6,2500,False,404,False,False,False,44.0,,False,False,high,low
CTX2523,CUST0330,VEH0030,CONTR0330,SYNTHETIC,2026-09-30T18:42:00,17,Tuesday,Curitiba,Sul,372,628,37.2,700,True,390,False,False,False,78.0,,False,False,low,low
CTX2524,CUST0093,VEH0093,CONTR0093,SYNTHETIC,2026-08-22T06:24:00,11,Monday,Curitiba,Sul,808,192,80.8,1000,True,315,False,False,False,85.0,,False,False,high,medium
CTX2525,CUST0007,VEH0007,CONTR0007,SYNTHETIC,2026-09-20T18:41:00,19,Tuesday,Rio de Janeiro,Sudeste,1180,20,98.3,2500,False,452,False,False,True,73.0,,False,False,high,medium
CTX2526,CUST0133,VEH0033,CONTR0133,SYNTHETIC,2026-09-13T06:44:00,16,Thursday,Porto Alegre,Sul,942,58,94.2,2500,False,95,False,False,False,71.0,,False,False,high,low
CTX2527,CUST0453,VEH0053,CONTR0453,SYNTHETIC,2026-08-24T17:57:00,19,Saturday,Florianópolis,Sul,1195,805,59.8,1500,False,306,False,False,False,87.0,,False,False,normal,low
CTX2528,CUST0398,VEH0098,CONTR0398,SYNTHETIC,2026-09-18T17:41:00,15,Wednesday,Recife,Nordeste,1920,580,76.8,4000,False,0,True,False,False,30.0,,True,False,normal,medium
CTX2529,CUST0482,VEH0082,CONTR0482,SYNTHETIC,2026-08-21T19:57:00,19,Wednesday,Goiânia,Centro-Oeste,610,1190,33.9,2500,False,196,False,True,False,36.0,,False,False,low,low
CTX2530,CUST0475,VEH0075,CONTR0475,SYNTHETIC,2026-09-17T17:41:00,19,Saturday,Goiânia,Centro-Oeste,946,554,63.1,1500,False,0,True,True,False,,86.0,False,False,normal,low
CTX2531,CUST0082,VEH0082,CONTR0082,SYNTHETIC,2026-08-29T16:15:00,10,Monday,São Paulo,Sudeste,1473,527,73.7,1500,True,0,True,False,False,75.0,,False,False,normal,medium
CTX2532,CUST0441,VEH0041,CONTR0441,SYNTHETIC,2026-08-24T15:15:00,11,Sunday,Goiânia,Centro-Oeste,1649,1351,55.0,700,True,471,False,False,False,35.0,,False,False,normal,low
CTX2533,CUST0453,VEH0053,CONTR0453,SYNTHETIC,2026-09-16T19:38:00,16,Sunday,Florianópolis,Sul,1195,805,59.8,1500,True,306,False,True,False,87.0,,False,False,normal,low
CTX2534,CUST0275,VEH0075,CONTR0275,SYNTHETIC,2026-09-28T17:46:00,7,Friday,Florianópolis,Sul,2019,0,134.6,700,False,409,False,True,False,,55.0,False,False,high,low
CTX2535,CUST0090,VEH0090,CONTR0090,SYNTHETIC,2026-09-02T12:17:00,11,Sunday,Rio de Janeiro,Sudeste,1887,1113,62.9,4000,False,135,True,True,True,51.0,,False,False,normal,medium
CTX2536,CUST0309,VEH0009,CONTR0309,SYNTHETIC,2026-08-31T10:54:00,16,Wednesday,Rio de Janeiro,Sudeste,1390,610,69.5,1500,False,383,False,True,False,76.0,,False,False,normal,low
CTX2537,CUST0326,VEH0026,CONTR0326,SYNTHETIC,2026-09-05T10:21:00,17,Monday,Recife,Nordeste,1965,0,163.8,1500,False,222,False,True,True,15.0,,True,False,high,high
CTX2538,CUST0182,VEH0082,CONTR0182,SYNTHETIC,2026-09-10T06:42:00,11,Friday,Curitiba,Sul,2096,0,116.4,4000,False,290,False,True,False,75.0,,False,False,high,low
CTX2539,CUST0049,VEH0049,CONTR0049,SYNTHETIC,2026-09-02T14:49:00,13,Sunday,Curitiba,Sul,651,1149,36.2,350,True,100,True,True,False,70.0,,False,False,low,medium
CTX2540,CUST0115,VEH0015,CONTR0115,SYNTHETIC,2026-09-25T09:09:00,13,Saturday,Salvador,Nordeste,1206,0,120.6,4000,False,93,True,False,False,76.0,,False,True,high,high
CTX2541,CUST0181,VEH0081,CONTR0181,SYNTHETIC,2026-09-15T10:35:00,19,Sunday,Fortaleza,Nordeste,1389,0,115.8,4000,False,482,False,False,True,55.0,,False,False,high,medium
CTX2542,CUST0346,VEH0046,CONTR0346,SYNTHETIC,2026-08-31T13:33:00,12,Friday,Rio de Janeiro,Sudeste,2054,0,102.7,350,True,412,False,False,False,18.0,,True,False,high,high
CTX2543,CUST0367,VEH0067,CONTR0367,SYNTHETIC,2026-09-04T07:51:00,8,Friday,Florianópolis,Sul,1069,431,71.3,2500,False,243,False,True,False,52.0,,False,False,normal,low
CTX2544,CUST0119,VEH0019,CONTR0119,SYNTHETIC,2026-09-09T17:20:00,13,Saturday,Brasília,Centro-Oeste,917,0,114.6,342,True,171,False,False,False,94.0,,False,False,high,medium
CTX2545,CUST0233,VEH0033,CONTR0233,SYNTHETIC,2026-09-05T20:12:00,13,Thursday,Florianópolis,Sul,2571,429,85.7,2500,False,108,False,False,False,73.0,,False,False,high,low
CTX2546,CUST0129,VEH0029,CONTR0129,SYNTHETIC,2026-09-08T19:46:00,11,Sunday,Salvador,Nordeste,1408,1092,56.3,1500,True,463,False,False,False,68.0,,False,False,normal,low
CTX2547,CUST0218,VEH0018,CONTR0218,SYNTHETIC,2026-09-24T22:50:00,20,Thursday,Salvador,Nordeste,1078,922,53.9,2500,False,472,False,True,False,62.0,,False,True,normal,low
CTX2548,CUST0082,VEH0082,CONTR0082,SYNTHETIC,2026-09-04T13:01:00,13,Friday,São Paulo,Sudeste,1473,527,73.7,1500,False,0,True,True,False,75.0,,False,False,normal,low
CTX2549,CUST0307,VEH0007,CONTR0307,SYNTHETIC,2026-09-10T07:45:00,16,Saturday,Curitiba,Sul,1429,71,95.3,1500,False,14,True,True,False,94.0,,False,False,high,medium
CTX2550,CUST0316,VEH0016,CONTR0316,SYNTHETIC,2026-09-20T12:17:00,13,Sunday,Curitiba,Sul,2061,439,82.4,700,True,509,False,False,False,76.0,,False,False,high,medium
CTX2551,CUST0398,VEH0098,CONTR0398,SYNTHETIC,2026-09-28T10:23:00,13,Thursday,Recife,Nordeste,1920,580,76.8,4000,False,0,True,False,False,30.0,,False,False,normal,low
CTX2552,CUST0153,VEH0053,CONTR0153,SYNTHETIC,2026-09-25T13:16:00,10,Thursday,Belo Horizonte,Sudeste,2224,0,148.3,2500,False,492,False,False,False,84.0,,False,False,high,low
CTX2553,CUST0186,VEH0086,CONTR0186,SYNTHETIC,2026-09-24T16:18:00,6,Saturday,Curitiba,Sul,2127,873,70.9,700,True,47,True,False,False,51.0,,False,False,normal,medium
CTX2554,CUST0147,VEH0047,CONTR0147,SYNTHETIC,2026-09-12T13:27:00,17,Tuesday,São Paulo,Sudeste,3372,0,134.9,1500,False,22,True,True,False,26.0,,True,False,high,high
CTX2555,CUST0469,VEH0069,CONTR0469,SYNTHETIC,2026-09-24T09:20:00,6,Thursday,Salvador,Nordeste,2109,0,105.5,1500,False,334,False,False,False,42.0,,False,False,high,low
CTX2556,CUST0076,VEH0076,CONTR0076,SYNTHETIC,2026-09-10T08:58:00,20,Tuesday,Goiânia,Centro-Oeste,1185,815,59.2,483,True,300,False,False,False,82.0,,False,False,normal,low
CTX2557,CUST0439,VEH0039,CONTR0439,SYNTHETIC,2026-09-28T22:31:00,13,Sunday,Curitiba,Sul,1446,354,80.3,1000,True,239,False,False,False,49.0,,False,False,normal,low
CTX2558,CUST0317,VEH0017,CONTR0317,SYNTHETIC,2026-09-27T16:28:00,12,Saturday,Campinas,Sudeste,3081,0,123.2,2500,False,0,True,True,False,34.0,,False,False,high,medium
CTX2559,CUST0236,VEH0036,CONTR0236,SYNTHETIC,2026-08-19T20:31:00,6,Thursday,Campinas,Sudeste,818,182,81.8,350,True,18,True,False,False,23.0,,False,False,high,high
CTX2560,CUST0330,VEH0030,CONTR0330,SYNTHETIC,2026-09-14T16:03:00,6,Sunday,Curitiba,Sul,372,628,37.2,700,True,390,False,True,False,78.0,,False,False,low,low
CTX2561,CUST0091,VEH0091,CONTR0091,SYNTHETIC,2026-08-31T07:56:00,12,Saturday,São Paulo,Sudeste,1938,62,96.9,1500,False,0,True,True,False,32.0,,False,False,high,medium
CTX2562,CUST0482,VEH0082,CONTR0482,SYNTHETIC,2026-09-06T20:48:00,18,Monday,Goiânia,Centro-Oeste,610,1190,33.9,2500,False,196,False,True,False,36.0,,False,False,low,low
CTX2563,CUST0122,VEH0022,CONTR0122,SYNTHETIC,2026-09-14T19:43:00,20,Saturday,Fortaleza,Nordeste,732,68,91.5,2500,False,275,False,False,False,72.0,,False,False,high,low
CTX2564,CUST0179,VEH0079,CONTR0179,SYNTHETIC,2026-09-04T22:06:00,7,Monday,Recife,Nordeste,1108,92,92.3,1500,False,276,False,True,False,88.0,,False,False,high,low
CTX2565,CUST0455,VEH0055,CONTR0455,SYNTHETIC,2026-09-11T09:15:00,13,Wednesday,Goiânia,Centro-Oeste,827,173,82.7,700,True,0,True,True,False,76.0,,False,False,normal,medium
CTX2566,CUST0193,VEH0093,CONTR0193,SYNTHETIC,2026-08-28T11:23:00,13,Tuesday,Porto Alegre,Sul,2903,0,161.3,1500,False,172,False,True,False,54.0,,False,False,high,low
CTX2567,CUST0017,VEH0017,CONTR0017,SYNTHETIC,2026-08-22T19:14:00,19,Sunday,Belo Horizonte,Sudeste,1182,0,118.2,350,True,66,False,True,True,92.0,,False,False,high,high
CTX2568,CUST0005,VEH0005,CONTR0005,SYNTHETIC,2026-09-16T18:38:00,6,Thursday,Fortaleza,Nordeste,812,1188,40.6,1500,False,478,False,False,False,85.0,,False,False,low,low
CTX2569,CUST0384,VEH0084,CONTR0384,SYNTHETIC,2026-09-30T17:08:00,8,Wednesday,Rio de Janeiro,Sudeste,1015,185,84.6,1500,False,429,False,True,False,66.0,,False,False,normal,low
CTX2570,CUST0358,VEH0058,CONTR0358,SYNTHETIC,2026-09-14T17:55:00,6,Sunday,Porto Alegre,Sul,2239,761,74.6,350,True,0,True,False,False,49.0,,False,False,normal,medium
CTX2571,CUST0335,VEH0035,CONTR0335,SYNTHETIC,2026-09-26T09:56:00,8,Friday,Rio de Janeiro,Sudeste,2399,101,96.0,700,True,0,True,False,True,43.0,,False,False,high,high
CTX2572,CUST0136,VEH0036,CONTR0136,SYNTHETIC,2026-08-23T18:22:00,16,Thursday,Campinas,Sudeste,2433,67,97.3,1000,True,491,False,False,False,76.0,,False,False,high,medium
CTX2573,CUST0422,VEH0022,CONTR0422,SYNTHETIC,2026-09-03T20:46:00,9,Saturday,Recife,Nordeste,1615,385,80.8,2500,False,455,False,True,False,15.0,,True,False,normal,low
CTX2574,CUST0387,VEH0087,CONTR0387,SYNTHETIC,2026-09-23T18:48:00,18,Sunday,Recife,Nordeste,1507,0,150.7,700,True,0,True,False,False,48.0,,False,False,high,high
CTX2575,CUST0226,VEH0026,CONTR0226,SYNTHETIC,2026-09-19T22:30:00,15,Sunday,São Paulo,Sudeste,1035,1465,41.4,2500,False,245,False,False,False,52.0,,False,False,low,low
CTX2576,CUST0024,VEH0024,CONTR0024,SYNTHETIC,2026-09-13T18:04:00,15,Wednesday,Belo Horizonte,Sudeste,2243,0,112.1,700,True,195,False,False,False,88.0,,False,False,high,medium
CTX2577,CUST0404,VEH0004,CONTR0404,SYNTHETIC,2026-10-01T15:43:00,9,Monday,São Paulo,Sudeste,1177,23,98.1,350,True,520,False,False,False,66.0,,False,False,high,medium
CTX2578,CUST0413,VEH0013,CONTR0413,SYNTHETIC,2026-09-25T17:11:00,15,Friday,Porto Alegre,Sul,2382,618,79.4,1500,True,302,False,False,False,33.0,,False,False,normal,low
CTX2579,CUST0117,VEH0017,CONTR0117,SYNTHETIC,2026-09-05T14:30:00,6,Sunday,Salvador,Nordeste,2319,0,116.0,1500,False,104,True,True,False,66.0,,False,False,high,medium
CTX2580,CUST0129,VEH0029,CONTR0129,SYNTHETIC,2026-08-30T21:59:00,6,Tuesday,Salvador,Nordeste,1408,1092,56.3,1500,True,463,False,True,False,68.0,,False,False,normal,low
CTX2581,CUST0194,VEH0094,CONTR0194,SYNTHETIC,2026-08-24T13:25:00,13,Saturday,Brasília,Centro-Oeste,3463,0,173.2,4000,False,352,False,False,False,46.0,,False,False,high,low
CTX2582,CUST0432,VEH0032,CONTR0432,SYNTHETIC,2026-08-17T09:42:00,11,Thursday,Porto Alegre,Sul,2794,206,93.1,350,True,234,False,False,False,63.0,,False,False,high,medium
CTX2583,CUST0479,VEH0079,CONTR0479,SYNTHETIC,2026-09-15T07:24:00,10,Friday,Brasília,Centro-Oeste,943,57,94.3,1000,False,332,False,True,False,88.0,,False,False,high,low
CTX2584,CUST0049,VEH0049,CONTR0049,SYNTHETIC,2026-09-01T09:33:00,12,Monday,Curitiba,Sul,651,1149,36.2,350,True,100,True,True,False,70.0,,False,False,low,medium
CTX2585,CUST0045,VEH0045,CONTR0045,SYNTHETIC,2026-09-10T20:33:00,22,Saturday,Fortaleza,Nordeste,2460,40,98.4,1000,False,464,False,False,False,63.0,,False,True,high,medium
CTX2586,CUST0130,VEH0030,CONTR0130,SYNTHETIC,2026-09-23T09:31:00,9,Monday,São Paulo,Sudeste,1486,0,123.8,350,True,28,True,True,False,77.0,,False,False,high,high
CTX2587,CUST0143,VEH0043,CONTR0143,SYNTHETIC,2026-08-23T09:57:00,6,Thursday,Curitiba,Sul,1345,155,89.7,2500,False,98,True,True,False,63.0,,False,False,high,medium
CTX2588,CUST0040,VEH0040,CONTR0040,SYNTHETIC,2026-09-05T12:53:00,9,Tuesday,Curitiba,Sul,982,1018,49.1,2500,False,19,True,True,False,69.0,,False,False,normal,low
CTX2589,CUST0306,VEH0006,CONTR0306,SYNTHETIC,2026-09-05T09:26:00,15,Friday,Fortaleza,Nordeste,2074,0,115.2,350,True,0,True,False,False,39.0,,False,False,high,high
CTX2590,CUST0211,VEH0011,CONTR0211,SYNTHETIC,2026-08-29T07:25:00,22,Tuesday,Belo Horizonte,Sudeste,2772,228,92.4,1500,False,192,False,False,True,79.0,,False,False,high,medium
CTX2591,CUST0358,VEH0058,CONTR0358,SYNTHETIC,2026-09-04T21:22:00,12,Sunday,Porto Alegre,Sul,2239,761,74.6,350,True,0,True,False,False,49.0,,False,False,normal,medium
CTX2592,CUST0350,VEH0050,CONTR0350,SYNTHETIC,2026-09-05T09:51:00,13,Monday,Rio de Janeiro,Sudeste,897,103,89.7,2500,False,460,False,False,False,,40.0,False,False,high,low
CTX2593,CUST0241,VEH0041,CONTR0241,SYNTHETIC,2026-09-28T13:30:00,11,Friday,Rio de Janeiro,Sudeste,462,338,57.8,1000,True,466,False,False,False,69.0,,False,False,normal,low
CTX2594,CUST0183,VEH0083,CONTR0183,SYNTHETIC,2026-09-16T09:09:00,21,Sunday,Curitiba,Sul,1367,433,75.9,700,True,203,False,False,False,36.0,,False,False,normal,low
CTX2595,CUST0143,VEH0043,CONTR0143,SYNTHETIC,2026-09-10T09:28:00,14,Monday,Curitiba,Sul,1345,155,89.7,2500,False,98,False,False,False,63.0,,False,False,high,low
CTX2596,CUST0427,VEH0027,CONTR0427,SYNTHETIC,2026-09-15T21:55:00,19,Tuesday,Curitiba,Sul,1014,186,84.5,1000,True,518,False,False,False,48.0,,False,False,high,medium
CTX2597,CUST0464,VEH0064,CONTR0464,SYNTHETIC,2026-09-24T18:14:00,14,Wednesday,Goiânia,Centro-Oeste,3893,0,129.8,1000,False,372,False,False,False,48.0,,False,False,high,low
CTX2598,CUST0133,VEH0033,CONTR0133,SYNTHETIC,2026-09-18T07:38:00,13,Monday,Porto Alegre,Sul,942,58,94.2,2500,False,95,True,True,False,71.0,,False,False,high,medium
CTX2599,CUST0459,VEH0059,CONTR0459,SYNTHETIC,2026-08-23T07:41:00,19,Saturday,Campinas,Sudeste,4935,0,164.5,4000,False,184,False,True,False,51.0,,False,False,high,low
CTX2600,CUST0339,VEH0039,CONTR0339,SYNTHETIC,2026-09-29T11:44:00,9,Thursday,Salvador,Nordeste,633,867,42.2,700,True,424,False,False,False,87.0,,False,False,low,low
CTX2601,CUST0248,VEH0048,CONTR0248,SYNTHETIC,2026-09-18T12:39:00,21,Tuesday,Campinas,Sudeste,1478,22,98.5,700,True,0,True,True,True,,66.0,False,False,high,high
CTX2602,CUST0479,VEH0079,CONTR0479,SYNTHETIC,2026-08-20T13:45:00,15,Monday,Brasília,Centro-Oeste,943,57,94.3,1000,True,332,False,True,False,88.0,,False,False,high,medium
CTX2603,CUST0362,VEH0062,CONTR0362,SYNTHETIC,2026-09-14T09:44:00,22,Sunday,Florianópolis,Sul,1289,0,107.4,1000,True,0,True,True,False,15.0,,True,False,high,high
CTX2604,CUST0430,VEH0030,CONTR0430,SYNTHETIC,2026-09-16T19:20:00,15,Monday,Curitiba,Sul,1746,0,145.5,4000,False,112,True,True,False,63.0,,False,False,high,medium
CTX2605,CUST0049,VEH0049,CONTR0049,SYNTHETIC,2026-08-27T14:09:00,6,Tuesday,Curitiba,Sul,651,1149,36.2,350,True,100,True,True,False,70.0,,False,False,low,medium
CTX2606,CUST0355,VEH0055,CONTR0355,SYNTHETIC,2026-09-05T17:44:00,8,Monday,São Paulo,Sudeste,995,205,82.9,4000,False,218,False,True,False,59.0,,False,False,high,low
CTX2607,CUST0343,VEH0043,CONTR0343,SYNTHETIC,2026-08-23T15:06:00,15,Thursday,Salvador,Nordeste,1785,0,119.0,1000,True,63,False,True,False,43.0,,False,False,high,medium
CTX2608,CUST0180,VEH0080,CONTR0180,SYNTHETIC,2026-08-22T10:19:00,16,Monday,Porto Alegre,Sul,875,625,58.3,2500,False,0,True,True,False,82.0,,False,False,normal,low
CTX2609,CUST0351,VEH0051,CONTR0351,SYNTHETIC,2026-09-27T06:41:00,12,Wednesday,Brasília,Centro-Oeste,1927,0,107.1,4000,False,108,False,False,False,56.0,,False,False,high,low
CTX2610,CUST0197,VEH0097,CONTR0197,SYNTHETIC,2026-09-20T07:40:00,11,Tuesday,Belo Horizonte,Sudeste,676,824,45.1,1000,True,0,True,False,False,95.0,,False,False,normal,medium
CTX2611,CUST0246,VEH0046,CONTR0246,SYNTHETIC,2026-09-04T11:49:00,11,Friday,Florianópolis,Sul,1690,310,84.5,1000,True,207,False,False,False,84.0,,False,False,normal,low
CTX2612,CUST0178,VEH0078,CONTR0178,SYNTHETIC,2026-09-27T12:38:00,6,Sunday,Rio de Janeiro,Sudeste,1504,296,83.6,1000,True,23,True,True,False,25.0,,False,False,high,high
CTX2613,CUST0319,VEH0019,CONTR0319,SYNTHETIC,2026-09-13T06:24:00,19,Saturday,Campinas,Sudeste,2695,0,107.8,345,True,243,False,False,False,58.0,,False,False,high,medium
CTX2614,CUST0091,VEH0091,CONTR0091,SYNTHETIC,2026-08-29T13:15:00,14,Tuesday,São Paulo,Sudeste,1938,62,96.9,1500,False,0,True,True,False,32.0,,False,False,high,medium
CTX2615,CUST0242,VEH0042,CONTR0242,SYNTHETIC,2026-09-29T22:27:00,17,Sunday,Belo Horizonte,Sudeste,1068,732,59.3,700,True,48,True,True,True,50.0,,False,False,normal,high
CTX2616,CUST0148,VEH0048,CONTR0148,SYNTHETIC,2026-08-23T10:35:00,16,Wednesday,Salvador,Nordeste,874,126,87.4,2500,False,0,True,True,False,,53.0,False,False,high,medium
CTX2617,CUST0011,VEH0011,CONTR0011,SYNTHETIC,2026-09-09T11:48:00,22,Sunday,Florianópolis,Sul,815,185,81.5,1000,True,267,False,True,False,36.0,,False,False,high,medium
CTX2618,CUST0319,VEH0019,CONTR0319,SYNTHETIC,2026-09-16T19:51:00,19,Wednesday,Campinas,Sudeste,2695,0,107.8,345,True,243,False,False,False,58.0,,False,False,high,medium
CTX2619,CUST0168,VEH0068,CONTR0168,SYNTHETIC,2026-09-02T09:51:00,22,Tuesday,Brasília,Centro-Oeste,936,0,117.0,2500,False,397,False,True,False,62.0,,False,False,high,low
CTX2620,CUST0003,VEH0003,CONTR0003,SYNTHETIC,2026-09-02T12:59:00,14,Wednesday,Goiânia,Centro-Oeste,689,111,86.1,4000,False,515,False,False,False,53.0,,False,False,high,low
CTX2621,CUST0379,VEH0079,CONTR0379,SYNTHETIC,2026-08-25T14:29:00,6,Thursday,Salvador,Nordeste,1126,0,112.6,1000,True,355,False,False,False,68.0,,False,False,high,medium
CTX2622,CUST0359,VEH0059,CONTR0359,SYNTHETIC,2026-09-15T20:58:00,8,Monday,Belo Horizonte,Sudeste,1843,0,102.4,2500,False,0,True,True,True,45.0,,False,False,high,high
CTX2623,CUST0014,VEH0014,CONTR0014,SYNTHETIC,2026-09-10T18:30:00,17,Thursday,Belo Horizonte,Sudeste,1887,0,104.8,4000,False,63,True,False,False,63.0,,False,False,high,medium
CTX2624,CUST0222,VEH0022,CONTR0222,SYNTHETIC,2026-09-30T09:24:00,21,Saturday,Florianópolis,Sul,1699,101,94.4,1500,False,0,True,False,False,81.0,,False,False,high,medium
CTX2625,CUST0150,VEH0050,CONTR0150,SYNTHETIC,2026-09-08T19:36:00,22,Wednesday,Campinas,Sudeste,1692,808,67.7,2500,False,330,False,True,False,,93.0,False,False,normal,low
CTX2626,CUST0010,VEH0010,CONTR0010,SYNTHETIC,2026-08-17T13:31:00,16,Wednesday,Brasília,Centro-Oeste,3151,0,105.0,4000,False,476,False,False,False,38.0,,False,False,high,low
CTX2627,CUST0024,VEH0024,CONTR0024,SYNTHETIC,2026-09-01T11:57:00,16,Sunday,Belo Horizonte,Sudeste,2243,0,112.1,700,True,195,False,False,False,88.0,,False,False,high,medium
CTX2628,CUST0229,VEH0029,CONTR0229,SYNTHETIC,2026-08-19T13:34:00,16,Sunday,Recife,Nordeste,1815,185,90.8,4000,False,17,True,False,False,74.0,,False,False,high,medium
CTX2629,CUST0362,VEH0062,CONTR0362,SYNTHETIC,2026-09-27T19:48:00,13,Friday,Florianópolis,Sul,1289,0,107.4,1000,True,0,True,True,False,15.0,,True,False,high,high
CTX2630,CUST0332,VEH0032,CONTR0332,SYNTHETIC,2026-09-28T18:12:00,16,Friday,São Paulo,Sudeste,1793,0,119.5,2500,False,447,False,False,False,55.0,,False,False,high,low
CTX2631,CUST0180,VEH0080,CONTR0180,SYNTHETIC,2026-09-22T20:35:00,18,Friday,Porto Alegre,Sul,875,625,58.3,2500,False,0,True,False,False,82.0,,False,False,normal,low
CTX2632,CUST0171,VEH0071,CONTR0171,SYNTHETIC,2026-08-30T17:09:00,21,Thursday,Rio de Janeiro,Sudeste,1068,0,106.8,700,False,147,False,False,False,31.0,,False,False,high,low
CTX2633,CUST0180,VEH0080,CONTR0180,SYNTHETIC,2026-09-28T12:47:00,19,Tuesday,Porto Alegre,Sul,875,625,58.3,2500,False,0,True,False,False,82.0,,False,False,normal,low
CTX2634,CUST0130,VEH0030,CONTR0130,SYNTHETIC,2026-08-30T18:47:00,13,Tuesday,São Paulo,Sudeste,1486,0,123.8,350,True,28,True,True,False,77.0,,False,False,high,high
CTX2635,CUST0054,VEH0054,CONTR0054,SYNTHETIC,2026-09-05T08:30:00,7,Thursday,Rio de Janeiro,Sudeste,814,0,101.8,1000,False,116,False,False,False,94.0,,False,False,high,low
CTX2636,CUST0452,VEH0052,CONTR0452,SYNTHETIC,2026-09-02T19:11:00,19,Tuesday,Florianópolis,Sul,1146,0,114.6,1500,False,0,True,True,True,63.0,,False,False,high,high
CTX2637,CUST0199,VEH0099,CONTR0199,SYNTHETIC,2026-08-23T21:52:00,21,Wednesday,São Paulo,Sudeste,1579,221,87.7,1500,False,239,False,True,False,47.0,,False,False,high,low
CTX2638,CUST0402,VEH0002,CONTR0402,SYNTHETIC,2026-09-13T22:45:00,16,Tuesday,Florianópolis,Sul,682,518,56.8,1500,True,484,False,True,True,80.0,,False,False,normal,medium
CTX2639,CUST0301,VEH0001,CONTR0301,SYNTHETIC,2026-09-30T13:30:00,18,Thursday,Salvador,Nordeste,2245,755,74.8,1500,False,0,True,True,False,58.0,,False,False,normal,low
CTX2640,CUST0215,VEH0015,CONTR0215,SYNTHETIC,2026-09-01T19:29:00,17,Monday,Recife,Nordeste,352,848,29.3,350,True,412,False,True,False,64.0,,False,False,low,low
CTX2641,CUST0158,VEH0058,CONTR0158,SYNTHETIC,2026-09-01T12:41:00,12,Monday,Curitiba,Sul,2474,0,123.7,350,True,0,True,True,False,20.0,,True,False,high,high
CTX2642,CUST0319,VEH0019,CONTR0319,SYNTHETIC,2026-09-05T17:25:00,17,Saturday,Campinas,Sudeste,2695,0,107.8,345,True,243,False,False,False,58.0,,False,False,high,medium
CTX2643,CUST0260,VEH0060,CONTR0260,SYNTHETIC,2026-09-10T19:23:00,13,Wednesday,Campinas,Sudeste,1040,0,130.0,2500,False,471,False,True,True,60.0,,False,False,high,medium
CTX2644,CUST0489,VEH0089,CONTR0489,SYNTHETIC,2026-08-19T06:55:00,7,Wednesday,Brasília,Centro-Oeste,991,809,55.1,1000,True,23,True,True,False,21.0,,True,False,normal,high
CTX2645,CUST0239,VEH0039,CONTR0239,SYNTHETIC,2026-09-12T17:52:00,19,Monday,Salvador,Nordeste,1832,668,73.3,1000,False,46,True,True,False,64.0,,False,True,normal,medium
CTX2646,CUST0041,VEH0041,CONTR0041,SYNTHETIC,2026-09-11T22:13:00,20,Sunday,Brasília,Centro-Oeste,2470,0,123.5,4000,False,223,False,False,False,46.0,,False,False,high,low
CTX2647,CUST0476,VEH0076,CONTR0476,SYNTHETIC,2026-09-03T19:59:00,8,Friday,Curitiba,Sul,561,239,70.1,127,True,16,True,True,False,69.0,,False,False,normal,medium
CTX2648,CUST0330,VEH0030,CONTR0330,SYNTHETIC,2026-08-25T19:25:00,18,Friday,Curitiba,Sul,372,628,37.2,700,True,390,False,False,False,78.0,,False,True,low,medium
CTX2649,CUST0454,VEH0054,CONTR0454,SYNTHETIC,2026-09-06T16:38:00,17,Monday,Fortaleza,Nordeste,1062,0,106.2,1500,False,237,False,True,False,94.0,,False,False,high,low
CTX2650,CUST0270,VEH0070,CONTR0270,SYNTHETIC,2026-09-20T11:31:00,19,Wednesday,Rio de Janeiro,Sudeste,743,57,92.9,350,True,374,False,True,False,63.0,,False,False,high,medium
CTX2651,CUST0438,VEH0038,CONTR0438,SYNTHETIC,2026-09-04T11:58:00,10,Monday,Florianópolis,Sul,1642,0,164.2,207,True,432,False,False,True,23.0,,True,False,high,high
CTX2652,CUST0130,VEH0030,CONTR0130,SYNTHETIC,2026-09-07T07:19:00,21,Wednesday,São Paulo,Sudeste,1486,0,123.8,350,True,28,True,False,False,77.0,,False,False,high,high
CTX2653,CUST0231,VEH0031,CONTR0231,SYNTHETIC,2026-09-10T11:16:00,20,Wednesday,Florianópolis,Sul,985,815,54.7,4000,False,2,True,False,False,75.0,,False,False,normal,low
CTX2654,CUST0443,VEH0043,CONTR0443,SYNTHETIC,2026-09-25T06:59:00,11,Saturday,Curitiba,Sul,913,0,114.1,1500,False,415,False,True,False,84.0,,False,False,high,low
CTX2655,CUST0116,VEH0016,CONTR0116,SYNTHETIC,2026-08-19T19:26:00,15,Sunday,Belo Horizonte,Sudeste,1946,554,77.8,700,True,73,True,False,False,31.0,,False,False,normal,medium
CTX2656,CUST0443,VEH0043,CONTR0443,SYNTHETIC,2026-09-08T08:32:00,12,Monday,Curitiba,Sul,913,0,114.1,1500,True,415,False,False,False,84.0,,False,False,high,medium
CTX2657,CUST0073,VEH0073,CONTR0073,SYNTHETIC,2026-09-05T16:34:00,8,Wednesday,Curitiba,Sul,516,284,64.5,700,True,15,True,False,True,41.0,,False,False,normal,high
CTX2658,CUST0108,VEH0008,CONTR0108,SYNTHETIC,2026-09-11T16:56:00,7,Sunday,Campinas,Sudeste,1824,676,73.0,2500,False,0,True,False,False,87.0,,False,False,normal,low
CTX2659,CUST0296,VEH0096,CONTR0296,SYNTHETIC,2026-09-07T16:23:00,22,Sunday,Fortaleza,Nordeste,446,1054,29.7,2500,False,125,False,False,False,86.0,,False,False,low,low
CTX2660,CUST0455,VEH0055,CONTR0455,SYNTHETIC,2026-08-28T12:54:00,9,Friday,Goiânia,Centro-Oeste,827,173,82.7,700,False,0,True,True,False,76.0,,False,False,high,medium
CTX2661,CUST0113,VEH0013,CONTR0113,SYNTHETIC,2026-09-28T12:34:00,8,Sunday,Brasília,Centro-Oeste,1905,1095,63.5,700,True,0,True,False,True,83.0,,False,False,normal,high
CTX2662,CUST0133,VEH0033,CONTR0133,SYNTHETIC,2026-09-20T15:58:00,11,Monday,Porto Alegre,Sul,942,58,94.2,2500,False,95,True,False,False,71.0,,False,False,high,medium
CTX2663,CUST0353,VEH0053,CONTR0353,SYNTHETIC,2026-09-28T09:11:00,8,Friday,Porto Alegre,Sul,2221,779,74.0,350,True,462,False,False,False,29.0,,True,False,normal,medium
CTX2664,CUST0161,VEH0061,CONTR0161,SYNTHETIC,2026-09-06T08:12:00,13,Monday,Curitiba,Sul,2457,43,98.3,350,True,268,False,True,False,87.0,,False,False,high,medium
CTX2665,CUST0171,VEH0071,CONTR0171,SYNTHETIC,2026-09-29T12:03:00,15,Wednesday,Rio de Janeiro,Sudeste,1068,0,106.8,700,True,147,False,True,False,31.0,,False,False,high,medium
CTX2666,CUST0006,VEH0006,CONTR0006,SYNTHETIC,2026-08-23T19:23:00,15,Saturday,Fortaleza,Nordeste,1678,0,111.9,350,True,317,False,False,False,65.0,,False,False,high,medium
CTX2667,CUST0394,VEH0094,CONTR0394,SYNTHETIC,2026-09-16T15:20:00,15,Monday,São Paulo,Sudeste,785,215,78.5,1500,False,85,True,False,False,63.0,,False,False,normal,low
CTX2668,CUST0401,VEH0001,CONTR0401,SYNTHETIC,2026-08-24T14:21:00,10,Monday,Belo Horizonte,Sudeste,1923,0,128.2,2500,False,0,True,False,False,79.0,,False,False,high,medium
CTX2669,CUST0214,VEH0014,CONTR0214,SYNTHETIC,2026-09-30T19:06:00,18,Saturday,Brasília,Centro-Oeste,671,529,55.9,2500,False,336,False,False,False,20.0,,True,False,normal,low
CTX2670,CUST0195,VEH0095,CONTR0195,SYNTHETIC,2026-09-21T14:08:00,9,Thursday,Porto Alegre,Sul,2165,0,144.3,360,True,0,True,False,False,15.0,,True,False,high,high
CTX2671,CUST0275,VEH0075,CONTR0275,SYNTHETIC,2026-08-31T17:59:00,18,Tuesday,Florianópolis,Sul,2019,0,134.6,700,True,409,False,False,False,,55.0,False,False,high,medium
CTX2672,CUST0333,VEH0033,CONTR0333,SYNTHETIC,2026-09-14T21:36:00,8,Saturday,Fortaleza,Nordeste,1117,83,93.1,1000,True,202,False,True,False,79.0,,False,True,high,high
CTX2673,CUST0002,VEH0002,CONTR0002,SYNTHETIC,2026-08-22T17:31:00,10,Sunday,Recife,Nordeste,563,237,70.4,700,False,0,True,False,False,74.0,,False,False,normal,low
CTX2674,CUST0068,VEH0068,CONTR0068,SYNTHETIC,2026-08-21T20:58:00,14,Friday,Belo Horizonte,Sudeste,927,0,115.9,350,True,0,True,True,False,57.0,,False,False,high,high
CTX2675,CUST0174,VEH0074,CONTR0174,SYNTHETIC,2026-09-24T10:39:00,17,Monday,Brasília,Centro-Oeste,2583,0,103.3,350,True,453,False,False,False,23.0,,True,False,high,high
CTX2676,CUST0152,VEH0052,CONTR0152,SYNTHETIC,2026-08-21T06:45:00,10,Saturday,Recife,Nordeste,2075,0,138.3,4000,False,146,False,False,False,67.0,,False,False,high,low
CTX2677,CUST0486,VEH0086,CONTR0486,SYNTHETIC,2026-09-20T14:00:00,19,Sunday,Rio de Janeiro,Sudeste,428,372,53.5,4000,False,0,True,True,False,74.0,,False,False,normal,low
CTX2678,CUST0184,VEH0084,CONTR0184,SYNTHETIC,2026-08-24T16:02:00,6,Wednesday,Goiânia,Centro-Oeste,1366,434,75.9,1000,True,487,False,True,False,94.0,,False,False,normal,low
CTX2679,CUST0446,VEH0046,CONTR0446,SYNTHETIC,2026-09-18T07:06:00,18,Wednesday,Recife,Nordeste,1276,724,63.8,350,True,241,False,False,False,48.0,,False,False,normal,low
CTX2680,CUST0322,VEH0022,CONTR0322,SYNTHETIC,2026-08-30T22:28:00,18,Wednesday,Porto Alegre,Sul,1329,171,88.6,350,True,36,True,False,False,68.0,,False,False,high,high
CTX2681,CUST0218,VEH0018,CONTR0218,SYNTHETIC,2026-08-21T10:56:00,10,Sunday,Salvador,Nordeste,1078,922,53.9,2500,False,472,False,True,False,62.0,,False,False,normal,low
CTX2682,CUST0303,VEH0003,CONTR0303,SYNTHETIC,2026-10-01T14:30:00,14,Saturday,Fortaleza,Nordeste,1164,1336,46.6,700,False,150,False,False,False,50.0,,False,False,normal,low
CTX2683,CUST0386,VEH0086,CONTR0386,SYNTHETIC,2026-09-24T14:54:00,22,Friday,Goiânia,Centro-Oeste,2152,848,71.7,1000,True,219,False,True,False,21.0,,False,False,normal,low
CTX2684,CUST0409,VEH0009,CONTR0409,SYNTHETIC,2026-09-13T15:04:00,9,Wednesday,Belo Horizonte,Sudeste,1356,1644,45.2,1000,True,44,True,False,False,17.0,,True,False,normal,high
CTX2685,CUST0236,VEH0036,CONTR0236,SYNTHETIC,2026-08-25T17:56:00,8,Saturday,Campinas,Sudeste,818,182,81.8,350,True,18,True,False,False,23.0,,True,False,high,high
CTX2686,CUST0210,VEH0010,CONTR0210,SYNTHETIC,2026-08-20T18:31:00,6,Sunday,São Paulo,Sudeste,2498,502,83.3,350,True,31,True,True,False,33.0,,False,False,high,high
CTX2687,CUST0285,VEH0085,CONTR0285,SYNTHETIC,2026-09-10T18:44:00,10,Friday,Recife,Nordeste,3339,0,111.3,2500,False,98,True,False,False,82.0,,False,False,high,medium
CTX2688,CUST0457,VEH0057,CONTR0457,SYNTHETIC,2026-08-28T06:48:00,9,Friday,São Paulo,Sudeste,1242,0,124.2,155,True,355,False,True,False,38.0,,False,False,high,medium
CTX2689,CUST0112,VEH0012,CONTR0112,SYNTHETIC,2026-08-30T16:27:00,15,Saturday,Goiânia,Centro-Oeste,441,359,55.1,700,True,375,False,False,False,58.0,,False,True,normal,medium
CTX2690,CUST0483,VEH0083,CONTR0483,SYNTHETIC,2026-09-06T14:20:00,13,Thursday,Florianópolis,Sul,2741,0,137.1,2500,False,136,True,True,False,33.0,,False,False,high,medium
CTX2691,CUST0499,VEH0099,CONTR0499,SYNTHETIC,2026-09-10T10:05:00,13,Wednesday,Florianópolis,Sul,2726,274,90.9,350,True,394,False,False,False,28.0,,True,False,high,high
CTX2692,CUST0326,VEH0026,CONTR0326,SYNTHETIC,2026-08-17T16:38:00,11,Friday,Recife,Nordeste,1965,0,163.8,1500,False,222,False,False,True,15.0,,True,False,high,high
CTX2693,CUST0359,VEH0059,CONTR0359,SYNTHETIC,2026-08-17T15:33:00,18,Saturday,Belo Horizonte,Sudeste,1843,0,102.4,2500,False,0,True,False,True,45.0,,False,False,high,high
CTX2694,CUST0455,VEH0055,CONTR0455,SYNTHETIC,2026-08-21T09:50:00,21,Thursday,Goiânia,Centro-Oeste,827,173,82.7,700,True,0,True,False,False,76.0,,False,False,high,high
CTX2695,CUST0132,VEH0032,CONTR0132,SYNTHETIC,2026-09-27T17:49:00,19,Wednesday,São Paulo,Sudeste,770,30,96.2,1000,True,0,True,False,False,94.0,,False,False,high,high
CTX2696,CUST0455,VEH0055,CONTR0455,SYNTHETIC,2026-10-01T07:36:00,12,Wednesday,Goiânia,Centro-Oeste,827,173,82.7,700,False,0,True,False,False,76.0,,False,False,normal,low
CTX2697,CUST0378,VEH0078,CONTR0378,SYNTHETIC,2026-09-26T16:36:00,21,Saturday,Florianópolis,Sul,2433,567,81.1,1000,True,401,False,False,False,26.0,,False,False,high,medium
CTX2698,CUST0328,VEH0028,CONTR0328,SYNTHETIC,2026-08-28T12:19:00,11,Thursday,Campinas,Sudeste,949,551,63.3,1000,True,447,False,True,False,46.0,,False,False,normal,low
CTX2699,CUST0196,VEH0096,CONTR0196,SYNTHETIC,2026-09-04T07:05:00,22,Monday,São Paulo,Sudeste,675,125,84.4,700,True,0,True,False,False,67.0,,False,False,normal,medium
CTX2700,CUST0141,VEH0041,CONTR0141,SYNTHETIC,2026-09-10T13:28:00,13,Wednesday,Campinas,Sudeste,1077,1423,43.1,2500,False,57,True,True,False,43.0,,False,False,low,low
CTX2701,CUST0407,VEH0007,CONTR0407,SYNTHETIC,2026-09-14T19:56:00,6,Wednesday,Rio de Janeiro,Sudeste,1308,0,109.0,1500,True,31,True,True,False,92.0,,False,False,high,high
CTX2702,CUST0126,VEH0026,CONTR0126,SYNTHETIC,2026-09-14T18:40:00,10,Thursday,Fortaleza,Nordeste,1707,93,94.8,1500,False,494,False,False,True,68.0,,False,False,high,medium
CTX2703,CUST0070,VEH0070,CONTR0070,SYNTHETIC,2026-09-12T08:06:00,10,Saturday,Campinas,Sudeste,824,376,68.7,350,True,390,False,False,False,84.0,,False,False,normal,low
CTX2704,CUST0272,VEH0072,CONTR0272,SYNTHETIC,2026-08-30T17:47:00,7,Tuesday,Salvador,Nordeste,1369,0,114.1,350,True,223,False,False,False,78.0,,False,False,high,medium
CTX2705,CUST0044,VEH0044,CONTR0044,SYNTHETIC,2026-08-31T20:21:00,16,Friday,Goiânia,Centro-Oeste,748,52,93.5,2500,False,464,False,True,False,46.0,,False,False,high,low
CTX2706,CUST0072,VEH0072,CONTR0072,SYNTHETIC,2026-08-24T17:25:00,21,Saturday,Campinas,Sudeste,1425,0,118.8,1500,False,246,False,True,False,42.0,,False,False,high,low
CTX2707,CUST0263,VEH0063,CONTR0263,SYNTHETIC,2026-09-30T21:53:00,16,Monday,Porto Alegre,Sul,2922,0,116.9,350,True,224,False,False,False,50.0,,False,False,high,medium
CTX2708,CUST0342,VEH0042,CONTR0342,SYNTHETIC,2026-09-22T14:19:00,9,Sunday,Rio de Janeiro,Sudeste,1925,0,160.4,700,False,0,True,True,False,24.0,,True,False,high,high
CTX2709,CUST0158,VEH0058,CONTR0158,SYNTHETIC,2026-08-23T11:33:00,13,Friday,Curitiba,Sul,2474,0,123.7,350,True,0,True,False,False,20.0,,True,False,high,high
CTX2710,CUST0400,VEH0100,CONTR0400,SYNTHETIC,2026-09-07T16:37:00,7,Thursday,Florianópolis,Sul,930,0,116.3,114,True,280,False,False,False,63.0,,False,False,high,medium
CTX2711,CUST0010,VEH0010,CONTR0010,SYNTHETIC,2026-08-17T12:40:00,15,Tuesday,Brasília,Centro-Oeste,3151,0,105.0,4000,False,476,False,False,False,38.0,,False,False,high,low
CTX2712,CUST0393,VEH0093,CONTR0393,SYNTHETIC,2026-09-05T11:09:00,6,Sunday,Brasília,Centro-Oeste,2162,338,86.5,1000,True,25,True,True,False,88.0,,False,False,high,high
CTX2713,CUST0299,VEH0099,CONTR0299,SYNTHETIC,2026-09-16T15:55:00,9,Wednesday,Porto Alegre,Sul,1734,266,86.7,700,True,391,False,False,False,87.0,,False,False,high,medium
CTX2714,CUST0108,VEH0008,CONTR0108,SYNTHETIC,2026-09-28T09:07:00,16,Saturday,Campinas,Sudeste,1824,676,73.0,2500,False,0,True,True,False,87.0,,False,False,normal,low
CTX2715,CUST0130,VEH0030,CONTR0130,SYNTHETIC,2026-08-20T08:52:00,14,Saturday,São Paulo,Sudeste,1486,0,123.8,350,True,28,True,True,False,77.0,,False,False,high,high
CTX2716,CUST0275,VEH0075,CONTR0275,SYNTHETIC,2026-08-30T16:25:00,14,Monday,Florianópolis,Sul,2019,0,134.6,700,True,409,False,False,False,,55.0,False,False,high,medium
CTX2717,CUST0115,VEH0015,CONTR0115,SYNTHETIC,2026-08-21T17:29:00,12,Friday,Salvador,Nordeste,1206,0,120.6,4000,False,93,True,False,False,76.0,,False,False,high,medium
CTX2718,CUST0341,VEH0041,CONTR0341,SYNTHETIC,2026-09-09T06:53:00,17,Thursday,Florianópolis,Sul,1772,0,147.7,2500,False,399,False,False,False,19.0,,True,False,high,medium
CTX2719,CUST0383,VEH0083,CONTR0383,SYNTHETIC,2026-09-29T10:50:00,22,Sunday,Curitiba,Sul,1368,0,114.0,4000,False,425,False,False,False,25.0,,True,False,high,medium
CTX2720,CUST0466,VEH0066,CONTR0466,SYNTHETIC,2026-08-21T15:28:00,6,Wednesday,Porto Alegre,Sul,1756,244,87.8,700,True,173,False,True,False,50.0,,False,False,high,medium
CTX2721,CUST0010,VEH0010,CONTR0010,SYNTHETIC,2026-09-03T09:16:00,21,Saturday,Brasília,Centro-Oeste,3151,0,105.0,4000,False,476,False,False,False,38.0,,False,False,high,low
CTX2722,CUST0303,VEH0003,CONTR0303,SYNTHETIC,2026-09-11T16:02:00,22,Saturday,Fortaleza,Nordeste,1164,1336,46.6,700,True,150,False,True,False,50.0,,False,False,normal,low
CTX2723,CUST0111,VEH0011,CONTR0111,SYNTHETIC,2026-09-02T06:12:00,18,Monday,Brasília,Centro-Oeste,1273,227,84.9,350,True,101,True,True,True,58.0,,False,False,high,high
CTX2724,CUST0010,VEH0010,CONTR0010,SYNTHETIC,2026-09-29T09:28:00,7,Thursday,Brasília,Centro-Oeste,3151,0,105.0,4000,False,476,False,False,False,38.0,,False,False,high,low
CTX2725,CUST0236,VEH0036,CONTR0236,SYNTHETIC,2026-09-20T22:20:00,16,Saturday,Campinas,Sudeste,818,182,81.8,350,True,18,True,False,False,23.0,,True,False,normal,high
CTX2726,CUST0051,VEH0051,CONTR0051,SYNTHETIC,2026-09-16T19:28:00,18,Saturday,Campinas,Sudeste,1859,0,123.9,700,True,420,False,True,False,32.0,,False,False,high,medium
CTX2727,CUST0128,VEH0028,CONTR0128,SYNTHETIC,2026-08-19T17:45:00,22,Friday,Porto Alegre,Sul,2841,159,94.7,1500,False,0,True,True,True,18.0,,True,False,high,high
CTX2728,CUST0209,VEH0009,CONTR0209,SYNTHETIC,2026-09-18T14:49:00,8,Tuesday,Brasília,Centro-Oeste,1355,0,135.5,700,False,143,False,False,False,42.0,,False,False,high,low
CTX2729,CUST0119,VEH0019,CONTR0119,SYNTHETIC,2026-09-28T20:58:00,15,Tuesday,Brasília,Centro-Oeste,917,0,114.6,342,True,171,False,True,False,94.0,,False,True,high,high
CTX2730,CUST0253,VEH0053,CONTR0253,SYNTHETIC,2026-09-17T16:30:00,19,Thursday,Rio de Janeiro,Sudeste,989,211,82.4,4000,False,0,True,False,False,46.0,,False,False,normal,low
CTX2731,CUST0394,VEH0094,CONTR0394,SYNTHETIC,2026-08-20T06:42:00,7,Thursday,São Paulo,Sudeste,785,215,78.5,1500,False,85,True,True,False,63.0,,False,False,normal,low
CTX2732,CUST0345,VEH0045,CONTR0345,SYNTHETIC,2026-09-30T22:11:00,16,Tuesday,Rio de Janeiro,Sudeste,802,198,80.2,4000,False,0,True,True,False,37.0,,False,False,high,medium
CTX2733,CUST0486,VEH0086,CONTR0486,SYNTHETIC,2026-09-27T10:56:00,22,Sunday,Rio de Janeiro,Sudeste,428,372,53.5,4000,False,0,True,False,False,74.0,,False,False,normal,low
CTX2734,CUST0391,VEH0091,CONTR0391,SYNTHETIC,2026-09-19T11:04:00,14,Saturday,São Paulo,Sudeste,2399,0,133.3,1500,True,8,True,False,False,48.0,,False,False,high,high
CTX2735,CUST0337,VEH0037,CONTR0337,SYNTHETIC,2026-08-31T10:53:00,16,Sunday,Recife,Nordeste,1090,1410,43.6,350,True,270,False,True,False,17.0,,True,False,low,medium
CTX2736,CUST0317,VEH0017,CONTR0317,SYNTHETIC,2026-09-14T18:58:00,17,Saturday,Campinas,Sudeste,3081,0,123.2,2500,False,0,True,False,False,34.0,,False,False,high,medium
CTX2737,CUST0110,VEH0010,CONTR0110,SYNTHETIC,2026-08-29T09:51:00,16,Monday,Salvador,Nordeste,2076,924,69.2,2500,False,488,False,True,False,27.0,,False,False,normal,low
CTX2738,CUST0110,VEH0010,CONTR0110,SYNTHETIC,2026-09-22T07:13:00,9,Saturday,Salvador,Nordeste,2076,924,69.2,2500,False,488,False,False,False,27.0,,True,False,normal,low
CTX2739,CUST0304,VEH0004,CONTR0304,SYNTHETIC,2026-09-14T21:05:00,14,Thursday,São Paulo,Sudeste,2591,0,172.7,4000,False,317,False,True,False,41.0,,False,False,high,low
CTX2740,CUST0344,VEH0044,CONTR0344,SYNTHETIC,2026-09-19T13:20:00,14,Monday,Brasília,Centro-Oeste,1276,224,85.1,4000,False,390,False,False,False,23.0,,False,False,high,low
CTX2741,CUST0461,VEH0061,CONTR0461,SYNTHETIC,2026-09-07T06:12:00,6,Friday,Florianópolis,Sul,1380,0,115.0,4000,False,154,False,True,False,67.0,,False,False,high,low
CTX2742,CUST0247,VEH0047,CONTR0247,SYNTHETIC,2026-09-05T21:27:00,9,Friday,Brasília,Centro-Oeste,857,343,71.4,1000,True,0,True,False,False,34.0,,False,True,normal,high
CTX2743,CUST0122,VEH0022,CONTR0122,SYNTHETIC,2026-09-05T21:44:00,8,Saturday,Fortaleza,Nordeste,732,68,91.5,2500,False,275,False,True,False,72.0,,False,False,high,low
CTX2744,CUST0214,VEH0014,CONTR0214,SYNTHETIC,2026-08-29T18:35:00,7,Saturday,Brasília,Centro-Oeste,671,529,55.9,2500,False,336,False,False,False,20.0,,True,True,normal,medium
CTX2745,CUST0154,VEH0054,CONTR0154,SYNTHETIC,2026-08-20T11:24:00,15,Saturday,Campinas,Sudeste,1468,532,73.4,350,True,145,True,True,False,75.0,,False,False,normal,medium
CTX2746,CUST0169,VEH0069,CONTR0169,SYNTHETIC,2026-09-26T18:02:00,16,Saturday,São Paulo,Sudeste,3187,0,127.5,4000,False,216,False,False,True,33.0,,False,False,high,medium
CTX2747,CUST0464,VEH0064,CONTR0464,SYNTHETIC,2026-08-26T07:36:00,21,Saturday,Goiânia,Centro-Oeste,3893,0,129.8,1000,True,372,False,True,False,48.0,,False,False,high,medium
CTX2748,CUST0008,VEH0008,CONTR0008,SYNTHETIC,2026-08-17T20:43:00,7,Monday,Rio de Janeiro,Sudeste,1479,21,98.6,700,True,512,False,False,False,31.0,,False,False,high,medium
CTX2749,CUST0283,VEH0083,CONTR0283,SYNTHETIC,2026-08-28T10:37:00,18,Thursday,Rio de Janeiro,Sudeste,701,299,70.1,2500,False,356,False,True,False,76.0,,False,False,normal,low
CTX2750,CUST0489,VEH0089,CONTR0489,SYNTHETIC,2026-09-16T08:38:00,13,Saturday,Brasília,Centro-Oeste,991,809,55.1,1000,False,23,True,True,False,21.0,,False,False,normal,low
CTX2751,CUST0462,VEH0062,CONTR0462,SYNTHETIC,2026-10-01T10:11:00,9,Thursday,São Paulo,Sudeste,1791,9,99.5,4000,False,322,False,False,False,83.0,,False,False,high,low
CTX2752,CUST0293,VEH0093,CONTR0293,SYNTHETIC,2026-09-22T13:12:00,17,Friday,Porto Alegre,Sul,1620,0,162.0,1500,False,158,False,False,True,74.0,,False,False,high,medium
CTX2753,CUST0119,VEH0019,CONTR0119,SYNTHETIC,2026-09-11T08:30:00,15,Wednesday,Brasília,Centro-Oeste,917,0,114.6,342,True,171,False,False,False,94.0,,False,False,high,medium
CTX2754,CUST0471,VEH0071,CONTR0471,SYNTHETIC,2026-09-21T08:19:00,7,Sunday,Salvador,Nordeste,4119,0,137.3,1000,True,400,False,True,True,31.0,,False,False,high,high
CTX2755,CUST0392,VEH0092,CONTR0392,SYNTHETIC,2026-08-30T21:36:00,6,Tuesday,Fortaleza,Nordeste,1412,388,78.4,4000,False,0,True,True,True,22.0,,False,False,high,high
CTX2756,CUST0174,VEH0074,CONTR0174,SYNTHETIC,2026-09-30T12:02:00,17,Thursday,Brasília,Centro-Oeste,2583,0,103.3,350,True,453,False,False,False,23.0,,True,False,high,high
CTX2757,CUST0257,VEH0057,CONTR0257,SYNTHETIC,2026-08-18T18:00:00,16,Monday,Brasília,Centro-Oeste,1355,445,75.3,174,True,487,False,False,False,90.0,,False,False,high,medium
CTX2758,CUST0494,VEH0094,CONTR0494,SYNTHETIC,2026-09-18T13:28:00,18,Friday,Florianópolis,Sul,673,127,84.1,4000,False,182,False,False,False,18.0,,True,False,high,medium
CTX2759,CUST0133,VEH0033,CONTR0133,SYNTHETIC,2026-09-04T07:00:00,18,Wednesday,Porto Alegre,Sul,942,58,94.2,2500,False,95,True,False,False,71.0,,False,False,high,medium
CTX2760,CUST0115,VEH0015,CONTR0115,SYNTHETIC,2026-09-26T21:48:00,13,Monday,Salvador,Nordeste,1206,0,120.6,4000,False,93,True,False,False,76.0,,False,False,high,medium
CTX2761,CUST0117,VEH0017,CONTR0117,SYNTHETIC,2026-09-03T16:58:00,21,Wednesday,Salvador,Nordeste,2319,0,116.0,1500,False,104,True,False,False,66.0,,False,False,high,medium
CTX2762,CUST0445,VEH0045,CONTR0445,SYNTHETIC,2026-09-29T15:44:00,20,Saturday,Recife,Nordeste,1715,85,95.3,350,True,128,False,False,False,19.0,,True,False,high,high
CTX2763,CUST0411,VEH0011,CONTR0411,SYNTHETIC,2026-09-13T11:30:00,7,Thursday,Curitiba,Sul,1138,62,94.8,4000,False,0,True,False,False,79.0,,False,False,high,medium
CTX2764,CUST0305,VEH0005,CONTR0305,SYNTHETIC,2026-09-25T07:30:00,21,Thursday,Salvador,Nordeste,1381,0,138.1,350,True,46,True,True,True,64.0,,False,False,high,high
CTX2765,CUST0158,VEH0058,CONTR0158,SYNTHETIC,2026-09-02T10:32:00,20,Tuesday,Curitiba,Sul,2474,0,123.7,350,True,0,True,False,False,20.0,,True,False,high,high
CTX2766,CUST0086,VEH0086,CONTR0086,SYNTHETIC,2026-08-19T06:48:00,12,Friday,Belo Horizonte,Sudeste,1285,215,85.7,350,True,397,False,True,False,52.0,,False,False,high,medium
CTX2767,CUST0006,VEH0006,CONTR0006,SYNTHETIC,2026-10-01T19:24:00,11,Sunday,Fortaleza,Nordeste,1678,0,111.9,350,True,317,False,False,False,65.0,,False,False,high,medium
CTX2768,CUST0489,VEH0089,CONTR0489,SYNTHETIC,2026-08-27T21:02:00,20,Thursday,Brasília,Centro-Oeste,991,809,55.1,1000,True,23,True,False,False,21.0,,True,False,normal,high
CTX2769,CUST0456,VEH0056,CONTR0456,SYNTHETIC,2026-08-26T19:09:00,18,Tuesday,São Paulo,Sudeste,1759,41,97.7,2500,False,237,False,False,False,58.0,,False,True,high,medium
CTX2770,CUST0255,VEH0055,CONTR0255,SYNTHETIC,2026-09-27T08:03:00,20,Sunday,Florianópolis,Sul,936,64,93.6,1500,True,409,False,False,False,67.0,,False,False,high,medium
CTX2771,CUST0123,VEH0023,CONTR0123,SYNTHETIC,2026-08-20T07:26:00,11,Wednesday,São Paulo,Sudeste,3191,0,177.3,700,True,196,False,True,False,,37.0,False,False,high,medium
CTX2772,CUST0104,VEH0004,CONTR0104,SYNTHETIC,2026-09-22T12:39:00,13,Wednesday,Fortaleza,Nordeste,877,323,73.1,2500,False,234,False,True,False,43.0,,False,False,normal,low
CTX2773,CUST0144,VEH0044,CONTR0144,SYNTHETIC,2026-09-07T14:45:00,13,Saturday,Rio de Janeiro,Sudeste,1794,206,89.7,700,True,0,True,False,False,56.0,,False,False,high,high
CTX2774,CUST0470,VEH0070,CONTR0470,SYNTHETIC,2026-08-28T18:20:00,10,Friday,Porto Alegre,Sul,2430,0,135.0,1500,False,0,True,True,False,67.0,,False,False,high,medium
CTX2775,CUST0157,VEH0057,CONTR0157,SYNTHETIC,2026-09-29T18:55:00,14,Wednesday,Rio de Janeiro,Sudeste,1776,724,71.0,188,True,498,False,False,False,35.0,,False,False,normal,low
CTX2776,CUST0272,VEH0072,CONTR0272,SYNTHETIC,2026-08-25T22:50:00,6,Wednesday,Salvador,Nordeste,1369,0,114.1,350,True,223,False,True,False,78.0,,False,False,high,medium
CTX2777,CUST0086,VEH0086,CONTR0086,SYNTHETIC,2026-09-16T20:26:00,15,Tuesday,Belo Horizonte,Sudeste,1285,215,85.7,350,True,397,False,True,False,52.0,,False,False,high,medium
CTX2778,CUST0187,VEH0087,CONTR0187,SYNTHETIC,2026-08-27T22:40:00,20,Friday,Rio de Janeiro,Sudeste,2985,0,149.2,1500,False,7,True,False,True,88.0,,False,False,high,high
CTX2779,CUST0204,VEH0004,CONTR0204,SYNTHETIC,2026-09-23T11:07:00,13,Monday,Brasília,Centro-Oeste,520,680,43.3,1500,False,0,True,False,False,56.0,,False,False,low,low
CTX2780,CUST0470,VEH0070,CONTR0470,SYNTHETIC,2026-08-27T18:26:00,12,Friday,Porto Alegre,Sul,2430,0,135.0,1500,True,0,True,False,False,67.0,,False,False,high,high
CTX2781,CUST0398,VEH0098,CONTR0398,SYNTHETIC,2026-08-29T21:12:00,8,Wednesday,Recife,Nordeste,1920,580,76.8,4000,False,0,True,False,False,30.0,,True,False,normal,medium
CTX2782,CUST0411,VEH0011,CONTR0411,SYNTHETIC,2026-09-01T18:19:00,15,Monday,Curitiba,Sul,1138,62,94.8,4000,False,0,True,False,False,79.0,,False,False,high,medium
CTX2783,CUST0219,VEH0019,CONTR0219,SYNTHETIC,2026-09-01T06:01:00,16,Monday,Recife,Nordeste,1726,0,172.6,103,True,355,False,False,False,77.0,,False,False,high,medium
CTX2784,CUST0360,VEH0060,CONTR0360,SYNTHETIC,2026-09-30T10:43:00,11,Saturday,Fortaleza,Nordeste,1564,236,86.9,4000,False,0,True,True,True,47.0,,False,False,high,high
CTX2785,CUST0361,VEH0061,CONTR0361,SYNTHETIC,2026-09-27T18:17:00,22,Thursday,Curitiba,Sul,1920,80,96.0,1500,False,382,False,False,False,57.0,,False,False,high,low
CTX2786,CUST0318,VEH0018,CONTR0318,SYNTHETIC,2026-09-05T10:55:00,20,Wednesday,Brasília,Centro-Oeste,2906,0,116.2,1000,True,319,False,True,False,85.0,,False,False,high,medium
CTX2787,CUST0333,VEH0033,CONTR0333,SYNTHETIC,2026-09-03T14:17:00,11,Sunday,Fortaleza,Nordeste,1117,83,93.1,1000,False,202,False,False,False,79.0,,False,False,high,low
CTX2788,CUST0027,VEH0027,CONTR0027,SYNTHETIC,2026-09-10T15:47:00,12,Tuesday,Campinas,Sudeste,1655,345,82.8,350,True,147,True,False,True,62.0,,False,False,normal,high
CTX2789,CUST0007,VEH0007,CONTR0007,SYNTHETIC,2026-09-18T18:34:00,6,Thursday,Rio de Janeiro,Sudeste,1180,20,98.3,2500,False,452,False,False,True,73.0,,False,False,high,medium
CTX2790,CUST0026,VEH0026,CONTR0026,SYNTHETIC,2026-09-23T18:31:00,8,Wednesday,São Paulo,Sudeste,1153,347,76.9,1500,False,276,False,True,False,73.0,,False,False,normal,low
CTX2791,CUST0380,VEH0080,CONTR0380,SYNTHETIC,2026-09-08T07:46:00,9,Friday,Fortaleza,Nordeste,212,588,26.5,4000,False,171,False,True,False,67.0,,False,False,low,low
CTX2792,CUST0222,VEH0022,CONTR0222,SYNTHETIC,2026-09-09T08:36:00,10,Monday,Florianópolis,Sul,1699,101,94.4,1500,True,0,True,False,False,81.0,,False,False,high,high
CTX2793,CUST0062,VEH0062,CONTR0062,SYNTHETIC,2026-08-26T20:53:00,6,Sunday,Rio de Janeiro,Sudeste,800,0,100.0,4000,False,276,False,False,False,67.0,,False,False,high,low
CTX2794,CUST0138,VEH0038,CONTR0138,SYNTHETIC,2026-09-10T17:58:00,16,Sunday,Brasília,Centro-Oeste,656,144,82.0,249,True,287,False,False,False,82.0,,False,False,high,medium
CTX2795,CUST0064,VEH0064,CONTR0064,SYNTHETIC,2026-08-24T11:01:00,20,Wednesday,Salvador,Nordeste,1500,300,83.3,1500,False,0,True,True,True,91.0,,False,False,high,high
CTX2796,CUST0426,VEH0026,CONTR0426,SYNTHETIC,2026-09-02T13:37:00,19,Tuesday,Fortaleza,Nordeste,554,446,55.4,1500,True,115,False,True,False,58.0,,False,False,normal,low
CTX2797,CUST0198,VEH0098,CONTR0198,SYNTHETIC,2026-09-27T11:19:00,21,Saturday,Brasília,Centro-Oeste,944,56,94.4,350,True,343,False,True,False,26.0,,True,False,high,high
CTX2798,CUST0231,VEH0031,CONTR0231,SYNTHETIC,2026-09-15T15:12:00,15,Tuesday,Florianópolis,Sul,985,815,54.7,4000,False,2,True,False,False,75.0,,False,False,normal,low
CTX2799,CUST0323,VEH0023,CONTR0323,SYNTHETIC,2026-09-07T17:30:00,9,Wednesday,Salvador,Nordeste,873,927,48.5,1500,False,0,True,False,False,,31.0,False,False,normal,low
CTX2800,CUST0463,VEH0063,CONTR0463,SYNTHETIC,2026-08-21T07:53:00,11,Friday,Belo Horizonte,Sudeste,1257,0,104.8,350,True,0,True,False,False,58.0,,False,False,high,high
CTX2801,CUST0469,VEH0069,CONTR0469,SYNTHETIC,2026-09-23T15:30:00,19,Monday,Salvador,Nordeste,2109,0,105.5,1500,False,334,False,False,False,42.0,,False,False,high,low
CTX2802,CUST0321,VEH0021,CONTR0321,SYNTHETIC,2026-09-05T17:30:00,13,Thursday,Campinas,Sudeste,749,451,62.4,1000,False,68,False,False,False,,52.0,False,False,normal,low
CTX2803,CUST0213,VEH0013,CONTR0213,SYNTHETIC,2026-08-18T10:08:00,17,Wednesday,Florianópolis,Sul,1960,0,130.7,4000,False,288,False,False,False,86.0,,False,False,high,low
CTX2804,CUST0305,VEH0005,CONTR0305,SYNTHETIC,2026-08-24T08:45:00,14,Sunday,Salvador,Nordeste,1381,0,138.1,350,True,46,True,True,True,64.0,,False,False,high,high
CTX2805,CUST0323,VEH0023,CONTR0323,SYNTHETIC,2026-08-17T09:48:00,20,Tuesday,Salvador,Nordeste,873,927,48.5,1500,False,0,True,True,False,,31.0,False,False,normal,low
CTX2806,CUST0420,VEH0020,CONTR0420,SYNTHETIC,2026-09-10T19:36:00,6,Monday,Curitiba,Sul,877,0,109.6,350,True,290,False,False,False,26.0,,False,False,high,medium
CTX2807,CUST0325,VEH0025,CONTR0325,SYNTHETIC,2026-09-18T16:39:00,22,Saturday,Fortaleza,Nordeste,778,222,77.8,4000,False,431,False,False,False,55.0,,False,False,normal,low
CTX2808,CUST0140,VEH0040,CONTR0140,SYNTHETIC,2026-08-21T16:39:00,19,Saturday,Brasília,Centro-Oeste,2243,257,89.7,2500,False,493,False,False,True,84.0,,False,False,high,medium
CTX2809,CUST0213,VEH0013,CONTR0213,SYNTHETIC,2026-09-21T11:27:00,11,Saturday,Florianópolis,Sul,1960,0,130.7,4000,False,288,False,False,False,86.0,,False,False,high,low
CTX2810,CUST0155,VEH0055,CONTR0155,SYNTHETIC,2026-09-19T10:38:00,6,Friday,Salvador,Nordeste,854,146,85.4,1500,True,0,True,True,False,73.0,,False,False,high,high
CTX2811,CUST0020,VEH0020,CONTR0020,SYNTHETIC,2026-08-21T15:19:00,10,Thursday,Belo Horizonte,Sudeste,2168,332,86.7,350,True,196,False,False,False,91.0,,False,False,high,medium
CTX2812,CUST0258,VEH0058,CONTR0258,SYNTHETIC,2026-08-17T15:11:00,13,Monday,Salvador,Nordeste,1391,0,115.9,4000,False,314,False,False,False,32.0,,False,False,high,low
CTX2813,CUST0206,VEH0006,CONTR0206,SYNTHETIC,2026-09-04T20:23:00,14,Friday,São Paulo,Sudeste,1884,0,125.6,700,True,357,False,True,False,18.0,,True,False,high,high
CTX2814,CUST0116,VEH0016,CONTR0116,SYNTHETIC,2026-09-14T16:54:00,12,Saturday,Belo Horizonte,Sudeste,1946,554,77.8,700,True,73,True,False,False,31.0,,False,False,normal,medium
CTX2815,CUST0399,VEH0099,CONTR0399,SYNTHETIC,2026-09-17T16:29:00,12,Tuesday,Florianópolis,Sul,688,112,86.0,1000,True,0,True,False,False,66.0,,False,False,high,high
CTX2816,CUST0424,VEH0024,CONTR0424,SYNTHETIC,2026-09-10T13:40:00,12,Monday,Porto Alegre,Sul,2288,0,114.4,4000,False,148,False,True,False,53.0,,False,False,high,low
CTX2817,CUST0093,VEH0093,CONTR0093,SYNTHETIC,2026-09-01T14:01:00,17,Tuesday,Curitiba,Sul,808,192,80.8,1000,True,315,False,True,False,85.0,,False,False,high,medium
CTX2818,CUST0366,VEH0066,CONTR0366,SYNTHETIC,2026-09-27T18:03:00,10,Tuesday,Goiânia,Centro-Oeste,960,240,80.0,1000,True,438,False,True,False,36.0,,False,False,high,medium
CTX2819,CUST0421,VEH0021,CONTR0421,SYNTHETIC,2026-09-09T16:34:00,21,Monday,Rio de Janeiro,Sudeste,525,475,52.5,1000,True,0,True,True,False,,32.0,False,False,normal,medium
CTX2820,CUST0412,VEH0012,CONTR0412,SYNTHETIC,2026-08-19T15:21:00,18,Wednesday,Goiânia,Centro-Oeste,2130,0,106.5,2500,False,513,False,False,False,87.0,,False,False,high,low
CTX2821,CUST0037,VEH0037,CONTR0037,SYNTHETIC,2026-09-23T16:14:00,22,Sunday,Belo Horizonte,Sudeste,1739,0,115.9,2500,False,140,False,False,False,62.0,,False,False,high,low
CTX2822,CUST0417,VEH0017,CONTR0417,SYNTHETIC,2026-09-09T06:22:00,13,Saturday,Campinas,Sudeste,2124,0,106.2,2500,False,73,False,True,False,45.0,,False,False,high,low
CTX2823,CUST0353,VEH0053,CONTR0353,SYNTHETIC,2026-09-24T16:44:00,21,Sunday,Porto Alegre,Sul,2221,779,74.0,350,True,462,False,False,False,29.0,,False,False,normal,low
CTX2824,CUST0388,VEH0088,CONTR0388,SYNTHETIC,2026-09-17T11:32:00,10,Wednesday,Salvador,Nordeste,2604,396,86.8,1000,True,220,False,True,False,52.0,,False,False,high,medium
CTX2825,CUST0210,VEH0010,CONTR0210,SYNTHETIC,2026-09-27T17:57:00,19,Tuesday,São Paulo,Sudeste,2498,502,83.3,350,True,31,True,True,False,33.0,,False,False,high,high
CTX2826,CUST0162,VEH0062,CONTR0162,SYNTHETIC,2026-09-29T15:09:00,7,Wednesday,Goiânia,Centro-Oeste,533,267,66.6,350,True,0,True,True,False,75.0,,False,False,normal,medium
CTX2827,CUST0311,VEH0011,CONTR0311,SYNTHETIC,2026-09-02T08:19:00,12,Saturday,Brasília,Centro-Oeste,1264,236,84.3,700,True,127,False,False,False,77.0,,False,False,normal,low
CTX2828,CUST0111,VEH0011,CONTR0111,SYNTHETIC,2026-09-29T08:58:00,15,Sunday,Brasília,Centro-Oeste,1273,227,84.9,350,True,101,False,True,True,58.0,,False,False,high,high
CTX2829,CUST0387,VEH0087,CONTR0387,SYNTHETIC,2026-08-31T22:33:00,22,Friday,Recife,Nordeste,1507,0,150.7,700,True,0,True,False,False,48.0,,False,False,high,high
CTX2830,CUST0051,VEH0051,CONTR0051,SYNTHETIC,2026-09-16T22:07:00,19,Friday,Campinas,Sudeste,1859,0,123.9,700,True,420,False,True,False,32.0,,False,False,high,medium
CTX2831,CUST0243,VEH0043,CONTR0243,SYNTHETIC,2026-09-09T07:42:00,18,Wednesday,Recife,Nordeste,2141,0,178.4,4000,False,0,True,True,False,58.0,,False,False,high,medium
CTX2832,CUST0205,VEH0005,CONTR0205,SYNTHETIC,2026-09-22T21:10:00,6,Saturday,Salvador,Nordeste,1554,0,129.5,700,True,520,False,True,False,85.0,,False,False,high,medium
CTX2833,CUST0327,VEH0027,CONTR0327,SYNTHETIC,2026-09-18T17:26:00,15,Monday,Fortaleza,Nordeste,3285,0,131.4,350,True,83,True,True,False,48.0,,False,False,high,high
CTX2834,CUST0239,VEH0039,CONTR0239,SYNTHETIC,2026-08-24T20:56:00,22,Sunday,Salvador,Nordeste,1832,668,73.3,1000,True,46,True,False,False,64.0,,False,False,normal,medium
CTX2835,CUST0307,VEH0007,CONTR0307,SYNTHETIC,2026-09-18T19:29:00,8,Wednesday,Curitiba,Sul,1429,71,95.3,1500,False,14,True,False,False,94.0,,False,False,high,medium
CTX2836,CUST0199,VEH0099,CONTR0199,SYNTHETIC,2026-09-05T20:23:00,8,Sunday,São Paulo,Sudeste,1579,221,87.7,1500,True,239,False,False,False,47.0,,False,False,high,medium
CTX2837,CUST0288,VEH0088,CONTR0288,SYNTHETIC,2026-09-29T17:42:00,17,Sunday,Goiânia,Centro-Oeste,1278,222,85.2,4000,False,119,False,True,False,69.0,,False,False,high,low
CTX2838,CUST0206,VEH0006,CONTR0206,SYNTHETIC,2026-08-21T20:13:00,10,Monday,São Paulo,Sudeste,1884,0,125.6,700,True,357,False,False,False,18.0,,True,False,high,high
CTX2839,CUST0369,VEH0069,CONTR0369,SYNTHETIC,2026-09-10T12:15:00,21,Saturday,Florianópolis,Sul,796,2204,26.5,4000,False,0,True,True,False,42.0,,False,False,low,low
CTX2840,CUST0245,VEH0045,CONTR0245,SYNTHETIC,2026-08-18T21:06:00,11,Sunday,Curitiba,Sul,1056,0,132.0,1500,True,0,True,True,False,43.0,,False,False,high,high
CTX2841,CUST0213,VEH0013,CONTR0213,SYNTHETIC,2026-09-25T10:16:00,7,Tuesday,Florianópolis,Sul,1960,0,130.7,4000,False,288,False,True,False,86.0,,False,False,high,low
CTX2842,CUST0489,VEH0089,CONTR0489,SYNTHETIC,2026-09-10T15:37:00,7,Friday,Brasília,Centro-Oeste,991,809,55.1,1000,True,23,True,True,False,21.0,,True,True,normal,high
CTX2843,CUST0382,VEH0082,CONTR0382,SYNTHETIC,2026-09-02T13:33:00,22,Thursday,Fortaleza,Nordeste,987,213,82.2,700,False,0,True,False,False,82.0,,False,False,normal,low
CTX2844,CUST0070,VEH0070,CONTR0070,SYNTHETIC,2026-09-13T13:33:00,13,Sunday,Campinas,Sudeste,824,376,68.7,350,True,390,False,True,False,84.0,,False,False,normal,low
CTX2845,CUST0344,VEH0044,CONTR0344,SYNTHETIC,2026-09-21T15:39:00,13,Monday,Brasília,Centro-Oeste,1276,224,85.1,4000,False,390,False,True,False,23.0,,True,True,high,high
CTX2846,CUST0252,VEH0052,CONTR0252,SYNTHETIC,2026-09-11T14:26:00,18,Tuesday,Salvador,Nordeste,2093,0,139.5,700,True,0,True,False,False,82.0,,False,False,high,high
CTX2847,CUST0263,VEH0063,CONTR0263,SYNTHETIC,2026-09-07T11:09:00,16,Tuesday,Porto Alegre,Sul,2922,0,116.9,350,True,224,False,False,False,50.0,,False,False,high,medium
CTX2848,CUST0232,VEH0032,CONTR0232,SYNTHETIC,2026-09-29T10:14:00,15,Monday,Curitiba,Sul,1062,0,132.8,2500,False,0,True,True,False,56.0,,False,True,high,high
CTX2849,CUST0191,VEH0091,CONTR0191,SYNTHETIC,2026-09-25T11:23:00,8,Saturday,Fortaleza,Nordeste,2398,602,79.9,1500,True,0,True,False,False,49.0,,False,False,normal,medium
CTX2850,CUST0189,VEH0089,CONTR0189,SYNTHETIC,2026-08-30T06:21:00,8,Thursday,Fortaleza,Nordeste,907,893,50.4,2500,False,362,False,True,False,64.0,,False,False,normal,low
CTX2851,CUST0207,VEH0007,CONTR0207,SYNTHETIC,2026-08-29T15:49:00,14,Thursday,Brasília,Centro-Oeste,1037,0,129.6,1500,True,447,False,True,False,30.0,,False,False,high,medium
CTX2852,CUST0326,VEH0026,CONTR0326,SYNTHETIC,2026-09-01T18:39:00,16,Sunday,Recife,Nordeste,1965,0,163.8,1500,False,222,False,True,True,15.0,,True,False,high,high
CTX2853,CUST0283,VEH0083,CONTR0283,SYNTHETIC,2026-09-15T10:16:00,18,Tuesday,Rio de Janeiro,Sudeste,701,299,70.1,2500,False,356,False,True,False,76.0,,False,True,normal,low
CTX2854,CUST0371,VEH0071,CONTR0371,SYNTHETIC,2026-09-29T13:04:00,9,Friday,Rio de Janeiro,Sudeste,1736,764,69.4,1500,False,118,True,True,False,52.0,,False,False,normal,low
CTX2855,CUST0017,VEH0017,CONTR0017,SYNTHETIC,2026-09-15T09:38:00,13,Saturday,Belo Horizonte,Sudeste,1182,0,118.2,350,True,66,True,True,True,92.0,,False,False,high,high
CTX2856,CUST0294,VEH0094,CONTR0294,SYNTHETIC,2026-09-26T22:36:00,9,Sunday,Curitiba,Sul,1381,119,92.1,700,True,0,True,False,False,51.0,,False,True,high,high
CTX2857,CUST0053,VEH0053,CONTR0053,SYNTHETIC,2026-09-22T15:46:00,21,Thursday,Brasília,Centro-Oeste,1354,0,135.4,4000,False,0,True,False,False,71.0,,False,False,high,medium
CTX2858,CUST0287,VEH0087,CONTR0287,SYNTHETIC,2026-09-26T12:48:00,8,Friday,Recife,Nordeste,1407,0,117.3,350,True,0,True,True,False,60.0,,False,False,high,high
CTX2859,CUST0054,VEH0054,CONTR0054,SYNTHETIC,2026-09-26T13:10:00,16,Saturday,Rio de Janeiro,Sudeste,814,0,101.8,1000,False,116,False,False,False,94.0,,False,True,high,medium
CTX2860,CUST0060,VEH0060,CONTR0060,SYNTHETIC,2026-09-08T19:00:00,14,Sunday,Campinas,Sudeste,2907,93,96.9,700,True,382,False,True,False,88.0,,False,False,high,medium
CTX2861,CUST0025,VEH0025,CONTR0025,SYNTHETIC,2026-08-29T12:04:00,6,Tuesday,Salvador,Nordeste,2415,0,120.8,4000,False,227,False,False,False,59.0,,False,False,high,low
CTX2862,CUST0054,VEH0054,CONTR0054,SYNTHETIC,2026-09-22T20:20:00,21,Friday,Rio de Janeiro,Sudeste,814,0,101.8,1000,True,116,True,True,False,94.0,,False,False,high,high
CTX2863,CUST0138,VEH0038,CONTR0138,SYNTHETIC,2026-09-03T14:16:00,22,Thursday,Brasília,Centro-Oeste,656,144,82.0,249,True,287,False,False,False,82.0,,False,False,high,medium
CTX2864,CUST0002,VEH0002,CONTR0002,SYNTHETIC,2026-08-23T15:05:00,11,Sunday,Recife,Nordeste,563,237,70.4,700,True,0,True,False,False,74.0,,False,False,normal,medium
CTX2865,CUST0323,VEH0023,CONTR0323,SYNTHETIC,2026-09-21T19:48:00,20,Wednesday,Salvador,Nordeste,873,927,48.5,1500,True,0,True,True,False,,31.0,False,False,normal,medium
CTX2866,CUST0120,VEH0020,CONTR0120,SYNTHETIC,2026-09-16T08:43:00,7,Monday,Fortaleza,Nordeste,1212,0,101.0,4000,False,27,True,False,False,28.0,,False,False,high,medium
CTX2867,CUST0014,VEH0014,CONTR0014,SYNTHETIC,2026-09-11T13:25:00,7,Thursday,Belo Horizonte,Sudeste,1887,0,104.8,4000,False,63,True,True,False,63.0,,False,False,high,medium
CTX2868,CUST0477,VEH0077,CONTR0477,SYNTHETIC,2026-09-06T20:38:00,15,Friday,Goiânia,Centro-Oeste,723,77,90.4,1000,True,0,True,False,False,,60.0,False,False,high,high
CTX2869,CUST0194,VEH0094,CONTR0194,SYNTHETIC,2026-08-21T13:25:00,9,Monday,Brasília,Centro-Oeste,3463,0,173.2,4000,False,352,False,True,False,46.0,,False,True,high,medium
CTX2870,CUST0028,VEH0028,CONTR0028,SYNTHETIC,2026-09-17T21:20:00,15,Friday,Curitiba,Sul,2443,557,81.4,1500,True,62,False,False,False,84.0,,False,False,high,medium
CTX2871,CUST0102,VEH0002,CONTR0102,SYNTHETIC,2026-09-27T20:06:00,19,Sunday,Goiânia,Centro-Oeste,2952,48,98.4,2500,False,171,False,False,False,19.0,,True,False,high,medium
CTX2872,CUST0027,VEH0027,CONTR0027,SYNTHETIC,2026-09-13T08:51:00,17,Wednesday,Campinas,Sudeste,1655,345,82.8,350,True,147,False,True,True,62.0,,False,False,high,high
CTX2873,CUST0435,VEH0035,CONTR0435,SYNTHETIC,2026-08-29T15:42:00,19,Saturday,Brasília,Centro-Oeste,1813,0,100.7,1000,True,47,True,False,False,91.0,,False,False,high,high
CTX2874,CUST0474,VEH0074,CONTR0474,SYNTHETIC,2026-08-19T06:52:00,12,Saturday,Fortaleza,Nordeste,945,0,118.1,1000,True,461,False,True,False,45.0,,False,False,high,medium
CTX2875,CUST0120,VEH0020,CONTR0120,SYNTHETIC,2026-08-25T11:24:00,18,Wednesday,Fortaleza,Nordeste,1212,0,101.0,4000,False,27,True,False,False,28.0,,False,False,high,medium
CTX2876,CUST0110,VEH0010,CONTR0110,SYNTHETIC,2026-09-02T13:06:00,20,Tuesday,Salvador,Nordeste,2076,924,69.2,2500,False,488,False,False,False,27.0,,True,False,normal,low
CTX2877,CUST0493,VEH0093,CONTR0493,SYNTHETIC,2026-09-22T12:50:00,17,Sunday,Campinas,Sudeste,1009,491,67.3,1000,True,227,False,False,False,77.0,,False,False,normal,low
CTX2878,CUST0270,VEH0070,CONTR0270,SYNTHETIC,2026-09-07T20:42:00,8,Wednesday,Rio de Janeiro,Sudeste,743,57,92.9,350,True,374,False,False,False,63.0,,False,False,high,medium
CTX2879,CUST0360,VEH0060,CONTR0360,SYNTHETIC,2026-09-01T18:28:00,7,Thursday,Fortaleza,Nordeste,1564,236,86.9,4000,False,0,True,True,True,47.0,,False,False,high,high
CTX2880,CUST0004,VEH0004,CONTR0004,SYNTHETIC,2026-09-02T10:07:00,9,Thursday,Porto Alegre,Sul,1003,197,83.6,350,True,416,False,False,False,34.0,,False,False,high,medium
CTX2881,CUST0070,VEH0070,CONTR0070,SYNTHETIC,2026-09-19T17:48:00,14,Thursday,Campinas,Sudeste,824,376,68.7,350,True,390,False,False,False,84.0,,False,False,normal,low
CTX2882,CUST0155,VEH0055,CONTR0155,SYNTHETIC,2026-08-22T16:23:00,21,Monday,Salvador,Nordeste,854,146,85.4,1500,True,0,True,True,False,73.0,,False,False,high,high
CTX2883,CUST0434,VEH0034,CONTR0434,SYNTHETIC,2026-09-25T18:25:00,10,Wednesday,Salvador,Nordeste,1082,0,108.2,4000,False,384,False,False,False,16.0,,True,False,high,medium
CTX2884,CUST0165,VEH0065,CONTR0165,SYNTHETIC,2026-09-07T07:00:00,7,Saturday,Florianópolis,Sul,2528,472,84.3,4000,False,405,False,False,False,76.0,,False,True,normal,low
CTX2885,CUST0042,VEH0042,CONTR0042,SYNTHETIC,2026-09-05T08:54:00,20,Tuesday,Rio de Janeiro,Sudeste,3642,0,121.4,2500,False,161,False,False,False,29.0,,False,False,high,low
CTX2886,CUST0288,VEH0088,CONTR0288,SYNTHETIC,2026-10-01T07:43:00,22,Tuesday,Goiânia,Centro-Oeste,1278,222,85.2,4000,False,119,False,False,False,69.0,,False,False,high,low
CTX2887,CUST0336,VEH0036,CONTR0336,SYNTHETIC,2026-08-23T07:48:00,18,Thursday,Salvador,Nordeste,4888,0,162.9,4000,False,282,False,False,False,31.0,,False,False,high,low
CTX2888,CUST0066,VEH0066,CONTR0066,SYNTHETIC,2026-08-29T09:31:00,20,Saturday,Fortaleza,Nordeste,727,73,90.9,4000,False,0,True,False,False,36.0,,False,True,high,high
CTX2889,CUST0126,VEH0026,CONTR0126,SYNTHETIC,2026-09-23T08:49:00,22,Friday,Fortaleza,Nordeste,1707,93,94.8,1500,True,494,False,False,True,68.0,,False,False,high,high
CTX2890,CUST0070,VEH0070,CONTR0070,SYNTHETIC,2026-09-06T15:07:00,21,Thursday,Campinas,Sudeste,824,376,68.7,350,True,390,False,False,False,84.0,,False,False,normal,low
CTX2891,CUST0033,VEH0033,CONTR0033,SYNTHETIC,2026-08-18T19:38:00,13,Thursday,Fortaleza,Nordeste,1537,263,85.4,2500,False,476,False,False,False,52.0,,False,False,high,low
CTX2892,CUST0260,VEH0060,CONTR0260,SYNTHETIC,2026-10-01T13:09:00,13,Sunday,Campinas,Sudeste,1040,0,130.0,2500,False,471,False,False,True,60.0,,False,False,high,medium
CTX2893,CUST0296,VEH0096,CONTR0296,SYNTHETIC,2026-08-28T10:56:00,18,Sunday,Fortaleza,Nordeste,446,1054,29.7,2500,False,125,False,True,False,86.0,,False,False,low,low
CTX2894,CUST0233,VEH0033,CONTR0233,SYNTHETIC,2026-08-24T16:54:00,11,Tuesday,Florianópolis,Sul,2571,429,85.7,2500,False,108,True,False,False,73.0,,False,False,high,medium
CTX2895,CUST0161,VEH0061,CONTR0161,SYNTHETIC,2026-09-14T13:51:00,19,Sunday,Curitiba,Sul,2457,43,98.3,350,True,268,False,False,False,87.0,,False,False,high,medium
CTX2896,CUST0361,VEH0061,CONTR0361,SYNTHETIC,2026-09-17T13:02:00,19,Wednesday,Curitiba,Sul,1920,80,96.0,1500,True,382,False,False,False,57.0,,False,True,high,high
CTX2897,CUST0013,VEH0013,CONTR0013,SYNTHETIC,2026-08-18T17:38:00,7,Sunday,Florianópolis,Sul,4459,0,148.6,1500,False,300,False,True,False,25.0,,True,False,high,medium
CTX2898,CUST0328,VEH0028,CONTR0328,SYNTHETIC,2026-09-28T11:59:00,17,Friday,Campinas,Sudeste,949,551,63.3,1000,True,447,False,False,False,46.0,,False,False,normal,low
CTX2899,CUST0051,VEH0051,CONTR0051,SYNTHETIC,2026-09-24T19:11:00,18,Thursday,Campinas,Sudeste,1859,0,123.9,700,True,420,False,False,False,32.0,,False,False,high,medium
CTX2900,CUST0372,VEH0072,CONTR0372,SYNTHETIC,2026-08-28T06:11:00,16,Wednesday,Campinas,Sudeste,445,555,44.5,700,False,172,False,True,True,63.0,,False,False,low,low
CTX2901,CUST0337,VEH0037,CONTR0337,SYNTHETIC,2026-08-26T12:38:00,17,Thursday,Recife,Nordeste,1090,1410,43.6,350,True,270,False,False,False,17.0,,True,False,low,medium
CTX2902,CUST0437,VEH0037,CONTR0437,SYNTHETIC,2026-09-15T20:17:00,8,Monday,Rio de Janeiro,Sudeste,377,623,37.7,2500,False,276,False,False,False,46.0,,False,False,low,low
CTX2903,CUST0033,VEH0033,CONTR0033,SYNTHETIC,2026-09-18T22:27:00,10,Wednesday,Fortaleza,Nordeste,1537,263,85.4,2500,False,476,False,False,False,52.0,,False,False,high,low
CTX2904,CUST0202,VEH0002,CONTR0202,SYNTHETIC,2026-09-13T11:13:00,12,Monday,Rio de Janeiro,Sudeste,1183,17,98.6,1000,True,0,True,False,False,92.0,,False,False,high,high
CTX2905,CUST0408,VEH0008,CONTR0408,SYNTHETIC,2026-08-30T10:36:00,11,Saturday,Brasília,Centro-Oeste,1898,0,105.4,2500,False,462,False,True,True,18.0,,True,False,high,high
CTX2906,CUST0130,VEH0030,CONTR0130,SYNTHETIC,2026-09-21T09:02:00,21,Saturday,São Paulo,Sudeste,1486,0,123.8,350,True,28,True,False,False,77.0,,False,False,high,high
CTX2907,CUST0367,VEH0067,CONTR0367,SYNTHETIC,2026-09-09T15:34:00,17,Tuesday,Florianópolis,Sul,1069,431,71.3,2500,False,243,False,False,False,52.0,,False,False,normal,low
CTX2908,CUST0095,VEH0095,CONTR0095,SYNTHETIC,2026-09-30T15:08:00,21,Wednesday,Porto Alegre,Sul,2523,0,168.2,263,True,437,False,False,False,21.0,,False,True,high,high
CTX2909,CUST0425,VEH0025,CONTR0425,SYNTHETIC,2026-09-18T18:20:00,8,Tuesday,Curitiba,Sul,1078,722,59.9,1500,False,364,False,False,False,35.0,,False,False,normal,low
CTX2910,CUST0320,VEH0020,CONTR0320,SYNTHETIC,2026-09-08T08:02:00,22,Monday,Campinas,Sudeste,1138,62,94.8,350,True,272,False,True,False,62.0,,False,False,high,medium
CTX2911,CUST0317,VEH0017,CONTR0317,SYNTHETIC,2026-09-20T12:44:00,7,Monday,Campinas,Sudeste,3081,0,123.2,2500,False,0,True,False,False,34.0,,False,False,high,medium
CTX2912,CUST0108,VEH0008,CONTR0108,SYNTHETIC,2026-09-22T22:14:00,6,Saturday,Campinas,Sudeste,1824,676,73.0,2500,False,0,True,True,False,87.0,,False,False,normal,low
CTX2913,CUST0464,VEH0064,CONTR0464,SYNTHETIC,2026-09-14T12:29:00,16,Sunday,Goiânia,Centro-Oeste,3893,0,129.8,1000,True,372,False,False,False,48.0,,False,False,high,medium
CTX2914,CUST0105,VEH0005,CONTR0105,SYNTHETIC,2026-09-05T18:14:00,9,Thursday,Brasília,Centro-Oeste,1004,496,66.9,350,True,39,True,False,False,31.0,,False,True,normal,high
CTX2915,CUST0431,VEH0031,CONTR0431,SYNTHETIC,2026-10-01T13:13:00,6,Wednesday,Rio de Janeiro,Sudeste,2026,0,135.1,2500,False,8,True,False,False,26.0,,True,False,high,high
CTX2916,CUST0192,VEH0092,CONTR0192,SYNTHETIC,2026-09-15T20:00:00,6,Saturday,Salvador,Nordeste,1435,65,95.7,350,True,366,False,False,False,17.0,,True,False,high,high
CTX2917,CUST0280,VEH0080,CONTR0280,SYNTHETIC,2026-08-21T09:31:00,19,Wednesday,Brasília,Centro-Oeste,2359,141,94.4,4000,False,447,False,True,False,80.0,,False,True,high,medium
CTX2918,CUST0074,VEH0074,CONTR0074,SYNTHETIC,2026-09-25T09:22:00,6,Wednesday,Fortaleza,Nordeste,2699,0,149.9,2500,False,160,False,True,False,86.0,,False,True,high,medium
CTX2919,CUST0419,VEH0019,CONTR0419,SYNTHETIC,2026-09-25T12:07:00,16,Sunday,Goiânia,Centro-Oeste,704,796,46.9,193,True,236,False,False,False,59.0,,False,False,normal,low
CTX2920,CUST0084,VEH0084,CONTR0084,SYNTHETIC,2026-08-20T07:20:00,22,Sunday,Fortaleza,Nordeste,540,260,67.5,700,True,360,False,True,False,81.0,,False,False,normal,low
CTX2921,CUST0281,VEH0081,CONTR0281,SYNTHETIC,2026-09-14T07:44:00,15,Thursday,Rio de Janeiro,Sudeste,1456,344,80.9,1000,True,224,False,True,False,51.0,,False,False,high,medium
CTX2922,CUST0208,VEH0008,CONTR0208,SYNTHETIC,2026-09-26T09:58:00,16,Sunday,Recife,Nordeste,1030,0,128.8,1500,False,104,False,False,True,78.0,,False,False,high,medium
CTX2923,CUST0082,VEH0082,CONTR0082,SYNTHETIC,2026-08-27T11:25:00,7,Tuesday,São Paulo,Sudeste,1473,527,73.7,1500,False,0,True,False,False,75.0,,False,False,normal,low
CTX2924,CUST0043,VEH0043,CONTR0043,SYNTHETIC,2026-09-09T22:00:00,21,Monday,Salvador,Nordeste,1676,324,83.8,1500,True,126,False,False,False,71.0,,False,True,high,high
CTX2925,CUST0429,VEH0029,CONTR0429,SYNTHETIC,2026-09-17T17:44:00,16,Saturday,Goiânia,Centro-Oeste,704,796,46.9,1500,True,86,True,False,False,43.0,,False,False,normal,medium
CTX2926,CUST0394,VEH0094,CONTR0394,SYNTHETIC,2026-09-09T19:28:00,16,Thursday,São Paulo,Sudeste,785,215,78.5,1500,False,85,True,True,False,63.0,,False,False,normal,low
CTX2927,CUST0254,VEH0054,CONTR0254,SYNTHETIC,2026-09-17T06:45:00,15,Sunday,Recife,Nordeste,3415,0,136.6,1000,False,261,False,False,False,34.0,,False,False,high,low
CTX2928,CUST0170,VEH0070,CONTR0170,SYNTHETIC,2026-08-19T09:05:00,18,Monday,Goiânia,Centro-Oeste,1031,169,85.9,1500,True,0,True,True,False,29.0,,False,False,high,high
CTX2929,CUST0282,VEH0082,CONTR0282,SYNTHETIC,2026-09-09T11:11:00,9,Sunday,Florianópolis,Sul,1392,408,77.3,2500,False,60,True,True,False,64.0,,False,False,normal,low
CTX2930,CUST0106,VEH0006,CONTR0106,SYNTHETIC,2026-09-14T20:27:00,8,Tuesday,Salvador,Nordeste,2300,0,115.0,4000,False,321,False,False,False,56.0,,False,True,high,medium
CTX2931,CUST0344,VEH0044,CONTR0344,SYNTHETIC,2026-09-24T13:46:00,21,Friday,Brasília,Centro-Oeste,1276,224,85.1,4000,False,390,False,True,False,23.0,,True,False,high,medium
CTX2932,CUST0453,VEH0053,CONTR0453,SYNTHETIC,2026-09-06T07:58:00,13,Tuesday,Florianópolis,Sul,1195,805,59.8,1500,False,306,False,True,False,87.0,,False,False,normal,low
CTX2933,CUST0267,VEH0067,CONTR0267,SYNTHETIC,2026-08-27T22:25:00,22,Saturday,Curitiba,Sul,530,270,66.2,1500,True,181,False,False,False,79.0,,False,False,normal,low
CTX2934,CUST0054,VEH0054,CONTR0054,SYNTHETIC,2026-08-26T06:41:00,6,Thursday,Rio de Janeiro,Sudeste,814,0,101.8,1000,True,116,True,True,False,94.0,,False,False,high,high
CTX2935,CUST0122,VEH0022,CONTR0122,SYNTHETIC,2026-08-21T15:50:00,14,Wednesday,Fortaleza,Nordeste,732,68,91.5,2500,False,275,False,False,False,72.0,,False,False,high,low
CTX2936,CUST0237,VEH0037,CONTR0237,SYNTHETIC,2026-09-06T11:47:00,19,Tuesday,Recife,Nordeste,4489,0,149.6,700,True,414,False,True,False,34.0,,False,False,high,medium
CTX2937,CUST0198,VEH0098,CONTR0198,SYNTHETIC,2026-08-26T09:44:00,18,Monday,Brasília,Centro-Oeste,944,56,94.4,350,True,343,False,False,False,26.0,,False,False,high,medium
CTX2938,CUST0480,VEH0080,CONTR0480,SYNTHETIC,2026-08-23T22:21:00,7,Thursday,São Paulo,Sudeste,2360,140,94.4,1500,False,61,True,False,True,20.0,,True,False,high,high
CTX2939,CUST0416,VEH0016,CONTR0416,SYNTHETIC,2026-08-19T21:21:00,19,Saturday,Curitiba,Sul,1495,0,149.5,2500,False,55,True,True,False,68.0,,False,False,high,medium
CTX2940,CUST0409,VEH0009,CONTR0409,SYNTHETIC,2026-09-12T07:31:00,12,Monday,Belo Horizonte,Sudeste,1356,1644,45.2,1000,False,44,True,False,False,17.0,,True,False,normal,medium
CTX2941,CUST0227,VEH0027,CONTR0227,SYNTHETIC,2026-08-19T12:20:00,6,Saturday,Campinas,Sudeste,1227,0,122.7,1500,False,0,True,True,False,22.0,,True,False,high,high
CTX2942,CUST0321,VEH0021,CONTR0321,SYNTHETIC,2026-09-19T22:20:00,15,Monday,Campinas,Sudeste,749,451,62.4,1000,False,68,True,True,False,,52.0,False,False,normal,low
CTX2943,CUST0121,VEH0021,CONTR0121,SYNTHETIC,2026-09-29T11:14:00,8,Sunday,Curitiba,Sul,1172,628,65.1,350,True,460,False,True,False,,26.0,False,False,normal,low
CTX2944,CUST0493,VEH0093,CONTR0493,SYNTHETIC,2026-09-11T16:51:00,9,Wednesday,Campinas,Sudeste,1009,491,67.3,1000,True,227,False,False,False,77.0,,False,False,normal,low
CTX2945,CUST0320,VEH0020,CONTR0320,SYNTHETIC,2026-09-23T13:17:00,21,Thursday,Campinas,Sudeste,1138,62,94.8,350,True,272,False,True,False,62.0,,False,False,high,medium
CTX2946,CUST0039,VEH0039,CONTR0039,SYNTHETIC,2026-09-11T17:22:00,20,Monday,Belo Horizonte,Sudeste,884,116,88.4,350,True,0,True,False,False,36.0,,False,False,high,high
CTX2947,CUST0468,VEH0068,CONTR0468,SYNTHETIC,2026-09-19T19:19:00,14,Sunday,Belo Horizonte,Sudeste,899,0,112.4,1000,True,300,False,True,False,55.0,,False,False,high,medium
CTX2948,CUST0185,VEH0085,CONTR0185,SYNTHETIC,2026-08-26T13:59:00,8,Saturday,Recife,Nordeste,1457,0,121.4,1500,False,517,False,True,False,52.0,,False,False,high,low
CTX2949,CUST0076,VEH0076,CONTR0076,SYNTHETIC,2026-09-06T09:57:00,10,Tuesday,Goiânia,Centro-Oeste,1185,815,59.2,483,True,300,False,False,False,82.0,,False,False,normal,low
CTX2950,CUST0446,VEH0046,CONTR0446,SYNTHETIC,2026-09-07T15:18:00,19,Friday,Recife,Nordeste,1276,724,63.8,350,True,241,False,True,False,48.0,,False,False,normal,low
CTX2951,CUST0356,VEH0056,CONTR0356,SYNTHETIC,2026-09-10T16:03:00,10,Thursday,Florianópolis,Sul,1681,119,93.4,350,True,41,True,True,False,40.0,,False,False,high,high
CTX2952,CUST0109,VEH0009,CONTR0109,SYNTHETIC,2026-08-24T15:59:00,12,Tuesday,Goiânia,Centro-Oeste,995,205,82.9,4000,False,0,True,False,False,95.0,,False,False,high,medium
CTX2953,CUST0331,VEH0031,CONTR0331,SYNTHETIC,2026-09-15T19:02:00,6,Friday,Rio de Janeiro,Sudeste,642,1158,35.7,2500,False,472,False,False,False,64.0,,False,False,low,low
CTX2954,CUST0092,VEH0092,CONTR0092,SYNTHETIC,2026-09-22T19:56:00,6,Tuesday,Brasília,Centro-Oeste,1845,655,73.8,1000,True,0,True,False,True,62.0,,False,False,normal,high
CTX2955,CUST0485,VEH0085,CONTR0485,SYNTHETIC,2026-08-19T06:25:00,9,Thursday,Fortaleza,Nordeste,2278,0,113.9,700,True,242,False,False,True,91.0,,False,False,high,high
CTX2956,CUST0396,VEH0096,CONTR0396,SYNTHETIC,2026-09-10T09:11:00,7,Monday,Rio de Janeiro,Sudeste,425,575,42.5,700,False,233,False,True,False,21.0,,False,False,low,low
CTX2957,CUST0107,VEH0007,CONTR0107,SYNTHETIC,2026-09-01T11:58:00,9,Thursday,Salvador,Nordeste,739,461,61.6,2500,False,0,True,False,False,52.0,,False,True,normal,medium
CTX2958,CUST0094,VEH0094,CONTR0094,SYNTHETIC,2026-09-17T08:47:00,11,Friday,Campinas,Sudeste,1195,1305,47.8,1500,False,0,True,False,False,33.0,,False,False,normal,low
CTX2959,CUST0471,VEH0071,CONTR0471,SYNTHETIC,2026-09-30T21:05:00,11,Tuesday,Salvador,Nordeste,4119,0,137.3,1000,True,400,False,True,True,31.0,,False,True,high,high
CTX2960,CUST0471,VEH0071,CONTR0471,SYNTHETIC,2026-09-17T20:28:00,14,Tuesday,Salvador,Nordeste,4119,0,137.3,1000,True,400,False,True,True,31.0,,False,False,high,high
CTX2961,CUST0233,VEH0033,CONTR0233,SYNTHETIC,2026-08-28T20:50:00,11,Friday,Florianópolis,Sul,2571,429,85.7,2500,False,108,True,False,False,73.0,,False,False,high,medium
CTX2962,CUST0478,VEH0078,CONTR0478,SYNTHETIC,2026-08-29T06:05:00,11,Thursday,Fortaleza,Nordeste,1400,600,70.0,700,True,0,True,False,False,44.0,,False,False,normal,medium
CTX2963,CUST0500,VEH0100,CONTR0500,SYNTHETIC,2026-08-25T16:08:00,14,Thursday,São Paulo,Sudeste,1984,0,110.2,286,True,340,False,True,False,88.0,,False,False,high,medium
CTX2964,CUST0210,VEH0010,CONTR0210,SYNTHETIC,2026-09-15T20:09:00,14,Sunday,São Paulo,Sudeste,2498,502,83.3,350,True,31,True,False,False,33.0,,False,False,normal,medium
CTX2965,CUST0176,VEH0076,CONTR0176,SYNTHETIC,2026-09-15T21:31:00,14,Monday,Florianópolis,Sul,390,610,39.0,276,True,246,False,False,False,25.0,,False,False,low,low
CTX2966,CUST0227,VEH0027,CONTR0227,SYNTHETIC,2026-09-28T19:05:00,10,Friday,Campinas,Sudeste,1227,0,122.7,1500,False,0,True,False,False,22.0,,True,False,high,high
CTX2967,CUST0264,VEH0064,CONTR0264,SYNTHETIC,2026-08-24T10:32:00,10,Thursday,Florianópolis,Sul,508,992,33.9,700,True,51,True,True,False,63.0,,False,False,low,medium
CTX2968,CUST0352,VEH0052,CONTR0352,SYNTHETIC,2026-09-10T12:55:00,21,Monday,Curitiba,Sul,1408,0,176.0,1500,False,402,False,True,False,66.0,,False,False,high,low
CTX2969,CUST0331,VEH0031,CONTR0331,SYNTHETIC,2026-08-30T06:50:00,12,Monday,Rio de Janeiro,Sudeste,642,1158,35.7,2500,False,472,False,True,False,64.0,,False,False,low,low
CTX2970,CUST0354,VEH0054,CONTR0354,SYNTHETIC,2026-09-08T08:09:00,20,Friday,Brasília,Centro-Oeste,1360,140,90.7,2500,False,0,True,False,True,59.0,,False,False,high,high
CTX2971,CUST0269,VEH0069,CONTR0269,SYNTHETIC,2026-09-16T17:43:00,14,Monday,Florianópolis,Sul,415,1085,27.7,1500,False,54,True,False,False,70.0,,False,False,low,low
CTX2972,CUST0430,VEH0030,CONTR0430,SYNTHETIC,2026-08-27T14:35:00,6,Friday,Curitiba,Sul,1746,0,145.5,4000,False,112,False,False,False,63.0,,False,False,high,low
CTX2973,CUST0226,VEH0026,CONTR0226,SYNTHETIC,2026-08-19T18:31:00,9,Wednesday,São Paulo,Sudeste,1035,1465,41.4,2500,False,245,False,False,False,52.0,,False,True,low,low
CTX2974,CUST0088,VEH0088,CONTR0088,SYNTHETIC,2026-09-01T15:03:00,15,Tuesday,Salvador,Nordeste,2412,588,80.4,4000,False,281,False,False,False,76.0,,False,False,high,low
CTX2975,CUST0116,VEH0016,CONTR0116,SYNTHETIC,2026-08-18T10:41:00,15,Thursday,Belo Horizonte,Sudeste,1946,554,77.8,700,True,73,True,True,False,31.0,,False,False,normal,medium
CTX2976,CUST0043,VEH0043,CONTR0043,SYNTHETIC,2026-10-01T07:43:00,21,Monday,Salvador,Nordeste,1676,324,83.8,1500,False,126,False,False,False,71.0,,False,True,high,medium
CTX2977,CUST0418,VEH0018,CONTR0418,SYNTHETIC,2026-09-28T10:22:00,15,Friday,Salvador,Nordeste,927,0,115.9,4000,False,336,False,True,False,63.0,,False,False,high,low
CTX2978,CUST0243,VEH0043,CONTR0243,SYNTHETIC,2026-09-26T06:43:00,11,Friday,Recife,Nordeste,2141,0,178.4,4000,False,0,True,True,False,58.0,,False,False,high,medium
CTX2979,CUST0462,VEH0062,CONTR0462,SYNTHETIC,2026-08-21T16:40:00,13,Sunday,São Paulo,Sudeste,1791,9,99.5,4000,False,322,False,False,False,83.0,,False,False,high,low
CTX2980,CUST0307,VEH0007,CONTR0307,SYNTHETIC,2026-09-21T17:09:00,18,Saturday,Curitiba,Sul,1429,71,95.3,1500,True,14,True,False,False,94.0,,False,False,high,high
CTX2981,CUST0348,VEH0048,CONTR0348,SYNTHETIC,2026-09-24T17:49:00,12,Thursday,Recife,Nordeste,690,310,69.0,2500,False,464,False,False,True,,54.0,False,False,normal,low
CTX2982,CUST0150,VEH0050,CONTR0150,SYNTHETIC,2026-09-16T20:59:00,13,Sunday,Campinas,Sudeste,1692,808,67.7,2500,False,330,False,False,False,,93.0,False,False,normal,low
CTX2983,CUST0228,VEH0028,CONTR0228,SYNTHETIC,2026-09-07T06:53:00,22,Wednesday,Campinas,Sudeste,1709,91,94.9,1000,True,215,False,False,False,52.0,,False,False,high,medium
CTX2984,CUST0176,VEH0076,CONTR0176,SYNTHETIC,2026-09-08T22:19:00,18,Friday,Florianópolis,Sul,390,610,39.0,276,True,246,False,True,False,25.0,,True,False,low,medium
CTX2985,CUST0261,VEH0061,CONTR0261,SYNTHETIC,2026-09-18T16:32:00,18,Tuesday,Goiânia,Centro-Oeste,1755,745,70.2,2500,False,213,False,False,False,42.0,,False,False,normal,low
CTX2986,CUST0146,VEH0046,CONTR0146,SYNTHETIC,2026-08-26T19:13:00,11,Wednesday,Rio de Janeiro,Sudeste,2421,79,96.8,4000,False,0,True,True,True,90.0,,False,False,high,high
CTX2987,CUST0192,VEH0092,CONTR0192,SYNTHETIC,2026-09-24T08:44:00,7,Saturday,Salvador,Nordeste,1435,65,95.7,350,True,366,False,True,False,17.0,,True,False,high,high
CTX2988,CUST0266,VEH0066,CONTR0266,SYNTHETIC,2026-08-30T16:38:00,13,Sunday,Florianópolis,Sul,721,79,90.1,700,True,420,False,False,False,89.0,,False,False,high,medium
CTX2989,CUST0085,VEH0085,CONTR0085,SYNTHETIC,2026-09-18T07:52:00,20,Saturday,Florianópolis,Sul,957,0,119.6,350,True,493,False,False,False,50.0,,False,False,high,medium
CTX2990,CUST0356,VEH0056,CONTR0356,SYNTHETIC,2026-09-29T10:09:00,19,Wednesday,Florianópolis,Sul,1681,119,93.4,350,True,41,True,False,False,40.0,,False,False,high,high
CTX2991,CUST0080,VEH0080,CONTR0080,SYNTHETIC,2026-09-10T15:34:00,11,Sunday,Rio de Janeiro,Sudeste,3738,0,124.6,1000,True,452,False,True,False,88.0,,False,False,high,medium
CTX2992,CUST0295,VEH0095,CONTR0295,SYNTHETIC,2026-09-13T21:43:00,14,Friday,Campinas,Sudeste,497,1303,27.6,454,True,517,False,False,False,23.0,,True,False,low,medium
CTX2993,CUST0374,VEH0074,CONTR0374,SYNTHETIC,2026-09-16T20:06:00,21,Saturday,Campinas,Sudeste,1259,241,83.9,1500,False,378,False,True,False,46.0,,False,True,high,medium
CTX2994,CUST0281,VEH0081,CONTR0281,SYNTHETIC,2026-09-02T11:31:00,16,Friday,Rio de Janeiro,Sudeste,1456,344,80.9,1000,True,224,False,False,False,51.0,,False,False,normal,low
CTX2995,CUST0025,VEH0025,CONTR0025,SYNTHETIC,2026-09-03T19:39:00,22,Friday,Salvador,Nordeste,2415,0,120.8,4000,False,227,False,True,False,59.0,,False,False,high,low
CTX2996,CUST0333,VEH0033,CONTR0333,SYNTHETIC,2026-08-30T14:56:00,20,Sunday,Fortaleza,Nordeste,1117,83,93.1,1000,True,202,False,True,False,79.0,,False,False,high,medium
CTX2997,CUST0151,VEH0051,CONTR0151,SYNTHETIC,2026-09-23T12:26:00,6,Saturday,São Paulo,Sudeste,2828,0,113.1,350,True,0,True,False,False,31.0,,False,False,high,high
CTX2998,CUST0169,VEH0069,CONTR0169,SYNTHETIC,2026-08-18T12:16:00,18,Tuesday,São Paulo,Sudeste,3187,0,127.5,4000,False,216,False,True,True,33.0,,False,False,high,medium
CTX2999,CUST0265,VEH0065,CONTR0265,SYNTHETIC,2026-09-13T21:38:00,13,Thursday,Salvador,Nordeste,634,366,63.4,350,True,168,False,False,False,57.0,,False,False,normal,low
CTX3000,CUST0369,VEH0069,CONTR0369,SYNTHETIC,2026-09-06T10:45:00,10,Saturday,Florianópolis,Sul,796,2204,26.5,4000,False,0,True,False,False,42.0,,False,False,low,low
