recommendation_id,customer_id,vehicle_id,contract_id,context_event_id,data_origin,generated_at,recommendation_type,context_signal,need,recommendation_text,action_label,action_code,channel,context_score,status,action_taken,outcome,model_type,explanation
REC0001,CUST0472,VEH0072,CONTR0472,CTX0662,SYNTHETIC,2026-08-11,benefit,high,Benefício contextual,Encontramos um benefício relevante para sua rotina.,Ver benefício,open_benefit,push,0.66,dismissed,False,pending,hybrid_recommendation,Synthetic trigger for benefit; not a Localiza rule.
REC0002,CUST0172,VEH0072,CONTR0172,CTX1115,SYNTHETIC,2026-09-11,maintenance,high,Manutenção próxima,Sua revisão está próxima.,Agendar revisão,schedule_maintenance,in_app,0.685,delivered,False,pending,rule_engine,Synthetic trigger for maintenance; not a Localiza rule.
REC0003,CUST0068,VEH0068,CONTR0068,CTX2674,SYNTHETIC,2026-09-12,maintenance,high,Manutenção próxima,Sua revisão está próxima.,Agendar revisão,schedule_maintenance,in_app,0.734,acted,True,scheduled,hybrid_recommendation,Synthetic trigger for maintenance; not a Localiza rule.
REC0004,CUST0492,VEH0092,CONTR0492,CTX0796,SYNTHETIC,2026-08-04,franquia_km,high,Ritmo de uso de KM,Você está usando sua franquia acima do ritmo esperado.,Ver meus KMs,open_km,inbox,0.893,acted,True,no_action,rule_engine,Synthetic trigger for franquia_km; not a Localiza rule.
REC0005,CUST0275,VEH0075,CONTR0275,CTX1754,SYNTHETIC,2026-09-12,maintenance,high,Manutenção próxima,Sua revisão está próxima.,Agendar revisão,schedule_maintenance,push,0.947,delivered,False,pending,hybrid_recommendation,Synthetic trigger for maintenance; not a Localiza rule.
REC0006,CUST0215,VEH0015,CONTR0215,CTX1274,SYNTHETIC,2026-09-27,benefit,high,Benefício contextual,Encontramos um benefício relevante para sua rotina.,Ver benefício,open_benefit,in_app,0.835,delivered,False,pending,rule_engine,Synthetic trigger for benefit; not a Localiza rule.
REC0007,CUST0252,VEH0052,CONTR0252,CTX2013,SYNTHETIC,2026-08-31,franquia_km,high,Ritmo de uso de KM,Você está usando sua franquia acima do ritmo esperado.,Ver meus KMs,open_km,inbox,0.908,acted,True,need_resolved,hybrid_recommendation,Synthetic trigger for franquia_km; not a Localiza rule.
REC0008,CUST0214,VEH0014,CONTR0214,CTX0214,SYNTHETIC,2026-08-06,low_energy,medium,Energia baixa,A autonomia disponível está baixa para seu padrão recente.,Planejar abastecimento/recarga,open_energy,push,0.768,opened,False,viewed,synthetic_llm_personalization,Synthetic trigger for low_energy; not a Localiza rule.
REC0009,CUST0206,VEH0006,CONTR0206,CTX1692,SYNTHETIC,2026-08-17,maintenance,high,Manutenção próxima,Sua revisão está próxima.,Agendar revisão,schedule_maintenance,push,0.677,opened,False,need_resolved,rule_engine,Synthetic trigger for maintenance; not a Localiza rule.
REC0010,CUST0322,VEH0022,CONTR0322,CTX2222,SYNTHETIC,2026-09-23,maintenance,high,Manutenção próxima,Sua revisão está próxima.,Agendar revisão,schedule_maintenance,in_app,0.969,delivered,False,pending,synthetic_llm_personalization,Synthetic trigger for maintenance; not a Localiza rule.
REC0011,CUST0268,VEH0068,CONTR0268,CTX2282,SYNTHETIC,2026-08-25,franquia_km,high,Ritmo de uso de KM,Você está usando sua franquia acima do ritmo esperado.,Ver meus KMs,open_km,in_app,0.96,opened,False,viewed,synthetic_llm_personalization,Synthetic trigger for franquia_km; not a Localiza rule.
REC0012,CUST0140,VEH0040,CONTR0140,CTX1129,SYNTHETIC,2026-08-17,franquia_km,high,Ritmo de uso de KM,Você está usando sua franquia acima do ritmo esperado.,Ver meus KMs,open_km,inbox,0.829,acted,True,viewed,rule_engine,Synthetic trigger for franquia_km; not a Localiza rule.
REC0013,CUST0275,VEH0075,CONTR0275,CTX2012,SYNTHETIC,2026-08-09,franquia_km,high,Ritmo de uso de KM,Você está usando sua franquia acima do ritmo esperado.,Ver meus KMs,open_km,inbox,0.987,dismissed,False,pending,hybrid_recommendation,Synthetic trigger for franquia_km; not a Localiza rule.
REC0014,CUST0453,VEH0053,CONTR0453,CTX0453,SYNTHETIC,2026-09-16,low_use,medium,Baixo uso,Seu carro teve pouco uso no período recente.,Ver minha mobilidade,open_mobility,in_app,0.878,delivered,False,pending,synthetic_llm_personalization,Synthetic trigger for low_use; not a Localiza rule.
REC0015,CUST0086,VEH0086,CONTR0086,CTX2777,SYNTHETIC,2026-09-02,maintenance,high,Manutenção próxima,Sua revisão está próxima.,Agendar revisão,schedule_maintenance,in_app,0.92,acted,True,scheduled,rule_engine,Synthetic trigger for maintenance; not a Localiza rule.
REC0016,CUST0382,VEH0082,CONTR0382,CTX0886,SYNTHETIC,2026-09-04,franquia_km,high,Ritmo de uso de KM,Você está usando sua franquia acima do ritmo esperado.,Ver meus KMs,open_km,push,0.828,delivered,False,pending,hybrid_recommendation,Synthetic trigger for franquia_km; not a Localiza rule.
REC0017,CUST0065,VEH0065,CONTR0065,CTX2458,SYNTHETIC,2026-08-28,franquia_km,high,Ritmo de uso de KM,Você está usando sua franquia acima do ritmo esperado.,Ver meus KMs,open_km,push,0.696,acted,True,viewed,rule_engine,Synthetic trigger for franquia_km; not a Localiza rule.
REC0018,CUST0242,VEH0042,CONTR0242,CTX0617,SYNTHETIC,2026-09-30,maintenance,high,Manutenção próxima,Sua revisão está próxima.,Agendar revisão,schedule_maintenance,inbox,0.733,acted,True,need_resolved,synthetic_llm_personalization,Synthetic trigger for maintenance; not a Localiza rule.
REC0019,CUST0468,VEH0068,CONTR0468,CTX1697,SYNTHETIC,2026-09-14,maintenance,high,Manutenção próxima,Sua revisão está próxima.,Agendar revisão,schedule_maintenance,push,0.98,delivered,False,pending,synthetic_llm_personalization,Synthetic trigger for maintenance; not a Localiza rule.
REC0020,CUST0004,VEH0004,CONTR0004,CTX1601,SYNTHETIC,2026-08-10,maintenance,high,Manutenção próxima,Sua revisão está próxima.,Agendar revisão,schedule_maintenance,in_app,0.74,acted,True,viewed,synthetic_llm_personalization,Synthetic trigger for maintenance; not a Localiza rule.
REC0021,CUST0361,VEH0061,CONTR0361,CTX1300,SYNTHETIC,2026-09-10,franquia_km,high,Ritmo de uso de KM,Você está usando sua franquia acima do ritmo esperado.,Ver meus KMs,open_km,push,0.709,opened,False,scheduled,hybrid_recommendation,Synthetic trigger for franquia_km; not a Localiza rule.
REC0022,CUST0256,VEH0056,CONTR0256,CTX0256,SYNTHETIC,2026-09-10,franquia_km,high,Ritmo de uso de KM,Você está usando sua franquia acima do ritmo esperado.,Ver meus KMs,open_km,in_app,0.765,delivered,False,pending,hybrid_recommendation,Synthetic trigger for franquia_km; not a Localiza rule.
REC0023,CUST0362,VEH0062,CONTR0362,CTX2629,SYNTHETIC,2026-08-13,maintenance,high,Manutenção próxima,Sua revisão está próxima.,Agendar revisão,schedule_maintenance,push,0.725,dismissed,False,pending,synthetic_llm_personalization,Synthetic trigger for maintenance; not a Localiza rule.
REC0024,CUST0343,VEH0043,CONTR0343,CTX2607,SYNTHETIC,2026-08-10,maintenance,high,Manutenção próxima,Sua revisão está próxima.,Agendar revisão,schedule_maintenance,push,0.964,acted,True,need_resolved,hybrid_recommendation,Synthetic trigger for maintenance; not a Localiza rule.
REC0025,CUST0364,VEH0064,CONTR0364,CTX0522,SYNTHETIC,2026-09-29,franquia_km,high,Ritmo de uso de KM,Você está usando sua franquia acima do ritmo esperado.,Ver meus KMs,open_km,inbox,0.98,acted,True,viewed,hybrid_recommendation,Synthetic trigger for franquia_km; not a Localiza rule.
REC0026,CUST0173,VEH0073,CONTR0173,CTX1169,SYNTHETIC,2026-08-29,franquia_km,high,Ritmo de uso de KM,Você está usando sua franquia acima do ritmo esperado.,Ver meus KMs,open_km,inbox,0.897,dismissed,False,pending,synthetic_llm_personalization,Synthetic trigger for franquia_km; not a Localiza rule.
REC0027,CUST0351,VEH0051,CONTR0351,CTX0565,SYNTHETIC,2026-08-12,franquia_km,high,Ritmo de uso de KM,Você está usando sua franquia acima do ritmo esperado.,Ver meus KMs,open_km,push,0.953,dismissed,False,pending,hybrid_recommendation,Synthetic trigger for franquia_km; not a Localiza rule.
REC0028,CUST0333,VEH0033,CONTR0333,CTX0333,SYNTHETIC,2026-09-01,maintenance,high,Manutenção próxima,Sua revisão está próxima.,Agendar revisão,schedule_maintenance,inbox,0.833,delivered,False,pending,rule_engine,Synthetic trigger for maintenance; not a Localiza rule.
REC0029,CUST0185,VEH0085,CONTR0185,CTX2036,SYNTHETIC,2026-08-12,franquia_km,high,Ritmo de uso de KM,Você está usando sua franquia acima do ritmo esperado.,Ver meus KMs,open_km,push,0.786,opened,False,no_action,rule_engine,Synthetic trigger for franquia_km; not a Localiza rule.
REC0030,CUST0271,VEH0071,CONTR0271,CTX1018,SYNTHETIC,2026-08-07,franquia_km,high,Ritmo de uso de KM,Você está usando sua franquia acima do ritmo esperado.,Ver meus KMs,open_km,push,0.779,acted,True,need_resolved,hybrid_recommendation,Synthetic trigger for franquia_km; not a Localiza rule.
REC0031,CUST0494,VEH0094,CONTR0494,CTX1949,SYNTHETIC,2026-08-03,franquia_km,high,Ritmo de uso de KM,Você está usando sua franquia acima do ritmo esperado.,Ver meus KMs,open_km,push,0.904,opened,False,no_action,hybrid_recommendation,Synthetic trigger for franquia_km; not a Localiza rule.
REC0032,CUST0383,VEH0083,CONTR0383,CTX0953,SYNTHETIC,2026-08-17,franquia_km,high,Ritmo de uso de KM,Você está usando sua franquia acima do ritmo esperado.,Ver meus KMs,open_km,in_app,0.862,delivered,False,pending,rule_engine,Synthetic trigger for franquia_km; not a Localiza rule.
REC0033,CUST0494,VEH0094,CONTR0494,CTX1497,SYNTHETIC,2026-08-24,franquia_km,high,Ritmo de uso de KM,Você está usando sua franquia acima do ritmo esperado.,Ver meus KMs,open_km,push,0.77,opened,False,no_action,synthetic_llm_personalization,Synthetic trigger for franquia_km; not a Localiza rule.
REC0034,CUST0225,VEH0025,CONTR0225,CTX0225,SYNTHETIC,2026-09-04,benefit,medium,Benefício contextual,Encontramos um benefício relevante para sua rotina.,Ver benefício,open_benefit,in_app,0.731,acted,True,viewed,hybrid_recommendation,Synthetic trigger for benefit; not a Localiza rule.
REC0035,CUST0299,VEH0099,CONTR0299,CTX2516,SYNTHETIC,2026-09-29,franquia_km,high,Ritmo de uso de KM,Você está usando sua franquia acima do ritmo esperado.,Ver meus KMs,open_km,push,0.79,opened,False,viewed,rule_engine,Synthetic trigger for franquia_km; not a Localiza rule.
REC0036,CUST0031,VEH0031,CONTR0031,CTX0031,SYNTHETIC,2026-09-17,maintenance,high,Manutenção próxima,Sua revisão está próxima.,Agendar revisão,schedule_maintenance,in_app,0.846,acted,True,need_resolved,synthetic_llm_personalization,Synthetic trigger for maintenance; not a Localiza rule.
REC0037,CUST0061,VEH0061,CONTR0061,CTX1837,SYNTHETIC,2026-09-26,maintenance,high,Manutenção próxima,Sua revisão está próxima.,Agendar revisão,schedule_maintenance,push,0.699,opened,False,scheduled,rule_engine,Synthetic trigger for maintenance; not a Localiza rule.
REC0038,CUST0183,VEH0083,CONTR0183,CTX1120,SYNTHETIC,2026-08-05,maintenance,high,Manutenção próxima,Sua revisão está próxima.,Agendar revisão,schedule_maintenance,inbox,0.914,delivered,False,pending,rule_engine,Synthetic trigger for maintenance; not a Localiza rule.
REC0039,CUST0020,VEH0020,CONTR0020,CTX2475,SYNTHETIC,2026-09-08,maintenance,high,Manutenção próxima,Sua revisão está próxima.,Agendar revisão,schedule_maintenance,in_app,0.72,dismissed,False,pending,hybrid_recommendation,Synthetic trigger for maintenance; not a Localiza rule.
REC0040,CUST0429,VEH0029,CONTR0429,CTX1937,SYNTHETIC,2026-09-02,renewal,medium,Renovação próxima,Seu contrato entra em período de renovação.,Revisar meu contrato,review_contract,in_app,0.694,opened,False,no_action,hybrid_recommendation,Synthetic trigger for renewal; not a Localiza rule.
REC0041,CUST0085,VEH0085,CONTR0085,CTX2989,SYNTHETIC,2026-09-07,maintenance,high,Manutenção próxima,Sua revisão está próxima.,Agendar revisão,schedule_maintenance,push,0.857,opened,False,viewed,hybrid_recommendation,Synthetic trigger for maintenance; not a Localiza rule.
REC0042,CUST0357,VEH0057,CONTR0357,CTX1717,SYNTHETIC,2026-08-31,maintenance,high,Manutenção próxima,Sua revisão está próxima.,Agendar revisão,schedule_maintenance,push,0.843,opened,False,viewed,hybrid_recommendation,Synthetic trigger for maintenance; not a Localiza rule.
REC0043,CUST0014,VEH0014,CONTR0014,CTX1688,SYNTHETIC,2026-08-21,franquia_km,high,Ritmo de uso de KM,Você está usando sua franquia acima do ritmo esperado.,Ver meus KMs,open_km,in_app,0.884,opened,False,no_action,rule_engine,Synthetic trigger for franquia_km; not a Localiza rule.
REC0044,CUST0289,VEH0089,CONTR0289,CTX0289,SYNTHETIC,2026-09-08,maintenance,high,Manutenção próxima,Sua revisão está próxima.,Agendar revisão,schedule_maintenance,push,0.955,opened,False,scheduled,synthetic_llm_personalization,Synthetic trigger for maintenance; not a Localiza rule.
REC0045,CUST0177,VEH0077,CONTR0177,CTX1175,SYNTHETIC,2026-09-23,franquia_km,high,Ritmo de uso de KM,Você está usando sua franquia acima do ritmo esperado.,Ver meus KMs,open_km,inbox,0.94,acted,True,viewed,rule_engine,Synthetic trigger for franquia_km; not a Localiza rule.
REC0046,CUST0415,VEH0015,CONTR0415,CTX0415,SYNTHETIC,2026-08-05,low_energy,medium,Energia baixa,A autonomia disponível está baixa para seu padrão recente.,Planejar abastecimento/recarga,open_energy,inbox,0.913,dismissed,False,pending,synthetic_llm_personalization,Synthetic trigger for low_energy; not a Localiza rule.
REC0047,CUST0500,VEH0100,CONTR0500,CTX1726,SYNTHETIC,2026-09-06,maintenance,high,Manutenção próxima,Sua revisão está próxima.,Agendar revisão,schedule_maintenance,inbox,0.757,acted,True,need_resolved,synthetic_llm_personalization,Synthetic trigger for maintenance; not a Localiza rule.
REC0048,CUST0323,VEH0023,CONTR0323,CTX0724,SYNTHETIC,2026-08-09,renewal,medium,Renovação próxima,Seu contrato entra em período de renovação.,Revisar meu contrato,review_contract,push,0.817,delivered,False,pending,synthetic_llm_personalization,Synthetic trigger for renewal; not a Localiza rule.
REC0049,CUST0152,VEH0052,CONTR0152,CTX1019,SYNTHETIC,2026-08-11,franquia_km,high,Ritmo de uso de KM,Você está usando sua franquia acima do ritmo esperado.,Ver meus KMs,open_km,in_app,0.664,delivered,False,pending,synthetic_llm_personalization,Synthetic trigger for franquia_km; not a Localiza rule.
REC0050,CUST0070,VEH0070,CONTR0070,CTX2881,SYNTHETIC,2026-08-06,maintenance,high,Manutenção próxima,Sua revisão está próxima.,Agendar revisão,schedule_maintenance,push,0.807,acted,True,need_resolved,synthetic_llm_personalization,Synthetic trigger for maintenance; not a Localiza rule.
REC0051,CUST0375,VEH0075,CONTR0375,CTX2379,SYNTHETIC,2026-08-02,renewal,medium,Renovação próxima,Seu contrato entra em período de renovação.,Revisar meu contrato,review_contract,in_app,0.714,delivered,False,pending,synthetic_llm_personalization,Synthetic trigger for renewal; not a Localiza rule.
REC0052,CUST0186,VEH0086,CONTR0186,CTX2553,SYNTHETIC,2026-08-03,renewal,high,Renovação próxima,Seu contrato entra em período de renovação.,Revisar meu contrato,review_contract,in_app,0.917,delivered,False,pending,synthetic_llm_personalization,Synthetic trigger for renewal; not a Localiza rule.
REC0053,CUST0146,VEH0046,CONTR0146,CTX0989,SYNTHETIC,2026-08-18,franquia_km,high,Ritmo de uso de KM,Você está usando sua franquia acima do ritmo esperado.,Ver meus KMs,open_km,in_app,0.848,delivered,False,pending,hybrid_recommendation,Synthetic trigger for franquia_km; not a Localiza rule.
REC0054,CUST0120,VEH0020,CONTR0120,CTX0764,SYNTHETIC,2026-08-12,franquia_km,high,Ritmo de uso de KM,Você está usando sua franquia acima do ritmo esperado.,Ver meus KMs,open_km,in_app,0.846,acted,True,need_resolved,rule_engine,Synthetic trigger for franquia_km; not a Localiza rule.
REC0055,CUST0409,VEH0009,CONTR0409,CTX2940,SYNTHETIC,2026-09-29,maintenance,high,Manutenção próxima,Sua revisão está próxima.,Agendar revisão,schedule_maintenance,push,0.894,acted,True,scheduled,hybrid_recommendation,Synthetic trigger for maintenance; not a Localiza rule.
REC0056,CUST0245,VEH0045,CONTR0245,CTX2840,SYNTHETIC,2026-08-26,franquia_km,high,Ritmo de uso de KM,Você está usando sua franquia acima do ritmo esperado.,Ver meus KMs,open_km,in_app,0.891,opened,False,viewed,hybrid_recommendation,Synthetic trigger for franquia_km; not a Localiza rule.
REC0057,CUST0312,VEH0012,CONTR0312,CTX1009,SYNTHETIC,2026-08-11,franquia_km,high,Ritmo de uso de KM,Você está usando sua franquia acima do ritmo esperado.,Ver meus KMs,open_km,inbox,0.73,delivered,False,pending,rule_engine,Synthetic trigger for franquia_km; not a Localiza rule.
REC0058,CUST0167,VEH0067,CONTR0167,CTX0936,SYNTHETIC,2026-08-05,maintenance,high,Manutenção próxima,Sua revisão está próxima.,Agendar revisão,schedule_maintenance,inbox,0.68,delivered,False,pending,rule_engine,Synthetic trigger for maintenance; not a Localiza rule.
REC0059,CUST0105,VEH0005,CONTR0105,CTX1572,SYNTHETIC,2026-09-17,maintenance,high,Manutenção próxima,Sua revisão está próxima.,Agendar revisão,schedule_maintenance,push,0.922,acted,True,viewed,hybrid_recommendation,Synthetic trigger for maintenance; not a Localiza rule.
REC0060,CUST0036,VEH0036,CONTR0036,CTX1518,SYNTHETIC,2026-08-23,maintenance,high,Manutenção próxima,Sua revisão está próxima.,Agendar revisão,schedule_maintenance,push,0.885,acted,True,no_action,hybrid_recommendation,Synthetic trigger for maintenance; not a Localiza rule.
REC0061,CUST0280,VEH0080,CONTR0280,CTX2289,SYNTHETIC,2026-08-31,franquia_km,high,Ritmo de uso de KM,Você está usando sua franquia acima do ritmo esperado.,Ver meus KMs,open_km,in_app,0.749,delivered,False,pending,rule_engine,Synthetic trigger for franquia_km; not a Localiza rule.
REC0062,CUST0060,VEH0060,CONTR0060,CTX0060,SYNTHETIC,2026-08-23,maintenance,high,Manutenção próxima,Sua revisão está próxima.,Agendar revisão,schedule_maintenance,in_app,0.95,acted,True,scheduled,synthetic_llm_personalization,Synthetic trigger for maintenance; not a Localiza rule.
REC0063,CUST0043,VEH0043,CONTR0043,CTX0623,SYNTHETIC,2026-09-13,franquia_km,high,Ritmo de uso de KM,Você está usando sua franquia acima do ritmo esperado.,Ver meus KMs,open_km,inbox,0.942,delivered,False,pending,synthetic_llm_personalization,Synthetic trigger for franquia_km; not a Localiza rule.
REC0064,CUST0018,VEH0018,CONTR0018,CTX0697,SYNTHETIC,2026-09-28,maintenance,high,Manutenção próxima,Sua revisão está próxima.,Agendar revisão,schedule_maintenance,inbox,0.835,dismissed,False,pending,synthetic_llm_personalization,Synthetic trigger for maintenance; not a Localiza rule.
REC0065,CUST0365,VEH0065,CONTR0365,CTX0365,SYNTHETIC,2026-09-12,maintenance,high,Manutenção próxima,Sua revisão está próxima.,Agendar revisão,schedule_maintenance,push,0.704,acted,True,need_resolved,synthetic_llm_personalization,Synthetic trigger for maintenance; not a Localiza rule.
REC0066,CUST0056,VEH0056,CONTR0056,CTX0056,SYNTHETIC,2026-09-18,long_trip,medium,Padrão de viagem,Você vem fazendo viagens longas com frequência.,Preparar viagem,open_planner,in_app,0.759,delivered,False,pending,synthetic_llm_personalization,Synthetic trigger for long_trip; not a Localiza rule.
REC0067,CUST0373,VEH0073,CONTR0373,CTX2424,SYNTHETIC,2026-09-25,franquia_km,high,Ritmo de uso de KM,Você está usando sua franquia acima do ritmo esperado.,Ver meus KMs,open_km,push,0.976,acted,True,scheduled,hybrid_recommendation,Synthetic trigger for franquia_km; not a Localiza rule.
REC0068,CUST0452,VEH0052,CONTR0452,CTX2636,SYNTHETIC,2026-09-28,franquia_km,high,Ritmo de uso de KM,Você está usando sua franquia acima do ritmo esperado.,Ver meus KMs,open_km,push,0.981,opened,False,need_resolved,hybrid_recommendation,Synthetic trigger for franquia_km; not a Localiza rule.
REC0069,CUST0044,VEH0044,CONTR0044,CTX0044,SYNTHETIC,2026-09-18,franquia_km,high,Ritmo de uso de KM,Você está usando sua franquia acima do ritmo esperado.,Ver meus KMs,open_km,inbox,0.836,acted,True,need_resolved,synthetic_llm_personalization,Synthetic trigger for franquia_km; not a Localiza rule.
REC0070,CUST0059,VEH0059,CONTR0059,CTX1505,SYNTHETIC,2026-08-07,maintenance,high,Manutenção próxima,Sua revisão está próxima.,Agendar revisão,schedule_maintenance,in_app,0.688,opened,False,scheduled,rule_engine,Synthetic trigger for maintenance; not a Localiza rule.
REC0071,CUST0012,VEH0012,CONTR0012,CTX0679,SYNTHETIC,2026-08-11,franquia_km,high,Ritmo de uso de KM,Você está usando sua franquia acima do ritmo esperado.,Ver meus KMs,open_km,push,0.851,opened,False,no_action,rule_engine,Synthetic trigger for franquia_km; not a Localiza rule.
REC0072,CUST0491,VEH0091,CONTR0491,CTX2134,SYNTHETIC,2026-08-05,franquia_km,high,Ritmo de uso de KM,Você está usando sua franquia acima do ritmo esperado.,Ver meus KMs,open_km,inbox,0.811,delivered,False,pending,hybrid_recommendation,Synthetic trigger for franquia_km; not a Localiza rule.
REC0073,CUST0177,VEH0077,CONTR0177,CTX0177,SYNTHETIC,2026-08-31,franquia_km,high,Ritmo de uso de KM,Você está usando sua franquia acima do ritmo esperado.,Ver meus KMs,open_km,push,0.768,acted,True,scheduled,hybrid_recommendation,Synthetic trigger for franquia_km; not a Localiza rule.
REC0074,CUST0363,VEH0063,CONTR0363,CTX0777,SYNTHETIC,2026-08-10,maintenance,high,Manutenção próxima,Sua revisão está próxima.,Agendar revisão,schedule_maintenance,push,0.907,delivered,False,pending,rule_engine,Synthetic trigger for maintenance; not a Localiza rule.
REC0075,CUST0061,VEH0061,CONTR0061,CTX2322,SYNTHETIC,2026-08-31,maintenance,high,Manutenção próxima,Sua revisão está próxima.,Agendar revisão,schedule_maintenance,inbox,0.821,delivered,False,pending,rule_engine,Synthetic trigger for maintenance; not a Localiza rule.
REC0076,CUST0048,VEH0048,CONTR0048,CTX0048,SYNTHETIC,2026-08-06,franquia_km,high,Ritmo de uso de KM,Você está usando sua franquia acima do ritmo esperado.,Ver meus KMs,open_km,inbox,0.907,opened,False,need_resolved,rule_engine,Synthetic trigger for franquia_km; not a Localiza rule.
REC0077,CUST0389,VEH0089,CONTR0389,CTX2416,SYNTHETIC,2026-09-07,franquia_km,high,Ritmo de uso de KM,Você está usando sua franquia acima do ritmo esperado.,Ver meus KMs,open_km,in_app,0.671,acted,True,no_action,hybrid_recommendation,Synthetic trigger for franquia_km; not a Localiza rule.
REC0078,CUST0012,VEH0012,CONTR0012,CTX0012,SYNTHETIC,2026-08-24,franquia_km,high,Ritmo de uso de KM,Você está usando sua franquia acima do ritmo esperado.,Ver meus KMs,open_km,push,0.787,opened,False,no_action,hybrid_recommendation,Synthetic trigger for franquia_km; not a Localiza rule.
REC0079,CUST0352,VEH0052,CONTR0352,CTX2968,SYNTHETIC,2026-08-17,franquia_km,high,Ritmo de uso de KM,Você está usando sua franquia acima do ritmo esperado.,Ver meus KMs,open_km,in_app,0.986,delivered,False,pending,rule_engine,Synthetic trigger for franquia_km; not a Localiza rule.
REC0080,CUST0112,VEH0012,CONTR0112,CTX1520,SYNTHETIC,2026-08-15,maintenance,high,Manutenção próxima,Sua revisão está próxima.,Agendar revisão,schedule_maintenance,inbox,0.758,opened,False,need_resolved,rule_engine,Synthetic trigger for maintenance; not a Localiza rule.
REC0081,CUST0297,VEH0097,CONTR0297,CTX2489,SYNTHETIC,2026-08-21,franquia_km,high,Ritmo de uso de KM,Você está usando sua franquia acima do ritmo esperado.,Ver meus KMs,open_km,in_app,0.84,delivered,False,pending,rule_engine,Synthetic trigger for franquia_km; not a Localiza rule.
REC0082,CUST0128,VEH0028,CONTR0128,CTX0827,SYNTHETIC,2026-09-18,franquia_km,high,Ritmo de uso de KM,Você está usando sua franquia acima do ritmo esperado.,Ver meus KMs,open_km,in_app,0.922,delivered,False,pending,hybrid_recommendation,Synthetic trigger for franquia_km; not a Localiza rule.
REC0083,CUST0173,VEH0073,CONTR0173,CTX1417,SYNTHETIC,2026-09-13,franquia_km,high,Ritmo de uso de KM,Você está usando sua franquia acima do ritmo esperado.,Ver meus KMs,open_km,push,0.95,acted,True,scheduled,synthetic_llm_personalization,Synthetic trigger for franquia_km; not a Localiza rule.
REC0084,CUST0449,VEH0049,CONTR0449,CTX0534,SYNTHETIC,2026-09-10,renewal,medium,Renovação próxima,Seu contrato entra em período de renovação.,Revisar meu contrato,review_contract,inbox,0.899,delivered,False,pending,synthetic_llm_personalization,Synthetic trigger for renewal; not a Localiza rule.
REC0085,CUST0253,VEH0053,CONTR0253,CTX1010,SYNTHETIC,2026-08-08,franquia_km,high,Ritmo de uso de KM,Você está usando sua franquia acima do ritmo esperado.,Ver meus KMs,open_km,push,0.961,delivered,False,pending,synthetic_llm_personalization,Synthetic trigger for franquia_km; not a Localiza rule.
REC0086,CUST0073,VEH0073,CONTR0073,CTX2270,SYNTHETIC,2026-08-15,maintenance,high,Manutenção próxima,Sua revisão está próxima.,Agendar revisão,schedule_maintenance,push,0.771,dismissed,False,pending,rule_engine,Synthetic trigger for maintenance; not a Localiza rule.
REC0087,CUST0109,VEH0009,CONTR0109,CTX2256,SYNTHETIC,2026-08-05,franquia_km,high,Ritmo de uso de KM,Você está usando sua franquia acima do ritmo esperado.,Ver meus KMs,open_km,inbox,0.975,acted,True,need_resolved,rule_engine,Synthetic trigger for franquia_km; not a Localiza rule.
REC0088,CUST0471,VEH0071,CONTR0471,CTX2137,SYNTHETIC,2026-08-14,maintenance,high,Manutenção próxima,Sua revisão está próxima.,Agendar revisão,schedule_maintenance,in_app,0.796,delivered,False,pending,synthetic_llm_personalization,Synthetic trigger for maintenance; not a Localiza rule.
REC0089,CUST0288,VEH0088,CONTR0288,CTX0930,SYNTHETIC,2026-08-31,franquia_km,high,Ritmo de uso de KM,Você está usando sua franquia acima do ritmo esperado.,Ver meus KMs,open_km,in_app,0.785,acted,True,scheduled,rule_engine,Synthetic trigger for franquia_km; not a Localiza rule.
REC0090,CUST0488,VEH0088,CONTR0488,CTX1478,SYNTHETIC,2026-09-29,franquia_km,high,Ritmo de uso de KM,Você está usando sua franquia acima do ritmo esperado.,Ver meus KMs,open_km,push,0.886,acted,True,no_action,hybrid_recommendation,Synthetic trigger for franquia_km; not a Localiza rule.
REC0091,CUST0225,VEH0025,CONTR0225,CTX2334,SYNTHETIC,2026-08-05,low_use,medium,Baixo uso,Seu carro teve pouco uso no período recente.,Ver minha mobilidade,open_mobility,push,0.826,opened,False,no_action,synthetic_llm_personalization,Synthetic trigger for low_use; not a Localiza rule.
REC0092,CUST0137,VEH0037,CONTR0137,CTX0137,SYNTHETIC,2026-09-26,maintenance,high,Manutenção próxima,Sua revisão está próxima.,Agendar revisão,schedule_maintenance,in_app,0.663,opened,False,scheduled,rule_engine,Synthetic trigger for maintenance; not a Localiza rule.
REC0093,CUST0235,VEH0035,CONTR0235,CTX0533,SYNTHETIC,2026-09-21,renewal,medium,Renovação próxima,Seu contrato entra em período de renovação.,Revisar meu contrato,review_contract,inbox,0.8,opened,False,no_action,rule_engine,Synthetic trigger for renewal; not a Localiza rule.
REC0094,CUST0063,VEH0063,CONTR0063,CTX1139,SYNTHETIC,2026-09-12,franquia_km,high,Ritmo de uso de KM,Você está usando sua franquia acima do ritmo esperado.,Ver meus KMs,open_km,in_app,0.824,opened,False,need_resolved,synthetic_llm_personalization,Synthetic trigger for franquia_km; not a Localiza rule.
REC0095,CUST0398,VEH0098,CONTR0398,CTX2178,SYNTHETIC,2026-09-26,renewal,medium,Renovação próxima,Seu contrato entra em período de renovação.,Revisar meu contrato,review_contract,push,0.799,opened,False,need_resolved,synthetic_llm_personalization,Synthetic trigger for renewal; not a Localiza rule.
REC0096,CUST0160,VEH0060,CONTR0160,CTX0160,SYNTHETIC,2026-08-05,franquia_km,high,Ritmo de uso de KM,Você está usando sua franquia acima do ritmo esperado.,Ver meus KMs,open_km,in_app,0.675,acted,True,no_action,rule_engine,Synthetic trigger for franquia_km; not a Localiza rule.
REC0097,CUST0053,VEH0053,CONTR0053,CTX1276,SYNTHETIC,2026-09-30,franquia_km,high,Ritmo de uso de KM,Você está usando sua franquia acima do ritmo esperado.,Ver meus KMs,open_km,in_app,0.948,opened,False,need_resolved,rule_engine,Synthetic trigger for franquia_km; not a Localiza rule.
REC0098,CUST0265,VEH0065,CONTR0265,CTX2049,SYNTHETIC,2026-09-30,maintenance,high,Manutenção próxima,Sua revisão está próxima.,Agendar revisão,schedule_maintenance,push,0.766,acted,True,viewed,hybrid_recommendation,Synthetic trigger for maintenance; not a Localiza rule.
REC0099,CUST0498,VEH0098,CONTR0498,CTX0675,SYNTHETIC,2026-09-06,renewal,high,Renovação próxima,Seu contrato entra em período de renovação.,Revisar meu contrato,review_contract,inbox,0.98,delivered,False,pending,hybrid_recommendation,Synthetic trigger for renewal; not a Localiza rule.
REC0100,CUST0260,VEH0060,CONTR0260,CTX2643,SYNTHETIC,2026-08-02,franquia_km,high,Ritmo de uso de KM,Você está usando sua franquia acima do ritmo esperado.,Ver meus KMs,open_km,in_app,0.82,dismissed,False,pending,rule_engine,Synthetic trigger for franquia_km; not a Localiza rule.
REC0101,CUST0137,VEH0037,CONTR0137,CTX0137,SYNTHETIC,2026-08-19,maintenance,high,Manutenção próxima,Sua revisão está próxima.,Agendar revisão,schedule_maintenance,push,0.865,acted,True,viewed,hybrid_recommendation,Synthetic trigger for maintenance; not a Localiza rule.
REC0102,CUST0174,VEH0074,CONTR0174,CTX2756,SYNTHETIC,2026-08-12,maintenance,high,Manutenção próxima,Sua revisão está próxima.,Agendar revisão,schedule_maintenance,push,0.66,acted,True,scheduled,rule_engine,Synthetic trigger for maintenance; not a Localiza rule.
REC0103,CUST0436,VEH0036,CONTR0436,CTX0436,SYNTHETIC,2026-09-05,benefit,medium,Benefício contextual,Encontramos um benefício relevante para sua rotina.,Ver benefício,open_benefit,inbox,0.983,acted,True,scheduled,hybrid_recommendation,Synthetic trigger for benefit; not a Localiza rule.
REC0104,CUST0398,VEH0098,CONTR0398,CTX1755,SYNTHETIC,2026-08-29,renewal,medium,Renovação próxima,Seu contrato entra em período de renovação.,Revisar meu contrato,review_contract,push,0.922,dismissed,False,pending,hybrid_recommendation,Synthetic trigger for renewal; not a Localiza rule.
REC0105,CUST0465,VEH0065,CONTR0465,CTX1436,SYNTHETIC,2026-08-18,renewal,medium,Renovação próxima,Seu contrato entra em período de renovação.,Revisar meu contrato,review_contract,in_app,0.872,acted,True,no_action,synthetic_llm_personalization,Synthetic trigger for renewal; not a Localiza rule.
REC0106,CUST0447,VEH0047,CONTR0447,CTX1328,SYNTHETIC,2026-08-28,maintenance,high,Manutenção próxima,Sua revisão está próxima.,Agendar revisão,schedule_maintenance,push,0.874,acted,True,need_resolved,synthetic_llm_personalization,Synthetic trigger for maintenance; not a Localiza rule.
REC0107,CUST0167,VEH0067,CONTR0167,CTX1957,SYNTHETIC,2026-08-12,maintenance,high,Manutenção próxima,Sua revisão está próxima.,Agendar revisão,schedule_maintenance,inbox,0.716,opened,False,need_resolved,synthetic_llm_personalization,Synthetic trigger for maintenance; not a Localiza rule.
REC0108,CUST0310,VEH0010,CONTR0310,CTX0856,SYNTHETIC,2026-08-04,franquia_km,high,Ritmo de uso de KM,Você está usando sua franquia acima do ritmo esperado.,Ver meus KMs,open_km,push,0.661,opened,False,need_resolved,rule_engine,Synthetic trigger for franquia_km; not a Localiza rule.
REC0109,CUST0097,VEH0097,CONTR0097,CTX1855,SYNTHETIC,2026-08-12,renewal,medium,Renovação próxima,Seu contrato entra em período de renovação.,Revisar meu contrato,review_contract,push,0.941,acted,True,need_resolved,rule_engine,Synthetic trigger for renewal; not a Localiza rule.
REC0110,CUST0141,VEH0041,CONTR0141,CTX2700,SYNTHETIC,2026-08-27,renewal,medium,Renovação próxima,Seu contrato entra em período de renovação.,Revisar meu contrato,review_contract,push,0.714,acted,True,no_action,hybrid_recommendation,Synthetic trigger for renewal; not a Localiza rule.
REC0111,CUST0018,VEH0018,CONTR0018,CTX0018,SYNTHETIC,2026-08-31,maintenance,high,Manutenção próxima,Sua revisão está próxima.,Agendar revisão,schedule_maintenance,inbox,0.762,delivered,False,pending,synthetic_llm_personalization,Synthetic trigger for maintenance; not a Localiza rule.
REC0112,CUST0296,VEH0096,CONTR0296,CTX1516,SYNTHETIC,2026-09-20,benefit,medium,Benefício contextual,Encontramos um benefício relevante para sua rotina.,Ver benefício,open_benefit,inbox,0.975,opened,False,viewed,hybrid_recommendation,Synthetic trigger for benefit; not a Localiza rule.
REC0113,CUST0314,VEH0014,CONTR0314,CTX2300,SYNTHETIC,2026-09-13,support,medium,Sinal de suporte,Detectamos um sinal que pode exigir atenção.,Abrir suporte,open_support,in_app,0.934,acted,True,no_action,synthetic_llm_personalization,Synthetic trigger for support; not a Localiza rule.
REC0114,CUST0358,VEH0058,CONTR0358,CTX1947,SYNTHETIC,2026-09-10,renewal,high,Renovação próxima,Seu contrato entra em período de renovação.,Revisar meu contrato,review_contract,in_app,0.82,delivered,False,pending,rule_engine,Synthetic trigger for renewal; not a Localiza rule.
REC0115,CUST0058,VEH0058,CONTR0058,CTX1187,SYNTHETIC,2026-08-15,franquia_km,high,Ritmo de uso de KM,Você está usando sua franquia acima do ritmo esperado.,Ver meus KMs,open_km,inbox,0.944,dismissed,False,pending,synthetic_llm_personalization,Synthetic trigger for franquia_km; not a Localiza rule.
REC0116,CUST0229,VEH0029,CONTR0229,CTX0598,SYNTHETIC,2026-09-02,franquia_km,high,Ritmo de uso de KM,Você está usando sua franquia acima do ritmo esperado.,Ver meus KMs,open_km,inbox,0.875,opened,False,viewed,synthetic_llm_personalization,Synthetic trigger for franquia_km; not a Localiza rule.
REC0117,CUST0385,VEH0085,CONTR0385,CTX0864,SYNTHETIC,2026-08-19,maintenance,high,Manutenção próxima,Sua revisão está próxima.,Agendar revisão,schedule_maintenance,in_app,0.927,delivered,False,pending,synthetic_llm_personalization,Synthetic trigger for maintenance; not a Localiza rule.
REC0118,CUST0109,VEH0009,CONTR0109,CTX2256,SYNTHETIC,2026-09-21,franquia_km,high,Ritmo de uso de KM,Você está usando sua franquia acima do ritmo esperado.,Ver meus KMs,open_km,push,0.745,delivered,False,pending,synthetic_llm_personalization,Synthetic trigger for franquia_km; not a Localiza rule.
REC0119,CUST0264,VEH0064,CONTR0264,CTX2967,SYNTHETIC,2026-08-19,maintenance,high,Manutenção próxima,Sua revisão está próxima.,Agendar revisão,schedule_maintenance,in_app,0.668,delivered,False,pending,hybrid_recommendation,Synthetic trigger for maintenance; not a Localiza rule.
REC0120,CUST0007,VEH0007,CONTR0007,CTX2789,SYNTHETIC,2026-08-02,franquia_km,high,Ritmo de uso de KM,Você está usando sua franquia acima do ritmo esperado.,Ver meus KMs,open_km,in_app,0.693,acted,True,viewed,synthetic_llm_personalization,Synthetic trigger for franquia_km; not a Localiza rule.
REC0121,CUST0336,VEH0036,CONTR0336,CTX1625,SYNTHETIC,2026-08-02,franquia_km,high,Ritmo de uso de KM,Você está usando sua franquia acima do ritmo esperado.,Ver meus KMs,open_km,in_app,0.901,opened,False,scheduled,rule_engine,Synthetic trigger for franquia_km; not a Localiza rule.
REC0122,CUST0439,VEH0039,CONTR0439,CTX1323,SYNTHETIC,2026-08-02,franquia_km,high,Ritmo de uso de KM,Você está usando sua franquia acima do ritmo esperado.,Ver meus KMs,open_km,inbox,0.753,acted,True,viewed,rule_engine,Synthetic trigger for franquia_km; not a Localiza rule.
REC0123,CUST0358,VEH0058,CONTR0358,CTX1943,SYNTHETIC,2026-08-22,maintenance,high,Manutenção próxima,Sua revisão está próxima.,Agendar revisão,schedule_maintenance,in_app,0.757,acted,True,viewed,rule_engine,Synthetic trigger for maintenance; not a Localiza rule.
REC0124,CUST0404,VEH0004,CONTR0404,CTX2577,SYNTHETIC,2026-09-21,maintenance,high,Manutenção próxima,Sua revisão está próxima.,Agendar revisão,schedule_maintenance,inbox,0.832,delivered,False,pending,hybrid_recommendation,Synthetic trigger for maintenance; not a Localiza rule.
REC0125,CUST0366,VEH0066,CONTR0366,CTX1452,SYNTHETIC,2026-08-26,franquia_km,high,Ritmo de uso de KM,Você está usando sua franquia acima do ritmo esperado.,Ver meus KMs,open_km,inbox,0.692,acted,True,scheduled,rule_engine,Synthetic trigger for franquia_km; not a Localiza rule.
REC0126,CUST0471,VEH0071,CONTR0471,CTX1971,SYNTHETIC,2026-09-14,maintenance,high,Manutenção próxima,Sua revisão está próxima.,Agendar revisão,schedule_maintenance,inbox,0.805,opened,False,no_action,rule_engine,Synthetic trigger for maintenance; not a Localiza rule.
REC0127,CUST0424,VEH0024,CONTR0424,CTX0424,SYNTHETIC,2026-08-27,franquia_km,high,Ritmo de uso de KM,Você está usando sua franquia acima do ritmo esperado.,Ver meus KMs,open_km,in_app,0.95,opened,False,need_resolved,synthetic_llm_personalization,Synthetic trigger for franquia_km; not a Localiza rule.
REC0128,CUST0444,VEH0044,CONTR0444,CTX1001,SYNTHETIC,2026-08-29,franquia_km,high,Ritmo de uso de KM,Você está usando sua franquia acima do ritmo esperado.,Ver meus KMs,open_km,inbox,0.744,acted,True,need_resolved,hybrid_recommendation,Synthetic trigger for franquia_km; not a Localiza rule.
REC0129,CUST0373,VEH0073,CONTR0373,CTX1843,SYNTHETIC,2026-09-05,franquia_km,high,Ritmo de uso de KM,Você está usando sua franquia acima do ritmo esperado.,Ver meus KMs,open_km,in_app,0.676,delivered,False,pending,hybrid_recommendation,Synthetic trigger for franquia_km; not a Localiza rule.
REC0130,CUST0132,VEH0032,CONTR0132,CTX2035,SYNTHETIC,2026-09-25,maintenance,high,Manutenção próxima,Sua revisão está próxima.,Agendar revisão,schedule_maintenance,inbox,0.941,acted,True,scheduled,rule_engine,Synthetic trigger for maintenance; not a Localiza rule.
REC0131,CUST0389,VEH0089,CONTR0389,CTX2054,SYNTHETIC,2026-08-11,franquia_km,high,Ritmo de uso de KM,Você está usando sua franquia acima do ritmo esperado.,Ver meus KMs,open_km,push,0.709,opened,False,viewed,hybrid_recommendation,Synthetic trigger for franquia_km; not a Localiza rule.
REC0132,CUST0109,VEH0009,CONTR0109,CTX2952,SYNTHETIC,2026-08-20,franquia_km,high,Ritmo de uso de KM,Você está usando sua franquia acima do ritmo esperado.,Ver meus KMs,open_km,inbox,0.962,acted,True,viewed,synthetic_llm_personalization,Synthetic trigger for franquia_km; not a Localiza rule.
REC0133,CUST0095,VEH0095,CONTR0095,CTX1029,SYNTHETIC,2026-09-01,maintenance,high,Manutenção próxima,Sua revisão está próxima.,Agendar revisão,schedule_maintenance,push,0.84,acted,True,no_action,hybrid_recommendation,Synthetic trigger for maintenance; not a Localiza rule.
REC0134,CUST0003,VEH0003,CONTR0003,CTX0003,SYNTHETIC,2026-08-27,franquia_km,high,Ritmo de uso de KM,Você está usando sua franquia acima do ritmo esperado.,Ver meus KMs,open_km,in_app,0.865,opened,False,viewed,rule_engine,Synthetic trigger for franquia_km; not a Localiza rule.
REC0135,CUST0089,VEH0089,CONTR0089,CTX0701,SYNTHETIC,2026-09-21,franquia_km,high,Ritmo de uso de KM,Você está usando sua franquia acima do ritmo esperado.,Ver meus KMs,open_km,in_app,0.905,dismissed,False,pending,synthetic_llm_personalization,Synthetic trigger for franquia_km; not a Localiza rule.
REC0136,CUST0395,VEH0095,CONTR0395,CTX0395,SYNTHETIC,2026-09-21,maintenance,high,Manutenção próxima,Sua revisão está próxima.,Agendar revisão,schedule_maintenance,push,0.814,delivered,False,pending,synthetic_llm_personalization,Synthetic trigger for maintenance; not a Localiza rule.
REC0137,CUST0031,VEH0031,CONTR0031,CTX2031,SYNTHETIC,2026-09-30,maintenance,high,Manutenção próxima,Sua revisão está próxima.,Agendar revisão,schedule_maintenance,in_app,0.834,opened,False,viewed,synthetic_llm_personalization,Synthetic trigger for maintenance; not a Localiza rule.
REC0138,CUST0432,VEH0032,CONTR0432,CTX2218,SYNTHETIC,2026-08-26,maintenance,high,Manutenção próxima,Sua revisão está próxima.,Agendar revisão,schedule_maintenance,inbox,0.989,delivered,False,pending,hybrid_recommendation,Synthetic trigger for maintenance; not a Localiza rule.
REC0139,CUST0033,VEH0033,CONTR0033,CTX2891,SYNTHETIC,2026-08-14,franquia_km,high,Ritmo de uso de KM,Você está usando sua franquia acima do ritmo esperado.,Ver meus KMs,open_km,inbox,0.83,opened,False,need_resolved,synthetic_llm_personalization,Synthetic trigger for franquia_km; not a Localiza rule.
REC0140,CUST0001,VEH0001,CONTR0001,CTX0001,SYNTHETIC,2026-09-01,maintenance,high,Manutenção próxima,Sua revisão está próxima.,Agendar revisão,schedule_maintenance,in_app,0.933,dismissed,False,pending,synthetic_llm_personalization,Synthetic trigger for maintenance; not a Localiza rule.
REC0141,CUST0304,VEH0004,CONTR0304,CTX0304,SYNTHETIC,2026-08-11,franquia_km,high,Ritmo de uso de KM,Você está usando sua franquia acima do ritmo esperado.,Ver meus KMs,open_km,in_app,0.816,opened,False,need_resolved,synthetic_llm_personalization,Synthetic trigger for franquia_km; not a Localiza rule.
REC0142,CUST0324,VEH0024,CONTR0324,CTX0324,SYNTHETIC,2026-09-04,franquia_km,high,Ritmo de uso de KM,Você está usando sua franquia acima do ritmo esperado.,Ver meus KMs,open_km,inbox,0.726,acted,True,need_resolved,hybrid_recommendation,Synthetic trigger for franquia_km; not a Localiza rule.
REC0143,CUST0410,VEH0010,CONTR0410,CTX0410,SYNTHETIC,2026-08-30,maintenance,high,Manutenção próxima,Sua revisão está próxima.,Agendar revisão,schedule_maintenance,in_app,0.743,dismissed,False,pending,hybrid_recommendation,Synthetic trigger for maintenance; not a Localiza rule.
REC0144,CUST0305,VEH0005,CONTR0305,CTX1477,SYNTHETIC,2026-08-31,maintenance,high,Manutenção próxima,Sua revisão está próxima.,Agendar revisão,schedule_maintenance,inbox,0.754,acted,True,no_action,hybrid_recommendation,Synthetic trigger for maintenance; not a Localiza rule.
REC0145,CUST0479,VEH0079,CONTR0479,CTX1409,SYNTHETIC,2026-08-08,maintenance,high,Manutenção próxima,Sua revisão está próxima.,Agendar revisão,schedule_maintenance,push,0.921,opened,False,viewed,hybrid_recommendation,Synthetic trigger for maintenance; not a Localiza rule.
REC0146,CUST0203,VEH0003,CONTR0203,CTX1612,SYNTHETIC,2026-09-06,maintenance,high,Manutenção próxima,Sua revisão está próxima.,Agendar revisão,schedule_maintenance,push,0.88,opened,False,need_resolved,synthetic_llm_personalization,Synthetic trigger for maintenance; not a Localiza rule.
REC0147,CUST0262,VEH0062,CONTR0262,CTX0918,SYNTHETIC,2026-08-25,maintenance,high,Manutenção próxima,Sua revisão está próxima.,Agendar revisão,schedule_maintenance,push,0.819,opened,False,viewed,rule_engine,Synthetic trigger for maintenance; not a Localiza rule.
REC0148,CUST0440,VEH0040,CONTR0440,CTX0440,SYNTHETIC,2026-09-23,maintenance,high,Manutenção próxima,Sua revisão está próxima.,Agendar revisão,schedule_maintenance,in_app,0.671,opened,False,no_action,rule_engine,Synthetic trigger for maintenance; not a Localiza rule.
REC0149,CUST0204,VEH0004,CONTR0204,CTX2779,SYNTHETIC,2026-09-17,renewal,medium,Renovação próxima,Seu contrato entra em período de renovação.,Revisar meu contrato,review_contract,in_app,0.724,dismissed,False,pending,synthetic_llm_personalization,Synthetic trigger for renewal; not a Localiza rule.
REC0150,CUST0200,VEH0100,CONTR0200,CTX1195,SYNTHETIC,2026-09-08,maintenance,high,Manutenção próxima,Sua revisão está próxima.,Agendar revisão,schedule_maintenance,push,0.726,dismissed,False,pending,rule_engine,Synthetic trigger for maintenance; not a Localiza rule.
REC0151,CUST0314,VEH0014,CONTR0314,CTX0314,SYNTHETIC,2026-08-10,support,medium,Sinal de suporte,Detectamos um sinal que pode exigir atenção.,Abrir suporte,open_support,push,0.914,acted,True,need_resolved,synthetic_llm_personalization,Synthetic trigger for support; not a Localiza rule.
REC0152,CUST0196,VEH0096,CONTR0196,CTX1847,SYNTHETIC,2026-09-10,maintenance,high,Manutenção próxima,Sua revisão está próxima.,Agendar revisão,schedule_maintenance,in_app,0.87,opened,False,viewed,hybrid_recommendation,Synthetic trigger for maintenance; not a Localiza rule.
REC0153,CUST0205,VEH0005,CONTR0205,CTX2832,SYNTHETIC,2026-08-17,maintenance,high,Manutenção próxima,Sua revisão está próxima.,Agendar revisão,schedule_maintenance,inbox,0.718,delivered,False,pending,synthetic_llm_personalization,Synthetic trigger for maintenance; not a Localiza rule.
REC0154,CUST0295,VEH0095,CONTR0295,CTX2015,SYNTHETIC,2026-08-11,low_energy,high,Energia baixa,A autonomia disponível está baixa para seu padrão recente.,Planejar abastecimento/recarga,open_energy,push,0.936,delivered,False,pending,rule_engine,Synthetic trigger for low_energy; not a Localiza rule.
REC0155,CUST0205,VEH0005,CONTR0205,CTX2832,SYNTHETIC,2026-09-23,maintenance,high,Manutenção próxima,Sua revisão está próxima.,Agendar revisão,schedule_maintenance,push,0.798,delivered,False,pending,rule_engine,Synthetic trigger for maintenance; not a Localiza rule.
REC0156,CUST0133,VEH0033,CONTR0133,CTX2192,SYNTHETIC,2026-08-02,franquia_km,high,Ritmo de uso de KM,Você está usando sua franquia acima do ritmo esperado.,Ver meus KMs,open_km,push,0.887,delivered,False,pending,rule_engine,Synthetic trigger for franquia_km; not a Localiza rule.
REC0157,CUST0396,VEH0096,CONTR0396,CTX2956,SYNTHETIC,2026-08-12,maintenance,high,Manutenção próxima,Sua revisão está próxima.,Agendar revisão,schedule_maintenance,in_app,0.819,delivered,False,pending,rule_engine,Synthetic trigger for maintenance; not a Localiza rule.
REC0158,CUST0096,VEH0096,CONTR0096,CTX1360,SYNTHETIC,2026-09-29,maintenance,high,Manutenção próxima,Sua revisão está próxima.,Agendar revisão,schedule_maintenance,in_app,0.925,delivered,False,pending,synthetic_llm_personalization,Synthetic trigger for maintenance; not a Localiza rule.
REC0159,CUST0242,VEH0042,CONTR0242,CTX0242,SYNTHETIC,2026-09-12,maintenance,high,Manutenção próxima,Sua revisão está próxima.,Agendar revisão,schedule_maintenance,in_app,0.873,acted,True,viewed,rule_engine,Synthetic trigger for maintenance; not a Localiza rule.
REC0160,CUST0105,VEH0005,CONTR0105,CTX1968,SYNTHETIC,2026-09-17,maintenance,high,Manutenção próxima,Sua revisão está próxima.,Agendar revisão,schedule_maintenance,in_app,0.882,delivered,False,pending,synthetic_llm_personalization,Synthetic trigger for maintenance; not a Localiza rule.
REC0161,CUST0321,VEH0021,CONTR0321,CTX2942,SYNTHETIC,2026-08-28,renewal,high,Renovação próxima,Seu contrato entra em período de renovação.,Revisar meu contrato,review_contract,push,0.775,opened,False,need_resolved,rule_engine,Synthetic trigger for renewal; not a Localiza rule.
REC0162,CUST0185,VEH0085,CONTR0185,CTX2948,SYNTHETIC,2026-08-27,franquia_km,high,Ritmo de uso de KM,Você está usando sua franquia acima do ritmo esperado.,Ver meus KMs,open_km,inbox,0.963,opened,False,viewed,hybrid_recommendation,Synthetic trigger for franquia_km; not a Localiza rule.
REC0163,CUST0113,VEH0013,CONTR0113,CTX1531,SYNTHETIC,2026-08-17,maintenance,high,Manutenção próxima,Sua revisão está próxima.,Agendar revisão,schedule_maintenance,inbox,0.863,opened,False,need_resolved,hybrid_recommendation,Synthetic trigger for maintenance; not a Localiza rule.
REC0164,CUST0487,VEH0087,CONTR0487,CTX0849,SYNTHETIC,2026-09-30,maintenance,high,Manutenção próxima,Sua revisão está próxima.,Agendar revisão,schedule_maintenance,inbox,0.863,opened,False,viewed,hybrid_recommendation,Synthetic trigger for maintenance; not a Localiza rule.
REC0165,CUST0433,VEH0033,CONTR0433,CTX2068,SYNTHETIC,2026-08-18,maintenance,high,Manutenção próxima,Sua revisão está próxima.,Agendar revisão,schedule_maintenance,in_app,0.683,acted,True,no_action,synthetic_llm_personalization,Synthetic trigger for maintenance; not a Localiza rule.
REC0166,CUST0357,VEH0057,CONTR0357,CTX1717,SYNTHETIC,2026-08-20,maintenance,high,Manutenção próxima,Sua revisão está próxima.,Agendar revisão,schedule_maintenance,in_app,0.798,opened,False,need_resolved,hybrid_recommendation,Synthetic trigger for maintenance; not a Localiza rule.
REC0167,CUST0106,VEH0006,CONTR0106,CTX2358,SYNTHETIC,2026-08-10,franquia_km,high,Ritmo de uso de KM,Você está usando sua franquia acima do ritmo esperado.,Ver meus KMs,open_km,push,0.717,delivered,False,pending,synthetic_llm_personalization,Synthetic trigger for franquia_km; not a Localiza rule.
REC0168,CUST0220,VEH0020,CONTR0220,CTX2065,SYNTHETIC,2026-09-23,maintenance,high,Manutenção próxima,Sua revisão está próxima.,Agendar revisão,schedule_maintenance,inbox,0.987,opened,False,scheduled,synthetic_llm_personalization,Synthetic trigger for maintenance; not a Localiza rule.
REC0169,CUST0412,VEH0012,CONTR0412,CTX2820,SYNTHETIC,2026-08-24,franquia_km,high,Ritmo de uso de KM,Você está usando sua franquia acima do ritmo esperado.,Ver meus KMs,open_km,push,0.859,delivered,False,pending,synthetic_llm_personalization,Synthetic trigger for franquia_km; not a Localiza rule.
REC0170,CUST0240,VEH0040,CONTR0240,CTX1909,SYNTHETIC,2026-08-19,maintenance,high,Manutenção próxima,Sua revisão está próxima.,Agendar revisão,schedule_maintenance,in_app,0.677,acted,True,viewed,rule_engine,Synthetic trigger for maintenance; not a Localiza rule.
REC0171,CUST0122,VEH0022,CONTR0122,CTX1093,SYNTHETIC,2026-08-30,franquia_km,high,Ritmo de uso de KM,Você está usando sua franquia acima do ritmo esperado.,Ver meus KMs,open_km,push,0.908,delivered,False,pending,synthetic_llm_personalization,Synthetic trigger for franquia_km; not a Localiza rule.
REC0172,CUST0216,VEH0016,CONTR0216,CTX1729,SYNTHETIC,2026-08-19,maintenance,high,Manutenção próxima,Sua revisão está próxima.,Agendar revisão,schedule_maintenance,inbox,0.897,acted,True,scheduled,hybrid_recommendation,Synthetic trigger for maintenance; not a Localiza rule.
REC0173,CUST0006,VEH0006,CONTR0006,CTX1609,SYNTHETIC,2026-08-15,maintenance,high,Manutenção próxima,Sua revisão está próxima.,Agendar revisão,schedule_maintenance,inbox,0.828,acted,True,need_resolved,hybrid_recommendation,Synthetic trigger for maintenance; not a Localiza rule.
REC0174,CUST0331,VEH0031,CONTR0331,CTX1432,SYNTHETIC,2026-08-31,long_trip,medium,Padrão de viagem,Você vem fazendo viagens longas com frequência.,Preparar viagem,open_planner,push,0.81,dismissed,False,pending,hybrid_recommendation,Synthetic trigger for long_trip; not a Localiza rule.
REC0175,CUST0425,VEH0025,CONTR0425,CTX2485,SYNTHETIC,2026-08-27,support,medium,Sinal de suporte,Detectamos um sinal que pode exigir atenção.,Abrir suporte,open_support,inbox,0.772,delivered,False,pending,synthetic_llm_personalization,Synthetic trigger for support; not a Localiza rule.
REC0176,CUST0046,VEH0046,CONTR0046,CTX0046,SYNTHETIC,2026-09-10,renewal,medium,Renovação próxima,Seu contrato entra em período de renovação.,Revisar meu contrato,review_contract,in_app,0.756,delivered,False,pending,hybrid_recommendation,Synthetic trigger for renewal; not a Localiza rule.
REC0177,CUST0196,VEH0096,CONTR0196,CTX1847,SYNTHETIC,2026-08-26,maintenance,high,Manutenção próxima,Sua revisão está próxima.,Agendar revisão,schedule_maintenance,push,0.732,opened,False,no_action,hybrid_recommendation,Synthetic trigger for maintenance; not a Localiza rule.
REC0178,CUST0106,VEH0006,CONTR0106,CTX2186,SYNTHETIC,2026-09-05,franquia_km,high,Ritmo de uso de KM,Você está usando sua franquia acima do ritmo esperado.,Ver meus KMs,open_km,in_app,0.853,acted,True,viewed,synthetic_llm_personalization,Synthetic trigger for franquia_km; not a Localiza rule.
REC0179,CUST0173,VEH0073,CONTR0173,CTX1417,SYNTHETIC,2026-09-19,franquia_km,high,Ritmo de uso de KM,Você está usando sua franquia acima do ritmo esperado.,Ver meus KMs,open_km,inbox,0.841,opened,False,viewed,synthetic_llm_personalization,Synthetic trigger for franquia_km; not a Localiza rule.
REC0180,CUST0147,VEH0047,CONTR0147,CTX2307,SYNTHETIC,2026-08-13,franquia_km,high,Ritmo de uso de KM,Você está usando sua franquia acima do ritmo esperado.,Ver meus KMs,open_km,inbox,0.872,opened,False,scheduled,rule_engine,Synthetic trigger for franquia_km; not a Localiza rule.
REC0181,CUST0241,VEH0041,CONTR0241,CTX0241,SYNTHETIC,2026-09-28,maintenance,high,Manutenção próxima,Sua revisão está próxima.,Agendar revisão,schedule_maintenance,in_app,0.901,delivered,False,pending,rule_engine,Synthetic trigger for maintenance; not a Localiza rule.
REC0182,CUST0009,VEH0009,CONTR0009,CTX2522,SYNTHETIC,2026-08-11,franquia_km,high,Ritmo de uso de KM,Você está usando sua franquia acima do ritmo esperado.,Ver meus KMs,open_km,push,0.97,delivered,False,pending,hybrid_recommendation,Synthetic trigger for franquia_km; not a Localiza rule.
REC0183,CUST0344,VEH0044,CONTR0344,CTX2740,SYNTHETIC,2026-08-15,franquia_km,high,Ritmo de uso de KM,Você está usando sua franquia acima do ritmo esperado.,Ver meus KMs,open_km,in_app,0.769,delivered,False,pending,hybrid_recommendation,Synthetic trigger for franquia_km; not a Localiza rule.
REC0184,CUST0337,VEH0037,CONTR0337,CTX1517,SYNTHETIC,2026-09-20,maintenance,high,Manutenção próxima,Sua revisão está próxima.,Agendar revisão,schedule_maintenance,in_app,0.972,acted,True,scheduled,hybrid_recommendation,Synthetic trigger for maintenance; not a Localiza rule.
REC0185,CUST0471,VEH0071,CONTR0471,CTX2754,SYNTHETIC,2026-08-24,maintenance,high,Manutenção próxima,Sua revisão está próxima.,Agendar revisão,schedule_maintenance,in_app,0.795,acted,True,no_action,rule_engine,Synthetic trigger for maintenance; not a Localiza rule.
REC0186,CUST0409,VEH0009,CONTR0409,CTX0409,SYNTHETIC,2026-10-01,maintenance,high,Manutenção próxima,Sua revisão está próxima.,Agendar revisão,schedule_maintenance,push,0.837,delivered,False,pending,hybrid_recommendation,Synthetic trigger for maintenance; not a Localiza rule.
REC0187,CUST0203,VEH0003,CONTR0203,CTX0203,SYNTHETIC,2026-08-08,maintenance,high,Manutenção próxima,Sua revisão está próxima.,Agendar revisão,schedule_maintenance,inbox,0.702,delivered,False,pending,hybrid_recommendation,Synthetic trigger for maintenance; not a Localiza rule.
REC0188,CUST0156,VEH0056,CONTR0156,CTX1670,SYNTHETIC,2026-08-26,maintenance,high,Manutenção próxima,Sua revisão está próxima.,Agendar revisão,schedule_maintenance,inbox,0.885,acted,True,no_action,synthetic_llm_personalization,Synthetic trigger for maintenance; not a Localiza rule.
REC0189,CUST0183,VEH0083,CONTR0183,CTX1899,SYNTHETIC,2026-09-26,maintenance,high,Manutenção próxima,Sua revisão está próxima.,Agendar revisão,schedule_maintenance,push,0.987,dismissed,False,pending,rule_engine,Synthetic trigger for maintenance; not a Localiza rule.
REC0190,CUST0403,VEH0003,CONTR0403,CTX2320,SYNTHETIC,2026-08-31,maintenance,high,Manutenção próxima,Sua revisão está próxima.,Agendar revisão,schedule_maintenance,in_app,0.962,acted,True,viewed,synthetic_llm_personalization,Synthetic trigger for maintenance; not a Localiza rule.
REC0191,CUST0337,VEH0037,CONTR0337,CTX1426,SYNTHETIC,2026-10-01,maintenance,high,Manutenção próxima,Sua revisão está próxima.,Agendar revisão,schedule_maintenance,push,0.769,acted,True,no_action,rule_engine,Synthetic trigger for maintenance; not a Localiza rule.
REC0192,CUST0367,VEH0067,CONTR0367,CTX1451,SYNTHETIC,2026-08-26,support,medium,Sinal de suporte,Detectamos um sinal que pode exigir atenção.,Abrir suporte,open_support,push,0.737,opened,False,no_action,rule_engine,Synthetic trigger for support; not a Localiza rule.
REC0193,CUST0353,VEH0053,CONTR0353,CTX0527,SYNTHETIC,2026-08-06,maintenance,high,Manutenção próxima,Sua revisão está próxima.,Agendar revisão,schedule_maintenance,in_app,0.903,acted,True,viewed,rule_engine,Synthetic trigger for maintenance; not a Localiza rule.
REC0194,CUST0257,VEH0057,CONTR0257,CTX0257,SYNTHETIC,2026-09-09,maintenance,high,Manutenção próxima,Sua revisão está próxima.,Agendar revisão,schedule_maintenance,in_app,0.838,opened,False,no_action,synthetic_llm_personalization,Synthetic trigger for maintenance; not a Localiza rule.
REC0195,CUST0410,VEH0010,CONTR0410,CTX0607,SYNTHETIC,2026-08-25,maintenance,high,Manutenção próxima,Sua revisão está próxima.,Agendar revisão,schedule_maintenance,inbox,0.964,opened,False,scheduled,hybrid_recommendation,Synthetic trigger for maintenance; not a Localiza rule.
REC0196,CUST0141,VEH0041,CONTR0141,CTX1226,SYNTHETIC,2026-09-09,renewal,medium,Renovação próxima,Seu contrato entra em período de renovação.,Revisar meu contrato,review_contract,in_app,0.856,acted,True,no_action,synthetic_llm_personalization,Synthetic trigger for renewal; not a Localiza rule.
REC0197,CUST0164,VEH0064,CONTR0164,CTX1490,SYNTHETIC,2026-09-21,maintenance,high,Manutenção próxima,Sua revisão está próxima.,Agendar revisão,schedule_maintenance,inbox,0.76,delivered,False,pending,rule_engine,Synthetic trigger for maintenance; not a Localiza rule.
REC0198,CUST0123,VEH0023,CONTR0123,CTX0123,SYNTHETIC,2026-08-25,maintenance,high,Manutenção próxima,Sua revisão está próxima.,Agendar revisão,schedule_maintenance,inbox,0.783,acted,True,no_action,synthetic_llm_personalization,Synthetic trigger for maintenance; not a Localiza rule.
REC0199,CUST0488,VEH0088,CONTR0488,CTX2471,SYNTHETIC,2026-08-03,franquia_km,high,Ritmo de uso de KM,Você está usando sua franquia acima do ritmo esperado.,Ver meus KMs,open_km,in_app,0.751,delivered,False,pending,rule_engine,Synthetic trigger for franquia_km; not a Localiza rule.
REC0200,CUST0184,VEH0084,CONTR0184,CTX1312,SYNTHETIC,2026-09-20,maintenance,high,Manutenção próxima,Sua revisão está próxima.,Agendar revisão,schedule_maintenance,in_app,0.713,acted,True,need_resolved,synthetic_llm_personalization,Synthetic trigger for maintenance; not a Localiza rule.
REC0201,CUST0183,VEH0083,CONTR0183,CTX1120,SYNTHETIC,2026-09-03,maintenance,high,Manutenção próxima,Sua revisão está próxima.,Agendar revisão,schedule_maintenance,in_app,0.652,delivered,False,pending,synthetic_llm_personalization,Synthetic trigger for maintenance; not a Localiza rule.
REC0202,CUST0024,VEH0024,CONTR0024,CTX2132,SYNTHETIC,2026-08-23,maintenance,high,Manutenção próxima,Sua revisão está próxima.,Agendar revisão,schedule_maintenance,push,0.78,opened,False,need_resolved,hybrid_recommendation,Synthetic trigger for maintenance; not a Localiza rule.
REC0203,CUST0301,VEH0001,CONTR0301,CTX0301,SYNTHETIC,2026-09-06,renewal,medium,Renovação próxima,Seu contrato entra em período de renovação.,Revisar meu contrato,review_contract,push,0.8,delivered,False,pending,hybrid_recommendation,Synthetic trigger for renewal; not a Localiza rule.
REC0204,CUST0221,VEH0021,CONTR0221,CTX1622,SYNTHETIC,2026-08-15,franquia_km,high,Ritmo de uso de KM,Você está usando sua franquia acima do ritmo esperado.,Ver meus KMs,open_km,in_app,0.795,delivered,False,pending,rule_engine,Synthetic trigger for franquia_km; not a Localiza rule.
REC0205,CUST0091,VEH0091,CONTR0091,CTX0091,SYNTHETIC,2026-09-29,franquia_km,high,Ritmo de uso de KM,Você está usando sua franquia acima do ritmo esperado.,Ver meus KMs,open_km,in_app,0.897,acted,True,no_action,synthetic_llm_personalization,Synthetic trigger for franquia_km; not a Localiza rule.
REC0206,CUST0161,VEH0061,CONTR0161,CTX1556,SYNTHETIC,2026-08-30,maintenance,high,Manutenção próxima,Sua revisão está próxima.,Agendar revisão,schedule_maintenance,inbox,0.965,opened,False,need_resolved,synthetic_llm_personalization,Synthetic trigger for maintenance; not a Localiza rule.
REC0207,CUST0289,VEH0089,CONTR0289,CTX0289,SYNTHETIC,2026-09-24,maintenance,high,Manutenção próxima,Sua revisão está próxima.,Agendar revisão,schedule_maintenance,push,0.827,acted,True,scheduled,rule_engine,Synthetic trigger for maintenance; not a Localiza rule.
REC0208,CUST0111,VEH0011,CONTR0111,CTX2385,SYNTHETIC,2026-08-17,maintenance,high,Manutenção próxima,Sua revisão está próxima.,Agendar revisão,schedule_maintenance,inbox,0.875,acted,True,need_resolved,rule_engine,Synthetic trigger for maintenance; not a Localiza rule.
REC0209,CUST0418,VEH0018,CONTR0418,CTX0418,SYNTHETIC,2026-09-11,franquia_km,high,Ritmo de uso de KM,Você está usando sua franquia acima do ritmo esperado.,Ver meus KMs,open_km,inbox,0.65,opened,False,need_resolved,rule_engine,Synthetic trigger for franquia_km; not a Localiza rule.
REC0210,CUST0301,VEH0001,CONTR0301,CTX1600,SYNTHETIC,2026-09-01,renewal,medium,Renovação próxima,Seu contrato entra em período de renovação.,Revisar meu contrato,review_contract,in_app,0.919,acted,True,need_resolved,rule_engine,Synthetic trigger for renewal; not a Localiza rule.
REC0211,CUST0449,VEH0049,CONTR0449,CTX0449,SYNTHETIC,2026-08-08,renewal,medium,Renovação próxima,Seu contrato entra em período de renovação.,Revisar meu contrato,review_contract,push,0.926,delivered,False,pending,hybrid_recommendation,Synthetic trigger for renewal; not a Localiza rule.
REC0212,CUST0049,VEH0049,CONTR0049,CTX2584,SYNTHETIC,2026-09-28,maintenance,high,Manutenção próxima,Sua revisão está próxima.,Agendar revisão,schedule_maintenance,push,0.904,opened,False,need_resolved,synthetic_llm_personalization,Synthetic trigger for maintenance; not a Localiza rule.
REC0213,CUST0152,VEH0052,CONTR0152,CTX1380,SYNTHETIC,2026-08-25,franquia_km,high,Ritmo de uso de KM,Você está usando sua franquia acima do ritmo esperado.,Ver meus KMs,open_km,in_app,0.714,acted,True,no_action,synthetic_llm_personalization,Synthetic trigger for franquia_km; not a Localiza rule.
REC0214,CUST0402,VEH0002,CONTR0402,CTX2638,SYNTHETIC,2026-09-09,low_use,medium,Baixo uso,Seu carro teve pouco uso no período recente.,Ver minha mobilidade,open_mobility,push,0.691,delivered,False,pending,rule_engine,Synthetic trigger for low_use; not a Localiza rule.
REC0215,CUST0344,VEH0044,CONTR0344,CTX2931,SYNTHETIC,2026-09-17,franquia_km,high,Ritmo de uso de KM,Você está usando sua franquia acima do ritmo esperado.,Ver meus KMs,open_km,inbox,0.79,acted,True,no_action,rule_engine,Synthetic trigger for franquia_km; not a Localiza rule.
REC0216,CUST0257,VEH0057,CONTR0257,CTX2394,SYNTHETIC,2026-09-01,maintenance,high,Manutenção próxima,Sua revisão está próxima.,Agendar revisão,schedule_maintenance,in_app,0.832,opened,False,viewed,synthetic_llm_personalization,Synthetic trigger for maintenance; not a Localiza rule.
REC0217,CUST0486,VEH0086,CONTR0486,CTX1467,SYNTHETIC,2026-09-18,renewal,medium,Renovação próxima,Seu contrato entra em período de renovação.,Revisar meu contrato,review_contract,inbox,0.705,acted,True,viewed,rule_engine,Synthetic trigger for renewal; not a Localiza rule.
REC0218,CUST0252,VEH0052,CONTR0252,CTX2846,SYNTHETIC,2026-09-22,maintenance,high,Manutenção próxima,Sua revisão está próxima.,Agendar revisão,schedule_maintenance,inbox,0.725,opened,False,scheduled,rule_engine,Synthetic trigger for maintenance; not a Localiza rule.
REC0219,CUST0391,VEH0091,CONTR0391,CTX0806,SYNTHETIC,2026-09-09,franquia_km,high,Ritmo de uso de KM,Você está usando sua franquia acima do ritmo esperado.,Ver meus KMs,open_km,in_app,0.977,opened,False,need_resolved,synthetic_llm_personalization,Synthetic trigger for franquia_km; not a Localiza rule.
REC0220,CUST0447,VEH0047,CONTR0447,CTX1351,SYNTHETIC,2026-08-10,maintenance,high,Manutenção próxima,Sua revisão está próxima.,Agendar revisão,schedule_maintenance,in_app,0.813,delivered,False,pending,synthetic_llm_personalization,Synthetic trigger for maintenance; not a Localiza rule.
REC0221,CUST0038,VEH0038,CONTR0038,CTX1621,SYNTHETIC,2026-09-09,maintenance,high,Manutenção próxima,Sua revisão está próxima.,Agendar revisão,schedule_maintenance,push,0.703,opened,False,no_action,hybrid_recommendation,Synthetic trigger for maintenance; not a Localiza rule.
REC0222,CUST0277,VEH0077,CONTR0277,CTX0277,SYNTHETIC,2026-09-25,franquia_km,high,Ritmo de uso de KM,Você está usando sua franquia acima do ritmo esperado.,Ver meus KMs,open_km,in_app,0.885,opened,False,scheduled,hybrid_recommendation,Synthetic trigger for franquia_km; not a Localiza rule.
REC0223,CUST0404,VEH0004,CONTR0404,CTX1094,SYNTHETIC,2026-08-04,maintenance,high,Manutenção próxima,Sua revisão está próxima.,Agendar revisão,schedule_maintenance,in_app,0.988,acted,True,viewed,rule_engine,Synthetic trigger for maintenance; not a Localiza rule.
REC0224,CUST0220,VEH0020,CONTR0220,CTX2065,SYNTHETIC,2026-09-24,maintenance,high,Manutenção próxima,Sua revisão está próxima.,Agendar revisão,schedule_maintenance,in_app,0.838,delivered,False,pending,rule_engine,Synthetic trigger for maintenance; not a Localiza rule.
REC0225,CUST0426,VEH0026,CONTR0426,CTX1131,SYNTHETIC,2026-08-05,renewal,medium,Renovação próxima,Seu contrato entra em período de renovação.,Revisar meu contrato,review_contract,in_app,0.877,acted,True,scheduled,synthetic_llm_personalization,Synthetic trigger for renewal; not a Localiza rule.
REC0226,CUST0364,VEH0064,CONTR0364,CTX1896,SYNTHETIC,2026-08-07,franquia_km,high,Ritmo de uso de KM,Você está usando sua franquia acima do ritmo esperado.,Ver meus KMs,open_km,inbox,0.859,acted,True,scheduled,rule_engine,Synthetic trigger for franquia_km; not a Localiza rule.
REC0227,CUST0031,VEH0031,CONTR0031,CTX0708,SYNTHETIC,2026-08-15,maintenance,high,Manutenção próxima,Sua revisão está próxima.,Agendar revisão,schedule_maintenance,inbox,0.911,acted,True,scheduled,rule_engine,Synthetic trigger for maintenance; not a Localiza rule.
REC0228,CUST0220,VEH0020,CONTR0220,CTX0220,SYNTHETIC,2026-08-10,maintenance,high,Manutenção próxima,Sua revisão está próxima.,Agendar revisão,schedule_maintenance,inbox,0.766,acted,True,no_action,synthetic_llm_personalization,Synthetic trigger for maintenance; not a Localiza rule.
REC0229,CUST0337,VEH0037,CONTR0337,CTX2735,SYNTHETIC,2026-08-10,maintenance,high,Manutenção próxima,Sua revisão está próxima.,Agendar revisão,schedule_maintenance,in_app,0.938,dismissed,False,pending,synthetic_llm_personalization,Synthetic trigger for maintenance; not a Localiza rule.
REC0230,CUST0361,VEH0061,CONTR0361,CTX1638,SYNTHETIC,2026-08-26,franquia_km,high,Ritmo de uso de KM,Você está usando sua franquia acima do ritmo esperado.,Ver meus KMs,open_km,push,0.942,acted,True,need_resolved,hybrid_recommendation,Synthetic trigger for franquia_km; not a Localiza rule.
REC0231,CUST0184,VEH0084,CONTR0184,CTX0184,SYNTHETIC,2026-09-22,maintenance,high,Manutenção próxima,Sua revisão está próxima.,Agendar revisão,schedule_maintenance,in_app,0.936,delivered,False,pending,hybrid_recommendation,Synthetic trigger for maintenance; not a Localiza rule.
REC0232,CUST0004,VEH0004,CONTR0004,CTX2295,SYNTHETIC,2026-08-13,maintenance,high,Manutenção próxima,Sua revisão está próxima.,Agendar revisão,schedule_maintenance,in_app,0.97,acted,True,need_resolved,hybrid_recommendation,Synthetic trigger for maintenance; not a Localiza rule.
REC0233,CUST0131,VEH0031,CONTR0131,CTX1752,SYNTHETIC,2026-08-06,franquia_km,high,Ritmo de uso de KM,Você está usando sua franquia acima do ritmo esperado.,Ver meus KMs,open_km,inbox,0.888,acted,True,no_action,rule_engine,Synthetic trigger for franquia_km; not a Localiza rule.
REC0234,CUST0132,VEH0032,CONTR0132,CTX0132,SYNTHETIC,2026-09-16,franquia_km,high,Ritmo de uso de KM,Você está usando sua franquia acima do ritmo esperado.,Ver meus KMs,open_km,push,0.794,acted,True,viewed,hybrid_recommendation,Synthetic trigger for franquia_km; not a Localiza rule.
REC0235,CUST0144,VEH0044,CONTR0144,CTX0782,SYNTHETIC,2026-08-25,maintenance,high,Manutenção próxima,Sua revisão está próxima.,Agendar revisão,schedule_maintenance,inbox,0.926,opened,False,viewed,synthetic_llm_personalization,Synthetic trigger for maintenance; not a Localiza rule.
REC0236,CUST0018,VEH0018,CONTR0018,CTX2023,SYNTHETIC,2026-09-02,franquia_km,high,Ritmo de uso de KM,Você está usando sua franquia acima do ritmo esperado.,Ver meus KMs,open_km,push,0.766,acted,True,no_action,synthetic_llm_personalization,Synthetic trigger for franquia_km; not a Localiza rule.
REC0237,CUST0286,VEH0086,CONTR0286,CTX0740,SYNTHETIC,2026-08-04,maintenance,high,Manutenção próxima,Sua revisão está próxima.,Agendar revisão,schedule_maintenance,push,0.844,acted,True,need_resolved,hybrid_recommendation,Synthetic trigger for maintenance; not a Localiza rule.
REC0238,CUST0133,VEH0033,CONTR0133,CTX2192,SYNTHETIC,2026-09-14,franquia_km,high,Ritmo de uso de KM,Você está usando sua franquia acima do ritmo esperado.,Ver meus KMs,open_km,in_app,0.754,acted,True,need_resolved,hybrid_recommendation,Synthetic trigger for franquia_km; not a Localiza rule.
REC0239,CUST0318,VEH0018,CONTR0318,CTX0970,SYNTHETIC,2026-08-21,maintenance,high,Manutenção próxima,Sua revisão está próxima.,Agendar revisão,schedule_maintenance,push,0.959,acted,True,scheduled,hybrid_recommendation,Synthetic trigger for maintenance; not a Localiza rule.
REC0240,CUST0435,VEH0035,CONTR0435,CTX1053,SYNTHETIC,2026-09-13,maintenance,high,Manutenção próxima,Sua revisão está próxima.,Agendar revisão,schedule_maintenance,push,0.788,acted,True,no_action,synthetic_llm_personalization,Synthetic trigger for maintenance; not a Localiza rule.
REC0241,CUST0044,VEH0044,CONTR0044,CTX1992,SYNTHETIC,2026-09-19,franquia_km,high,Ritmo de uso de KM,Você está usando sua franquia acima do ritmo esperado.,Ver meus KMs,open_km,in_app,0.683,acted,True,viewed,hybrid_recommendation,Synthetic trigger for franquia_km; not a Localiza rule.
REC0242,CUST0072,VEH0072,CONTR0072,CTX2510,SYNTHETIC,2026-09-06,franquia_km,high,Ritmo de uso de KM,Você está usando sua franquia acima do ritmo esperado.,Ver meus KMs,open_km,in_app,0.81,dismissed,False,pending,hybrid_recommendation,Synthetic trigger for franquia_km; not a Localiza rule.
REC0243,CUST0345,VEH0045,CONTR0345,CTX2732,SYNTHETIC,2026-08-29,franquia_km,high,Ritmo de uso de KM,Você está usando sua franquia acima do ritmo esperado.,Ver meus KMs,open_km,push,0.848,opened,False,need_resolved,rule_engine,Synthetic trigger for franquia_km; not a Localiza rule.
REC0244,CUST0495,VEH0095,CONTR0495,CTX2138,SYNTHETIC,2026-09-03,maintenance,high,Manutenção próxima,Sua revisão está próxima.,Agendar revisão,schedule_maintenance,push,0.679,acted,True,no_action,hybrid_recommendation,Synthetic trigger for maintenance; not a Localiza rule.
REC0245,CUST0071,VEH0071,CONTR0071,CTX2088,SYNTHETIC,2026-08-13,franquia_km,high,Ritmo de uso de KM,Você está usando sua franquia acima do ritmo esperado.,Ver meus KMs,open_km,in_app,0.755,opened,False,scheduled,hybrid_recommendation,Synthetic trigger for franquia_km; not a Localiza rule.
REC0246,CUST0414,VEH0014,CONTR0414,CTX1297,SYNTHETIC,2026-08-22,franquia_km,high,Ritmo de uso de KM,Você está usando sua franquia acima do ritmo esperado.,Ver meus KMs,open_km,inbox,0.79,acted,True,need_resolved,rule_engine,Synthetic trigger for franquia_km; not a Localiza rule.
REC0247,CUST0203,VEH0003,CONTR0203,CTX1612,SYNTHETIC,2026-08-15,maintenance,high,Manutenção próxima,Sua revisão está próxima.,Agendar revisão,schedule_maintenance,push,0.929,acted,True,viewed,rule_engine,Synthetic trigger for maintenance; not a Localiza rule.
REC0248,CUST0081,VEH0081,CONTR0081,CTX0610,SYNTHETIC,2026-08-31,renewal,high,Renovação próxima,Seu contrato entra em período de renovação.,Revisar meu contrato,review_contract,in_app,0.72,acted,True,scheduled,hybrid_recommendation,Synthetic trigger for renewal; not a Localiza rule.
REC0249,CUST0076,VEH0076,CONTR0076,CTX2117,SYNTHETIC,2026-09-22,maintenance,high,Manutenção próxima,Sua revisão está próxima.,Agendar revisão,schedule_maintenance,push,0.931,delivered,False,pending,hybrid_recommendation,Synthetic trigger for maintenance; not a Localiza rule.
REC0250,CUST0426,VEH0026,CONTR0426,CTX0426,SYNTHETIC,2026-09-11,renewal,medium,Renovação próxima,Seu contrato entra em período de renovação.,Revisar meu contrato,review_contract,inbox,0.935,delivered,False,pending,synthetic_llm_personalization,Synthetic trigger for renewal; not a Localiza rule.
REC0251,CUST0159,VEH0059,CONTR0159,CTX2473,SYNTHETIC,2026-09-25,franquia_km,high,Ritmo de uso de KM,Você está usando sua franquia acima do ritmo esperado.,Ver meus KMs,open_km,push,0.975,opened,False,need_resolved,hybrid_recommendation,Synthetic trigger for franquia_km; not a Localiza rule.
REC0252,CUST0396,VEH0096,CONTR0396,CTX0396,SYNTHETIC,2026-08-16,maintenance,high,Manutenção próxima,Sua revisão está próxima.,Agendar revisão,schedule_maintenance,in_app,0.762,opened,False,need_resolved,rule_engine,Synthetic trigger for maintenance; not a Localiza rule.
REC0253,CUST0369,VEH0069,CONTR0369,CTX0618,SYNTHETIC,2026-09-08,renewal,medium,Renovação próxima,Seu contrato entra em período de renovação.,Revisar meu contrato,review_contract,push,0.656,opened,False,scheduled,hybrid_recommendation,Synthetic trigger for renewal; not a Localiza rule.
REC0254,CUST0340,VEH0040,CONTR0340,CTX0683,SYNTHETIC,2026-09-23,franquia_km,high,Ritmo de uso de KM,Você está usando sua franquia acima do ritmo esperado.,Ver meus KMs,open_km,inbox,0.894,delivered,False,pending,rule_engine,Synthetic trigger for franquia_km; not a Localiza rule.
REC0255,CUST0004,VEH0004,CONTR0004,CTX2295,SYNTHETIC,2026-08-06,maintenance,high,Manutenção próxima,Sua revisão está próxima.,Agendar revisão,schedule_maintenance,inbox,0.742,delivered,False,pending,hybrid_recommendation,Synthetic trigger for maintenance; not a Localiza rule.
REC0256,CUST0456,VEH0056,CONTR0456,CTX2272,SYNTHETIC,2026-09-25,franquia_km,high,Ritmo de uso de KM,Você está usando sua franquia acima do ritmo esperado.,Ver meus KMs,open_km,push,0.959,delivered,False,pending,synthetic_llm_personalization,Synthetic trigger for franquia_km; not a Localiza rule.
REC0257,CUST0409,VEH0009,CONTR0409,CTX0409,SYNTHETIC,2026-08-05,maintenance,high,Manutenção próxima,Sua revisão está próxima.,Agendar revisão,schedule_maintenance,inbox,0.965,delivered,False,pending,hybrid_recommendation,Synthetic trigger for maintenance; not a Localiza rule.
REC0258,CUST0263,VEH0063,CONTR0263,CTX1172,SYNTHETIC,2026-08-08,maintenance,high,Manutenção próxima,Sua revisão está próxima.,Agendar revisão,schedule_maintenance,in_app,0.882,dismissed,False,pending,synthetic_llm_personalization,Synthetic trigger for maintenance; not a Localiza rule.
REC0259,CUST0239,VEH0039,CONTR0239,CTX2834,SYNTHETIC,2026-09-22,maintenance,high,Manutenção próxima,Sua revisão está próxima.,Agendar revisão,schedule_maintenance,inbox,0.947,acted,True,need_resolved,rule_engine,Synthetic trigger for maintenance; not a Localiza rule.
REC0260,CUST0050,VEH0050,CONTR0050,CTX0050,SYNTHETIC,2026-09-17,maintenance,high,Manutenção próxima,Sua revisão está próxima.,Agendar revisão,schedule_maintenance,in_app,0.724,acted,True,need_resolved,synthetic_llm_personalization,Synthetic trigger for maintenance; not a Localiza rule.
REC0261,CUST0056,VEH0056,CONTR0056,CTX0056,SYNTHETIC,2026-08-26,benefit,medium,Benefício contextual,Encontramos um benefício relevante para sua rotina.,Ver benefício,open_benefit,push,0.701,acted,True,viewed,rule_engine,Synthetic trigger for benefit; not a Localiza rule.
REC0262,CUST0499,VEH0099,CONTR0499,CTX1820,SYNTHETIC,2026-08-13,maintenance,high,Manutenção próxima,Sua revisão está próxima.,Agendar revisão,schedule_maintenance,inbox,0.907,opened,False,no_action,rule_engine,Synthetic trigger for maintenance; not a Localiza rule.
REC0263,CUST0348,VEH0048,CONTR0348,CTX1565,SYNTHETIC,2026-09-03,low_use,medium,Baixo uso,Seu carro teve pouco uso no período recente.,Ver minha mobilidade,open_mobility,push,0.914,opened,False,viewed,rule_engine,Synthetic trigger for low_use; not a Localiza rule.
REC0264,CUST0214,VEH0014,CONTR0214,CTX1661,SYNTHETIC,2026-09-12,low_energy,medium,Energia baixa,A autonomia disponível está baixa para seu padrão recente.,Planejar abastecimento/recarga,open_energy,inbox,0.828,acted,True,scheduled,rule_engine,Synthetic trigger for low_energy; not a Localiza rule.
REC0265,CUST0384,VEH0084,CONTR0384,CTX2131,SYNTHETIC,2026-09-22,franquia_km,high,Ritmo de uso de KM,Você está usando sua franquia acima do ritmo esperado.,Ver meus KMs,open_km,push,0.756,acted,True,scheduled,rule_engine,Synthetic trigger for franquia_km; not a Localiza rule.
REC0266,CUST0328,VEH0028,CONTR0328,CTX1647,SYNTHETIC,2026-08-05,maintenance,high,Manutenção próxima,Sua revisão está próxima.,Agendar revisão,schedule_maintenance,push,0.98,delivered,False,pending,synthetic_llm_personalization,Synthetic trigger for maintenance; not a Localiza rule.
REC0267,CUST0286,VEH0086,CONTR0286,CTX2420,SYNTHETIC,2026-09-29,maintenance,high,Manutenção próxima,Sua revisão está próxima.,Agendar revisão,schedule_maintenance,in_app,0.736,delivered,False,pending,hybrid_recommendation,Synthetic trigger for maintenance; not a Localiza rule.
REC0268,CUST0118,VEH0018,CONTR0118,CTX1617,SYNTHETIC,2026-09-15,support,medium,Sinal de suporte,Detectamos um sinal que pode exigir atenção.,Abrir suporte,open_support,push,0.785,delivered,False,pending,hybrid_recommendation,Synthetic trigger for support; not a Localiza rule.
REC0269,CUST0195,VEH0095,CONTR0195,CTX1558,SYNTHETIC,2026-08-28,maintenance,high,Manutenção próxima,Sua revisão está próxima.,Agendar revisão,schedule_maintenance,inbox,0.98,acted,True,viewed,hybrid_recommendation,Synthetic trigger for maintenance; not a Localiza rule.
REC0270,CUST0362,VEH0062,CONTR0362,CTX2629,SYNTHETIC,2026-09-28,maintenance,high,Manutenção próxima,Sua revisão está próxima.,Agendar revisão,schedule_maintenance,inbox,0.811,acted,True,scheduled,rule_engine,Synthetic trigger for maintenance; not a Localiza rule.
REC0271,CUST0351,VEH0051,CONTR0351,CTX0565,SYNTHETIC,2026-09-07,franquia_km,high,Ritmo de uso de KM,Você está usando sua franquia acima do ritmo esperado.,Ver meus KMs,open_km,inbox,0.772,acted,True,scheduled,rule_engine,Synthetic trigger for franquia_km; not a Localiza rule.
REC0272,CUST0191,VEH0091,CONTR0191,CTX0897,SYNTHETIC,2026-09-25,renewal,medium,Renovação próxima,Seu contrato entra em período de renovação.,Revisar meu contrato,review_contract,inbox,0.873,opened,False,no_action,hybrid_recommendation,Synthetic trigger for renewal; not a Localiza rule.
REC0273,CUST0365,VEH0065,CONTR0365,CTX0365,SYNTHETIC,2026-09-17,maintenance,high,Manutenção próxima,Sua revisão está próxima.,Agendar revisão,schedule_maintenance,in_app,0.866,dismissed,False,pending,rule_engine,Synthetic trigger for maintenance; not a Localiza rule.
REC0274,CUST0008,VEH0008,CONTR0008,CTX2748,SYNTHETIC,2026-09-13,maintenance,high,Manutenção próxima,Sua revisão está próxima.,Agendar revisão,schedule_maintenance,push,0.698,opened,False,no_action,hybrid_recommendation,Synthetic trigger for maintenance; not a Localiza rule.
REC0275,CUST0181,VEH0081,CONTR0181,CTX2541,SYNTHETIC,2026-08-03,franquia_km,high,Ritmo de uso de KM,Você está usando sua franquia acima do ritmo esperado.,Ver meus KMs,open_km,in_app,0.723,opened,False,no_action,rule_engine,Synthetic trigger for franquia_km; not a Localiza rule.
REC0276,CUST0416,VEH0016,CONTR0416,CTX0416,SYNTHETIC,2026-09-08,franquia_km,high,Ritmo de uso de KM,Você está usando sua franquia acima do ritmo esperado.,Ver meus KMs,open_km,in_app,0.727,acted,True,scheduled,hybrid_recommendation,Synthetic trigger for franquia_km; not a Localiza rule.
REC0277,CUST0403,VEH0003,CONTR0403,CTX2320,SYNTHETIC,2026-09-04,franquia_km,high,Ritmo de uso de KM,Você está usando sua franquia acima do ritmo esperado.,Ver meus KMs,open_km,inbox,0.809,delivered,False,pending,rule_engine,Synthetic trigger for franquia_km; not a Localiza rule.
REC0278,CUST0013,VEH0013,CONTR0013,CTX0013,SYNTHETIC,2026-08-12,franquia_km,high,Ritmo de uso de KM,Você está usando sua franquia acima do ritmo esperado.,Ver meus KMs,open_km,inbox,0.753,acted,True,viewed,hybrid_recommendation,Synthetic trigger for franquia_km; not a Localiza rule.
REC0279,CUST0308,VEH0008,CONTR0308,CTX2238,SYNTHETIC,2026-08-28,maintenance,high,Manutenção próxima,Sua revisão está próxima.,Agendar revisão,schedule_maintenance,inbox,0.771,acted,True,no_action,synthetic_llm_personalization,Synthetic trigger for maintenance; not a Localiza rule.
REC0280,CUST0036,VEH0036,CONTR0036,CTX2519,SYNTHETIC,2026-08-03,maintenance,high,Manutenção próxima,Sua revisão está próxima.,Agendar revisão,schedule_maintenance,push,0.824,delivered,False,pending,rule_engine,Synthetic trigger for maintenance; not a Localiza rule.
REC0281,CUST0486,VEH0086,CONTR0486,CTX2733,SYNTHETIC,2026-08-11,renewal,medium,Renovação próxima,Seu contrato entra em período de renovação.,Revisar meu contrato,review_contract,in_app,0.689,dismissed,False,pending,synthetic_llm_personalization,Synthetic trigger for renewal; not a Localiza rule.
REC0282,CUST0303,VEH0003,CONTR0303,CTX1262,SYNTHETIC,2026-09-02,maintenance,high,Manutenção próxima,Sua revisão está próxima.,Agendar revisão,schedule_maintenance,push,0.982,opened,False,scheduled,synthetic_llm_personalization,Synthetic trigger for maintenance; not a Localiza rule.
REC0283,CUST0066,VEH0066,CONTR0066,CTX2063,SYNTHETIC,2026-08-25,franquia_km,high,Ritmo de uso de KM,Você está usando sua franquia acima do ritmo esperado.,Ver meus KMs,open_km,in_app,0.974,dismissed,False,pending,rule_engine,Synthetic trigger for franquia_km; not a Localiza rule.
REC0284,CUST0110,VEH0010,CONTR0110,CTX0110,SYNTHETIC,2026-09-17,long_trip,medium,Padrão de viagem,Você vem fazendo viagens longas com frequência.,Preparar viagem,open_planner,inbox,0.759,delivered,False,pending,synthetic_llm_personalization,Synthetic trigger for long_trip; not a Localiza rule.
REC0285,CUST0021,VEH0021,CONTR0021,CTX0932,SYNTHETIC,2026-09-03,franquia_km,high,Ritmo de uso de KM,Você está usando sua franquia acima do ritmo esperado.,Ver meus KMs,open_km,in_app,0.883,delivered,False,pending,hybrid_recommendation,Synthetic trigger for franquia_km; not a Localiza rule.
REC0286,CUST0375,VEH0075,CONTR0375,CTX2463,SYNTHETIC,2026-08-29,renewal,medium,Renovação próxima,Seu contrato entra em período de renovação.,Revisar meu contrato,review_contract,in_app,0.921,acted,True,no_action,hybrid_recommendation,Synthetic trigger for renewal; not a Localiza rule.
REC0287,CUST0236,VEH0036,CONTR0236,CTX2109,SYNTHETIC,2026-10-01,maintenance,high,Manutenção próxima,Sua revisão está próxima.,Agendar revisão,schedule_maintenance,push,0.656,opened,False,no_action,hybrid_recommendation,Synthetic trigger for maintenance; not a Localiza rule.
REC0288,CUST0211,VEH0011,CONTR0211,CTX1604,SYNTHETIC,2026-10-01,franquia_km,high,Ritmo de uso de KM,Você está usando sua franquia acima do ritmo esperado.,Ver meus KMs,open_km,inbox,0.979,opened,False,no_action,synthetic_llm_personalization,Synthetic trigger for franquia_km; not a Localiza rule.
REC0289,CUST0072,VEH0072,CONTR0072,CTX2057,SYNTHETIC,2026-08-27,franquia_km,high,Ritmo de uso de KM,Você está usando sua franquia acima do ritmo esperado.,Ver meus KMs,open_km,in_app,0.691,acted,True,scheduled,synthetic_llm_personalization,Synthetic trigger for franquia_km; not a Localiza rule.
REC0290,CUST0331,VEH0031,CONTR0331,CTX1860,SYNTHETIC,2026-08-09,long_trip,medium,Padrão de viagem,Você vem fazendo viagens longas com frequência.,Preparar viagem,open_planner,in_app,0.942,delivered,False,pending,synthetic_llm_personalization,Synthetic trigger for long_trip; not a Localiza rule.
REC0291,CUST0213,VEH0013,CONTR0213,CTX2841,SYNTHETIC,2026-09-21,franquia_km,high,Ritmo de uso de KM,Você está usando sua franquia acima do ritmo esperado.,Ver meus KMs,open_km,push,0.839,dismissed,False,pending,hybrid_recommendation,Synthetic trigger for franquia_km; not a Localiza rule.
REC0292,CUST0391,VEH0091,CONTR0391,CTX0854,SYNTHETIC,2026-09-15,franquia_km,high,Ritmo de uso de KM,Você está usando sua franquia acima do ritmo esperado.,Ver meus KMs,open_km,inbox,0.919,delivered,False,pending,synthetic_llm_personalization,Synthetic trigger for franquia_km; not a Localiza rule.
REC0293,CUST0106,VEH0006,CONTR0106,CTX1078,SYNTHETIC,2026-08-04,franquia_km,high,Ritmo de uso de KM,Você está usando sua franquia acima do ritmo esperado.,Ver meus KMs,open_km,push,0.895,acted,True,viewed,synthetic_llm_personalization,Synthetic trigger for franquia_km; not a Localiza rule.
REC0294,CUST0301,VEH0001,CONTR0301,CTX1990,SYNTHETIC,2026-08-20,renewal,medium,Renovação próxima,Seu contrato entra em período de renovação.,Revisar meu contrato,review_contract,in_app,0.956,acted,True,no_action,synthetic_llm_personalization,Synthetic trigger for renewal; not a Localiza rule.
REC0295,CUST0495,VEH0095,CONTR0495,CTX1696,SYNTHETIC,2026-09-09,maintenance,high,Manutenção próxima,Sua revisão está próxima.,Agendar revisão,schedule_maintenance,in_app,0.682,opened,False,scheduled,hybrid_recommendation,Synthetic trigger for maintenance; not a Localiza rule.
REC0296,CUST0335,VEH0035,CONTR0335,CTX1230,SYNTHETIC,2026-08-11,maintenance,high,Manutenção próxima,Sua revisão está próxima.,Agendar revisão,schedule_maintenance,inbox,0.744,opened,False,need_resolved,rule_engine,Synthetic trigger for maintenance; not a Localiza rule.
REC0297,CUST0495,VEH0095,CONTR0495,CTX1835,SYNTHETIC,2026-08-11,maintenance,high,Manutenção próxima,Sua revisão está próxima.,Agendar revisão,schedule_maintenance,push,0.77,dismissed,False,pending,rule_engine,Synthetic trigger for maintenance; not a Localiza rule.
REC0298,CUST0496,VEH0096,CONTR0496,CTX0858,SYNTHETIC,2026-09-07,maintenance,high,Manutenção próxima,Sua revisão está próxima.,Agendar revisão,schedule_maintenance,inbox,0.73,delivered,False,pending,synthetic_llm_personalization,Synthetic trigger for maintenance; not a Localiza rule.
REC0299,CUST0350,VEH0050,CONTR0350,CTX0350,SYNTHETIC,2026-08-17,franquia_km,high,Ritmo de uso de KM,Você está usando sua franquia acima do ritmo esperado.,Ver meus KMs,open_km,in_app,0.754,opened,False,scheduled,hybrid_recommendation,Synthetic trigger for franquia_km; not a Localiza rule.
REC0300,CUST0130,VEH0030,CONTR0130,CTX2906,SYNTHETIC,2026-08-16,maintenance,high,Manutenção próxima,Sua revisão está próxima.,Agendar revisão,schedule_maintenance,push,0.847,acted,True,viewed,synthetic_llm_personalization,Synthetic trigger for maintenance; not a Localiza rule.
REC0301,CUST0420,VEH0020,CONTR0420,CTX1375,SYNTHETIC,2026-08-26,franquia_km,high,Ritmo de uso de KM,Você está usando sua franquia acima do ritmo esperado.,Ver meus KMs,open_km,push,0.707,acted,True,scheduled,hybrid_recommendation,Synthetic trigger for franquia_km; not a Localiza rule.
REC0302,CUST0294,VEH0094,CONTR0294,CTX1590,SYNTHETIC,2026-08-08,franquia_km,high,Ritmo de uso de KM,Você está usando sua franquia acima do ritmo esperado.,Ver meus KMs,open_km,push,0.716,delivered,False,pending,synthetic_llm_personalization,Synthetic trigger for franquia_km; not a Localiza rule.
REC0303,CUST0202,VEH0002,CONTR0202,CTX1473,SYNTHETIC,2026-09-06,maintenance,high,Manutenção próxima,Sua revisão está próxima.,Agendar revisão,schedule_maintenance,push,0.795,delivered,False,pending,hybrid_recommendation,Synthetic trigger for maintenance; not a Localiza rule.
REC0304,CUST0244,VEH0044,CONTR0244,CTX2377,SYNTHETIC,2026-08-12,maintenance,high,Manutenção próxima,Sua revisão está próxima.,Agendar revisão,schedule_maintenance,inbox,0.795,delivered,False,pending,rule_engine,Synthetic trigger for maintenance; not a Localiza rule.
REC0305,CUST0427,VEH0027,CONTR0427,CTX1233,SYNTHETIC,2026-08-24,maintenance,high,Manutenção próxima,Sua revisão está próxima.,Agendar revisão,schedule_maintenance,in_app,0.849,opened,False,scheduled,synthetic_llm_personalization,Synthetic trigger for maintenance; not a Localiza rule.
REC0306,CUST0013,VEH0013,CONTR0013,CTX0789,SYNTHETIC,2026-08-12,franquia_km,high,Ritmo de uso de KM,Você está usando sua franquia acima do ritmo esperado.,Ver meus KMs,open_km,push,0.941,delivered,False,pending,rule_engine,Synthetic trigger for franquia_km; not a Localiza rule.
REC0307,CUST0103,VEH0003,CONTR0103,CTX0103,SYNTHETIC,2026-09-06,maintenance,high,Manutenção próxima,Sua revisão está próxima.,Agendar revisão,schedule_maintenance,in_app,0.774,opened,False,need_resolved,rule_engine,Synthetic trigger for maintenance; not a Localiza rule.
REC0308,CUST0049,VEH0049,CONTR0049,CTX0049,SYNTHETIC,2026-09-10,maintenance,high,Manutenção próxima,Sua revisão está próxima.,Agendar revisão,schedule_maintenance,push,0.829,acted,True,need_resolved,hybrid_recommendation,Synthetic trigger for maintenance; not a Localiza rule.
REC0309,CUST0145,VEH0045,CONTR0145,CTX1040,SYNTHETIC,2026-09-15,maintenance,high,Manutenção próxima,Sua revisão está próxima.,Agendar revisão,schedule_maintenance,push,0.86,opened,False,need_resolved,hybrid_recommendation,Synthetic trigger for maintenance; not a Localiza rule.
REC0310,CUST0300,VEH0100,CONTR0300,CTX2000,SYNTHETIC,2026-08-16,maintenance,high,Manutenção próxima,Sua revisão está próxima.,Agendar revisão,schedule_maintenance,inbox,0.973,delivered,False,pending,rule_engine,Synthetic trigger for maintenance; not a Localiza rule.
REC0311,CUST0410,VEH0010,CONTR0410,CTX2325,SYNTHETIC,2026-09-15,maintenance,high,Manutenção próxima,Sua revisão está próxima.,Agendar revisão,schedule_maintenance,push,0.889,dismissed,False,pending,rule_engine,Synthetic trigger for maintenance; not a Localiza rule.
REC0312,CUST0160,VEH0060,CONTR0160,CTX0160,SYNTHETIC,2026-08-05,franquia_km,high,Ritmo de uso de KM,Você está usando sua franquia acima do ritmo esperado.,Ver meus KMs,open_km,push,0.726,opened,False,need_resolved,hybrid_recommendation,Synthetic trigger for franquia_km; not a Localiza rule.
REC0313,CUST0233,VEH0033,CONTR0233,CTX2894,SYNTHETIC,2026-09-07,franquia_km,high,Ritmo de uso de KM,Você está usando sua franquia acima do ritmo esperado.,Ver meus KMs,open_km,push,0.877,dismissed,False,pending,hybrid_recommendation,Synthetic trigger for franquia_km; not a Localiza rule.
REC0314,CUST0232,VEH0032,CONTR0232,CTX1581,SYNTHETIC,2026-08-25,franquia_km,high,Ritmo de uso de KM,Você está usando sua franquia acima do ritmo esperado.,Ver meus KMs,open_km,inbox,0.784,dismissed,False,pending,rule_engine,Synthetic trigger for franquia_km; not a Localiza rule.
REC0315,CUST0411,VEH0011,CONTR0411,CTX1127,SYNTHETIC,2026-09-02,franquia_km,high,Ritmo de uso de KM,Você está usando sua franquia acima do ritmo esperado.,Ver meus KMs,open_km,in_app,0.797,acted,True,scheduled,synthetic_llm_personalization,Synthetic trigger for franquia_km; not a Localiza rule.
REC0316,CUST0089,VEH0089,CONTR0089,CTX0089,SYNTHETIC,2026-08-11,franquia_km,high,Ritmo de uso de KM,Você está usando sua franquia acima do ritmo esperado.,Ver meus KMs,open_km,push,0.843,opened,False,no_action,rule_engine,Synthetic trigger for franquia_km; not a Localiza rule.
REC0317,CUST0459,VEH0059,CONTR0459,CTX1719,SYNTHETIC,2026-08-23,franquia_km,high,Ritmo de uso de KM,Você está usando sua franquia acima do ritmo esperado.,Ver meus KMs,open_km,push,0.685,dismissed,False,pending,synthetic_llm_personalization,Synthetic trigger for franquia_km; not a Localiza rule.
REC0318,CUST0187,VEH0087,CONTR0187,CTX0922,SYNTHETIC,2026-09-03,franquia_km,high,Ritmo de uso de KM,Você está usando sua franquia acima do ritmo esperado.,Ver meus KMs,open_km,inbox,0.716,dismissed,False,pending,hybrid_recommendation,Synthetic trigger for franquia_km; not a Localiza rule.
REC0319,CUST0240,VEH0040,CONTR0240,CTX0240,SYNTHETIC,2026-09-12,maintenance,high,Manutenção próxima,Sua revisão está próxima.,Agendar revisão,schedule_maintenance,inbox,0.86,acted,True,no_action,synthetic_llm_personalization,Synthetic trigger for maintenance; not a Localiza rule.
REC0320,CUST0256,VEH0056,CONTR0256,CTX0579,SYNTHETIC,2026-09-20,franquia_km,high,Ritmo de uso de KM,Você está usando sua franquia acima do ritmo esperado.,Ver meus KMs,open_km,inbox,0.934,acted,True,no_action,rule_engine,Synthetic trigger for franquia_km; not a Localiza rule.
REC0321,CUST0419,VEH0019,CONTR0419,CTX2919,SYNTHETIC,2026-08-27,maintenance,high,Manutenção próxima,Sua revisão está próxima.,Agendar revisão,schedule_maintenance,inbox,0.832,opened,False,no_action,rule_engine,Synthetic trigger for maintenance; not a Localiza rule.
REC0322,CUST0018,VEH0018,CONTR0018,CTX2283,SYNTHETIC,2026-09-01,maintenance,high,Manutenção próxima,Sua revisão está próxima.,Agendar revisão,schedule_maintenance,in_app,0.97,acted,True,no_action,hybrid_recommendation,Synthetic trigger for maintenance; not a Localiza rule.
REC0323,CUST0442,VEH0042,CONTR0442,CTX1958,SYNTHETIC,2026-08-18,maintenance,high,Manutenção próxima,Sua revisão está próxima.,Agendar revisão,schedule_maintenance,in_app,0.988,delivered,False,pending,hybrid_recommendation,Synthetic trigger for maintenance; not a Localiza rule.
REC0324,CUST0141,VEH0041,CONTR0141,CTX1756,SYNTHETIC,2026-09-28,renewal,medium,Renovação próxima,Seu contrato entra em período de renovação.,Revisar meu contrato,review_contract,in_app,0.78,dismissed,False,pending,rule_engine,Synthetic trigger for renewal; not a Localiza rule.
REC0325,CUST0251,VEH0051,CONTR0251,CTX1984,SYNTHETIC,2026-08-20,franquia_km,high,Ritmo de uso de KM,Você está usando sua franquia acima do ritmo esperado.,Ver meus KMs,open_km,push,0.951,acted,True,viewed,synthetic_llm_personalization,Synthetic trigger for franquia_km; not a Localiza rule.
REC0326,CUST0202,VEH0002,CONTR0202,CTX1283,SYNTHETIC,2026-08-21,maintenance,high,Manutenção próxima,Sua revisão está próxima.,Agendar revisão,schedule_maintenance,inbox,0.782,opened,False,viewed,synthetic_llm_personalization,Synthetic trigger for maintenance; not a Localiza rule.
REC0327,CUST0325,VEH0025,CONTR0325,CTX1429,SYNTHETIC,2026-09-09,support,medium,Sinal de suporte,Detectamos um sinal que pode exigir atenção.,Abrir suporte,open_support,push,0.936,acted,True,scheduled,hybrid_recommendation,Synthetic trigger for support; not a Localiza rule.
REC0328,CUST0438,VEH0038,CONTR0438,CTX1459,SYNTHETIC,2026-08-21,franquia_km,high,Ritmo de uso de KM,Você está usando sua franquia acima do ritmo esperado.,Ver meus KMs,open_km,in_app,0.894,acted,True,scheduled,hybrid_recommendation,Synthetic trigger for franquia_km; not a Localiza rule.
REC0329,CUST0013,VEH0013,CONTR0013,CTX1654,SYNTHETIC,2026-08-31,franquia_km,high,Ritmo de uso de KM,Você está usando sua franquia acima do ritmo esperado.,Ver meus KMs,open_km,in_app,0.854,delivered,False,pending,rule_engine,Synthetic trigger for franquia_km; not a Localiza rule.
REC0330,CUST0287,VEH0087,CONTR0287,CTX1960,SYNTHETIC,2026-08-23,maintenance,high,Manutenção próxima,Sua revisão está próxima.,Agendar revisão,schedule_maintenance,push,0.757,acted,True,scheduled,synthetic_llm_personalization,Synthetic trigger for maintenance; not a Localiza rule.
REC0331,CUST0320,VEH0020,CONTR0320,CTX1444,SYNTHETIC,2026-09-03,maintenance,high,Manutenção próxima,Sua revisão está próxima.,Agendar revisão,schedule_maintenance,push,0.745,delivered,False,pending,rule_engine,Synthetic trigger for maintenance; not a Localiza rule.
REC0332,CUST0396,VEH0096,CONTR0396,CTX1165,SYNTHETIC,2026-08-28,maintenance,high,Manutenção próxima,Sua revisão está próxima.,Agendar revisão,schedule_maintenance,in_app,0.718,opened,False,viewed,hybrid_recommendation,Synthetic trigger for maintenance; not a Localiza rule.
REC0333,CUST0298,VEH0098,CONTR0298,CTX0987,SYNTHETIC,2026-08-24,franquia_km,high,Ritmo de uso de KM,Você está usando sua franquia acima do ritmo esperado.,Ver meus KMs,open_km,in_app,0.734,delivered,False,pending,synthetic_llm_personalization,Synthetic trigger for franquia_km; not a Localiza rule.
REC0334,CUST0195,VEH0095,CONTR0195,CTX1416,SYNTHETIC,2026-08-18,franquia_km,high,Ritmo de uso de KM,Você está usando sua franquia acima do ritmo esperado.,Ver meus KMs,open_km,push,0.926,opened,False,need_resolved,hybrid_recommendation,Synthetic trigger for franquia_km; not a Localiza rule.
REC0335,CUST0114,VEH0014,CONTR0114,CTX0512,SYNTHETIC,2026-08-06,maintenance,high,Manutenção próxima,Sua revisão está próxima.,Agendar revisão,schedule_maintenance,push,0.68,dismissed,False,pending,rule_engine,Synthetic trigger for maintenance; not a Localiza rule.
REC0336,CUST0370,VEH0070,CONTR0370,CTX2142,SYNTHETIC,2026-08-11,franquia_km,high,Ritmo de uso de KM,Você está usando sua franquia acima do ritmo esperado.,Ver meus KMs,open_km,inbox,0.738,delivered,False,pending,rule_engine,Synthetic trigger for franquia_km; not a Localiza rule.
REC0337,CUST0161,VEH0061,CONTR0161,CTX0161,SYNTHETIC,2026-09-22,maintenance,high,Manutenção próxima,Sua revisão está próxima.,Agendar revisão,schedule_maintenance,push,0.773,acted,True,scheduled,synthetic_llm_personalization,Synthetic trigger for maintenance; not a Localiza rule.
REC0338,CUST0232,VEH0032,CONTR0232,CTX2848,SYNTHETIC,2026-09-19,franquia_km,high,Ritmo de uso de KM,Você está usando sua franquia acima do ritmo esperado.,Ver meus KMs,open_km,push,0.964,opened,False,no_action,hybrid_recommendation,Synthetic trigger for franquia_km; not a Localiza rule.
REC0339,CUST0332,VEH0032,CONTR0332,CTX2174,SYNTHETIC,2026-08-12,franquia_km,high,Ritmo de uso de KM,Você está usando sua franquia acima do ritmo esperado.,Ver meus KMs,open_km,push,0.944,opened,False,need_resolved,rule_engine,Synthetic trigger for franquia_km; not a Localiza rule.
REC0340,CUST0112,VEH0012,CONTR0112,CTX0654,SYNTHETIC,2026-08-26,long_trip,high,Padrão de viagem,Você vem fazendo viagens longas com frequência.,Preparar viagem,open_planner,inbox,0.811,acted,True,need_resolved,hybrid_recommendation,Synthetic trigger for long_trip; not a Localiza rule.
REC0341,CUST0305,VEH0005,CONTR0305,CTX1477,SYNTHETIC,2026-08-14,maintenance,high,Manutenção próxima,Sua revisão está próxima.,Agendar revisão,schedule_maintenance,inbox,0.746,acted,True,need_resolved,rule_engine,Synthetic trigger for maintenance; not a Localiza rule.
REC0342,CUST0450,VEH0050,CONTR0450,CTX0450,SYNTHETIC,2026-09-04,maintenance,high,Manutenção próxima,Sua revisão está próxima.,Agendar revisão,schedule_maintenance,in_app,0.814,acted,True,need_resolved,synthetic_llm_personalization,Synthetic trigger for maintenance; not a Localiza rule.
REC0343,CUST0448,VEH0048,CONTR0448,CTX1356,SYNTHETIC,2026-08-29,maintenance,high,Manutenção próxima,Sua revisão está próxima.,Agendar revisão,schedule_maintenance,push,0.851,opened,False,no_action,hybrid_recommendation,Synthetic trigger for maintenance; not a Localiza rule.
REC0344,CUST0290,VEH0090,CONTR0290,CTX2268,SYNTHETIC,2026-09-16,maintenance,high,Manutenção próxima,Sua revisão está próxima.,Agendar revisão,schedule_maintenance,in_app,0.795,delivered,False,pending,hybrid_recommendation,Synthetic trigger for maintenance; not a Localiza rule.
REC0345,CUST0129,VEH0029,CONTR0129,CTX1613,SYNTHETIC,2026-08-21,low_use,medium,Baixo uso,Seu carro teve pouco uso no período recente.,Ver minha mobilidade,open_mobility,push,0.742,opened,False,no_action,synthetic_llm_personalization,Synthetic trigger for low_use; not a Localiza rule.
REC0346,CUST0303,VEH0003,CONTR0303,CTX1262,SYNTHETIC,2026-08-04,benefit,high,Benefício contextual,Encontramos um benefício relevante para sua rotina.,Ver benefício,open_benefit,push,0.877,dismissed,False,pending,synthetic_llm_personalization,Synthetic trigger for benefit; not a Localiza rule.
REC0347,CUST0352,VEH0052,CONTR0352,CTX0551,SYNTHETIC,2026-09-20,franquia_km,high,Ritmo de uso de KM,Você está usando sua franquia acima do ritmo esperado.,Ver meus KMs,open_km,push,0.66,opened,False,no_action,synthetic_llm_personalization,Synthetic trigger for franquia_km; not a Localiza rule.
REC0348,CUST0241,VEH0041,CONTR0241,CTX1143,SYNTHETIC,2026-09-01,maintenance,high,Manutenção próxima,Sua revisão está próxima.,Agendar revisão,schedule_maintenance,in_app,0.866,opened,False,need_resolved,rule_engine,Synthetic trigger for maintenance; not a Localiza rule.
REC0349,CUST0308,VEH0008,CONTR0308,CTX0308,SYNTHETIC,2026-08-03,maintenance,high,Manutenção próxima,Sua revisão está próxima.,Agendar revisão,schedule_maintenance,in_app,0.943,acted,True,need_resolved,rule_engine,Synthetic trigger for maintenance; not a Localiza rule.
REC0350,CUST0097,VEH0097,CONTR0097,CTX1855,SYNTHETIC,2026-09-08,renewal,medium,Renovação próxima,Seu contrato entra em período de renovação.,Revisar meu contrato,review_contract,inbox,0.869,opened,False,viewed,synthetic_llm_personalization,Synthetic trigger for renewal; not a Localiza rule.
REC0351,CUST0053,VEH0053,CONTR0053,CTX2857,SYNTHETIC,2026-09-18,franquia_km,high,Ritmo de uso de KM,Você está usando sua franquia acima do ritmo esperado.,Ver meus KMs,open_km,in_app,0.819,acted,True,no_action,rule_engine,Synthetic trigger for franquia_km; not a Localiza rule.
REC0352,CUST0172,VEH0072,CONTR0172,CTX1115,SYNTHETIC,2026-08-31,maintenance,high,Manutenção próxima,Sua revisão está próxima.,Agendar revisão,schedule_maintenance,inbox,0.672,dismissed,False,pending,rule_engine,Synthetic trigger for maintenance; not a Localiza rule.
REC0353,CUST0322,VEH0022,CONTR0322,CTX1637,SYNTHETIC,2026-08-06,franquia_km,high,Ritmo de uso de KM,Você está usando sua franquia acima do ritmo esperado.,Ver meus KMs,open_km,in_app,0.928,opened,False,viewed,rule_engine,Synthetic trigger for franquia_km; not a Localiza rule.
REC0354,CUST0254,VEH0054,CONTR0254,CTX0254,SYNTHETIC,2026-08-14,franquia_km,high,Ritmo de uso de KM,Você está usando sua franquia acima do ritmo esperado.,Ver meus KMs,open_km,inbox,0.881,opened,False,viewed,hybrid_recommendation,Synthetic trigger for franquia_km; not a Localiza rule.
REC0355,CUST0272,VEH0072,CONTR0272,CTX1789,SYNTHETIC,2026-10-01,maintenance,high,Manutenção próxima,Sua revisão está próxima.,Agendar revisão,schedule_maintenance,in_app,0.736,delivered,False,pending,hybrid_recommendation,Synthetic trigger for maintenance; not a Localiza rule.
REC0356,CUST0237,VEH0037,CONTR0237,CTX1023,SYNTHETIC,2026-08-20,maintenance,high,Manutenção próxima,Sua revisão está próxima.,Agendar revisão,schedule_maintenance,push,0.885,acted,True,need_resolved,hybrid_recommendation,Synthetic trigger for maintenance; not a Localiza rule.
REC0357,CUST0450,VEH0050,CONTR0450,CTX1041,SYNTHETIC,2026-08-30,maintenance,high,Manutenção próxima,Sua revisão está próxima.,Agendar revisão,schedule_maintenance,in_app,0.859,opened,False,scheduled,rule_engine,Synthetic trigger for maintenance; not a Localiza rule.
REC0358,CUST0444,VEH0044,CONTR0444,CTX1001,SYNTHETIC,2026-09-16,maintenance,high,Manutenção próxima,Sua revisão está próxima.,Agendar revisão,schedule_maintenance,inbox,0.917,acted,True,viewed,rule_engine,Synthetic trigger for maintenance; not a Localiza rule.
REC0359,CUST0379,VEH0079,CONTR0379,CTX0869,SYNTHETIC,2026-09-11,maintenance,high,Manutenção próxima,Sua revisão está próxima.,Agendar revisão,schedule_maintenance,inbox,0.862,acted,True,viewed,hybrid_recommendation,Synthetic trigger for maintenance; not a Localiza rule.
REC0360,CUST0137,VEH0037,CONTR0137,CTX0137,SYNTHETIC,2026-08-05,maintenance,high,Manutenção próxima,Sua revisão está próxima.,Agendar revisão,schedule_maintenance,push,0.989,acted,True,scheduled,rule_engine,Synthetic trigger for maintenance; not a Localiza rule.
REC0361,CUST0103,VEH0003,CONTR0103,CTX1002,SYNTHETIC,2026-08-22,franquia_km,high,Ritmo de uso de KM,Você está usando sua franquia acima do ritmo esperado.,Ver meus KMs,open_km,push,0.798,delivered,False,pending,synthetic_llm_personalization,Synthetic trigger for franquia_km; not a Localiza rule.
REC0362,CUST0423,VEH0023,CONTR0423,CTX1610,SYNTHETIC,2026-08-23,franquia_km,high,Ritmo de uso de KM,Você está usando sua franquia acima do ritmo esperado.,Ver meus KMs,open_km,inbox,0.916,delivered,False,pending,rule_engine,Synthetic trigger for franquia_km; not a Localiza rule.
REC0363,CUST0381,VEH0081,CONTR0381,CTX1989,SYNTHETIC,2026-08-09,franquia_km,high,Ritmo de uso de KM,Você está usando sua franquia acima do ritmo esperado.,Ver meus KMs,open_km,inbox,0.663,delivered,False,pending,rule_engine,Synthetic trigger for franquia_km; not a Localiza rule.
REC0364,CUST0311,VEH0011,CONTR0311,CTX2827,SYNTHETIC,2026-08-24,maintenance,high,Manutenção próxima,Sua revisão está próxima.,Agendar revisão,schedule_maintenance,in_app,0.959,delivered,False,pending,hybrid_recommendation,Synthetic trigger for maintenance; not a Localiza rule.
REC0365,CUST0436,VEH0036,CONTR0436,CTX2351,SYNTHETIC,2026-10-01,low_use,medium,Baixo uso,Seu carro teve pouco uso no período recente.,Ver minha mobilidade,open_mobility,in_app,0.66,opened,False,need_resolved,hybrid_recommendation,Synthetic trigger for low_use; not a Localiza rule.
REC0366,CUST0141,VEH0041,CONTR0141,CTX0141,SYNTHETIC,2026-08-19,renewal,medium,Renovação próxima,Seu contrato entra em período de renovação.,Revisar meu contrato,review_contract,push,0.721,acted,True,scheduled,rule_engine,Synthetic trigger for renewal; not a Localiza rule.
REC0367,CUST0061,VEH0061,CONTR0061,CTX1837,SYNTHETIC,2026-09-09,franquia_km,high,Ritmo de uso de KM,Você está usando sua franquia acima do ritmo esperado.,Ver meus KMs,open_km,in_app,0.682,acted,True,viewed,rule_engine,Synthetic trigger for franquia_km; not a Localiza rule.
REC0368,CUST0012,VEH0012,CONTR0012,CTX0998,SYNTHETIC,2026-09-26,franquia_km,high,Ritmo de uso de KM,Você está usando sua franquia acima do ritmo esperado.,Ver meus KMs,open_km,inbox,0.972,delivered,False,pending,rule_engine,Synthetic trigger for franquia_km; not a Localiza rule.
REC0369,CUST0359,VEH0059,CONTR0359,CTX0359,SYNTHETIC,2026-08-18,franquia_km,high,Ritmo de uso de KM,Você está usando sua franquia acima do ritmo esperado.,Ver meus KMs,open_km,push,0.967,acted,True,scheduled,rule_engine,Synthetic trigger for franquia_km; not a Localiza rule.
REC0370,CUST0155,VEH0055,CONTR0155,CTX1903,SYNTHETIC,2026-08-12,franquia_km,high,Ritmo de uso de KM,Você está usando sua franquia acima do ritmo esperado.,Ver meus KMs,open_km,inbox,0.661,acted,True,scheduled,rule_engine,Synthetic trigger for franquia_km; not a Localiza rule.
REC0371,CUST0466,VEH0066,CONTR0466,CTX1101,SYNTHETIC,2026-09-03,maintenance,high,Manutenção próxima,Sua revisão está próxima.,Agendar revisão,schedule_maintenance,in_app,0.961,opened,False,viewed,hybrid_recommendation,Synthetic trigger for maintenance; not a Localiza rule.
REC0372,CUST0388,VEH0088,CONTR0388,CTX2403,SYNTHETIC,2026-08-25,maintenance,high,Manutenção próxima,Sua revisão está próxima.,Agendar revisão,schedule_maintenance,inbox,0.97,dismissed,False,pending,rule_engine,Synthetic trigger for maintenance; not a Localiza rule.
REC0373,CUST0139,VEH0039,CONTR0139,CTX1368,SYNTHETIC,2026-08-29,maintenance,high,Manutenção próxima,Sua revisão está próxima.,Agendar revisão,schedule_maintenance,in_app,0.777,opened,False,need_resolved,synthetic_llm_personalization,Synthetic trigger for maintenance; not a Localiza rule.
REC0374,CUST0081,VEH0081,CONTR0081,CTX2097,SYNTHETIC,2026-08-14,maintenance,high,Manutenção próxima,Sua revisão está próxima.,Agendar revisão,schedule_maintenance,inbox,0.946,acted,True,no_action,hybrid_recommendation,Synthetic trigger for maintenance; not a Localiza rule.
REC0375,CUST0437,VEH0037,CONTR0437,CTX0619,SYNTHETIC,2026-09-25,low_use,medium,Baixo uso,Seu carro teve pouco uso no período recente.,Ver minha mobilidade,open_mobility,inbox,0.767,acted,True,viewed,hybrid_recommendation,Synthetic trigger for low_use; not a Localiza rule.
REC0376,CUST0332,VEH0032,CONTR0332,CTX2199,SYNTHETIC,2026-08-13,franquia_km,high,Ritmo de uso de KM,Você está usando sua franquia acima do ritmo esperado.,Ver meus KMs,open_km,inbox,0.916,acted,True,need_resolved,hybrid_recommendation,Synthetic trigger for franquia_km; not a Localiza rule.
REC0377,CUST0464,VEH0064,CONTR0464,CTX2597,SYNTHETIC,2026-08-03,maintenance,high,Manutenção próxima,Sua revisão está próxima.,Agendar revisão,schedule_maintenance,inbox,0.692,delivered,False,pending,hybrid_recommendation,Synthetic trigger for maintenance; not a Localiza rule.
REC0378,CUST0373,VEH0073,CONTR0373,CTX2278,SYNTHETIC,2026-08-23,franquia_km,high,Ritmo de uso de KM,Você está usando sua franquia acima do ritmo esperado.,Ver meus KMs,open_km,push,0.937,acted,True,viewed,synthetic_llm_personalization,Synthetic trigger for franquia_km; not a Localiza rule.
REC0379,CUST0257,VEH0057,CONTR0257,CTX2757,SYNTHETIC,2026-09-10,maintenance,high,Manutenção próxima,Sua revisão está próxima.,Agendar revisão,schedule_maintenance,in_app,0.93,acted,True,viewed,synthetic_llm_personalization,Synthetic trigger for maintenance; not a Localiza rule.
REC0380,CUST0284,VEH0084,CONTR0284,CTX1743,SYNTHETIC,2026-09-24,franquia_km,high,Ritmo de uso de KM,Você está usando sua franquia acima do ritmo esperado.,Ver meus KMs,open_km,inbox,0.937,acted,True,need_resolved,synthetic_llm_personalization,Synthetic trigger for franquia_km; not a Localiza rule.
REC0381,CUST0293,VEH0093,CONTR0293,CTX1346,SYNTHETIC,2026-09-13,franquia_km,high,Ritmo de uso de KM,Você está usando sua franquia acima do ritmo esperado.,Ver meus KMs,open_km,push,0.892,acted,True,need_resolved,rule_engine,Synthetic trigger for franquia_km; not a Localiza rule.
REC0382,CUST0470,VEH0070,CONTR0470,CTX0831,SYNTHETIC,2026-08-03,franquia_km,high,Ritmo de uso de KM,Você está usando sua franquia acima do ritmo esperado.,Ver meus KMs,open_km,push,0.853,delivered,False,pending,hybrid_recommendation,Synthetic trigger for franquia_km; not a Localiza rule.
REC0383,CUST0178,VEH0078,CONTR0178,CTX2414,SYNTHETIC,2026-08-03,maintenance,high,Manutenção próxima,Sua revisão está próxima.,Agendar revisão,schedule_maintenance,in_app,0.775,acted,True,viewed,synthetic_llm_personalization,Synthetic trigger for maintenance; not a Localiza rule.
REC0384,CUST0262,VEH0062,CONTR0262,CTX0262,SYNTHETIC,2026-08-17,franquia_km,high,Ritmo de uso de KM,Você está usando sua franquia acima do ritmo esperado.,Ver meus KMs,open_km,in_app,0.876,opened,False,no_action,hybrid_recommendation,Synthetic trigger for franquia_km; not a Localiza rule.
REC0385,CUST0398,VEH0098,CONTR0398,CTX2528,SYNTHETIC,2026-08-13,renewal,medium,Renovação próxima,Seu contrato entra em período de renovação.,Revisar meu contrato,review_contract,push,0.863,opened,False,no_action,hybrid_recommendation,Synthetic trigger for renewal; not a Localiza rule.
REC0386,CUST0191,VEH0091,CONTR0191,CTX2849,SYNTHETIC,2026-09-08,renewal,medium,Renovação próxima,Seu contrato entra em período de renovação.,Revisar meu contrato,review_contract,push,0.949,acted,True,need_resolved,rule_engine,Synthetic trigger for renewal; not a Localiza rule.
REC0387,CUST0112,VEH0012,CONTR0112,CTX2689,SYNTHETIC,2026-08-15,maintenance,high,Manutenção próxima,Sua revisão está próxima.,Agendar revisão,schedule_maintenance,inbox,0.926,acted,True,scheduled,hybrid_recommendation,Synthetic trigger for maintenance; not a Localiza rule.
REC0388,CUST0306,VEH0006,CONTR0306,CTX1973,SYNTHETIC,2026-09-28,maintenance,high,Manutenção próxima,Sua revisão está próxima.,Agendar revisão,schedule_maintenance,inbox,0.747,delivered,False,pending,hybrid_recommendation,Synthetic trigger for maintenance; not a Localiza rule.
REC0389,CUST0458,VEH0058,CONTR0458,CTX1079,SYNTHETIC,2026-08-09,maintenance,high,Manutenção próxima,Sua revisão está próxima.,Agendar revisão,schedule_maintenance,push,0.844,opened,False,no_action,hybrid_recommendation,Synthetic trigger for maintenance; not a Localiza rule.
REC0390,CUST0459,VEH0059,CONTR0459,CTX1719,SYNTHETIC,2026-08-08,franquia_km,high,Ritmo de uso de KM,Você está usando sua franquia acima do ritmo esperado.,Ver meus KMs,open_km,in_app,0.798,dismissed,False,pending,rule_engine,Synthetic trigger for franquia_km; not a Localiza rule.
REC0391,CUST0102,VEH0002,CONTR0102,CTX1859,SYNTHETIC,2026-08-20,franquia_km,high,Ritmo de uso de KM,Você está usando sua franquia acima do ritmo esperado.,Ver meus KMs,open_km,push,0.69,acted,True,viewed,hybrid_recommendation,Synthetic trigger for franquia_km; not a Localiza rule.
REC0392,CUST0301,VEH0001,CONTR0301,CTX1509,SYNTHETIC,2026-09-30,renewal,medium,Renovação próxima,Seu contrato entra em período de renovação.,Revisar meu contrato,review_contract,in_app,0.914,opened,False,no_action,hybrid_recommendation,Synthetic trigger for renewal; not a Localiza rule.
REC0393,CUST0135,VEH0035,CONTR0135,CTX0135,SYNTHETIC,2026-09-22,maintenance,high,Manutenção próxima,Sua revisão está próxima.,Agendar revisão,schedule_maintenance,in_app,0.817,delivered,False,pending,synthetic_llm_personalization,Synthetic trigger for maintenance; not a Localiza rule.
REC0394,CUST0248,VEH0048,CONTR0248,CTX0928,SYNTHETIC,2026-08-02,maintenance,high,Manutenção próxima,Sua revisão está próxima.,Agendar revisão,schedule_maintenance,push,0.928,acted,True,need_resolved,synthetic_llm_personalization,Synthetic trigger for maintenance; not a Localiza rule.
REC0395,CUST0322,VEH0022,CONTR0322,CTX1331,SYNTHETIC,2026-08-03,maintenance,high,Manutenção próxima,Sua revisão está próxima.,Agendar revisão,schedule_maintenance,inbox,0.929,opened,False,need_resolved,hybrid_recommendation,Synthetic trigger for maintenance; not a Localiza rule.
REC0396,CUST0145,VEH0045,CONTR0145,CTX1353,SYNTHETIC,2026-09-13,maintenance,high,Manutenção próxima,Sua revisão está próxima.,Agendar revisão,schedule_maintenance,push,0.771,delivered,False,pending,hybrid_recommendation,Synthetic trigger for maintenance; not a Localiza rule.
REC0397,CUST0455,VEH0055,CONTR0455,CTX2565,SYNTHETIC,2026-09-24,franquia_km,high,Ritmo de uso de KM,Você está usando sua franquia acima do ritmo esperado.,Ver meus KMs,open_km,push,0.987,acted,True,scheduled,rule_engine,Synthetic trigger for franquia_km; not a Localiza rule.
REC0398,CUST0191,VEH0091,CONTR0191,CTX1427,SYNTHETIC,2026-08-07,renewal,medium,Renovação próxima,Seu contrato entra em período de renovação.,Revisar meu contrato,review_contract,push,0.791,acted,True,need_resolved,synthetic_llm_personalization,Synthetic trigger for renewal; not a Localiza rule.
REC0399,CUST0421,VEH0021,CONTR0421,CTX1783,SYNTHETIC,2026-08-11,maintenance,high,Manutenção próxima,Sua revisão está próxima.,Agendar revisão,schedule_maintenance,inbox,0.847,delivered,False,pending,rule_engine,Synthetic trigger for maintenance; not a Localiza rule.
REC0400,CUST0258,VEH0058,CONTR0258,CTX2314,SYNTHETIC,2026-09-28,franquia_km,high,Ritmo de uso de KM,Você está usando sua franquia acima do ritmo esperado.,Ver meus KMs,open_km,push,0.718,acted,True,no_action,rule_engine,Synthetic trigger for franquia_km; not a Localiza rule.
REC0401,CUST0190,VEH0090,CONTR0190,CTX0757,SYNTHETIC,2026-08-27,franquia_km,high,Ritmo de uso de KM,Você está usando sua franquia acima do ritmo esperado.,Ver meus KMs,open_km,push,0.91,acted,True,need_resolved,synthetic_llm_personalization,Synthetic trigger for franquia_km; not a Localiza rule.
REC0402,CUST0368,VEH0068,CONTR0368,CTX1564,SYNTHETIC,2026-09-06,maintenance,high,Manutenção próxima,Sua revisão está próxima.,Agendar revisão,schedule_maintenance,inbox,0.78,delivered,False,pending,rule_engine,Synthetic trigger for maintenance; not a Localiza rule.
REC0403,CUST0399,VEH0099,CONTR0399,CTX2815,SYNTHETIC,2026-09-27,maintenance,high,Manutenção próxima,Sua revisão está próxima.,Agendar revisão,schedule_maintenance,inbox,0.881,delivered,False,pending,rule_engine,Synthetic trigger for maintenance; not a Localiza rule.
REC0404,CUST0269,VEH0069,CONTR0269,CTX2086,SYNTHETIC,2026-09-30,renewal,medium,Renovação próxima,Seu contrato entra em período de renovação.,Revisar meu contrato,review_contract,in_app,0.661,acted,True,viewed,synthetic_llm_personalization,Synthetic trigger for renewal; not a Localiza rule.
REC0405,CUST0101,VEH0001,CONTR0101,CTX1454,SYNTHETIC,2026-09-25,franquia_km,high,Ritmo de uso de KM,Você está usando sua franquia acima do ritmo esperado.,Ver meus KMs,open_km,push,0.936,delivered,False,pending,rule_engine,Synthetic trigger for franquia_km; not a Localiza rule.
REC0406,CUST0023,VEH0023,CONTR0023,CTX0622,SYNTHETIC,2026-09-29,support,medium,Sinal de suporte,Detectamos um sinal que pode exigir atenção.,Abrir suporte,open_support,inbox,0.891,opened,False,scheduled,synthetic_llm_personalization,Synthetic trigger for support; not a Localiza rule.
REC0407,CUST0112,VEH0012,CONTR0112,CTX2689,SYNTHETIC,2026-09-29,maintenance,high,Manutenção próxima,Sua revisão está próxima.,Agendar revisão,schedule_maintenance,in_app,0.959,opened,False,scheduled,synthetic_llm_personalization,Synthetic trigger for maintenance; not a Localiza rule.
REC0408,CUST0287,VEH0087,CONTR0287,CTX2858,SYNTHETIC,2026-08-02,maintenance,high,Manutenção próxima,Sua revisão está próxima.,Agendar revisão,schedule_maintenance,in_app,0.84,dismissed,False,pending,synthetic_llm_personalization,Synthetic trigger for maintenance; not a Localiza rule.
REC0409,CUST0109,VEH0009,CONTR0109,CTX2256,SYNTHETIC,2026-08-02,franquia_km,high,Ritmo de uso de KM,Você está usando sua franquia acima do ritmo esperado.,Ver meus KMs,open_km,push,0.827,opened,False,no_action,hybrid_recommendation,Synthetic trigger for franquia_km; not a Localiza rule.
REC0410,CUST0222,VEH0022,CONTR0222,CTX2792,SYNTHETIC,2026-08-06,franquia_km,high,Ritmo de uso de KM,Você está usando sua franquia acima do ritmo esperado.,Ver meus KMs,open_km,push,0.949,delivered,False,pending,rule_engine,Synthetic trigger for franquia_km; not a Localiza rule.
REC0411,CUST0379,VEH0079,CONTR0379,CTX0379,SYNTHETIC,2026-08-18,maintenance,high,Manutenção próxima,Sua revisão está próxima.,Agendar revisão,schedule_maintenance,in_app,0.713,opened,False,scheduled,synthetic_llm_personalization,Synthetic trigger for maintenance; not a Localiza rule.
REC0412,CUST0393,VEH0093,CONTR0393,CTX1173,SYNTHETIC,2026-09-22,maintenance,high,Manutenção próxima,Sua revisão está próxima.,Agendar revisão,schedule_maintenance,inbox,0.927,opened,False,viewed,hybrid_recommendation,Synthetic trigger for maintenance; not a Localiza rule.
REC0413,CUST0435,VEH0035,CONTR0435,CTX0435,SYNTHETIC,2026-09-19,maintenance,high,Manutenção próxima,Sua revisão está próxima.,Agendar revisão,schedule_maintenance,inbox,0.91,acted,True,no_action,synthetic_llm_personalization,Synthetic trigger for maintenance; not a Localiza rule.
REC0414,CUST0421,VEH0021,CONTR0421,CTX1468,SYNTHETIC,2026-08-12,maintenance,high,Manutenção próxima,Sua revisão está próxima.,Agendar revisão,schedule_maintenance,inbox,0.761,opened,False,need_resolved,synthetic_llm_personalization,Synthetic trigger for maintenance; not a Localiza rule.
REC0415,CUST0355,VEH0055,CONTR0355,CTX2606,SYNTHETIC,2026-08-08,franquia_km,high,Ritmo de uso de KM,Você está usando sua franquia acima do ritmo esperado.,Ver meus KMs,open_km,push,0.743,opened,False,scheduled,hybrid_recommendation,Synthetic trigger for franquia_km; not a Localiza rule.
REC0416,CUST0199,VEH0099,CONTR0199,CTX2637,SYNTHETIC,2026-09-26,franquia_km,high,Ritmo de uso de KM,Você está usando sua franquia acima do ritmo esperado.,Ver meus KMs,open_km,push,0.967,opened,False,viewed,hybrid_recommendation,Synthetic trigger for franquia_km; not a Localiza rule.
REC0417,CUST0418,VEH0018,CONTR0418,CTX2977,SYNTHETIC,2026-08-12,franquia_km,high,Ritmo de uso de KM,Você está usando sua franquia acima do ritmo esperado.,Ver meus KMs,open_km,inbox,0.86,delivered,False,pending,hybrid_recommendation,Synthetic trigger for franquia_km; not a Localiza rule.
REC0418,CUST0128,VEH0028,CONTR0128,CTX0725,SYNTHETIC,2026-09-10,franquia_km,high,Ritmo de uso de KM,Você está usando sua franquia acima do ritmo esperado.,Ver meus KMs,open_km,push,0.787,acted,True,scheduled,rule_engine,Synthetic trigger for franquia_km; not a Localiza rule.
REC0419,CUST0315,VEH0015,CONTR0315,CTX1495,SYNTHETIC,2026-09-22,franquia_km,high,Ritmo de uso de KM,Você está usando sua franquia acima do ritmo esperado.,Ver meus KMs,open_km,inbox,0.779,delivered,False,pending,synthetic_llm_personalization,Synthetic trigger for franquia_km; not a Localiza rule.
REC0420,CUST0389,VEH0089,CONTR0389,CTX0389,SYNTHETIC,2026-08-02,franquia_km,high,Ritmo de uso de KM,Você está usando sua franquia acima do ritmo esperado.,Ver meus KMs,open_km,inbox,0.924,acted,True,viewed,synthetic_llm_personalization,Synthetic trigger for franquia_km; not a Localiza rule.
REC0421,CUST0199,VEH0099,CONTR0199,CTX2128,SYNTHETIC,2026-08-11,franquia_km,high,Ritmo de uso de KM,Você está usando sua franquia acima do ritmo esperado.,Ver meus KMs,open_km,inbox,0.672,opened,False,need_resolved,synthetic_llm_personalization,Synthetic trigger for franquia_km; not a Localiza rule.
REC0422,CUST0276,VEH0076,CONTR0276,CTX0519,SYNTHETIC,2026-08-12,renewal,high,Renovação próxima,Seu contrato entra em período de renovação.,Revisar meu contrato,review_contract,in_app,0.733,acted,True,scheduled,hybrid_recommendation,Synthetic trigger for renewal; not a Localiza rule.
REC0423,CUST0197,VEH0097,CONTR0197,CTX2231,SYNTHETIC,2026-09-28,maintenance,high,Manutenção próxima,Sua revisão está próxima.,Agendar revisão,schedule_maintenance,in_app,0.809,delivered,False,pending,rule_engine,Synthetic trigger for maintenance; not a Localiza rule.
REC0424,CUST0249,VEH0049,CONTR0249,CTX1776,SYNTHETIC,2026-09-28,franquia_km,high,Ritmo de uso de KM,Você está usando sua franquia acima do ritmo esperado.,Ver meus KMs,open_km,push,0.88,acted,True,need_resolved,rule_engine,Synthetic trigger for franquia_km; not a Localiza rule.
REC0425,CUST0264,VEH0064,CONTR0264,CTX0910,SYNTHETIC,2026-08-06,maintenance,high,Manutenção próxima,Sua revisão está próxima.,Agendar revisão,schedule_maintenance,inbox,0.978,opened,False,no_action,synthetic_llm_personalization,Synthetic trigger for maintenance; not a Localiza rule.
REC0426,CUST0126,VEH0026,CONTR0126,CTX0126,SYNTHETIC,2026-08-12,franquia_km,high,Ritmo de uso de KM,Você está usando sua franquia acima do ritmo esperado.,Ver meus KMs,open_km,push,0.761,dismissed,False,pending,hybrid_recommendation,Synthetic trigger for franquia_km; not a Localiza rule.
REC0427,CUST0352,VEH0052,CONTR0352,CTX1181,SYNTHETIC,2026-09-03,franquia_km,high,Ritmo de uso de KM,Você está usando sua franquia acima do ritmo esperado.,Ver meus KMs,open_km,inbox,0.786,acted,True,viewed,hybrid_recommendation,Synthetic trigger for franquia_km; not a Localiza rule.
REC0428,CUST0258,VEH0058,CONTR0258,CTX2314,SYNTHETIC,2026-10-01,franquia_km,high,Ritmo de uso de KM,Você está usando sua franquia acima do ritmo esperado.,Ver meus KMs,open_km,in_app,0.951,acted,True,viewed,rule_engine,Synthetic trigger for franquia_km; not a Localiza rule.
REC0429,CUST0436,VEH0036,CONTR0436,CTX0792,SYNTHETIC,2026-09-01,support,medium,Sinal de suporte,Detectamos um sinal que pode exigir atenção.,Abrir suporte,open_support,inbox,0.794,acted,True,viewed,synthetic_llm_personalization,Synthetic trigger for support; not a Localiza rule.
REC0430,CUST0136,VEH0036,CONTR0136,CTX1437,SYNTHETIC,2026-09-21,franquia_km,high,Ritmo de uso de KM,Você está usando sua franquia acima do ritmo esperado.,Ver meus KMs,open_km,push,0.662,dismissed,False,pending,hybrid_recommendation,Synthetic trigger for franquia_km; not a Localiza rule.
REC0431,CUST0055,VEH0055,CONTR0055,CTX1201,SYNTHETIC,2026-09-09,franquia_km,high,Ritmo de uso de KM,Você está usando sua franquia acima do ritmo esperado.,Ver meus KMs,open_km,in_app,0.95,dismissed,False,pending,hybrid_recommendation,Synthetic trigger for franquia_km; not a Localiza rule.
REC0432,CUST0091,VEH0091,CONTR0091,CTX0091,SYNTHETIC,2026-09-22,franquia_km,high,Ritmo de uso de KM,Você está usando sua franquia acima do ritmo esperado.,Ver meus KMs,open_km,in_app,0.983,delivered,False,pending,synthetic_llm_personalization,Synthetic trigger for franquia_km; not a Localiza rule.
REC0433,CUST0221,VEH0021,CONTR0221,CTX1224,SYNTHETIC,2026-08-07,maintenance,high,Manutenção próxima,Sua revisão está próxima.,Agendar revisão,schedule_maintenance,push,0.697,acted,True,scheduled,hybrid_recommendation,Synthetic trigger for maintenance; not a Localiza rule.
REC0434,CUST0043,VEH0043,CONTR0043,CTX2924,SYNTHETIC,2026-08-26,franquia_km,high,Ritmo de uso de KM,Você está usando sua franquia acima do ritmo esperado.,Ver meus KMs,open_km,inbox,0.768,acted,True,need_resolved,hybrid_recommendation,Synthetic trigger for franquia_km; not a Localiza rule.
REC0435,CUST0210,VEH0010,CONTR0210,CTX2825,SYNTHETIC,2026-09-11,maintenance,high,Manutenção próxima,Sua revisão está próxima.,Agendar revisão,schedule_maintenance,inbox,0.759,delivered,False,pending,synthetic_llm_personalization,Synthetic trigger for maintenance; not a Localiza rule.
REC0436,CUST0045,VEH0045,CONTR0045,CTX2445,SYNTHETIC,2026-08-09,franquia_km,high,Ritmo de uso de KM,Você está usando sua franquia acima do ritmo esperado.,Ver meus KMs,open_km,in_app,0.891,dismissed,False,pending,synthetic_llm_personalization,Synthetic trigger for franquia_km; not a Localiza rule.
REC0437,CUST0445,VEH0045,CONTR0445,CTX2762,SYNTHETIC,2026-09-18,franquia_km,high,Ritmo de uso de KM,Você está usando sua franquia acima do ritmo esperado.,Ver meus KMs,open_km,in_app,0.94,opened,False,need_resolved,hybrid_recommendation,Synthetic trigger for franquia_km; not a Localiza rule.
REC0438,CUST0066,VEH0066,CONTR0066,CTX1247,SYNTHETIC,2026-09-25,franquia_km,high,Ritmo de uso de KM,Você está usando sua franquia acima do ritmo esperado.,Ver meus KMs,open_km,in_app,0.787,delivered,False,pending,synthetic_llm_personalization,Synthetic trigger for franquia_km; not a Localiza rule.
REC0439,CUST0410,VEH0010,CONTR0410,CTX0410,SYNTHETIC,2026-09-29,maintenance,high,Manutenção próxima,Sua revisão está próxima.,Agendar revisão,schedule_maintenance,push,0.701,opened,False,need_resolved,synthetic_llm_personalization,Synthetic trigger for maintenance; not a Localiza rule.
REC0440,CUST0137,VEH0037,CONTR0137,CTX1281,SYNTHETIC,2026-08-13,maintenance,high,Manutenção próxima,Sua revisão está próxima.,Agendar revisão,schedule_maintenance,push,0.847,acted,True,no_action,hybrid_recommendation,Synthetic trigger for maintenance; not a Localiza rule.
REC0441,CUST0317,VEH0017,CONTR0317,CTX2911,SYNTHETIC,2026-08-08,franquia_km,high,Ritmo de uso de KM,Você está usando sua franquia acima do ritmo esperado.,Ver meus KMs,open_km,in_app,0.811,delivered,False,pending,synthetic_llm_personalization,Synthetic trigger for franquia_km; not a Localiza rule.
REC0442,CUST0093,VEH0093,CONTR0093,CTX2368,SYNTHETIC,2026-09-24,maintenance,high,Manutenção próxima,Sua revisão está próxima.,Agendar revisão,schedule_maintenance,push,0.723,opened,False,scheduled,rule_engine,Synthetic trigger for maintenance; not a Localiza rule.
REC0443,CUST0160,VEH0060,CONTR0160,CTX0160,SYNTHETIC,2026-09-01,franquia_km,high,Ritmo de uso de KM,Você está usando sua franquia acima do ritmo esperado.,Ver meus KMs,open_km,inbox,0.955,acted,True,viewed,rule_engine,Synthetic trigger for franquia_km; not a Localiza rule.
REC0444,CUST0114,VEH0014,CONTR0114,CTX0114,SYNTHETIC,2026-08-14,maintenance,high,Manutenção próxima,Sua revisão está próxima.,Agendar revisão,schedule_maintenance,in_app,0.955,delivered,False,pending,rule_engine,Synthetic trigger for maintenance; not a Localiza rule.
REC0445,CUST0056,VEH0056,CONTR0056,CTX1782,SYNTHETIC,2026-08-11,support,medium,Sinal de suporte,Detectamos um sinal que pode exigir atenção.,Abrir suporte,open_support,in_app,0.93,opened,False,need_resolved,hybrid_recommendation,Synthetic trigger for support; not a Localiza rule.
REC0446,CUST0229,VEH0029,CONTR0229,CTX0598,SYNTHETIC,2026-09-22,franquia_km,high,Ritmo de uso de KM,Você está usando sua franquia acima do ritmo esperado.,Ver meus KMs,open_km,in_app,0.746,dismissed,False,pending,rule_engine,Synthetic trigger for franquia_km; not a Localiza rule.
REC0447,CUST0313,VEH0013,CONTR0313,CTX0750,SYNTHETIC,2026-09-26,maintenance,high,Manutenção próxima,Sua revisão está próxima.,Agendar revisão,schedule_maintenance,in_app,0.791,delivered,False,pending,hybrid_recommendation,Synthetic trigger for maintenance; not a Localiza rule.
REC0448,CUST0180,VEH0080,CONTR0180,CTX2411,SYNTHETIC,2026-09-20,renewal,medium,Renovação próxima,Seu contrato entra em período de renovação.,Revisar meu contrato,review_contract,in_app,0.718,acted,True,need_resolved,hybrid_recommendation,Synthetic trigger for renewal; not a Localiza rule.
REC0449,CUST0496,VEH0096,CONTR0496,CTX0858,SYNTHETIC,2026-08-14,maintenance,high,Manutenção próxima,Sua revisão está próxima.,Agendar revisão,schedule_maintenance,in_app,0.735,delivered,False,pending,hybrid_recommendation,Synthetic trigger for maintenance; not a Localiza rule.
REC0450,CUST0170,VEH0070,CONTR0170,CTX2145,SYNTHETIC,2026-09-02,franquia_km,high,Ritmo de uso de KM,Você está usando sua franquia acima do ritmo esperado.,Ver meus KMs,open_km,in_app,0.954,delivered,False,pending,synthetic_llm_personalization,Synthetic trigger for franquia_km; not a Localiza rule.
REC0451,CUST0124,VEH0024,CONTR0124,CTX1695,SYNTHETIC,2026-09-28,maintenance,high,Manutenção próxima,Sua revisão está próxima.,Agendar revisão,schedule_maintenance,in_app,0.805,opened,False,viewed,rule_engine,Synthetic trigger for maintenance; not a Localiza rule.
REC0452,CUST0004,VEH0004,CONTR0004,CTX0004,SYNTHETIC,2026-08-15,franquia_km,high,Ritmo de uso de KM,Você está usando sua franquia acima do ritmo esperado.,Ver meus KMs,open_km,inbox,0.964,opened,False,no_action,rule_engine,Synthetic trigger for franquia_km; not a Localiza rule.
REC0453,CUST0219,VEH0019,CONTR0219,CTX0219,SYNTHETIC,2026-08-13,maintenance,high,Manutenção próxima,Sua revisão está próxima.,Agendar revisão,schedule_maintenance,in_app,0.98,dismissed,False,pending,rule_engine,Synthetic trigger for maintenance; not a Localiza rule.
REC0454,CUST0358,VEH0058,CONTR0358,CTX0776,SYNTHETIC,2026-08-18,renewal,high,Renovação próxima,Seu contrato entra em período de renovação.,Revisar meu contrato,review_contract,inbox,0.719,opened,False,scheduled,rule_engine,Synthetic trigger for renewal; not a Localiza rule.
REC0455,CUST0187,VEH0087,CONTR0187,CTX2778,SYNTHETIC,2026-08-26,franquia_km,high,Ritmo de uso de KM,Você está usando sua franquia acima do ritmo esperado.,Ver meus KMs,open_km,in_app,0.908,acted,True,scheduled,rule_engine,Synthetic trigger for franquia_km; not a Localiza rule.
REC0456,CUST0323,VEH0023,CONTR0323,CTX1097,SYNTHETIC,2026-09-13,renewal,medium,Renovação próxima,Seu contrato entra em período de renovação.,Revisar meu contrato,review_contract,inbox,0.848,opened,False,viewed,rule_engine,Synthetic trigger for renewal; not a Localiza rule.
REC0457,CUST0446,VEH0046,CONTR0446,CTX2950,SYNTHETIC,2026-08-05,maintenance,high,Manutenção próxima,Sua revisão está próxima.,Agendar revisão,schedule_maintenance,push,0.848,acted,True,scheduled,rule_engine,Synthetic trigger for maintenance; not a Localiza rule.
REC0458,CUST0441,VEH0041,CONTR0441,CTX0441,SYNTHETIC,2026-09-22,maintenance,high,Manutenção próxima,Sua revisão está próxima.,Agendar revisão,schedule_maintenance,push,0.71,delivered,False,pending,synthetic_llm_personalization,Synthetic trigger for maintenance; not a Localiza rule.
REC0459,CUST0136,VEH0036,CONTR0136,CTX2262,SYNTHETIC,2026-08-22,maintenance,high,Manutenção próxima,Sua revisão está próxima.,Agendar revisão,schedule_maintenance,inbox,0.763,acted,True,need_resolved,synthetic_llm_personalization,Synthetic trigger for maintenance; not a Localiza rule.
REC0460,CUST0013,VEH0013,CONTR0013,CTX0765,SYNTHETIC,2026-09-12,franquia_km,high,Ritmo de uso de KM,Você está usando sua franquia acima do ritmo esperado.,Ver meus KMs,open_km,in_app,0.941,acted,True,need_resolved,hybrid_recommendation,Synthetic trigger for franquia_km; not a Localiza rule.
REC0461,CUST0364,VEH0064,CONTR0364,CTX0824,SYNTHETIC,2026-09-29,franquia_km,high,Ritmo de uso de KM,Você está usando sua franquia acima do ritmo esperado.,Ver meus KMs,open_km,push,0.683,acted,True,scheduled,rule_engine,Synthetic trigger for franquia_km; not a Localiza rule.
REC0462,CUST0146,VEH0046,CONTR0146,CTX2493,SYNTHETIC,2026-08-16,franquia_km,high,Ritmo de uso de KM,Você está usando sua franquia acima do ritmo esperado.,Ver meus KMs,open_km,in_app,0.726,acted,True,no_action,rule_engine,Synthetic trigger for franquia_km; not a Localiza rule.
REC0463,CUST0392,VEH0092,CONTR0392,CTX0955,SYNTHETIC,2026-09-01,renewal,medium,Renovação próxima,Seu contrato entra em período de renovação.,Revisar meu contrato,review_contract,inbox,0.913,delivered,False,pending,synthetic_llm_personalization,Synthetic trigger for renewal; not a Localiza rule.
REC0464,CUST0155,VEH0055,CONTR0155,CTX0696,SYNTHETIC,2026-08-07,franquia_km,high,Ritmo de uso de KM,Você está usando sua franquia acima do ritmo esperado.,Ver meus KMs,open_km,in_app,0.651,opened,False,viewed,rule_engine,Synthetic trigger for franquia_km; not a Localiza rule.
REC0465,CUST0208,VEH0008,CONTR0208,CTX2020,SYNTHETIC,2026-08-03,franquia_km,high,Ritmo de uso de KM,Você está usando sua franquia acima do ritmo esperado.,Ver meus KMs,open_km,push,0.661,delivered,False,pending,synthetic_llm_personalization,Synthetic trigger for franquia_km; not a Localiza rule.
REC0466,CUST0076,VEH0076,CONTR0076,CTX0669,SYNTHETIC,2026-08-15,maintenance,high,Manutenção próxima,Sua revisão está próxima.,Agendar revisão,schedule_maintenance,push,0.8,delivered,False,pending,rule_engine,Synthetic trigger for maintenance; not a Localiza rule.
REC0467,CUST0420,VEH0020,CONTR0420,CTX0661,SYNTHETIC,2026-08-23,maintenance,high,Manutenção próxima,Sua revisão está próxima.,Agendar revisão,schedule_maintenance,in_app,0.838,acted,True,scheduled,rule_engine,Synthetic trigger for maintenance; not a Localiza rule.
REC0468,CUST0472,VEH0072,CONTR0472,CTX1428,SYNTHETIC,2026-08-21,support,high,Sinal de suporte,Detectamos um sinal que pode exigir atenção.,Abrir suporte,open_support,inbox,0.777,delivered,False,pending,synthetic_llm_personalization,Synthetic trigger for support; not a Localiza rule.
REC0469,CUST0056,VEH0056,CONTR0056,CTX1782,SYNTHETIC,2026-09-08,support,medium,Sinal de suporte,Detectamos um sinal que pode exigir atenção.,Abrir suporte,open_support,in_app,0.771,acted,True,need_resolved,hybrid_recommendation,Synthetic trigger for support; not a Localiza rule.
REC0470,CUST0488,VEH0088,CONTR0488,CTX1478,SYNTHETIC,2026-08-13,franquia_km,high,Ritmo de uso de KM,Você está usando sua franquia acima do ritmo esperado.,Ver meus KMs,open_km,inbox,0.731,dismissed,False,pending,synthetic_llm_personalization,Synthetic trigger for franquia_km; not a Localiza rule.
REC0471,CUST0036,VEH0036,CONTR0036,CTX0036,SYNTHETIC,2026-08-05,maintenance,high,Manutenção próxima,Sua revisão está próxima.,Agendar revisão,schedule_maintenance,inbox,0.679,acted,True,no_action,synthetic_llm_personalization,Synthetic trigger for maintenance; not a Localiza rule.
REC0472,CUST0394,VEH0094,CONTR0394,CTX2731,SYNTHETIC,2026-08-17,renewal,medium,Renovação próxima,Seu contrato entra em período de renovação.,Revisar meu contrato,review_contract,inbox,0.675,delivered,False,pending,synthetic_llm_personalization,Synthetic trigger for renewal; not a Localiza rule.
REC0473,CUST0109,VEH0009,CONTR0109,CTX1390,SYNTHETIC,2026-08-31,franquia_km,high,Ritmo de uso de KM,Você está usando sua franquia acima do ritmo esperado.,Ver meus KMs,open_km,in_app,0.827,opened,False,viewed,synthetic_llm_personalization,Synthetic trigger for franquia_km; not a Localiza rule.
REC0474,CUST0154,VEH0054,CONTR0154,CTX0154,SYNTHETIC,2026-08-11,maintenance,high,Manutenção próxima,Sua revisão está próxima.,Agendar revisão,schedule_maintenance,inbox,0.751,acted,True,viewed,rule_engine,Synthetic trigger for maintenance; not a Localiza rule.
REC0475,CUST0379,VEH0079,CONTR0379,CTX1924,SYNTHETIC,2026-09-08,maintenance,high,Manutenção próxima,Sua revisão está próxima.,Agendar revisão,schedule_maintenance,push,0.657,dismissed,False,pending,hybrid_recommendation,Synthetic trigger for maintenance; not a Localiza rule.
REC0476,CUST0437,VEH0037,CONTR0437,CTX1396,SYNTHETIC,2026-09-15,low_use,medium,Baixo uso,Seu carro teve pouco uso no período recente.,Ver minha mobilidade,open_mobility,push,0.711,delivered,False,pending,rule_engine,Synthetic trigger for low_use; not a Localiza rule.
REC0477,CUST0241,VEH0041,CONTR0241,CTX2593,SYNTHETIC,2026-08-21,low_use,high,Baixo uso,Seu carro teve pouco uso no período recente.,Ver minha mobilidade,open_mobility,inbox,0.712,opened,False,need_resolved,synthetic_llm_personalization,Synthetic trigger for low_use; not a Localiza rule.
REC0478,CUST0339,VEH0039,CONTR0339,CTX2600,SYNTHETIC,2026-09-23,maintenance,high,Manutenção próxima,Sua revisão está próxima.,Agendar revisão,schedule_maintenance,inbox,0.874,delivered,False,pending,synthetic_llm_personalization,Synthetic trigger for maintenance; not a Localiza rule.
REC0479,CUST0420,VEH0020,CONTR0420,CTX0420,SYNTHETIC,2026-08-07,maintenance,high,Manutenção próxima,Sua revisão está próxima.,Agendar revisão,schedule_maintenance,in_app,0.901,opened,False,need_resolved,synthetic_llm_personalization,Synthetic trigger for maintenance; not a Localiza rule.
REC0480,CUST0454,VEH0054,CONTR0454,CTX0938,SYNTHETIC,2026-10-01,franquia_km,high,Ritmo de uso de KM,Você está usando sua franquia acima do ritmo esperado.,Ver meus KMs,open_km,inbox,0.871,opened,False,viewed,synthetic_llm_personalization,Synthetic trigger for franquia_km; not a Localiza rule.
REC0481,CUST0002,VEH0002,CONTR0002,CTX0541,SYNTHETIC,2026-08-07,maintenance,high,Manutenção próxima,Sua revisão está próxima.,Agendar revisão,schedule_maintenance,in_app,0.988,delivered,False,pending,hybrid_recommendation,Synthetic trigger for maintenance; not a Localiza rule.
REC0482,CUST0354,VEH0054,CONTR0354,CTX1650,SYNTHETIC,2026-08-29,franquia_km,high,Ritmo de uso de KM,Você está usando sua franquia acima do ritmo esperado.,Ver meus KMs,open_km,in_app,0.767,acted,True,no_action,hybrid_recommendation,Synthetic trigger for franquia_km; not a Localiza rule.
REC0483,CUST0422,VEH0022,CONTR0422,CTX2573,SYNTHETIC,2026-08-12,franquia_km,high,Ritmo de uso de KM,Você está usando sua franquia acima do ritmo esperado.,Ver meus KMs,open_km,in_app,0.679,acted,True,no_action,rule_engine,Synthetic trigger for franquia_km; not a Localiza rule.
REC0484,CUST0358,VEH0058,CONTR0358,CTX2570,SYNTHETIC,2026-09-25,maintenance,high,Manutenção próxima,Sua revisão está próxima.,Agendar revisão,schedule_maintenance,in_app,0.841,dismissed,False,pending,hybrid_recommendation,Synthetic trigger for maintenance; not a Localiza rule.
REC0485,CUST0332,VEH0032,CONTR0332,CTX2630,SYNTHETIC,2026-09-12,franquia_km,high,Ritmo de uso de KM,Você está usando sua franquia acima do ritmo esperado.,Ver meus KMs,open_km,push,0.66,dismissed,False,pending,hybrid_recommendation,Synthetic trigger for franquia_km; not a Localiza rule.
REC0486,CUST0231,VEH0031,CONTR0231,CTX0971,SYNTHETIC,2026-08-24,renewal,medium,Renovação próxima,Seu contrato entra em período de renovação.,Revisar meu contrato,review_contract,push,0.783,acted,True,need_resolved,synthetic_llm_personalization,Synthetic trigger for renewal; not a Localiza rule.
REC0487,CUST0419,VEH0019,CONTR0419,CTX0946,SYNTHETIC,2026-08-10,maintenance,high,Manutenção próxima,Sua revisão está próxima.,Agendar revisão,schedule_maintenance,in_app,0.98,opened,False,viewed,hybrid_recommendation,Synthetic trigger for maintenance; not a Localiza rule.
REC0488,CUST0123,VEH0023,CONTR0123,CTX2771,SYNTHETIC,2026-08-20,franquia_km,high,Ritmo de uso de KM,Você está usando sua franquia acima do ritmo esperado.,Ver meus KMs,open_km,push,0.921,dismissed,False,pending,synthetic_llm_personalization,Synthetic trigger for franquia_km; not a Localiza rule.
REC0489,CUST0272,VEH0072,CONTR0272,CTX1150,SYNTHETIC,2026-09-09,maintenance,high,Manutenção próxima,Sua revisão está próxima.,Agendar revisão,schedule_maintenance,in_app,0.794,delivered,False,pending,synthetic_llm_personalization,Synthetic trigger for maintenance; not a Localiza rule.
REC0490,CUST0137,VEH0037,CONTR0137,CTX1281,SYNTHETIC,2026-08-28,maintenance,high,Manutenção próxima,Sua revisão está próxima.,Agendar revisão,schedule_maintenance,in_app,0.837,delivered,False,pending,synthetic_llm_personalization,Synthetic trigger for maintenance; not a Localiza rule.
REC0491,CUST0058,VEH0058,CONTR0058,CTX1187,SYNTHETIC,2026-09-15,franquia_km,high,Ritmo de uso de KM,Você está usando sua franquia acima do ritmo esperado.,Ver meus KMs,open_km,inbox,0.803,acted,True,viewed,hybrid_recommendation,Synthetic trigger for franquia_km; not a Localiza rule.
REC0492,CUST0231,VEH0031,CONTR0231,CTX2798,SYNTHETIC,2026-08-07,renewal,medium,Renovação próxima,Seu contrato entra em período de renovação.,Revisar meu contrato,review_contract,inbox,0.966,delivered,False,pending,synthetic_llm_personalization,Synthetic trigger for renewal; not a Localiza rule.
REC0493,CUST0348,VEH0048,CONTR0348,CTX1565,SYNTHETIC,2026-09-16,low_use,medium,Baixo uso,Seu carro teve pouco uso no período recente.,Ver minha mobilidade,open_mobility,push,0.781,delivered,False,pending,synthetic_llm_personalization,Synthetic trigger for low_use; not a Localiza rule.
REC0494,CUST0303,VEH0003,CONTR0303,CTX2287,SYNTHETIC,2026-09-22,maintenance,high,Manutenção próxima,Sua revisão está próxima.,Agendar revisão,schedule_maintenance,in_app,0.936,delivered,False,pending,synthetic_llm_personalization,Synthetic trigger for maintenance; not a Localiza rule.
REC0495,CUST0103,VEH0003,CONTR0103,CTX0103,SYNTHETIC,2026-09-04,maintenance,high,Manutenção próxima,Sua revisão está próxima.,Agendar revisão,schedule_maintenance,inbox,0.846,dismissed,False,pending,rule_engine,Synthetic trigger for maintenance; not a Localiza rule.
REC0496,CUST0196,VEH0096,CONTR0196,CTX2040,SYNTHETIC,2026-09-05,maintenance,high,Manutenção próxima,Sua revisão está próxima.,Agendar revisão,schedule_maintenance,inbox,0.846,delivered,False,pending,rule_engine,Synthetic trigger for maintenance; not a Localiza rule.
REC0497,CUST0190,VEH0090,CONTR0190,CTX0190,SYNTHETIC,2026-09-18,franquia_km,high,Ritmo de uso de KM,Você está usando sua franquia acima do ritmo esperado.,Ver meus KMs,open_km,inbox,0.676,acted,True,no_action,synthetic_llm_personalization,Synthetic trigger for franquia_km; not a Localiza rule.
REC0498,CUST0111,VEH0011,CONTR0111,CTX0111,SYNTHETIC,2026-09-23,maintenance,high,Manutenção próxima,Sua revisão está próxima.,Agendar revisão,schedule_maintenance,inbox,0.921,opened,False,no_action,hybrid_recommendation,Synthetic trigger for maintenance; not a Localiza rule.
REC0499,CUST0119,VEH0019,CONTR0119,CTX1879,SYNTHETIC,2026-09-04,maintenance,high,Manutenção próxima,Sua revisão está próxima.,Agendar revisão,schedule_maintenance,inbox,0.708,opened,False,scheduled,synthetic_llm_personalization,Synthetic trigger for maintenance; not a Localiza rule.
REC0500,CUST0346,VEH0046,CONTR0346,CTX0821,SYNTHETIC,2026-09-15,maintenance,high,Manutenção próxima,Sua revisão está próxima.,Agendar revisão,schedule_maintenance,push,0.821,dismissed,False,pending,rule_engine,Synthetic trigger for maintenance; not a Localiza rule.
REC0501,CUST0096,VEH0096,CONTR0096,CTX2211,SYNTHETIC,2026-08-20,maintenance,high,Manutenção próxima,Sua revisão está próxima.,Agendar revisão,schedule_maintenance,inbox,0.717,acted,True,viewed,rule_engine,Synthetic trigger for maintenance; not a Localiza rule.
REC0502,CUST0232,VEH0032,CONTR0232,CTX1581,SYNTHETIC,2026-09-21,franquia_km,high,Ritmo de uso de KM,Você está usando sua franquia acima do ritmo esperado.,Ver meus KMs,open_km,in_app,0.697,acted,True,scheduled,rule_engine,Synthetic trigger for franquia_km; not a Localiza rule.
REC0503,CUST0226,VEH0026,CONTR0226,CTX2575,SYNTHETIC,2026-08-03,support,medium,Sinal de suporte,Detectamos um sinal que pode exigir atenção.,Abrir suporte,open_support,in_app,0.92,opened,False,viewed,synthetic_llm_personalization,Synthetic trigger for support; not a Localiza rule.
REC0504,CUST0370,VEH0070,CONTR0370,CTX2142,SYNTHETIC,2026-08-14,franquia_km,high,Ritmo de uso de KM,Você está usando sua franquia acima do ritmo esperado.,Ver meus KMs,open_km,inbox,0.87,opened,False,viewed,hybrid_recommendation,Synthetic trigger for franquia_km; not a Localiza rule.
REC0505,CUST0495,VEH0095,CONTR0495,CTX1696,SYNTHETIC,2026-09-01,maintenance,high,Manutenção próxima,Sua revisão está próxima.,Agendar revisão,schedule_maintenance,inbox,0.677,opened,False,viewed,rule_engine,Synthetic trigger for maintenance; not a Localiza rule.
REC0506,CUST0038,VEH0038,CONTR0038,CTX0038,SYNTHETIC,2026-08-21,maintenance,high,Manutenção próxima,Sua revisão está próxima.,Agendar revisão,schedule_maintenance,push,0.72,delivered,False,pending,rule_engine,Synthetic trigger for maintenance; not a Localiza rule.
REC0507,CUST0258,VEH0058,CONTR0258,CTX0931,SYNTHETIC,2026-09-10,franquia_km,high,Ritmo de uso de KM,Você está usando sua franquia acima do ritmo esperado.,Ver meus KMs,open_km,push,0.77,delivered,False,pending,synthetic_llm_personalization,Synthetic trigger for franquia_km; not a Localiza rule.
REC0508,CUST0073,VEH0073,CONTR0073,CTX1680,SYNTHETIC,2026-08-30,maintenance,high,Manutenção próxima,Sua revisão está próxima.,Agendar revisão,schedule_maintenance,in_app,0.899,acted,True,scheduled,hybrid_recommendation,Synthetic trigger for maintenance; not a Localiza rule.
REC0509,CUST0303,VEH0003,CONTR0303,CTX2682,SYNTHETIC,2026-09-05,support,high,Sinal de suporte,Detectamos um sinal que pode exigir atenção.,Abrir suporte,open_support,in_app,0.95,acted,True,viewed,rule_engine,Synthetic trigger for support; not a Localiza rule.
REC0510,CUST0103,VEH0003,CONTR0103,CTX0103,SYNTHETIC,2026-08-10,maintenance,high,Manutenção próxima,Sua revisão está próxima.,Agendar revisão,schedule_maintenance,push,0.982,opened,False,viewed,hybrid_recommendation,Synthetic trigger for maintenance; not a Localiza rule.
REC0511,CUST0009,VEH0009,CONTR0009,CTX2182,SYNTHETIC,2026-09-14,franquia_km,high,Ritmo de uso de KM,Você está usando sua franquia acima do ritmo esperado.,Ver meus KMs,open_km,in_app,0.913,acted,True,viewed,hybrid_recommendation,Synthetic trigger for franquia_km; not a Localiza rule.
REC0512,CUST0411,VEH0011,CONTR0411,CTX0721,SYNTHETIC,2026-08-17,franquia_km,high,Ritmo de uso de KM,Você está usando sua franquia acima do ritmo esperado.,Ver meus KMs,open_km,in_app,0.655,delivered,False,pending,rule_engine,Synthetic trigger for franquia_km; not a Localiza rule.
REC0513,CUST0440,VEH0040,CONTR0440,CTX1021,SYNTHETIC,2026-09-15,maintenance,high,Manutenção próxima,Sua revisão está próxima.,Agendar revisão,schedule_maintenance,inbox,0.716,acted,True,viewed,synthetic_llm_personalization,Synthetic trigger for maintenance; not a Localiza rule.
REC0514,CUST0077,VEH0077,CONTR0077,CTX0077,SYNTHETIC,2026-08-08,franquia_km,high,Ritmo de uso de KM,Você está usando sua franquia acima do ritmo esperado.,Ver meus KMs,open_km,inbox,0.922,delivered,False,pending,synthetic_llm_personalization,Synthetic trigger for franquia_km; not a Localiza rule.
REC0515,CUST0280,VEH0080,CONTR0280,CTX2917,SYNTHETIC,2026-08-05,franquia_km,high,Ritmo de uso de KM,Você está usando sua franquia acima do ritmo esperado.,Ver meus KMs,open_km,inbox,0.868,opened,False,scheduled,rule_engine,Synthetic trigger for franquia_km; not a Localiza rule.
REC0516,CUST0391,VEH0091,CONTR0391,CTX2734,SYNTHETIC,2026-09-08,franquia_km,high,Ritmo de uso de KM,Você está usando sua franquia acima do ritmo esperado.,Ver meus KMs,open_km,push,0.98,acted,True,viewed,rule_engine,Synthetic trigger for franquia_km; not a Localiza rule.
REC0517,CUST0271,VEH0071,CONTR0271,CTX1018,SYNTHETIC,2026-08-06,franquia_km,high,Ritmo de uso de KM,Você está usando sua franquia acima do ritmo esperado.,Ver meus KMs,open_km,inbox,0.676,acted,True,need_resolved,hybrid_recommendation,Synthetic trigger for franquia_km; not a Localiza rule.
REC0518,CUST0367,VEH0067,CONTR0367,CTX2543,SYNTHETIC,2026-09-12,benefit,medium,Benefício contextual,Encontramos um benefício relevante para sua rotina.,Ver benefício,open_benefit,push,0.776,acted,True,need_resolved,synthetic_llm_personalization,Synthetic trigger for benefit; not a Localiza rule.
REC0519,CUST0048,VEH0048,CONTR0048,CTX1653,SYNTHETIC,2026-08-03,franquia_km,high,Ritmo de uso de KM,Você está usando sua franquia acima do ritmo esperado.,Ver meus KMs,open_km,inbox,0.705,opened,False,scheduled,hybrid_recommendation,Synthetic trigger for franquia_km; not a Localiza rule.
REC0520,CUST0427,VEH0027,CONTR0427,CTX1233,SYNTHETIC,2026-09-21,franquia_km,high,Ritmo de uso de KM,Você está usando sua franquia acima do ritmo esperado.,Ver meus KMs,open_km,in_app,0.96,opened,False,need_resolved,rule_engine,Synthetic trigger for franquia_km; not a Localiza rule.
REC0521,CUST0175,VEH0075,CONTR0175,CTX1720,SYNTHETIC,2026-08-18,maintenance,high,Manutenção próxima,Sua revisão está próxima.,Agendar revisão,schedule_maintenance,in_app,0.699,acted,True,scheduled,synthetic_llm_personalization,Synthetic trigger for maintenance; not a Localiza rule.
REC0522,CUST0146,VEH0046,CONTR0146,CTX0146,SYNTHETIC,2026-08-07,franquia_km,high,Ritmo de uso de KM,Você está usando sua franquia acima do ritmo esperado.,Ver meus KMs,open_km,in_app,0.905,opened,False,scheduled,synthetic_llm_personalization,Synthetic trigger for franquia_km; not a Localiza rule.
REC0523,CUST0152,VEH0052,CONTR0152,CTX0843,SYNTHETIC,2026-09-07,franquia_km,high,Ritmo de uso de KM,Você está usando sua franquia acima do ritmo esperado.,Ver meus KMs,open_km,in_app,0.962,opened,False,viewed,hybrid_recommendation,Synthetic trigger for franquia_km; not a Localiza rule.
REC0524,CUST0242,VEH0042,CONTR0242,CTX0242,SYNTHETIC,2026-09-28,maintenance,high,Manutenção próxima,Sua revisão está próxima.,Agendar revisão,schedule_maintenance,in_app,0.965,delivered,False,pending,synthetic_llm_personalization,Synthetic trigger for maintenance; not a Localiza rule.
REC0525,CUST0437,VEH0037,CONTR0437,CTX0437,SYNTHETIC,2026-08-13,benefit,medium,Benefício contextual,Encontramos um benefício relevante para sua rotina.,Ver benefício,open_benefit,push,0.687,opened,False,scheduled,hybrid_recommendation,Synthetic trigger for benefit; not a Localiza rule.
REC0526,CUST0069,VEH0069,CONTR0069,CTX0069,SYNTHETIC,2026-08-14,renewal,medium,Renovação próxima,Seu contrato entra em período de renovação.,Revisar meu contrato,review_contract,inbox,0.679,opened,False,scheduled,rule_engine,Synthetic trigger for renewal; not a Localiza rule.
REC0527,CUST0468,VEH0068,CONTR0468,CTX0979,SYNTHETIC,2026-08-31,maintenance,high,Manutenção próxima,Sua revisão está próxima.,Agendar revisão,schedule_maintenance,push,0.786,acted,True,no_action,synthetic_llm_personalization,Synthetic trigger for maintenance; not a Localiza rule.
REC0528,CUST0022,VEH0022,CONTR0022,CTX1689,SYNTHETIC,2026-08-20,franquia_km,high,Ritmo de uso de KM,Você está usando sua franquia acima do ritmo esperado.,Ver meus KMs,open_km,in_app,0.83,opened,False,viewed,hybrid_recommendation,Synthetic trigger for franquia_km; not a Localiza rule.
REC0529,CUST0063,VEH0063,CONTR0063,CTX0786,SYNTHETIC,2026-09-19,franquia_km,high,Ritmo de uso de KM,Você está usando sua franquia acima do ritmo esperado.,Ver meus KMs,open_km,push,0.783,delivered,False,pending,synthetic_llm_personalization,Synthetic trigger for franquia_km; not a Localiza rule.
REC0530,CUST0412,VEH0012,CONTR0412,CTX0412,SYNTHETIC,2026-09-10,franquia_km,high,Ritmo de uso de KM,Você está usando sua franquia acima do ritmo esperado.,Ver meus KMs,open_km,inbox,0.922,delivered,False,pending,rule_engine,Synthetic trigger for franquia_km; not a Localiza rule.
REC0531,CUST0169,VEH0069,CONTR0169,CTX2746,SYNTHETIC,2026-08-06,franquia_km,high,Ritmo de uso de KM,Você está usando sua franquia acima do ritmo esperado.,Ver meus KMs,open_km,push,0.838,acted,True,no_action,synthetic_llm_personalization,Synthetic trigger for franquia_km; not a Localiza rule.
REC0532,CUST0314,VEH0014,CONTR0314,CTX0314,SYNTHETIC,2026-08-27,low_use,medium,Baixo uso,Seu carro teve pouco uso no período recente.,Ver minha mobilidade,open_mobility,in_app,0.842,acted,True,viewed,rule_engine,Synthetic trigger for low_use; not a Localiza rule.
REC0533,CUST0378,VEH0078,CONTR0378,CTX1702,SYNTHETIC,2026-08-10,maintenance,high,Manutenção próxima,Sua revisão está próxima.,Agendar revisão,schedule_maintenance,inbox,0.943,delivered,False,pending,synthetic_llm_personalization,Synthetic trigger for maintenance; not a Localiza rule.
REC0534,CUST0352,VEH0052,CONTR0352,CTX0352,SYNTHETIC,2026-09-21,franquia_km,high,Ritmo de uso de KM,Você está usando sua franquia acima do ritmo esperado.,Ver meus KMs,open_km,inbox,0.848,acted,True,viewed,synthetic_llm_personalization,Synthetic trigger for franquia_km; not a Localiza rule.
REC0535,CUST0058,VEH0058,CONTR0058,CTX1187,SYNTHETIC,2026-10-01,franquia_km,high,Ritmo de uso de KM,Você está usando sua franquia acima do ritmo esperado.,Ver meus KMs,open_km,in_app,0.724,delivered,False,pending,synthetic_llm_personalization,Synthetic trigger for franquia_km; not a Localiza rule.
REC0536,CUST0493,VEH0093,CONTR0493,CTX1845,SYNTHETIC,2026-08-26,maintenance,high,Manutenção próxima,Sua revisão está próxima.,Agendar revisão,schedule_maintenance,inbox,0.714,opened,False,need_resolved,hybrid_recommendation,Synthetic trigger for maintenance; not a Localiza rule.
REC0537,CUST0438,VEH0038,CONTR0438,CTX1191,SYNTHETIC,2026-08-05,maintenance,high,Manutenção próxima,Sua revisão está próxima.,Agendar revisão,schedule_maintenance,in_app,0.932,delivered,False,pending,synthetic_llm_personalization,Synthetic trigger for maintenance; not a Localiza rule.
REC0538,CUST0016,VEH0016,CONTR0016,CTX1070,SYNTHETIC,2026-09-22,maintenance,high,Manutenção próxima,Sua revisão está próxima.,Agendar revisão,schedule_maintenance,in_app,0.861,dismissed,False,pending,synthetic_llm_personalization,Synthetic trigger for maintenance; not a Localiza rule.
REC0539,CUST0332,VEH0032,CONTR0332,CTX0702,SYNTHETIC,2026-09-04,franquia_km,high,Ritmo de uso de KM,Você está usando sua franquia acima do ritmo esperado.,Ver meus KMs,open_km,inbox,0.983,acted,True,no_action,hybrid_recommendation,Synthetic trigger for franquia_km; not a Localiza rule.
REC0540,CUST0187,VEH0087,CONTR0187,CTX2244,SYNTHETIC,2026-09-27,franquia_km,high,Ritmo de uso de KM,Você está usando sua franquia acima do ritmo esperado.,Ver meus KMs,open_km,inbox,0.834,opened,False,no_action,rule_engine,Synthetic trigger for franquia_km; not a Localiza rule.
REC0541,CUST0482,VEH0082,CONTR0482,CTX2529,SYNTHETIC,2026-09-07,benefit,medium,Benefício contextual,Encontramos um benefício relevante para sua rotina.,Ver benefício,open_benefit,push,0.952,delivered,False,pending,hybrid_recommendation,Synthetic trigger for benefit; not a Localiza rule.
REC0542,CUST0487,VEH0087,CONTR0487,CTX0884,SYNTHETIC,2026-09-12,renewal,high,Renovação próxima,Seu contrato entra em período de renovação.,Revisar meu contrato,review_contract,push,0.886,dismissed,False,pending,synthetic_llm_personalization,Synthetic trigger for renewal; not a Localiza rule.
REC0543,CUST0064,VEH0064,CONTR0064,CTX1458,SYNTHETIC,2026-09-22,franquia_km,high,Ritmo de uso de KM,Você está usando sua franquia acima do ritmo esperado.,Ver meus KMs,open_km,inbox,0.689,delivered,False,pending,synthetic_llm_personalization,Synthetic trigger for franquia_km; not a Localiza rule.
REC0544,CUST0014,VEH0014,CONTR0014,CTX0647,SYNTHETIC,2026-09-28,franquia_km,high,Ritmo de uso de KM,Você está usando sua franquia acima do ritmo esperado.,Ver meus KMs,open_km,inbox,0.757,delivered,False,pending,rule_engine,Synthetic trigger for franquia_km; not a Localiza rule.
REC0545,CUST0112,VEH0012,CONTR0112,CTX0112,SYNTHETIC,2026-08-28,maintenance,high,Manutenção próxima,Sua revisão está próxima.,Agendar revisão,schedule_maintenance,in_app,0.952,acted,True,scheduled,hybrid_recommendation,Synthetic trigger for maintenance; not a Localiza rule.
REC0546,CUST0094,VEH0094,CONTR0094,CTX2958,SYNTHETIC,2026-08-17,renewal,medium,Renovação próxima,Seu contrato entra em período de renovação.,Revisar meu contrato,review_contract,in_app,0.897,opened,False,scheduled,synthetic_llm_personalization,Synthetic trigger for renewal; not a Localiza rule.
REC0547,CUST0449,VEH0049,CONTR0449,CTX1827,SYNTHETIC,2026-08-02,renewal,medium,Renovação próxima,Seu contrato entra em período de renovação.,Revisar meu contrato,review_contract,push,0.812,opened,False,need_resolved,synthetic_llm_personalization,Synthetic trigger for renewal; not a Localiza rule.
REC0548,CUST0125,VEH0025,CONTR0125,CTX0515,SYNTHETIC,2026-09-16,maintenance,high,Manutenção próxima,Sua revisão está próxima.,Agendar revisão,schedule_maintenance,push,0.704,delivered,False,pending,synthetic_llm_personalization,Synthetic trigger for maintenance; not a Localiza rule.
REC0549,CUST0218,VEH0018,CONTR0218,CTX2681,SYNTHETIC,2026-09-01,benefit,medium,Benefício contextual,Encontramos um benefício relevante para sua rotina.,Ver benefício,open_benefit,push,0.66,acted,True,scheduled,synthetic_llm_personalization,Synthetic trigger for benefit; not a Localiza rule.
REC0550,CUST0471,VEH0071,CONTR0471,CTX2959,SYNTHETIC,2026-08-03,maintenance,high,Manutenção próxima,Sua revisão está próxima.,Agendar revisão,schedule_maintenance,inbox,0.875,dismissed,False,pending,synthetic_llm_personalization,Synthetic trigger for maintenance; not a Localiza rule.
REC0551,CUST0253,VEH0053,CONTR0253,CTX1260,SYNTHETIC,2026-08-04,franquia_km,high,Ritmo de uso de KM,Você está usando sua franquia acima do ritmo esperado.,Ver meus KMs,open_km,push,0.753,acted,True,no_action,hybrid_recommendation,Synthetic trigger for franquia_km; not a Localiza rule.
REC0552,CUST0442,VEH0042,CONTR0442,CTX0442,SYNTHETIC,2026-09-10,maintenance,high,Manutenção próxima,Sua revisão está próxima.,Agendar revisão,schedule_maintenance,in_app,0.92,opened,False,need_resolved,rule_engine,Synthetic trigger for maintenance; not a Localiza rule.
REC0553,CUST0124,VEH0024,CONTR0124,CTX0124,SYNTHETIC,2026-09-08,maintenance,high,Manutenção próxima,Sua revisão está próxima.,Agendar revisão,schedule_maintenance,in_app,0.656,dismissed,False,pending,synthetic_llm_personalization,Synthetic trigger for maintenance; not a Localiza rule.
REC0554,CUST0417,VEH0017,CONTR0417,CTX2822,SYNTHETIC,2026-08-31,franquia_km,high,Ritmo de uso de KM,Você está usando sua franquia acima do ritmo esperado.,Ver meus KMs,open_km,in_app,0.746,acted,True,no_action,rule_engine,Synthetic trigger for franquia_km; not a Localiza rule.
REC0555,CUST0177,VEH0077,CONTR0177,CTX1197,SYNTHETIC,2026-09-09,franquia_km,high,Ritmo de uso de KM,Você está usando sua franquia acima do ritmo esperado.,Ver meus KMs,open_km,push,0.951,delivered,False,pending,hybrid_recommendation,Synthetic trigger for franquia_km; not a Localiza rule.
REC0556,CUST0382,VEH0082,CONTR0382,CTX2494,SYNTHETIC,2026-09-18,franquia_km,high,Ritmo de uso de KM,Você está usando sua franquia acima do ritmo esperado.,Ver meus KMs,open_km,inbox,0.71,acted,True,no_action,synthetic_llm_personalization,Synthetic trigger for franquia_km; not a Localiza rule.
REC0557,CUST0489,VEH0089,CONTR0489,CTX2037,SYNTHETIC,2026-09-20,maintenance,high,Manutenção próxima,Sua revisão está próxima.,Agendar revisão,schedule_maintenance,in_app,0.839,opened,False,need_resolved,synthetic_llm_personalization,Synthetic trigger for maintenance; not a Localiza rule.
REC0558,CUST0087,VEH0087,CONTR0087,CTX0944,SYNTHETIC,2026-08-04,franquia_km,high,Ritmo de uso de KM,Você está usando sua franquia acima do ritmo esperado.,Ver meus KMs,open_km,push,0.87,acted,True,scheduled,hybrid_recommendation,Synthetic trigger for franquia_km; not a Localiza rule.
REC0559,CUST0282,VEH0082,CONTR0282,CTX2929,SYNTHETIC,2026-09-30,renewal,medium,Renovação próxima,Seu contrato entra em período de renovação.,Revisar meu contrato,review_contract,push,0.951,opened,False,need_resolved,hybrid_recommendation,Synthetic trigger for renewal; not a Localiza rule.
REC0560,CUST0093,VEH0093,CONTR0093,CTX1907,SYNTHETIC,2026-08-13,maintenance,high,Manutenção próxima,Sua revisão está próxima.,Agendar revisão,schedule_maintenance,inbox,0.729,dismissed,False,pending,synthetic_llm_personalization,Synthetic trigger for maintenance; not a Localiza rule.
REC0561,CUST0315,VEH0015,CONTR0315,CTX1506,SYNTHETIC,2026-09-27,franquia_km,high,Ritmo de uso de KM,Você está usando sua franquia acima do ritmo esperado.,Ver meus KMs,open_km,in_app,0.897,acted,True,scheduled,synthetic_llm_personalization,Synthetic trigger for franquia_km; not a Localiza rule.
REC0562,CUST0042,VEH0042,CONTR0042,CTX2885,SYNTHETIC,2026-09-16,franquia_km,high,Ritmo de uso de KM,Você está usando sua franquia acima do ritmo esperado.,Ver meus KMs,open_km,push,0.89,delivered,False,pending,synthetic_llm_personalization,Synthetic trigger for franquia_km; not a Localiza rule.
REC0563,CUST0030,VEH0030,CONTR0030,CTX1841,SYNTHETIC,2026-08-08,benefit,medium,Benefício contextual,Encontramos um benefício relevante para sua rotina.,Ver benefício,open_benefit,inbox,0.651,acted,True,no_action,hybrid_recommendation,Synthetic trigger for benefit; not a Localiza rule.
REC0564,CUST0004,VEH0004,CONTR0004,CTX2880,SYNTHETIC,2026-08-05,maintenance,high,Manutenção próxima,Sua revisão está próxima.,Agendar revisão,schedule_maintenance,push,0.843,dismissed,False,pending,synthetic_llm_personalization,Synthetic trigger for maintenance; not a Localiza rule.
REC0565,CUST0296,VEH0096,CONTR0296,CTX2659,SYNTHETIC,2026-09-02,long_trip,medium,Padrão de viagem,Você vem fazendo viagens longas com frequência.,Preparar viagem,open_planner,push,0.822,acted,True,no_action,rule_engine,Synthetic trigger for long_trip; not a Localiza rule.
REC0566,CUST0394,VEH0094,CONTR0394,CTX0540,SYNTHETIC,2026-08-03,renewal,medium,Renovação próxima,Seu contrato entra em período de renovação.,Revisar meu contrato,review_contract,in_app,0.926,delivered,False,pending,synthetic_llm_personalization,Synthetic trigger for renewal; not a Localiza rule.
REC0567,CUST0184,VEH0084,CONTR0184,CTX0184,SYNTHETIC,2026-08-27,maintenance,high,Manutenção próxima,Sua revisão está próxima.,Agendar revisão,schedule_maintenance,push,0.902,acted,True,viewed,synthetic_llm_personalization,Synthetic trigger for maintenance; not a Localiza rule.
REC0568,CUST0088,VEH0088,CONTR0088,CTX1015,SYNTHETIC,2026-08-25,franquia_km,high,Ritmo de uso de KM,Você está usando sua franquia acima do ritmo esperado.,Ver meus KMs,open_km,push,0.764,dismissed,False,pending,rule_engine,Synthetic trigger for franquia_km; not a Localiza rule.
REC0569,CUST0419,VEH0019,CONTR0419,CTX0946,SYNTHETIC,2026-08-23,maintenance,high,Manutenção próxima,Sua revisão está próxima.,Agendar revisão,schedule_maintenance,in_app,0.769,acted,True,need_resolved,synthetic_llm_personalization,Synthetic trigger for maintenance; not a Localiza rule.
REC0570,CUST0212,VEH0012,CONTR0212,CTX0537,SYNTHETIC,2026-08-04,maintenance,high,Manutenção próxima,Sua revisão está próxima.,Agendar revisão,schedule_maintenance,inbox,0.889,opened,False,need_resolved,rule_engine,Synthetic trigger for maintenance; not a Localiza rule.
REC0571,CUST0306,VEH0006,CONTR0306,CTX1973,SYNTHETIC,2026-08-19,maintenance,high,Manutenção próxima,Sua revisão está próxima.,Agendar revisão,schedule_maintenance,in_app,0.982,opened,False,no_action,rule_engine,Synthetic trigger for maintenance; not a Localiza rule.
REC0572,CUST0206,VEH0006,CONTR0206,CTX1535,SYNTHETIC,2026-08-08,maintenance,high,Manutenção próxima,Sua revisão está próxima.,Agendar revisão,schedule_maintenance,push,0.9,delivered,False,pending,hybrid_recommendation,Synthetic trigger for maintenance; not a Localiza rule.
REC0573,CUST0034,VEH0034,CONTR0034,CTX1480,SYNTHETIC,2026-08-06,franquia_km,high,Ritmo de uso de KM,Você está usando sua franquia acima do ritmo esperado.,Ver meus KMs,open_km,in_app,0.698,delivered,False,pending,hybrid_recommendation,Synthetic trigger for franquia_km; not a Localiza rule.
REC0574,CUST0069,VEH0069,CONTR0069,CTX1908,SYNTHETIC,2026-08-31,renewal,medium,Renovação próxima,Seu contrato entra em período de renovação.,Revisar meu contrato,review_contract,inbox,0.918,acted,True,no_action,rule_engine,Synthetic trigger for renewal; not a Localiza rule.
REC0575,CUST0364,VEH0064,CONTR0364,CTX0522,SYNTHETIC,2026-08-10,franquia_km,high,Ritmo de uso de KM,Você está usando sua franquia acima do ritmo esperado.,Ver meus KMs,open_km,inbox,0.709,dismissed,False,pending,synthetic_llm_personalization,Synthetic trigger for franquia_km; not a Localiza rule.
REC0576,CUST0423,VEH0023,CONTR0423,CTX1920,SYNTHETIC,2026-08-29,franquia_km,high,Ritmo de uso de KM,Você está usando sua franquia acima do ritmo esperado.,Ver meus KMs,open_km,in_app,0.8,delivered,False,pending,synthetic_llm_personalization,Synthetic trigger for franquia_km; not a Localiza rule.
REC0577,CUST0418,VEH0018,CONTR0418,CTX2977,SYNTHETIC,2026-08-26,franquia_km,high,Ritmo de uso de KM,Você está usando sua franquia acima do ritmo esperado.,Ver meus KMs,open_km,in_app,0.77,acted,True,viewed,synthetic_llm_personalization,Synthetic trigger for franquia_km; not a Localiza rule.
REC0578,CUST0227,VEH0027,CONTR0227,CTX2941,SYNTHETIC,2026-08-15,franquia_km,high,Ritmo de uso de KM,Você está usando sua franquia acima do ritmo esperado.,Ver meus KMs,open_km,push,0.948,acted,True,need_resolved,rule_engine,Synthetic trigger for franquia_km; not a Localiza rule.
REC0579,CUST0463,VEH0063,CONTR0463,CTX0463,SYNTHETIC,2026-08-25,maintenance,high,Manutenção próxima,Sua revisão está próxima.,Agendar revisão,schedule_maintenance,push,0.733,opened,False,no_action,rule_engine,Synthetic trigger for maintenance; not a Localiza rule.
REC0580,CUST0037,VEH0037,CONTR0037,CTX0037,SYNTHETIC,2026-08-09,franquia_km,high,Ritmo de uso de KM,Você está usando sua franquia acima do ritmo esperado.,Ver meus KMs,open_km,in_app,0.731,opened,False,need_resolved,rule_engine,Synthetic trigger for franquia_km; not a Localiza rule.
REC0581,CUST0274,VEH0074,CONTR0274,CTX1133,SYNTHETIC,2026-09-16,support,medium,Sinal de suporte,Detectamos um sinal que pode exigir atenção.,Abrir suporte,open_support,in_app,0.928,delivered,False,pending,synthetic_llm_personalization,Synthetic trigger for support; not a Localiza rule.
REC0582,CUST0393,VEH0093,CONTR0393,CTX1126,SYNTHETIC,2026-09-15,maintenance,high,Manutenção próxima,Sua revisão está próxima.,Agendar revisão,schedule_maintenance,inbox,0.932,acted,True,need_resolved,rule_engine,Synthetic trigger for maintenance; not a Localiza rule.
REC0583,CUST0417,VEH0017,CONTR0417,CTX2822,SYNTHETIC,2026-08-11,franquia_km,high,Ritmo de uso de KM,Você está usando sua franquia acima do ritmo esperado.,Ver meus KMs,open_km,in_app,0.733,delivered,False,pending,hybrid_recommendation,Synthetic trigger for franquia_km; not a Localiza rule.
REC0584,CUST0153,VEH0053,CONTR0153,CTX2216,SYNTHETIC,2026-08-19,franquia_km,high,Ritmo de uso de KM,Você está usando sua franquia acima do ritmo esperado.,Ver meus KMs,open_km,in_app,0.962,acted,True,scheduled,rule_engine,Synthetic trigger for franquia_km; not a Localiza rule.
REC0585,CUST0257,VEH0057,CONTR0257,CTX0524,SYNTHETIC,2026-09-30,maintenance,high,Manutenção próxima,Sua revisão está próxima.,Agendar revisão,schedule_maintenance,inbox,0.68,acted,True,need_resolved,rule_engine,Synthetic trigger for maintenance; not a Localiza rule.
REC0586,CUST0266,VEH0066,CONTR0266,CTX1925,SYNTHETIC,2026-08-22,franquia_km,high,Ritmo de uso de KM,Você está usando sua franquia acima do ritmo esperado.,Ver meus KMs,open_km,inbox,0.81,delivered,False,pending,hybrid_recommendation,Synthetic trigger for franquia_km; not a Localiza rule.
REC0587,CUST0329,VEH0029,CONTR0329,CTX0588,SYNTHETIC,2026-08-26,maintenance,high,Manutenção próxima,Sua revisão está próxima.,Agendar revisão,schedule_maintenance,inbox,0.845,delivered,False,pending,rule_engine,Synthetic trigger for maintenance; not a Localiza rule.
REC0588,CUST0108,VEH0008,CONTR0108,CTX1373,SYNTHETIC,2026-09-14,renewal,medium,Renovação próxima,Seu contrato entra em período de renovação.,Revisar meu contrato,review_contract,in_app,0.869,dismissed,False,pending,synthetic_llm_personalization,Synthetic trigger for renewal; not a Localiza rule.
REC0589,CUST0254,VEH0054,CONTR0254,CTX1512,SYNTHETIC,2026-09-12,maintenance,high,Manutenção próxima,Sua revisão está próxima.,Agendar revisão,schedule_maintenance,in_app,0.686,delivered,False,pending,hybrid_recommendation,Synthetic trigger for maintenance; not a Localiza rule.
REC0590,CUST0185,VEH0085,CONTR0185,CTX0185,SYNTHETIC,2026-08-11,franquia_km,high,Ritmo de uso de KM,Você está usando sua franquia acima do ritmo esperado.,Ver meus KMs,open_km,in_app,0.75,acted,True,no_action,rule_engine,Synthetic trigger for franquia_km; not a Localiza rule.
REC0591,CUST0034,VEH0034,CONTR0034,CTX0034,SYNTHETIC,2026-09-24,franquia_km,high,Ritmo de uso de KM,Você está usando sua franquia acima do ritmo esperado.,Ver meus KMs,open_km,in_app,0.691,acted,True,viewed,hybrid_recommendation,Synthetic trigger for franquia_km; not a Localiza rule.
REC0592,CUST0171,VEH0071,CONTR0171,CTX2665,SYNTHETIC,2026-09-28,maintenance,high,Manutenção próxima,Sua revisão está próxima.,Agendar revisão,schedule_maintenance,inbox,0.811,opened,False,scheduled,synthetic_llm_personalization,Synthetic trigger for maintenance; not a Localiza rule.
REC0593,CUST0349,VEH0049,CONTR0349,CTX0775,SYNTHETIC,2026-09-09,maintenance,high,Manutenção próxima,Sua revisão está próxima.,Agendar revisão,schedule_maintenance,push,0.907,acted,True,no_action,rule_engine,Synthetic trigger for maintenance; not a Localiza rule.
REC0594,CUST0337,VEH0037,CONTR0337,CTX0594,SYNTHETIC,2026-09-27,maintenance,high,Manutenção próxima,Sua revisão está próxima.,Agendar revisão,schedule_maintenance,inbox,0.828,acted,True,no_action,synthetic_llm_personalization,Synthetic trigger for maintenance; not a Localiza rule.
REC0595,CUST0284,VEH0084,CONTR0284,CTX2018,SYNTHETIC,2026-09-01,franquia_km,high,Ritmo de uso de KM,Você está usando sua franquia acima do ritmo esperado.,Ver meus KMs,open_km,inbox,0.799,opened,False,viewed,rule_engine,Synthetic trigger for franquia_km; not a Localiza rule.
REC0596,CUST0112,VEH0012,CONTR0112,CTX2689,SYNTHETIC,2026-09-23,maintenance,high,Manutenção próxima,Sua revisão está próxima.,Agendar revisão,schedule_maintenance,in_app,0.856,acted,True,need_resolved,synthetic_llm_personalization,Synthetic trigger for maintenance; not a Localiza rule.
REC0597,CUST0498,VEH0098,CONTR0498,CTX1099,SYNTHETIC,2026-08-22,maintenance,high,Manutenção próxima,Sua revisão está próxima.,Agendar revisão,schedule_maintenance,in_app,0.664,opened,False,no_action,rule_engine,Synthetic trigger for maintenance; not a Localiza rule.
REC0598,CUST0020,VEH0020,CONTR0020,CTX1091,SYNTHETIC,2026-09-11,maintenance,high,Manutenção próxima,Sua revisão está próxima.,Agendar revisão,schedule_maintenance,push,0.901,acted,True,no_action,synthetic_llm_personalization,Synthetic trigger for maintenance; not a Localiza rule.
REC0599,CUST0414,VEH0014,CONTR0414,CTX0414,SYNTHETIC,2026-08-09,maintenance,high,Manutenção próxima,Sua revisão está próxima.,Agendar revisão,schedule_maintenance,inbox,0.726,acted,True,need_resolved,synthetic_llm_personalization,Synthetic trigger for maintenance; not a Localiza rule.
REC0600,CUST0285,VEH0085,CONTR0285,CTX2153,SYNTHETIC,2026-08-25,franquia_km,high,Ritmo de uso de KM,Você está usando sua franquia acima do ritmo esperado.,Ver meus KMs,open_km,inbox,0.787,delivered,False,pending,hybrid_recommendation,Synthetic trigger for franquia_km; not a Localiza rule.
REC0601,CUST0373,VEH0073,CONTR0373,CTX2278,SYNTHETIC,2026-08-22,franquia_km,high,Ritmo de uso de KM,Você está usando sua franquia acima do ritmo esperado.,Ver meus KMs,open_km,inbox,0.92,delivered,False,pending,hybrid_recommendation,Synthetic trigger for franquia_km; not a Localiza rule.
REC0602,CUST0449,VEH0049,CONTR0449,CTX2246,SYNTHETIC,2026-08-30,renewal,medium,Renovação próxima,Seu contrato entra em período de renovação.,Revisar meu contrato,review_contract,push,0.861,acted,True,need_resolved,synthetic_llm_personalization,Synthetic trigger for renewal; not a Localiza rule.
REC0603,CUST0327,VEH0027,CONTR0327,CTX1465,SYNTHETIC,2026-09-23,maintenance,high,Manutenção próxima,Sua revisão está próxima.,Agendar revisão,schedule_maintenance,in_app,0.773,opened,False,viewed,hybrid_recommendation,Synthetic trigger for maintenance; not a Localiza rule.
REC0604,CUST0308,VEH0008,CONTR0308,CTX0308,SYNTHETIC,2026-09-03,maintenance,high,Manutenção próxima,Sua revisão está próxima.,Agendar revisão,schedule_maintenance,in_app,0.879,acted,True,viewed,hybrid_recommendation,Synthetic trigger for maintenance; not a Localiza rule.
REC0605,CUST0016,VEH0016,CONTR0016,CTX2343,SYNTHETIC,2026-09-05,maintenance,high,Manutenção próxima,Sua revisão está próxima.,Agendar revisão,schedule_maintenance,push,0.653,opened,False,need_resolved,synthetic_llm_personalization,Synthetic trigger for maintenance; not a Localiza rule.
REC0606,CUST0240,VEH0040,CONTR0240,CTX1909,SYNTHETIC,2026-09-02,maintenance,high,Manutenção próxima,Sua revisão está próxima.,Agendar revisão,schedule_maintenance,inbox,0.873,opened,False,scheduled,rule_engine,Synthetic trigger for maintenance; not a Localiza rule.
REC0607,CUST0352,VEH0052,CONTR0352,CTX1181,SYNTHETIC,2026-08-21,franquia_km,high,Ritmo de uso de KM,Você está usando sua franquia acima do ritmo esperado.,Ver meus KMs,open_km,push,0.894,opened,False,scheduled,synthetic_llm_personalization,Synthetic trigger for franquia_km; not a Localiza rule.
REC0608,CUST0164,VEH0064,CONTR0164,CTX1109,SYNTHETIC,2026-09-29,maintenance,high,Manutenção próxima,Sua revisão está próxima.,Agendar revisão,schedule_maintenance,push,0.908,acted,True,no_action,hybrid_recommendation,Synthetic trigger for maintenance; not a Localiza rule.
REC0609,CUST0240,VEH0040,CONTR0240,CTX1909,SYNTHETIC,2026-08-28,franquia_km,high,Ritmo de uso de KM,Você está usando sua franquia acima do ritmo esperado.,Ver meus KMs,open_km,inbox,0.965,acted,True,scheduled,synthetic_llm_personalization,Synthetic trigger for franquia_km; not a Localiza rule.
REC0610,CUST0367,VEH0067,CONTR0367,CTX1291,SYNTHETIC,2026-09-29,benefit,medium,Benefício contextual,Encontramos um benefício relevante para sua rotina.,Ver benefício,open_benefit,inbox,0.663,acted,True,scheduled,synthetic_llm_personalization,Synthetic trigger for benefit; not a Localiza rule.
REC0611,CUST0342,VEH0042,CONTR0342,CTX0342,SYNTHETIC,2026-08-14,franquia_km,high,Ritmo de uso de KM,Você está usando sua franquia acima do ritmo esperado.,Ver meus KMs,open_km,inbox,0.756,delivered,False,pending,rule_engine,Synthetic trigger for franquia_km; not a Localiza rule.
REC0612,CUST0064,VEH0064,CONTR0064,CTX0912,SYNTHETIC,2026-09-25,franquia_km,high,Ritmo de uso de KM,Você está usando sua franquia acima do ritmo esperado.,Ver meus KMs,open_km,inbox,0.801,opened,False,no_action,synthetic_llm_personalization,Synthetic trigger for franquia_km; not a Localiza rule.
REC0613,CUST0355,VEH0055,CONTR0355,CTX0355,SYNTHETIC,2026-09-14,franquia_km,high,Ritmo de uso de KM,Você está usando sua franquia acima do ritmo esperado.,Ver meus KMs,open_km,in_app,0.97,dismissed,False,pending,rule_engine,Synthetic trigger for franquia_km; not a Localiza rule.
REC0614,CUST0488,VEH0088,CONTR0488,CTX1555,SYNTHETIC,2026-09-05,franquia_km,high,Ritmo de uso de KM,Você está usando sua franquia acima do ritmo esperado.,Ver meus KMs,open_km,push,0.678,acted,True,no_action,hybrid_recommendation,Synthetic trigger for franquia_km; not a Localiza rule.
REC0615,CUST0487,VEH0087,CONTR0487,CTX0556,SYNTHETIC,2026-08-13,maintenance,high,Manutenção próxima,Sua revisão está próxima.,Agendar revisão,schedule_maintenance,push,0.752,opened,False,no_action,rule_engine,Synthetic trigger for maintenance; not a Localiza rule.
REC0616,CUST0357,VEH0057,CONTR0357,CTX0834,SYNTHETIC,2026-09-26,maintenance,high,Manutenção próxima,Sua revisão está próxima.,Agendar revisão,schedule_maintenance,in_app,0.924,opened,False,need_resolved,synthetic_llm_personalization,Synthetic trigger for maintenance; not a Localiza rule.
REC0617,CUST0238,VEH0038,CONTR0238,CTX1655,SYNTHETIC,2026-09-21,maintenance,high,Manutenção próxima,Sua revisão está próxima.,Agendar revisão,schedule_maintenance,push,0.808,delivered,False,pending,rule_engine,Synthetic trigger for maintenance; not a Localiza rule.
REC0618,CUST0355,VEH0055,CONTR0355,CTX1408,SYNTHETIC,2026-09-17,franquia_km,high,Ritmo de uso de KM,Você está usando sua franquia acima do ritmo esperado.,Ver meus KMs,open_km,in_app,0.808,acted,True,scheduled,hybrid_recommendation,Synthetic trigger for franquia_km; not a Localiza rule.
REC0619,CUST0431,VEH0031,CONTR0431,CTX2915,SYNTHETIC,2026-08-13,franquia_km,high,Ritmo de uso de KM,Você está usando sua franquia acima do ritmo esperado.,Ver meus KMs,open_km,inbox,0.843,acted,True,no_action,synthetic_llm_personalization,Synthetic trigger for franquia_km; not a Localiza rule.
REC0620,CUST0457,VEH0057,CONTR0457,CTX1433,SYNTHETIC,2026-09-28,maintenance,high,Manutenção próxima,Sua revisão está próxima.,Agendar revisão,schedule_maintenance,in_app,0.867,acted,True,need_resolved,hybrid_recommendation,Synthetic trigger for maintenance; not a Localiza rule.
REC0621,CUST0409,VEH0009,CONTR0409,CTX1301,SYNTHETIC,2026-09-02,maintenance,high,Manutenção próxima,Sua revisão está próxima.,Agendar revisão,schedule_maintenance,push,0.862,delivered,False,pending,synthetic_llm_personalization,Synthetic trigger for maintenance; not a Localiza rule.
REC0622,CUST0257,VEH0057,CONTR0257,CTX0524,SYNTHETIC,2026-09-21,maintenance,high,Manutenção próxima,Sua revisão está próxima.,Agendar revisão,schedule_maintenance,push,0.809,acted,True,viewed,synthetic_llm_personalization,Synthetic trigger for maintenance; not a Localiza rule.
REC0623,CUST0063,VEH0063,CONTR0063,CTX0546,SYNTHETIC,2026-08-19,franquia_km,high,Ritmo de uso de KM,Você está usando sua franquia acima do ritmo esperado.,Ver meus KMs,open_km,in_app,0.67,dismissed,False,pending,synthetic_llm_personalization,Synthetic trigger for franquia_km; not a Localiza rule.
REC0624,CUST0219,VEH0019,CONTR0219,CTX1683,SYNTHETIC,2026-08-10,maintenance,high,Manutenção próxima,Sua revisão está próxima.,Agendar revisão,schedule_maintenance,push,0.964,delivered,False,pending,synthetic_llm_personalization,Synthetic trigger for maintenance; not a Localiza rule.
REC0625,CUST0195,VEH0095,CONTR0195,CTX1416,SYNTHETIC,2026-09-21,maintenance,high,Manutenção próxima,Sua revisão está próxima.,Agendar revisão,schedule_maintenance,push,0.775,acted,True,need_resolved,hybrid_recommendation,Synthetic trigger for maintenance; not a Localiza rule.
REC0626,CUST0030,VEH0030,CONTR0030,CTX0030,SYNTHETIC,2026-08-05,long_trip,medium,Padrão de viagem,Você vem fazendo viagens longas com frequência.,Preparar viagem,open_planner,push,0.742,opened,False,scheduled,hybrid_recommendation,Synthetic trigger for long_trip; not a Localiza rule.
REC0627,CUST0455,VEH0055,CONTR0455,CTX2660,SYNTHETIC,2026-09-30,franquia_km,high,Ritmo de uso de KM,Você está usando sua franquia acima do ritmo esperado.,Ver meus KMs,open_km,inbox,0.762,opened,False,no_action,rule_engine,Synthetic trigger for franquia_km; not a Localiza rule.
REC0628,CUST0162,VEH0062,CONTR0162,CTX0162,SYNTHETIC,2026-09-18,renewal,high,Renovação próxima,Seu contrato entra em período de renovação.,Revisar meu contrato,review_contract,in_app,0.675,acted,True,viewed,hybrid_recommendation,Synthetic trigger for renewal; not a Localiza rule.
REC0629,CUST0056,VEH0056,CONTR0056,CTX0056,SYNTHETIC,2026-08-04,benefit,medium,Benefício contextual,Encontramos um benefício relevante para sua rotina.,Ver benefício,open_benefit,in_app,0.868,acted,True,need_resolved,hybrid_recommendation,Synthetic trigger for benefit; not a Localiza rule.
REC0630,CUST0006,VEH0006,CONTR0006,CTX1761,SYNTHETIC,2026-08-21,maintenance,high,Manutenção próxima,Sua revisão está próxima.,Agendar revisão,schedule_maintenance,inbox,0.719,acted,True,need_resolved,hybrid_recommendation,Synthetic trigger for maintenance; not a Localiza rule.
REC0631,CUST0447,VEH0047,CONTR0447,CTX1266,SYNTHETIC,2026-09-12,maintenance,high,Manutenção próxima,Sua revisão está próxima.,Agendar revisão,schedule_maintenance,push,0.706,dismissed,False,pending,hybrid_recommendation,Synthetic trigger for maintenance; not a Localiza rule.
REC0632,CUST0402,VEH0002,CONTR0402,CTX1772,SYNTHETIC,2026-09-08,long_trip,medium,Padrão de viagem,Você vem fazendo viagens longas com frequência.,Preparar viagem,open_planner,in_app,0.841,acted,True,scheduled,hybrid_recommendation,Synthetic trigger for long_trip; not a Localiza rule.
REC0633,CUST0397,VEH0097,CONTR0397,CTX2090,SYNTHETIC,2026-09-25,maintenance,high,Manutenção próxima,Sua revisão está próxima.,Agendar revisão,schedule_maintenance,inbox,0.756,acted,True,viewed,hybrid_recommendation,Synthetic trigger for maintenance; not a Localiza rule.
REC0634,CUST0377,VEH0077,CONTR0377,CTX0855,SYNTHETIC,2026-08-28,maintenance,high,Manutenção próxima,Sua revisão está próxima.,Agendar revisão,schedule_maintenance,push,0.939,acted,True,viewed,hybrid_recommendation,Synthetic trigger for maintenance; not a Localiza rule.
REC0635,CUST0108,VEH0008,CONTR0108,CTX2912,SYNTHETIC,2026-08-06,renewal,medium,Renovação próxima,Seu contrato entra em período de renovação.,Revisar meu contrato,review_contract,push,0.832,acted,True,scheduled,hybrid_recommendation,Synthetic trigger for renewal; not a Localiza rule.
REC0636,CUST0272,VEH0072,CONTR0272,CTX1150,SYNTHETIC,2026-09-28,maintenance,high,Manutenção próxima,Sua revisão está próxima.,Agendar revisão,schedule_maintenance,inbox,0.686,acted,True,viewed,rule_engine,Synthetic trigger for maintenance; not a Localiza rule.
REC0637,CUST0094,VEH0094,CONTR0094,CTX1985,SYNTHETIC,2026-09-09,renewal,medium,Renovação próxima,Seu contrato entra em período de renovação.,Revisar meu contrato,review_contract,inbox,0.776,delivered,False,pending,rule_engine,Synthetic trigger for renewal; not a Localiza rule.
REC0638,CUST0423,VEH0023,CONTR0423,CTX1610,SYNTHETIC,2026-08-18,franquia_km,high,Ritmo de uso de KM,Você está usando sua franquia acima do ritmo esperado.,Ver meus KMs,open_km,in_app,0.973,opened,False,viewed,synthetic_llm_personalization,Synthetic trigger for franquia_km; not a Localiza rule.
REC0639,CUST0088,VEH0088,CONTR0088,CTX2974,SYNTHETIC,2026-09-10,franquia_km,high,Ritmo de uso de KM,Você está usando sua franquia acima do ritmo esperado.,Ver meus KMs,open_km,in_app,0.965,opened,False,no_action,hybrid_recommendation,Synthetic trigger for franquia_km; not a Localiza rule.
REC0640,CUST0024,VEH0024,CONTR0024,CTX2437,SYNTHETIC,2026-08-25,maintenance,high,Manutenção próxima,Sua revisão está próxima.,Agendar revisão,schedule_maintenance,inbox,0.95,opened,False,no_action,rule_engine,Synthetic trigger for maintenance; not a Localiza rule.
REC0641,CUST0185,VEH0085,CONTR0185,CTX1792,SYNTHETIC,2026-08-10,franquia_km,high,Ritmo de uso de KM,Você está usando sua franquia acima do ritmo esperado.,Ver meus KMs,open_km,push,0.96,acted,True,viewed,rule_engine,Synthetic trigger for franquia_km; not a Localiza rule.
REC0642,CUST0144,VEH0044,CONTR0144,CTX2773,SYNTHETIC,2026-09-13,maintenance,high,Manutenção próxima,Sua revisão está próxima.,Agendar revisão,schedule_maintenance,push,0.842,opened,False,viewed,synthetic_llm_personalization,Synthetic trigger for maintenance; not a Localiza rule.
REC0643,CUST0126,VEH0026,CONTR0126,CTX0126,SYNTHETIC,2026-09-13,franquia_km,high,Ritmo de uso de KM,Você está usando sua franquia acima do ritmo esperado.,Ver meus KMs,open_km,in_app,0.667,opened,False,need_resolved,hybrid_recommendation,Synthetic trigger for franquia_km; not a Localiza rule.
REC0644,CUST0291,VEH0091,CONTR0291,CTX1850,SYNTHETIC,2026-08-03,franquia_km,high,Ritmo de uso de KM,Você está usando sua franquia acima do ritmo esperado.,Ver meus KMs,open_km,in_app,0.783,acted,True,no_action,rule_engine,Synthetic trigger for franquia_km; not a Localiza rule.
REC0645,CUST0492,VEH0092,CONTR0492,CTX2209,SYNTHETIC,2026-09-08,franquia_km,high,Ritmo de uso de KM,Você está usando sua franquia acima do ritmo esperado.,Ver meus KMs,open_km,in_app,0.819,opened,False,scheduled,synthetic_llm_personalization,Synthetic trigger for franquia_km; not a Localiza rule.
REC0646,CUST0181,VEH0081,CONTR0181,CTX1818,SYNTHETIC,2026-09-07,franquia_km,high,Ritmo de uso de KM,Você está usando sua franquia acima do ritmo esperado.,Ver meus KMs,open_km,in_app,0.848,acted,True,scheduled,rule_engine,Synthetic trigger for franquia_km; not a Localiza rule.
REC0647,CUST0012,VEH0012,CONTR0012,CTX0998,SYNTHETIC,2026-09-21,franquia_km,high,Ritmo de uso de KM,Você está usando sua franquia acima do ritmo esperado.,Ver meus KMs,open_km,push,0.736,delivered,False,pending,hybrid_recommendation,Synthetic trigger for franquia_km; not a Localiza rule.
REC0648,CUST0375,VEH0075,CONTR0375,CTX0510,SYNTHETIC,2026-09-29,renewal,medium,Renovação próxima,Seu contrato entra em período de renovação.,Revisar meu contrato,review_contract,in_app,0.907,acted,True,need_resolved,synthetic_llm_personalization,Synthetic trigger for renewal; not a Localiza rule.
REC0649,CUST0427,VEH0027,CONTR0427,CTX1966,SYNTHETIC,2026-09-22,franquia_km,high,Ritmo de uso de KM,Você está usando sua franquia acima do ritmo esperado.,Ver meus KMs,open_km,inbox,0.903,acted,True,no_action,rule_engine,Synthetic trigger for franquia_km; not a Localiza rule.
REC0650,CUST0226,VEH0026,CONTR0226,CTX1081,SYNTHETIC,2026-09-08,support,medium,Sinal de suporte,Detectamos um sinal que pode exigir atenção.,Abrir suporte,open_support,inbox,0.969,dismissed,False,pending,rule_engine,Synthetic trigger for support; not a Localiza rule.
REC0651,CUST0362,VEH0062,CONTR0362,CTX2629,SYNTHETIC,2026-09-06,maintenance,high,Manutenção próxima,Sua revisão está próxima.,Agendar revisão,schedule_maintenance,in_app,0.724,delivered,False,pending,hybrid_recommendation,Synthetic trigger for maintenance; not a Localiza rule.
REC0652,CUST0031,VEH0031,CONTR0031,CTX0708,SYNTHETIC,2026-08-13,maintenance,high,Manutenção próxima,Sua revisão está próxima.,Agendar revisão,schedule_maintenance,inbox,0.751,dismissed,False,pending,synthetic_llm_personalization,Synthetic trigger for maintenance; not a Localiza rule.
REC0653,CUST0325,VEH0025,CONTR0325,CTX2014,SYNTHETIC,2026-08-02,low_use,medium,Baixo uso,Seu carro teve pouco uso no período recente.,Ver minha mobilidade,open_mobility,in_app,0.806,dismissed,False,pending,synthetic_llm_personalization,Synthetic trigger for low_use; not a Localiza rule.
REC0654,CUST0184,VEH0084,CONTR0184,CTX0895,SYNTHETIC,2026-09-26,maintenance,high,Manutenção próxima,Sua revisão está próxima.,Agendar revisão,schedule_maintenance,push,0.851,delivered,False,pending,hybrid_recommendation,Synthetic trigger for maintenance; not a Localiza rule.
REC0655,CUST0292,VEH0092,CONTR0292,CTX1219,SYNTHETIC,2026-08-11,maintenance,high,Manutenção próxima,Sua revisão está próxima.,Agendar revisão,schedule_maintenance,push,0.856,opened,False,viewed,synthetic_llm_personalization,Synthetic trigger for maintenance; not a Localiza rule.
REC0656,CUST0320,VEH0020,CONTR0320,CTX1444,SYNTHETIC,2026-08-06,franquia_km,high,Ritmo de uso de KM,Você está usando sua franquia acima do ritmo esperado.,Ver meus KMs,open_km,in_app,0.709,acted,True,scheduled,synthetic_llm_personalization,Synthetic trigger for franquia_km; not a Localiza rule.
REC0657,CUST0056,VEH0056,CONTR0056,CTX1782,SYNTHETIC,2026-08-07,low_use,medium,Baixo uso,Seu carro teve pouco uso no período recente.,Ver minha mobilidade,open_mobility,inbox,0.922,acted,True,no_action,synthetic_llm_personalization,Synthetic trigger for low_use; not a Localiza rule.
REC0658,CUST0055,VEH0055,CONTR0055,CTX2119,SYNTHETIC,2026-08-08,franquia_km,high,Ritmo de uso de KM,Você está usando sua franquia acima do ritmo esperado.,Ver meus KMs,open_km,in_app,0.967,delivered,False,pending,hybrid_recommendation,Synthetic trigger for franquia_km; not a Localiza rule.
REC0659,CUST0462,VEH0062,CONTR0462,CTX0462,SYNTHETIC,2026-08-24,franquia_km,high,Ritmo de uso de KM,Você está usando sua franquia acima do ritmo esperado.,Ver meus KMs,open_km,in_app,0.784,delivered,False,pending,synthetic_llm_personalization,Synthetic trigger for franquia_km; not a Localiza rule.
REC0660,CUST0469,VEH0069,CONTR0469,CTX1498,SYNTHETIC,2026-09-25,franquia_km,high,Ritmo de uso de KM,Você está usando sua franquia acima do ritmo esperado.,Ver meus KMs,open_km,push,0.789,opened,False,viewed,synthetic_llm_personalization,Synthetic trigger for franquia_km; not a Localiza rule.
REC0661,CUST0016,VEH0016,CONTR0016,CTX2121,SYNTHETIC,2026-08-03,renewal,high,Renovação próxima,Seu contrato entra em período de renovação.,Revisar meu contrato,review_contract,push,0.764,opened,False,viewed,rule_engine,Synthetic trigger for renewal; not a Localiza rule.
REC0662,CUST0042,VEH0042,CONTR0042,CTX0631,SYNTHETIC,2026-09-17,franquia_km,high,Ritmo de uso de KM,Você está usando sua franquia acima do ritmo esperado.,Ver meus KMs,open_km,inbox,0.677,acted,True,need_resolved,rule_engine,Synthetic trigger for franquia_km; not a Localiza rule.
REC0663,CUST0180,VEH0080,CONTR0180,CTX0180,SYNTHETIC,2026-08-17,renewal,medium,Renovação próxima,Seu contrato entra em período de renovação.,Revisar meu contrato,review_contract,in_app,0.831,dismissed,False,pending,synthetic_llm_personalization,Synthetic trigger for renewal; not a Localiza rule.
REC0664,CUST0083,VEH0083,CONTR0083,CTX0083,SYNTHETIC,2026-08-19,maintenance,high,Manutenção próxima,Sua revisão está próxima.,Agendar revisão,schedule_maintenance,inbox,0.765,acted,True,viewed,rule_engine,Synthetic trigger for maintenance; not a Localiza rule.
REC0665,CUST0407,VEH0007,CONTR0407,CTX2701,SYNTHETIC,2026-08-02,franquia_km,high,Ritmo de uso de KM,Você está usando sua franquia acima do ritmo esperado.,Ver meus KMs,open_km,in_app,0.8,dismissed,False,pending,hybrid_recommendation,Synthetic trigger for franquia_km; not a Localiza rule.
REC0666,CUST0252,VEH0052,CONTR0252,CTX1314,SYNTHETIC,2026-08-23,maintenance,high,Manutenção próxima,Sua revisão está próxima.,Agendar revisão,schedule_maintenance,in_app,0.758,delivered,False,pending,hybrid_recommendation,Synthetic trigger for maintenance; not a Localiza rule.
REC0667,CUST0112,VEH0012,CONTR0112,CTX0654,SYNTHETIC,2026-08-12,support,high,Sinal de suporte,Detectamos um sinal que pode exigir atenção.,Abrir suporte,open_support,in_app,0.893,delivered,False,pending,synthetic_llm_personalization,Synthetic trigger for support; not a Localiza rule.
REC0668,CUST0494,VEH0094,CONTR0494,CTX1737,SYNTHETIC,2026-08-13,franquia_km,high,Ritmo de uso de KM,Você está usando sua franquia acima do ritmo esperado.,Ver meus KMs,open_km,inbox,0.847,acted,True,need_resolved,hybrid_recommendation,Synthetic trigger for franquia_km; not a Localiza rule.
REC0669,CUST0062,VEH0062,CONTR0062,CTX0062,SYNTHETIC,2026-09-07,franquia_km,high,Ritmo de uso de KM,Você está usando sua franquia acima do ritmo esperado.,Ver meus KMs,open_km,in_app,0.817,delivered,False,pending,rule_engine,Synthetic trigger for franquia_km; not a Localiza rule.
REC0670,CUST0035,VEH0035,CONTR0035,CTX0670,SYNTHETIC,2026-08-22,franquia_km,high,Ritmo de uso de KM,Você está usando sua franquia acima do ritmo esperado.,Ver meus KMs,open_km,inbox,0.735,delivered,False,pending,synthetic_llm_personalization,Synthetic trigger for franquia_km; not a Localiza rule.
REC0671,CUST0268,VEH0068,CONTR0268,CTX1767,SYNTHETIC,2026-08-26,franquia_km,high,Ritmo de uso de KM,Você está usando sua franquia acima do ritmo esperado.,Ver meus KMs,open_km,inbox,0.918,dismissed,False,pending,hybrid_recommendation,Synthetic trigger for franquia_km; not a Localiza rule.
REC0672,CUST0111,VEH0011,CONTR0111,CTX2723,SYNTHETIC,2026-09-01,maintenance,high,Manutenção próxima,Sua revisão está próxima.,Agendar revisão,schedule_maintenance,in_app,0.688,dismissed,False,pending,rule_engine,Synthetic trigger for maintenance; not a Localiza rule.
REC0673,CUST0183,VEH0083,CONTR0183,CTX0508,SYNTHETIC,2026-09-19,maintenance,high,Manutenção próxima,Sua revisão está próxima.,Agendar revisão,schedule_maintenance,in_app,0.839,acted,True,scheduled,rule_engine,Synthetic trigger for maintenance; not a Localiza rule.
REC0674,CUST0341,VEH0041,CONTR0341,CTX2718,SYNTHETIC,2026-09-28,franquia_km,high,Ritmo de uso de KM,Você está usando sua franquia acima do ritmo esperado.,Ver meus KMs,open_km,push,0.862,dismissed,False,pending,rule_engine,Synthetic trigger for franquia_km; not a Localiza rule.
REC0675,CUST0240,VEH0040,CONTR0240,CTX1788,SYNTHETIC,2026-09-25,franquia_km,high,Ritmo de uso de KM,Você está usando sua franquia acima do ritmo esperado.,Ver meus KMs,open_km,in_app,0.858,dismissed,False,pending,rule_engine,Synthetic trigger for franquia_km; not a Localiza rule.
REC0676,CUST0456,VEH0056,CONTR0456,CTX1563,SYNTHETIC,2026-08-15,franquia_km,high,Ritmo de uso de KM,Você está usando sua franquia acima do ritmo esperado.,Ver meus KMs,open_km,push,0.826,dismissed,False,pending,rule_engine,Synthetic trigger for franquia_km; not a Localiza rule.
REC0677,CUST0458,VEH0058,CONTR0458,CTX0712,SYNTHETIC,2026-08-04,maintenance,high,Manutenção próxima,Sua revisão está próxima.,Agendar revisão,schedule_maintenance,push,0.856,opened,False,need_resolved,synthetic_llm_personalization,Synthetic trigger for maintenance; not a Localiza rule.
REC0678,CUST0077,VEH0077,CONTR0077,CTX0572,SYNTHETIC,2026-08-24,maintenance,high,Manutenção próxima,Sua revisão está próxima.,Agendar revisão,schedule_maintenance,in_app,0.811,delivered,False,pending,rule_engine,Synthetic trigger for maintenance; not a Localiza rule.
REC0679,CUST0015,VEH0015,CONTR0015,CTX1392,SYNTHETIC,2026-08-07,maintenance,high,Manutenção próxima,Sua revisão está próxima.,Agendar revisão,schedule_maintenance,in_app,0.971,opened,False,need_resolved,synthetic_llm_personalization,Synthetic trigger for maintenance; not a Localiza rule.
REC0680,CUST0300,VEH0100,CONTR0300,CTX0890,SYNTHETIC,2026-08-21,maintenance,high,Manutenção próxima,Sua revisão está próxima.,Agendar revisão,schedule_maintenance,inbox,0.76,delivered,False,pending,hybrid_recommendation,Synthetic trigger for maintenance; not a Localiza rule.
REC0681,CUST0396,VEH0096,CONTR0396,CTX0396,SYNTHETIC,2026-08-10,maintenance,high,Manutenção próxima,Sua revisão está próxima.,Agendar revisão,schedule_maintenance,push,0.926,delivered,False,pending,synthetic_llm_personalization,Synthetic trigger for maintenance; not a Localiza rule.
REC0682,CUST0265,VEH0065,CONTR0265,CTX2999,SYNTHETIC,2026-09-02,maintenance,high,Manutenção próxima,Sua revisão está próxima.,Agendar revisão,schedule_maintenance,push,0.801,opened,False,need_resolved,rule_engine,Synthetic trigger for maintenance; not a Localiza rule.
REC0683,CUST0086,VEH0086,CONTR0086,CTX0583,SYNTHETIC,2026-08-29,maintenance,high,Manutenção próxima,Sua revisão está próxima.,Agendar revisão,schedule_maintenance,inbox,0.669,dismissed,False,pending,hybrid_recommendation,Synthetic trigger for maintenance; not a Localiza rule.
REC0684,CUST0443,VEH0043,CONTR0443,CTX0443,SYNTHETIC,2026-09-13,franquia_km,high,Ritmo de uso de KM,Você está usando sua franquia acima do ritmo esperado.,Ver meus KMs,open_km,in_app,0.808,dismissed,False,pending,rule_engine,Synthetic trigger for franquia_km; not a Localiza rule.
REC0685,CUST0087,VEH0087,CONTR0087,CTX0944,SYNTHETIC,2026-08-02,franquia_km,high,Ritmo de uso de KM,Você está usando sua franquia acima do ritmo esperado.,Ver meus KMs,open_km,in_app,0.967,opened,False,need_resolved,hybrid_recommendation,Synthetic trigger for franquia_km; not a Localiza rule.
REC0686,CUST0263,VEH0063,CONTR0263,CTX2847,SYNTHETIC,2026-09-09,maintenance,high,Manutenção próxima,Sua revisão está próxima.,Agendar revisão,schedule_maintenance,inbox,0.888,opened,False,no_action,hybrid_recommendation,Synthetic trigger for maintenance; not a Localiza rule.
REC0687,CUST0175,VEH0075,CONTR0175,CTX1720,SYNTHETIC,2026-08-26,benefit,high,Benefício contextual,Encontramos um benefício relevante para sua rotina.,Ver benefício,open_benefit,in_app,0.753,acted,True,need_resolved,hybrid_recommendation,Synthetic trigger for benefit; not a Localiza rule.
REC0688,CUST0317,VEH0017,CONTR0317,CTX2558,SYNTHETIC,2026-09-16,franquia_km,high,Ritmo de uso de KM,Você está usando sua franquia acima do ritmo esperado.,Ver meus KMs,open_km,push,0.79,delivered,False,pending,hybrid_recommendation,Synthetic trigger for franquia_km; not a Localiza rule.
REC0689,CUST0347,VEH0047,CONTR0347,CTX1893,SYNTHETIC,2026-09-04,maintenance,high,Manutenção próxima,Sua revisão está próxima.,Agendar revisão,schedule_maintenance,push,0.685,delivered,False,pending,rule_engine,Synthetic trigger for maintenance; not a Localiza rule.
REC0690,CUST0148,VEH0048,CONTR0148,CTX2616,SYNTHETIC,2026-09-12,franquia_km,high,Ritmo de uso de KM,Você está usando sua franquia acima do ritmo esperado.,Ver meus KMs,open_km,in_app,0.871,delivered,False,pending,hybrid_recommendation,Synthetic trigger for franquia_km; not a Localiza rule.
REC0691,CUST0392,VEH0092,CONTR0392,CTX2755,SYNTHETIC,2026-09-29,renewal,medium,Renovação próxima,Seu contrato entra em período de renovação.,Revisar meu contrato,review_contract,inbox,0.975,opened,False,viewed,hybrid_recommendation,Synthetic trigger for renewal; not a Localiza rule.
REC0692,CUST0075,VEH0075,CONTR0075,CTX0075,SYNTHETIC,2026-08-20,maintenance,high,Manutenção próxima,Sua revisão está próxima.,Agendar revisão,schedule_maintenance,in_app,0.966,opened,False,scheduled,synthetic_llm_personalization,Synthetic trigger for maintenance; not a Localiza rule.
REC0693,CUST0463,VEH0063,CONTR0463,CTX0992,SYNTHETIC,2026-08-04,maintenance,high,Manutenção próxima,Sua revisão está próxima.,Agendar revisão,schedule_maintenance,inbox,0.906,acted,True,no_action,hybrid_recommendation,Synthetic trigger for maintenance; not a Localiza rule.
REC0694,CUST0132,VEH0032,CONTR0132,CTX0132,SYNTHETIC,2026-08-27,maintenance,high,Manutenção próxima,Sua revisão está próxima.,Agendar revisão,schedule_maintenance,inbox,0.948,dismissed,False,pending,hybrid_recommendation,Synthetic trigger for maintenance; not a Localiza rule.
REC0695,CUST0289,VEH0089,CONTR0289,CTX1400,SYNTHETIC,2026-08-23,maintenance,high,Manutenção próxima,Sua revisão está próxima.,Agendar revisão,schedule_maintenance,in_app,0.976,opened,False,need_resolved,rule_engine,Synthetic trigger for maintenance; not a Localiza rule.
REC0696,CUST0203,VEH0003,CONTR0203,CTX2269,SYNTHETIC,2026-09-04,maintenance,high,Manutenção próxima,Sua revisão está próxima.,Agendar revisão,schedule_maintenance,push,0.973,delivered,False,pending,synthetic_llm_personalization,Synthetic trigger for maintenance; not a Localiza rule.
REC0697,CUST0230,VEH0030,CONTR0230,CTX0787,SYNTHETIC,2026-09-03,franquia_km,high,Ritmo de uso de KM,Você está usando sua franquia acima do ritmo esperado.,Ver meus KMs,open_km,inbox,0.858,acted,True,viewed,rule_engine,Synthetic trigger for franquia_km; not a Localiza rule.
REC0698,CUST0233,VEH0033,CONTR0233,CTX2545,SYNTHETIC,2026-09-21,franquia_km,high,Ritmo de uso de KM,Você está usando sua franquia acima do ritmo esperado.,Ver meus KMs,open_km,push,0.845,delivered,False,pending,rule_engine,Synthetic trigger for franquia_km; not a Localiza rule.
REC0699,CUST0221,VEH0021,CONTR0221,CTX1622,SYNTHETIC,2026-08-24,maintenance,high,Manutenção próxima,Sua revisão está próxima.,Agendar revisão,schedule_maintenance,inbox,0.989,acted,True,viewed,rule_engine,Synthetic trigger for maintenance; not a Localiza rule.
REC0700,CUST0480,VEH0080,CONTR0480,CTX1410,SYNTHETIC,2026-09-14,franquia_km,high,Ritmo de uso de KM,Você está usando sua franquia acima do ritmo esperado.,Ver meus KMs,open_km,push,0.651,acted,True,need_resolved,hybrid_recommendation,Synthetic trigger for franquia_km; not a Localiza rule.
REC0701,CUST0322,VEH0022,CONTR0322,CTX2222,SYNTHETIC,2026-08-11,maintenance,high,Manutenção próxima,Sua revisão está próxima.,Agendar revisão,schedule_maintenance,inbox,0.935,opened,False,viewed,hybrid_recommendation,Synthetic trigger for maintenance; not a Localiza rule.
REC0702,CUST0403,VEH0003,CONTR0403,CTX2320,SYNTHETIC,2026-08-18,maintenance,high,Manutenção próxima,Sua revisão está próxima.,Agendar revisão,schedule_maintenance,inbox,0.697,opened,False,need_resolved,rule_engine,Synthetic trigger for maintenance; not a Localiza rule.
REC0703,CUST0343,VEH0043,CONTR0343,CTX1894,SYNTHETIC,2026-09-10,maintenance,high,Manutenção próxima,Sua revisão está próxima.,Agendar revisão,schedule_maintenance,push,0.69,dismissed,False,pending,hybrid_recommendation,Synthetic trigger for maintenance; not a Localiza rule.
REC0704,CUST0200,VEH0100,CONTR0200,CTX1272,SYNTHETIC,2026-09-22,franquia_km,high,Ritmo de uso de KM,Você está usando sua franquia acima do ritmo esperado.,Ver meus KMs,open_km,in_app,0.652,dismissed,False,pending,synthetic_llm_personalization,Synthetic trigger for franquia_km; not a Localiza rule.
REC0705,CUST0400,VEH0100,CONTR0400,CTX2441,SYNTHETIC,2026-08-26,maintenance,high,Manutenção próxima,Sua revisão está próxima.,Agendar revisão,schedule_maintenance,push,0.918,opened,False,need_resolved,hybrid_recommendation,Synthetic trigger for maintenance; not a Localiza rule.
REC0706,CUST0120,VEH0020,CONTR0120,CTX0517,SYNTHETIC,2026-09-20,franquia_km,high,Ritmo de uso de KM,Você está usando sua franquia acima do ritmo esperado.,Ver meus KMs,open_km,push,0.914,acted,True,no_action,rule_engine,Synthetic trigger for franquia_km; not a Localiza rule.
REC0707,CUST0004,VEH0004,CONTR0004,CTX2295,SYNTHETIC,2026-10-01,maintenance,high,Manutenção próxima,Sua revisão está próxima.,Agendar revisão,schedule_maintenance,push,0.962,acted,True,scheduled,hybrid_recommendation,Synthetic trigger for maintenance; not a Localiza rule.
REC0708,CUST0335,VEH0035,CONTR0335,CTX2571,SYNTHETIC,2026-09-30,maintenance,high,Manutenção próxima,Sua revisão está próxima.,Agendar revisão,schedule_maintenance,in_app,0.957,dismissed,False,pending,hybrid_recommendation,Synthetic trigger for maintenance; not a Localiza rule.
REC0709,CUST0038,VEH0038,CONTR0038,CTX0038,SYNTHETIC,2026-08-21,franquia_km,high,Ritmo de uso de KM,Você está usando sua franquia acima do ritmo esperado.,Ver meus KMs,open_km,in_app,0.693,opened,False,viewed,hybrid_recommendation,Synthetic trigger for franquia_km; not a Localiza rule.
REC0710,CUST0375,VEH0075,CONTR0375,CTX2379,SYNTHETIC,2026-08-06,renewal,medium,Renovação próxima,Seu contrato entra em período de renovação.,Revisar meu contrato,review_contract,inbox,0.855,opened,False,no_action,synthetic_llm_personalization,Synthetic trigger for renewal; not a Localiza rule.
REC0711,CUST0411,VEH0011,CONTR0411,CTX2352,SYNTHETIC,2026-09-30,franquia_km,high,Ritmo de uso de KM,Você está usando sua franquia acima do ritmo esperado.,Ver meus KMs,open_km,inbox,0.819,acted,True,need_resolved,hybrid_recommendation,Synthetic trigger for franquia_km; not a Localiza rule.
REC0712,CUST0023,VEH0023,CONTR0023,CTX0023,SYNTHETIC,2026-09-07,support,medium,Sinal de suporte,Detectamos um sinal que pode exigir atenção.,Abrir suporte,open_support,in_app,0.933,opened,False,scheduled,rule_engine,Synthetic trigger for support; not a Localiza rule.
REC0713,CUST0447,VEH0047,CONTR0447,CTX2305,SYNTHETIC,2026-09-14,maintenance,high,Manutenção próxima,Sua revisão está próxima.,Agendar revisão,schedule_maintenance,inbox,0.851,delivered,False,pending,synthetic_llm_personalization,Synthetic trigger for maintenance; not a Localiza rule.
REC0714,CUST0445,VEH0045,CONTR0445,CTX2762,SYNTHETIC,2026-09-13,franquia_km,high,Ritmo de uso de KM,Você está usando sua franquia acima do ritmo esperado.,Ver meus KMs,open_km,in_app,0.782,dismissed,False,pending,hybrid_recommendation,Synthetic trigger for franquia_km; not a Localiza rule.
REC0715,CUST0043,VEH0043,CONTR0043,CTX2924,SYNTHETIC,2026-08-10,franquia_km,high,Ritmo de uso de KM,Você está usando sua franquia acima do ritmo esperado.,Ver meus KMs,open_km,push,0.731,acted,True,no_action,hybrid_recommendation,Synthetic trigger for franquia_km; not a Localiza rule.
REC0716,CUST0096,VEH0096,CONTR0096,CTX0096,SYNTHETIC,2026-08-17,franquia_km,high,Ritmo de uso de KM,Você está usando sua franquia acima do ritmo esperado.,Ver meus KMs,open_km,push,0.922,dismissed,False,pending,rule_engine,Synthetic trigger for franquia_km; not a Localiza rule.
REC0717,CUST0379,VEH0079,CONTR0379,CTX1924,SYNTHETIC,2026-08-30,maintenance,high,Manutenção próxima,Sua revisão está próxima.,Agendar revisão,schedule_maintenance,push,0.796,opened,False,scheduled,hybrid_recommendation,Synthetic trigger for maintenance; not a Localiza rule.
REC0718,CUST0390,VEH0090,CONTR0390,CTX1716,SYNTHETIC,2026-09-14,support,medium,Sinal de suporte,Detectamos um sinal que pode exigir atenção.,Abrir suporte,open_support,in_app,0.816,opened,False,viewed,rule_engine,Synthetic trigger for support; not a Localiza rule.
REC0719,CUST0322,VEH0022,CONTR0322,CTX0322,SYNTHETIC,2026-08-24,maintenance,high,Manutenção próxima,Sua revisão está próxima.,Agendar revisão,schedule_maintenance,inbox,0.82,acted,True,scheduled,hybrid_recommendation,Synthetic trigger for maintenance; not a Localiza rule.
REC0720,CUST0107,VEH0007,CONTR0107,CTX1414,SYNTHETIC,2026-09-20,renewal,medium,Renovação próxima,Seu contrato entra em período de renovação.,Revisar meu contrato,review_contract,in_app,0.865,acted,True,scheduled,rule_engine,Synthetic trigger for renewal; not a Localiza rule.
REC0721,CUST0366,VEH0066,CONTR0366,CTX0749,SYNTHETIC,2026-08-11,maintenance,high,Manutenção próxima,Sua revisão está próxima.,Agendar revisão,schedule_maintenance,inbox,0.955,acted,True,scheduled,rule_engine,Synthetic trigger for maintenance; not a Localiza rule.
REC0722,CUST0161,VEH0061,CONTR0161,CTX2895,SYNTHETIC,2026-08-18,maintenance,high,Manutenção próxima,Sua revisão está próxima.,Agendar revisão,schedule_maintenance,in_app,0.722,delivered,False,pending,rule_engine,Synthetic trigger for maintenance; not a Localiza rule.
REC0723,CUST0339,VEH0039,CONTR0339,CTX2333,SYNTHETIC,2026-08-02,maintenance,high,Manutenção próxima,Sua revisão está próxima.,Agendar revisão,schedule_maintenance,inbox,0.738,acted,True,viewed,hybrid_recommendation,Synthetic trigger for maintenance; not a Localiza rule.
REC0724,CUST0233,VEH0033,CONTR0233,CTX2545,SYNTHETIC,2026-08-09,franquia_km,high,Ritmo de uso de KM,Você está usando sua franquia acima do ritmo esperado.,Ver meus KMs,open_km,inbox,0.74,delivered,False,pending,synthetic_llm_personalization,Synthetic trigger for franquia_km; not a Localiza rule.
REC0725,CUST0487,VEH0087,CONTR0487,CTX0849,SYNTHETIC,2026-10-01,maintenance,high,Manutenção próxima,Sua revisão está próxima.,Agendar revisão,schedule_maintenance,push,0.757,opened,False,scheduled,synthetic_llm_personalization,Synthetic trigger for maintenance; not a Localiza rule.
REC0726,CUST0044,VEH0044,CONTR0044,CTX0044,SYNTHETIC,2026-08-10,franquia_km,high,Ritmo de uso de KM,Você está usando sua franquia acima do ritmo esperado.,Ver meus KMs,open_km,inbox,0.755,opened,False,no_action,synthetic_llm_personalization,Synthetic trigger for franquia_km; not a Localiza rule.
REC0727,CUST0206,VEH0006,CONTR0206,CTX1724,SYNTHETIC,2026-08-02,franquia_km,high,Ritmo de uso de KM,Você está usando sua franquia acima do ritmo esperado.,Ver meus KMs,open_km,push,0.906,acted,True,no_action,hybrid_recommendation,Synthetic trigger for franquia_km; not a Localiza rule.
REC0728,CUST0419,VEH0019,CONTR0419,CTX2919,SYNTHETIC,2026-08-07,maintenance,high,Manutenção próxima,Sua revisão está próxima.,Agendar revisão,schedule_maintenance,push,0.813,opened,False,no_action,rule_engine,Synthetic trigger for maintenance; not a Localiza rule.
REC0729,CUST0288,VEH0088,CONTR0288,CTX1642,SYNTHETIC,2026-08-30,franquia_km,high,Ritmo de uso de KM,Você está usando sua franquia acima do ritmo esperado.,Ver meus KMs,open_km,inbox,0.901,delivered,False,pending,hybrid_recommendation,Synthetic trigger for franquia_km; not a Localiza rule.
REC0730,CUST0436,VEH0036,CONTR0436,CTX0792,SYNTHETIC,2026-08-06,support,medium,Sinal de suporte,Detectamos um sinal que pode exigir atenção.,Abrir suporte,open_support,push,0.965,opened,False,need_resolved,hybrid_recommendation,Synthetic trigger for support; not a Localiza rule.
REC0731,CUST0187,VEH0087,CONTR0187,CTX0187,SYNTHETIC,2026-08-23,franquia_km,high,Ritmo de uso de KM,Você está usando sua franquia acima do ritmo esperado.,Ver meus KMs,open_km,inbox,0.827,opened,False,scheduled,synthetic_llm_personalization,Synthetic trigger for franquia_km; not a Localiza rule.
REC0732,CUST0286,VEH0086,CONTR0286,CTX1744,SYNTHETIC,2026-09-08,maintenance,high,Manutenção próxima,Sua revisão está próxima.,Agendar revisão,schedule_maintenance,push,0.902,delivered,False,pending,rule_engine,Synthetic trigger for maintenance; not a Localiza rule.
REC0733,CUST0086,VEH0086,CONTR0086,CTX0086,SYNTHETIC,2026-08-27,maintenance,high,Manutenção próxima,Sua revisão está próxima.,Agendar revisão,schedule_maintenance,push,0.885,acted,True,no_action,synthetic_llm_personalization,Synthetic trigger for maintenance; not a Localiza rule.
REC0734,CUST0088,VEH0088,CONTR0088,CTX2974,SYNTHETIC,2026-09-02,franquia_km,high,Ritmo de uso de KM,Você está usando sua franquia acima do ritmo esperado.,Ver meus KMs,open_km,inbox,0.729,acted,True,no_action,synthetic_llm_personalization,Synthetic trigger for franquia_km; not a Localiza rule.
REC0735,CUST0142,VEH0042,CONTR0142,CTX0142,SYNTHETIC,2026-09-23,maintenance,high,Manutenção próxima,Sua revisão está próxima.,Agendar revisão,schedule_maintenance,push,0.791,acted,True,no_action,rule_engine,Synthetic trigger for maintenance; not a Localiza rule.
REC0736,CUST0300,VEH0100,CONTR0300,CTX0300,SYNTHETIC,2026-09-26,maintenance,high,Manutenção próxima,Sua revisão está próxima.,Agendar revisão,schedule_maintenance,push,0.734,acted,True,scheduled,rule_engine,Synthetic trigger for maintenance; not a Localiza rule.
REC0737,CUST0279,VEH0079,CONTR0279,CTX2513,SYNTHETIC,2026-08-10,long_trip,medium,Padrão de viagem,Você vem fazendo viagens longas com frequência.,Preparar viagem,open_planner,in_app,0.732,dismissed,False,pending,rule_engine,Synthetic trigger for long_trip; not a Localiza rule.
REC0738,CUST0460,VEH0060,CONTR0460,CTX0525,SYNTHETIC,2026-09-24,franquia_km,high,Ritmo de uso de KM,Você está usando sua franquia acima do ritmo esperado.,Ver meus KMs,open_km,inbox,0.739,delivered,False,pending,rule_engine,Synthetic trigger for franquia_km; not a Localiza rule.
REC0739,CUST0206,VEH0006,CONTR0206,CTX1535,SYNTHETIC,2026-09-10,maintenance,high,Manutenção próxima,Sua revisão está próxima.,Agendar revisão,schedule_maintenance,inbox,0.819,acted,True,viewed,rule_engine,Synthetic trigger for maintenance; not a Localiza rule.
REC0740,CUST0357,VEH0057,CONTR0357,CTX0834,SYNTHETIC,2026-09-25,maintenance,high,Manutenção próxima,Sua revisão está próxima.,Agendar revisão,schedule_maintenance,push,0.675,acted,True,scheduled,hybrid_recommendation,Synthetic trigger for maintenance; not a Localiza rule.
REC0741,CUST0312,VEH0012,CONTR0312,CTX1734,SYNTHETIC,2026-09-09,franquia_km,high,Ritmo de uso de KM,Você está usando sua franquia acima do ritmo esperado.,Ver meus KMs,open_km,push,0.891,dismissed,False,pending,synthetic_llm_personalization,Synthetic trigger for franquia_km; not a Localiza rule.
REC0742,CUST0109,VEH0009,CONTR0109,CTX1020,SYNTHETIC,2026-09-03,franquia_km,high,Ritmo de uso de KM,Você está usando sua franquia acima do ritmo esperado.,Ver meus KMs,open_km,inbox,0.949,delivered,False,pending,rule_engine,Synthetic trigger for franquia_km; not a Localiza rule.
REC0743,CUST0333,VEH0033,CONTR0333,CTX2996,SYNTHETIC,2026-08-20,maintenance,high,Manutenção próxima,Sua revisão está próxima.,Agendar revisão,schedule_maintenance,in_app,0.762,dismissed,False,pending,hybrid_recommendation,Synthetic trigger for maintenance; not a Localiza rule.
REC0744,CUST0490,VEH0090,CONTR0490,CTX1784,SYNTHETIC,2026-09-04,franquia_km,high,Ritmo de uso de KM,Você está usando sua franquia acima do ritmo esperado.,Ver meus KMs,open_km,in_app,0.873,dismissed,False,pending,rule_engine,Synthetic trigger for franquia_km; not a Localiza rule.
REC0745,CUST0414,VEH0014,CONTR0414,CTX2011,SYNTHETIC,2026-08-17,maintenance,high,Manutenção próxima,Sua revisão está próxima.,Agendar revisão,schedule_maintenance,inbox,0.833,acted,True,viewed,rule_engine,Synthetic trigger for maintenance; not a Localiza rule.
REC0746,CUST0238,VEH0038,CONTR0238,CTX2162,SYNTHETIC,2026-08-19,franquia_km,high,Ritmo de uso de KM,Você está usando sua franquia acima do ritmo esperado.,Ver meus KMs,open_km,push,0.957,opened,False,need_resolved,synthetic_llm_personalization,Synthetic trigger for franquia_km; not a Localiza rule.
REC0747,CUST0315,VEH0015,CONTR0315,CTX1000,SYNTHETIC,2026-08-04,franquia_km,high,Ritmo de uso de KM,Você está usando sua franquia acima do ritmo esperado.,Ver meus KMs,open_km,inbox,0.797,acted,True,viewed,hybrid_recommendation,Synthetic trigger for franquia_km; not a Localiza rule.
REC0748,CUST0479,VEH0079,CONTR0479,CTX1746,SYNTHETIC,2026-08-02,maintenance,high,Manutenção próxima,Sua revisão está próxima.,Agendar revisão,schedule_maintenance,in_app,0.851,opened,False,no_action,synthetic_llm_personalization,Synthetic trigger for maintenance; not a Localiza rule.
REC0749,CUST0480,VEH0080,CONTR0480,CTX2938,SYNTHETIC,2026-09-04,franquia_km,high,Ritmo de uso de KM,Você está usando sua franquia acima do ritmo esperado.,Ver meus KMs,open_km,inbox,0.942,opened,False,need_resolved,hybrid_recommendation,Synthetic trigger for franquia_km; not a Localiza rule.
REC0750,CUST0495,VEH0095,CONTR0495,CTX1835,SYNTHETIC,2026-08-26,maintenance,high,Manutenção próxima,Sua revisão está próxima.,Agendar revisão,schedule_maintenance,inbox,0.935,opened,False,need_resolved,rule_engine,Synthetic trigger for maintenance; not a Localiza rule.
REC0751,CUST0417,VEH0017,CONTR0417,CTX0417,SYNTHETIC,2026-08-03,franquia_km,high,Ritmo de uso de KM,Você está usando sua franquia acima do ritmo esperado.,Ver meus KMs,open_km,push,0.926,delivered,False,pending,synthetic_llm_personalization,Synthetic trigger for franquia_km; not a Localiza rule.
REC0752,CUST0389,VEH0089,CONTR0389,CTX0389,SYNTHETIC,2026-08-23,franquia_km,high,Ritmo de uso de KM,Você está usando sua franquia acima do ritmo esperado.,Ver meus KMs,open_km,push,0.941,acted,True,scheduled,rule_engine,Synthetic trigger for franquia_km; not a Localiza rule.
REC0753,CUST0097,VEH0097,CONTR0097,CTX2271,SYNTHETIC,2026-09-02,renewal,medium,Renovação próxima,Seu contrato entra em período de renovação.,Revisar meu contrato,review_contract,in_app,0.684,dismissed,False,pending,rule_engine,Synthetic trigger for renewal; not a Localiza rule.
REC0754,CUST0064,VEH0064,CONTR0064,CTX1458,SYNTHETIC,2026-08-26,franquia_km,high,Ritmo de uso de KM,Você está usando sua franquia acima do ritmo esperado.,Ver meus KMs,open_km,in_app,0.866,acted,True,viewed,synthetic_llm_personalization,Synthetic trigger for franquia_km; not a Localiza rule.
REC0755,CUST0408,VEH0008,CONTR0408,CTX1038,SYNTHETIC,2026-09-12,franquia_km,high,Ritmo de uso de KM,Você está usando sua franquia acima do ritmo esperado.,Ver meus KMs,open_km,inbox,0.742,delivered,False,pending,synthetic_llm_personalization,Synthetic trigger for franquia_km; not a Localiza rule.
REC0756,CUST0094,VEH0094,CONTR0094,CTX1985,SYNTHETIC,2026-09-06,renewal,medium,Renovação próxima,Seu contrato entra em período de renovação.,Revisar meu contrato,review_contract,push,0.795,delivered,False,pending,rule_engine,Synthetic trigger for renewal; not a Localiza rule.
REC0757,CUST0324,VEH0024,CONTR0324,CTX0324,SYNTHETIC,2026-09-09,maintenance,high,Manutenção próxima,Sua revisão está próxima.,Agendar revisão,schedule_maintenance,in_app,0.827,dismissed,False,pending,hybrid_recommendation,Synthetic trigger for maintenance; not a Localiza rule.
REC0758,CUST0097,VEH0097,CONTR0097,CTX0633,SYNTHETIC,2026-09-11,renewal,medium,Renovação próxima,Seu contrato entra em período de renovação.,Revisar meu contrato,review_contract,in_app,0.879,opened,False,need_resolved,hybrid_recommendation,Synthetic trigger for renewal; not a Localiza rule.
REC0759,CUST0008,VEH0008,CONTR0008,CTX0621,SYNTHETIC,2026-09-11,maintenance,high,Manutenção próxima,Sua revisão está próxima.,Agendar revisão,schedule_maintenance,inbox,0.907,opened,False,viewed,rule_engine,Synthetic trigger for maintenance; not a Localiza rule.
REC0760,CUST0345,VEH0045,CONTR0345,CTX0704,SYNTHETIC,2026-09-28,franquia_km,high,Ritmo de uso de KM,Você está usando sua franquia acima do ritmo esperado.,Ver meus KMs,open_km,in_app,0.951,dismissed,False,pending,synthetic_llm_personalization,Synthetic trigger for franquia_km; not a Localiza rule.
REC0761,CUST0153,VEH0053,CONTR0153,CTX1108,SYNTHETIC,2026-09-09,franquia_km,high,Ritmo de uso de KM,Você está usando sua franquia acima do ritmo esperado.,Ver meus KMs,open_km,in_app,0.816,acted,True,viewed,rule_engine,Synthetic trigger for franquia_km; not a Localiza rule.
REC0762,CUST0390,VEH0090,CONTR0390,CTX1716,SYNTHETIC,2026-09-16,long_trip,medium,Padrão de viagem,Você vem fazendo viagens longas com frequência.,Preparar viagem,open_planner,in_app,0.825,acted,True,no_action,rule_engine,Synthetic trigger for long_trip; not a Localiza rule.
REC0763,CUST0072,VEH0072,CONTR0072,CTX2258,SYNTHETIC,2026-09-12,franquia_km,high,Ritmo de uso de KM,Você está usando sua franquia acima do ritmo esperado.,Ver meus KMs,open_km,in_app,0.679,opened,False,need_resolved,hybrid_recommendation,Synthetic trigger for franquia_km; not a Localiza rule.
REC0764,CUST0248,VEH0048,CONTR0248,CTX0248,SYNTHETIC,2026-08-19,maintenance,high,Manutenção próxima,Sua revisão está próxima.,Agendar revisão,schedule_maintenance,push,0.889,delivered,False,pending,rule_engine,Synthetic trigger for maintenance; not a Localiza rule.
REC0765,CUST0481,VEH0081,CONTR0481,CTX0481,SYNTHETIC,2026-08-31,franquia_km,high,Ritmo de uso de KM,Você está usando sua franquia acima do ritmo esperado.,Ver meus KMs,open_km,push,0.864,acted,True,scheduled,hybrid_recommendation,Synthetic trigger for franquia_km; not a Localiza rule.
REC0766,CUST0224,VEH0024,CONTR0224,CTX0985,SYNTHETIC,2026-09-27,maintenance,high,Manutenção próxima,Sua revisão está próxima.,Agendar revisão,schedule_maintenance,push,0.693,opened,False,viewed,hybrid_recommendation,Synthetic trigger for maintenance; not a Localiza rule.
REC0767,CUST0485,VEH0085,CONTR0485,CTX1315,SYNTHETIC,2026-08-03,maintenance,high,Manutenção próxima,Sua revisão está próxima.,Agendar revisão,schedule_maintenance,in_app,0.748,opened,False,need_resolved,rule_engine,Synthetic trigger for maintenance; not a Localiza rule.
REC0768,CUST0466,VEH0066,CONTR0466,CTX1550,SYNTHETIC,2026-08-05,maintenance,high,Manutenção próxima,Sua revisão está próxima.,Agendar revisão,schedule_maintenance,inbox,0.734,delivered,False,pending,rule_engine,Synthetic trigger for maintenance; not a Localiza rule.
REC0769,CUST0409,VEH0009,CONTR0409,CTX2684,SYNTHETIC,2026-09-14,maintenance,high,Manutenção próxima,Sua revisão está próxima.,Agendar revisão,schedule_maintenance,in_app,0.807,delivered,False,pending,rule_engine,Synthetic trigger for maintenance; not a Localiza rule.
REC0770,CUST0427,VEH0027,CONTR0427,CTX0518,SYNTHETIC,2026-08-03,franquia_km,high,Ritmo de uso de KM,Você está usando sua franquia acima do ritmo esperado.,Ver meus KMs,open_km,inbox,0.683,opened,False,viewed,rule_engine,Synthetic trigger for franquia_km; not a Localiza rule.
REC0771,CUST0326,VEH0026,CONTR0326,CTX0651,SYNTHETIC,2026-09-04,franquia_km,high,Ritmo de uso de KM,Você está usando sua franquia acima do ritmo esperado.,Ver meus KMs,open_km,in_app,0.811,acted,True,viewed,synthetic_llm_personalization,Synthetic trigger for franquia_km; not a Localiza rule.
REC0772,CUST0093,VEH0093,CONTR0093,CTX2148,SYNTHETIC,2026-09-18,franquia_km,high,Ritmo de uso de KM,Você está usando sua franquia acima do ritmo esperado.,Ver meus KMs,open_km,inbox,0.951,opened,False,need_resolved,rule_engine,Synthetic trigger for franquia_km; not a Localiza rule.
REC0773,CUST0309,VEH0009,CONTR0309,CTX2536,SYNTHETIC,2026-08-04,benefit,medium,Benefício contextual,Encontramos um benefício relevante para sua rotina.,Ver benefício,open_benefit,in_app,0.884,delivered,False,pending,rule_engine,Synthetic trigger for benefit; not a Localiza rule.
REC0774,CUST0076,VEH0076,CONTR0076,CTX2556,SYNTHETIC,2026-08-18,maintenance,high,Manutenção próxima,Sua revisão está próxima.,Agendar revisão,schedule_maintenance,push,0.757,delivered,False,pending,synthetic_llm_personalization,Synthetic trigger for maintenance; not a Localiza rule.
REC0775,CUST0472,VEH0072,CONTR0472,CTX0472,SYNTHETIC,2026-08-15,long_trip,high,Padrão de viagem,Você vem fazendo viagens longas com frequência.,Preparar viagem,open_planner,in_app,0.793,delivered,False,pending,synthetic_llm_personalization,Synthetic trigger for long_trip; not a Localiza rule.
REC0776,CUST0096,VEH0096,CONTR0096,CTX1288,SYNTHETIC,2026-09-06,maintenance,high,Manutenção próxima,Sua revisão está próxima.,Agendar revisão,schedule_maintenance,inbox,0.895,dismissed,False,pending,hybrid_recommendation,Synthetic trigger for maintenance; not a Localiza rule.
REC0777,CUST0307,VEH0007,CONTR0307,CTX0307,SYNTHETIC,2026-08-17,franquia_km,high,Ritmo de uso de KM,Você está usando sua franquia acima do ritmo esperado.,Ver meus KMs,open_km,push,0.934,delivered,False,pending,rule_engine,Synthetic trigger for franquia_km; not a Localiza rule.
REC0778,CUST0202,VEH0002,CONTR0202,CTX1283,SYNTHETIC,2026-09-13,franquia_km,high,Ritmo de uso de KM,Você está usando sua franquia acima do ritmo esperado.,Ver meus KMs,open_km,push,0.721,opened,False,scheduled,synthetic_llm_personalization,Synthetic trigger for franquia_km; not a Localiza rule.
REC0779,CUST0399,VEH0099,CONTR0399,CTX2815,SYNTHETIC,2026-09-26,franquia_km,high,Ritmo de uso de KM,Você está usando sua franquia acima do ritmo esperado.,Ver meus KMs,open_km,push,0.7,opened,False,need_resolved,synthetic_llm_personalization,Synthetic trigger for franquia_km; not a Localiza rule.
REC0780,CUST0029,VEH0029,CONTR0029,CTX1730,SYNTHETIC,2026-08-06,maintenance,high,Manutenção próxima,Sua revisão está próxima.,Agendar revisão,schedule_maintenance,push,0.785,delivered,False,pending,synthetic_llm_personalization,Synthetic trigger for maintenance; not a Localiza rule.
REC0781,CUST0123,VEH0023,CONTR0123,CTX0720,SYNTHETIC,2026-08-08,maintenance,high,Manutenção próxima,Sua revisão está próxima.,Agendar revisão,schedule_maintenance,inbox,0.822,opened,False,no_action,synthetic_llm_personalization,Synthetic trigger for maintenance; not a Localiza rule.
REC0782,CUST0164,VEH0064,CONTR0164,CTX2496,SYNTHETIC,2026-08-04,maintenance,high,Manutenção próxima,Sua revisão está próxima.,Agendar revisão,schedule_maintenance,in_app,0.714,delivered,False,pending,hybrid_recommendation,Synthetic trigger for maintenance; not a Localiza rule.
REC0783,CUST0112,VEH0012,CONTR0112,CTX0112,SYNTHETIC,2026-08-05,maintenance,high,Manutenção próxima,Sua revisão está próxima.,Agendar revisão,schedule_maintenance,in_app,0.876,acted,True,scheduled,synthetic_llm_personalization,Synthetic trigger for maintenance; not a Localiza rule.
REC0784,CUST0500,VEH0100,CONTR0500,CTX1022,SYNTHETIC,2026-09-04,maintenance,high,Manutenção próxima,Sua revisão está próxima.,Agendar revisão,schedule_maintenance,inbox,0.975,acted,True,no_action,hybrid_recommendation,Synthetic trigger for maintenance; not a Localiza rule.
REC0785,CUST0146,VEH0046,CONTR0146,CTX2493,SYNTHETIC,2026-09-05,franquia_km,high,Ritmo de uso de KM,Você está usando sua franquia acima do ritmo esperado.,Ver meus KMs,open_km,in_app,0.813,opened,False,viewed,hybrid_recommendation,Synthetic trigger for franquia_km; not a Localiza rule.
REC0786,CUST0335,VEH0035,CONTR0335,CTX0335,SYNTHETIC,2026-09-05,maintenance,high,Manutenção próxima,Sua revisão está próxima.,Agendar revisão,schedule_maintenance,inbox,0.724,opened,False,scheduled,synthetic_llm_personalization,Synthetic trigger for maintenance; not a Localiza rule.
REC0787,CUST0147,VEH0047,CONTR0147,CTX2307,SYNTHETIC,2026-08-12,franquia_km,high,Ritmo de uso de KM,Você está usando sua franquia acima do ritmo esperado.,Ver meus KMs,open_km,inbox,0.79,opened,False,viewed,rule_engine,Synthetic trigger for franquia_km; not a Localiza rule.
REC0788,CUST0172,VEH0072,CONTR0172,CTX0841,SYNTHETIC,2026-09-10,maintenance,high,Manutenção próxima,Sua revisão está próxima.,Agendar revisão,schedule_maintenance,in_app,0.808,acted,True,no_action,rule_engine,Synthetic trigger for maintenance; not a Localiza rule.
REC0789,CUST0161,VEH0061,CONTR0161,CTX0161,SYNTHETIC,2026-09-25,franquia_km,high,Ritmo de uso de KM,Você está usando sua franquia acima do ritmo esperado.,Ver meus KMs,open_km,inbox,0.937,opened,False,no_action,hybrid_recommendation,Synthetic trigger for franquia_km; not a Localiza rule.
REC0790,CUST0292,VEH0092,CONTR0292,CTX2497,SYNTHETIC,2026-08-26,maintenance,high,Manutenção próxima,Sua revisão está próxima.,Agendar revisão,schedule_maintenance,push,0.96,acted,True,no_action,hybrid_recommendation,Synthetic trigger for maintenance; not a Localiza rule.
REC0791,CUST0405,VEH0005,CONTR0405,CTX1064,SYNTHETIC,2026-08-22,maintenance,high,Manutenção próxima,Sua revisão está próxima.,Agendar revisão,schedule_maintenance,in_app,0.89,acted,True,no_action,synthetic_llm_personalization,Synthetic trigger for maintenance; not a Localiza rule.
REC0792,CUST0162,VEH0062,CONTR0162,CTX1548,SYNTHETIC,2026-08-15,maintenance,high,Manutenção próxima,Sua revisão está próxima.,Agendar revisão,schedule_maintenance,push,0.825,acted,True,scheduled,rule_engine,Synthetic trigger for maintenance; not a Localiza rule.
REC0793,CUST0005,VEH0005,CONTR0005,CTX2568,SYNTHETIC,2026-08-06,long_trip,medium,Padrão de viagem,Você vem fazendo viagens longas com frequência.,Preparar viagem,open_planner,in_app,0.761,delivered,False,pending,synthetic_llm_personalization,Synthetic trigger for long_trip; not a Localiza rule.
REC0794,CUST0136,VEH0036,CONTR0136,CTX1666,SYNTHETIC,2026-08-22,maintenance,high,Manutenção próxima,Sua revisão está próxima.,Agendar revisão,schedule_maintenance,push,0.935,dismissed,False,pending,rule_engine,Synthetic trigger for maintenance; not a Localiza rule.
REC0795,CUST0233,VEH0033,CONTR0233,CTX2961,SYNTHETIC,2026-08-31,franquia_km,high,Ritmo de uso de KM,Você está usando sua franquia acima do ritmo esperado.,Ver meus KMs,open_km,push,0.79,delivered,False,pending,hybrid_recommendation,Synthetic trigger for franquia_km; not a Localiza rule.
REC0796,CUST0036,VEH0036,CONTR0036,CTX1751,SYNTHETIC,2026-09-18,maintenance,high,Manutenção próxima,Sua revisão está próxima.,Agendar revisão,schedule_maintenance,in_app,0.713,opened,False,no_action,rule_engine,Synthetic trigger for maintenance; not a Localiza rule.
REC0797,CUST0280,VEH0080,CONTR0280,CTX0280,SYNTHETIC,2026-08-31,franquia_km,high,Ritmo de uso de KM,Você está usando sua franquia acima do ritmo esperado.,Ver meus KMs,open_km,in_app,0.711,delivered,False,pending,synthetic_llm_personalization,Synthetic trigger for franquia_km; not a Localiza rule.
REC0798,CUST0074,VEH0074,CONTR0074,CTX0597,SYNTHETIC,2026-08-13,franquia_km,high,Ritmo de uso de KM,Você está usando sua franquia acima do ritmo esperado.,Ver meus KMs,open_km,in_app,0.773,delivered,False,pending,rule_engine,Synthetic trigger for franquia_km; not a Localiza rule.
REC0799,CUST0160,VEH0060,CONTR0160,CTX0160,SYNTHETIC,2026-09-21,franquia_km,high,Ritmo de uso de KM,Você está usando sua franquia acima do ritmo esperado.,Ver meus KMs,open_km,inbox,0.867,acted,True,need_resolved,rule_engine,Synthetic trigger for franquia_km; not a Localiza rule.
REC0800,CUST0367,VEH0067,CONTR0367,CTX1451,SYNTHETIC,2026-08-27,support,medium,Sinal de suporte,Detectamos um sinal que pode exigir atenção.,Abrir suporte,open_support,push,0.659,dismissed,False,pending,hybrid_recommendation,Synthetic trigger for support; not a Localiza rule.
REC0801,CUST0347,VEH0047,CONTR0347,CTX1893,SYNTHETIC,2026-08-28,maintenance,high,Manutenção próxima,Sua revisão está próxima.,Agendar revisão,schedule_maintenance,push,0.833,delivered,False,pending,rule_engine,Synthetic trigger for maintenance; not a Localiza rule.
REC0802,CUST0338,VEH0038,CONTR0338,CTX1059,SYNTHETIC,2026-08-19,maintenance,high,Manutenção próxima,Sua revisão está próxima.,Agendar revisão,schedule_maintenance,inbox,0.658,opened,False,no_action,synthetic_llm_personalization,Synthetic trigger for maintenance; not a Localiza rule.
REC0803,CUST0080,VEH0080,CONTR0080,CTX1386,SYNTHETIC,2026-09-06,maintenance,high,Manutenção próxima,Sua revisão está próxima.,Agendar revisão,schedule_maintenance,push,0.857,opened,False,scheduled,hybrid_recommendation,Synthetic trigger for maintenance; not a Localiza rule.
REC0804,CUST0476,VEH0076,CONTR0476,CTX0476,SYNTHETIC,2026-09-12,maintenance,high,Manutenção próxima,Sua revisão está próxima.,Agendar revisão,schedule_maintenance,in_app,0.826,acted,True,scheduled,synthetic_llm_personalization,Synthetic trigger for maintenance; not a Localiza rule.
REC0805,CUST0381,VEH0081,CONTR0381,CTX1989,SYNTHETIC,2026-09-30,franquia_km,high,Ritmo de uso de KM,Você está usando sua franquia acima do ritmo esperado.,Ver meus KMs,open_km,inbox,0.761,dismissed,False,pending,synthetic_llm_personalization,Synthetic trigger for franquia_km; not a Localiza rule.
REC0806,CUST0093,VEH0093,CONTR0093,CTX2368,SYNTHETIC,2026-08-26,maintenance,high,Manutenção próxima,Sua revisão está próxima.,Agendar revisão,schedule_maintenance,push,0.92,opened,False,no_action,hybrid_recommendation,Synthetic trigger for maintenance; not a Localiza rule.
REC0807,CUST0290,VEH0090,CONTR0290,CTX1254,SYNTHETIC,2026-09-22,maintenance,high,Manutenção próxima,Sua revisão está próxima.,Agendar revisão,schedule_maintenance,push,0.802,dismissed,False,pending,rule_engine,Synthetic trigger for maintenance; not a Localiza rule.
REC0808,CUST0250,VEH0050,CONTR0250,CTX0861,SYNTHETIC,2026-08-10,maintenance,high,Manutenção próxima,Sua revisão está próxima.,Agendar revisão,schedule_maintenance,push,0.963,opened,False,scheduled,hybrid_recommendation,Synthetic trigger for maintenance; not a Localiza rule.
REC0809,CUST0493,VEH0093,CONTR0493,CTX0493,SYNTHETIC,2026-09-20,maintenance,high,Manutenção próxima,Sua revisão está próxima.,Agendar revisão,schedule_maintenance,in_app,0.916,opened,False,scheduled,hybrid_recommendation,Synthetic trigger for maintenance; not a Localiza rule.
REC0810,CUST0327,VEH0027,CONTR0327,CTX1465,SYNTHETIC,2026-09-05,franquia_km,high,Ritmo de uso de KM,Você está usando sua franquia acima do ritmo esperado.,Ver meus KMs,open_km,push,0.686,dismissed,False,pending,hybrid_recommendation,Synthetic trigger for franquia_km; not a Localiza rule.
REC0811,CUST0052,VEH0052,CONTR0052,CTX1448,SYNTHETIC,2026-08-15,renewal,medium,Renovação próxima,Seu contrato entra em período de renovação.,Revisar meu contrato,review_contract,push,0.68,acted,True,need_resolved,hybrid_recommendation,Synthetic trigger for renewal; not a Localiza rule.
REC0812,CUST0446,VEH0046,CONTR0446,CTX2950,SYNTHETIC,2026-09-07,maintenance,high,Manutenção próxima,Sua revisão está próxima.,Agendar revisão,schedule_maintenance,inbox,0.904,acted,True,no_action,synthetic_llm_personalization,Synthetic trigger for maintenance; not a Localiza rule.
REC0813,CUST0496,VEH0096,CONTR0496,CTX0574,SYNTHETIC,2026-08-05,maintenance,high,Manutenção próxima,Sua revisão está próxima.,Agendar revisão,schedule_maintenance,push,0.952,opened,False,scheduled,synthetic_llm_personalization,Synthetic trigger for maintenance; not a Localiza rule.
REC0814,CUST0479,VEH0079,CONTR0479,CTX2029,SYNTHETIC,2026-08-23,maintenance,high,Manutenção próxima,Sua revisão está próxima.,Agendar revisão,schedule_maintenance,inbox,0.76,dismissed,False,pending,rule_engine,Synthetic trigger for maintenance; not a Localiza rule.
REC0815,CUST0118,VEH0018,CONTR0118,CTX1691,SYNTHETIC,2026-08-27,low_use,medium,Baixo uso,Seu carro teve pouco uso no período recente.,Ver minha mobilidade,open_mobility,inbox,0.727,delivered,False,pending,synthetic_llm_personalization,Synthetic trigger for low_use; not a Localiza rule.
REC0816,CUST0121,VEH0021,CONTR0121,CTX0121,SYNTHETIC,2026-09-24,maintenance,high,Manutenção próxima,Sua revisão está próxima.,Agendar revisão,schedule_maintenance,push,0.847,acted,True,scheduled,hybrid_recommendation,Synthetic trigger for maintenance; not a Localiza rule.
REC0817,CUST0241,VEH0041,CONTR0241,CTX1863,SYNTHETIC,2026-08-21,maintenance,high,Manutenção próxima,Sua revisão está próxima.,Agendar revisão,schedule_maintenance,in_app,0.818,acted,True,no_action,synthetic_llm_personalization,Synthetic trigger for maintenance; not a Localiza rule.
REC0818,CUST0497,VEH0097,CONTR0497,CTX0554,SYNTHETIC,2026-08-23,franquia_km,high,Ritmo de uso de KM,Você está usando sua franquia acima do ritmo esperado.,Ver meus KMs,open_km,inbox,0.924,acted,True,need_resolved,synthetic_llm_personalization,Synthetic trigger for franquia_km; not a Localiza rule.
REC0819,CUST0449,VEH0049,CONTR0449,CTX0534,SYNTHETIC,2026-08-11,renewal,medium,Renovação próxima,Seu contrato entra em período de renovação.,Revisar meu contrato,review_contract,in_app,0.676,delivered,False,pending,rule_engine,Synthetic trigger for renewal; not a Localiza rule.
REC0820,CUST0050,VEH0050,CONTR0050,CTX1345,SYNTHETIC,2026-10-01,maintenance,high,Manutenção próxima,Sua revisão está próxima.,Agendar revisão,schedule_maintenance,inbox,0.702,delivered,False,pending,synthetic_llm_personalization,Synthetic trigger for maintenance; not a Localiza rule.
REC0821,CUST0051,VEH0051,CONTR0051,CTX1317,SYNTHETIC,2026-09-19,maintenance,high,Manutenção próxima,Sua revisão está próxima.,Agendar revisão,schedule_maintenance,in_app,0.927,delivered,False,pending,hybrid_recommendation,Synthetic trigger for maintenance; not a Localiza rule.
REC0822,CUST0327,VEH0027,CONTR0327,CTX2833,SYNTHETIC,2026-08-13,maintenance,high,Manutenção próxima,Sua revisão está próxima.,Agendar revisão,schedule_maintenance,in_app,0.852,delivered,False,pending,rule_engine,Synthetic trigger for maintenance; not a Localiza rule.
REC0823,CUST0041,VEH0041,CONTR0041,CTX1455,SYNTHETIC,2026-09-20,franquia_km,high,Ritmo de uso de KM,Você está usando sua franquia acima do ritmo esperado.,Ver meus KMs,open_km,in_app,0.692,opened,False,no_action,hybrid_recommendation,Synthetic trigger for franquia_km; not a Localiza rule.
REC0824,CUST0096,VEH0096,CONTR0096,CTX0096,SYNTHETIC,2026-09-09,franquia_km,high,Ritmo de uso de KM,Você está usando sua franquia acima do ritmo esperado.,Ver meus KMs,open_km,inbox,0.656,delivered,False,pending,rule_engine,Synthetic trigger for franquia_km; not a Localiza rule.
REC0825,CUST0051,VEH0051,CONTR0051,CTX2830,SYNTHETIC,2026-09-11,maintenance,high,Manutenção próxima,Sua revisão está próxima.,Agendar revisão,schedule_maintenance,push,0.957,opened,False,need_resolved,rule_engine,Synthetic trigger for maintenance; not a Localiza rule.
REC0826,CUST0358,VEH0058,CONTR0358,CTX0358,SYNTHETIC,2026-08-22,maintenance,high,Manutenção próxima,Sua revisão está próxima.,Agendar revisão,schedule_maintenance,inbox,0.677,acted,True,no_action,hybrid_recommendation,Synthetic trigger for maintenance; not a Localiza rule.
REC0827,CUST0445,VEH0045,CONTR0445,CTX2448,SYNTHETIC,2026-08-10,franquia_km,high,Ritmo de uso de KM,Você está usando sua franquia acima do ritmo esperado.,Ver meus KMs,open_km,in_app,0.969,dismissed,False,pending,hybrid_recommendation,Synthetic trigger for franquia_km; not a Localiza rule.
REC0828,CUST0272,VEH0072,CONTR0272,CTX1731,SYNTHETIC,2026-08-07,maintenance,high,Manutenção próxima,Sua revisão está próxima.,Agendar revisão,schedule_maintenance,inbox,0.959,delivered,False,pending,hybrid_recommendation,Synthetic trigger for maintenance; not a Localiza rule.
REC0829,CUST0059,VEH0059,CONTR0059,CTX1505,SYNTHETIC,2026-08-16,franquia_km,high,Ritmo de uso de KM,Você está usando sua franquia acima do ritmo esperado.,Ver meus KMs,open_km,push,0.754,opened,False,need_resolved,rule_engine,Synthetic trigger for franquia_km; not a Localiza rule.
REC0830,CUST0239,VEH0039,CONTR0239,CTX2645,SYNTHETIC,2026-08-27,maintenance,high,Manutenção próxima,Sua revisão está próxima.,Agendar revisão,schedule_maintenance,push,0.654,acted,True,no_action,rule_engine,Synthetic trigger for maintenance; not a Localiza rule.
REC0831,CUST0273,VEH0073,CONTR0273,CTX0898,SYNTHETIC,2026-09-28,franquia_km,high,Ritmo de uso de KM,Você está usando sua franquia acima do ritmo esperado.,Ver meus KMs,open_km,in_app,0.862,acted,True,need_resolved,synthetic_llm_personalization,Synthetic trigger for franquia_km; not a Localiza rule.
REC0832,CUST0478,VEH0078,CONTR0478,CTX0947,SYNTHETIC,2026-08-21,maintenance,high,Manutenção próxima,Sua revisão está próxima.,Agendar revisão,schedule_maintenance,in_app,0.711,acted,True,scheduled,rule_engine,Synthetic trigger for maintenance; not a Localiza rule.
REC0833,CUST0058,VEH0058,CONTR0058,CTX1187,SYNTHETIC,2026-10-01,franquia_km,high,Ritmo de uso de KM,Você está usando sua franquia acima do ritmo esperado.,Ver meus KMs,open_km,in_app,0.777,acted,True,scheduled,rule_engine,Synthetic trigger for franquia_km; not a Localiza rule.
REC0834,CUST0136,VEH0036,CONTR0136,CTX0596,SYNTHETIC,2026-08-15,maintenance,high,Manutenção próxima,Sua revisão está próxima.,Agendar revisão,schedule_maintenance,push,0.714,delivered,False,pending,hybrid_recommendation,Synthetic trigger for maintenance; not a Localiza rule.
REC0835,CUST0197,VEH0097,CONTR0197,CTX1215,SYNTHETIC,2026-09-29,maintenance,high,Manutenção próxima,Sua revisão está próxima.,Agendar revisão,schedule_maintenance,in_app,0.68,acted,True,need_resolved,rule_engine,Synthetic trigger for maintenance; not a Localiza rule.
REC0836,CUST0224,VEH0024,CONTR0224,CTX1241,SYNTHETIC,2026-09-21,maintenance,high,Manutenção próxima,Sua revisão está próxima.,Agendar revisão,schedule_maintenance,inbox,0.975,acted,True,scheduled,rule_engine,Synthetic trigger for maintenance; not a Localiza rule.
REC0837,CUST0456,VEH0056,CONTR0456,CTX1593,SYNTHETIC,2026-09-30,franquia_km,high,Ritmo de uso de KM,Você está usando sua franquia acima do ritmo esperado.,Ver meus KMs,open_km,in_app,0.905,opened,False,need_resolved,hybrid_recommendation,Synthetic trigger for franquia_km; not a Localiza rule.
REC0838,CUST0229,VEH0029,CONTR0229,CTX2628,SYNTHETIC,2026-08-11,franquia_km,high,Ritmo de uso de KM,Você está usando sua franquia acima do ritmo esperado.,Ver meus KMs,open_km,push,0.986,delivered,False,pending,hybrid_recommendation,Synthetic trigger for franquia_km; not a Localiza rule.
REC0839,CUST0407,VEH0007,CONTR0407,CTX2701,SYNTHETIC,2026-09-23,franquia_km,high,Ritmo de uso de KM,Você está usando sua franquia acima do ritmo esperado.,Ver meus KMs,open_km,inbox,0.652,opened,False,viewed,rule_engine,Synthetic trigger for franquia_km; not a Localiza rule.
REC0840,CUST0171,VEH0071,CONTR0171,CTX0564,SYNTHETIC,2026-08-14,maintenance,high,Manutenção próxima,Sua revisão está próxima.,Agendar revisão,schedule_maintenance,in_app,0.797,acted,True,scheduled,rule_engine,Synthetic trigger for maintenance; not a Localiza rule.
REC0841,CUST0088,VEH0088,CONTR0088,CTX1015,SYNTHETIC,2026-08-26,franquia_km,high,Ritmo de uso de KM,Você está usando sua franquia acima do ritmo esperado.,Ver meus KMs,open_km,push,0.678,delivered,False,pending,synthetic_llm_personalization,Synthetic trigger for franquia_km; not a Localiza rule.
REC0842,CUST0414,VEH0014,CONTR0414,CTX1061,SYNTHETIC,2026-09-13,maintenance,high,Manutenção próxima,Sua revisão está próxima.,Agendar revisão,schedule_maintenance,inbox,0.654,acted,True,scheduled,rule_engine,Synthetic trigger for maintenance; not a Localiza rule.
REC0843,CUST0312,VEH0012,CONTR0312,CTX1831,SYNTHETIC,2026-09-27,franquia_km,high,Ritmo de uso de KM,Você está usando sua franquia acima do ritmo esperado.,Ver meus KMs,open_km,in_app,0.876,opened,False,need_resolved,hybrid_recommendation,Synthetic trigger for franquia_km; not a Localiza rule.
REC0844,CUST0166,VEH0066,CONTR0166,CTX1289,SYNTHETIC,2026-09-15,franquia_km,high,Ritmo de uso de KM,Você está usando sua franquia acima do ritmo esperado.,Ver meus KMs,open_km,inbox,0.759,delivered,False,pending,synthetic_llm_personalization,Synthetic trigger for franquia_km; not a Localiza rule.
REC0845,CUST0150,VEH0050,CONTR0150,CTX2044,SYNTHETIC,2026-09-17,support,medium,Sinal de suporte,Detectamos um sinal que pode exigir atenção.,Abrir suporte,open_support,push,0.821,opened,False,no_action,hybrid_recommendation,Synthetic trigger for support; not a Localiza rule.
REC0846,CUST0313,VEH0013,CONTR0313,CTX1125,SYNTHETIC,2026-08-21,maintenance,high,Manutenção próxima,Sua revisão está próxima.,Agendar revisão,schedule_maintenance,inbox,0.727,delivered,False,pending,rule_engine,Synthetic trigger for maintenance; not a Localiza rule.
REC0847,CUST0334,VEH0034,CONTR0334,CTX1676,SYNTHETIC,2026-08-20,franquia_km,high,Ritmo de uso de KM,Você está usando sua franquia acima do ritmo esperado.,Ver meus KMs,open_km,push,0.932,opened,False,viewed,synthetic_llm_personalization,Synthetic trigger for franquia_km; not a Localiza rule.
REC0848,CUST0119,VEH0019,CONTR0119,CTX2372,SYNTHETIC,2026-09-26,maintenance,high,Manutenção próxima,Sua revisão está próxima.,Agendar revisão,schedule_maintenance,push,0.957,dismissed,False,pending,hybrid_recommendation,Synthetic trigger for maintenance; not a Localiza rule.
REC0849,CUST0086,VEH0086,CONTR0086,CTX2766,SYNTHETIC,2026-09-16,maintenance,high,Manutenção próxima,Sua revisão está próxima.,Agendar revisão,schedule_maintenance,inbox,0.697,dismissed,False,pending,rule_engine,Synthetic trigger for maintenance; not a Localiza rule.
REC0850,CUST0290,VEH0090,CONTR0290,CTX0290,SYNTHETIC,2026-08-04,maintenance,high,Manutenção próxima,Sua revisão está próxima.,Agendar revisão,schedule_maintenance,in_app,0.694,acted,True,viewed,rule_engine,Synthetic trigger for maintenance; not a Localiza rule.
REC0851,CUST0047,VEH0047,CONTR0047,CTX0826,SYNTHETIC,2026-09-19,franquia_km,high,Ritmo de uso de KM,Você está usando sua franquia acima do ritmo esperado.,Ver meus KMs,open_km,push,0.659,delivered,False,pending,rule_engine,Synthetic trigger for franquia_km; not a Localiza rule.
REC0852,CUST0436,VEH0036,CONTR0436,CTX2351,SYNTHETIC,2026-08-23,benefit,medium,Benefício contextual,Encontramos um benefício relevante para sua rotina.,Ver benefício,open_benefit,inbox,0.663,delivered,False,pending,rule_engine,Synthetic trigger for benefit; not a Localiza rule.
REC0853,CUST0092,VEH0092,CONTR0092,CTX0812,SYNTHETIC,2026-09-27,maintenance,high,Manutenção próxima,Sua revisão está próxima.,Agendar revisão,schedule_maintenance,inbox,0.809,opened,False,viewed,hybrid_recommendation,Synthetic trigger for maintenance; not a Localiza rule.
REC0854,CUST0411,VEH0011,CONTR0411,CTX0721,SYNTHETIC,2026-09-02,franquia_km,high,Ritmo de uso de KM,Você está usando sua franquia acima do ritmo esperado.,Ver meus KMs,open_km,in_app,0.877,acted,True,viewed,synthetic_llm_personalization,Synthetic trigger for franquia_km; not a Localiza rule.
REC0855,CUST0181,VEH0081,CONTR0181,CTX2541,SYNTHETIC,2026-08-04,franquia_km,high,Ritmo de uso de KM,Você está usando sua franquia acima do ritmo esperado.,Ver meus KMs,open_km,inbox,0.839,acted,True,scheduled,synthetic_llm_personalization,Synthetic trigger for franquia_km; not a Localiza rule.
REC0856,CUST0337,VEH0037,CONTR0337,CTX0594,SYNTHETIC,2026-08-12,maintenance,high,Manutenção próxima,Sua revisão está próxima.,Agendar revisão,schedule_maintenance,push,0.932,dismissed,False,pending,hybrid_recommendation,Synthetic trigger for maintenance; not a Localiza rule.
REC0857,CUST0378,VEH0078,CONTR0378,CTX0378,SYNTHETIC,2026-08-19,maintenance,high,Manutenção próxima,Sua revisão está próxima.,Agendar revisão,schedule_maintenance,in_app,0.97,opened,False,need_resolved,synthetic_llm_personalization,Synthetic trigger for maintenance; not a Localiza rule.
REC0858,CUST0032,VEH0032,CONTR0032,CTX0032,SYNTHETIC,2026-08-08,maintenance,high,Manutenção próxima,Sua revisão está próxima.,Agendar revisão,schedule_maintenance,push,0.929,acted,True,viewed,synthetic_llm_personalization,Synthetic trigger for maintenance; not a Localiza rule.
REC0859,CUST0209,VEH0009,CONTR0209,CTX1582,SYNTHETIC,2026-09-03,maintenance,high,Manutenção próxima,Sua revisão está próxima.,Agendar revisão,schedule_maintenance,push,0.957,opened,False,viewed,rule_engine,Synthetic trigger for maintenance; not a Localiza rule.
REC0860,CUST0138,VEH0038,CONTR0138,CTX2427,SYNTHETIC,2026-09-29,maintenance,high,Manutenção próxima,Sua revisão está próxima.,Agendar revisão,schedule_maintenance,inbox,0.702,delivered,False,pending,rule_engine,Synthetic trigger for maintenance; not a Localiza rule.
REC0861,CUST0231,VEH0031,CONTR0231,CTX2653,SYNTHETIC,2026-09-27,renewal,medium,Renovação próxima,Seu contrato entra em período de renovação.,Revisar meu contrato,review_contract,push,0.946,opened,False,no_action,rule_engine,Synthetic trigger for renewal; not a Localiza rule.
REC0862,CUST0067,VEH0067,CONTR0067,CTX1193,SYNTHETIC,2026-08-27,renewal,medium,Renovação próxima,Seu contrato entra em período de renovação.,Revisar meu contrato,review_contract,in_app,0.736,acted,True,viewed,rule_engine,Synthetic trigger for renewal; not a Localiza rule.
REC0863,CUST0157,VEH0057,CONTR0157,CTX1307,SYNTHETIC,2026-09-02,maintenance,high,Manutenção próxima,Sua revisão está próxima.,Agendar revisão,schedule_maintenance,inbox,0.696,delivered,False,pending,rule_engine,Synthetic trigger for maintenance; not a Localiza rule.
REC0864,CUST0374,VEH0074,CONTR0374,CTX0548,SYNTHETIC,2026-08-04,franquia_km,high,Ritmo de uso de KM,Você está usando sua franquia acima do ritmo esperado.,Ver meus KMs,open_km,push,0.866,delivered,False,pending,synthetic_llm_personalization,Synthetic trigger for franquia_km; not a Localiza rule.
REC0865,CUST0354,VEH0054,CONTR0354,CTX1365,SYNTHETIC,2026-08-29,franquia_km,high,Ritmo de uso de KM,Você está usando sua franquia acima do ritmo esperado.,Ver meus KMs,open_km,inbox,0.839,acted,True,scheduled,hybrid_recommendation,Synthetic trigger for franquia_km; not a Localiza rule.
REC0866,CUST0363,VEH0063,CONTR0363,CTX0777,SYNTHETIC,2026-09-21,maintenance,high,Manutenção próxima,Sua revisão está próxima.,Agendar revisão,schedule_maintenance,inbox,0.857,dismissed,False,pending,rule_engine,Synthetic trigger for maintenance; not a Localiza rule.
REC0867,CUST0111,VEH0011,CONTR0111,CTX2385,SYNTHETIC,2026-08-22,maintenance,high,Manutenção próxima,Sua revisão está próxima.,Agendar revisão,schedule_maintenance,in_app,0.706,dismissed,False,pending,hybrid_recommendation,Synthetic trigger for maintenance; not a Localiza rule.
REC0868,CUST0016,VEH0016,CONTR0016,CTX1597,SYNTHETIC,2026-09-04,maintenance,high,Manutenção próxima,Sua revisão está próxima.,Agendar revisão,schedule_maintenance,in_app,0.893,opened,False,viewed,hybrid_recommendation,Synthetic trigger for maintenance; not a Localiza rule.
REC0869,CUST0147,VEH0047,CONTR0147,CTX2383,SYNTHETIC,2026-09-23,franquia_km,high,Ritmo de uso de KM,Você está usando sua franquia acima do ritmo esperado.,Ver meus KMs,open_km,inbox,0.805,opened,False,scheduled,hybrid_recommendation,Synthetic trigger for franquia_km; not a Localiza rule.
REC0870,CUST0371,VEH0071,CONTR0371,CTX2461,SYNTHETIC,2026-09-09,renewal,medium,Renovação próxima,Seu contrato entra em período de renovação.,Revisar meu contrato,review_contract,in_app,0.891,acted,True,need_resolved,synthetic_llm_personalization,Synthetic trigger for renewal; not a Localiza rule.
REC0871,CUST0376,VEH0076,CONTR0376,CTX0880,SYNTHETIC,2026-08-12,maintenance,high,Manutenção próxima,Sua revisão está próxima.,Agendar revisão,schedule_maintenance,in_app,0.811,opened,False,viewed,rule_engine,Synthetic trigger for maintenance; not a Localiza rule.
REC0872,CUST0426,VEH0026,CONTR0426,CTX1699,SYNTHETIC,2026-08-05,renewal,medium,Renovação próxima,Seu contrato entra em período de renovação.,Revisar meu contrato,review_contract,in_app,0.969,acted,True,scheduled,rule_engine,Synthetic trigger for renewal; not a Localiza rule.
REC0873,CUST0437,VEH0037,CONTR0437,CTX0437,SYNTHETIC,2026-09-16,support,medium,Sinal de suporte,Detectamos um sinal que pode exigir atenção.,Abrir suporte,open_support,push,0.915,opened,False,need_resolved,hybrid_recommendation,Synthetic trigger for support; not a Localiza rule.
REC0874,CUST0354,VEH0054,CONTR0354,CTX1365,SYNTHETIC,2026-09-06,franquia_km,high,Ritmo de uso de KM,Você está usando sua franquia acima do ritmo esperado.,Ver meus KMs,open_km,inbox,0.717,delivered,False,pending,synthetic_llm_personalization,Synthetic trigger for franquia_km; not a Localiza rule.
REC0875,CUST0176,VEH0076,CONTR0176,CTX2452,SYNTHETIC,2026-09-06,low_energy,high,Energia baixa,A autonomia disponível está baixa para seu padrão recente.,Planejar abastecimento/recarga,open_energy,in_app,0.922,opened,False,no_action,rule_engine,Synthetic trigger for low_energy; not a Localiza rule.
REC0876,CUST0455,VEH0055,CONTR0455,CTX1439,SYNTHETIC,2026-09-13,maintenance,high,Manutenção próxima,Sua revisão está próxima.,Agendar revisão,schedule_maintenance,push,0.741,opened,False,viewed,synthetic_llm_personalization,Synthetic trigger for maintenance; not a Localiza rule.
REC0877,CUST0061,VEH0061,CONTR0061,CTX2139,SYNTHETIC,2026-08-03,maintenance,high,Manutenção próxima,Sua revisão está próxima.,Agendar revisão,schedule_maintenance,in_app,0.679,acted,True,need_resolved,hybrid_recommendation,Synthetic trigger for maintenance; not a Localiza rule.
REC0878,CUST0174,VEH0074,CONTR0174,CTX1211,SYNTHETIC,2026-08-26,franquia_km,high,Ritmo de uso de KM,Você está usando sua franquia acima do ritmo esperado.,Ver meus KMs,open_km,push,0.813,opened,False,viewed,rule_engine,Synthetic trigger for franquia_km; not a Localiza rule.
REC0879,CUST0392,VEH0092,CONTR0392,CTX0392,SYNTHETIC,2026-08-28,renewal,medium,Renovação próxima,Seu contrato entra em período de renovação.,Revisar meu contrato,review_contract,inbox,0.752,acted,True,viewed,hybrid_recommendation,Synthetic trigger for renewal; not a Localiza rule.
REC0880,CUST0122,VEH0022,CONTR0122,CTX2935,SYNTHETIC,2026-09-08,franquia_km,high,Ritmo de uso de KM,Você está usando sua franquia acima do ritmo esperado.,Ver meus KMs,open_km,in_app,0.705,delivered,False,pending,rule_engine,Synthetic trigger for franquia_km; not a Localiza rule.
REC0881,CUST0063,VEH0063,CONTR0063,CTX2004,SYNTHETIC,2026-08-31,franquia_km,high,Ritmo de uso de KM,Você está usando sua franquia acima do ritmo esperado.,Ver meus KMs,open_km,inbox,0.858,opened,False,viewed,synthetic_llm_personalization,Synthetic trigger for franquia_km; not a Localiza rule.
REC0882,CUST0199,VEH0099,CONTR0199,CTX1768,SYNTHETIC,2026-08-24,franquia_km,high,Ritmo de uso de KM,Você está usando sua franquia acima do ritmo esperado.,Ver meus KMs,open_km,inbox,0.987,delivered,False,pending,rule_engine,Synthetic trigger for franquia_km; not a Localiza rule.
REC0883,CUST0130,VEH0030,CONTR0130,CTX2715,SYNTHETIC,2026-08-21,maintenance,high,Manutenção próxima,Sua revisão está próxima.,Agendar revisão,schedule_maintenance,inbox,0.86,opened,False,no_action,hybrid_recommendation,Synthetic trigger for maintenance; not a Localiza rule.
REC0884,CUST0392,VEH0092,CONTR0392,CTX2755,SYNTHETIC,2026-09-24,renewal,medium,Renovação próxima,Seu contrato entra em período de renovação.,Revisar meu contrato,review_contract,push,0.732,acted,True,need_resolved,rule_engine,Synthetic trigger for renewal; not a Localiza rule.
REC0885,CUST0238,VEH0038,CONTR0238,CTX0732,SYNTHETIC,2026-08-02,franquia_km,high,Ritmo de uso de KM,Você está usando sua franquia acima do ritmo esperado.,Ver meus KMs,open_km,inbox,0.676,opened,False,scheduled,hybrid_recommendation,Synthetic trigger for franquia_km; not a Localiza rule.
REC0886,CUST0246,VEH0046,CONTR0246,CTX2611,SYNTHETIC,2026-09-16,maintenance,high,Manutenção próxima,Sua revisão está próxima.,Agendar revisão,schedule_maintenance,in_app,0.765,acted,True,no_action,synthetic_llm_personalization,Synthetic trigger for maintenance; not a Localiza rule.
REC0887,CUST0088,VEH0088,CONTR0088,CTX2149,SYNTHETIC,2026-09-19,franquia_km,high,Ritmo de uso de KM,Você está usando sua franquia acima do ritmo esperado.,Ver meus KMs,open_km,in_app,0.659,opened,False,need_resolved,rule_engine,Synthetic trigger for franquia_km; not a Localiza rule.
REC0888,CUST0129,VEH0029,CONTR0129,CTX2166,SYNTHETIC,2026-09-16,low_use,medium,Baixo uso,Seu carro teve pouco uso no período recente.,Ver minha mobilidade,open_mobility,inbox,0.813,dismissed,False,pending,synthetic_llm_personalization,Synthetic trigger for low_use; not a Localiza rule.
REC0889,CUST0349,VEH0049,CONTR0349,CTX1853,SYNTHETIC,2026-08-15,franquia_km,high,Ritmo de uso de KM,Você está usando sua franquia acima do ritmo esperado.,Ver meus KMs,open_km,in_app,0.986,opened,False,need_resolved,hybrid_recommendation,Synthetic trigger for franquia_km; not a Localiza rule.
REC0890,CUST0324,VEH0024,CONTR0324,CTX0324,SYNTHETIC,2026-08-15,maintenance,high,Manutenção próxima,Sua revisão está próxima.,Agendar revisão,schedule_maintenance,inbox,0.782,opened,False,need_resolved,hybrid_recommendation,Synthetic trigger for maintenance; not a Localiza rule.
REC0891,CUST0415,VEH0015,CONTR0415,CTX0676,SYNTHETIC,2026-09-03,low_energy,medium,Energia baixa,A autonomia disponível está baixa para seu padrão recente.,Planejar abastecimento/recarga,open_energy,push,0.856,delivered,False,pending,rule_engine,Synthetic trigger for low_energy; not a Localiza rule.
REC0892,CUST0410,VEH0010,CONTR0410,CTX0410,SYNTHETIC,2026-08-18,maintenance,high,Manutenção próxima,Sua revisão está próxima.,Agendar revisão,schedule_maintenance,inbox,0.663,opened,False,viewed,rule_engine,Synthetic trigger for maintenance; not a Localiza rule.
REC0893,CUST0218,VEH0018,CONTR0218,CTX0218,SYNTHETIC,2026-09-09,low_use,medium,Baixo uso,Seu carro teve pouco uso no período recente.,Ver minha mobilidade,open_mobility,inbox,0.653,opened,False,need_resolved,rule_engine,Synthetic trigger for low_use; not a Localiza rule.
REC0894,CUST0164,VEH0064,CONTR0164,CTX0164,SYNTHETIC,2026-09-26,maintenance,high,Manutenção próxima,Sua revisão está próxima.,Agendar revisão,schedule_maintenance,push,0.665,dismissed,False,pending,hybrid_recommendation,Synthetic trigger for maintenance; not a Localiza rule.
REC0895,CUST0390,VEH0090,CONTR0390,CTX0390,SYNTHETIC,2026-09-01,long_trip,medium,Padrão de viagem,Você vem fazendo viagens longas com frequência.,Preparar viagem,open_planner,in_app,0.84,dismissed,False,pending,synthetic_llm_personalization,Synthetic trigger for long_trip; not a Localiza rule.
REC0896,CUST0278,VEH0078,CONTR0278,CTX1504,SYNTHETIC,2026-08-07,franquia_km,high,Ritmo de uso de KM,Você está usando sua franquia acima do ritmo esperado.,Ver meus KMs,open_km,inbox,0.977,acted,True,scheduled,rule_engine,Synthetic trigger for franquia_km; not a Localiza rule.
REC0897,CUST0474,VEH0074,CONTR0474,CTX0667,SYNTHETIC,2026-09-26,maintenance,high,Manutenção próxima,Sua revisão está próxima.,Agendar revisão,schedule_maintenance,push,0.904,opened,False,viewed,rule_engine,Synthetic trigger for maintenance; not a Localiza rule.
REC0898,CUST0191,VEH0091,CONTR0191,CTX0191,SYNTHETIC,2026-08-23,renewal,medium,Renovação próxima,Seu contrato entra em período de renovação.,Revisar meu contrato,review_contract,push,0.909,acted,True,no_action,synthetic_llm_personalization,Synthetic trigger for renewal; not a Localiza rule.
REC0899,CUST0449,VEH0049,CONTR0449,CTX1827,SYNTHETIC,2026-08-03,renewal,medium,Renovação próxima,Seu contrato entra em período de renovação.,Revisar meu contrato,review_contract,in_app,0.87,delivered,False,pending,hybrid_recommendation,Synthetic trigger for renewal; not a Localiza rule.
REC0900,CUST0044,VEH0044,CONTR0044,CTX1834,SYNTHETIC,2026-09-23,franquia_km,high,Ritmo de uso de KM,Você está usando sua franquia acima do ritmo esperado.,Ver meus KMs,open_km,push,0.783,acted,True,no_action,rule_engine,Synthetic trigger for franquia_km; not a Localiza rule.
REC0901,CUST0432,VEH0032,CONTR0432,CTX2582,SYNTHETIC,2026-08-28,maintenance,high,Manutenção próxima,Sua revisão está próxima.,Agendar revisão,schedule_maintenance,push,0.673,acted,True,viewed,synthetic_llm_personalization,Synthetic trigger for maintenance; not a Localiza rule.
REC0902,CUST0189,VEH0089,CONTR0189,CTX0580,SYNTHETIC,2026-08-17,low_use,medium,Baixo uso,Seu carro teve pouco uso no período recente.,Ver minha mobilidade,open_mobility,inbox,0.743,acted,True,viewed,synthetic_llm_personalization,Synthetic trigger for low_use; not a Localiza rule.
REC0903,CUST0241,VEH0041,CONTR0241,CTX1863,SYNTHETIC,2026-08-31,maintenance,high,Manutenção próxima,Sua revisão está próxima.,Agendar revisão,schedule_maintenance,inbox,0.91,acted,True,scheduled,synthetic_llm_personalization,Synthetic trigger for maintenance; not a Localiza rule.
REC0904,CUST0118,VEH0018,CONTR0118,CTX0118,SYNTHETIC,2026-09-01,low_use,medium,Baixo uso,Seu carro teve pouco uso no período recente.,Ver minha mobilidade,open_mobility,inbox,0.81,opened,False,scheduled,hybrid_recommendation,Synthetic trigger for low_use; not a Localiza rule.
REC0905,CUST0228,VEH0028,CONTR0228,CTX2311,SYNTHETIC,2026-08-22,maintenance,high,Manutenção próxima,Sua revisão está próxima.,Agendar revisão,schedule_maintenance,in_app,0.664,opened,False,scheduled,synthetic_llm_personalization,Synthetic trigger for maintenance; not a Localiza rule.
REC0906,CUST0140,VEH0040,CONTR0140,CTX2808,SYNTHETIC,2026-09-25,franquia_km,high,Ritmo de uso de KM,Você está usando sua franquia acima do ritmo esperado.,Ver meus KMs,open_km,push,0.652,acted,True,viewed,rule_engine,Synthetic trigger for franquia_km; not a Localiza rule.
REC0907,CUST0292,VEH0092,CONTR0292,CTX0292,SYNTHETIC,2026-08-11,franquia_km,high,Ritmo de uso de KM,Você está usando sua franquia acima do ritmo esperado.,Ver meus KMs,open_km,push,0.902,opened,False,scheduled,synthetic_llm_personalization,Synthetic trigger for franquia_km; not a Localiza rule.
REC0908,CUST0183,VEH0083,CONTR0183,CTX2594,SYNTHETIC,2026-08-22,maintenance,high,Manutenção próxima,Sua revisão está próxima.,Agendar revisão,schedule_maintenance,push,0.795,opened,False,need_resolved,synthetic_llm_personalization,Synthetic trigger for maintenance; not a Localiza rule.
REC0909,CUST0215,VEH0015,CONTR0215,CTX1274,SYNTHETIC,2026-08-04,maintenance,high,Manutenção próxima,Sua revisão está próxima.,Agendar revisão,schedule_maintenance,push,0.656,acted,True,no_action,hybrid_recommendation,Synthetic trigger for maintenance; not a Localiza rule.
REC0910,CUST0433,VEH0033,CONTR0433,CTX0433,SYNTHETIC,2026-09-26,maintenance,high,Manutenção próxima,Sua revisão está próxima.,Agendar revisão,schedule_maintenance,inbox,0.749,delivered,False,pending,hybrid_recommendation,Synthetic trigger for maintenance; not a Localiza rule.
REC0911,CUST0085,VEH0085,CONTR0085,CTX0905,SYNTHETIC,2026-09-13,maintenance,high,Manutenção próxima,Sua revisão está próxima.,Agendar revisão,schedule_maintenance,in_app,0.829,acted,True,scheduled,hybrid_recommendation,Synthetic trigger for maintenance; not a Localiza rule.
REC0912,CUST0177,VEH0077,CONTR0177,CTX2169,SYNTHETIC,2026-08-30,franquia_km,high,Ritmo de uso de KM,Você está usando sua franquia acima do ritmo esperado.,Ver meus KMs,open_km,push,0.984,opened,False,scheduled,hybrid_recommendation,Synthetic trigger for franquia_km; not a Localiza rule.
REC0913,CUST0208,VEH0008,CONTR0208,CTX2020,SYNTHETIC,2026-09-21,franquia_km,high,Ritmo de uso de KM,Você está usando sua franquia acima do ritmo esperado.,Ver meus KMs,open_km,push,0.868,delivered,False,pending,hybrid_recommendation,Synthetic trigger for franquia_km; not a Localiza rule.
REC0914,CUST0396,VEH0096,CONTR0396,CTX1165,SYNTHETIC,2026-09-10,maintenance,high,Manutenção próxima,Sua revisão está próxima.,Agendar revisão,schedule_maintenance,in_app,0.93,dismissed,False,pending,synthetic_llm_personalization,Synthetic trigger for maintenance; not a Localiza rule.
REC0915,CUST0458,VEH0058,CONTR0458,CTX1797,SYNTHETIC,2026-08-13,low_energy,high,Energia baixa,A autonomia disponível está baixa para seu padrão recente.,Planejar abastecimento/recarga,open_energy,push,0.806,dismissed,False,pending,rule_engine,Synthetic trigger for low_energy; not a Localiza rule.
REC0916,CUST0249,VEH0049,CONTR0249,CTX1117,SYNTHETIC,2026-08-15,franquia_km,high,Ritmo de uso de KM,Você está usando sua franquia acima do ritmo esperado.,Ver meus KMs,open_km,inbox,0.77,acted,True,scheduled,hybrid_recommendation,Synthetic trigger for franquia_km; not a Localiza rule.
REC0917,CUST0039,VEH0039,CONTR0039,CTX1069,SYNTHETIC,2026-08-10,maintenance,high,Manutenção próxima,Sua revisão está próxima.,Agendar revisão,schedule_maintenance,inbox,0.837,opened,False,viewed,hybrid_recommendation,Synthetic trigger for maintenance; not a Localiza rule.
REC0918,CUST0235,VEH0035,CONTR0235,CTX2430,SYNTHETIC,2026-09-28,renewal,medium,Renovação próxima,Seu contrato entra em período de renovação.,Revisar meu contrato,review_contract,in_app,0.874,acted,True,viewed,rule_engine,Synthetic trigger for renewal; not a Localiza rule.
REC0919,CUST0437,VEH0037,CONTR0437,CTX0619,SYNTHETIC,2026-08-22,support,medium,Sinal de suporte,Detectamos um sinal que pode exigir atenção.,Abrir suporte,open_support,in_app,0.861,acted,True,no_action,hybrid_recommendation,Synthetic trigger for support; not a Localiza rule.
REC0920,CUST0450,VEH0050,CONTR0450,CTX0742,SYNTHETIC,2026-08-31,maintenance,high,Manutenção próxima,Sua revisão está próxima.,Agendar revisão,schedule_maintenance,push,0.881,acted,True,need_resolved,rule_engine,Synthetic trigger for maintenance; not a Localiza rule.
REC0921,CUST0031,VEH0031,CONTR0031,CTX0708,SYNTHETIC,2026-09-29,maintenance,high,Manutenção próxima,Sua revisão está próxima.,Agendar revisão,schedule_maintenance,push,0.65,opened,False,viewed,rule_engine,Synthetic trigger for maintenance; not a Localiza rule.
REC0922,CUST0176,VEH0076,CONTR0176,CTX0176,SYNTHETIC,2026-09-05,low_energy,high,Energia baixa,A autonomia disponível está baixa para seu padrão recente.,Planejar abastecimento/recarga,open_energy,inbox,0.902,opened,False,no_action,hybrid_recommendation,Synthetic trigger for low_energy; not a Localiza rule.
REC0923,CUST0114,VEH0014,CONTR0114,CTX0512,SYNTHETIC,2026-08-19,maintenance,high,Manutenção próxima,Sua revisão está próxima.,Agendar revisão,schedule_maintenance,inbox,0.946,dismissed,False,pending,hybrid_recommendation,Synthetic trigger for maintenance; not a Localiza rule.
REC0924,CUST0362,VEH0062,CONTR0362,CTX1892,SYNTHETIC,2026-09-05,maintenance,high,Manutenção próxima,Sua revisão está próxima.,Agendar revisão,schedule_maintenance,in_app,0.756,acted,True,no_action,synthetic_llm_personalization,Synthetic trigger for maintenance; not a Localiza rule.
REC0925,CUST0086,VEH0086,CONTR0086,CTX0086,SYNTHETIC,2026-09-22,maintenance,high,Manutenção próxima,Sua revisão está próxima.,Agendar revisão,schedule_maintenance,in_app,0.785,opened,False,scheduled,rule_engine,Synthetic trigger for maintenance; not a Localiza rule.
REC0926,CUST0135,VEH0035,CONTR0135,CTX2281,SYNTHETIC,2026-08-31,maintenance,high,Manutenção próxima,Sua revisão está próxima.,Agendar revisão,schedule_maintenance,inbox,0.819,opened,False,no_action,rule_engine,Synthetic trigger for maintenance; not a Localiza rule.
REC0927,CUST0267,VEH0067,CONTR0267,CTX0904,SYNTHETIC,2026-08-24,support,medium,Sinal de suporte,Detectamos um sinal que pode exigir atenção.,Abrir suporte,open_support,in_app,0.874,dismissed,False,pending,synthetic_llm_personalization,Synthetic trigger for support; not a Localiza rule.
REC0928,CUST0260,VEH0060,CONTR0260,CTX0260,SYNTHETIC,2026-08-17,franquia_km,high,Ritmo de uso de KM,Você está usando sua franquia acima do ritmo esperado.,Ver meus KMs,open_km,inbox,0.672,opened,False,need_resolved,hybrid_recommendation,Synthetic trigger for franquia_km; not a Localiza rule.
REC0929,CUST0025,VEH0025,CONTR0025,CTX1016,SYNTHETIC,2026-08-09,franquia_km,high,Ritmo de uso de KM,Você está usando sua franquia acima do ritmo esperado.,Ver meus KMs,open_km,inbox,0.923,delivered,False,pending,rule_engine,Synthetic trigger for franquia_km; not a Localiza rule.
REC0930,CUST0032,VEH0032,CONTR0032,CTX1362,SYNTHETIC,2026-09-26,franquia_km,high,Ritmo de uso de KM,Você está usando sua franquia acima do ritmo esperado.,Ver meus KMs,open_km,inbox,0.871,opened,False,scheduled,hybrid_recommendation,Synthetic trigger for franquia_km; not a Localiza rule.
REC0931,CUST0335,VEH0035,CONTR0335,CTX1488,SYNTHETIC,2026-09-30,maintenance,high,Manutenção próxima,Sua revisão está próxima.,Agendar revisão,schedule_maintenance,inbox,0.856,delivered,False,pending,rule_engine,Synthetic trigger for maintenance; not a Localiza rule.
REC0932,CUST0045,VEH0045,CONTR0045,CTX2177,SYNTHETIC,2026-09-28,maintenance,high,Manutenção próxima,Sua revisão está próxima.,Agendar revisão,schedule_maintenance,inbox,0.704,acted,True,need_resolved,rule_engine,Synthetic trigger for maintenance; not a Localiza rule.
REC0933,CUST0298,VEH0098,CONTR0298,CTX0987,SYNTHETIC,2026-08-31,franquia_km,high,Ritmo de uso de KM,Você está usando sua franquia acima do ritmo esperado.,Ver meus KMs,open_km,inbox,0.982,dismissed,False,pending,hybrid_recommendation,Synthetic trigger for franquia_km; not a Localiza rule.
REC0934,CUST0256,VEH0056,CONTR0256,CTX0668,SYNTHETIC,2026-09-02,franquia_km,high,Ritmo de uso de KM,Você está usando sua franquia acima do ritmo esperado.,Ver meus KMs,open_km,in_app,0.94,acted,True,viewed,hybrid_recommendation,Synthetic trigger for franquia_km; not a Localiza rule.
REC0935,CUST0194,VEH0094,CONTR0194,CTX1472,SYNTHETIC,2026-09-12,franquia_km,high,Ritmo de uso de KM,Você está usando sua franquia acima do ritmo esperado.,Ver meus KMs,open_km,push,0.86,opened,False,need_resolved,rule_engine,Synthetic trigger for franquia_km; not a Localiza rule.
REC0936,CUST0129,VEH0029,CONTR0129,CTX2304,SYNTHETIC,2026-08-11,benefit,medium,Benefício contextual,Encontramos um benefício relevante para sua rotina.,Ver benefício,open_benefit,inbox,0.735,acted,True,viewed,synthetic_llm_personalization,Synthetic trigger for benefit; not a Localiza rule.
REC0937,CUST0370,VEH0070,CONTR0370,CTX0370,SYNTHETIC,2026-09-28,franquia_km,high,Ritmo de uso de KM,Você está usando sua franquia acima do ritmo esperado.,Ver meus KMs,open_km,in_app,0.78,delivered,False,pending,rule_engine,Synthetic trigger for franquia_km; not a Localiza rule.
REC0938,CUST0294,VEH0094,CONTR0294,CTX1918,SYNTHETIC,2026-09-28,maintenance,high,Manutenção próxima,Sua revisão está próxima.,Agendar revisão,schedule_maintenance,inbox,0.86,delivered,False,pending,rule_engine,Synthetic trigger for maintenance; not a Localiza rule.
REC0939,CUST0099,VEH0099,CONTR0099,CTX0794,SYNTHETIC,2026-09-26,maintenance,high,Manutenção próxima,Sua revisão está próxima.,Agendar revisão,schedule_maintenance,in_app,0.774,dismissed,False,pending,synthetic_llm_personalization,Synthetic trigger for maintenance; not a Localiza rule.
REC0940,CUST0036,VEH0036,CONTR0036,CTX1751,SYNTHETIC,2026-09-10,franquia_km,high,Ritmo de uso de KM,Você está usando sua franquia acima do ritmo esperado.,Ver meus KMs,open_km,inbox,0.917,opened,False,no_action,rule_engine,Synthetic trigger for franquia_km; not a Localiza rule.
REC0941,CUST0074,VEH0074,CONTR0074,CTX1450,SYNTHETIC,2026-09-04,franquia_km,high,Ritmo de uso de KM,Você está usando sua franquia acima do ritmo esperado.,Ver meus KMs,open_km,in_app,0.922,opened,False,no_action,rule_engine,Synthetic trigger for franquia_km; not a Localiza rule.
REC0942,CUST0198,VEH0098,CONTR0198,CTX2008,SYNTHETIC,2026-08-22,maintenance,high,Manutenção próxima,Sua revisão está próxima.,Agendar revisão,schedule_maintenance,in_app,0.904,delivered,False,pending,hybrid_recommendation,Synthetic trigger for maintenance; not a Localiza rule.
REC0943,CUST0157,VEH0057,CONTR0157,CTX2775,SYNTHETIC,2026-09-25,maintenance,high,Manutenção próxima,Sua revisão está próxima.,Agendar revisão,schedule_maintenance,push,0.976,opened,False,scheduled,synthetic_llm_personalization,Synthetic trigger for maintenance; not a Localiza rule.
REC0944,CUST0131,VEH0031,CONTR0131,CTX0520,SYNTHETIC,2026-08-06,franquia_km,high,Ritmo de uso de KM,Você está usando sua franquia acima do ritmo esperado.,Ver meus KMs,open_km,inbox,0.804,opened,False,need_resolved,rule_engine,Synthetic trigger for franquia_km; not a Localiza rule.
REC0945,CUST0299,VEH0099,CONTR0299,CTX2516,SYNTHETIC,2026-08-10,maintenance,high,Manutenção próxima,Sua revisão está próxima.,Agendar revisão,schedule_maintenance,push,0.962,acted,True,viewed,rule_engine,Synthetic trigger for maintenance; not a Localiza rule.
REC0946,CUST0342,VEH0042,CONTR0342,CTX0342,SYNTHETIC,2026-08-13,maintenance,high,Manutenção próxima,Sua revisão está próxima.,Agendar revisão,schedule_maintenance,push,0.822,acted,True,scheduled,hybrid_recommendation,Synthetic trigger for maintenance; not a Localiza rule.
REC0947,CUST0237,VEH0037,CONTR0237,CTX0237,SYNTHETIC,2026-08-28,maintenance,high,Manutenção próxima,Sua revisão está próxima.,Agendar revisão,schedule_maintenance,push,0.83,acted,True,need_resolved,synthetic_llm_personalization,Synthetic trigger for maintenance; not a Localiza rule.
REC0948,CUST0343,VEH0043,CONTR0343,CTX2607,SYNTHETIC,2026-09-12,maintenance,high,Manutenção próxima,Sua revisão está próxima.,Agendar revisão,schedule_maintenance,inbox,0.772,dismissed,False,pending,rule_engine,Synthetic trigger for maintenance; not a Localiza rule.
REC0949,CUST0197,VEH0097,CONTR0197,CTX2610,SYNTHETIC,2026-09-27,maintenance,high,Manutenção próxima,Sua revisão está próxima.,Agendar revisão,schedule_maintenance,inbox,0.89,acted,True,viewed,hybrid_recommendation,Synthetic trigger for maintenance; not a Localiza rule.
REC0950,CUST0429,VEH0029,CONTR0429,CTX2492,SYNTHETIC,2026-09-13,renewal,medium,Renovação próxima,Seu contrato entra em período de renovação.,Revisar meu contrato,review_contract,push,0.797,acted,True,viewed,rule_engine,Synthetic trigger for renewal; not a Localiza rule.
REC0951,CUST0122,VEH0022,CONTR0122,CTX0122,SYNTHETIC,2026-09-27,franquia_km,high,Ritmo de uso de KM,Você está usando sua franquia acima do ritmo esperado.,Ver meus KMs,open_km,push,0.708,delivered,False,pending,rule_engine,Synthetic trigger for franquia_km; not a Localiza rule.
REC0952,CUST0449,VEH0049,CONTR0449,CTX2468,SYNTHETIC,2026-08-28,renewal,medium,Renovação próxima,Seu contrato entra em período de renovação.,Revisar meu contrato,review_contract,push,0.762,opened,False,no_action,rule_engine,Synthetic trigger for renewal; not a Localiza rule.
REC0953,CUST0404,VEH0004,CONTR0404,CTX0404,SYNTHETIC,2026-08-31,maintenance,high,Manutenção próxima,Sua revisão está próxima.,Agendar revisão,schedule_maintenance,inbox,0.884,opened,False,need_resolved,rule_engine,Synthetic trigger for maintenance; not a Localiza rule.
REC0954,CUST0458,VEH0058,CONTR0458,CTX2365,SYNTHETIC,2026-09-29,maintenance,high,Manutenção próxima,Sua revisão está próxima.,Agendar revisão,schedule_maintenance,inbox,0.967,opened,False,scheduled,hybrid_recommendation,Synthetic trigger for maintenance; not a Localiza rule.
REC0955,CUST0251,VEH0051,CONTR0251,CTX0853,SYNTHETIC,2026-08-02,franquia_km,high,Ritmo de uso de KM,Você está usando sua franquia acima do ritmo esperado.,Ver meus KMs,open_km,push,0.957,acted,True,scheduled,synthetic_llm_personalization,Synthetic trigger for franquia_km; not a Localiza rule.
REC0956,CUST0358,VEH0058,CONTR0358,CTX0358,SYNTHETIC,2026-08-20,maintenance,high,Manutenção próxima,Sua revisão está próxima.,Agendar revisão,schedule_maintenance,in_app,0.807,acted,True,need_resolved,synthetic_llm_personalization,Synthetic trigger for maintenance; not a Localiza rule.
REC0957,CUST0254,VEH0054,CONTR0254,CTX1227,SYNTHETIC,2026-09-29,maintenance,high,Manutenção próxima,Sua revisão está próxima.,Agendar revisão,schedule_maintenance,inbox,0.734,acted,True,no_action,rule_engine,Synthetic trigger for maintenance; not a Localiza rule.
REC0958,CUST0114,VEH0014,CONTR0114,CTX0512,SYNTHETIC,2026-08-23,maintenance,high,Manutenção próxima,Sua revisão está próxima.,Agendar revisão,schedule_maintenance,in_app,0.923,opened,False,need_resolved,hybrid_recommendation,Synthetic trigger for maintenance; not a Localiza rule.
REC0959,CUST0454,VEH0054,CONTR0454,CTX1379,SYNTHETIC,2026-09-11,franquia_km,high,Ritmo de uso de KM,Você está usando sua franquia acima do ritmo esperado.,Ver meus KMs,open_km,in_app,0.816,opened,False,viewed,synthetic_llm_personalization,Synthetic trigger for franquia_km; not a Localiza rule.
REC0960,CUST0092,VEH0092,CONTR0092,CTX2954,SYNTHETIC,2026-08-07,maintenance,high,Manutenção próxima,Sua revisão está próxima.,Agendar revisão,schedule_maintenance,in_app,0.946,dismissed,False,pending,synthetic_llm_personalization,Synthetic trigger for maintenance; not a Localiza rule.
REC0961,CUST0387,VEH0087,CONTR0387,CTX2574,SYNTHETIC,2026-09-10,maintenance,high,Manutenção próxima,Sua revisão está próxima.,Agendar revisão,schedule_maintenance,in_app,0.976,dismissed,False,pending,synthetic_llm_personalization,Synthetic trigger for maintenance; not a Localiza rule.
REC0962,CUST0027,VEH0027,CONTR0027,CTX2349,SYNTHETIC,2026-08-03,franquia_km,high,Ritmo de uso de KM,Você está usando sua franquia acima do ritmo esperado.,Ver meus KMs,open_km,inbox,0.674,opened,False,viewed,synthetic_llm_personalization,Synthetic trigger for franquia_km; not a Localiza rule.
REC0963,CUST0240,VEH0040,CONTR0240,CTX0240,SYNTHETIC,2026-09-05,maintenance,high,Manutenção próxima,Sua revisão está próxima.,Agendar revisão,schedule_maintenance,inbox,0.792,opened,False,no_action,hybrid_recommendation,Synthetic trigger for maintenance; not a Localiza rule.
REC0964,CUST0287,VEH0087,CONTR0287,CTX1960,SYNTHETIC,2026-09-05,franquia_km,high,Ritmo de uso de KM,Você está usando sua franquia acima do ritmo esperado.,Ver meus KMs,open_km,inbox,0.731,acted,True,viewed,hybrid_recommendation,Synthetic trigger for franquia_km; not a Localiza rule.
REC0965,CUST0328,VEH0028,CONTR0328,CTX0328,SYNTHETIC,2026-09-11,maintenance,high,Manutenção próxima,Sua revisão está próxima.,Agendar revisão,schedule_maintenance,in_app,0.887,dismissed,False,pending,rule_engine,Synthetic trigger for maintenance; not a Localiza rule.
REC0966,CUST0443,VEH0043,CONTR0443,CTX0443,SYNTHETIC,2026-08-25,franquia_km,high,Ritmo de uso de KM,Você está usando sua franquia acima do ritmo esperado.,Ver meus KMs,open_km,push,0.791,delivered,False,pending,rule_engine,Synthetic trigger for franquia_km; not a Localiza rule.
REC0967,CUST0096,VEH0096,CONTR0096,CTX1288,SYNTHETIC,2026-09-27,maintenance,high,Manutenção próxima,Sua revisão está próxima.,Agendar revisão,schedule_maintenance,inbox,0.701,opened,False,no_action,synthetic_llm_personalization,Synthetic trigger for maintenance; not a Localiza rule.
REC0968,CUST0207,VEH0007,CONTR0207,CTX0207,SYNTHETIC,2026-09-26,franquia_km,high,Ritmo de uso de KM,Você está usando sua franquia acima do ritmo esperado.,Ver meus KMs,open_km,in_app,0.868,acted,True,no_action,synthetic_llm_personalization,Synthetic trigger for franquia_km; not a Localiza rule.
REC0969,CUST0231,VEH0031,CONTR0231,CTX1106,SYNTHETIC,2026-08-14,renewal,medium,Renovação próxima,Seu contrato entra em período de renovação.,Revisar meu contrato,review_contract,inbox,0.948,acted,True,no_action,synthetic_llm_personalization,Synthetic trigger for renewal; not a Localiza rule.
REC0970,CUST0156,VEH0056,CONTR0156,CTX2397,SYNTHETIC,2026-08-30,maintenance,high,Manutenção próxima,Sua revisão está próxima.,Agendar revisão,schedule_maintenance,inbox,0.856,acted,True,no_action,synthetic_llm_personalization,Synthetic trigger for maintenance; not a Localiza rule.
REC0971,CUST0102,VEH0002,CONTR0102,CTX0616,SYNTHETIC,2026-08-03,franquia_km,high,Ritmo de uso de KM,Você está usando sua franquia acima do ritmo esperado.,Ver meus KMs,open_km,in_app,0.67,acted,True,scheduled,hybrid_recommendation,Synthetic trigger for franquia_km; not a Localiza rule.
REC0972,CUST0322,VEH0022,CONTR0322,CTX0322,SYNTHETIC,2026-08-26,maintenance,high,Manutenção próxima,Sua revisão está próxima.,Agendar revisão,schedule_maintenance,in_app,0.711,delivered,False,pending,hybrid_recommendation,Synthetic trigger for maintenance; not a Localiza rule.
REC0973,CUST0417,VEH0017,CONTR0417,CTX2822,SYNTHETIC,2026-09-04,franquia_km,high,Ritmo de uso de KM,Você está usando sua franquia acima do ritmo esperado.,Ver meus KMs,open_km,push,0.695,acted,True,need_resolved,rule_engine,Synthetic trigger for franquia_km; not a Localiza rule.
REC0974,CUST0069,VEH0069,CONTR0069,CTX1908,SYNTHETIC,2026-08-25,renewal,medium,Renovação próxima,Seu contrato entra em período de renovação.,Revisar meu contrato,review_contract,inbox,0.91,opened,False,need_resolved,hybrid_recommendation,Synthetic trigger for renewal; not a Localiza rule.
REC0975,CUST0200,VEH0100,CONTR0200,CTX0770,SYNTHETIC,2026-09-26,franquia_km,high,Ritmo de uso de KM,Você está usando sua franquia acima do ritmo esperado.,Ver meus KMs,open_km,inbox,0.931,acted,True,no_action,rule_engine,Synthetic trigger for franquia_km; not a Localiza rule.
REC0976,CUST0239,VEH0039,CONTR0239,CTX2645,SYNTHETIC,2026-09-08,maintenance,high,Manutenção próxima,Sua revisão está próxima.,Agendar revisão,schedule_maintenance,inbox,0.768,acted,True,no_action,rule_engine,Synthetic trigger for maintenance; not a Localiza rule.
REC0977,CUST0216,VEH0016,CONTR0216,CTX0216,SYNTHETIC,2026-09-19,maintenance,high,Manutenção próxima,Sua revisão está próxima.,Agendar revisão,schedule_maintenance,push,0.792,delivered,False,pending,rule_engine,Synthetic trigger for maintenance; not a Localiza rule.
REC0978,CUST0329,VEH0029,CONTR0329,CTX0973,SYNTHETIC,2026-08-23,maintenance,high,Manutenção próxima,Sua revisão está próxima.,Agendar revisão,schedule_maintenance,inbox,0.748,opened,False,viewed,rule_engine,Synthetic trigger for maintenance; not a Localiza rule.
REC0979,CUST0001,VEH0001,CONTR0001,CTX0774,SYNTHETIC,2026-08-15,benefit,high,Benefício contextual,Encontramos um benefício relevante para sua rotina.,Ver benefício,open_benefit,in_app,0.809,delivered,False,pending,rule_engine,Synthetic trigger for benefit; not a Localiza rule.
REC0980,CUST0112,VEH0012,CONTR0112,CTX0654,SYNTHETIC,2026-08-17,maintenance,high,Manutenção próxima,Sua revisão está próxima.,Agendar revisão,schedule_maintenance,push,0.754,opened,False,no_action,rule_engine,Synthetic trigger for maintenance; not a Localiza rule.
REC0981,CUST0384,VEH0084,CONTR0384,CTX1595,SYNTHETIC,2026-08-16,franquia_km,high,Ritmo de uso de KM,Você está usando sua franquia acima do ritmo esperado.,Ver meus KMs,open_km,in_app,0.918,delivered,False,pending,hybrid_recommendation,Synthetic trigger for franquia_km; not a Localiza rule.
REC0982,CUST0042,VEH0042,CONTR0042,CTX0042,SYNTHETIC,2026-08-18,franquia_km,high,Ritmo de uso de KM,Você está usando sua franquia acima do ritmo esperado.,Ver meus KMs,open_km,in_app,0.654,acted,True,scheduled,synthetic_llm_personalization,Synthetic trigger for franquia_km; not a Localiza rule.
REC0983,CUST0002,VEH0002,CONTR0002,CTX2673,SYNTHETIC,2026-08-16,renewal,high,Renovação próxima,Seu contrato entra em período de renovação.,Revisar meu contrato,review_contract,inbox,0.762,acted,True,no_action,rule_engine,Synthetic trigger for renewal; not a Localiza rule.
REC0984,CUST0339,VEH0039,CONTR0339,CTX0339,SYNTHETIC,2026-08-21,maintenance,high,Manutenção próxima,Sua revisão está próxima.,Agendar revisão,schedule_maintenance,inbox,0.947,delivered,False,pending,synthetic_llm_personalization,Synthetic trigger for maintenance; not a Localiza rule.
REC0985,CUST0053,VEH0053,CONTR0053,CTX0053,SYNTHETIC,2026-09-21,franquia_km,high,Ritmo de uso de KM,Você está usando sua franquia acima do ritmo esperado.,Ver meus KMs,open_km,inbox,0.909,acted,True,no_action,hybrid_recommendation,Synthetic trigger for franquia_km; not a Localiza rule.
REC0986,CUST0408,VEH0008,CONTR0408,CTX1854,SYNTHETIC,2026-08-02,franquia_km,high,Ritmo de uso de KM,Você está usando sua franquia acima do ritmo esperado.,Ver meus KMs,open_km,in_app,0.867,delivered,False,pending,hybrid_recommendation,Synthetic trigger for franquia_km; not a Localiza rule.
REC0987,CUST0198,VEH0098,CONTR0198,CTX2008,SYNTHETIC,2026-08-02,maintenance,high,Manutenção próxima,Sua revisão está próxima.,Agendar revisão,schedule_maintenance,inbox,0.753,acted,True,scheduled,synthetic_llm_personalization,Synthetic trigger for maintenance; not a Localiza rule.
REC0988,CUST0038,VEH0038,CONTR0038,CTX2210,SYNTHETIC,2026-08-08,maintenance,high,Manutenção próxima,Sua revisão está próxima.,Agendar revisão,schedule_maintenance,push,0.848,opened,False,viewed,hybrid_recommendation,Synthetic trigger for maintenance; not a Localiza rule.
REC0989,CUST0006,VEH0006,CONTR0006,CTX1162,SYNTHETIC,2026-08-23,maintenance,high,Manutenção próxima,Sua revisão está próxima.,Agendar revisão,schedule_maintenance,in_app,0.894,acted,True,viewed,rule_engine,Synthetic trigger for maintenance; not a Localiza rule.
REC0990,CUST0427,VEH0027,CONTR0427,CTX0518,SYNTHETIC,2026-08-22,maintenance,high,Manutenção próxima,Sua revisão está próxima.,Agendar revisão,schedule_maintenance,inbox,0.717,delivered,False,pending,synthetic_llm_personalization,Synthetic trigger for maintenance; not a Localiza rule.
REC0991,CUST0056,VEH0056,CONTR0056,CTX0544,SYNTHETIC,2026-08-15,long_trip,medium,Padrão de viagem,Você vem fazendo viagens longas com frequência.,Preparar viagem,open_planner,push,0.693,acted,True,no_action,synthetic_llm_personalization,Synthetic trigger for long_trip; not a Localiza rule.
REC0992,CUST0169,VEH0069,CONTR0169,CTX2746,SYNTHETIC,2026-09-25,franquia_km,high,Ritmo de uso de KM,Você está usando sua franquia acima do ritmo esperado.,Ver meus KMs,open_km,inbox,0.865,opened,False,need_resolved,synthetic_llm_personalization,Synthetic trigger for franquia_km; not a Localiza rule.
REC0993,CUST0128,VEH0028,CONTR0128,CTX0128,SYNTHETIC,2026-08-30,franquia_km,high,Ritmo de uso de KM,Você está usando sua franquia acima do ritmo esperado.,Ver meus KMs,open_km,push,0.839,opened,False,no_action,rule_engine,Synthetic trigger for franquia_km; not a Localiza rule.
REC0994,CUST0065,VEH0065,CONTR0065,CTX2429,SYNTHETIC,2026-08-08,maintenance,high,Manutenção próxima,Sua revisão está próxima.,Agendar revisão,schedule_maintenance,inbox,0.749,opened,False,need_resolved,synthetic_llm_personalization,Synthetic trigger for maintenance; not a Localiza rule.
REC0995,CUST0183,VEH0083,CONTR0183,CTX0508,SYNTHETIC,2026-08-30,maintenance,high,Manutenção próxima,Sua revisão está próxima.,Agendar revisão,schedule_maintenance,in_app,0.823,acted,True,scheduled,rule_engine,Synthetic trigger for maintenance; not a Localiza rule.
REC0996,CUST0465,VEH0065,CONTR0465,CTX2140,SYNTHETIC,2026-09-24,renewal,medium,Renovação próxima,Seu contrato entra em período de renovação.,Revisar meu contrato,review_contract,push,0.85,delivered,False,pending,hybrid_recommendation,Synthetic trigger for renewal; not a Localiza rule.
REC0997,CUST0255,VEH0055,CONTR0255,CTX2770,SYNTHETIC,2026-09-26,franquia_km,high,Ritmo de uso de KM,Você está usando sua franquia acima do ritmo esperado.,Ver meus KMs,open_km,in_app,0.786,opened,False,need_resolved,hybrid_recommendation,Synthetic trigger for franquia_km; not a Localiza rule.
REC0998,CUST0439,VEH0039,CONTR0439,CTX1814,SYNTHETIC,2026-09-23,maintenance,high,Manutenção próxima,Sua revisão está próxima.,Agendar revisão,schedule_maintenance,inbox,0.957,acted,True,scheduled,rule_engine,Synthetic trigger for maintenance; not a Localiza rule.
REC0999,CUST0361,VEH0061,CONTR0361,CTX1638,SYNTHETIC,2026-08-26,franquia_km,high,Ritmo de uso de KM,Você está usando sua franquia acima do ritmo esperado.,Ver meus KMs,open_km,inbox,0.761,delivered,False,pending,hybrid_recommendation,Synthetic trigger for franquia_km; not a Localiza rule.
REC1000,CUST0363,VEH0063,CONTR0363,CTX0777,SYNTHETIC,2026-08-08,maintenance,high,Manutenção próxima,Sua revisão está próxima.,Agendar revisão,schedule_maintenance,in_app,0.841,delivered,False,pending,synthetic_llm_personalization,Synthetic trigger for maintenance; not a Localiza rule.
REC1001,CUST0439,VEH0039,CONTR0439,CTX1323,SYNTHETIC,2026-08-20,maintenance,high,Manutenção próxima,Sua revisão está próxima.,Agendar revisão,schedule_maintenance,inbox,0.927,opened,False,viewed,hybrid_recommendation,Synthetic trigger for maintenance; not a Localiza rule.
REC1002,CUST0246,VEH0046,CONTR0246,CTX2096,SYNTHETIC,2026-08-06,franquia_km,high,Ritmo de uso de KM,Você está usando sua franquia acima do ritmo esperado.,Ver meus KMs,open_km,in_app,0.962,delivered,False,pending,synthetic_llm_personalization,Synthetic trigger for franquia_km; not a Localiza rule.
REC1003,CUST0433,VEH0033,CONTR0433,CTX2206,SYNTHETIC,2026-08-13,maintenance,high,Manutenção próxima,Sua revisão está próxima.,Agendar revisão,schedule_maintenance,inbox,0.975,opened,False,need_resolved,synthetic_llm_personalization,Synthetic trigger for maintenance; not a Localiza rule.
REC1004,CUST0459,VEH0059,CONTR0459,CTX2599,SYNTHETIC,2026-08-18,franquia_km,high,Ritmo de uso de KM,Você está usando sua franquia acima do ritmo esperado.,Ver meus KMs,open_km,push,0.852,acted,True,no_action,synthetic_llm_personalization,Synthetic trigger for franquia_km; not a Localiza rule.
REC1005,CUST0228,VEH0028,CONTR0228,CTX2983,SYNTHETIC,2026-08-26,maintenance,high,Manutenção próxima,Sua revisão está próxima.,Agendar revisão,schedule_maintenance,inbox,0.871,dismissed,False,pending,synthetic_llm_personalization,Synthetic trigger for maintenance; not a Localiza rule.
REC1006,CUST0402,VEH0002,CONTR0402,CTX1749,SYNTHETIC,2026-10-01,long_trip,medium,Padrão de viagem,Você vem fazendo viagens longas com frequência.,Preparar viagem,open_planner,in_app,0.847,opened,False,viewed,rule_engine,Synthetic trigger for long_trip; not a Localiza rule.
REC1007,CUST0079,VEH0079,CONTR0079,CTX1867,SYNTHETIC,2026-09-07,renewal,medium,Renovação próxima,Seu contrato entra em período de renovação.,Revisar meu contrato,review_contract,in_app,0.841,delivered,False,pending,hybrid_recommendation,Synthetic trigger for renewal; not a Localiza rule.
REC1008,CUST0344,VEH0044,CONTR0344,CTX0614,SYNTHETIC,2026-08-17,franquia_km,high,Ritmo de uso de KM,Você está usando sua franquia acima do ritmo esperado.,Ver meus KMs,open_km,inbox,0.818,opened,False,need_resolved,hybrid_recommendation,Synthetic trigger for franquia_km; not a Localiza rule.
REC1009,CUST0070,VEH0070,CONTR0070,CTX0070,SYNTHETIC,2026-08-08,maintenance,high,Manutenção próxima,Sua revisão está próxima.,Agendar revisão,schedule_maintenance,in_app,0.965,delivered,False,pending,synthetic_llm_personalization,Synthetic trigger for maintenance; not a Localiza rule.
REC1010,CUST0110,VEH0010,CONTR0110,CTX0110,SYNTHETIC,2026-08-14,benefit,medium,Benefício contextual,Encontramos um benefício relevante para sua rotina.,Ver benefício,open_benefit,inbox,0.86,delivered,False,pending,hybrid_recommendation,Synthetic trigger for benefit; not a Localiza rule.
REC1011,CUST0437,VEH0037,CONTR0437,CTX1396,SYNTHETIC,2026-09-03,support,medium,Sinal de suporte,Detectamos um sinal que pode exigir atenção.,Abrir suporte,open_support,in_app,0.971,dismissed,False,pending,rule_engine,Synthetic trigger for support; not a Localiza rule.
REC1012,CUST0332,VEH0032,CONTR0332,CTX2199,SYNTHETIC,2026-08-13,franquia_km,high,Ritmo de uso de KM,Você está usando sua franquia acima do ritmo esperado.,Ver meus KMs,open_km,push,0.821,delivered,False,pending,hybrid_recommendation,Synthetic trigger for franquia_km; not a Localiza rule.
REC1013,CUST0186,VEH0086,CONTR0186,CTX1178,SYNTHETIC,2026-09-25,maintenance,high,Manutenção próxima,Sua revisão está próxima.,Agendar revisão,schedule_maintenance,inbox,0.864,opened,False,need_resolved,hybrid_recommendation,Synthetic trigger for maintenance; not a Localiza rule.
REC1014,CUST0208,VEH0008,CONTR0208,CTX2922,SYNTHETIC,2026-08-31,franquia_km,high,Ritmo de uso de KM,Você está usando sua franquia acima do ritmo esperado.,Ver meus KMs,open_km,push,0.935,acted,True,scheduled,synthetic_llm_personalization,Synthetic trigger for franquia_km; not a Localiza rule.
REC1015,CUST0209,VEH0009,CONTR0209,CTX1582,SYNTHETIC,2026-09-06,maintenance,high,Manutenção próxima,Sua revisão está próxima.,Agendar revisão,schedule_maintenance,push,0.718,opened,False,scheduled,rule_engine,Synthetic trigger for maintenance; not a Localiza rule.
REC1016,CUST0201,VEH0001,CONTR0201,CTX1997,SYNTHETIC,2026-10-01,franquia_km,high,Ritmo de uso de KM,Você está usando sua franquia acima do ritmo esperado.,Ver meus KMs,open_km,inbox,0.972,acted,True,viewed,hybrid_recommendation,Synthetic trigger for franquia_km; not a Localiza rule.
REC1017,CUST0218,VEH0018,CONTR0218,CTX2681,SYNTHETIC,2026-09-28,long_trip,medium,Padrão de viagem,Você vem fazendo viagens longas com frequência.,Preparar viagem,open_planner,push,0.826,acted,True,no_action,synthetic_llm_personalization,Synthetic trigger for long_trip; not a Localiza rule.
REC1018,CUST0064,VEH0064,CONTR0064,CTX0064,SYNTHETIC,2026-09-10,franquia_km,high,Ritmo de uso de KM,Você está usando sua franquia acima do ritmo esperado.,Ver meus KMs,open_km,in_app,0.984,acted,True,scheduled,synthetic_llm_personalization,Synthetic trigger for franquia_km; not a Localiza rule.
REC1019,CUST0411,VEH0011,CONTR0411,CTX1127,SYNTHETIC,2026-08-06,franquia_km,high,Ritmo de uso de KM,Você está usando sua franquia acima do ritmo esperado.,Ver meus KMs,open_km,push,0.693,opened,False,viewed,hybrid_recommendation,Synthetic trigger for franquia_km; not a Localiza rule.
REC1020,CUST0399,VEH0099,CONTR0399,CTX2459,SYNTHETIC,2026-08-26,franquia_km,high,Ritmo de uso de KM,Você está usando sua franquia acima do ritmo esperado.,Ver meus KMs,open_km,push,0.825,acted,True,viewed,rule_engine,Synthetic trigger for franquia_km; not a Localiza rule.
REC1021,CUST0435,VEH0035,CONTR0435,CTX0952,SYNTHETIC,2026-08-09,maintenance,high,Manutenção próxima,Sua revisão está próxima.,Agendar revisão,schedule_maintenance,push,0.857,opened,False,no_action,synthetic_llm_personalization,Synthetic trigger for maintenance; not a Localiza rule.
REC1022,CUST0007,VEH0007,CONTR0007,CTX0007,SYNTHETIC,2026-08-04,franquia_km,high,Ritmo de uso de KM,Você está usando sua franquia acima do ritmo esperado.,Ver meus KMs,open_km,inbox,0.878,delivered,False,pending,rule_engine,Synthetic trigger for franquia_km; not a Localiza rule.
REC1023,CUST0231,VEH0031,CONTR0231,CTX0971,SYNTHETIC,2026-08-02,renewal,medium,Renovação próxima,Seu contrato entra em período de renovação.,Revisar meu contrato,review_contract,push,0.738,opened,False,no_action,synthetic_llm_personalization,Synthetic trigger for renewal; not a Localiza rule.
REC1024,CUST0119,VEH0019,CONTR0119,CTX2247,SYNTHETIC,2026-08-08,maintenance,high,Manutenção próxima,Sua revisão está próxima.,Agendar revisão,schedule_maintenance,push,0.906,opened,False,scheduled,synthetic_llm_personalization,Synthetic trigger for maintenance; not a Localiza rule.
REC1025,CUST0326,VEH0026,CONTR0326,CTX0326,SYNTHETIC,2026-09-14,franquia_km,high,Ritmo de uso de KM,Você está usando sua franquia acima do ritmo esperado.,Ver meus KMs,open_km,in_app,0.722,acted,True,viewed,synthetic_llm_personalization,Synthetic trigger for franquia_km; not a Localiza rule.
REC1026,CUST0194,VEH0094,CONTR0194,CTX2869,SYNTHETIC,2026-09-17,franquia_km,high,Ritmo de uso de KM,Você está usando sua franquia acima do ritmo esperado.,Ver meus KMs,open_km,in_app,0.687,delivered,False,pending,rule_engine,Synthetic trigger for franquia_km; not a Localiza rule.
REC1027,CUST0180,VEH0080,CONTR0180,CTX1073,SYNTHETIC,2026-08-20,renewal,medium,Renovação próxima,Seu contrato entra em período de renovação.,Revisar meu contrato,review_contract,inbox,0.867,delivered,False,pending,synthetic_llm_personalization,Synthetic trigger for renewal; not a Localiza rule.
REC1028,CUST0406,VEH0006,CONTR0406,CTX0406,SYNTHETIC,2026-09-27,franquia_km,high,Ritmo de uso de KM,Você está usando sua franquia acima do ritmo esperado.,Ver meus KMs,open_km,in_app,0.679,opened,False,need_resolved,rule_engine,Synthetic trigger for franquia_km; not a Localiza rule.
REC1029,CUST0387,VEH0087,CONTR0387,CTX1462,SYNTHETIC,2026-10-01,maintenance,high,Manutenção próxima,Sua revisão está próxima.,Agendar revisão,schedule_maintenance,inbox,0.75,acted,True,viewed,rule_engine,Synthetic trigger for maintenance; not a Localiza rule.
REC1030,CUST0423,VEH0023,CONTR0423,CTX0942,SYNTHETIC,2026-09-03,franquia_km,high,Ritmo de uso de KM,Você está usando sua franquia acima do ritmo esperado.,Ver meus KMs,open_km,inbox,0.862,opened,False,need_resolved,synthetic_llm_personalization,Synthetic trigger for franquia_km; not a Localiza rule.
REC1031,CUST0350,VEH0050,CONTR0350,CTX0747,SYNTHETIC,2026-09-23,franquia_km,high,Ritmo de uso de KM,Você está usando sua franquia acima do ritmo esperado.,Ver meus KMs,open_km,in_app,0.84,acted,True,no_action,synthetic_llm_personalization,Synthetic trigger for franquia_km; not a Localiza rule.
REC1032,CUST0215,VEH0015,CONTR0215,CTX2070,SYNTHETIC,2026-08-22,maintenance,high,Manutenção próxima,Sua revisão está próxima.,Agendar revisão,schedule_maintenance,push,0.933,opened,False,viewed,rule_engine,Synthetic trigger for maintenance; not a Localiza rule.
REC1033,CUST0458,VEH0058,CONTR0458,CTX0712,SYNTHETIC,2026-09-30,maintenance,high,Manutenção próxima,Sua revisão está próxima.,Agendar revisão,schedule_maintenance,inbox,0.722,acted,True,no_action,synthetic_llm_personalization,Synthetic trigger for maintenance; not a Localiza rule.
REC1034,CUST0112,VEH0012,CONTR0112,CTX2689,SYNTHETIC,2026-08-18,maintenance,high,Manutenção próxima,Sua revisão está próxima.,Agendar revisão,schedule_maintenance,inbox,0.716,opened,False,need_resolved,synthetic_llm_personalization,Synthetic trigger for maintenance; not a Localiza rule.
REC1035,CUST0101,VEH0001,CONTR0101,CTX0803,SYNTHETIC,2026-08-18,franquia_km,high,Ritmo de uso de KM,Você está usando sua franquia acima do ritmo esperado.,Ver meus KMs,open_km,inbox,0.876,delivered,False,pending,synthetic_llm_personalization,Synthetic trigger for franquia_km; not a Localiza rule.
REC1036,CUST0320,VEH0020,CONTR0320,CTX2945,SYNTHETIC,2026-10-01,maintenance,high,Manutenção próxima,Sua revisão está próxima.,Agendar revisão,schedule_maintenance,in_app,0.781,opened,False,no_action,rule_engine,Synthetic trigger for maintenance; not a Localiza rule.
REC1037,CUST0262,VEH0062,CONTR0262,CTX0918,SYNTHETIC,2026-09-09,franquia_km,high,Ritmo de uso de KM,Você está usando sua franquia acima do ritmo esperado.,Ver meus KMs,open_km,push,0.84,opened,False,viewed,rule_engine,Synthetic trigger for franquia_km; not a Localiza rule.
REC1038,CUST0114,VEH0014,CONTR0114,CTX0114,SYNTHETIC,2026-08-10,renewal,high,Renovação próxima,Seu contrato entra em período de renovação.,Revisar meu contrato,review_contract,push,0.823,delivered,False,pending,rule_engine,Synthetic trigger for renewal; not a Localiza rule.
REC1039,CUST0175,VEH0075,CONTR0175,CTX2326,SYNTHETIC,2026-08-31,support,high,Sinal de suporte,Detectamos um sinal que pode exigir atenção.,Abrir suporte,open_support,in_app,0.852,acted,True,scheduled,rule_engine,Synthetic trigger for support; not a Localiza rule.
REC1040,CUST0448,VEH0048,CONTR0448,CTX1140,SYNTHETIC,2026-09-03,maintenance,high,Manutenção próxima,Sua revisão está próxima.,Agendar revisão,schedule_maintenance,push,0.923,delivered,False,pending,hybrid_recommendation,Synthetic trigger for maintenance; not a Localiza rule.
REC1041,CUST0018,VEH0018,CONTR0018,CTX1575,SYNTHETIC,2026-09-20,maintenance,high,Manutenção próxima,Sua revisão está próxima.,Agendar revisão,schedule_maintenance,in_app,0.881,acted,True,need_resolved,rule_engine,Synthetic trigger for maintenance; not a Localiza rule.
REC1042,CUST0214,VEH0014,CONTR0214,CTX0214,SYNTHETIC,2026-08-31,low_energy,medium,Energia baixa,A autonomia disponível está baixa para seu padrão recente.,Planejar abastecimento/recarga,open_energy,inbox,0.814,opened,False,scheduled,hybrid_recommendation,Synthetic trigger for low_energy; not a Localiza rule.
REC1043,CUST0389,VEH0089,CONTR0389,CTX2054,SYNTHETIC,2026-08-03,franquia_km,high,Ritmo de uso de KM,Você está usando sua franquia acima do ritmo esperado.,Ver meus KMs,open_km,in_app,0.779,opened,False,viewed,hybrid_recommendation,Synthetic trigger for franquia_km; not a Localiza rule.
REC1044,CUST0033,VEH0033,CONTR0033,CTX1760,SYNTHETIC,2026-09-13,franquia_km,high,Ritmo de uso de KM,Você está usando sua franquia acima do ritmo esperado.,Ver meus KMs,open_km,inbox,0.936,dismissed,False,pending,hybrid_recommendation,Synthetic trigger for franquia_km; not a Localiza rule.
REC1045,CUST0486,VEH0086,CONTR0486,CTX2212,SYNTHETIC,2026-09-25,renewal,medium,Renovação próxima,Seu contrato entra em período de renovação.,Revisar meu contrato,review_contract,inbox,0.903,acted,True,viewed,rule_engine,Synthetic trigger for renewal; not a Localiza rule.
REC1046,CUST0232,VEH0032,CONTR0232,CTX1780,SYNTHETIC,2026-09-09,franquia_km,high,Ritmo de uso de KM,Você está usando sua franquia acima do ritmo esperado.,Ver meus KMs,open_km,push,0.895,acted,True,viewed,synthetic_llm_personalization,Synthetic trigger for franquia_km; not a Localiza rule.
REC1047,CUST0416,VEH0016,CONTR0416,CTX2939,SYNTHETIC,2026-09-22,franquia_km,high,Ritmo de uso de KM,Você está usando sua franquia acima do ritmo esperado.,Ver meus KMs,open_km,push,0.697,opened,False,no_action,synthetic_llm_personalization,Synthetic trigger for franquia_km; not a Localiza rule.
REC1048,CUST0432,VEH0032,CONTR0432,CTX0432,SYNTHETIC,2026-09-08,maintenance,high,Manutenção próxima,Sua revisão está próxima.,Agendar revisão,schedule_maintenance,in_app,0.909,acted,True,need_resolved,rule_engine,Synthetic trigger for maintenance; not a Localiza rule.
REC1049,CUST0162,VEH0062,CONTR0162,CTX2826,SYNTHETIC,2026-09-17,maintenance,high,Manutenção próxima,Sua revisão está próxima.,Agendar revisão,schedule_maintenance,inbox,0.944,delivered,False,pending,rule_engine,Synthetic trigger for maintenance; not a Localiza rule.
REC1050,CUST0164,VEH0064,CONTR0164,CTX1388,SYNTHETIC,2026-08-31,maintenance,high,Manutenção próxima,Sua revisão está próxima.,Agendar revisão,schedule_maintenance,in_app,0.871,acted,True,need_resolved,synthetic_llm_personalization,Synthetic trigger for maintenance; not a Localiza rule.
REC1051,CUST0212,VEH0012,CONTR0212,CTX0212,SYNTHETIC,2026-08-30,franquia_km,high,Ritmo de uso de KM,Você está usando sua franquia acima do ritmo esperado.,Ver meus KMs,open_km,inbox,0.721,acted,True,need_resolved,synthetic_llm_personalization,Synthetic trigger for franquia_km; not a Localiza rule.
REC1052,CUST0115,VEH0015,CONTR0115,CTX1487,SYNTHETIC,2026-08-18,franquia_km,high,Ritmo de uso de KM,Você está usando sua franquia acima do ritmo esperado.,Ver meus KMs,open_km,in_app,0.71,opened,False,no_action,hybrid_recommendation,Synthetic trigger for franquia_km; not a Localiza rule.
REC1053,CUST0261,VEH0061,CONTR0261,CTX1822,SYNTHETIC,2026-08-22,benefit,medium,Benefício contextual,Encontramos um benefício relevante para sua rotina.,Ver benefício,open_benefit,push,0.904,delivered,False,pending,hybrid_recommendation,Synthetic trigger for benefit; not a Localiza rule.
REC1054,CUST0193,VEH0093,CONTR0193,CTX0972,SYNTHETIC,2026-08-08,franquia_km,high,Ritmo de uso de KM,Você está usando sua franquia acima do ritmo esperado.,Ver meus KMs,open_km,in_app,0.914,acted,True,scheduled,rule_engine,Synthetic trigger for franquia_km; not a Localiza rule.
REC1055,CUST0154,VEH0054,CONTR0154,CTX2198,SYNTHETIC,2026-09-03,maintenance,high,Manutenção próxima,Sua revisão está próxima.,Agendar revisão,schedule_maintenance,in_app,0.765,acted,True,viewed,hybrid_recommendation,Synthetic trigger for maintenance; not a Localiza rule.
REC1056,CUST0370,VEH0070,CONTR0370,CTX2142,SYNTHETIC,2026-08-02,franquia_km,high,Ritmo de uso de KM,Você está usando sua franquia acima do ritmo esperado.,Ver meus KMs,open_km,inbox,0.695,acted,True,scheduled,synthetic_llm_personalization,Synthetic trigger for franquia_km; not a Localiza rule.
REC1057,CUST0279,VEH0079,CONTR0279,CTX0279,SYNTHETIC,2026-09-14,long_trip,medium,Padrão de viagem,Você vem fazendo viagens longas com frequência.,Preparar viagem,open_planner,inbox,0.901,acted,True,scheduled,hybrid_recommendation,Synthetic trigger for long_trip; not a Localiza rule.
REC1058,CUST0046,VEH0046,CONTR0046,CTX1608,SYNTHETIC,2026-08-29,renewal,medium,Renovação próxima,Seu contrato entra em período de renovação.,Revisar meu contrato,review_contract,inbox,0.878,delivered,False,pending,rule_engine,Synthetic trigger for renewal; not a Localiza rule.
REC1059,CUST0367,VEH0067,CONTR0367,CTX2907,SYNTHETIC,2026-09-02,support,medium,Sinal de suporte,Detectamos um sinal que pode exigir atenção.,Abrir suporte,open_support,inbox,0.735,acted,True,no_action,synthetic_llm_personalization,Synthetic trigger for support; not a Localiza rule.
REC1060,CUST0413,VEH0013,CONTR0413,CTX0413,SYNTHETIC,2026-09-30,long_trip,medium,Padrão de viagem,Você vem fazendo viagens longas com frequência.,Preparar viagem,open_planner,in_app,0.883,acted,True,viewed,synthetic_llm_personalization,Synthetic trigger for long_trip; not a Localiza rule.
REC1061,CUST0143,VEH0043,CONTR0143,CTX1082,SYNTHETIC,2026-09-03,franquia_km,high,Ritmo de uso de KM,Você está usando sua franquia acima do ritmo esperado.,Ver meus KMs,open_km,inbox,0.713,acted,True,need_resolved,synthetic_llm_personalization,Synthetic trigger for franquia_km; not a Localiza rule.
REC1062,CUST0445,VEH0045,CONTR0445,CTX0715,SYNTHETIC,2026-09-22,franquia_km,high,Ritmo de uso de KM,Você está usando sua franquia acima do ritmo esperado.,Ver meus KMs,open_km,in_app,0.896,acted,True,viewed,rule_engine,Synthetic trigger for franquia_km; not a Localiza rule.
REC1063,CUST0396,VEH0096,CONTR0396,CTX2956,SYNTHETIC,2026-08-18,low_energy,high,Energia baixa,A autonomia disponível está baixa para seu padrão recente.,Planejar abastecimento/recarga,open_energy,in_app,0.697,dismissed,False,pending,synthetic_llm_personalization,Synthetic trigger for low_energy; not a Localiza rule.
REC1064,CUST0001,VEH0001,CONTR0001,CTX0774,SYNTHETIC,2026-08-25,maintenance,high,Manutenção próxima,Sua revisão está próxima.,Agendar revisão,schedule_maintenance,push,0.945,delivered,False,pending,rule_engine,Synthetic trigger for maintenance; not a Localiza rule.
REC1065,CUST0467,VEH0067,CONTR0467,CTX1344,SYNTHETIC,2026-09-08,franquia_km,high,Ritmo de uso de KM,Você está usando sua franquia acima do ritmo esperado.,Ver meus KMs,open_km,push,0.672,opened,False,scheduled,hybrid_recommendation,Synthetic trigger for franquia_km; not a Localiza rule.
REC1066,CUST0276,VEH0076,CONTR0276,CTX1112,SYNTHETIC,2026-09-26,renewal,high,Renovação próxima,Seu contrato entra em período de renovação.,Revisar meu contrato,review_contract,push,0.91,dismissed,False,pending,rule_engine,Synthetic trigger for renewal; not a Localiza rule.
REC1067,CUST0456,VEH0056,CONTR0456,CTX1141,SYNTHETIC,2026-09-17,franquia_km,high,Ritmo de uso de KM,Você está usando sua franquia acima do ritmo esperado.,Ver meus KMs,open_km,in_app,0.719,opened,False,scheduled,synthetic_llm_personalization,Synthetic trigger for franquia_km; not a Localiza rule.
REC1068,CUST0078,VEH0078,CONTR0078,CTX1715,SYNTHETIC,2026-09-12,maintenance,high,Manutenção próxima,Sua revisão está próxima.,Agendar revisão,schedule_maintenance,inbox,0.653,opened,False,no_action,synthetic_llm_personalization,Synthetic trigger for maintenance; not a Localiza rule.
REC1069,CUST0417,VEH0017,CONTR0417,CTX2822,SYNTHETIC,2026-09-08,franquia_km,high,Ritmo de uso de KM,Você está usando sua franquia acima do ritmo esperado.,Ver meus KMs,open_km,push,0.684,dismissed,False,pending,synthetic_llm_personalization,Synthetic trigger for franquia_km; not a Localiza rule.
REC1070,CUST0300,VEH0100,CONTR0300,CTX2002,SYNTHETIC,2026-09-19,maintenance,high,Manutenção próxima,Sua revisão está próxima.,Agendar revisão,schedule_maintenance,in_app,0.915,delivered,False,pending,hybrid_recommendation,Synthetic trigger for maintenance; not a Localiza rule.
REC1071,CUST0031,VEH0031,CONTR0031,CTX2031,SYNTHETIC,2026-08-04,maintenance,high,Manutenção próxima,Sua revisão está próxima.,Agendar revisão,schedule_maintenance,inbox,0.757,acted,True,viewed,synthetic_llm_personalization,Synthetic trigger for maintenance; not a Localiza rule.
REC1072,CUST0108,VEH0008,CONTR0108,CTX2302,SYNTHETIC,2026-09-28,renewal,medium,Renovação próxima,Seu contrato entra em período de renovação.,Revisar meu contrato,review_contract,inbox,0.881,opened,False,scheduled,rule_engine,Synthetic trigger for renewal; not a Localiza rule.
REC1073,CUST0011,VEH0011,CONTR0011,CTX0011,SYNTHETIC,2026-09-20,franquia_km,high,Ritmo de uso de KM,Você está usando sua franquia acima do ritmo esperado.,Ver meus KMs,open_km,inbox,0.853,acted,True,viewed,hybrid_recommendation,Synthetic trigger for franquia_km; not a Localiza rule.
REC1074,CUST0240,VEH0040,CONTR0240,CTX1909,SYNTHETIC,2026-09-06,maintenance,high,Manutenção próxima,Sua revisão está próxima.,Agendar revisão,schedule_maintenance,in_app,0.733,delivered,False,pending,synthetic_llm_personalization,Synthetic trigger for maintenance; not a Localiza rule.
REC1075,CUST0151,VEH0051,CONTR0151,CTX2060,SYNTHETIC,2026-08-15,maintenance,high,Manutenção próxima,Sua revisão está próxima.,Agendar revisão,schedule_maintenance,push,0.979,opened,False,scheduled,synthetic_llm_personalization,Synthetic trigger for maintenance; not a Localiza rule.
REC1076,CUST0394,VEH0094,CONTR0394,CTX0394,SYNTHETIC,2026-09-18,renewal,medium,Renovação próxima,Seu contrato entra em período de renovação.,Revisar meu contrato,review_contract,inbox,0.953,delivered,False,pending,hybrid_recommendation,Synthetic trigger for renewal; not a Localiza rule.
REC1077,CUST0312,VEH0012,CONTR0312,CTX0312,SYNTHETIC,2026-08-11,franquia_km,high,Ritmo de uso de KM,Você está usando sua franquia acima do ritmo esperado.,Ver meus KMs,open_km,push,0.916,opened,False,no_action,hybrid_recommendation,Synthetic trigger for franquia_km; not a Localiza rule.
REC1078,CUST0293,VEH0093,CONTR0293,CTX1087,SYNTHETIC,2026-09-04,franquia_km,high,Ritmo de uso de KM,Você está usando sua franquia acima do ritmo esperado.,Ver meus KMs,open_km,in_app,0.736,acted,True,scheduled,synthetic_llm_personalization,Synthetic trigger for franquia_km; not a Localiza rule.
REC1079,CUST0018,VEH0018,CONTR0018,CTX0697,SYNTHETIC,2026-08-02,franquia_km,high,Ritmo de uso de KM,Você está usando sua franquia acima do ritmo esperado.,Ver meus KMs,open_km,inbox,0.683,delivered,False,pending,hybrid_recommendation,Synthetic trigger for franquia_km; not a Localiza rule.
REC1080,CUST0121,VEH0021,CONTR0121,CTX2050,SYNTHETIC,2026-09-22,maintenance,high,Manutenção próxima,Sua revisão está próxima.,Agendar revisão,schedule_maintenance,inbox,0.743,dismissed,False,pending,hybrid_recommendation,Synthetic trigger for maintenance; not a Localiza rule.
REC1081,CUST0157,VEH0057,CONTR0157,CTX0157,SYNTHETIC,2026-08-22,maintenance,high,Manutenção próxima,Sua revisão está próxima.,Agendar revisão,schedule_maintenance,push,0.804,delivered,False,pending,hybrid_recommendation,Synthetic trigger for maintenance; not a Localiza rule.
REC1082,CUST0078,VEH0078,CONTR0078,CTX0980,SYNTHETIC,2026-08-14,franquia_km,high,Ritmo de uso de KM,Você está usando sua franquia acima do ritmo esperado.,Ver meus KMs,open_km,in_app,0.866,opened,False,viewed,synthetic_llm_personalization,Synthetic trigger for franquia_km; not a Localiza rule.
REC1083,CUST0219,VEH0019,CONTR0219,CTX0595,SYNTHETIC,2026-08-13,maintenance,high,Manutenção próxima,Sua revisão está próxima.,Agendar revisão,schedule_maintenance,push,0.904,acted,True,need_resolved,rule_engine,Synthetic trigger for maintenance; not a Localiza rule.
REC1084,CUST0444,VEH0044,CONTR0444,CTX1001,SYNTHETIC,2026-08-25,franquia_km,high,Ritmo de uso de KM,Você está usando sua franquia acima do ritmo esperado.,Ver meus KMs,open_km,in_app,0.867,opened,False,no_action,hybrid_recommendation,Synthetic trigger for franquia_km; not a Localiza rule.
REC1085,CUST0314,VEH0014,CONTR0314,CTX1941,SYNTHETIC,2026-08-22,long_trip,medium,Padrão de viagem,Você vem fazendo viagens longas com frequência.,Preparar viagem,open_planner,inbox,0.686,opened,False,no_action,rule_engine,Synthetic trigger for long_trip; not a Localiza rule.
REC1086,CUST0462,VEH0062,CONTR0462,CTX2751,SYNTHETIC,2026-09-30,franquia_km,high,Ritmo de uso de KM,Você está usando sua franquia acima do ritmo esperado.,Ver meus KMs,open_km,push,0.782,opened,False,no_action,synthetic_llm_personalization,Synthetic trigger for franquia_km; not a Localiza rule.
REC1087,CUST0279,VEH0079,CONTR0279,CTX1884,SYNTHETIC,2026-08-07,low_use,medium,Baixo uso,Seu carro teve pouco uso no período recente.,Ver minha mobilidade,open_mobility,in_app,0.938,dismissed,False,pending,rule_engine,Synthetic trigger for low_use; not a Localiza rule.
REC1088,CUST0466,VEH0066,CONTR0466,CTX0466,SYNTHETIC,2026-09-20,maintenance,high,Manutenção próxima,Sua revisão está próxima.,Agendar revisão,schedule_maintenance,inbox,0.743,delivered,False,pending,rule_engine,Synthetic trigger for maintenance; not a Localiza rule.
REC1089,CUST0397,VEH0097,CONTR0397,CTX0860,SYNTHETIC,2026-08-08,maintenance,high,Manutenção próxima,Sua revisão está próxima.,Agendar revisão,schedule_maintenance,in_app,0.807,acted,True,need_resolved,synthetic_llm_personalization,Synthetic trigger for maintenance; not a Localiza rule.
REC1090,CUST0474,VEH0074,CONTR0474,CTX0474,SYNTHETIC,2026-08-23,maintenance,high,Manutenção próxima,Sua revisão está próxima.,Agendar revisão,schedule_maintenance,inbox,0.777,acted,True,scheduled,rule_engine,Synthetic trigger for maintenance; not a Localiza rule.
REC1091,CUST0339,VEH0039,CONTR0339,CTX2333,SYNTHETIC,2026-08-03,maintenance,high,Manutenção próxima,Sua revisão está próxima.,Agendar revisão,schedule_maintenance,inbox,0.66,opened,False,no_action,hybrid_recommendation,Synthetic trigger for maintenance; not a Localiza rule.
REC1092,CUST0228,VEH0028,CONTR0228,CTX0228,SYNTHETIC,2026-08-03,maintenance,high,Manutenção próxima,Sua revisão está próxima.,Agendar revisão,schedule_maintenance,in_app,0.873,opened,False,need_resolved,hybrid_recommendation,Synthetic trigger for maintenance; not a Localiza rule.
REC1093,CUST0392,VEH0092,CONTR0392,CTX0392,SYNTHETIC,2026-08-26,renewal,medium,Renovação próxima,Seu contrato entra em período de renovação.,Revisar meu contrato,review_contract,push,0.771,opened,False,need_resolved,rule_engine,Synthetic trigger for renewal; not a Localiza rule.
REC1094,CUST0289,VEH0089,CONTR0289,CTX1168,SYNTHETIC,2026-09-20,maintenance,high,Manutenção próxima,Sua revisão está próxima.,Agendar revisão,schedule_maintenance,in_app,0.652,acted,True,scheduled,synthetic_llm_personalization,Synthetic trigger for maintenance; not a Localiza rule.
REC1095,CUST0491,VEH0091,CONTR0491,CTX0491,SYNTHETIC,2026-08-21,franquia_km,high,Ritmo de uso de KM,Você está usando sua franquia acima do ritmo esperado.,Ver meus KMs,open_km,in_app,0.666,opened,False,viewed,rule_engine,Synthetic trigger for franquia_km; not a Localiza rule.
REC1096,CUST0057,VEH0057,CONTR0057,CTX2163,SYNTHETIC,2026-09-24,franquia_km,high,Ritmo de uso de KM,Você está usando sua franquia acima do ritmo esperado.,Ver meus KMs,open_km,in_app,0.792,acted,True,no_action,rule_engine,Synthetic trigger for franquia_km; not a Localiza rule.
REC1097,CUST0172,VEH0072,CONTR0172,CTX0172,SYNTHETIC,2026-09-01,franquia_km,high,Ritmo de uso de KM,Você está usando sua franquia acima do ritmo esperado.,Ver meus KMs,open_km,inbox,0.728,acted,True,scheduled,hybrid_recommendation,Synthetic trigger for franquia_km; not a Localiza rule.
REC1098,CUST0384,VEH0084,CONTR0384,CTX0816,SYNTHETIC,2026-08-24,franquia_km,high,Ritmo de uso de KM,Você está usando sua franquia acima do ritmo esperado.,Ver meus KMs,open_km,push,0.731,delivered,False,pending,rule_engine,Synthetic trigger for franquia_km; not a Localiza rule.
REC1099,CUST0419,VEH0019,CONTR0419,CTX0946,SYNTHETIC,2026-09-21,maintenance,high,Manutenção próxima,Sua revisão está próxima.,Agendar revisão,schedule_maintenance,push,0.735,acted,True,no_action,rule_engine,Synthetic trigger for maintenance; not a Localiza rule.
REC1100,CUST0404,VEH0004,CONTR0404,CTX1094,SYNTHETIC,2026-09-13,maintenance,high,Manutenção próxima,Sua revisão está próxima.,Agendar revisão,schedule_maintenance,push,0.666,opened,False,scheduled,hybrid_recommendation,Synthetic trigger for maintenance; not a Localiza rule.
REC1101,CUST0329,VEH0029,CONTR0329,CTX1267,SYNTHETIC,2026-08-25,maintenance,high,Manutenção próxima,Sua revisão está próxima.,Agendar revisão,schedule_maintenance,inbox,0.74,delivered,False,pending,synthetic_llm_personalization,Synthetic trigger for maintenance; not a Localiza rule.
REC1102,CUST0288,VEH0088,CONTR0288,CTX1642,SYNTHETIC,2026-09-30,franquia_km,high,Ritmo de uso de KM,Você está usando sua franquia acima do ritmo esperado.,Ver meus KMs,open_km,in_app,0.726,acted,True,need_resolved,synthetic_llm_personalization,Synthetic trigger for franquia_km; not a Localiza rule.
REC1103,CUST0211,VEH0011,CONTR0211,CTX1604,SYNTHETIC,2026-09-13,franquia_km,high,Ritmo de uso de KM,Você está usando sua franquia acima do ritmo esperado.,Ver meus KMs,open_km,inbox,0.79,acted,True,scheduled,rule_engine,Synthetic trigger for franquia_km; not a Localiza rule.
REC1104,CUST0303,VEH0003,CONTR0303,CTX2682,SYNTHETIC,2026-09-30,maintenance,high,Manutenção próxima,Sua revisão está próxima.,Agendar revisão,schedule_maintenance,push,0.981,opened,False,viewed,synthetic_llm_personalization,Synthetic trigger for maintenance; not a Localiza rule.
REC1105,CUST0262,VEH0062,CONTR0262,CTX2318,SYNTHETIC,2026-09-30,maintenance,high,Manutenção próxima,Sua revisão está próxima.,Agendar revisão,schedule_maintenance,push,0.69,opened,False,scheduled,rule_engine,Synthetic trigger for maintenance; not a Localiza rule.
REC1106,CUST0239,VEH0039,CONTR0239,CTX1888,SYNTHETIC,2026-09-28,maintenance,high,Manutenção próxima,Sua revisão está próxima.,Agendar revisão,schedule_maintenance,push,0.736,delivered,False,pending,hybrid_recommendation,Synthetic trigger for maintenance; not a Localiza rule.
REC1107,CUST0241,VEH0041,CONTR0241,CTX2593,SYNTHETIC,2026-08-18,maintenance,high,Manutenção próxima,Sua revisão está próxima.,Agendar revisão,schedule_maintenance,in_app,0.81,acted,True,no_action,hybrid_recommendation,Synthetic trigger for maintenance; not a Localiza rule.
REC1108,CUST0438,VEH0038,CONTR0438,CTX2396,SYNTHETIC,2026-09-15,maintenance,high,Manutenção próxima,Sua revisão está próxima.,Agendar revisão,schedule_maintenance,push,0.784,delivered,False,pending,synthetic_llm_personalization,Synthetic trigger for maintenance; not a Localiza rule.
REC1109,CUST0456,VEH0056,CONTR0456,CTX1885,SYNTHETIC,2026-08-04,franquia_km,high,Ritmo de uso de KM,Você está usando sua franquia acima do ritmo esperado.,Ver meus KMs,open_km,inbox,0.785,acted,True,no_action,rule_engine,Synthetic trigger for franquia_km; not a Localiza rule.
REC1110,CUST0246,VEH0046,CONTR0246,CTX0640,SYNTHETIC,2026-09-06,maintenance,high,Manutenção próxima,Sua revisão está próxima.,Agendar revisão,schedule_maintenance,push,0.972,acted,True,no_action,rule_engine,Synthetic trigger for maintenance; not a Localiza rule.
REC1111,CUST0113,VEH0013,CONTR0113,CTX1531,SYNTHETIC,2026-09-13,maintenance,high,Manutenção próxima,Sua revisão está próxima.,Agendar revisão,schedule_maintenance,push,0.74,delivered,False,pending,rule_engine,Synthetic trigger for maintenance; not a Localiza rule.
REC1112,CUST0004,VEH0004,CONTR0004,CTX2295,SYNTHETIC,2026-09-04,maintenance,high,Manutenção próxima,Sua revisão está próxima.,Agendar revisão,schedule_maintenance,inbox,0.852,delivered,False,pending,synthetic_llm_personalization,Synthetic trigger for maintenance; not a Localiza rule.
REC1113,CUST0328,VEH0028,CONTR0328,CTX0695,SYNTHETIC,2026-08-12,maintenance,high,Manutenção próxima,Sua revisão está próxima.,Agendar revisão,schedule_maintenance,inbox,0.881,acted,True,viewed,rule_engine,Synthetic trigger for maintenance; not a Localiza rule.
REC1114,CUST0157,VEH0057,CONTR0157,CTX0624,SYNTHETIC,2026-09-24,maintenance,high,Manutenção próxima,Sua revisão está próxima.,Agendar revisão,schedule_maintenance,push,0.656,acted,True,no_action,synthetic_llm_personalization,Synthetic trigger for maintenance; not a Localiza rule.
REC1115,CUST0397,VEH0097,CONTR0397,CTX1065,SYNTHETIC,2026-09-23,maintenance,high,Manutenção próxima,Sua revisão está próxima.,Agendar revisão,schedule_maintenance,inbox,0.962,opened,False,no_action,synthetic_llm_personalization,Synthetic trigger for maintenance; not a Localiza rule.
REC1116,CUST0149,VEH0049,CONTR0149,CTX0149,SYNTHETIC,2026-08-15,franquia_km,high,Ritmo de uso de KM,Você está usando sua franquia acima do ritmo esperado.,Ver meus KMs,open_km,in_app,0.795,delivered,False,pending,hybrid_recommendation,Synthetic trigger for franquia_km; not a Localiza rule.
REC1117,CUST0241,VEH0041,CONTR0241,CTX2593,SYNTHETIC,2026-09-15,maintenance,high,Manutenção próxima,Sua revisão está próxima.,Agendar revisão,schedule_maintenance,inbox,0.838,opened,False,scheduled,hybrid_recommendation,Synthetic trigger for maintenance; not a Localiza rule.
REC1118,CUST0125,VEH0025,CONTR0125,CTX1566,SYNTHETIC,2026-08-23,maintenance,high,Manutenção próxima,Sua revisão está próxima.,Agendar revisão,schedule_maintenance,inbox,0.728,opened,False,scheduled,rule_engine,Synthetic trigger for maintenance; not a Localiza rule.
REC1119,CUST0108,VEH0008,CONTR0108,CTX2658,SYNTHETIC,2026-09-08,renewal,medium,Renovação próxima,Seu contrato entra em período de renovação.,Revisar meu contrato,review_contract,in_app,0.902,delivered,False,pending,hybrid_recommendation,Synthetic trigger for renewal; not a Localiza rule.
REC1120,CUST0022,VEH0022,CONTR0022,CTX1689,SYNTHETIC,2026-08-24,franquia_km,high,Ritmo de uso de KM,Você está usando sua franquia acima do ritmo esperado.,Ver meus KMs,open_km,inbox,0.934,delivered,False,pending,rule_engine,Synthetic trigger for franquia_km; not a Localiza rule.
REC1121,CUST0149,VEH0049,CONTR0149,CTX0149,SYNTHETIC,2026-09-15,franquia_km,high,Ritmo de uso de KM,Você está usando sua franquia acima do ritmo esperado.,Ver meus KMs,open_km,inbox,0.925,delivered,False,pending,hybrid_recommendation,Synthetic trigger for franquia_km; not a Localiza rule.
REC1122,CUST0428,VEH0028,CONTR0428,CTX1391,SYNTHETIC,2026-08-16,maintenance,high,Manutenção próxima,Sua revisão está próxima.,Agendar revisão,schedule_maintenance,push,0.719,opened,False,no_action,hybrid_recommendation,Synthetic trigger for maintenance; not a Localiza rule.
REC1123,CUST0019,VEH0019,CONTR0019,CTX0604,SYNTHETIC,2026-09-29,maintenance,high,Manutenção próxima,Sua revisão está próxima.,Agendar revisão,schedule_maintenance,inbox,0.984,dismissed,False,pending,hybrid_recommendation,Synthetic trigger for maintenance; not a Localiza rule.
REC1124,CUST0274,VEH0074,CONTR0274,CTX0274,SYNTHETIC,2026-08-12,low_use,medium,Baixo uso,Seu carro teve pouco uso no período recente.,Ver minha mobilidade,open_mobility,push,0.982,opened,False,viewed,synthetic_llm_personalization,Synthetic trigger for low_use; not a Localiza rule.
REC1125,CUST0246,VEH0046,CONTR0246,CTX2096,SYNTHETIC,2026-08-13,maintenance,high,Manutenção próxima,Sua revisão está próxima.,Agendar revisão,schedule_maintenance,in_app,0.876,opened,False,viewed,rule_engine,Synthetic trigger for maintenance; not a Localiza rule.
REC1126,CUST0176,VEH0076,CONTR0176,CTX2984,SYNTHETIC,2026-08-28,maintenance,high,Manutenção próxima,Sua revisão está próxima.,Agendar revisão,schedule_maintenance,inbox,0.847,dismissed,False,pending,rule_engine,Synthetic trigger for maintenance; not a Localiza rule.
REC1127,CUST0266,VEH0066,CONTR0266,CTX0266,SYNTHETIC,2026-08-19,maintenance,high,Manutenção próxima,Sua revisão está próxima.,Agendar revisão,schedule_maintenance,push,0.979,delivered,False,pending,hybrid_recommendation,Synthetic trigger for maintenance; not a Localiza rule.
REC1128,CUST0220,VEH0020,CONTR0220,CTX2065,SYNTHETIC,2026-08-08,renewal,high,Renovação próxima,Seu contrato entra em período de renovação.,Revisar meu contrato,review_contract,inbox,0.96,delivered,False,pending,rule_engine,Synthetic trigger for renewal; not a Localiza rule.
REC1129,CUST0460,VEH0060,CONTR0460,CTX2143,SYNTHETIC,2026-08-12,franquia_km,high,Ritmo de uso de KM,Você está usando sua franquia acima do ritmo esperado.,Ver meus KMs,open_km,inbox,0.805,opened,False,no_action,rule_engine,Synthetic trigger for franquia_km; not a Localiza rule.
REC1130,CUST0347,VEH0047,CONTR0347,CTX1893,SYNTHETIC,2026-09-25,franquia_km,high,Ritmo de uso de KM,Você está usando sua franquia acima do ritmo esperado.,Ver meus KMs,open_km,push,0.759,acted,True,no_action,rule_engine,Synthetic trigger for franquia_km; not a Localiza rule.
REC1131,CUST0119,VEH0019,CONTR0119,CTX2544,SYNTHETIC,2026-09-24,maintenance,high,Manutenção próxima,Sua revisão está próxima.,Agendar revisão,schedule_maintenance,in_app,0.74,acted,True,viewed,hybrid_recommendation,Synthetic trigger for maintenance; not a Localiza rule.
REC1132,CUST0285,VEH0085,CONTR0285,CTX2153,SYNTHETIC,2026-08-03,franquia_km,high,Ritmo de uso de KM,Você está usando sua franquia acima do ritmo esperado.,Ver meus KMs,open_km,in_app,0.97,opened,False,no_action,hybrid_recommendation,Synthetic trigger for franquia_km; not a Localiza rule.
REC1133,CUST0415,VEH0015,CONTR0415,CTX0676,SYNTHETIC,2026-08-27,low_energy,medium,Energia baixa,A autonomia disponível está baixa para seu padrão recente.,Planejar abastecimento/recarga,open_energy,in_app,0.838,acted,True,scheduled,synthetic_llm_personalization,Synthetic trigger for low_energy; not a Localiza rule.
REC1134,CUST0431,VEH0031,CONTR0431,CTX0431,SYNTHETIC,2026-08-31,franquia_km,high,Ritmo de uso de KM,Você está usando sua franquia acima do ritmo esperado.,Ver meus KMs,open_km,inbox,0.862,delivered,False,pending,synthetic_llm_personalization,Synthetic trigger for franquia_km; not a Localiza rule.
REC1135,CUST0261,VEH0061,CONTR0261,CTX1706,SYNTHETIC,2026-08-19,long_trip,medium,Padrão de viagem,Você vem fazendo viagens longas com frequência.,Preparar viagem,open_planner,inbox,0.672,opened,False,no_action,rule_engine,Synthetic trigger for long_trip; not a Localiza rule.
REC1136,CUST0327,VEH0027,CONTR0327,CTX2483,SYNTHETIC,2026-09-09,maintenance,high,Manutenção próxima,Sua revisão está próxima.,Agendar revisão,schedule_maintenance,inbox,0.99,acted,True,viewed,hybrid_recommendation,Synthetic trigger for maintenance; not a Localiza rule.
REC1137,CUST0099,VEH0099,CONTR0099,CTX1722,SYNTHETIC,2026-08-12,maintenance,high,Manutenção próxima,Sua revisão está próxima.,Agendar revisão,schedule_maintenance,push,0.723,delivered,False,pending,hybrid_recommendation,Synthetic trigger for maintenance; not a Localiza rule.
REC1138,CUST0105,VEH0005,CONTR0105,CTX0105,SYNTHETIC,2026-09-06,maintenance,high,Manutenção próxima,Sua revisão está próxima.,Agendar revisão,schedule_maintenance,push,0.657,opened,False,need_resolved,hybrid_recommendation,Synthetic trigger for maintenance; not a Localiza rule.
REC1139,CUST0385,VEH0085,CONTR0385,CTX0864,SYNTHETIC,2026-08-08,maintenance,high,Manutenção próxima,Sua revisão está próxima.,Agendar revisão,schedule_maintenance,in_app,0.742,acted,True,viewed,rule_engine,Synthetic trigger for maintenance; not a Localiza rule.
REC1140,CUST0003,VEH0003,CONTR0003,CTX0003,SYNTHETIC,2026-09-14,franquia_km,high,Ritmo de uso de KM,Você está usando sua franquia acima do ritmo esperado.,Ver meus KMs,open_km,in_app,0.917,acted,True,viewed,hybrid_recommendation,Synthetic trigger for franquia_km; not a Localiza rule.
REC1141,CUST0024,VEH0024,CONTR0024,CTX2132,SYNTHETIC,2026-09-24,maintenance,high,Manutenção próxima,Sua revisão está próxima.,Agendar revisão,schedule_maintenance,in_app,0.897,acted,True,viewed,rule_engine,Synthetic trigger for maintenance; not a Localiza rule.
REC1142,CUST0228,VEH0028,CONTR0228,CTX2983,SYNTHETIC,2026-08-29,maintenance,high,Manutenção próxima,Sua revisão está próxima.,Agendar revisão,schedule_maintenance,inbox,0.705,acted,True,viewed,synthetic_llm_personalization,Synthetic trigger for maintenance; not a Localiza rule.
REC1143,CUST0406,VEH0006,CONTR0406,CTX0539,SYNTHETIC,2026-08-03,franquia_km,high,Ritmo de uso de KM,Você está usando sua franquia acima do ritmo esperado.,Ver meus KMs,open_km,in_app,0.902,delivered,False,pending,hybrid_recommendation,Synthetic trigger for franquia_km; not a Localiza rule.
REC1144,CUST0302,VEH0002,CONTR0302,CTX1645,SYNTHETIC,2026-08-15,support,medium,Sinal de suporte,Detectamos um sinal que pode exigir atenção.,Abrir suporte,open_support,inbox,0.701,acted,True,viewed,rule_engine,Synthetic trigger for support; not a Localiza rule.
REC1145,CUST0409,VEH0009,CONTR0409,CTX2940,SYNTHETIC,2026-09-19,renewal,high,Renovação próxima,Seu contrato entra em período de renovação.,Revisar meu contrato,review_contract,push,0.789,opened,False,viewed,hybrid_recommendation,Synthetic trigger for renewal; not a Localiza rule.
REC1146,CUST0229,VEH0029,CONTR0229,CTX0722,SYNTHETIC,2026-08-09,franquia_km,high,Ritmo de uso de KM,Você está usando sua franquia acima do ritmo esperado.,Ver meus KMs,open_km,push,0.934,opened,False,scheduled,synthetic_llm_personalization,Synthetic trigger for franquia_km; not a Localiza rule.
REC1147,CUST0248,VEH0048,CONTR0248,CTX0248,SYNTHETIC,2026-09-11,franquia_km,high,Ritmo de uso de KM,Você está usando sua franquia acima do ritmo esperado.,Ver meus KMs,open_km,in_app,0.981,acted,True,scheduled,hybrid_recommendation,Synthetic trigger for franquia_km; not a Localiza rule.
REC1148,CUST0332,VEH0032,CONTR0332,CTX2630,SYNTHETIC,2026-09-04,franquia_km,high,Ritmo de uso de KM,Você está usando sua franquia acima do ritmo esperado.,Ver meus KMs,open_km,inbox,0.924,delivered,False,pending,hybrid_recommendation,Synthetic trigger for franquia_km; not a Localiza rule.
REC1149,CUST0062,VEH0062,CONTR0062,CTX2292,SYNTHETIC,2026-08-17,franquia_km,high,Ritmo de uso de KM,Você está usando sua franquia acima do ritmo esperado.,Ver meus KMs,open_km,push,0.651,opened,False,need_resolved,hybrid_recommendation,Synthetic trigger for franquia_km; not a Localiza rule.
REC1150,CUST0149,VEH0049,CONTR0149,CTX1095,SYNTHETIC,2026-09-15,franquia_km,high,Ritmo de uso de KM,Você está usando sua franquia acima do ritmo esperado.,Ver meus KMs,open_km,in_app,0.977,acted,True,scheduled,hybrid_recommendation,Synthetic trigger for franquia_km; not a Localiza rule.
REC1151,CUST0194,VEH0094,CONTR0194,CTX0194,SYNTHETIC,2026-09-24,franquia_km,high,Ritmo de uso de KM,Você está usando sua franquia acima do ritmo esperado.,Ver meus KMs,open_km,in_app,0.956,delivered,False,pending,hybrid_recommendation,Synthetic trigger for franquia_km; not a Localiza rule.
REC1152,CUST0350,VEH0050,CONTR0350,CTX1387,SYNTHETIC,2026-09-02,franquia_km,high,Ritmo de uso de KM,Você está usando sua franquia acima do ritmo esperado.,Ver meus KMs,open_km,push,0.7,acted,True,need_resolved,hybrid_recommendation,Synthetic trigger for franquia_km; not a Localiza rule.
REC1153,CUST0057,VEH0057,CONTR0057,CTX1207,SYNTHETIC,2026-08-17,franquia_km,high,Ritmo de uso de KM,Você está usando sua franquia acima do ritmo esperado.,Ver meus KMs,open_km,inbox,0.884,acted,True,need_resolved,hybrid_recommendation,Synthetic trigger for franquia_km; not a Localiza rule.
REC1154,CUST0221,VEH0021,CONTR0221,CTX0658,SYNTHETIC,2026-09-05,maintenance,high,Manutenção próxima,Sua revisão está próxima.,Agendar revisão,schedule_maintenance,push,0.711,opened,False,no_action,rule_engine,Synthetic trigger for maintenance; not a Localiza rule.
REC1155,CUST0292,VEH0092,CONTR0292,CTX2497,SYNTHETIC,2026-09-13,maintenance,high,Manutenção próxima,Sua revisão está próxima.,Agendar revisão,schedule_maintenance,in_app,0.824,delivered,False,pending,synthetic_llm_personalization,Synthetic trigger for maintenance; not a Localiza rule.
REC1156,CUST0052,VEH0052,CONTR0052,CTX1541,SYNTHETIC,2026-09-05,renewal,medium,Renovação próxima,Seu contrato entra em período de renovação.,Revisar meu contrato,review_contract,push,0.785,dismissed,False,pending,rule_engine,Synthetic trigger for renewal; not a Localiza rule.
REC1157,CUST0435,VEH0035,CONTR0435,CTX2873,SYNTHETIC,2026-09-12,maintenance,high,Manutenção próxima,Sua revisão está próxima.,Agendar revisão,schedule_maintenance,in_app,0.973,acted,True,no_action,synthetic_llm_personalization,Synthetic trigger for maintenance; not a Localiza rule.
REC1158,CUST0119,VEH0019,CONTR0119,CTX0530,SYNTHETIC,2026-09-05,maintenance,high,Manutenção próxima,Sua revisão está próxima.,Agendar revisão,schedule_maintenance,push,0.951,opened,False,scheduled,hybrid_recommendation,Synthetic trigger for maintenance; not a Localiza rule.
REC1159,CUST0215,VEH0015,CONTR0215,CTX0215,SYNTHETIC,2026-08-05,support,high,Sinal de suporte,Detectamos um sinal que pode exigir atenção.,Abrir suporte,open_support,inbox,0.704,acted,True,need_resolved,synthetic_llm_personalization,Synthetic trigger for support; not a Localiza rule.
REC1160,CUST0105,VEH0005,CONTR0105,CTX1968,SYNTHETIC,2026-08-04,maintenance,high,Manutenção próxima,Sua revisão está próxima.,Agendar revisão,schedule_maintenance,in_app,0.759,opened,False,viewed,rule_engine,Synthetic trigger for maintenance; not a Localiza rule.
REC1161,CUST0340,VEH0040,CONTR0340,CTX1935,SYNTHETIC,2026-08-04,franquia_km,high,Ritmo de uso de KM,Você está usando sua franquia acima do ritmo esperado.,Ver meus KMs,open_km,in_app,0.731,delivered,False,pending,rule_engine,Synthetic trigger for franquia_km; not a Localiza rule.
REC1162,CUST0360,VEH0060,CONTR0360,CTX2879,SYNTHETIC,2026-08-07,franquia_km,high,Ritmo de uso de KM,Você está usando sua franquia acima do ritmo esperado.,Ver meus KMs,open_km,in_app,0.703,delivered,False,pending,synthetic_llm_personalization,Synthetic trigger for franquia_km; not a Localiza rule.
REC1163,CUST0029,VEH0029,CONTR0029,CTX1704,SYNTHETIC,2026-09-11,maintenance,high,Manutenção próxima,Sua revisão está próxima.,Agendar revisão,schedule_maintenance,push,0.873,opened,False,viewed,rule_engine,Synthetic trigger for maintenance; not a Localiza rule.
REC1164,CUST0377,VEH0077,CONTR0377,CTX0855,SYNTHETIC,2026-08-21,maintenance,high,Manutenção próxima,Sua revisão está próxima.,Agendar revisão,schedule_maintenance,in_app,0.885,acted,True,no_action,synthetic_llm_personalization,Synthetic trigger for maintenance; not a Localiza rule.
REC1165,CUST0143,VEH0043,CONTR0143,CTX0844,SYNTHETIC,2026-08-18,franquia_km,high,Ritmo de uso de KM,Você está usando sua franquia acima do ritmo esperado.,Ver meus KMs,open_km,in_app,0.971,opened,False,no_action,rule_engine,Synthetic trigger for franquia_km; not a Localiza rule.
REC1166,CUST0239,VEH0039,CONTR0239,CTX2404,SYNTHETIC,2026-08-06,maintenance,high,Manutenção próxima,Sua revisão está próxima.,Agendar revisão,schedule_maintenance,in_app,0.732,opened,False,need_resolved,hybrid_recommendation,Synthetic trigger for maintenance; not a Localiza rule.
REC1167,CUST0232,VEH0032,CONTR0232,CTX1581,SYNTHETIC,2026-09-17,franquia_km,high,Ritmo de uso de KM,Você está usando sua franquia acima do ritmo esperado.,Ver meus KMs,open_km,push,0.914,delivered,False,pending,hybrid_recommendation,Synthetic trigger for franquia_km; not a Localiza rule.
REC1168,CUST0439,VEH0039,CONTR0439,CTX1953,SYNTHETIC,2026-08-27,maintenance,high,Manutenção próxima,Sua revisão está próxima.,Agendar revisão,schedule_maintenance,push,0.751,dismissed,False,pending,hybrid_recommendation,Synthetic trigger for maintenance; not a Localiza rule.
REC1169,CUST0427,VEH0027,CONTR0427,CTX1233,SYNTHETIC,2026-09-24,maintenance,high,Manutenção próxima,Sua revisão está próxima.,Agendar revisão,schedule_maintenance,in_app,0.8,delivered,False,pending,synthetic_llm_personalization,Synthetic trigger for maintenance; not a Localiza rule.
REC1170,CUST0179,VEH0079,CONTR0179,CTX2564,SYNTHETIC,2026-08-31,franquia_km,high,Ritmo de uso de KM,Você está usando sua franquia acima do ritmo esperado.,Ver meus KMs,open_km,in_app,0.774,opened,False,scheduled,synthetic_llm_personalization,Synthetic trigger for franquia_km; not a Localiza rule.
REC1171,CUST0485,VEH0085,CONTR0485,CTX2081,SYNTHETIC,2026-08-31,maintenance,high,Manutenção próxima,Sua revisão está próxima.,Agendar revisão,schedule_maintenance,push,0.748,opened,False,scheduled,rule_engine,Synthetic trigger for maintenance; not a Localiza rule.
REC1172,CUST0176,VEH0076,CONTR0176,CTX2984,SYNTHETIC,2026-09-11,maintenance,high,Manutenção próxima,Sua revisão está próxima.,Agendar revisão,schedule_maintenance,inbox,0.785,dismissed,False,pending,rule_engine,Synthetic trigger for maintenance; not a Localiza rule.
REC1173,CUST0448,VEH0048,CONTR0448,CTX1268,SYNTHETIC,2026-09-29,maintenance,high,Manutenção próxima,Sua revisão está próxima.,Agendar revisão,schedule_maintenance,push,0.87,opened,False,viewed,synthetic_llm_personalization,Synthetic trigger for maintenance; not a Localiza rule.
REC1174,CUST0178,VEH0078,CONTR0178,CTX0178,SYNTHETIC,2026-08-14,maintenance,high,Manutenção próxima,Sua revisão está próxima.,Agendar revisão,schedule_maintenance,inbox,0.947,opened,False,no_action,synthetic_llm_personalization,Synthetic trigger for maintenance; not a Localiza rule.
REC1175,CUST0488,VEH0088,CONTR0488,CTX1592,SYNTHETIC,2026-08-25,franquia_km,high,Ritmo de uso de KM,Você está usando sua franquia acima do ritmo esperado.,Ver meus KMs,open_km,in_app,0.811,delivered,False,pending,synthetic_llm_personalization,Synthetic trigger for franquia_km; not a Localiza rule.
REC1176,CUST0129,VEH0029,CONTR0129,CTX2546,SYNTHETIC,2026-08-09,low_use,medium,Baixo uso,Seu carro teve pouco uso no período recente.,Ver minha mobilidade,open_mobility,in_app,0.804,delivered,False,pending,rule_engine,Synthetic trigger for low_use; not a Localiza rule.
REC1177,CUST0137,VEH0037,CONTR0137,CTX1281,SYNTHETIC,2026-08-21,franquia_km,high,Ritmo de uso de KM,Você está usando sua franquia acima do ritmo esperado.,Ver meus KMs,open_km,in_app,0.877,opened,False,no_action,hybrid_recommendation,Synthetic trigger for franquia_km; not a Localiza rule.
REC1178,CUST0353,VEH0053,CONTR0353,CTX0527,SYNTHETIC,2026-09-05,maintenance,high,Manutenção próxima,Sua revisão está próxima.,Agendar revisão,schedule_maintenance,in_app,0.785,dismissed,False,pending,synthetic_llm_personalization,Synthetic trigger for maintenance; not a Localiza rule.
REC1179,CUST0193,VEH0093,CONTR0193,CTX0193,SYNTHETIC,2026-08-02,franquia_km,high,Ritmo de uso de KM,Você está usando sua franquia acima do ritmo esperado.,Ver meus KMs,open_km,inbox,0.924,opened,False,no_action,hybrid_recommendation,Synthetic trigger for franquia_km; not a Localiza rule.
REC1180,CUST0128,VEH0028,CONTR0128,CTX0827,SYNTHETIC,2026-09-23,franquia_km,high,Ritmo de uso de KM,Você está usando sua franquia acima do ritmo esperado.,Ver meus KMs,open_km,inbox,0.919,acted,True,no_action,rule_engine,Synthetic trigger for franquia_km; not a Localiza rule.
REC1181,CUST0380,VEH0080,CONTR0380,CTX2791,SYNTHETIC,2026-10-01,benefit,medium,Benefício contextual,Encontramos um benefício relevante para sua rotina.,Ver benefício,open_benefit,in_app,0.742,dismissed,False,pending,synthetic_llm_personalization,Synthetic trigger for benefit; not a Localiza rule.
REC1182,CUST0056,VEH0056,CONTR0056,CTX0544,SYNTHETIC,2026-08-27,support,medium,Sinal de suporte,Detectamos um sinal que pode exigir atenção.,Abrir suporte,open_support,inbox,0.743,delivered,False,pending,synthetic_llm_personalization,Synthetic trigger for support; not a Localiza rule.
REC1183,CUST0308,VEH0008,CONTR0308,CTX2238,SYNTHETIC,2026-08-12,maintenance,high,Manutenção próxima,Sua revisão está próxima.,Agendar revisão,schedule_maintenance,push,0.838,opened,False,need_resolved,rule_engine,Synthetic trigger for maintenance; not a Localiza rule.
REC1184,CUST0458,VEH0058,CONTR0458,CTX1797,SYNTHETIC,2026-08-03,maintenance,high,Manutenção próxima,Sua revisão está próxima.,Agendar revisão,schedule_maintenance,inbox,0.735,opened,False,need_resolved,synthetic_llm_personalization,Synthetic trigger for maintenance; not a Localiza rule.
REC1185,CUST0437,VEH0037,CONTR0437,CTX0437,SYNTHETIC,2026-08-11,low_use,medium,Baixo uso,Seu carro teve pouco uso no período recente.,Ver minha mobilidade,open_mobility,inbox,0.857,opened,False,need_resolved,hybrid_recommendation,Synthetic trigger for low_use; not a Localiza rule.
REC1186,CUST0437,VEH0037,CONTR0437,CTX1981,SYNTHETIC,2026-09-14,benefit,medium,Benefício contextual,Encontramos um benefício relevante para sua rotina.,Ver benefício,open_benefit,in_app,0.715,acted,True,viewed,synthetic_llm_personalization,Synthetic trigger for benefit; not a Localiza rule.
REC1187,CUST0430,VEH0030,CONTR0430,CTX0430,SYNTHETIC,2026-09-29,franquia_km,high,Ritmo de uso de KM,Você está usando sua franquia acima do ritmo esperado.,Ver meus KMs,open_km,inbox,0.935,opened,False,need_resolved,synthetic_llm_personalization,Synthetic trigger for franquia_km; not a Localiza rule.
REC1188,CUST0370,VEH0070,CONTR0370,CTX0370,SYNTHETIC,2026-08-02,franquia_km,high,Ritmo de uso de KM,Você está usando sua franquia acima do ritmo esperado.,Ver meus KMs,open_km,inbox,0.725,opened,False,no_action,synthetic_llm_personalization,Synthetic trigger for franquia_km; not a Localiza rule.
REC1189,CUST0303,VEH0003,CONTR0303,CTX0303,SYNTHETIC,2026-08-13,maintenance,high,Manutenção próxima,Sua revisão está próxima.,Agendar revisão,schedule_maintenance,in_app,0.99,dismissed,False,pending,rule_engine,Synthetic trigger for maintenance; not a Localiza rule.
REC1190,CUST0211,VEH0011,CONTR0211,CTX1961,SYNTHETIC,2026-09-05,franquia_km,high,Ritmo de uso de KM,Você está usando sua franquia acima do ritmo esperado.,Ver meus KMs,open_km,in_app,0.953,acted,True,need_resolved,rule_engine,Synthetic trigger for franquia_km; not a Localiza rule.
REC1191,CUST0468,VEH0068,CONTR0468,CTX1250,SYNTHETIC,2026-08-09,franquia_km,high,Ritmo de uso de KM,Você está usando sua franquia acima do ritmo esperado.,Ver meus KMs,open_km,push,0.914,dismissed,False,pending,rule_engine,Synthetic trigger for franquia_km; not a Localiza rule.
REC1192,CUST0259,VEH0059,CONTR0259,CTX0259,SYNTHETIC,2026-08-19,franquia_km,high,Ritmo de uso de KM,Você está usando sua franquia acima do ritmo esperado.,Ver meus KMs,open_km,inbox,0.897,delivered,False,pending,synthetic_llm_personalization,Synthetic trigger for franquia_km; not a Localiza rule.
REC1193,CUST0269,VEH0069,CONTR0269,CTX0645,SYNTHETIC,2026-09-21,renewal,medium,Renovação próxima,Seu contrato entra em período de renovação.,Revisar meu contrato,review_contract,in_app,0.805,opened,False,viewed,synthetic_llm_personalization,Synthetic trigger for renewal; not a Localiza rule.
REC1194,CUST0261,VEH0061,CONTR0261,CTX2180,SYNTHETIC,2026-08-18,low_use,medium,Baixo uso,Seu carro teve pouco uso no período recente.,Ver minha mobilidade,open_mobility,inbox,0.759,acted,True,need_resolved,rule_engine,Synthetic trigger for low_use; not a Localiza rule.
REC1195,CUST0200,VEH0100,CONTR0200,CTX0200,SYNTHETIC,2026-09-16,franquia_km,high,Ritmo de uso de KM,Você está usando sua franquia acima do ritmo esperado.,Ver meus KMs,open_km,in_app,0.677,delivered,False,pending,hybrid_recommendation,Synthetic trigger for franquia_km; not a Localiza rule.
REC1196,CUST0382,VEH0082,CONTR0382,CTX1469,SYNTHETIC,2026-09-09,maintenance,high,Manutenção próxima,Sua revisão está próxima.,Agendar revisão,schedule_maintenance,push,0.893,dismissed,False,pending,rule_engine,Synthetic trigger for maintenance; not a Localiza rule.
REC1197,CUST0389,VEH0089,CONTR0389,CTX0941,SYNTHETIC,2026-08-31,franquia_km,high,Ritmo de uso de KM,Você está usando sua franquia acima do ritmo esperado.,Ver meus KMs,open_km,inbox,0.865,opened,False,scheduled,rule_engine,Synthetic trigger for franquia_km; not a Localiza rule.
REC1198,CUST0147,VEH0047,CONTR0147,CTX2383,SYNTHETIC,2026-08-08,franquia_km,high,Ritmo de uso de KM,Você está usando sua franquia acima do ritmo esperado.,Ver meus KMs,open_km,in_app,0.753,acted,True,no_action,hybrid_recommendation,Synthetic trigger for franquia_km; not a Localiza rule.
REC1199,CUST0333,VEH0033,CONTR0333,CTX0531,SYNTHETIC,2026-08-29,maintenance,high,Manutenção próxima,Sua revisão está próxima.,Agendar revisão,schedule_maintenance,push,0.699,opened,False,viewed,rule_engine,Synthetic trigger for maintenance; not a Localiza rule.
REC1200,CUST0407,VEH0007,CONTR0407,CTX1374,SYNTHETIC,2026-08-08,franquia_km,high,Ritmo de uso de KM,Você está usando sua franquia acima do ritmo esperado.,Ver meus KMs,open_km,in_app,0.658,acted,True,scheduled,hybrid_recommendation,Synthetic trigger for franquia_km; not a Localiza rule.
REC1201,CUST0458,VEH0058,CONTR0458,CTX2365,SYNTHETIC,2026-08-31,low_energy,high,Energia baixa,A autonomia disponível está baixa para seu padrão recente.,Planejar abastecimento/recarga,open_energy,push,0.737,acted,True,scheduled,hybrid_recommendation,Synthetic trigger for low_energy; not a Localiza rule.
REC1202,CUST0051,VEH0051,CONTR0051,CTX0756,SYNTHETIC,2026-08-10,maintenance,high,Manutenção próxima,Sua revisão está próxima.,Agendar revisão,schedule_maintenance,push,0.817,acted,True,viewed,synthetic_llm_personalization,Synthetic trigger for maintenance; not a Localiza rule.
REC1203,CUST0204,VEH0004,CONTR0204,CTX0204,SYNTHETIC,2026-10-01,renewal,medium,Renovação próxima,Seu contrato entra em período de renovação.,Revisar meu contrato,review_contract,inbox,0.76,opened,False,scheduled,synthetic_llm_personalization,Synthetic trigger for renewal; not a Localiza rule.
REC1204,CUST0126,VEH0026,CONTR0126,CTX1812,SYNTHETIC,2026-09-29,franquia_km,high,Ritmo de uso de KM,Você está usando sua franquia acima do ritmo esperado.,Ver meus KMs,open_km,inbox,0.725,dismissed,False,pending,hybrid_recommendation,Synthetic trigger for franquia_km; not a Localiza rule.
REC1205,CUST0325,VEH0025,CONTR0325,CTX1429,SYNTHETIC,2026-09-01,long_trip,medium,Padrão de viagem,Você vem fazendo viagens longas com frequência.,Preparar viagem,open_planner,inbox,0.83,acted,True,need_resolved,synthetic_llm_personalization,Synthetic trigger for long_trip; not a Localiza rule.
REC1206,CUST0089,VEH0089,CONTR0089,CTX0089,SYNTHETIC,2026-09-07,franquia_km,high,Ritmo de uso de KM,Você está usando sua franquia acima do ritmo esperado.,Ver meus KMs,open_km,push,0.78,opened,False,scheduled,rule_engine,Synthetic trigger for franquia_km; not a Localiza rule.
REC1207,CUST0190,VEH0090,CONTR0190,CTX1589,SYNTHETIC,2026-09-05,franquia_km,high,Ritmo de uso de KM,Você está usando sua franquia acima do ritmo esperado.,Ver meus KMs,open_km,in_app,0.974,dismissed,False,pending,hybrid_recommendation,Synthetic trigger for franquia_km; not a Localiza rule.
REC1208,CUST0353,VEH0053,CONTR0353,CTX0527,SYNTHETIC,2026-09-16,maintenance,high,Manutenção próxima,Sua revisão está próxima.,Agendar revisão,schedule_maintenance,in_app,0.924,opened,False,no_action,hybrid_recommendation,Synthetic trigger for maintenance; not a Localiza rule.
REC1209,CUST0119,VEH0019,CONTR0119,CTX2247,SYNTHETIC,2026-08-15,maintenance,high,Manutenção próxima,Sua revisão está próxima.,Agendar revisão,schedule_maintenance,inbox,0.889,delivered,False,pending,hybrid_recommendation,Synthetic trigger for maintenance; not a Localiza rule.
REC1210,CUST0495,VEH0095,CONTR0495,CTX1039,SYNTHETIC,2026-08-27,maintenance,high,Manutenção próxima,Sua revisão está próxima.,Agendar revisão,schedule_maintenance,inbox,0.915,opened,False,need_resolved,rule_engine,Synthetic trigger for maintenance; not a Localiza rule.
REC1211,CUST0464,VEH0064,CONTR0464,CTX1922,SYNTHETIC,2026-08-07,franquia_km,high,Ritmo de uso de KM,Você está usando sua franquia acima do ritmo esperado.,Ver meus KMs,open_km,push,0.819,delivered,False,pending,synthetic_llm_personalization,Synthetic trigger for franquia_km; not a Localiza rule.
REC1212,CUST0499,VEH0099,CONTR0499,CTX0499,SYNTHETIC,2026-09-08,maintenance,high,Manutenção próxima,Sua revisão está próxima.,Agendar revisão,schedule_maintenance,in_app,0.695,acted,True,no_action,synthetic_llm_personalization,Synthetic trigger for maintenance; not a Localiza rule.
REC1213,CUST0389,VEH0089,CONTR0389,CTX2054,SYNTHETIC,2026-09-02,franquia_km,high,Ritmo de uso de KM,Você está usando sua franquia acima do ritmo esperado.,Ver meus KMs,open_km,in_app,0.914,opened,False,scheduled,hybrid_recommendation,Synthetic trigger for franquia_km; not a Localiza rule.
REC1214,CUST0049,VEH0049,CONTR0049,CTX2605,SYNTHETIC,2026-09-27,maintenance,high,Manutenção próxima,Sua revisão está próxima.,Agendar revisão,schedule_maintenance,in_app,0.903,delivered,False,pending,rule_engine,Synthetic trigger for maintenance; not a Localiza rule.
REC1215,CUST0487,VEH0087,CONTR0487,CTX0532,SYNTHETIC,2026-08-29,maintenance,high,Manutenção próxima,Sua revisão está próxima.,Agendar revisão,schedule_maintenance,push,0.935,delivered,False,pending,synthetic_llm_personalization,Synthetic trigger for maintenance; not a Localiza rule.
REC1216,CUST0219,VEH0019,CONTR0219,CTX2447,SYNTHETIC,2026-08-06,franquia_km,high,Ritmo de uso de KM,Você está usando sua franquia acima do ritmo esperado.,Ver meus KMs,open_km,push,0.793,acted,True,no_action,synthetic_llm_personalization,Synthetic trigger for franquia_km; not a Localiza rule.
REC1217,CUST0132,VEH0032,CONTR0132,CTX2695,SYNTHETIC,2026-08-14,maintenance,high,Manutenção próxima,Sua revisão está próxima.,Agendar revisão,schedule_maintenance,in_app,0.892,acted,True,need_resolved,rule_engine,Synthetic trigger for maintenance; not a Localiza rule.
REC1218,CUST0339,VEH0039,CONTR0339,CTX2600,SYNTHETIC,2026-09-17,maintenance,high,Manutenção próxima,Sua revisão está próxima.,Agendar revisão,schedule_maintenance,inbox,0.735,delivered,False,pending,synthetic_llm_personalization,Synthetic trigger for maintenance; not a Localiza rule.
REC1219,CUST0240,VEH0040,CONTR0240,CTX1909,SYNTHETIC,2026-09-26,maintenance,high,Manutenção próxima,Sua revisão está próxima.,Agendar revisão,schedule_maintenance,inbox,0.836,delivered,False,pending,hybrid_recommendation,Synthetic trigger for maintenance; not a Localiza rule.
REC1220,CUST0365,VEH0065,CONTR0365,CTX1759,SYNTHETIC,2026-08-21,maintenance,high,Manutenção próxima,Sua revisão está próxima.,Agendar revisão,schedule_maintenance,in_app,0.714,acted,True,viewed,rule_engine,Synthetic trigger for maintenance; not a Localiza rule.
REC1221,CUST0069,VEH0069,CONTR0069,CTX1652,SYNTHETIC,2026-09-17,renewal,medium,Renovação próxima,Seu contrato entra em período de renovação.,Revisar meu contrato,review_contract,inbox,0.694,delivered,False,pending,hybrid_recommendation,Synthetic trigger for renewal; not a Localiza rule.
REC1222,CUST0066,VEH0066,CONTR0066,CTX1678,SYNTHETIC,2026-08-31,franquia_km,high,Ritmo de uso de KM,Você está usando sua franquia acima do ritmo esperado.,Ver meus KMs,open_km,push,0.803,dismissed,False,pending,rule_engine,Synthetic trigger for franquia_km; not a Localiza rule.
REC1223,CUST0234,VEH0034,CONTR0234,CTX2043,SYNTHETIC,2026-09-03,franquia_km,high,Ritmo de uso de KM,Você está usando sua franquia acima do ritmo esperado.,Ver meus KMs,open_km,inbox,0.765,opened,False,scheduled,rule_engine,Synthetic trigger for franquia_km; not a Localiza rule.
REC1224,CUST0338,VEH0038,CONTR0338,CTX1404,SYNTHETIC,2026-08-03,maintenance,high,Manutenção próxima,Sua revisão está próxima.,Agendar revisão,schedule_maintenance,push,0.829,delivered,False,pending,hybrid_recommendation,Synthetic trigger for maintenance; not a Localiza rule.
REC1225,CUST0018,VEH0018,CONTR0018,CTX0697,SYNTHETIC,2026-09-17,maintenance,high,Manutenção próxima,Sua revisão está próxima.,Agendar revisão,schedule_maintenance,inbox,0.931,delivered,False,pending,synthetic_llm_personalization,Synthetic trigger for maintenance; not a Localiza rule.
REC1226,CUST0393,VEH0093,CONTR0393,CTX1405,SYNTHETIC,2026-08-07,maintenance,high,Manutenção próxima,Sua revisão está próxima.,Agendar revisão,schedule_maintenance,push,0.71,acted,True,need_resolved,synthetic_llm_personalization,Synthetic trigger for maintenance; not a Localiza rule.
REC1227,CUST0408,VEH0008,CONTR0408,CTX2905,SYNTHETIC,2026-09-10,franquia_km,high,Ritmo de uso de KM,Você está usando sua franquia acima do ritmo esperado.,Ver meus KMs,open_km,inbox,0.863,opened,False,scheduled,hybrid_recommendation,Synthetic trigger for franquia_km; not a Localiza rule.
REC1228,CUST0340,VEH0040,CONTR0340,CTX1121,SYNTHETIC,2026-09-12,franquia_km,high,Ritmo de uso de KM,Você está usando sua franquia acima do ritmo esperado.,Ver meus KMs,open_km,push,0.906,acted,True,need_resolved,hybrid_recommendation,Synthetic trigger for franquia_km; not a Localiza rule.
REC1229,CUST0296,VEH0096,CONTR0296,CTX1132,SYNTHETIC,2026-09-16,long_trip,medium,Padrão de viagem,Você vem fazendo viagens longas com frequência.,Preparar viagem,open_planner,in_app,0.869,opened,False,need_resolved,rule_engine,Synthetic trigger for long_trip; not a Localiza rule.
REC1230,CUST0499,VEH0099,CONTR0499,CTX0949,SYNTHETIC,2026-09-05,maintenance,high,Manutenção próxima,Sua revisão está próxima.,Agendar revisão,schedule_maintenance,inbox,0.876,delivered,False,pending,synthetic_llm_personalization,Synthetic trigger for maintenance; not a Localiza rule.
REC1231,CUST0243,VEH0043,CONTR0243,CTX1183,SYNTHETIC,2026-09-05,franquia_km,high,Ritmo de uso de KM,Você está usando sua franquia acima do ritmo esperado.,Ver meus KMs,open_km,inbox,0.986,dismissed,False,pending,synthetic_llm_personalization,Synthetic trigger for franquia_km; not a Localiza rule.
REC1232,CUST0232,VEH0032,CONTR0232,CTX2848,SYNTHETIC,2026-09-27,franquia_km,high,Ritmo de uso de KM,Você está usando sua franquia acima do ritmo esperado.,Ver meus KMs,open_km,inbox,0.988,acted,True,no_action,rule_engine,Synthetic trigger for franquia_km; not a Localiza rule.
REC1233,CUST0368,VEH0068,CONTR0368,CTX0573,SYNTHETIC,2026-09-17,maintenance,high,Manutenção próxima,Sua revisão está próxima.,Agendar revisão,schedule_maintenance,inbox,0.761,delivered,False,pending,synthetic_llm_personalization,Synthetic trigger for maintenance; not a Localiza rule.
REC1234,CUST0149,VEH0049,CONTR0149,CTX1568,SYNTHETIC,2026-08-25,franquia_km,high,Ritmo de uso de KM,Você está usando sua franquia acima do ritmo esperado.,Ver meus KMs,open_km,in_app,0.889,dismissed,False,pending,rule_engine,Synthetic trigger for franquia_km; not a Localiza rule.
REC1235,CUST0059,VEH0059,CONTR0059,CTX1505,SYNTHETIC,2026-08-02,maintenance,high,Manutenção próxima,Sua revisão está próxima.,Agendar revisão,schedule_maintenance,inbox,0.763,delivered,False,pending,synthetic_llm_personalization,Synthetic trigger for maintenance; not a Localiza rule.
REC1236,CUST0027,VEH0027,CONTR0027,CTX0584,SYNTHETIC,2026-08-31,maintenance,high,Manutenção próxima,Sua revisão está próxima.,Agendar revisão,schedule_maintenance,push,0.844,opened,False,scheduled,hybrid_recommendation,Synthetic trigger for maintenance; not a Localiza rule.
REC1237,CUST0346,VEH0046,CONTR0346,CTX0674,SYNTHETIC,2026-09-07,maintenance,high,Manutenção próxima,Sua revisão está próxima.,Agendar revisão,schedule_maintenance,push,0.749,acted,True,no_action,synthetic_llm_personalization,Synthetic trigger for maintenance; not a Localiza rule.
REC1238,CUST0238,VEH0038,CONTR0238,CTX2162,SYNTHETIC,2026-08-22,maintenance,high,Manutenção próxima,Sua revisão está próxima.,Agendar revisão,schedule_maintenance,inbox,0.702,opened,False,scheduled,rule_engine,Synthetic trigger for maintenance; not a Localiza rule.
REC1239,CUST0023,VEH0023,CONTR0023,CTX1711,SYNTHETIC,2026-09-30,benefit,medium,Benefício contextual,Encontramos um benefício relevante para sua rotina.,Ver benefício,open_benefit,in_app,0.902,delivered,False,pending,rule_engine,Synthetic trigger for benefit; not a Localiza rule.
REC1240,CUST0259,VEH0059,CONTR0259,CTX2136,SYNTHETIC,2026-08-24,franquia_km,high,Ritmo de uso de KM,Você está usando sua franquia acima do ritmo esperado.,Ver meus KMs,open_km,in_app,0.784,acted,True,viewed,rule_engine,Synthetic trigger for franquia_km; not a Localiza rule.
REC1241,CUST0165,VEH0065,CONTR0165,CTX1979,SYNTHETIC,2026-09-10,franquia_km,high,Ritmo de uso de KM,Você está usando sua franquia acima do ritmo esperado.,Ver meus KMs,open_km,in_app,0.736,opened,False,need_resolved,synthetic_llm_personalization,Synthetic trigger for franquia_km; not a Localiza rule.
REC1242,CUST0359,VEH0059,CONTR0359,CTX2181,SYNTHETIC,2026-08-22,franquia_km,high,Ritmo de uso de KM,Você está usando sua franquia acima do ritmo esperado.,Ver meus KMs,open_km,inbox,0.917,opened,False,need_resolved,synthetic_llm_personalization,Synthetic trigger for franquia_km; not a Localiza rule.
REC1243,CUST0262,VEH0062,CONTR0262,CTX0262,SYNTHETIC,2026-08-02,maintenance,high,Manutenção próxima,Sua revisão está próxima.,Agendar revisão,schedule_maintenance,push,0.825,opened,False,no_action,rule_engine,Synthetic trigger for maintenance; not a Localiza rule.
REC1244,CUST0140,VEH0040,CONTR0140,CTX0140,SYNTHETIC,2026-09-01,franquia_km,high,Ritmo de uso de KM,Você está usando sua franquia acima do ritmo esperado.,Ver meus KMs,open_km,inbox,0.956,acted,True,viewed,synthetic_llm_personalization,Synthetic trigger for franquia_km; not a Localiza rule.
REC1245,CUST0355,VEH0055,CONTR0355,CTX2147,SYNTHETIC,2026-08-17,franquia_km,high,Ritmo de uso de KM,Você está usando sua franquia acima do ritmo esperado.,Ver meus KMs,open_km,inbox,0.694,opened,False,viewed,synthetic_llm_personalization,Synthetic trigger for franquia_km; not a Localiza rule.
REC1246,CUST0102,VEH0002,CONTR0102,CTX0102,SYNTHETIC,2026-09-09,franquia_km,high,Ritmo de uso de KM,Você está usando sua franquia acima do ritmo esperado.,Ver meus KMs,open_km,in_app,0.805,dismissed,False,pending,synthetic_llm_personalization,Synthetic trigger for franquia_km; not a Localiza rule.
REC1247,CUST0238,VEH0038,CONTR0238,CTX0726,SYNTHETIC,2026-08-21,maintenance,high,Manutenção próxima,Sua revisão está próxima.,Agendar revisão,schedule_maintenance,in_app,0.944,delivered,False,pending,hybrid_recommendation,Synthetic trigger for maintenance; not a Localiza rule.
REC1248,CUST0106,VEH0006,CONTR0106,CTX2930,SYNTHETIC,2026-09-11,franquia_km,high,Ritmo de uso de KM,Você está usando sua franquia acima do ritmo esperado.,Ver meus KMs,open_km,in_app,0.971,dismissed,False,pending,hybrid_recommendation,Synthetic trigger for franquia_km; not a Localiza rule.
REC1249,CUST0192,VEH0092,CONTR0192,CTX2987,SYNTHETIC,2026-09-18,maintenance,high,Manutenção próxima,Sua revisão está próxima.,Agendar revisão,schedule_maintenance,push,0.957,opened,False,scheduled,hybrid_recommendation,Synthetic trigger for maintenance; not a Localiza rule.
REC1250,CUST0410,VEH0010,CONTR0410,CTX0607,SYNTHETIC,2026-09-28,maintenance,high,Manutenção próxima,Sua revisão está próxima.,Agendar revisão,schedule_maintenance,in_app,0.876,opened,False,need_resolved,hybrid_recommendation,Synthetic trigger for maintenance; not a Localiza rule.
REC1251,CUST0363,VEH0063,CONTR0363,CTX0777,SYNTHETIC,2026-09-15,maintenance,high,Manutenção próxima,Sua revisão está próxima.,Agendar revisão,schedule_maintenance,in_app,0.81,acted,True,no_action,rule_engine,Synthetic trigger for maintenance; not a Localiza rule.
REC1252,CUST0323,VEH0023,CONTR0323,CTX2865,SYNTHETIC,2026-08-07,renewal,medium,Renovação próxima,Seu contrato entra em período de renovação.,Revisar meu contrato,review_contract,inbox,0.66,acted,True,no_action,rule_engine,Synthetic trigger for renewal; not a Localiza rule.
REC1253,CUST0482,VEH0082,CONTR0482,CTX2562,SYNTHETIC,2026-09-15,benefit,medium,Benefício contextual,Encontramos um benefício relevante para sua rotina.,Ver benefício,open_benefit,push,0.784,opened,False,no_action,synthetic_llm_personalization,Synthetic trigger for benefit; not a Localiza rule.
REC1254,CUST0391,VEH0091,CONTR0391,CTX0854,SYNTHETIC,2026-09-14,franquia_km,high,Ritmo de uso de KM,Você está usando sua franquia acima do ritmo esperado.,Ver meus KMs,open_km,push,0.702,acted,True,need_resolved,hybrid_recommendation,Synthetic trigger for franquia_km; not a Localiza rule.
REC1255,CUST0062,VEH0062,CONTR0062,CTX0760,SYNTHETIC,2026-09-17,franquia_km,high,Ritmo de uso de KM,Você está usando sua franquia acima do ritmo esperado.,Ver meus KMs,open_km,push,0.783,opened,False,scheduled,synthetic_llm_personalization,Synthetic trigger for franquia_km; not a Localiza rule.
REC1256,CUST0026,VEH0026,CONTR0026,CTX0563,SYNTHETIC,2026-09-19,long_trip,medium,Padrão de viagem,Você vem fazendo viagens longas com frequência.,Preparar viagem,open_planner,push,0.966,opened,False,viewed,synthetic_llm_personalization,Synthetic trigger for long_trip; not a Localiza rule.
REC1257,CUST0074,VEH0074,CONTR0074,CTX1050,SYNTHETIC,2026-09-03,franquia_km,high,Ritmo de uso de KM,Você está usando sua franquia acima do ritmo esperado.,Ver meus KMs,open_km,inbox,0.9,opened,False,no_action,hybrid_recommendation,Synthetic trigger for franquia_km; not a Localiza rule.
REC1258,CUST0106,VEH0006,CONTR0106,CTX1747,SYNTHETIC,2026-09-01,franquia_km,high,Ritmo de uso de KM,Você está usando sua franquia acima do ritmo esperado.,Ver meus KMs,open_km,inbox,0.908,acted,True,need_resolved,synthetic_llm_personalization,Synthetic trigger for franquia_km; not a Localiza rule.
REC1259,CUST0256,VEH0056,CONTR0256,CTX0579,SYNTHETIC,2026-09-17,franquia_km,high,Ritmo de uso de KM,Você está usando sua franquia acima do ritmo esperado.,Ver meus KMs,open_km,inbox,0.852,opened,False,no_action,hybrid_recommendation,Synthetic trigger for franquia_km; not a Localiza rule.
REC1260,CUST0138,VEH0038,CONTR0138,CTX2427,SYNTHETIC,2026-09-27,maintenance,high,Manutenção próxima,Sua revisão está próxima.,Agendar revisão,schedule_maintenance,in_app,0.881,dismissed,False,pending,rule_engine,Synthetic trigger for maintenance; not a Localiza rule.
REC1261,CUST0134,VEH0034,CONTR0134,CTX2469,SYNTHETIC,2026-08-12,franquia_km,high,Ritmo de uso de KM,Você está usando sua franquia acima do ritmo esperado.,Ver meus KMs,open_km,inbox,0.72,acted,True,no_action,synthetic_llm_personalization,Synthetic trigger for franquia_km; not a Localiza rule.
REC1262,CUST0478,VEH0078,CONTR0478,CTX0947,SYNTHETIC,2026-09-20,maintenance,high,Manutenção próxima,Sua revisão está próxima.,Agendar revisão,schedule_maintenance,push,0.763,acted,True,viewed,hybrid_recommendation,Synthetic trigger for maintenance; not a Localiza rule.
REC1263,CUST0115,VEH0015,CONTR0115,CTX2540,SYNTHETIC,2026-09-29,franquia_km,high,Ritmo de uso de KM,Você está usando sua franquia acima do ritmo esperado.,Ver meus KMs,open_km,inbox,0.758,acted,True,viewed,hybrid_recommendation,Synthetic trigger for franquia_km; not a Localiza rule.
REC1264,CUST0456,VEH0056,CONTR0456,CTX1593,SYNTHETIC,2026-09-30,franquia_km,high,Ritmo de uso de KM,Você está usando sua franquia acima do ritmo esperado.,Ver meus KMs,open_km,in_app,0.872,delivered,False,pending,rule_engine,Synthetic trigger for franquia_km; not a Localiza rule.
REC1265,CUST0200,VEH0100,CONTR0200,CTX0770,SYNTHETIC,2026-09-28,maintenance,high,Manutenção próxima,Sua revisão está próxima.,Agendar revisão,schedule_maintenance,push,0.881,delivered,False,pending,hybrid_recommendation,Synthetic trigger for maintenance; not a Localiza rule.
REC1266,CUST0133,VEH0033,CONTR0133,CTX0133,SYNTHETIC,2026-09-02,franquia_km,high,Ritmo de uso de KM,Você está usando sua franquia acima do ritmo esperado.,Ver meus KMs,open_km,inbox,0.978,opened,False,need_resolved,hybrid_recommendation,Synthetic trigger for franquia_km; not a Localiza rule.
REC1267,CUST0430,VEH0030,CONTR0430,CTX0908,SYNTHETIC,2026-08-15,franquia_km,high,Ritmo de uso de KM,Você está usando sua franquia acima do ritmo esperado.,Ver meus KMs,open_km,inbox,0.774,delivered,False,pending,rule_engine,Synthetic trigger for franquia_km; not a Localiza rule.
REC1268,CUST0448,VEH0048,CONTR0448,CTX1620,SYNTHETIC,2026-08-20,maintenance,high,Manutenção próxima,Sua revisão está próxima.,Agendar revisão,schedule_maintenance,inbox,0.734,acted,True,no_action,hybrid_recommendation,Synthetic trigger for maintenance; not a Localiza rule.
REC1269,CUST0477,VEH0077,CONTR0477,CTX1161,SYNTHETIC,2026-09-21,maintenance,high,Manutenção próxima,Sua revisão está próxima.,Agendar revisão,schedule_maintenance,inbox,0.758,acted,True,no_action,hybrid_recommendation,Synthetic trigger for maintenance; not a Localiza rule.
REC1270,CUST0236,VEH0036,CONTR0236,CTX2109,SYNTHETIC,2026-09-12,maintenance,high,Manutenção próxima,Sua revisão está próxima.,Agendar revisão,schedule_maintenance,inbox,0.852,opened,False,need_resolved,hybrid_recommendation,Synthetic trigger for maintenance; not a Localiza rule.
REC1271,CUST0046,VEH0046,CONTR0046,CTX0046,SYNTHETIC,2026-08-04,renewal,medium,Renovação próxima,Seu contrato entra em período de renovação.,Revisar meu contrato,review_contract,inbox,0.781,acted,True,need_resolved,hybrid_recommendation,Synthetic trigger for renewal; not a Localiza rule.
REC1272,CUST0150,VEH0050,CONTR0150,CTX2982,SYNTHETIC,2026-08-02,long_trip,medium,Padrão de viagem,Você vem fazendo viagens longas com frequência.,Preparar viagem,open_planner,push,0.653,dismissed,False,pending,synthetic_llm_personalization,Synthetic trigger for long_trip; not a Localiza rule.
REC1273,CUST0066,VEH0066,CONTR0066,CTX2888,SYNTHETIC,2026-08-13,franquia_km,high,Ritmo de uso de KM,Você está usando sua franquia acima do ritmo esperado.,Ver meus KMs,open_km,inbox,0.931,delivered,False,pending,rule_engine,Synthetic trigger for franquia_km; not a Localiza rule.
REC1274,CUST0066,VEH0066,CONTR0066,CTX1740,SYNTHETIC,2026-09-19,franquia_km,high,Ritmo de uso de KM,Você está usando sua franquia acima do ritmo esperado.,Ver meus KMs,open_km,push,0.927,opened,False,no_action,rule_engine,Synthetic trigger for franquia_km; not a Localiza rule.
REC1275,CUST0081,VEH0081,CONTR0081,CTX0610,SYNTHETIC,2026-08-08,maintenance,high,Manutenção próxima,Sua revisão está próxima.,Agendar revisão,schedule_maintenance,inbox,0.748,acted,True,viewed,hybrid_recommendation,Synthetic trigger for maintenance; not a Localiza rule.
REC1276,CUST0247,VEH0047,CONTR0247,CTX0247,SYNTHETIC,2026-09-27,maintenance,high,Manutenção próxima,Sua revisão está próxima.,Agendar revisão,schedule_maintenance,inbox,0.74,acted,True,viewed,rule_engine,Synthetic trigger for maintenance; not a Localiza rule.
REC1277,CUST0370,VEH0070,CONTR0370,CTX0664,SYNTHETIC,2026-08-14,franquia_km,high,Ritmo de uso de KM,Você está usando sua franquia acima do ritmo esperado.,Ver meus KMs,open_km,in_app,0.811,acted,True,viewed,hybrid_recommendation,Synthetic trigger for franquia_km; not a Localiza rule.
REC1278,CUST0286,VEH0086,CONTR0286,CTX1744,SYNTHETIC,2026-09-08,maintenance,high,Manutenção próxima,Sua revisão está próxima.,Agendar revisão,schedule_maintenance,push,0.95,delivered,False,pending,synthetic_llm_personalization,Synthetic trigger for maintenance; not a Localiza rule.
REC1279,CUST0280,VEH0080,CONTR0280,CTX2071,SYNTHETIC,2026-08-20,franquia_km,high,Ritmo de uso de KM,Você está usando sua franquia acima do ritmo esperado.,Ver meus KMs,open_km,in_app,0.946,acted,True,no_action,rule_engine,Synthetic trigger for franquia_km; not a Localiza rule.
REC1280,CUST0003,VEH0003,CONTR0003,CTX2620,SYNTHETIC,2026-09-22,franquia_km,high,Ritmo de uso de KM,Você está usando sua franquia acima do ritmo esperado.,Ver meus KMs,open_km,inbox,0.915,delivered,False,pending,synthetic_llm_personalization,Synthetic trigger for franquia_km; not a Localiza rule.
REC1281,CUST0091,VEH0091,CONTR0091,CTX2561,SYNTHETIC,2026-08-11,franquia_km,high,Ritmo de uso de KM,Você está usando sua franquia acima do ritmo esperado.,Ver meus KMs,open_km,in_app,0.771,dismissed,False,pending,rule_engine,Synthetic trigger for franquia_km; not a Localiza rule.
REC1282,CUST0279,VEH0079,CONTR0279,CTX1986,SYNTHETIC,2026-08-16,support,medium,Sinal de suporte,Detectamos um sinal que pode exigir atenção.,Abrir suporte,open_support,in_app,0.769,delivered,False,pending,synthetic_llm_personalization,Synthetic trigger for support; not a Localiza rule.
REC1283,CUST0333,VEH0033,CONTR0333,CTX2672,SYNTHETIC,2026-09-05,maintenance,high,Manutenção próxima,Sua revisão está próxima.,Agendar revisão,schedule_maintenance,inbox,0.876,dismissed,False,pending,synthetic_llm_personalization,Synthetic trigger for maintenance; not a Localiza rule.
REC1284,CUST0256,VEH0056,CONTR0256,CTX0612,SYNTHETIC,2026-08-19,franquia_km,high,Ritmo de uso de KM,Você está usando sua franquia acima do ritmo esperado.,Ver meus KMs,open_km,push,0.759,opened,False,no_action,synthetic_llm_personalization,Synthetic trigger for franquia_km; not a Localiza rule.
REC1285,CUST0078,VEH0078,CONTR0078,CTX2401,SYNTHETIC,2026-08-03,maintenance,high,Manutenção próxima,Sua revisão está próxima.,Agendar revisão,schedule_maintenance,in_app,0.99,acted,True,viewed,synthetic_llm_personalization,Synthetic trigger for maintenance; not a Localiza rule.
REC1286,CUST0351,VEH0051,CONTR0351,CTX0351,SYNTHETIC,2026-09-28,franquia_km,high,Ritmo de uso de KM,Você está usando sua franquia acima do ritmo esperado.,Ver meus KMs,open_km,inbox,0.813,opened,False,no_action,synthetic_llm_personalization,Synthetic trigger for franquia_km; not a Localiza rule.
REC1287,CUST0159,VEH0059,CONTR0159,CTX1532,SYNTHETIC,2026-09-10,maintenance,high,Manutenção próxima,Sua revisão está próxima.,Agendar revisão,schedule_maintenance,inbox,0.688,acted,True,need_resolved,hybrid_recommendation,Synthetic trigger for maintenance; not a Localiza rule.
REC1288,CUST0272,VEH0072,CONTR0272,CTX0272,SYNTHETIC,2026-08-21,maintenance,high,Manutenção próxima,Sua revisão está próxima.,Agendar revisão,schedule_maintenance,inbox,0.952,acted,True,no_action,hybrid_recommendation,Synthetic trigger for maintenance; not a Localiza rule.
REC1289,CUST0305,VEH0005,CONTR0305,CTX2010,SYNTHETIC,2026-08-31,franquia_km,high,Ritmo de uso de KM,Você está usando sua franquia acima do ritmo esperado.,Ver meus KMs,open_km,push,0.677,opened,False,scheduled,hybrid_recommendation,Synthetic trigger for franquia_km; not a Localiza rule.
REC1290,CUST0273,VEH0073,CONTR0273,CTX2207,SYNTHETIC,2026-09-19,maintenance,high,Manutenção próxima,Sua revisão está próxima.,Agendar revisão,schedule_maintenance,push,0.917,opened,False,viewed,hybrid_recommendation,Synthetic trigger for maintenance; not a Localiza rule.
REC1291,CUST0391,VEH0091,CONTR0391,CTX0833,SYNTHETIC,2026-09-17,franquia_km,high,Ritmo de uso de KM,Você está usando sua franquia acima do ritmo esperado.,Ver meus KMs,open_km,in_app,0.752,delivered,False,pending,hybrid_recommendation,Synthetic trigger for franquia_km; not a Localiza rule.
REC1292,CUST0227,VEH0027,CONTR0227,CTX0744,SYNTHETIC,2026-09-05,franquia_km,high,Ritmo de uso de KM,Você está usando sua franquia acima do ritmo esperado.,Ver meus KMs,open_km,in_app,0.718,acted,True,no_action,synthetic_llm_personalization,Synthetic trigger for franquia_km; not a Localiza rule.
REC1293,CUST0458,VEH0058,CONTR0458,CTX0712,SYNTHETIC,2026-08-18,maintenance,high,Manutenção próxima,Sua revisão está próxima.,Agendar revisão,schedule_maintenance,push,0.963,acted,True,scheduled,synthetic_llm_personalization,Synthetic trigger for maintenance; not a Localiza rule.
REC1294,CUST0059,VEH0059,CONTR0059,CTX0059,SYNTHETIC,2026-08-31,maintenance,high,Manutenção próxima,Sua revisão está próxima.,Agendar revisão,schedule_maintenance,push,0.72,delivered,False,pending,synthetic_llm_personalization,Synthetic trigger for maintenance; not a Localiza rule.
REC1295,CUST0256,VEH0056,CONTR0256,CTX0579,SYNTHETIC,2026-09-11,franquia_km,high,Ritmo de uso de KM,Você está usando sua franquia acima do ritmo esperado.,Ver meus KMs,open_km,in_app,0.76,opened,False,scheduled,rule_engine,Synthetic trigger for franquia_km; not a Localiza rule.
REC1296,CUST0308,VEH0008,CONTR0308,CTX0878,SYNTHETIC,2026-10-01,maintenance,high,Manutenção próxima,Sua revisão está próxima.,Agendar revisão,schedule_maintenance,push,0.811,dismissed,False,pending,hybrid_recommendation,Synthetic trigger for maintenance; not a Localiza rule.
REC1297,CUST0014,VEH0014,CONTR0014,CTX2623,SYNTHETIC,2026-08-21,franquia_km,high,Ritmo de uso de KM,Você está usando sua franquia acima do ritmo esperado.,Ver meus KMs,open_km,inbox,0.795,acted,True,need_resolved,hybrid_recommendation,Synthetic trigger for franquia_km; not a Localiza rule.
REC1298,CUST0182,VEH0082,CONTR0182,CTX2538,SYNTHETIC,2026-09-16,franquia_km,high,Ritmo de uso de KM,Você está usando sua franquia acima do ritmo esperado.,Ver meus KMs,open_km,push,0.778,opened,False,viewed,synthetic_llm_personalization,Synthetic trigger for franquia_km; not a Localiza rule.
REC1299,CUST0059,VEH0059,CONTR0059,CTX0059,SYNTHETIC,2026-08-16,maintenance,high,Manutenção próxima,Sua revisão está próxima.,Agendar revisão,schedule_maintenance,in_app,0.782,opened,False,viewed,rule_engine,Synthetic trigger for maintenance; not a Localiza rule.
REC1300,CUST0315,VEH0015,CONTR0315,CTX1942,SYNTHETIC,2026-08-29,franquia_km,high,Ritmo de uso de KM,Você está usando sua franquia acima do ritmo esperado.,Ver meus KMs,open_km,push,0.828,acted,True,viewed,synthetic_llm_personalization,Synthetic trigger for franquia_km; not a Localiza rule.
REC1301,CUST0383,VEH0083,CONTR0383,CTX2344,SYNTHETIC,2026-08-07,franquia_km,high,Ritmo de uso de KM,Você está usando sua franquia acima do ritmo esperado.,Ver meus KMs,open_km,push,0.804,dismissed,False,pending,rule_engine,Synthetic trigger for franquia_km; not a Localiza rule.
REC1302,CUST0058,VEH0058,CONTR0058,CTX2465,SYNTHETIC,2026-09-15,franquia_km,high,Ritmo de uso de KM,Você está usando sua franquia acima do ritmo esperado.,Ver meus KMs,open_km,push,0.74,acted,True,no_action,rule_engine,Synthetic trigger for franquia_km; not a Localiza rule.
REC1303,CUST0471,VEH0071,CONTR0471,CTX2400,SYNTHETIC,2026-09-20,maintenance,high,Manutenção próxima,Sua revisão está próxima.,Agendar revisão,schedule_maintenance,push,0.813,acted,True,no_action,hybrid_recommendation,Synthetic trigger for maintenance; not a Localiza rule.
REC1304,CUST0248,VEH0048,CONTR0248,CTX0739,SYNTHETIC,2026-09-26,maintenance,high,Manutenção próxima,Sua revisão está próxima.,Agendar revisão,schedule_maintenance,in_app,0.726,acted,True,viewed,synthetic_llm_personalization,Synthetic trigger for maintenance; not a Localiza rule.
REC1305,CUST0234,VEH0034,CONTR0234,CTX2043,SYNTHETIC,2026-08-05,franquia_km,high,Ritmo de uso de KM,Você está usando sua franquia acima do ritmo esperado.,Ver meus KMs,open_km,in_app,0.917,opened,False,need_resolved,synthetic_llm_personalization,Synthetic trigger for franquia_km; not a Localiza rule.
REC1306,CUST0388,VEH0088,CONTR0388,CTX2824,SYNTHETIC,2026-09-08,franquia_km,high,Ritmo de uso de KM,Você está usando sua franquia acima do ritmo esperado.,Ver meus KMs,open_km,push,0.851,opened,False,scheduled,rule_engine,Synthetic trigger for franquia_km; not a Localiza rule.
REC1307,CUST0375,VEH0075,CONTR0375,CTX0510,SYNTHETIC,2026-09-29,renewal,medium,Renovação próxima,Seu contrato entra em período de renovação.,Revisar meu contrato,review_contract,inbox,0.915,acted,True,need_resolved,hybrid_recommendation,Synthetic trigger for renewal; not a Localiza rule.
REC1308,CUST0302,VEH0002,CONTR0302,CTX0302,SYNTHETIC,2026-08-15,low_use,medium,Baixo uso,Seu carro teve pouco uso no período recente.,Ver minha mobilidade,open_mobility,in_app,0.799,opened,False,no_action,hybrid_recommendation,Synthetic trigger for low_use; not a Localiza rule.
REC1309,CUST0282,VEH0082,CONTR0282,CTX2228,SYNTHETIC,2026-09-11,renewal,medium,Renovação próxima,Seu contrato entra em período de renovação.,Revisar meu contrato,review_contract,inbox,0.843,opened,False,scheduled,hybrid_recommendation,Synthetic trigger for renewal; not a Localiza rule.
REC1310,CUST0156,VEH0056,CONTR0156,CTX0156,SYNTHETIC,2026-08-20,maintenance,high,Manutenção próxima,Sua revisão está próxima.,Agendar revisão,schedule_maintenance,inbox,0.946,delivered,False,pending,rule_engine,Synthetic trigger for maintenance; not a Localiza rule.
REC1311,CUST0069,VEH0069,CONTR0069,CTX1063,SYNTHETIC,2026-09-16,renewal,medium,Renovação próxima,Seu contrato entra em período de renovação.,Revisar meu contrato,review_contract,in_app,0.913,acted,True,no_action,hybrid_recommendation,Synthetic trigger for renewal; not a Localiza rule.
REC1312,CUST0122,VEH0022,CONTR0122,CTX1445,SYNTHETIC,2026-08-12,franquia_km,high,Ritmo de uso de KM,Você está usando sua franquia acima do ritmo esperado.,Ver meus KMs,open_km,in_app,0.948,opened,False,viewed,synthetic_llm_personalization,Synthetic trigger for franquia_km; not a Localiza rule.
REC1313,CUST0484,VEH0084,CONTR0484,CTX0896,SYNTHETIC,2026-08-04,franquia_km,high,Ritmo de uso de KM,Você está usando sua franquia acima do ritmo esperado.,Ver meus KMs,open_km,inbox,0.878,opened,False,need_resolved,synthetic_llm_personalization,Synthetic trigger for franquia_km; not a Localiza rule.
REC1314,CUST0203,VEH0003,CONTR0203,CTX0877,SYNTHETIC,2026-09-24,maintenance,high,Manutenção próxima,Sua revisão está próxima.,Agendar revisão,schedule_maintenance,inbox,0.787,acted,True,need_resolved,synthetic_llm_personalization,Synthetic trigger for maintenance; not a Localiza rule.
REC1315,CUST0251,VEH0051,CONTR0251,CTX2130,SYNTHETIC,2026-08-22,franquia_km,high,Ritmo de uso de KM,Você está usando sua franquia acima do ritmo esperado.,Ver meus KMs,open_km,push,0.865,opened,False,scheduled,synthetic_llm_personalization,Synthetic trigger for franquia_km; not a Localiza rule.
REC1316,CUST0403,VEH0003,CONTR0403,CTX2219,SYNTHETIC,2026-08-02,franquia_km,high,Ritmo de uso de KM,Você está usando sua franquia acima do ritmo esperado.,Ver meus KMs,open_km,push,0.734,opened,False,no_action,hybrid_recommendation,Synthetic trigger for franquia_km; not a Localiza rule.
REC1317,CUST0113,VEH0013,CONTR0113,CTX1813,SYNTHETIC,2026-09-16,maintenance,high,Manutenção próxima,Sua revisão está próxima.,Agendar revisão,schedule_maintenance,push,0.937,opened,False,no_action,rule_engine,Synthetic trigger for maintenance; not a Localiza rule.
REC1318,CUST0292,VEH0092,CONTR0292,CTX1219,SYNTHETIC,2026-08-30,maintenance,high,Manutenção próxima,Sua revisão está próxima.,Agendar revisão,schedule_maintenance,push,0.966,dismissed,False,pending,rule_engine,Synthetic trigger for maintenance; not a Localiza rule.
REC1319,CUST0405,VEH0005,CONTR0405,CTX0405,SYNTHETIC,2026-09-08,maintenance,high,Manutenção próxima,Sua revisão está próxima.,Agendar revisão,schedule_maintenance,inbox,0.666,opened,False,scheduled,synthetic_llm_personalization,Synthetic trigger for maintenance; not a Localiza rule.
REC1320,CUST0205,VEH0005,CONTR0205,CTX2353,SYNTHETIC,2026-08-16,franquia_km,high,Ritmo de uso de KM,Você está usando sua franquia acima do ritmo esperado.,Ver meus KMs,open_km,inbox,0.659,dismissed,False,pending,rule_engine,Synthetic trigger for franquia_km; not a Localiza rule.
REC1321,CUST0009,VEH0009,CONTR0009,CTX2182,SYNTHETIC,2026-08-17,franquia_km,high,Ritmo de uso de KM,Você está usando sua franquia acima do ritmo esperado.,Ver meus KMs,open_km,in_app,0.885,acted,True,scheduled,hybrid_recommendation,Synthetic trigger for franquia_km; not a Localiza rule.
REC1322,CUST0183,VEH0083,CONTR0183,CTX0508,SYNTHETIC,2026-09-13,maintenance,high,Manutenção próxima,Sua revisão está próxima.,Agendar revisão,schedule_maintenance,push,0.731,delivered,False,pending,hybrid_recommendation,Synthetic trigger for maintenance; not a Localiza rule.
REC1323,CUST0319,VEH0019,CONTR0319,CTX2067,SYNTHETIC,2026-09-04,maintenance,high,Manutenção próxima,Sua revisão está próxima.,Agendar revisão,schedule_maintenance,push,0.691,acted,True,no_action,hybrid_recommendation,Synthetic trigger for maintenance; not a Localiza rule.
REC1324,CUST0164,VEH0064,CONTR0164,CTX0686,SYNTHETIC,2026-08-16,maintenance,high,Manutenção próxima,Sua revisão está próxima.,Agendar revisão,schedule_maintenance,push,0.706,acted,True,viewed,synthetic_llm_personalization,Synthetic trigger for maintenance; not a Localiza rule.
REC1325,CUST0047,VEH0047,CONTR0047,CTX2391,SYNTHETIC,2026-09-29,franquia_km,high,Ritmo de uso de KM,Você está usando sua franquia acima do ritmo esperado.,Ver meus KMs,open_km,inbox,0.878,opened,False,viewed,rule_engine,Synthetic trigger for franquia_km; not a Localiza rule.
REC1326,CUST0254,VEH0054,CONTR0254,CTX2122,SYNTHETIC,2026-08-18,maintenance,high,Manutenção próxima,Sua revisão está próxima.,Agendar revisão,schedule_maintenance,inbox,0.924,acted,True,viewed,rule_engine,Synthetic trigger for maintenance; not a Localiza rule.
REC1327,CUST0380,VEH0080,CONTR0380,CTX2251,SYNTHETIC,2026-09-01,low_use,medium,Baixo uso,Seu carro teve pouco uso no período recente.,Ver minha mobilidade,open_mobility,in_app,0.799,acted,True,scheduled,synthetic_llm_personalization,Synthetic trigger for low_use; not a Localiza rule.
REC1328,CUST0485,VEH0085,CONTR0485,CTX2081,SYNTHETIC,2026-08-18,maintenance,high,Manutenção próxima,Sua revisão está próxima.,Agendar revisão,schedule_maintenance,in_app,0.769,opened,False,scheduled,rule_engine,Synthetic trigger for maintenance; not a Localiza rule.
REC1329,CUST0210,VEH0010,CONTR0210,CTX2964,SYNTHETIC,2026-09-23,maintenance,high,Manutenção próxima,Sua revisão está próxima.,Agendar revisão,schedule_maintenance,inbox,0.686,delivered,False,pending,hybrid_recommendation,Synthetic trigger for maintenance; not a Localiza rule.
REC1330,CUST0281,VEH0081,CONTR0281,CTX0634,SYNTHETIC,2026-08-10,maintenance,high,Manutenção próxima,Sua revisão está próxima.,Agendar revisão,schedule_maintenance,in_app,0.814,acted,True,viewed,rule_engine,Synthetic trigger for maintenance; not a Localiza rule.
REC1331,CUST0231,VEH0031,CONTR0231,CTX2798,SYNTHETIC,2026-08-27,renewal,medium,Renovação próxima,Seu contrato entra em período de renovação.,Revisar meu contrato,review_contract,in_app,0.688,acted,True,scheduled,hybrid_recommendation,Synthetic trigger for renewal; not a Localiza rule.
REC1332,CUST0044,VEH0044,CONTR0044,CTX1546,SYNTHETIC,2026-09-01,franquia_km,high,Ritmo de uso de KM,Você está usando sua franquia acima do ritmo esperado.,Ver meus KMs,open_km,in_app,0.651,opened,False,no_action,synthetic_llm_personalization,Synthetic trigger for franquia_km; not a Localiza rule.
REC1333,CUST0099,VEH0099,CONTR0099,CTX0099,SYNTHETIC,2026-08-29,franquia_km,high,Ritmo de uso de KM,Você está usando sua franquia acima do ritmo esperado.,Ver meus KMs,open_km,in_app,0.661,opened,False,viewed,synthetic_llm_personalization,Synthetic trigger for franquia_km; not a Localiza rule.
REC1334,CUST0472,VEH0072,CONTR0472,CTX1043,SYNTHETIC,2026-08-13,maintenance,high,Manutenção próxima,Sua revisão está próxima.,Agendar revisão,schedule_maintenance,inbox,0.966,acted,True,no_action,hybrid_recommendation,Synthetic trigger for maintenance; not a Localiza rule.
REC1335,CUST0083,VEH0083,CONTR0083,CTX0698,SYNTHETIC,2026-08-20,maintenance,high,Manutenção próxima,Sua revisão está próxima.,Agendar revisão,schedule_maintenance,push,0.666,opened,False,no_action,hybrid_recommendation,Synthetic trigger for maintenance; not a Localiza rule.
REC1336,CUST0247,VEH0047,CONTR0247,CTX0871,SYNTHETIC,2026-09-09,renewal,high,Renovação próxima,Seu contrato entra em período de renovação.,Revisar meu contrato,review_contract,push,0.917,opened,False,viewed,hybrid_recommendation,Synthetic trigger for renewal; not a Localiza rule.
REC1337,CUST0052,VEH0052,CONTR0052,CTX0052,SYNTHETIC,2026-08-15,renewal,medium,Renovação próxima,Seu contrato entra em período de renovação.,Revisar meu contrato,review_contract,inbox,0.877,opened,False,no_action,hybrid_recommendation,Synthetic trigger for renewal; not a Localiza rule.
REC1338,CUST0461,VEH0061,CONTR0461,CTX2741,SYNTHETIC,2026-10-01,franquia_km,high,Ritmo de uso de KM,Você está usando sua franquia acima do ritmo esperado.,Ver meus KMs,open_km,push,0.663,delivered,False,pending,hybrid_recommendation,Synthetic trigger for franquia_km; not a Localiza rule.
REC1339,CUST0353,VEH0053,CONTR0353,CTX2823,SYNTHETIC,2026-08-30,maintenance,high,Manutenção próxima,Sua revisão está próxima.,Agendar revisão,schedule_maintenance,inbox,0.672,acted,True,viewed,hybrid_recommendation,Synthetic trigger for maintenance; not a Localiza rule.
REC1340,CUST0271,VEH0071,CONTR0271,CTX1018,SYNTHETIC,2026-09-10,franquia_km,high,Ritmo de uso de KM,Você está usando sua franquia acima do ritmo esperado.,Ver meus KMs,open_km,push,0.821,delivered,False,pending,hybrid_recommendation,Synthetic trigger for franquia_km; not a Localiza rule.
REC1341,CUST0402,VEH0002,CONTR0402,CTX1772,SYNTHETIC,2026-09-30,long_trip,medium,Padrão de viagem,Você vem fazendo viagens longas com frequência.,Preparar viagem,open_planner,in_app,0.748,delivered,False,pending,rule_engine,Synthetic trigger for long_trip; not a Localiza rule.
REC1342,CUST0009,VEH0009,CONTR0009,CTX1562,SYNTHETIC,2026-09-28,franquia_km,high,Ritmo de uso de KM,Você está usando sua franquia acima do ritmo esperado.,Ver meus KMs,open_km,push,0.9,delivered,False,pending,hybrid_recommendation,Synthetic trigger for franquia_km; not a Localiza rule.
REC1343,CUST0297,VEH0097,CONTR0297,CTX0605,SYNTHETIC,2026-08-29,maintenance,high,Manutenção próxima,Sua revisão está próxima.,Agendar revisão,schedule_maintenance,inbox,0.69,opened,False,need_resolved,rule_engine,Synthetic trigger for maintenance; not a Localiza rule.
REC1344,CUST0176,VEH0076,CONTR0176,CTX2965,SYNTHETIC,2026-09-26,maintenance,high,Manutenção próxima,Sua revisão está próxima.,Agendar revisão,schedule_maintenance,in_app,0.87,dismissed,False,pending,rule_engine,Synthetic trigger for maintenance; not a Localiza rule.
REC1345,CUST0361,VEH0061,CONTR0361,CTX1130,SYNTHETIC,2026-08-21,franquia_km,high,Ritmo de uso de KM,Você está usando sua franquia acima do ritmo esperado.,Ver meus KMs,open_km,push,0.665,opened,False,need_resolved,hybrid_recommendation,Synthetic trigger for franquia_km; not a Localiza rule.
REC1346,CUST0172,VEH0072,CONTR0172,CTX1115,SYNTHETIC,2026-08-27,maintenance,high,Manutenção próxima,Sua revisão está próxima.,Agendar revisão,schedule_maintenance,inbox,0.697,dismissed,False,pending,synthetic_llm_personalization,Synthetic trigger for maintenance; not a Localiza rule.
REC1347,CUST0245,VEH0045,CONTR0245,CTX0245,SYNTHETIC,2026-08-05,franquia_km,high,Ritmo de uso de KM,Você está usando sua franquia acima do ritmo esperado.,Ver meus KMs,open_km,inbox,0.862,opened,False,need_resolved,synthetic_llm_personalization,Synthetic trigger for franquia_km; not a Localiza rule.
REC1348,CUST0197,VEH0097,CONTR0197,CTX2105,SYNTHETIC,2026-09-16,maintenance,high,Manutenção próxima,Sua revisão está próxima.,Agendar revisão,schedule_maintenance,push,0.799,opened,False,viewed,synthetic_llm_personalization,Synthetic trigger for maintenance; not a Localiza rule.
REC1349,CUST0357,VEH0057,CONTR0357,CTX1717,SYNTHETIC,2026-09-17,franquia_km,high,Ritmo de uso de KM,Você está usando sua franquia acima do ritmo esperado.,Ver meus KMs,open_km,inbox,0.784,dismissed,False,pending,synthetic_llm_personalization,Synthetic trigger for franquia_km; not a Localiza rule.
REC1350,CUST0112,VEH0012,CONTR0112,CTX1520,SYNTHETIC,2026-09-21,maintenance,high,Manutenção próxima,Sua revisão está próxima.,Agendar revisão,schedule_maintenance,push,0.773,delivered,False,pending,synthetic_llm_personalization,Synthetic trigger for maintenance; not a Localiza rule.
REC1351,CUST0470,VEH0070,CONTR0470,CTX2780,SYNTHETIC,2026-09-29,franquia_km,high,Ritmo de uso de KM,Você está usando sua franquia acima do ritmo esperado.,Ver meus KMs,open_km,inbox,0.898,delivered,False,pending,rule_engine,Synthetic trigger for franquia_km; not a Localiza rule.
REC1352,CUST0179,VEH0079,CONTR0179,CTX0179,SYNTHETIC,2026-08-13,franquia_km,high,Ritmo de uso de KM,Você está usando sua franquia acima do ritmo esperado.,Ver meus KMs,open_km,push,0.946,acted,True,scheduled,hybrid_recommendation,Synthetic trigger for franquia_km; not a Localiza rule.
REC1353,CUST0140,VEH0040,CONTR0140,CTX2808,SYNTHETIC,2026-08-12,franquia_km,high,Ritmo de uso de KM,Você está usando sua franquia acima do ritmo esperado.,Ver meus KMs,open_km,inbox,0.864,acted,True,no_action,hybrid_recommendation,Synthetic trigger for franquia_km; not a Localiza rule.
REC1354,CUST0360,VEH0060,CONTR0360,CTX1927,SYNTHETIC,2026-09-29,franquia_km,high,Ritmo de uso de KM,Você está usando sua franquia acima do ritmo esperado.,Ver meus KMs,open_km,in_app,0.898,acted,True,viewed,hybrid_recommendation,Synthetic trigger for franquia_km; not a Localiza rule.
REC1355,CUST0109,VEH0009,CONTR0109,CTX2256,SYNTHETIC,2026-08-17,franquia_km,high,Ritmo de uso de KM,Você está usando sua franquia acima do ritmo esperado.,Ver meus KMs,open_km,inbox,0.656,dismissed,False,pending,synthetic_llm_personalization,Synthetic trigger for franquia_km; not a Localiza rule.
REC1356,CUST0499,VEH0099,CONTR0499,CTX2691,SYNTHETIC,2026-08-14,franquia_km,high,Ritmo de uso de KM,Você está usando sua franquia acima do ritmo esperado.,Ver meus KMs,open_km,inbox,0.922,acted,True,no_action,hybrid_recommendation,Synthetic trigger for franquia_km; not a Localiza rule.
REC1357,CUST0324,VEH0024,CONTR0324,CTX0324,SYNTHETIC,2026-10-01,franquia_km,high,Ritmo de uso de KM,Você está usando sua franquia acima do ritmo esperado.,Ver meus KMs,open_km,inbox,0.846,delivered,False,pending,rule_engine,Synthetic trigger for franquia_km; not a Localiza rule.
REC1358,CUST0379,VEH0079,CONTR0379,CTX2621,SYNTHETIC,2026-08-02,maintenance,high,Manutenção próxima,Sua revisão está próxima.,Agendar revisão,schedule_maintenance,push,0.722,acted,True,no_action,rule_engine,Synthetic trigger for maintenance; not a Localiza rule.
REC1359,CUST0488,VEH0088,CONTR0488,CTX2115,SYNTHETIC,2026-09-24,franquia_km,high,Ritmo de uso de KM,Você está usando sua franquia acima do ritmo esperado.,Ver meus KMs,open_km,push,0.98,opened,False,need_resolved,rule_engine,Synthetic trigger for franquia_km; not a Localiza rule.
REC1360,CUST0458,VEH0058,CONTR0458,CTX0458,SYNTHETIC,2026-09-13,maintenance,high,Manutenção próxima,Sua revisão está próxima.,Agendar revisão,schedule_maintenance,push,0.855,acted,True,scheduled,synthetic_llm_personalization,Synthetic trigger for maintenance; not a Localiza rule.
REC1361,CUST0050,VEH0050,CONTR0050,CTX1308,SYNTHETIC,2026-09-11,maintenance,high,Manutenção próxima,Sua revisão está próxima.,Agendar revisão,schedule_maintenance,push,0.965,opened,False,no_action,rule_engine,Synthetic trigger for maintenance; not a Localiza rule.
REC1362,CUST0190,VEH0090,CONTR0190,CTX0757,SYNTHETIC,2026-09-22,franquia_km,high,Ritmo de uso de KM,Você está usando sua franquia acima do ritmo esperado.,Ver meus KMs,open_km,push,0.724,delivered,False,pending,rule_engine,Synthetic trigger for franquia_km; not a Localiza rule.
REC1363,CUST0066,VEH0066,CONTR0066,CTX2063,SYNTHETIC,2026-08-30,franquia_km,high,Ritmo de uso de KM,Você está usando sua franquia acima do ritmo esperado.,Ver meus KMs,open_km,push,0.784,opened,False,scheduled,synthetic_llm_personalization,Synthetic trigger for franquia_km; not a Localiza rule.
REC1364,CUST0182,VEH0082,CONTR0182,CTX1921,SYNTHETIC,2026-08-22,franquia_km,high,Ritmo de uso de KM,Você está usando sua franquia acima do ritmo esperado.,Ver meus KMs,open_km,inbox,0.97,acted,True,no_action,hybrid_recommendation,Synthetic trigger for franquia_km; not a Localiza rule.
REC1365,CUST0187,VEH0087,CONTR0187,CTX0187,SYNTHETIC,2026-08-22,franquia_km,high,Ritmo de uso de KM,Você está usando sua franquia acima do ritmo esperado.,Ver meus KMs,open_km,inbox,0.87,acted,True,no_action,rule_engine,Synthetic trigger for franquia_km; not a Localiza rule.
REC1366,CUST0239,VEH0039,CONTR0239,CTX1046,SYNTHETIC,2026-09-10,maintenance,high,Manutenção próxima,Sua revisão está próxima.,Agendar revisão,schedule_maintenance,push,0.682,delivered,False,pending,hybrid_recommendation,Synthetic trigger for maintenance; not a Localiza rule.
REC1367,CUST0019,VEH0019,CONTR0019,CTX0604,SYNTHETIC,2026-08-10,maintenance,high,Manutenção próxima,Sua revisão está próxima.,Agendar revisão,schedule_maintenance,in_app,0.74,dismissed,False,pending,hybrid_recommendation,Synthetic trigger for maintenance; not a Localiza rule.
REC1368,CUST0230,VEH0030,CONTR0230,CTX0230,SYNTHETIC,2026-09-10,franquia_km,high,Ritmo de uso de KM,Você está usando sua franquia acima do ritmo esperado.,Ver meus KMs,open_km,in_app,0.938,dismissed,False,pending,hybrid_recommendation,Synthetic trigger for franquia_km; not a Localiza rule.
REC1369,CUST0393,VEH0093,CONTR0393,CTX0393,SYNTHETIC,2026-09-13,maintenance,high,Manutenção próxima,Sua revisão está próxima.,Agendar revisão,schedule_maintenance,push,0.882,opened,False,scheduled,synthetic_llm_personalization,Synthetic trigger for maintenance; not a Localiza rule.
REC1370,CUST0463,VEH0063,CONTR0463,CTX0992,SYNTHETIC,2026-09-08,maintenance,high,Manutenção próxima,Sua revisão está próxima.,Agendar revisão,schedule_maintenance,push,0.679,opened,False,need_resolved,rule_engine,Synthetic trigger for maintenance; not a Localiza rule.
REC1371,CUST0478,VEH0078,CONTR0478,CTX2962,SYNTHETIC,2026-08-30,maintenance,high,Manutenção próxima,Sua revisão está próxima.,Agendar revisão,schedule_maintenance,push,0.932,opened,False,scheduled,rule_engine,Synthetic trigger for maintenance; not a Localiza rule.
REC1372,CUST0309,VEH0009,CONTR0309,CTX1718,SYNTHETIC,2026-08-24,long_trip,medium,Padrão de viagem,Você vem fazendo viagens longas com frequência.,Preparar viagem,open_planner,push,0.967,opened,False,scheduled,hybrid_recommendation,Synthetic trigger for long_trip; not a Localiza rule.
REC1373,CUST0461,VEH0061,CONTR0461,CTX0461,SYNTHETIC,2026-08-20,franquia_km,high,Ritmo de uso de KM,Você está usando sua franquia acima do ritmo esperado.,Ver meus KMs,open_km,push,0.651,acted,True,no_action,hybrid_recommendation,Synthetic trigger for franquia_km; not a Localiza rule.
REC1374,CUST0338,VEH0038,CONTR0338,CTX0542,SYNTHETIC,2026-08-14,maintenance,high,Manutenção próxima,Sua revisão está próxima.,Agendar revisão,schedule_maintenance,push,0.651,opened,False,scheduled,hybrid_recommendation,Synthetic trigger for maintenance; not a Localiza rule.
REC1375,CUST0356,VEH0056,CONTR0356,CTX0356,SYNTHETIC,2026-09-22,maintenance,high,Manutenção próxima,Sua revisão está próxima.,Agendar revisão,schedule_maintenance,push,0.77,delivered,False,pending,hybrid_recommendation,Synthetic trigger for maintenance; not a Localiza rule.
REC1376,CUST0045,VEH0045,CONTR0045,CTX2177,SYNTHETIC,2026-08-16,maintenance,high,Manutenção próxima,Sua revisão está próxima.,Agendar revisão,schedule_maintenance,in_app,0.933,dismissed,False,pending,rule_engine,Synthetic trigger for maintenance; not a Localiza rule.
REC1377,CUST0274,VEH0074,CONTR0274,CTX0653,SYNTHETIC,2026-09-08,benefit,medium,Benefício contextual,Encontramos um benefício relevante para sua rotina.,Ver benefício,open_benefit,push,0.675,acted,True,need_resolved,synthetic_llm_personalization,Synthetic trigger for benefit; not a Localiza rule.
REC1378,CUST0342,VEH0042,CONTR0342,CTX0755,SYNTHETIC,2026-08-22,maintenance,high,Manutenção próxima,Sua revisão está próxima.,Agendar revisão,schedule_maintenance,push,0.913,delivered,False,pending,hybrid_recommendation,Synthetic trigger for maintenance; not a Localiza rule.
REC1379,CUST0174,VEH0074,CONTR0174,CTX0174,SYNTHETIC,2026-08-30,maintenance,high,Manutenção próxima,Sua revisão está próxima.,Agendar revisão,schedule_maintenance,inbox,0.671,dismissed,False,pending,hybrid_recommendation,Synthetic trigger for maintenance; not a Localiza rule.
REC1380,CUST0332,VEH0032,CONTR0332,CTX2329,SYNTHETIC,2026-08-18,franquia_km,high,Ritmo de uso de KM,Você está usando sua franquia acima do ritmo esperado.,Ver meus KMs,open_km,in_app,0.799,dismissed,False,pending,hybrid_recommendation,Synthetic trigger for franquia_km; not a Localiza rule.
REC1381,CUST0037,VEH0037,CONTR0037,CTX1579,SYNTHETIC,2026-09-18,franquia_km,high,Ritmo de uso de KM,Você está usando sua franquia acima do ritmo esperado.,Ver meus KMs,open_km,push,0.661,opened,False,scheduled,synthetic_llm_personalization,Synthetic trigger for franquia_km; not a Localiza rule.
REC1382,CUST0317,VEH0017,CONTR0317,CTX1290,SYNTHETIC,2026-08-03,franquia_km,high,Ritmo de uso de KM,Você está usando sua franquia acima do ritmo esperado.,Ver meus KMs,open_km,in_app,0.899,opened,False,scheduled,rule_engine,Synthetic trigger for franquia_km; not a Localiza rule.
REC1383,CUST0209,VEH0009,CONTR0209,CTX1582,SYNTHETIC,2026-09-22,maintenance,high,Manutenção próxima,Sua revisão está próxima.,Agendar revisão,schedule_maintenance,push,0.693,delivered,False,pending,hybrid_recommendation,Synthetic trigger for maintenance; not a Localiza rule.
REC1384,CUST0469,VEH0069,CONTR0469,CTX2393,SYNTHETIC,2026-09-04,franquia_km,high,Ritmo de uso de KM,Você está usando sua franquia acima do ritmo esperado.,Ver meus KMs,open_km,inbox,0.764,opened,False,need_resolved,synthetic_llm_personalization,Synthetic trigger for franquia_km; not a Localiza rule.
REC1385,CUST0325,VEH0025,CONTR0325,CTX1429,SYNTHETIC,2026-09-03,support,medium,Sinal de suporte,Detectamos um sinal que pode exigir atenção.,Abrir suporte,open_support,inbox,0.89,acted,True,viewed,synthetic_llm_personalization,Synthetic trigger for support; not a Localiza rule.
REC1386,CUST0352,VEH0052,CONTR0352,CTX0551,SYNTHETIC,2026-09-13,franquia_km,high,Ritmo de uso de KM,Você está usando sua franquia acima do ritmo esperado.,Ver meus KMs,open_km,push,0.856,dismissed,False,pending,rule_engine,Synthetic trigger for franquia_km; not a Localiza rule.
REC1387,CUST0404,VEH0004,CONTR0404,CTX0404,SYNTHETIC,2026-08-22,maintenance,high,Manutenção próxima,Sua revisão está próxima.,Agendar revisão,schedule_maintenance,push,0.703,opened,False,no_action,hybrid_recommendation,Synthetic trigger for maintenance; not a Localiza rule.
REC1388,CUST0259,VEH0059,CONTR0259,CTX2016,SYNTHETIC,2026-08-24,franquia_km,high,Ritmo de uso de KM,Você está usando sua franquia acima do ritmo esperado.,Ver meus KMs,open_km,in_app,0.959,acted,True,viewed,rule_engine,Synthetic trigger for franquia_km; not a Localiza rule.
REC1389,CUST0208,VEH0008,CONTR0208,CTX2922,SYNTHETIC,2026-09-03,franquia_km,high,Ritmo de uso de KM,Você está usando sua franquia acima do ritmo esperado.,Ver meus KMs,open_km,inbox,0.82,opened,False,scheduled,rule_engine,Synthetic trigger for franquia_km; not a Localiza rule.
REC1390,CUST0098,VEH0098,CONTR0098,CTX0098,SYNTHETIC,2026-08-05,franquia_km,high,Ritmo de uso de KM,Você está usando sua franquia acima do ritmo esperado.,Ver meus KMs,open_km,inbox,0.892,opened,False,scheduled,rule_engine,Synthetic trigger for franquia_km; not a Localiza rule.
REC1391,CUST0248,VEH0048,CONTR0248,CTX0928,SYNTHETIC,2026-09-12,maintenance,high,Manutenção próxima,Sua revisão está próxima.,Agendar revisão,schedule_maintenance,in_app,0.961,opened,False,scheduled,rule_engine,Synthetic trigger for maintenance; not a Localiza rule.
REC1392,CUST0103,VEH0003,CONTR0103,CTX0103,SYNTHETIC,2026-08-20,maintenance,high,Manutenção próxima,Sua revisão está próxima.,Agendar revisão,schedule_maintenance,inbox,0.683,acted,True,need_resolved,rule_engine,Synthetic trigger for maintenance; not a Localiza rule.
REC1393,CUST0204,VEH0004,CONTR0204,CTX2094,SYNTHETIC,2026-08-10,renewal,medium,Renovação próxima,Seu contrato entra em período de renovação.,Revisar meu contrato,review_contract,in_app,0.704,opened,False,no_action,rule_engine,Synthetic trigger for renewal; not a Localiza rule.
REC1394,CUST0276,VEH0076,CONTR0276,CTX0276,SYNTHETIC,2026-09-17,renewal,high,Renovação próxima,Seu contrato entra em período de renovação.,Revisar meu contrato,review_contract,inbox,0.83,acted,True,viewed,rule_engine,Synthetic trigger for renewal; not a Localiza rule.
REC1395,CUST0037,VEH0037,CONTR0037,CTX0037,SYNTHETIC,2026-08-13,franquia_km,high,Ritmo de uso de KM,Você está usando sua franquia acima do ritmo esperado.,Ver meus KMs,open_km,inbox,0.954,opened,False,no_action,synthetic_llm_personalization,Synthetic trigger for franquia_km; not a Localiza rule.
REC1396,CUST0466,VEH0066,CONTR0466,CTX0466,SYNTHETIC,2026-08-11,maintenance,high,Manutenção próxima,Sua revisão está próxima.,Agendar revisão,schedule_maintenance,in_app,0.942,delivered,False,pending,synthetic_llm_personalization,Synthetic trigger for maintenance; not a Localiza rule.
REC1397,CUST0412,VEH0012,CONTR0412,CTX0412,SYNTHETIC,2026-09-07,franquia_km,high,Ritmo de uso de KM,Você está usando sua franquia acima do ritmo esperado.,Ver meus KMs,open_km,push,0.654,delivered,False,pending,hybrid_recommendation,Synthetic trigger for franquia_km; not a Localiza rule.
REC1398,CUST0434,VEH0034,CONTR0434,CTX1304,SYNTHETIC,2026-09-07,franquia_km,high,Ritmo de uso de KM,Você está usando sua franquia acima do ritmo esperado.,Ver meus KMs,open_km,push,0.67,delivered,False,pending,hybrid_recommendation,Synthetic trigger for franquia_km; not a Localiza rule.
REC1399,CUST0020,VEH0020,CONTR0020,CTX1062,SYNTHETIC,2026-09-20,maintenance,high,Manutenção próxima,Sua revisão está próxima.,Agendar revisão,schedule_maintenance,in_app,0.756,dismissed,False,pending,hybrid_recommendation,Synthetic trigger for maintenance; not a Localiza rule.
REC1400,CUST0283,VEH0083,CONTR0283,CTX2853,SYNTHETIC,2026-08-03,long_trip,medium,Padrão de viagem,Você vem fazendo viagens longas com frequência.,Preparar viagem,open_planner,push,0.686,delivered,False,pending,synthetic_llm_personalization,Synthetic trigger for long_trip; not a Localiza rule.
REC1401,CUST0357,VEH0057,CONTR0357,CTX0609,SYNTHETIC,2026-08-21,franquia_km,high,Ritmo de uso de KM,Você está usando sua franquia acima do ritmo esperado.,Ver meus KMs,open_km,in_app,0.971,dismissed,False,pending,rule_engine,Synthetic trigger for franquia_km; not a Localiza rule.
REC1402,CUST0173,VEH0073,CONTR0173,CTX0173,SYNTHETIC,2026-09-23,franquia_km,high,Ritmo de uso de KM,Você está usando sua franquia acima do ritmo esperado.,Ver meus KMs,open_km,in_app,0.671,dismissed,False,pending,hybrid_recommendation,Synthetic trigger for franquia_km; not a Localiza rule.
REC1403,CUST0017,VEH0017,CONTR0017,CTX0017,SYNTHETIC,2026-08-23,maintenance,high,Manutenção próxima,Sua revisão está próxima.,Agendar revisão,schedule_maintenance,inbox,0.819,opened,False,need_resolved,hybrid_recommendation,Synthetic trigger for maintenance; not a Localiza rule.
REC1404,CUST0070,VEH0070,CONTR0070,CTX2890,SYNTHETIC,2026-08-23,maintenance,high,Manutenção próxima,Sua revisão está próxima.,Agendar revisão,schedule_maintenance,push,0.868,acted,True,scheduled,hybrid_recommendation,Synthetic trigger for maintenance; not a Localiza rule.
REC1405,CUST0272,VEH0072,CONTR0272,CTX2704,SYNTHETIC,2026-08-28,maintenance,high,Manutenção próxima,Sua revisão está próxima.,Agendar revisão,schedule_maintenance,in_app,0.792,opened,False,need_resolved,hybrid_recommendation,Synthetic trigger for maintenance; not a Localiza rule.
REC1406,CUST0286,VEH0086,CONTR0286,CTX2420,SYNTHETIC,2026-09-13,maintenance,high,Manutenção próxima,Sua revisão está próxima.,Agendar revisão,schedule_maintenance,in_app,0.8,delivered,False,pending,rule_engine,Synthetic trigger for maintenance; not a Localiza rule.
REC1407,CUST0242,VEH0042,CONTR0242,CTX0617,SYNTHETIC,2026-09-02,maintenance,high,Manutenção próxima,Sua revisão está próxima.,Agendar revisão,schedule_maintenance,in_app,0.964,acted,True,scheduled,synthetic_llm_personalization,Synthetic trigger for maintenance; not a Localiza rule.
REC1408,CUST0010,VEH0010,CONTR0010,CTX2204,SYNTHETIC,2026-08-24,franquia_km,high,Ritmo de uso de KM,Você está usando sua franquia acima do ritmo esperado.,Ver meus KMs,open_km,in_app,0.659,acted,True,need_resolved,hybrid_recommendation,Synthetic trigger for franquia_km; not a Localiza rule.
REC1409,CUST0433,VEH0033,CONTR0433,CTX2206,SYNTHETIC,2026-09-01,maintenance,high,Manutenção próxima,Sua revisão está próxima.,Agendar revisão,schedule_maintenance,in_app,0.865,acted,True,viewed,hybrid_recommendation,Synthetic trigger for maintenance; not a Localiza rule.
REC1410,CUST0147,VEH0047,CONTR0147,CTX2383,SYNTHETIC,2026-08-05,franquia_km,high,Ritmo de uso de KM,Você está usando sua franquia acima do ritmo esperado.,Ver meus KMs,open_km,inbox,0.803,acted,True,scheduled,rule_engine,Synthetic trigger for franquia_km; not a Localiza rule.
REC1411,CUST0119,VEH0019,CONTR0119,CTX0737,SYNTHETIC,2026-08-06,maintenance,high,Manutenção próxima,Sua revisão está próxima.,Agendar revisão,schedule_maintenance,push,0.969,acted,True,scheduled,synthetic_llm_personalization,Synthetic trigger for maintenance; not a Localiza rule.
REC1412,CUST0402,VEH0002,CONTR0402,CTX1058,SYNTHETIC,2026-09-02,long_trip,medium,Padrão de viagem,Você vem fazendo viagens longas com frequência.,Preparar viagem,open_planner,inbox,0.881,delivered,False,pending,hybrid_recommendation,Synthetic trigger for long_trip; not a Localiza rule.
REC1413,CUST0132,VEH0032,CONTR0132,CTX0132,SYNTHETIC,2026-08-08,maintenance,high,Manutenção próxima,Sua revisão está próxima.,Agendar revisão,schedule_maintenance,inbox,0.735,acted,True,viewed,hybrid_recommendation,Synthetic trigger for maintenance; not a Localiza rule.
REC1414,CUST0395,VEH0095,CONTR0395,CTX2190,SYNTHETIC,2026-08-30,maintenance,high,Manutenção próxima,Sua revisão está próxima.,Agendar revisão,schedule_maintenance,inbox,0.787,acted,True,viewed,hybrid_recommendation,Synthetic trigger for maintenance; not a Localiza rule.
REC1415,CUST0308,VEH0008,CONTR0308,CTX0878,SYNTHETIC,2026-09-01,maintenance,high,Manutenção próxima,Sua revisão está próxima.,Agendar revisão,schedule_maintenance,inbox,0.933,delivered,False,pending,synthetic_llm_personalization,Synthetic trigger for maintenance; not a Localiza rule.
REC1416,CUST0089,VEH0089,CONTR0089,CTX1895,SYNTHETIC,2026-08-14,franquia_km,high,Ritmo de uso de KM,Você está usando sua franquia acima do ritmo esperado.,Ver meus KMs,open_km,push,0.724,dismissed,False,pending,hybrid_recommendation,Synthetic trigger for franquia_km; not a Localiza rule.
REC1417,CUST0307,VEH0007,CONTR0307,CTX2980,SYNTHETIC,2026-08-09,franquia_km,high,Ritmo de uso de KM,Você está usando sua franquia acima do ritmo esperado.,Ver meus KMs,open_km,push,0.772,delivered,False,pending,synthetic_llm_personalization,Synthetic trigger for franquia_km; not a Localiza rule.
REC1418,CUST0333,VEH0033,CONTR0333,CTX1762,SYNTHETIC,2026-08-04,maintenance,high,Manutenção próxima,Sua revisão está próxima.,Agendar revisão,schedule_maintenance,push,0.835,opened,False,no_action,hybrid_recommendation,Synthetic trigger for maintenance; not a Localiza rule.
REC1419,CUST0020,VEH0020,CONTR0020,CTX0020,SYNTHETIC,2026-09-02,franquia_km,high,Ritmo de uso de KM,Você está usando sua franquia acima do ritmo esperado.,Ver meus KMs,open_km,in_app,0.86,opened,False,need_resolved,synthetic_llm_personalization,Synthetic trigger for franquia_km; not a Localiza rule.
REC1420,CUST0097,VEH0097,CONTR0097,CTX0097,SYNTHETIC,2026-09-22,renewal,medium,Renovação próxima,Seu contrato entra em período de renovação.,Revisar meu contrato,review_contract,in_app,0.864,opened,False,need_resolved,rule_engine,Synthetic trigger for renewal; not a Localiza rule.
REC1421,CUST0393,VEH0093,CONTR0393,CTX1126,SYNTHETIC,2026-10-01,franquia_km,high,Ritmo de uso de KM,Você está usando sua franquia acima do ritmo esperado.,Ver meus KMs,open_km,push,0.716,acted,True,scheduled,rule_engine,Synthetic trigger for franquia_km; not a Localiza rule.
REC1422,CUST0413,VEH0013,CONTR0413,CTX2578,SYNTHETIC,2026-09-15,support,medium,Sinal de suporte,Detectamos um sinal que pode exigir atenção.,Abrir suporte,open_support,in_app,0.689,acted,True,need_resolved,hybrid_recommendation,Synthetic trigger for support; not a Localiza rule.
REC1423,CUST0208,VEH0008,CONTR0208,CTX0208,SYNTHETIC,2026-08-23,franquia_km,high,Ritmo de uso de KM,Você está usando sua franquia acima do ritmo esperado.,Ver meus KMs,open_km,inbox,0.718,delivered,False,pending,rule_engine,Synthetic trigger for franquia_km; not a Localiza rule.
REC1424,CUST0168,VEH0068,CONTR0168,CTX1963,SYNTHETIC,2026-08-03,franquia_km,high,Ritmo de uso de KM,Você está usando sua franquia acima do ritmo esperado.,Ver meus KMs,open_km,push,0.707,delivered,False,pending,rule_engine,Synthetic trigger for franquia_km; not a Localiza rule.
REC1425,CUST0415,VEH0015,CONTR0415,CTX0676,SYNTHETIC,2026-08-26,low_energy,medium,Energia baixa,A autonomia disponível está baixa para seu padrão recente.,Planejar abastecimento/recarga,open_energy,in_app,0.676,delivered,False,pending,hybrid_recommendation,Synthetic trigger for low_energy; not a Localiza rule.
REC1426,CUST0381,VEH0081,CONTR0381,CTX1989,SYNTHETIC,2026-09-07,franquia_km,high,Ritmo de uso de KM,Você está usando sua franquia acima do ritmo esperado.,Ver meus KMs,open_km,push,0.935,delivered,False,pending,rule_engine,Synthetic trigger for franquia_km; not a Localiza rule.
REC1427,CUST0119,VEH0019,CONTR0119,CTX0530,SYNTHETIC,2026-08-05,maintenance,high,Manutenção próxima,Sua revisão está próxima.,Agendar revisão,schedule_maintenance,inbox,0.974,opened,False,scheduled,rule_engine,Synthetic trigger for maintenance; not a Localiza rule.
REC1428,CUST0004,VEH0004,CONTR0004,CTX0004,SYNTHETIC,2026-09-24,maintenance,high,Manutenção próxima,Sua revisão está próxima.,Agendar revisão,schedule_maintenance,inbox,0.92,acted,True,viewed,hybrid_recommendation,Synthetic trigger for maintenance; not a Localiza rule.
REC1429,CUST0239,VEH0039,CONTR0239,CTX2645,SYNTHETIC,2026-09-24,maintenance,high,Manutenção próxima,Sua revisão está próxima.,Agendar revisão,schedule_maintenance,inbox,0.876,opened,False,viewed,rule_engine,Synthetic trigger for maintenance; not a Localiza rule.
REC1430,CUST0284,VEH0084,CONTR0284,CTX0284,SYNTHETIC,2026-08-17,franquia_km,high,Ritmo de uso de KM,Você está usando sua franquia acima do ritmo esperado.,Ver meus KMs,open_km,in_app,0.652,acted,True,viewed,hybrid_recommendation,Synthetic trigger for franquia_km; not a Localiza rule.
REC1431,CUST0395,VEH0095,CONTR0395,CTX2303,SYNTHETIC,2026-09-09,maintenance,high,Manutenção próxima,Sua revisão está próxima.,Agendar revisão,schedule_maintenance,in_app,0.923,delivered,False,pending,rule_engine,Synthetic trigger for maintenance; not a Localiza rule.
REC1432,CUST0187,VEH0087,CONTR0187,CTX2244,SYNTHETIC,2026-09-01,franquia_km,high,Ritmo de uso de KM,Você está usando sua franquia acima do ritmo esperado.,Ver meus KMs,open_km,push,0.731,opened,False,scheduled,hybrid_recommendation,Synthetic trigger for franquia_km; not a Localiza rule.
REC1433,CUST0057,VEH0057,CONTR0057,CTX1207,SYNTHETIC,2026-08-17,maintenance,high,Manutenção próxima,Sua revisão está próxima.,Agendar revisão,schedule_maintenance,in_app,0.924,delivered,False,pending,synthetic_llm_personalization,Synthetic trigger for maintenance; not a Localiza rule.
REC1434,CUST0402,VEH0002,CONTR0402,CTX1772,SYNTHETIC,2026-09-28,support,medium,Sinal de suporte,Detectamos um sinal que pode exigir atenção.,Abrir suporte,open_support,push,0.791,dismissed,False,pending,synthetic_llm_personalization,Synthetic trigger for support; not a Localiza rule.
REC1435,CUST0217,VEH0017,CONTR0217,CTX0217,SYNTHETIC,2026-09-19,maintenance,high,Manutenção próxima,Sua revisão está próxima.,Agendar revisão,schedule_maintenance,push,0.95,acted,True,no_action,hybrid_recommendation,Synthetic trigger for maintenance; not a Localiza rule.
REC1436,CUST0148,VEH0048,CONTR0148,CTX0148,SYNTHETIC,2026-08-25,franquia_km,high,Ritmo de uso de KM,Você está usando sua franquia acima do ritmo esperado.,Ver meus KMs,open_km,in_app,0.775,acted,True,need_resolved,hybrid_recommendation,Synthetic trigger for franquia_km; not a Localiza rule.
REC1437,CUST0173,VEH0073,CONTR0173,CTX0504,SYNTHETIC,2026-08-17,franquia_km,high,Ritmo de uso de KM,Você está usando sua franquia acima do ritmo esperado.,Ver meus KMs,open_km,push,0.944,delivered,False,pending,synthetic_llm_personalization,Synthetic trigger for franquia_km; not a Localiza rule.
REC1438,CUST0477,VEH0077,CONTR0477,CTX2868,SYNTHETIC,2026-09-09,maintenance,high,Manutenção próxima,Sua revisão está próxima.,Agendar revisão,schedule_maintenance,in_app,0.784,acted,True,need_resolved,hybrid_recommendation,Synthetic trigger for maintenance; not a Localiza rule.
REC1439,CUST0270,VEH0070,CONTR0270,CTX2878,SYNTHETIC,2026-08-17,franquia_km,high,Ritmo de uso de KM,Você está usando sua franquia acima do ritmo esperado.,Ver meus KMs,open_km,inbox,0.852,opened,False,need_resolved,hybrid_recommendation,Synthetic trigger for franquia_km; not a Localiza rule.
REC1440,CUST0418,VEH0018,CONTR0418,CTX2977,SYNTHETIC,2026-09-16,franquia_km,high,Ritmo de uso de KM,Você está usando sua franquia acima do ritmo esperado.,Ver meus KMs,open_km,in_app,0.812,acted,True,need_resolved,hybrid_recommendation,Synthetic trigger for franquia_km; not a Localiza rule.
REC1441,CUST0444,VEH0044,CONTR0444,CTX0444,SYNTHETIC,2026-08-16,maintenance,high,Manutenção próxima,Sua revisão está próxima.,Agendar revisão,schedule_maintenance,push,0.689,opened,False,viewed,synthetic_llm_personalization,Synthetic trigger for maintenance; not a Localiza rule.
REC1442,CUST0413,VEH0013,CONTR0413,CTX2578,SYNTHETIC,2026-09-05,low_use,medium,Baixo uso,Seu carro teve pouco uso no período recente.,Ver minha mobilidade,open_mobility,push,0.724,dismissed,False,pending,synthetic_llm_personalization,Synthetic trigger for low_use; not a Localiza rule.
REC1443,CUST0479,VEH0079,CONTR0479,CTX1631,SYNTHETIC,2026-09-01,maintenance,high,Manutenção próxima,Sua revisão está próxima.,Agendar revisão,schedule_maintenance,inbox,0.74,dismissed,False,pending,synthetic_llm_personalization,Synthetic trigger for maintenance; not a Localiza rule.
REC1444,CUST0457,VEH0057,CONTR0457,CTX0457,SYNTHETIC,2026-09-11,maintenance,high,Manutenção próxima,Sua revisão está próxima.,Agendar revisão,schedule_maintenance,push,0.958,opened,False,viewed,synthetic_llm_personalization,Synthetic trigger for maintenance; not a Localiza rule.
REC1445,CUST0028,VEH0028,CONTR0028,CTX1775,SYNTHETIC,2026-08-10,franquia_km,high,Ritmo de uso de KM,Você está usando sua franquia acima do ritmo esperado.,Ver meus KMs,open_km,in_app,0.715,opened,False,need_resolved,rule_engine,Synthetic trigger for franquia_km; not a Localiza rule.
REC1446,CUST0333,VEH0033,CONTR0333,CTX0531,SYNTHETIC,2026-08-04,franquia_km,high,Ritmo de uso de KM,Você está usando sua franquia acima do ritmo esperado.,Ver meus KMs,open_km,in_app,0.807,opened,False,no_action,rule_engine,Synthetic trigger for franquia_km; not a Localiza rule.
REC1447,CUST0106,VEH0006,CONTR0106,CTX2358,SYNTHETIC,2026-09-24,franquia_km,high,Ritmo de uso de KM,Você está usando sua franquia acima do ritmo esperado.,Ver meus KMs,open_km,in_app,0.879,acted,True,no_action,rule_engine,Synthetic trigger for franquia_km; not a Localiza rule.
REC1448,CUST0273,VEH0073,CONTR0273,CTX0898,SYNTHETIC,2026-08-29,franquia_km,high,Ritmo de uso de KM,Você está usando sua franquia acima do ritmo esperado.,Ver meus KMs,open_km,inbox,0.932,acted,True,need_resolved,hybrid_recommendation,Synthetic trigger for franquia_km; not a Localiza rule.
REC1449,CUST0084,VEH0084,CONTR0084,CTX0084,SYNTHETIC,2026-09-07,low_use,high,Baixo uso,Seu carro teve pouco uso no período recente.,Ver minha mobilidade,open_mobility,push,0.975,opened,False,no_action,hybrid_recommendation,Synthetic trigger for low_use; not a Localiza rule.
REC1450,CUST0007,VEH0007,CONTR0007,CTX0007,SYNTHETIC,2026-09-27,franquia_km,high,Ritmo de uso de KM,Você está usando sua franquia acima do ritmo esperado.,Ver meus KMs,open_km,inbox,0.913,delivered,False,pending,synthetic_llm_personalization,Synthetic trigger for franquia_km; not a Localiza rule.
REC1451,CUST0477,VEH0077,CONTR0477,CTX2455,SYNTHETIC,2026-09-06,maintenance,high,Manutenção próxima,Sua revisão está próxima.,Agendar revisão,schedule_maintenance,inbox,0.669,delivered,False,pending,hybrid_recommendation,Synthetic trigger for maintenance; not a Localiza rule.
REC1452,CUST0284,VEH0084,CONTR0284,CTX0665,SYNTHETIC,2026-09-27,franquia_km,high,Ritmo de uso de KM,Você está usando sua franquia acima do ritmo esperado.,Ver meus KMs,open_km,in_app,0.793,acted,True,viewed,rule_engine,Synthetic trigger for franquia_km; not a Localiza rule.
REC1453,CUST0139,VEH0039,CONTR0139,CTX1220,SYNTHETIC,2026-08-09,maintenance,high,Manutenção próxima,Sua revisão está próxima.,Agendar revisão,schedule_maintenance,in_app,0.934,acted,True,viewed,hybrid_recommendation,Synthetic trigger for maintenance; not a Localiza rule.
REC1454,CUST0163,VEH0063,CONTR0163,CTX1013,SYNTHETIC,2026-08-02,franquia_km,high,Ritmo de uso de KM,Você está usando sua franquia acima do ritmo esperado.,Ver meus KMs,open_km,push,0.699,acted,True,scheduled,rule_engine,Synthetic trigger for franquia_km; not a Localiza rule.
REC1455,CUST0118,VEH0018,CONTR0118,CTX0118,SYNTHETIC,2026-08-06,support,medium,Sinal de suporte,Detectamos um sinal que pode exigir atenção.,Abrir suporte,open_support,push,0.693,dismissed,False,pending,rule_engine,Synthetic trigger for support; not a Localiza rule.
REC1456,CUST0408,VEH0008,CONTR0408,CTX0408,SYNTHETIC,2026-08-30,franquia_km,high,Ritmo de uso de KM,Você está usando sua franquia acima do ritmo esperado.,Ver meus KMs,open_km,push,0.786,opened,False,scheduled,synthetic_llm_personalization,Synthetic trigger for franquia_km; not a Localiza rule.
REC1457,CUST0414,VEH0014,CONTR0414,CTX2011,SYNTHETIC,2026-08-18,franquia_km,high,Ritmo de uso de KM,Você está usando sua franquia acima do ritmo esperado.,Ver meus KMs,open_km,push,0.859,delivered,False,pending,rule_engine,Synthetic trigger for franquia_km; not a Localiza rule.
REC1458,CUST0143,VEH0043,CONTR0143,CTX2587,SYNTHETIC,2026-09-11,franquia_km,high,Ritmo de uso de KM,Você está usando sua franquia acima do ritmo esperado.,Ver meus KMs,open_km,in_app,0.672,opened,False,no_action,hybrid_recommendation,Synthetic trigger for franquia_km; not a Localiza rule.
REC1459,CUST0218,VEH0018,CONTR0218,CTX2547,SYNTHETIC,2026-08-03,low_use,medium,Baixo uso,Seu carro teve pouco uso no período recente.,Ver minha mobilidade,open_mobility,in_app,0.684,delivered,False,pending,hybrid_recommendation,Synthetic trigger for low_use; not a Localiza rule.
REC1460,CUST0386,VEH0086,CONTR0386,CTX1395,SYNTHETIC,2026-09-04,maintenance,high,Manutenção próxima,Sua revisão está próxima.,Agendar revisão,schedule_maintenance,in_app,0.915,opened,False,viewed,rule_engine,Synthetic trigger for maintenance; not a Localiza rule.
REC1461,CUST0050,VEH0050,CONTR0050,CTX1345,SYNTHETIC,2026-08-03,franquia_km,high,Ritmo de uso de KM,Você está usando sua franquia acima do ritmo esperado.,Ver meus KMs,open_km,inbox,0.685,opened,False,scheduled,synthetic_llm_personalization,Synthetic trigger for franquia_km; not a Localiza rule.
REC1462,CUST0346,VEH0046,CONTR0346,CTX0821,SYNTHETIC,2026-08-12,maintenance,high,Manutenção próxima,Sua revisão está próxima.,Agendar revisão,schedule_maintenance,in_app,0.865,acted,True,need_resolved,hybrid_recommendation,Synthetic trigger for maintenance; not a Localiza rule.
REC1463,CUST0279,VEH0079,CONTR0279,CTX2232,SYNTHETIC,2026-08-28,benefit,medium,Benefício contextual,Encontramos um benefício relevante para sua rotina.,Ver benefício,open_benefit,push,0.846,acted,True,viewed,hybrid_recommendation,Synthetic trigger for benefit; not a Localiza rule.
REC1464,CUST0383,VEH0083,CONTR0383,CTX2719,SYNTHETIC,2026-08-27,franquia_km,high,Ritmo de uso de KM,Você está usando sua franquia acima do ritmo esperado.,Ver meus KMs,open_km,inbox,0.727,delivered,False,pending,rule_engine,Synthetic trigger for franquia_km; not a Localiza rule.
REC1465,CUST0141,VEH0041,CONTR0141,CTX0561,SYNTHETIC,2026-09-11,renewal,medium,Renovação próxima,Seu contrato entra em período de renovação.,Revisar meu contrato,review_contract,inbox,0.942,acted,True,viewed,synthetic_llm_personalization,Synthetic trigger for renewal; not a Localiza rule.
REC1466,CUST0146,VEH0046,CONTR0146,CTX2493,SYNTHETIC,2026-08-31,franquia_km,high,Ritmo de uso de KM,Você está usando sua franquia acima do ritmo esperado.,Ver meus KMs,open_km,in_app,0.731,opened,False,scheduled,hybrid_recommendation,Synthetic trigger for franquia_km; not a Localiza rule.
REC1467,CUST0336,VEH0036,CONTR0336,CTX2887,SYNTHETIC,2026-09-01,franquia_km,high,Ritmo de uso de KM,Você está usando sua franquia acima do ritmo esperado.,Ver meus KMs,open_km,in_app,0.797,acted,True,no_action,rule_engine,Synthetic trigger for franquia_km; not a Localiza rule.
REC1468,CUST0049,VEH0049,CONTR0049,CTX2605,SYNTHETIC,2026-09-22,maintenance,high,Manutenção próxima,Sua revisão está próxima.,Agendar revisão,schedule_maintenance,push,0.934,acted,True,need_resolved,synthetic_llm_personalization,Synthetic trigger for maintenance; not a Localiza rule.
REC1469,CUST0415,VEH0015,CONTR0415,CTX0676,SYNTHETIC,2026-09-11,low_energy,medium,Energia baixa,A autonomia disponível está baixa para seu padrão recente.,Planejar abastecimento/recarga,open_energy,in_app,0.736,acted,True,need_resolved,synthetic_llm_personalization,Synthetic trigger for low_energy; not a Localiza rule.
REC1470,CUST0110,VEH0010,CONTR0110,CTX2876,SYNTHETIC,2026-08-15,benefit,medium,Benefício contextual,Encontramos um benefício relevante para sua rotina.,Ver benefício,open_benefit,in_app,0.826,delivered,False,pending,synthetic_llm_personalization,Synthetic trigger for benefit; not a Localiza rule.
REC1471,CUST0204,VEH0004,CONTR0204,CTX2779,SYNTHETIC,2026-09-03,renewal,medium,Renovação próxima,Seu contrato entra em período de renovação.,Revisar meu contrato,review_contract,push,0.869,acted,True,viewed,rule_engine,Synthetic trigger for renewal; not a Localiza rule.
REC1472,CUST0290,VEH0090,CONTR0290,CTX0290,SYNTHETIC,2026-08-02,maintenance,high,Manutenção próxima,Sua revisão está próxima.,Agendar revisão,schedule_maintenance,push,0.661,acted,True,viewed,hybrid_recommendation,Synthetic trigger for maintenance; not a Localiza rule.
REC1473,CUST0472,VEH0072,CONTR0472,CTX1043,SYNTHETIC,2026-09-14,maintenance,high,Manutenção próxima,Sua revisão está próxima.,Agendar revisão,schedule_maintenance,push,0.898,delivered,False,pending,hybrid_recommendation,Synthetic trigger for maintenance; not a Localiza rule.
REC1474,CUST0204,VEH0004,CONTR0204,CTX2779,SYNTHETIC,2026-08-02,renewal,medium,Renovação próxima,Seu contrato entra em período de renovação.,Revisar meu contrato,review_contract,in_app,0.902,delivered,False,pending,synthetic_llm_personalization,Synthetic trigger for renewal; not a Localiza rule.
REC1475,CUST0311,VEH0011,CONTR0311,CTX1369,SYNTHETIC,2026-08-22,maintenance,high,Manutenção próxima,Sua revisão está próxima.,Agendar revisão,schedule_maintenance,in_app,0.681,opened,False,viewed,hybrid_recommendation,Synthetic trigger for maintenance; not a Localiza rule.
REC1476,CUST0019,VEH0019,CONTR0019,CTX2364,SYNTHETIC,2026-08-22,maintenance,high,Manutenção próxima,Sua revisão está próxima.,Agendar revisão,schedule_maintenance,push,0.71,dismissed,False,pending,hybrid_recommendation,Synthetic trigger for maintenance; not a Localiza rule.
REC1477,CUST0263,VEH0063,CONTR0263,CTX2847,SYNTHETIC,2026-08-30,franquia_km,high,Ritmo de uso de KM,Você está usando sua franquia acima do ritmo esperado.,Ver meus KMs,open_km,inbox,0.989,acted,True,need_resolved,hybrid_recommendation,Synthetic trigger for franquia_km; not a Localiza rule.
REC1478,CUST0258,VEH0058,CONTR0258,CTX1154,SYNTHETIC,2026-09-24,franquia_km,high,Ritmo de uso de KM,Você está usando sua franquia acima do ritmo esperado.,Ver meus KMs,open_km,in_app,0.976,delivered,False,pending,rule_engine,Synthetic trigger for franquia_km; not a Localiza rule.
REC1479,CUST0236,VEH0036,CONTR0236,CTX2559,SYNTHETIC,2026-08-27,maintenance,high,Manutenção próxima,Sua revisão está próxima.,Agendar revisão,schedule_maintenance,in_app,0.915,delivered,False,pending,rule_engine,Synthetic trigger for maintenance; not a Localiza rule.
REC1480,CUST0108,VEH0008,CONTR0108,CTX1525,SYNTHETIC,2026-09-20,renewal,medium,Renovação próxima,Seu contrato entra em período de renovação.,Revisar meu contrato,review_contract,push,0.783,dismissed,False,pending,hybrid_recommendation,Synthetic trigger for renewal; not a Localiza rule.
REC1481,CUST0071,VEH0071,CONTR0071,CTX1995,SYNTHETIC,2026-08-18,franquia_km,high,Ritmo de uso de KM,Você está usando sua franquia acima do ritmo esperado.,Ver meus KMs,open_km,inbox,0.933,delivered,False,pending,synthetic_llm_personalization,Synthetic trigger for franquia_km; not a Localiza rule.
REC1482,CUST0436,VEH0036,CONTR0436,CTX2155,SYNTHETIC,2026-09-20,support,medium,Sinal de suporte,Detectamos um sinal que pode exigir atenção.,Abrir suporte,open_support,inbox,0.807,delivered,False,pending,rule_engine,Synthetic trigger for support; not a Localiza rule.
REC1483,CUST0491,VEH0091,CONTR0491,CTX1533,SYNTHETIC,2026-09-14,franquia_km,high,Ritmo de uso de KM,Você está usando sua franquia acima do ritmo esperado.,Ver meus KMs,open_km,in_app,0.819,delivered,False,pending,synthetic_llm_personalization,Synthetic trigger for franquia_km; not a Localiza rule.
REC1484,CUST0254,VEH0054,CONTR0254,CTX1227,SYNTHETIC,2026-08-31,maintenance,high,Manutenção próxima,Sua revisão está próxima.,Agendar revisão,schedule_maintenance,in_app,0.888,opened,False,viewed,rule_engine,Synthetic trigger for maintenance; not a Localiza rule.
REC1485,CUST0465,VEH0065,CONTR0465,CTX0465,SYNTHETIC,2026-09-12,renewal,medium,Renovação próxima,Seu contrato entra em período de renovação.,Revisar meu contrato,review_contract,inbox,0.701,acted,True,viewed,rule_engine,Synthetic trigger for renewal; not a Localiza rule.
REC1486,CUST0018,VEH0018,CONTR0018,CTX2023,SYNTHETIC,2026-09-15,maintenance,high,Manutenção próxima,Sua revisão está próxima.,Agendar revisão,schedule_maintenance,in_app,0.776,dismissed,False,pending,synthetic_llm_personalization,Synthetic trigger for maintenance; not a Localiza rule.
REC1487,CUST0234,VEH0034,CONTR0234,CTX0234,SYNTHETIC,2026-08-23,franquia_km,high,Ritmo de uso de KM,Você está usando sua franquia acima do ritmo esperado.,Ver meus KMs,open_km,push,0.699,acted,True,need_resolved,synthetic_llm_personalization,Synthetic trigger for franquia_km; not a Localiza rule.
REC1488,CUST0169,VEH0069,CONTR0169,CTX2998,SYNTHETIC,2026-08-08,franquia_km,high,Ritmo de uso de KM,Você está usando sua franquia acima do ritmo esperado.,Ver meus KMs,open_km,push,0.727,delivered,False,pending,synthetic_llm_personalization,Synthetic trigger for franquia_km; not a Localiza rule.
REC1489,CUST0414,VEH0014,CONTR0414,CTX0414,SYNTHETIC,2026-09-09,franquia_km,high,Ritmo de uso de KM,Você está usando sua franquia acima do ritmo esperado.,Ver meus KMs,open_km,inbox,0.938,acted,True,no_action,hybrid_recommendation,Synthetic trigger for franquia_km; not a Localiza rule.
REC1490,CUST0312,VEH0012,CONTR0312,CTX1831,SYNTHETIC,2026-09-13,franquia_km,high,Ritmo de uso de KM,Você está usando sua franquia acima do ritmo esperado.,Ver meus KMs,open_km,inbox,0.916,delivered,False,pending,hybrid_recommendation,Synthetic trigger for franquia_km; not a Localiza rule.
REC1491,CUST0108,VEH0008,CONTR0108,CTX2912,SYNTHETIC,2026-09-02,renewal,medium,Renovação próxima,Seu contrato entra em período de renovação.,Revisar meu contrato,review_contract,in_app,0.726,acted,True,need_resolved,hybrid_recommendation,Synthetic trigger for renewal; not a Localiza rule.
REC1492,CUST0492,VEH0092,CONTR0492,CTX0506,SYNTHETIC,2026-09-22,franquia_km,high,Ritmo de uso de KM,Você está usando sua franquia acima do ritmo esperado.,Ver meus KMs,open_km,in_app,0.731,delivered,False,pending,rule_engine,Synthetic trigger for franquia_km; not a Localiza rule.
REC1493,CUST0053,VEH0053,CONTR0053,CTX2857,SYNTHETIC,2026-09-27,franquia_km,high,Ritmo de uso de KM,Você está usando sua franquia acima do ritmo esperado.,Ver meus KMs,open_km,in_app,0.873,dismissed,False,pending,rule_engine,Synthetic trigger for franquia_km; not a Localiza rule.
REC1494,CUST0055,VEH0055,CONTR0055,CTX0055,SYNTHETIC,2026-09-19,franquia_km,high,Ritmo de uso de KM,Você está usando sua franquia acima do ritmo esperado.,Ver meus KMs,open_km,push,0.971,opened,False,need_resolved,rule_engine,Synthetic trigger for franquia_km; not a Localiza rule.
REC1495,CUST0445,VEH0045,CONTR0445,CTX2448,SYNTHETIC,2026-08-29,maintenance,high,Manutenção próxima,Sua revisão está próxima.,Agendar revisão,schedule_maintenance,push,0.892,acted,True,need_resolved,rule_engine,Synthetic trigger for maintenance; not a Localiza rule.
REC1496,CUST0109,VEH0009,CONTR0109,CTX0976,SYNTHETIC,2026-09-23,franquia_km,high,Ritmo de uso de KM,Você está usando sua franquia acima do ritmo esperado.,Ver meus KMs,open_km,in_app,0.728,acted,True,scheduled,rule_engine,Synthetic trigger for franquia_km; not a Localiza rule.
REC1497,CUST0286,VEH0086,CONTR0286,CTX1677,SYNTHETIC,2026-09-11,maintenance,high,Manutenção próxima,Sua revisão está próxima.,Agendar revisão,schedule_maintenance,inbox,0.942,opened,False,no_action,rule_engine,Synthetic trigger for maintenance; not a Localiza rule.
REC1498,CUST0482,VEH0082,CONTR0482,CTX2529,SYNTHETIC,2026-08-09,low_use,medium,Baixo uso,Seu carro teve pouco uso no período recente.,Ver minha mobilidade,open_mobility,in_app,0.735,delivered,False,pending,rule_engine,Synthetic trigger for low_use; not a Localiza rule.
REC1499,CUST0270,VEH0070,CONTR0270,CTX2650,SYNTHETIC,2026-08-29,maintenance,high,Manutenção próxima,Sua revisão está próxima.,Agendar revisão,schedule_maintenance,in_app,0.813,opened,False,scheduled,rule_engine,Synthetic trigger for maintenance; not a Localiza rule.
REC1500,CUST0116,VEH0016,CONTR0116,CTX0600,SYNTHETIC,2026-08-27,maintenance,high,Manutenção próxima,Sua revisão está próxima.,Agendar revisão,schedule_maintenance,in_app,0.698,dismissed,False,pending,synthetic_llm_personalization,Synthetic trigger for maintenance; not a Localiza rule.
REC1501,CUST0028,VEH0028,CONTR0028,CTX0028,SYNTHETIC,2026-08-11,franquia_km,high,Ritmo de uso de KM,Você está usando sua franquia acima do ritmo esperado.,Ver meus KMs,open_km,inbox,0.721,acted,True,need_resolved,hybrid_recommendation,Synthetic trigger for franquia_km; not a Localiza rule.
REC1502,CUST0055,VEH0055,CONTR0055,CTX2119,SYNTHETIC,2026-08-03,franquia_km,high,Ritmo de uso de KM,Você está usando sua franquia acima do ritmo esperado.,Ver meus KMs,open_km,push,0.936,delivered,False,pending,hybrid_recommendation,Synthetic trigger for franquia_km; not a Localiza rule.
REC1503,CUST0139,VEH0039,CONTR0139,CTX2194,SYNTHETIC,2026-08-11,maintenance,high,Manutenção próxima,Sua revisão está próxima.,Agendar revisão,schedule_maintenance,in_app,0.834,acted,True,scheduled,hybrid_recommendation,Synthetic trigger for maintenance; not a Localiza rule.
REC1504,CUST0327,VEH0027,CONTR0327,CTX1465,SYNTHETIC,2026-08-15,franquia_km,high,Ritmo de uso de KM,Você está usando sua franquia acima do ritmo esperado.,Ver meus KMs,open_km,in_app,0.835,opened,False,need_resolved,rule_engine,Synthetic trigger for franquia_km; not a Localiza rule.
REC1505,CUST0407,VEH0007,CONTR0407,CTX1374,SYNTHETIC,2026-08-20,franquia_km,high,Ritmo de uso de KM,Você está usando sua franquia acima do ritmo esperado.,Ver meus KMs,open_km,push,0.845,opened,False,no_action,rule_engine,Synthetic trigger for franquia_km; not a Localiza rule.
REC1506,CUST0157,VEH0057,CONTR0157,CTX2775,SYNTHETIC,2026-09-03,maintenance,high,Manutenção próxima,Sua revisão está próxima.,Agendar revisão,schedule_maintenance,push,0.95,opened,False,need_resolved,rule_engine,Synthetic trigger for maintenance; not a Localiza rule.
REC1507,CUST0165,VEH0065,CONTR0165,CTX1239,SYNTHETIC,2026-09-11,franquia_km,high,Ritmo de uso de KM,Você está usando sua franquia acima do ritmo esperado.,Ver meus KMs,open_km,inbox,0.971,dismissed,False,pending,synthetic_llm_personalization,Synthetic trigger for franquia_km; not a Localiza rule.
REC1508,CUST0067,VEH0067,CONTR0067,CTX1665,SYNTHETIC,2026-08-27,renewal,medium,Renovação próxima,Seu contrato entra em período de renovação.,Revisar meu contrato,review_contract,inbox,0.684,dismissed,False,pending,rule_engine,Synthetic trigger for renewal; not a Localiza rule.
REC1509,CUST0399,VEH0099,CONTR0399,CTX2459,SYNTHETIC,2026-09-20,maintenance,high,Manutenção próxima,Sua revisão está próxima.,Agendar revisão,schedule_maintenance,inbox,0.872,acted,True,scheduled,synthetic_llm_personalization,Synthetic trigger for maintenance; not a Localiza rule.
REC1510,CUST0165,VEH0065,CONTR0165,CTX0165,SYNTHETIC,2026-09-23,franquia_km,high,Ritmo de uso de KM,Você está usando sua franquia acima do ritmo esperado.,Ver meus KMs,open_km,inbox,0.96,acted,True,viewed,hybrid_recommendation,Synthetic trigger for franquia_km; not a Localiza rule.
REC1511,CUST0247,VEH0047,CONTR0247,CTX1264,SYNTHETIC,2026-09-10,renewal,high,Renovação próxima,Seu contrato entra em período de renovação.,Revisar meu contrato,review_contract,inbox,0.815,acted,True,viewed,rule_engine,Synthetic trigger for renewal; not a Localiza rule.
REC1512,CUST0238,VEH0038,CONTR0238,CTX0238,SYNTHETIC,2026-09-13,franquia_km,high,Ritmo de uso de KM,Você está usando sua franquia acima do ritmo esperado.,Ver meus KMs,open_km,in_app,0.759,opened,False,scheduled,rule_engine,Synthetic trigger for franquia_km; not a Localiza rule.
REC1513,CUST0381,VEH0081,CONTR0381,CTX0381,SYNTHETIC,2026-09-30,franquia_km,high,Ritmo de uso de KM,Você está usando sua franquia acima do ritmo esperado.,Ver meus KMs,open_km,push,0.79,opened,False,no_action,rule_engine,Synthetic trigger for franquia_km; not a Localiza rule.
REC1514,CUST0331,VEH0031,CONTR0331,CTX2953,SYNTHETIC,2026-08-05,support,medium,Sinal de suporte,Detectamos um sinal que pode exigir atenção.,Abrir suporte,open_support,in_app,0.681,delivered,False,pending,synthetic_llm_personalization,Synthetic trigger for support; not a Localiza rule.
REC1515,CUST0404,VEH0004,CONTR0404,CTX0404,SYNTHETIC,2026-09-25,maintenance,high,Manutenção próxima,Sua revisão está próxima.,Agendar revisão,schedule_maintenance,inbox,0.763,acted,True,scheduled,rule_engine,Synthetic trigger for maintenance; not a Localiza rule.
REC1516,CUST0305,VEH0005,CONTR0305,CTX1477,SYNTHETIC,2026-08-09,maintenance,high,Manutenção próxima,Sua revisão está próxima.,Agendar revisão,schedule_maintenance,in_app,0.737,acted,True,need_resolved,rule_engine,Synthetic trigger for maintenance; not a Localiza rule.
REC1517,CUST0250,VEH0050,CONTR0250,CTX1471,SYNTHETIC,2026-10-01,maintenance,high,Manutenção próxima,Sua revisão está próxima.,Agendar revisão,schedule_maintenance,in_app,0.815,dismissed,False,pending,synthetic_llm_personalization,Synthetic trigger for maintenance; not a Localiza rule.
REC1518,CUST0334,VEH0034,CONTR0334,CTX0334,SYNTHETIC,2026-09-25,franquia_km,high,Ritmo de uso de KM,Você está usando sua franquia acima do ritmo esperado.,Ver meus KMs,open_km,inbox,0.847,delivered,False,pending,rule_engine,Synthetic trigger for franquia_km; not a Localiza rule.
REC1519,CUST0459,VEH0059,CONTR0459,CTX0459,SYNTHETIC,2026-08-04,franquia_km,high,Ritmo de uso de KM,Você está usando sua franquia acima do ritmo esperado.,Ver meus KMs,open_km,push,0.826,opened,False,need_resolved,hybrid_recommendation,Synthetic trigger for franquia_km; not a Localiza rule.
REC1520,CUST0074,VEH0074,CONTR0074,CTX0597,SYNTHETIC,2026-08-09,franquia_km,high,Ritmo de uso de KM,Você está usando sua franquia acima do ritmo esperado.,Ver meus KMs,open_km,push,0.803,opened,False,viewed,rule_engine,Synthetic trigger for franquia_km; not a Localiza rule.
REC1521,CUST0153,VEH0053,CONTR0153,CTX2299,SYNTHETIC,2026-08-03,franquia_km,high,Ritmo de uso de KM,Você está usando sua franquia acima do ritmo esperado.,Ver meus KMs,open_km,push,0.733,acted,True,viewed,hybrid_recommendation,Synthetic trigger for franquia_km; not a Localiza rule.
REC1522,CUST0032,VEH0032,CONTR0032,CTX1306,SYNTHETIC,2026-08-26,franquia_km,high,Ritmo de uso de KM,Você está usando sua franquia acima do ritmo esperado.,Ver meus KMs,open_km,inbox,0.856,acted,True,viewed,synthetic_llm_personalization,Synthetic trigger for franquia_km; not a Localiza rule.
REC1523,CUST0457,VEH0057,CONTR0457,CTX0560,SYNTHETIC,2026-09-03,maintenance,high,Manutenção próxima,Sua revisão está próxima.,Agendar revisão,schedule_maintenance,inbox,0.866,dismissed,False,pending,rule_engine,Synthetic trigger for maintenance; not a Localiza rule.
REC1524,CUST0013,VEH0013,CONTR0013,CTX2897,SYNTHETIC,2026-08-04,franquia_km,high,Ritmo de uso de KM,Você está usando sua franquia acima do ritmo esperado.,Ver meus KMs,open_km,inbox,0.898,dismissed,False,pending,synthetic_llm_personalization,Synthetic trigger for franquia_km; not a Localiza rule.
REC1525,CUST0177,VEH0077,CONTR0177,CTX1559,SYNTHETIC,2026-08-20,franquia_km,high,Ritmo de uso de KM,Você está usando sua franquia acima do ritmo esperado.,Ver meus KMs,open_km,inbox,0.658,acted,True,scheduled,hybrid_recommendation,Synthetic trigger for franquia_km; not a Localiza rule.
REC1526,CUST0357,VEH0057,CONTR0357,CTX0834,SYNTHETIC,2026-09-25,maintenance,high,Manutenção próxima,Sua revisão está próxima.,Agendar revisão,schedule_maintenance,inbox,0.856,dismissed,False,pending,hybrid_recommendation,Synthetic trigger for maintenance; not a Localiza rule.
REC1527,CUST0277,VEH0077,CONTR0277,CTX2237,SYNTHETIC,2026-09-11,franquia_km,high,Ritmo de uso de KM,Você está usando sua franquia acima do ritmo esperado.,Ver meus KMs,open_km,push,0.761,opened,False,no_action,synthetic_llm_personalization,Synthetic trigger for franquia_km; not a Localiza rule.
REC1528,CUST0357,VEH0057,CONTR0357,CTX1717,SYNTHETIC,2026-09-03,maintenance,high,Manutenção próxima,Sua revisão está próxima.,Agendar revisão,schedule_maintenance,push,0.75,acted,True,scheduled,rule_engine,Synthetic trigger for maintenance; not a Localiza rule.
REC1529,CUST0497,VEH0097,CONTR0497,CTX0620,SYNTHETIC,2026-08-03,franquia_km,high,Ritmo de uso de KM,Você está usando sua franquia acima do ritmo esperado.,Ver meus KMs,open_km,inbox,0.773,opened,False,need_resolved,hybrid_recommendation,Synthetic trigger for franquia_km; not a Localiza rule.
REC1530,CUST0473,VEH0073,CONTR0473,CTX1890,SYNTHETIC,2026-08-11,franquia_km,high,Ritmo de uso de KM,Você está usando sua franquia acima do ritmo esperado.,Ver meus KMs,open_km,push,0.653,opened,False,scheduled,rule_engine,Synthetic trigger for franquia_km; not a Localiza rule.
REC1531,CUST0060,VEH0060,CONTR0060,CTX2860,SYNTHETIC,2026-08-24,maintenance,high,Manutenção próxima,Sua revisão está próxima.,Agendar revisão,schedule_maintenance,inbox,0.853,acted,True,scheduled,rule_engine,Synthetic trigger for maintenance; not a Localiza rule.
REC1532,CUST0474,VEH0074,CONTR0474,CTX0474,SYNTHETIC,2026-08-07,maintenance,high,Manutenção próxima,Sua revisão está próxima.,Agendar revisão,schedule_maintenance,inbox,0.677,dismissed,False,pending,rule_engine,Synthetic trigger for maintenance; not a Localiza rule.
REC1533,CUST0179,VEH0079,CONTR0179,CTX2564,SYNTHETIC,2026-09-28,franquia_km,high,Ritmo de uso de KM,Você está usando sua franquia acima do ritmo esperado.,Ver meus KMs,open_km,push,0.864,acted,True,need_resolved,synthetic_llm_personalization,Synthetic trigger for franquia_km; not a Localiza rule.
REC1534,CUST0037,VEH0037,CONTR0037,CTX2296,SYNTHETIC,2026-09-14,franquia_km,high,Ritmo de uso de KM,Você está usando sua franquia acima do ritmo esperado.,Ver meus KMs,open_km,push,0.772,acted,True,viewed,rule_engine,Synthetic trigger for franquia_km; not a Localiza rule.
REC1535,CUST0500,VEH0100,CONTR0500,CTX0500,SYNTHETIC,2026-09-29,maintenance,high,Manutenção próxima,Sua revisão está próxima.,Agendar revisão,schedule_maintenance,in_app,0.75,dismissed,False,pending,hybrid_recommendation,Synthetic trigger for maintenance; not a Localiza rule.
REC1536,CUST0131,VEH0031,CONTR0131,CTX1440,SYNTHETIC,2026-09-02,franquia_km,high,Ritmo de uso de KM,Você está usando sua franquia acima do ritmo esperado.,Ver meus KMs,open_km,push,0.83,opened,False,scheduled,hybrid_recommendation,Synthetic trigger for franquia_km; not a Localiza rule.
REC1537,CUST0375,VEH0075,CONTR0375,CTX2379,SYNTHETIC,2026-09-09,renewal,medium,Renovação próxima,Seu contrato entra em período de renovação.,Revisar meu contrato,review_contract,in_app,0.773,acted,True,need_resolved,hybrid_recommendation,Synthetic trigger for renewal; not a Localiza rule.
REC1538,CUST0459,VEH0059,CONTR0459,CTX2599,SYNTHETIC,2026-09-22,franquia_km,high,Ritmo de uso de KM,Você está usando sua franquia acima do ritmo esperado.,Ver meus KMs,open_km,push,0.785,acted,True,scheduled,hybrid_recommendation,Synthetic trigger for franquia_km; not a Localiza rule.
REC1539,CUST0228,VEH0028,CONTR0228,CTX2311,SYNTHETIC,2026-08-29,maintenance,high,Manutenção próxima,Sua revisão está próxima.,Agendar revisão,schedule_maintenance,in_app,0.887,dismissed,False,pending,synthetic_llm_personalization,Synthetic trigger for maintenance; not a Localiza rule.
REC1540,CUST0170,VEH0070,CONTR0170,CTX0170,SYNTHETIC,2026-08-30,franquia_km,high,Ritmo de uso de KM,Você está usando sua franquia acima do ritmo esperado.,Ver meus KMs,open_km,in_app,0.708,delivered,False,pending,rule_engine,Synthetic trigger for franquia_km; not a Localiza rule.
REC1541,CUST0406,VEH0006,CONTR0406,CTX0539,SYNTHETIC,2026-08-19,franquia_km,high,Ritmo de uso de KM,Você está usando sua franquia acima do ritmo esperado.,Ver meus KMs,open_km,inbox,0.777,opened,False,need_resolved,hybrid_recommendation,Synthetic trigger for franquia_km; not a Localiza rule.
REC1542,CUST0290,VEH0090,CONTR0290,CTX2191,SYNTHETIC,2026-09-25,maintenance,high,Manutenção próxima,Sua revisão está próxima.,Agendar revisão,schedule_maintenance,push,0.97,opened,False,no_action,rule_engine,Synthetic trigger for maintenance; not a Localiza rule.
REC1543,CUST0398,VEH0098,CONTR0398,CTX2781,SYNTHETIC,2026-08-22,renewal,medium,Renovação próxima,Seu contrato entra em período de renovação.,Revisar meu contrato,review_contract,push,0.882,opened,False,no_action,hybrid_recommendation,Synthetic trigger for renewal; not a Localiza rule.
REC1544,CUST0439,VEH0039,CONTR0439,CTX1857,SYNTHETIC,2026-08-09,franquia_km,high,Ritmo de uso de KM,Você está usando sua franquia acima do ritmo esperado.,Ver meus KMs,open_km,in_app,0.863,acted,True,scheduled,rule_engine,Synthetic trigger for franquia_km; not a Localiza rule.
REC1545,CUST0359,VEH0059,CONTR0359,CTX1422,SYNTHETIC,2026-09-02,franquia_km,high,Ritmo de uso de KM,Você está usando sua franquia acima do ritmo esperado.,Ver meus KMs,open_km,push,0.81,delivered,False,pending,rule_engine,Synthetic trigger for franquia_km; not a Localiza rule.
REC1546,CUST0186,VEH0086,CONTR0186,CTX0951,SYNTHETIC,2026-08-30,renewal,high,Renovação próxima,Seu contrato entra em período de renovação.,Revisar meu contrato,review_contract,push,0.963,delivered,False,pending,hybrid_recommendation,Synthetic trigger for renewal; not a Localiza rule.
REC1547,CUST0195,VEH0095,CONTR0195,CTX2670,SYNTHETIC,2026-08-02,maintenance,high,Manutenção próxima,Sua revisão está próxima.,Agendar revisão,schedule_maintenance,inbox,0.822,opened,False,scheduled,hybrid_recommendation,Synthetic trigger for maintenance; not a Localiza rule.
REC1548,CUST0350,VEH0050,CONTR0350,CTX0965,SYNTHETIC,2026-08-20,franquia_km,high,Ritmo de uso de KM,Você está usando sua franquia acima do ritmo esperado.,Ver meus KMs,open_km,inbox,0.727,delivered,False,pending,synthetic_llm_personalization,Synthetic trigger for franquia_km; not a Localiza rule.
REC1549,CUST0459,VEH0059,CONTR0459,CTX0459,SYNTHETIC,2026-08-08,franquia_km,high,Ritmo de uso de KM,Você está usando sua franquia acima do ritmo esperado.,Ver meus KMs,open_km,in_app,0.944,acted,True,scheduled,hybrid_recommendation,Synthetic trigger for franquia_km; not a Localiza rule.
REC1550,CUST0483,VEH0083,CONTR0483,CTX2690,SYNTHETIC,2026-09-14,franquia_km,high,Ritmo de uso de KM,Você está usando sua franquia acima do ritmo esperado.,Ver meus KMs,open_km,push,0.967,acted,True,scheduled,synthetic_llm_personalization,Synthetic trigger for franquia_km; not a Localiza rule.
REC1551,CUST0235,VEH0035,CONTR0235,CTX2430,SYNTHETIC,2026-08-26,renewal,medium,Renovação próxima,Seu contrato entra em período de renovação.,Revisar meu contrato,review_contract,in_app,0.894,acted,True,viewed,hybrid_recommendation,Synthetic trigger for renewal; not a Localiza rule.
REC1552,CUST0498,VEH0098,CONTR0498,CTX1099,SYNTHETIC,2026-09-12,renewal,high,Renovação próxima,Seu contrato entra em período de renovação.,Revisar meu contrato,review_contract,in_app,0.952,acted,True,viewed,hybrid_recommendation,Synthetic trigger for renewal; not a Localiza rule.
REC1553,CUST0174,VEH0074,CONTR0174,CTX2756,SYNTHETIC,2026-08-05,maintenance,high,Manutenção próxima,Sua revisão está próxima.,Agendar revisão,schedule_maintenance,push,0.73,acted,True,scheduled,synthetic_llm_personalization,Synthetic trigger for maintenance; not a Localiza rule.
REC1554,CUST0384,VEH0084,CONTR0384,CTX1587,SYNTHETIC,2026-08-09,franquia_km,high,Ritmo de uso de KM,Você está usando sua franquia acima do ritmo esperado.,Ver meus KMs,open_km,inbox,0.818,acted,True,need_resolved,synthetic_llm_personalization,Synthetic trigger for franquia_km; not a Localiza rule.
REC1555,CUST0491,VEH0091,CONTR0491,CTX2134,SYNTHETIC,2026-09-01,franquia_km,high,Ritmo de uso de KM,Você está usando sua franquia acima do ritmo esperado.,Ver meus KMs,open_km,push,0.876,acted,True,no_action,hybrid_recommendation,Synthetic trigger for franquia_km; not a Localiza rule.
REC1556,CUST0412,VEH0012,CONTR0412,CTX1507,SYNTHETIC,2026-09-01,franquia_km,high,Ritmo de uso de KM,Você está usando sua franquia acima do ritmo esperado.,Ver meus KMs,open_km,in_app,0.804,acted,True,need_resolved,hybrid_recommendation,Synthetic trigger for franquia_km; not a Localiza rule.
REC1557,CUST0128,VEH0028,CONTR0128,CTX1524,SYNTHETIC,2026-09-09,franquia_km,high,Ritmo de uso de KM,Você está usando sua franquia acima do ritmo esperado.,Ver meus KMs,open_km,in_app,0.841,acted,True,no_action,rule_engine,Synthetic trigger for franquia_km; not a Localiza rule.
REC1558,CUST0217,VEH0017,CONTR0217,CTX0753,SYNTHETIC,2026-09-12,franquia_km,high,Ritmo de uso de KM,Você está usando sua franquia acima do ritmo esperado.,Ver meus KMs,open_km,push,0.798,acted,True,no_action,hybrid_recommendation,Synthetic trigger for franquia_km; not a Localiza rule.
REC1559,CUST0218,VEH0018,CONTR0218,CTX2681,SYNTHETIC,2026-09-26,benefit,medium,Benefício contextual,Encontramos um benefício relevante para sua rotina.,Ver benefício,open_benefit,inbox,0.691,acted,True,scheduled,hybrid_recommendation,Synthetic trigger for benefit; not a Localiza rule.
REC1560,CUST0084,VEH0084,CONTR0084,CTX1643,SYNTHETIC,2026-08-20,long_trip,high,Padrão de viagem,Você vem fazendo viagens longas com frequência.,Preparar viagem,open_planner,inbox,0.858,opened,False,need_resolved,hybrid_recommendation,Synthetic trigger for long_trip; not a Localiza rule.
REC1561,CUST0223,VEH0023,CONTR0223,CTX1118,SYNTHETIC,2026-08-08,franquia_km,high,Ritmo de uso de KM,Você está usando sua franquia acima do ritmo esperado.,Ver meus KMs,open_km,in_app,0.831,acted,True,viewed,hybrid_recommendation,Synthetic trigger for franquia_km; not a Localiza rule.
REC1562,CUST0386,VEH0086,CONTR0386,CTX2074,SYNTHETIC,2026-08-22,maintenance,high,Manutenção próxima,Sua revisão está próxima.,Agendar revisão,schedule_maintenance,push,0.938,delivered,False,pending,hybrid_recommendation,Synthetic trigger for maintenance; not a Localiza rule.
REC1563,CUST0376,VEH0076,CONTR0376,CTX0376,SYNTHETIC,2026-08-21,maintenance,high,Manutenção próxima,Sua revisão está próxima.,Agendar revisão,schedule_maintenance,inbox,0.93,acted,True,no_action,hybrid_recommendation,Synthetic trigger for maintenance; not a Localiza rule.
REC1564,CUST0024,VEH0024,CONTR0024,CTX2627,SYNTHETIC,2026-09-03,maintenance,high,Manutenção próxima,Sua revisão está próxima.,Agendar revisão,schedule_maintenance,push,0.978,opened,False,need_resolved,hybrid_recommendation,Synthetic trigger for maintenance; not a Localiza rule.
REC1565,CUST0018,VEH0018,CONTR0018,CTX1575,SYNTHETIC,2026-09-02,franquia_km,high,Ritmo de uso de KM,Você está usando sua franquia acima do ritmo esperado.,Ver meus KMs,open_km,in_app,0.696,acted,True,viewed,synthetic_llm_personalization,Synthetic trigger for franquia_km; not a Localiza rule.
REC1566,CUST0010,VEH0010,CONTR0010,CTX1606,SYNTHETIC,2026-09-13,franquia_km,high,Ritmo de uso de KM,Você está usando sua franquia acima do ritmo esperado.,Ver meus KMs,open_km,push,0.86,opened,False,need_resolved,synthetic_llm_personalization,Synthetic trigger for franquia_km; not a Localiza rule.
REC1567,CUST0426,VEH0026,CONTR0426,CTX2796,SYNTHETIC,2026-08-11,renewal,medium,Renovação próxima,Seu contrato entra em período de renovação.,Revisar meu contrato,review_contract,push,0.695,opened,False,no_action,synthetic_llm_personalization,Synthetic trigger for renewal; not a Localiza rule.
REC1568,CUST0111,VEH0011,CONTR0111,CTX2723,SYNTHETIC,2026-08-03,maintenance,high,Manutenção próxima,Sua revisão está próxima.,Agendar revisão,schedule_maintenance,inbox,0.837,dismissed,False,pending,hybrid_recommendation,Synthetic trigger for maintenance; not a Localiza rule.
REC1569,CUST0173,VEH0073,CONTR0173,CTX2172,SYNTHETIC,2026-08-20,franquia_km,high,Ritmo de uso de KM,Você está usando sua franquia acima do ritmo esperado.,Ver meus KMs,open_km,inbox,0.811,opened,False,no_action,rule_engine,Synthetic trigger for franquia_km; not a Localiza rule.
REC1570,CUST0124,VEH0024,CONTR0124,CTX1695,SYNTHETIC,2026-10-01,maintenance,high,Manutenção próxima,Sua revisão está próxima.,Agendar revisão,schedule_maintenance,inbox,0.958,dismissed,False,pending,hybrid_recommendation,Synthetic trigger for maintenance; not a Localiza rule.
REC1571,CUST0014,VEH0014,CONTR0014,CTX1688,SYNTHETIC,2026-08-13,franquia_km,high,Ritmo de uso de KM,Você está usando sua franquia acima do ritmo esperado.,Ver meus KMs,open_km,in_app,0.883,dismissed,False,pending,rule_engine,Synthetic trigger for franquia_km; not a Localiza rule.
REC1572,CUST0241,VEH0041,CONTR0241,CTX1863,SYNTHETIC,2026-08-18,maintenance,high,Manutenção próxima,Sua revisão está próxima.,Agendar revisão,schedule_maintenance,in_app,0.811,acted,True,viewed,synthetic_llm_personalization,Synthetic trigger for maintenance; not a Localiza rule.
REC1573,CUST0260,VEH0060,CONTR0260,CTX2892,SYNTHETIC,2026-08-02,franquia_km,high,Ritmo de uso de KM,Você está usando sua franquia acima do ritmo esperado.,Ver meus KMs,open_km,inbox,0.839,opened,False,viewed,rule_engine,Synthetic trigger for franquia_km; not a Localiza rule.
REC1574,CUST0377,VEH0077,CONTR0377,CTX2064,SYNTHETIC,2026-09-05,franquia_km,high,Ritmo de uso de KM,Você está usando sua franquia acima do ritmo esperado.,Ver meus KMs,open_km,push,0.926,delivered,False,pending,synthetic_llm_personalization,Synthetic trigger for franquia_km; not a Localiza rule.
REC1575,CUST0016,VEH0016,CONTR0016,CTX1415,SYNTHETIC,2026-08-06,maintenance,high,Manutenção próxima,Sua revisão está próxima.,Agendar revisão,schedule_maintenance,push,0.74,opened,False,scheduled,synthetic_llm_personalization,Synthetic trigger for maintenance; not a Localiza rule.
REC1576,CUST0464,VEH0064,CONTR0464,CTX2350,SYNTHETIC,2026-09-28,maintenance,high,Manutenção próxima,Sua revisão está próxima.,Agendar revisão,schedule_maintenance,push,0.855,opened,False,no_action,rule_engine,Synthetic trigger for maintenance; not a Localiza rule.
REC1577,CUST0222,VEH0022,CONTR0222,CTX2624,SYNTHETIC,2026-08-31,franquia_km,high,Ritmo de uso de KM,Você está usando sua franquia acima do ritmo esperado.,Ver meus KMs,open_km,push,0.881,delivered,False,pending,hybrid_recommendation,Synthetic trigger for franquia_km; not a Localiza rule.
REC1578,CUST0072,VEH0072,CONTR0072,CTX2258,SYNTHETIC,2026-09-05,franquia_km,high,Ritmo de uso de KM,Você está usando sua franquia acima do ritmo esperado.,Ver meus KMs,open_km,push,0.842,opened,False,need_resolved,synthetic_llm_personalization,Synthetic trigger for franquia_km; not a Localiza rule.
REC1579,CUST0058,VEH0058,CONTR0058,CTX1187,SYNTHETIC,2026-08-19,franquia_km,high,Ritmo de uso de KM,Você está usando sua franquia acima do ritmo esperado.,Ver meus KMs,open_km,push,0.848,delivered,False,pending,rule_engine,Synthetic trigger for franquia_km; not a Localiza rule.
REC1580,CUST0438,VEH0038,CONTR0438,CTX2651,SYNTHETIC,2026-09-10,maintenance,high,Manutenção próxima,Sua revisão está próxima.,Agendar revisão,schedule_maintenance,inbox,0.71,acted,True,need_resolved,rule_engine,Synthetic trigger for maintenance; not a Localiza rule.
REC1581,CUST0199,VEH0099,CONTR0199,CTX2836,SYNTHETIC,2026-09-04,franquia_km,high,Ritmo de uso de KM,Você está usando sua franquia acima do ritmo esperado.,Ver meus KMs,open_km,inbox,0.812,delivered,False,pending,rule_engine,Synthetic trigger for franquia_km; not a Localiza rule.
REC1582,CUST0246,VEH0046,CONTR0246,CTX2611,SYNTHETIC,2026-09-01,maintenance,high,Manutenção próxima,Sua revisão está próxima.,Agendar revisão,schedule_maintenance,inbox,0.666,delivered,False,pending,synthetic_llm_personalization,Synthetic trigger for maintenance; not a Localiza rule.
REC1583,CUST0033,VEH0033,CONTR0033,CTX1760,SYNTHETIC,2026-08-08,franquia_km,high,Ritmo de uso de KM,Você está usando sua franquia acima do ritmo esperado.,Ver meus KMs,open_km,inbox,0.755,delivered,False,pending,synthetic_llm_personalization,Synthetic trigger for franquia_km; not a Localiza rule.
REC1584,CUST0297,VEH0097,CONTR0297,CTX0297,SYNTHETIC,2026-09-01,maintenance,high,Manutenção próxima,Sua revisão está próxima.,Agendar revisão,schedule_maintenance,push,0.729,dismissed,False,pending,hybrid_recommendation,Synthetic trigger for maintenance; not a Localiza rule.
REC1585,CUST0294,VEH0094,CONTR0294,CTX1590,SYNTHETIC,2026-09-13,maintenance,high,Manutenção próxima,Sua revisão está próxima.,Agendar revisão,schedule_maintenance,in_app,0.838,opened,False,need_resolved,synthetic_llm_personalization,Synthetic trigger for maintenance; not a Localiza rule.
REC1586,CUST0195,VEH0095,CONTR0195,CTX2670,SYNTHETIC,2026-08-23,maintenance,high,Manutenção próxima,Sua revisão está próxima.,Agendar revisão,schedule_maintenance,in_app,0.69,dismissed,False,pending,synthetic_llm_personalization,Synthetic trigger for maintenance; not a Localiza rule.
REC1587,CUST0090,VEH0090,CONTR0090,CTX2535,SYNTHETIC,2026-09-15,low_use,medium,Baixo uso,Seu carro teve pouco uso no período recente.,Ver minha mobilidade,open_mobility,in_app,0.734,opened,False,need_resolved,synthetic_llm_personalization,Synthetic trigger for low_use; not a Localiza rule.
REC1588,CUST0080,VEH0080,CONTR0080,CTX1950,SYNTHETIC,2026-09-25,maintenance,high,Manutenção próxima,Sua revisão está próxima.,Agendar revisão,schedule_maintenance,push,0.798,acted,True,viewed,synthetic_llm_personalization,Synthetic trigger for maintenance; not a Localiza rule.
REC1589,CUST0179,VEH0079,CONTR0179,CTX0179,SYNTHETIC,2026-08-21,franquia_km,high,Ritmo de uso de KM,Você está usando sua franquia acima do ritmo esperado.,Ver meus KMs,open_km,in_app,0.659,dismissed,False,pending,rule_engine,Synthetic trigger for franquia_km; not a Localiza rule.
REC1590,CUST0424,VEH0024,CONTR0424,CTX0424,SYNTHETIC,2026-08-05,franquia_km,high,Ritmo de uso de KM,Você está usando sua franquia acima do ritmo esperado.,Ver meus KMs,open_km,inbox,0.984,acted,True,viewed,synthetic_llm_personalization,Synthetic trigger for franquia_km; not a Localiza rule.
REC1591,CUST0488,VEH0088,CONTR0488,CTX1632,SYNTHETIC,2026-08-19,franquia_km,high,Ritmo de uso de KM,Você está usando sua franquia acima do ritmo esperado.,Ver meus KMs,open_km,push,0.87,dismissed,False,pending,hybrid_recommendation,Synthetic trigger for franquia_km; not a Localiza rule.
REC1592,CUST0079,VEH0079,CONTR0079,CTX0526,SYNTHETIC,2026-08-03,renewal,medium,Renovação próxima,Seu contrato entra em período de renovação.,Revisar meu contrato,review_contract,push,0.931,acted,True,scheduled,synthetic_llm_personalization,Synthetic trigger for renewal; not a Localiza rule.
REC1593,CUST0247,VEH0047,CONTR0247,CTX0871,SYNTHETIC,2026-08-06,renewal,high,Renovação próxima,Seu contrato entra em período de renovação.,Revisar meu contrato,review_contract,push,0.951,acted,True,viewed,hybrid_recommendation,Synthetic trigger for renewal; not a Localiza rule.
REC1594,CUST0125,VEH0025,CONTR0125,CTX1566,SYNTHETIC,2026-08-22,maintenance,high,Manutenção próxima,Sua revisão está próxima.,Agendar revisão,schedule_maintenance,inbox,0.864,delivered,False,pending,hybrid_recommendation,Synthetic trigger for maintenance; not a Localiza rule.
REC1595,CUST0028,VEH0028,CONTR0028,CTX1027,SYNTHETIC,2026-08-16,franquia_km,high,Ritmo de uso de KM,Você está usando sua franquia acima do ritmo esperado.,Ver meus KMs,open_km,in_app,0.947,delivered,False,pending,hybrid_recommendation,Synthetic trigger for franquia_km; not a Localiza rule.
REC1596,CUST0405,VEH0005,CONTR0405,CTX0405,SYNTHETIC,2026-09-02,maintenance,high,Manutenção próxima,Sua revisão está próxima.,Agendar revisão,schedule_maintenance,inbox,0.719,delivered,False,pending,rule_engine,Synthetic trigger for maintenance; not a Localiza rule.
REC1597,CUST0206,VEH0006,CONTR0206,CTX0809,SYNTHETIC,2026-09-10,maintenance,high,Manutenção próxima,Sua revisão está próxima.,Agendar revisão,schedule_maintenance,push,0.717,dismissed,False,pending,hybrid_recommendation,Synthetic trigger for maintenance; not a Localiza rule.
REC1598,CUST0228,VEH0028,CONTR0228,CTX2983,SYNTHETIC,2026-08-09,maintenance,high,Manutenção próxima,Sua revisão está próxima.,Agendar revisão,schedule_maintenance,inbox,0.865,opened,False,scheduled,synthetic_llm_personalization,Synthetic trigger for maintenance; not a Localiza rule.
REC1599,CUST0239,VEH0039,CONTR0239,CTX1046,SYNTHETIC,2026-09-02,maintenance,high,Manutenção próxima,Sua revisão está próxima.,Agendar revisão,schedule_maintenance,inbox,0.816,acted,True,scheduled,synthetic_llm_personalization,Synthetic trigger for maintenance; not a Localiza rule.
REC1600,CUST0262,VEH0062,CONTR0262,CTX2419,SYNTHETIC,2026-08-24,maintenance,high,Manutenção próxima,Sua revisão está próxima.,Agendar revisão,schedule_maintenance,in_app,0.922,opened,False,no_action,hybrid_recommendation,Synthetic trigger for maintenance; not a Localiza rule.
REC1601,CUST0085,VEH0085,CONTR0085,CTX2989,SYNTHETIC,2026-08-28,maintenance,high,Manutenção próxima,Sua revisão está próxima.,Agendar revisão,schedule_maintenance,push,0.963,opened,False,need_resolved,rule_engine,Synthetic trigger for maintenance; not a Localiza rule.
REC1602,CUST0151,VEH0051,CONTR0151,CTX0151,SYNTHETIC,2026-08-08,maintenance,high,Manutenção próxima,Sua revisão está próxima.,Agendar revisão,schedule_maintenance,in_app,0.853,acted,True,no_action,hybrid_recommendation,Synthetic trigger for maintenance; not a Localiza rule.
REC1603,CUST0094,VEH0094,CONTR0094,CTX2091,SYNTHETIC,2026-09-11,renewal,medium,Renovação próxima,Seu contrato entra em período de renovação.,Revisar meu contrato,review_contract,push,0.725,delivered,False,pending,synthetic_llm_personalization,Synthetic trigger for renewal; not a Localiza rule.
REC1604,CUST0264,VEH0064,CONTR0264,CTX0264,SYNTHETIC,2026-09-15,maintenance,high,Manutenção próxima,Sua revisão está próxima.,Agendar revisão,schedule_maintenance,in_app,0.889,opened,False,need_resolved,hybrid_recommendation,Synthetic trigger for maintenance; not a Localiza rule.
REC1605,CUST0413,VEH0013,CONTR0413,CTX0413,SYNTHETIC,2026-08-13,benefit,medium,Benefício contextual,Encontramos um benefício relevante para sua rotina.,Ver benefício,open_benefit,push,0.735,delivered,False,pending,synthetic_llm_personalization,Synthetic trigger for benefit; not a Localiza rule.
REC1606,CUST0128,VEH0028,CONTR0128,CTX2727,SYNTHETIC,2026-08-03,franquia_km,high,Ritmo de uso de KM,Você está usando sua franquia acima do ritmo esperado.,Ver meus KMs,open_km,in_app,0.794,delivered,False,pending,hybrid_recommendation,Synthetic trigger for franquia_km; not a Localiza rule.
REC1607,CUST0271,VEH0071,CONTR0271,CTX0271,SYNTHETIC,2026-09-06,franquia_km,high,Ritmo de uso de KM,Você está usando sua franquia acima do ritmo esperado.,Ver meus KMs,open_km,in_app,0.922,opened,False,viewed,rule_engine,Synthetic trigger for franquia_km; not a Localiza rule.
REC1608,CUST0041,VEH0041,CONTR0041,CTX1900,SYNTHETIC,2026-09-18,franquia_km,high,Ritmo de uso de KM,Você está usando sua franquia acima do ritmo esperado.,Ver meus KMs,open_km,in_app,0.875,delivered,False,pending,rule_engine,Synthetic trigger for franquia_km; not a Localiza rule.
REC1609,CUST0452,VEH0052,CONTR0452,CTX0452,SYNTHETIC,2026-08-30,franquia_km,high,Ritmo de uso de KM,Você está usando sua franquia acima do ritmo esperado.,Ver meus KMs,open_km,push,0.776,acted,True,no_action,rule_engine,Synthetic trigger for franquia_km; not a Localiza rule.
REC1610,CUST0489,VEH0089,CONTR0489,CTX0850,SYNTHETIC,2026-08-18,renewal,high,Renovação próxima,Seu contrato entra em período de renovação.,Revisar meu contrato,review_contract,in_app,0.896,opened,False,need_resolved,synthetic_llm_personalization,Synthetic trigger for renewal; not a Localiza rule.
REC1611,CUST0355,VEH0055,CONTR0355,CTX2606,SYNTHETIC,2026-09-19,franquia_km,high,Ritmo de uso de KM,Você está usando sua franquia acima do ritmo esperado.,Ver meus KMs,open_km,in_app,0.958,opened,False,no_action,hybrid_recommendation,Synthetic trigger for franquia_km; not a Localiza rule.
REC1612,CUST0213,VEH0013,CONTR0213,CTX0213,SYNTHETIC,2026-09-17,franquia_km,high,Ritmo de uso de KM,Você está usando sua franquia acima do ritmo esperado.,Ver meus KMs,open_km,in_app,0.713,acted,True,need_resolved,synthetic_llm_personalization,Synthetic trigger for franquia_km; not a Localiza rule.
REC1613,CUST0478,VEH0078,CONTR0478,CTX2962,SYNTHETIC,2026-08-09,maintenance,high,Manutenção próxima,Sua revisão está próxima.,Agendar revisão,schedule_maintenance,inbox,0.814,delivered,False,pending,synthetic_llm_personalization,Synthetic trigger for maintenance; not a Localiza rule.
REC1614,CUST0338,VEH0038,CONTR0338,CTX0338,SYNTHETIC,2026-10-01,maintenance,high,Manutenção próxima,Sua revisão está próxima.,Agendar revisão,schedule_maintenance,in_app,0.875,dismissed,False,pending,hybrid_recommendation,Synthetic trigger for maintenance; not a Localiza rule.
REC1615,CUST0290,VEH0090,CONTR0290,CTX1254,SYNTHETIC,2026-08-11,maintenance,high,Manutenção próxima,Sua revisão está próxima.,Agendar revisão,schedule_maintenance,inbox,0.86,delivered,False,pending,rule_engine,Synthetic trigger for maintenance; not a Localiza rule.
REC1616,CUST0471,VEH0071,CONTR0471,CTX2960,SYNTHETIC,2026-08-05,maintenance,high,Manutenção próxima,Sua revisão está próxima.,Agendar revisão,schedule_maintenance,push,0.655,acted,True,need_resolved,hybrid_recommendation,Synthetic trigger for maintenance; not a Localiza rule.
REC1617,CUST0040,VEH0040,CONTR0040,CTX0671,SYNTHETIC,2026-09-10,renewal,medium,Renovação próxima,Seu contrato entra em período de renovação.,Revisar meu contrato,review_contract,push,0.938,opened,False,no_action,hybrid_recommendation,Synthetic trigger for renewal; not a Localiza rule.
REC1618,CUST0028,VEH0028,CONTR0028,CTX0960,SYNTHETIC,2026-09-11,franquia_km,high,Ritmo de uso de KM,Você está usando sua franquia acima do ritmo esperado.,Ver meus KMs,open_km,in_app,0.982,dismissed,False,pending,hybrid_recommendation,Synthetic trigger for franquia_km; not a Localiza rule.
REC1619,CUST0128,VEH0028,CONTR0128,CTX2077,SYNTHETIC,2026-09-29,franquia_km,high,Ritmo de uso de KM,Você está usando sua franquia acima do ritmo esperado.,Ver meus KMs,open_km,push,0.932,acted,True,need_resolved,rule_engine,Synthetic trigger for franquia_km; not a Localiza rule.
REC1620,CUST0425,VEH0025,CONTR0425,CTX2485,SYNTHETIC,2026-09-29,benefit,medium,Benefício contextual,Encontramos um benefício relevante para sua rotina.,Ver benefício,open_benefit,push,0.765,dismissed,False,pending,rule_engine,Synthetic trigger for benefit; not a Localiza rule.
REC1621,CUST0458,VEH0058,CONTR0458,CTX1079,SYNTHETIC,2026-08-17,maintenance,high,Manutenção próxima,Sua revisão está próxima.,Agendar revisão,schedule_maintenance,in_app,0.845,dismissed,False,pending,hybrid_recommendation,Synthetic trigger for maintenance; not a Localiza rule.
REC1622,CUST0313,VEH0013,CONTR0313,CTX1714,SYNTHETIC,2026-09-22,maintenance,high,Manutenção próxima,Sua revisão está próxima.,Agendar revisão,schedule_maintenance,push,0.788,acted,True,scheduled,synthetic_llm_personalization,Synthetic trigger for maintenance; not a Localiza rule.
REC1623,CUST0442,VEH0042,CONTR0442,CTX1208,SYNTHETIC,2026-08-31,maintenance,high,Manutenção próxima,Sua revisão está próxima.,Agendar revisão,schedule_maintenance,push,0.856,dismissed,False,pending,hybrid_recommendation,Synthetic trigger for maintenance; not a Localiza rule.
REC1624,CUST0026,VEH0026,CONTR0026,CTX1869,SYNTHETIC,2026-08-09,low_use,medium,Baixo uso,Seu carro teve pouco uso no período recente.,Ver minha mobilidade,open_mobility,push,0.778,dismissed,False,pending,hybrid_recommendation,Synthetic trigger for low_use; not a Localiza rule.
REC1625,CUST0242,VEH0042,CONTR0242,CTX0832,SYNTHETIC,2026-09-20,maintenance,high,Manutenção próxima,Sua revisão está próxima.,Agendar revisão,schedule_maintenance,push,0.786,opened,False,viewed,rule_engine,Synthetic trigger for maintenance; not a Localiza rule.
REC1626,CUST0199,VEH0099,CONTR0199,CTX2836,SYNTHETIC,2026-08-20,franquia_km,high,Ritmo de uso de KM,Você está usando sua franquia acima do ritmo esperado.,Ver meus KMs,open_km,inbox,0.885,acted,True,no_action,rule_engine,Synthetic trigger for franquia_km; not a Localiza rule.
REC1627,CUST0400,VEH0100,CONTR0400,CTX2710,SYNTHETIC,2026-09-25,maintenance,high,Manutenção próxima,Sua revisão está próxima.,Agendar revisão,schedule_maintenance,inbox,0.826,opened,False,no_action,hybrid_recommendation,Synthetic trigger for maintenance; not a Localiza rule.
REC1628,CUST0056,VEH0056,CONTR0056,CTX0056,SYNTHETIC,2026-08-10,low_use,medium,Baixo uso,Seu carro teve pouco uso no período recente.,Ver minha mobilidade,open_mobility,in_app,0.78,acted,True,viewed,synthetic_llm_personalization,Synthetic trigger for low_use; not a Localiza rule.
REC1629,CUST0011,VEH0011,CONTR0011,CTX0011,SYNTHETIC,2026-08-07,maintenance,high,Manutenção próxima,Sua revisão está próxima.,Agendar revisão,schedule_maintenance,push,0.77,acted,True,no_action,rule_engine,Synthetic trigger for maintenance; not a Localiza rule.
REC1630,CUST0286,VEH0086,CONTR0286,CTX0740,SYNTHETIC,2026-09-07,maintenance,high,Manutenção próxima,Sua revisão está próxima.,Agendar revisão,schedule_maintenance,push,0.952,acted,True,viewed,hybrid_recommendation,Synthetic trigger for maintenance; not a Localiza rule.
REC1631,CUST0376,VEH0076,CONTR0376,CTX0880,SYNTHETIC,2026-09-14,maintenance,high,Manutenção próxima,Sua revisão está próxima.,Agendar revisão,schedule_maintenance,inbox,0.697,opened,False,viewed,rule_engine,Synthetic trigger for maintenance; not a Localiza rule.
REC1632,CUST0384,VEH0084,CONTR0384,CTX2095,SYNTHETIC,2026-08-22,franquia_km,high,Ritmo de uso de KM,Você está usando sua franquia acima do ritmo esperado.,Ver meus KMs,open_km,in_app,0.83,opened,False,need_resolved,synthetic_llm_personalization,Synthetic trigger for franquia_km; not a Localiza rule.
REC1633,CUST0178,VEH0078,CONTR0178,CTX0178,SYNTHETIC,2026-09-17,maintenance,high,Manutenção próxima,Sua revisão está próxima.,Agendar revisão,schedule_maintenance,push,0.877,acted,True,no_action,rule_engine,Synthetic trigger for maintenance; not a Localiza rule.
REC1634,CUST0211,VEH0011,CONTR0211,CTX2590,SYNTHETIC,2026-08-23,franquia_km,high,Ritmo de uso de KM,Você está usando sua franquia acima do ritmo esperado.,Ver meus KMs,open_km,push,0.665,opened,False,scheduled,hybrid_recommendation,Synthetic trigger for franquia_km; not a Localiza rule.
REC1635,CUST0033,VEH0033,CONTR0033,CTX2891,SYNTHETIC,2026-08-20,franquia_km,high,Ritmo de uso de KM,Você está usando sua franquia acima do ritmo esperado.,Ver meus KMs,open_km,inbox,0.69,acted,True,scheduled,rule_engine,Synthetic trigger for franquia_km; not a Localiza rule.
REC1636,CUST0228,VEH0028,CONTR0228,CTX2311,SYNTHETIC,2026-08-21,maintenance,high,Manutenção próxima,Sua revisão está próxima.,Agendar revisão,schedule_maintenance,in_app,0.665,delivered,False,pending,synthetic_llm_personalization,Synthetic trigger for maintenance; not a Localiza rule.
REC1637,CUST0040,VEH0040,CONTR0040,CTX0829,SYNTHETIC,2026-09-08,renewal,medium,Renovação próxima,Seu contrato entra em período de renovação.,Revisar meu contrato,review_contract,inbox,0.811,delivered,False,pending,synthetic_llm_personalization,Synthetic trigger for renewal; not a Localiza rule.
REC1638,CUST0478,VEH0078,CONTR0478,CTX0947,SYNTHETIC,2026-09-02,maintenance,high,Manutenção próxima,Sua revisão está próxima.,Agendar revisão,schedule_maintenance,push,0.79,acted,True,need_resolved,synthetic_llm_personalization,Synthetic trigger for maintenance; not a Localiza rule.
REC1639,CUST0025,VEH0025,CONTR0025,CTX1967,SYNTHETIC,2026-08-07,franquia_km,high,Ritmo de uso de KM,Você está usando sua franquia acima do ritmo esperado.,Ver meus KMs,open_km,push,0.916,opened,False,viewed,rule_engine,Synthetic trigger for franquia_km; not a Localiza rule.
REC1640,CUST0015,VEH0015,CONTR0015,CTX2381,SYNTHETIC,2026-08-18,maintenance,high,Manutenção próxima,Sua revisão está próxima.,Agendar revisão,schedule_maintenance,push,0.768,delivered,False,pending,rule_engine,Synthetic trigger for maintenance; not a Localiza rule.
REC1641,CUST0364,VEH0064,CONTR0364,CTX1896,SYNTHETIC,2026-10-01,franquia_km,high,Ritmo de uso de KM,Você está usando sua franquia acima do ritmo esperado.,Ver meus KMs,open_km,in_app,0.956,acted,True,no_action,synthetic_llm_personalization,Synthetic trigger for franquia_km; not a Localiza rule.
REC1642,CUST0129,VEH0029,CONTR0129,CTX1567,SYNTHETIC,2026-09-08,low_use,medium,Baixo uso,Seu carro teve pouco uso no período recente.,Ver minha mobilidade,open_mobility,push,0.799,dismissed,False,pending,synthetic_llm_personalization,Synthetic trigger for low_use; not a Localiza rule.
REC1643,CUST0321,VEH0021,CONTR0321,CTX1629,SYNTHETIC,2026-09-29,renewal,high,Renovação próxima,Seu contrato entra em período de renovação.,Revisar meu contrato,review_contract,push,0.795,opened,False,scheduled,synthetic_llm_personalization,Synthetic trigger for renewal; not a Localiza rule.
REC1644,CUST0048,VEH0048,CONTR0048,CTX2476,SYNTHETIC,2026-08-11,franquia_km,high,Ritmo de uso de KM,Você está usando sua franquia acima do ritmo esperado.,Ver meus KMs,open_km,in_app,0.838,acted,True,scheduled,hybrid_recommendation,Synthetic trigger for franquia_km; not a Localiza rule.
REC1645,CUST0301,VEH0001,CONTR0301,CTX0301,SYNTHETIC,2026-10-01,renewal,medium,Renovação próxima,Seu contrato entra em período de renovação.,Revisar meu contrato,review_contract,inbox,0.851,opened,False,scheduled,rule_engine,Synthetic trigger for renewal; not a Localiza rule.
REC1646,CUST0186,VEH0086,CONTR0186,CTX0613,SYNTHETIC,2026-09-08,maintenance,high,Manutenção próxima,Sua revisão está próxima.,Agendar revisão,schedule_maintenance,inbox,0.815,delivered,False,pending,rule_engine,Synthetic trigger for maintenance; not a Localiza rule.
REC1647,CUST0101,VEH0001,CONTR0101,CTX0803,SYNTHETIC,2026-09-02,franquia_km,high,Ritmo de uso de KM,Você está usando sua franquia acima do ritmo esperado.,Ver meus KMs,open_km,push,0.917,dismissed,False,pending,rule_engine,Synthetic trigger for franquia_km; not a Localiza rule.
REC1648,CUST0459,VEH0059,CONTR0459,CTX2599,SYNTHETIC,2026-09-25,franquia_km,high,Ritmo de uso de KM,Você está usando sua franquia acima do ritmo esperado.,Ver meus KMs,open_km,in_app,0.884,acted,True,need_resolved,hybrid_recommendation,Synthetic trigger for franquia_km; not a Localiza rule.
REC1649,CUST0304,VEH0004,CONTR0304,CTX1107,SYNTHETIC,2026-08-18,franquia_km,high,Ritmo de uso de KM,Você está usando sua franquia acima do ritmo esperado.,Ver meus KMs,open_km,push,0.864,acted,True,no_action,synthetic_llm_personalization,Synthetic trigger for franquia_km; not a Localiza rule.
REC1650,CUST0377,VEH0077,CONTR0377,CTX0377,SYNTHETIC,2026-09-21,maintenance,high,Manutenção próxima,Sua revisão está próxima.,Agendar revisão,schedule_maintenance,push,0.907,acted,True,scheduled,rule_engine,Synthetic trigger for maintenance; not a Localiza rule.
REC1651,CUST0273,VEH0073,CONTR0273,CTX0898,SYNTHETIC,2026-08-07,maintenance,high,Manutenção próxima,Sua revisão está próxima.,Agendar revisão,schedule_maintenance,inbox,0.834,acted,True,scheduled,hybrid_recommendation,Synthetic trigger for maintenance; not a Localiza rule.
REC1652,CUST0252,VEH0052,CONTR0252,CTX2846,SYNTHETIC,2026-09-06,maintenance,high,Manutenção próxima,Sua revisão está próxima.,Agendar revisão,schedule_maintenance,inbox,0.707,delivered,False,pending,rule_engine,Synthetic trigger for maintenance; not a Localiza rule.
REC1653,CUST0377,VEH0077,CONTR0377,CTX2064,SYNTHETIC,2026-09-17,maintenance,high,Manutenção próxima,Sua revisão está próxima.,Agendar revisão,schedule_maintenance,push,0.965,opened,False,viewed,synthetic_llm_personalization,Synthetic trigger for maintenance; not a Localiza rule.
REC1654,CUST0055,VEH0055,CONTR0055,CTX1201,SYNTHETIC,2026-09-03,franquia_km,high,Ritmo de uso de KM,Você está usando sua franquia acima do ritmo esperado.,Ver meus KMs,open_km,push,0.906,delivered,False,pending,hybrid_recommendation,Synthetic trigger for franquia_km; not a Localiza rule.
REC1655,CUST0362,VEH0062,CONTR0362,CTX2629,SYNTHETIC,2026-08-06,maintenance,high,Manutenção próxima,Sua revisão está próxima.,Agendar revisão,schedule_maintenance,push,0.834,acted,True,no_action,synthetic_llm_personalization,Synthetic trigger for maintenance; not a Localiza rule.
REC1656,CUST0099,VEH0099,CONTR0099,CTX1722,SYNTHETIC,2026-08-13,franquia_km,high,Ritmo de uso de KM,Você está usando sua franquia acima do ritmo esperado.,Ver meus KMs,open_km,push,0.733,delivered,False,pending,hybrid_recommendation,Synthetic trigger for franquia_km; not a Localiza rule.
REC1657,CUST0263,VEH0063,CONTR0263,CTX2297,SYNTHETIC,2026-09-28,maintenance,high,Manutenção próxima,Sua revisão está próxima.,Agendar revisão,schedule_maintenance,inbox,0.7,delivered,False,pending,hybrid_recommendation,Synthetic trigger for maintenance; not a Localiza rule.
REC1658,CUST0448,VEH0048,CONTR0448,CTX1148,SYNTHETIC,2026-08-02,maintenance,high,Manutenção próxima,Sua revisão está próxima.,Agendar revisão,schedule_maintenance,in_app,0.782,acted,True,viewed,rule_engine,Synthetic trigger for maintenance; not a Localiza rule.
REC1659,CUST0314,VEH0014,CONTR0314,CTX2300,SYNTHETIC,2026-08-10,support,medium,Sinal de suporte,Detectamos um sinal que pode exigir atenção.,Abrir suporte,open_support,inbox,0.943,acted,True,no_action,rule_engine,Synthetic trigger for support; not a Localiza rule.
REC1660,CUST0419,VEH0019,CONTR0419,CTX0946,SYNTHETIC,2026-09-24,maintenance,high,Manutenção próxima,Sua revisão está próxima.,Agendar revisão,schedule_maintenance,in_app,0.984,opened,False,need_resolved,hybrid_recommendation,Synthetic trigger for maintenance; not a Localiza rule.
REC1661,CUST0200,VEH0100,CONTR0200,CTX1195,SYNTHETIC,2026-09-16,maintenance,high,Manutenção próxima,Sua revisão está próxima.,Agendar revisão,schedule_maintenance,inbox,0.907,opened,False,scheduled,rule_engine,Synthetic trigger for maintenance; not a Localiza rule.
REC1662,CUST0388,VEH0088,CONTR0388,CTX0388,SYNTHETIC,2026-08-18,maintenance,high,Manutenção próxima,Sua revisão está próxima.,Agendar revisão,schedule_maintenance,push,0.934,delivered,False,pending,synthetic_llm_personalization,Synthetic trigger for maintenance; not a Localiza rule.
REC1663,CUST0213,VEH0013,CONTR0213,CTX0213,SYNTHETIC,2026-08-24,franquia_km,high,Ritmo de uso de KM,Você está usando sua franquia acima do ritmo esperado.,Ver meus KMs,open_km,inbox,0.94,acted,True,no_action,rule_engine,Synthetic trigger for franquia_km; not a Localiza rule.
REC1664,CUST0197,VEH0097,CONTR0197,CTX2105,SYNTHETIC,2026-09-16,maintenance,high,Manutenção próxima,Sua revisão está próxima.,Agendar revisão,schedule_maintenance,push,0.777,acted,True,need_resolved,hybrid_recommendation,Synthetic trigger for maintenance; not a Localiza rule.
REC1665,CUST0145,VEH0045,CONTR0145,CTX1883,SYNTHETIC,2026-08-22,franquia_km,high,Ritmo de uso de KM,Você está usando sua franquia acima do ritmo esperado.,Ver meus KMs,open_km,push,0.904,dismissed,False,pending,rule_engine,Synthetic trigger for franquia_km; not a Localiza rule.
REC1666,CUST0030,VEH0030,CONTR0030,CTX1841,SYNTHETIC,2026-08-31,support,medium,Sinal de suporte,Detectamos um sinal que pode exigir atenção.,Abrir suporte,open_support,inbox,0.83,delivered,False,pending,rule_engine,Synthetic trigger for support; not a Localiza rule.
REC1667,CUST0082,VEH0082,CONTR0082,CTX2548,SYNTHETIC,2026-09-08,renewal,medium,Renovação próxima,Seu contrato entra em período de renovação.,Revisar meu contrato,review_contract,in_app,0.989,opened,False,need_resolved,synthetic_llm_personalization,Synthetic trigger for renewal; not a Localiza rule.
REC1668,CUST0484,VEH0084,CONTR0484,CTX0484,SYNTHETIC,2026-08-22,franquia_km,high,Ritmo de uso de KM,Você está usando sua franquia acima do ritmo esperado.,Ver meus KMs,open_km,in_app,0.955,opened,False,need_resolved,synthetic_llm_personalization,Synthetic trigger for franquia_km; not a Localiza rule.
REC1669,CUST0280,VEH0080,CONTR0280,CTX2071,SYNTHETIC,2026-09-10,franquia_km,high,Ritmo de uso de KM,Você está usando sua franquia acima do ritmo esperado.,Ver meus KMs,open_km,push,0.814,dismissed,False,pending,synthetic_llm_personalization,Synthetic trigger for franquia_km; not a Localiza rule.
REC1670,CUST0261,VEH0061,CONTR0261,CTX0261,SYNTHETIC,2026-09-12,low_use,medium,Baixo uso,Seu carro teve pouco uso no período recente.,Ver minha mobilidade,open_mobility,in_app,0.78,delivered,False,pending,synthetic_llm_personalization,Synthetic trigger for low_use; not a Localiza rule.
REC1671,CUST0085,VEH0085,CONTR0085,CTX2087,SYNTHETIC,2026-09-09,maintenance,high,Manutenção próxima,Sua revisão está próxima.,Agendar revisão,schedule_maintenance,push,0.726,opened,False,need_resolved,hybrid_recommendation,Synthetic trigger for maintenance; not a Localiza rule.
REC1672,CUST0356,VEH0056,CONTR0356,CTX0759,SYNTHETIC,2026-09-11,franquia_km,high,Ritmo de uso de KM,Você está usando sua franquia acima do ritmo esperado.,Ver meus KMs,open_km,push,0.955,opened,False,need_resolved,rule_engine,Synthetic trigger for franquia_km; not a Localiza rule.
REC1673,CUST0169,VEH0069,CONTR0169,CTX0599,SYNTHETIC,2026-09-26,franquia_km,high,Ritmo de uso de KM,Você está usando sua franquia acima do ritmo esperado.,Ver meus KMs,open_km,in_app,0.922,opened,False,no_action,synthetic_llm_personalization,Synthetic trigger for franquia_km; not a Localiza rule.
REC1674,CUST0390,VEH0090,CONTR0390,CTX1149,SYNTHETIC,2026-09-24,benefit,medium,Benefício contextual,Encontramos um benefício relevante para sua rotina.,Ver benefício,open_benefit,in_app,0.984,acted,True,need_resolved,synthetic_llm_personalization,Synthetic trigger for benefit; not a Localiza rule.
REC1675,CUST0326,VEH0026,CONTR0326,CTX2537,SYNTHETIC,2026-09-30,franquia_km,high,Ritmo de uso de KM,Você está usando sua franquia acima do ritmo esperado.,Ver meus KMs,open_km,push,0.905,delivered,False,pending,hybrid_recommendation,Synthetic trigger for franquia_km; not a Localiza rule.
REC1676,CUST0053,VEH0053,CONTR0053,CTX0053,SYNTHETIC,2026-08-17,franquia_km,high,Ritmo de uso de KM,Você está usando sua franquia acima do ritmo esperado.,Ver meus KMs,open_km,in_app,0.817,delivered,False,pending,synthetic_llm_personalization,Synthetic trigger for franquia_km; not a Localiza rule.
REC1677,CUST0474,VEH0074,CONTR0474,CTX0474,SYNTHETIC,2026-09-08,franquia_km,high,Ritmo de uso de KM,Você está usando sua franquia acima do ritmo esperado.,Ver meus KMs,open_km,in_app,0.763,acted,True,scheduled,rule_engine,Synthetic trigger for franquia_km; not a Localiza rule.
REC1678,CUST0411,VEH0011,CONTR0411,CTX1127,SYNTHETIC,2026-08-18,franquia_km,high,Ritmo de uso de KM,Você está usando sua franquia acima do ritmo esperado.,Ver meus KMs,open_km,inbox,0.699,opened,False,no_action,synthetic_llm_personalization,Synthetic trigger for franquia_km; not a Localiza rule.
REC1679,CUST0293,VEH0093,CONTR0293,CTX2422,SYNTHETIC,2026-09-17,franquia_km,high,Ritmo de uso de KM,Você está usando sua franquia acima do ritmo esperado.,Ver meus KMs,open_km,inbox,0.808,opened,False,scheduled,rule_engine,Synthetic trigger for franquia_km; not a Localiza rule.
REC1680,CUST0291,VEH0091,CONTR0291,CTX0646,SYNTHETIC,2026-09-20,franquia_km,high,Ritmo de uso de KM,Você está usando sua franquia acima do ritmo esperado.,Ver meus KMs,open_km,in_app,0.855,acted,True,no_action,rule_engine,Synthetic trigger for franquia_km; not a Localiza rule.
REC1681,CUST0188,VEH0088,CONTR0188,CTX1651,SYNTHETIC,2026-09-03,maintenance,high,Manutenção próxima,Sua revisão está próxima.,Agendar revisão,schedule_maintenance,in_app,0.701,acted,True,need_resolved,rule_engine,Synthetic trigger for maintenance; not a Localiza rule.
REC1682,CUST0245,VEH0045,CONTR0245,CTX1370,SYNTHETIC,2026-09-12,franquia_km,high,Ritmo de uso de KM,Você está usando sua franquia acima do ritmo esperado.,Ver meus KMs,open_km,inbox,0.679,acted,True,viewed,synthetic_llm_personalization,Synthetic trigger for franquia_km; not a Localiza rule.
REC1683,CUST0417,VEH0017,CONTR0417,CTX0417,SYNTHETIC,2026-08-05,franquia_km,high,Ritmo de uso de KM,Você está usando sua franquia acima do ritmo esperado.,Ver meus KMs,open_km,push,0.782,acted,True,viewed,rule_engine,Synthetic trigger for franquia_km; not a Localiza rule.
REC1684,CUST0221,VEH0021,CONTR0221,CTX0741,SYNTHETIC,2026-08-19,maintenance,high,Manutenção próxima,Sua revisão está próxima.,Agendar revisão,schedule_maintenance,inbox,0.716,opened,False,viewed,synthetic_llm_personalization,Synthetic trigger for maintenance; not a Localiza rule.
REC1685,CUST0496,VEH0096,CONTR0496,CTX0858,SYNTHETIC,2026-08-12,maintenance,high,Manutenção próxima,Sua revisão está próxima.,Agendar revisão,schedule_maintenance,push,0.777,acted,True,no_action,synthetic_llm_personalization,Synthetic trigger for maintenance; not a Localiza rule.
REC1686,CUST0390,VEH0090,CONTR0390,CTX0390,SYNTHETIC,2026-08-28,low_use,medium,Baixo uso,Seu carro teve pouco uso no período recente.,Ver minha mobilidade,open_mobility,inbox,0.759,delivered,False,pending,rule_engine,Synthetic trigger for low_use; not a Localiza rule.
REC1687,CUST0470,VEH0070,CONTR0470,CTX0788,SYNTHETIC,2026-09-17,franquia_km,high,Ritmo de uso de KM,Você está usando sua franquia acima do ritmo esperado.,Ver meus KMs,open_km,inbox,0.966,opened,False,need_resolved,synthetic_llm_personalization,Synthetic trigger for franquia_km; not a Localiza rule.
REC1688,CUST0230,VEH0030,CONTR0230,CTX1350,SYNTHETIC,2026-08-13,franquia_km,high,Ritmo de uso de KM,Você está usando sua franquia acima do ritmo esperado.,Ver meus KMs,open_km,in_app,0.732,acted,True,need_resolved,rule_engine,Synthetic trigger for franquia_km; not a Localiza rule.
REC1689,CUST0102,VEH0002,CONTR0102,CTX0102,SYNTHETIC,2026-08-11,franquia_km,high,Ritmo de uso de KM,Você está usando sua franquia acima do ritmo esperado.,Ver meus KMs,open_km,in_app,0.732,opened,False,scheduled,synthetic_llm_personalization,Synthetic trigger for franquia_km; not a Localiza rule.
REC1690,CUST0266,VEH0066,CONTR0266,CTX1615,SYNTHETIC,2026-10-01,maintenance,high,Manutenção próxima,Sua revisão está próxima.,Agendar revisão,schedule_maintenance,in_app,0.76,acted,True,scheduled,hybrid_recommendation,Synthetic trigger for maintenance; not a Localiza rule.
REC1691,CUST0009,VEH0009,CONTR0009,CTX1562,SYNTHETIC,2026-08-13,franquia_km,high,Ritmo de uso de KM,Você está usando sua franquia acima do ritmo esperado.,Ver meus KMs,open_km,push,0.733,delivered,False,pending,synthetic_llm_personalization,Synthetic trigger for franquia_km; not a Localiza rule.
REC1692,CUST0470,VEH0070,CONTR0470,CTX1176,SYNTHETIC,2026-09-04,franquia_km,high,Ritmo de uso de KM,Você está usando sua franquia acima do ritmo esperado.,Ver meus KMs,open_km,inbox,0.753,dismissed,False,pending,rule_engine,Synthetic trigger for franquia_km; not a Localiza rule.
REC1693,CUST0416,VEH0016,CONTR0416,CTX1646,SYNTHETIC,2026-09-07,franquia_km,high,Ritmo de uso de KM,Você está usando sua franquia acima do ritmo esperado.,Ver meus KMs,open_km,in_app,0.901,acted,True,no_action,hybrid_recommendation,Synthetic trigger for franquia_km; not a Localiza rule.
REC1694,CUST0245,VEH0045,CONTR0245,CTX2395,SYNTHETIC,2026-08-02,franquia_km,high,Ritmo de uso de KM,Você está usando sua franquia acima do ritmo esperado.,Ver meus KMs,open_km,push,0.719,acted,True,need_resolved,hybrid_recommendation,Synthetic trigger for franquia_km; not a Localiza rule.
REC1695,CUST0106,VEH0006,CONTR0106,CTX2183,SYNTHETIC,2026-09-28,franquia_km,high,Ritmo de uso de KM,Você está usando sua franquia acima do ritmo esperado.,Ver meus KMs,open_km,inbox,0.913,delivered,False,pending,rule_engine,Synthetic trigger for franquia_km; not a Localiza rule.
REC1696,CUST0104,VEH0004,CONTR0104,CTX0104,SYNTHETIC,2026-09-30,benefit,medium,Benefício contextual,Encontramos um benefício relevante para sua rotina.,Ver benefício,open_benefit,in_app,0.857,acted,True,scheduled,hybrid_recommendation,Synthetic trigger for benefit; not a Localiza rule.
REC1697,CUST0238,VEH0038,CONTR0238,CTX1655,SYNTHETIC,2026-09-08,maintenance,high,Manutenção próxima,Sua revisão está próxima.,Agendar revisão,schedule_maintenance,in_app,0.828,acted,True,no_action,rule_engine,Synthetic trigger for maintenance; not a Localiza rule.
REC1698,CUST0054,VEH0054,CONTR0054,CTX0054,SYNTHETIC,2026-08-06,maintenance,high,Manutenção próxima,Sua revisão está próxima.,Agendar revisão,schedule_maintenance,inbox,0.932,acted,True,no_action,rule_engine,Synthetic trigger for maintenance; not a Localiza rule.
REC1699,CUST0207,VEH0007,CONTR0207,CTX1261,SYNTHETIC,2026-08-19,franquia_km,high,Ritmo de uso de KM,Você está usando sua franquia acima do ritmo esperado.,Ver meus KMs,open_km,in_app,0.822,opened,False,need_resolved,hybrid_recommendation,Synthetic trigger for franquia_km; not a Localiza rule.
REC1700,CUST0279,VEH0079,CONTR0279,CTX2232,SYNTHETIC,2026-09-07,support,medium,Sinal de suporte,Detectamos um sinal que pode exigir atenção.,Abrir suporte,open_support,push,0.94,delivered,False,pending,synthetic_llm_personalization,Synthetic trigger for support; not a Localiza rule.
REC1701,CUST0349,VEH0049,CONTR0349,CTX2481,SYNTHETIC,2026-08-31,maintenance,high,Manutenção próxima,Sua revisão está próxima.,Agendar revisão,schedule_maintenance,inbox,0.666,dismissed,False,pending,synthetic_llm_personalization,Synthetic trigger for maintenance; not a Localiza rule.
REC1702,CUST0444,VEH0044,CONTR0444,CTX0444,SYNTHETIC,2026-09-14,maintenance,high,Manutenção próxima,Sua revisão está próxima.,Agendar revisão,schedule_maintenance,push,0.76,acted,True,need_resolved,hybrid_recommendation,Synthetic trigger for maintenance; not a Localiza rule.
REC1703,CUST0280,VEH0080,CONTR0280,CTX0280,SYNTHETIC,2026-08-24,franquia_km,high,Ritmo de uso de KM,Você está usando sua franquia acima do ritmo esperado.,Ver meus KMs,open_km,in_app,0.703,acted,True,viewed,rule_engine,Synthetic trigger for franquia_km; not a Localiza rule.
REC1704,CUST0341,VEH0041,CONTR0341,CTX2718,SYNTHETIC,2026-09-02,franquia_km,high,Ritmo de uso de KM,Você está usando sua franquia acima do ritmo esperado.,Ver meus KMs,open_km,inbox,0.801,acted,True,scheduled,rule_engine,Synthetic trigger for franquia_km; not a Localiza rule.
REC1705,CUST0022,VEH0022,CONTR0022,CTX0022,SYNTHETIC,2026-09-15,franquia_km,high,Ritmo de uso de KM,Você está usando sua franquia acima do ritmo esperado.,Ver meus KMs,open_km,inbox,0.896,acted,True,viewed,synthetic_llm_personalization,Synthetic trigger for franquia_km; not a Localiza rule.
REC1706,CUST0133,VEH0033,CONTR0133,CTX2526,SYNTHETIC,2026-09-02,franquia_km,high,Ritmo de uso de KM,Você está usando sua franquia acima do ritmo esperado.,Ver meus KMs,open_km,inbox,0.845,dismissed,False,pending,hybrid_recommendation,Synthetic trigger for franquia_km; not a Localiza rule.
REC1707,CUST0460,VEH0060,CONTR0460,CTX1660,SYNTHETIC,2026-09-15,franquia_km,high,Ritmo de uso de KM,Você está usando sua franquia acima do ritmo esperado.,Ver meus KMs,open_km,push,0.956,delivered,False,pending,hybrid_recommendation,Synthetic trigger for franquia_km; not a Localiza rule.
REC1708,CUST0277,VEH0077,CONTR0277,CTX1619,SYNTHETIC,2026-09-02,franquia_km,high,Ritmo de uso de KM,Você está usando sua franquia acima do ritmo esperado.,Ver meus KMs,open_km,inbox,0.866,dismissed,False,pending,hybrid_recommendation,Synthetic trigger for franquia_km; not a Localiza rule.
REC1709,CUST0031,VEH0031,CONTR0031,CTX0708,SYNTHETIC,2026-08-30,maintenance,high,Manutenção próxima,Sua revisão está próxima.,Agendar revisão,schedule_maintenance,inbox,0.66,delivered,False,pending,synthetic_llm_personalization,Synthetic trigger for maintenance; not a Localiza rule.
REC1710,CUST0217,VEH0017,CONTR0217,CTX2360,SYNTHETIC,2026-08-22,maintenance,high,Manutenção próxima,Sua revisão está próxima.,Agendar revisão,schedule_maintenance,inbox,0.951,opened,False,no_action,synthetic_llm_personalization,Synthetic trigger for maintenance; not a Localiza rule.
REC1711,CUST0351,VEH0051,CONTR0351,CTX1243,SYNTHETIC,2026-09-30,franquia_km,high,Ritmo de uso de KM,Você está usando sua franquia acima do ritmo esperado.,Ver meus KMs,open_km,inbox,0.82,delivered,False,pending,synthetic_llm_personalization,Synthetic trigger for franquia_km; not a Localiza rule.
REC1712,CUST0005,VEH0005,CONTR0005,CTX0902,SYNTHETIC,2026-08-03,support,medium,Sinal de suporte,Detectamos um sinal que pode exigir atenção.,Abrir suporte,open_support,inbox,0.914,opened,False,scheduled,hybrid_recommendation,Synthetic trigger for support; not a Localiza rule.
REC1713,CUST0055,VEH0055,CONTR0055,CTX0503,SYNTHETIC,2026-08-06,franquia_km,high,Ritmo de uso de KM,Você está usando sua franquia acima do ritmo esperado.,Ver meus KMs,open_km,inbox,0.829,opened,False,need_resolved,hybrid_recommendation,Synthetic trigger for franquia_km; not a Localiza rule.
REC1714,CUST0459,VEH0059,CONTR0459,CTX0459,SYNTHETIC,2026-09-11,franquia_km,high,Ritmo de uso de KM,Você está usando sua franquia acima do ritmo esperado.,Ver meus KMs,open_km,push,0.834,opened,False,need_resolved,rule_engine,Synthetic trigger for franquia_km; not a Localiza rule.
REC1715,CUST0324,VEH0024,CONTR0324,CTX0324,SYNTHETIC,2026-08-10,maintenance,high,Manutenção próxima,Sua revisão está próxima.,Agendar revisão,schedule_maintenance,in_app,0.981,delivered,False,pending,rule_engine,Synthetic trigger for maintenance; not a Localiza rule.
REC1716,CUST0431,VEH0031,CONTR0431,CTX2915,SYNTHETIC,2026-09-07,franquia_km,high,Ritmo de uso de KM,Você está usando sua franquia acima do ritmo esperado.,Ver meus KMs,open_km,in_app,0.742,acted,True,viewed,synthetic_llm_personalization,Synthetic trigger for franquia_km; not a Localiza rule.
REC1717,CUST0130,VEH0030,CONTR0130,CTX1824,SYNTHETIC,2026-08-28,maintenance,high,Manutenção próxima,Sua revisão está próxima.,Agendar revisão,schedule_maintenance,in_app,0.803,delivered,False,pending,synthetic_llm_personalization,Synthetic trigger for maintenance; not a Localiza rule.
REC1718,CUST0414,VEH0014,CONTR0414,CTX0414,SYNTHETIC,2026-09-01,maintenance,high,Manutenção próxima,Sua revisão está próxima.,Agendar revisão,schedule_maintenance,push,0.798,acted,True,need_resolved,synthetic_llm_personalization,Synthetic trigger for maintenance; not a Localiza rule.
REC1719,CUST0159,VEH0059,CONTR0159,CTX0159,SYNTHETIC,2026-09-14,franquia_km,high,Ritmo de uso de KM,Você está usando sua franquia acima do ritmo esperado.,Ver meus KMs,open_km,inbox,0.961,opened,False,viewed,rule_engine,Synthetic trigger for franquia_km; not a Localiza rule.
REC1720,CUST0392,VEH0092,CONTR0392,CTX0392,SYNTHETIC,2026-09-03,renewal,medium,Renovação próxima,Seu contrato entra em período de renovação.,Revisar meu contrato,review_contract,push,0.788,opened,False,no_action,rule_engine,Synthetic trigger for renewal; not a Localiza rule.
REC1721,CUST0060,VEH0060,CONTR0060,CTX2860,SYNTHETIC,2026-09-04,maintenance,high,Manutenção próxima,Sua revisão está próxima.,Agendar revisão,schedule_maintenance,push,0.865,opened,False,viewed,hybrid_recommendation,Synthetic trigger for maintenance; not a Localiza rule.
REC1722,CUST0340,VEH0040,CONTR0340,CTX1935,SYNTHETIC,2026-09-15,franquia_km,high,Ritmo de uso de KM,Você está usando sua franquia acima do ritmo esperado.,Ver meus KMs,open_km,push,0.841,opened,False,no_action,hybrid_recommendation,Synthetic trigger for franquia_km; not a Localiza rule.
REC1723,CUST0233,VEH0033,CONTR0233,CTX1441,SYNTHETIC,2026-08-26,franquia_km,high,Ritmo de uso de KM,Você está usando sua franquia acima do ritmo esperado.,Ver meus KMs,open_km,inbox,0.669,acted,True,no_action,rule_engine,Synthetic trigger for franquia_km; not a Localiza rule.
REC1724,CUST0070,VEH0070,CONTR0070,CTX2844,SYNTHETIC,2026-09-04,maintenance,high,Manutenção próxima,Sua revisão está próxima.,Agendar revisão,schedule_maintenance,inbox,0.658,opened,False,viewed,hybrid_recommendation,Synthetic trigger for maintenance; not a Localiza rule.
REC1725,CUST0054,VEH0054,CONTR0054,CTX1936,SYNTHETIC,2026-08-03,maintenance,high,Manutenção próxima,Sua revisão está próxima.,Agendar revisão,schedule_maintenance,in_app,0.839,opened,False,scheduled,rule_engine,Synthetic trigger for maintenance; not a Localiza rule.
REC1726,CUST0316,VEH0016,CONTR0316,CTX1685,SYNTHETIC,2026-08-20,franquia_km,high,Ritmo de uso de KM,Você está usando sua franquia acima do ritmo esperado.,Ver meus KMs,open_km,inbox,0.828,acted,True,scheduled,rule_engine,Synthetic trigger for franquia_km; not a Localiza rule.
REC1727,CUST0184,VEH0084,CONTR0184,CTX2426,SYNTHETIC,2026-08-15,support,high,Sinal de suporte,Detectamos um sinal que pode exigir atenção.,Abrir suporte,open_support,push,0.713,acted,True,no_action,hybrid_recommendation,Synthetic trigger for support; not a Localiza rule.
REC1728,CUST0045,VEH0045,CONTR0045,CTX0045,SYNTHETIC,2026-08-31,maintenance,high,Manutenção próxima,Sua revisão está próxima.,Agendar revisão,schedule_maintenance,push,0.868,opened,False,need_resolved,synthetic_llm_personalization,Synthetic trigger for maintenance; not a Localiza rule.
REC1729,CUST0468,VEH0068,CONTR0468,CTX1250,SYNTHETIC,2026-09-26,maintenance,high,Manutenção próxima,Sua revisão está próxima.,Agendar revisão,schedule_maintenance,inbox,0.754,acted,True,scheduled,hybrid_recommendation,Synthetic trigger for maintenance; not a Localiza rule.
REC1730,CUST0075,VEH0075,CONTR0075,CTX2439,SYNTHETIC,2026-08-21,maintenance,high,Manutenção próxima,Sua revisão está próxima.,Agendar revisão,schedule_maintenance,push,0.661,opened,False,need_resolved,rule_engine,Synthetic trigger for maintenance; not a Localiza rule.
REC1731,CUST0421,VEH0021,CONTR0421,CTX1468,SYNTHETIC,2026-09-07,maintenance,high,Manutenção próxima,Sua revisão está próxima.,Agendar revisão,schedule_maintenance,inbox,0.932,opened,False,no_action,rule_engine,Synthetic trigger for maintenance; not a Localiza rule.
REC1732,CUST0146,VEH0046,CONTR0146,CTX2986,SYNTHETIC,2026-08-26,franquia_km,high,Ritmo de uso de KM,Você está usando sua franquia acima do ritmo esperado.,Ver meus KMs,open_km,in_app,0.652,acted,True,need_resolved,hybrid_recommendation,Synthetic trigger for franquia_km; not a Localiza rule.
REC1733,CUST0201,VEH0001,CONTR0201,CTX1997,SYNTHETIC,2026-08-25,franquia_km,high,Ritmo de uso de KM,Você está usando sua franquia acima do ritmo esperado.,Ver meus KMs,open_km,push,0.755,acted,True,viewed,synthetic_llm_personalization,Synthetic trigger for franquia_km; not a Localiza rule.
REC1734,CUST0128,VEH0028,CONTR0128,CTX0128,SYNTHETIC,2026-09-01,franquia_km,high,Ritmo de uso de KM,Você está usando sua franquia acima do ritmo esperado.,Ver meus KMs,open_km,inbox,0.946,delivered,False,pending,hybrid_recommendation,Synthetic trigger for franquia_km; not a Localiza rule.
REC1735,CUST0067,VEH0067,CONTR0067,CTX2457,SYNTHETIC,2026-08-07,renewal,medium,Renovação próxima,Seu contrato entra em período de renovação.,Revisar meu contrato,review_contract,inbox,0.885,acted,True,need_resolved,synthetic_llm_personalization,Synthetic trigger for renewal; not a Localiza rule.
REC1736,CUST0162,VEH0062,CONTR0162,CTX1548,SYNTHETIC,2026-08-20,renewal,high,Renovação próxima,Seu contrato entra em período de renovação.,Revisar meu contrato,review_contract,inbox,0.837,delivered,False,pending,synthetic_llm_personalization,Synthetic trigger for renewal; not a Localiza rule.
REC1737,CUST0479,VEH0079,CONTR0479,CTX2602,SYNTHETIC,2026-09-28,maintenance,high,Manutenção próxima,Sua revisão está próxima.,Agendar revisão,schedule_maintenance,push,0.913,acted,True,scheduled,rule_engine,Synthetic trigger for maintenance; not a Localiza rule.
REC1738,CUST0056,VEH0056,CONTR0056,CTX1782,SYNTHETIC,2026-08-13,support,medium,Sinal de suporte,Detectamos um sinal que pode exigir atenção.,Abrir suporte,open_support,push,0.844,opened,False,need_resolved,rule_engine,Synthetic trigger for support; not a Localiza rule.
REC1739,CUST0384,VEH0084,CONTR0384,CTX2131,SYNTHETIC,2026-08-28,franquia_km,high,Ritmo de uso de KM,Você está usando sua franquia acima do ritmo esperado.,Ver meus KMs,open_km,inbox,0.877,delivered,False,pending,rule_engine,Synthetic trigger for franquia_km; not a Localiza rule.
REC1740,CUST0443,VEH0043,CONTR0443,CTX0443,SYNTHETIC,2026-09-26,franquia_km,high,Ritmo de uso de KM,Você está usando sua franquia acima do ritmo esperado.,Ver meus KMs,open_km,in_app,0.877,acted,True,viewed,rule_engine,Synthetic trigger for franquia_km; not a Localiza rule.
REC1741,CUST0328,VEH0028,CONTR0328,CTX0695,SYNTHETIC,2026-09-05,maintenance,high,Manutenção próxima,Sua revisão está próxima.,Agendar revisão,schedule_maintenance,push,0.71,dismissed,False,pending,hybrid_recommendation,Synthetic trigger for maintenance; not a Localiza rule.
REC1742,CUST0216,VEH0016,CONTR0216,CTX1729,SYNTHETIC,2026-08-21,maintenance,high,Manutenção próxima,Sua revisão está próxima.,Agendar revisão,schedule_maintenance,push,0.909,acted,True,no_action,hybrid_recommendation,Synthetic trigger for maintenance; not a Localiza rule.
REC1743,CUST0072,VEH0072,CONTR0072,CTX2486,SYNTHETIC,2026-08-04,franquia_km,high,Ritmo de uso de KM,Você está usando sua franquia acima do ritmo esperado.,Ver meus KMs,open_km,push,0.671,acted,True,viewed,rule_engine,Synthetic trigger for franquia_km; not a Localiza rule.
REC1744,CUST0146,VEH0046,CONTR0146,CTX2493,SYNTHETIC,2026-08-19,franquia_km,high,Ritmo de uso de KM,Você está usando sua franquia acima do ritmo esperado.,Ver meus KMs,open_km,push,0.677,dismissed,False,pending,hybrid_recommendation,Synthetic trigger for franquia_km; not a Localiza rule.
REC1745,CUST0008,VEH0008,CONTR0008,CTX0621,SYNTHETIC,2026-08-06,maintenance,high,Manutenção próxima,Sua revisão está próxima.,Agendar revisão,schedule_maintenance,push,0.715,acted,True,no_action,hybrid_recommendation,Synthetic trigger for maintenance; not a Localiza rule.
REC1746,CUST0184,VEH0084,CONTR0184,CTX2355,SYNTHETIC,2026-08-03,maintenance,high,Manutenção próxima,Sua revisão está próxima.,Agendar revisão,schedule_maintenance,push,0.842,acted,True,scheduled,rule_engine,Synthetic trigger for maintenance; not a Localiza rule.
REC1747,CUST0134,VEH0034,CONTR0134,CTX0134,SYNTHETIC,2026-08-06,franquia_km,high,Ritmo de uso de KM,Você está usando sua franquia acima do ritmo esperado.,Ver meus KMs,open_km,push,0.706,acted,True,scheduled,rule_engine,Synthetic trigger for franquia_km; not a Localiza rule.
REC1748,CUST0026,VEH0026,CONTR0026,CTX0026,SYNTHETIC,2026-09-14,support,medium,Sinal de suporte,Detectamos um sinal que pode exigir atenção.,Abrir suporte,open_support,inbox,0.729,dismissed,False,pending,synthetic_llm_personalization,Synthetic trigger for support; not a Localiza rule.
REC1749,CUST0127,VEH0027,CONTR0127,CTX2480,SYNTHETIC,2026-08-31,franquia_km,high,Ritmo de uso de KM,Você está usando sua franquia acima do ritmo esperado.,Ver meus KMs,open_km,push,0.89,delivered,False,pending,hybrid_recommendation,Synthetic trigger for franquia_km; not a Localiza rule.
REC1750,CUST0330,VEH0030,CONTR0330,CTX2515,SYNTHETIC,2026-09-22,maintenance,high,Manutenção próxima,Sua revisão está próxima.,Agendar revisão,schedule_maintenance,inbox,0.889,acted,True,viewed,synthetic_llm_personalization,Synthetic trigger for maintenance; not a Localiza rule.
REC1751,CUST0234,VEH0034,CONTR0234,CTX2185,SYNTHETIC,2026-08-04,franquia_km,high,Ritmo de uso de KM,Você está usando sua franquia acima do ritmo esperado.,Ver meus KMs,open_km,push,0.886,opened,False,viewed,synthetic_llm_personalization,Synthetic trigger for franquia_km; not a Localiza rule.
REC1752,CUST0028,VEH0028,CONTR0028,CTX1397,SYNTHETIC,2026-08-05,franquia_km,high,Ritmo de uso de KM,Você está usando sua franquia acima do ritmo esperado.,Ver meus KMs,open_km,push,0.971,dismissed,False,pending,rule_engine,Synthetic trigger for franquia_km; not a Localiza rule.
REC1753,CUST0135,VEH0035,CONTR0135,CTX2281,SYNTHETIC,2026-09-01,maintenance,high,Manutenção próxima,Sua revisão está próxima.,Agendar revisão,schedule_maintenance,in_app,0.918,dismissed,False,pending,synthetic_llm_personalization,Synthetic trigger for maintenance; not a Localiza rule.
REC1754,CUST0413,VEH0013,CONTR0413,CTX0413,SYNTHETIC,2026-08-12,low_use,medium,Baixo uso,Seu carro teve pouco uso no período recente.,Ver minha mobilidade,open_mobility,in_app,0.789,delivered,False,pending,synthetic_llm_personalization,Synthetic trigger for low_use; not a Localiza rule.
REC1755,CUST0460,VEH0060,CONTR0460,CTX2143,SYNTHETIC,2026-09-30,franquia_km,high,Ritmo de uso de KM,Você está usando sua franquia acima do ritmo esperado.,Ver meus KMs,open_km,in_app,0.853,acted,True,no_action,synthetic_llm_personalization,Synthetic trigger for franquia_km; not a Localiza rule.
REC1756,CUST0150,VEH0050,CONTR0150,CTX1962,SYNTHETIC,2026-09-21,long_trip,medium,Padrão de viagem,Você vem fazendo viagens longas com frequência.,Preparar viagem,open_planner,inbox,0.844,acted,True,need_resolved,hybrid_recommendation,Synthetic trigger for long_trip; not a Localiza rule.
REC1757,CUST0326,VEH0026,CONTR0326,CTX2537,SYNTHETIC,2026-09-23,franquia_km,high,Ritmo de uso de KM,Você está usando sua franquia acima do ritmo esperado.,Ver meus KMs,open_km,inbox,0.693,delivered,False,pending,hybrid_recommendation,Synthetic trigger for franquia_km; not a Localiza rule.
REC1758,CUST0260,VEH0060,CONTR0260,CTX2643,SYNTHETIC,2026-09-01,franquia_km,high,Ritmo de uso de KM,Você está usando sua franquia acima do ritmo esperado.,Ver meus KMs,open_km,in_app,0.979,dismissed,False,pending,rule_engine,Synthetic trigger for franquia_km; not a Localiza rule.
REC1759,CUST0146,VEH0046,CONTR0146,CTX2986,SYNTHETIC,2026-10-01,franquia_km,high,Ritmo de uso de KM,Você está usando sua franquia acima do ritmo esperado.,Ver meus KMs,open_km,push,0.869,acted,True,no_action,synthetic_llm_personalization,Synthetic trigger for franquia_km; not a Localiza rule.
REC1760,CUST0294,VEH0094,CONTR0294,CTX2856,SYNTHETIC,2026-08-09,maintenance,high,Manutenção próxima,Sua revisão está próxima.,Agendar revisão,schedule_maintenance,inbox,0.903,acted,True,scheduled,hybrid_recommendation,Synthetic trigger for maintenance; not a Localiza rule.
REC1761,CUST0348,VEH0048,CONTR0348,CTX1565,SYNTHETIC,2026-09-24,support,medium,Sinal de suporte,Detectamos um sinal que pode exigir atenção.,Abrir suporte,open_support,inbox,0.7,opened,False,scheduled,hybrid_recommendation,Synthetic trigger for support; not a Localiza rule.
REC1762,CUST0105,VEH0005,CONTR0105,CTX1572,SYNTHETIC,2026-09-02,maintenance,high,Manutenção próxima,Sua revisão está próxima.,Agendar revisão,schedule_maintenance,inbox,0.659,acted,True,need_resolved,hybrid_recommendation,Synthetic trigger for maintenance; not a Localiza rule.
REC1763,CUST0437,VEH0037,CONTR0437,CTX1981,SYNTHETIC,2026-08-16,long_trip,medium,Padrão de viagem,Você vem fazendo viagens longas com frequência.,Preparar viagem,open_planner,in_app,0.851,delivered,False,pending,synthetic_llm_personalization,Synthetic trigger for long_trip; not a Localiza rule.
REC1764,CUST0333,VEH0033,CONTR0333,CTX0986,SYNTHETIC,2026-08-28,maintenance,high,Manutenção próxima,Sua revisão está próxima.,Agendar revisão,schedule_maintenance,inbox,0.916,dismissed,False,pending,hybrid_recommendation,Synthetic trigger for maintenance; not a Localiza rule.
REC1765,CUST0439,VEH0039,CONTR0439,CTX1814,SYNTHETIC,2026-09-18,maintenance,high,Manutenção próxima,Sua revisão está próxima.,Agendar revisão,schedule_maintenance,inbox,0.898,acted,True,need_resolved,rule_engine,Synthetic trigger for maintenance; not a Localiza rule.
REC1766,CUST0268,VEH0068,CONTR0268,CTX0581,SYNTHETIC,2026-09-25,franquia_km,high,Ritmo de uso de KM,Você está usando sua franquia acima do ritmo esperado.,Ver meus KMs,open_km,in_app,0.712,delivered,False,pending,hybrid_recommendation,Synthetic trigger for franquia_km; not a Localiza rule.
REC1767,CUST0327,VEH0027,CONTR0327,CTX0868,SYNTHETIC,2026-09-26,maintenance,high,Manutenção próxima,Sua revisão está próxima.,Agendar revisão,schedule_maintenance,push,0.737,acted,True,no_action,synthetic_llm_personalization,Synthetic trigger for maintenance; not a Localiza rule.
REC1768,CUST0259,VEH0059,CONTR0259,CTX2288,SYNTHETIC,2026-09-02,franquia_km,high,Ritmo de uso de KM,Você está usando sua franquia acima do ritmo esperado.,Ver meus KMs,open_km,inbox,0.98,delivered,False,pending,rule_engine,Synthetic trigger for franquia_km; not a Localiza rule.
REC1769,CUST0250,VEH0050,CONTR0250,CTX0250,SYNTHETIC,2026-09-30,maintenance,high,Manutenção próxima,Sua revisão está próxima.,Agendar revisão,schedule_maintenance,inbox,0.776,delivered,False,pending,synthetic_llm_personalization,Synthetic trigger for maintenance; not a Localiza rule.
REC1770,CUST0370,VEH0070,CONTR0370,CTX0370,SYNTHETIC,2026-08-03,franquia_km,high,Ritmo de uso de KM,Você está usando sua franquia acima do ritmo esperado.,Ver meus KMs,open_km,in_app,0.781,acted,True,scheduled,rule_engine,Synthetic trigger for franquia_km; not a Localiza rule.
REC1771,CUST0228,VEH0028,CONTR0228,CTX2311,SYNTHETIC,2026-08-20,maintenance,high,Manutenção próxima,Sua revisão está próxima.,Agendar revisão,schedule_maintenance,in_app,0.694,opened,False,viewed,hybrid_recommendation,Synthetic trigger for maintenance; not a Localiza rule.
REC1772,CUST0079,VEH0079,CONTR0079,CTX0079,SYNTHETIC,2026-08-31,renewal,medium,Renovação próxima,Seu contrato entra em período de renovação.,Revisar meu contrato,review_contract,inbox,0.829,dismissed,False,pending,hybrid_recommendation,Synthetic trigger for renewal; not a Localiza rule.
REC1773,CUST0379,VEH0079,CONTR0379,CTX2621,SYNTHETIC,2026-08-12,maintenance,high,Manutenção próxima,Sua revisão está próxima.,Agendar revisão,schedule_maintenance,inbox,0.938,opened,False,scheduled,hybrid_recommendation,Synthetic trigger for maintenance; not a Localiza rule.
REC1774,CUST0310,VEH0010,CONTR0310,CTX2438,SYNTHETIC,2026-08-20,franquia_km,high,Ritmo de uso de KM,Você está usando sua franquia acima do ritmo esperado.,Ver meus KMs,open_km,push,0.705,opened,False,scheduled,synthetic_llm_personalization,Synthetic trigger for franquia_km; not a Localiza rule.
REC1775,CUST0302,VEH0002,CONTR0302,CTX1645,SYNTHETIC,2026-09-19,support,medium,Sinal de suporte,Detectamos um sinal que pode exigir atenção.,Abrir suporte,open_support,push,0.842,acted,True,need_resolved,synthetic_llm_personalization,Synthetic trigger for support; not a Localiza rule.
REC1776,CUST0154,VEH0054,CONTR0154,CTX2198,SYNTHETIC,2026-08-19,maintenance,high,Manutenção próxima,Sua revisão está próxima.,Agendar revisão,schedule_maintenance,inbox,0.835,delivered,False,pending,rule_engine,Synthetic trigger for maintenance; not a Localiza rule.
REC1777,CUST0260,VEH0060,CONTR0260,CTX2643,SYNTHETIC,2026-08-17,franquia_km,high,Ritmo de uso de KM,Você está usando sua franquia acima do ritmo esperado.,Ver meus KMs,open_km,inbox,0.702,opened,False,scheduled,hybrid_recommendation,Synthetic trigger for franquia_km; not a Localiza rule.
REC1778,CUST0414,VEH0014,CONTR0414,CTX0586,SYNTHETIC,2026-09-05,maintenance,high,Manutenção próxima,Sua revisão está próxima.,Agendar revisão,schedule_maintenance,push,0.686,delivered,False,pending,synthetic_llm_personalization,Synthetic trigger for maintenance; not a Localiza rule.
REC1779,CUST0371,VEH0071,CONTR0371,CTX2854,SYNTHETIC,2026-09-01,renewal,medium,Renovação próxima,Seu contrato entra em período de renovação.,Revisar meu contrato,review_contract,push,0.802,opened,False,no_action,rule_engine,Synthetic trigger for renewal; not a Localiza rule.
REC1780,CUST0185,VEH0085,CONTR0185,CTX2948,SYNTHETIC,2026-09-17,franquia_km,high,Ritmo de uso de KM,Você está usando sua franquia acima do ritmo esperado.,Ver meus KMs,open_km,in_app,0.977,opened,False,need_resolved,synthetic_llm_personalization,Synthetic trigger for franquia_km; not a Localiza rule.
REC1781,CUST0229,VEH0029,CONTR0229,CTX2628,SYNTHETIC,2026-09-17,franquia_km,high,Ritmo de uso de KM,Você está usando sua franquia acima do ritmo esperado.,Ver meus KMs,open_km,in_app,0.92,dismissed,False,pending,rule_engine,Synthetic trigger for franquia_km; not a Localiza rule.
REC1782,CUST0329,VEH0029,CONTR0329,CTX0973,SYNTHETIC,2026-09-07,franquia_km,high,Ritmo de uso de KM,Você está usando sua franquia acima do ritmo esperado.,Ver meus KMs,open_km,in_app,0.86,opened,False,no_action,synthetic_llm_personalization,Synthetic trigger for franquia_km; not a Localiza rule.
REC1783,CUST0049,VEH0049,CONTR0049,CTX2539,SYNTHETIC,2026-09-22,maintenance,high,Manutenção próxima,Sua revisão está próxima.,Agendar revisão,schedule_maintenance,in_app,0.923,acted,True,need_resolved,rule_engine,Synthetic trigger for maintenance; not a Localiza rule.
REC1784,CUST0088,VEH0088,CONTR0088,CTX2507,SYNTHETIC,2026-09-12,franquia_km,high,Ritmo de uso de KM,Você está usando sua franquia acima do ritmo esperado.,Ver meus KMs,open_km,inbox,0.858,opened,False,viewed,synthetic_llm_personalization,Synthetic trigger for franquia_km; not a Localiza rule.
REC1785,CUST0344,VEH0044,CONTR0344,CTX2740,SYNTHETIC,2026-10-01,franquia_km,high,Ritmo de uso de KM,Você está usando sua franquia acima do ritmo esperado.,Ver meus KMs,open_km,push,0.691,delivered,False,pending,rule_engine,Synthetic trigger for franquia_km; not a Localiza rule.
REC1786,CUST0483,VEH0083,CONTR0483,CTX0818,SYNTHETIC,2026-08-05,franquia_km,high,Ritmo de uso de KM,Você está usando sua franquia acima do ritmo esperado.,Ver meus KMs,open_km,inbox,0.668,delivered,False,pending,synthetic_llm_personalization,Synthetic trigger for franquia_km; not a Localiza rule.
REC1787,CUST0403,VEH0003,CONTR0403,CTX2219,SYNTHETIC,2026-10-01,maintenance,high,Manutenção próxima,Sua revisão está próxima.,Agendar revisão,schedule_maintenance,push,0.956,acted,True,no_action,hybrid_recommendation,Synthetic trigger for maintenance; not a Localiza rule.
REC1788,CUST0307,VEH0007,CONTR0307,CTX1072,SYNTHETIC,2026-08-27,franquia_km,high,Ritmo de uso de KM,Você está usando sua franquia acima do ritmo esperado.,Ver meus KMs,open_km,push,0.865,delivered,False,pending,synthetic_llm_personalization,Synthetic trigger for franquia_km; not a Localiza rule.
REC1789,CUST0086,VEH0086,CONTR0086,CTX2766,SYNTHETIC,2026-09-07,maintenance,high,Manutenção próxima,Sua revisão está próxima.,Agendar revisão,schedule_maintenance,in_app,0.711,acted,True,no_action,hybrid_recommendation,Synthetic trigger for maintenance; not a Localiza rule.
REC1790,CUST0100,VEH0100,CONTR0100,CTX0100,SYNTHETIC,2026-09-21,maintenance,high,Manutenção próxima,Sua revisão está próxima.,Agendar revisão,schedule_maintenance,inbox,0.738,dismissed,False,pending,rule_engine,Synthetic trigger for maintenance; not a Localiza rule.
REC1791,CUST0276,VEH0076,CONTR0276,CTX0935,SYNTHETIC,2026-09-03,maintenance,high,Manutenção próxima,Sua revisão está próxima.,Agendar revisão,schedule_maintenance,push,0.802,acted,True,scheduled,synthetic_llm_personalization,Synthetic trigger for maintenance; not a Localiza rule.
REC1792,CUST0050,VEH0050,CONTR0050,CTX1308,SYNTHETIC,2026-08-21,franquia_km,high,Ritmo de uso de KM,Você está usando sua franquia acima do ritmo esperado.,Ver meus KMs,open_km,inbox,0.741,opened,False,need_resolved,synthetic_llm_personalization,Synthetic trigger for franquia_km; not a Localiza rule.
REC1793,CUST0362,VEH0062,CONTR0362,CTX2629,SYNTHETIC,2026-08-19,maintenance,high,Manutenção próxima,Sua revisão está próxima.,Agendar revisão,schedule_maintenance,inbox,0.98,opened,False,no_action,rule_engine,Synthetic trigger for maintenance; not a Localiza rule.
REC1794,CUST0325,VEH0025,CONTR0325,CTX1429,SYNTHETIC,2026-10-01,long_trip,medium,Padrão de viagem,Você vem fazendo viagens longas com frequência.,Preparar viagem,open_planner,inbox,0.972,acted,True,scheduled,hybrid_recommendation,Synthetic trigger for long_trip; not a Localiza rule.
REC1795,CUST0229,VEH0029,CONTR0229,CTX0229,SYNTHETIC,2026-09-03,franquia_km,high,Ritmo de uso de KM,Você está usando sua franquia acima do ritmo esperado.,Ver meus KMs,open_km,in_app,0.876,acted,True,no_action,synthetic_llm_personalization,Synthetic trigger for franquia_km; not a Localiza rule.
REC1796,CUST0170,VEH0070,CONTR0170,CTX0170,SYNTHETIC,2026-09-28,franquia_km,high,Ritmo de uso de KM,Você está usando sua franquia acima do ritmo esperado.,Ver meus KMs,open_km,push,0.879,acted,True,scheduled,hybrid_recommendation,Synthetic trigger for franquia_km; not a Localiza rule.
REC1797,CUST0046,VEH0046,CONTR0046,CTX0046,SYNTHETIC,2026-08-02,renewal,medium,Renovação próxima,Seu contrato entra em período de renovação.,Revisar meu contrato,review_contract,in_app,0.68,acted,True,no_action,hybrid_recommendation,Synthetic trigger for renewal; not a Localiza rule.
REC1798,CUST0067,VEH0067,CONTR0067,CTX0067,SYNTHETIC,2026-08-25,renewal,medium,Renovação próxima,Seu contrato entra em período de renovação.,Revisar meu contrato,review_contract,in_app,0.743,opened,False,viewed,hybrid_recommendation,Synthetic trigger for renewal; not a Localiza rule.
REC1799,CUST0220,VEH0020,CONTR0220,CTX0220,SYNTHETIC,2026-08-16,maintenance,high,Manutenção próxima,Sua revisão está próxima.,Agendar revisão,schedule_maintenance,push,0.883,acted,True,need_resolved,rule_engine,Synthetic trigger for maintenance; not a Localiza rule.
REC1800,CUST0369,VEH0069,CONTR0369,CTX2421,SYNTHETIC,2026-09-14,renewal,medium,Renovação próxima,Seu contrato entra em período de renovação.,Revisar meu contrato,review_contract,in_app,0.743,delivered,False,pending,rule_engine,Synthetic trigger for renewal; not a Localiza rule.
REC1801,CUST0394,VEH0094,CONTR0394,CTX0540,SYNTHETIC,2026-09-20,renewal,medium,Renovação próxima,Seu contrato entra em período de renovação.,Revisar meu contrato,review_contract,push,0.872,delivered,False,pending,hybrid_recommendation,Synthetic trigger for renewal; not a Localiza rule.
REC1802,CUST0233,VEH0033,CONTR0233,CTX2545,SYNTHETIC,2026-09-02,franquia_km,high,Ritmo de uso de KM,Você está usando sua franquia acima do ritmo esperado.,Ver meus KMs,open_km,push,0.793,acted,True,no_action,hybrid_recommendation,Synthetic trigger for franquia_km; not a Localiza rule.
REC1803,CUST0382,VEH0082,CONTR0382,CTX1939,SYNTHETIC,2026-08-25,franquia_km,high,Ritmo de uso de KM,Você está usando sua franquia acima do ritmo esperado.,Ver meus KMs,open_km,inbox,0.812,acted,True,viewed,rule_engine,Synthetic trigger for franquia_km; not a Localiza rule.
REC1804,CUST0392,VEH0092,CONTR0392,CTX0392,SYNTHETIC,2026-09-04,renewal,medium,Renovação próxima,Seu contrato entra em período de renovação.,Revisar meu contrato,review_contract,inbox,0.76,opened,False,need_resolved,synthetic_llm_personalization,Synthetic trigger for renewal; not a Localiza rule.
REC1805,CUST0078,VEH0078,CONTR0078,CTX0980,SYNTHETIC,2026-09-12,maintenance,high,Manutenção próxima,Sua revisão está próxima.,Agendar revisão,schedule_maintenance,push,0.909,acted,True,scheduled,rule_engine,Synthetic trigger for maintenance; not a Localiza rule.
REC1806,CUST0160,VEH0060,CONTR0160,CTX1787,SYNTHETIC,2026-08-07,franquia_km,high,Ritmo de uso de KM,Você está usando sua franquia acima do ritmo esperado.,Ver meus KMs,open_km,push,0.935,acted,True,no_action,hybrid_recommendation,Synthetic trigger for franquia_km; not a Localiza rule.
REC1807,CUST0113,VEH0013,CONTR0113,CTX2661,SYNTHETIC,2026-08-09,renewal,high,Renovação próxima,Seu contrato entra em período de renovação.,Revisar meu contrato,review_contract,in_app,0.759,opened,False,viewed,rule_engine,Synthetic trigger for renewal; not a Localiza rule.
REC1808,CUST0279,VEH0079,CONTR0279,CTX2232,SYNTHETIC,2026-08-17,benefit,medium,Benefício contextual,Encontramos um benefício relevante para sua rotina.,Ver benefício,open_benefit,inbox,0.674,dismissed,False,pending,hybrid_recommendation,Synthetic trigger for benefit; not a Localiza rule.
REC1809,CUST0077,VEH0077,CONTR0077,CTX1641,SYNTHETIC,2026-08-11,maintenance,high,Manutenção próxima,Sua revisão está próxima.,Agendar revisão,schedule_maintenance,inbox,0.778,dismissed,False,pending,hybrid_recommendation,Synthetic trigger for maintenance; not a Localiza rule.
REC1810,CUST0445,VEH0045,CONTR0445,CTX0445,SYNTHETIC,2026-09-28,maintenance,high,Manutenção próxima,Sua revisão está próxima.,Agendar revisão,schedule_maintenance,push,0.785,acted,True,no_action,synthetic_llm_personalization,Synthetic trigger for maintenance; not a Localiza rule.
REC1811,CUST0028,VEH0028,CONTR0028,CTX1027,SYNTHETIC,2026-08-07,franquia_km,high,Ritmo de uso de KM,Você está usando sua franquia acima do ritmo esperado.,Ver meus KMs,open_km,push,0.67,opened,False,need_resolved,hybrid_recommendation,Synthetic trigger for franquia_km; not a Localiza rule.
REC1812,CUST0061,VEH0061,CONTR0061,CTX0061,SYNTHETIC,2026-08-22,maintenance,high,Manutenção próxima,Sua revisão está próxima.,Agendar revisão,schedule_maintenance,inbox,0.81,acted,True,no_action,synthetic_llm_personalization,Synthetic trigger for maintenance; not a Localiza rule.
REC1813,CUST0104,VEH0004,CONTR0104,CTX0104,SYNTHETIC,2026-09-29,low_use,medium,Baixo uso,Seu carro teve pouco uso no período recente.,Ver minha mobilidade,open_mobility,inbox,0.966,opened,False,no_action,synthetic_llm_personalization,Synthetic trigger for low_use; not a Localiza rule.
REC1814,CUST0025,VEH0025,CONTR0025,CTX2242,SYNTHETIC,2026-08-23,franquia_km,high,Ritmo de uso de KM,Você está usando sua franquia acima do ritmo esperado.,Ver meus KMs,open_km,push,0.931,opened,False,scheduled,rule_engine,Synthetic trigger for franquia_km; not a Localiza rule.
REC1815,CUST0310,VEH0010,CONTR0310,CTX2438,SYNTHETIC,2026-08-30,franquia_km,high,Ritmo de uso de KM,Você está usando sua franquia acima do ritmo esperado.,Ver meus KMs,open_km,inbox,0.905,delivered,False,pending,synthetic_llm_personalization,Synthetic trigger for franquia_km; not a Localiza rule.
REC1816,CUST0265,VEH0065,CONTR0265,CTX1628,SYNTHETIC,2026-08-26,maintenance,high,Manutenção próxima,Sua revisão está próxima.,Agendar revisão,schedule_maintenance,inbox,0.823,opened,False,scheduled,hybrid_recommendation,Synthetic trigger for maintenance; not a Localiza rule.
REC1817,CUST0399,VEH0099,CONTR0399,CTX1228,SYNTHETIC,2026-08-29,maintenance,high,Manutenção próxima,Sua revisão está próxima.,Agendar revisão,schedule_maintenance,inbox,0.783,acted,True,no_action,rule_engine,Synthetic trigger for maintenance; not a Localiza rule.
REC1818,CUST0229,VEH0029,CONTR0229,CTX0722,SYNTHETIC,2026-09-20,franquia_km,high,Ritmo de uso de KM,Você está usando sua franquia acima do ritmo esperado.,Ver meus KMs,open_km,inbox,0.73,dismissed,False,pending,rule_engine,Synthetic trigger for franquia_km; not a Localiza rule.
REC1819,CUST0292,VEH0092,CONTR0292,CTX2497,SYNTHETIC,2026-09-15,maintenance,high,Manutenção próxima,Sua revisão está próxima.,Agendar revisão,schedule_maintenance,push,0.927,dismissed,False,pending,synthetic_llm_personalization,Synthetic trigger for maintenance; not a Localiza rule.
REC1820,CUST0182,VEH0082,CONTR0182,CTX0182,SYNTHETIC,2026-09-19,franquia_km,high,Ritmo de uso de KM,Você está usando sua franquia acima do ritmo esperado.,Ver meus KMs,open_km,in_app,0.781,delivered,False,pending,rule_engine,Synthetic trigger for franquia_km; not a Localiza rule.
REC1821,CUST0373,VEH0073,CONTR0373,CTX2278,SYNTHETIC,2026-08-09,franquia_km,high,Ritmo de uso de KM,Você está usando sua franquia acima do ritmo esperado.,Ver meus KMs,open_km,push,0.78,delivered,False,pending,synthetic_llm_personalization,Synthetic trigger for franquia_km; not a Localiza rule.
REC1822,CUST0268,VEH0068,CONTR0268,CTX0268,SYNTHETIC,2026-08-28,franquia_km,high,Ritmo de uso de KM,Você está usando sua franquia acima do ritmo esperado.,Ver meus KMs,open_km,in_app,0.958,opened,False,scheduled,hybrid_recommendation,Synthetic trigger for franquia_km; not a Localiza rule.
REC1823,CUST0386,VEH0086,CONTR0386,CTX2074,SYNTHETIC,2026-08-09,maintenance,high,Manutenção próxima,Sua revisão está próxima.,Agendar revisão,schedule_maintenance,in_app,0.868,acted,True,no_action,rule_engine,Synthetic trigger for maintenance; not a Localiza rule.
REC1824,CUST0216,VEH0016,CONTR0216,CTX1729,SYNTHETIC,2026-08-22,maintenance,high,Manutenção próxima,Sua revisão está próxima.,Agendar revisão,schedule_maintenance,in_app,0.876,opened,False,scheduled,synthetic_llm_personalization,Synthetic trigger for maintenance; not a Localiza rule.
REC1825,CUST0055,VEH0055,CONTR0055,CTX1201,SYNTHETIC,2026-09-05,franquia_km,high,Ritmo de uso de KM,Você está usando sua franquia acima do ritmo esperado.,Ver meus KMs,open_km,inbox,0.73,dismissed,False,pending,synthetic_llm_personalization,Synthetic trigger for franquia_km; not a Localiza rule.
REC1826,CUST0044,VEH0044,CONTR0044,CTX1546,SYNTHETIC,2026-08-21,franquia_km,high,Ritmo de uso de KM,Você está usando sua franquia acima do ritmo esperado.,Ver meus KMs,open_km,inbox,0.671,delivered,False,pending,rule_engine,Synthetic trigger for franquia_km; not a Localiza rule.
REC1827,CUST0263,VEH0063,CONTR0263,CTX0735,SYNTHETIC,2026-08-25,maintenance,high,Manutenção próxima,Sua revisão está próxima.,Agendar revisão,schedule_maintenance,in_app,0.659,opened,False,no_action,synthetic_llm_personalization,Synthetic trigger for maintenance; not a Localiza rule.
REC1828,CUST0025,VEH0025,CONTR0025,CTX1967,SYNTHETIC,2026-09-12,franquia_km,high,Ritmo de uso de KM,Você está usando sua franquia acima do ritmo esperado.,Ver meus KMs,open_km,push,0.853,opened,False,need_resolved,hybrid_recommendation,Synthetic trigger for franquia_km; not a Localiza rule.
REC1829,CUST0350,VEH0050,CONTR0350,CTX1926,SYNTHETIC,2026-09-25,franquia_km,high,Ritmo de uso de KM,Você está usando sua franquia acima do ritmo esperado.,Ver meus KMs,open_km,inbox,0.909,delivered,False,pending,synthetic_llm_personalization,Synthetic trigger for franquia_km; not a Localiza rule.
REC1830,CUST0131,VEH0031,CONTR0131,CTX0520,SYNTHETIC,2026-08-26,franquia_km,high,Ritmo de uso de KM,Você está usando sua franquia acima do ritmo esperado.,Ver meus KMs,open_km,in_app,0.99,opened,False,need_resolved,synthetic_llm_personalization,Synthetic trigger for franquia_km; not a Localiza rule.
REC1831,CUST0352,VEH0052,CONTR0352,CTX0551,SYNTHETIC,2026-08-09,franquia_km,high,Ritmo de uso de KM,Você está usando sua franquia acima do ritmo esperado.,Ver meus KMs,open_km,inbox,0.853,opened,False,need_resolved,synthetic_llm_personalization,Synthetic trigger for franquia_km; not a Localiza rule.
REC1832,CUST0257,VEH0057,CONTR0257,CTX2394,SYNTHETIC,2026-08-10,benefit,high,Benefício contextual,Encontramos um benefício relevante para sua rotina.,Ver benefício,open_benefit,inbox,0.675,acted,True,viewed,hybrid_recommendation,Synthetic trigger for benefit; not a Localiza rule.
REC1833,CUST0441,VEH0041,CONTR0441,CTX0441,SYNTHETIC,2026-08-07,maintenance,high,Manutenção próxima,Sua revisão está próxima.,Agendar revisão,schedule_maintenance,inbox,0.782,acted,True,need_resolved,hybrid_recommendation,Synthetic trigger for maintenance; not a Localiza rule.
REC1834,CUST0389,VEH0089,CONTR0389,CTX0941,SYNTHETIC,2026-08-09,franquia_km,high,Ritmo de uso de KM,Você está usando sua franquia acima do ritmo esperado.,Ver meus KMs,open_km,inbox,0.745,acted,True,need_resolved,hybrid_recommendation,Synthetic trigger for franquia_km; not a Localiza rule.
REC1835,CUST0455,VEH0055,CONTR0455,CTX2660,SYNTHETIC,2026-09-10,maintenance,high,Manutenção próxima,Sua revisão está próxima.,Agendar revisão,schedule_maintenance,inbox,0.826,dismissed,False,pending,hybrid_recommendation,Synthetic trigger for maintenance; not a Localiza rule.
REC1836,CUST0284,VEH0084,CONTR0284,CTX0665,SYNTHETIC,2026-08-19,franquia_km,high,Ritmo de uso de KM,Você está usando sua franquia acima do ritmo esperado.,Ver meus KMs,open_km,in_app,0.737,opened,False,no_action,hybrid_recommendation,Synthetic trigger for franquia_km; not a Localiza rule.
REC1837,CUST0365,VEH0065,CONTR0365,CTX1774,SYNTHETIC,2026-09-01,franquia_km,high,Ritmo de uso de KM,Você está usando sua franquia acima do ritmo esperado.,Ver meus KMs,open_km,in_app,0.747,opened,False,need_resolved,rule_engine,Synthetic trigger for franquia_km; not a Localiza rule.
REC1838,CUST0119,VEH0019,CONTR0119,CTX0119,SYNTHETIC,2026-08-15,maintenance,high,Manutenção próxima,Sua revisão está próxima.,Agendar revisão,schedule_maintenance,inbox,0.944,opened,False,need_resolved,hybrid_recommendation,Synthetic trigger for maintenance; not a Localiza rule.
REC1839,CUST0178,VEH0078,CONTR0178,CTX2612,SYNTHETIC,2026-09-12,maintenance,high,Manutenção próxima,Sua revisão está próxima.,Agendar revisão,schedule_maintenance,inbox,0.753,delivered,False,pending,hybrid_recommendation,Synthetic trigger for maintenance; not a Localiza rule.
REC1840,CUST0215,VEH0015,CONTR0215,CTX1280,SYNTHETIC,2026-09-14,maintenance,high,Manutenção próxima,Sua revisão está próxima.,Agendar revisão,schedule_maintenance,inbox,0.978,delivered,False,pending,hybrid_recommendation,Synthetic trigger for maintenance; not a Localiza rule.
REC1841,CUST0443,VEH0043,CONTR0443,CTX2654,SYNTHETIC,2026-09-20,franquia_km,high,Ritmo de uso de KM,Você está usando sua franquia acima do ritmo esperado.,Ver meus KMs,open_km,push,0.676,dismissed,False,pending,synthetic_llm_personalization,Synthetic trigger for franquia_km; not a Localiza rule.
REC1842,CUST0020,VEH0020,CONTR0020,CTX0020,SYNTHETIC,2026-08-11,maintenance,high,Manutenção próxima,Sua revisão está próxima.,Agendar revisão,schedule_maintenance,push,0.729,acted,True,viewed,synthetic_llm_personalization,Synthetic trigger for maintenance; not a Localiza rule.
REC1843,CUST0428,VEH0028,CONTR0428,CTX0763,SYNTHETIC,2026-08-14,franquia_km,high,Ritmo de uso de KM,Você está usando sua franquia acima do ritmo esperado.,Ver meus KMs,open_km,push,0.887,opened,False,no_action,rule_engine,Synthetic trigger for franquia_km; not a Localiza rule.
REC1844,CUST0273,VEH0073,CONTR0273,CTX1196,SYNTHETIC,2026-09-21,maintenance,high,Manutenção próxima,Sua revisão está próxima.,Agendar revisão,schedule_maintenance,push,0.822,acted,True,scheduled,synthetic_llm_personalization,Synthetic trigger for maintenance; not a Localiza rule.
REC1845,CUST0338,VEH0038,CONTR0338,CTX1404,SYNTHETIC,2026-08-18,maintenance,high,Manutenção próxima,Sua revisão está próxima.,Agendar revisão,schedule_maintenance,push,0.737,opened,False,scheduled,rule_engine,Synthetic trigger for maintenance; not a Localiza rule.
REC1846,CUST0124,VEH0024,CONTR0124,CTX0124,SYNTHETIC,2026-08-08,maintenance,high,Manutenção próxima,Sua revisão está próxima.,Agendar revisão,schedule_maintenance,push,0.812,opened,False,viewed,rule_engine,Synthetic trigger for maintenance; not a Localiza rule.
REC1847,CUST0345,VEH0045,CONTR0345,CTX0704,SYNTHETIC,2026-09-25,franquia_km,high,Ritmo de uso de KM,Você está usando sua franquia acima do ritmo esperado.,Ver meus KMs,open_km,in_app,0.862,acted,True,viewed,hybrid_recommendation,Synthetic trigger for franquia_km; not a Localiza rule.
REC1848,CUST0413,VEH0013,CONTR0413,CTX0413,SYNTHETIC,2026-09-18,long_trip,medium,Padrão de viagem,Você vem fazendo viagens longas com frequência.,Preparar viagem,open_planner,push,0.773,dismissed,False,pending,synthetic_llm_personalization,Synthetic trigger for long_trip; not a Localiza rule.
REC1849,CUST0389,VEH0089,CONTR0389,CTX0842,SYNTHETIC,2026-09-16,franquia_km,high,Ritmo de uso de KM,Você está usando sua franquia acima do ritmo esperado.,Ver meus KMs,open_km,in_app,0.807,acted,True,scheduled,hybrid_recommendation,Synthetic trigger for franquia_km; not a Localiza rule.
REC1850,CUST0077,VEH0077,CONTR0077,CTX1641,SYNTHETIC,2026-09-14,franquia_km,high,Ritmo de uso de KM,Você está usando sua franquia acima do ritmo esperado.,Ver meus KMs,open_km,in_app,0.735,delivered,False,pending,rule_engine,Synthetic trigger for franquia_km; not a Localiza rule.
REC1851,CUST0050,VEH0050,CONTR0050,CTX1345,SYNTHETIC,2026-08-15,maintenance,high,Manutenção próxima,Sua revisão está próxima.,Agendar revisão,schedule_maintenance,push,0.919,opened,False,no_action,hybrid_recommendation,Synthetic trigger for maintenance; not a Localiza rule.
REC1852,CUST0483,VEH0083,CONTR0483,CTX0981,SYNTHETIC,2026-10-01,franquia_km,high,Ritmo de uso de KM,Você está usando sua franquia acima do ritmo esperado.,Ver meus KMs,open_km,push,0.717,delivered,False,pending,rule_engine,Synthetic trigger for franquia_km; not a Localiza rule.
REC1853,CUST0192,VEH0092,CONTR0192,CTX0192,SYNTHETIC,2026-08-08,maintenance,high,Manutenção próxima,Sua revisão está próxima.,Agendar revisão,schedule_maintenance,inbox,0.761,acted,True,viewed,synthetic_llm_personalization,Synthetic trigger for maintenance; not a Localiza rule.
REC1854,CUST0268,VEH0068,CONTR0268,CTX0268,SYNTHETIC,2026-09-12,franquia_km,high,Ritmo de uso de KM,Você está usando sua franquia acima do ritmo esperado.,Ver meus KMs,open_km,inbox,0.708,dismissed,False,pending,hybrid_recommendation,Synthetic trigger for franquia_km; not a Localiza rule.
REC1855,CUST0022,VEH0022,CONTR0022,CTX2033,SYNTHETIC,2026-08-28,franquia_km,high,Ritmo de uso de KM,Você está usando sua franquia acima do ritmo esperado.,Ver meus KMs,open_km,in_app,0.827,acted,True,scheduled,hybrid_recommendation,Synthetic trigger for franquia_km; not a Localiza rule.
REC1856,CUST0377,VEH0077,CONTR0377,CTX1955,SYNTHETIC,2026-08-26,maintenance,high,Manutenção próxima,Sua revisão está próxima.,Agendar revisão,schedule_maintenance,in_app,0.945,acted,True,no_action,rule_engine,Synthetic trigger for maintenance; not a Localiza rule.
REC1857,CUST0393,VEH0093,CONTR0393,CTX1173,SYNTHETIC,2026-08-22,franquia_km,high,Ritmo de uso de KM,Você está usando sua franquia acima do ritmo esperado.,Ver meus KMs,open_km,push,0.945,delivered,False,pending,hybrid_recommendation,Synthetic trigger for franquia_km; not a Localiza rule.
REC1858,CUST0371,VEH0071,CONTR0371,CTX0371,SYNTHETIC,2026-08-29,renewal,medium,Renovação próxima,Seu contrato entra em período de renovação.,Revisar meu contrato,review_contract,in_app,0.775,opened,False,scheduled,synthetic_llm_personalization,Synthetic trigger for renewal; not a Localiza rule.
REC1859,CUST0070,VEH0070,CONTR0070,CTX2844,SYNTHETIC,2026-08-17,maintenance,high,Manutenção próxima,Sua revisão está próxima.,Agendar revisão,schedule_maintenance,inbox,0.678,delivered,False,pending,hybrid_recommendation,Synthetic trigger for maintenance; not a Localiza rule.
REC1860,CUST0236,VEH0036,CONTR0236,CTX1778,SYNTHETIC,2026-09-08,franquia_km,high,Ritmo de uso de KM,Você está usando sua franquia acima do ritmo esperado.,Ver meus KMs,open_km,in_app,0.939,delivered,False,pending,synthetic_llm_personalization,Synthetic trigger for franquia_km; not a Localiza rule.
REC1861,CUST0482,VEH0082,CONTR0482,CTX2236,SYNTHETIC,2026-09-18,benefit,medium,Benefício contextual,Encontramos um benefício relevante para sua rotina.,Ver benefício,open_benefit,push,0.911,dismissed,False,pending,hybrid_recommendation,Synthetic trigger for benefit; not a Localiza rule.
REC1862,CUST0480,VEH0080,CONTR0480,CTX1410,SYNTHETIC,2026-09-10,franquia_km,high,Ritmo de uso de KM,Você está usando sua franquia acima do ritmo esperado.,Ver meus KMs,open_km,push,0.939,opened,False,no_action,rule_engine,Synthetic trigger for franquia_km; not a Localiza rule.
REC1863,CUST0377,VEH0077,CONTR0377,CTX2064,SYNTHETIC,2026-08-25,maintenance,high,Manutenção próxima,Sua revisão está próxima.,Agendar revisão,schedule_maintenance,inbox,0.833,dismissed,False,pending,rule_engine,Synthetic trigger for maintenance; not a Localiza rule.
REC1864,CUST0269,VEH0069,CONTR0269,CTX0269,SYNTHETIC,2026-08-18,renewal,medium,Renovação próxima,Seu contrato entra em período de renovação.,Revisar meu contrato,review_contract,push,0.734,acted,True,scheduled,synthetic_llm_personalization,Synthetic trigger for renewal; not a Localiza rule.
REC1865,CUST0479,VEH0079,CONTR0479,CTX0587,SYNTHETIC,2026-08-21,maintenance,high,Manutenção próxima,Sua revisão está próxima.,Agendar revisão,schedule_maintenance,in_app,0.985,acted,True,no_action,hybrid_recommendation,Synthetic trigger for maintenance; not a Localiza rule.
REC1866,CUST0232,VEH0032,CONTR0232,CTX1780,SYNTHETIC,2026-08-14,franquia_km,high,Ritmo de uso de KM,Você está usando sua franquia acima do ritmo esperado.,Ver meus KMs,open_km,inbox,0.815,acted,True,no_action,hybrid_recommendation,Synthetic trigger for franquia_km; not a Localiza rule.
REC1867,CUST0413,VEH0013,CONTR0413,CTX2578,SYNTHETIC,2026-08-22,low_use,medium,Baixo uso,Seu carro teve pouco uso no período recente.,Ver minha mobilidade,open_mobility,push,0.965,delivered,False,pending,rule_engine,Synthetic trigger for low_use; not a Localiza rule.
REC1868,CUST0481,VEH0081,CONTR0481,CTX0481,SYNTHETIC,2026-08-28,franquia_km,high,Ritmo de uso de KM,Você está usando sua franquia acima do ritmo esperado.,Ver meus KMs,open_km,inbox,0.72,delivered,False,pending,hybrid_recommendation,Synthetic trigger for franquia_km; not a Localiza rule.
REC1869,CUST0396,VEH0096,CONTR0396,CTX1165,SYNTHETIC,2026-08-11,low_energy,high,Energia baixa,A autonomia disponível está baixa para seu padrão recente.,Planejar abastecimento/recarga,open_energy,in_app,0.85,acted,True,no_action,rule_engine,Synthetic trigger for low_energy; not a Localiza rule.
REC1870,CUST0108,VEH0008,CONTR0108,CTX0108,SYNTHETIC,2026-08-27,renewal,medium,Renovação próxima,Seu contrato entra em período de renovação.,Revisar meu contrato,review_contract,inbox,0.95,opened,False,no_action,rule_engine,Synthetic trigger for renewal; not a Localiza rule.
REC1871,CUST0469,VEH0069,CONTR0469,CTX2393,SYNTHETIC,2026-08-11,franquia_km,high,Ritmo de uso de KM,Você está usando sua franquia acima do ritmo esperado.,Ver meus KMs,open_km,inbox,0.719,acted,True,viewed,hybrid_recommendation,Synthetic trigger for franquia_km; not a Localiza rule.
REC1872,CUST0039,VEH0039,CONTR0039,CTX0039,SYNTHETIC,2026-08-29,franquia_km,high,Ritmo de uso de KM,Você está usando sua franquia acima do ritmo esperado.,Ver meus KMs,open_km,in_app,0.826,acted,True,scheduled,synthetic_llm_personalization,Synthetic trigger for franquia_km; not a Localiza rule.
REC1873,CUST0073,VEH0073,CONTR0073,CTX0997,SYNTHETIC,2026-08-29,maintenance,high,Manutenção próxima,Sua revisão está próxima.,Agendar revisão,schedule_maintenance,inbox,0.778,dismissed,False,pending,hybrid_recommendation,Synthetic trigger for maintenance; not a Localiza rule.
REC1874,CUST0356,VEH0056,CONTR0356,CTX0759,SYNTHETIC,2026-08-31,maintenance,high,Manutenção próxima,Sua revisão está próxima.,Agendar revisão,schedule_maintenance,in_app,0.905,opened,False,scheduled,hybrid_recommendation,Synthetic trigger for maintenance; not a Localiza rule.
REC1875,CUST0334,VEH0034,CONTR0334,CTX0334,SYNTHETIC,2026-09-08,franquia_km,high,Ritmo de uso de KM,Você está usando sua franquia acima do ritmo esperado.,Ver meus KMs,open_km,push,0.853,acted,True,no_action,rule_engine,Synthetic trigger for franquia_km; not a Localiza rule.
REC1876,CUST0162,VEH0062,CONTR0162,CTX0162,SYNTHETIC,2026-09-12,maintenance,high,Manutenção próxima,Sua revisão está próxima.,Agendar revisão,schedule_maintenance,in_app,0.698,opened,False,viewed,rule_engine,Synthetic trigger for maintenance; not a Localiza rule.
REC1877,CUST0281,VEH0081,CONTR0281,CTX2921,SYNTHETIC,2026-08-12,maintenance,high,Manutenção próxima,Sua revisão está próxima.,Agendar revisão,schedule_maintenance,in_app,0.88,acted,True,no_action,rule_engine,Synthetic trigger for maintenance; not a Localiza rule.
REC1878,CUST0269,VEH0069,CONTR0269,CTX0269,SYNTHETIC,2026-08-05,renewal,medium,Renovação próxima,Seu contrato entra em período de renovação.,Revisar meu contrato,review_contract,in_app,0.807,delivered,False,pending,hybrid_recommendation,Synthetic trigger for renewal; not a Localiza rule.
REC1879,CUST0306,VEH0006,CONTR0306,CTX2589,SYNTHETIC,2026-08-17,maintenance,high,Manutenção próxima,Sua revisão está próxima.,Agendar revisão,schedule_maintenance,push,0.659,dismissed,False,pending,hybrid_recommendation,Synthetic trigger for maintenance; not a Localiza rule.
REC1880,CUST0262,VEH0062,CONTR0262,CTX0262,SYNTHETIC,2026-08-27,maintenance,high,Manutenção próxima,Sua revisão está próxima.,Agendar revisão,schedule_maintenance,inbox,0.822,opened,False,viewed,hybrid_recommendation,Synthetic trigger for maintenance; not a Localiza rule.
REC1881,CUST0108,VEH0008,CONTR0108,CTX2912,SYNTHETIC,2026-09-24,renewal,medium,Renovação próxima,Seu contrato entra em período de renovação.,Revisar meu contrato,review_contract,in_app,0.709,delivered,False,pending,synthetic_llm_personalization,Synthetic trigger for renewal; not a Localiza rule.
REC1882,CUST0364,VEH0064,CONTR0364,CTX0914,SYNTHETIC,2026-08-08,franquia_km,high,Ritmo de uso de KM,Você está usando sua franquia acima do ritmo esperado.,Ver meus KMs,open_km,push,0.722,dismissed,False,pending,synthetic_llm_personalization,Synthetic trigger for franquia_km; not a Localiza rule.
REC1883,CUST0401,VEH0001,CONTR0401,CTX0919,SYNTHETIC,2026-09-27,franquia_km,high,Ritmo de uso de KM,Você está usando sua franquia acima do ritmo esperado.,Ver meus KMs,open_km,inbox,0.85,acted,True,need_resolved,hybrid_recommendation,Synthetic trigger for franquia_km; not a Localiza rule.
REC1884,CUST0120,VEH0020,CONTR0120,CTX2866,SYNTHETIC,2026-08-18,franquia_km,high,Ritmo de uso de KM,Você está usando sua franquia acima do ritmo esperado.,Ver meus KMs,open_km,in_app,0.666,dismissed,False,pending,synthetic_llm_personalization,Synthetic trigger for franquia_km; not a Localiza rule.
REC1885,CUST0241,VEH0041,CONTR0241,CTX2593,SYNTHETIC,2026-09-07,low_use,high,Baixo uso,Seu carro teve pouco uso no período recente.,Ver minha mobilidade,open_mobility,inbox,0.893,dismissed,False,pending,hybrid_recommendation,Synthetic trigger for low_use; not a Localiza rule.
REC1886,CUST0091,VEH0091,CONTR0091,CTX0091,SYNTHETIC,2026-08-27,franquia_km,high,Ritmo de uso de KM,Você está usando sua franquia acima do ritmo esperado.,Ver meus KMs,open_km,in_app,0.672,acted,True,no_action,hybrid_recommendation,Synthetic trigger for franquia_km; not a Localiza rule.
REC1887,CUST0237,VEH0037,CONTR0237,CTX1023,SYNTHETIC,2026-08-18,maintenance,high,Manutenção próxima,Sua revisão está próxima.,Agendar revisão,schedule_maintenance,in_app,0.686,acted,True,scheduled,hybrid_recommendation,Synthetic trigger for maintenance; not a Localiza rule.
REC1888,CUST0183,VEH0083,CONTR0183,CTX1899,SYNTHETIC,2026-10-01,maintenance,high,Manutenção próxima,Sua revisão está próxima.,Agendar revisão,schedule_maintenance,in_app,0.669,opened,False,scheduled,rule_engine,Synthetic trigger for maintenance; not a Localiza rule.
REC1889,CUST0069,VEH0069,CONTR0069,CTX0069,SYNTHETIC,2026-09-24,renewal,medium,Renovação próxima,Seu contrato entra em período de renovação.,Revisar meu contrato,review_contract,push,0.917,opened,False,need_resolved,hybrid_recommendation,Synthetic trigger for renewal; not a Localiza rule.
REC1890,CUST0091,VEH0091,CONTR0091,CTX2614,SYNTHETIC,2026-09-23,franquia_km,high,Ritmo de uso de KM,Você está usando sua franquia acima do ritmo esperado.,Ver meus KMs,open_km,push,0.941,delivered,False,pending,synthetic_llm_personalization,Synthetic trigger for franquia_km; not a Localiza rule.
REC1891,CUST0279,VEH0079,CONTR0279,CTX2232,SYNTHETIC,2026-08-28,benefit,medium,Benefício contextual,Encontramos um benefício relevante para sua rotina.,Ver benefício,open_benefit,push,0.858,acted,True,scheduled,rule_engine,Synthetic trigger for benefit; not a Localiza rule.
REC1892,CUST0213,VEH0013,CONTR0213,CTX1671,SYNTHETIC,2026-09-15,franquia_km,high,Ritmo de uso de KM,Você está usando sua franquia acima do ritmo esperado.,Ver meus KMs,open_km,in_app,0.78,delivered,False,pending,rule_engine,Synthetic trigger for franquia_km; not a Localiza rule.
REC1893,CUST0444,VEH0044,CONTR0444,CTX1001,SYNTHETIC,2026-08-27,maintenance,high,Manutenção próxima,Sua revisão está próxima.,Agendar revisão,schedule_maintenance,inbox,0.685,opened,False,viewed,rule_engine,Synthetic trigger for maintenance; not a Localiza rule.
REC1894,CUST0050,VEH0050,CONTR0050,CTX0050,SYNTHETIC,2026-09-27,maintenance,high,Manutenção próxima,Sua revisão está próxima.,Agendar revisão,schedule_maintenance,push,0.855,dismissed,False,pending,rule_engine,Synthetic trigger for maintenance; not a Localiza rule.
REC1895,CUST0388,VEH0088,CONTR0388,CTX2154,SYNTHETIC,2026-08-22,maintenance,high,Manutenção próxima,Sua revisão está próxima.,Agendar revisão,schedule_maintenance,in_app,0.703,opened,False,need_resolved,rule_engine,Synthetic trigger for maintenance; not a Localiza rule.
REC1896,CUST0111,VEH0011,CONTR0111,CTX2723,SYNTHETIC,2026-08-08,franquia_km,high,Ritmo de uso de KM,Você está usando sua franquia acima do ritmo esperado.,Ver meus KMs,open_km,inbox,0.872,delivered,False,pending,synthetic_llm_personalization,Synthetic trigger for franquia_km; not a Localiza rule.
REC1897,CUST0455,VEH0055,CONTR0455,CTX0455,SYNTHETIC,2026-09-27,franquia_km,high,Ritmo de uso de KM,Você está usando sua franquia acima do ritmo esperado.,Ver meus KMs,open_km,push,0.782,opened,False,no_action,rule_engine,Synthetic trigger for franquia_km; not a Localiza rule.
REC1898,CUST0444,VEH0044,CONTR0444,CTX1217,SYNTHETIC,2026-08-03,maintenance,high,Manutenção próxima,Sua revisão está próxima.,Agendar revisão,schedule_maintenance,push,0.818,opened,False,no_action,rule_engine,Synthetic trigger for maintenance; not a Localiza rule.
REC1899,CUST0019,VEH0019,CONTR0019,CTX2364,SYNTHETIC,2026-08-18,maintenance,high,Manutenção próxima,Sua revisão está próxima.,Agendar revisão,schedule_maintenance,inbox,0.844,opened,False,need_resolved,hybrid_recommendation,Synthetic trigger for maintenance; not a Localiza rule.
REC1900,CUST0377,VEH0077,CONTR0377,CTX0855,SYNTHETIC,2026-09-09,maintenance,high,Manutenção próxima,Sua revisão está próxima.,Agendar revisão,schedule_maintenance,in_app,0.732,dismissed,False,pending,rule_engine,Synthetic trigger for maintenance; not a Localiza rule.
REC1901,CUST0186,VEH0086,CONTR0186,CTX0186,SYNTHETIC,2026-09-20,maintenance,high,Manutenção próxima,Sua revisão está próxima.,Agendar revisão,schedule_maintenance,push,0.695,opened,False,need_resolved,rule_engine,Synthetic trigger for maintenance; not a Localiza rule.
REC1902,CUST0160,VEH0060,CONTR0160,CTX1787,SYNTHETIC,2026-09-24,franquia_km,high,Ritmo de uso de KM,Você está usando sua franquia acima do ritmo esperado.,Ver meus KMs,open_km,push,0.733,opened,False,viewed,synthetic_llm_personalization,Synthetic trigger for franquia_km; not a Localiza rule.
REC1903,CUST0039,VEH0039,CONTR0039,CTX2946,SYNTHETIC,2026-09-18,maintenance,high,Manutenção próxima,Sua revisão está próxima.,Agendar revisão,schedule_maintenance,in_app,0.874,opened,False,need_resolved,synthetic_llm_personalization,Synthetic trigger for maintenance; not a Localiza rule.
REC1904,CUST0203,VEH0003,CONTR0203,CTX2309,SYNTHETIC,2026-08-03,maintenance,high,Manutenção próxima,Sua revisão está próxima.,Agendar revisão,schedule_maintenance,inbox,0.934,acted,True,scheduled,hybrid_recommendation,Synthetic trigger for maintenance; not a Localiza rule.
REC1905,CUST0500,VEH0100,CONTR0500,CTX0500,SYNTHETIC,2026-08-09,maintenance,high,Manutenção próxima,Sua revisão está próxima.,Agendar revisão,schedule_maintenance,in_app,0.765,delivered,False,pending,synthetic_llm_personalization,Synthetic trigger for maintenance; not a Localiza rule.
REC1906,CUST0349,VEH0049,CONTR0349,CTX1853,SYNTHETIC,2026-08-26,maintenance,high,Manutenção próxima,Sua revisão está próxima.,Agendar revisão,schedule_maintenance,in_app,0.726,delivered,False,pending,hybrid_recommendation,Synthetic trigger for maintenance; not a Localiza rule.
REC1907,CUST0116,VEH0016,CONTR0116,CTX2814,SYNTHETIC,2026-09-08,renewal,high,Renovação próxima,Seu contrato entra em período de renovação.,Revisar meu contrato,review_contract,push,0.745,dismissed,False,pending,rule_engine,Synthetic trigger for renewal; not a Localiza rule.
REC1908,CUST0310,VEH0010,CONTR0310,CTX0856,SYNTHETIC,2026-08-07,franquia_km,high,Ritmo de uso de KM,Você está usando sua franquia acima do ritmo esperado.,Ver meus KMs,open_km,inbox,0.657,acted,True,need_resolved,rule_engine,Synthetic trigger for franquia_km; not a Localiza rule.
REC1909,CUST0408,VEH0008,CONTR0408,CTX1854,SYNTHETIC,2026-09-06,franquia_km,high,Ritmo de uso de KM,Você está usando sua franquia acima do ritmo esperado.,Ver meus KMs,open_km,in_app,0.882,opened,False,no_action,hybrid_recommendation,Synthetic trigger for franquia_km; not a Localiza rule.
REC1910,CUST0023,VEH0023,CONTR0023,CTX0023,SYNTHETIC,2026-09-16,low_use,medium,Baixo uso,Seu carro teve pouco uso no período recente.,Ver minha mobilidade,open_mobility,inbox,0.691,opened,False,no_action,hybrid_recommendation,Synthetic trigger for low_use; not a Localiza rule.
REC1911,CUST0003,VEH0003,CONTR0003,CTX0003,SYNTHETIC,2026-09-15,franquia_km,high,Ritmo de uso de KM,Você está usando sua franquia acima do ritmo esperado.,Ver meus KMs,open_km,inbox,0.957,delivered,False,pending,hybrid_recommendation,Synthetic trigger for franquia_km; not a Localiza rule.
REC1912,CUST0445,VEH0045,CONTR0445,CTX2448,SYNTHETIC,2026-08-17,maintenance,high,Manutenção próxima,Sua revisão está próxima.,Agendar revisão,schedule_maintenance,push,0.782,acted,True,viewed,synthetic_llm_personalization,Synthetic trigger for maintenance; not a Localiza rule.
REC1913,CUST0083,VEH0083,CONTR0083,CTX0083,SYNTHETIC,2026-08-21,maintenance,high,Manutenção próxima,Sua revisão está próxima.,Agendar revisão,schedule_maintenance,inbox,0.657,delivered,False,pending,rule_engine,Synthetic trigger for maintenance; not a Localiza rule.
REC1914,CUST0087,VEH0087,CONTR0087,CTX0087,SYNTHETIC,2026-09-09,franquia_km,high,Ritmo de uso de KM,Você está usando sua franquia acima do ritmo esperado.,Ver meus KMs,open_km,in_app,0.854,delivered,False,pending,synthetic_llm_personalization,Synthetic trigger for franquia_km; not a Localiza rule.
REC1915,CUST0477,VEH0077,CONTR0477,CTX0477,SYNTHETIC,2026-08-24,maintenance,high,Manutenção próxima,Sua revisão está próxima.,Agendar revisão,schedule_maintenance,in_app,0.94,delivered,False,pending,hybrid_recommendation,Synthetic trigger for maintenance; not a Localiza rule.
REC1916,CUST0017,VEH0017,CONTR0017,CTX2436,SYNTHETIC,2026-08-15,franquia_km,high,Ritmo de uso de KM,Você está usando sua franquia acima do ritmo esperado.,Ver meus KMs,open_km,inbox,0.964,delivered,False,pending,hybrid_recommendation,Synthetic trigger for franquia_km; not a Localiza rule.
REC1917,CUST0418,VEH0018,CONTR0418,CTX1868,SYNTHETIC,2026-09-09,franquia_km,high,Ritmo de uso de KM,Você está usando sua franquia acima do ritmo esperado.,Ver meus KMs,open_km,in_app,0.745,opened,False,need_resolved,hybrid_recommendation,Synthetic trigger for franquia_km; not a Localiza rule.
REC1918,CUST0332,VEH0032,CONTR0332,CTX0639,SYNTHETIC,2026-08-19,franquia_km,high,Ritmo de uso de KM,Você está usando sua franquia acima do ritmo esperado.,Ver meus KMs,open_km,inbox,0.959,acted,True,viewed,rule_engine,Synthetic trigger for franquia_km; not a Localiza rule.
REC1919,CUST0376,VEH0076,CONTR0376,CTX0880,SYNTHETIC,2026-08-15,maintenance,high,Manutenção próxima,Sua revisão está próxima.,Agendar revisão,schedule_maintenance,inbox,0.84,acted,True,no_action,rule_engine,Synthetic trigger for maintenance; not a Localiza rule.
REC1920,CUST0006,VEH0006,CONTR0006,CTX1153,SYNTHETIC,2026-08-02,franquia_km,high,Ritmo de uso de KM,Você está usando sua franquia acima do ritmo esperado.,Ver meus KMs,open_km,inbox,0.983,opened,False,need_resolved,rule_engine,Synthetic trigger for franquia_km; not a Localiza rule.
REC1921,CUST0425,VEH0025,CONTR0425,CTX0767,SYNTHETIC,2026-09-10,support,medium,Sinal de suporte,Detectamos um sinal que pode exigir atenção.,Abrir suporte,open_support,in_app,0.747,acted,True,no_action,hybrid_recommendation,Synthetic trigger for support; not a Localiza rule.
REC1922,CUST0046,VEH0046,CONTR0046,CTX1608,SYNTHETIC,2026-09-22,renewal,medium,Renovação próxima,Seu contrato entra em período de renovação.,Revisar meu contrato,review_contract,inbox,0.978,opened,False,no_action,rule_engine,Synthetic trigger for renewal; not a Localiza rule.
REC1923,CUST0352,VEH0052,CONTR0352,CTX2968,SYNTHETIC,2026-08-02,franquia_km,high,Ritmo de uso de KM,Você está usando sua franquia acima do ritmo esperado.,Ver meus KMs,open_km,push,0.765,dismissed,False,pending,rule_engine,Synthetic trigger for franquia_km; not a Localiza rule.
REC1924,CUST0443,VEH0043,CONTR0443,CTX2508,SYNTHETIC,2026-09-08,franquia_km,high,Ritmo de uso de KM,Você está usando sua franquia acima do ritmo esperado.,Ver meus KMs,open_km,push,0.655,opened,False,need_resolved,rule_engine,Synthetic trigger for franquia_km; not a Localiza rule.
REC1925,CUST0075,VEH0075,CONTR0075,CTX2487,SYNTHETIC,2026-09-09,support,high,Sinal de suporte,Detectamos um sinal que pode exigir atenção.,Abrir suporte,open_support,push,0.81,acted,True,viewed,hybrid_recommendation,Synthetic trigger for support; not a Localiza rule.
REC1926,CUST0467,VEH0067,CONTR0467,CTX1332,SYNTHETIC,2026-09-03,franquia_km,high,Ritmo de uso de KM,Você está usando sua franquia acima do ritmo esperado.,Ver meus KMs,open_km,inbox,0.697,delivered,False,pending,hybrid_recommendation,Synthetic trigger for franquia_km; not a Localiza rule.
REC1927,CUST0105,VEH0005,CONTR0105,CTX1968,SYNTHETIC,2026-08-12,maintenance,high,Manutenção próxima,Sua revisão está próxima.,Agendar revisão,schedule_maintenance,inbox,0.658,delivered,False,pending,synthetic_llm_personalization,Synthetic trigger for maintenance; not a Localiza rule.
REC1928,CUST0482,VEH0082,CONTR0482,CTX1320,SYNTHETIC,2026-08-21,low_use,medium,Baixo uso,Seu carro teve pouco uso no período recente.,Ver minha mobilidade,open_mobility,inbox,0.69,opened,False,no_action,synthetic_llm_personalization,Synthetic trigger for low_use; not a Localiza rule.
REC1929,CUST0153,VEH0053,CONTR0153,CTX2552,SYNTHETIC,2026-08-09,franquia_km,high,Ritmo de uso de KM,Você está usando sua franquia acima do ritmo esperado.,Ver meus KMs,open_km,in_app,0.792,delivered,False,pending,hybrid_recommendation,Synthetic trigger for franquia_km; not a Localiza rule.
REC1930,CUST0152,VEH0052,CONTR0152,CTX0152,SYNTHETIC,2026-08-12,franquia_km,high,Ritmo de uso de KM,Você está usando sua franquia acima do ritmo esperado.,Ver meus KMs,open_km,push,0.654,opened,False,scheduled,hybrid_recommendation,Synthetic trigger for franquia_km; not a Localiza rule.
REC1931,CUST0087,VEH0087,CONTR0087,CTX0710,SYNTHETIC,2026-08-04,franquia_km,high,Ritmo de uso de KM,Você está usando sua franquia acima do ritmo esperado.,Ver meus KMs,open_km,in_app,0.875,opened,False,need_resolved,rule_engine,Synthetic trigger for franquia_km; not a Localiza rule.
REC1932,CUST0131,VEH0031,CONTR0131,CTX0131,SYNTHETIC,2026-09-20,franquia_km,high,Ritmo de uso de KM,Você está usando sua franquia acima do ritmo esperado.,Ver meus KMs,open_km,in_app,0.836,opened,False,viewed,hybrid_recommendation,Synthetic trigger for franquia_km; not a Localiza rule.
REC1933,CUST0475,VEH0075,CONTR0475,CTX0475,SYNTHETIC,2026-09-14,renewal,medium,Renovação próxima,Seu contrato entra em período de renovação.,Revisar meu contrato,review_contract,inbox,0.661,opened,False,no_action,rule_engine,Synthetic trigger for renewal; not a Localiza rule.
REC1934,CUST0230,VEH0030,CONTR0230,CTX0230,SYNTHETIC,2026-08-27,franquia_km,high,Ritmo de uso de KM,Você está usando sua franquia acima do ritmo esperado.,Ver meus KMs,open_km,push,0.839,opened,False,need_resolved,hybrid_recommendation,Synthetic trigger for franquia_km; not a Localiza rule.
REC1935,CUST0097,VEH0097,CONTR0097,CTX2271,SYNTHETIC,2026-08-14,renewal,medium,Renovação próxima,Seu contrato entra em período de renovação.,Revisar meu contrato,review_contract,inbox,0.903,delivered,False,pending,synthetic_llm_personalization,Synthetic trigger for renewal; not a Localiza rule.
REC1936,CUST0323,VEH0023,CONTR0323,CTX0723,SYNTHETIC,2026-08-04,renewal,medium,Renovação próxima,Seu contrato entra em período de renovação.,Revisar meu contrato,review_contract,inbox,0.706,delivered,False,pending,synthetic_llm_personalization,Synthetic trigger for renewal; not a Localiza rule.
REC1937,CUST0217,VEH0017,CONTR0217,CTX0881,SYNTHETIC,2026-08-11,maintenance,high,Manutenção próxima,Sua revisão está próxima.,Agendar revisão,schedule_maintenance,in_app,0.916,delivered,False,pending,hybrid_recommendation,Synthetic trigger for maintenance; not a Localiza rule.
REC1938,CUST0146,VEH0046,CONTR0146,CTX2493,SYNTHETIC,2026-09-05,franquia_km,high,Ritmo de uso de KM,Você está usando sua franquia acima do ritmo esperado.,Ver meus KMs,open_km,push,0.778,opened,False,no_action,synthetic_llm_personalization,Synthetic trigger for franquia_km; not a Localiza rule.
REC1939,CUST0419,VEH0019,CONTR0419,CTX2039,SYNTHETIC,2026-09-28,maintenance,high,Manutenção próxima,Sua revisão está próxima.,Agendar revisão,schedule_maintenance,inbox,0.739,opened,False,viewed,rule_engine,Synthetic trigger for maintenance; not a Localiza rule.
REC1940,CUST0382,VEH0082,CONTR0382,CTX2494,SYNTHETIC,2026-08-06,maintenance,high,Manutenção próxima,Sua revisão está próxima.,Agendar revisão,schedule_maintenance,push,0.734,acted,True,scheduled,hybrid_recommendation,Synthetic trigger for maintenance; not a Localiza rule.
REC1941,CUST0240,VEH0040,CONTR0240,CTX0240,SYNTHETIC,2026-09-21,franquia_km,high,Ritmo de uso de KM,Você está usando sua franquia acima do ritmo esperado.,Ver meus KMs,open_km,inbox,0.797,acted,True,need_resolved,rule_engine,Synthetic trigger for franquia_km; not a Localiza rule.
REC1942,CUST0267,VEH0067,CONTR0267,CTX1456,SYNTHETIC,2026-09-25,low_use,medium,Baixo uso,Seu carro teve pouco uso no período recente.,Ver minha mobilidade,open_mobility,push,0.731,acted,True,scheduled,hybrid_recommendation,Synthetic trigger for low_use; not a Localiza rule.
REC1943,CUST0350,VEH0050,CONTR0350,CTX0965,SYNTHETIC,2026-09-16,franquia_km,high,Ritmo de uso de KM,Você está usando sua franquia acima do ritmo esperado.,Ver meus KMs,open_km,in_app,0.969,delivered,False,pending,synthetic_llm_personalization,Synthetic trigger for franquia_km; not a Localiza rule.
REC1944,CUST0445,VEH0045,CONTR0445,CTX2762,SYNTHETIC,2026-08-28,maintenance,high,Manutenção próxima,Sua revisão está próxima.,Agendar revisão,schedule_maintenance,in_app,0.943,acted,True,need_resolved,hybrid_recommendation,Synthetic trigger for maintenance; not a Localiza rule.
REC1945,CUST0096,VEH0096,CONTR0096,CTX2211,SYNTHETIC,2026-08-13,franquia_km,high,Ritmo de uso de KM,Você está usando sua franquia acima do ritmo esperado.,Ver meus KMs,open_km,in_app,0.939,acted,True,viewed,rule_engine,Synthetic trigger for franquia_km; not a Localiza rule.
REC1946,CUST0008,VEH0008,CONTR0008,CTX1258,SYNTHETIC,2026-08-16,maintenance,high,Manutenção próxima,Sua revisão está próxima.,Agendar revisão,schedule_maintenance,inbox,0.834,dismissed,False,pending,rule_engine,Synthetic trigger for maintenance; not a Localiza rule.
REC1947,CUST0117,VEH0017,CONTR0117,CTX2059,SYNTHETIC,2026-09-13,franquia_km,high,Ritmo de uso de KM,Você está usando sua franquia acima do ritmo esperado.,Ver meus KMs,open_km,in_app,0.686,dismissed,False,pending,hybrid_recommendation,Synthetic trigger for franquia_km; not a Localiza rule.
REC1948,CUST0327,VEH0027,CONTR0327,CTX2423,SYNTHETIC,2026-09-22,maintenance,high,Manutenção próxima,Sua revisão está próxima.,Agendar revisão,schedule_maintenance,inbox,0.884,opened,False,need_resolved,synthetic_llm_personalization,Synthetic trigger for maintenance; not a Localiza rule.
REC1949,CUST0443,VEH0043,CONTR0443,CTX2656,SYNTHETIC,2026-09-30,franquia_km,high,Ritmo de uso de KM,Você está usando sua franquia acima do ritmo esperado.,Ver meus KMs,open_km,push,0.654,delivered,False,pending,hybrid_recommendation,Synthetic trigger for franquia_km; not a Localiza rule.
REC1950,CUST0452,VEH0052,CONTR0452,CTX0452,SYNTHETIC,2026-09-29,franquia_km,high,Ritmo de uso de KM,Você está usando sua franquia acima do ritmo esperado.,Ver meus KMs,open_km,inbox,0.77,acted,True,no_action,hybrid_recommendation,Synthetic trigger for franquia_km; not a Localiza rule.
REC1951,CUST0498,VEH0098,CONTR0498,CTX2389,SYNTHETIC,2026-09-14,maintenance,high,Manutenção próxima,Sua revisão está próxima.,Agendar revisão,schedule_maintenance,in_app,0.939,dismissed,False,pending,synthetic_llm_personalization,Synthetic trigger for maintenance; not a Localiza rule.
REC1952,CUST0484,VEH0084,CONTR0484,CTX0484,SYNTHETIC,2026-09-16,franquia_km,high,Ritmo de uso de KM,Você está usando sua franquia acima do ritmo esperado.,Ver meus KMs,open_km,inbox,0.805,dismissed,False,pending,hybrid_recommendation,Synthetic trigger for franquia_km; not a Localiza rule.
REC1953,CUST0242,VEH0042,CONTR0242,CTX0617,SYNTHETIC,2026-09-24,maintenance,high,Manutenção próxima,Sua revisão está próxima.,Agendar revisão,schedule_maintenance,inbox,0.965,opened,False,viewed,synthetic_llm_personalization,Synthetic trigger for maintenance; not a Localiza rule.
REC1954,CUST0411,VEH0011,CONTR0411,CTX2080,SYNTHETIC,2026-09-04,franquia_km,high,Ritmo de uso de KM,Você está usando sua franquia acima do ritmo esperado.,Ver meus KMs,open_km,inbox,0.757,opened,False,no_action,synthetic_llm_personalization,Synthetic trigger for franquia_km; not a Localiza rule.
REC1955,CUST0084,VEH0084,CONTR0084,CTX2082,SYNTHETIC,2026-09-17,maintenance,high,Manutenção próxima,Sua revisão está próxima.,Agendar revisão,schedule_maintenance,in_app,0.893,acted,True,scheduled,rule_engine,Synthetic trigger for maintenance; not a Localiza rule.
REC1956,CUST0494,VEH0094,CONTR0494,CTX1949,SYNTHETIC,2026-08-31,franquia_km,high,Ritmo de uso de KM,Você está usando sua franquia acima do ritmo esperado.,Ver meus KMs,open_km,in_app,0.715,dismissed,False,pending,synthetic_llm_personalization,Synthetic trigger for franquia_km; not a Localiza rule.
REC1957,CUST0316,VEH0016,CONTR0316,CTX0316,SYNTHETIC,2026-09-11,maintenance,high,Manutenção próxima,Sua revisão está próxima.,Agendar revisão,schedule_maintenance,push,0.788,dismissed,False,pending,hybrid_recommendation,Synthetic trigger for maintenance; not a Localiza rule.
REC1958,CUST0350,VEH0050,CONTR0350,CTX0350,SYNTHETIC,2026-09-15,franquia_km,high,Ritmo de uso de KM,Você está usando sua franquia acima do ritmo esperado.,Ver meus KMs,open_km,in_app,0.883,dismissed,False,pending,hybrid_recommendation,Synthetic trigger for franquia_km; not a Localiza rule.
REC1959,CUST0098,VEH0098,CONTR0098,CTX0098,SYNTHETIC,2026-09-06,franquia_km,high,Ritmo de uso de KM,Você está usando sua franquia acima do ritmo esperado.,Ver meus KMs,open_km,inbox,0.872,dismissed,False,pending,rule_engine,Synthetic trigger for franquia_km; not a Localiza rule.
REC1960,CUST0077,VEH0077,CONTR0077,CTX1641,SYNTHETIC,2026-08-11,maintenance,high,Manutenção próxima,Sua revisão está próxima.,Agendar revisão,schedule_maintenance,inbox,0.836,opened,False,no_action,rule_engine,Synthetic trigger for maintenance; not a Localiza rule.
REC1961,CUST0478,VEH0078,CONTR0478,CTX1875,SYNTHETIC,2026-08-25,renewal,high,Renovação próxima,Seu contrato entra em período de renovação.,Revisar meu contrato,review_contract,in_app,0.81,acted,True,need_resolved,rule_engine,Synthetic trigger for renewal; not a Localiza rule.
REC1962,CUST0349,VEH0049,CONTR0349,CTX1496,SYNTHETIC,2026-08-15,maintenance,high,Manutenção próxima,Sua revisão está próxima.,Agendar revisão,schedule_maintenance,in_app,0.8,delivered,False,pending,synthetic_llm_personalization,Synthetic trigger for maintenance; not a Localiza rule.
REC1963,CUST0339,VEH0039,CONTR0339,CTX0602,SYNTHETIC,2026-09-27,maintenance,high,Manutenção próxima,Sua revisão está próxima.,Agendar revisão,schedule_maintenance,in_app,0.98,acted,True,viewed,rule_engine,Synthetic trigger for maintenance; not a Localiza rule.
REC1964,CUST0148,VEH0048,CONTR0148,CTX0148,SYNTHETIC,2026-08-07,franquia_km,high,Ritmo de uso de KM,Você está usando sua franquia acima do ritmo esperado.,Ver meus KMs,open_km,inbox,0.814,delivered,False,pending,rule_engine,Synthetic trigger for franquia_km; not a Localiza rule.
REC1965,CUST0413,VEH0013,CONTR0413,CTX2578,SYNTHETIC,2026-09-27,long_trip,medium,Padrão de viagem,Você vem fazendo viagens longas com frequência.,Preparar viagem,open_planner,in_app,0.902,opened,False,viewed,hybrid_recommendation,Synthetic trigger for long_trip; not a Localiza rule.
REC1966,CUST0196,VEH0096,CONTR0196,CTX1847,SYNTHETIC,2026-09-02,maintenance,high,Manutenção próxima,Sua revisão está próxima.,Agendar revisão,schedule_maintenance,inbox,0.814,delivered,False,pending,rule_engine,Synthetic trigger for maintenance; not a Localiza rule.
REC1967,CUST0376,VEH0076,CONTR0376,CTX0880,SYNTHETIC,2026-09-11,maintenance,high,Manutenção próxima,Sua revisão está próxima.,Agendar revisão,schedule_maintenance,push,0.92,opened,False,no_action,hybrid_recommendation,Synthetic trigger for maintenance; not a Localiza rule.
REC1968,CUST0232,VEH0032,CONTR0232,CTX1581,SYNTHETIC,2026-09-25,franquia_km,high,Ritmo de uso de KM,Você está usando sua franquia acima do ritmo esperado.,Ver meus KMs,open_km,push,0.824,delivered,False,pending,hybrid_recommendation,Synthetic trigger for franquia_km; not a Localiza rule.
REC1969,CUST0304,VEH0004,CONTR0304,CTX0875,SYNTHETIC,2026-09-17,franquia_km,high,Ritmo de uso de KM,Você está usando sua franquia acima do ritmo esperado.,Ver meus KMs,open_km,push,0.867,opened,False,need_resolved,rule_engine,Synthetic trigger for franquia_km; not a Localiza rule.
REC1970,CUST0280,VEH0080,CONTR0280,CTX2917,SYNTHETIC,2026-09-14,franquia_km,high,Ritmo de uso de KM,Você está usando sua franquia acima do ritmo esperado.,Ver meus KMs,open_km,in_app,0.837,dismissed,False,pending,rule_engine,Synthetic trigger for franquia_km; not a Localiza rule.
REC1971,CUST0064,VEH0064,CONTR0064,CTX1458,SYNTHETIC,2026-09-08,franquia_km,high,Ritmo de uso de KM,Você está usando sua franquia acima do ritmo esperado.,Ver meus KMs,open_km,push,0.822,acted,True,need_resolved,hybrid_recommendation,Synthetic trigger for franquia_km; not a Localiza rule.
REC1972,CUST0192,VEH0092,CONTR0192,CTX2987,SYNTHETIC,2026-09-28,maintenance,high,Manutenção próxima,Sua revisão está próxima.,Agendar revisão,schedule_maintenance,inbox,0.919,opened,False,viewed,rule_engine,Synthetic trigger for maintenance; not a Localiza rule.
REC1973,CUST0261,VEH0061,CONTR0261,CTX2985,SYNTHETIC,2026-08-20,benefit,medium,Benefício contextual,Encontramos um benefício relevante para sua rotina.,Ver benefício,open_benefit,in_app,0.746,acted,True,no_action,synthetic_llm_personalization,Synthetic trigger for benefit; not a Localiza rule.
REC1974,CUST0095,VEH0095,CONTR0095,CTX2433,SYNTHETIC,2026-09-27,maintenance,high,Manutenção próxima,Sua revisão está próxima.,Agendar revisão,schedule_maintenance,push,0.72,delivered,False,pending,synthetic_llm_personalization,Synthetic trigger for maintenance; not a Localiza rule.
REC1975,CUST0194,VEH0094,CONTR0194,CTX0194,SYNTHETIC,2026-08-11,franquia_km,high,Ritmo de uso de KM,Você está usando sua franquia acima do ritmo esperado.,Ver meus KMs,open_km,inbox,0.806,dismissed,False,pending,hybrid_recommendation,Synthetic trigger for franquia_km; not a Localiza rule.
REC1976,CUST0428,VEH0028,CONTR0428,CTX0763,SYNTHETIC,2026-08-18,maintenance,high,Manutenção próxima,Sua revisão está próxima.,Agendar revisão,schedule_maintenance,in_app,0.826,acted,True,scheduled,hybrid_recommendation,Synthetic trigger for maintenance; not a Localiza rule.
REC1977,CUST0467,VEH0067,CONTR0467,CTX1080,SYNTHETIC,2026-08-25,franquia_km,high,Ritmo de uso de KM,Você está usando sua franquia acima do ritmo esperado.,Ver meus KMs,open_km,inbox,0.718,acted,True,need_resolved,hybrid_recommendation,Synthetic trigger for franquia_km; not a Localiza rule.
REC1978,CUST0174,VEH0074,CONTR0174,CTX0174,SYNTHETIC,2026-08-05,maintenance,high,Manutenção próxima,Sua revisão está próxima.,Agendar revisão,schedule_maintenance,inbox,0.828,delivered,False,pending,synthetic_llm_personalization,Synthetic trigger for maintenance; not a Localiza rule.
REC1979,CUST0118,VEH0018,CONTR0118,CTX1691,SYNTHETIC,2026-09-06,benefit,medium,Benefício contextual,Encontramos um benefício relevante para sua rotina.,Ver benefício,open_benefit,push,0.817,acted,True,viewed,synthetic_llm_personalization,Synthetic trigger for benefit; not a Localiza rule.
REC1980,CUST0095,VEH0095,CONTR0095,CTX2362,SYNTHETIC,2026-09-05,maintenance,high,Manutenção próxima,Sua revisão está próxima.,Agendar revisão,schedule_maintenance,inbox,0.925,acted,True,scheduled,rule_engine,Synthetic trigger for maintenance; not a Localiza rule.
REC1981,CUST0475,VEH0075,CONTR0475,CTX2530,SYNTHETIC,2026-08-06,renewal,medium,Renovação próxima,Seu contrato entra em período de renovação.,Revisar meu contrato,review_contract,inbox,0.705,acted,True,no_action,synthetic_llm_personalization,Synthetic trigger for renewal; not a Localiza rule.
REC1982,CUST0400,VEH0100,CONTR0400,CTX0400,SYNTHETIC,2026-08-05,maintenance,high,Manutenção próxima,Sua revisão está próxima.,Agendar revisão,schedule_maintenance,in_app,0.874,opened,False,scheduled,hybrid_recommendation,Synthetic trigger for maintenance; not a Localiza rule.
REC1983,CUST0353,VEH0053,CONTR0353,CTX2663,SYNTHETIC,2026-09-20,maintenance,high,Manutenção próxima,Sua revisão está próxima.,Agendar revisão,schedule_maintenance,in_app,0.718,delivered,False,pending,hybrid_recommendation,Synthetic trigger for maintenance; not a Localiza rule.
REC1984,CUST0033,VEH0033,CONTR0033,CTX2891,SYNTHETIC,2026-09-16,franquia_km,high,Ritmo de uso de KM,Você está usando sua franquia acima do ritmo esperado.,Ver meus KMs,open_km,in_app,0.821,delivered,False,pending,rule_engine,Synthetic trigger for franquia_km; not a Localiza rule.
REC1985,CUST0468,VEH0068,CONTR0468,CTX2947,SYNTHETIC,2026-09-06,maintenance,high,Manutenção próxima,Sua revisão está próxima.,Agendar revisão,schedule_maintenance,in_app,0.703,opened,False,no_action,hybrid_recommendation,Synthetic trigger for maintenance; not a Localiza rule.
REC1986,CUST0307,VEH0007,CONTR0307,CTX0307,SYNTHETIC,2026-09-05,franquia_km,high,Ritmo de uso de KM,Você está usando sua franquia acima do ritmo esperado.,Ver meus KMs,open_km,inbox,0.883,opened,False,need_resolved,rule_engine,Synthetic trigger for franquia_km; not a Localiza rule.
REC1987,CUST0174,VEH0074,CONTR0174,CTX2675,SYNTHETIC,2026-09-05,maintenance,high,Manutenção próxima,Sua revisão está próxima.,Agendar revisão,schedule_maintenance,push,0.833,acted,True,scheduled,synthetic_llm_personalization,Synthetic trigger for maintenance; not a Localiza rule.
REC1988,CUST0262,VEH0062,CONTR0262,CTX0918,SYNTHETIC,2026-08-24,maintenance,high,Manutenção próxima,Sua revisão está próxima.,Agendar revisão,schedule_maintenance,inbox,0.834,acted,True,scheduled,rule_engine,Synthetic trigger for maintenance; not a Localiza rule.
REC1989,CUST0398,VEH0098,CONTR0398,CTX1755,SYNTHETIC,2026-08-12,renewal,medium,Renovação próxima,Seu contrato entra em período de renovação.,Revisar meu contrato,review_contract,in_app,0.918,dismissed,False,pending,synthetic_llm_personalization,Synthetic trigger for renewal; not a Localiza rule.
REC1990,CUST0489,VEH0089,CONTR0489,CTX0850,SYNTHETIC,2026-09-16,maintenance,high,Manutenção próxima,Sua revisão está próxima.,Agendar revisão,schedule_maintenance,inbox,0.758,acted,True,no_action,synthetic_llm_personalization,Synthetic trigger for maintenance; not a Localiza rule.
REC1991,CUST0265,VEH0065,CONTR0265,CTX2999,SYNTHETIC,2026-08-13,maintenance,high,Manutenção próxima,Sua revisão está próxima.,Agendar revisão,schedule_maintenance,in_app,0.665,dismissed,False,pending,rule_engine,Synthetic trigger for maintenance; not a Localiza rule.
REC1992,CUST0324,VEH0024,CONTR0324,CTX0324,SYNTHETIC,2026-08-07,franquia_km,high,Ritmo de uso de KM,Você está usando sua franquia acima do ritmo esperado.,Ver meus KMs,open_km,inbox,0.679,opened,False,no_action,synthetic_llm_personalization,Synthetic trigger for franquia_km; not a Localiza rule.
REC1993,CUST0426,VEH0026,CONTR0426,CTX1486,SYNTHETIC,2026-09-28,renewal,medium,Renovação próxima,Seu contrato entra em período de renovação.,Revisar meu contrato,review_contract,inbox,0.782,delivered,False,pending,synthetic_llm_personalization,Synthetic trigger for renewal; not a Localiza rule.
REC1994,CUST0016,VEH0016,CONTR0016,CTX1070,SYNTHETIC,2026-08-31,maintenance,high,Manutenção próxima,Sua revisão está próxima.,Agendar revisão,schedule_maintenance,in_app,0.988,opened,False,viewed,synthetic_llm_personalization,Synthetic trigger for maintenance; not a Localiza rule.
REC1995,CUST0040,VEH0040,CONTR0040,CTX0671,SYNTHETIC,2026-10-01,renewal,medium,Renovação próxima,Seu contrato entra em período de renovação.,Revisar meu contrato,review_contract,push,0.75,acted,True,need_resolved,rule_engine,Synthetic trigger for renewal; not a Localiza rule.
REC1996,CUST0020,VEH0020,CONTR0020,CTX2475,SYNTHETIC,2026-09-13,maintenance,high,Manutenção próxima,Sua revisão está próxima.,Agendar revisão,schedule_maintenance,inbox,0.802,opened,False,viewed,hybrid_recommendation,Synthetic trigger for maintenance; not a Localiza rule.
REC1997,CUST0096,VEH0096,CONTR0096,CTX1288,SYNTHETIC,2026-08-27,franquia_km,high,Ritmo de uso de KM,Você está usando sua franquia acima do ritmo esperado.,Ver meus KMs,open_km,push,0.889,acted,True,no_action,rule_engine,Synthetic trigger for franquia_km; not a Localiza rule.
REC1998,CUST0412,VEH0012,CONTR0412,CTX0412,SYNTHETIC,2026-09-02,franquia_km,high,Ritmo de uso de KM,Você está usando sua franquia acima do ritmo esperado.,Ver meus KMs,open_km,push,0.659,acted,True,no_action,rule_engine,Synthetic trigger for franquia_km; not a Localiza rule.
REC1999,CUST0313,VEH0013,CONTR0313,CTX1714,SYNTHETIC,2026-08-17,maintenance,high,Manutenção próxima,Sua revisão está próxima.,Agendar revisão,schedule_maintenance,in_app,0.789,acted,True,need_resolved,hybrid_recommendation,Synthetic trigger for maintenance; not a Localiza rule.
REC2000,CUST0185,VEH0085,CONTR0185,CTX1844,SYNTHETIC,2026-08-18,franquia_km,high,Ritmo de uso de KM,Você está usando sua franquia acima do ritmo esperado.,Ver meus KMs,open_km,push,0.852,opened,False,viewed,synthetic_llm_personalization,Synthetic trigger for franquia_km; not a Localiza rule.
