telemetry_id,customer_id,vehicle_id,contract_id,timestamp,data_origin,odometer_km,km_used_month,monthly_km_allowance,km_available,franchise_utilization_pct,avg_speed_kmh,avg_trip_distance_km,trip_count_30d,avg_trip_duration_min,fuel_consumed_l,fuel_level_pct,battery_level_pct,estimated_range_km,charge_count_30d,lat_approx,lon_approx,city_region,vehicle_status,alert_type,maintenance_km_remaining,usage_vs_allowance_pct
TLM00001,CUST0001,VEH0001,CONTR0001,2026-07-30T16:01:00,SYNTHETIC,74230,1141,1500,359,76.1,34.1,51.1,10,89.8,90.5,78,,417,0,-13.01375,-38.41656,Salvador,moving,none,4000,76.1
TLM00002,CUST0001,VEH0001,CONTR0001,2026-08-06T21:29:00,SYNTHETIC,74443,852,1500,648,56.8,59.6,11.2,34,11.3,68.7,18,,96,0,-12.9587,-38.53048,Salvador,parked,km_limit,350,56.8
TLM00003,CUST0001,VEH0001,CONTR0001,2026-08-13T07:51:00,SYNTHETIC,74647,819,1500,681,54.6,29.5,36.5,10,74.3,67.8,87,,465,0,-12.95626,-38.52186,Salvador,moving,none,700,54.6
TLM00004,CUST0001,VEH0001,CONTR0001,2026-08-20T18:05:00,SYNTHETIC,74804,629,1500,871,41.9,60.4,24.7,11,24.5,51.5,37,,197,0,-13.05596,-38.54025,Salvador,parked,low_fuel,700,41.9
TLM00005,CUST0001,VEH0001,CONTR0001,2026-08-27T19:47:00,SYNTHETIC,75022,873,1500,627,58.2,50.0,52.8,7,63.3,67.9,53,,283,0,-12.93022,-38.52395,Salvador,parked,low_fuel,1500,58.2
TLM00006,CUST0001,VEH0001,CONTR0001,2026-09-03T21:17:00,SYNTHETIC,75190,673,1500,827,44.9,50.6,46.8,6,55.4,56.4,77,,411,0,-12.96915,-38.50588,Salvador,parked,km_limit,1500,44.9
TLM00007,CUST0001,VEH0001,CONTR0001,2026-09-10T20:43:00,SYNTHETIC,75483,1173,1500,327,78.2,48.9,27.3,19,33.5,96.5,20,,107,0,-13.02336,-38.46377,Salvador,moving,none,2500,78.2
TLM00008,CUST0001,VEH0001,CONTR0001,2026-09-17T21:19:00,SYNTHETIC,75718,941,1500,559,62.7,49.4,31.7,13,38.5,75.3,70,,374,0,-13.03546,-38.55312,Salvador,parked,low_fuel,350,62.7
TLM00009,CUST0001,VEH0001,CONTR0001,2026-09-24T09:32:00,SYNTHETIC,76017,1196,1500,304,79.7,45.8,20.5,26,26.8,90.9,24,,128,0,-12.99125,-38.55845,Salvador,parked,maintenance,350,79.7
TLM00010,CUST0001,VEH0001,CONTR0001,2026-10-01T20:11:00,SYNTHETIC,76265,995,1500,505,66.3,36.6,18.5,24,30.3,76.2,79,,422,0,-12.93345,-38.4387,Salvador,moving,none,350,66.3
TLM00011,CUST0002,VEH0002,CONTR0002,2026-07-30T14:21:00,SYNTHETIC,59790,930,800,0,116.3,38.1,34.8,12,54.7,83.8,72,,379,0,-7.97928,-34.8157,Recife,moving,low_fuel,2500,116.3
TLM00012,CUST0002,VEH0002,CONTR0002,2026-08-06T06:00:00,SYNTHETIC,59925,543,800,257,67.9,53.4,35.6,6,40.0,53.0,28,,147,0,-8.07077,-34.95299,Recife,parked,maintenance,1500,67.9
TLM00013,CUST0002,VEH0002,CONTR0002,2026-08-13T17:44:00,SYNTHETIC,60099,697,800,103,87.1,41.8,38.2,8,54.9,66.5,77,,405,0,-8.02615,-34.84467,Recife,parked,maintenance,1000,87.1
TLM00014,CUST0002,VEH0002,CONTR0002,2026-08-20T06:13:00,SYNTHETIC,60251,609,800,191,76.1,32.3,6.7,41,12.4,51.1,17,,89,0,-8.05698,-34.9319,Recife,moving,none,4000,76.1
TLM00015,CUST0002,VEH0002,CONTR0002,2026-08-27T19:01:00,SYNTHETIC,60478,911,800,0,113.9,57.2,32.4,12,34.0,76.0,74,,389,0,-8.11533,-34.81073,Recife,parked,km_limit,700,113.9
TLM00016,CUST0002,VEH0002,CONTR0002,2026-09-03T18:03:00,SYNTHETIC,60650,689,800,111,86.1,44.5,7.0,44,9.4,62.0,46,,242,0,-8.08054,-34.93869,Recife,parked,none,700,86.1
TLM00017,CUST0002,VEH0002,CONTR0002,2026-09-10T21:25:00,SYNTHETIC,60820,681,800,119,85.1,42.1,30.3,10,43.1,62.9,85,,447,0,-8.05618,-34.86055,Recife,parked,none,1000,85.1
TLM00018,CUST0002,VEH0002,CONTR0002,2026-09-17T16:35:00,SYNTHETIC,61025,820,800,0,102.5,55.8,29.9,12,32.2,77.7,82,,432,0,-8.1238,-34.81226,Recife,parked,km_limit,350,102.5
TLM00019,CUST0002,VEH0002,CONTR0002,2026-09-24T15:46:00,SYNTHETIC,61201,705,800,95,88.1,44.8,52.0,6,69.6,62.1,70,,368,0,-8.10321,-34.9001,Recife,moving,none,350,88.1
TLM00020,CUST0002,VEH0002,CONTR0002,2026-10-01T18:26:00,SYNTHETIC,61341,563,800,237,70.4,58.9,22.6,11,23.0,52.2,74,,389,0,-8.00067,-34.84742,Recife,parked,none,700,70.4
TLM00021,CUST0003,VEH0003,CONTR0003,2026-07-30T11:12:00,SYNTHETIC,67063,621,800,179,77.6,56.7,36.5,7,38.6,32.9,26,,194,2,-16.72621,-49.26214,Goiânia,parked,none,1500,77.6
TLM00022,CUST0003,VEH0003,CONTR0003,2026-08-06T11:11:00,SYNTHETIC,67232,677,800,123,84.6,44.8,17.5,17,23.4,37.9,17,,127,1,-16.61875,-49.19778,Goiânia,moving,none,1000,84.6
TLM00023,CUST0003,VEH0003,CONTR0003,2026-08-13T17:49:00,SYNTHETIC,67315,332,800,468,41.5,42.6,36.3,4,51.0,17.0,43,,321,1,-16.74375,-49.20046,Goiânia,moving,none,1000,41.5
TLM00024,CUST0003,VEH0003,CONTR0003,2026-08-20T09:06:00,SYNTHETIC,67406,367,800,433,45.9,51.5,31.3,5,36.4,21.0,21,,157,1,-16.62616,-49.24335,Goiânia,parked,low_fuel,1500,45.9
TLM00025,CUST0003,VEH0003,CONTR0003,2026-08-27T15:45:00,SYNTHETIC,67492,347,800,453,43.4,47.1,30.9,5,39.3,17.9,30,,224,0,-16.68058,-49.25995,Goiânia,parked,none,1000,43.4
TLM00026,CUST0003,VEH0003,CONTR0003,2026-09-03T06:15:00,SYNTHETIC,67578,346,800,454,43.2,50.0,22.4,7,26.9,17.8,40,,299,1,-16.61765,-49.2651,Goiânia,moving,low_fuel,1500,43.2
TLM00027,CUST0003,VEH0003,CONTR0003,2026-09-10T22:26:00,SYNTHETIC,67671,375,800,425,46.9,37.0,41.0,4,66.5,20.4,95,,710,2,-16.62527,-49.31881,Goiânia,parked,none,700,46.9
TLM00028,CUST0003,VEH0003,CONTR0003,2026-09-17T06:45:00,SYNTHETIC,67837,667,800,133,83.4,58.5,52.6,5,54.0,37.0,61,,456,0,-16.62222,-49.18991,Goiânia,moving,none,1500,83.4
TLM00029,CUST0003,VEH0003,CONTR0003,2026-09-24T07:40:00,SYNTHETIC,67944,431,800,369,53.9,61.4,14.1,13,13.7,21.7,19,,142,2,-16.59441,-49.21304,Goiânia,parked,none,4000,53.9
TLM00030,CUST0003,VEH0003,CONTR0003,2026-10-01T17:00:00,SYNTHETIC,68116,689,800,111,86.1,42.3,49.4,6,70.1,39.6,53,,396,2,-16.6189,-49.19686,Goiânia,parked,none,4000,86.1
TLM00031,CUST0004,VEH0004,CONTR0004,2026-07-30T17:56:00,SYNTHETIC,24561,1248,1200,0,104.0,43.2,16.1,35,22.3,100.0,94,,545,0,-29.96584,-51.22347,Porto Alegre,parked,km_limit,4000,104.0
TLM00032,CUST0004,VEH0004,CONTR0004,2026-08-06T15:13:00,SYNTHETIC,24911,1400,1200,0,116.7,30.9,32.3,19,62.9,108.8,31,,179,0,-30.08088,-51.23898,Porto Alegre,parked,maintenance,2500,116.7
TLM00033,CUST0004,VEH0004,CONTR0004,2026-08-13T15:46:00,SYNTHETIC,25234,1295,1200,0,107.9,33.4,7.4,79,13.2,109.0,90,,522,0,-30.02809,-51.24643,Porto Alegre,parked,none,1000,107.9
TLM00034,CUST0004,VEH0004,CONTR0004,2026-08-20T06:29:00,SYNTHETIC,25575,1366,1200,0,113.8,36.8,30.9,20,50.3,100.3,30,,174,0,-30.04149,-51.28949,Porto Alegre,parked,none,1500,113.8
TLM00035,CUST0004,VEH0004,CONTR0004,2026-08-27T15:18:00,SYNTHETIC,25862,1148,1200,52,95.7,52.3,51.9,10,59.6,94.2,91,,527,0,-29.98902,-51.19686,Porto Alegre,parked,none,700,95.7
TLM00036,CUST0004,VEH0004,CONTR0004,2026-09-03T17:29:00,SYNTHETIC,26056,777,1200,423,64.8,40.8,42.1,8,61.9,56.8,81,,469,0,-30.08005,-51.21341,Porto Alegre,parked,none,2500,64.8
TLM00037,CUST0004,VEH0004,CONTR0004,2026-09-10T22:25:00,SYNTHETIC,26238,728,1200,472,60.7,30.1,49.5,6,98.7,57.5,72,,417,0,-30.00161,-51.24424,Porto Alegre,parked,none,350,60.7
TLM00038,CUST0004,VEH0004,CONTR0004,2026-09-17T11:09:00,SYNTHETIC,26458,881,1200,319,73.4,45.0,26.7,14,35.7,69.1,77,,446,0,-30.0148,-51.24971,Porto Alegre,parked,km_limit,4000,73.4
TLM00039,CUST0004,VEH0004,CONTR0004,2026-09-24T11:35:00,SYNTHETIC,26826,1473,1200,0,122.8,45.4,31.9,20,42.2,121.5,73,,423,0,-30.03664,-51.17498,Porto Alegre,parked,none,1500,122.8
TLM00040,CUST0004,VEH0004,CONTR0004,2026-10-01T15:23:00,SYNTHETIC,27076,1003,1200,197,83.6,32.1,34.0,13,63.6,72.3,34,,197,0,-30.04721,-51.24952,Porto Alegre,parked,none,350,83.6
TLM00041,CUST0005,VEH0005,CONTR0005,2026-07-30T21:00:00,SYNTHETIC,23877,988,2000,1012,49.4,42.3,51.9,8,73.6,84.6,51,,256,0,-3.82011,-38.53751,Fortaleza,parked,none,700,49.4
TLM00042,CUST0005,VEH0005,CONTR0005,2026-08-06T10:48:00,SYNTHETIC,24066,758,2000,1242,37.9,47.5,33.7,10,42.6,73.0,63,,316,0,-3.81752,-38.49146,Fortaleza,parked,low_fuel,1500,37.9
TLM00043,CUST0005,VEH0005,CONTR0005,2026-08-13T19:24:00,SYNTHETIC,24294,915,2000,1085,45.8,33.1,41.7,9,75.6,74.9,94,,471,0,-3.80243,-38.53003,Fortaleza,parked,maintenance,4000,45.8
TLM00044,CUST0005,VEH0005,CONTR0005,2026-08-20T15:35:00,SYNTHETIC,24568,1098,2000,902,54.9,58.3,42.1,11,43.3,100.7,36,,180,0,-3.73645,-38.49026,Fortaleza,moving,none,4000,54.9
TLM00045,CUST0005,VEH0005,CONTR0005,2026-08-27T21:32:00,SYNTHETIC,24842,1096,2000,904,54.8,46.4,43.1,11,55.7,106.6,81,,406,0,-3.69618,-38.57404,Fortaleza,parked,low_fuel,700,54.8
TLM00046,CUST0005,VEH0005,CONTR0005,2026-09-03T16:25:00,SYNTHETIC,24994,608,2000,1392,30.4,28.6,44.6,6,93.3,51.4,89,,446,0,-3.74546,-38.51465,Fortaleza,parked,none,1500,30.4
TLM00047,CUST0005,VEH0005,CONTR0005,2026-09-10T09:06:00,SYNTHETIC,25171,709,2000,1291,35.4,34.1,7.2,44,12.6,63.5,63,,316,0,-3.753,-38.54763,Fortaleza,moving,none,1000,35.4
TLM00048,CUST0005,VEH0005,CONTR0005,2026-09-17T11:01:00,SYNTHETIC,25415,979,2000,1021,48.9,33.2,52.7,8,95.0,90.4,22,,110,0,-3.72555,-38.54561,Fortaleza,moving,none,2500,48.9
TLM00049,CUST0005,VEH0005,CONTR0005,2026-09-24T13:48:00,SYNTHETIC,25561,584,2000,1416,29.2,58.4,18.6,14,19.2,56.6,30,,150,0,-3.74416,-38.55545,Fortaleza,parked,none,350,29.2
TLM00050,CUST0005,VEH0005,CONTR0005,2026-10-01T21:01:00,SYNTHETIC,25764,812,2000,1188,40.6,60.3,19.2,19,19.1,69.7,85,,426,0,-3.77448,-38.55589,Fortaleza,parked,none,1500,40.6
TLM00051,CUST0006,VEH0006,CONTR0006,2026-07-30T19:28:00,SYNTHETIC,40718,1758,1500,0,117.2,47.9,11.0,72,13.7,171.2,31,,156,0,-3.79589,-38.54681,Fortaleza,moving,maintenance,1000,117.2
TLM00052,CUST0006,VEH0006,CONTR0006,2026-08-06T20:02:00,SYNTHETIC,41293,2301,1500,0,153.4,40.7,54.3,19,80.0,224.9,83,,419,0,-3.80916,-38.5742,Fortaleza,parked,maintenance,1500,153.4
TLM00053,CUST0006,VEH0006,CONTR0006,2026-08-13T14:53:00,SYNTHETIC,41645,1410,1500,90,94.0,61.1,6.0,106,5.9,141.7,76,,384,0,-3.70052,-38.48866,Fortaleza,parked,maintenance,1000,94.0
TLM00054,CUST0006,VEH0006,CONTR0006,2026-08-20T15:05:00,SYNTHETIC,41972,1310,1500,190,87.3,56.6,19.8,30,21.0,113.0,83,,419,0,-3.74607,-38.62886,Fortaleza,moving,none,2500,87.3
TLM00055,CUST0006,VEH0006,CONTR0006,2026-08-27T14:48:00,SYNTHETIC,42412,1761,1500,0,117.4,37.5,27.2,29,43.5,166.5,55,,278,0,-3.69608,-38.60486,Fortaleza,parked,none,4000,117.4
TLM00056,CUST0006,VEH0006,CONTR0006,2026-09-03T21:00:00,SYNTHETIC,42775,1453,1500,47,96.9,35.2,53.0,12,90.4,129.8,32,,161,0,-3.66509,-38.54091,Fortaleza,parked,none,4000,96.9
TLM00057,CUST0006,VEH0006,CONTR0006,2026-09-10T20:43:00,SYNTHETIC,43326,2206,1500,0,147.1,51.9,43.4,23,50.1,205.6,24,,121,0,-3.78957,-38.49301,Fortaleza,parked,none,2500,147.1
TLM00058,CUST0006,VEH0006,CONTR0006,2026-09-17T17:59:00,SYNTHETIC,43781,1820,1500,0,121.3,41.1,47.1,17,68.7,178.9,16,,80,0,-3.77844,-38.64704,Fortaleza,parked,km_limit,350,121.3
TLM00059,CUST0006,VEH0006,CONTR0006,2026-09-24T13:14:00,SYNTHETIC,44287,2026,1500,0,135.1,51.1,40.8,22,47.8,175.9,93,,470,0,-3.6525,-38.49377,Fortaleza,moving,none,4000,135.1
TLM00060,CUST0006,VEH0006,CONTR0006,2026-10-01T14:36:00,SYNTHETIC,44706,1678,1500,0,111.9,51.9,35.7,21,41.2,139.9,65,,328,0,-3.72927,-38.62126,Fortaleza,moving,low_fuel,350,111.9
TLM00061,CUST0007,VEH0007,CONTR0007,2026-07-30T13:56:00,SYNTHETIC,79454,1224,1200,0,102.0,48.5,14.6,38,18.1,121.6,23,,129,0,-22.87876,-43.15675,Rio de Janeiro,moving,none,700,102.0
TLM00062,CUST0007,VEH0007,CONTR0007,2026-08-06T20:00:00,SYNTHETIC,79761,1229,1200,0,102.4,61.7,40.0,13,38.8,120.8,47,,263,0,-22.81239,-43.17936,Rio de Janeiro,parked,maintenance,4000,102.4
TLM00063,CUST0007,VEH0007,CONTR0007,2026-08-13T22:29:00,SYNTHETIC,79936,703,1200,497,58.6,59.9,27.2,11,27.2,75.5,50,,280,0,-22.88316,-43.19915,Rio de Janeiro,moving,low_fuel,350,58.6
TLM00064,CUST0007,VEH0007,CONTR0007,2026-08-20T12:21:00,SYNTHETIC,80252,1265,1200,0,105.4,29.6,51.0,11,103.4,124.3,55,,308,0,-22.94936,-43.19042,Rio de Janeiro,moving,km_limit,350,105.4
TLM00065,CUST0007,VEH0007,CONTR0007,2026-08-27T16:19:00,SYNTHETIC,80571,1279,1200,0,106.6,61.3,26.8,21,26.2,114.3,46,,258,0,-22.95239,-43.18186,Rio de Janeiro,moving,none,700,106.6
TLM00066,CUST0007,VEH0007,CONTR0007,2026-09-03T21:15:00,SYNTHETIC,80826,1022,1200,178,85.2,28.8,45.1,10,93.8,108.5,47,,263,0,-22.80904,-43.14871,Rio de Janeiro,parked,none,700,85.2
TLM00067,CUST0007,VEH0007,CONTR0007,2026-09-10T20:37:00,SYNTHETIC,81100,1096,1200,104,91.3,36.0,9.6,52,15.9,109.2,71,,398,0,-22.94248,-43.12599,Rio de Janeiro,parked,low_fuel,350,91.3
TLM00068,CUST0007,VEH0007,CONTR0007,2026-09-17T15:39:00,SYNTHETIC,81344,977,1200,223,81.4,58.3,40.0,11,41.2,100.8,22,,123,0,-22.86226,-43.27138,Rio de Janeiro,parked,none,1500,81.4
TLM00069,CUST0007,VEH0007,CONTR0007,2026-09-24T06:29:00,SYNTHETIC,81626,1129,1200,71,94.1,38.0,24.7,20,39.0,101.3,67,,375,0,-22.90102,-43.15468,Rio de Janeiro,parked,low_fuel,700,94.1
TLM00070,CUST0007,VEH0007,CONTR0007,2026-10-01T12:06:00,SYNTHETIC,81921,1180,1200,20,98.3,39.5,51.9,10,78.8,121.8,73,,409,0,-22.94602,-43.18668,Rio de Janeiro,moving,none,2500,98.3
TLM00071,CUST0008,VEH0008,CONTR0008,2026-07-30T20:11:00,SYNTHETIC,30820,1774,1500,0,118.3,32.3,30.9,26,57.5,147.6,76,,428,0,-22.92638,-43.14924,Rio de Janeiro,moving,maintenance,4000,118.3
TLM00072,CUST0008,VEH0008,CONTR0008,2026-08-06T10:09:00,SYNTHETIC,31108,1152,1500,348,76.8,42.8,53.0,9,74.3,103.7,54,,304,0,-22.89016,-43.18023,Rio de Janeiro,moving,maintenance,2500,76.8
TLM00073,CUST0008,VEH0008,CONTR0008,2026-08-13T07:27:00,SYNTHETIC,31568,1843,1500,0,122.9,45.6,38.2,21,50.3,146.7,45,,253,0,-22.91027,-43.12052,Rio de Janeiro,parked,low_fuel,2500,122.9
TLM00074,CUST0008,VEH0008,CONTR0008,2026-08-20T16:54:00,SYNTHETIC,31827,1036,1500,464,69.1,30.3,15.3,30,30.2,88.3,74,,417,0,-22.87273,-43.12267,Rio de Janeiro,parked,low_fuel,2500,69.1
TLM00075,CUST0008,VEH0008,CONTR0008,2026-08-27T06:40:00,SYNTHETIC,32143,1264,1500,236,84.3,33.5,28.3,20,50.6,114.6,20,,112,0,-22.9296,-43.23992,Rio de Janeiro,parked,none,1500,84.3
TLM00076,CUST0008,VEH0008,CONTR0008,2026-09-03T11:52:00,SYNTHETIC,32411,1075,1500,425,71.7,53.0,52.7,9,59.7,89.0,63,,355,0,-22.8069,-43.21871,Rio de Janeiro,moving,km_limit,700,71.7
TLM00077,CUST0008,VEH0008,CONTR0008,2026-09-10T06:12:00,SYNTHETIC,32625,856,1500,644,57.1,31.9,20.2,19,38.0,68.9,89,,501,0,-22.93363,-43.2489,Rio de Janeiro,parked,none,1000,57.1
TLM00078,CUST0008,VEH0008,CONTR0008,2026-09-17T14:58:00,SYNTHETIC,33019,1579,1500,0,105.3,39.6,33.2,21,50.3,126.6,17,,95,0,-22.94909,-43.14373,Rio de Janeiro,moving,low_fuel,700,105.3
TLM00079,CUST0008,VEH0008,CONTR0008,2026-09-24T17:42:00,SYNTHETIC,33397,1512,1500,0,100.8,58.1,22.6,30,23.3,122.1,73,,411,0,-22.93786,-43.19245,Rio de Janeiro,parked,none,700,100.8
TLM00080,CUST0008,VEH0008,CONTR0008,2026-10-01T18:44:00,SYNTHETIC,33766,1479,1500,21,98.6,42.7,40.8,16,57.3,117.1,31,,174,0,-22.9054,-43.18083,Rio de Janeiro,charging,none,700,98.6
TLM00081,CUST0009,VEH0009,CONTR0009,2026-07-30T13:03:00,SYNTHETIC,38352,5196,3000,0,173.2,53.9,47.0,50,52.2,470.8,52,,304,0,-27.56657,-48.60043,Florianópolis,moving,none,700,173.2
TLM00082,CUST0009,VEH0009,CONTR0009,2026-08-06T08:10:00,SYNTHETIC,39337,3940,3000,0,131.3,47.9,40.4,44,50.7,348.5,75,,438,0,-27.5859,-48.52503,Florianópolis,parked,maintenance,4000,131.3
TLM00083,CUST0009,VEH0009,CONTR0009,2026-08-13T21:45:00,SYNTHETIC,40322,3942,3000,0,131.4,45.0,38.8,46,51.8,321.6,62,,362,0,-27.51436,-48.56944,Florianópolis,parked,low_fuel,2500,131.4
TLM00084,CUST0009,VEH0009,CONTR0009,2026-08-20T13:25:00,SYNTHETIC,41405,4335,3000,0,144.5,54.9,51.1,38,55.8,345.3,40,,234,0,-27.63231,-48.57724,Florianópolis,parked,low_fuel,1500,144.5
TLM00085,CUST0009,VEH0009,CONTR0009,2026-08-27T22:22:00,SYNTHETIC,42122,2871,3000,129,95.7,56.6,24.9,52,26.4,222.7,25,,146,0,-27.63045,-48.63866,Florianópolis,parked,km_limit,1000,95.7
TLM00086,CUST0009,VEH0009,CONTR0009,2026-09-03T18:01:00,SYNTHETIC,42976,3416,3000,0,113.9,43.3,36.7,42,50.8,281.3,78,,456,0,-27.63855,-48.60783,Florianópolis,parked,none,1000,113.9
TLM00087,CUST0009,VEH0009,CONTR0009,2026-09-10T09:07:00,SYNTHETIC,43847,3485,3000,0,116.2,30.8,63.8,24,124.4,295.6,25,,146,0,-27.65586,-48.63911,Florianópolis,moving,none,1000,116.2
TLM00088,CUST0009,VEH0009,CONTR0009,2026-09-17T10:54:00,SYNTHETIC,44594,2991,3000,9,99.7,39.2,28.1,48,43.1,269.0,50,,292,0,-27.5469,-48.52687,Florianópolis,parked,low_fuel,700,99.7
TLM00089,CUST0009,VEH0009,CONTR0009,2026-09-24T06:30:00,SYNTHETIC,45198,2418,3000,582,80.6,38.2,62.5,17,98.2,216.2,66,,386,0,-27.56263,-48.48696,Florianópolis,charging,low_fuel,1500,80.6
TLM00090,CUST0009,VEH0009,CONTR0009,2026-10-01T20:46:00,SYNTHETIC,46454,5027,3000,0,167.6,35.7,55.9,40,93.9,400.6,44,,257,0,-27.53698,-48.59073,Florianópolis,moving,maintenance,2500,167.6
TLM00091,CUST0010,VEH0010,CONTR0010,2026-07-30T10:36:00,SYNTHETIC,30545,3698,3000,0,123.3,60.0,35.7,47,35.7,305.7,86,,497,0,-15.73671,-47.93815,Brasília,parked,none,350,123.3
TLM00092,CUST0010,VEH0010,CONTR0010,2026-08-06T18:48:00,SYNTHETIC,31523,3914,3000,0,130.5,50.4,31.6,56,37.6,309.5,69,,399,0,-15.75193,-47.90102,Brasília,moving,low_fuel,4000,130.5
TLM00093,CUST0010,VEH0010,CONTR0010,2026-08-13T18:24:00,SYNTHETIC,32138,2463,3000,537,82.1,54.7,69.1,16,75.8,191.8,57,,330,0,-15.84384,-47.92454,Brasília,parked,low_fuel,2500,82.1
TLM00094,CUST0010,VEH0010,CONTR0010,2026-08-20T09:43:00,SYNTHETIC,32879,2965,3000,35,98.8,31.7,45.8,29,86.7,245.7,53,,306,0,-15.78804,-47.98191,Brasília,parked,none,350,98.8
TLM00095,CUST0010,VEH0010,CONTR0010,2026-08-27T15:42:00,SYNTHETIC,33849,3880,3000,0,129.3,34.3,12.7,138,22.2,354.8,51,,295,0,-15.79261,-47.91429,Brasília,parked,none,700,129.3
TLM00096,CUST0010,VEH0010,CONTR0010,2026-09-03T19:30:00,SYNTHETIC,34455,2426,3000,574,80.9,39.1,68.3,16,104.8,198.6,29,,167,0,-15.75761,-47.9248,Brasília,parked,maintenance,700,80.9
TLM00097,CUST0010,VEH0010,CONTR0010,2026-09-10T15:37:00,SYNTHETIC,35210,3021,3000,0,100.7,57.6,28.6,48,29.8,268.9,75,,434,0,-15.84403,-47.87236,Brasília,parked,maintenance,700,100.7
TLM00098,CUST0010,VEH0010,CONTR0010,2026-09-17T16:58:00,SYNTHETIC,35961,3006,3000,0,100.2,61.7,37.6,36,36.6,267.9,92,,532,0,-15.78543,-47.90849,Brasília,parked,maintenance,700,100.2
TLM00099,CUST0010,VEH0010,CONTR0010,2026-09-24T15:25:00,SYNTHETIC,36588,2511,3000,489,83.7,31.1,50.9,22,98.1,227.7,59,,341,0,-15.77843,-47.85744,Brasília,moving,low_fuel,4000,83.7
TLM00100,CUST0010,VEH0010,CONTR0010,2026-10-01T09:25:00,SYNTHETIC,37375,3151,3000,0,105.0,58.6,56.6,25,58.0,261.5,38,,220,0,-15.76473,-47.98005,Brasília,parked,maintenance,4000,105.0
TLM00101,CUST0011,VEH0011,CONTR0011,2026-07-30T09:23:00,SYNTHETIC,25923,894,1000,106,89.4,37.9,68.7,5,108.7,80.9,42,,236,0,-27.67494,-48.59211,Florianópolis,parked,km_limit,1500,89.4
TLM00102,CUST0011,VEH0011,CONTR0011,2026-08-06T20:24:00,SYNTHETIC,26139,867,1000,133,86.7,36.6,41.6,9,68.2,74.9,24,,134,0,-27.6322,-48.54506,Florianópolis,moving,low_fuel,4000,86.7
TLM00103,CUST0011,VEH0011,CONTR0011,2026-08-13T08:05:00,SYNTHETIC,26348,837,1000,163,83.7,52.1,17.1,22,19.7,75.3,74,,415,0,-27.59944,-48.57018,Florianópolis,charging,km_limit,1500,83.7
TLM00104,CUST0011,VEH0011,CONTR0011,2026-08-20T09:34:00,SYNTHETIC,26578,923,1000,77,92.3,56.6,19.4,21,20.5,72.6,27,,151,0,-27.56856,-48.582,Florianópolis,parked,none,700,92.3
TLM00105,CUST0011,VEH0011,CONTR0011,2026-08-27T07:53:00,SYNTHETIC,26788,840,1000,160,84.0,43.0,19.9,19,27.7,76.2,83,,466,0,-27.58562,-48.52529,Florianópolis,parked,km_limit,700,84.0
TLM00106,CUST0011,VEH0011,CONTR0011,2026-09-03T12:59:00,SYNTHETIC,26991,815,1000,185,81.5,51.5,37.5,9,43.7,72.3,21,,118,0,-27.64724,-48.46355,Florianópolis,moving,low_fuel,1500,81.5
TLM00107,CUST0011,VEH0011,CONTR0011,2026-09-10T11:46:00,SYNTHETIC,27192,804,1000,196,80.4,28.5,62.4,5,131.3,72.5,23,,129,0,-27.66046,-48.54244,Florianópolis,moving,none,700,80.4
TLM00108,CUST0011,VEH0011,CONTR0011,2026-09-17T12:06:00,SYNTHETIC,27413,884,1000,116,88.4,34.4,21.8,18,38.0,77.6,69,,387,0,-27.63014,-48.58117,Florianópolis,parked,none,350,88.4
TLM00109,CUST0011,VEH0011,CONTR0011,2026-09-24T08:56:00,SYNTHETIC,27627,858,1000,142,85.8,43.6,12.5,31,17.2,79.4,94,,528,0,-27.65222,-48.5607,Florianópolis,parked,none,1000,85.8
TLM00110,CUST0011,VEH0011,CONTR0011,2026-10-01T16:40:00,SYNTHETIC,27830,815,1000,185,81.5,46.2,73.6,5,95.6,75.9,36,,202,0,-27.57578,-48.50049,Florianópolis,charging,none,1000,81.5
TLM00111,CUST0012,VEH0012,CONTR0012,2026-07-30T06:38:00,SYNTHETIC,22579,625,800,175,78.1,49.6,49.3,5,59.7,55.6,76,,427,0,-29.9998,-51.23801,Porto Alegre,parked,none,350,78.1
TLM00112,CUST0012,VEH0012,CONTR0012,2026-08-06T09:19:00,SYNTHETIC,22792,855,800,0,106.9,45.1,40.5,9,53.9,71.3,17,,95,0,-30.10792,-51.24128,Porto Alegre,moving,low_fuel,2500,106.9
TLM00113,CUST0012,VEH0012,CONTR0012,2026-08-13T07:15:00,SYNTHETIC,22913,484,800,316,60.5,32.7,30.4,7,55.9,42.0,63,,354,0,-29.99799,-51.21415,Porto Alegre,parked,low_fuel,700,60.5
TLM00114,CUST0012,VEH0012,CONTR0012,2026-08-20T19:41:00,SYNTHETIC,23126,853,800,0,106.6,39.2,19.6,19,30.1,81.0,20,,112,0,-30.01571,-51.18975,Porto Alegre,moving,low_fuel,2500,106.6
TLM00115,CUST0012,VEH0012,CONTR0012,2026-08-27T13:38:00,SYNTHETIC,23338,850,800,0,106.2,39.7,16.1,24,24.3,71.5,46,,258,0,-30.00611,-51.2264,Porto Alegre,moving,low_fuel,4000,106.2
TLM00116,CUST0012,VEH0012,CONTR0012,2026-09-03T12:08:00,SYNTHETIC,23536,792,800,8,99.0,30.2,30.1,11,59.8,79.8,21,,118,0,-30.13106,-51.21502,Porto Alegre,parked,none,4000,99.0
TLM00117,CUST0012,VEH0012,CONTR0012,2026-09-10T12:15:00,SYNTHETIC,23776,961,800,0,120.1,36.0,9.8,44,16.4,92.7,54,,304,0,-30.0779,-51.2129,Porto Alegre,moving,low_fuel,700,120.1
TLM00118,CUST0012,VEH0012,CONTR0012,2026-09-17T18:24:00,SYNTHETIC,23966,762,800,38,95.2,60.9,15.9,21,15.6,75.5,76,,427,0,-30.1189,-51.23922,Porto Alegre,parked,none,350,95.2
TLM00119,CUST0012,VEH0012,CONTR0012,2026-09-24T08:48:00,SYNTHETIC,24178,851,800,0,106.4,53.9,46.2,8,51.4,83.2,17,,95,0,-30.00071,-51.2618,Porto Alegre,parked,km_limit,1500,106.4
TLM00120,CUST0012,VEH0012,CONTR0012,2026-10-01T21:04:00,SYNTHETIC,24365,749,800,51,93.6,34.0,24.6,13,43.5,66.5,51,,287,0,-30.09242,-51.19546,Porto Alegre,moving,maintenance,1500,93.6
TLM00121,CUST0013,VEH0013,CONTR0013,2026-07-30T17:24:00,SYNTHETIC,30372,2073,3000,927,69.1,57.3,41.8,22,43.8,175.0,66,,366,0,-27.56836,-48.55642,Florianópolis,parked,km_limit,1500,69.1
TLM00122,CUST0013,VEH0013,CONTR0013,2026-08-06T19:16:00,SYNTHETIC,31155,3135,3000,0,104.5,29.3,51.2,27,104.7,265.2,87,,482,0,-27.52329,-48.53874,Florianópolis,moving,none,700,104.5
TLM00123,CUST0013,VEH0013,CONTR0013,2026-08-13T13:15:00,SYNTHETIC,32135,3923,3000,0,130.8,49.6,24.0,74,29.1,309.6,64,,355,0,-27.57025,-48.51156,Florianópolis,parked,low_fuel,1500,130.8
TLM00124,CUST0013,VEH0013,CONTR0013,2026-08-20T10:16:00,SYNTHETIC,33114,3917,3000,0,130.6,29.0,38.6,46,80.0,315.3,92,,510,0,-27.6071,-48.56646,Florianópolis,parked,low_fuel,1500,130.6
TLM00125,CUST0013,VEH0013,CONTR0013,2026-08-27T08:33:00,SYNTHETIC,33735,2486,3000,514,82.9,32.0,10.5,107,19.7,224.3,64,,355,0,-27.5011,-48.51883,Florianópolis,moving,low_fuel,1500,82.9
TLM00126,CUST0013,VEH0013,CONTR0013,2026-09-03T19:48:00,SYNTHETIC,34530,3183,3000,0,106.1,51.5,30.5,47,35.6,277.4,63,,349,0,-27.50647,-48.54257,Florianópolis,moving,none,2500,106.1
TLM00127,CUST0013,VEH0013,CONTR0013,2026-09-10T15:00:00,SYNTHETIC,35463,3732,3000,0,124.4,54.4,22.9,74,25.2,300.0,41,,227,0,-27.48877,-48.52837,Florianópolis,moving,km_limit,4000,124.4
TLM00128,CUST0013,VEH0013,CONTR0013,2026-09-17T17:11:00,SYNTHETIC,36024,2245,3000,755,74.8,51.7,31.7,32,36.8,200.4,70,,388,0,-27.53404,-48.62731,Florianópolis,moving,none,700,74.8
TLM00129,CUST0013,VEH0013,CONTR0013,2026-09-24T12:16:00,SYNTHETIC,37162,4552,3000,0,151.7,43.3,45.9,45,63.6,369.3,22,,122,0,-27.48942,-48.51953,Florianópolis,parked,none,4000,151.7
TLM00130,CUST0013,VEH0013,CONTR0013,2026-10-01T14:04:00,SYNTHETIC,38276,4459,3000,0,148.6,31.7,37.2,54,70.4,353.6,25,,138,0,-27.59195,-48.56529,Florianópolis,parked,none,1500,148.6
TLM00131,CUST0014,VEH0014,CONTR0014,2026-07-30T22:50:00,SYNTHETIC,18488,1102,1800,698,61.2,37.0,52.8,9,85.5,90.3,20,,122,0,-19.97204,-43.91962,Belo Horizonte,maintenance,none,350,61.2
TLM00132,CUST0014,VEH0014,CONTR0014,2026-08-06T16:20:00,SYNTHETIC,19024,2144,1800,0,119.1,59.7,29.2,33,29.3,164.5,69,,422,0,-19.8425,-43.86554,Belo Horizonte,parked,none,1000,119.1
TLM00133,CUST0014,VEH0014,CONTR0014,2026-08-13T18:46:00,SYNTHETIC,19427,1613,1800,187,89.6,29.9,23.4,31,47.0,123.6,27,,165,0,-19.83953,-43.86809,Belo Horizonte,moving,km_limit,350,89.6
TLM00134,CUST0014,VEH0014,CONTR0014,2026-08-20T21:32:00,SYNTHETIC,19741,1259,1800,541,69.9,46.0,52.6,10,68.5,104.9,46,,281,0,-19.9071,-43.98603,Belo Horizonte,maintenance,km_limit,1000,69.9
TLM00135,CUST0014,VEH0014,CONTR0014,2026-08-27T20:14:00,SYNTHETIC,20345,2416,1800,0,134.2,55.6,6.8,161,7.4,186.2,20,,122,0,-19.87612,-43.95207,Belo Horizonte,parked,none,4000,134.2
TLM00136,CUST0014,VEH0014,CONTR0014,2026-09-03T15:38:00,SYNTHETIC,20645,1201,1800,599,66.7,42.5,51.6,10,72.8,103.4,27,,165,0,-19.94199,-43.99319,Belo Horizonte,parked,km_limit,4000,66.7
TLM00137,CUST0014,VEH0014,CONTR0014,2026-09-10T20:10:00,SYNTHETIC,21115,1881,1800,0,104.5,57.1,30.7,27,32.3,138.1,26,,159,0,-19.82977,-43.86329,Belo Horizonte,parked,low_fuel,1000,104.5
TLM00138,CUST0014,VEH0014,CONTR0014,2026-09-17T06:10:00,SYNTHETIC,21574,1838,1800,0,102.1,36.3,14.4,58,23.7,158.7,26,,159,0,-19.82456,-43.96386,Belo Horizonte,parked,km_limit,350,102.1
TLM00139,CUST0014,VEH0014,CONTR0014,2026-09-24T21:05:00,SYNTHETIC,21943,1477,1800,323,82.1,52.5,38.6,17,44.2,127.7,30,,183,0,-19.84591,-43.96285,Belo Horizonte,moving,none,4000,82.1
TLM00140,CUST0014,VEH0014,CONTR0014,2026-10-01T19:51:00,SYNTHETIC,22414,1887,1800,0,104.8,59.4,9.2,93,9.3,145.0,63,,385,0,-19.93586,-43.97464,Belo Horizonte,moving,low_fuel,4000,104.8
TLM00141,CUST0015,VEH0015,CONTR0015,2026-07-30T10:54:00,SYNTHETIC,19931,1331,1500,169,88.7,53.2,70.1,8,79.1,133.9,29,,167,0,-22.91635,-47.0826,Campinas,parked,none,2500,88.7
TLM00142,CUST0015,VEH0015,CONTR0015,2026-08-06T17:51:00,SYNTHETIC,20348,1669,1500,0,111.3,48.1,20.7,36,25.8,156.4,69,,399,0,-22.8578,-47.01598,Campinas,parked,low_fuel,1000,111.3
TLM00143,CUST0015,VEH0015,CONTR0015,2026-08-13T15:53:00,SYNTHETIC,20876,2112,1500,0,140.8,35.6,34.2,28,57.8,204.0,73,,422,0,-22.93147,-47.03463,Campinas,moving,none,1000,140.8
TLM00144,CUST0015,VEH0015,CONTR0015,2026-08-20T15:32:00,SYNTHETIC,21282,1627,1500,0,108.5,53.4,64.3,11,72.2,166.2,19,,110,0,-22.80804,-47.12368,Campinas,maintenance,none,2500,108.5
TLM00145,CUST0015,VEH0015,CONTR0015,2026-08-27T16:09:00,SYNTHETIC,21849,2271,1500,0,151.4,44.3,62.9,16,85.3,217.5,63,,364,0,-22.83403,-47.10973,Campinas,parked,low_fuel,350,151.4
TLM00146,CUST0015,VEH0015,CONTR0015,2026-09-03T18:19:00,SYNTHETIC,22456,2430,1500,0,162.0,51.8,11.6,95,13.4,250.0,37,,214,0,-22.80899,-47.03795,Campinas,parked,low_fuel,1500,162.0
TLM00147,CUST0015,VEH0015,CONTR0015,2026-09-10T08:33:00,SYNTHETIC,23132,2705,1500,0,180.3,46.6,30.4,40,39.1,268.6,59,,341,0,-22.85021,-47.09825,Campinas,parked,km_limit,1500,180.3
TLM00148,CUST0015,VEH0015,CONTR0015,2026-09-17T15:29:00,SYNTHETIC,23697,2263,1500,0,150.9,46.6,14.5,70,18.7,209.3,89,,515,0,-22.86175,-47.05108,Campinas,parked,low_fuel,350,150.9
TLM00149,CUST0015,VEH0015,CONTR0015,2026-09-24T06:23:00,SYNTHETIC,24179,1930,1500,0,128.7,58.5,22.0,39,22.5,196.3,40,,231,0,-22.85034,-47.05132,Campinas,parked,low_fuel,4000,128.7
TLM00150,CUST0015,VEH0015,CONTR0015,2026-10-01T17:30:00,SYNTHETIC,24854,2701,1500,0,180.1,33.0,71.0,17,129.0,255.2,36,,208,0,-22.93775,-47.13503,Campinas,maintenance,none,350,180.1
TLM00151,CUST0016,VEH0016,CONTR0016,2026-07-30T18:31:00,SYNTHETIC,49559,772,800,28,96.5,61.0,36.7,9,36.1,50.9,19,,94,0,-15.83334,-47.85897,Brasília,moving,none,350,96.5
TLM00152,CUST0016,VEH0016,CONTR0016,2026-08-06T18:17:00,SYNTHETIC,49773,857,800,0,107.1,54.4,54.6,7,60.2,59.6,26,,128,0,-15.7806,-47.88313,Brasília,moving,low_fuel,1500,107.1
TLM00153,CUST0016,VEH0016,CONTR0016,2026-08-13T21:17:00,SYNTHETIC,49899,505,800,295,63.1,32.1,37.4,6,69.9,36.7,43,,212,0,-15.77077,-47.93922,Brasília,parked,maintenance,350,63.1
TLM00154,CUST0016,VEH0016,CONTR0016,2026-08-20T08:45:00,SYNTHETIC,50062,655,800,145,81.9,62.0,40.4,7,39.1,42.3,31,,153,0,-15.73635,-47.82711,Brasília,moving,none,350,81.9
TLM00155,CUST0016,VEH0016,CONTR0016,2026-08-27T22:53:00,SYNTHETIC,50285,895,800,0,111.9,28.7,33.2,12,69.6,60.6,82,,405,0,-15.78821,-47.84015,Brasília,parked,none,1500,111.9
TLM00156,CUST0016,VEH0016,CONTR0016,2026-09-03T11:00:00,SYNTHETIC,50412,509,800,291,63.6,53.6,53.3,4,59.7,37.0,38,,188,0,-15.79301,-47.82627,Brasília,moving,low_fuel,2500,63.6
TLM00157,CUST0016,VEH0016,CONTR0016,2026-09-10T22:19:00,SYNTHETIC,50540,512,800,288,64.0,35.0,13.9,16,23.8,34.9,19,,94,0,-15.8236,-47.86724,Brasília,parked,none,350,64.0
TLM00158,CUST0016,VEH0016,CONTR0016,2026-09-17T20:08:00,SYNTHETIC,50782,969,800,0,121.1,28.0,20.7,21,44.4,71.0,81,,400,0,-15.78944,-47.84313,Brasília,parked,low_fuel,1000,121.1
TLM00159,CUST0016,VEH0016,CONTR0016,2026-09-24T07:15:00,SYNTHETIC,51030,992,800,0,124.0,40.0,32.4,13,48.6,62.8,27,,133,0,-15.87589,-47.93168,Brasília,parked,low_fuel,4000,124.0
TLM00160,CUST0016,VEH0016,CONTR0016,2026-10-01T19:04:00,SYNTHETIC,51170,560,800,240,70.0,32.6,33.1,7,60.9,38.4,50,,247,0,-15.79379,-47.91264,Brasília,parked,low_fuel,700,70.0
TLM00161,CUST0017,VEH0017,CONTR0017,2026-07-30T14:40:00,SYNTHETIC,26672,1066,1000,0,106.6,36.6,26.8,18,44.0,96.6,83,,477,0,-19.85003,-44.00889,Belo Horizonte,parked,none,700,106.6
TLM00162,CUST0017,VEH0017,CONTR0017,2026-08-06T13:04:00,SYNTHETIC,26975,1214,1000,0,121.4,48.6,26.6,20,32.8,98.6,70,,402,0,-19.9183,-43.95467,Belo Horizonte,parked,none,1500,121.4
TLM00163,CUST0017,VEH0017,CONTR0017,2026-08-13T06:06:00,SYNTHETIC,27253,1115,1000,0,111.5,31.0,50.6,10,97.8,102.7,33,,189,0,-19.90118,-43.88471,Belo Horizonte,parked,none,700,111.5
TLM00164,CUST0017,VEH0017,CONTR0017,2026-08-20T17:44:00,SYNTHETIC,27561,1235,1000,0,123.5,34.0,41.7,13,73.6,103.6,77,,442,0,-19.86997,-43.99459,Belo Horizonte,moving,maintenance,350,123.5
TLM00165,CUST0017,VEH0017,CONTR0017,2026-08-27T18:30:00,SYNTHETIC,27825,1059,1000,0,105.9,38.8,42.8,11,66.2,86.5,83,,477,0,-19.86675,-43.99826,Belo Horizonte,parked,maintenance,2500,105.9
TLM00166,CUST0017,VEH0017,CONTR0017,2026-09-03T13:43:00,SYNTHETIC,28120,1181,1000,0,118.1,32.9,33.8,15,61.8,98.3,62,,356,0,-19.86413,-43.92662,Belo Horizonte,moving,low_fuel,4000,118.1
TLM00167,CUST0017,VEH0017,CONTR0017,2026-09-10T08:19:00,SYNTHETIC,28422,1209,1000,0,120.9,45.1,19.5,28,26.0,104.0,44,,253,0,-19.89648,-43.98967,Belo Horizonte,moving,low_fuel,1000,120.9
TLM00168,CUST0017,VEH0017,CONTR0017,2026-09-17T06:27:00,SYNTHETIC,28720,1195,1000,0,119.5,60.1,14.1,38,14.1,95.0,51,,293,0,-19.85319,-43.89052,Belo Horizonte,moving,km_limit,2500,119.5
TLM00169,CUST0017,VEH0017,CONTR0017,2026-09-24T06:45:00,SYNTHETIC,29016,1187,1000,0,118.7,51.0,32.1,16,37.7,95.8,16,,92,0,-19.89352,-43.95422,Belo Horizonte,moving,none,2500,118.7
TLM00170,CUST0017,VEH0017,CONTR0017,2026-10-01T20:10:00,SYNTHETIC,29311,1182,1000,0,118.2,59.3,55.0,9,55.6,112.3,92,,529,0,-19.8536,-43.8986,Belo Horizonte,parked,maintenance,350,118.2
TLM00171,CUST0018,VEH0018,CONTR0018,2026-07-30T18:10:00,SYNTHETIC,34721,887,1200,313,73.9,40.5,12.5,32,18.6,74.9,21,,130,0,-19.95319,-43.99046,Belo Horizonte,parked,km_limit,1500,73.9
TLM00172,CUST0018,VEH0018,CONTR0018,2026-08-06T14:13:00,SYNTHETIC,34960,956,1200,244,79.7,46.3,43.6,9,56.4,76.8,53,,328,0,-20.01256,-43.90759,Belo Horizonte,parked,none,1500,79.7
TLM00173,CUST0018,VEH0018,CONTR0018,2026-08-13T21:03:00,SYNTHETIC,35354,1578,1200,0,131.5,59.6,53.0,13,53.4,137.8,19,,117,0,-19.956,-43.9101,Belo Horizonte,moving,maintenance,1500,131.5
TLM00174,CUST0018,VEH0018,CONTR0018,2026-08-20T19:31:00,SYNTHETIC,35617,1052,1200,148,87.7,28.2,49.6,9,105.7,85.8,60,,372,0,-19.98131,-43.92392,Belo Horizonte,parked,none,350,87.7
TLM00175,CUST0018,VEH0018,CONTR0018,2026-08-27T18:23:00,SYNTHETIC,35893,1105,1200,95,92.1,59.0,6.3,79,6.4,101.4,47,,291,0,-19.96503,-43.94005,Belo Horizonte,moving,km_limit,700,92.1
TLM00176,CUST0018,VEH0018,CONTR0018,2026-09-03T19:00:00,SYNTHETIC,36261,1475,1200,0,122.9,31.7,27.5,24,52.0,137.1,35,,217,0,-19.95544,-43.8693,Belo Horizonte,moving,none,700,122.9
TLM00177,CUST0018,VEH0018,CONTR0018,2026-09-10T12:30:00,SYNTHETIC,36486,901,1200,299,75.1,29.4,25.3,16,51.8,82.2,19,,117,0,-19.85937,-43.85131,Belo Horizonte,moving,low_fuel,700,75.1
TLM00178,CUST0018,VEH0018,CONTR0018,2026-09-17T18:08:00,SYNTHETIC,36780,1177,1200,23,98.1,44.8,39.4,13,52.7,94.8,66,,409,0,-19.99536,-43.99132,Belo Horizonte,moving,low_fuel,2500,98.1
TLM00179,CUST0018,VEH0018,CONTR0018,2026-09-24T06:27:00,SYNTHETIC,36997,869,1200,331,72.4,45.0,43.6,9,58.1,71.6,58,,359,0,-19.93609,-43.96342,Belo Horizonte,moving,maintenance,1500,72.4
TLM00180,CUST0018,VEH0018,CONTR0018,2026-10-01T14:44:00,SYNTHETIC,37277,1122,1200,78,93.5,49.0,41.7,12,51.1,91.5,50,,310,0,-19.97334,-43.87728,Belo Horizonte,moving,low_fuel,350,93.5
TLM00181,CUST0019,VEH0019,CONTR0019,2026-07-30T13:07:00,SYNTHETIC,19386,3512,2500,0,140.5,45.1,14.9,107,19.8,381.2,90,,496,0,-27.68587,-48.64773,Florianópolis,maintenance,none,424,140.5
TLM00182,CUST0019,VEH0019,CONTR0019,2026-08-06T15:44:00,SYNTHETIC,20398,4051,2500,0,162.0,42.5,36.2,50,51.1,367.5,21,,115,0,-27.60571,-48.61684,Florianópolis,moving,maintenance,308,162.0
TLM00183,CUST0019,VEH0019,CONTR0019,2026-08-13T19:15:00,SYNTHETIC,21145,2988,2500,0,119.5,45.3,37.5,36,49.7,283.7,49,,270,0,-27.65587,-48.64626,Florianópolis,moving,none,243,119.5
TLM00184,CUST0019,VEH0019,CONTR0019,2026-08-20T14:31:00,SYNTHETIC,21639,1979,2500,521,79.2,53.3,16.4,54,18.4,194.5,92,,507,0,-27.64887,-48.60517,Florianópolis,moving,none,320,79.2
TLM00185,CUST0019,VEH0019,CONTR0019,2026-08-27T22:38:00,SYNTHETIC,22111,1888,2500,612,75.5,46.8,48.2,17,61.9,180.3,61,,336,0,-27.64759,-48.54983,Florianópolis,moving,maintenance,498,75.5
TLM00186,CUST0019,VEH0019,CONTR0019,2026-09-03T12:12:00,SYNTHETIC,22801,2763,2500,0,110.5,58.2,12.4,101,12.8,286.3,30,,165,0,-27.59429,-48.50579,Florianópolis,moving,low_fuel,400,110.5
TLM00187,CUST0019,VEH0019,CONTR0019,2026-09-10T07:08:00,SYNTHETIC,23587,3147,2500,0,125.9,39.7,41.5,34,62.8,341.4,40,,220,0,-27.67637,-48.56579,Florianópolis,moving,none,469,125.9
TLM00188,CUST0019,VEH0019,CONTR0019,2026-09-17T09:58:00,SYNTHETIC,24569,3928,2500,0,157.1,57.0,50.4,35,53.1,425.0,61,,336,0,-27.63726,-48.57662,Florianópolis,parked,low_fuel,422,157.1
TLM00189,CUST0019,VEH0019,CONTR0019,2026-09-24T07:50:00,SYNTHETIC,25595,4106,2500,0,164.2,54.9,14.2,131,15.5,387.4,31,,171,0,-27.55144,-48.62344,Florianópolis,parked,maintenance,123,164.2
TLM00190,CUST0019,VEH0019,CONTR0019,2026-10-01T18:25:00,SYNTHETIC,26351,3025,2500,0,121.0,46.1,31.2,44,40.6,273.5,71,,391,0,-27.60989,-48.62076,Florianópolis,moving,maintenance,296,121.0
TLM00191,CUST0020,VEH0020,CONTR0020,2026-07-30T22:16:00,SYNTHETIC,80551,2370,2500,130,94.8,51.7,49.1,21,57.0,211.4,73,,438,0,-19.97616,-43.99619,Belo Horizonte,parked,low_fuel,2500,94.8
TLM00192,CUST0020,VEH0020,CONTR0020,2026-08-06T14:59:00,SYNTHETIC,81341,3160,2500,0,126.4,33.8,8.2,174,14.6,252.5,20,,120,0,-20.00343,-43.8917,Belo Horizonte,moving,none,4000,126.4
TLM00193,CUST0020,VEH0020,CONTR0020,2026-08-13T17:20:00,SYNTHETIC,82383,4171,2500,0,166.8,61.6,16.3,116,15.9,324.7,59,,354,0,-20.01139,-43.91857,Belo Horizonte,parked,maintenance,4000,166.8
TLM00194,CUST0020,VEH0020,CONTR0020,2026-08-20T06:52:00,SYNTHETIC,83273,3562,2500,0,142.5,41.9,36.0,45,51.5,289.8,22,,132,0,-19.96783,-43.91456,Belo Horizonte,moving,low_fuel,4000,142.5
TLM00195,CUST0020,VEH0020,CONTR0020,2026-08-27T18:41:00,SYNTHETIC,83888,2461,2500,39,98.4,28.5,38.2,29,80.3,222.8,89,,534,0,-19.98353,-43.93124,Belo Horizonte,parked,low_fuel,350,98.4
TLM00196,CUST0020,VEH0020,CONTR0020,2026-09-03T20:14:00,SYNTHETIC,84473,2343,2500,157,93.7,43.0,21.9,48,30.5,185.9,95,,570,0,-19.90794,-43.96202,Belo Horizonte,moving,none,1500,93.7
TLM00197,CUST0020,VEH0020,CONTR0020,2026-09-10T21:46:00,SYNTHETIC,85219,2987,2500,0,119.5,44.9,28.5,47,38.1,267.8,37,,222,0,-19.99584,-43.98631,Belo Horizonte,moving,maintenance,700,119.5
TLM00198,CUST0020,VEH0020,CONTR0020,2026-09-17T13:29:00,SYNTHETIC,86205,3947,2500,0,157.9,55.8,39.7,45,42.7,312.0,33,,198,0,-19.87925,-43.87618,Belo Horizonte,moving,km_limit,350,157.9
TLM00199,CUST0020,VEH0020,CONTR0020,2026-09-24T09:52:00,SYNTHETIC,86980,3100,2500,0,124.0,52.7,45.6,30,51.9,266.8,63,,378,0,-20.02254,-43.89856,Belo Horizonte,parked,none,1500,124.0
TLM00200,CUST0020,VEH0020,CONTR0020,2026-10-01T06:50:00,SYNTHETIC,87522,2168,2500,332,86.7,54.2,19.1,51,21.2,198.8,91,,546,0,-20.0077,-43.91366,Belo Horizonte,moving,low_fuel,350,86.7
TLM00201,CUST0021,VEH0021,CONTR0021,2026-07-30T10:15:00,SYNTHETIC,16326,760,1000,240,76.0,44.3,33.6,10,45.4,0.0,,81,230,4,-15.86136,-47.84947,Brasília,parked,km_limit,1000,76.0
TLM00202,CUST0021,VEH0021,CONTR0021,2026-08-06T13:01:00,SYNTHETIC,16500,699,1000,301,69.9,56.0,11.0,28,11.8,0.0,,62,157,6,-15.83403,-47.89854,Brasília,parked,none,700,69.9
TLM00203,CUST0021,VEH0021,CONTR0021,2026-08-13T15:22:00,SYNTHETIC,16706,825,1000,175,82.5,59.3,39.5,9,40.0,0.0,,39,105,1,-15.85809,-47.9068,Brasília,parked,none,700,82.5
TLM00204,CUST0021,VEH0021,CONTR0021,2026-08-20T11:43:00,SYNTHETIC,17035,1317,1000,0,131.7,30.9,8.1,73,15.8,0.0,,44,113,8,-15.80226,-47.8173,Brasília,parked,maintenance,1000,131.7
TLM00205,CUST0021,VEH0021,CONTR0021,2026-08-27T08:50:00,SYNTHETIC,17306,1086,1000,0,108.6,37.8,48.9,10,77.7,0.0,,59,170,5,-15.86995,-47.8109,Brasília,moving,battery_low,1000,108.6
TLM00206,CUST0021,VEH0021,CONTR0021,2026-09-03T14:09:00,SYNTHETIC,17583,1110,1000,0,111.0,38.9,25.1,20,38.8,0.0,,86,244,1,-15.85583,-47.80104,Brasília,moving,km_limit,2500,111.0
TLM00207,CUST0021,VEH0021,CONTR0021,2026-09-10T13:24:00,SYNTHETIC,17808,901,1000,99,90.1,38.9,26.8,15,41.3,0.0,,77,212,5,-15.80331,-47.88066,Brasília,parked,battery_low,700,90.1
TLM00208,CUST0021,VEH0021,CONTR0021,2026-09-17T13:23:00,SYNTHETIC,18061,1015,1000,0,101.5,55.9,24.8,18,26.7,0.0,,78,212,3,-15.86984,-47.80118,Brasília,moving,none,4000,101.5
TLM00209,CUST0021,VEH0021,CONTR0021,2026-09-24T20:09:00,SYNTHETIC,18319,1034,1000,0,103.4,60.6,51.1,9,50.7,0.0,,32,92,5,-15.73666,-47.87196,Brasília,parked,none,700,103.4
TLM00210,CUST0021,VEH0021,CONTR0021,2026-10-01T06:44:00,SYNTHETIC,18551,929,1000,71,92.9,35.2,17.0,24,29.0,0.0,,42,106,2,-15.71591,-47.90073,Brasília,parked,battery_low,1500,92.9
TLM00211,CUST0022,VEH0022,CONTR0022,2026-07-30T19:09:00,SYNTHETIC,14935,1066,1200,134,88.8,33.4,13.2,36,23.7,44.5,46,,450,0,-8.03932,-34.91861,Recife,moving,maintenance,350,88.8
TLM00212,CUST0022,VEH0022,CONTR0022,2026-08-06T07:56:00,SYNTHETIC,15217,1130,1200,70,94.2,44.0,41.4,12,56.5,50.3,16,,156,1,-8.059,-34.8971,Recife,moving,none,350,94.2
TLM00213,CUST0022,VEH0022,CONTR0022,2026-08-13T13:27:00,SYNTHETIC,15474,1031,1200,169,85.9,42.4,52.5,8,74.2,46.0,48,,469,2,-8.01276,-34.95028,Recife,moving,none,2500,85.9
TLM00214,CUST0022,VEH0022,CONTR0022,2026-08-20T08:52:00,SYNTHETIC,15756,1131,1200,69,94.2,53.3,25.6,20,28.9,46.4,65,,636,0,-8.051,-34.91738,Recife,parked,maintenance,4000,94.2
TLM00215,CUST0022,VEH0022,CONTR0022,2026-08-27T17:38:00,SYNTHETIC,16013,1028,1200,172,85.7,29.9,24.2,19,48.6,45.5,49,,479,0,-8.03718,-34.94009,Recife,moving,none,350,85.7
TLM00216,CUST0022,VEH0022,CONTR0022,2026-09-03T07:15:00,SYNTHETIC,16257,979,1200,221,81.6,35.2,6.5,68,11.1,47.6,39,,381,2,-8.11872,-34.8375,Recife,parked,low_fuel,700,81.6
TLM00217,CUST0022,VEH0022,CONTR0022,2026-09-10T22:12:00,SYNTHETIC,16532,1102,1200,98,91.8,29.6,21.4,23,43.5,54.0,16,,156,1,-8.11147,-34.93127,Recife,parked,km_limit,1000,91.8
TLM00218,CUST0022,VEH0022,CONTR0022,2026-09-17T18:30:00,SYNTHETIC,16802,1081,1200,119,90.1,39.3,49.9,9,76.3,48.7,79,,773,0,-8.06797,-34.85745,Recife,moving,maintenance,350,90.1
TLM00219,CUST0022,VEH0022,CONTR0022,2026-09-24T11:32:00,SYNTHETIC,17062,1043,1200,157,86.9,58.1,10.6,44,10.9,49.0,42,,411,2,-8.07918,-34.87717,Recife,parked,none,4000,86.9
TLM00220,CUST0022,VEH0022,CONTR0022,2026-10-01T18:15:00,SYNTHETIC,17317,1021,1200,179,85.1,54.7,22.6,20,24.8,44.6,70,,685,0,-8.12838,-34.89611,Recife,moving,low_fuel,4000,85.1
TLM00221,CUST0023,VEH0023,CONTR0023,2026-07-30T08:31:00,SYNTHETIC,25566,2367,2500,133,94.7,61.8,10.8,99,10.5,0.0,,26,65,4,-16.73575,-49.28501,Goiânia,parked,battery_low,2500,94.7
TLM00222,CUST0023,VEH0023,CONTR0023,2026-08-06T14:48:00,SYNTHETIC,25980,1657,2500,843,66.3,37.5,23.8,31,38.1,0.0,,36,89,7,-16.61054,-49.23115,Goiânia,moving,km_limit,1000,66.3
TLM00223,CUST0023,VEH0023,CONTR0023,2026-08-13T22:54:00,SYNTHETIC,26377,1591,2500,909,63.6,47.3,7.9,91,10.1,0.0,,61,161,2,-16.65087,-49.28502,Goiânia,moving,none,1500,63.6
TLM00224,CUST0023,VEH0023,CONTR0023,2026-08-20T13:44:00,SYNTHETIC,26901,2098,2500,402,83.9,43.3,49.0,19,67.9,0.0,,30,82,0,-16.61941,-49.33393,Goiânia,parked,battery_low,4000,83.9
TLM00225,CUST0023,VEH0023,CONTR0023,2026-08-27T17:29:00,SYNTHETIC,27371,1883,2500,617,75.3,33.4,25.6,33,46.0,0.0,,34,87,7,-16.67585,-49.24958,Goiânia,parked,none,4000,75.3
TLM00226,CUST0023,VEH0023,CONTR0023,2026-09-03T08:20:00,SYNTHETIC,27762,1565,2500,935,62.6,34.1,11.3,62,19.9,0.0,,75,209,3,-16.69602,-49.2385,Goiânia,moving,none,1500,62.6
TLM00227,CUST0023,VEH0023,CONTR0023,2026-09-10T12:20:00,SYNTHETIC,28430,2672,2500,0,106.9,31.9,28.3,42,53.2,0.0,,94,238,7,-16.6599,-49.17715,Goiânia,parked,battery_low,700,106.9
TLM00228,CUST0023,VEH0023,CONTR0023,2026-09-17T19:17:00,SYNTHETIC,28801,1484,2500,1016,59.4,55.5,44.7,15,48.3,0.0,,85,217,3,-16.71048,-49.30702,Goiânia,moving,battery_low,350,59.4
TLM00229,CUST0023,VEH0023,CONTR0023,2026-09-24T14:11:00,SYNTHETIC,29264,1854,2500,646,74.2,30.8,48.8,17,95.2,0.0,,82,233,8,-16.61792,-49.32041,Goiânia,parked,battery_low,700,74.2
TLM00230,CUST0023,VEH0023,CONTR0023,2026-10-01T11:44:00,SYNTHETIC,29757,1973,2500,527,78.9,53.6,14.1,63,15.7,0.0,,69,198,7,-16.68092,-49.18918,Goiânia,parked,maintenance,1500,78.9
TLM00231,CUST0024,VEH0024,CONTR0024,2026-07-30T16:00:00,SYNTHETIC,6772,1885,2000,115,94.2,58.4,15.7,54,16.2,146.2,89,,738,2,-19.96167,-43.95156,Belo Horizonte,moving,none,700,94.2
TLM00232,CUST0024,VEH0024,CONTR0024,2026-08-06T10:40:00,SYNTHETIC,7349,2310,2000,0,115.5,31.9,53.5,19,100.8,168.3,81,,672,2,-19.91386,-43.86984,Belo Horizonte,moving,km_limit,350,115.5
TLM00233,CUST0024,VEH0024,CONTR0024,2026-08-13T17:13:00,SYNTHETIC,7700,1406,2000,594,70.3,61.3,26.6,24,26.0,105.3,36,,298,2,-19.83337,-43.86947,Belo Horizonte,parked,none,1500,70.3
TLM00234,CUST0024,VEH0024,CONTR0024,2026-08-20T20:26:00,SYNTHETIC,7980,1120,2000,880,56.0,55.7,6.8,74,7.3,89.7,79,,655,0,-19.92009,-43.9686,Belo Horizonte,parked,km_limit,4000,56.0
TLM00235,CUST0024,VEH0024,CONTR0024,2026-08-27T11:34:00,SYNTHETIC,8438,1832,2000,168,91.6,54.0,11.6,72,12.8,127.2,69,,572,1,-19.91601,-43.97935,Belo Horizonte,parked,maintenance,700,91.6
TLM00236,CUST0024,VEH0024,CONTR0024,2026-09-03T06:39:00,SYNTHETIC,8951,2052,2000,0,102.6,49.6,40.4,23,48.9,165.7,27,,224,0,-19.83655,-44.00836,Belo Horizonte,parked,none,350,102.6
TLM00237,CUST0024,VEH0024,CONTR0024,2026-09-10T19:13:00,SYNTHETIC,9444,1973,2000,27,98.7,46.5,37.0,24,47.8,146.6,19,,157,2,-19.95009,-43.95221,Belo Horizonte,parked,low_fuel,1000,98.7
TLM00238,CUST0024,VEH0024,CONTR0024,2026-09-17T18:00:00,SYNTHETIC,9787,1373,2000,627,68.7,44.0,12.1,51,16.5,111.5,74,,614,1,-19.83541,-43.8998,Belo Horizonte,parked,low_fuel,4000,68.7
TLM00239,CUST0024,VEH0024,CONTR0024,2026-09-24T19:02:00,SYNTHETIC,10155,1474,2000,526,73.7,50.4,21.1,31,25.1,118.2,68,,564,2,-19.98327,-44.00041,Belo Horizonte,parked,none,700,73.7
TLM00240,CUST0024,VEH0024,CONTR0024,2026-10-01T18:12:00,SYNTHETIC,10715,2243,2000,0,112.1,55.9,35.4,28,38.0,161.0,88,,730,1,-19.88715,-43.96202,Belo Horizonte,moving,maintenance,700,112.1
TLM00241,CUST0025,VEH0025,CONTR0025,2026-07-30T19:14:00,SYNTHETIC,61563,1280,2000,720,64.0,49.6,53.9,10,65.1,108.2,55,,352,0,-12.99816,-38.46205,Salvador,parked,none,2500,64.0
TLM00242,CUST0025,VEH0025,CONTR0025,2026-08-06T16:13:00,SYNTHETIC,62059,1984,2000,16,99.2,54.7,47.3,19,51.9,184.0,48,,307,0,-12.99917,-38.58614,Salvador,moving,none,2500,99.2
TLM00243,CUST0025,VEH0025,CONTR0025,2026-08-13T06:47:00,SYNTHETIC,62603,2178,2000,0,108.9,33.2,36.3,27,65.6,198.6,25,,160,0,-12.89662,-38.43289,Salvador,parked,km_limit,2500,108.9
TLM00244,CUST0025,VEH0025,CONTR0025,2026-08-20T13:46:00,SYNTHETIC,63150,2188,2000,0,109.4,34.3,38.0,26,66.3,186.8,39,,249,0,-12.88929,-38.46447,Salvador,parked,low_fuel,2500,109.4
TLM00245,CUST0025,VEH0025,CONTR0025,2026-08-27T20:59:00,SYNTHETIC,63655,2022,2000,0,101.1,37.3,51.8,17,83.2,187.5,89,,570,0,-12.91875,-38.57311,Salvador,moving,none,350,101.1
TLM00246,CUST0025,VEH0025,CONTR0025,2026-09-03T21:50:00,SYNTHETIC,64243,2352,2000,0,117.6,31.2,30.2,35,58.2,206.8,41,,262,0,-13.01058,-38.57847,Salvador,charging,none,1500,117.6
TLM00247,CUST0025,VEH0025,CONTR0025,2026-09-10T15:00:00,SYNTHETIC,64544,1206,2000,794,60.3,51.4,24.4,22,28.5,105.0,72,,461,0,-12.86951,-38.48469,Salvador,parked,none,700,60.3
TLM00248,CUST0025,VEH0025,CONTR0025,2026-09-17T06:10:00,SYNTHETIC,65118,2296,2000,0,114.8,32.0,22.8,45,42.8,201.2,93,,596,0,-12.93061,-38.54952,Salvador,moving,maintenance,2500,114.8
TLM00249,CUST0025,VEH0025,CONTR0025,2026-09-24T12:01:00,SYNTHETIC,65605,1948,2000,52,97.4,46.2,31.4,28,40.7,185.3,42,,269,0,-12.96168,-38.55508,Salvador,parked,none,1000,97.4
TLM00250,CUST0025,VEH0025,CONTR0025,2026-10-01T15:29:00,SYNTHETIC,66208,2415,2000,0,120.8,37.1,29.6,37,47.9,238.1,59,,378,0,-12.89486,-38.51091,Salvador,parked,maintenance,4000,120.8
TLM00251,CUST0026,VEH0026,CONTR0026,2026-07-30T15:10:00,SYNTHETIC,57869,1793,1500,0,119.5,36.5,15.7,51,25.8,163.3,50,,288,0,-23.50302,-46.56644,São Paulo,parked,none,1500,119.5
TLM00252,CUST0026,VEH0026,CONTR0026,2026-08-06T18:27:00,SYNTHETIC,58307,1752,1500,0,116.8,42.4,42.6,18,60.3,158.7,94,,541,0,-23.59812,-46.66257,São Paulo,parked,maintenance,350,116.8
TLM00253,CUST0026,VEH0026,CONTR0026,2026-08-13T15:38:00,SYNTHETIC,58728,1685,1500,0,112.3,43.3,49.6,15,68.7,156.7,47,,270,0,-23.49781,-46.61582,São Paulo,charging,km_limit,2500,112.3
TLM00254,CUST0026,VEH0026,CONTR0026,2026-08-20T08:13:00,SYNTHETIC,59026,1194,1500,306,79.6,29.0,14.8,36,30.6,98.1,38,,218,0,-23.52497,-46.65953,São Paulo,parked,none,1000,79.6
TLM00255,CUST0026,VEH0026,CONTR0026,2026-08-27T16:57:00,SYNTHETIC,59264,953,1500,547,63.5,38.8,6.5,66,10.1,78.4,74,,426,0,-23.59286,-46.70844,São Paulo,moving,low_fuel,2500,63.5
TLM00256,CUST0026,VEH0026,CONTR0026,2026-09-03T19:43:00,SYNTHETIC,59525,1047,1500,453,69.8,35.4,33.5,14,56.8,93.0,24,,138,0,-23.50909,-46.66819,São Paulo,moving,low_fuel,2500,69.8
TLM00257,CUST0026,VEH0026,CONTR0026,2026-09-10T20:10:00,SYNTHETIC,59782,1031,1500,469,68.7,55.3,30.4,15,33.0,96.4,68,,391,0,-23.53385,-46.62445,São Paulo,moving,none,350,68.7
TLM00258,CUST0026,VEH0026,CONTR0026,2026-09-17T10:53:00,SYNTHETIC,59993,847,1500,653,56.5,28.6,44.4,8,93.1,73.2,15,,86,0,-23.47538,-46.71312,São Paulo,parked,none,1500,56.5
TLM00259,CUST0026,VEH0026,CONTR0026,2026-09-24T14:20:00,SYNTHETIC,60337,1378,1500,122,91.9,39.5,6.8,92,10.3,116.7,68,,391,0,-23.50949,-46.65498,São Paulo,parked,none,4000,91.9
TLM00260,CUST0026,VEH0026,CONTR0026,2026-10-01T09:53:00,SYNTHETIC,60625,1153,1500,347,76.9,48.8,25.3,20,31.1,102.1,73,,420,0,-23.57026,-46.62016,São Paulo,moving,low_fuel,1500,76.9
TLM00261,CUST0027,VEH0027,CONTR0027,2026-07-30T08:12:00,SYNTHETIC,11832,2255,2000,0,112.8,32.7,54.7,18,100.3,252.7,70,,434,0,-22.84591,-47.01387,Campinas,parked,none,700,112.8
TLM00262,CUST0027,VEH0027,CONTR0027,2026-08-06T15:04:00,SYNTHETIC,12295,1852,2000,148,92.6,28.2,39.7,21,84.6,176.2,20,,124,0,-22.91957,-47.03377,Campinas,parked,none,350,92.6
TLM00263,CUST0027,VEH0027,CONTR0027,2026-08-13T10:48:00,SYNTHETIC,12702,1631,2000,369,81.5,51.8,51.3,14,59.5,173.3,30,,186,0,-22.86831,-47.00782,Campinas,parked,none,700,81.5
TLM00264,CUST0027,VEH0027,CONTR0027,2026-08-20T14:20:00,SYNTHETIC,13199,1991,2000,9,99.6,50.7,31.6,28,37.3,197.2,76,,471,0,-22.83815,-47.06661,Campinas,moving,km_limit,4000,99.6
TLM00265,CUST0027,VEH0027,CONTR0027,2026-08-27T12:44:00,SYNTHETIC,13742,2172,2000,0,108.6,52.2,23.3,42,26.8,242.2,46,,285,0,-22.94929,-46.98836,Campinas,moving,low_fuel,4000,108.6
TLM00266,CUST0027,VEH0027,CONTR0027,2026-09-03T22:32:00,SYNTHETIC,14021,1118,2000,882,55.9,35.3,46.1,11,78.3,109.5,28,,173,0,-22.82442,-47.02216,Campinas,moving,none,1000,55.9
TLM00267,CUST0027,VEH0027,CONTR0027,2026-09-10T20:55:00,SYNTHETIC,14454,1735,2000,265,86.8,33.2,30.7,25,55.5,196.3,43,,267,0,-22.86249,-47.11136,Campinas,parked,km_limit,1000,86.8
TLM00268,CUST0027,VEH0027,CONTR0027,2026-09-17T10:29:00,SYNTHETIC,14753,1196,2000,804,59.8,42.4,39.6,13,56.1,136.3,88,,546,0,-22.82158,-47.02464,Campinas,moving,none,4000,59.8
TLM00269,CUST0027,VEH0027,CONTR0027,2026-09-24T09:59:00,SYNTHETIC,15340,2351,2000,0,117.5,34.4,7.4,144,12.9,253.6,72,,447,0,-22.87372,-47.08713,Campinas,moving,none,1000,117.5
TLM00270,CUST0027,VEH0027,CONTR0027,2026-10-01T18:46:00,SYNTHETIC,15753,1655,2000,345,82.8,42.6,22.4,33,31.4,170.9,62,,385,0,-22.81329,-47.11281,Campinas,moving,none,350,82.8
TLM00271,CUST0028,VEH0028,CONTR0028,2026-07-30T09:14:00,SYNTHETIC,28877,2897,3000,103,96.6,46.0,30.2,43,39.4,235.5,21,,119,0,-25.51764,-49.21787,Curitiba,parked,none,4000,96.6
TLM00272,CUST0028,VEH0028,CONTR0028,2026-08-06T09:14:00,SYNTHETIC,29414,2151,3000,849,71.7,46.1,19.5,50,25.4,190.7,66,,374,0,-25.41864,-49.22036,Curitiba,moving,km_limit,1500,71.7
TLM00273,CUST0028,VEH0028,CONTR0028,2026-08-13T06:06:00,SYNTHETIC,29934,2081,3000,919,69.4,54.7,23.0,41,25.3,164.1,91,,515,0,-25.50646,-49.21583,Curitiba,parked,low_fuel,1000,69.4
TLM00274,CUST0028,VEH0028,CONTR0028,2026-08-20T16:57:00,SYNTHETIC,30734,3202,3000,0,106.7,57.0,39.7,36,41.8,246.4,23,,130,0,-25.46324,-49.20712,Curitiba,parked,none,700,106.7
TLM00275,CUST0028,VEH0028,CONTR0028,2026-08-27T06:38:00,SYNTHETIC,31371,2548,3000,452,84.9,28.7,53.7,21,112.3,225.9,36,,204,0,-25.47973,-49.28527,Curitiba,moving,low_fuel,4000,84.9
TLM00276,CUST0028,VEH0028,CONTR0028,2026-09-03T22:10:00,SYNTHETIC,32241,3483,3000,0,116.1,44.1,8.2,192,11.2,259.2,52,,294,0,-25.41527,-49.23704,Curitiba,moving,maintenance,700,116.1
TLM00277,CUST0028,VEH0028,CONTR0028,2026-09-10T21:16:00,SYNTHETIC,33075,3338,3000,0,111.3,39.4,30.0,50,45.7,266.8,84,,476,0,-25.47778,-49.35891,Curitiba,parked,low_fuel,1000,111.3
TLM00278,CUST0028,VEH0028,CONTR0028,2026-09-17T14:43:00,SYNTHETIC,33860,3141,3000,0,104.7,58.3,44.0,32,45.2,277.2,91,,515,0,-25.45298,-49.25871,Curitiba,moving,none,1500,104.7
TLM00279,CUST0028,VEH0028,CONTR0028,2026-09-24T19:23:00,SYNTHETIC,34487,2511,3000,489,83.7,35.5,54.7,20,92.5,200.9,18,,102,0,-25.50306,-49.3468,Curitiba,parked,maintenance,700,83.7
TLM00280,CUST0028,VEH0028,CONTR0028,2026-10-01T11:16:00,SYNTHETIC,35097,2443,3000,557,81.4,31.7,19.4,57,36.8,206.3,84,,476,0,-25.39042,-49.30526,Curitiba,moving,maintenance,1500,81.4
TLM00281,CUST0029,VEH0029,CONTR0029,2026-07-30T19:50:00,SYNTHETIC,60331,2544,3000,456,84.8,37.4,15.3,75,24.6,236.2,58,,312,0,-8.05981,-34.78646,Recife,parked,none,2500,84.8
TLM00282,CUST0029,VEH0029,CONTR0029,2026-08-06T22:18:00,SYNTHETIC,60725,1578,3000,1422,52.6,61.0,30.4,23,30.0,149.6,74,,398,0,-8.0328,-34.83507,Recife,moving,none,4000,52.6
TLM00283,CUST0029,VEH0029,CONTR0029,2026-08-13T07:31:00,SYNTHETIC,61119,1578,3000,1422,52.6,55.2,6.8,106,7.4,131.0,51,,274,0,-8.08368,-34.87251,Recife,parked,none,2500,52.6
TLM00284,CUST0029,VEH0029,CONTR0029,2026-08-20T10:05:00,SYNTHETIC,61407,1155,3000,1845,38.5,36.5,23.2,22,38.0,101.0,79,,425,0,-8.0185,-34.91854,Recife,parked,low_fuel,4000,38.5
TLM00285,CUST0029,VEH0029,CONTR0029,2026-08-27T18:27:00,SYNTHETIC,61854,1790,3000,1210,59.7,59.2,20.2,40,20.5,148.3,60,,323,0,-8.06875,-34.79669,Recife,parked,low_fuel,700,59.7
TLM00286,CUST0029,VEH0029,CONTR0029,2026-09-03T12:16:00,SYNTHETIC,62480,2507,3000,493,83.6,48.3,14.5,78,18.0,226.2,56,,301,0,-8.1109,-34.85267,Recife,moving,none,2500,83.6
TLM00287,CUST0029,VEH0029,CONTR0029,2026-09-10T10:33:00,SYNTHETIC,62800,1280,3000,1720,42.7,47.3,36.8,15,46.7,118.1,63,,339,0,-8.06191,-34.89124,Recife,parked,none,1500,42.7
TLM00288,CUST0029,VEH0029,CONTR0029,2026-09-17T06:49:00,SYNTHETIC,63350,2202,3000,798,73.4,43.9,27.0,37,36.8,198.1,67,,361,0,-8.06526,-34.82042,Recife,parked,none,1500,73.4
TLM00289,CUST0029,VEH0029,CONTR0029,2026-09-24T07:48:00,SYNTHETIC,63749,1599,3000,1401,53.3,36.2,31.1,23,51.5,135.3,84,,452,0,-7.99739,-34.92121,Recife,parked,none,2500,53.3
TLM00290,CUST0029,VEH0029,CONTR0029,2026-10-01T09:21:00,SYNTHETIC,64207,1835,3000,1165,61.2,53.9,31.4,26,34.9,179.1,25,,134,0,-8.03752,-34.80985,Recife,parked,none,350,61.2
TLM00291,CUST0030,VEH0030,CONTR0030,2026-07-30T10:35:00,SYNTHETIC,48771,1386,1200,0,115.5,32.1,34.6,18,64.7,76.4,21,,171,2,-12.89374,-38.48936,Salvador,moving,maintenance,700,115.5
TLM00292,CUST0030,VEH0030,CONTR0030,2026-08-06T12:07:00,SYNTHETIC,49077,1227,1200,0,102.2,57.0,20.7,26,21.8,64.9,15,,122,1,-13.00147,-38.54413,Salvador,parked,low_fuel,2500,102.2
TLM00293,CUST0030,VEH0030,CONTR0030,2026-08-13T09:19:00,SYNTHETIC,49351,1096,1200,104,91.3,36.4,11.1,44,18.3,54.5,79,,644,1,-12.94748,-38.41138,Salvador,parked,none,1500,91.3
TLM00294,CUST0030,VEH0030,CONTR0030,2026-08-20T06:11:00,SYNTHETIC,49692,1367,1200,0,113.9,46.6,46.3,13,59.6,77.9,93,,758,0,-12.98954,-38.44947,Salvador,moving,none,1500,113.9
TLM00295,CUST0030,VEH0030,CONTR0030,2026-08-27T21:23:00,SYNTHETIC,49964,1089,1200,111,90.8,51.8,15.8,31,18.3,59.6,52,,424,2,-12.90538,-38.50602,Salvador,parked,maintenance,350,90.8
TLM00296,CUST0030,VEH0030,CONTR0030,2026-09-03T06:37:00,SYNTHETIC,50151,750,1200,450,62.5,42.2,26.8,12,38.2,37.3,73,,595,0,-12.96377,-38.46539,Salvador,parked,km_limit,2500,62.5
TLM00297,CUST0030,VEH0030,CONTR0030,2026-09-10T06:10:00,SYNTHETIC,50446,1180,1200,20,98.3,29.4,50.4,10,102.8,70.9,74,,603,2,-12.95497,-38.43168,Salvador,parked,none,1500,98.3
TLM00298,CUST0030,VEH0030,CONTR0030,2026-09-17T16:29:00,SYNTHETIC,50684,953,1200,247,79.4,52.0,25.1,17,29.0,47.8,34,,277,1,-12.89778,-38.44274,Salvador,moving,low_fuel,4000,79.4
TLM00299,CUST0030,VEH0030,CONTR0030,2026-09-24T11:36:00,SYNTHETIC,51009,1300,1200,0,108.3,38.3,25.3,23,39.6,77.4,76,,620,1,-12.89885,-38.48749,Salvador,parked,maintenance,1500,108.3
TLM00300,CUST0030,VEH0030,CONTR0030,2026-10-01T07:01:00,SYNTHETIC,51228,877,1200,323,73.1,51.7,34.9,11,40.4,49.0,89,,726,2,-12.87589,-38.54314,Salvador,moving,none,1500,73.1
TLM00301,CUST0031,VEH0031,CONTR0031,2026-07-30T18:48:00,SYNTHETIC,19574,2608,2000,0,130.4,51.1,29.5,40,34.7,198.2,45,,257,0,-15.68776,-47.81097,Brasília,moving,none,350,130.4
TLM00302,CUST0031,VEH0031,CONTR0031,2026-08-06T06:59:00,SYNTHETIC,20099,2103,2000,0,105.2,29.3,57.7,16,118.3,166.9,62,,354,0,-15.81564,-47.94132,Brasília,parked,low_fuel,2500,105.2
TLM00303,CUST0031,VEH0031,CONTR0031,2026-08-13T15:14:00,SYNTHETIC,20565,1865,2000,135,93.2,49.7,44.9,18,54.2,140.7,77,,440,0,-15.8113,-47.93262,Brasília,parked,low_fuel,1500,93.2
TLM00304,CUST0031,VEH0031,CONTR0031,2026-08-20T10:57:00,SYNTHETIC,21374,3236,2000,0,161.8,34.5,46.6,31,81.0,266.6,27,,154,0,-15.84265,-47.83465,Brasília,parked,none,700,161.8
TLM00305,CUST0031,VEH0031,CONTR0031,2026-08-27T12:36:00,SYNTHETIC,22211,3349,2000,0,167.5,39.6,53.2,28,80.7,293.6,82,,469,0,-15.71108,-47.87841,Brasília,parked,none,1500,167.5
TLM00306,CUST0031,VEH0031,CONTR0031,2026-09-03T08:36:00,SYNTHETIC,23066,3421,2000,0,171.0,57.0,61.1,25,64.3,271.4,95,,543,0,-15.83099,-47.83337,Brasília,moving,low_fuel,1500,171.0
TLM00307,CUST0031,VEH0031,CONTR0031,2026-09-10T14:24:00,SYNTHETIC,23524,1834,2000,166,91.7,35.8,47.9,17,80.2,142.3,43,,245,0,-15.73097,-47.94768,Brasília,parked,low_fuel,1000,91.7
TLM00308,CUST0031,VEH0031,CONTR0031,2026-09-17T18:39:00,SYNTHETIC,24414,3560,2000,0,178.0,30.5,46.2,35,90.7,306.1,93,,531,0,-15.83443,-47.84695,Brasília,moving,none,2500,178.0
TLM00309,CUST0031,VEH0031,CONTR0031,2026-09-24T12:21:00,SYNTHETIC,25051,2551,2000,0,127.6,59.2,25.5,45,25.8,185.6,58,,331,0,-15.70141,-47.94905,Brasília,moving,none,1500,127.6
TLM00310,CUST0031,VEH0031,CONTR0031,2026-10-01T08:51:00,SYNTHETIC,25864,3253,2000,0,162.7,39.2,58.2,25,89.1,282.8,22,,125,0,-15.69181,-47.81386,Brasília,parked,km_limit,700,162.7
TLM00311,CUST0032,VEH0032,CONTR0032,2026-07-30T10:17:00,SYNTHETIC,9871,950,1200,250,79.2,30.4,26.4,16,52.1,88.1,25,,135,0,-25.35776,-49.35139,Curitiba,parked,km_limit,2500,79.2
TLM00312,CUST0032,VEH0032,CONTR0032,2026-08-06T06:49:00,SYNTHETIC,10083,849,1200,351,70.8,39.9,29.4,13,44.2,79.4,44,,238,0,-25.3484,-49.33665,Curitiba,parked,none,350,70.8
TLM00313,CUST0032,VEH0032,CONTR0032,2026-08-13T10:27:00,SYNTHETIC,10327,978,1200,222,81.5,51.2,6.9,64,8.1,86.2,64,,346,0,-25.36128,-49.28011,Curitiba,moving,low_fuel,1500,81.5
TLM00314,CUST0032,VEH0032,CONTR0032,2026-08-20T13:14:00,SYNTHETIC,10516,759,1200,441,63.2,48.9,50.3,6,61.6,65.2,58,,313,0,-25.45877,-49.36643,Curitiba,parked,none,1500,63.2
TLM00315,CUST0032,VEH0032,CONTR0032,2026-08-27T07:04:00,SYNTHETIC,10839,1292,1200,0,107.7,55.5,32.3,18,34.9,103.9,16,,86,0,-25.46443,-49.29787,Curitiba,moving,none,4000,107.7
TLM00316,CUST0032,VEH0032,CONTR0032,2026-09-03T21:42:00,SYNTHETIC,11069,923,1200,277,76.9,48.5,49.6,8,61.4,89.8,31,,167,0,-25.45391,-49.35575,Curitiba,moving,km_limit,2500,76.9
TLM00317,CUST0032,VEH0032,CONTR0032,2026-09-10T15:23:00,SYNTHETIC,11348,1116,1200,84,93.0,44.8,42.0,12,56.2,95.9,43,,232,0,-25.34866,-49.32121,Curitiba,parked,low_fuel,1500,93.0
TLM00318,CUST0032,VEH0032,CONTR0032,2026-09-17T21:17:00,SYNTHETIC,11623,1102,1200,98,91.8,37.1,40.2,12,65.0,97.6,21,,113,0,-25.46094,-49.22211,Curitiba,parked,km_limit,1000,91.8
TLM00319,CUST0032,VEH0032,CONTR0032,2026-09-24T20:41:00,SYNTHETIC,11897,1097,1200,103,91.4,38.4,33.1,15,51.8,89.8,33,,178,0,-25.35122,-49.21555,Curitiba,moving,none,350,91.4
TLM00320,CUST0032,VEH0032,CONTR0032,2026-10-01T18:31:00,SYNTHETIC,12237,1362,1200,0,113.5,37.2,34.8,17,56.2,115.7,25,,135,0,-25.47047,-49.30683,Curitiba,parked,none,350,113.5
TLM00321,CUST0033,VEH0033,CONTR0033,2026-07-30T16:59:00,SYNTHETIC,34790,1489,1800,311,82.7,42.7,8.6,79,12.0,132.7,84,,426,0,-3.69048,-38.53408,Fortaleza,parked,none,1000,82.7
TLM00322,CUST0033,VEH0033,CONTR0033,2026-08-06T18:46:00,SYNTHETIC,35151,1447,1800,353,80.4,52.7,36.5,18,41.5,144.0,22,,111,0,-3.67379,-38.5301,Fortaleza,maintenance,maintenance,350,80.4
TLM00323,CUST0033,VEH0033,CONTR0033,2026-08-13T13:08:00,SYNTHETIC,35539,1554,1800,246,86.3,52.5,43.7,16,50.0,137.2,63,,320,0,-3.67776,-38.53118,Fortaleza,parked,low_fuel,1500,86.3
TLM00324,CUST0033,VEH0033,CONTR0033,2026-08-20T17:17:00,SYNTHETIC,35966,1709,1800,91,94.9,54.2,20.5,37,22.7,160.8,19,,96,0,-3.71751,-38.4509,Fortaleza,parked,none,2500,94.9
TLM00325,CUST0033,VEH0033,CONTR0033,2026-08-27T06:28:00,SYNTHETIC,36334,1473,1800,327,81.8,47.3,21.7,30,27.5,130.2,37,,187,0,-3.82157,-38.57017,Fortaleza,parked,km_limit,1500,81.8
TLM00326,CUST0033,VEH0033,CONTR0033,2026-09-03T08:28:00,SYNTHETIC,36731,1590,1800,210,88.3,41.9,34.4,21,49.3,135.1,93,,472,0,-3.79422,-38.45353,Fortaleza,moving,none,2500,88.3
TLM00327,CUST0033,VEH0033,CONTR0033,2026-09-10T07:11:00,SYNTHETIC,37099,1474,1800,326,81.9,49.4,13.2,50,16.0,140.0,21,,106,0,-3.71348,-38.4384,Fortaleza,parked,none,700,81.9
TLM00328,CUST0033,VEH0033,CONTR0033,2026-09-17T17:34:00,SYNTHETIC,37507,1633,1800,167,90.7,30.1,41.0,18,81.8,144.2,47,,238,0,-3.70806,-38.48,Fortaleza,moving,low_fuel,350,90.7
TLM00329,CUST0033,VEH0033,CONTR0033,2026-09-24T08:41:00,SYNTHETIC,37896,1559,1800,241,86.6,45.4,17.6,40,23.3,139.6,62,,314,0,-3.75475,-38.5308,Fortaleza,moving,km_limit,4000,86.6
TLM00330,CUST0033,VEH0033,CONTR0033,2026-10-01T11:23:00,SYNTHETIC,38280,1537,1800,263,85.4,61.2,50.0,13,49.0,139.0,52,,264,0,-3.81585,-38.42724,Fortaleza,parked,none,2500,85.4
TLM00331,CUST0034,VEH0034,CONTR0034,2026-07-30T12:24:00,SYNTHETIC,8837,1966,1800,0,109.2,38.6,41.1,21,63.8,199.9,89,,489,0,-12.91724,-38.56461,Salvador,parked,none,4000,109.2
TLM00332,CUST0034,VEH0034,CONTR0034,2026-08-06T19:34:00,SYNTHETIC,9399,2249,1800,0,124.9,30.7,9.8,104,19.2,237.1,43,,236,0,-12.93287,-38.43421,Salvador,parked,maintenance,2500,124.9
TLM00333,CUST0034,VEH0034,CONTR0034,2026-08-13T16:15:00,SYNTHETIC,9914,2060,1800,0,114.4,45.8,27.6,33,36.1,190.6,88,,484,0,-12.92232,-38.41343,Salvador,moving,none,1000,114.4
TLM00334,CUST0034,VEH0034,CONTR0034,2026-08-20T17:35:00,SYNTHETIC,10474,2240,1800,0,124.4,51.6,27.8,36,32.4,237.1,67,,368,0,-12.96926,-38.42349,Salvador,parked,none,1000,124.4
TLM00335,CUST0034,VEH0034,CONTR0034,2026-08-27T19:43:00,SYNTHETIC,10986,2051,1800,0,113.9,42.2,33.9,27,48.1,211.9,31,,170,0,-12.9566,-38.54773,Salvador,moving,none,2500,113.9
TLM00336,CUST0034,VEH0034,CONTR0034,2026-09-03T12:57:00,SYNTHETIC,11486,2002,1800,0,111.2,30.8,26.6,34,51.9,212.9,88,,484,0,-13.02137,-38.49718,Salvador,moving,low_fuel,1500,111.2
TLM00337,CUST0034,VEH0034,CONTR0034,2026-09-10T11:04:00,SYNTHETIC,12027,2165,1800,0,120.3,52.2,29.0,33,33.4,193.2,19,,104,0,-13.02898,-38.43113,Salvador,parked,none,1500,120.3
TLM00338,CUST0034,VEH0034,CONTR0034,2026-09-17T16:37:00,SYNTHETIC,12531,2017,1800,0,112.1,41.7,33.3,27,47.9,203.9,30,,165,0,-12.95276,-38.55259,Salvador,parked,low_fuel,1000,112.1
TLM00339,CUST0034,VEH0034,CONTR0034,2026-09-24T21:44:00,SYNTHETIC,13086,2221,1800,0,123.4,60.3,50.6,19,50.4,221.1,70,,385,0,-13.02862,-38.54048,Salvador,parked,low_fuel,1000,123.4
TLM00340,CUST0034,VEH0034,CONTR0034,2026-10-01T20:24:00,SYNTHETIC,13642,2227,1800,0,123.7,30.8,49.9,20,97.0,220.0,62,,341,0,-12.99889,-38.54155,Salvador,parked,low_fuel,4000,123.7
TLM00341,CUST0035,VEH0035,CONTR0035,2026-07-30T22:54:00,SYNTHETIC,42213,2422,2000,0,121.1,31.3,20.6,53,39.4,202.0,87,,477,0,-27.52634,-48.58562,Florianópolis,parked,maintenance,2500,121.1
TLM00342,CUST0035,VEH0035,CONTR0035,2026-08-06T14:36:00,SYNTHETIC,42753,2160,2000,0,108.0,60.4,8.1,121,8.0,202.6,41,,225,0,-27.5341,-48.58096,Florianópolis,moving,maintenance,1500,108.0
TLM00343,CUST0035,VEH0035,CONTR0035,2026-08-13T09:59:00,SYNTHETIC,43085,1331,2000,669,66.5,37.8,29.8,20,47.4,108.3,36,,197,0,-27.63776,-48.58668,Florianópolis,moving,none,1000,66.5
TLM00344,CUST0035,VEH0035,CONTR0035,2026-08-20T12:00:00,SYNTHETIC,43553,1873,2000,127,93.7,45.3,14.3,59,18.9,164.5,20,,109,0,-27.59669,-48.49968,Florianópolis,parked,maintenance,2500,93.7
TLM00345,CUST0035,VEH0035,CONTR0035,2026-08-27T09:45:00,SYNTHETIC,43926,1494,2000,506,74.7,60.2,26.9,25,26.8,127.3,31,,170,0,-27.56182,-48.4961,Florianópolis,parked,none,1500,74.7
TLM00346,CUST0035,VEH0035,CONTR0035,2026-09-03T08:47:00,SYNTHETIC,44352,1705,2000,295,85.2,36.9,48.4,16,78.5,161.3,29,,159,0,-27.5479,-48.51488,Florianópolis,moving,low_fuel,1000,85.2
TLM00347,CUST0035,VEH0035,CONTR0035,2026-09-10T16:57:00,SYNTHETIC,44804,1809,2000,191,90.5,37.4,36.9,22,59.2,156.2,24,,131,0,-27.52687,-48.56192,Florianópolis,parked,low_fuel,4000,90.5
TLM00348,CUST0035,VEH0035,CONTR0035,2026-09-17T06:15:00,SYNTHETIC,45356,2211,2000,0,110.5,38.8,47.2,21,73.0,196.6,95,,521,0,-27.65293,-48.57107,Florianópolis,parked,low_fuel,350,110.5
TLM00349,CUST0035,VEH0035,CONTR0035,2026-09-24T12:40:00,SYNTHETIC,45866,2042,2000,0,102.1,37.0,13.4,69,21.8,186.9,78,,428,0,-27.53469,-48.47913,Florianópolis,parked,none,1000,102.1
TLM00350,CUST0035,VEH0035,CONTR0035,2026-10-01T07:26:00,SYNTHETIC,46403,2149,2000,0,107.5,28.1,9.3,105,19.8,187.2,41,,225,0,-27.56475,-48.53312,Florianópolis,parked,none,4000,107.5
TLM00351,CUST0036,VEH0036,CONTR0036,2026-07-30T21:31:00,SYNTHETIC,36268,2017,1500,0,134.5,44.5,38.2,24,51.5,162.1,53,,312,0,-22.86132,-43.21876,Rio de Janeiro,parked,none,700,134.5
TLM00352,CUST0036,VEH0036,CONTR0036,2026-08-06T16:15:00,SYNTHETIC,36716,1795,1500,0,119.7,31.3,11.5,70,22.1,165.8,51,,300,0,-22.88281,-43.26298,Rio de Janeiro,parked,km_limit,1500,119.7
TLM00353,CUST0036,VEH0036,CONTR0036,2026-08-13T19:43:00,SYNTHETIC,37107,1565,1500,0,104.3,31.9,40.2,17,75.6,139.8,76,,448,0,-22.95122,-43.23496,Rio de Janeiro,parked,maintenance,1500,104.3
TLM00354,CUST0036,VEH0036,CONTR0036,2026-08-20T19:25:00,SYNTHETIC,37700,2375,1500,0,158.3,54.6,9.0,120,9.9,214.9,48,,283,0,-22.85936,-43.21348,Rio de Janeiro,moving,none,4000,158.3
TLM00355,CUST0036,VEH0036,CONTR0036,2026-08-27T19:14:00,SYNTHETIC,37997,1191,1500,309,79.4,44.5,16.7,32,22.6,105.0,20,,118,0,-22.8972,-43.25486,Rio de Janeiro,moving,km_limit,1000,79.4
TLM00356,CUST0036,VEH0036,CONTR0036,2026-09-03T06:51:00,SYNTHETIC,38497,2000,1500,0,133.3,60.2,36.1,25,35.9,165.8,92,,542,0,-22.92813,-43.15664,Rio de Janeiro,moving,none,2500,133.3
TLM00357,CUST0036,VEH0036,CONTR0036,2026-09-10T12:10:00,SYNTHETIC,38900,1613,1500,0,107.5,54.0,9.1,80,10.1,126.0,41,,241,0,-22.8547,-43.21823,Rio de Janeiro,parked,maintenance,1000,107.5
TLM00358,CUST0036,VEH0036,CONTR0036,2026-09-17T06:02:00,SYNTHETIC,39281,1525,1500,0,101.7,33.5,24.3,28,43.6,128.6,85,,501,0,-22.85352,-43.16069,Rio de Janeiro,parked,none,4000,101.7
TLM00359,CUST0036,VEH0036,CONTR0036,2026-09-24T13:02:00,SYNTHETIC,39737,1824,1500,0,121.6,54.9,8.1,102,8.8,149.8,18,,106,0,-22.94521,-43.26173,Rio de Janeiro,parked,low_fuel,700,121.6
TLM00360,CUST0036,VEH0036,CONTR0036,2026-10-01T22:46:00,SYNTHETIC,40247,2042,1500,0,136.1,32.5,42.3,21,78.2,167.2,25,,147,0,-22.87624,-43.16429,Rio de Janeiro,moving,none,350,136.1
TLM00361,CUST0037,VEH0037,CONTR0037,2026-07-30T15:50:00,SYNTHETIC,76402,1606,1500,0,107.1,33.2,42.1,17,76.1,138.0,39,,237,0,-19.91907,-43.94457,Belo Horizonte,moving,low_fuel,2500,107.1
TLM00362,CUST0037,VEH0037,CONTR0037,2026-08-06T19:05:00,SYNTHETIC,76708,1224,1500,276,81.6,34.9,18.9,29,32.6,102.5,75,,457,0,-19.93531,-43.96154,Belo Horizonte,moving,none,1500,81.6
TLM00363,CUST0037,VEH0037,CONTR0037,2026-08-13T17:48:00,SYNTHETIC,77017,1236,1500,264,82.4,51.9,30.8,18,35.6,98.0,78,,475,0,-19.88342,-44.00922,Belo Horizonte,moving,km_limit,4000,82.4
TLM00364,CUST0037,VEH0037,CONTR0037,2026-08-20T15:21:00,SYNTHETIC,77525,2033,1500,0,135.5,41.5,17.4,53,25.1,160.7,87,,530,0,-19.94787,-43.92576,Belo Horizonte,moving,low_fuel,350,135.5
TLM00365,CUST0037,VEH0037,CONTR0037,2026-08-27T21:33:00,SYNTHETIC,77913,1555,1500,0,103.7,35.1,52.2,13,89.3,128.6,25,,152,0,-19.85518,-43.93589,Belo Horizonte,moving,km_limit,700,103.7
TLM00366,CUST0037,VEH0037,CONTR0037,2026-09-03T19:55:00,SYNTHETIC,78361,1793,1500,0,119.5,36.6,21.3,38,34.9,140.8,34,,207,0,-19.96998,-43.91609,Belo Horizonte,parked,none,350,119.5
TLM00367,CUST0037,VEH0037,CONTR0037,2026-09-10T21:32:00,SYNTHETIC,78817,1825,1500,0,121.7,46.6,21.3,38,27.5,152.6,56,,341,0,-19.8821,-43.9082,Belo Horizonte,parked,low_fuel,1500,121.7
TLM00368,CUST0037,VEH0037,CONTR0037,2026-09-17T09:10:00,SYNTHETIC,79309,1971,1500,0,131.4,42.5,9.8,91,13.8,148.1,16,,97,0,-19.93929,-43.88739,Belo Horizonte,moving,maintenance,700,131.4
TLM00369,CUST0037,VEH0037,CONTR0037,2026-09-24T19:25:00,SYNTHETIC,79791,1930,1500,0,128.7,44.8,36.7,23,49.1,157.4,32,,195,0,-19.96939,-44.00774,Belo Horizonte,maintenance,low_fuel,4000,128.7
TLM00370,CUST0037,VEH0037,CONTR0037,2026-10-01T11:09:00,SYNTHETIC,80225,1739,1500,0,115.9,57.9,19.3,40,20.0,136.1,62,,378,0,-19.92444,-43.91695,Belo Horizonte,parked,low_fuel,2500,115.9
TLM00371,CUST0038,VEH0038,CONTR0038,2026-07-30T21:00:00,SYNTHETIC,54156,1987,1500,0,132.5,36.5,38.7,23,63.6,185.0,32,,177,0,-8.04884,-34.95153,Recife,parked,low_fuel,368,132.5
TLM00372,CUST0038,VEH0038,CONTR0038,2026-08-06T09:03:00,SYNTHETIC,54833,2708,1500,0,180.5,28.2,54.5,22,116.0,217.9,27,,150,0,-7.99967,-34.8851,Recife,moving,none,334,180.5
TLM00373,CUST0038,VEH0038,CONTR0038,2026-08-13T19:37:00,SYNTHETIC,55374,2165,1500,0,144.3,58.0,30.9,31,32.0,167.3,39,,216,0,-7.98298,-34.92145,Recife,parked,low_fuel,245,144.3
TLM00374,CUST0038,VEH0038,CONTR0038,2026-08-20T12:17:00,SYNTHETIC,56028,2618,1500,0,174.5,47.1,50.5,23,64.4,210.8,90,,500,0,-8.07114,-34.89002,Recife,moving,low_fuel,152,174.5
TLM00375,CUST0038,VEH0038,CONTR0038,2026-08-27T21:13:00,SYNTHETIC,56525,1991,1500,0,132.7,49.9,33.4,27,40.2,173.0,90,,500,0,-8.07277,-34.85487,Recife,maintenance,low_fuel,241,132.7
TLM00376,CUST0038,VEH0038,CONTR0038,2026-09-03T10:32:00,SYNTHETIC,56858,1335,1500,165,89.0,55.3,17.8,34,19.3,106.6,15,,83,0,-7.97051,-34.91215,Recife,parked,none,139,89.0
TLM00377,CUST0038,VEH0038,CONTR0038,2026-09-10T15:53:00,SYNTHETIC,57272,1656,1500,0,110.4,53.8,24.0,31,26.8,138.8,64,,355,0,-8.01615,-34.8953,Recife,parked,none,342,110.4
TLM00378,CUST0038,VEH0038,CONTR0038,2026-09-17T21:44:00,SYNTHETIC,57891,2478,1500,0,165.2,60.5,70.6,15,70.1,226.3,33,,183,0,-7.97344,-34.87055,Recife,parked,km_limit,386,165.2
TLM00379,CUST0038,VEH0038,CONTR0038,2026-09-24T19:13:00,SYNTHETIC,58355,1859,1500,0,123.9,39.8,9.8,86,14.7,154.9,74,,411,0,-8.00095,-34.84,Recife,parked,low_fuel,277,123.9
TLM00380,CUST0038,VEH0038,CONTR0038,2026-10-01T12:00:00,SYNTHETIC,58726,1487,1500,13,99.1,40.7,69.8,9,102.9,139.9,40,,222,0,-8.00588,-34.92766,Recife,parked,maintenance,284,99.1
TLM00381,CUST0039,VEH0039,CONTR0039,2026-07-30T14:17:00,SYNTHETIC,38508,992,1000,8,99.2,28.4,19.4,23,40.9,92.6,76,,409,0,-19.89216,-43.83719,Belo Horizonte,parked,none,1500,99.2
TLM00382,CUST0039,VEH0039,CONTR0039,2026-08-06T09:02:00,SYNTHETIC,38825,1269,1000,0,126.9,59.5,54.9,10,55.3,118.1,77,,415,0,-19.93307,-43.8945,Belo Horizonte,parked,km_limit,700,126.9
TLM00383,CUST0039,VEH0039,CONTR0039,2026-08-13T07:20:00,SYNTHETIC,39112,1148,1000,0,114.8,34.0,47.7,10,84.1,95.4,30,,161,0,-19.9766,-43.90552,Belo Horizonte,maintenance,km_limit,350,114.8
TLM00384,CUST0039,VEH0039,CONTR0039,2026-08-20T17:33:00,SYNTHETIC,39300,754,1000,246,75.4,48.9,6.8,50,8.4,73.0,55,,296,0,-19.98993,-43.88625,Belo Horizonte,parked,none,4000,75.4
TLM00385,CUST0039,VEH0039,CONTR0039,2026-08-27T08:11:00,SYNTHETIC,39579,1119,1000,0,111.9,30.1,15.5,32,30.8,106.8,33,,177,0,-19.92126,-43.94849,Belo Horizonte,moving,none,4000,111.9
TLM00386,CUST0039,VEH0039,CONTR0039,2026-09-03T17:07:00,SYNTHETIC,39827,994,1000,6,99.4,33.9,42.6,10,75.4,96.2,15,,80,0,-19.93757,-43.90166,Belo Horizonte,parked,none,1000,99.4
TLM00387,CUST0039,VEH0039,CONTR0039,2026-09-10T06:49:00,SYNTHETIC,40087,1040,1000,0,104.0,43.7,11.7,40,16.0,86.6,26,,140,0,-19.96511,-43.9909,Belo Horizonte,parked,none,700,104.0
TLM00388,CUST0039,VEH0039,CONTR0039,2026-09-17T10:19:00,SYNTHETIC,40326,959,1000,41,95.9,57.8,52.2,8,54.2,83.6,39,,210,0,-19.98367,-43.87962,Belo Horizonte,moving,low_fuel,4000,95.9
TLM00389,CUST0039,VEH0039,CONTR0039,2026-09-24T14:44:00,SYNTHETIC,40504,713,1000,287,71.3,38.7,17.1,18,26.4,60.6,40,,215,0,-19.92186,-43.97778,Belo Horizonte,parked,none,700,71.3
TLM00390,CUST0039,VEH0039,CONTR0039,2026-10-01T18:09:00,SYNTHETIC,40725,884,1000,116,88.4,54.3,31.6,12,35.0,85.4,36,,194,0,-19.90613,-43.95886,Belo Horizonte,parked,low_fuel,350,88.4
TLM00391,CUST0040,VEH0040,CONTR0040,2026-07-30T14:05:00,SYNTHETIC,50696,901,2000,1099,45.1,51.2,20.1,20,23.6,76.8,79,,450,0,-25.40677,-49.32701,Curitiba,moving,low_fuel,2500,45.1
TLM00392,CUST0040,VEH0040,CONTR0040,2026-08-06T16:23:00,SYNTHETIC,50860,659,2000,1341,33.0,59.3,31.3,9,31.7,59.5,75,,427,0,-25.39869,-49.2554,Curitiba,parked,km_limit,700,33.0
TLM00393,CUST0040,VEH0040,CONTR0040,2026-08-13T16:21:00,SYNTHETIC,51034,698,2000,1302,34.9,31.6,23.6,13,44.8,66.4,35,,199,0,-25.38523,-49.3447,Curitiba,parked,km_limit,1500,34.9
TLM00394,CUST0040,VEH0040,CONTR0040,2026-08-20T19:46:00,SYNTHETIC,51205,687,2000,1313,34.4,43.9,15.1,20,20.7,54.7,93,,530,0,-25.425,-49.22727,Curitiba,moving,maintenance,1500,34.4
TLM00395,CUST0040,VEH0040,CONTR0040,2026-08-27T19:27:00,SYNTHETIC,51387,730,2000,1270,36.5,39.5,39.2,8,59.6,61.7,44,,250,0,-25.36504,-49.20809,Curitiba,parked,none,2500,36.5
TLM00396,CUST0040,VEH0040,CONTR0040,2026-09-03T10:08:00,SYNTHETIC,51515,512,2000,1488,25.6,45.4,51.2,4,67.6,48.6,82,,467,0,-25.38274,-49.23456,Curitiba,moving,maintenance,700,25.6
TLM00397,CUST0040,VEH0040,CONTR0040,2026-09-10T06:42:00,SYNTHETIC,51652,551,2000,1449,27.6,55.0,12.9,19,14.1,47.0,65,,370,0,-25.46529,-49.21946,Curitiba,moving,km_limit,700,27.6
TLM00398,CUST0040,VEH0040,CONTR0040,2026-09-17T17:00:00,SYNTHETIC,51788,545,2000,1455,27.3,36.0,16.0,15,26.6,44.0,46,,262,0,-25.41251,-49.30558,Curitiba,parked,low_fuel,700,27.3
TLM00399,CUST0040,VEH0040,CONTR0040,2026-09-24T09:24:00,SYNTHETIC,52019,927,2000,1073,46.4,51.8,50.7,8,58.8,84.4,74,,421,0,-25.46833,-49.23864,Curitiba,moving,none,4000,46.4
TLM00400,CUST0040,VEH0040,CONTR0040,2026-10-01T08:22:00,SYNTHETIC,52264,982,2000,1018,49.1,58.5,46.2,9,47.3,90.4,69,,393,0,-25.41076,-49.24226,Curitiba,parked,km_limit,2500,49.1
TLM00401,CUST0041,VEH0041,CONTR0041,2026-07-30T18:58:00,SYNTHETIC,34905,3392,2000,0,169.6,34.1,23.7,65,41.7,256.9,79,,510,0,-15.83649,-47.94081,Brasília,parked,maintenance,350,169.6
TLM00402,CUST0041,VEH0041,CONTR0041,2026-08-06T15:19:00,SYNTHETIC,35326,1684,2000,316,84.2,38.3,14.2,53,22.3,128.1,38,,245,0,-15.78696,-47.84622,Brasília,moving,none,1500,84.2
TLM00403,CUST0041,VEH0041,CONTR0041,2026-08-13T08:22:00,SYNTHETIC,36211,3540,2000,0,177.0,42.3,18.9,85,26.8,285.8,28,,180,0,-15.73908,-47.9614,Brasília,parked,low_fuel,1500,177.0
TLM00404,CUST0041,VEH0041,CONTR0041,2026-08-20T06:31:00,SYNTHETIC,37017,3226,2000,0,161.3,28.4,29.2,50,61.7,255.0,64,,413,0,-15.74424,-47.87039,Brasília,parked,km_limit,4000,161.3
TLM00405,CUST0041,VEH0041,CONTR0041,2026-08-27T21:45:00,SYNTHETIC,37443,1705,2000,295,85.2,42.4,57.2,13,80.8,122.6,72,,465,0,-15.79524,-47.89202,Brasília,parked,none,2500,85.2
TLM00406,CUST0041,VEH0041,CONTR0041,2026-09-03T16:59:00,SYNTHETIC,38240,3189,2000,0,159.4,61.3,43.3,33,42.3,242.6,25,,161,0,-15.73564,-47.93637,Brasília,parked,none,700,159.4
TLM00407,CUST0041,VEH0041,CONTR0041,2026-09-10T21:29:00,SYNTHETIC,38950,2842,2000,0,142.1,57.7,36.9,35,38.4,219.8,20,,129,0,-15.79011,-47.83535,Brasília,parked,low_fuel,350,142.1
TLM00408,CUST0041,VEH0041,CONTR0041,2026-09-17T15:22:00,SYNTHETIC,39476,2107,2000,0,105.4,39.5,27.7,34,42.1,174.6,84,,542,0,-15.78212,-47.90614,Brasília,moving,none,1000,105.4
TLM00409,CUST0041,VEH0041,CONTR0041,2026-09-24T08:34:00,SYNTHETIC,39892,1667,2000,333,83.4,31.8,56.5,13,106.6,130.6,65,,419,0,-15.83372,-47.86133,Brasília,parked,none,700,83.4
TLM00410,CUST0041,VEH0041,CONTR0041,2026-10-01T22:36:00,SYNTHETIC,40509,2470,2000,0,123.5,37.3,72.4,15,116.3,199.6,46,,297,0,-15.7755,-47.96537,Brasília,parked,low_fuel,4000,123.5
TLM00411,CUST0042,VEH0042,CONTR0042,2026-07-30T16:59:00,SYNTHETIC,24966,2929,3000,71,97.6,52.6,45.8,29,52.2,253.8,80,,474,0,-22.88739,-43.20167,Rio de Janeiro,parked,none,4000,97.6
TLM00412,CUST0042,VEH0042,CONTR0042,2026-08-06T12:36:00,SYNTHETIC,25475,2036,3000,964,67.9,53.4,41.4,22,46.5,201.0,25,,148,0,-22.94751,-43.20148,Rio de Janeiro,parked,none,1500,67.9
TLM00413,CUST0042,VEH0042,CONTR0042,2026-08-13T19:17:00,SYNTHETIC,26335,3443,3000,0,114.8,36.3,45.1,34,74.7,316.0,75,,444,0,-22.86977,-43.12546,Rio de Janeiro,moving,low_fuel,700,114.8
TLM00414,CUST0042,VEH0042,CONTR0042,2026-08-20T12:01:00,SYNTHETIC,27100,3060,3000,0,102.0,48.6,50.6,27,62.5,298.4,49,,290,0,-22.86414,-43.14484,Rio de Janeiro,moving,km_limit,350,102.0
TLM00415,CUST0042,VEH0042,CONTR0042,2026-08-27T16:14:00,SYNTHETIC,27755,2621,3000,379,87.4,54.9,37.1,32,40.6,226.9,43,,254,0,-22.97907,-43.20394,Rio de Janeiro,parked,low_fuel,350,87.4
TLM00416,CUST0042,VEH0042,CONTR0042,2026-09-03T06:21:00,SYNTHETIC,28601,3386,3000,0,112.9,48.0,37.1,41,46.4,307.9,64,,379,0,-22.93477,-43.19457,Rio de Janeiro,parked,maintenance,1500,112.9
TLM00417,CUST0042,VEH0042,CONTR0042,2026-09-10T07:42:00,SYNTHETIC,29256,2620,3000,380,87.3,53.2,16.3,72,18.4,256.5,64,,379,0,-22.8529,-43.09515,Rio de Janeiro,parked,km_limit,1000,87.3
TLM00418,CUST0042,VEH0042,CONTR0042,2026-09-17T16:28:00,SYNTHETIC,29963,2828,3000,172,94.3,39.7,16.2,79,24.4,292.1,62,,367,0,-22.88135,-43.24526,Rio de Janeiro,parked,none,1000,94.3
TLM00419,CUST0042,VEH0042,CONTR0042,2026-09-24T21:15:00,SYNTHETIC,30463,2000,3000,1000,66.7,40.0,27.1,33,40.8,207.0,17,,100,0,-22.92922,-43.16398,Rio de Janeiro,parked,maintenance,1000,66.7
TLM00420,CUST0042,VEH0042,CONTR0042,2026-10-01T11:55:00,SYNTHETIC,31373,3642,3000,0,121.4,32.2,25.4,65,47.3,323.1,29,,171,0,-22.96381,-43.12559,Rio de Janeiro,parked,none,2500,121.4
TLM00421,CUST0043,VEH0043,CONTR0043,2026-07-30T17:40:00,SYNTHETIC,58252,2711,2000,0,135.5,40.0,22.5,54,33.8,190.9,50,,244,0,-13.04686,-38.42939,Salvador,charging,low_fuel,1000,135.5
TLM00422,CUST0043,VEH0043,CONTR0043,2026-08-06T20:18:00,SYNTHETIC,59037,3141,2000,0,157.1,38.8,43.5,32,67.3,200.3,66,,322,0,-12.93158,-38.49904,Salvador,parked,low_fuel,1500,157.1
TLM00423,CUST0043,VEH0043,CONTR0043,2026-08-13T09:24:00,SYNTHETIC,59525,1955,2000,45,97.8,37.8,43.3,20,68.8,123.2,74,,361,0,-12.97093,-38.50405,Salvador,parked,none,4000,97.8
TLM00424,CUST0043,VEH0043,CONTR0043,2026-08-20T19:01:00,SYNTHETIC,60019,1978,2000,22,98.9,29.0,22.9,39,47.5,131.8,79,,385,0,-13.01176,-38.53096,Salvador,parked,maintenance,350,98.9
TLM00425,CUST0043,VEH0043,CONTR0043,2026-08-27T12:54:00,SYNTHETIC,60657,2552,2000,0,127.6,31.1,32.6,35,62.9,174.4,64,,312,0,-12.91765,-38.49771,Salvador,parked,maintenance,2500,127.6
TLM00426,CUST0043,VEH0043,CONTR0043,2026-09-03T06:13:00,SYNTHETIC,61177,2080,2000,0,104.0,44.1,55.3,17,75.3,127.5,31,,151,0,-12.97134,-38.49748,Salvador,parked,none,1000,104.0
TLM00427,CUST0043,VEH0043,CONTR0043,2026-09-10T16:55:00,SYNTHETIC,61800,2495,2000,0,124.8,36.2,19.8,57,32.8,161.4,29,,141,0,-12.91654,-38.54547,Salvador,parked,low_fuel,2500,124.8
TLM00428,CUST0043,VEH0043,CONTR0043,2026-09-17T18:04:00,SYNTHETIC,62687,3548,2000,0,177.4,28.2,10.2,157,21.8,239.5,81,,395,0,-12.93847,-38.41774,Salvador,parked,low_fuel,1500,177.4
TLM00429,CUST0043,VEH0043,CONTR0043,2026-09-24T07:18:00,SYNTHETIC,63358,2685,2000,0,134.2,52.3,48.3,25,55.3,192.2,18,,87,0,-12.93389,-38.43842,Salvador,parked,km_limit,1500,134.2
TLM00430,CUST0043,VEH0043,CONTR0043,2026-10-01T09:06:00,SYNTHETIC,63777,1676,2000,324,83.8,41.6,69.4,10,100.2,112.1,71,,346,0,-13.0404,-38.52895,Salvador,parked,low_fuel,1500,83.8
TLM00431,CUST0044,VEH0044,CONTR0044,2026-07-30T09:21:00,SYNTHETIC,19821,683,800,117,85.4,50.3,13.0,23,15.4,58.0,76,,429,0,-16.67077,-49.34938,Goiânia,parked,none,700,85.4
TLM00432,CUST0044,VEH0044,CONTR0044,2026-08-06T14:38:00,SYNTHETIC,19988,669,800,131,83.6,36.8,20.5,14,33.3,59.2,72,,406,0,-16.76778,-49.33883,Goiânia,parked,none,4000,83.6
TLM00433,CUST0044,VEH0044,CONTR0044,2026-08-13T15:30:00,SYNTHETIC,20174,745,800,55,93.1,47.2,41.0,8,52.1,64.1,35,,197,0,-16.65941,-49.25351,Goiânia,moving,low_fuel,2500,93.1
TLM00434,CUST0044,VEH0044,CONTR0044,2026-08-20T12:37:00,SYNTHETIC,20337,655,800,145,81.9,48.7,48.1,6,59.3,55.7,44,,248,0,-16.72503,-49.26775,Goiânia,moving,low_fuel,350,81.9
TLM00435,CUST0044,VEH0044,CONTR0044,2026-08-27T10:37:00,SYNTHETIC,20519,729,800,71,91.1,61.9,25.9,12,25.1,66.8,36,,203,0,-16.63708,-49.31094,Goiânia,parked,low_fuel,1000,91.1
TLM00436,CUST0044,VEH0044,CONTR0044,2026-09-03T08:21:00,SYNTHETIC,20693,698,800,102,87.2,33.8,31.7,9,56.4,58.4,63,,355,0,-16.73753,-49.3282,Goiânia,moving,low_fuel,350,87.2
TLM00437,CUST0044,VEH0044,CONTR0044,2026-09-10T22:57:00,SYNTHETIC,20874,727,800,73,90.9,32.1,15.7,21,29.3,65.0,87,,491,0,-16.73696,-49.32883,Goiânia,parked,none,4000,90.9
TLM00438,CUST0044,VEH0044,CONTR0044,2026-09-17T08:51:00,SYNTHETIC,21036,651,800,149,81.4,39.2,9.3,31,14.2,58.8,83,,468,0,-16.76454,-49.27056,Goiânia,moving,maintenance,4000,81.4
TLM00439,CUST0044,VEH0044,CONTR0044,2026-09-24T14:35:00,SYNTHETIC,21218,728,800,72,91.0,51.4,37.9,8,44.2,61.8,73,,412,0,-16.7291,-49.24233,Goiânia,parked,none,700,91.0
TLM00440,CUST0044,VEH0044,CONTR0044,2026-10-01T21:29:00,SYNTHETIC,21405,748,800,52,93.5,32.5,20.8,16,38.5,63.0,46,,259,0,-16.75778,-49.22017,Goiânia,moving,low_fuel,2500,93.5
TLM00441,CUST0045,VEH0045,CONTR0045,2026-07-30T21:19:00,SYNTHETIC,15155,2320,2500,180,92.8,32.0,10.1,104,18.9,189.4,84,,514,0,-3.7127,-38.49922,Fortaleza,parked,none,2500,92.8
TLM00442,CUST0045,VEH0045,CONTR0045,2026-08-06T14:48:00,SYNTHETIC,15684,2119,2500,381,84.8,58.1,44.1,21,45.5,172.9,93,,570,0,-3.73864,-38.54897,Fortaleza,parked,none,1500,84.8
TLM00443,CUST0045,VEH0045,CONTR0045,2026-08-13T16:17:00,SYNTHETIC,16342,2632,2500,0,105.3,44.4,19.9,60,26.9,235.3,48,,294,0,-3.69534,-38.5118,Fortaleza,parked,none,2500,105.3
TLM00444,CUST0045,VEH0045,CONTR0045,2026-08-20T11:11:00,SYNTHETIC,16871,2119,2500,381,84.8,53.7,14.9,64,16.7,165.9,80,,490,0,-3.7933,-38.52317,Fortaleza,moving,km_limit,1500,84.8
TLM00445,CUST0045,VEH0045,CONTR0045,2026-08-27T09:48:00,SYNTHETIC,17881,4042,2500,0,161.7,43.1,37.3,49,51.9,353.9,38,,232,0,-3.7667,-38.54314,Fortaleza,moving,low_fuel,700,161.7
TLM00446,CUST0045,VEH0045,CONTR0045,2026-09-03T10:20:00,SYNTHETIC,18797,3666,2500,0,146.6,44.0,39.6,42,53.9,345.7,41,,251,0,-3.77877,-38.46967,Fortaleza,parked,low_fuel,2500,146.6
TLM00447,CUST0045,VEH0045,CONTR0045,2026-09-10T19:49:00,SYNTHETIC,19764,3869,2500,0,154.8,48.7,13.7,128,16.9,366.8,75,,459,0,-3.68756,-38.55569,Fortaleza,moving,maintenance,4000,154.8
TLM00448,CUST0045,VEH0045,CONTR0045,2026-09-17T20:19:00,SYNTHETIC,20779,4063,2500,0,162.5,56.4,24.2,76,25.7,339.3,60,,367,0,-3.73574,-38.52932,Fortaleza,parked,none,4000,162.5
TLM00449,CUST0045,VEH0045,CONTR0045,2026-09-24T14:01:00,SYNTHETIC,21693,3657,2500,0,146.3,41.7,53.5,31,76.9,308.4,32,,196,0,-3.67282,-38.55994,Fortaleza,parked,low_fuel,1500,146.3
TLM00450,CUST0045,VEH0045,CONTR0045,2026-10-01T12:51:00,SYNTHETIC,22308,2460,2500,40,98.4,56.3,7.2,156,7.6,210.6,63,,386,0,-3.76939,-38.51182,Fortaleza,parked,maintenance,1000,98.4
TLM00451,CUST0046,VEH0046,CONTR0046,2026-07-30T18:44:00,SYNTHETIC,19266,1053,2500,1447,42.1,33.5,41.4,11,74.3,112.4,90,,473,0,-19.87118,-43.91168,Belo Horizonte,moving,none,1500,42.1
TLM00452,CUST0046,VEH0046,CONTR0046,2026-08-06T17:28:00,SYNTHETIC,19808,2171,2500,329,86.8,47.9,8.9,110,11.1,193.9,58,,305,0,-19.87696,-44.00696,Belo Horizonte,moving,maintenance,1000,86.8
TLM00453,CUST0046,VEH0046,CONTR0046,2026-08-13T15:36:00,SYNTHETIC,20278,1881,2500,619,75.2,39.0,44.0,19,67.6,181.2,34,,178,0,-19.99274,-44.01064,Belo Horizonte,moving,maintenance,700,75.2
TLM00454,CUST0046,VEH0046,CONTR0046,2026-08-20T10:49:00,SYNTHETIC,20694,1664,2500,836,66.6,53.9,18.8,40,20.9,164.1,52,,273,0,-19.90156,-43.8854,Belo Horizonte,parked,none,4000,66.6
TLM00455,CUST0046,VEH0046,CONTR0046,2026-08-27T20:14:00,SYNTHETIC,21160,1867,2500,633,74.7,60.5,23.7,35,23.5,193.0,42,,220,0,-19.95101,-43.97144,Belo Horizonte,parked,none,700,74.7
TLM00456,CUST0046,VEH0046,CONTR0046,2026-09-03T19:25:00,SYNTHETIC,21616,1824,2500,676,73.0,36.7,42.6,19,69.7,161.8,30,,157,0,-19.89577,-43.89702,Belo Horizonte,parked,km_limit,4000,73.0
TLM00457,CUST0046,VEH0046,CONTR0046,2026-09-10T16:50:00,SYNTHETIC,21875,1036,2500,1464,41.4,61.6,24.3,19,23.7,102.9,19,,99,0,-19.93853,-43.9795,Belo Horizonte,moving,low_fuel,2500,41.4
TLM00458,CUST0046,VEH0046,CONTR0046,2026-09-17T22:54:00,SYNTHETIC,22136,1044,2500,1456,41.8,30.6,10.5,45,20.6,103.5,29,,152,0,-19.8885,-43.93289,Belo Horizonte,parked,none,2500,41.8
TLM00459,CUST0046,VEH0046,CONTR0046,2026-09-24T10:41:00,SYNTHETIC,22575,1758,2500,742,70.3,34.5,9.6,83,16.7,178.7,50,,263,0,-19.97187,-43.99565,Belo Horizonte,parked,km_limit,1500,70.3
TLM00460,CUST0046,VEH0046,CONTR0046,2026-10-01T15:00:00,SYNTHETIC,22954,1518,2500,982,60.7,54.6,42.2,16,46.4,162.2,17,,89,0,-19.92495,-43.96233,Belo Horizonte,moving,maintenance,1500,60.7
TLM00461,CUST0047,VEH0047,CONTR0047,2026-07-30T12:49:00,SYNTHETIC,47509,1018,1200,182,84.8,36.8,16.9,27,27.6,90.1,56,,347,0,-27.56197,-48.49594,Florianópolis,parked,km_limit,2500,84.8
TLM00462,CUST0047,VEH0047,CONTR0047,2026-08-06T06:34:00,SYNTHETIC,47824,1260,1200,0,105.0,47.6,15.3,37,19.2,100.2,54,,334,0,-27.5971,-48.50885,Florianópolis,parked,none,700,105.0
TLM00463,CUST0047,VEH0047,CONTR0047,2026-08-13T12:19:00,SYNTHETIC,48102,1113,1200,87,92.8,60.5,22.0,22,21.9,91.7,44,,272,0,-27.66728,-48.48544,Florianópolis,moving,none,4000,92.8
TLM00464,CUST0047,VEH0047,CONTR0047,2026-08-20T18:01:00,SYNTHETIC,48460,1432,1200,0,119.3,54.3,7.3,88,8.1,131.7,71,,440,0,-27.62238,-48.52497,Florianópolis,parked,low_fuel,350,119.3
TLM00465,CUST0047,VEH0047,CONTR0047,2026-08-27T09:05:00,SYNTHETIC,48704,979,1200,221,81.6,43.2,25.6,17,35.5,78.8,63,,390,0,-27.53833,-48.56293,Florianópolis,parked,low_fuel,2500,81.6
TLM00466,CUST0047,VEH0047,CONTR0047,2026-09-03T16:26:00,SYNTHETIC,48977,1093,1200,107,91.1,33.5,16.3,30,29.1,101.7,92,,570,0,-27.66285,-48.48638,Florianópolis,parked,low_fuel,1000,91.1
TLM00467,CUST0047,VEH0047,CONTR0047,2026-09-10T19:25:00,SYNTHETIC,49217,962,1200,238,80.2,36.7,11.5,38,18.8,81.6,15,,93,0,-27.53956,-48.62799,Florianópolis,parked,low_fuel,1500,80.2
TLM00468,CUST0047,VEH0047,CONTR0047,2026-09-17T18:56:00,SYNTHETIC,49447,920,1200,280,76.7,30.2,52.4,7,103.9,81.1,44,,272,0,-27.61799,-48.49179,Florianópolis,moving,none,4000,76.7
TLM00469,CUST0047,VEH0047,CONTR0047,2026-09-24T22:09:00,SYNTHETIC,49747,1203,1200,0,100.2,39.0,12.9,42,19.8,97.7,87,,539,0,-27.67097,-48.56883,Florianópolis,moving,none,350,100.2
TLM00470,CUST0047,VEH0047,CONTR0047,2026-10-01T11:26:00,SYNTHETIC,50037,1160,1200,40,96.7,35.1,42.3,12,72.2,95.1,94,,582,0,-27.66582,-48.49419,Florianópolis,charging,low_fuel,1500,96.7
TLM00471,CUST0048,VEH0048,CONTR0048,2026-07-30T17:58:00,SYNTHETIC,29202,1594,1800,206,88.6,59.4,44.5,16,45.0,0.0,,28,75,4,-7.97108,-34.89934,Recife,moving,battery_low,1500,88.6
TLM00472,CUST0048,VEH0048,CONTR0048,2026-08-06T22:10:00,SYNTHETIC,29483,1124,1800,676,62.4,29.0,29.1,17,60.2,0.0,,43,123,0,-8.0804,-34.99646,Recife,parked,km_limit,2500,62.4
TLM00473,CUST0048,VEH0048,CONTR0048,2026-08-13T10:54:00,SYNTHETIC,29787,1216,1800,584,67.6,61.6,11.5,48,11.2,0.0,,85,226,6,-8.00919,-34.89695,Recife,moving,km_limit,2500,67.6
TLM00474,CUST0048,VEH0048,CONTR0048,2026-08-20T12:08:00,SYNTHETIC,30221,1739,1800,61,96.6,58.7,12.3,64,12.6,0.0,,94,246,1,-8.07062,-34.97808,Recife,parked,km_limit,1500,96.6
TLM00475,CUST0048,VEH0048,CONTR0048,2026-08-27T14:11:00,SYNTHETIC,30571,1401,1800,399,77.8,30.8,10.6,59,20.7,0.0,,76,196,1,-7.98891,-34.95067,Recife,parked,none,700,77.8
TLM00476,CUST0048,VEH0048,CONTR0048,2026-09-03T17:42:00,SYNTHETIC,31003,1729,1800,71,96.1,48.1,31.3,25,39.1,0.0,,59,164,2,-8.08247,-34.88102,Recife,parked,km_limit,1000,96.1
TLM00477,CUST0048,VEH0048,CONTR0048,2026-09-10T07:53:00,SYNTHETIC,31534,2125,1800,0,118.1,55.2,37.0,26,40.2,0.0,,50,144,0,-7.97855,-34.97295,Recife,moving,battery_low,700,118.1
TLM00478,CUST0048,VEH0048,CONTR0048,2026-09-17T14:34:00,SYNTHETIC,32004,1881,1800,0,104.5,44.5,22.9,37,30.8,0.0,,76,202,3,-8.03533,-34.87966,Recife,parked,maintenance,1500,104.5
TLM00479,CUST0048,VEH0048,CONTR0048,2026-09-24T09:42:00,SYNTHETIC,32454,1802,1800,0,100.1,39.5,54.8,14,83.4,0.0,,48,123,7,-7.96872,-34.87673,Recife,moving,km_limit,2500,100.1
TLM00480,CUST0048,VEH0048,CONTR0048,2026-10-01T09:07:00,SYNTHETIC,32997,2172,1800,0,120.7,42.5,7.2,136,10.2,0.0,,94,236,3,-8.01764,-34.95154,Recife,parked,battery_low,1500,120.7
TLM00481,CUST0049,VEH0049,CONTR0049,2026-07-30T22:12:00,SYNTHETIC,45418,702,1800,1098,39.0,46.8,52.0,6,66.7,35.1,79,,752,0,-25.47211,-49.24199,Curitiba,parked,low_fuel,1500,39.0
TLM00482,CUST0049,VEH0049,CONTR0049,2026-08-06T17:34:00,SYNTHETIC,45557,558,1800,1242,31.0,53.3,31.8,7,35.7,27.0,87,,828,2,-25.45791,-49.19933,Curitiba,parked,none,2500,31.0
TLM00483,CUST0049,VEH0049,CONTR0049,2026-08-13T19:54:00,SYNTHETIC,45721,657,1800,1143,36.5,31.4,14.1,21,27.0,30.9,94,,894,0,-25.46243,-49.34305,Curitiba,charging,none,4000,36.5
TLM00484,CUST0049,VEH0049,CONTR0049,2026-08-20T15:00:00,SYNTHETIC,45889,672,1800,1128,37.3,41.3,31.6,9,45.9,30.3,75,,714,1,-25.4828,-49.23755,Curitiba,parked,none,1000,37.3
TLM00485,CUST0049,VEH0049,CONTR0049,2026-08-27T11:48:00,SYNTHETIC,46029,563,1800,1237,31.3,52.9,35.1,7,39.8,23.5,67,,637,0,-25.33924,-49.19465,Curitiba,charging,km_limit,700,31.3
TLM00486,CUST0049,VEH0049,CONTR0049,2026-09-03T14:08:00,SYNTHETIC,46195,667,1800,1133,37.1,33.4,26.5,11,47.6,31.1,46,,437,1,-25.35196,-49.33112,Curitiba,parked,none,350,37.1
TLM00487,CUST0049,VEH0049,CONTR0049,2026-09-10T22:19:00,SYNTHETIC,46440,980,1800,820,54.4,33.2,27.7,16,50.2,46.4,56,,533,0,-25.4109,-49.22741,Curitiba,parked,none,4000,54.4
TLM00488,CUST0049,VEH0049,CONTR0049,2026-09-17T16:56:00,SYNTHETIC,46584,577,1800,1223,32.1,42.9,46.3,5,64.7,26.6,93,,885,1,-25.45124,-49.19281,Curitiba,parked,none,700,32.1
TLM00489,CUST0049,VEH0049,CONTR0049,2026-09-24T09:05:00,SYNTHETIC,46821,950,1800,850,52.8,31.8,28.9,14,54.4,44.2,77,,733,1,-25.33516,-49.25435,Curitiba,parked,maintenance,700,52.8
TLM00490,CUST0049,VEH0049,CONTR0049,2026-10-01T09:55:00,SYNTHETIC,46983,651,1800,1149,36.2,57.6,38.6,7,40.2,31.8,70,,666,1,-25.37159,-49.21611,Curitiba,parked,low_fuel,350,36.2
TLM00491,CUST0050,VEH0050,CONTR0050,2026-07-30T21:15:00,SYNTHETIC,38480,1976,1800,0,109.8,39.2,38.7,23,59.2,0.0,,57,167,1,-15.79303,-47.94157,Brasília,parked,none,350,109.8
TLM00492,CUST0050,VEH0050,CONTR0050,2026-08-06T18:02:00,SYNTHETIC,38844,1457,1800,343,80.9,61.9,46.5,14,45.1,0.0,,87,239,6,-15.79049,-47.88254,Brasília,parked,maintenance,2500,80.9
TLM00493,CUST0050,VEH0050,CONTR0050,2026-08-13T07:22:00,SYNTHETIC,39446,2411,1800,0,133.9,47.6,11.8,93,14.8,0.0,,55,146,6,-15.78323,-47.90655,Brasília,parked,battery_low,1500,133.9
TLM00494,CUST0050,VEH0050,CONTR0050,2026-08-20T11:01:00,SYNTHETIC,40017,2285,1800,0,126.9,29.3,25.5,40,52.4,0.0,,80,224,0,-15.78588,-47.92436,Brasília,moving,maintenance,700,126.9
TLM00495,CUST0050,VEH0050,CONTR0050,2026-08-27T14:28:00,SYNTHETIC,40432,1660,1800,140,92.2,29.0,28.4,26,58.8,0.0,,57,151,5,-15.76137,-47.92507,Brasília,parked,none,1000,92.2
TLM00496,CUST0050,VEH0050,CONTR0050,2026-09-03T11:54:00,SYNTHETIC,40924,1968,1800,0,109.3,54.1,13.9,64,15.4,0.0,,95,265,6,-15.80679,-47.96277,Brasília,parked,battery_low,1000,109.3
TLM00497,CUST0050,VEH0050,CONTR0050,2026-09-10T18:20:00,SYNTHETIC,41382,1834,1800,0,101.9,55.4,53.3,15,57.8,0.0,,65,186,1,-15.78727,-47.87467,Brasília,parked,none,4000,101.9
TLM00498,CUST0050,VEH0050,CONTR0050,2026-09-17T16:01:00,SYNTHETIC,41724,1369,1800,431,76.1,57.1,29.8,20,31.3,0.0,,68,194,5,-15.86892,-47.88389,Brasília,parked,none,700,76.1
TLM00499,CUST0050,VEH0050,CONTR0050,2026-09-24T08:45:00,SYNTHETIC,42238,2059,1800,0,114.4,47.1,43.1,21,54.9,0.0,,93,240,1,-15.79108,-47.83668,Brasília,parked,none,700,114.4
TLM00500,CUST0050,VEH0050,CONTR0050,2026-10-01T15:39:00,SYNTHETIC,42601,1454,1800,346,80.8,52.3,32.1,20,36.8,0.0,,75,192,6,-15.79554,-47.96384,Brasília,maintenance,battery_low,350,80.8
TLM00501,CUST0051,VEH0051,CONTR0051,2026-07-30T13:28:00,SYNTHETIC,63416,1648,1500,0,109.9,33.3,54.6,13,98.5,109.1,43,,360,2,-22.8517,-47.08976,Campinas,moving,none,700,109.9
TLM00502,CUST0051,VEH0051,CONTR0051,2026-08-06T11:54:00,SYNTHETIC,63811,1581,1500,0,105.4,48.8,47.1,15,57.8,113.7,85,,713,2,-22.87239,-47.06037,Campinas,parked,km_limit,700,105.4
TLM00503,CUST0051,VEH0051,CONTR0051,2026-08-13T13:20:00,SYNTHETIC,64233,1691,1500,0,112.7,36.9,45.0,17,73.3,120.3,48,,402,1,-22.8689,-47.11198,Campinas,parked,none,1000,112.7
TLM00504,CUST0051,VEH0051,CONTR0051,2026-08-20T16:06:00,SYNTHETIC,64688,1823,1500,0,121.5,51.9,45.0,18,52.0,135.5,27,,226,2,-22.8262,-47.02766,Campinas,parked,km_limit,4000,121.5
TLM00505,CUST0051,VEH0051,CONTR0051,2026-08-27T20:31:00,SYNTHETIC,65130,1768,1500,0,117.9,46.8,54.3,14,69.5,128.4,88,,738,0,-22.86079,-47.11396,Campinas,maintenance,maintenance,1500,117.9
TLM00506,CUST0051,VEH0051,CONTR0051,2026-09-03T08:46:00,SYNTHETIC,65557,1709,1500,0,113.9,50.1,49.9,15,59.7,124.4,33,,276,0,-22.91119,-47.08399,Campinas,parked,none,4000,113.9
TLM00507,CUST0051,VEH0051,CONTR0051,2026-09-10T15:34:00,SYNTHETIC,65995,1754,1500,0,116.9,42.6,43.5,18,61.1,118.9,65,,545,0,-22.84381,-47.07556,Campinas,moving,km_limit,4000,116.9
TLM00508,CUST0051,VEH0051,CONTR0051,2026-09-17T07:45:00,SYNTHETIC,66426,1727,1500,0,115.1,41.8,43.5,18,62.4,138.5,90,,755,1,-22.83465,-47.03032,Campinas,parked,maintenance,350,115.1
TLM00509,CUST0051,VEH0051,CONTR0051,2026-09-24T21:46:00,SYNTHETIC,66824,1594,1500,0,106.3,42.1,13.9,52,19.8,109.5,91,,763,0,-22.93624,-47.11005,Campinas,parked,none,700,106.3
TLM00510,CUST0051,VEH0051,CONTR0051,2026-10-01T15:22:00,SYNTHETIC,67288,1859,1500,0,123.9,41.2,26.0,32,37.8,141.3,32,,268,1,-22.92697,-47.05545,Campinas,moving,none,700,123.9
TLM00511,CUST0052,VEH0052,CONTR0052,2026-07-30T09:33:00,SYNTHETIC,17034,570,1200,630,47.5,41.6,17.1,15,24.6,58.0,25,,158,0,-3.75772,-38.50511,Fortaleza,moving,km_limit,1000,47.5
TLM00512,CUST0052,VEH0052,CONTR0052,2026-08-06T16:24:00,SYNTHETIC,17231,789,1200,411,65.8,51.2,10.7,33,12.5,65.8,82,,519,0,-3.74996,-38.51779,Fortaleza,parked,none,350,65.8
TLM00513,CUST0052,VEH0052,CONTR0052,2026-08-13T12:22:00,SYNTHETIC,17401,682,1200,518,56.8,30.4,14.4,21,28.6,64.9,78,,493,0,-3.78345,-38.53649,Fortaleza,moving,maintenance,700,56.8
TLM00514,CUST0052,VEH0052,CONTR0052,2026-08-20T20:01:00,SYNTHETIC,17571,682,1200,518,56.8,34.0,27.6,11,48.7,67.6,37,,234,0,-3.69943,-38.49615,Fortaleza,parked,none,2500,56.8
TLM00515,CUST0052,VEH0052,CONTR0052,2026-08-27T11:37:00,SYNTHETIC,17803,928,1200,272,77.3,32.1,51.8,8,96.8,93.5,28,,177,0,-3.716,-38.50176,Fortaleza,parked,low_fuel,1000,77.3
TLM00516,CUST0052,VEH0052,CONTR0052,2026-09-03T20:07:00,SYNTHETIC,18007,816,1200,384,68.0,61.9,51.1,7,49.5,82.2,85,,538,0,-3.69197,-38.63533,Fortaleza,moving,low_fuel,1500,68.0
TLM00517,CUST0052,VEH0052,CONTR0052,2026-09-10T21:51:00,SYNTHETIC,18143,545,1200,655,45.4,60.7,30.0,8,29.7,53.5,20,,126,0,-3.66398,-38.54025,Fortaleza,parked,none,1000,45.4
TLM00518,CUST0052,VEH0052,CONTR0052,2026-09-17T22:25:00,SYNTHETIC,18345,809,1200,391,67.4,56.8,10.5,35,11.0,77.3,82,,519,0,-3.67785,-38.54289,Fortaleza,moving,maintenance,2500,67.4
TLM00519,CUST0052,VEH0052,CONTR0052,2026-09-24T08:31:00,SYNTHETIC,18480,541,1200,659,45.1,54.0,20.4,12,22.6,51.4,66,,417,0,-3.79515,-38.62911,Fortaleza,parked,km_limit,1500,45.1
TLM00520,CUST0052,VEH0052,CONTR0052,2026-10-01T07:12:00,SYNTHETIC,18685,820,1200,380,68.3,38.4,54.6,6,85.3,80.1,22,,139,0,-3.64748,-38.59666,Fortaleza,parked,low_fuel,2500,68.3
TLM00521,CUST0053,VEH0053,CONTR0053,2026-07-30T12:22:00,SYNTHETIC,80168,1162,1000,0,116.2,49.8,42.2,12,50.9,102.7,21,,123,0,-15.71753,-47.97565,Brasília,parked,km_limit,1000,116.2
TLM00522,CUST0053,VEH0053,CONTR0053,2026-08-06T07:58:00,SYNTHETIC,80530,1451,1000,0,145.1,53.1,31.7,20,35.8,119.2,62,,363,0,-15.83748,-47.91088,Brasília,moving,low_fuel,4000,145.1
TLM00523,CUST0053,VEH0053,CONTR0053,2026-08-13T06:02:00,SYNTHETIC,80750,881,1000,119,88.1,38.9,41.0,9,63.2,77.3,88,,516,0,-15.72427,-47.95108,Brasília,parked,maintenance,4000,88.1
TLM00524,CUST0053,VEH0053,CONTR0053,2026-08-20T13:23:00,SYNTHETIC,81124,1496,1000,0,149.6,28.2,17.8,38,37.9,139.6,57,,334,0,-15.72499,-47.91973,Brasília,moving,km_limit,700,149.6
TLM00525,CUST0053,VEH0053,CONTR0053,2026-08-27T15:13:00,SYNTHETIC,81426,1211,1000,0,121.1,49.1,18.7,29,22.8,115.3,88,,516,0,-15.72136,-47.87951,Brasília,parked,low_fuel,4000,121.1
TLM00526,CUST0053,VEH0053,CONTR0053,2026-09-03T06:40:00,SYNTHETIC,81687,1045,1000,0,104.5,28.3,46.4,10,98.1,89.5,39,,228,0,-15.761,-47.97735,Brasília,parked,none,1500,104.5
TLM00527,CUST0053,VEH0053,CONTR0053,2026-09-10T11:34:00,SYNTHETIC,81887,800,1000,200,80.0,51.4,9.5,38,11.0,64.8,35,,205,0,-15.81942,-47.83308,Brasília,moving,none,1500,80.0
TLM00528,CUST0053,VEH0053,CONTR0053,2026-09-17T09:48:00,SYNTHETIC,82207,1283,1000,0,128.3,59.6,25.5,22,25.7,113.5,51,,299,0,-15.8527,-47.85238,Brasília,parked,none,2500,128.3
TLM00529,CUST0053,VEH0053,CONTR0053,2026-09-24T09:07:00,SYNTHETIC,82586,1518,1000,0,151.8,46.9,30.4,22,38.9,123.3,19,,111,0,-15.83522,-47.85074,Brasília,moving,km_limit,1500,151.8
TLM00530,CUST0053,VEH0053,CONTR0053,2026-10-01T20:38:00,SYNTHETIC,82924,1354,1000,0,135.4,55.4,17.8,34,19.3,121.6,71,,416,0,-15.74874,-47.87798,Brasília,parked,none,4000,135.4
TLM00531,CUST0054,VEH0054,CONTR0054,2026-07-30T14:58:00,SYNTHETIC,30083,1262,800,0,157.8,52.6,11.0,52,12.5,121.3,34,,210,0,-22.92721,-43.21316,Rio de Janeiro,parked,low_fuel,1000,157.8
TLM00532,CUST0054,VEH0054,CONTR0054,2026-08-06T12:21:00,SYNTHETIC,30253,683,800,117,85.4,40.9,70.7,4,103.7,72.8,43,,266,0,-22.85001,-43.21687,Rio de Janeiro,parked,low_fuel,700,85.4
TLM00533,CUST0054,VEH0054,CONTR0054,2026-08-13T07:07:00,SYNTHETIC,30426,694,800,106,86.8,36.4,43.1,7,71.1,74.7,33,,204,0,-22.84573,-43.2215,Rio de Janeiro,parked,none,2500,86.8
TLM00534,CUST0054,VEH0054,CONTR0054,2026-08-20T13:00:00,SYNTHETIC,30711,1140,800,0,142.5,33.8,69.8,7,124.0,118.3,33,,204,0,-22.8943,-43.19706,Rio de Janeiro,parked,low_fuel,350,142.5
TLM00535,CUST0054,VEH0054,CONTR0054,2026-08-27T06:41:00,SYNTHETIC,31026,1262,800,0,157.8,32.1,23.0,24,42.9,137.8,87,,538,0,-22.82345,-43.21086,Rio de Janeiro,parked,none,2500,157.8
TLM00536,CUST0054,VEH0054,CONTR0054,2026-09-03T14:22:00,SYNTHETIC,31263,951,800,0,118.9,51.3,33.7,12,39.4,109.6,45,,278,0,-22.79847,-43.18522,Rio de Janeiro,parked,km_limit,4000,118.9
TLM00537,CUST0054,VEH0054,CONTR0054,2026-09-10T11:24:00,SYNTHETIC,31604,1367,800,0,170.9,43.4,66.3,9,91.5,137.5,51,,315,0,-22.79543,-43.14598,Rio de Janeiro,parked,low_fuel,4000,170.9
TLM00538,CUST0054,VEH0054,CONTR0054,2026-09-17T10:53:00,SYNTHETIC,31767,655,800,145,81.9,55.4,17.6,16,19.1,69.2,84,,519,0,-22.85505,-43.25379,Rio de Janeiro,parked,km_limit,700,81.9
TLM00539,CUST0054,VEH0054,CONTR0054,2026-09-24T16:42:00,SYNTHETIC,32105,1355,800,0,169.4,43.7,38.0,16,52.3,157.4,74,,458,0,-22.89147,-43.17136,Rio de Janeiro,moving,none,1000,169.4
TLM00540,CUST0054,VEH0054,CONTR0054,2026-10-01T19:23:00,SYNTHETIC,32308,814,800,0,101.8,34.5,21.0,17,36.5,93.2,94,,581,0,-22.85225,-43.25293,Rio de Janeiro,moving,km_limit,1000,101.8
TLM00541,CUST0055,VEH0055,CONTR0055,2026-07-30T12:21:00,SYNTHETIC,19630,1562,1800,238,86.8,58.8,52.8,13,53.9,141.2,67,,378,0,-12.92745,-38.56812,Salvador,parked,none,350,86.8
TLM00542,CUST0055,VEH0055,CONTR0055,2026-08-06T10:41:00,SYNTHETIC,20002,1488,1800,312,82.7,43.1,40.0,16,55.7,122.4,37,,209,0,-12.95142,-38.4681,Salvador,moving,low_fuel,1000,82.7
TLM00543,CUST0055,VEH0055,CONTR0055,2026-08-13T22:47:00,SYNTHETIC,20393,1566,1800,234,87.0,57.5,12.4,57,12.9,143.2,55,,310,0,-12.91523,-38.58755,Salvador,moving,low_fuel,2500,87.0
TLM00544,CUST0055,VEH0055,CONTR0055,2026-08-20T12:47:00,SYNTHETIC,20754,1445,1800,355,80.3,59.3,48.6,13,49.2,117.5,26,,146,0,-12.99162,-38.55912,Salvador,parked,none,1000,80.3
TLM00545,CUST0055,VEH0055,CONTR0055,2026-08-27T09:51:00,SYNTHETIC,21175,1685,1800,115,93.6,47.8,46.6,16,58.4,141.1,37,,209,0,-12.92582,-38.44907,Salvador,moving,none,1000,93.6
TLM00546,CUST0055,VEH0055,CONTR0055,2026-09-03T13:07:00,SYNTHETIC,21570,1583,1800,217,87.9,49.0,13.8,52,16.8,134.6,75,,423,0,-12.9095,-38.56974,Salvador,parked,none,4000,87.9
TLM00547,CUST0055,VEH0055,CONTR0055,2026-09-10T17:59:00,SYNTHETIC,21939,1476,1800,324,82.0,41.0,24.6,27,36.0,116.1,17,,96,0,-12.94517,-38.50169,Salvador,parked,low_fuel,2500,82.0
TLM00548,CUST0055,VEH0055,CONTR0055,2026-09-17T11:08:00,SYNTHETIC,22332,1572,1800,228,87.3,50.8,22.8,31,27.0,128.1,25,,141,0,-12.91588,-38.48482,Salvador,parked,none,1000,87.3
TLM00549,CUST0055,VEH0055,CONTR0055,2026-09-24T08:22:00,SYNTHETIC,22755,1692,1800,108,94.0,60.7,15.7,49,15.5,146.2,52,,293,0,-12.91927,-38.46531,Salvador,moving,low_fuel,4000,94.0
TLM00550,CUST0055,VEH0055,CONTR0055,2026-10-01T21:20:00,SYNTHETIC,23143,1552,1800,248,86.2,33.7,47.7,14,84.8,122.6,50,,282,0,-12.87079,-38.58488,Salvador,moving,none,2500,86.2
TLM00551,CUST0056,VEH0056,CONTR0056,2026-07-30T16:35:00,SYNTHETIC,45466,1101,1500,399,73.4,61.9,22.5,22,21.9,95.2,73,,363,0,-30.09312,-51.15298,Porto Alegre,parked,none,4000,73.4
TLM00552,CUST0056,VEH0056,CONTR0056,2026-08-06T07:44:00,SYNTHETIC,45675,836,1500,664,55.7,47.5,20.8,18,26.3,71.2,75,,373,0,-29.99064,-51.18101,Porto Alegre,moving,km_limit,1500,55.7
TLM00553,CUST0056,VEH0056,CONTR0056,2026-08-13T14:35:00,SYNTHETIC,46092,1668,1500,0,111.2,57.0,44.4,17,46.7,148.3,58,,288,0,-30.06728,-51.24745,Porto Alegre,moving,none,700,111.2
TLM00554,CUST0056,VEH0056,CONTR0056,2026-08-20T10:51:00,SYNTHETIC,46416,1297,1500,203,86.5,50.8,45.5,12,53.7,127.2,80,,398,0,-29.97621,-51.25364,Porto Alegre,moving,none,350,86.5
TLM00555,CUST0056,VEH0056,CONTR0056,2026-08-27T06:47:00,SYNTHETIC,46639,893,1500,607,59.5,47.4,17.6,23,22.3,74.2,24,,119,0,-29.96902,-51.15328,Porto Alegre,parked,low_fuel,350,59.5
TLM00556,CUST0056,VEH0056,CONTR0056,2026-09-03T09:03:00,SYNTHETIC,46886,989,1500,511,65.9,49.3,48.7,9,59.3,88.9,57,,283,0,-29.98548,-51.26059,Porto Alegre,parked,none,4000,65.9
TLM00557,CUST0056,VEH0056,CONTR0056,2026-09-10T08:24:00,SYNTHETIC,47113,910,1500,590,60.7,31.1,52.6,7,101.5,74.2,44,,219,0,-30.04688,-51.20782,Porto Alegre,parked,none,700,60.7
TLM00558,CUST0056,VEH0056,CONTR0056,2026-09-17T07:28:00,SYNTHETIC,47371,1032,1500,468,68.8,61.6,35.7,13,34.7,87.6,51,,253,0,-30.06855,-51.2915,Porto Alegre,moving,low_fuel,4000,68.8
TLM00559,CUST0056,VEH0056,CONTR0056,2026-09-24T08:12:00,SYNTHETIC,47629,1032,1500,468,68.8,32.9,32.6,14,59.4,102.3,30,,149,0,-30.06821,-51.24109,Porto Alegre,maintenance,low_fuel,4000,68.8
TLM00560,CUST0056,VEH0056,CONTR0056,2026-10-01T12:27:00,SYNTHETIC,47877,995,1500,505,66.3,49.6,35.0,12,42.4,92.0,79,,393,0,-30.05799,-51.23735,Porto Alegre,moving,none,4000,66.3
TLM00561,CUST0057,VEH0057,CONTR0057,2026-07-30T07:39:00,SYNTHETIC,6207,1169,800,0,146.1,60.9,24.7,21,24.4,70.8,23,,174,0,-15.78216,-47.87764,Brasília,parked,none,352,146.1
TLM00562,CUST0057,VEH0057,CONTR0057,2026-08-06T08:36:00,SYNTHETIC,6548,1367,800,0,170.9,43.2,72.7,8,101.1,81.6,55,,417,2,-15.86107,-47.8121,Brasília,parked,low_fuel,457,170.9
TLM00563,CUST0057,VEH0057,CONTR0057,2026-08-13T11:02:00,SYNTHETIC,6858,1240,800,0,155.0,44.3,41.2,13,55.7,75.3,55,,417,2,-15.79252,-47.8809,Brasília,parked,none,197,155.0
TLM00564,CUST0057,VEH0057,CONTR0057,2026-08-20T18:26:00,SYNTHETIC,7083,901,800,0,112.6,55.1,70.6,5,76.9,51.0,74,,561,1,-15.75112,-47.80672,Brasília,parked,low_fuel,172,112.6
TLM00565,CUST0057,VEH0057,CONTR0057,2026-08-27T11:13:00,SYNTHETIC,7319,947,800,0,118.4,57.6,18.0,23,18.7,53.1,70,,531,2,-15.88788,-47.88385,Brasília,moving,maintenance,177,118.4
TLM00566,CUST0057,VEH0057,CONTR0057,2026-09-03T21:27:00,SYNTHETIC,7546,911,800,0,113.9,28.7,34.0,12,71.1,50.5,85,,645,1,-15.83344,-47.8102,Brasília,parked,km_limit,197,113.9
TLM00567,CUST0057,VEH0057,CONTR0057,2026-09-10T22:31:00,SYNTHETIC,7840,1178,800,0,147.2,40.0,15.1,35,22.7,74.1,76,,576,2,-15.77448,-47.87984,Brasília,moving,none,172,147.2
TLM00568,CUST0057,VEH0057,CONTR0057,2026-09-17T22:18:00,SYNTHETIC,8062,888,800,0,111.0,33.4,49.8,8,89.5,53.1,69,,523,2,-15.84848,-47.88672,Brasília,parked,none,406,111.0
TLM00569,CUST0057,VEH0057,CONTR0057,2026-09-24T13:58:00,SYNTHETIC,8247,742,800,58,92.8,47.2,39.4,8,50.1,38.7,62,,470,1,-15.76356,-47.89645,Brasília,parked,none,207,92.8
TLM00570,CUST0057,VEH0057,CONTR0057,2026-10-01T13:45:00,SYNTHETIC,8603,1427,800,0,178.4,54.8,44.8,14,49.1,83.6,57,,432,2,-15.80821,-47.90854,Brasília,parked,none,165,178.4
TLM00571,CUST0058,VEH0058,CONTR0058,2026-07-30T16:05:00,SYNTHETIC,69553,2053,1500,0,136.9,58.3,28.8,32,29.7,173.7,64,,361,0,-22.869,-47.08181,Campinas,parked,maintenance,700,136.9
TLM00572,CUST0058,VEH0058,CONTR0058,2026-08-06T10:23:00,SYNTHETIC,70212,2638,1500,0,175.9,52.7,12.5,95,14.2,202.8,39,,220,0,-22.81804,-47.1464,Campinas,moving,low_fuel,1000,175.9
TLM00573,CUST0058,VEH0058,CONTR0058,2026-08-13T21:20:00,SYNTHETIC,70752,2160,1500,0,144.0,39.1,62.7,15,96.1,169.2,33,,186,0,-22.85692,-47.07003,Campinas,parked,none,1000,144.0
TLM00574,CUST0058,VEH0058,CONTR0058,2026-08-20T22:51:00,SYNTHETIC,71296,2179,1500,0,145.3,60.6,47.6,20,47.2,158.3,22,,124,0,-22.87302,-47.11612,Campinas,parked,none,4000,145.3
TLM00575,CUST0058,VEH0058,CONTR0058,2026-08-27T19:05:00,SYNTHETIC,71861,2262,1500,0,150.8,57.0,27.8,36,29.3,167.3,52,,293,0,-22.8947,-47.03171,Campinas,maintenance,none,350,150.8
TLM00576,CUST0058,VEH0058,CONTR0058,2026-09-03T20:17:00,SYNTHETIC,72330,1876,1500,0,125.1,41.0,18.5,46,27.1,145.8,55,,310,0,-22.92204,-47.05879,Campinas,moving,none,350,125.1
TLM00577,CUST0058,VEH0058,CONTR0058,2026-09-10T17:09:00,SYNTHETIC,72852,2089,1500,0,139.3,39.0,9.2,102,14.2,149.5,56,,316,0,-22.90324,-47.04056,Campinas,parked,km_limit,2500,139.3
TLM00578,CUST0058,VEH0058,CONTR0058,2026-09-17T16:36:00,SYNTHETIC,73390,2153,1500,0,143.5,50.0,34.3,28,41.1,163.4,19,,107,0,-22.83264,-47.14954,Campinas,parked,none,4000,143.5
TLM00579,CUST0058,VEH0058,CONTR0058,2026-09-24T22:10:00,SYNTHETIC,73964,2296,1500,0,153.1,52.3,41.0,25,47.0,195.9,32,,180,0,-22.80326,-47.11824,Campinas,parked,none,700,153.1
TLM00580,CUST0058,VEH0058,CONTR0058,2026-10-01T07:33:00,SYNTHETIC,74633,2676,1500,0,178.4,39.5,35.4,34,53.8,220.9,78,,440,0,-22.88706,-47.02948,Campinas,parked,maintenance,1500,178.4
TLM00581,CUST0059,VEH0059,CONTR0059,2026-07-30T07:41:00,SYNTHETIC,77397,2229,1800,0,123.8,55.7,28.0,36,30.1,182.7,48,,255,0,-16.65821,-49.32592,Goiânia,parked,none,700,123.8
TLM00582,CUST0059,VEH0059,CONTR0059,2026-08-06T16:20:00,SYNTHETIC,77910,2055,1800,0,114.2,44.3,8.1,115,10.9,191.9,34,,180,0,-16.70557,-49.22831,Goiânia,parked,maintenance,700,114.2
TLM00583,CUST0059,VEH0059,CONTR0059,2026-08-13T07:12:00,SYNTHETIC,78359,1796,1800,4,99.8,37.8,7.2,114,11.3,166.4,68,,361,0,-16.67322,-49.29639,Goiânia,parked,none,2500,99.8
TLM00584,CUST0059,VEH0059,CONTR0059,2026-08-20T10:34:00,SYNTHETIC,78633,1098,1800,702,61.0,51.9,34.5,14,39.9,94.9,36,,191,0,-16.76639,-49.22937,Goiânia,parked,none,1500,61.0
TLM00585,CUST0059,VEH0059,CONTR0059,2026-08-27T12:20:00,SYNTHETIC,78997,1457,1800,343,80.9,40.7,25.0,26,36.9,138.1,92,,489,0,-16.6239,-49.26698,Goiânia,parked,none,1000,80.9
TLM00586,CUST0059,VEH0059,CONTR0059,2026-09-03T09:02:00,SYNTHETIC,79425,1714,1800,86,95.2,43.1,53.4,14,74.3,157.5,66,,351,0,-16.70558,-49.31272,Goiânia,parked,none,700,95.2
TLM00587,CUST0059,VEH0059,CONTR0059,2026-09-10T15:23:00,SYNTHETIC,79768,1373,1800,427,76.3,53.8,42.0,14,46.9,117.0,42,,223,0,-16.69337,-49.22615,Goiânia,moving,low_fuel,2500,76.3
TLM00588,CUST0059,VEH0059,CONTR0059,2026-09-17T11:55:00,SYNTHETIC,80348,2322,1800,0,129.0,56.7,16.6,63,17.6,186.6,16,,85,0,-16.71414,-49.24987,Goiânia,parked,low_fuel,700,129.0
TLM00589,CUST0059,VEH0059,CONTR0059,2026-09-24T15:50:00,SYNTHETIC,80869,2086,1800,0,115.9,43.6,25.1,37,34.6,194.7,77,,409,0,-16.60969,-49.19262,Goiânia,moving,maintenance,1500,115.9
TLM00590,CUST0059,VEH0059,CONTR0059,2026-10-01T15:28:00,SYNTHETIC,81354,1943,1800,0,107.9,58.1,47.8,18,49.4,176.7,16,,85,0,-16.70654,-49.2389,Goiânia,moving,none,1000,107.9
TLM00591,CUST0060,VEH0060,CONTR0060,2026-07-30T19:41:00,SYNTHETIC,12622,2422,3000,578,80.7,50.0,53.6,20,64.3,238.2,62,,308,0,-23.01417,-46.99691,Campinas,parked,none,350,80.7
TLM00592,CUST0060,VEH0060,CONTR0060,2026-08-06T06:56:00,SYNTHETIC,13193,2284,3000,716,76.1,36.9,51.6,20,83.8,230.9,41,,204,0,-22.86878,-47.04394,Campinas,moving,low_fuel,350,76.1
TLM00593,CUST0060,VEH0060,CONTR0060,2026-08-13T06:44:00,SYNTHETIC,13650,1830,3000,1170,61.0,36.0,48.6,17,81.1,174.4,86,,428,0,-22.92763,-47.11005,Campinas,parked,none,1000,61.0
TLM00594,CUST0060,VEH0060,CONTR0060,2026-08-20T11:00:00,SYNTHETIC,14175,2102,3000,898,70.1,41.5,24.5,39,35.4,178.9,70,,348,0,-22.92547,-47.11313,Campinas,moving,km_limit,1500,70.1
TLM00595,CUST0060,VEH0060,CONTR0060,2026-08-27T14:55:00,SYNTHETIC,14991,3266,3000,0,108.9,37.5,19.8,74,31.6,305.1,49,,244,0,-22.98766,-47.00983,Campinas,parked,low_fuel,350,108.9
TLM00596,CUST0060,VEH0060,CONTR0060,2026-09-03T13:45:00,SYNTHETIC,15926,3741,3000,0,124.7,29.5,33.6,50,68.3,376.0,86,,428,0,-22.882,-47.11261,Campinas,parked,km_limit,4000,124.7
TLM00597,CUST0060,VEH0060,CONTR0060,2026-09-10T10:20:00,SYNTHETIC,16652,2905,3000,95,96.8,43.5,29.2,45,40.2,254.2,62,,308,0,-22.90012,-47.06469,Campinas,moving,maintenance,4000,96.8
TLM00598,CUST0060,VEH0060,CONTR0060,2026-09-17T19:23:00,SYNTHETIC,17275,2493,3000,507,83.1,43.9,23.0,49,31.5,224.2,78,,388,0,-22.86393,-47.10635,Campinas,moving,maintenance,4000,83.1
TLM00599,CUST0060,VEH0060,CONTR0060,2026-09-24T07:21:00,SYNTHETIC,17759,1939,3000,1061,64.6,59.4,37.6,23,38.0,180.1,84,,418,0,-22.93673,-46.98263,Campinas,parked,none,4000,64.6
TLM00600,CUST0060,VEH0060,CONTR0060,2026-10-01T12:52:00,SYNTHETIC,18485,2907,3000,93,96.9,46.4,46.8,28,60.5,254.1,88,,438,0,-22.90684,-47.1071,Campinas,parked,low_fuel,700,96.9
TLM00601,CUST0061,VEH0061,CONTR0061,2026-07-30T11:47:00,SYNTHETIC,19999,1342,800,0,167.8,46.5,31.5,19,40.6,130.7,47,,253,0,-3.74386,-38.52989,Fortaleza,moving,low_fuel,2500,167.8
TLM00602,CUST0061,VEH0061,CONTR0061,2026-08-06T18:14:00,SYNTHETIC,20169,682,800,118,85.2,52.9,45.0,6,51.1,66.1,65,,351,0,-3.68783,-38.52348,Fortaleza,parked,low_fuel,2500,85.2
TLM00603,CUST0061,VEH0061,CONTR0061,2026-08-13T22:51:00,SYNTHETIC,20504,1340,800,0,167.5,35.7,37.6,16,63.2,119.7,39,,210,0,-3.7629,-38.62035,Fortaleza,moving,none,4000,167.5
TLM00604,CUST0061,VEH0061,CONTR0061,2026-08-20T12:01:00,SYNTHETIC,20832,1312,800,0,164.0,36.2,25.9,23,42.9,134.1,84,,453,0,-3.77755,-38.59612,Fortaleza,moving,none,4000,164.0
TLM00605,CUST0061,VEH0061,CONTR0061,2026-08-27T18:00:00,SYNTHETIC,21136,1219,800,0,152.4,51.1,9.3,59,10.9,115.9,30,,162,0,-3.6685,-38.59542,Fortaleza,parked,none,1500,152.4
TLM00606,CUST0061,VEH0061,CONTR0061,2026-09-03T21:02:00,SYNTHETIC,21323,751,800,49,93.9,42.6,34.9,9,49.2,71.8,93,,502,0,-3.70015,-38.58721,Fortaleza,moving,none,2500,93.9
TLM00607,CUST0061,VEH0061,CONTR0061,2026-09-10T17:43:00,SYNTHETIC,21561,952,800,0,119.0,55.1,42.9,10,46.7,96.3,69,,372,0,-3.7017,-38.63908,Fortaleza,moving,maintenance,4000,119.0
TLM00608,CUST0061,VEH0061,CONTR0061,2026-09-17T09:29:00,SYNTHETIC,21801,962,800,0,120.2,58.8,29.3,14,29.9,93.1,25,,135,0,-3.71937,-38.58947,Fortaleza,parked,low_fuel,700,120.2
TLM00609,CUST0061,VEH0061,CONTR0061,2026-09-24T19:06:00,SYNTHETIC,22038,948,800,0,118.5,39.0,33.1,13,50.9,94.7,72,,388,0,-3.7785,-38.62291,Fortaleza,parked,maintenance,700,118.5
TLM00610,CUST0061,VEH0061,CONTR0061,2026-10-01T18:51:00,SYNTHETIC,22334,1184,800,0,148.0,59.8,27.8,19,27.9,113.7,74,,399,0,-3.63215,-38.53886,Fortaleza,moving,low_fuel,1000,148.0
TLM00611,CUST0062,VEH0062,CONTR0062,2026-07-30T16:27:00,SYNTHETIC,20651,914,800,0,114.2,44.7,50.2,8,67.4,79.2,35,,206,0,-22.9771,-43.21081,Rio de Janeiro,parked,none,350,114.2
TLM00612,CUST0062,VEH0062,CONTR0062,2026-08-06T15:11:00,SYNTHETIC,20802,606,800,194,75.8,44.5,6.3,43,8.5,57.8,37,,218,0,-22.9589,-43.09709,Rio de Janeiro,parked,none,1500,75.8
TLM00613,CUST0062,VEH0062,CONTR0062,2026-08-13T10:08:00,SYNTHETIC,20998,787,800,13,98.4,52.3,45.6,7,52.4,77.5,29,,171,0,-22.87619,-43.08411,Rio de Janeiro,parked,none,350,98.4
TLM00614,CUST0062,VEH0062,CONTR0062,2026-08-20T09:26:00,SYNTHETIC,21186,753,800,47,94.1,40.5,40.2,8,59.7,61.6,82,,484,0,-22.91886,-43.19096,Rio de Janeiro,parked,none,4000,94.1
TLM00615,CUST0062,VEH0062,CONTR0062,2026-08-27T22:58:00,SYNTHETIC,21372,744,800,56,93.0,30.2,18.9,17,37.5,73.3,60,,354,0,-22.95573,-43.08712,Rio de Janeiro,moving,km_limit,1500,93.0
TLM00616,CUST0062,VEH0062,CONTR0062,2026-09-03T14:30:00,SYNTHETIC,21496,498,800,302,62.3,30.9,15.2,14,29.4,42.3,84,,496,0,-22.98396,-43.10918,Rio de Janeiro,moving,maintenance,1000,62.3
TLM00617,CUST0062,VEH0062,CONTR0062,2026-09-10T18:00:00,SYNTHETIC,21680,738,800,62,92.2,47.0,17.4,19,22.2,62.0,32,,189,0,-22.93515,-43.15395,Rio de Janeiro,moving,low_fuel,4000,92.2
TLM00618,CUST0062,VEH0062,CONTR0062,2026-09-17T21:51:00,SYNTHETIC,21881,807,800,0,100.9,37.0,32.0,11,51.8,70.1,32,,189,0,-22.96048,-43.12933,Rio de Janeiro,parked,none,1000,100.9
TLM00619,CUST0062,VEH0062,CONTR0062,2026-09-24T10:54:00,SYNTHETIC,22034,615,800,185,76.9,33.9,33.1,8,58.6,57.0,24,,141,0,-22.91307,-43.09779,Rio de Janeiro,moving,low_fuel,700,76.9
TLM00620,CUST0062,VEH0062,CONTR0062,2026-10-01T13:52:00,SYNTHETIC,22234,800,800,0,100.0,61.6,33.7,10,32.9,68.7,67,,395,0,-22.95266,-43.22603,Rio de Janeiro,parked,none,4000,100.0
TLM00621,CUST0063,VEH0063,CONTR0063,2026-07-30T13:47:00,SYNTHETIC,47721,2861,1800,0,158.9,28.9,52.5,24,108.9,258.1,65,,362,0,-7.97969,-34.8986,Recife,parked,maintenance,1500,158.9
TLM00622,CUST0063,VEH0063,CONTR0063,2026-08-06T15:31:00,SYNTHETIC,48312,2366,1800,0,131.4,41.8,65.8,16,94.4,201.8,45,,251,0,-8.00119,-34.90606,Recife,moving,maintenance,2500,131.4
TLM00623,CUST0063,VEH0063,CONTR0063,2026-08-13T18:17:00,SYNTHETIC,48701,1556,1800,244,86.4,30.9,67.1,10,130.3,120.1,20,,111,0,-8.05057,-34.84621,Recife,parked,none,1000,86.4
TLM00624,CUST0063,VEH0063,CONTR0063,2026-08-20T18:48:00,SYNTHETIC,49198,1989,1800,0,110.5,46.2,29.7,30,38.6,158.9,75,,418,0,-7.9855,-34.86515,Recife,parked,km_limit,2500,110.5
TLM00625,CUST0063,VEH0063,CONTR0063,2026-08-27T21:21:00,SYNTHETIC,49978,3122,1800,0,173.4,48.6,51.8,27,64.0,263.1,75,,418,0,-8.03965,-34.87668,Recife,moving,none,1000,173.4
TLM00626,CUST0063,VEH0063,CONTR0063,2026-09-03T13:36:00,SYNTHETIC,50624,2584,1800,0,143.6,59.8,66.0,17,66.2,218.7,44,,245,0,-8.09429,-34.81973,Recife,moving,none,1000,143.6
TLM00627,CUST0063,VEH0063,CONTR0063,2026-09-10T10:51:00,SYNTHETIC,51135,2047,1800,0,113.7,51.0,26.5,35,31.2,173.3,39,,217,0,-8.0017,-34.9281,Recife,parked,low_fuel,2500,113.7
TLM00628,CUST0063,VEH0063,CONTR0063,2026-09-17T09:46:00,SYNTHETIC,51658,2095,1800,0,116.4,46.5,29.3,32,37.9,184.4,89,,496,0,-8.00925,-34.92867,Recife,moving,none,2500,116.4
TLM00629,CUST0063,VEH0063,CONTR0063,2026-09-24T18:30:00,SYNTHETIC,52290,2528,1800,0,140.4,49.5,30.4,37,36.8,226.2,78,,435,0,-8.01016,-34.8261,Recife,parked,none,1000,140.4
TLM00630,CUST0063,VEH0063,CONTR0063,2026-10-01T06:04:00,SYNTHETIC,52804,2059,1800,0,114.4,36.7,12.9,72,21.1,158.2,63,,351,0,-8.09466,-34.82584,Recife,parked,km_limit,2500,114.4
TLM00631,CUST0064,VEH0064,CONTR0064,2026-07-30T07:27:00,SYNTHETIC,65147,2167,1800,0,120.4,46.7,46.2,21,59.4,177.9,68,,393,0,-12.9556,-38.48564,Salvador,moving,none,700,120.4
TLM00632,CUST0064,VEH0064,CONTR0064,2026-08-06T08:17:00,SYNTHETIC,65532,1540,1800,260,85.6,38.6,12.8,54,19.9,116.6,21,,121,0,-13.03891,-38.47833,Salvador,moving,low_fuel,350,85.6
TLM00633,CUST0064,VEH0064,CONTR0064,2026-08-13T09:21:00,SYNTHETIC,65809,1110,1800,690,61.7,53.3,26.7,18,30.1,82.5,87,,503,0,-12.89981,-38.44884,Salvador,moving,none,350,61.7
TLM00634,CUST0064,VEH0064,CONTR0064,2026-08-20T13:09:00,SYNTHETIC,66132,1293,1800,507,71.8,35.5,35.6,16,60.1,111.2,85,,492,0,-13.05243,-38.47051,Salvador,parked,low_fuel,1000,71.8
TLM00635,CUST0064,VEH0064,CONTR0064,2026-08-27T14:51:00,SYNTHETIC,66433,1206,1800,594,67.0,60.9,24.8,22,24.4,99.6,17,,98,0,-12.9783,-38.54866,Salvador,parked,none,700,67.0
TLM00636,CUST0064,VEH0064,CONTR0064,2026-09-03T06:15:00,SYNTHETIC,66750,1268,1800,532,70.4,43.6,14.1,40,19.4,97.1,43,,248,0,-12.94871,-38.49434,Salvador,parked,none,1000,70.4
TLM00637,CUST0064,VEH0064,CONTR0064,2026-09-10T20:09:00,SYNTHETIC,67265,2060,1800,0,114.4,43.2,17.4,53,24.2,180.4,67,,387,0,-12.93783,-38.50245,Salvador,parked,km_limit,4000,114.4
TLM00638,CUST0064,VEH0064,CONTR0064,2026-09-17T22:21:00,SYNTHETIC,67632,1469,1800,331,81.6,46.4,19.3,34,25.0,129.5,77,,445,0,-13.00457,-38.48412,Salvador,parked,low_fuel,1500,81.6
TLM00639,CUST0064,VEH0064,CONTR0064,2026-09-24T18:10:00,SYNTHETIC,68143,2046,1800,0,113.7,48.6,24.3,38,30.0,174.4,91,,526,0,-12.93001,-38.53083,Salvador,moving,low_fuel,4000,113.7
TLM00640,CUST0064,VEH0064,CONTR0064,2026-10-01T13:41:00,SYNTHETIC,68518,1500,1800,300,83.3,36.5,20.2,33,33.3,116.2,91,,526,0,-12.94449,-38.49161,Salvador,parked,none,1500,83.3
TLM00641,CUST0065,VEH0065,CONTR0065,2026-07-30T19:16:00,SYNTHETIC,56770,3206,2500,0,128.2,40.2,7.0,208,10.4,264.4,72,,424,0,-22.89601,-43.19527,Rio de Janeiro,parked,none,1500,128.2
TLM00642,CUST0065,VEH0065,CONTR0065,2026-08-06T12:54:00,SYNTHETIC,57387,2470,2500,30,98.8,33.4,16.7,67,30.1,209.9,81,,477,0,-22.94592,-43.1773,Rio de Janeiro,moving,maintenance,2500,98.8
TLM00643,CUST0065,VEH0065,CONTR0065,2026-08-13T08:33:00,SYNTHETIC,57986,2396,2500,104,95.8,52.0,13.8,79,15.9,204.8,85,,501,0,-22.80261,-43.16583,Rio de Janeiro,moving,none,350,95.8
TLM00644,CUST0065,VEH0065,CONTR0065,2026-08-20T08:14:00,SYNTHETIC,58957,3884,2500,0,155.4,37.5,50.9,34,81.5,306.9,54,,318,0,-22.81224,-43.13898,Rio de Janeiro,parked,maintenance,700,155.4
TLM00645,CUST0065,VEH0065,CONTR0065,2026-08-27T19:57:00,SYNTHETIC,59883,3706,2500,0,148.2,57.6,48.5,34,50.5,324.5,51,,300,0,-22.92486,-43.23558,Rio de Janeiro,charging,km_limit,2500,148.2
TLM00646,CUST0065,VEH0065,CONTR0065,2026-09-03T20:35:00,SYNTHETIC,60702,3279,2500,0,131.2,30.6,43.9,33,86.0,261.3,37,,218,0,-22.82999,-43.12262,Rio de Janeiro,moving,none,2500,131.2
TLM00647,CUST0065,VEH0065,CONTR0065,2026-09-10T06:32:00,SYNTHETIC,61716,4058,2500,0,162.3,36.4,6.4,286,10.6,363.1,49,,289,0,-22.87101,-43.22923,Rio de Janeiro,moving,low_fuel,2500,162.3
TLM00648,CUST0065,VEH0065,CONTR0065,2026-09-17T14:29:00,SYNTHETIC,62208,1970,2500,530,78.8,33.3,12.5,71,22.5,176.5,62,,365,0,-22.9124,-43.21031,Rio de Janeiro,moving,low_fuel,2500,78.8
TLM00649,CUST0065,VEH0065,CONTR0065,2026-09-24T15:29:00,SYNTHETIC,62818,2442,2500,58,97.7,49.8,43.0,25,51.8,186.3,63,,371,0,-22.86711,-43.15994,Rio de Janeiro,parked,none,700,97.7
TLM00650,CUST0065,VEH0065,CONTR0065,2026-10-01T18:48:00,SYNTHETIC,63607,3156,2500,0,126.2,52.7,49.6,28,56.4,261.9,81,,477,0,-22.9115,-43.08843,Rio de Janeiro,moving,low_fuel,1000,126.2
TLM00651,CUST0066,VEH0066,CONTR0066,2026-07-30T18:24:00,SYNTHETIC,70661,644,800,156,80.5,30.5,54.7,5,107.7,62.6,29,,159,0,-3.7878,-38.6032,Fortaleza,parked,km_limit,2500,80.5
TLM00652,CUST0066,VEH0066,CONTR0066,2026-08-06T15:25:00,SYNTHETIC,70827,665,800,135,83.1,54.4,42.8,7,47.2,59.9,90,,495,0,-3.7966,-38.6044,Fortaleza,moving,none,4000,83.1
TLM00653,CUST0066,VEH0066,CONTR0066,2026-08-13T07:15:00,SYNTHETIC,71001,698,800,102,87.2,43.9,28.8,11,39.4,68.4,74,,407,0,-3.68408,-38.46349,Fortaleza,parked,km_limit,700,87.2
TLM00654,CUST0066,VEH0066,CONTR0066,2026-08-20T15:22:00,SYNTHETIC,71162,646,800,154,80.8,43.8,24.9,11,34.2,60.6,70,,385,0,-3.70434,-38.51876,Fortaleza,moving,maintenance,350,80.8
TLM00655,CUST0066,VEH0066,CONTR0066,2026-08-27T09:09:00,SYNTHETIC,71347,741,800,59,92.6,30.3,22.2,15,44.0,64.9,79,,434,0,-3.71663,-38.51717,Fortaleza,moving,none,700,92.6
TLM00656,CUST0066,VEH0066,CONTR0066,2026-09-03T16:18:00,SYNTHETIC,71525,715,800,85,89.4,40.6,28.0,11,41.3,62.9,93,,511,0,-3.77685,-38.47882,Fortaleza,parked,none,1500,89.4
TLM00657,CUST0066,VEH0066,CONTR0066,2026-09-10T22:04:00,SYNTHETIC,71707,731,800,69,91.4,42.7,31.2,10,43.8,68.7,85,,467,0,-3.67594,-38.58249,Fortaleza,parked,low_fuel,4000,91.4
TLM00658,CUST0066,VEH0066,CONTR0066,2026-09-17T18:17:00,SYNTHETIC,71888,725,800,75,90.6,52.9,37.1,8,42.1,61.3,40,,220,0,-3.77262,-38.60032,Fortaleza,moving,maintenance,350,90.6
TLM00659,CUST0066,VEH0066,CONTR0066,2026-09-24T14:58:00,SYNTHETIC,72053,663,800,137,82.9,47.4,26.5,11,33.5,64.3,34,,187,0,-3.80202,-38.44846,Fortaleza,moving,maintenance,1500,82.9
TLM00660,CUST0066,VEH0066,CONTR0066,2026-10-01T09:05:00,SYNTHETIC,72234,727,800,73,90.9,54.8,16.7,19,18.3,71.6,36,,198,0,-3.72861,-38.47715,Fortaleza,moving,km_limit,4000,90.9
TLM00661,CUST0067,VEH0067,CONTR0067,2026-07-30T16:33:00,SYNTHETIC,54005,927,1800,873,51.5,60.5,18.6,22,18.5,83.1,57,,332,0,-3.79117,-38.51055,Fortaleza,parked,low_fuel,4000,51.5
TLM00662,CUST0067,VEH0067,CONTR0067,2026-08-06T21:17:00,SYNTHETIC,54190,740,1800,1060,41.1,37.5,35.1,9,56.2,70.8,43,,250,0,-3.76357,-38.53825,Fortaleza,parked,km_limit,350,41.1
TLM00663,CUST0067,VEH0067,CONTR0067,2026-08-13T10:35:00,SYNTHETIC,54404,856,1800,944,47.6,41.8,52.7,7,75.7,72.9,47,,274,0,-3.78029,-38.4943,Fortaleza,parked,low_fuel,350,47.6
TLM00664,CUST0067,VEH0067,CONTR0067,2026-08-20T18:26:00,SYNTHETIC,54550,586,1800,1214,32.6,58.8,51.4,5,52.4,54.0,79,,460,0,-3.72542,-38.57181,Fortaleza,moving,km_limit,1000,32.6
TLM00665,CUST0067,VEH0067,CONTR0067,2026-08-27T19:09:00,SYNTHETIC,54749,798,1800,1002,44.3,60.2,38.5,9,38.3,74.6,22,,128,0,-3.74979,-38.46312,Fortaleza,moving,km_limit,1500,44.3
TLM00666,CUST0067,VEH0067,CONTR0067,2026-09-03T18:27:00,SYNTHETIC,54912,655,1800,1145,36.4,38.5,29.8,9,46.5,63.8,65,,378,0,-3.68016,-38.57383,Fortaleza,parked,none,2500,36.4
TLM00667,CUST0067,VEH0067,CONTR0067,2026-09-10T08:50:00,SYNTHETIC,55046,538,1800,1262,29.9,33.4,22.0,11,39.6,46.5,25,,145,0,-3.69808,-38.59565,Fortaleza,parked,none,350,29.9
TLM00668,CUST0067,VEH0067,CONTR0067,2026-09-17T21:11:00,SYNTHETIC,55284,953,1800,847,52.9,59.8,44.9,9,45.1,87.8,34,,198,0,-3.81084,-38.57303,Fortaleza,parked,none,350,52.9
TLM00669,CUST0067,VEH0067,CONTR0067,2026-09-24T15:21:00,SYNTHETIC,55491,830,1800,970,46.1,59.2,40.3,9,40.8,76.0,26,,151,0,-3.80007,-38.46025,Fortaleza,moving,none,350,46.1
TLM00670,CUST0067,VEH0067,CONTR0067,2026-10-01T14:37:00,SYNTHETIC,55607,467,1800,1333,25.9,28.0,51.2,4,109.7,43.8,65,,378,0,-3.76944,-38.48576,Fortaleza,moving,none,1500,25.9
TLM00671,CUST0068,VEH0068,CONTR0068,2026-07-30T13:44:00,SYNTHETIC,42510,913,800,0,114.1,57.0,13.7,30,14.4,75.6,80,,512,0,-19.94542,-43.92216,Belo Horizonte,moving,km_limit,350,114.1
TLM00672,CUST0068,VEH0068,CONTR0068,2026-08-06T13:50:00,SYNTHETIC,42738,915,800,0,114.4,43.4,52.6,7,72.8,69.0,66,,423,0,-19.83327,-43.93561,Belo Horizonte,moving,low_fuel,1500,114.4
TLM00673,CUST0068,VEH0068,CONTR0068,2026-08-13T20:08:00,SYNTHETIC,42953,863,800,0,107.9,33.3,9.9,39,17.8,68.9,30,,192,0,-19.96692,-43.97335,Belo Horizonte,parked,none,700,107.9
TLM00674,CUST0068,VEH0068,CONTR0068,2026-08-20T15:59:00,SYNTHETIC,43186,932,800,0,116.5,52.4,27.3,15,31.3,67.6,85,,544,0,-19.87735,-43.84181,Belo Horizonte,parked,maintenance,4000,116.5
TLM00675,CUST0068,VEH0068,CONTR0068,2026-08-27T21:29:00,SYNTHETIC,43411,902,800,0,112.8,39.7,8.4,48,12.7,75.6,47,,301,0,-19.88548,-43.9215,Belo Horizonte,parked,none,1500,112.8
TLM00676,CUST0068,VEH0068,CONTR0068,2026-09-03T11:00:00,SYNTHETIC,43626,861,800,0,107.6,39.1,53.4,7,81.9,66.5,55,,352,0,-19.85174,-43.95883,Belo Horizonte,moving,low_fuel,2500,107.6
TLM00677,CUST0068,VEH0068,CONTR0068,2026-09-10T14:58:00,SYNTHETIC,43871,980,800,0,122.5,39.4,8.1,55,12.3,71.3,80,,512,0,-19.95845,-43.95622,Belo Horizonte,moving,km_limit,2500,122.5
TLM00678,CUST0068,VEH0068,CONTR0068,2026-09-17T22:12:00,SYNTHETIC,44095,897,800,0,112.1,39.7,36.1,11,54.7,68.1,28,,179,0,-19.95704,-43.9319,Belo Horizonte,parked,low_fuel,1500,112.1
TLM00679,CUST0068,VEH0068,CONTR0068,2026-09-24T19:49:00,SYNTHETIC,44325,920,800,0,115.0,46.0,49.6,8,64.6,79.3,93,,596,0,-19.83884,-43.85706,Belo Horizonte,parked,none,2500,115.0
TLM00680,CUST0068,VEH0068,CONTR0068,2026-10-01T08:30:00,SYNTHETIC,44556,927,800,0,115.9,46.3,43.0,9,55.7,66.1,57,,365,0,-19.85808,-43.91834,Belo Horizonte,parked,km_limit,350,115.9
TLM00681,CUST0069,VEH0069,CONTR0069,2026-07-30T07:52:00,SYNTHETIC,80079,480,1500,1020,32.0,38.7,35.0,6,54.2,45.3,53,,306,0,-22.9611,-47.01655,Campinas,moving,low_fuel,4000,32.0
TLM00682,CUST0069,VEH0069,CONTR0069,2026-08-06T06:27:00,SYNTHETIC,80203,496,1500,1004,33.1,46.0,8.0,28,10.4,51.6,72,,416,0,-22.99018,-47.14907,Campinas,parked,km_limit,700,33.1
TLM00683,CUST0069,VEH0069,CONTR0069,2026-08-13T07:31:00,SYNTHETIC,80359,624,1500,876,41.6,58.6,52.1,5,53.3,53.7,54,,312,0,-22.8396,-47.1271,Campinas,parked,low_fuel,2500,41.6
TLM00684,CUST0069,VEH0069,CONTR0069,2026-08-20T11:34:00,SYNTHETIC,80485,507,1500,993,33.8,31.9,17.5,13,32.9,53.1,86,,497,0,-22.89284,-47.15898,Campinas,parked,none,4000,33.8
TLM00685,CUST0069,VEH0069,CONTR0069,2026-08-27T15:42:00,SYNTHETIC,80616,526,1500,974,35.1,36.4,29.5,8,48.7,46.1,48,,277,0,-22.95669,-47.13535,Campinas,parked,low_fuel,700,35.1
TLM00686,CUST0069,VEH0069,CONTR0069,2026-09-03T08:04:00,SYNTHETIC,80794,715,1500,785,47.7,40.3,43.5,7,64.8,65.3,84,,486,0,-22.84057,-47.02153,Campinas,parked,maintenance,4000,47.7
TLM00687,CUST0069,VEH0069,CONTR0069,2026-09-10T20:21:00,SYNTHETIC,80887,372,1500,1128,24.8,36.1,44.2,3,73.3,37.6,49,,283,0,-22.97839,-47.03869,Campinas,parked,none,700,24.8
TLM00688,CUST0069,VEH0069,CONTR0069,2026-09-17T08:22:00,SYNTHETIC,81034,591,1500,909,39.4,32.2,38.7,6,72.3,53.8,25,,144,0,-22.9696,-47.03219,Campinas,parked,low_fuel,1000,39.4
TLM00689,CUST0069,VEH0069,CONTR0069,2026-09-24T10:21:00,SYNTHETIC,81156,489,1500,1011,32.6,28.6,50.8,4,106.5,49.5,26,,150,0,-22.97217,-47.03082,Campinas,parked,none,350,32.6
TLM00690,CUST0069,VEH0069,CONTR0069,2026-10-01T22:49:00,SYNTHETIC,81305,597,1500,903,39.8,59.4,36.9,7,37.3,51.6,64,,370,0,-22.86793,-47.12727,Campinas,moving,none,1500,39.8
TLM00691,CUST0070,VEH0070,CONTR0070,2026-07-30T21:35:00,SYNTHETIC,68723,1440,1200,0,120.0,53.4,9.3,70,10.4,105.9,44,,210,0,-22.82781,-47.07634,Campinas,parked,low_fuel,4000,120.0
TLM00692,CUST0070,VEH0070,CONTR0070,2026-08-06T17:41:00,SYNTHETIC,68950,909,1200,291,75.8,29.4,28.2,14,57.5,54.8,60,,287,0,-22.89694,-47.01834,Campinas,moving,low_fuel,350,75.8
TLM00693,CUST0070,VEH0070,CONTR0070,2026-08-13T09:37:00,SYNTHETIC,69204,1017,1200,183,84.8,43.8,12.6,36,17.2,62.6,81,,387,0,-22.92942,-47.0592,Campinas,maintenance,low_fuel,2500,84.8
TLM00694,CUST0070,VEH0070,CONTR0070,2026-08-20T19:18:00,SYNTHETIC,69553,1396,1200,0,116.3,39.6,36.6,17,55.5,84.7,55,,263,0,-22.94491,-47.12125,Campinas,parked,none,700,116.3
TLM00695,CUST0070,VEH0070,CONTR0070,2026-08-27T19:04:00,SYNTHETIC,69888,1340,1200,0,111.7,61.9,40.1,15,38.8,95.4,34,,162,0,-22.79512,-47.08009,Campinas,parked,none,1000,111.7
TLM00696,CUST0070,VEH0070,CONTR0070,2026-09-03T10:59:00,SYNTHETIC,70240,1408,1200,0,117.3,41.8,7.3,87,10.4,90.2,38,,182,0,-22.86715,-47.04237,Campinas,moving,none,4000,117.3
TLM00697,CUST0070,VEH0070,CONTR0070,2026-09-10T12:37:00,SYNTHETIC,70447,830,1200,370,69.2,61.1,43.6,8,42.8,53.5,30,,143,0,-22.82308,-47.10126,Campinas,moving,maintenance,700,69.2
TLM00698,CUST0070,VEH0070,CONTR0070,2026-09-17T15:58:00,SYNTHETIC,70822,1503,1200,0,125.2,46.7,32.5,21,41.8,107.8,85,,407,0,-22.86276,-47.09069,Campinas,parked,low_fuel,2500,125.2
TLM00699,CUST0070,VEH0070,CONTR0070,2026-09-24T07:08:00,SYNTHETIC,71177,1421,1200,0,118.4,29.4,51.0,12,104.2,93.6,57,,273,0,-22.94014,-46.98646,Campinas,parked,low_fuel,1000,118.4
TLM00700,CUST0070,VEH0070,CONTR0070,2026-10-01T11:37:00,SYNTHETIC,71383,824,1200,376,68.7,44.2,29.0,12,39.3,53.6,84,,402,0,-22.80079,-46.9951,Campinas,moving,none,350,68.7
TLM00701,CUST0071,VEH0071,CONTR0071,2026-07-30T12:46:00,SYNTHETIC,49245,1836,2500,664,73.4,50.0,33.9,24,40.6,171.1,95,,553,0,-19.87298,-43.97004,Belo Horizonte,charging,km_limit,350,73.4
TLM00702,CUST0071,VEH0071,CONTR0071,2026-08-06T12:31:00,SYNTHETIC,50038,3175,2500,0,127.0,45.3,54.5,26,72.1,248.3,81,,472,0,-19.89868,-43.98764,Belo Horizonte,moving,maintenance,1000,127.0
TLM00703,CUST0071,VEH0071,CONTR0071,2026-08-13T15:17:00,SYNTHETIC,50737,2796,2500,0,111.8,34.5,31.9,39,55.3,235.1,66,,384,0,-19.94645,-43.86016,Belo Horizonte,moving,km_limit,2500,111.8
TLM00704,CUST0071,VEH0071,CONTR0071,2026-08-20T14:44:00,SYNTHETIC,51317,2321,2500,179,92.8,50.0,30.4,34,36.4,220.7,66,,384,0,-19.96578,-43.96764,Belo Horizonte,parked,none,2500,92.8
TLM00705,CUST0071,VEH0071,CONTR0071,2026-08-27T08:43:00,SYNTHETIC,51752,1743,2500,757,69.7,50.8,12.5,63,14.7,137.4,46,,268,0,-19.92313,-43.8427,Belo Horizonte,moving,none,4000,69.7
TLM00706,CUST0071,VEH0071,CONTR0071,2026-09-03T16:13:00,SYNTHETIC,52184,1729,2500,771,69.2,28.1,16.3,48,34.8,138.4,16,,93,0,-19.91476,-43.97362,Belo Horizonte,parked,none,1500,69.2
TLM00707,CUST0071,VEH0071,CONTR0071,2026-09-10T20:42:00,SYNTHETIC,52621,1749,2500,751,70.0,40.5,53.9,14,79.8,148.1,81,,472,0,-19.95404,-43.89553,Belo Horizonte,moving,none,4000,70.0
TLM00708,CUST0071,VEH0071,CONTR0071,2026-09-17T19:03:00,SYNTHETIC,53169,2192,2500,308,87.7,57.6,48.0,20,50.1,196.5,77,,448,0,-19.94595,-43.92781,Belo Horizonte,moving,none,1500,87.7
TLM00709,CUST0071,VEH0071,CONTR0071,2026-09-24T15:09:00,SYNTHETIC,53923,3016,2500,0,120.6,56.3,42.7,32,45.4,263.1,41,,239,0,-19.94094,-43.96881,Belo Horizonte,parked,none,1500,120.6
TLM00710,CUST0071,VEH0071,CONTR0071,2026-10-01T20:12:00,SYNTHETIC,54528,2423,2500,77,96.9,53.9,9.2,119,10.2,208.4,53,,308,0,-19.87614,-43.95304,Belo Horizonte,parked,none,4000,96.9
TLM00711,CUST0072,VEH0072,CONTR0072,2026-07-30T18:14:00,SYNTHETIC,56439,975,1200,225,81.2,44.3,27.5,16,37.2,81.8,45,,256,0,-22.80356,-47.08017,Campinas,parked,km_limit,4000,81.2
TLM00712,CUST0072,VEH0072,CONTR0072,2026-08-06T22:51:00,SYNTHETIC,56653,859,1200,341,71.6,37.1,24.2,16,39.1,74.0,27,,153,0,-22.91177,-47.10386,Campinas,moving,low_fuel,1000,71.6
TLM00713,CUST0072,VEH0072,CONTR0072,2026-08-13T22:58:00,SYNTHETIC,57055,1610,1200,0,134.2,31.6,50.0,14,94.9,138.6,46,,262,0,-22.93213,-47.08892,Campinas,parked,maintenance,4000,134.2
TLM00714,CUST0072,VEH0072,CONTR0072,2026-08-20T06:30:00,SYNTHETIC,57270,863,1200,337,71.9,28.7,43.7,8,91.4,82.4,68,,387,0,-22.93045,-47.1511,Campinas,moving,none,2500,71.9
TLM00715,CUST0072,VEH0072,CONTR0072,2026-08-27T17:06:00,SYNTHETIC,57628,1432,1200,0,119.3,36.5,45.4,14,74.6,131.9,95,,541,0,-22.90061,-47.06851,Campinas,parked,low_fuel,1500,119.3
TLM00716,CUST0072,VEH0072,CONTR0072,2026-09-03T13:27:00,SYNTHETIC,57884,1026,1200,174,85.5,57.2,23.5,19,24.7,97.7,83,,473,0,-22.8082,-47.16582,Campinas,moving,km_limit,1000,85.5
TLM00717,CUST0072,VEH0072,CONTR0072,2026-09-10T08:06:00,SYNTHETIC,58196,1248,1200,0,104.0,32.7,26.1,21,48.0,102.7,74,,421,0,-22.85245,-47.0123,Campinas,parked,maintenance,1500,104.0
TLM00718,CUST0072,VEH0072,CONTR0072,2026-09-17T19:07:00,SYNTHETIC,58408,851,1200,349,70.9,53.1,16.7,23,18.9,70.9,47,,267,0,-22.80279,-47.06557,Campinas,parked,maintenance,350,70.9
TLM00719,CUST0072,VEH0072,CONTR0072,2026-09-24T13:02:00,SYNTHETIC,58795,1551,1200,0,129.2,31.2,51.3,13,98.6,143.6,26,,148,0,-22.88524,-47.12412,Campinas,moving,low_fuel,1000,129.2
TLM00720,CUST0072,VEH0072,CONTR0072,2026-10-01T09:05:00,SYNTHETIC,59151,1425,1200,0,118.8,52.8,51.4,12,58.4,128.8,42,,239,0,-22.88081,-47.13176,Campinas,parked,none,1500,118.8
TLM00721,CUST0073,VEH0073,CONTR0073,2026-07-30T09:40:00,SYNTHETIC,5181,679,800,121,84.9,39.9,23.5,13,35.4,65.9,36,,188,0,-25.40679,-49.20945,Curitiba,moving,low_fuel,350,84.9
TLM00722,CUST0073,VEH0073,CONTR0073,2026-08-06T15:29:00,SYNTHETIC,5406,900,800,0,112.5,36.0,8.2,49,13.7,82.5,41,,214,0,-25.48846,-49.24431,Curitiba,parked,none,700,112.5
TLM00723,CUST0073,VEH0073,CONTR0073,2026-08-13T10:44:00,SYNTHETIC,5520,457,800,343,57.1,52.7,41.5,5,47.2,43.6,53,,277,0,-25.48814,-49.17203,Curitiba,parked,km_limit,4000,57.1
TLM00724,CUST0073,VEH0073,CONTR0073,2026-08-20T11:13:00,SYNTHETIC,5631,444,800,356,55.5,40.7,32.1,6,47.3,45.1,68,,355,0,-25.48655,-49.24981,Curitiba,parked,none,350,55.5
TLM00725,CUST0073,VEH0073,CONTR0073,2026-08-27T16:56:00,SYNTHETIC,5838,831,800,0,103.9,33.7,41.0,9,73.1,84.9,82,,428,0,-25.42577,-49.18362,Curitiba,parked,maintenance,2500,103.9
TLM00726,CUST0073,VEH0073,CONTR0073,2026-09-03T14:38:00,SYNTHETIC,6040,809,800,0,101.1,35.3,28.0,13,47.6,74.0,71,,371,0,-25.464,-49.19887,Curitiba,parked,none,1000,101.1
TLM00727,CUST0073,VEH0073,CONTR0073,2026-09-10T10:57:00,SYNTHETIC,6152,451,800,349,56.4,41.8,24.4,8,35.0,44.5,26,,135,0,-25.48965,-49.1983,Curitiba,parked,none,2500,56.4
TLM00728,CUST0073,VEH0073,CONTR0073,2026-09-17T11:34:00,SYNTHETIC,6382,920,800,0,115.0,47.0,25.3,16,32.3,92.8,32,,167,0,-25.35813,-49.18839,Curitiba,moving,maintenance,350,115.0
TLM00729,CUST0073,VEH0073,CONTR0073,2026-09-24T16:33:00,SYNTHETIC,6499,468,800,332,58.5,57.2,32.6,6,34.2,41.9,83,,434,0,-25.41225,-49.27467,Curitiba,moving,none,2500,58.5
TLM00730,CUST0073,VEH0073,CONTR0073,2026-10-01T13:44:00,SYNTHETIC,6628,516,800,284,64.5,34.1,27.0,8,47.5,54.1,41,,214,0,-25.39646,-49.23335,Curitiba,parked,low_fuel,700,64.5
TLM00731,CUST0074,VEH0074,CONTR0074,2026-07-30T14:54:00,SYNTHETIC,14838,1902,1800,0,105.7,49.6,9.9,87,12.0,165.9,73,,449,0,-3.79281,-38.63888,Fortaleza,moving,low_fuel,700,105.7
TLM00732,CUST0074,VEH0074,CONTR0074,2026-08-06T11:48:00,SYNTHETIC,15158,1280,1800,520,71.1,50.6,7.2,80,8.5,112.7,18,,110,0,-3.72809,-38.54225,Fortaleza,moving,none,350,71.1
TLM00733,CUST0074,VEH0074,CONTR0074,2026-08-13T07:50:00,SYNTHETIC,15738,2321,1800,0,128.9,44.3,45.5,23,61.5,190.1,83,,511,0,-3.7459,-38.4892,Fortaleza,moving,none,4000,128.9
TLM00734,CUST0074,VEH0074,CONTR0074,2026-08-20T15:16:00,SYNTHETIC,16106,1473,1800,327,81.8,40.0,24.6,27,36.8,112.7,79,,486,0,-3.82136,-38.55686,Fortaleza,moving,none,4000,81.8
TLM00735,CUST0074,VEH0074,CONTR0074,2026-08-27T15:32:00,SYNTHETIC,16678,2289,1800,0,127.2,46.4,20.1,51,26.0,190.6,24,,147,0,-3.74738,-38.63739,Fortaleza,parked,none,700,127.2
TLM00736,CUST0074,VEH0074,CONTR0074,2026-09-03T13:24:00,SYNTHETIC,17003,1301,1800,499,72.3,42.8,7.3,81,10.2,110.0,15,,92,0,-3.79158,-38.58954,Fortaleza,parked,none,4000,72.3
TLM00737,CUST0074,VEH0074,CONTR0074,2026-09-10T14:32:00,SYNTHETIC,17515,2050,1800,0,113.9,46.0,25.9,36,33.7,172.1,45,,277,0,-3.81038,-38.59272,Fortaleza,parked,none,1500,113.9
TLM00738,CUST0074,VEH0074,CONTR0074,2026-09-17T07:40:00,SYNTHETIC,17968,1814,1800,0,100.8,55.9,44.5,18,47.7,146.7,20,,123,0,-3.77168,-38.5791,Fortaleza,moving,low_fuel,2500,100.8
TLM00739,CUST0074,VEH0074,CONTR0074,2026-09-24T22:11:00,SYNTHETIC,18514,2185,1800,0,121.4,48.9,28.5,34,35.0,175.9,17,,104,0,-3.82672,-38.63447,Fortaleza,parked,low_fuel,2500,121.4
TLM00740,CUST0074,VEH0074,CONTR0074,2026-10-01T06:16:00,SYNTHETIC,19188,2699,1800,0,149.9,57.4,18.4,66,19.2,225.1,86,,529,0,-3.74675,-38.60279,Fortaleza,parked,low_fuel,2500,149.9
TLM00741,CUST0075,VEH0075,CONTR0075,2026-07-30T12:33:00,SYNTHETIC,28467,839,2000,1161,41.9,44.1,49.1,7,66.9,0.0,,56,154,6,-22.86661,-47.0557,Campinas,moving,battery_low,4000,41.9
TLM00742,CUST0075,VEH0075,CONTR0075,2026-08-06T15:26:00,SYNTHETIC,28696,918,2000,1082,45.9,32.8,25.6,16,46.8,0.0,,62,177,8,-22.92264,-47.11634,Campinas,parked,battery_low,2500,45.9
TLM00743,CUST0075,VEH0075,CONTR0075,2026-08-13T14:05:00,SYNTHETIC,28938,971,2000,1029,48.5,32.4,41.4,10,76.6,0.0,,92,250,1,-22.89634,-47.11313,Campinas,parked,battery_low,1000,48.5
TLM00744,CUST0075,VEH0075,CONTR0075,2026-08-20T13:46:00,SYNTHETIC,29210,1090,2000,910,54.5,49.5,13.7,36,16.6,0.0,,72,206,0,-22.86213,-47.06526,Campinas,parked,km_limit,700,54.5
TLM00745,CUST0075,VEH0075,CONTR0075,2026-08-27T19:50:00,SYNTHETIC,29380,680,2000,1320,34.0,60.6,50.7,6,50.1,0.0,,27,76,7,-22.92548,-47.07315,Campinas,parked,none,1500,34.0
TLM00746,CUST0075,VEH0075,CONTR0075,2026-09-03T22:33:00,SYNTHETIC,29632,1008,2000,992,50.4,45.2,51.0,8,67.7,0.0,,53,151,5,-22.9417,-46.96248,Campinas,moving,maintenance,700,50.4
TLM00747,CUST0075,VEH0075,CONTR0075,2026-09-10T07:54:00,SYNTHETIC,29908,1107,2000,893,55.4,43.8,46.8,10,64.0,0.0,,32,90,5,-22.92363,-47.08691,Campinas,moving,none,350,55.4
TLM00748,CUST0075,VEH0075,CONTR0075,2026-09-17T18:46:00,SYNTHETIC,30184,1105,2000,895,55.2,56.0,15.5,32,16.6,0.0,,92,243,5,-22.93475,-47.09702,Campinas,moving,none,4000,55.2
TLM00749,CUST0075,VEH0075,CONTR0075,2026-09-24T08:40:00,SYNTHETIC,30322,554,2000,1446,27.7,48.4,31.8,7,39.4,0.0,,40,111,3,-22.86164,-47.04084,Campinas,moving,maintenance,700,27.7
TLM00750,CUST0075,VEH0075,CONTR0075,2026-10-01T22:31:00,SYNTHETIC,30547,900,2000,1100,45.0,62.0,7.9,51,7.7,0.0,,77,224,1,-22.84891,-47.06726,Campinas,parked,battery_low,350,45.0
TLM00751,CUST0076,VEH0076,CONTR0076,2026-07-30T06:51:00,SYNTHETIC,65944,1711,2000,289,85.5,57.2,44.2,17,46.3,79.3,82,,805,0,-16.76656,-49.332,Goiânia,parked,none,194,85.5
TLM00752,CUST0076,VEH0076,CONTR0076,2026-08-06T21:16:00,SYNTHETIC,66163,879,2000,1121,44.0,32.3,35.3,11,65.4,42.3,46,,451,2,-16.65458,-49.21739,Goiânia,parked,km_limit,270,44.0
TLM00753,CUST0076,VEH0076,CONTR0076,2026-08-13T17:08:00,SYNTHETIC,66590,1711,2000,289,85.5,58.9,50.9,15,51.9,81.7,42,,412,1,-16.62952,-49.33688,Goiânia,parked,low_fuel,412,85.5
TLM00754,CUST0076,VEH0076,CONTR0076,2026-08-20T18:33:00,SYNTHETIC,66980,1562,2000,438,78.1,57.6,37.3,19,38.9,70.3,28,,274,2,-16.69488,-49.21499,Goiânia,parked,none,215,78.1
TLM00755,CUST0076,VEH0076,CONTR0076,2026-08-27T08:15:00,SYNTHETIC,67357,1511,2000,489,75.5,41.8,14.4,47,20.6,70.0,42,,412,2,-16.69905,-49.29545,Goiânia,parked,none,358,75.5
TLM00756,CUST0076,VEH0076,CONTR0076,2026-09-03T07:53:00,SYNTHETIC,67572,860,2000,1140,43.0,59.7,40.1,9,40.2,40.9,52,,510,0,-16.71257,-49.34568,Goiânia,parked,km_limit,374,43.0
TLM00757,CUST0076,VEH0076,CONTR0076,2026-09-10T10:27:00,SYNTHETIC,67822,1002,2000,998,50.1,59.8,27.0,16,27.1,48.6,20,,196,2,-16.64641,-49.3462,Goiânia,moving,none,149,50.1
TLM00758,CUST0076,VEH0076,CONTR0076,2026-09-17T06:24:00,SYNTHETIC,68061,959,2000,1041,47.9,61.7,31.5,13,30.6,40.0,64,,628,1,-16.74662,-49.27618,Goiânia,moving,low_fuel,145,47.9
TLM00759,CUST0076,VEH0076,CONTR0076,2026-09-24T11:27:00,SYNTHETIC,68436,1500,2000,500,75.0,31.4,14.6,46,27.9,62.8,58,,569,1,-16.67973,-49.27142,Goiânia,parked,maintenance,320,75.0
TLM00760,CUST0076,VEH0076,CONTR0076,2026-10-01T09:15:00,SYNTHETIC,68732,1185,2000,815,59.2,47.1,50.2,10,64.0,53.8,82,,805,1,-16.72262,-49.26036,Goiânia,parked,none,483,59.2
TLM00761,CUST0077,VEH0077,CONTR0077,2026-07-30T07:13:00,SYNTHETIC,64177,2128,2500,372,85.1,36.1,48.3,20,80.3,0.0,,95,257,8,-30.0676,-51.27241,Porto Alegre,parked,km_limit,700,85.1
TLM00762,CUST0077,VEH0077,CONTR0077,2026-08-06T11:59:00,SYNTHETIC,64739,2250,2500,250,90.0,43.4,40.0,25,55.4,0.0,,31,80,1,-30.10248,-51.17304,Porto Alegre,maintenance,none,1000,90.0
TLM00763,CUST0077,VEH0077,CONTR0077,2026-08-13T20:05:00,SYNTHETIC,65254,2062,2500,438,82.5,53.7,40.6,23,45.4,0.0,,78,212,6,-29.96274,-51.28501,Porto Alegre,parked,none,4000,82.5
TLM00764,CUST0077,VEH0077,CONTR0077,2026-08-20T22:56:00,SYNTHETIC,65790,2144,2500,356,85.8,60.4,18.2,53,18.1,0.0,,67,176,4,-30.05547,-51.23329,Porto Alegre,charging,battery_low,350,85.8
TLM00765,CUST0077,VEH0077,CONTR0077,2026-08-27T07:26:00,SYNTHETIC,66306,2065,2500,435,82.6,34.5,15.1,62,26.2,0.0,,53,133,2,-30.00545,-51.32863,Porto Alegre,parked,km_limit,1500,82.6
TLM00766,CUST0077,VEH0077,CONTR0077,2026-09-03T15:35:00,SYNTHETIC,66866,2240,2500,260,89.6,43.5,26.5,38,36.5,0.0,,28,74,2,-29.95411,-51.2164,Porto Alegre,parked,none,4000,89.6
TLM00767,CUST0077,VEH0077,CONTR0077,2026-09-10T06:53:00,SYNTHETIC,67428,2251,2500,249,90.0,48.5,23.7,43,29.4,0.0,,56,155,8,-29.974,-51.28675,Porto Alegre,moving,battery_low,700,90.0
TLM00768,CUST0077,VEH0077,CONTR0077,2026-09-17T17:34:00,SYNTHETIC,67966,2152,2500,348,86.1,50.6,54.1,18,64.2,0.0,,80,203,8,-29.99675,-51.26284,Porto Alegre,moving,km_limit,700,86.1
TLM00769,CUST0077,VEH0077,CONTR0077,2026-09-24T21:51:00,SYNTHETIC,68501,2143,2500,357,85.7,40.9,25.9,37,38.1,0.0,,34,94,3,-30.03685,-51.22478,Porto Alegre,parked,maintenance,350,85.7
TLM00770,CUST0077,VEH0077,CONTR0077,2026-10-01T10:15:00,SYNTHETIC,69018,2071,2500,429,82.8,46.0,34.0,27,44.4,0.0,,40,100,3,-30.01098,-51.2086,Porto Alegre,parked,km_limit,1000,82.8
TLM00771,CUST0078,VEH0078,CONTR0078,2026-07-30T22:27:00,SYNTHETIC,41453,3261,3000,0,108.7,29.4,7.4,199,15.2,265.7,76,,609,0,-22.90355,-46.96816,Campinas,parked,none,350,108.7
TLM00772,CUST0078,VEH0078,CONTR0078,2026-08-06T12:52:00,SYNTHETIC,42483,4121,3000,0,137.4,32.0,54.0,34,101.3,300.6,40,,320,0,-22.90171,-46.98156,Campinas,parked,low_fuel,350,137.4
TLM00773,CUST0078,VEH0078,CONTR0078,2026-08-13T08:54:00,SYNTHETIC,42951,1873,3000,1127,62.4,60.1,24.4,34,24.3,127.4,50,,401,0,-22.88157,-47.10464,Campinas,parked,low_fuel,1000,62.4
TLM00774,CUST0078,VEH0078,CONTR0078,2026-08-20T10:03:00,SYNTHETIC,43507,2224,3000,776,74.1,49.4,15.6,64,18.9,168.7,71,,569,2,-22.88281,-47.07805,Campinas,moving,low_fuel,1500,74.1
TLM00775,CUST0078,VEH0078,CONTR0078,2026-08-27T10:46:00,SYNTHETIC,43970,1853,3000,1147,61.8,44.8,27.7,30,37.1,132.2,35,,280,0,-22.93509,-46.97525,Campinas,parked,km_limit,4000,61.8
TLM00776,CUST0078,VEH0078,CONTR0078,2026-09-03T21:59:00,SYNTHETIC,44768,3192,3000,0,106.4,39.7,33.2,43,50.2,218.8,77,,617,2,-22.93809,-47.1057,Campinas,moving,low_fuel,4000,106.4
TLM00777,CUST0078,VEH0078,CONTR0078,2026-09-10T14:04:00,SYNTHETIC,45625,3430,3000,0,114.3,48.5,43.7,35,54.1,243.9,65,,521,2,-22.84436,-47.08158,Campinas,parked,maintenance,4000,114.3
TLM00778,CUST0078,VEH0078,CONTR0078,2026-09-17T09:29:00,SYNTHETIC,46130,2021,3000,979,67.4,32.5,51.6,17,95.3,146.5,36,,288,0,-22.91246,-47.10067,Campinas,moving,km_limit,1000,67.4
TLM00779,CUST0078,VEH0078,CONTR0078,2026-09-24T09:14:00,SYNTHETIC,47074,3777,3000,0,125.9,58.6,14.0,122,14.4,259.4,92,,737,0,-22.87956,-47.07525,Campinas,parked,km_limit,350,125.9
TLM00780,CUST0078,VEH0078,CONTR0078,2026-10-01T12:28:00,SYNTHETIC,47914,3361,3000,0,112.0,32.5,30.3,50,55.9,254.5,59,,473,1,-22.98772,-47.00647,Campinas,moving,none,350,112.0
TLM00781,CUST0079,VEH0079,CONTR0079,2026-07-30T18:18:00,SYNTHETIC,39893,849,800,0,106.1,52.7,14.3,27,16.2,82.0,21,,134,0,-27.61716,-48.47059,Florianópolis,moving,low_fuel,700,106.1
TLM00782,CUST0079,VEH0079,CONTR0079,2026-08-06T21:34:00,SYNTHETIC,40056,653,800,147,81.6,61.8,17.6,16,17.1,58.4,47,,300,0,-27.68147,-48.6036,Florianópolis,parked,km_limit,350,81.6
TLM00783,CUST0079,VEH0079,CONTR0079,2026-08-13T08:56:00,SYNTHETIC,40298,971,800,0,121.4,50.7,14.3,30,17.0,86.5,16,,102,0,-27.62015,-48.49498,Florianópolis,parked,low_fuel,700,121.4
TLM00784,CUST0079,VEH0079,CONTR0079,2026-08-20T16:47:00,SYNTHETIC,40447,596,800,204,74.5,49.4,18.8,14,22.8,61.5,68,,435,0,-27.56604,-48.50078,Florianópolis,parked,maintenance,700,74.5
TLM00785,CUST0079,VEH0079,CONTR0079,2026-08-27T22:11:00,SYNTHETIC,40635,753,800,47,94.1,53.8,48.5,7,54.1,67.7,84,,537,0,-27.61184,-48.46693,Florianópolis,parked,none,700,94.1
TLM00786,CUST0079,VEH0079,CONTR0079,2026-09-03T19:25:00,SYNTHETIC,40808,692,800,108,86.5,47.5,28.0,11,35.4,68.9,78,,499,0,-27.58988,-48.46717,Florianópolis,parked,maintenance,4000,86.5
TLM00787,CUST0079,VEH0079,CONTR0079,2026-09-10T10:55:00,SYNTHETIC,41036,915,800,0,114.4,41.7,52.0,8,74.8,82.4,66,,422,0,-27.57202,-48.56787,Florianópolis,moving,low_fuel,2500,114.4
TLM00788,CUST0079,VEH0079,CONTR0079,2026-09-17T11:05:00,SYNTHETIC,41240,817,800,0,102.1,30.9,47.2,7,91.7,72.7,95,,608,0,-27.54006,-48.51768,Florianópolis,parked,none,1000,102.1
TLM00789,CUST0079,VEH0079,CONTR0079,2026-09-24T10:46:00,SYNTHETIC,41363,493,800,307,61.6,39.4,54.5,4,82.9,51.0,48,,307,0,-27.68714,-48.52207,Florianópolis,parked,maintenance,1500,61.6
TLM00790,CUST0079,VEH0079,CONTR0079,2026-10-01T14:15:00,SYNTHETIC,41495,528,800,272,66.0,47.4,22.0,10,27.9,49.2,73,,467,0,-27.63001,-48.52885,Florianópolis,moving,none,2500,66.0
TLM00791,CUST0080,VEH0080,CONTR0080,2026-07-30T13:42:00,SYNTHETIC,77745,4341,3000,0,144.7,60.4,12.2,161,12.1,398.0,57,,349,0,-22.88988,-43.20862,Rio de Janeiro,parked,maintenance,350,144.7
TLM00792,CUST0080,VEH0080,CONTR0080,2026-08-06T22:35:00,SYNTHETIC,78730,3943,3000,0,131.4,36.5,53.5,33,87.9,343.5,53,,325,0,-22.92384,-43.17436,Rio de Janeiro,moving,none,2500,131.4
TLM00793,CUST0080,VEH0080,CONTR0080,2026-08-13T20:05:00,SYNTHETIC,79542,3248,3000,0,108.3,46.6,28.4,51,36.6,291.8,19,,116,0,-22.96745,-43.24927,Rio de Janeiro,parked,low_fuel,4000,108.3
TLM00794,CUST0080,VEH0080,CONTR0080,2026-08-20T20:17:00,SYNTHETIC,80321,3116,3000,0,103.9,41.3,15.6,90,22.7,277.8,38,,233,0,-22.96369,-43.26544,Rio de Janeiro,parked,maintenance,350,103.9
TLM00795,CUST0080,VEH0080,CONTR0080,2026-08-27T10:54:00,SYNTHETIC,81308,3950,3000,0,131.7,50.6,28.6,62,33.9,341.6,78,,478,0,-22.92478,-43.13147,Rio de Janeiro,parked,maintenance,1500,131.7
TLM00796,CUST0080,VEH0080,CONTR0080,2026-09-03T07:50:00,SYNTHETIC,82295,3948,3000,0,131.6,33.2,46.9,38,84.6,322.0,88,,540,0,-22.92163,-43.227,Rio de Janeiro,parked,km_limit,700,131.6
TLM00797,CUST0080,VEH0080,CONTR0080,2026-09-10T06:42:00,SYNTHETIC,83072,3108,3000,0,103.6,34.3,36.6,38,64.0,249.1,21,,128,0,-22.88141,-43.22026,Rio de Janeiro,maintenance,none,4000,103.6
TLM00798,CUST0080,VEH0080,CONTR0080,2026-09-17T11:17:00,SYNTHETIC,83837,3062,3000,0,102.1,49.1,39.6,35,48.4,262.6,18,,110,0,-22.8806,-43.24977,Rio de Janeiro,parked,none,4000,102.1
TLM00799,CUST0080,VEH0080,CONTR0080,2026-09-24T12:08:00,SYNTHETIC,84912,4300,3000,0,143.3,37.1,14.9,130,24.2,365.5,73,,448,0,-22.96808,-43.14748,Rio de Janeiro,moving,km_limit,2500,143.3
TLM00800,CUST0080,VEH0080,CONTR0080,2026-10-01T18:53:00,SYNTHETIC,85846,3738,3000,0,124.6,49.6,12.5,135,15.2,318.3,88,,540,0,-22.88594,-43.13931,Rio de Janeiro,moving,low_fuel,1000,124.6
TLM00801,CUST0081,VEH0081,CONTR0081,2026-07-30T16:46:00,SYNTHETIC,18857,1379,2500,1121,55.2,33.6,9.9,63,17.7,154.6,56,,333,0,-19.84879,-43.98133,Belo Horizonte,parked,maintenance,700,55.2
TLM00802,CUST0081,VEH0081,CONTR0081,2026-08-06T13:21:00,SYNTHETIC,19202,1383,2500,1117,55.3,33.7,34.2,18,60.9,146.8,90,,536,0,-19.92233,-43.93359,Belo Horizonte,parked,low_fuel,700,55.3
TLM00803,CUST0081,VEH0081,CONTR0081,2026-08-13T06:41:00,SYNTHETIC,19511,1236,2500,1264,49.4,61.7,30.7,18,29.9,135.4,65,,387,0,-19.92875,-44.0166,Belo Horizonte,parked,none,1000,49.4
TLM00804,CUST0081,VEH0081,CONTR0081,2026-08-20T06:12:00,SYNTHETIC,20011,2003,2500,497,80.1,39.0,35.9,25,55.2,227.9,51,,303,0,-19.95803,-43.95895,Belo Horizonte,parked,none,1000,80.1
TLM00805,CUST0081,VEH0081,CONTR0081,2026-08-27T11:03:00,SYNTHETIC,20525,2057,2500,443,82.3,56.0,9.7,96,10.3,237.4,76,,452,0,-19.97523,-43.92538,Belo Horizonte,moving,km_limit,2500,82.3
TLM00806,CUST0081,VEH0081,CONTR0081,2026-09-03T16:18:00,SYNTHETIC,20837,1251,2500,1249,50.0,55.0,10.2,55,11.1,131.7,65,,387,0,-19.9345,-44.00638,Belo Horizonte,moving,none,1000,50.0
TLM00807,CUST0081,VEH0081,CONTR0081,2026-09-10T22:06:00,SYNTHETIC,21110,1093,2500,1407,43.7,52.8,23.9,20,27.2,127.4,68,,405,0,-19.96899,-43.99046,Belo Horizonte,parked,low_fuel,1500,43.7
TLM00808,CUST0081,VEH0081,CONTR0081,2026-09-17T08:02:00,SYNTHETIC,21364,1018,2500,1482,40.7,60.6,19.0,24,18.8,117.8,28,,166,0,-19.88288,-44.03029,Belo Horizonte,parked,low_fuel,1000,40.7
TLM00809,CUST0081,VEH0081,CONTR0081,2026-09-24T10:48:00,SYNTHETIC,21766,1610,2500,890,64.4,61.9,40.1,18,38.9,175.1,86,,512,0,-19.93061,-44.01519,Belo Horizonte,moving,maintenance,350,64.4
TLM00810,CUST0081,VEH0081,CONTR0081,2026-10-01T19:26:00,SYNTHETIC,22265,1997,2500,503,79.9,45.9,48.0,18,62.7,209.6,35,,208,0,-19.99775,-44.00675,Belo Horizonte,parked,none,700,79.9
TLM00811,CUST0082,VEH0082,CONTR0082,2026-07-30T16:32:00,SYNTHETIC,71674,1177,2000,823,58.9,53.6,32.4,16,36.2,97.0,36,,200,0,-23.59675,-46.58189,São Paulo,parked,km_limit,700,58.9
TLM00812,CUST0082,VEH0082,CONTR0082,2026-08-06T15:11:00,SYNTHETIC,71999,1300,2000,700,65.0,39.5,34.8,16,52.8,122.5,55,,306,0,-23.5704,-46.65169,São Paulo,parked,low_fuel,4000,65.0
TLM00813,CUST0082,VEH0082,CONTR0082,2026-08-13T06:56:00,SYNTHETIC,72220,886,2000,1114,44.3,30.8,40.0,10,77.8,83.8,18,,100,0,-23.64442,-46.67547,São Paulo,moving,low_fuel,700,44.3
TLM00814,CUST0082,VEH0082,CONTR0082,2026-08-20T09:51:00,SYNTHETIC,72569,1396,2000,604,69.8,47.9,49.0,12,61.4,110.1,45,,250,0,-23.59856,-46.64964,São Paulo,moving,low_fuel,700,69.8
TLM00815,CUST0082,VEH0082,CONTR0082,2026-08-27T11:43:00,SYNTHETIC,72840,1087,2000,913,54.4,44.3,31.6,15,42.7,96.2,69,,384,0,-23.63466,-46.6519,São Paulo,parked,low_fuel,2500,54.4
TLM00816,CUST0082,VEH0082,CONTR0082,2026-09-03T13:27:00,SYNTHETIC,73161,1284,2000,716,64.2,41.0,34.7,16,50.8,121.7,77,,428,0,-23.57888,-46.59845,São Paulo,parked,km_limit,700,64.2
TLM00817,CUST0082,VEH0082,CONTR0082,2026-09-10T11:58:00,SYNTHETIC,73586,1700,2000,300,85.0,49.9,13.3,57,16.0,132.1,61,,339,0,-23.59171,-46.66696,São Paulo,charging,low_fuel,2500,85.0
TLM00818,CUST0082,VEH0082,CONTR0082,2026-09-17T12:53:00,SYNTHETIC,73907,1285,2000,715,64.2,55.4,14.5,40,15.7,111.7,28,,155,0,-23.64065,-46.66839,São Paulo,moving,none,4000,64.2
TLM00819,CUST0082,VEH0082,CONTR0082,2026-09-24T08:33:00,SYNTHETIC,74305,1594,2000,406,79.7,28.2,20.9,34,44.5,126.2,63,,350,0,-23.61156,-46.65844,São Paulo,moving,none,4000,79.7
TLM00820,CUST0082,VEH0082,CONTR0082,2026-10-01T08:42:00,SYNTHETIC,74673,1473,2000,527,73.7,43.7,7.2,93,9.9,118.5,75,,417,0,-23.57776,-46.57451,São Paulo,parked,maintenance,1500,73.7
TLM00821,CUST0083,VEH0083,CONTR0083,2026-07-30T18:09:00,SYNTHETIC,68525,2406,2500,94,96.2,36.9,53.7,20,87.4,222.2,49,,264,0,-12.92796,-38.40302,Salvador,moving,none,1500,96.2
TLM00822,CUST0083,VEH0083,CONTR0083,2026-08-06T13:46:00,SYNTHETIC,69200,2703,2500,0,108.1,45.4,44.0,27,58.2,255.0,73,,394,0,-13.04964,-38.54526,Salvador,parked,low_fuel,1500,108.1
TLM00823,CUST0083,VEH0083,CONTR0083,2026-08-13T12:28:00,SYNTHETIC,69923,2895,2500,0,115.8,60.7,37.6,34,37.2,247.0,73,,394,0,-12.94005,-38.43723,Salvador,parked,none,4000,115.8
TLM00824,CUST0083,VEH0083,CONTR0083,2026-08-20T10:36:00,SYNTHETIC,70616,2774,2500,0,111.0,60.9,52.9,23,52.1,274.7,56,,302,0,-12.91317,-38.40822,Salvador,moving,none,700,111.0
TLM00825,CUST0083,VEH0083,CONTR0083,2026-08-27T08:40:00,SYNTHETIC,71192,2305,2500,195,92.2,33.8,10.9,95,19.4,207.2,56,,302,0,-13.01749,-38.46526,Salvador,moving,low_fuel,4000,92.2
TLM00826,CUST0083,VEH0083,CONTR0083,2026-09-03T16:35:00,SYNTHETIC,72001,3238,2500,0,129.5,39.1,23.8,61,36.6,322.9,88,,475,0,-12.91565,-38.51108,Salvador,moving,none,2500,129.5
TLM00827,CUST0083,VEH0083,CONTR0083,2026-09-10T13:01:00,SYNTHETIC,72727,2907,2500,0,116.3,43.7,42.4,31,58.2,264.9,35,,189,0,-12.97463,-38.51199,Salvador,moving,none,1500,116.3
TLM00828,CUST0083,VEH0083,CONTR0083,2026-09-17T20:00:00,SYNTHETIC,73495,3073,2500,0,122.9,54.3,35.9,38,39.7,293.0,38,,205,0,-13.03611,-38.52587,Salvador,moving,maintenance,1500,122.9
TLM00829,CUST0083,VEH0083,CONTR0083,2026-09-24T09:13:00,SYNTHETIC,73899,1619,2500,881,64.8,36.4,50.2,14,82.7,146.8,82,,442,0,-12.98755,-38.4105,Salvador,moving,low_fuel,1500,64.8
TLM00830,CUST0083,VEH0083,CONTR0083,2026-10-01T09:08:00,SYNTHETIC,74556,2628,2500,0,105.1,47.0,50.8,23,64.9,227.5,34,,183,0,-12.93908,-38.49022,Salvador,parked,low_fuel,350,105.1
TLM00831,CUST0084,VEH0084,CONTR0084,2026-07-30T20:33:00,SYNTHETIC,12301,746,800,54,93.2,33.9,49.3,6,87.3,40.6,85,,651,1,-3.76284,-38.44419,Fortaleza,parked,low_fuel,2500,93.2
TLM00832,CUST0084,VEH0084,CONTR0084,2026-08-06T18:59:00,SYNTHETIC,12506,822,800,0,102.8,51.6,41.4,9,48.1,50.5,80,,612,1,-3.83365,-38.44831,Fortaleza,parked,none,700,102.8
TLM00833,CUST0084,VEH0084,CONTR0084,2026-08-13T08:52:00,SYNTHETIC,12755,998,800,0,124.8,54.1,15.9,28,17.6,54.4,53,,405,0,-3.75176,-38.45529,Fortaleza,moving,low_fuel,1500,124.8
TLM00834,CUST0084,VEH0084,CONTR0084,2026-08-20T10:41:00,SYNTHETIC,12929,697,800,103,87.1,39.8,48.7,6,73.5,43.4,88,,674,0,-3.75104,-38.45769,Fortaleza,parked,low_fuel,350,87.1
TLM00835,CUST0084,VEH0084,CONTR0084,2026-08-27T22:12:00,SYNTHETIC,13121,768,800,32,96.0,39.8,7.2,48,10.8,42.1,76,,582,1,-3.83432,-38.45065,Fortaleza,parked,low_fuel,4000,96.0
TLM00836,CUST0084,VEH0084,CONTR0084,2026-09-03T10:25:00,SYNTHETIC,13311,762,800,38,95.2,61.7,10.0,34,9.8,45.1,78,,597,0,-3.83564,-38.55822,Fortaleza,moving,none,2500,95.2
TLM00837,CUST0084,VEH0084,CONTR0084,2026-09-10T10:03:00,SYNTHETIC,13450,556,800,244,69.5,32.0,39.7,6,74.3,33.0,73,,559,1,-3.82496,-38.45895,Fortaleza,parked,low_fuel,1500,69.5
TLM00838,CUST0084,VEH0084,CONTR0084,2026-09-17T07:28:00,SYNTHETIC,13576,504,800,296,63.0,41.0,11.1,20,16.3,31.1,20,,153,0,-3.82163,-38.5275,Fortaleza,parked,low_fuel,2500,63.0
TLM00839,CUST0084,VEH0084,CONTR0084,2026-09-24T12:27:00,SYNTHETIC,13760,736,800,64,92.0,42.9,18.2,18,25.4,45.6,42,,321,0,-3.78254,-38.54903,Fortaleza,moving,maintenance,1000,92.0
TLM00840,CUST0084,VEH0084,CONTR0084,2026-10-01T15:11:00,SYNTHETIC,13895,540,800,260,67.5,50.1,38.6,6,46.2,29.6,81,,620,0,-3.82732,-38.53686,Fortaleza,parked,low_fuel,700,67.5
TLM00841,CUST0085,VEH0085,CONTR0085,2026-07-30T15:24:00,SYNTHETIC,56960,862,800,0,107.7,39.5,6.4,60,9.8,70.1,32,,185,0,-27.6677,-48.46167,Florianópolis,parked,maintenance,700,107.7
TLM00842,CUST0085,VEH0085,CONTR0085,2026-08-06T06:51:00,SYNTHETIC,57184,898,800,0,112.2,60.9,41.4,9,40.7,75.5,23,,133,0,-27.5394,-48.48156,Florianópolis,parked,low_fuel,4000,112.2
TLM00843,CUST0085,VEH0085,CONTR0085,2026-08-13T10:17:00,SYNTHETIC,57425,964,800,0,120.5,47.8,46.4,9,58.1,80.0,44,,255,0,-27.65779,-48.44644,Florianópolis,parked,none,1500,120.5
TLM00844,CUST0085,VEH0085,CONTR0085,2026-08-20T10:01:00,SYNTHETIC,57650,901,800,0,112.6,53.9,12.4,33,13.8,75.8,48,,278,0,-27.66577,-48.51897,Florianópolis,moving,low_fuel,350,112.6
TLM00845,CUST0085,VEH0085,CONTR0085,2026-08-27T07:28:00,SYNTHETIC,57884,938,800,0,117.3,44.3,33.3,12,45.1,70.5,36,,208,0,-27.5733,-48.44183,Florianópolis,parked,maintenance,2500,117.3
TLM00846,CUST0085,VEH0085,CONTR0085,2026-09-03T14:55:00,SYNTHETIC,58094,843,800,0,105.4,35.8,12.2,31,20.5,63.4,28,,162,0,-27.66293,-48.4555,Florianópolis,parked,none,1000,105.4
TLM00847,CUST0085,VEH0085,CONTR0085,2026-09-10T18:31:00,SYNTHETIC,58332,952,800,0,119.0,57.5,7.6,57,7.9,68.3,17,,98,0,-27.598,-48.47312,Florianópolis,parked,none,2500,119.0
TLM00848,CUST0085,VEH0085,CONTR0085,2026-09-17T19:53:00,SYNTHETIC,58573,965,800,0,120.6,49.2,24.2,18,29.5,77.3,59,,342,0,-27.66071,-48.55669,Florianópolis,parked,none,1000,120.6
TLM00849,CUST0085,VEH0085,CONTR0085,2026-09-24T09:51:00,SYNTHETIC,58816,973,800,0,121.6,36.5,27.3,16,44.8,70.6,86,,498,0,-27.56293,-48.57645,Florianópolis,moving,low_fuel,350,121.6
TLM00850,CUST0085,VEH0085,CONTR0085,2026-10-01T11:27:00,SYNTHETIC,59055,957,800,0,119.6,42.0,17.3,25,24.6,74.5,50,,290,0,-27.60571,-48.50897,Florianópolis,parked,km_limit,350,119.6
TLM00851,CUST0086,VEH0086,CONTR0086,2026-07-30T20:05:00,SYNTHETIC,53327,1295,1500,205,86.3,33.0,7.5,78,13.6,124.3,58,,290,0,-19.99718,-43.98755,Belo Horizonte,parked,none,4000,86.3
TLM00852,CUST0086,VEH0086,CONTR0086,2026-08-06T22:17:00,SYNTHETIC,53597,1083,1500,417,72.2,43.7,17.2,28,23.7,91.2,21,,105,0,-19.94973,-43.96242,Belo Horizonte,parked,none,1000,72.2
TLM00853,CUST0086,VEH0086,CONTR0086,2026-08-13T22:43:00,SYNTHETIC,53833,944,1500,556,62.9,34.7,6.9,62,11.9,85.6,59,,295,0,-19.97161,-43.92619,Belo Horizonte,parked,low_fuel,2500,62.9
TLM00854,CUST0086,VEH0086,CONTR0086,2026-08-20T12:38:00,SYNTHETIC,54105,1091,1500,409,72.7,29.0,11.9,41,24.6,90.4,40,,200,0,-19.96405,-43.86273,Belo Horizonte,parked,low_fuel,4000,72.7
TLM00855,CUST0086,VEH0086,CONTR0086,2026-08-27T08:33:00,SYNTHETIC,54426,1286,1500,214,85.7,36.6,27.4,21,44.9,115.7,34,,170,0,-19.98997,-43.97222,Belo Horizonte,parked,none,350,85.7
TLM00856,CUST0086,VEH0086,CONTR0086,2026-09-03T06:48:00,SYNTHETIC,54637,844,1500,656,56.3,30.0,19.0,20,38.1,76.3,27,,135,0,-20.01761,-43.9757,Belo Horizonte,parked,none,1000,56.3
TLM00857,CUST0086,VEH0086,CONTR0086,2026-09-10T08:52:00,SYNTHETIC,54970,1334,1500,166,88.9,43.9,50.8,11,69.4,111.3,48,,240,0,-19.91408,-43.87317,Belo Horizonte,parked,none,2500,88.9
TLM00858,CUST0086,VEH0086,CONTR0086,2026-09-17T11:02:00,SYNTHETIC,55341,1487,1500,13,99.1,37.2,6.1,109,9.9,129.8,23,,115,0,-19.98758,-43.89692,Belo Horizonte,moving,low_fuel,1000,99.1
TLM00859,CUST0086,VEH0086,CONTR0086,2026-09-24T21:40:00,SYNTHETIC,55702,1444,1500,56,96.3,50.0,35.3,18,42.4,132.6,65,,325,0,-19.99267,-43.98392,Belo Horizonte,parked,maintenance,2500,96.3
TLM00860,CUST0086,VEH0086,CONTR0086,2026-10-01T18:06:00,SYNTHETIC,56023,1285,1500,215,85.7,32.1,26.3,22,49.2,120.5,52,,260,0,-20.00471,-43.91675,Belo Horizonte,charging,km_limit,350,85.7
TLM00861,CUST0087,VEH0087,CONTR0087,2026-07-30T12:47:00,SYNTHETIC,69020,1793,1500,0,119.5,37.0,17.4,46,28.2,163.4,56,,283,0,-15.73654,-47.8624,Brasília,parked,none,1500,119.5
TLM00862,CUST0087,VEH0087,CONTR0087,2026-08-06T14:10:00,SYNTHETIC,69400,1523,1500,0,101.5,47.3,11.6,59,14.7,151.7,16,,81,0,-15.70541,-47.80916,Brasília,charging,low_fuel,350,101.5
TLM00863,CUST0087,VEH0087,CONTR0087,2026-08-13T08:26:00,SYNTHETIC,69727,1311,1500,189,87.4,35.3,8.5,70,14.4,126.8,84,,425,0,-15.83797,-47.91952,Brasília,parked,none,700,87.4
TLM00864,CUST0087,VEH0087,CONTR0087,2026-08-20T17:43:00,SYNTHETIC,70015,1152,1500,348,76.8,55.3,36.8,14,39.9,103.2,84,,425,0,-15.73447,-47.84643,Brasília,parked,none,350,76.8
TLM00865,CUST0087,VEH0087,CONTR0087,2026-08-27T06:46:00,SYNTHETIC,70472,1828,1500,0,121.9,61.8,34.7,23,33.7,192.5,29,,147,0,-15.71296,-47.86428,Brasília,parked,km_limit,350,121.9
TLM00866,CUST0087,VEH0087,CONTR0087,2026-09-03T14:19:00,SYNTHETIC,70853,1524,1500,0,101.6,50.5,7.5,92,8.9,158.1,24,,121,0,-15.76114,-47.91915,Brasília,moving,km_limit,2500,101.6
TLM00867,CUST0087,VEH0087,CONTR0087,2026-09-10T22:23:00,SYNTHETIC,71466,2455,1500,0,163.7,58.0,31.6,35,32.6,250.6,44,,223,0,-15.77673,-47.94301,Brasília,moving,km_limit,2500,163.7
TLM00868,CUST0087,VEH0087,CONTR0087,2026-09-17T11:53:00,SYNTHETIC,72032,2264,1500,0,150.9,36.8,8.3,124,13.5,219.5,75,,380,0,-15.81653,-47.85471,Brasília,moving,none,4000,150.9
TLM00869,CUST0087,VEH0087,CONTR0087,2026-09-24T14:50:00,SYNTHETIC,72453,1685,1500,0,112.3,54.0,38.7,19,43.0,178.5,80,,405,0,-15.8203,-47.83759,Brasília,parked,low_fuel,1500,112.3
TLM00870,CUST0087,VEH0087,CONTR0087,2026-10-01T07:17:00,SYNTHETIC,72910,1829,1500,0,121.9,43.8,42.9,19,58.8,181.1,76,,385,0,-15.83986,-47.88812,Brasília,parked,low_fuel,4000,121.9
TLM00871,CUST0088,VEH0088,CONTR0088,2026-07-30T13:11:00,SYNTHETIC,39510,2439,3000,561,81.3,47.8,11.5,96,14.5,233.3,78,,423,0,-12.93561,-38.48039,Salvador,parked,low_fuel,2500,81.3
TLM00872,CUST0088,VEH0088,CONTR0088,2026-08-06T18:11:00,SYNTHETIC,40135,2500,3000,500,83.3,52.6,23.3,48,26.6,256.3,73,,396,0,-12.96675,-38.58103,Salvador,parked,low_fuel,2500,83.3
TLM00873,CUST0088,VEH0088,CONTR0088,2026-08-13T06:17:00,SYNTHETIC,40806,2687,3000,313,89.6,56.4,24.4,49,26.0,263.3,48,,260,0,-12.94112,-38.53828,Salvador,moving,km_limit,2500,89.6
TLM00874,CUST0088,VEH0088,CONTR0088,2026-08-20T13:52:00,SYNTHETIC,41469,2652,3000,348,88.4,31.5,13.0,92,24.7,282.3,60,,325,0,-12.91276,-38.54423,Salvador,parked,low_fuel,2500,88.4
TLM00875,CUST0088,VEH0088,CONTR0088,2026-08-27T22:14:00,SYNTHETIC,42177,2835,3000,165,94.5,60.6,44.2,29,43.7,262.4,66,,358,0,-12.91536,-38.44741,Salvador,moving,low_fuel,2500,94.5
TLM00876,CUST0088,VEH0088,CONTR0088,2026-09-03T06:39:00,SYNTHETIC,42830,2615,3000,385,87.2,61.7,42.9,27,41.7,251.1,88,,477,0,-12.88033,-38.57399,Salvador,moving,km_limit,350,87.2
TLM00877,CUST0088,VEH0088,CONTR0088,2026-09-10T11:52:00,SYNTHETIC,43442,2450,3000,550,81.7,58.5,54.7,20,56.2,225.9,91,,494,0,-12.87391,-38.4739,Salvador,moving,low_fuel,4000,81.7
TLM00878,CUST0088,VEH0088,CONTR0088,2026-09-17T22:06:00,SYNTHETIC,44122,2723,3000,277,90.8,58.4,22.7,54,23.4,289.8,20,,108,0,-12.94951,-38.4635,Salvador,parked,none,1000,90.8
TLM00879,CUST0088,VEH0088,CONTR0088,2026-09-24T09:27:00,SYNTHETIC,44762,2562,3000,438,85.4,60.5,42.8,27,42.4,248.5,48,,260,0,-12.96275,-38.58321,Salvador,moving,maintenance,350,85.4
TLM00880,CUST0088,VEH0088,CONTR0088,2026-10-01T22:08:00,SYNTHETIC,45365,2412,3000,588,80.4,47.3,25.7,42,32.6,213.7,76,,412,0,-12.90158,-38.49313,Salvador,parked,none,4000,80.4
TLM00881,CUST0089,VEH0089,CONTR0089,2026-07-30T10:06:00,SYNTHETIC,76918,1090,1000,0,109.0,46.6,52.9,9,68.1,99.7,66,,382,0,-8.1117,-34.90227,Recife,parked,low_fuel,1500,109.0
TLM00882,CUST0089,VEH0089,CONTR0089,2026-08-06T18:16:00,SYNTHETIC,77232,1257,1000,0,125.7,31.6,17.1,33,32.5,106.1,38,,220,0,-8.06779,-34.8745,Recife,parked,low_fuel,1500,125.7
TLM00883,CUST0089,VEH0089,CONTR0089,2026-08-13T15:59:00,SYNTHETIC,77538,1224,1000,0,122.4,36.5,53.8,10,88.5,104.8,94,,544,0,-8.07406,-34.88237,Recife,parked,km_limit,2500,122.4
TLM00884,CUST0089,VEH0089,CONTR0089,2026-08-20T10:46:00,SYNTHETIC,77856,1272,1000,0,127.2,39.1,34.8,16,53.4,121.8,21,,121,0,-8.05928,-34.94424,Recife,parked,none,350,127.2
TLM00885,CUST0089,VEH0089,CONTR0089,2026-08-27T08:30:00,SYNTHETIC,78157,1206,1000,0,120.6,61.8,18.1,30,17.5,114.5,20,,115,0,-8.14256,-34.86389,Recife,moving,none,1000,120.6
TLM00886,CUST0089,VEH0089,CONTR0089,2026-09-03T13:26:00,SYNTHETIC,78468,1246,1000,0,124.6,46.3,43.8,12,56.8,115.6,41,,237,0,-7.999,-34.86951,Recife,moving,none,1500,124.6
TLM00887,CUST0089,VEH0089,CONTR0089,2026-09-10T15:51:00,SYNTHETIC,78730,1051,1000,0,105.1,39.1,35.4,13,54.2,89.6,15,,86,0,-8.1334,-34.88827,Recife,parked,none,350,105.1
TLM00888,CUST0089,VEH0089,CONTR0089,2026-09-17T19:27:00,SYNTHETIC,78915,742,1000,258,74.2,38.0,24.4,13,38.6,63.2,50,,289,0,-8.07554,-34.96513,Recife,parked,low_fuel,4000,74.2
TLM00889,CUST0089,VEH0089,CONTR0089,2026-09-24T20:21:00,SYNTHETIC,79116,806,1000,194,80.6,28.5,44.7,8,94.2,67.8,69,,399,0,-8.06914,-34.96846,Recife,parked,km_limit,1000,80.6
TLM00890,CUST0089,VEH0089,CONTR0089,2026-10-01T19:08:00,SYNTHETIC,79450,1338,1000,0,133.8,54.1,53.3,11,59.1,109.8,79,,457,0,-8.11634,-34.84797,Recife,moving,none,2500,133.8
TLM00891,CUST0090,VEH0090,CONTR0090,2026-07-30T15:03:00,SYNTHETIC,58969,3838,3000,0,127.9,54.6,47.9,36,52.6,308.6,68,,393,0,-23.00032,-43.15761,Rio de Janeiro,parked,low_fuel,1000,127.9
TLM00892,CUST0090,VEH0090,CONTR0090,2026-08-06T11:07:00,SYNTHETIC,59623,2616,3000,384,87.2,59.5,6.4,184,6.5,243.9,69,,398,0,-22.98967,-43.21177,Rio de Janeiro,charging,low_fuel,700,87.2
TLM00893,CUST0090,VEH0090,CONTR0090,2026-08-13T10:48:00,SYNTHETIC,60537,3658,3000,0,121.9,42.6,49.2,33,69.3,326.2,75,,433,0,-22.9671,-43.24806,Rio de Janeiro,moving,km_limit,1000,121.9
TLM00894,CUST0090,VEH0090,CONTR0090,2026-08-20T22:40:00,SYNTHETIC,61036,1997,3000,1003,66.6,37.6,54.2,16,86.6,157.4,79,,456,0,-22.95554,-43.24924,Rio de Janeiro,parked,maintenance,1000,66.6
TLM00895,CUST0090,VEH0090,CONTR0090,2026-08-27T21:35:00,SYNTHETIC,62055,4077,3000,0,135.9,28.5,29.3,63,61.6,351.1,65,,375,0,-22.9972,-43.11889,Rio de Janeiro,moving,low_fuel,1500,135.9
TLM00896,CUST0090,VEH0090,CONTR0090,2026-09-03T10:45:00,SYNTHETIC,62852,3190,3000,0,106.3,60.0,27.8,52,27.8,289.5,16,,92,0,-22.95229,-43.21673,Rio de Janeiro,moving,km_limit,1000,106.3
TLM00897,CUST0090,VEH0090,CONTR0090,2026-09-10T14:14:00,SYNTHETIC,63774,3690,3000,0,123.0,30.6,41.8,40,82.0,343.3,21,,121,0,-22.89999,-43.11731,Rio de Janeiro,moving,maintenance,700,123.0
TLM00898,CUST0090,VEH0090,CONTR0090,2026-09-17T17:52:00,SYNTHETIC,64476,2808,3000,192,93.6,51.7,41.7,30,48.5,258.7,83,,479,0,-22.91597,-43.19987,Rio de Janeiro,moving,km_limit,350,93.6
TLM00899,CUST0090,VEH0090,CONTR0090,2026-09-24T14:23:00,SYNTHETIC,65226,3002,3000,0,100.1,38.5,12.0,113,18.8,260.6,44,,254,0,-22.89015,-43.10204,Rio de Janeiro,moving,none,2500,100.1
TLM00900,CUST0090,VEH0090,CONTR0090,2026-10-01T16:47:00,SYNTHETIC,65697,1887,3000,1113,62.9,60.1,18.5,46,18.4,166.9,51,,294,0,-22.99436,-43.22734,Rio de Janeiro,parked,km_limit,4000,62.9
TLM00901,CUST0091,VEH0091,CONTR0091,2026-07-30T21:43:00,SYNTHETIC,19924,1295,2000,705,64.8,34.6,51.8,11,89.9,115.1,51,,298,0,-23.5046,-46.59674,São Paulo,maintenance,maintenance,2500,64.8
TLM00902,CUST0091,VEH0091,CONTR0091,2026-08-06T11:31:00,SYNTHETIC,20356,1731,2000,269,86.6,58.6,25.5,30,26.1,132.0,52,,304,0,-23.62785,-46.68343,São Paulo,parked,low_fuel,4000,86.6
TLM00903,CUST0091,VEH0091,CONTR0091,2026-08-13T07:51:00,SYNTHETIC,20819,1854,2000,146,92.7,51.3,46.2,18,54.0,162.2,60,,351,0,-23.51952,-46.61701,São Paulo,parked,none,4000,92.7
TLM00904,CUST0091,VEH0091,CONTR0091,2026-08-20T13:20:00,SYNTHETIC,21180,1445,2000,555,72.2,29.4,22.1,29,45.1,120.3,19,,111,0,-23.53994,-46.6336,São Paulo,moving,maintenance,1500,72.2
TLM00905,CUST0091,VEH0091,CONTR0091,2026-08-27T09:32:00,SYNTHETIC,21673,1973,2000,27,98.7,35.8,47.5,18,79.7,172.1,16,,93,0,-23.64395,-46.57448,São Paulo,parked,low_fuel,350,98.7
TLM00906,CUST0091,VEH0091,CONTR0091,2026-09-03T14:58:00,SYNTHETIC,22124,1807,2000,193,90.3,45.5,9.3,88,12.2,144.2,37,,216,0,-23.54781,-46.65658,São Paulo,moving,none,1000,90.3
TLM00907,CUST0091,VEH0091,CONTR0091,2026-09-10T12:28:00,SYNTHETIC,22417,1174,2000,826,58.7,46.1,46.2,11,60.1,102.3,23,,134,0,-23.54228,-46.62569,São Paulo,moving,maintenance,1500,58.7
TLM00908,CUST0091,VEH0091,CONTR0091,2026-09-17T09:09:00,SYNTHETIC,22932,2060,2000,0,103.0,53.7,45.2,20,50.5,172.6,45,,263,0,-23.56915,-46.56043,São Paulo,parked,maintenance,4000,103.0
TLM00909,CUST0091,VEH0091,CONTR0091,2026-09-24T22:32:00,SYNTHETIC,23296,1457,2000,543,72.9,46.3,24.9,26,32.3,121.0,89,,521,0,-23.53078,-46.57252,São Paulo,parked,maintenance,1500,72.9
TLM00910,CUST0091,VEH0091,CONTR0091,2026-10-01T14:53:00,SYNTHETIC,23780,1938,2000,62,96.9,38.4,54.3,16,84.8,156.5,32,,187,0,-23.5831,-46.69209,São Paulo,parked,none,1500,96.9
TLM00911,CUST0092,VEH0092,CONTR0092,2026-07-30T11:17:00,SYNTHETIC,10472,2792,2500,0,111.7,57.3,54.3,23,56.9,247.5,63,,367,0,-15.85575,-47.90507,Brasília,parked,none,4000,111.7
TLM00912,CUST0092,VEH0092,CONTR0092,2026-08-06T21:01:00,SYNTHETIC,10914,1771,2500,729,70.8,43.3,31.6,25,43.7,147.6,28,,163,0,-15.8142,-47.80696,Brasília,parked,none,700,70.8
TLM00913,CUST0092,VEH0092,CONTR0092,2026-08-13T12:10:00,SYNTHETIC,11505,2366,2500,134,94.6,61.4,31.3,34,30.6,208.7,21,,122,0,-15.85359,-47.9305,Brasília,moving,maintenance,4000,94.6
TLM00914,CUST0092,VEH0092,CONTR0092,2026-08-20T19:24:00,SYNTHETIC,11929,1698,2500,802,67.9,34.0,6.1,126,10.8,136.3,81,,473,0,-15.85856,-47.79206,Brasília,parked,km_limit,1500,67.9
TLM00915,CUST0092,VEH0092,CONTR0092,2026-08-27T09:00:00,SYNTHETIC,12548,2479,2500,21,99.2,50.8,33.3,33,39.4,231.2,76,,443,0,-15.78926,-47.80682,Brasília,moving,km_limit,4000,99.2
TLM00916,CUST0092,VEH0092,CONTR0092,2026-09-03T13:41:00,SYNTHETIC,13059,2046,2500,454,81.8,31.2,9.0,103,17.4,188.0,85,,496,0,-15.72596,-47.84333,Brasília,parked,none,1000,81.8
TLM00917,CUST0092,VEH0092,CONTR0092,2026-09-10T12:20:00,SYNTHETIC,13746,2750,2500,0,110.0,37.4,44.4,28,71.2,254.8,85,,496,0,-15.82741,-47.79905,Brasília,parked,none,4000,110.0
TLM00918,CUST0092,VEH0092,CONTR0092,2026-09-17T18:58:00,SYNTHETIC,14453,2831,2500,0,113.2,54.9,7.7,166,8.4,234.0,17,,99,0,-15.84772,-47.87846,Brasília,parked,low_fuel,1500,113.2
TLM00919,CUST0092,VEH0092,CONTR0092,2026-09-24T07:27:00,SYNTHETIC,15209,3026,2500,0,121.0,60.4,34.8,39,34.6,262.8,24,,140,0,-15.80764,-47.79417,Brasília,parked,none,1000,121.0
TLM00920,CUST0092,VEH0092,CONTR0092,2026-10-01T08:45:00,SYNTHETIC,15670,1845,2500,655,73.8,30.5,50.3,16,99.0,158.8,62,,362,0,-15.86245,-47.80315,Brasília,maintenance,low_fuel,1000,73.8
TLM00921,CUST0093,VEH0093,CONTR0093,2026-07-30T14:49:00,SYNTHETIC,34805,1364,1000,0,136.4,28.1,27.9,22,59.7,118.8,66,,375,0,-25.41157,-49.37823,Curitiba,parked,low_fuel,2500,136.4
TLM00922,CUST0093,VEH0093,CONTR0093,2026-08-06T10:24:00,SYNTHETIC,35026,887,1000,113,88.7,47.1,15.5,25,19.8,78.8,40,,227,0,-25.42506,-49.29415,Curitiba,parked,maintenance,1000,88.7
TLM00923,CUST0093,VEH0093,CONTR0093,2026-08-13T22:57:00,SYNTHETIC,35207,727,1000,273,72.7,48.6,44.5,7,54.8,66.0,84,,477,0,-25.40891,-49.36601,Curitiba,parked,maintenance,1500,72.7
TLM00924,CUST0093,VEH0093,CONTR0093,2026-08-20T19:11:00,SYNTHETIC,35489,1130,1000,0,113.0,49.8,44.3,11,53.4,93.3,18,,102,0,-25.45247,-49.24992,Curitiba,parked,low_fuel,1000,113.0
TLM00925,CUST0093,VEH0093,CONTR0093,2026-08-27T17:29:00,SYNTHETIC,35812,1295,1000,0,129.5,28.8,35.1,16,73.2,108.1,26,,147,0,-25.37467,-49.28397,Curitiba,parked,km_limit,700,129.5
TLM00926,CUST0093,VEH0093,CONTR0093,2026-09-03T17:59:00,SYNTHETIC,36123,1244,1000,0,124.4,34.4,6.7,84,11.7,123.0,85,,483,0,-25.48828,-49.37329,Curitiba,parked,low_fuel,350,124.4
TLM00927,CUST0093,VEH0093,CONTR0093,2026-09-10T08:42:00,SYNTHETIC,36338,863,1000,137,86.3,38.7,52.9,7,82.1,77.3,73,,415,0,-25.39088,-49.30682,Curitiba,parked,low_fuel,1000,86.3
TLM00928,CUST0093,VEH0093,CONTR0093,2026-09-17T08:38:00,SYNTHETIC,36524,747,1000,253,74.7,30.5,32.5,10,64.0,71.4,85,,483,0,-25.39651,-49.32049,Curitiba,moving,none,700,74.7
TLM00929,CUST0093,VEH0093,CONTR0093,2026-09-24T20:03:00,SYNTHETIC,36726,810,1000,190,81.0,33.5,35.6,10,63.6,72.8,80,,455,0,-25.38076,-49.24388,Curitiba,parked,none,2500,81.0
TLM00930,CUST0093,VEH0093,CONTR0093,2026-10-01T15:23:00,SYNTHETIC,36928,808,1000,192,80.8,52.9,19.1,19,21.6,67.6,85,,483,0,-25.43277,-49.25134,Curitiba,moving,low_fuel,1000,80.8
TLM00931,CUST0094,VEH0094,CONTR0094,2026-07-30T06:45:00,SYNTHETIC,71474,718,2500,1782,28.7,56.7,12.9,25,13.7,68.0,61,,347,0,-22.89842,-46.98057,Campinas,moving,low_fuel,1500,28.7
TLM00932,CUST0094,VEH0094,CONTR0094,2026-08-06T11:13:00,SYNTHETIC,71753,1116,2500,1384,44.6,35.5,40.5,12,68.5,95.7,50,,284,0,-22.85798,-47.08612,Campinas,parked,km_limit,350,44.6
TLM00933,CUST0094,VEH0094,CONTR0094,2026-08-13T08:31:00,SYNTHETIC,72102,1399,2500,1101,56.0,45.1,51.1,12,67.9,126.7,50,,284,0,-22.90711,-46.97942,Campinas,parked,none,350,56.0
TLM00934,CUST0094,VEH0094,CONTR0094,2026-08-20T18:59:00,SYNTHETIC,72292,762,2500,1738,30.5,51.4,41.1,8,48.0,64.0,32,,182,0,-22.90358,-46.98167,Campinas,parked,none,1500,30.5
TLM00935,CUST0094,VEH0094,CONTR0094,2026-08-27T17:00:00,SYNTHETIC,72447,623,2500,1877,24.9,30.2,44.5,6,88.3,60.1,22,,125,0,-22.89267,-46.99566,Campinas,parked,none,350,24.9
TLM00936,CUST0094,VEH0094,CONTR0094,2026-09-03T17:14:00,SYNTHETIC,72623,704,2500,1796,28.2,55.8,10.2,31,11.0,58.4,25,,142,0,-22.83882,-46.99272,Campinas,parked,none,4000,28.2
TLM00937,CUST0094,VEH0094,CONTR0094,2026-09-10T06:00:00,SYNTHETIC,72939,1265,2500,1235,50.6,32.6,8.1,70,15.0,111.2,70,,398,0,-22.83722,-47.08964,Campinas,parked,none,2500,50.6
TLM00938,CUST0094,VEH0094,CONTR0094,2026-09-17T15:14:00,SYNTHETIC,73288,1396,2500,1104,55.8,30.9,30.7,20,59.5,130.7,86,,489,0,-22.86062,-47.10813,Campinas,parked,none,4000,55.8
TLM00939,CUST0094,VEH0094,CONTR0094,2026-09-24T14:17:00,SYNTHETIC,73534,987,2500,1513,39.5,48.2,34.1,13,42.5,93.8,67,,381,0,-22.83729,-47.00811,Campinas,parked,none,1000,39.5
TLM00940,CUST0094,VEH0094,CONTR0094,2026-10-01T15:51:00,SYNTHETIC,73832,1195,2500,1305,47.8,60.6,44.9,12,44.4,106.2,33,,187,0,-22.90419,-47.09656,Campinas,parked,none,1500,47.8
TLM00941,CUST0095,VEH0095,CONTR0095,2026-07-30T11:04:00,SYNTHETIC,14581,1250,1500,250,83.3,39.3,18.3,31,27.9,101.5,93,,575,0,-30.04063,-51.23664,Porto Alegre,charging,low_fuel,213,83.3
TLM00942,CUST0095,VEH0095,CONTR0095,2026-08-06T22:03:00,SYNTHETIC,15178,2389,1500,0,159.3,52.8,37.1,29,42.1,184.8,45,,278,0,-30.05065,-51.24044,Porto Alegre,parked,km_limit,177,159.3
TLM00943,CUST0095,VEH0095,CONTR0095,2026-08-13T12:35:00,SYNTHETIC,15491,1255,1500,245,83.7,42.6,20.9,27,29.5,97.5,47,,290,0,-30.06697,-51.25582,Porto Alegre,parked,maintenance,377,83.7
TLM00944,CUST0095,VEH0095,CONTR0095,2026-08-20T07:21:00,SYNTHETIC,15935,1778,1500,0,118.5,61.4,68.1,11,66.6,149.7,53,,328,0,-30.06211,-51.21284,Porto Alegre,parked,maintenance,170,118.5
TLM00945,CUST0095,VEH0095,CONTR0095,2026-08-27T11:13:00,SYNTHETIC,16339,1617,1500,0,107.8,29.7,31.9,23,64.5,127.5,60,,371,0,-30.02522,-51.16745,Porto Alegre,moving,km_limit,286,107.8
TLM00946,CUST0095,VEH0095,CONTR0095,2026-09-03T15:46:00,SYNTHETIC,16651,1248,1500,252,83.2,59.9,67.8,8,68.0,92.7,20,,123,0,-30.11114,-51.1257,Porto Alegre,moving,low_fuel,422,83.2
TLM00947,CUST0095,VEH0095,CONTR0095,2026-09-10T06:09:00,SYNTHETIC,17038,1551,1500,0,103.4,60.3,74.0,9,73.6,118.5,79,,489,0,-30.06298,-51.23693,Porto Alegre,parked,maintenance,148,103.4
TLM00948,CUST0095,VEH0095,CONTR0095,2026-09-17T17:58:00,SYNTHETIC,17596,2234,1500,0,148.9,29.8,54.6,18,109.8,160.6,18,,111,0,-30.07814,-51.15331,Porto Alegre,parked,maintenance,467,148.9
TLM00949,CUST0095,VEH0095,CONTR0095,2026-09-24T20:57:00,SYNTHETIC,18160,2259,1500,0,150.6,30.8,19.8,51,38.6,156.5,25,,154,0,-30.06535,-51.1571,Porto Alegre,parked,none,169,150.6
TLM00950,CUST0095,VEH0095,CONTR0095,2026-10-01T16:13:00,SYNTHETIC,18790,2523,1500,0,168.2,30.0,18.5,61,37.1,191.0,21,,129,0,-29.9775,-51.13524,Porto Alegre,parked,none,263,168.2
TLM00951,CUST0096,VEH0096,CONTR0096,2026-07-30T20:18:00,SYNTHETIC,51328,3373,2500,0,134.9,50.3,39.6,38,47.3,296.5,94,,539,0,-22.99967,-43.10084,Rio de Janeiro,moving,none,1000,134.9
TLM00952,CUST0096,VEH0096,CONTR0096,2026-08-06T17:41:00,SYNTHETIC,51919,2365,2500,135,94.6,34.5,12.3,87,21.4,222.5,21,,120,0,-23.00219,-43.1975,Rio de Janeiro,parked,low_fuel,1000,94.6
TLM00953,CUST0096,VEH0096,CONTR0096,2026-08-13T06:13:00,SYNTHETIC,52328,1639,2500,861,65.6,28.3,25.2,29,53.5,165.2,94,,539,0,-22.89628,-43.14176,Rio de Janeiro,moving,none,700,65.6
TLM00954,CUST0096,VEH0096,CONTR0096,2026-08-20T15:04:00,SYNTHETIC,52873,2182,2500,318,87.3,59.9,49.0,20,49.1,198.6,79,,453,0,-22.99516,-43.18642,Rio de Janeiro,parked,low_fuel,2500,87.3
TLM00955,CUST0096,VEH0096,CONTR0096,2026-08-27T17:22:00,SYNTHETIC,53296,1693,2500,807,67.7,35.5,38.0,20,64.2,168.2,93,,533,0,-22.88509,-43.19542,Rio de Janeiro,parked,maintenance,700,67.7
TLM00956,CUST0096,VEH0096,CONTR0096,2026-09-03T06:41:00,SYNTHETIC,53947,2604,2500,0,104.2,33.0,23.7,49,43.1,219.8,22,,126,0,-23.0036,-43.14301,Rio de Janeiro,parked,km_limit,1500,104.2
TLM00957,CUST0096,VEH0096,CONTR0096,2026-09-10T07:49:00,SYNTHETIC,54762,3262,2500,0,130.5,46.6,9.6,154,12.4,294.4,71,,407,0,-22.89541,-43.19574,Rio de Janeiro,parked,none,1500,130.5
TLM00958,CUST0096,VEH0096,CONTR0096,2026-09-17T15:19:00,SYNTHETIC,55268,2026,2500,474,81.0,51.1,41.1,22,48.3,204.1,39,,223,0,-22.91371,-43.08029,Rio de Janeiro,parked,low_fuel,2500,81.0
TLM00959,CUST0096,VEH0096,CONTR0096,2026-09-24T06:13:00,SYNTHETIC,55754,1945,2500,555,77.8,28.1,30.0,29,64.2,175.2,35,,200,0,-22.98097,-43.17873,Rio de Janeiro,moving,none,1000,77.8
TLM00960,CUST0096,VEH0096,CONTR0096,2026-10-01T09:29:00,SYNTHETIC,56369,2461,2500,39,98.4,61.5,21.3,52,20.8,210.4,65,,373,0,-22.92072,-43.205,Rio de Janeiro,moving,none,700,98.4
TLM00961,CUST0097,VEH0097,CONTR0097,2026-07-30T09:04:00,SYNTHETIC,30239,3039,3000,0,101.3,47.5,44.2,31,55.8,195.8,43,,213,0,-13.00778,-38.47962,Salvador,parked,none,1000,101.3
TLM00962,CUST0097,VEH0097,CONTR0097,2026-08-06T19:32:00,SYNTHETIC,30989,3000,3000,0,100.0,58.3,47.1,28,48.4,186.2,46,,228,0,-12.9697,-38.60338,Salvador,parked,low_fuel,350,100.0
TLM00963,CUST0097,VEH0097,CONTR0097,2026-08-13T16:59:00,SYNTHETIC,31462,1894,3000,1106,63.1,41.1,27.8,31,40.6,136.9,93,,461,0,-12.86428,-38.55216,Salvador,parked,none,350,63.1
TLM00964,CUST0097,VEH0097,CONTR0097,2026-08-20T11:37:00,SYNTHETIC,32169,2831,3000,169,94.4,54.9,32.6,39,35.7,186.4,87,,431,0,-12.89231,-38.48224,Salvador,moving,none,700,94.4
TLM00965,CUST0097,VEH0097,CONTR0097,2026-08-27T10:29:00,SYNTHETIC,32789,2480,3000,520,82.7,35.9,47.3,23,79.2,166.5,37,,183,0,-12.95101,-38.5223,Salvador,moving,low_fuel,350,82.7
TLM00966,CUST0097,VEH0097,CONTR0097,2026-09-03T08:51:00,SYNTHETIC,33444,2620,3000,380,87.3,43.8,7.2,165,9.9,182.3,15,,74,0,-12.95514,-38.57967,Salvador,parked,none,1500,87.3
TLM00967,CUST0097,VEH0097,CONTR0097,2026-09-10T11:04:00,SYNTHETIC,34145,2806,3000,194,93.5,34.2,27.1,46,47.7,209.1,27,,133,0,-12.95381,-38.45995,Salvador,parked,low_fuel,4000,93.5
TLM00968,CUST0097,VEH0097,CONTR0097,2026-09-17T09:49:00,SYNTHETIC,34831,2746,3000,254,91.5,58.9,41.4,30,42.2,194.4,87,,431,0,-12.99229,-38.53577,Salvador,parked,km_limit,350,91.5
TLM00969,CUST0097,VEH0097,CONTR0097,2026-09-24T21:10:00,SYNTHETIC,35417,2347,3000,653,78.2,46.7,41.8,25,53.7,172.4,87,,431,0,-12.89758,-38.59054,Salvador,parked,km_limit,4000,78.2
TLM00970,CUST0097,VEH0097,CONTR0097,2026-10-01T12:04:00,SYNTHETIC,35852,1743,3000,1257,58.1,29.7,54.6,14,110.3,115.2,45,,223,0,-12.92262,-38.54554,Salvador,parked,maintenance,1500,58.1
TLM00971,CUST0098,VEH0098,CONTR0098,2026-07-30T07:42:00,SYNTHETIC,72022,1482,1000,0,148.2,44.3,14.4,46,19.6,125.6,57,,335,0,-15.88351,-47.89354,Brasília,moving,low_fuel,1000,148.2
TLM00972,CUST0098,VEH0098,CONTR0098,2026-08-06T10:40:00,SYNTHETIC,72358,1347,1000,0,134.7,33.5,8.6,70,15.5,115.1,93,,546,0,-15.75061,-47.81907,Brasília,moving,maintenance,1000,134.7
TLM00973,CUST0098,VEH0098,CONTR0098,2026-08-13T10:59:00,SYNTHETIC,72736,1514,1000,0,151.4,30.0,10.3,66,20.7,122.4,50,,294,0,-15.77898,-47.89179,Brasília,moving,none,4000,151.4
TLM00974,CUST0098,VEH0098,CONTR0098,2026-08-20T10:47:00,SYNTHETIC,73000,1056,1000,0,105.6,60.4,23.6,20,23.5,91.2,40,,235,0,-15.7985,-47.97368,Brasília,moving,none,4000,105.6
TLM00975,CUST0098,VEH0098,CONTR0098,2026-08-27T20:31:00,SYNTHETIC,73217,869,1000,131,86.9,29.7,51.9,7,104.8,76.4,43,,252,0,-15.8414,-47.82691,Brasília,parked,none,700,86.9
TLM00976,CUST0098,VEH0098,CONTR0098,2026-09-03T19:21:00,SYNTHETIC,73411,777,1000,223,77.7,40.7,15.5,22,22.9,71.0,31,,182,0,-15.75706,-47.91062,Brasília,parked,none,2500,77.7
TLM00977,CUST0098,VEH0098,CONTR0098,2026-09-10T20:29:00,SYNTHETIC,73583,690,1000,310,69.0,61.5,8.8,35,8.6,60.9,91,,535,0,-15.82533,-47.91211,Brasília,parked,low_fuel,700,69.0
TLM00978,CUST0098,VEH0098,CONTR0098,2026-09-17T19:43:00,SYNTHETIC,73888,1222,1000,0,122.2,35.6,43.6,12,73.5,107.2,35,,205,0,-15.75752,-47.86604,Brasília,parked,none,2500,122.2
TLM00979,CUST0098,VEH0098,CONTR0098,2026-09-24T22:13:00,SYNTHETIC,74162,1098,1000,0,109.8,40.9,35.8,13,52.6,99.6,35,,205,0,-15.87978,-47.85014,Brasília,moving,low_fuel,2500,109.8
TLM00980,CUST0098,VEH0098,CONTR0098,2026-10-01T10:36:00,SYNTHETIC,74518,1424,1000,0,142.4,53.2,46.2,13,52.1,110.0,64,,376,0,-15.88588,-47.83679,Brasília,parked,none,1500,142.4
TLM00981,CUST0099,VEH0099,CONTR0099,2026-07-30T07:24:00,SYNTHETIC,60241,875,1000,125,87.5,40.5,33.3,11,49.4,74.9,68,,405,0,-13.01205,-38.48333,Salvador,moving,km_limit,1500,87.5
TLM00982,CUST0099,VEH0099,CONTR0099,2026-08-06T07:28:00,SYNTHETIC,60471,920,1000,80,92.0,40.3,9.0,46,13.3,82.2,47,,280,0,-12.89502,-38.48373,Salvador,moving,low_fuel,1000,92.0
TLM00983,CUST0099,VEH0099,CONTR0099,2026-08-13T18:10:00,SYNTHETIC,60699,915,1000,85,91.5,52.4,33.8,12,38.7,78.0,53,,315,0,-12.97689,-38.52565,Salvador,moving,maintenance,4000,91.5
TLM00984,CUST0099,VEH0099,CONTR0099,2026-08-20T10:58:00,SYNTHETIC,60932,932,1000,68,93.2,32.0,20.5,20,38.4,76.2,42,,250,0,-12.91687,-38.49141,Salvador,parked,low_fuel,1500,93.2
TLM00985,CUST0099,VEH0099,CONTR0099,2026-08-27T21:38:00,SYNTHETIC,61141,839,1000,161,83.9,33.1,39.3,9,71.1,79.0,20,,119,0,-12.89741,-38.44754,Salvador,parked,low_fuel,2500,83.9
TLM00986,CUST0099,VEH0099,CONTR0099,2026-09-03T18:16:00,SYNTHETIC,61346,822,1000,178,82.2,36.2,21.2,17,35.2,76.9,25,,149,0,-13.01417,-38.45682,Salvador,parked,maintenance,4000,82.2
TLM00987,CUST0099,VEH0099,CONTR0099,2026-09-10T07:23:00,SYNTHETIC,61573,908,1000,92,90.8,60.7,19.8,20,19.6,79.2,38,,226,0,-12.96441,-38.51038,Salvador,moving,low_fuel,1000,90.8
TLM00988,CUST0099,VEH0099,CONTR0099,2026-09-17T21:25:00,SYNTHETIC,61803,922,1000,78,92.2,55.5,17.8,23,19.2,74.3,61,,363,0,-13.04499,-38.38955,Salvador,moving,maintenance,4000,92.2
TLM00989,CUST0099,VEH0099,CONTR0099,2026-09-24T20:25:00,SYNTHETIC,62032,916,1000,84,91.6,41.3,39.8,10,57.9,83.4,78,,464,0,-12.95558,-38.40318,Salvador,parked,low_fuel,1000,91.6
TLM00990,CUST0099,VEH0099,CONTR0099,2026-10-01T17:36:00,SYNTHETIC,62260,915,1000,85,91.5,58.7,37.2,11,38.0,87.7,61,,363,0,-12.97392,-38.40921,Salvador,parked,km_limit,700,91.5
TLM00991,CUST0100,VEH0100,CONTR0100,2026-07-30T06:34:00,SYNTHETIC,71143,969,800,0,121.1,42.7,50.4,8,70.9,90.9,37,,190,0,-3.72505,-38.59972,Fortaleza,moving,none,246,121.1
TLM00992,CUST0100,VEH0100,CONTR0100,2026-08-06T16:50:00,SYNTHETIC,71377,938,800,0,117.3,60.0,30.9,13,30.9,101.1,38,,196,0,-3.6863,-38.50888,Fortaleza,parked,none,405,117.3
TLM00993,CUST0100,VEH0100,CONTR0100,2026-08-13T09:17:00,SYNTHETIC,71594,869,800,0,108.6,57.0,17.7,22,18.7,87.3,50,,258,0,-3.80764,-38.58138,Fortaleza,parked,none,222,108.6
TLM00994,CUST0100,VEH0100,CONTR0100,2026-08-20T16:56:00,SYNTHETIC,71830,946,800,0,118.3,37.0,32.7,13,53.0,90.1,35,,180,0,-3.78726,-38.48605,Fortaleza,moving,none,159,118.3
TLM00995,CUST0100,VEH0100,CONTR0100,2026-08-27T09:31:00,SYNTHETIC,72048,875,800,0,109.4,54.2,17.1,23,18.9,96.9,17,,87,0,-3.68627,-38.46948,Fortaleza,parked,low_fuel,373,109.4
TLM00996,CUST0100,VEH0100,CONTR0100,2026-09-03T12:23:00,SYNTHETIC,72262,859,800,0,107.4,40.5,32.9,11,48.7,80.0,86,,443,0,-3.70619,-38.49572,Fortaleza,parked,none,262,107.4
TLM00997,CUST0100,VEH0100,CONTR0100,2026-09-10T12:41:00,SYNTHETIC,72507,982,800,0,122.8,45.2,28.6,15,37.9,95.0,78,,402,0,-3.68231,-38.46184,Fortaleza,parked,km_limit,157,122.8
TLM00998,CUST0100,VEH0100,CONTR0100,2026-09-17T20:08:00,SYNTHETIC,72744,950,800,0,118.8,42.0,22.7,18,32.5,101.0,33,,170,0,-3.74432,-38.53694,Fortaleza,moving,km_limit,327,118.8
TLM00999,CUST0100,VEH0100,CONTR0100,2026-09-24T10:52:00,SYNTHETIC,72972,914,800,0,114.2,31.8,50.6,8,95.6,95.4,20,,103,0,-3.7664,-38.51507,Fortaleza,moving,none,458,114.2
TLM01000,CUST0100,VEH0100,CONTR0100,2026-10-01T10:04:00,SYNTHETIC,73195,892,800,0,111.5,45.7,54.2,7,71.3,82.1,34,,175,0,-3.78722,-38.54982,Fortaleza,parked,none,449,111.5
TLM01001,CUST0101,VEH0001,CONTR0101,2026-07-30T18:33:00,SYNTHETIC,30816,1103,1200,97,91.9,28.9,28.0,17,58.2,100.8,30,,160,0,-22.85638,-47.01393,Campinas,parked,low_fuel,700,91.9
TLM01002,CUST0101,VEH0001,CONTR0101,2026-08-06T10:33:00,SYNTHETIC,31105,1157,1200,43,96.4,29.2,16.1,32,33.2,94.3,59,,315,0,-22.86127,-47.09683,Campinas,parked,low_fuel,1000,96.4
TLM01003,CUST0101,VEH0001,CONTR0101,2026-08-13T17:39:00,SYNTHETIC,31527,1688,1200,0,140.7,34.3,56.1,13,98.1,151.1,46,,246,0,-22.929,-46.98207,Campinas,parked,none,1000,140.7
TLM01004,CUST0101,VEH0001,CONTR0101,2026-08-20T12:57:00,SYNTHETIC,31831,1216,1200,0,101.3,36.0,19.3,28,32.1,104.4,71,,379,0,-22.90181,-47.02772,Campinas,moving,low_fuel,700,101.3
TLM01005,CUST0101,VEH0001,CONTR0101,2026-08-27T10:14:00,SYNTHETIC,32180,1399,1200,0,116.6,44.1,54.0,11,73.4,126.1,43,,230,0,-22.91764,-47.11105,Campinas,parked,none,1000,116.6
TLM01006,CUST0101,VEH0001,CONTR0101,2026-09-03T11:24:00,SYNTHETIC,32429,999,1200,201,83.2,41.5,68.1,6,98.5,84.3,73,,390,0,-22.88822,-46.99892,Campinas,moving,maintenance,350,83.2
TLM01007,CUST0101,VEH0001,CONTR0101,2026-09-10T09:09:00,SYNTHETIC,32822,1572,1200,0,131.0,33.4,64.6,11,116.0,128.2,27,,144,0,-22.92193,-47.06831,Campinas,parked,km_limit,350,131.0
TLM01008,CUST0101,VEH0001,CONTR0101,2026-09-17T08:54:00,SYNTHETIC,33312,1960,1200,0,163.3,46.8,67.2,13,86.1,165.7,86,,460,0,-22.90648,-46.99799,Campinas,parked,none,4000,163.3
TLM01009,CUST0101,VEH0001,CONTR0101,2026-09-24T16:28:00,SYNTHETIC,33832,2081,1200,0,173.4,53.9,43.4,21,48.3,165.4,66,,353,0,-22.86476,-47.10403,Campinas,moving,none,1500,173.4
TLM01010,CUST0101,VEH0001,CONTR0101,2026-10-01T06:40:00,SYNTHETIC,34366,2138,1200,0,178.2,35.4,53.8,18,91.3,166.2,35,,187,0,-22.96838,-47.0278,Campinas,moving,maintenance,4000,178.2
TLM01011,CUST0102,VEH0002,CONTR0102,2026-07-30T17:25:00,SYNTHETIC,25774,2376,3000,624,79.2,61.7,48.0,22,46.7,218.9,95,,500,0,-16.75757,-49.26377,Goiânia,parked,none,700,79.2
TLM01012,CUST0102,VEH0002,CONTR0102,2026-08-06T21:55:00,SYNTHETIC,26707,3735,3000,0,124.5,39.5,24.2,70,36.8,308.9,64,,337,0,-16.63892,-49.28239,Goiânia,parked,low_fuel,700,124.5
TLM01013,CUST0102,VEH0002,CONTR0102,2026-08-13T21:42:00,SYNTHETIC,27398,2766,3000,234,92.2,37.2,39.5,31,63.7,251.0,28,,147,0,-16.71628,-49.15598,Goiânia,parked,none,700,92.2
TLM01014,CUST0102,VEH0002,CONTR0102,2026-08-20T18:11:00,SYNTHETIC,28215,3271,3000,0,109.0,50.2,21.9,67,26.1,268.4,24,,126,0,-16.70251,-49.28389,Goiânia,parked,low_fuel,700,109.0
TLM01015,CUST0102,VEH0002,CONTR0102,2026-08-27T16:46:00,SYNTHETIC,28976,3044,3000,0,101.5,35.8,46.6,29,78.1,275.3,61,,321,0,-16.72242,-49.21688,Goiânia,parked,none,1500,101.5
TLM01016,CUST0102,VEH0002,CONTR0102,2026-09-03T19:46:00,SYNTHETIC,29520,2177,3000,823,72.6,30.5,14.5,68,28.6,202.9,23,,121,0,-16.72389,-49.28066,Goiânia,parked,none,1000,72.6
TLM01017,CUST0102,VEH0002,CONTR0102,2026-09-10T18:37:00,SYNTHETIC,30285,3063,3000,0,102.1,39.2,19.3,72,29.5,282.3,26,,137,0,-16.60916,-49.19851,Goiânia,parked,low_fuel,2500,102.1
TLM01018,CUST0102,VEH0002,CONTR0102,2026-09-17T11:27:00,SYNTHETIC,30958,2692,3000,308,89.7,55.4,8.9,136,9.7,259.6,32,,168,0,-16.6105,-49.18639,Goiânia,moving,none,350,89.7
TLM01019,CUST0102,VEH0002,CONTR0102,2026-09-24T12:36:00,SYNTHETIC,31825,3470,3000,0,115.7,44.9,12.7,124,16.9,325.7,34,,179,0,-16.72774,-49.17843,Goiânia,parked,none,1000,115.7
TLM01020,CUST0102,VEH0002,CONTR0102,2026-10-01T21:13:00,SYNTHETIC,32563,2952,3000,48,98.4,43.7,33.8,39,46.3,265.9,19,,100,0,-16.75485,-49.22484,Goiânia,parked,maintenance,2500,98.4
TLM01021,CUST0103,VEH0003,CONTR0103,2026-07-30T16:44:00,SYNTHETIC,35495,702,800,98,87.8,48.5,59.1,5,73.1,36.0,64,,478,2,-30.02267,-51.20939,Porto Alegre,parked,km_limit,350,87.8
TLM01022,CUST0103,VEH0003,CONTR0103,2026-08-06T15:12:00,SYNTHETIC,35786,1164,800,0,145.5,42.3,23.8,22,33.8,66.1,41,,306,2,-30.0965,-51.27959,Porto Alegre,parked,maintenance,4000,145.5
TLM01023,CUST0103,VEH0003,CONTR0103,2026-08-13T13:07:00,SYNTHETIC,36012,904,800,0,113.0,34.4,71.2,5,124.2,51.7,89,,665,2,-30.09179,-51.26889,Porto Alegre,parked,none,1000,113.0
TLM01024,CUST0103,VEH0003,CONTR0103,2026-08-20T20:51:00,SYNTHETIC,36242,923,800,0,115.4,28.8,31.2,13,65.0,54.2,49,,366,1,-29.96748,-51.21747,Porto Alegre,parked,low_fuel,2500,115.4
TLM01025,CUST0103,VEH0003,CONTR0103,2026-08-27T19:31:00,SYNTHETIC,36401,638,800,162,79.8,42.3,45.2,6,64.1,34.6,54,,403,2,-30.0508,-51.20268,Porto Alegre,parked,low_fuel,4000,79.8
TLM01026,CUST0103,VEH0003,CONTR0103,2026-09-03T07:16:00,SYNTHETIC,36747,1387,800,0,173.4,58.1,14.0,45,14.5,81.6,64,,478,1,-29.97769,-51.28898,Porto Alegre,parked,low_fuel,1500,173.4
TLM01027,CUST0103,VEH0003,CONTR0103,2026-09-10T11:29:00,SYNTHETIC,36978,924,800,0,115.5,51.8,39.2,10,45.4,46.4,64,,478,1,-30.04433,-51.27667,Porto Alegre,parked,km_limit,2500,115.5
TLM01028,CUST0103,VEH0003,CONTR0103,2026-09-17T20:46:00,SYNTHETIC,37269,1165,800,0,145.6,32.7,54.1,9,99.4,60.9,41,,306,0,-30.11368,-51.23538,Porto Alegre,moving,none,4000,145.6
TLM01029,CUST0103,VEH0003,CONTR0103,2026-09-24T15:58:00,SYNTHETIC,37535,1067,800,0,133.4,43.7,52.7,9,72.3,58.1,45,,336,0,-30.03103,-51.15827,Porto Alegre,parked,maintenance,1000,133.4
TLM01030,CUST0103,VEH0003,CONTR0103,2026-10-01T14:55:00,SYNTHETIC,37849,1257,800,0,157.1,48.8,31.2,18,38.3,66.5,70,,523,0,-29.97077,-51.14652,Porto Alegre,parked,none,1000,157.1
TLM01031,CUST0104,VEH0004,CONTR0104,2026-07-30T13:48:00,SYNTHETIC,45603,1255,1200,0,104.6,54.7,44.8,12,49.1,95.8,30,,174,0,-3.71153,-38.47244,Fortaleza,parked,maintenance,1500,104.6
TLM01032,CUST0104,VEH0004,CONTR0104,2026-08-06T06:33:00,SYNTHETIC,45822,877,1200,323,73.1,47.7,20.0,19,25.1,70.7,49,,284,0,-3.68727,-38.47197,Fortaleza,parked,none,1500,73.1
TLM01033,CUST0104,VEH0004,CONTR0104,2026-08-13T21:46:00,SYNTHETIC,46022,803,1200,397,66.9,35.6,35.1,10,59.1,63.8,31,,179,0,-3.65909,-38.44772,Fortaleza,parked,low_fuel,2500,66.9
TLM01034,CUST0104,VEH0004,CONTR0104,2026-08-20T11:06:00,SYNTHETIC,46298,1107,1200,93,92.2,54.2,31.6,15,35.0,94.2,49,,284,0,-3.65395,-38.44622,Fortaleza,parked,none,350,92.2
TLM01035,CUST0104,VEH0004,CONTR0104,2026-08-27T15:57:00,SYNTHETIC,46556,1034,1200,166,86.2,30.1,14.5,32,28.9,88.0,20,,116,0,-3.67246,-38.55021,Fortaleza,moving,none,1500,86.2
TLM01036,CUST0104,VEH0004,CONTR0104,2026-09-03T13:00:00,SYNTHETIC,46870,1256,1200,0,104.7,42.0,22.5,25,32.1,105.8,31,,179,0,-3.80185,-38.56135,Fortaleza,parked,none,700,104.7
TLM01037,CUST0104,VEH0004,CONTR0104,2026-09-10T06:09:00,SYNTHETIC,47098,915,1200,285,76.2,59.6,13.3,31,13.4,74.3,87,,504,0,-3.66516,-38.46591,Fortaleza,moving,low_fuel,350,76.2
TLM01038,CUST0104,VEH0004,CONTR0104,2026-09-17T18:12:00,SYNTHETIC,47426,1314,1200,0,109.5,34.9,48.3,12,83.0,100.9,65,,377,0,-3.7558,-38.55187,Fortaleza,parked,maintenance,1000,109.5
TLM01039,CUST0104,VEH0004,CONTR0104,2026-09-24T12:04:00,SYNTHETIC,47689,1055,1200,145,87.9,28.1,52.1,9,111.2,91.7,25,,145,0,-3.76695,-38.54817,Fortaleza,moving,maintenance,2500,87.9
TLM01040,CUST0104,VEH0004,CONTR0104,2026-10-01T17:03:00,SYNTHETIC,47908,877,1200,323,73.1,39.1,25.0,15,38.3,63.9,43,,249,0,-3.66712,-38.55839,Fortaleza,moving,maintenance,2500,73.1
TLM01041,CUST0105,VEH0005,CONTR0105,2026-07-30T15:11:00,SYNTHETIC,58645,990,1500,510,66.0,50.8,12.7,35,14.9,94.6,39,,195,0,-15.79693,-47.93076,Brasília,moving,km_limit,1000,66.0
TLM01042,CUST0105,VEH0005,CONTR0105,2026-08-06T06:02:00,SYNTHETIC,58930,1141,1500,359,76.1,50.6,41.0,12,48.7,100.0,65,,326,0,-15.751,-47.81977,Brasília,parked,low_fuel,2500,76.1
TLM01043,CUST0105,VEH0005,CONTR0105,2026-08-13T10:56:00,SYNTHETIC,59218,1154,1500,346,76.9,52.1,12.9,40,14.9,110.3,63,,316,0,-15.7106,-47.94968,Brasília,parked,none,2500,76.9
TLM01044,CUST0105,VEH0005,CONTR0105,2026-08-20T16:03:00,SYNTHETIC,59552,1336,1500,164,89.1,58.2,9.2,66,9.4,113.4,19,,95,0,-15.81452,-47.87818,Brasília,parked,none,1000,89.1
TLM01045,CUST0105,VEH0005,CONTR0105,2026-08-27T16:11:00,SYNTHETIC,59854,1209,1500,291,80.6,29.6,13.9,39,28.3,109.0,50,,251,0,-15.7676,-47.91015,Brasília,parked,km_limit,1500,80.6
TLM01046,CUST0105,VEH0005,CONTR0105,2026-09-03T13:00:00,SYNTHETIC,60302,1793,1500,0,119.5,33.4,15.9,51,28.5,160.5,34,,170,0,-15.81754,-47.94252,Brasília,parked,low_fuel,2500,119.5
TLM01047,CUST0105,VEH0005,CONTR0105,2026-09-10T19:29:00,SYNTHETIC,60768,1866,1500,0,124.4,35.3,49.0,17,83.2,157.3,43,,215,0,-15.76879,-47.84658,Brasília,moving,none,700,124.4
TLM01048,CUST0105,VEH0005,CONTR0105,2026-09-17T21:39:00,SYNTHETIC,61210,1770,1500,0,118.0,54.6,23.9,33,26.2,167.7,71,,356,0,-15.74176,-47.84389,Brasília,moving,none,1500,118.0
TLM01049,CUST0105,VEH0005,CONTR0105,2026-09-24T13:47:00,SYNTHETIC,61652,1768,1500,0,117.9,29.9,19.6,40,39.3,153.5,22,,110,0,-15.74627,-47.8409,Brasília,parked,none,350,117.9
TLM01050,CUST0105,VEH0005,CONTR0105,2026-10-01T15:29:00,SYNTHETIC,61903,1004,1500,496,66.9,29.0,19.3,23,39.9,97.0,31,,155,0,-15.82845,-47.80848,Brasília,parked,none,350,66.9
TLM01051,CUST0106,VEH0006,CONTR0106,2026-07-30T17:03:00,SYNTHETIC,7453,1227,2000,773,61.4,52.4,52.9,10,60.6,117.2,31,,156,0,-13.00474,-38.45333,Salvador,parked,none,1000,61.4
TLM01052,CUST0106,VEH0006,CONTR0106,2026-08-06T21:20:00,SYNTHETIC,8018,2263,2000,0,113.1,50.5,32.8,31,39.0,219.0,28,,141,0,-12.94307,-38.52769,Salvador,parked,low_fuel,1500,113.1
TLM01053,CUST0106,VEH0006,CONTR0106,2026-08-13T13:34:00,SYNTHETIC,8584,2265,2000,0,113.2,59.8,15.0,68,15.0,199.6,64,,323,0,-12.93546,-38.52341,Salvador,parked,low_fuel,1000,113.2
TLM01054,CUST0106,VEH0006,CONTR0106,2026-08-20T07:51:00,SYNTHETIC,9023,1756,2000,244,87.8,33.0,30.8,25,55.9,176.4,38,,192,0,-12.92211,-38.46881,Salvador,moving,none,700,87.8
TLM01055,CUST0106,VEH0006,CONTR0106,2026-08-27T13:40:00,SYNTHETIC,9435,1651,2000,349,82.5,46.1,40.9,18,53.2,165.4,33,,166,0,-13.04502,-38.50218,Salvador,parked,km_limit,700,82.5
TLM01056,CUST0106,VEH0006,CONTR0106,2026-09-03T22:02:00,SYNTHETIC,9988,2212,2000,0,110.6,31.4,10.1,99,19.4,224.2,30,,151,0,-13.03733,-38.53846,Salvador,parked,km_limit,2500,110.6
TLM01057,CUST0106,VEH0006,CONTR0106,2026-09-10T07:55:00,SYNTHETIC,10408,1682,2000,318,84.1,59.2,36.1,21,36.6,160.9,24,,121,0,-12.94314,-38.5473,Salvador,moving,low_fuel,1500,84.1
TLM01058,CUST0106,VEH0006,CONTR0106,2026-09-17T17:11:00,SYNTHETIC,10903,1980,2000,20,99.0,35.7,13.4,67,22.5,168.6,94,,475,0,-12.97933,-38.47629,Salvador,parked,none,2500,99.0
TLM01059,CUST0106,VEH0006,CONTR0106,2026-09-24T13:14:00,SYNTHETIC,11216,1253,2000,747,62.6,31.5,14.6,39,27.8,125.3,64,,323,0,-12.98583,-38.56483,Salvador,moving,none,4000,62.6
TLM01060,CUST0106,VEH0006,CONTR0106,2026-10-01T14:37:00,SYNTHETIC,11791,2300,2000,0,115.0,33.1,11.5,90,20.9,199.0,56,,283,0,-12.93439,-38.53272,Salvador,charging,low_fuel,4000,115.0
TLM01061,CUST0107,VEH0007,CONTR0107,2026-07-30T20:56:00,SYNTHETIC,30918,1281,1200,0,106.7,28.1,32.4,17,69.4,117.5,52,,291,0,-12.91707,-38.58041,Salvador,parked,none,1000,106.7
TLM01062,CUST0107,VEH0007,CONTR0107,2026-08-06T11:00:00,SYNTHETIC,31191,1095,1200,105,91.2,45.3,34.4,14,45.6,103.3,49,,274,0,-12.92421,-38.48515,Salvador,parked,none,1500,91.2
TLM01063,CUST0107,VEH0007,CONTR0107,2026-08-13T21:16:00,SYNTHETIC,31462,1086,1200,114,90.5,39.9,36.0,13,54.2,114.0,39,,218,0,-12.96201,-38.43877,Salvador,parked,km_limit,4000,90.5
TLM01064,CUST0107,VEH0007,CONTR0107,2026-08-20T14:11:00,SYNTHETIC,31760,1193,1200,7,99.4,35.1,52.4,10,89.6,118.8,55,,308,0,-12.98946,-38.50369,Salvador,moving,none,1500,99.4
TLM01065,CUST0107,VEH0007,CONTR0107,2026-08-27T08:09:00,SYNTHETIC,31960,803,1200,397,66.9,59.0,33.8,10,34.4,70.9,25,,140,0,-12.93232,-38.56196,Salvador,parked,none,1500,66.9
TLM01066,CUST0107,VEH0007,CONTR0107,2026-09-03T19:13:00,SYNTHETIC,32245,1141,1200,59,95.1,59.5,13.4,38,13.5,106.7,24,,134,0,-13.05511,-38.48874,Salvador,moving,low_fuel,1000,95.1
TLM01067,CUST0107,VEH0007,CONTR0107,2026-09-10T11:52:00,SYNTHETIC,32549,1218,1200,0,101.5,47.8,17.4,31,21.8,112.9,34,,190,0,-12.96225,-38.5359,Salvador,parked,km_limit,4000,101.5
TLM01068,CUST0107,VEH0007,CONTR0107,2026-09-17T16:06:00,SYNTHETIC,32751,811,1200,389,67.6,42.7,9.7,37,13.7,81.8,94,,527,0,-13.03071,-38.46755,Salvador,moving,none,2500,67.6
TLM01069,CUST0107,VEH0007,CONTR0107,2026-09-24T11:04:00,SYNTHETIC,33029,1112,1200,88,92.7,56.9,8.1,62,8.6,110.2,43,,241,0,-12.93081,-38.56998,Salvador,parked,low_fuel,4000,92.7
TLM01070,CUST0107,VEH0007,CONTR0107,2026-10-01T09:45:00,SYNTHETIC,33213,739,1200,461,61.6,56.2,44.3,7,47.3,70.3,52,,291,0,-13.00224,-38.55879,Salvador,parked,low_fuel,2500,61.6
TLM01071,CUST0108,VEH0008,CONTR0108,2026-07-30T16:16:00,SYNTHETIC,60312,2543,2500,0,101.7,61.7,20.6,56,20.0,196.5,89,,501,0,-22.92636,-47.11517,Campinas,moving,maintenance,350,101.7
TLM01072,CUST0108,VEH0008,CONTR0108,2026-08-06T22:58:00,SYNTHETIC,60837,2100,2500,400,84.0,32.5,47.0,20,86.7,162.0,64,,360,0,-22.86617,-47.05377,Campinas,parked,maintenance,700,84.0
TLM01073,CUST0108,VEH0008,CONTR0108,2026-08-13T15:55:00,SYNTHETIC,61332,1983,2500,517,79.3,38.7,22.0,40,34.2,178.0,64,,360,0,-22.95147,-47.0748,Campinas,parked,km_limit,4000,79.3
TLM01074,CUST0108,VEH0008,CONTR0108,2026-08-20T19:51:00,SYNTHETIC,61996,2659,2500,0,106.4,52.6,16.7,72,19.0,235.1,29,,163,0,-22.99219,-47.11251,Campinas,moving,none,2500,106.4
TLM01075,CUST0108,VEH0008,CONTR0108,2026-08-27T09:18:00,SYNTHETIC,62521,2100,2500,400,84.0,30.2,19.9,47,39.6,184.0,83,,468,0,-22.89812,-46.9745,Campinas,parked,low_fuel,700,84.0
TLM01076,CUST0108,VEH0008,CONTR0108,2026-09-03T19:37:00,SYNTHETIC,63172,2606,2500,0,104.2,57.3,48.4,24,50.7,205.0,93,,524,0,-22.91785,-46.96825,Campinas,moving,none,1500,104.2
TLM01077,CUST0108,VEH0008,CONTR0108,2026-09-10T06:03:00,SYNTHETIC,63882,2842,2500,0,113.7,31.3,13.9,93,26.6,253.2,29,,163,0,-22.98027,-47.05541,Campinas,parked,maintenance,4000,113.7
TLM01078,CUST0108,VEH0008,CONTR0108,2026-09-17T11:34:00,SYNTHETIC,64615,2932,2500,0,117.3,53.3,40.6,32,45.7,229.3,59,,332,0,-22.96149,-47.03749,Campinas,moving,low_fuel,700,117.3
TLM01079,CUST0108,VEH0008,CONTR0108,2026-09-24T13:35:00,SYNTHETIC,65039,1697,2500,803,67.9,38.9,8.3,93,12.7,154.4,49,,276,0,-22.90179,-46.97488,Campinas,parked,maintenance,700,67.9
TLM01080,CUST0108,VEH0008,CONTR0108,2026-10-01T07:28:00,SYNTHETIC,65495,1824,2500,676,73.0,42.2,45.7,18,65.0,146.0,87,,490,0,-22.95166,-47.01293,Campinas,moving,none,2500,73.0
TLM01081,CUST0109,VEH0009,CONTR0109,2026-07-30T22:39:00,SYNTHETIC,65354,1619,1200,0,134.9,59.7,48.0,15,48.2,128.1,86,,503,0,-16.60166,-49.21067,Goiânia,parked,low_fuel,700,134.9
TLM01082,CUST0109,VEH0009,CONTR0109,2026-08-06T09:56:00,SYNTHETIC,65613,1039,1200,161,86.6,55.7,26.0,18,28.0,92.2,79,,462,0,-16.64355,-49.23161,Goiânia,parked,low_fuel,1000,86.6
TLM01083,CUST0109,VEH0009,CONTR0109,2026-08-13T09:00:00,SYNTHETIC,66036,1693,1200,0,141.1,41.7,25.5,30,36.7,131.9,70,,409,0,-16.58883,-49.288,Goiânia,parked,none,2500,141.1
TLM01084,CUST0109,VEH0009,CONTR0109,2026-08-20T22:46:00,SYNTHETIC,66449,1655,1200,0,137.9,34.8,17.1,44,29.4,143.1,27,,157,0,-16.5892,-49.26249,Goiânia,moving,maintenance,4000,137.9
TLM01085,CUST0109,VEH0009,CONTR0109,2026-08-27T21:24:00,SYNTHETIC,66848,1599,1200,0,133.2,52.8,9.1,79,10.4,134.7,17,,99,0,-16.72933,-49.31143,Goiânia,parked,km_limit,1500,133.2
TLM01086,CUST0109,VEH0009,CONTR0109,2026-09-03T14:15:00,SYNTHETIC,67244,1584,1200,0,132.0,56.1,14.2,50,15.2,137.6,83,,485,0,-16.62128,-49.21899,Goiânia,parked,none,2500,132.0
TLM01087,CUST0109,VEH0009,CONTR0109,2026-09-10T19:37:00,SYNTHETIC,67566,1291,1200,0,107.6,41.9,28.6,20,40.9,109.3,29,,169,0,-16.60801,-49.21546,Goiânia,parked,maintenance,1000,107.6
TLM01088,CUST0109,VEH0009,CONTR0109,2026-09-17T18:23:00,SYNTHETIC,67850,1138,1200,62,94.8,50.5,14.7,35,17.5,99.7,34,,198,0,-16.63318,-49.18686,Goiânia,parked,km_limit,4000,94.8
TLM01089,CUST0109,VEH0009,CONTR0109,2026-09-24T12:19:00,SYNTHETIC,68256,1626,1200,0,135.5,48.8,23.3,31,28.7,146.6,32,,187,0,-16.64585,-49.22347,Goiânia,parked,km_limit,1000,135.5
TLM01090,CUST0109,VEH0009,CONTR0109,2026-10-01T20:47:00,SYNTHETIC,68504,995,1200,205,82.9,39.1,35.5,12,54.5,87.1,95,,555,0,-16.69687,-49.29654,Goiânia,parked,none,4000,82.9
TLM01091,CUST0110,VEH0010,CONTR0110,2026-07-30T08:48:00,SYNTHETIC,8591,2584,3000,416,86.1,49.3,13.0,90,15.8,221.3,69,,399,0,-12.94379,-38.48223,Salvador,parked,none,2500,86.1
TLM01092,CUST0110,VEH0010,CONTR0110,2026-08-06T17:43:00,SYNTHETIC,9298,2831,3000,169,94.4,46.8,35.2,36,45.1,227.8,78,,451,0,-12.915,-38.48987,Salvador,parked,maintenance,1000,94.4
TLM01093,CUST0110,VEH0010,CONTR0110,2026-08-13T20:15:00,SYNTHETIC,9750,1808,3000,1192,60.3,45.3,45.3,18,60.0,160.4,53,,306,0,-12.96761,-38.5079,Salvador,parked,km_limit,350,60.3
TLM01094,CUST0110,VEH0010,CONTR0110,2026-08-20T06:16:00,SYNTHETIC,10342,2371,3000,629,79.0,41.6,34.5,31,49.8,210.6,28,,162,0,-12.96745,-38.57965,Salvador,parked,none,1500,79.0
TLM01095,CUST0110,VEH0010,CONTR0110,2026-08-27T07:10:00,SYNTHETIC,11102,3042,3000,0,101.4,45.5,25.3,54,33.4,229.6,36,,208,0,-12.95009,-38.42744,Salvador,moving,low_fuel,350,101.4
TLM01096,CUST0110,VEH0010,CONTR0110,2026-09-03T14:22:00,SYNTHETIC,11724,2490,3000,510,83.0,46.8,50.2,22,64.3,188.3,84,,486,0,-12.93064,-38.458,Salvador,moving,none,700,83.0
TLM01097,CUST0110,VEH0010,CONTR0110,2026-09-10T15:42:00,SYNTHETIC,12597,3492,3000,0,116.4,47.5,15.3,103,19.3,301.9,20,,115,0,-12.88348,-38.49306,Salvador,parked,km_limit,1000,116.4
TLM01098,CUST0110,VEH0010,CONTR0110,2026-09-17T13:00:00,SYNTHETIC,13396,3197,3000,0,106.6,36.9,47.9,30,77.8,294.0,85,,492,0,-12.98995,-38.42761,Salvador,parked,km_limit,1000,106.6
TLM01099,CUST0110,VEH0010,CONTR0110,2026-09-24T09:37:00,SYNTHETIC,14288,3571,3000,0,119.0,29.6,16.4,98,33.3,309.6,64,,370,0,-12.87167,-38.45666,Salvador,parked,km_limit,4000,119.0
TLM01100,CUST0110,VEH0010,CONTR0110,2026-10-01T12:52:00,SYNTHETIC,14807,2076,3000,924,69.2,59.0,52.6,17,53.5,169.8,27,,156,0,-12.94373,-38.49461,Salvador,parked,none,2500,69.2
TLM01101,CUST0111,VEH0011,CONTR0111,2026-07-30T22:30:00,SYNTHETIC,43892,1328,1500,172,88.5,45.1,29.5,20,39.3,120.7,17,,95,0,-15.84498,-47.85288,Brasília,parked,none,4000,88.5
TLM01102,CUST0111,VEH0011,CONTR0111,2026-08-06T15:19:00,SYNTHETIC,44227,1341,1500,159,89.4,34.9,24.2,25,41.6,121.1,21,,118,0,-15.71895,-47.95306,Brasília,parked,none,700,89.4
TLM01103,CUST0111,VEH0011,CONTR0111,2026-08-13T15:02:00,SYNTHETIC,44549,1288,1500,212,85.9,37.3,22.8,25,36.7,110.3,66,,370,0,-15.81045,-47.86741,Brasília,moving,none,1000,85.9
TLM01104,CUST0111,VEH0011,CONTR0111,2026-08-20T11:07:00,SYNTHETIC,44868,1277,1500,223,85.1,48.3,48.7,11,60.5,103.1,69,,387,0,-15.77346,-47.9403,Brasília,moving,none,700,85.1
TLM01105,CUST0111,VEH0011,CONTR0111,2026-08-27T15:43:00,SYNTHETIC,45205,1348,1500,152,89.9,42.9,7.4,82,10.4,117.3,76,,427,0,-15.74523,-47.93381,Brasília,moving,none,1500,89.9
TLM01106,CUST0111,VEH0011,CONTR0111,2026-09-03T08:08:00,SYNTHETIC,45514,1238,1500,262,82.5,56.8,46.1,12,48.6,108.5,55,,309,0,-15.8249,-47.87681,Brasília,moving,km_limit,350,82.5
TLM01107,CUST0111,VEH0011,CONTR0111,2026-09-10T11:05:00,SYNTHETIC,45860,1386,1500,114,92.4,58.6,8.8,71,9.0,126.4,65,,365,0,-15.72202,-47.98251,Brasília,parked,low_fuel,700,92.4
TLM01108,CUST0111,VEH0011,CONTR0111,2026-09-17T14:34:00,SYNTHETIC,46211,1407,1500,93,93.8,49.8,37.0,17,44.6,121.6,35,,196,0,-15.76809,-47.87635,Brasília,parked,low_fuel,1500,93.8
TLM01109,CUST0111,VEH0011,CONTR0111,2026-09-24T17:08:00,SYNTHETIC,46551,1360,1500,140,90.7,38.9,21.9,28,33.8,110.8,54,,303,0,-15.75685,-47.94337,Brasília,parked,low_fuel,700,90.7
TLM01110,CUST0111,VEH0011,CONTR0111,2026-10-01T07:23:00,SYNTHETIC,46869,1273,1500,227,84.9,40.5,10.1,57,15.0,101.2,58,,325,0,-15.82154,-47.97855,Brasília,parked,maintenance,350,84.9
TLM01111,CUST0112,VEH0012,CONTR0112,2026-07-30T22:46:00,SYNTHETIC,45375,413,800,387,51.6,35.8,23.9,7,40.1,36.0,33,,185,0,-16.63708,-49.24378,Goiânia,moving,km_limit,1000,51.6
TLM01112,CUST0112,VEH0012,CONTR0112,2026-08-06T14:18:00,SYNTHETIC,45529,617,800,183,77.1,43.7,23.5,11,32.2,54.7,88,,495,0,-16.62044,-49.26445,Goiânia,moving,none,1500,77.1
TLM01113,CUST0112,VEH0012,CONTR0112,2026-08-13T08:55:00,SYNTHETIC,45628,398,800,402,49.8,45.4,7.5,24,9.9,34.5,82,,461,0,-16.63002,-49.2508,Goiânia,moving,km_limit,700,49.8
TLM01114,CUST0112,VEH0012,CONTR0112,2026-08-20T22:34:00,SYNTHETIC,45768,560,800,240,70.0,59.2,54.0,4,54.7,51.0,19,,106,0,-16.61368,-49.23101,Goiânia,parked,km_limit,2500,70.0
TLM01115,CUST0112,VEH0012,CONTR0112,2026-08-27T11:20:00,SYNTHETIC,45879,446,800,354,55.8,33.9,32.6,6,57.7,38.7,51,,287,0,-16.64654,-49.31079,Goiânia,moving,km_limit,2500,55.8
TLM01116,CUST0112,VEH0012,CONTR0112,2026-09-03T21:51:00,SYNTHETIC,46023,579,800,221,72.4,41.9,46.8,5,67.0,50.4,56,,315,0,-16.6271,-49.27904,Goiânia,moving,none,4000,72.4
TLM01117,CUST0112,VEH0012,CONTR0112,2026-09-10T18:31:00,SYNTHETIC,46155,529,800,271,66.1,31.7,26.8,8,50.8,48.6,52,,292,0,-16.742,-49.28427,Goiânia,parked,low_fuel,1000,66.1
TLM01118,CUST0112,VEH0012,CONTR0112,2026-09-17T18:08:00,SYNTHETIC,46323,673,800,127,84.1,48.1,25.5,12,31.8,67.5,54,,304,0,-16.66199,-49.26885,Goiânia,parked,none,700,84.1
TLM01119,CUST0112,VEH0012,CONTR0112,2026-09-24T06:44:00,SYNTHETIC,46461,554,800,246,69.2,42.6,53.6,4,75.5,49.5,93,,523,0,-16.75011,-49.35322,Goiânia,parked,maintenance,2500,69.2
TLM01120,CUST0112,VEH0012,CONTR0112,2026-10-01T08:34:00,SYNTHETIC,46571,441,800,359,55.1,35.7,6.8,29,11.5,44.0,58,,326,0,-16.66091,-49.25477,Goiânia,moving,none,700,55.1
TLM01121,CUST0113,VEH0013,CONTR0113,2026-07-30T20:37:00,SYNTHETIC,43182,2007,3000,993,66.9,38.0,19.6,46,30.9,189.0,81,,449,0,-15.79058,-47.94887,Brasília,parked,maintenance,1000,66.9
TLM01122,CUST0113,VEH0013,CONTR0113,2026-08-06T22:08:00,SYNTHETIC,43789,2428,3000,572,80.9,54.4,30.0,36,33.1,215.9,88,,488,0,-15.69862,-47.85748,Brasília,parked,low_fuel,1000,80.9
TLM01123,CUST0113,VEH0013,CONTR0113,2026-08-13T08:52:00,SYNTHETIC,44228,1757,3000,1243,58.6,32.9,27.6,28,50.4,154.7,83,,460,0,-15.82786,-47.89157,Brasília,moving,low_fuel,2500,58.6
TLM01124,CUST0113,VEH0013,CONTR0113,2026-08-20T15:58:00,SYNTHETIC,44959,2927,3000,73,97.6,57.2,50.0,26,52.5,251.5,57,,316,0,-15.69541,-47.82811,Brasília,parked,maintenance,2500,97.6
TLM01125,CUST0113,VEH0013,CONTR0113,2026-08-27T22:06:00,SYNTHETIC,45786,3308,3000,0,110.3,55.0,16.1,93,17.6,286.2,35,,194,0,-15.83661,-47.86,Brasília,parked,km_limit,2500,110.3
TLM01126,CUST0113,VEH0013,CONTR0113,2026-09-03T13:39:00,SYNTHETIC,46308,2090,3000,910,69.7,45.1,42.8,22,57.0,193.6,29,,160,0,-15.69212,-47.89751,Brasília,parked,maintenance,350,69.7
TLM01127,CUST0113,VEH0013,CONTR0113,2026-09-10T11:53:00,SYNTHETIC,46864,2227,3000,773,74.2,59.2,34.2,29,34.7,207.8,17,,94,0,-15.83303,-47.9013,Brasília,moving,low_fuel,4000,74.2
TLM01128,CUST0113,VEH0013,CONTR0113,2026-09-17T17:05:00,SYNTHETIC,47442,2312,3000,688,77.1,47.0,26.8,39,34.2,197.1,41,,227,0,-15.74941,-47.87106,Brasília,parked,low_fuel,700,77.1
TLM01129,CUST0113,VEH0013,CONTR0113,2026-09-24T12:08:00,SYNTHETIC,48137,2780,3000,220,92.7,28.7,41.4,30,86.5,262.9,16,,88,0,-15.74216,-47.97298,Brasília,parked,none,4000,92.7
TLM01130,CUST0113,VEH0013,CONTR0113,2026-10-01T21:19:00,SYNTHETIC,48613,1905,3000,1095,63.5,36.2,34.6,24,57.4,148.8,83,,460,0,-15.82839,-47.8376,Brasília,moving,low_fuel,700,63.5
TLM01131,CUST0114,VEH0014,CONTR0114,2026-07-30T22:45:00,SYNTHETIC,37074,713,1500,787,47.5,29.4,8.9,36,18.1,56.9,83,,507,0,-22.95519,-47.06577,Campinas,moving,low_fuel,350,47.5
TLM01132,CUST0114,VEH0014,CONTR0114,2026-08-06T22:31:00,SYNTHETIC,37182,435,1500,1065,29.0,35.2,28.6,6,48.7,33.8,58,,354,0,-22.94197,-46.98992,Campinas,moving,low_fuel,4000,29.0
TLM01133,CUST0114,VEH0014,CONTR0114,2026-08-13T12:22:00,SYNTHETIC,37326,579,1500,921,38.6,35.4,23.1,11,39.2,47.9,66,,403,0,-22.93615,-47.01213,Campinas,parked,none,2500,38.6
TLM01134,CUST0114,VEH0014,CONTR0114,2026-08-20T15:28:00,SYNTHETIC,37492,667,1500,833,44.5,46.5,53.8,5,69.4,57.9,70,,428,0,-22.86836,-47.09737,Campinas,moving,none,350,44.5
TLM01135,CUST0114,VEH0014,CONTR0114,2026-08-27T09:06:00,SYNTHETIC,37630,553,1500,947,36.9,40.8,34.7,7,51.0,44.5,60,,367,0,-22.9141,-47.07174,Campinas,charging,low_fuel,1000,36.9
TLM01136,CUST0114,VEH0014,CONTR0114,2026-09-03T20:01:00,SYNTHETIC,37795,661,1500,839,44.1,50.4,47.1,6,56.0,56.7,75,,459,0,-22.83803,-47.02397,Campinas,parked,none,1500,44.1
TLM01137,CUST0114,VEH0014,CONTR0114,2026-09-10T08:24:00,SYNTHETIC,37978,733,1500,767,48.9,40.9,6.2,53,9.1,62.9,52,,318,0,-22.84571,-47.07009,Campinas,parked,maintenance,700,48.9
TLM01138,CUST0114,VEH0014,CONTR0114,2026-09-17T12:21:00,SYNTHETIC,38151,693,1500,807,46.2,30.6,49.8,6,97.6,56.3,74,,452,0,-22.8892,-46.98022,Campinas,parked,low_fuel,1000,46.2
TLM01139,CUST0114,VEH0014,CONTR0114,2026-09-24T06:08:00,SYNTHETIC,38292,564,1500,936,37.6,37.0,53.8,4,87.2,48.9,19,,116,0,-22.8964,-47.07688,Campinas,moving,low_fuel,700,37.6
TLM01140,CUST0114,VEH0014,CONTR0114,2026-10-01T14:43:00,SYNTHETIC,38442,601,1500,899,40.1,35.1,12.6,21,21.5,51.1,28,,171,0,-22.93158,-47.09255,Campinas,parked,low_fuel,1000,40.1
TLM01141,CUST0115,VEH0015,CONTR0115,2026-07-30T21:25:00,SYNTHETIC,35400,1060,1000,0,106.0,55.0,51.4,9,56.1,103.2,88,,509,0,-13.02589,-38.45591,Salvador,parked,km_limit,350,106.0
TLM01142,CUST0115,VEH0015,CONTR0115,2026-08-06T14:39:00,SYNTHETIC,35716,1267,1000,0,126.7,49.3,39.9,14,48.6,109.4,37,,214,0,-12.98605,-38.45446,Salvador,parked,maintenance,700,126.7
TLM01143,CUST0115,VEH0015,CONTR0115,2026-08-13T20:08:00,SYNTHETIC,36012,1185,1000,0,118.5,39.9,47.9,11,72.0,107.6,57,,330,0,-12.93217,-38.55717,Salvador,moving,low_fuel,2500,118.5
TLM01144,CUST0115,VEH0015,CONTR0115,2026-08-20T09:48:00,SYNTHETIC,36201,756,1000,244,75.6,49.8,26.8,12,32.3,73.2,86,,497,0,-13.00611,-38.44376,Salvador,moving,low_fuel,350,75.6
TLM01145,CUST0115,VEH0015,CONTR0115,2026-08-27T22:57:00,SYNTHETIC,36491,1160,1000,0,116.0,56.2,16.0,33,17.0,121.2,90,,521,0,-13.05711,-38.49795,Salvador,parked,low_fuel,2500,116.0
TLM01146,CUST0115,VEH0015,CONTR0115,2026-09-03T15:48:00,SYNTHETIC,36727,946,1000,54,94.6,53.4,53.1,8,59.7,85.7,44,,254,0,-12.99153,-38.57467,Salvador,moving,km_limit,700,94.6
TLM01147,CUST0115,VEH0015,CONTR0115,2026-09-10T19:01:00,SYNTHETIC,36923,784,1000,216,78.4,28.3,6.6,53,14.0,81.4,59,,341,0,-13.0377,-38.55647,Salvador,moving,maintenance,700,78.4
TLM01148,CUST0115,VEH0015,CONTR0115,2026-09-17T07:46:00,SYNTHETIC,37125,808,1000,192,80.8,33.7,7.9,46,14.1,73.8,36,,208,0,-12.96313,-38.50487,Salvador,moving,none,700,80.8
TLM01149,CUST0115,VEH0015,CONTR0115,2026-09-24T14:06:00,SYNTHETIC,37327,811,1000,189,81.1,37.5,7.0,52,11.1,81.0,78,,451,0,-12.97711,-38.55137,Salvador,parked,maintenance,4000,81.1
TLM01150,CUST0115,VEH0015,CONTR0115,2026-10-01T15:06:00,SYNTHETIC,37628,1206,1000,0,120.6,56.6,37.5,14,39.8,105.4,76,,440,0,-12.91475,-38.42912,Salvador,moving,maintenance,4000,120.6
TLM01151,CUST0116,VEH0016,CONTR0116,2026-07-30T18:16:00,SYNTHETIC,41952,2559,2500,0,102.4,43.8,34.8,33,47.6,180.2,75,,371,0,-19.89136,-43.89882,Belo Horizonte,moving,low_fuel,700,102.4
TLM01152,CUST0116,VEH0016,CONTR0116,2026-08-06T06:16:00,SYNTHETIC,42415,1854,2500,646,74.2,30.7,30.3,27,59.3,119.7,33,,163,0,-19.89667,-43.87969,Belo Horizonte,parked,none,700,74.2
TLM01153,CUST0116,VEH0016,CONTR0116,2026-08-13T18:33:00,SYNTHETIC,42876,1844,2500,656,73.8,31.4,32.1,26,61.4,127.0,19,,94,0,-19.96079,-43.8807,Belo Horizonte,moving,none,700,73.8
TLM01154,CUST0116,VEH0016,CONTR0116,2026-08-20T07:02:00,SYNTHETIC,43482,2426,2500,74,97.0,33.1,25.6,43,46.4,169.5,36,,178,0,-19.93472,-43.866,Belo Horizonte,moving,none,350,97.0
TLM01155,CUST0116,VEH0016,CONTR0116,2026-08-27T06:00:00,SYNTHETIC,44290,3232,2500,0,129.3,42.1,12.6,116,18.0,220.4,40,,198,0,-19.97562,-43.91458,Belo Horizonte,moving,maintenance,1500,129.3
TLM01156,CUST0116,VEH0016,CONTR0116,2026-09-03T20:13:00,SYNTHETIC,44696,1627,2500,873,65.1,44.8,12.7,58,17.0,119.4,87,,430,0,-19.9314,-43.97639,Belo Horizonte,parked,none,350,65.1
TLM01157,CUST0116,VEH0016,CONTR0116,2026-09-10T07:47:00,SYNTHETIC,45090,1579,2500,921,63.2,43.4,13.9,51,19.2,97.9,84,,415,0,-19.94836,-43.84917,Belo Horizonte,parked,maintenance,1500,63.2
TLM01158,CUST0116,VEH0016,CONTR0116,2026-09-17T14:47:00,SYNTHETIC,45706,2466,2500,34,98.6,34.3,7.2,155,12.6,176.6,55,,272,0,-19.96465,-43.97281,Belo Horizonte,parked,low_fuel,4000,98.6
TLM01159,CUST0116,VEH0016,CONTR0116,2026-09-24T15:15:00,SYNTHETIC,46358,2608,2500,0,104.3,46.6,54.6,21,70.4,160.2,15,,74,0,-19.96472,-43.83339,Belo Horizonte,moving,none,1500,104.3
TLM01160,CUST0116,VEH0016,CONTR0116,2026-10-01T10:05:00,SYNTHETIC,46844,1946,2500,554,77.8,38.3,48.0,18,75.3,142.1,31,,153,0,-19.92618,-43.98825,Belo Horizonte,moving,none,700,77.8
TLM01161,CUST0117,VEH0017,CONTR0117,2026-07-30T15:47:00,SYNTHETIC,33688,2207,2000,0,110.3,30.8,52.8,19,102.8,208.5,17,,97,0,-12.90804,-38.46234,Salvador,parked,none,2500,110.3
TLM01162,CUST0117,VEH0017,CONTR0117,2026-08-06T13:59:00,SYNTHETIC,34274,2346,2000,0,117.3,35.1,14.9,71,25.6,210.5,60,,345,0,-13.01888,-38.52455,Salvador,parked,none,1000,117.3
TLM01163,CUST0117,VEH0017,CONTR0117,2026-08-13T17:37:00,SYNTHETIC,34829,2220,2000,0,111.0,46.9,53.6,18,68.4,200.6,49,,281,0,-12.95336,-38.57208,Salvador,moving,low_fuel,1000,111.0
TLM01164,CUST0117,VEH0017,CONTR0117,2026-08-20T19:34:00,SYNTHETIC,35411,2329,2000,0,116.5,31.8,52.8,20,99.8,204.7,26,,149,0,-12.89884,-38.43105,Salvador,parked,low_fuel,700,116.5
TLM01165,CUST0117,VEH0017,CONTR0117,2026-08-27T10:13:00,SYNTHETIC,36016,2420,2000,0,121.0,58.1,18.5,59,19.1,213.5,80,,460,0,-12.96559,-38.43013,Salvador,parked,km_limit,4000,121.0
TLM01166,CUST0117,VEH0017,CONTR0117,2026-09-03T08:36:00,SYNTHETIC,36567,2207,2000,0,110.3,43.5,7.2,140,9.9,202.2,71,,408,0,-13.02224,-38.58479,Salvador,moving,maintenance,4000,110.3
TLM01167,CUST0117,VEH0017,CONTR0117,2026-09-10T10:53:00,SYNTHETIC,37105,2152,2000,0,107.6,42.9,8.1,120,11.4,184.2,82,,471,0,-13.00819,-38.53782,Salvador,moving,km_limit,700,107.6
TLM01168,CUST0117,VEH0017,CONTR0117,2026-09-17T22:26:00,SYNTHETIC,37680,2303,2000,0,115.1,37.2,52.3,20,84.3,182.4,35,,201,0,-12.9888,-38.52092,Salvador,moving,none,350,115.1
TLM01169,CUST0117,VEH0017,CONTR0117,2026-09-24T16:00:00,SYNTHETIC,38221,2167,2000,0,108.3,61.9,15.8,62,15.3,197.7,33,,189,0,-12.89919,-38.46817,Salvador,moving,none,350,108.3
TLM01170,CUST0117,VEH0017,CONTR0117,2026-10-01T09:39:00,SYNTHETIC,38800,2319,2000,0,116.0,40.8,44.9,23,66.0,212.2,66,,379,0,-13.039,-38.5074,Salvador,parked,none,1500,116.0
TLM01171,CUST0118,VEH0018,CONTR0118,2026-07-30T08:24:00,SYNTHETIC,79683,874,1000,126,87.4,32.1,11.8,33,22.1,80.6,17,,105,0,-29.98966,-51.16361,Porto Alegre,moving,low_fuel,2500,87.4
TLM01172,CUST0118,VEH0018,CONTR0118,2026-08-06T20:47:00,SYNTHETIC,79808,500,1000,500,50.0,51.3,15.9,14,18.6,43.1,89,,551,0,-29.96587,-51.27507,Porto Alegre,moving,maintenance,4000,50.0
TLM01173,CUST0118,VEH0018,CONTR0118,2026-08-13T21:16:00,SYNTHETIC,80001,774,1000,226,77.4,39.5,32.6,10,49.6,72.0,25,,155,0,-30.01833,-51.27573,Porto Alegre,moving,km_limit,2500,77.4
TLM01174,CUST0118,VEH0018,CONTR0118,2026-08-20T09:56:00,SYNTHETIC,80170,677,1000,323,67.7,56.6,34.9,8,37.0,56.3,43,,266,0,-30.06501,-51.14862,Porto Alegre,charging,km_limit,700,67.7
TLM01175,CUST0118,VEH0018,CONTR0118,2026-08-27T17:44:00,SYNTHETIC,80276,425,1000,575,42.5,31.3,49.2,3,94.5,35.6,92,,570,0,-30.03903,-51.20203,Porto Alegre,parked,low_fuel,2500,42.5
TLM01176,CUST0118,VEH0018,CONTR0118,2026-09-03T08:23:00,SYNTHETIC,80490,856,1000,144,85.6,38.5,53.7,7,83.6,69.9,48,,297,0,-30.04794,-51.16021,Porto Alegre,moving,none,4000,85.6
TLM01177,CUST0118,VEH0018,CONTR0118,2026-09-10T14:55:00,SYNTHETIC,80636,586,1000,414,58.6,43.2,24.4,10,33.9,51.8,91,,564,0,-30.01578,-51.21157,Porto Alegre,parked,none,1000,58.6
TLM01178,CUST0118,VEH0018,CONTR0118,2026-09-17T08:44:00,SYNTHETIC,80743,431,1000,569,43.1,46.7,19.1,10,24.5,38.6,17,,105,0,-29.99937,-51.13493,Porto Alegre,parked,low_fuel,700,43.1
TLM01179,CUST0118,VEH0018,CONTR0118,2026-09-24T07:33:00,SYNTHETIC,80902,636,1000,364,63.6,48.3,43.6,6,54.2,60.5,34,,210,0,-30.02503,-51.14027,Porto Alegre,parked,none,1500,63.6
TLM01180,CUST0118,VEH0018,CONTR0118,2026-10-01T19:19:00,SYNTHETIC,81082,722,1000,278,72.2,58.8,28.9,11,29.5,66.5,60,,372,0,-30.05493,-51.13334,Porto Alegre,moving,none,4000,72.2
TLM01181,CUST0119,VEH0019,CONTR0119,2026-07-30T16:06:00,SYNTHETIC,64675,449,800,351,56.1,38.0,13.8,14,21.8,40.8,86,,474,0,-15.80069,-47.82387,Brasília,parked,low_fuel,382,56.1
TLM01182,CUST0119,VEH0019,CONTR0119,2026-08-06T18:07:00,SYNTHETIC,64872,791,800,9,98.9,54.7,53.8,6,58.9,75.8,17,,93,0,-15.74718,-47.924,Brasília,parked,low_fuel,440,98.9
TLM01183,CUST0119,VEH0019,CONTR0119,2026-08-13T10:29:00,SYNTHETIC,65012,562,800,238,70.2,37.0,26.0,9,42.2,50.6,31,,171,0,-15.87465,-47.91937,Brasília,parked,maintenance,224,70.2
TLM01184,CUST0119,VEH0019,CONTR0119,2026-08-20T08:08:00,SYNTHETIC,65249,948,800,0,118.5,34.8,50.3,8,86.7,94.9,95,,524,0,-15.88382,-47.78902,Brasília,parked,none,135,118.5
TLM01185,CUST0119,VEH0019,CONTR0119,2026-08-27T14:19:00,SYNTHETIC,65459,840,800,0,105.0,28.4,42.0,9,88.8,81.9,56,,309,0,-15.82743,-47.92637,Brasília,parked,low_fuel,495,105.0
TLM01186,CUST0119,VEH0019,CONTR0119,2026-09-03T06:06:00,SYNTHETIC,65660,806,800,0,100.8,58.4,53.9,6,55.4,78.4,43,,237,0,-15.78899,-47.88047,Brasília,moving,km_limit,253,100.8
TLM01187,CUST0119,VEH0019,CONTR0119,2026-09-10T13:22:00,SYNTHETIC,65839,719,800,81,89.9,53.3,36.7,8,41.3,66.9,54,,298,0,-15.79919,-47.86623,Brasília,parked,none,176,89.9
TLM01188,CUST0119,VEH0019,CONTR0119,2026-09-17T18:28:00,SYNTHETIC,66006,669,800,131,83.6,33.7,52.1,5,92.6,69.5,31,,171,0,-15.73062,-47.85223,Brasília,parked,none,442,83.6
TLM01189,CUST0119,VEH0019,CONTR0119,2026-09-24T08:59:00,SYNTHETIC,66214,834,800,0,104.2,41.2,23.2,16,33.8,85.7,66,,364,0,-15.7891,-47.86302,Brasília,maintenance,none,166,104.2
TLM01190,CUST0119,VEH0019,CONTR0119,2026-10-01T08:42:00,SYNTHETIC,66443,917,800,0,114.6,43.0,48.0,8,66.9,86.4,94,,518,0,-15.86298,-47.92412,Brasília,moving,km_limit,342,114.6
TLM01191,CUST0120,VEH0020,CONTR0120,2026-07-30T15:09:00,SYNTHETIC,7221,1001,1200,199,83.4,61.1,15.3,29,15.0,84.6,79,,474,0,-3.81997,-38.53128,Fortaleza,moving,km_limit,2500,83.4
TLM01192,CUST0120,VEH0020,CONTR0120,2026-08-06T09:09:00,SYNTHETIC,7524,1212,1200,0,101.0,29.8,56.1,9,112.9,109.9,63,,378,0,-3.82616,-38.45489,Fortaleza,parked,none,2500,101.0
TLM01193,CUST0120,VEH0020,CONTR0120,2026-08-13T18:42:00,SYNTHETIC,7840,1264,1200,0,105.3,53.1,31.7,18,35.8,103.5,88,,528,0,-3.72951,-38.45323,Fortaleza,parked,none,700,105.3
TLM01194,CUST0120,VEH0020,CONTR0120,2026-08-20T08:33:00,SYNTHETIC,8106,1064,1200,136,88.7,32.2,52.5,9,97.7,91.7,40,,240,0,-3.81658,-38.54154,Fortaleza,parked,maintenance,2500,88.7
TLM01195,CUST0120,VEH0020,CONTR0120,2026-08-27T22:51:00,SYNTHETIC,8475,1479,1200,0,123.2,38.4,30.4,22,47.5,126.9,51,,306,0,-3.81146,-38.57103,Fortaleza,parked,low_fuel,2500,123.2
TLM01196,CUST0120,VEH0020,CONTR0120,2026-09-03T09:52:00,SYNTHETIC,8892,1671,1200,0,139.2,42.3,9.6,78,13.7,138.2,48,,288,0,-3.82394,-38.57439,Fortaleza,moving,none,350,139.2
TLM01197,CUST0120,VEH0020,CONTR0120,2026-09-10T13:55:00,SYNTHETIC,9379,1949,1200,0,162.4,40.6,21.1,42,31.1,172.5,25,,150,0,-3.83537,-38.46807,Fortaleza,moving,none,4000,162.4
TLM01198,CUST0120,VEH0020,CONTR0120,2026-09-17T09:45:00,SYNTHETIC,9804,1701,1200,0,141.8,60.3,36.1,21,35.9,152.7,45,,270,0,-3.72326,-38.44182,Fortaleza,parked,none,1500,141.8
TLM01199,CUST0120,VEH0020,CONTR0120,2026-09-24T07:05:00,SYNTHETIC,10343,2159,1200,0,179.9,34.9,12.2,80,21.0,189.3,28,,168,0,-3.82575,-38.53723,Fortaleza,parked,km_limit,2500,179.9
TLM01200,CUST0120,VEH0020,CONTR0120,2026-10-01T09:37:00,SYNTHETIC,10646,1212,1200,0,101.0,59.2,39.5,13,40.0,94.4,28,,168,0,-3.70844,-38.45948,Fortaleza,parked,km_limit,4000,101.0
TLM01201,CUST0121,VEH0021,CONTR0121,2026-07-30T07:46:00,SYNTHETIC,11468,1973,1800,0,109.6,31.6,36.9,24,70.1,0.0,,74,213,2,-25.44,-49.36765,Curitiba,parked,battery_low,1000,109.6
TLM01202,CUST0121,VEH0021,CONTR0121,2026-08-06T08:13:00,SYNTHETIC,11981,2055,1800,0,114.2,49.6,46.3,20,55.9,0.0,,67,192,0,-25.36786,-49.32889,Curitiba,moving,none,4000,114.2
TLM01203,CUST0121,VEH0021,CONTR0121,2026-08-13T06:30:00,SYNTHETIC,12280,1198,1800,602,66.6,32.1,29.2,18,54.6,0.0,,46,125,7,-25.49915,-49.30853,Curitiba,parked,battery_low,2500,66.6
TLM01204,CUST0121,VEH0021,CONTR0121,2026-08-20T09:49:00,SYNTHETIC,12752,1890,1800,0,105.0,43.9,52.3,16,71.5,0.0,,38,101,8,-25.42268,-49.22726,Curitiba,moving,maintenance,4000,105.0
TLM01205,CUST0121,VEH0021,CONTR0121,2026-08-27T12:31:00,SYNTHETIC,13281,2116,1800,0,117.6,51.0,49.1,19,57.7,0.0,,74,192,7,-25.46695,-49.34714,Curitiba,parked,maintenance,350,117.6
TLM01206,CUST0121,VEH0021,CONTR0121,2026-09-03T17:50:00,SYNTHETIC,13660,1518,1800,282,84.3,57.4,50.1,13,52.4,0.0,,25,64,4,-25.46487,-49.24467,Curitiba,parked,none,2500,84.3
TLM01207,CUST0121,VEH0021,CONTR0121,2026-09-10T11:10:00,SYNTHETIC,13912,1008,1800,792,56.0,50.1,38.8,11,46.4,0.0,,62,159,2,-25.36593,-49.36396,Curitiba,parked,km_limit,700,56.0
TLM01208,CUST0121,VEH0021,CONTR0121,2026-09-17T21:01:00,SYNTHETIC,14408,1984,1800,0,110.2,41.1,38.8,23,56.6,0.0,,73,199,7,-25.45894,-49.31261,Curitiba,parked,km_limit,1000,110.2
TLM01209,CUST0121,VEH0021,CONTR0121,2026-09-24T07:47:00,SYNTHETIC,14676,1073,1800,727,59.6,49.1,11.8,41,14.4,0.0,,71,198,2,-25.5027,-49.31836,Curitiba,moving,none,350,59.6
TLM01210,CUST0121,VEH0021,CONTR0121,2026-10-01T22:49:00,SYNTHETIC,14969,1172,1800,628,65.1,30.5,29.5,18,58.2,0.0,,26,67,5,-25.47989,-49.25833,Curitiba,moving,battery_low,350,65.1
TLM01211,CUST0122,VEH0022,CONTR0122,2026-07-30T08:14:00,SYNTHETIC,32951,723,800,77,90.4,49.1,48.4,6,59.2,33.0,51,,499,2,-3.84614,-38.56363,Fortaleza,moving,maintenance,1000,90.4
TLM01212,CUST0122,VEH0022,CONTR0122,2026-08-06T08:24:00,SYNTHETIC,33135,737,800,63,92.1,30.5,6.8,49,13.3,35.5,20,,195,0,-3.77371,-38.5535,Fortaleza,parked,none,350,92.1
TLM01213,CUST0122,VEH0022,CONTR0122,2026-08-13T08:05:00,SYNTHETIC,33306,686,800,114,85.8,37.9,40.9,7,64.8,29.3,93,,910,1,-3.84941,-38.60913,Fortaleza,moving,none,700,85.8
TLM01214,CUST0122,VEH0022,CONTR0122,2026-08-20T09:20:00,SYNTHETIC,33493,749,800,51,93.6,42.3,43.7,7,61.9,31.4,79,,773,2,-3.77432,-38.52357,Fortaleza,moving,low_fuel,1500,93.6
TLM01215,CUST0122,VEH0022,CONTR0122,2026-08-27T13:37:00,SYNTHETIC,33678,743,800,57,92.9,32.7,43.8,7,80.4,36.1,78,,763,1,-3.79037,-38.52181,Fortaleza,parked,none,350,92.9
TLM01216,CUST0122,VEH0022,CONTR0122,2026-09-03T18:01:00,SYNTHETIC,33845,671,800,129,83.9,40.8,52.0,5,76.5,27.4,91,,890,1,-3.82535,-38.48598,Fortaleza,parked,none,700,83.9
TLM01217,CUST0122,VEH0022,CONTR0122,2026-09-10T20:06:00,SYNTHETIC,34034,758,800,42,94.8,54.2,26.7,12,29.6,33.8,33,,323,0,-3.84554,-38.57929,Fortaleza,parked,none,1000,94.8
TLM01218,CUST0122,VEH0022,CONTR0122,2026-09-17T07:13:00,SYNTHETIC,34204,683,800,117,85.4,55.4,43.0,7,46.6,30.6,44,,430,1,-3.83428,-38.56097,Fortaleza,charging,low_fuel,4000,85.4
TLM01219,CUST0122,VEH0022,CONTR0122,2026-09-24T20:42:00,SYNTHETIC,34387,733,800,67,91.6,58.2,20.5,16,21.2,30.2,53,,518,2,-3.82094,-38.60389,Fortaleza,parked,low_fuel,1000,91.6
TLM01220,CUST0122,VEH0022,CONTR0122,2026-10-01T15:02:00,SYNTHETIC,34570,732,800,68,91.5,41.4,31.9,10,46.2,36.1,72,,704,0,-3.77812,-38.54328,Fortaleza,moving,maintenance,2500,91.5
TLM01221,CUST0123,VEH0023,CONTR0123,2026-07-30T18:30:00,SYNTHETIC,64024,2627,1800,0,145.9,40.8,21.8,54,32.0,0.0,,86,247,3,-23.56497,-46.70954,São Paulo,parked,none,1000,145.9
TLM01222,CUST0123,VEH0023,CONTR0123,2026-08-06T06:51:00,SYNTHETIC,64482,1833,1800,0,101.8,46.0,55.9,14,72.9,0.0,,85,231,6,-23.58966,-46.58472,São Paulo,parked,battery_low,4000,101.8
TLM01223,CUST0123,VEH0023,CONTR0123,2026-08-13T17:50:00,SYNTHETIC,65020,2154,1800,0,119.7,51.1,19.8,49,23.2,0.0,,67,187,3,-23.62772,-46.64771,São Paulo,parked,none,1000,119.7
TLM01224,CUST0123,VEH0023,CONTR0123,2026-08-20T20:27:00,SYNTHETIC,65731,2845,1800,0,158.1,44.1,46.3,27,63.0,0.0,,35,100,5,-23.47953,-46.60744,São Paulo,moving,battery_low,2500,158.1
TLM01225,CUST0123,VEH0023,CONTR0123,2026-08-27T21:45:00,SYNTHETIC,66401,2681,1800,0,148.9,53.1,35.3,34,39.9,0.0,,32,89,8,-23.57754,-46.69093,São Paulo,parked,km_limit,2500,148.9
TLM01226,CUST0123,VEH0023,CONTR0123,2026-09-03T18:47:00,SYNTHETIC,66795,1576,1800,224,87.6,52.0,9.9,72,11.5,0.0,,92,237,2,-23.49781,-46.65881,São Paulo,moving,none,1500,87.6
TLM01227,CUST0123,VEH0023,CONTR0123,2026-09-10T20:53:00,SYNTHETIC,67181,1544,1800,256,85.8,34.0,70.5,9,124.5,0.0,,43,115,1,-23.57242,-46.58976,São Paulo,parked,battery_low,350,85.8
TLM01228,CUST0123,VEH0023,CONTR0123,2026-09-17T17:07:00,SYNTHETIC,67595,1656,1800,144,92.0,44.7,36.1,20,48.4,0.0,,32,89,2,-23.58555,-46.59774,São Paulo,parked,maintenance,2500,92.0
TLM01229,CUST0123,VEH0023,CONTR0123,2026-09-24T11:11:00,SYNTHETIC,68206,2446,1800,0,135.9,29.1,19.7,56,40.7,0.0,,38,107,0,-23.62705,-46.70285,São Paulo,parked,maintenance,700,135.9
TLM01230,CUST0123,VEH0023,CONTR0123,2026-10-01T18:17:00,SYNTHETIC,69003,3191,1800,0,177.3,47.3,44.5,32,56.4,0.0,,37,107,4,-23.55251,-46.71929,São Paulo,parked,battery_low,700,177.3
TLM01231,CUST0124,VEH0024,CONTR0124,2026-07-30T20:56:00,SYNTHETIC,8746,1736,1200,0,144.7,43.3,49.3,16,68.3,135.6,42,,348,0,-22.89996,-43.10283,Rio de Janeiro,parked,none,1500,144.7
TLM01232,CUST0124,VEH0024,CONTR0124,2026-08-06T18:36:00,SYNTHETIC,9199,1813,1200,0,151.1,37.9,15.7,52,24.9,126.1,73,,605,0,-22.98871,-43.22684,Rio de Janeiro,parked,none,1000,151.1
TLM01233,CUST0124,VEH0024,CONTR0124,2026-08-13T07:47:00,SYNTHETIC,9447,992,1200,208,82.7,37.5,27.7,16,44.4,80.7,86,,713,0,-22.9609,-43.0962,Rio de Janeiro,moving,none,2500,82.7
TLM01234,CUST0124,VEH0024,CONTR0124,2026-08-20T13:47:00,SYNTHETIC,9694,989,1200,211,82.4,39.9,41.7,10,62.7,78.1,85,,705,1,-22.92778,-43.22458,Rio de Janeiro,parked,low_fuel,350,82.4
TLM01235,CUST0124,VEH0024,CONTR0124,2026-08-27T17:41:00,SYNTHETIC,10160,1865,1200,0,155.4,44.8,32.5,26,43.6,127.0,88,,730,0,-23.01689,-43.08895,Rio de Janeiro,parked,none,1500,155.4
TLM01236,CUST0124,VEH0024,CONTR0124,2026-09-03T11:29:00,SYNTHETIC,10478,1275,1200,0,106.2,32.3,27.1,21,50.4,93.1,65,,539,2,-22.88645,-43.15647,Rio de Janeiro,moving,low_fuel,1000,106.2
TLM01237,CUST0124,VEH0024,CONTR0124,2026-09-10T06:32:00,SYNTHETIC,10940,1851,1200,0,154.2,48.0,19.0,44,23.7,144.3,90,,747,1,-22.88706,-43.17536,Rio de Janeiro,parked,km_limit,350,154.2
TLM01238,CUST0124,VEH0024,CONTR0124,2026-09-17T06:42:00,SYNTHETIC,11256,1264,1200,0,105.3,44.8,23.8,24,31.9,92.2,17,,141,0,-22.91015,-43.22841,Rio de Janeiro,charging,maintenance,350,105.3
TLM01239,CUST0124,VEH0024,CONTR0124,2026-09-24T07:17:00,SYNTHETIC,11683,1711,1200,0,142.6,48.2,14.1,55,17.6,133.9,62,,514,1,-22.98308,-43.15335,Rio de Janeiro,moving,maintenance,700,142.6
TLM01240,CUST0124,VEH0024,CONTR0124,2026-10-01T13:22:00,SYNTHETIC,11948,1061,1200,139,88.4,58.6,23.1,20,23.6,73.9,41,,340,0,-23.01377,-43.22031,Rio de Janeiro,parked,none,350,88.4
TLM01241,CUST0125,VEH0025,CONTR0125,2026-07-30T16:50:00,SYNTHETIC,48672,949,1200,251,79.1,61.1,11.6,37,11.4,92.4,43,,275,0,-22.90393,-47.02656,Campinas,moving,none,1000,79.1
TLM01242,CUST0125,VEH0025,CONTR0125,2026-08-06T13:12:00,SYNTHETIC,48922,1000,1200,200,83.3,45.1,33.2,13,44.1,91.5,41,,262,0,-22.87878,-47.12302,Campinas,moving,none,2500,83.3
TLM01243,CUST0125,VEH0025,CONTR0125,2026-08-13T13:07:00,SYNTHETIC,49280,1432,1200,0,119.3,48.1,12.5,52,15.6,137.6,18,,115,0,-22.99859,-47.0156,Campinas,moving,maintenance,1000,119.3
TLM01244,CUST0125,VEH0025,CONTR0125,2026-08-20T16:58:00,SYNTHETIC,49501,886,1200,314,73.8,33.5,34.4,11,61.6,79.2,57,,365,0,-22.87887,-47.07397,Campinas,moving,km_limit,2500,73.8
TLM01245,CUST0125,VEH0025,CONTR0125,2026-08-27T15:37:00,SYNTHETIC,49677,707,1200,493,58.9,32.8,53.4,6,97.5,62.7,24,,153,0,-22.95933,-47.14454,Campinas,parked,km_limit,1500,58.9
TLM01246,CUST0125,VEH0025,CONTR0125,2026-09-03T16:39:00,SYNTHETIC,49922,982,1200,218,81.8,48.2,48.5,9,60.3,91.3,87,,557,0,-22.86104,-47.1545,Campinas,moving,km_limit,700,81.8
TLM01247,CUST0125,VEH0025,CONTR0125,2026-09-10T10:27:00,SYNTHETIC,50170,992,1200,208,82.7,30.6,17.2,26,33.8,89.4,44,,282,0,-22.882,-47.1263,Campinas,moving,km_limit,4000,82.7
TLM01248,CUST0125,VEH0025,CONTR0125,2026-09-17T06:56:00,SYNTHETIC,50475,1220,1200,0,101.7,45.3,51.0,10,67.5,104.8,28,,179,0,-22.91947,-47.15088,Campinas,parked,low_fuel,700,101.7
TLM01249,CUST0125,VEH0025,CONTR0125,2026-09-24T10:17:00,SYNTHETIC,50687,851,1200,349,70.9,28.2,35.1,11,74.7,79.4,83,,532,0,-23.00903,-47.14356,Campinas,moving,none,1000,70.9
TLM01250,CUST0125,VEH0025,CONTR0125,2026-10-01T10:06:00,SYNTHETIC,50926,957,1200,243,79.8,35.8,22.3,19,37.3,78.0,27,,173,0,-22.9257,-47.15334,Campinas,moving,none,1000,79.8
TLM01251,CUST0126,VEH0026,CONTR0126,2026-07-30T10:23:00,SYNTHETIC,11880,1641,1800,159,91.2,43.0,50.9,14,71.1,138.7,32,,184,0,-3.69494,-38.56179,Fortaleza,moving,km_limit,1000,91.2
TLM01252,CUST0126,VEH0026,CONTR0126,2026-08-06T09:37:00,SYNTHETIC,12433,2213,1800,0,122.9,45.1,17.6,57,23.4,200.5,95,,547,0,-3.77688,-38.45357,Fortaleza,moving,none,4000,122.9
TLM01253,CUST0126,VEH0026,CONTR0126,2026-08-13T12:56:00,SYNTHETIC,12923,1962,1800,0,109.0,44.4,8.0,111,10.8,166.9,63,,362,0,-3.76821,-38.57478,Fortaleza,parked,none,2500,109.0
TLM01254,CUST0126,VEH0026,CONTR0126,2026-08-20T20:45:00,SYNTHETIC,13346,1693,1800,107,94.1,40.0,23.5,32,35.3,147.6,22,,126,0,-3.71887,-38.55563,Fortaleza,parked,none,700,94.1
TLM01255,CUST0126,VEH0026,CONTR0126,2026-08-27T22:12:00,SYNTHETIC,13611,1062,1800,738,59.0,45.7,37.2,12,48.9,95.6,60,,345,0,-3.673,-38.51536,Fortaleza,charging,maintenance,4000,59.0
TLM01256,CUST0126,VEH0026,CONTR0126,2026-09-03T22:17:00,SYNTHETIC,13959,1394,1800,406,77.4,42.9,44.9,14,62.8,110.1,37,,213,0,-3.74207,-38.58195,Fortaleza,parked,low_fuel,350,77.4
TLM01257,CUST0126,VEH0026,CONTR0126,2026-09-10T08:50:00,SYNTHETIC,14259,1202,1800,598,66.8,38.4,16.6,32,26.0,108.1,55,,316,0,-3.71203,-38.575,Fortaleza,moving,none,4000,66.8
TLM01258,CUST0126,VEH0026,CONTR0126,2026-09-17T18:10:00,SYNTHETIC,14564,1221,1800,579,67.8,39.9,43.0,12,64.6,104.7,60,,345,0,-3.68462,-38.44378,Fortaleza,parked,low_fuel,4000,67.8
TLM01259,CUST0126,VEH0026,CONTR0126,2026-09-24T11:50:00,SYNTHETIC,14985,1686,1800,114,93.7,34.4,43.3,17,75.4,154.5,16,,92,0,-3.77973,-38.45447,Fortaleza,moving,low_fuel,350,93.7
TLM01260,CUST0126,VEH0026,CONTR0126,2026-10-01T20:02:00,SYNTHETIC,15411,1707,1800,93,94.8,34.0,6.6,118,11.6,131.3,68,,391,0,-3.78423,-38.53824,Fortaleza,moving,none,1500,94.8
TLM01261,CUST0127,VEH0027,CONTR0127,2026-07-30T15:41:00,SYNTHETIC,50848,3727,3000,0,124.2,29.8,34.5,49,69.4,384.0,38,,235,0,-27.65202,-48.49255,Florianópolis,parked,km_limit,350,124.2
TLM01262,CUST0127,VEH0027,CONTR0127,2026-08-06T11:08:00,SYNTHETIC,51330,1930,3000,1070,64.3,53.8,34.2,25,38.1,191.4,40,,248,0,-27.63266,-48.47348,Florianópolis,moving,maintenance,2500,64.3
TLM01263,CUST0127,VEH0027,CONTR0127,2026-08-13T10:29:00,SYNTHETIC,52332,4008,3000,0,133.6,35.6,47.8,38,80.6,435.1,68,,422,0,-27.58057,-48.60134,Florianópolis,parked,maintenance,350,133.6
TLM01264,CUST0127,VEH0027,CONTR0127,2026-08-20T10:25:00,SYNTHETIC,53016,2739,3000,261,91.3,59.4,42.7,29,43.1,305.2,22,,136,0,-27.61329,-48.49391,Florianópolis,parked,km_limit,1500,91.3
TLM01265,CUST0127,VEH0027,CONTR0127,2026-08-27T08:28:00,SYNTHETIC,53674,2632,3000,368,87.7,28.5,22.0,54,46.2,273.0,40,,248,0,-27.52612,-48.50185,Florianópolis,parked,km_limit,1000,87.7
TLM01266,CUST0127,VEH0027,CONTR0127,2026-09-03T14:18:00,SYNTHETIC,54516,3370,3000,0,112.3,35.0,48.5,31,83.2,330.9,67,,416,0,-27.5443,-48.4529,Florianópolis,moving,none,350,112.3
TLM01267,CUST0127,VEH0027,CONTR0127,2026-09-10T12:29:00,SYNTHETIC,55511,3983,3000,0,132.8,52.3,25.1,72,28.7,397.6,51,,316,0,-27.62972,-48.53212,Florianópolis,parked,low_fuel,350,132.8
TLM01268,CUST0127,VEH0027,CONTR0127,2026-09-17T12:50:00,SYNTHETIC,56266,3023,3000,0,100.8,44.2,26.6,51,36.1,342.3,19,,117,0,-27.61815,-48.56053,Florianópolis,parked,low_fuel,1500,100.8
TLM01269,CUST0127,VEH0027,CONTR0127,2026-09-24T22:35:00,SYNTHETIC,56745,1918,3000,1082,63.9,37.4,27.0,32,43.3,183.2,56,,347,0,-27.58769,-48.44762,Florianópolis,parked,none,1000,63.9
TLM01270,CUST0127,VEH0027,CONTR0127,2026-10-01T15:35:00,SYNTHETIC,57484,2957,3000,43,98.6,48.9,15.3,88,18.7,296.6,38,,235,0,-27.62324,-48.55808,Florianópolis,parked,none,350,98.6
TLM01271,CUST0128,VEH0028,CONTR0128,2026-07-30T18:36:00,SYNTHETIC,16090,3590,3000,0,119.7,33.7,19.2,85,34.1,291.5,57,,323,0,-30.07817,-51.19164,Porto Alegre,maintenance,maintenance,700,119.7
TLM01272,CUST0128,VEH0028,CONTR0128,2026-08-06T10:26:00,SYNTHETIC,16639,2197,3000,803,73.2,57.7,43.9,22,45.6,176.3,43,,243,0,-30.02954,-51.27625,Porto Alegre,parked,low_fuel,1500,73.2
TLM01273,CUST0128,VEH0028,CONTR0128,2026-08-13T16:14:00,SYNTHETIC,17192,2214,3000,786,73.8,45.5,42.0,23,55.3,173.8,16,,90,0,-30.03891,-51.22893,Porto Alegre,parked,maintenance,350,73.8
TLM01274,CUST0128,VEH0028,CONTR0128,2026-08-20T06:53:00,SYNTHETIC,17923,2927,3000,73,97.6,60.1,14.5,91,14.5,235.8,50,,283,0,-29.99136,-51.18983,Porto Alegre,moving,none,700,97.6
TLM01275,CUST0128,VEH0028,CONTR0128,2026-08-27T15:14:00,SYNTHETIC,18684,3047,3000,0,101.6,36.9,26.9,51,43.8,241.2,67,,379,0,-30.04615,-51.12989,Porto Alegre,parked,none,4000,101.6
TLM01276,CUST0128,VEH0028,CONTR0128,2026-09-03T17:56:00,SYNTHETIC,19297,2452,3000,548,81.7,43.5,25.4,43,35.0,196.9,84,,476,0,-30.05255,-51.1395,Porto Alegre,parked,low_fuel,1500,81.7
TLM01277,CUST0128,VEH0028,CONTR0128,2026-09-10T15:56:00,SYNTHETIC,19826,2118,3000,882,70.6,57.8,43.0,22,44.6,171.1,23,,130,0,-30.00801,-51.19977,Porto Alegre,parked,low_fuel,1000,70.6
TLM01278,CUST0128,VEH0028,CONTR0128,2026-09-17T09:00:00,SYNTHETIC,20710,3539,3000,0,118.0,47.4,52.0,30,65.8,271.1,75,,425,0,-29.99472,-51.23359,Porto Alegre,moving,none,4000,118.0
TLM01279,CUST0128,VEH0028,CONTR0128,2026-09-24T19:02:00,SYNTHETIC,21426,2864,3000,136,95.5,56.6,33.5,38,35.6,213.3,45,,255,0,-30.06506,-51.27704,Porto Alegre,parked,km_limit,1000,95.5
TLM01280,CUST0128,VEH0028,CONTR0128,2026-10-01T20:42:00,SYNTHETIC,22136,2841,3000,159,94.7,59.1,35.0,36,35.5,222.1,18,,102,0,-30.08529,-51.15209,Porto Alegre,parked,km_limit,1500,94.7
TLM01281,CUST0129,VEH0029,CONTR0129,2026-07-30T14:49:00,SYNTHETIC,21343,2333,2500,167,93.3,32.6,42.0,25,77.3,209.9,75,,404,0,-13.05602,-38.61423,Salvador,parked,low_fuel,2500,93.3
TLM01282,CUST0129,VEH0029,CONTR0129,2026-08-06T07:24:00,SYNTHETIC,21909,2264,2500,236,90.6,45.2,22.1,46,29.3,207.0,57,,307,0,-12.99371,-38.58397,Salvador,parked,maintenance,4000,90.6
TLM01283,CUST0129,VEH0029,CONTR0129,2026-08-13T06:47:00,SYNTHETIC,22386,1908,2500,592,76.3,55.6,40.1,21,43.3,181.2,79,,425,0,-12.93402,-38.489,Salvador,parked,km_limit,1500,76.3
TLM01284,CUST0129,VEH0029,CONTR0129,2026-08-20T20:03:00,SYNTHETIC,23100,2859,2500,0,114.4,56.7,37.2,34,39.4,265.0,32,,172,0,-13.02705,-38.47978,Salvador,parked,low_fuel,350,114.4
TLM01285,CUST0129,VEH0029,CONTR0129,2026-08-27T18:13:00,SYNTHETIC,23750,2600,2500,0,104.0,30.6,48.4,24,94.7,246.3,71,,382,0,-13.03914,-38.60702,Salvador,moving,km_limit,350,104.0
TLM01286,CUST0129,VEH0029,CONTR0129,2026-09-03T11:49:00,SYNTHETIC,24427,2710,2500,0,108.4,47.6,53.1,23,66.9,267.3,16,,86,0,-12.93511,-38.48252,Salvador,moving,none,1500,108.4
TLM01287,CUST0129,VEH0029,CONTR0129,2026-09-10T16:56:00,SYNTHETIC,25206,3116,2500,0,124.6,55.8,51.6,27,55.5,284.3,86,,463,0,-12.94592,-38.49319,Salvador,moving,km_limit,700,124.6
TLM01288,CUST0129,VEH0029,CONTR0129,2026-09-17T11:25:00,SYNTHETIC,25589,1533,2500,967,61.3,53.1,51.2,13,57.9,141.1,54,,291,0,-12.97506,-38.59157,Salvador,moving,none,2500,61.3
TLM01289,CUST0129,VEH0029,CONTR0129,2026-09-24T13:20:00,SYNTHETIC,26237,2592,2500,0,103.7,46.2,52.7,22,68.5,224.3,26,,140,0,-13.02063,-38.45848,Salvador,parked,low_fuel,4000,103.7
TLM01290,CUST0129,VEH0029,CONTR0129,2026-10-01T18:38:00,SYNTHETIC,26589,1408,2500,1092,56.3,37.6,44.0,14,70.2,131.5,68,,366,0,-13.04029,-38.5181,Salvador,parked,none,1500,56.3
TLM01291,CUST0130,VEH0030,CONTR0130,2026-07-30T14:42:00,SYNTHETIC,62821,1024,1200,176,85.3,40.5,54.8,8,81.2,56.6,49,,399,0,-23.50117,-46.60791,São Paulo,parked,maintenance,2500,85.3
TLM01292,CUST0130,VEH0030,CONTR0130,2026-08-06T22:55:00,SYNTHETIC,63232,1646,1200,0,137.2,51.6,46.3,16,53.8,82.8,83,,677,0,-23.4786,-46.67597,São Paulo,parked,km_limit,1500,137.2
TLM01293,CUST0130,VEH0030,CONTR0130,2026-08-13T18:41:00,SYNTHETIC,63606,1497,1200,0,124.8,50.6,39.2,17,46.5,79.7,82,,669,2,-23.49084,-46.59659,São Paulo,parked,none,350,124.8
TLM01294,CUST0130,VEH0030,CONTR0130,2026-08-20T07:07:00,SYNTHETIC,64001,1583,1200,0,131.9,32.8,47.6,15,87.1,87.2,57,,465,0,-23.55084,-46.58788,São Paulo,charging,km_limit,700,131.9
TLM01295,CUST0130,VEH0030,CONTR0130,2026-08-27T07:33:00,SYNTHETIC,64315,1257,1200,0,104.8,38.1,27.9,20,43.8,62.9,18,,146,2,-23.52449,-46.5992,São Paulo,parked,maintenance,4000,104.8
TLM01296,CUST0130,VEH0030,CONTR0130,2026-09-03T15:53:00,SYNTHETIC,64640,1301,1200,0,108.4,41.7,31.9,18,45.9,73.0,68,,554,2,-23.57913,-46.65354,São Paulo,parked,low_fuel,700,108.4
TLM01297,CUST0130,VEH0030,CONTR0130,2026-09-10T20:40:00,SYNTHETIC,64854,856,1200,344,71.3,56.9,28.4,13,30.0,47.2,89,,726,1,-23.58289,-46.72575,São Paulo,parked,none,2500,71.3
TLM01298,CUST0130,VEH0030,CONTR0130,2026-09-17T21:25:00,SYNTHETIC,65171,1269,1200,0,105.8,48.1,11.5,50,14.3,71.2,64,,522,0,-23.56428,-46.7353,São Paulo,moving,low_fuel,700,105.8
TLM01299,CUST0130,VEH0030,CONTR0130,2026-09-24T14:17:00,SYNTHETIC,65412,965,1200,235,80.4,28.6,36.6,11,76.9,52.6,37,,301,1,-23.5839,-46.68562,São Paulo,parked,low_fuel,700,80.4
TLM01300,CUST0130,VEH0030,CONTR0130,2026-10-01T06:47:00,SYNTHETIC,65783,1486,1200,0,123.8,34.3,18.4,36,32.2,89.8,77,,628,0,-23.50757,-46.60811,São Paulo,parked,none,350,123.8
TLM01301,CUST0131,VEH0031,CONTR0131,2026-07-30T10:14:00,SYNTHETIC,24046,1422,1500,78,94.8,50.4,24.3,26,29.0,112.1,17,,97,0,-12.96216,-38.57493,Salvador,moving,none,2500,94.8
TLM01302,CUST0131,VEH0031,CONTR0131,2026-08-06T18:41:00,SYNTHETIC,24602,2224,1500,0,148.3,47.4,25.8,39,32.7,189.9,22,,125,0,-12.91375,-38.61459,Salvador,parked,maintenance,700,148.3
TLM01303,CUST0131,VEH0031,CONTR0131,2026-08-13T17:14:00,SYNTHETIC,24956,1416,1500,84,94.4,40.8,12.5,51,18.4,119.8,54,,308,0,-12.92378,-38.54672,Salvador,parked,none,350,94.4
TLM01304,CUST0131,VEH0031,CONTR0131,2026-08-20T13:55:00,SYNTHETIC,25239,1135,1500,365,75.7,46.1,27.5,18,35.8,88.7,50,,286,0,-12.9715,-38.50244,Salvador,parked,none,4000,75.7
TLM01305,CUST0131,VEH0031,CONTR0131,2026-08-27T13:33:00,SYNTHETIC,25791,2211,1500,0,147.4,46.6,11.8,84,15.2,190.9,87,,497,0,-12.97641,-38.46446,Salvador,parked,km_limit,1500,147.4
TLM01306,CUST0131,VEH0031,CONTR0131,2026-09-03T20:38:00,SYNTHETIC,26098,1231,1500,269,82.1,34.7,12.2,45,21.1,97.4,63,,360,0,-12.91145,-38.45949,Salvador,parked,low_fuel,1500,82.1
TLM01307,CUST0131,VEH0031,CONTR0131,2026-09-10T10:47:00,SYNTHETIC,26547,1799,1500,0,119.9,32.4,34.5,23,63.9,146.4,77,,440,0,-13.02744,-38.57366,Salvador,parked,none,4000,119.9
TLM01308,CUST0131,VEH0031,CONTR0131,2026-09-17T18:04:00,SYNTHETIC,26931,1539,1500,0,102.6,33.6,26.1,26,46.6,126.6,16,,91,0,-12.88088,-38.46293,Salvador,parked,km_limit,1500,102.6
TLM01309,CUST0131,VEH0031,CONTR0131,2026-09-24T10:37:00,SYNTHETIC,27322,1566,1500,0,104.4,34.4,22.9,31,39.9,128.6,90,,514,0,-12.88915,-38.5182,Salvador,charging,low_fuel,2500,104.4
TLM01310,CUST0131,VEH0031,CONTR0131,2026-10-01T20:45:00,SYNTHETIC,27759,1750,1500,0,116.7,35.3,42.8,18,72.7,147.2,66,,377,0,-12.95625,-38.51696,Salvador,parked,maintenance,2500,116.7
TLM01311,CUST0132,VEH0032,CONTR0132,2026-07-30T13:06:00,SYNTHETIC,62024,648,800,152,81.0,32.1,25.0,11,46.6,53.6,81,,438,0,-23.56891,-46.62876,São Paulo,parked,maintenance,1000,81.0
TLM01312,CUST0132,VEH0032,CONTR0132,2026-08-06T08:18:00,SYNTHETIC,62381,1430,800,0,178.8,48.4,18.3,35,22.7,117.1,16,,86,0,-23.57369,-46.62088,São Paulo,parked,none,350,178.8
TLM01313,CUST0132,VEH0032,CONTR0132,2026-08-13T13:54:00,SYNTHETIC,62635,1016,800,0,127.0,41.6,63.7,7,91.9,93.9,23,,124,0,-23.61589,-46.67978,São Paulo,parked,low_fuel,1000,127.0
TLM01314,CUST0132,VEH0032,CONTR0132,2026-08-20T10:57:00,SYNTHETIC,62808,695,800,105,86.9,38.2,9.2,34,14.4,61.7,88,,476,0,-23.5196,-46.63829,São Paulo,moving,none,1500,86.9
TLM01315,CUST0132,VEH0032,CONTR0132,2026-08-27T10:18:00,SYNTHETIC,63087,1118,800,0,139.8,46.4,50.7,10,65.6,105.5,64,,346,0,-23.47592,-46.67254,São Paulo,charging,none,1000,139.8
TLM01316,CUST0132,VEH0032,CONTR0132,2026-09-03T21:27:00,SYNTHETIC,63378,1164,800,0,145.5,29.9,20.2,26,40.5,99.6,44,,238,0,-23.55279,-46.57447,São Paulo,moving,maintenance,350,145.5
TLM01317,CUST0132,VEH0032,CONTR0132,2026-09-10T07:41:00,SYNTHETIC,63728,1403,800,0,175.4,47.0,49.1,12,62.7,114.8,87,,470,0,-23.46325,-46.66606,São Paulo,parked,low_fuel,2500,175.4
TLM01318,CUST0132,VEH0032,CONTR0132,2026-09-17T19:26:00,SYNTHETIC,64066,1352,800,0,169.0,30.9,51.7,11,100.4,113.6,15,,81,0,-23.60521,-46.64107,São Paulo,parked,maintenance,1500,169.0
TLM01319,CUST0132,VEH0032,CONTR0132,2026-09-24T13:50:00,SYNTHETIC,64424,1432,800,0,179.0,33.2,58.7,11,106.0,137.3,52,,281,0,-23.47099,-46.64674,São Paulo,moving,none,350,179.0
TLM01320,CUST0132,VEH0032,CONTR0132,2026-10-01T18:06:00,SYNTHETIC,64616,770,800,30,96.2,35.7,12.9,27,21.7,64.0,94,,508,0,-23.61925,-46.64587,São Paulo,parked,low_fuel,1000,96.2
TLM01321,CUST0133,VEH0033,CONTR0133,2026-07-30T07:09:00,SYNTHETIC,27461,948,1000,52,94.8,39.9,23.0,18,34.6,80.7,88,,447,0,-29.97616,-51.15901,Porto Alegre,parked,none,4000,94.8
TLM01322,CUST0133,VEH0033,CONTR0133,2026-08-06T15:46:00,SYNTHETIC,27688,908,1000,92,90.8,48.1,42.2,9,52.7,79.1,73,,370,0,-30.05794,-51.24531,Porto Alegre,maintenance,none,350,90.8
TLM01323,CUST0133,VEH0033,CONTR0133,2026-08-13T19:55:00,SYNTHETIC,27904,867,1000,133,86.7,46.7,8.1,48,10.4,76.7,70,,355,0,-30.06677,-51.25626,Porto Alegre,maintenance,km_limit,350,86.7
TLM01324,CUST0133,VEH0033,CONTR0133,2026-08-20T21:40:00,SYNTHETIC,28137,932,1000,68,93.2,51.5,39.2,10,45.7,83.4,92,,467,0,-30.0819,-51.14531,Porto Alegre,parked,low_fuel,350,93.2
TLM01325,CUST0133,VEH0033,CONTR0133,2026-08-27T08:17:00,SYNTHETIC,28350,853,1000,147,85.3,44.4,23.9,16,32.3,81.6,83,,421,0,-30.03109,-51.26153,Porto Alegre,moving,none,2500,85.3
TLM01326,CUST0133,VEH0033,CONTR0133,2026-09-03T09:20:00,SYNTHETIC,28552,811,1000,189,81.1,55.0,41.8,8,45.5,72.9,84,,426,0,-29.94413,-51.22004,Porto Alegre,moving,none,4000,81.1
TLM01327,CUST0133,VEH0033,CONTR0133,2026-09-10T21:52:00,SYNTHETIC,28766,858,1000,142,85.8,40.4,47.9,8,71.1,73.5,65,,330,0,-30.01171,-51.28425,Porto Alegre,moving,low_fuel,350,85.8
TLM01328,CUST0133,VEH0033,CONTR0133,2026-09-17T06:48:00,SYNTHETIC,28997,924,1000,76,92.4,28.4,28.7,14,60.6,92.4,30,,152,0,-30.04758,-51.14464,Porto Alegre,parked,none,2500,92.4
TLM01329,CUST0133,VEH0033,CONTR0133,2026-09-24T07:15:00,SYNTHETIC,29200,812,1000,188,81.2,46.3,53.1,6,68.8,76.7,65,,330,0,-30.00516,-51.14589,Porto Alegre,parked,low_fuel,700,81.2
TLM01330,CUST0133,VEH0033,CONTR0133,2026-10-01T06:09:00,SYNTHETIC,29435,942,1000,58,94.2,49.4,54.0,7,65.6,79.0,71,,360,0,-30.02468,-51.26715,Porto Alegre,parked,maintenance,2500,94.2
TLM01331,CUST0134,VEH0034,CONTR0134,2026-07-30T16:46:00,SYNTHETIC,17430,2252,2000,0,112.6,51.5,40.8,25,47.5,205.6,41,,225,0,-15.83809,-47.911,Brasília,parked,none,4000,112.6
TLM01332,CUST0134,VEH0034,CONTR0134,2026-08-06T07:32:00,SYNTHETIC,18001,2287,2000,0,114.3,37.0,7.0,148,11.4,239.9,21,,115,0,-15.78972,-47.84619,Brasília,parked,km_limit,1500,114.3
TLM01333,CUST0134,VEH0034,CONTR0134,2026-08-13T15:55:00,SYNTHETIC,18585,2338,2000,0,116.9,29.4,39.3,27,80.2,209.4,93,,511,0,-15.86931,-47.92831,Brasília,parked,maintenance,350,116.9
TLM01334,CUST0134,VEH0034,CONTR0134,2026-08-20T07:21:00,SYNTHETIC,19191,2424,2000,0,121.2,40.9,10.7,102,15.7,236.9,85,,467,0,-15.87881,-47.87912,Brasília,moving,maintenance,1000,121.2
TLM01335,CUST0134,VEH0034,CONTR0134,2026-08-27T16:14:00,SYNTHETIC,19775,2337,2000,0,116.9,41.7,20.5,51,29.4,224.6,35,,192,0,-15.80879,-47.86775,Brasília,moving,none,700,116.9
TLM01336,CUST0134,VEH0034,CONTR0134,2026-09-03T10:58:00,SYNTHETIC,20327,2209,2000,0,110.5,52.2,20.5,48,23.6,224.0,22,,121,0,-15.8024,-47.91154,Brasília,parked,low_fuel,2500,110.5
TLM01337,CUST0134,VEH0034,CONTR0134,2026-09-10T19:56:00,SYNTHETIC,20891,2256,2000,0,112.8,30.5,36.3,28,71.3,211.8,46,,253,0,-15.77806,-47.81438,Brasília,maintenance,none,2500,112.8
TLM01338,CUST0134,VEH0034,CONTR0134,2026-09-17T06:08:00,SYNTHETIC,21456,2262,2000,0,113.1,36.4,40.5,25,66.6,222.7,15,,82,0,-15.78504,-47.93122,Brasília,parked,none,1000,113.1
TLM01339,CUST0134,VEH0034,CONTR0134,2026-09-24T07:21:00,SYNTHETIC,22018,2249,2000,0,112.5,55.6,50.5,20,54.4,196.6,64,,352,0,-15.75639,-47.93472,Brasília,moving,km_limit,2500,112.5
TLM01340,CUST0134,VEH0034,CONTR0134,2026-10-01T19:17:00,SYNTHETIC,22566,2195,2000,0,109.7,56.2,24.2,41,25.8,197.1,82,,451,0,-15.7709,-47.84319,Brasília,parked,none,4000,109.7
TLM01341,CUST0135,VEH0035,CONTR0135,2026-07-30T06:09:00,SYNTHETIC,6665,921,800,0,115.1,47.9,35.0,11,43.8,87.1,22,,120,0,-13.01905,-38.5544,Salvador,moving,none,4000,115.1
TLM01342,CUST0135,VEH0035,CONTR0135,2026-08-06T17:14:00,SYNTHETIC,6797,528,800,272,66.0,34.8,52.2,4,90.0,47.8,87,,477,0,-12.94023,-38.46621,Salvador,parked,low_fuel,1500,66.0
TLM01343,CUST0135,VEH0035,CONTR0135,2026-08-13T20:22:00,SYNTHETIC,7042,982,800,0,122.8,29.4,36.5,12,74.5,85.1,20,,109,0,-12.93066,-38.40653,Salvador,parked,low_fuel,700,122.8
TLM01344,CUST0135,VEH0035,CONTR0135,2026-08-20T15:47:00,SYNTHETIC,7244,810,800,0,101.2,36.8,19.4,18,31.7,71.6,32,,175,0,-12.98833,-38.46133,Salvador,parked,none,350,101.2
TLM01345,CUST0135,VEH0035,CONTR0135,2026-08-27T18:22:00,SYNTHETIC,7483,958,800,0,119.8,35.7,10.4,41,17.6,83.5,95,,521,0,-12.97674,-38.47343,Salvador,moving,none,2500,119.8
TLM01346,CUST0135,VEH0035,CONTR0135,2026-09-03T17:09:00,SYNTHETIC,7710,909,800,0,113.6,37.6,22.2,18,35.4,85.8,35,,192,0,-13.05768,-38.45949,Salvador,moving,maintenance,700,113.6
TLM01347,CUST0135,VEH0035,CONTR0135,2026-09-10T10:19:00,SYNTHETIC,7917,831,800,0,103.9,40.9,17.5,21,25.7,76.0,28,,153,0,-12.99074,-38.55325,Salvador,moving,low_fuel,1500,103.9
TLM01348,CUST0135,VEH0035,CONTR0135,2026-09-17T12:22:00,SYNTHETIC,8089,691,800,109,86.4,49.8,43.1,7,52.0,64.3,66,,362,0,-12.94946,-38.54807,Salvador,parked,none,350,86.4
TLM01349,CUST0135,VEH0035,CONTR0135,2026-09-24T08:27:00,SYNTHETIC,8202,455,800,345,56.9,40.7,15.8,13,23.2,35.3,71,,389,0,-12.99789,-38.54311,Salvador,parked,low_fuel,700,56.9
TLM01350,CUST0135,VEH0035,CONTR0135,2026-10-01T12:15:00,SYNTHETIC,8360,634,800,166,79.2,43.0,9.0,31,12.6,50.6,47,,258,0,-12.9829,-38.50892,Salvador,parked,none,1000,79.2
TLM01351,CUST0136,VEH0036,CONTR0136,2026-07-30T16:44:00,SYNTHETIC,13074,2616,2500,0,104.6,60.9,41.9,28,41.2,218.5,27,,159,0,-22.85064,-46.95952,Campinas,parked,low_fuel,4000,104.6
TLM01352,CUST0136,VEH0036,CONTR0136,2026-08-06T18:27:00,SYNTHETIC,13557,1933,2500,567,77.3,43.6,34.1,25,46.8,173.7,82,,483,0,-22.84657,-46.9565,Campinas,parked,maintenance,4000,77.3
TLM01353,CUST0136,VEH0036,CONTR0136,2026-08-13T16:45:00,SYNTHETIC,14077,2083,2500,417,83.3,35.3,22.2,42,37.7,192.6,85,,501,0,-22.90372,-47.06417,Campinas,parked,none,700,83.3
TLM01354,CUST0136,VEH0036,CONTR0136,2026-08-20T21:54:00,SYNTHETIC,14622,2180,2500,320,87.2,46.6,6.3,156,8.2,194.1,21,,123,0,-22.92503,-46.98941,Campinas,parked,none,700,87.2
TLM01355,CUST0136,VEH0036,CONTR0136,2026-08-27T17:27:00,SYNTHETIC,15072,1802,2500,698,72.1,28.2,37.5,21,79.7,156.6,35,,206,0,-22.92266,-47.07166,Campinas,parked,maintenance,350,72.1
TLM01356,CUST0136,VEH0036,CONTR0136,2026-09-03T18:18:00,SYNTHETIC,15478,1626,2500,874,65.0,52.0,40.2,18,46.4,131.6,32,,188,0,-22.95943,-47.07661,Campinas,parked,maintenance,700,65.0
TLM01357,CUST0136,VEH0036,CONTR0136,2026-09-10T11:16:00,SYNTHETIC,15880,1608,2500,892,64.3,36.2,14.0,52,23.3,135.1,73,,430,0,-22.97443,-47.03064,Campinas,moving,maintenance,1500,64.3
TLM01358,CUST0136,VEH0036,CONTR0136,2026-09-17T13:43:00,SYNTHETIC,16631,3007,2500,0,120.3,33.4,41.3,33,74.2,277.1,33,,194,0,-22.9717,-47.01434,Campinas,moving,none,350,120.3
TLM01359,CUST0136,VEH0036,CONTR0136,2026-09-24T15:08:00,SYNTHETIC,17408,3110,2500,0,124.4,30.2,36.2,39,71.9,252.4,37,,218,0,-22.96689,-47.05887,Campinas,parked,none,2500,124.4
TLM01360,CUST0136,VEH0036,CONTR0136,2026-10-01T16:55:00,SYNTHETIC,18016,2433,2500,67,97.3,45.9,49.6,22,64.9,188.3,76,,448,0,-22.98742,-46.97154,Campinas,parked,low_fuel,1000,97.3
TLM01361,CUST0137,VEH0037,CONTR0137,2026-07-30T08:12:00,SYNTHETIC,22136,2049,1200,0,170.8,30.0,69.4,13,138.9,160.4,87,,530,0,-22.92012,-47.13839,Campinas,moving,maintenance,4000,170.8
TLM01362,CUST0137,VEH0037,CONTR0137,2026-08-06T19:40:00,SYNTHETIC,22593,1829,1200,0,152.4,41.4,26.9,30,39.0,140.9,34,,207,0,-22.89235,-47.14968,Campinas,moving,low_fuel,700,152.4
TLM01363,CUST0137,VEH0037,CONTR0137,2026-08-13T18:25:00,SYNTHETIC,22969,1504,1200,0,125.3,43.9,21.6,31,29.5,111.7,79,,481,0,-22.85973,-47.05695,Campinas,moving,none,4000,125.3
TLM01364,CUST0137,VEH0037,CONTR0137,2026-08-20T16:10:00,SYNTHETIC,23452,1934,1200,0,161.2,28.1,45.0,19,96.1,142.9,63,,384,0,-22.90848,-47.04639,Campinas,moving,none,350,161.2
TLM01365,CUST0137,VEH0037,CONTR0137,2026-08-27T10:57:00,SYNTHETIC,23778,1307,1200,0,108.9,52.7,10.6,56,12.0,105.5,53,,323,0,-22.92893,-47.17081,Campinas,parked,none,4000,108.9
TLM01366,CUST0137,VEH0037,CONTR0137,2026-09-03T17:36:00,SYNTHETIC,24149,1486,1200,0,123.8,54.6,32.4,20,35.6,112.6,73,,445,0,-22.86014,-47.03907,Campinas,parked,none,1500,123.8
TLM01367,CUST0137,VEH0037,CONTR0137,2026-09-10T18:56:00,SYNTHETIC,24436,1151,1200,49,95.9,56.7,24.3,21,25.7,91.6,80,,488,0,-22.85547,-47.13179,Campinas,parked,none,4000,95.9
TLM01368,CUST0137,VEH0037,CONTR0137,2026-09-17T22:59:00,SYNTHETIC,24696,1043,1200,157,86.9,47.5,25.8,18,32.6,86.3,90,,549,0,-22.97349,-47.07984,Campinas,parked,none,700,86.9
TLM01369,CUST0137,VEH0037,CONTR0137,2026-09-24T22:27:00,SYNTHETIC,25142,1784,1200,0,148.7,53.5,63.6,12,71.4,150.8,91,,555,0,-23.0028,-47.05536,Campinas,parked,none,350,148.7
TLM01370,CUST0137,VEH0037,CONTR0137,2026-10-01T19:49:00,SYNTHETIC,25629,1948,1200,0,162.3,28.5,26.8,33,56.4,164.5,41,,250,0,-22.86872,-47.12631,Campinas,moving,low_fuel,700,162.3
TLM01371,CUST0138,VEH0038,CONTR0138,2026-07-30T08:42:00,SYNTHETIC,34400,986,800,0,123.2,36.7,24.7,18,40.3,78.2,35,,194,0,-15.702,-47.92143,Brasília,parked,maintenance,380,123.2
TLM01372,CUST0138,VEH0038,CONTR0138,2026-08-06T19:47:00,SYNTHETIC,34588,754,800,46,94.2,39.5,18.3,18,27.8,58.2,24,,133,0,-15.72888,-47.79105,Brasília,moving,km_limit,450,94.2
TLM01373,CUST0138,VEH0038,CONTR0138,2026-08-13T11:21:00,SYNTHETIC,34825,949,800,0,118.6,55.8,53.6,8,57.7,84.6,53,,294,0,-15.77709,-47.86434,Brasília,parked,none,253,118.6
TLM01374,CUST0138,VEH0038,CONTR0138,2026-08-20T21:03:00,SYNTHETIC,35003,715,800,85,89.4,56.8,43.9,7,46.4,61.5,31,,172,0,-15.78795,-47.85066,Brasília,parked,maintenance,330,89.4
TLM01375,CUST0138,VEH0038,CONTR0138,2026-08-27T17:25:00,SYNTHETIC,35122,477,800,323,59.6,45.8,24.8,8,32.6,37.4,40,,222,0,-15.79177,-47.81851,Brasília,parked,none,470,59.6
TLM01376,CUST0138,VEH0038,CONTR0138,2026-09-03T20:39:00,SYNTHETIC,35307,740,800,60,92.5,57.6,19.3,17,20.1,57.3,56,,311,0,-15.79763,-47.81411,Brasília,parked,low_fuel,319,92.5
TLM01377,CUST0138,VEH0038,CONTR0138,2026-09-10T09:03:00,SYNTHETIC,35540,934,800,0,116.8,46.4,53.6,7,69.3,85.7,71,,394,0,-15.70641,-47.92862,Brasília,parked,km_limit,203,116.8
TLM01378,CUST0138,VEH0038,CONTR0138,2026-09-17T20:43:00,SYNTHETIC,35708,673,800,127,84.1,41.1,12.5,24,18.2,53.0,56,,311,0,-15.75967,-47.78595,Brasília,moving,low_fuel,263,84.1
TLM01379,CUST0138,VEH0038,CONTR0138,2026-09-24T11:16:00,SYNTHETIC,35911,812,800,0,101.5,45.8,25.5,14,33.5,67.1,60,,333,0,-15.76548,-47.89418,Brasília,moving,none,280,101.5
TLM01380,CUST0138,VEH0038,CONTR0138,2026-10-01T07:22:00,SYNTHETIC,36075,656,800,144,82.0,43.2,31.5,9,43.8,59.6,82,,455,0,-15.82931,-47.8769,Brasília,moving,low_fuel,249,82.0
TLM01381,CUST0139,VEH0039,CONTR0139,2026-07-30T21:59:00,SYNTHETIC,19132,690,1500,810,46.0,58.3,48.2,6,49.6,59.6,80,,431,0,-25.44345,-49.34759,Curitiba,parked,maintenance,2500,46.0
TLM01382,CUST0139,VEH0039,CONTR0139,2026-08-06T13:53:00,SYNTHETIC,19313,725,1500,775,48.3,46.0,50.7,6,66.1,72.3,17,,91,0,-25.43991,-49.2954,Curitiba,moving,low_fuel,2500,48.3
TLM01383,CUST0139,VEH0039,CONTR0139,2026-08-13T14:09:00,SYNTHETIC,19469,624,1500,876,41.6,28.7,18.0,15,37.7,53.1,94,,506,0,-25.34422,-49.28856,Curitiba,parked,low_fuel,1000,41.6
TLM01384,CUST0139,VEH0039,CONTR0139,2026-08-20T13:01:00,SYNTHETIC,19645,704,1500,796,46.9,55.1,22.3,14,24.3,58.1,93,,501,0,-25.33353,-49.24629,Curitiba,moving,maintenance,4000,46.9
TLM01385,CUST0139,VEH0039,CONTR0139,2026-08-27T21:38:00,SYNTHETIC,19802,628,1500,872,41.9,37.1,34.3,8,55.5,57.9,70,,377,0,-25.41326,-49.23545,Curitiba,parked,none,4000,41.9
TLM01386,CUST0139,VEH0039,CONTR0139,2026-09-03T09:13:00,SYNTHETIC,20052,1000,1500,500,66.7,44.6,47.2,9,63.6,87.7,34,,183,0,-25.43282,-49.27309,Curitiba,parked,none,2500,66.7
TLM01387,CUST0139,VEH0039,CONTR0139,2026-09-10T15:32:00,SYNTHETIC,20251,797,1500,703,53.1,59.1,28.7,12,29.2,70.1,63,,339,0,-25.33504,-49.36832,Curitiba,moving,km_limit,4000,53.1
TLM01388,CUST0139,VEH0039,CONTR0139,2026-09-17T07:08:00,SYNTHETIC,20513,1048,1500,452,69.9,60.4,34.1,13,33.8,98.4,58,,312,0,-25.38557,-49.30144,Curitiba,moving,low_fuel,2500,69.9
TLM01389,CUST0139,VEH0039,CONTR0139,2026-09-24T17:58:00,SYNTHETIC,20770,1030,1500,470,68.7,37.2,37.9,12,61.1,99.1,20,,107,0,-25.40596,-49.2146,Curitiba,moving,none,700,68.7
TLM01390,CUST0139,VEH0039,CONTR0139,2026-10-01T13:06:00,SYNTHETIC,21010,960,1500,540,64.0,48.8,48.7,8,59.9,86.5,54,,291,0,-25.40067,-49.30019,Curitiba,parked,none,700,64.0
TLM01391,CUST0140,VEH0040,CONTR0140,2026-07-30T08:32:00,SYNTHETIC,43023,2307,2500,193,92.3,43.6,35.9,29,49.3,221.6,29,,165,0,-15.72278,-47.83107,Brasília,maintenance,none,4000,92.3
TLM01392,CUST0140,VEH0040,CONTR0140,2026-08-06T22:55:00,SYNTHETIC,43667,2576,2500,0,103.0,52.5,15.9,73,18.1,226.8,31,,176,0,-15.80325,-47.86683,Brasília,parked,none,2500,103.0
TLM01393,CUST0140,VEH0040,CONTR0140,2026-08-13T17:46:00,SYNTHETIC,44057,1560,2500,940,62.4,42.3,18.0,39,25.5,144.6,36,,205,0,-15.7789,-47.83449,Brasília,parked,none,1500,62.4
TLM01394,CUST0140,VEH0040,CONTR0140,2026-08-20T20:12:00,SYNTHETIC,44473,1665,2500,835,66.6,42.3,29.5,25,41.9,159.1,41,,233,0,-15.75471,-47.88769,Brasília,moving,low_fuel,350,66.6
TLM01395,CUST0140,VEH0040,CONTR0140,2026-08-27T22:59:00,SYNTHETIC,45075,2408,2500,92,96.3,50.3,37.5,29,44.7,219.7,62,,353,0,-15.72372,-47.82682,Brasília,parked,low_fuel,350,96.3
TLM01396,CUST0140,VEH0040,CONTR0140,2026-09-03T15:26:00,SYNTHETIC,45637,2251,2500,249,90.0,38.0,13.2,77,20.8,193.5,61,,347,0,-15.76702,-47.85412,Brasília,moving,maintenance,1000,90.0
TLM01397,CUST0140,VEH0040,CONTR0140,2026-09-10T09:28:00,SYNTHETIC,46164,2110,2500,390,84.4,33.2,12.5,76,22.7,194.1,43,,245,0,-15.76673,-47.79779,Brasília,moving,km_limit,4000,84.4
TLM01398,CUST0140,VEH0040,CONTR0140,2026-09-17T19:20:00,SYNTHETIC,46574,1640,2500,860,65.6,33.8,29.1,25,51.6,153.8,22,,125,0,-15.73485,-47.80945,Brasília,parked,low_fuel,350,65.6
TLM01399,CUST0140,VEH0040,CONTR0140,2026-09-24T16:45:00,SYNTHETIC,47192,2473,2500,27,98.9,43.2,38.9,28,54.0,220.0,74,,421,0,-15.82516,-47.84878,Brasília,parked,maintenance,1500,98.9
TLM01400,CUST0140,VEH0040,CONTR0140,2026-10-01T07:53:00,SYNTHETIC,47752,2243,2500,257,89.7,38.7,35.1,29,54.4,180.8,84,,478,0,-15.79429,-47.9155,Brasília,parked,maintenance,2500,89.7
TLM01401,CUST0141,VEH0041,CONTR0141,2026-07-30T18:10:00,SYNTHETIC,51653,1676,2500,824,67.0,38.9,35.5,21,54.8,132.0,53,,342,0,-22.93161,-47.01512,Campinas,parked,maintenance,1000,67.0
TLM01402,CUST0141,VEH0041,CONTR0141,2026-08-06T21:25:00,SYNTHETIC,52062,1636,2500,864,65.4,43.1,16.1,46,22.4,115.3,34,,219,0,-22.98373,-47.06506,Campinas,parked,low_fuel,350,65.4
TLM01403,CUST0141,VEH0041,CONTR0141,2026-08-13T16:47:00,SYNTHETIC,52335,1095,2500,1405,43.8,31.9,36.9,13,69.5,88.1,18,,116,0,-22.9823,-46.96255,Campinas,parked,low_fuel,4000,43.8
TLM01404,CUST0141,VEH0041,CONTR0141,2026-08-20T09:32:00,SYNTHETIC,52622,1151,2500,1349,46.0,47.3,44.7,11,56.7,90.1,64,,413,0,-22.87369,-46.97263,Campinas,moving,low_fuel,4000,46.0
TLM01405,CUST0141,VEH0041,CONTR0141,2026-08-27T09:03:00,SYNTHETIC,53116,1976,2500,524,79.0,28.2,25.7,34,54.6,160.5,91,,587,0,-22.92366,-47.082,Campinas,parked,low_fuel,350,79.0
TLM01406,CUST0141,VEH0041,CONTR0141,2026-09-03T22:42:00,SYNTHETIC,53401,1142,2500,1358,45.7,46.9,25.0,20,32.0,90.8,44,,284,0,-22.84766,-47.03324,Campinas,moving,none,700,45.7
TLM01407,CUST0141,VEH0041,CONTR0141,2026-09-10T20:32:00,SYNTHETIC,53917,2067,2500,433,82.7,59.3,17.9,52,18.1,155.1,68,,439,0,-22.89814,-46.96515,Campinas,parked,none,1500,82.7
TLM01408,CUST0141,VEH0041,CONTR0141,2026-09-17T21:28:00,SYNTHETIC,54422,2022,2500,478,80.9,61.9,15.4,59,14.9,152.9,72,,465,0,-22.95863,-47.08686,Campinas,moving,low_fuel,350,80.9
TLM01409,CUST0141,VEH0041,CONTR0141,2026-09-24T16:28:00,SYNTHETIC,54909,1949,2500,551,78.0,58.6,16.7,53,17.1,146.4,58,,374,0,-22.88823,-47.09787,Campinas,moving,none,4000,78.0
TLM01410,CUST0141,VEH0041,CONTR0141,2026-10-01T14:16:00,SYNTHETIC,55178,1077,2500,1423,43.1,44.3,35.6,13,48.2,90.2,43,,277,0,-22.98926,-47.04429,Campinas,parked,none,2500,43.1
TLM01411,CUST0142,VEH0042,CONTR0142,2026-07-30T09:48:00,SYNTHETIC,32814,1558,2500,942,62.3,30.6,9.1,77,17.9,158.1,21,,124,0,-27.67797,-48.62303,Florianópolis,parked,low_fuel,4000,62.3
TLM01412,CUST0142,VEH0042,CONTR0142,2026-08-06T18:52:00,SYNTHETIC,33298,1939,2500,561,77.6,29.7,25.6,34,51.8,200.5,29,,171,0,-27.55285,-48.57391,Florianópolis,moving,low_fuel,1000,77.6
TLM01413,CUST0142,VEH0042,CONTR0142,2026-08-13T10:14:00,SYNTHETIC,33658,1440,2500,1060,57.6,49.7,49.0,13,59.2,134.2,72,,426,0,-27.60014,-48.61091,Florianópolis,parked,none,2500,57.6
TLM01414,CUST0142,VEH0042,CONTR0142,2026-08-20T15:01:00,SYNTHETIC,34118,1842,2500,658,73.7,42.5,20.3,41,28.7,170.4,75,,444,0,-27.55595,-48.50097,Florianópolis,parked,low_fuel,2500,73.7
TLM01415,CUST0142,VEH0042,CONTR0142,2026-08-27T10:39:00,SYNTHETIC,34646,2115,2500,385,84.6,57.1,52.7,18,55.4,211.7,23,,136,0,-27.65126,-48.62434,Florianópolis,parked,none,1500,84.6
TLM01416,CUST0142,VEH0042,CONTR0142,2026-09-03T11:38:00,SYNTHETIC,35279,2533,2500,0,101.3,57.5,23.4,49,24.4,259.7,61,,361,0,-27.55675,-48.55222,Florianópolis,parked,low_fuel,1500,101.3
TLM01417,CUST0142,VEH0042,CONTR0142,2026-09-10T10:36:00,SYNTHETIC,35724,1783,2500,717,71.3,45.3,53.1,15,70.4,177.1,41,,243,0,-27.56957,-48.60629,Florianópolis,parked,none,4000,71.3
TLM01418,CUST0142,VEH0042,CONTR0142,2026-09-17T08:24:00,SYNTHETIC,36376,2609,2500,0,104.4,38.3,14.0,84,21.9,261.5,44,,260,0,-27.56562,-48.5415,Florianópolis,moving,none,700,104.4
TLM01419,CUST0142,VEH0042,CONTR0142,2026-09-24T12:19:00,SYNTHETIC,36871,1982,2500,518,79.3,53.1,32.3,27,36.5,189.7,64,,379,0,-27.65569,-48.59783,Florianópolis,parked,km_limit,350,79.3
TLM01420,CUST0142,VEH0042,CONTR0142,2026-10-01T15:41:00,SYNTHETIC,37326,1820,2500,680,72.8,34.0,12.0,68,21.2,179.7,88,,521,0,-27.68918,-48.55898,Florianópolis,moving,maintenance,1000,72.8
TLM01421,CUST0143,VEH0043,CONTR0143,2026-07-30T09:25:00,SYNTHETIC,20409,1398,1500,102,93.2,43.0,22.5,28,31.4,99.3,36,,175,0,-25.38559,-49.34707,Curitiba,parked,maintenance,350,93.2
TLM01422,CUST0143,VEH0043,CONTR0143,2026-08-06T18:44:00,SYNTHETIC,20718,1238,1500,262,82.5,61.9,17.2,32,16.6,85.0,50,,244,0,-25.33362,-49.24572,Curitiba,moving,km_limit,4000,82.5
TLM01423,CUST0143,VEH0043,CONTR0143,2026-08-13T10:34:00,SYNTHETIC,21107,1557,1500,0,103.8,51.6,45.7,15,53.2,97.2,31,,151,0,-25.41111,-49.25225,Curitiba,maintenance,low_fuel,2500,103.8
TLM01424,CUST0143,VEH0043,CONTR0143,2026-08-20T18:45:00,SYNTHETIC,21614,2029,1500,0,135.3,54.2,7.4,124,8.2,123.1,59,,287,0,-25.34485,-49.33991,Curitiba,parked,none,4000,135.3
TLM01425,CUST0143,VEH0043,CONTR0143,2026-08-27T08:00:00,SYNTHETIC,21960,1387,1500,113,92.5,43.4,12.0,52,16.6,94.9,68,,331,0,-25.45359,-49.30841,Curitiba,parked,km_limit,1500,92.5
TLM01426,CUST0143,VEH0043,CONTR0143,2026-09-03T13:17:00,SYNTHETIC,22256,1185,1500,315,79.0,33.9,52.6,10,93.0,70.0,31,,151,0,-25.37773,-49.27149,Curitiba,moving,low_fuel,700,79.0
TLM01427,CUST0143,VEH0043,CONTR0143,2026-09-10T06:06:00,SYNTHETIC,22768,2049,1500,0,136.6,52.7,53.6,17,61.1,135.0,68,,331,0,-25.40002,-49.28619,Curitiba,moving,none,1500,136.6
TLM01428,CUST0143,VEH0043,CONTR0143,2026-09-17T11:13:00,SYNTHETIC,23038,1080,1500,420,72.0,38.4,45.9,10,71.8,65.1,52,,253,0,-25.43667,-49.22122,Curitiba,moving,maintenance,350,72.0
TLM01429,CUST0143,VEH0043,CONTR0143,2026-09-24T07:07:00,SYNTHETIC,23352,1258,1500,242,83.9,41.4,23.7,24,34.3,88.3,32,,156,0,-25.38799,-49.31915,Curitiba,parked,low_fuel,1500,83.9
TLM01430,CUST0143,VEH0043,CONTR0143,2026-10-01T16:22:00,SYNTHETIC,23688,1345,1500,155,89.7,30.3,34.6,17,68.7,92.1,63,,307,0,-25.3827,-49.33329,Curitiba,moving,low_fuel,2500,89.7
TLM01431,CUST0144,VEH0044,CONTR0144,2026-07-30T06:11:00,SYNTHETIC,62963,1864,2000,136,93.2,55.6,20.6,41,22.3,151.6,42,,237,0,-22.90241,-43.22803,Rio de Janeiro,moving,none,2500,93.2
TLM01432,CUST0144,VEH0044,CONTR0144,2026-08-06T21:09:00,SYNTHETIC,63378,1662,2000,338,83.1,59.9,53.5,14,53.6,157.0,47,,265,0,-22.99239,-43.13585,Rio de Janeiro,moving,km_limit,2500,83.1
TLM01433,CUST0144,VEH0044,CONTR0144,2026-08-13T08:23:00,SYNTHETIC,63813,1740,2000,260,87.0,36.2,17.4,45,28.9,147.9,61,,344,0,-22.91142,-43.23476,Rio de Janeiro,parked,km_limit,1000,87.0
TLM01434,CUST0144,VEH0044,CONTR0144,2026-08-20T16:13:00,SYNTHETIC,64219,1627,2000,373,81.3,36.9,44.3,16,72.1,144.3,81,,457,0,-23.01112,-43.14157,Rio de Janeiro,moving,maintenance,1500,81.3
TLM01435,CUST0144,VEH0044,CONTR0144,2026-08-27T07:44:00,SYNTHETIC,64643,1696,2000,304,84.8,36.3,30.3,25,50.1,149.7,27,,152,0,-22.93675,-43.22171,Rio de Janeiro,moving,none,2500,84.8
TLM01436,CUST0144,VEH0044,CONTR0144,2026-09-03T08:04:00,SYNTHETIC,65095,1809,2000,191,90.5,44.3,17.9,45,24.2,155.7,89,,502,0,-22.98125,-43.21225,Rio de Janeiro,parked,none,350,90.5
TLM01437,CUST0144,VEH0044,CONTR0144,2026-09-10T07:39:00,SYNTHETIC,65502,1631,2000,369,81.5,55.2,29.8,24,32.4,147.3,85,,480,0,-22.91386,-43.18061,Rio de Janeiro,moving,none,1500,81.5
TLM01438,CUST0144,VEH0044,CONTR0144,2026-09-17T19:52:00,SYNTHETIC,65926,1699,2000,301,85.0,43.4,8.6,89,11.9,156.3,15,,84,0,-22.92877,-43.24988,Rio de Janeiro,parked,low_fuel,700,85.0
TLM01439,CUST0144,VEH0044,CONTR0144,2026-09-24T11:12:00,SYNTHETIC,66353,1711,2000,289,85.5,37.0,40.6,19,66.0,143.7,66,,372,0,-23.0126,-43.12812,Rio de Janeiro,parked,none,350,85.5
TLM01440,CUST0144,VEH0044,CONTR0144,2026-10-01T15:47:00,SYNTHETIC,66801,1794,2000,206,89.7,60.0,50.6,16,50.6,145.0,56,,316,0,-23.00599,-43.23527,Rio de Janeiro,moving,none,700,89.7
TLM01441,CUST0145,VEH0045,CONTR0145,2026-07-30T06:06:00,SYNTHETIC,58157,969,800,0,121.1,29.2,28.9,15,59.4,80.1,90,,551,0,-25.3245,-49.31848,Curitiba,parked,none,2500,121.1
TLM01442,CUST0145,VEH0045,CONTR0145,2026-08-06T07:20:00,SYNTHETIC,58358,805,800,0,100.6,53.2,17.4,21,19.6,64.8,32,,196,0,-25.44466,-49.2264,Curitiba,moving,none,1000,100.6
TLM01443,CUST0145,VEH0045,CONTR0145,2026-08-13T07:54:00,SYNTHETIC,58652,1177,800,0,147.1,29.6,33.1,16,67.1,105.4,27,,165,0,-25.46972,-49.26146,Curitiba,moving,low_fuel,4000,147.1
TLM01444,CUST0145,VEH0045,CONTR0145,2026-08-20T22:24:00,SYNTHETIC,58873,887,800,0,110.9,35.6,14.8,27,24.9,72.9,37,,226,0,-25.32894,-49.36409,Curitiba,moving,none,1000,110.9
TLM01445,CUST0145,VEH0045,CONTR0145,2026-08-27T12:19:00,SYNTHETIC,59081,835,800,0,104.4,48.3,30.3,12,37.6,77.8,51,,312,0,-25.45209,-49.31881,Curitiba,parked,none,1000,104.4
TLM01446,CUST0145,VEH0045,CONTR0145,2026-09-03T19:12:00,SYNTHETIC,59300,879,800,0,109.9,43.1,60.6,6,84.4,71.4,89,,545,0,-25.43898,-49.2635,Curitiba,parked,km_limit,2500,109.9
TLM01447,CUST0145,VEH0045,CONTR0145,2026-09-10T13:17:00,SYNTHETIC,59577,1111,800,0,138.9,40.1,37.0,13,55.4,95.6,75,,459,0,-25.3759,-49.29475,Curitiba,parked,low_fuel,4000,138.9
TLM01448,CUST0145,VEH0045,CONTR0145,2026-09-17T11:24:00,SYNTHETIC,59772,782,800,18,97.8,44.0,23.5,15,31.9,66.6,26,,159,0,-25.32471,-49.31808,Curitiba,parked,low_fuel,1000,97.8
TLM01449,CUST0145,VEH0045,CONTR0145,2026-09-24T13:55:00,SYNTHETIC,60045,1094,800,0,136.8,30.3,40.4,12,80.1,102.6,35,,214,0,-25.37947,-49.37308,Curitiba,parked,low_fuel,1000,136.8
TLM01450,CUST0145,VEH0045,CONTR0145,2026-10-01T17:10:00,SYNTHETIC,60289,976,800,0,122.0,31.6,39.4,11,74.8,93.2,43,,263,0,-25.43563,-49.31212,Curitiba,maintenance,km_limit,700,122.0
TLM01451,CUST0146,VEH0046,CONTR0146,2026-07-30T19:08:00,SYNTHETIC,41240,2991,2500,0,119.6,41.4,41.3,32,59.8,303.0,58,,305,0,-22.83063,-43.11739,Rio de Janeiro,parked,maintenance,700,119.6
TLM01452,CUST0146,VEH0046,CONTR0146,2026-08-06T10:19:00,SYNTHETIC,41972,2929,2500,0,117.2,53.4,13.6,98,15.2,270.1,64,,336,0,-22.93601,-43.18233,Rio de Janeiro,moving,maintenance,1500,117.2
TLM01453,CUST0146,VEH0046,CONTR0146,2026-08-13T16:17:00,SYNTHETIC,42515,2175,2500,325,87.0,49.9,51.8,19,62.2,232.5,95,,499,0,-22.91853,-43.1528,Rio de Janeiro,parked,none,2500,87.0
TLM01454,CUST0146,VEH0046,CONTR0146,2026-08-20T10:18:00,SYNTHETIC,43002,1949,2500,551,78.0,53.5,18.1,49,20.3,194.0,67,,352,0,-22.86205,-43.16386,Rio de Janeiro,moving,km_limit,350,78.0
TLM01455,CUST0146,VEH0046,CONTR0146,2026-08-27T13:43:00,SYNTHETIC,43611,2439,2500,61,97.6,58.2,32.8,33,33.8,246.6,68,,357,0,-22.80112,-43.24497,Rio de Janeiro,parked,none,350,97.6
TLM01456,CUST0146,VEH0046,CONTR0146,2026-09-03T12:30:00,SYNTHETIC,44296,2742,2500,0,109.7,50.3,40.0,31,47.8,246.7,46,,241,0,-22.9316,-43.24887,Rio de Janeiro,parked,km_limit,350,109.7
TLM01457,CUST0146,VEH0046,CONTR0146,2026-09-10T21:35:00,SYNTHETIC,44978,2731,2500,0,109.2,54.3,52.2,23,57.7,255.6,93,,489,0,-22.80792,-43.25524,Rio de Janeiro,parked,low_fuel,1500,109.2
TLM01458,CUST0146,VEH0046,CONTR0146,2026-09-17T12:37:00,SYNTHETIC,45490,2051,2500,449,82.0,37.4,16.2,57,26.0,186.3,30,,157,0,-22.82962,-43.13302,Rio de Janeiro,parked,km_limit,1000,82.0
TLM01459,CUST0146,VEH0046,CONTR0146,2026-09-24T15:22:00,SYNTHETIC,45914,1696,2500,804,67.8,49.8,47.1,16,56.7,174.5,36,,189,0,-22.83243,-43.22548,Rio de Janeiro,parked,low_fuel,1500,67.8
TLM01460,CUST0146,VEH0046,CONTR0146,2026-10-01T06:13:00,SYNTHETIC,46519,2421,2500,79,96.8,43.6,42.7,25,58.6,241.4,90,,473,0,-22.88926,-43.16667,Rio de Janeiro,parked,none,4000,96.8
TLM01461,CUST0147,VEH0047,CONTR0147,2026-07-30T20:05:00,SYNTHETIC,16603,4514,2500,0,180.6,31.7,50.6,40,95.6,401.8,64,,396,0,-23.50642,-46.66658,São Paulo,parked,none,4000,180.6
TLM01462,CUST0147,VEH0047,CONTR0147,2026-08-06T09:24:00,SYNTHETIC,17362,3038,2500,0,121.5,58.2,22.9,60,23.6,251.0,91,,564,0,-23.5885,-46.68284,São Paulo,parked,none,350,121.5
TLM01463,CUST0147,VEH0047,CONTR0147,2026-08-13T07:48:00,SYNTHETIC,17877,2063,2500,437,82.5,41.6,55.6,16,80.1,178.9,49,,303,0,-23.48499,-46.70767,São Paulo,moving,maintenance,4000,82.5
TLM01464,CUST0147,VEH0047,CONTR0147,2026-08-20T12:43:00,SYNTHETIC,18992,4460,2500,0,178.4,35.3,68.8,29,116.9,375.4,76,,471,0,-23.56191,-46.61169,São Paulo,moving,low_fuel,4000,178.4
TLM01465,CUST0147,VEH0047,CONTR0147,2026-08-27T19:31:00,SYNTHETIC,20014,4088,2500,0,163.5,46.5,53.8,34,69.4,320.9,22,,136,0,-23.50961,-46.73279,São Paulo,maintenance,low_fuel,350,163.5
TLM01466,CUST0147,VEH0047,CONTR0147,2026-09-03T08:49:00,SYNTHETIC,21088,4299,2500,0,172.0,31.1,34.6,56,66.7,402.7,89,,551,0,-23.6017,-46.60307,São Paulo,parked,low_fuel,4000,172.0
TLM01467,CUST0147,VEH0047,CONTR0147,2026-09-10T18:58:00,SYNTHETIC,22171,4335,2500,0,173.4,58.4,10.7,184,11.0,373.0,68,,421,0,-23.5186,-46.73354,São Paulo,charging,none,1500,173.4
TLM01468,CUST0147,VEH0047,CONTR0147,2026-09-17T16:19:00,SYNTHETIC,23225,4217,2500,0,168.7,48.5,24.4,78,30.2,335.1,40,,248,0,-23.51713,-46.59672,São Paulo,maintenance,maintenance,1000,168.7
TLM01469,CUST0147,VEH0047,CONTR0147,2026-09-24T21:53:00,SYNTHETIC,23856,2525,2500,0,101.0,34.7,36.2,31,62.6,224.4,87,,539,0,-23.45542,-46.64415,São Paulo,moving,none,4000,101.0
TLM01470,CUST0147,VEH0047,CONTR0147,2026-10-01T12:56:00,SYNTHETIC,24699,3372,2500,0,134.9,30.0,29.5,51,59.1,287.3,26,,161,0,-23.58405,-46.62595,São Paulo,parked,none,1500,134.9
TLM01471,CUST0148,VEH0048,CONTR0148,2026-07-30T08:18:00,SYNTHETIC,45767,838,1000,162,83.8,55.8,54.8,6,59.0,0.0,,63,180,0,-13.00189,-38.5928,Salvador,parked,maintenance,700,83.8
TLM01472,CUST0148,VEH0048,CONTR0148,2026-08-06T19:30:00,SYNTHETIC,45967,802,1000,198,80.2,38.2,12.7,28,20.0,0.0,,87,249,1,-12.88075,-38.55504,Salvador,parked,none,2500,80.2
TLM01473,CUST0148,VEH0048,CONTR0148,2026-08-13T21:19:00,SYNTHETIC,46168,806,1000,194,80.6,34.4,9.5,38,16.6,0.0,,95,266,1,-12.91826,-38.59621,Salvador,maintenance,battery_low,350,80.6
TLM01474,CUST0148,VEH0048,CONTR0148,2026-08-20T07:04:00,SYNTHETIC,46279,444,1000,556,44.4,47.6,20.0,10,25.2,0.0,,56,153,1,-12.90301,-38.60082,Salvador,moving,none,1000,44.4
TLM01475,CUST0148,VEH0048,CONTR0148,2026-08-27T17:21:00,SYNTHETIC,46415,547,1000,453,54.7,42.0,38.5,6,55.0,0.0,,48,126,6,-12.98985,-38.56229,Salvador,parked,none,2500,54.7
TLM01476,CUST0148,VEH0048,CONTR0148,2026-09-03T08:59:00,SYNTHETIC,46572,628,1000,372,62.8,38.6,9.7,29,15.0,0.0,,42,115,4,-12.9034,-38.5206,Salvador,parked,battery_low,1500,62.8
TLM01477,CUST0148,VEH0048,CONTR0148,2026-09-10T13:03:00,SYNTHETIC,46743,685,1000,315,68.5,45.7,50.8,6,66.7,0.0,,70,185,4,-13.01171,-38.59705,Salvador,maintenance,maintenance,2500,68.5
TLM01478,CUST0148,VEH0048,CONTR0148,2026-09-17T10:54:00,SYNTHETIC,46925,728,1000,272,72.8,39.6,28.1,11,42.6,0.0,,76,194,5,-12.85813,-38.54228,Salvador,parked,none,2500,72.8
TLM01479,CUST0148,VEH0048,CONTR0148,2026-09-24T06:30:00,SYNTHETIC,47077,608,1000,392,60.8,41.3,12.5,22,18.2,0.0,,71,187,0,-13.013,-38.60715,Salvador,moving,km_limit,1000,60.8
TLM01480,CUST0148,VEH0048,CONTR0148,2026-10-01T19:55:00,SYNTHETIC,47295,874,1000,126,87.4,59.3,11.5,34,11.6,0.0,,53,130,6,-12.9878,-38.60752,Salvador,parked,battery_low,2500,87.4
TLM01481,CUST0149,VEH0049,CONTR0149,2026-07-30T07:43:00,SYNTHETIC,64328,3967,2500,0,158.7,31.5,8.4,213,16.1,198.7,67,,637,1,-19.98305,-43.85857,Belo Horizonte,parked,maintenance,2500,158.7
TLM01482,CUST0149,VEH0049,CONTR0149,2026-08-06T09:22:00,SYNTHETIC,65134,3226,2500,0,129.0,46.2,8.6,170,11.2,145.0,39,,371,2,-19.88733,-43.90855,Belo Horizonte,moving,none,4000,129.0
TLM01483,CUST0149,VEH0049,CONTR0149,2026-08-13T16:55:00,SYNTHETIC,65723,2356,2500,144,94.2,33.0,19.7,54,35.7,100.4,16,,152,2,-20.00167,-43.98327,Belo Horizonte,maintenance,km_limit,1000,94.2
TLM01484,CUST0149,VEH0049,CONTR0149,2026-08-20T09:14:00,SYNTHETIC,66596,3493,2500,0,139.7,38.1,8.2,193,12.9,146.9,85,,809,1,-19.96688,-43.88901,Belo Horizonte,parked,maintenance,1500,139.7
TLM01485,CUST0149,VEH0049,CONTR0149,2026-08-27T20:59:00,SYNTHETIC,67688,4368,2500,0,174.7,39.8,10.1,197,15.2,214.1,55,,523,0,-20.00326,-43.89151,Belo Horizonte,parked,low_fuel,1000,174.7
TLM01486,CUST0149,VEH0049,CONTR0149,2026-09-03T17:31:00,SYNTHETIC,68269,2326,2500,174,93.0,56.1,60.5,17,64.7,105.2,30,,285,2,-19.93752,-44.00754,Belo Horizonte,parked,low_fuel,4000,93.0
TLM01487,CUST0149,VEH0049,CONTR0149,2026-09-10T15:58:00,SYNTHETIC,69099,3323,2500,0,132.9,29.0,69.4,21,143.6,137.5,24,,228,0,-19.88788,-43.86317,Belo Horizonte,moving,none,1000,132.9
TLM01488,CUST0149,VEH0049,CONTR0149,2026-09-17T15:30:00,SYNTHETIC,69646,2189,2500,311,87.6,39.3,58.3,17,89.0,106.0,80,,761,0,-19.93765,-43.88611,Belo Horizonte,moving,none,4000,87.6
TLM01489,CUST0149,VEH0049,CONTR0149,2026-09-24T13:01:00,SYNTHETIC,70705,4236,2500,0,169.4,32.4,10.5,183,19.5,177.9,80,,761,2,-19.96488,-43.89313,Belo Horizonte,parked,maintenance,2500,169.4
TLM01490,CUST0149,VEH0049,CONTR0149,2026-10-01T09:42:00,SYNTHETIC,71782,4309,2500,0,172.4,49.8,72.1,27,86.8,204.2,44,,418,1,-20.00321,-43.97858,Belo Horizonte,parked,maintenance,2500,172.4
TLM01491,CUST0150,VEH0050,CONTR0150,2026-07-30T16:35:00,SYNTHETIC,63731,1813,2500,687,72.5,59.2,17.7,46,18.0,0.0,,76,210,0,-22.9559,-47.05421,Campinas,parked,battery_low,1000,72.5
TLM01492,CUST0150,VEH0050,CONTR0150,2026-08-06T06:53:00,SYNTHETIC,64237,2026,2500,474,81.0,47.5,40.2,22,50.8,0.0,,27,74,4,-22.94055,-46.95497,Campinas,parked,maintenance,700,81.0
TLM01493,CUST0150,VEH0050,CONTR0150,2026-08-13T18:04:00,SYNTHETIC,64602,1460,2500,1040,58.4,38.1,49.8,13,78.4,0.0,,91,252,8,-22.89115,-47.04717,Campinas,parked,none,1500,58.4
TLM01494,CUST0150,VEH0050,CONTR0150,2026-08-20T10:28:00,SYNTHETIC,65051,1796,2500,704,71.8,43.4,19.4,42,26.8,0.0,,81,235,1,-22.94131,-46.9611,Campinas,parked,none,1500,71.8
TLM01495,CUST0150,VEH0050,CONTR0150,2026-08-27T22:17:00,SYNTHETIC,65639,2355,2500,145,94.2,38.2,50.0,21,78.7,0.0,,32,82,3,-22.9765,-46.99367,Campinas,parked,none,4000,94.2
TLM01496,CUST0150,VEH0050,CONTR0150,2026-09-03T06:34:00,SYNTHETIC,66053,1656,2500,844,66.2,48.8,25.5,29,31.3,0.0,,59,155,7,-22.96249,-47.07986,Campinas,parked,none,700,66.2
TLM01497,CUST0150,VEH0050,CONTR0150,2026-09-10T10:19:00,SYNTHETIC,66790,2951,2500,0,118.0,33.9,20.8,64,36.7,0.0,,25,71,4,-22.98991,-47.05637,Campinas,moving,km_limit,350,118.0
TLM01498,CUST0150,VEH0050,CONTR0150,2026-09-17T18:11:00,SYNTHETIC,67515,2902,2500,0,116.1,48.4,22.1,59,27.3,0.0,,68,179,4,-22.87415,-47.01923,Campinas,parked,none,2500,116.1
TLM01499,CUST0150,VEH0050,CONTR0150,2026-09-24T10:39:00,SYNTHETIC,67929,1658,2500,842,66.3,33.6,28.2,26,50.3,0.0,,55,162,3,-22.88044,-47.00122,Campinas,moving,battery_low,700,66.3
TLM01500,CUST0150,VEH0050,CONTR0150,2026-10-01T13:02:00,SYNTHETIC,68352,1692,2500,808,67.7,35.6,10.0,76,17.0,0.0,,93,271,2,-22.96288,-46.96347,Campinas,moving,km_limit,2500,67.7
TLM01501,CUST0151,VEH0051,CONTR0151,2026-07-30T10:53:00,SYNTHETIC,62796,3077,2500,0,123.1,51.5,35.4,39,41.3,222.5,27,,226,1,-23.63806,-46.68571,São Paulo,parked,none,1000,123.1
TLM01502,CUST0151,VEH0051,CONTR0151,2026-08-06T12:30:00,SYNTHETIC,63548,3009,2500,0,120.4,58.8,23.6,57,24.1,208.7,37,,310,1,-23.52167,-46.60057,São Paulo,parked,maintenance,1500,120.4
TLM01503,CUST0151,VEH0051,CONTR0151,2026-08-13T07:19:00,SYNTHETIC,64306,3034,2500,0,121.4,53.6,53.6,25,60.0,205.1,44,,369,2,-23.57396,-46.58402,São Paulo,parked,maintenance,700,121.4
TLM01504,CUST0151,VEH0051,CONTR0151,2026-08-20T17:39:00,SYNTHETIC,64967,2647,2500,0,105.9,31.2,34.7,34,66.6,178.4,45,,377,2,-23.62291,-46.63737,São Paulo,moving,none,700,105.9
TLM01505,CUST0151,VEH0051,CONTR0151,2026-08-27T11:53:00,SYNTHETIC,65630,2654,2500,0,106.2,28.7,40.7,29,85.0,199.9,70,,587,0,-23.60454,-46.61955,São Paulo,parked,none,1500,106.2
TLM01506,CUST0151,VEH0051,CONTR0151,2026-09-03T10:14:00,SYNTHETIC,66294,2656,2500,0,106.2,53.2,23.3,51,26.3,198.2,15,,125,2,-23.65894,-46.60701,São Paulo,moving,maintenance,1500,106.2
TLM01507,CUST0151,VEH0051,CONTR0151,2026-09-10T08:18:00,SYNTHETIC,66977,2733,2500,0,109.3,53.3,10.1,123,11.3,195.3,95,,797,1,-23.60598,-46.6877,São Paulo,parked,low_fuel,1500,109.3
TLM01508,CUST0151,VEH0051,CONTR0151,2026-09-17T09:58:00,SYNTHETIC,67688,2846,2500,0,113.8,54.6,11.8,109,13.0,199.7,60,,503,0,-23.64618,-46.66182,São Paulo,parked,maintenance,4000,113.8
TLM01509,CUST0151,VEH0051,CONTR0151,2026-09-24T11:35:00,SYNTHETIC,68433,2980,2500,0,119.2,39.6,22.9,59,34.7,224.9,68,,570,0,-23.64517,-46.62199,São Paulo,moving,none,700,119.2
TLM01510,CUST0151,VEH0051,CONTR0151,2026-10-01T09:25:00,SYNTHETIC,69140,2828,2500,0,113.1,30.5,41.3,31,81.3,188.7,31,,260,0,-23.58247,-46.6465,São Paulo,parked,low_fuel,350,113.1
TLM01511,CUST0152,VEH0052,CONTR0152,2026-07-30T12:43:00,SYNTHETIC,8597,1784,1500,0,118.9,56.1,49.9,16,53.4,155.6,46,,291,0,-8.01918,-34.89355,Recife,parked,none,700,118.9
TLM01512,CUST0152,VEH0052,CONTR0152,2026-08-06T17:26:00,SYNTHETIC,8923,1305,1500,195,87.0,32.7,62.3,9,114.3,121.4,51,,322,0,-8.06168,-34.90013,Recife,moving,maintenance,4000,87.0
TLM01513,CUST0152,VEH0052,CONTR0152,2026-08-13T16:49:00,SYNTHETIC,9543,2483,1500,0,165.5,48.6,20.8,54,25.7,209.0,46,,291,0,-7.95166,-34.88864,Recife,parked,low_fuel,1500,165.5
TLM01514,CUST0152,VEH0052,CONTR0152,2026-08-20T19:22:00,SYNTHETIC,10187,2578,1500,0,171.9,33.0,24.2,48,43.9,248.4,41,,259,0,-8.00108,-34.87959,Recife,parked,none,700,171.9
TLM01515,CUST0152,VEH0052,CONTR0152,2026-08-27T09:31:00,SYNTHETIC,10630,1774,1500,0,118.3,35.1,72.3,11,123.6,172.8,83,,525,0,-7.99153,-34.94754,Recife,parked,none,4000,118.3
TLM01516,CUST0152,VEH0052,CONTR0152,2026-09-03T07:06:00,SYNTHETIC,11086,1824,1500,0,121.6,47.4,66.5,12,84.2,163.7,41,,259,0,-8.08125,-34.93584,Recife,parked,none,2500,121.6
TLM01517,CUST0152,VEH0052,CONTR0152,2026-09-10T20:55:00,SYNTHETIC,11695,2436,1500,0,162.4,55.3,18.9,58,20.5,222.5,52,,329,0,-7.97011,-34.94456,Recife,parked,km_limit,700,162.4
TLM01518,CUST0152,VEH0052,CONTR0152,2026-09-17T13:31:00,SYNTHETIC,12018,1293,1500,207,86.2,32.9,20.2,29,36.8,114.6,59,,373,0,-7.94496,-34.92134,Recife,parked,low_fuel,700,86.2
TLM01519,CUST0152,VEH0052,CONTR0152,2026-09-24T15:37:00,SYNTHETIC,12671,2612,1500,0,174.1,41.1,39.1,30,57.1,237.8,82,,519,0,-8.02885,-34.95346,Recife,parked,maintenance,1500,174.1
TLM01520,CUST0152,VEH0052,CONTR0152,2026-10-01T16:00:00,SYNTHETIC,13189,2075,1500,0,138.3,52.1,63.0,14,72.6,173.9,67,,424,0,-7.94362,-34.88723,Recife,charging,none,4000,138.3
TLM01521,CUST0153,VEH0053,CONTR0153,2026-07-30T10:48:00,SYNTHETIC,60316,1694,1500,0,112.9,46.2,30.2,25,39.2,137.1,21,,123,0,-19.93984,-43.94642,Belo Horizonte,parked,low_fuel,1500,112.9
TLM01522,CUST0153,VEH0053,CONTR0153,2026-08-06T12:16:00,SYNTHETIC,60842,2105,1500,0,140.3,35.9,29.2,32,48.9,167.1,71,,416,0,-19.90184,-43.97019,Belo Horizonte,moving,low_fuel,2500,140.3
TLM01523,CUST0153,VEH0053,CONTR0153,2026-08-13T10:50:00,SYNTHETIC,61190,1395,1500,105,93.0,31.7,37.0,17,69.9,129.4,62,,363,0,-19.98007,-43.8704,Belo Horizonte,parked,none,350,93.0
TLM01524,CUST0153,VEH0053,CONTR0153,2026-08-20T21:46:00,SYNTHETIC,61863,2694,1500,0,179.6,51.4,64.6,18,75.4,244.5,15,,88,0,-19.92065,-43.876,Belo Horizonte,moving,none,1000,179.6
TLM01525,CUST0153,VEH0053,CONTR0153,2026-08-27T22:08:00,SYNTHETIC,62206,1373,1500,127,91.5,45.7,54.3,11,71.3,109.7,18,,105,0,-19.99643,-43.94083,Belo Horizonte,parked,none,700,91.5
TLM01526,CUST0153,VEH0053,CONTR0153,2026-09-03T10:44:00,SYNTHETIC,62865,2637,1500,0,175.8,61.5,17.6,68,17.2,219.6,71,,416,0,-20.00243,-43.9225,Belo Horizonte,parked,low_fuel,4000,175.8
TLM01527,CUST0153,VEH0053,CONTR0153,2026-09-10T12:26:00,SYNTHETIC,63284,1678,1500,0,111.9,52.4,34.2,22,39.2,144.4,71,,416,0,-19.91059,-43.90594,Belo Horizonte,parked,km_limit,350,111.9
TLM01528,CUST0153,VEH0053,CONTR0153,2026-09-17T10:01:00,SYNTHETIC,63881,2389,1500,0,159.3,55.5,36.3,29,39.3,189.0,23,,135,0,-19.87994,-43.87872,Belo Horizonte,parked,low_fuel,700,159.3
TLM01529,CUST0153,VEH0053,CONTR0153,2026-09-24T12:13:00,SYNTHETIC,64454,2292,1500,0,152.8,45.6,41.4,25,54.5,191.9,64,,375,0,-19.85255,-43.97928,Belo Horizonte,parked,low_fuel,1000,152.8
TLM01530,CUST0153,VEH0053,CONTR0153,2026-10-01T21:46:00,SYNTHETIC,65010,2224,1500,0,148.3,41.0,70.7,14,103.6,195.6,84,,493,0,-19.893,-43.99955,Belo Horizonte,moving,km_limit,2500,148.3
TLM01531,CUST0154,VEH0054,CONTR0154,2026-07-30T06:35:00,SYNTHETIC,6544,1604,2000,396,80.2,49.8,18.4,39,22.2,185.1,70,,433,0,-22.84396,-46.9661,Campinas,moving,none,2500,80.2
TLM01532,CUST0154,VEH0054,CONTR0154,2026-08-06T08:58:00,SYNTHETIC,6911,1470,2000,530,73.5,29.8,48.5,13,97.7,145.5,94,,581,0,-22.91139,-47.07844,Campinas,moving,low_fuel,1000,73.5
TLM01533,CUST0154,VEH0054,CONTR0154,2026-08-13T09:30:00,SYNTHETIC,7263,1410,2000,590,70.5,58.3,6.0,106,6.2,138.4,57,,352,0,-22.94642,-46.96892,Campinas,parked,km_limit,1000,70.5
TLM01534,CUST0154,VEH0054,CONTR0154,2026-08-20T07:18:00,SYNTHETIC,7674,1646,2000,354,82.3,49.8,32.5,23,39.1,159.5,82,,507,0,-22.96078,-47.10196,Campinas,moving,maintenance,4000,82.3
TLM01535,CUST0154,VEH0054,CONTR0154,2026-08-27T12:53:00,SYNTHETIC,7933,1036,2000,964,51.8,30.2,25.9,18,51.5,119.0,58,,359,0,-22.94879,-47.02927,Campinas,parked,low_fuel,350,51.8
TLM01536,CUST0154,VEH0054,CONTR0154,2026-09-03T12:02:00,SYNTHETIC,8192,1038,2000,962,51.9,50.0,29.4,16,35.3,109.6,60,,371,0,-22.90171,-47.11094,Campinas,parked,none,2500,51.9
TLM01537,CUST0154,VEH0054,CONTR0154,2026-09-10T07:05:00,SYNTHETIC,8510,1275,2000,725,63.7,38.8,19.8,29,30.6,125.2,72,,445,0,-22.84769,-47.01555,Campinas,moving,none,2500,63.7
TLM01538,CUST0154,VEH0054,CONTR0154,2026-09-17T12:30:00,SYNTHETIC,8815,1223,2000,777,61.2,59.0,11.0,50,11.2,140.6,82,,507,0,-22.88934,-47.04311,Campinas,moving,maintenance,4000,61.2
TLM01539,CUST0154,VEH0054,CONTR0154,2026-09-24T21:52:00,SYNTHETIC,9133,1275,2000,725,63.7,41.2,54.1,10,78.7,136.3,69,,427,0,-22.86856,-47.04269,Campinas,parked,none,350,63.7
TLM01540,CUST0154,VEH0054,CONTR0154,2026-10-01T16:55:00,SYNTHETIC,9500,1468,2000,532,73.4,34.9,15.8,42,27.1,153.6,75,,464,0,-22.99713,-46.95772,Campinas,parked,low_fuel,350,73.4
TLM01541,CUST0155,VEH0055,CONTR0155,2026-07-30T17:15:00,SYNTHETIC,54355,853,1000,147,85.3,46.3,34.8,11,45.1,70.7,71,,401,0,-12.98659,-38.56663,Salvador,moving,none,4000,85.3
TLM01542,CUST0155,VEH0055,CONTR0155,2026-08-06T21:21:00,SYNTHETIC,54583,915,1000,85,91.5,45.3,19.8,20,26.3,75.3,33,,186,0,-12.95542,-38.59429,Salvador,moving,km_limit,350,91.5
TLM01543,CUST0155,VEH0055,CONTR0155,2026-08-13T10:50:00,SYNTHETIC,54817,939,1000,61,93.9,42.5,29.8,14,42.0,84.9,15,,84,0,-12.96248,-38.57222,Salvador,parked,none,700,93.9
TLM01544,CUST0155,VEH0055,CONTR0155,2026-08-20T08:40:00,SYNTHETIC,55034,871,1000,129,87.1,41.1,35.0,11,51.2,77.9,43,,242,0,-12.98559,-38.48676,Salvador,moving,none,1000,87.1
TLM01545,CUST0155,VEH0055,CONTR0155,2026-08-27T20:52:00,SYNTHETIC,55266,931,1000,69,93.1,40.6,20.7,20,30.6,72.2,45,,254,0,-13.01448,-38.4585,Salvador,parked,low_fuel,350,93.1
TLM01546,CUST0155,VEH0055,CONTR0155,2026-09-03T11:30:00,SYNTHETIC,55483,870,1000,130,87.0,58.1,47.3,8,48.8,75.3,43,,242,0,-12.91801,-38.52988,Salvador,parked,low_fuel,2500,87.0
TLM01547,CUST0155,VEH0055,CONTR0155,2026-09-10T21:41:00,SYNTHETIC,55687,817,1000,183,81.7,57.9,30.6,12,31.7,63.8,31,,175,0,-12.96432,-38.54255,Salvador,moving,low_fuel,4000,81.7
TLM01548,CUST0155,VEH0055,CONTR0155,2026-09-17T14:09:00,SYNTHETIC,55887,801,1000,199,80.1,58.9,13.2,27,13.4,61.3,33,,186,0,-13.014,-38.49692,Salvador,parked,low_fuel,4000,80.1
TLM01549,CUST0155,VEH0055,CONTR0155,2026-09-24T19:59:00,SYNTHETIC,56123,944,1000,56,94.4,39.9,38.3,11,57.6,85.0,72,,406,0,-13.0257,-38.5122,Salvador,parked,none,1500,94.4
TLM01550,CUST0155,VEH0055,CONTR0155,2026-10-01T07:38:00,SYNTHETIC,56336,854,1000,146,85.4,48.7,23.1,16,28.5,70.4,73,,412,0,-12.94745,-38.49594,Salvador,parked,none,1500,85.4
TLM01551,CUST0156,VEH0056,CONTR0156,2026-07-30T15:08:00,SYNTHETIC,36117,1509,2000,491,75.4,54.5,6.8,101,7.5,139.8,61,,303,0,-12.89005,-38.55917,Salvador,parked,none,700,75.4
TLM01552,CUST0156,VEH0056,CONTR0156,2026-08-06T08:48:00,SYNTHETIC,36495,1512,2000,488,75.6,43.6,15.8,43,21.8,142.3,31,,154,0,-13.00654,-38.4625,Salvador,parked,maintenance,350,75.6
TLM01553,CUST0156,VEH0056,CONTR0156,2026-08-13T09:21:00,SYNTHETIC,36974,1916,2000,84,95.8,40.3,19.9,43,29.7,179.5,68,,338,0,-12.96903,-38.51746,Salvador,moving,low_fuel,350,95.8
TLM01554,CUST0156,VEH0056,CONTR0156,2026-08-20T10:26:00,SYNTHETIC,37626,2608,2000,0,130.4,39.2,42.5,27,65.1,217.2,23,,114,0,-13.04645,-38.53932,Salvador,moving,low_fuel,1500,130.4
TLM01555,CUST0156,VEH0056,CONTR0156,2026-08-27T20:55:00,SYNTHETIC,38062,1746,2000,254,87.3,47.4,16.2,48,20.5,150.6,74,,368,0,-12.95887,-38.48333,Salvador,moving,maintenance,1000,87.3
TLM01556,CUST0156,VEH0056,CONTR0156,2026-09-03T09:18:00,SYNTHETIC,38475,1655,2000,345,82.8,45.0,16.1,46,21.5,149.7,26,,129,0,-12.95661,-38.54443,Salvador,moving,none,2500,82.8
TLM01557,CUST0156,VEH0056,CONTR0156,2026-09-10T15:43:00,SYNTHETIC,38874,1598,2000,402,79.9,36.2,49.9,14,82.6,144.9,67,,333,0,-12.9148,-38.48998,Salvador,moving,km_limit,4000,79.9
TLM01558,CUST0156,VEH0056,CONTR0156,2026-09-17T10:49:00,SYNTHETIC,39256,1529,2000,471,76.4,60.0,52.5,13,52.5,143.8,67,,333,0,-12.96493,-38.57029,Salvador,parked,none,1500,76.4
TLM01559,CUST0156,VEH0056,CONTR0156,2026-09-24T15:00:00,SYNTHETIC,39660,1616,2000,384,80.8,58.2,50.2,14,51.7,160.7,78,,388,0,-13.04158,-38.61445,Salvador,parked,none,4000,80.8
TLM01560,CUST0156,VEH0056,CONTR0156,2026-10-01T18:50:00,SYNTHETIC,40222,2249,2000,0,112.5,32.8,32.8,31,59.9,210.4,26,,129,0,-13.04509,-38.60619,Salvador,moving,low_fuel,1000,112.5
TLM01561,CUST0157,VEH0057,CONTR0157,2026-07-30T12:15:00,SYNTHETIC,49617,1305,2500,1195,52.2,56.0,30.3,19,32.4,69.5,40,,303,2,-22.91681,-43.15495,Rio de Janeiro,parked,low_fuel,430,52.2
TLM01562,CUST0157,VEH0057,CONTR0157,2026-08-06T07:37:00,SYNTHETIC,49924,1228,2500,1272,49.1,48.3,43.4,12,53.8,76.4,16,,121,0,-22.95966,-43.09096,Rio de Janeiro,parked,low_fuel,129,49.1
TLM01563,CUST0157,VEH0057,CONTR0157,2026-08-13T13:21:00,SYNTHETIC,50184,1043,2500,1457,41.7,43.1,11.6,40,16.1,54.2,54,,409,2,-22.85621,-43.17769,Rio de Janeiro,moving,maintenance,188,41.7
TLM01564,CUST0157,VEH0057,CONTR0157,2026-08-20T13:40:00,SYNTHETIC,50694,2041,2500,459,81.6,48.4,14.8,62,18.4,122.0,94,,713,2,-22.89709,-43.15433,Rio de Janeiro,moving,none,125,81.6
TLM01565,CUST0157,VEH0057,CONTR0157,2026-08-27T19:33:00,SYNTHETIC,51062,1473,2500,1027,58.9,33.8,50.9,13,90.4,76.9,25,,189,0,-22.95737,-43.08579,Rio de Janeiro,parked,low_fuel,445,58.9
TLM01566,CUST0157,VEH0057,CONTR0157,2026-09-03T08:53:00,SYNTHETIC,51477,1663,2500,837,66.5,54.5,49.8,15,54.8,105.1,73,,554,0,-22.82994,-43.20816,Rio de Janeiro,charging,none,467,66.5
TLM01567,CUST0157,VEH0057,CONTR0157,2026-09-10T20:39:00,SYNTHETIC,51926,1796,2500,704,71.8,60.2,39.0,20,38.9,108.6,16,,121,2,-22.88744,-43.06568,Rio de Janeiro,moving,none,354,71.8
TLM01568,CUST0157,VEH0057,CONTR0157,2026-09-17T17:41:00,SYNTHETIC,52345,1678,2500,822,67.1,32.2,21.1,36,39.3,100.0,92,,698,0,-22.96344,-43.10572,Rio de Janeiro,parked,low_fuel,308,67.1
TLM01569,CUST0157,VEH0057,CONTR0157,2026-09-24T12:26:00,SYNTHETIC,52734,1557,2500,943,62.3,44.3,48.5,14,65.7,90.0,76,,576,1,-22.81976,-43.15309,Rio de Janeiro,parked,maintenance,436,62.3
TLM01570,CUST0157,VEH0057,CONTR0157,2026-10-01T11:11:00,SYNTHETIC,53178,1776,2500,724,71.0,40.2,10.3,78,15.4,105.6,35,,265,1,-22.90003,-43.15268,Rio de Janeiro,parked,maintenance,188,71.0
TLM01571,CUST0158,VEH0058,CONTR0158,2026-07-30T16:10:00,SYNTHETIC,72792,1227,2000,773,61.4,51.8,15.5,35,18.0,99.2,25,,141,0,-25.44197,-49.18473,Curitiba,parked,low_fuel,1500,61.4
TLM01572,CUST0158,VEH0058,CONTR0158,2026-08-06T16:36:00,SYNTHETIC,73437,2583,2000,0,129.2,46.3,35.9,32,46.5,201.6,89,,502,0,-25.38626,-49.30972,Curitiba,moving,none,2500,129.2
TLM01573,CUST0158,VEH0058,CONTR0158,2026-08-13T06:35:00,SYNTHETIC,73922,1943,2000,57,97.2,43.8,27.3,32,37.3,167.2,78,,440,0,-25.33775,-49.18547,Curitiba,parked,none,1500,97.2
TLM01574,CUST0158,VEH0058,CONTR0158,2026-08-20T20:06:00,SYNTHETIC,74510,2352,2000,0,117.6,28.8,7.4,143,15.5,169.1,52,,293,0,-25.32922,-49.2065,Curitiba,moving,low_fuel,350,117.6
TLM01575,CUST0158,VEH0058,CONTR0158,2026-08-27T18:22:00,SYNTHETIC,75024,2059,2000,0,103.0,34.4,9.4,99,16.4,172.3,90,,508,0,-25.3437,-49.24591,Curitiba,parked,low_fuel,1000,103.0
TLM01576,CUST0158,VEH0058,CONTR0158,2026-09-03T07:00:00,SYNTHETIC,75576,2208,2000,0,110.4,56.6,21.1,47,22.4,171.1,22,,124,0,-25.35699,-49.30203,Curitiba,moving,none,4000,110.4
TLM01577,CUST0158,VEH0058,CONTR0158,2026-09-10T20:03:00,SYNTHETIC,76149,2294,2000,0,114.7,34.2,52.4,19,92.1,182.6,77,,435,0,-25.3717,-49.2286,Curitiba,parked,low_fuel,1000,114.7
TLM01578,CUST0158,VEH0058,CONTR0158,2026-09-17T08:41:00,SYNTHETIC,76678,2118,2000,0,105.9,28.6,11.0,87,23.0,179.1,58,,327,0,-25.39078,-49.19771,Curitiba,moving,none,4000,105.9
TLM01579,CUST0158,VEH0058,CONTR0158,2026-09-24T11:10:00,SYNTHETIC,77086,1633,2000,367,81.7,47.4,53.5,13,67.6,125.9,91,,514,0,-25.4356,-49.30116,Curitiba,parked,none,1000,81.7
TLM01580,CUST0158,VEH0058,CONTR0158,2026-10-01T21:40:00,SYNTHETIC,77704,2474,2000,0,123.7,49.6,6.8,166,8.2,181.6,20,,113,0,-25.44064,-49.18094,Curitiba,parked,low_fuel,350,123.7
TLM01581,CUST0159,VEH0059,CONTR0159,2026-07-30T13:30:00,SYNTHETIC,28294,2603,2000,0,130.2,50.1,26.8,44,32.0,220.1,88,,468,0,-15.74858,-47.82413,Brasília,moving,none,1500,130.2
TLM01582,CUST0159,VEH0059,CONTR0159,2026-08-06T14:19:00,SYNTHETIC,28606,1248,2000,752,62.4,55.5,30.2,18,32.7,117.1,26,,138,0,-15.83725,-47.83555,Brasília,parked,low_fuel,4000,62.4
TLM01583,CUST0159,VEH0059,CONTR0159,2026-08-13T12:23:00,SYNTHETIC,29255,2597,2000,0,129.8,51.1,50.5,23,59.3,219.4,63,,335,0,-15.79646,-47.90119,Brasília,parked,km_limit,2500,129.8
TLM01584,CUST0159,VEH0059,CONTR0159,2026-08-20T19:22:00,SYNTHETIC,29655,1601,2000,399,80.0,52.6,19.8,36,22.5,146.6,85,,452,0,-15.75141,-47.85943,Brasília,parked,low_fuel,2500,80.0
TLM01585,CUST0159,VEH0059,CONTR0159,2026-08-27T19:40:00,SYNTHETIC,30293,2553,2000,0,127.6,45.2,44.5,26,59.1,229.5,44,,234,0,-15.87421,-47.87505,Brasília,parked,none,4000,127.6
TLM01586,CUST0159,VEH0059,CONTR0159,2026-09-03T20:30:00,SYNTHETIC,30762,1878,2000,122,93.9,41.3,20.7,41,30.0,160.6,34,,180,0,-15.84142,-47.86633,Brasília,parked,low_fuel,350,93.9
TLM01587,CUST0159,VEH0059,CONTR0159,2026-09-10T12:42:00,SYNTHETIC,31411,2597,2000,0,129.8,37.9,13.8,85,21.8,248.3,67,,356,0,-15.76715,-47.9014,Brasília,moving,maintenance,2500,129.8
TLM01588,CUST0159,VEH0059,CONTR0159,2026-09-17T06:48:00,SYNTHETIC,32089,2712,2000,0,135.6,42.6,35.3,34,49.6,233.0,83,,441,0,-15.78396,-47.89279,Brasília,parked,none,350,135.6
TLM01589,CUST0159,VEH0059,CONTR0159,2026-09-24T06:03:00,SYNTHETIC,32530,1766,2000,234,88.3,52.5,35.2,22,40.2,157.8,66,,351,0,-15.82655,-47.89683,Brasília,parked,none,1500,88.3
TLM01590,CUST0159,VEH0059,CONTR0159,2026-10-01T21:58:00,SYNTHETIC,33124,2377,2000,0,118.8,53.8,33.8,31,37.7,219.4,72,,383,0,-15.87711,-47.78615,Brasília,moving,low_fuel,700,118.8
TLM01591,CUST0160,VEH0060,CONTR0160,2026-07-30T10:21:00,SYNTHETIC,50774,2033,2000,0,101.6,61.0,6.2,148,6.1,193.1,18,,89,0,-16.65091,-49.29477,Goiânia,parked,km_limit,350,101.6
TLM01592,CUST0160,VEH0060,CONTR0160,2026-08-06T11:35:00,SYNTHETIC,51285,2047,2000,0,102.4,51.4,37.2,25,43.4,184.3,58,,288,0,-16.7253,-49.31741,Goiânia,moving,low_fuel,350,102.4
TLM01593,CUST0160,VEH0060,CONTR0160,2026-08-13T21:39:00,SYNTHETIC,51582,1190,2000,810,59.5,58.9,35.2,15,35.9,117.7,44,,219,0,-16.60301,-49.22961,Goiânia,moving,low_fuel,700,59.5
TLM01594,CUST0160,VEH0060,CONTR0160,2026-08-20T14:55:00,SYNTHETIC,52136,2216,2000,0,110.8,52.6,10.9,92,12.5,193.0,60,,298,0,-16.71367,-49.29368,Goiânia,parked,none,2500,110.8
TLM01595,CUST0160,VEH0060,CONTR0160,2026-08-27T09:44:00,SYNTHETIC,52696,2243,2000,0,112.1,33.1,27.3,37,49.5,217.8,38,,189,0,-16.73219,-49.2928,Goiânia,moving,none,4000,112.1
TLM01596,CUST0160,VEH0060,CONTR0160,2026-09-03T19:02:00,SYNTHETIC,53038,1369,2000,631,68.5,52.3,23.2,26,26.6,123.1,25,,124,0,-16.61266,-49.21915,Goiânia,parked,low_fuel,1000,68.5
TLM01597,CUST0160,VEH0060,CONTR0160,2026-09-10T17:20:00,SYNTHETIC,53517,1918,2000,82,95.9,39.0,9.8,88,15.1,185.9,53,,263,0,-16.61944,-49.31577,Goiânia,parked,low_fuel,1000,95.9
TLM01598,CUST0160,VEH0060,CONTR0160,2026-09-17T12:15:00,SYNTHETIC,53802,1143,2000,857,57.1,54.0,12.6,41,14.1,100.5,28,,139,0,-16.66961,-49.28932,Goiânia,maintenance,km_limit,1500,57.1
TLM01599,CUST0160,VEH0060,CONTR0160,2026-09-24T11:48:00,SYNTHETIC,54126,1296,2000,704,64.8,31.0,21.6,27,41.8,121.0,69,,343,0,-16.67231,-49.20968,Goiânia,moving,low_fuel,4000,64.8
TLM01600,CUST0160,VEH0060,CONTR0160,2026-10-01T06:37:00,SYNTHETIC,54549,1694,2000,306,84.7,45.5,31.8,24,41.9,159.3,71,,353,0,-16.64094,-49.34149,Goiânia,parked,none,1500,84.7
TLM01601,CUST0161,VEH0061,CONTR0161,2026-07-30T08:27:00,SYNTHETIC,16595,2431,2500,69,97.2,42.7,7.0,158,9.8,249.4,94,,507,0,-25.37539,-49.2114,Curitiba,moving,none,2500,97.2
TLM01602,CUST0161,VEH0061,CONTR0161,2026-08-06T19:28:00,SYNTHETIC,16952,1431,2500,1069,57.2,39.2,36.2,17,55.3,139.8,33,,178,0,-25.45814,-49.23335,Curitiba,parked,low_fuel,700,57.2
TLM01603,CUST0161,VEH0061,CONTR0161,2026-08-13T07:19:00,SYNTHETIC,17712,3041,2500,0,121.6,35.3,44.3,31,75.3,311.0,82,,442,0,-25.41422,-49.22593,Curitiba,moving,maintenance,2500,121.6
TLM01604,CUST0161,VEH0061,CONTR0161,2026-08-20T17:02:00,SYNTHETIC,18183,1885,2500,615,75.4,33.2,13.1,65,23.7,184.8,46,,248,0,-25.35711,-49.3388,Curitiba,moving,none,1500,75.4
TLM01605,CUST0161,VEH0061,CONTR0161,2026-08-27T20:11:00,SYNTHETIC,18842,2639,2500,0,105.6,31.6,18.5,64,35.1,251.8,62,,334,0,-25.39753,-49.35173,Curitiba,parked,km_limit,1500,105.6
TLM01606,CUST0161,VEH0061,CONTR0161,2026-09-03T12:41:00,SYNTHETIC,19313,1887,2500,613,75.5,28.8,20.0,42,41.6,172.4,25,,135,0,-25.44669,-49.29222,Curitiba,parked,low_fuel,2500,75.5
TLM01607,CUST0161,VEH0061,CONTR0161,2026-09-10T21:30:00,SYNTHETIC,19755,1768,2500,732,70.7,55.0,49.4,16,53.9,176.0,35,,189,0,-25.47556,-49.25916,Curitiba,moving,maintenance,4000,70.7
TLM01608,CUST0161,VEH0061,CONTR0161,2026-09-17T18:57:00,SYNTHETIC,20277,2089,2500,411,83.6,51.2,11.6,81,13.6,207.4,74,,399,0,-25.36939,-49.3076,Curitiba,moving,none,2500,83.6
TLM01609,CUST0161,VEH0061,CONTR0161,2026-09-24T08:47:00,SYNTHETIC,20818,2165,2500,335,86.6,57.1,31.0,31,32.5,222.0,33,,178,0,-25.48598,-49.28141,Curitiba,moving,maintenance,4000,86.6
TLM01610,CUST0161,VEH0061,CONTR0161,2026-10-01T16:28:00,SYNTHETIC,21432,2457,2500,43,98.3,33.3,35.1,31,63.2,223.8,87,,469,0,-25.4597,-49.28828,Curitiba,parked,low_fuel,350,98.3
TLM01611,CUST0162,VEH0062,CONTR0162,2026-07-30T15:22:00,SYNTHETIC,20170,960,800,0,120.0,40.2,33.7,12,50.3,90.0,77,,455,0,-16.62025,-49.24341,Goiânia,parked,km_limit,350,120.0
TLM01612,CUST0162,VEH0062,CONTR0162,2026-08-06T11:00:00,SYNTHETIC,20303,533,800,267,66.6,57.4,8.8,27,9.2,46.0,21,,124,0,-16.73537,-49.2585,Goiânia,parked,low_fuel,350,66.6
TLM01613,CUST0162,VEH0062,CONTR0162,2026-08-13T17:56:00,SYNTHETIC,20504,804,800,0,100.5,47.1,33.2,11,42.3,65.9,42,,248,0,-16.74747,-49.26678,Goiânia,parked,none,4000,100.5
TLM01614,CUST0162,VEH0062,CONTR0162,2026-08-20T12:17:00,SYNTHETIC,20694,762,800,38,95.2,41.5,17.6,19,25.5,72.7,49,,289,0,-16.69103,-49.25153,Goiânia,parked,maintenance,350,95.2
TLM01615,CUST0162,VEH0062,CONTR0162,2026-08-27T09:02:00,SYNTHETIC,20860,667,800,133,83.4,30.3,40.8,7,80.8,56.0,69,,407,0,-16.74424,-49.32292,Goiânia,parked,maintenance,2500,83.4
TLM01616,CUST0162,VEH0062,CONTR0162,2026-09-03T14:24:00,SYNTHETIC,21001,565,800,235,70.6,33.9,8.4,30,14.8,53.6,27,,159,0,-16.7467,-49.27461,Goiânia,moving,none,700,70.6
TLM01617,CUST0162,VEH0062,CONTR0162,2026-09-10T12:43:00,SYNTHETIC,21122,485,800,315,60.6,36.0,38.2,5,63.7,40.9,45,,265,0,-16.63933,-49.22085,Goiânia,parked,none,700,60.6
TLM01618,CUST0162,VEH0062,CONTR0162,2026-09-17T08:41:00,SYNTHETIC,21323,806,800,0,100.8,52.6,37.2,9,42.5,68.8,16,,94,0,-16.60617,-49.28527,Goiânia,moving,maintenance,700,100.8
TLM01619,CUST0162,VEH0062,CONTR0162,2026-09-24T19:30:00,SYNTHETIC,21502,718,800,82,89.8,28.4,42.7,7,90.1,66.1,54,,319,0,-16.72685,-49.35505,Goiânia,parked,km_limit,4000,89.8
TLM01620,CUST0162,VEH0062,CONTR0162,2026-10-01T09:27:00,SYNTHETIC,21635,533,800,267,66.6,51.8,10.9,22,12.6,43.9,75,,443,0,-16.71769,-49.27219,Goiânia,parked,km_limit,350,66.6
TLM01621,CUST0163,VEH0063,CONTR0163,2026-07-30T06:33:00,SYNTHETIC,8919,1216,1000,0,121.6,50.8,47.1,11,55.6,97.4,38,,212,0,-30.08465,-51.21403,Porto Alegre,parked,km_limit,700,121.6
TLM01622,CUST0163,VEH0063,CONTR0163,2026-08-06T19:38:00,SYNTHETIC,9182,1054,1000,0,105.4,30.7,19.0,25,37.0,90.0,61,,340,0,-30.06844,-51.2377,Porto Alegre,moving,none,1000,105.4
TLM01623,CUST0163,VEH0063,CONTR0163,2026-08-13T20:46:00,SYNTHETIC,9408,904,1000,96,90.4,31.9,15.1,27,28.4,74.0,25,,139,0,-30.03456,-51.31778,Porto Alegre,parked,km_limit,700,90.4
TLM01624,CUST0163,VEH0063,CONTR0163,2026-08-20T09:08:00,SYNTHETIC,9655,990,1000,10,99.0,42.1,12.9,34,18.4,81.0,89,,496,0,-30.02531,-51.214,Porto Alegre,parked,km_limit,1000,99.0
TLM01625,CUST0163,VEH0063,CONTR0163,2026-08-27T09:12:00,SYNTHETIC,9955,1202,1000,0,120.2,46.5,52.1,10,67.2,97.3,78,,435,0,-30.05694,-51.20006,Porto Alegre,parked,km_limit,700,120.2
TLM01626,CUST0163,VEH0063,CONTR0163,2026-09-03T08:19:00,SYNTHETIC,10161,825,1000,175,82.5,61.8,14.1,26,13.7,63.6,51,,284,0,-30.09652,-51.27383,Porto Alegre,parked,km_limit,4000,82.5
TLM01627,CUST0163,VEH0063,CONTR0163,2026-09-10T20:26:00,SYNTHETIC,10407,985,1000,15,98.5,35.0,16.7,26,28.7,78.5,29,,161,0,-30.0194,-51.22692,Porto Alegre,moving,low_fuel,350,98.5
TLM01628,CUST0163,VEH0063,CONTR0163,2026-09-17T19:13:00,SYNTHETIC,10687,1121,1000,0,112.1,40.7,20.5,24,30.2,88.0,91,,507,0,-30.00211,-51.26988,Porto Alegre,parked,maintenance,1500,112.1
TLM01629,CUST0163,VEH0063,CONTR0163,2026-09-24T21:59:00,SYNTHETIC,11000,1253,1000,0,125.3,41.2,24.5,23,35.6,114.0,64,,357,0,-30.14056,-51.27601,Porto Alegre,parked,maintenance,2500,125.3
TLM01630,CUST0163,VEH0063,CONTR0163,2026-10-01T18:46:00,SYNTHETIC,11336,1345,1000,0,134.5,28.1,19.6,31,41.9,105.5,92,,513,0,-30.10774,-51.20152,Porto Alegre,parked,none,4000,134.5
TLM01631,CUST0164,VEH0064,CONTR0164,2026-07-30T11:30:00,SYNTHETIC,29142,1609,1500,0,107.3,32.9,52.8,13,96.2,144.6,91,,526,0,-27.48499,-48.59547,Florianópolis,parked,low_fuel,350,107.3
TLM01632,CUST0164,VEH0064,CONTR0164,2026-08-06T08:34:00,SYNTHETIC,29421,1119,1500,381,74.6,29.5,18.9,26,38.6,89.4,33,,191,0,-27.56233,-48.63627,Florianópolis,moving,none,2500,74.6
TLM01633,CUST0164,VEH0064,CONTR0164,2026-08-13T18:41:00,SYNTHETIC,29753,1328,1500,172,88.5,45.6,7.0,86,9.2,109.6,72,,416,0,-27.62605,-48.52442,Florianópolis,moving,maintenance,4000,88.5
TLM01634,CUST0164,VEH0064,CONTR0164,2026-08-20T15:37:00,SYNTHETIC,30076,1295,1500,205,86.3,48.8,44.7,13,54.9,110.9,47,,272,0,-27.53631,-48.55691,Florianópolis,moving,km_limit,2500,86.3
TLM01635,CUST0164,VEH0064,CONTR0164,2026-08-27T19:50:00,SYNTHETIC,30324,994,1500,506,66.3,57.5,11.2,40,11.7,75.3,50,,289,0,-27.58088,-48.59,Florianópolis,parked,low_fuel,2500,66.3
TLM01636,CUST0164,VEH0064,CONTR0164,2026-09-03T21:13:00,SYNTHETIC,30555,924,1500,576,61.6,49.1,38.5,10,47.1,83.2,16,,92,0,-27.53351,-48.54725,Florianópolis,charging,none,1500,61.6
TLM01637,CUST0164,VEH0064,CONTR0164,2026-09-10T20:23:00,SYNTHETIC,30946,1566,1500,0,104.4,41.8,17.9,39,25.7,140.9,40,,231,0,-27.50135,-48.58502,Florianópolis,moving,none,350,104.4
TLM01638,CUST0164,VEH0064,CONTR0164,2026-09-17T22:04:00,SYNTHETIC,31379,1735,1500,0,115.7,42.1,26.5,29,37.8,136.6,67,,387,0,-27.62041,-48.52253,Florianópolis,moving,km_limit,700,115.7
TLM01639,CUST0164,VEH0064,CONTR0164,2026-09-24T11:44:00,SYNTHETIC,31809,1720,1500,0,114.7,52.2,37.8,20,43.4,151.8,21,,121,0,-27.62702,-48.53462,Florianópolis,parked,maintenance,1500,114.7
TLM01640,CUST0164,VEH0064,CONTR0164,2026-10-01T13:51:00,SYNTHETIC,32018,838,1500,662,55.9,30.6,54.6,6,106.9,66.5,36,,208,0,-27.47721,-48.62568,Florianópolis,parked,km_limit,350,55.9
TLM01641,CUST0165,VEH0065,CONTR0165,2026-07-30T07:15:00,SYNTHETIC,37046,1268,3000,1732,42.3,48.9,31.8,18,39.1,101.0,19,,112,0,-27.61258,-48.62135,Florianópolis,parked,none,350,42.3
TLM01642,CUST0165,VEH0065,CONTR0165,2026-08-06T09:09:00,SYNTHETIC,37443,1589,3000,1411,53.0,45.5,22.3,32,29.4,125.4,68,,401,0,-27.61169,-48.60293,Florianópolis,parked,low_fuel,700,53.0
TLM01643,CUST0165,VEH0065,CONTR0165,2026-08-13T14:04:00,SYNTHETIC,37953,2042,3000,958,68.1,33.2,50.6,18,91.4,180.1,58,,342,0,-27.5554,-48.53539,Florianópolis,moving,km_limit,350,68.1
TLM01644,CUST0165,VEH0065,CONTR0165,2026-08-20T19:57:00,SYNTHETIC,38446,1974,3000,1026,65.8,57.9,36.8,24,38.2,176.2,47,,277,0,-27.66006,-48.49787,Florianópolis,parked,low_fuel,1500,65.8
TLM01645,CUST0165,VEH0065,CONTR0165,2026-08-27T14:22:00,SYNTHETIC,39099,2612,3000,388,87.1,52.0,25.9,45,29.9,198.0,84,,495,0,-27.64747,-48.51551,Florianópolis,parked,none,1500,87.1
TLM01646,CUST0165,VEH0065,CONTR0165,2026-09-03T06:57:00,SYNTHETIC,39591,1970,3000,1030,65.7,38.8,10.6,84,16.4,160.9,21,,123,0,-27.56529,-48.57223,Florianópolis,parked,none,2500,65.7
TLM01647,CUST0165,VEH0065,CONTR0165,2026-09-10T15:23:00,SYNTHETIC,40122,2127,3000,873,70.9,39.5,52.9,18,80.5,161.6,90,,531,0,-27.54767,-48.55479,Florianópolis,parked,low_fuel,1500,70.9
TLM01648,CUST0165,VEH0065,CONTR0165,2026-09-17T11:44:00,SYNTHETIC,40642,2080,3000,920,69.3,59.1,7.6,124,7.7,190.6,93,,548,0,-27.67156,-48.57013,Florianópolis,parked,low_fuel,2500,69.3
TLM01649,CUST0165,VEH0065,CONTR0165,2026-09-24T08:56:00,SYNTHETIC,40999,1431,3000,1569,47.7,50.1,43.3,15,51.8,109.8,66,,389,0,-27.65579,-48.4934,Florianópolis,parked,none,2500,47.7
TLM01650,CUST0165,VEH0065,CONTR0165,2026-10-01T15:00:00,SYNTHETIC,41631,2528,3000,472,84.3,43.4,29.4,39,40.7,195.8,76,,448,0,-27.57576,-48.61864,Florianópolis,moving,none,4000,84.3
TLM01651,CUST0166,VEH0066,CONTR0166,2026-07-30T13:11:00,SYNTHETIC,27839,1365,1500,135,91.0,60.1,10.6,58,10.6,127.1,44,,242,0,-30.02563,-51.21467,Porto Alegre,moving,km_limit,350,91.0
TLM01652,CUST0166,VEH0066,CONTR0166,2026-08-06T14:09:00,SYNTHETIC,28189,1400,1500,100,93.3,31.4,44.8,14,85.5,122.0,36,,198,0,-30.03589,-51.17719,Porto Alegre,moving,low_fuel,1000,93.3
TLM01653,CUST0166,VEH0066,CONTR0166,2026-08-13T08:07:00,SYNTHETIC,28534,1381,1500,119,92.1,53.6,6.4,98,7.1,128.2,71,,390,0,-30.03606,-51.20173,Porto Alegre,parked,none,1500,92.1
TLM01654,CUST0166,VEH0066,CONTR0166,2026-08-20T17:12:00,SYNTHETIC,28857,1293,1500,207,86.2,37.3,36.0,16,57.9,119.4,28,,154,0,-30.04363,-51.18488,Porto Alegre,moving,km_limit,1000,86.2
TLM01655,CUST0166,VEH0066,CONTR0166,2026-08-27T07:32:00,SYNTHETIC,29159,1208,1500,292,80.5,38.6,37.2,14,57.8,105.5,56,,308,0,-29.9975,-51.25544,Porto Alegre,parked,low_fuel,350,80.5
TLM01656,CUST0166,VEH0066,CONTR0166,2026-09-03T11:47:00,SYNTHETIC,29505,1384,1500,116,92.3,30.4,37.5,16,74.0,121.4,55,,302,0,-30.05052,-51.12568,Porto Alegre,moving,none,2500,92.3
TLM01657,CUST0166,VEH0066,CONTR0166,2026-09-10T11:36:00,SYNTHETIC,29818,1254,1500,246,83.6,41.0,24.7,23,36.1,116.0,69,,379,0,-30.08747,-51.24702,Porto Alegre,parked,none,2500,83.6
TLM01658,CUST0166,VEH0066,CONTR0166,2026-09-17T06:53:00,SYNTHETIC,30123,1220,1500,280,81.3,30.2,46.3,11,91.9,117.3,39,,214,0,-30.04361,-51.24721,Porto Alegre,parked,low_fuel,2500,81.3
TLM01659,CUST0166,VEH0066,CONTR0166,2026-09-24T12:17:00,SYNTHETIC,30459,1347,1500,153,89.8,57.2,20.4,30,21.4,119.6,37,,203,0,-30.07737,-51.25184,Porto Alegre,moving,low_fuel,2500,89.8
TLM01660,CUST0166,VEH0066,CONTR0166,2026-10-01T18:27:00,SYNTHETIC,30793,1336,1500,164,89.1,60.4,18.6,32,18.5,120.9,28,,154,0,-29.99859,-51.24339,Porto Alegre,moving,maintenance,4000,89.1
TLM01661,CUST0167,VEH0067,CONTR0167,2026-07-30T10:35:00,SYNTHETIC,62961,3962,2500,0,158.5,40.3,27.1,66,40.4,336.1,86,,501,0,-23.59257,-46.71487,São Paulo,moving,km_limit,700,158.5
TLM01662,CUST0167,VEH0067,CONTR0167,2026-08-06T17:38:00,SYNTHETIC,63675,2856,2500,0,114.2,56.3,46.3,28,49.3,245.5,86,,501,0,-23.60181,-46.56052,São Paulo,parked,maintenance,4000,114.2
TLM01663,CUST0167,VEH0067,CONTR0167,2026-08-13T16:13:00,SYNTHETIC,64574,3596,2500,0,143.8,28.3,45.8,35,97.1,338.3,92,,536,0,-23.5937,-46.70282,São Paulo,parked,none,1500,143.8
TLM01664,CUST0167,VEH0067,CONTR0167,2026-08-20T07:48:00,SYNTHETIC,65329,3021,2500,0,120.8,29.5,38.4,35,78.0,284.0,81,,472,0,-23.55062,-46.62401,São Paulo,moving,none,700,120.8
TLM01665,CUST0167,VEH0067,CONTR0167,2026-08-27T18:42:00,SYNTHETIC,66176,3390,2500,0,135.6,60.3,22.1,69,22.0,287.0,51,,297,0,-23.58496,-46.56414,São Paulo,parked,low_fuel,4000,135.6
TLM01666,CUST0167,VEH0067,CONTR0167,2026-09-03T06:55:00,SYNTHETIC,67048,3488,2500,0,139.5,48.8,25.2,62,31.0,279.3,28,,163,0,-23.5072,-46.58138,São Paulo,parked,low_fuel,1500,139.5
TLM01667,CUST0167,VEH0067,CONTR0167,2026-09-10T22:16:00,SYNTHETIC,67600,2209,2500,291,88.4,36.9,37.2,26,60.6,179.5,18,,104,0,-23.51795,-46.56603,São Paulo,parked,low_fuel,700,88.4
TLM01668,CUST0167,VEH0067,CONTR0167,2026-09-17T06:41:00,SYNTHETIC,68382,3130,2500,0,125.2,39.4,39.9,35,60.7,269.6,70,,408,0,-23.59114,-46.63135,São Paulo,parked,none,4000,125.2
TLM01669,CUST0167,VEH0067,CONTR0167,2026-09-24T11:13:00,SYNTHETIC,69479,4388,2500,0,175.5,51.3,33.5,59,39.2,401.6,48,,279,0,-23.59988,-46.685,São Paulo,charging,low_fuel,2500,175.5
TLM01670,CUST0167,VEH0067,CONTR0167,2026-10-01T06:41:00,SYNTHETIC,70364,3543,2500,0,141.7,49.7,36.9,43,44.5,315.2,17,,99,0,-23.59171,-46.65277,São Paulo,parked,none,1000,141.7
TLM01671,CUST0168,VEH0068,CONTR0168,2026-07-30T08:30:00,SYNTHETIC,35280,889,800,0,111.1,32.6,40.9,9,75.2,75.3,37,,237,0,-15.74131,-47.89301,Brasília,moving,km_limit,2500,111.1
TLM01672,CUST0168,VEH0068,CONTR0168,2026-08-06T13:34:00,SYNTHETIC,35507,911,800,0,113.9,38.2,7.6,54,12.0,66.2,22,,141,0,-15.82254,-47.86602,Brasília,parked,low_fuel,4000,113.9
TLM01673,CUST0168,VEH0068,CONTR0168,2026-08-13T13:33:00,SYNTHETIC,35747,960,800,0,120.0,57.7,20.7,21,21.6,82.7,24,,153,0,-15.77085,-47.88726,Brasília,parked,km_limit,4000,120.0
TLM01674,CUST0168,VEH0068,CONTR0168,2026-08-20T08:01:00,SYNTHETIC,35979,929,800,0,116.1,29.8,24.9,16,50.2,70.3,59,,378,0,-15.75118,-47.84292,Brasília,moving,none,700,116.1
TLM01675,CUST0168,VEH0068,CONTR0168,2026-08-27T15:41:00,SYNTHETIC,36204,900,800,0,112.5,39.3,53.4,7,81.4,72.1,41,,262,0,-15.72703,-47.8414,Brasília,moving,low_fuel,350,112.5
TLM01676,CUST0168,VEH0068,CONTR0168,2026-09-03T16:26:00,SYNTHETIC,36442,953,800,0,119.1,43.6,31.7,13,43.6,78.6,21,,134,0,-15.85087,-47.82768,Brasília,parked,km_limit,700,119.1
TLM01677,CUST0168,VEH0068,CONTR0168,2026-09-10T13:14:00,SYNTHETIC,36664,888,800,0,111.0,37.6,36.8,10,58.8,66.3,80,,512,0,-15.85755,-47.96743,Brasília,charging,km_limit,2500,111.0
TLM01678,CUST0168,VEH0068,CONTR0168,2026-09-17T09:56:00,SYNTHETIC,36888,899,800,0,112.4,51.1,10.4,39,12.2,73.5,21,,134,0,-15.8029,-47.93415,Brasília,parked,none,1500,112.4
TLM01679,CUST0168,VEH0068,CONTR0168,2026-09-24T16:44:00,SYNTHETIC,37115,908,800,0,113.5,51.0,49.6,8,58.4,69.6,65,,416,0,-15.86776,-47.88066,Brasília,parked,maintenance,1500,113.5
TLM01680,CUST0168,VEH0068,CONTR0168,2026-10-01T15:41:00,SYNTHETIC,37349,936,800,0,117.0,55.7,19.0,22,20.5,73.4,62,,397,0,-15.83603,-47.9333,Brasília,parked,none,2500,117.0
TLM01681,CUST0169,VEH0069,CONTR0169,2026-07-30T13:30:00,SYNTHETIC,49320,2021,2500,479,80.8,40.0,15.3,59,23.0,202.3,47,,272,0,-23.54306,-46.6497,São Paulo,parked,low_fuel,350,80.8
TLM01682,CUST0169,VEH0069,CONTR0169,2026-08-06T08:19:00,SYNTHETIC,49763,1773,2500,727,70.9,57.7,7.1,113,7.4,181.4,68,,393,0,-23.50987,-46.66076,São Paulo,moving,none,1500,70.9
TLM01683,CUST0169,VEH0069,CONTR0169,2026-08-13T07:50:00,SYNTHETIC,50234,1885,2500,615,75.4,53.6,43.6,19,48.7,185.1,41,,237,0,-23.60018,-46.60206,São Paulo,parked,maintenance,350,75.4
TLM01684,CUST0169,VEH0069,CONTR0169,2026-08-20T15:46:00,SYNTHETIC,50815,2326,2500,174,93.0,29.1,26.0,40,53.6,217.2,79,,457,0,-23.56321,-46.67781,São Paulo,maintenance,none,700,93.0
TLM01685,CUST0169,VEH0069,CONTR0169,2026-08-27T10:26:00,SYNTHETIC,51682,3469,2500,0,138.8,50.3,26.7,59,31.9,313.9,38,,220,0,-23.53658,-46.71178,São Paulo,parked,low_fuel,700,138.8
TLM01686,CUST0169,VEH0069,CONTR0169,2026-09-03T08:04:00,SYNTHETIC,52612,3721,2500,0,148.8,53.9,48.2,35,53.6,321.9,74,,428,0,-23.59576,-46.6776,São Paulo,moving,low_fuel,350,148.8
TLM01687,CUST0169,VEH0069,CONTR0169,2026-09-10T22:36:00,SYNTHETIC,53582,3883,2500,0,155.3,50.6,46.4,38,55.0,338.9,91,,526,0,-23.5107,-46.65302,São Paulo,moving,low_fuel,4000,155.3
TLM01688,CUST0169,VEH0069,CONTR0169,2026-09-17T14:25:00,SYNTHETIC,54055,1894,2500,606,75.8,46.6,39.5,21,50.8,174.0,42,,243,0,-23.53713,-46.66697,São Paulo,moving,km_limit,4000,75.8
TLM01689,CUST0169,VEH0069,CONTR0169,2026-09-24T06:17:00,SYNTHETIC,54730,2700,2500,0,108.0,59.4,31.0,39,31.3,271.0,67,,387,0,-23.49006,-46.59959,São Paulo,parked,km_limit,2500,108.0
TLM01690,CUST0169,VEH0069,CONTR0169,2026-10-01T06:47:00,SYNTHETIC,55526,3187,2500,0,127.5,57.2,46.9,30,49.2,306.7,33,,191,0,-23.54569,-46.69557,São Paulo,parked,maintenance,4000,127.5
TLM01691,CUST0170,VEH0070,CONTR0170,2026-07-30T06:46:00,SYNTHETIC,54327,741,1200,459,61.8,49.8,9.3,36,11.2,51.8,44,,210,0,-16.73954,-49.18898,Goiânia,parked,none,4000,61.8
TLM01692,CUST0170,VEH0070,CONTR0170,2026-08-06T19:11:00,SYNTHETIC,54718,1565,1200,0,130.4,57.1,21.5,33,22.6,111.8,45,,215,0,-16.62208,-49.29095,Goiânia,moving,maintenance,2500,130.4
TLM01693,CUST0170,VEH0070,CONTR0170,2026-08-13T20:55:00,SYNTHETIC,54915,788,1200,412,65.7,57.8,32.1,11,33.3,51.4,54,,258,0,-16.72944,-49.2134,Goiânia,parked,none,1500,65.7
TLM01694,CUST0170,VEH0070,CONTR0170,2026-08-20T15:52:00,SYNTHETIC,55155,960,1200,240,80.0,52.9,30.5,14,34.6,60.0,73,,349,0,-16.74791,-49.2716,Goiânia,parked,low_fuel,1000,80.0
TLM01695,CUST0170,VEH0070,CONTR0170,2026-08-27T22:30:00,SYNTHETIC,55401,986,1200,214,82.2,28.6,50.0,8,104.9,70.9,36,,172,0,-16.6652,-49.16755,Goiânia,maintenance,none,4000,82.2
TLM01696,CUST0170,VEH0070,CONTR0170,2026-09-03T21:30:00,SYNTHETIC,55706,1222,1200,0,101.8,53.4,40.3,13,45.2,87.7,67,,320,0,-16.72003,-49.26907,Goiânia,charging,low_fuel,1000,101.8
TLM01697,CUST0170,VEH0070,CONTR0170,2026-09-10T12:17:00,SYNTHETIC,56099,1574,1200,0,131.2,30.6,39.0,18,76.6,95.0,60,,287,0,-16.62431,-49.1464,Goiânia,parked,none,2500,131.2
TLM01698,CUST0170,VEH0070,CONTR0170,2026-09-17T11:44:00,SYNTHETIC,56403,1219,1200,0,101.6,30.7,16.3,34,31.9,83.6,82,,392,0,-16.74939,-49.21362,Goiânia,moving,none,2500,101.6
TLM01699,CUST0170,VEH0070,CONTR0170,2026-09-24T08:58:00,SYNTHETIC,56787,1536,1200,0,128.0,55.4,8.8,79,9.6,104.4,53,,253,0,-16.74109,-49.14201,Goiânia,charging,low_fuel,4000,128.0
TLM01700,CUST0170,VEH0070,CONTR0170,2026-10-01T17:48:00,SYNTHETIC,57044,1031,1200,169,85.9,55.5,47.1,9,51.0,75.5,29,,138,0,-16.66909,-49.26726,Goiânia,moving,km_limit,1500,85.9
TLM01701,CUST0171,VEH0071,CONTR0171,2026-07-30T07:46:00,SYNTHETIC,17967,961,1000,39,96.1,38.6,43.3,10,67.4,84.6,85,,495,0,-23.01485,-43.20398,Rio de Janeiro,parked,low_fuel,4000,96.1
TLM01702,CUST0171,VEH0071,CONTR0171,2026-08-06T11:06:00,SYNTHETIC,18247,1123,1000,0,112.3,57.4,15.3,33,15.9,90.2,92,,536,0,-22.91347,-43.09514,Rio de Janeiro,parked,none,700,112.3
TLM01703,CUST0171,VEH0071,CONTR0171,2026-08-13T11:04:00,SYNTHETIC,18514,1071,1000,0,107.1,36.2,43.4,11,71.9,84.6,90,,524,0,-22.94133,-43.21059,Rio de Janeiro,parked,none,4000,107.1
TLM01704,CUST0171,VEH0071,CONTR0171,2026-08-20T16:56:00,SYNTHETIC,18703,756,1000,244,75.6,61.7,20.5,16,19.9,64.3,40,,233,0,-22.92115,-43.17736,Rio de Janeiro,parked,none,700,75.6
TLM01705,CUST0171,VEH0071,CONTR0171,2026-08-27T20:28:00,SYNTHETIC,19007,1216,1000,0,121.6,38.9,7.9,69,12.2,96.2,54,,314,0,-22.93848,-43.12788,Rio de Janeiro,moving,none,1000,121.6
TLM01706,CUST0171,VEH0071,CONTR0171,2026-09-03T16:20:00,SYNTHETIC,19152,583,1000,417,58.3,62.0,42.3,6,40.9,49.2,85,,495,0,-22.95067,-43.11672,Rio de Janeiro,parked,low_fuel,1000,58.3
TLM01707,CUST0171,VEH0071,CONTR0171,2026-09-10T11:38:00,SYNTHETIC,19331,716,1000,284,71.6,55.2,22.0,14,23.9,67.0,30,,174,0,-22.92917,-43.21273,Rio de Janeiro,parked,low_fuel,2500,71.6
TLM01708,CUST0171,VEH0071,CONTR0171,2026-09-17T09:01:00,SYNTHETIC,19618,1150,1000,0,115.0,48.3,22.7,23,28.2,90.9,54,,314,0,-22.95663,-43.21861,Rio de Janeiro,parked,none,4000,115.0
TLM01709,CUST0171,VEH0071,CONTR0171,2026-09-24T22:40:00,SYNTHETIC,19822,817,1000,183,81.7,49.8,39.8,9,48.0,65.2,22,,128,0,-23.00254,-43.12909,Rio de Janeiro,moving,low_fuel,4000,81.7
TLM01710,CUST0171,VEH0071,CONTR0171,2026-10-01T08:40:00,SYNTHETIC,20089,1068,1000,0,106.8,41.8,12.9,37,18.6,98.7,31,,180,0,-22.89404,-43.17842,Rio de Janeiro,parked,low_fuel,700,106.8
TLM01711,CUST0172,VEH0072,CONTR0172,2026-07-30T12:40:00,SYNTHETIC,28038,2764,2500,0,110.6,41.0,36.3,34,53.2,264.3,33,,188,0,-8.10055,-34.90623,Recife,parked,maintenance,350,110.6
TLM01712,CUST0172,VEH0072,CONTR0172,2026-08-06T10:35:00,SYNTHETIC,28457,1678,2500,822,67.1,28.1,22.9,33,48.9,143.8,60,,342,0,-8.04354,-34.99003,Recife,moving,none,1500,67.1
TLM01713,CUST0172,VEH0072,CONTR0172,2026-08-13T21:47:00,SYNTHETIC,28905,1793,2500,707,71.7,29.6,37.6,21,76.3,161.2,49,,279,0,-8.1233,-34.86909,Recife,parked,none,2500,71.7
TLM01714,CUST0172,VEH0072,CONTR0172,2026-08-20T07:21:00,SYNTHETIC,29735,3320,2500,0,132.8,32.9,23.1,65,42.2,288.4,38,,216,0,-8.03561,-34.91602,Recife,parked,low_fuel,4000,132.8
TLM01715,CUST0172,VEH0072,CONTR0172,2026-08-27T18:02:00,SYNTHETIC,30422,2749,2500,0,110.0,52.0,13.2,94,15.3,255.6,81,,461,0,-8.09782,-34.99331,Recife,parked,none,1500,110.0
TLM01716,CUST0172,VEH0072,CONTR0172,2026-09-03T20:51:00,SYNTHETIC,31200,3113,2500,0,124.5,36.9,26.5,53,43.1,274.0,53,,302,0,-8.08005,-34.84114,Recife,charging,none,1500,124.5
TLM01717,CUST0172,VEH0072,CONTR0172,2026-09-10T22:21:00,SYNTHETIC,31598,1592,2500,908,63.7,47.7,18.6,38,23.4,132.2,79,,450,0,-8.07421,-34.84383,Recife,moving,maintenance,4000,63.7
TLM01718,CUST0172,VEH0072,CONTR0172,2026-09-17T22:35:00,SYNTHETIC,31993,1580,2500,920,63.2,58.6,22.1,32,22.7,152.9,70,,399,0,-8.06517,-34.91651,Recife,parked,none,700,63.2
TLM01719,CUST0172,VEH0072,CONTR0172,2026-09-24T13:04:00,SYNTHETIC,32721,2913,2500,0,116.5,41.0,26.9,49,39.3,289.3,93,,530,0,-8.11095,-34.89246,Recife,moving,low_fuel,2500,116.5
TLM01720,CUST0172,VEH0072,CONTR0172,2026-10-01T12:35:00,SYNTHETIC,33410,2758,2500,0,110.3,58.1,12.8,98,13.2,254.4,26,,148,0,-8.08276,-34.85036,Recife,parked,low_fuel,350,110.3
TLM01721,CUST0173,VEH0073,CONTR0173,2026-07-30T22:01:00,SYNTHETIC,41826,2031,2000,0,101.6,43.2,49.2,18,68.4,209.0,93,,486,0,-22.9498,-43.20993,Rio de Janeiro,parked,none,350,101.6
TLM01722,CUST0173,VEH0073,CONTR0173,2026-08-06T11:45:00,SYNTHETIC,42190,1458,2000,542,72.9,61.8,34.8,19,33.7,156.8,56,,292,0,-22.89184,-43.18004,Rio de Janeiro,parked,none,4000,72.9
TLM01723,CUST0173,VEH0073,CONTR0173,2026-08-13T20:08:00,SYNTHETIC,42728,2154,2000,0,107.7,36.8,45.6,21,74.4,220.7,61,,319,0,-22.89324,-43.13517,Rio de Janeiro,parked,none,700,107.7
TLM01724,CUST0173,VEH0073,CONTR0173,2026-08-20T13:08:00,SYNTHETIC,43338,2440,2000,0,122.0,41.9,16.5,67,23.7,217.8,87,,455,0,-22.87777,-43.16632,Rio de Janeiro,moving,low_fuel,1000,122.0
TLM01725,CUST0173,VEH0073,CONTR0173,2026-08-27T19:53:00,SYNTHETIC,43807,1879,2000,121,94.0,57.4,43.2,19,45.2,180.5,95,,496,0,-22.85502,-43.16853,Rio de Janeiro,parked,low_fuel,2500,94.0
TLM01726,CUST0173,VEH0073,CONTR0173,2026-09-03T11:33:00,SYNTHETIC,44289,1930,2000,70,96.5,33.7,43.9,19,78.3,205.6,83,,434,0,-22.83797,-43.11463,Rio de Janeiro,parked,none,4000,96.5
TLM01727,CUST0173,VEH0073,CONTR0173,2026-09-10T22:32:00,SYNTHETIC,44830,2164,2000,0,108.2,31.8,16.7,58,31.5,201.2,41,,214,0,-22.92811,-43.1437,Rio de Janeiro,moving,km_limit,350,108.2
TLM01728,CUST0173,VEH0073,CONTR0173,2026-09-17T18:17:00,SYNTHETIC,45434,2418,2000,0,120.9,42.4,50.4,21,71.4,243.4,79,,413,0,-22.93114,-43.14106,Rio de Janeiro,parked,maintenance,350,120.9
TLM01729,CUST0173,VEH0073,CONTR0173,2026-09-24T13:22:00,SYNTHETIC,45803,1476,2000,524,73.8,37.5,21.9,30,35.1,146.7,57,,298,0,-22.88118,-43.21634,Rio de Janeiro,parked,none,700,73.8
TLM01730,CUST0173,VEH0073,CONTR0173,2026-10-01T21:17:00,SYNTHETIC,46392,2356,2000,0,117.8,51.2,40.7,26,47.7,235.4,35,,183,0,-22.89698,-43.15615,Rio de Janeiro,moving,low_fuel,2500,117.8
TLM01731,CUST0174,VEH0074,CONTR0174,2026-07-30T16:48:00,SYNTHETIC,14252,3262,2500,0,130.5,37.9,31.8,46,50.3,280.4,35,,215,0,-15.84499,-47.84245,Brasília,moving,km_limit,1500,130.5
TLM01732,CUST0174,VEH0074,CONTR0174,2026-08-06T16:04:00,SYNTHETIC,15019,3068,2500,0,122.7,44.8,18.6,74,24.9,240.4,93,,572,0,-15.74144,-47.83758,Brasília,parked,none,1500,122.7
TLM01733,CUST0174,VEH0074,CONTR0174,2026-08-13T07:36:00,SYNTHETIC,15933,3658,2500,0,146.3,48.8,27.6,60,33.9,309.3,45,,277,0,-15.71137,-47.90601,Brasília,parked,none,4000,146.3
TLM01734,CUST0174,VEH0074,CONTR0174,2026-08-20T16:36:00,SYNTHETIC,16463,2120,2500,380,84.8,56.4,25.4,37,27.0,164.9,19,,117,0,-15.78818,-47.85987,Brasília,moving,low_fuel,350,84.8
TLM01735,CUST0174,VEH0074,CONTR0174,2026-08-27T11:30:00,SYNTHETIC,17046,2332,2500,168,93.3,32.3,19.8,53,36.7,195.0,42,,258,0,-15.80319,-47.87363,Brasília,parked,low_fuel,1000,93.3
TLM01736,CUST0174,VEH0074,CONTR0174,2026-09-03T22:02:00,SYNTHETIC,17760,2856,2500,0,114.2,36.6,38.1,34,62.4,215.5,25,,154,0,-15.8203,-47.83518,Brasília,moving,low_fuel,4000,114.2
TLM01737,CUST0174,VEH0074,CONTR0174,2026-09-10T13:23:00,SYNTHETIC,18353,2375,2500,125,95.0,28.2,47.1,22,100.3,190.4,43,,264,0,-15.73711,-47.87784,Brasília,parked,low_fuel,1500,95.0
TLM01738,CUST0174,VEH0074,CONTR0174,2026-09-17T13:37:00,SYNTHETIC,19191,3352,2500,0,134.1,31.5,23.0,66,43.6,264.7,68,,418,0,-15.83956,-47.89929,Brasília,parked,none,350,134.1
TLM01739,CUST0174,VEH0074,CONTR0174,2026-09-24T10:31:00,SYNTHETIC,19859,2675,2500,0,107.0,57.1,51.6,23,54.3,236.2,66,,406,0,-15.84247,-47.8615,Brasília,parked,low_fuel,4000,107.0
TLM01740,CUST0174,VEH0074,CONTR0174,2026-10-01T10:45:00,SYNTHETIC,20504,2583,2500,0,103.3,51.7,44.9,26,52.1,219.5,23,,141,0,-15.77933,-47.80513,Brasília,parked,maintenance,350,103.3
TLM01741,CUST0175,VEH0075,CONTR0175,2026-07-30T12:35:00,SYNTHETIC,25352,900,1800,900,50.0,40.4,8.1,50,12.0,0.0,,35,102,5,-30.10672,-51.30884,Porto Alegre,parked,battery_low,1000,50.0
TLM01742,CUST0175,VEH0075,CONTR0175,2026-08-06T17:25:00,SYNTHETIC,25511,638,1800,1162,35.4,38.9,12.8,22,19.8,0.0,,45,121,6,-30.06963,-51.23006,Porto Alegre,moving,none,1000,35.4
TLM01743,CUST0175,VEH0075,CONTR0175,2026-08-13T09:38:00,SYNTHETIC,25678,669,1800,1131,37.2,43.2,35.9,8,49.9,0.0,,27,78,5,-30.06528,-51.23901,Porto Alegre,parked,battery_low,350,37.2
TLM01744,CUST0175,VEH0075,CONTR0175,2026-08-20T11:21:00,SYNTHETIC,25799,484,1800,1316,26.9,47.5,39.7,5,50.2,0.0,,63,162,4,-30.1131,-51.29593,Porto Alegre,parked,battery_low,2500,26.9
TLM01745,CUST0175,VEH0075,CONTR0175,2026-08-27T21:17:00,SYNTHETIC,25998,796,1800,1004,44.2,34.0,43.2,8,76.1,0.0,,56,154,5,-30.07566,-51.24248,Porto Alegre,parked,maintenance,4000,44.2
TLM01746,CUST0175,VEH0075,CONTR0175,2026-09-03T12:40:00,SYNTHETIC,26154,626,1800,1174,34.8,58.5,29.6,9,30.3,0.0,,71,190,4,-30.0124,-51.27636,Porto Alegre,parked,battery_low,4000,34.8
TLM01747,CUST0175,VEH0075,CONTR0175,2026-09-10T06:53:00,SYNTHETIC,26341,750,1800,1050,41.7,50.3,11.0,31,13.1,0.0,,77,222,2,-30.0529,-51.18915,Porto Alegre,parked,battery_low,700,41.7
TLM01748,CUST0175,VEH0075,CONTR0175,2026-09-17T17:37:00,SYNTHETIC,26459,475,1800,1325,26.4,41.8,52.5,4,75.5,0.0,,55,146,1,-30.07185,-51.29198,Porto Alegre,moving,none,1000,26.4
TLM01749,CUST0175,VEH0075,CONTR0175,2026-09-24T14:15:00,SYNTHETIC,26577,472,1800,1328,26.2,32.2,22.3,9,41.6,0.0,,57,156,3,-30.03995,-51.181,Porto Alegre,parked,maintenance,1000,26.2
TLM01750,CUST0175,VEH0075,CONTR0175,2026-10-01T14:06:00,SYNTHETIC,26786,839,1800,961,46.6,44.4,14.5,26,19.5,0.0,,71,194,8,-30.11034,-51.26872,Porto Alegre,charging,km_limit,1000,46.6
TLM01751,CUST0176,VEH0076,CONTR0176,2026-07-30T10:15:00,SYNTHETIC,69022,344,1000,656,34.4,41.4,22.1,7,32.1,15.7,74,,726,0,-27.49449,-48.56593,Florianópolis,charging,none,440,34.4
TLM01752,CUST0176,VEH0076,CONTR0176,2026-08-06T21:23:00,SYNTHETIC,69111,357,1000,643,35.7,28.6,44.0,3,92.3,16.6,59,,579,1,-27.48373,-48.63612,Florianópolis,parked,none,406,35.7
TLM01753,CUST0176,VEH0076,CONTR0176,2026-08-13T12:26:00,SYNTHETIC,69176,261,1000,739,26.1,54.8,50.6,2,55.4,12.2,48,,471,2,-27.60538,-48.61762,Florianópolis,parked,low_fuel,160,26.1
TLM01754,CUST0176,VEH0076,CONTR0176,2026-08-20T20:40:00,SYNTHETIC,69299,495,1000,505,49.5,49.7,27.8,8,33.5,21.1,74,,726,0,-27.51759,-48.61104,Florianópolis,charging,low_fuel,305,49.5
TLM01755,CUST0176,VEH0076,CONTR0176,2026-08-27T16:36:00,SYNTHETIC,69413,458,1000,542,45.8,44.6,45.7,4,61.4,21.6,46,,451,1,-27.57779,-48.64508,Florianópolis,parked,none,384,45.8
TLM01756,CUST0176,VEH0076,CONTR0176,2026-09-03T18:06:00,SYNTHETIC,69514,404,1000,596,40.4,37.6,41.0,4,65.3,17.6,30,,294,1,-27.62911,-48.57814,Florianópolis,parked,maintenance,197,40.4
TLM01757,CUST0176,VEH0076,CONTR0176,2026-09-10T14:36:00,SYNTHETIC,69578,257,1000,743,25.7,56.8,43.1,2,45.6,11.3,19,,186,1,-27.62685,-48.56488,Florianópolis,parked,low_fuel,393,25.7
TLM01758,CUST0176,VEH0076,CONTR0176,2026-09-17T13:42:00,SYNTHETIC,69653,303,1000,697,30.3,46.0,21.4,6,27.9,12.4,34,,333,0,-27.54425,-48.52513,Florianópolis,parked,maintenance,286,30.3
TLM01759,CUST0176,VEH0076,CONTR0176,2026-09-24T17:45:00,SYNTHETIC,69749,387,1000,613,38.7,51.0,23.3,7,27.4,16.1,69,,677,1,-27.54785,-48.58656,Florianópolis,parked,low_fuel,288,38.7
TLM01760,CUST0176,VEH0076,CONTR0176,2026-10-01T09:48:00,SYNTHETIC,69846,390,1000,610,39.0,32.5,32.4,5,59.7,16.5,25,,245,0,-27.60118,-48.65059,Florianópolis,moving,low_fuel,276,39.0
TLM01761,CUST0177,VEH0077,CONTR0177,2026-07-30T13:20:00,SYNTHETIC,11762,2341,2500,159,93.6,38.5,30.1,35,46.9,0.0,,64,179,3,-22.89247,-46.98712,Campinas,parked,km_limit,1500,93.6
TLM01762,CUST0177,VEH0077,CONTR0177,2026-08-06T06:42:00,SYNTHETIC,12338,2307,2500,193,92.3,30.1,40.0,26,79.7,0.0,,91,255,3,-22.96099,-47.03762,Campinas,parked,battery_low,4000,92.3
TLM01763,CUST0177,VEH0077,CONTR0177,2026-08-13T16:11:00,SYNTHETIC,12910,2290,2500,210,91.6,42.9,23.9,43,33.4,0.0,,44,112,0,-22.81747,-47.00352,Campinas,moving,none,2500,91.6
TLM01764,CUST0177,VEH0077,CONTR0177,2026-08-20T19:37:00,SYNTHETIC,13485,2303,2500,197,92.1,60.2,40.7,25,40.6,0.0,,33,81,8,-22.95265,-46.98098,Campinas,parked,km_limit,2500,92.1
TLM01765,CUST0177,VEH0077,CONTR0177,2026-08-27T09:37:00,SYNTHETIC,14059,2298,2500,202,91.9,33.7,18.9,55,33.7,0.0,,46,116,2,-22.89096,-47.00791,Campinas,parked,none,1500,91.9
TLM01766,CUST0177,VEH0077,CONTR0177,2026-09-03T14:24:00,SYNTHETIC,14638,2316,2500,184,92.6,55.5,48.4,21,52.3,0.0,,75,210,5,-22.82289,-46.99861,Campinas,moving,none,1500,92.6
TLM01767,CUST0177,VEH0077,CONTR0177,2026-09-10T16:05:00,SYNTHETIC,15167,2118,2500,382,84.7,37.7,9.7,98,15.5,0.0,,91,221,8,-22.93503,-46.9632,Campinas,moving,battery_low,4000,84.7
TLM01768,CUST0177,VEH0077,CONTR0177,2026-09-17T19:32:00,SYNTHETIC,15731,2257,2500,243,90.3,32.9,16.1,63,29.3,0.0,,94,229,3,-22.92109,-47.09467,Campinas,parked,battery_low,1500,90.3
TLM01769,CUST0177,VEH0077,CONTR0177,2026-09-24T22:15:00,SYNTHETIC,16277,2186,2500,314,87.4,30.7,24.7,40,48.3,0.0,,42,103,1,-22.93751,-47.05884,Campinas,charging,battery_low,1000,87.4
TLM01770,CUST0177,VEH0077,CONTR0177,2026-10-01T18:58:00,SYNTHETIC,16787,2041,2500,459,81.6,43.1,32.5,28,45.3,0.0,,74,177,0,-22.92267,-46.96535,Campinas,moving,km_limit,2500,81.6
TLM01771,CUST0178,VEH0078,CONTR0178,2026-07-30T10:47:00,SYNTHETIC,6944,2239,1800,0,124.4,50.5,29.7,34,35.3,154.0,84,,673,0,-22.86645,-43.26963,Rio de Janeiro,parked,km_limit,1500,124.4
TLM01772,CUST0178,VEH0078,CONTR0178,2026-08-06T15:34:00,SYNTHETIC,7343,1598,1800,202,88.8,56.5,37.2,19,39.5,111.8,27,,216,1,-22.87927,-43.18746,Rio de Janeiro,parked,none,700,88.8
TLM01773,CUST0178,VEH0078,CONTR0178,2026-08-13T18:54:00,SYNTHETIC,7797,1817,1800,0,100.9,31.5,25.1,32,47.8,137.6,20,,160,0,-22.91546,-43.21748,Rio de Janeiro,parked,none,4000,100.9
TLM01774,CUST0178,VEH0078,CONTR0178,2026-08-20T13:38:00,SYNTHETIC,8238,1764,1800,36,98.0,43.9,11.4,70,15.5,134.6,66,,529,0,-22.85396,-43.20814,Rio de Janeiro,parked,low_fuel,1000,98.0
TLM01775,CUST0178,VEH0078,CONTR0178,2026-08-27T15:08:00,SYNTHETIC,8736,1993,1800,0,110.7,47.4,53.3,16,67.5,155.3,77,,617,2,-22.90923,-43.16412,Rio de Janeiro,moving,none,350,110.7
TLM01776,CUST0178,VEH0078,CONTR0178,2026-09-03T12:25:00,SYNTHETIC,9286,2201,1800,0,122.3,43.3,8.6,116,11.9,166.0,62,,497,2,-22.80408,-43.24729,Rio de Janeiro,parked,none,2500,122.3
TLM01777,CUST0178,VEH0078,CONTR0178,2026-09-10T18:46:00,SYNTHETIC,9834,2192,1800,0,121.8,43.7,14.6,68,20.0,178.7,46,,368,0,-22.94087,-43.1301,Rio de Janeiro,charging,none,2500,121.8
TLM01778,CUST0178,VEH0078,CONTR0178,2026-09-17T20:23:00,SYNTHETIC,10207,1495,1800,305,83.1,28.1,14.5,46,31.0,109.9,18,,144,2,-22.83621,-43.18774,Rio de Janeiro,moving,maintenance,4000,83.1
TLM01779,CUST0178,VEH0078,CONTR0178,2026-09-24T15:12:00,SYNTHETIC,10720,2052,1800,0,114.0,48.5,15.8,59,19.5,168.3,84,,673,0,-22.85385,-43.17059,Rio de Janeiro,moving,low_fuel,2500,114.0
TLM01780,CUST0178,VEH0078,CONTR0178,2026-10-01T14:24:00,SYNTHETIC,11096,1504,1800,296,83.6,43.3,49.4,13,68.5,108.3,25,,200,1,-22.87121,-43.1466,Rio de Janeiro,parked,none,1000,83.6
TLM01781,CUST0179,VEH0079,CONTR0179,2026-07-30T13:12:00,SYNTHETIC,21193,750,1200,450,62.5,33.5,10.0,34,17.9,64.8,26,,166,0,-8.08227,-34.91264,Recife,parked,maintenance,700,62.5
TLM01782,CUST0179,VEH0079,CONTR0179,2026-08-06T20:06:00,SYNTHETIC,21521,1312,1200,0,109.3,52.0,33.7,17,38.9,112.5,43,,275,0,-8.0173,-34.88664,Recife,parked,low_fuel,1000,109.3
TLM01783,CUST0179,VEH0079,CONTR0179,2026-08-13T08:08:00,SYNTHETIC,21864,1372,1200,0,114.3,34.5,22.9,27,39.8,130.4,22,,140,0,-8.05557,-34.81625,Recife,parked,none,2500,114.3
TLM01784,CUST0179,VEH0079,CONTR0179,2026-08-20T16:13:00,SYNTHETIC,22121,1030,1200,170,85.8,60.7,18.4,25,18.2,104.0,95,,608,0,-8.0579,-34.90388,Recife,moving,maintenance,2500,85.8
TLM01785,CUST0179,VEH0079,CONTR0179,2026-08-27T18:17:00,SYNTHETIC,22477,1424,1200,0,118.7,43.4,46.8,13,64.7,134.2,70,,448,0,-8.06024,-34.91357,Recife,charging,none,350,118.7
TLM01786,CUST0179,VEH0079,CONTR0179,2026-09-03T21:48:00,SYNTHETIC,22853,1504,1200,0,125.3,59.7,45.2,15,45.4,141.7,44,,281,0,-8.05834,-34.92909,Recife,moving,low_fuel,350,125.3
TLM01787,CUST0179,VEH0079,CONTR0179,2026-09-10T16:07:00,SYNTHETIC,23168,1262,1200,0,105.2,42.3,46.6,12,66.1,125.4,57,,364,0,-7.97143,-34.91716,Recife,moving,none,1500,105.2
TLM01788,CUST0179,VEH0079,CONTR0179,2026-09-17T12:53:00,SYNTHETIC,23472,1218,1200,0,101.5,29.5,20.9,26,42.5,124.4,71,,454,0,-8.07742,-34.95067,Recife,moving,low_fuel,4000,101.5
TLM01789,CUST0179,VEH0079,CONTR0179,2026-09-24T17:52:00,SYNTHETIC,23658,744,1200,456,62.0,39.6,20.2,16,30.6,70.5,73,,467,0,-8.00339,-34.82315,Recife,parked,low_fuel,2500,62.0
TLM01790,CUST0179,VEH0079,CONTR0179,2026-10-01T15:56:00,SYNTHETIC,23935,1108,1200,92,92.3,32.0,11.3,44,21.1,105.0,88,,563,0,-8.02422,-34.91912,Recife,parked,km_limit,1500,92.3
TLM01791,CUST0180,VEH0080,CONTR0180,2026-07-30T12:18:00,SYNTHETIC,60126,1183,1500,317,78.9,33.1,33.7,15,61.1,99.2,36,,221,0,-30.00897,-51.25195,Porto Alegre,maintenance,low_fuel,1500,78.9
TLM01792,CUST0180,VEH0080,CONTR0180,2026-08-06T17:47:00,SYNTHETIC,60338,850,1500,650,56.7,34.9,6.5,59,11.2,72.0,63,,386,0,-30.02338,-51.16003,Porto Alegre,parked,low_fuel,2500,56.7
TLM01793,CUST0180,VEH0080,CONTR0180,2026-08-13T22:08:00,SYNTHETIC,60699,1444,1500,56,96.3,48.3,51.2,12,63.6,133.3,67,,411,0,-29.94104,-51.1698,Porto Alegre,parked,none,350,96.3
TLM01794,CUST0180,VEH0080,CONTR0180,2026-08-20T20:02:00,SYNTHETIC,61069,1481,1500,19,98.7,57.3,49.3,13,51.6,135.1,71,,435,0,-29.96898,-51.26207,Porto Alegre,parked,none,2500,98.7
TLM01795,CUST0180,VEH0080,CONTR0180,2026-08-27T20:04:00,SYNTHETIC,61491,1691,1500,0,112.7,32.9,16.9,45,30.8,142.2,38,,233,0,-29.98287,-51.28123,Porto Alegre,parked,low_fuel,4000,112.7
TLM01796,CUST0180,VEH0080,CONTR0180,2026-09-03T07:26:00,SYNTHETIC,61896,1622,1500,0,108.1,61.6,12.0,61,11.7,138.7,68,,417,0,-30.00374,-51.15073,Porto Alegre,parked,none,700,108.1
TLM01797,CUST0180,VEH0080,CONTR0180,2026-09-10T10:13:00,SYNTHETIC,62177,1126,1500,374,75.1,33.6,15.4,33,27.6,103.7,45,,276,0,-29.99139,-51.14624,Porto Alegre,moving,low_fuel,350,75.1
TLM01798,CUST0180,VEH0080,CONTR0180,2026-09-17T13:43:00,SYNTHETIC,62482,1223,1500,277,81.5,54.8,45.9,12,50.3,111.5,63,,386,0,-29.94334,-51.23108,Porto Alegre,moving,none,2500,81.5
TLM01799,CUST0180,VEH0080,CONTR0180,2026-09-24T08:08:00,SYNTHETIC,62722,962,1500,538,64.1,39.6,32.3,13,49.0,79.6,32,,196,0,-30.00914,-51.2561,Porto Alegre,parked,none,2500,64.1
TLM01800,CUST0180,VEH0080,CONTR0180,2026-10-01T15:34:00,SYNTHETIC,62940,875,1500,625,58.3,54.7,48.2,8,52.9,70.5,82,,503,0,-30.01346,-51.14336,Porto Alegre,moving,none,2500,58.3
TLM01801,CUST0181,VEH0081,CONTR0181,2026-07-30T17:22:00,SYNTHETIC,20629,1467,1200,0,122.2,49.5,43.5,15,52.7,159.4,16,,95,0,-3.64378,-38.46422,Fortaleza,parked,none,1000,122.2
TLM01802,CUST0181,VEH0081,CONTR0181,2026-08-06T16:51:00,SYNTHETIC,20795,665,1200,535,55.4,36.4,27.8,10,45.7,75.7,53,,315,0,-3.79309,-38.5198,Fortaleza,charging,none,700,55.4
TLM01803,CUST0181,VEH0081,CONTR0181,2026-08-13T07:14:00,SYNTHETIC,21049,1016,1200,184,84.7,46.0,53.1,8,69.2,110.9,18,,107,0,-3.68233,-38.45679,Fortaleza,moving,none,4000,84.7
TLM01804,CUST0181,VEH0081,CONTR0181,2026-08-20T16:35:00,SYNTHETIC,21266,869,1200,331,72.4,30.6,29.5,13,58.0,101.6,26,,154,0,-3.73366,-38.54259,Fortaleza,moving,low_fuel,2500,72.4
TLM01805,CUST0181,VEH0081,CONTR0181,2026-08-27T21:10:00,SYNTHETIC,21555,1157,1200,43,96.4,47.6,12.5,42,15.7,133.0,87,,518,0,-3.65072,-38.52584,Fortaleza,moving,low_fuel,2500,96.4
TLM01806,CUST0181,VEH0081,CONTR0181,2026-09-03T19:11:00,SYNTHETIC,21887,1329,1200,0,110.8,30.6,45.3,13,88.8,152.6,87,,518,0,-3.70567,-38.59084,Fortaleza,parked,low_fuel,1000,110.8
TLM01807,CUST0181,VEH0081,CONTR0181,2026-09-10T22:00:00,SYNTHETIC,22173,1145,1200,55,95.4,38.5,11.6,44,18.1,111.7,39,,232,0,-3.72251,-38.60584,Fortaleza,moving,maintenance,700,95.4
TLM01808,CUST0181,VEH0081,CONTR0181,2026-09-17T11:46:00,SYNTHETIC,22346,694,1200,506,57.8,45.9,21.3,14,27.8,77.9,34,,202,0,-3.68534,-38.4886,Fortaleza,moving,none,350,57.8
TLM01809,CUST0181,VEH0081,CONTR0181,2026-09-24T21:39:00,SYNTHETIC,22697,1405,1200,0,117.1,40.3,24.0,26,35.7,145.1,65,,387,0,-3.77587,-38.47056,Fortaleza,moving,maintenance,1000,117.1
TLM01810,CUST0181,VEH0081,CONTR0181,2026-10-01T06:49:00,SYNTHETIC,23044,1389,1200,0,115.8,37.1,26.3,23,42.5,161.6,55,,327,0,-3.78224,-38.58156,Fortaleza,parked,low_fuel,4000,115.8
TLM01811,CUST0182,VEH0082,CONTR0182,2026-07-30T16:18:00,SYNTHETIC,80347,1942,1800,0,107.9,37.4,46.4,19,74.5,158.4,65,,362,0,-25.37539,-49.18413,Curitiba,parked,km_limit,350,107.9
TLM01812,CUST0182,VEH0082,CONTR0182,2026-08-06T12:25:00,SYNTHETIC,80735,1555,1800,245,86.4,47.5,24.3,29,30.6,146.2,33,,183,0,-25.40739,-49.23017,Curitiba,parked,low_fuel,700,86.4
TLM01813,CUST0182,VEH0082,CONTR0182,2026-08-13T18:31:00,SYNTHETIC,81357,2490,1800,0,138.3,57.4,22.4,50,23.5,235.2,34,,189,0,-25.4809,-49.21461,Curitiba,parked,none,700,138.3
TLM01814,CUST0182,VEH0082,CONTR0182,2026-08-20T09:36:00,SYNTHETIC,81863,2025,1800,0,112.5,31.4,37.1,24,70.9,157.4,61,,339,0,-25.42381,-49.23576,Curitiba,parked,low_fuel,350,112.5
TLM01815,CUST0182,VEH0082,CONTR0182,2026-08-27T09:54:00,SYNTHETIC,82362,1998,1800,0,111.0,32.5,36.3,25,66.9,167.1,88,,490,0,-25.403,-49.2453,Curitiba,parked,none,700,111.0
TLM01816,CUST0182,VEH0082,CONTR0182,2026-09-03T12:48:00,SYNTHETIC,82721,1436,1800,364,79.8,35.7,13.3,49,22.4,125.4,15,,83,0,-25.41672,-49.27878,Curitiba,moving,maintenance,1000,79.8
TLM01817,CUST0182,VEH0082,CONTR0182,2026-09-10T09:04:00,SYNTHETIC,83388,2669,1800,0,148.3,39.7,53.3,22,80.5,236.1,62,,345,0,-25.42428,-49.29949,Curitiba,parked,low_fuel,1000,148.3
TLM01818,CUST0182,VEH0082,CONTR0182,2026-09-17T20:19:00,SYNTHETIC,83872,1936,1800,0,107.6,37.6,14.1,62,22.5,150.9,74,,412,0,-25.38162,-49.31554,Curitiba,parked,low_fuel,1000,107.6
TLM01819,CUST0182,VEH0082,CONTR0182,2026-09-24T11:24:00,SYNTHETIC,84303,1725,1800,75,95.8,34.2,33.5,23,58.7,147.7,45,,250,0,-25.47213,-49.23704,Curitiba,parked,km_limit,2500,95.8
TLM01820,CUST0182,VEH0082,CONTR0182,2026-10-01T13:48:00,SYNTHETIC,84827,2096,1800,0,116.4,51.6,14.7,64,17.1,186.2,75,,417,0,-25.34514,-49.26377,Curitiba,parked,km_limit,4000,116.4
TLM01821,CUST0183,VEH0083,CONTR0183,2026-07-30T15:39:00,SYNTHETIC,68293,1508,1800,292,83.8,53.6,20.6,33,23.0,141.3,40,,216,0,-25.34058,-49.27521,Curitiba,moving,none,4000,83.8
TLM01822,CUST0183,VEH0083,CONTR0183,2026-08-06T15:14:00,SYNTHETIC,68986,2772,1800,0,154.0,40.8,29.4,42,43.2,244.7,66,,356,0,-25.34097,-49.21958,Curitiba,parked,low_fuel,4000,154.0
TLM01823,CUST0183,VEH0083,CONTR0183,2026-08-13T06:41:00,SYNTHETIC,69624,2552,1800,0,141.8,48.9,34.0,34,41.8,245.1,43,,232,0,-25.43657,-49.31135,Curitiba,parked,maintenance,1000,141.8
TLM01824,CUST0183,VEH0083,CONTR0183,2026-08-20T08:26:00,SYNTHETIC,70098,1897,1800,0,105.4,29.7,7.5,115,15.1,157.5,51,,275,0,-25.37222,-49.28096,Curitiba,parked,maintenance,350,105.4
TLM01825,CUST0183,VEH0083,CONTR0183,2026-08-27T14:38:00,SYNTHETIC,70457,1438,1800,362,79.9,57.9,25.9,25,26.8,136.3,32,,172,0,-25.45945,-49.35294,Curitiba,parked,none,700,79.9
TLM01826,CUST0183,VEH0083,CONTR0183,2026-09-03T09:43:00,SYNTHETIC,71002,2181,1800,0,121.2,29.8,43.3,22,87.1,207.7,49,,264,0,-25.43093,-49.28355,Curitiba,moving,none,4000,121.2
TLM01827,CUST0183,VEH0083,CONTR0183,2026-09-10T21:55:00,SYNTHETIC,71591,2356,1800,0,130.9,53.6,15.0,71,16.8,201.3,54,,291,0,-25.43154,-49.26678,Curitiba,parked,none,350,130.9
TLM01828,CUST0183,VEH0083,CONTR0183,2026-09-17T16:39:00,SYNTHETIC,72246,2621,1800,0,145.6,49.6,31.6,37,38.2,221.2,93,,502,0,-25.39966,-49.24032,Curitiba,parked,none,700,145.6
TLM01829,CUST0183,VEH0083,CONTR0183,2026-09-24T19:58:00,SYNTHETIC,72675,1719,1800,81,95.5,33.4,32.4,24,58.3,148.8,56,,302,0,-25.37309,-49.23223,Curitiba,parked,km_limit,2500,95.5
TLM01830,CUST0183,VEH0083,CONTR0183,2026-10-01T11:47:00,SYNTHETIC,73016,1367,1800,433,75.9,40.0,48.3,12,72.4,112.7,36,,194,0,-25.43587,-49.24165,Curitiba,moving,km_limit,700,75.9
TLM01831,CUST0184,VEH0084,CONTR0184,2026-07-30T07:27:00,SYNTHETIC,47775,1003,1800,797,55.7,52.5,13.0,35,14.9,58.0,88,,674,0,-16.67283,-49.24622,Goiânia,moving,low_fuel,4000,55.7
TLM01832,CUST0184,VEH0084,CONTR0184,2026-08-06T16:16:00,SYNTHETIC,48287,2049,1800,0,113.8,38.6,13.1,70,20.4,117.0,46,,352,2,-16.61554,-49.31035,Goiânia,parked,none,4000,113.8
TLM01833,CUST0184,VEH0084,CONTR0184,2026-08-13T07:47:00,SYNTHETIC,48589,1211,1800,589,67.3,36.5,25.6,21,42.2,69.0,33,,252,2,-16.65167,-49.16669,Goiânia,parked,low_fuel,4000,67.3
TLM01834,CUST0184,VEH0084,CONTR0184,2026-08-20T06:17:00,SYNTHETIC,48920,1327,1800,473,73.7,47.4,36.5,16,46.2,72.8,44,,337,2,-16.66982,-49.28483,Goiânia,parked,km_limit,2500,73.7
TLM01835,CUST0184,VEH0084,CONTR0184,2026-08-27T13:21:00,SYNTHETIC,49353,1733,1800,67,96.3,34.2,54.6,14,95.7,95.9,80,,612,1,-16.64786,-49.27905,Goiânia,parked,low_fuel,2500,96.3
TLM01836,CUST0184,VEH0084,CONTR0184,2026-09-03T12:03:00,SYNTHETIC,49761,1633,1800,167,90.7,58.3,18.1,41,18.6,101.3,44,,337,1,-16.692,-49.28195,Goiânia,moving,none,1000,90.7
TLM01837,CUST0184,VEH0084,CONTR0184,2026-09-10T17:12:00,SYNTHETIC,50274,2054,1800,0,114.1,33.2,43.1,21,78.0,127.4,17,,130,2,-16.6066,-49.24537,Goiânia,moving,maintenance,2500,114.1
TLM01838,CUST0184,VEH0084,CONTR0184,2026-09-17T09:52:00,SYNTHETIC,50593,1279,1800,521,71.1,29.5,50.9,11,103.4,71.5,31,,237,0,-16.7164,-49.20536,Goiânia,parked,none,700,71.1
TLM01839,CUST0184,VEH0084,CONTR0184,2026-09-24T14:09:00,SYNTHETIC,50952,1439,1800,361,79.9,46.2,30.4,21,39.6,87.1,49,,375,2,-16.69656,-49.21513,Goiânia,parked,none,4000,79.9
TLM01840,CUST0184,VEH0084,CONTR0184,2026-10-01T17:54:00,SYNTHETIC,51293,1366,1800,434,75.9,39.6,21.0,29,31.8,71.4,94,,720,0,-16.70691,-49.26743,Goiânia,parked,low_fuel,1000,75.9
TLM01841,CUST0185,VEH0085,CONTR0185,2026-07-30T13:46:00,SYNTHETIC,10026,1444,1200,0,120.3,30.6,10.5,62,20.5,107.9,59,,342,0,-7.98786,-34.85777,Recife,moving,none,350,120.3
TLM01842,CUST0185,VEH0085,CONTR0185,2026-08-06T21:07:00,SYNTHETIC,10345,1276,1200,0,106.3,52.2,29.1,19,33.4,97.0,78,,452,0,-7.95497,-34.8928,Recife,parked,none,1000,106.3
TLM01843,CUST0185,VEH0085,CONTR0185,2026-08-13T19:08:00,SYNTHETIC,10690,1383,1200,0,115.3,50.1,54.1,11,64.8,106.8,17,,98,0,-7.96277,-34.94366,Recife,parked,none,1500,115.3
TLM01844,CUST0185,VEH0085,CONTR0185,2026-08-20T19:04:00,SYNTHETIC,11026,1347,1200,0,112.2,60.2,27.2,22,27.1,102.1,16,,92,0,-8.048,-34.9093,Recife,moving,km_limit,350,112.2
TLM01845,CUST0185,VEH0085,CONTR0185,2026-08-27T08:19:00,SYNTHETIC,11380,1418,1200,0,118.2,45.0,23.6,27,31.4,115.0,91,,527,0,-8.06765,-34.92105,Recife,charging,km_limit,1500,118.2
TLM01846,CUST0185,VEH0085,CONTR0185,2026-09-03T19:46:00,SYNTHETIC,11750,1483,1200,0,123.6,29.4,43.5,15,88.7,105.9,20,,116,0,-8.08266,-34.94756,Recife,moving,none,350,123.6
TLM01847,CUST0185,VEH0085,CONTR0185,2026-09-10T18:42:00,SYNTHETIC,12114,1459,1200,0,121.6,45.8,33.3,19,43.6,115.7,41,,237,0,-8.0797,-34.80545,Recife,parked,none,350,121.6
TLM01848,CUST0185,VEH0085,CONTR0185,2026-09-17T19:59:00,SYNTHETIC,12487,1492,1200,0,124.3,44.1,32.2,21,43.9,113.9,82,,475,0,-8.00269,-34.79669,Recife,parked,none,4000,124.3
TLM01849,CUST0185,VEH0085,CONTR0185,2026-09-24T11:33:00,SYNTHETIC,12824,1351,1200,0,112.6,61.8,43.2,14,41.9,107.1,35,,203,0,-8.09255,-34.8789,Recife,moving,km_limit,1500,112.6
TLM01850,CUST0185,VEH0085,CONTR0185,2026-10-01T12:29:00,SYNTHETIC,13188,1457,1200,0,121.4,52.6,54.2,12,61.8,105.7,52,,301,0,-8.06431,-34.88837,Recife,moving,none,1500,121.4
TLM01851,CUST0186,VEH0086,CONTR0186,2026-07-30T18:38:00,SYNTHETIC,73184,2330,3000,670,77.7,52.6,44.3,23,50.5,233.8,43,,215,0,-25.44668,-49.18957,Curitiba,parked,low_fuel,350,77.7
TLM01852,CUST0186,VEH0086,CONTR0186,2026-08-06T12:26:00,SYNTHETIC,73975,3164,3000,0,105.5,61.6,24.2,59,23.6,299.0,59,,295,0,-25.4438,-49.31835,Curitiba,parked,maintenance,1000,105.5
TLM01853,CUST0186,VEH0086,CONTR0186,2026-08-13T08:55:00,SYNTHETIC,74580,2423,3000,577,80.8,29.2,27.3,40,56.1,223.9,68,,340,0,-25.42784,-49.209,Curitiba,parked,none,1500,80.8
TLM01854,CUST0186,VEH0086,CONTR0186,2026-08-20T18:13:00,SYNTHETIC,75082,2009,3000,991,67.0,38.3,27.1,33,42.4,179.2,92,,460,0,-25.35812,-49.29123,Curitiba,parked,low_fuel,1000,67.0
TLM01855,CUST0186,VEH0086,CONTR0186,2026-08-27T07:08:00,SYNTHETIC,75826,2978,3000,22,99.3,59.1,38.1,35,38.7,257.8,33,,165,0,-25.46171,-49.19748,Curitiba,moving,low_fuel,350,99.3
TLM01856,CUST0186,VEH0086,CONTR0186,2026-09-03T13:01:00,SYNTHETIC,76471,2580,3000,420,86.0,54.9,17.8,65,19.4,235.7,76,,380,0,-25.40931,-49.31515,Curitiba,parked,low_fuel,1500,86.0
TLM01857,CUST0186,VEH0086,CONTR0186,2026-09-10T21:43:00,SYNTHETIC,77246,3102,3000,0,103.4,31.7,44.4,31,84.0,304.5,28,,140,0,-25.49304,-49.19472,Curitiba,moving,none,1000,103.4
TLM01858,CUST0186,VEH0086,CONTR0186,2026-09-17T07:21:00,SYNTHETIC,78083,3350,3000,0,111.7,32.7,24.4,62,44.7,327.5,58,,290,0,-25.4703,-49.17225,Curitiba,parked,none,1000,111.7
TLM01859,CUST0186,VEH0086,CONTR0186,2026-09-24T21:25:00,SYNTHETIC,78966,3534,3000,0,117.8,29.2,33.6,47,69.0,352.0,41,,205,0,-25.41665,-49.29316,Curitiba,parked,low_fuel,2500,117.8
TLM01860,CUST0186,VEH0086,CONTR0186,2026-10-01T13:49:00,SYNTHETIC,79497,2127,3000,873,70.9,40.8,25.2,38,37.0,176.5,51,,255,0,-25.41023,-49.32666,Curitiba,parked,maintenance,700,70.9
TLM01861,CUST0187,VEH0087,CONTR0187,2026-07-30T14:06:00,SYNTHETIC,43589,1765,2000,235,88.2,33.4,21.1,38,37.9,187.1,17,,86,0,-22.94548,-43.19129,Rio de Janeiro,charging,low_fuel,1500,88.2
TLM01862,CUST0187,VEH0087,CONTR0187,2026-08-06T12:22:00,SYNTHETIC,44113,2097,2000,0,104.8,61.7,26.3,36,25.5,199.8,80,,405,0,-22.99955,-43.18529,Rio de Janeiro,parked,km_limit,2500,104.8
TLM01863,CUST0187,VEH0087,CONTR0187,2026-08-13T10:15:00,SYNTHETIC,44520,1629,2000,371,81.5,33.3,44.1,16,79.6,163.0,22,,111,0,-23.00953,-43.24628,Rio de Janeiro,charging,none,350,81.5
TLM01864,CUST0187,VEH0087,CONTR0187,2026-08-20T08:42:00,SYNTHETIC,44880,1443,2000,557,72.2,41.0,28.9,22,42.4,150.6,28,,141,0,-22.95648,-43.19197,Rio de Janeiro,moving,none,700,72.2
TLM01865,CUST0187,VEH0087,CONTR0187,2026-08-27T08:26:00,SYNTHETIC,45338,1834,2000,166,91.7,59.4,47.7,17,48.2,166.8,79,,400,0,-22.9511,-43.27524,Rio de Janeiro,parked,none,350,91.7
TLM01866,CUST0187,VEH0087,CONTR0187,2026-09-03T14:31:00,SYNTHETIC,45731,1575,2000,425,78.8,34.1,34.4,20,60.5,153.1,85,,430,0,-22.91393,-43.27681,Rio de Janeiro,parked,low_fuel,1000,78.8
TLM01867,CUST0187,VEH0087,CONTR0187,2026-09-10T15:19:00,SYNTHETIC,46424,2774,2000,0,138.7,42.2,22.0,57,31.3,268.9,93,,471,0,-22.96704,-43.27982,Rio de Janeiro,moving,low_fuel,1000,138.7
TLM01868,CUST0187,VEH0087,CONTR0187,2026-09-17T08:15:00,SYNTHETIC,47195,3084,2000,0,154.2,51.6,13.3,105,15.5,302.8,65,,329,0,-22.87658,-43.24464,Rio de Janeiro,moving,low_fuel,700,154.2
TLM01869,CUST0187,VEH0087,CONTR0187,2026-09-24T10:24:00,SYNTHETIC,47699,2017,2000,0,100.8,35.7,9.6,95,16.2,209.8,29,,147,0,-22.90686,-43.18118,Rio de Janeiro,parked,none,2500,100.8
TLM01870,CUST0187,VEH0087,CONTR0187,2026-10-01T18:05:00,SYNTHETIC,48445,2985,2000,0,149.2,54.8,35.6,38,39.0,276.3,88,,446,0,-23.01159,-43.20952,Rio de Janeiro,parked,none,1500,149.2
TLM01871,CUST0188,VEH0088,CONTR0188,2026-07-30T16:54:00,SYNTHETIC,17347,885,1000,115,88.5,53.3,46.7,8,52.6,91.3,93,,504,0,-29.96468,-51.12602,Porto Alegre,parked,low_fuel,700,88.5
TLM01872,CUST0188,VEH0088,CONTR0188,2026-08-06T07:14:00,SYNTHETIC,17558,845,1000,155,84.5,44.5,33.4,11,45.1,84.8,42,,228,0,-30.07447,-51.23411,Porto Alegre,moving,none,1000,84.5
TLM01873,CUST0188,VEH0088,CONTR0188,2026-08-13T16:58:00,SYNTHETIC,17761,815,1000,185,81.5,60.1,55.0,6,54.9,80.1,28,,152,0,-30.10261,-51.16643,Porto Alegre,moving,none,1000,81.5
TLM01874,CUST0188,VEH0088,CONTR0188,2026-08-20T19:00:00,SYNTHETIC,17977,866,1000,134,86.6,48.0,6.1,64,7.6,80.9,19,,103,0,-30.02476,-51.23507,Porto Alegre,moving,none,2500,86.6
TLM01875,CUST0188,VEH0088,CONTR0188,2026-08-27T06:12:00,SYNTHETIC,18191,857,1000,143,85.7,31.4,38.4,10,73.3,83.3,82,,445,0,-30.09963,-51.14956,Porto Alegre,parked,none,700,85.7
TLM01876,CUST0188,VEH0088,CONTR0188,2026-09-03T14:50:00,SYNTHETIC,18401,840,1000,160,84.0,44.1,52.4,7,71.2,75.9,56,,304,0,-30.10762,-51.16295,Porto Alegre,moving,km_limit,4000,84.0
TLM01877,CUST0188,VEH0088,CONTR0188,2026-09-10T06:38:00,SYNTHETIC,18638,948,1000,52,94.8,43.3,18.7,23,25.9,94.4,93,,504,0,-29.96555,-51.23954,Porto Alegre,moving,km_limit,2500,94.8
TLM01878,CUST0188,VEH0088,CONTR0188,2026-09-17T08:00:00,SYNTHETIC,18866,912,1000,88,91.2,62.0,20.2,20,19.5,83.0,95,,515,0,-29.98301,-51.27634,Porto Alegre,moving,none,1500,91.2
TLM01879,CUST0188,VEH0088,CONTR0188,2026-09-24T18:15:00,SYNTHETIC,19082,867,1000,133,86.7,35.9,9.2,42,15.4,86.6,20,,108,0,-30.10235,-51.14521,Porto Alegre,moving,km_limit,1000,86.7
TLM01880,CUST0188,VEH0088,CONTR0188,2026-10-01T18:02:00,SYNTHETIC,19304,890,1000,110,89.0,49.9,20.5,19,24.6,91.4,36,,195,0,-30.0542,-51.23287,Porto Alegre,moving,none,1000,89.0
TLM01881,CUST0189,VEH0089,CONTR0189,2026-07-30T22:37:00,SYNTHETIC,63015,949,1800,851,52.7,45.7,28.7,15,37.7,79.6,86,,497,0,-3.731,-38.60393,Fortaleza,moving,low_fuel,1500,52.7
TLM01882,CUST0189,VEH0089,CONTR0189,2026-08-06T20:00:00,SYNTHETIC,63190,703,1800,1097,39.1,50.1,25.9,12,31.0,56.6,21,,121,0,-3.6539,-38.57318,Fortaleza,parked,low_fuel,1500,39.1
TLM01883,CUST0189,VEH0089,CONTR0189,2026-08-13T12:52:00,SYNTHETIC,63531,1367,1800,433,75.9,35.5,29.5,21,49.9,121.3,54,,312,0,-3.61602,-38.63838,Fortaleza,parked,none,2500,75.9
TLM01884,CUST0189,VEH0089,CONTR0189,2026-08-20T14:39:00,SYNTHETIC,63728,790,1800,1010,43.9,58.1,27.7,12,28.6,70.1,69,,399,0,-3.77068,-38.49679,Fortaleza,moving,none,350,43.9
TLM01885,CUST0189,VEH0089,CONTR0189,2026-08-27T14:14:00,SYNTHETIC,63966,952,1800,848,52.9,60.1,45.7,9,45.6,80.5,90,,521,0,-3.73728,-38.53781,Fortaleza,parked,km_limit,1500,52.9
TLM01886,CUST0189,VEH0089,CONTR0189,2026-09-03T09:30:00,SYNTHETIC,64285,1278,1800,522,71.0,52.8,54.3,10,61.6,121.2,62,,358,0,-3.65028,-38.64006,Fortaleza,moving,none,700,71.0
TLM01887,CUST0189,VEH0089,CONTR0189,2026-09-10T11:24:00,SYNTHETIC,64509,899,1800,901,49.9,36.3,6.1,67,10.0,85.4,22,,127,0,-3.67422,-38.48751,Fortaleza,moving,maintenance,1000,49.9
TLM01888,CUST0189,VEH0089,CONTR0189,2026-09-17T20:13:00,SYNTHETIC,64767,1033,1800,767,57.4,31.8,42.2,11,79.7,89.9,73,,422,0,-3.62062,-38.50525,Fortaleza,parked,none,700,57.4
TLM01889,CUST0189,VEH0089,CONTR0189,2026-09-24T17:54:00,SYNTHETIC,65093,1305,1800,495,72.5,33.3,30.8,19,55.6,119.0,34,,196,0,-3.69029,-38.50705,Fortaleza,charging,low_fuel,700,72.5
TLM01890,CUST0189,VEH0089,CONTR0189,2026-10-01T08:16:00,SYNTHETIC,65319,907,1800,893,50.4,49.1,48.4,8,59.1,81.8,64,,370,0,-3.66225,-38.48573,Fortaleza,charging,km_limit,2500,50.4
TLM01891,CUST0190,VEH0090,CONTR0190,2026-07-30T07:27:00,SYNTHETIC,41083,953,1000,47,95.3,54.9,49.8,8,54.5,81.5,92,,531,0,-23.00165,-43.15281,Rio de Janeiro,parked,km_limit,1500,95.3
TLM01892,CUST0190,VEH0090,CONTR0190,2026-08-06T18:08:00,SYNTHETIC,41304,884,1000,116,88.4,35.8,21.7,18,36.3,77.5,30,,173,0,-22.94835,-43.14811,Rio de Janeiro,parked,none,4000,88.4
TLM01893,CUST0190,VEH0090,CONTR0190,2026-08-13T12:52:00,SYNTHETIC,41539,940,1000,60,94.0,34.4,49.0,8,85.4,84.7,65,,375,0,-22.90779,-43.09999,Rio de Janeiro,parked,km_limit,1000,94.0
TLM01894,CUST0190,VEH0090,CONTR0190,2026-08-20T13:38:00,SYNTHETIC,41694,621,1000,379,62.1,38.1,53.9,5,84.9,54.9,61,,352,0,-22.88781,-43.17093,Rio de Janeiro,moving,none,1500,62.1
TLM01895,CUST0190,VEH0090,CONTR0190,2026-08-27T10:23:00,SYNTHETIC,41953,1036,1000,0,103.6,61.4,41.5,11,40.5,97.6,65,,375,0,-22.95105,-43.11433,Rio de Janeiro,parked,maintenance,4000,103.6
TLM01896,CUST0190,VEH0090,CONTR0190,2026-09-03T08:50:00,SYNTHETIC,42100,588,1000,412,58.8,28.8,51.3,5,106.8,49.4,21,,121,0,-22.84924,-43.07998,Rio de Janeiro,parked,none,350,58.8
TLM01897,CUST0190,VEH0090,CONTR0190,2026-09-10T12:35:00,SYNTHETIC,42368,1074,1000,0,107.4,30.8,22.0,22,42.8,84.3,24,,138,0,-22.96132,-43.17064,Rio de Janeiro,parked,km_limit,2500,107.4
TLM01898,CUST0190,VEH0090,CONTR0190,2026-09-17T22:08:00,SYNTHETIC,42614,986,1000,14,98.6,45.5,12.8,34,16.9,77.7,44,,254,0,-22.89777,-43.18011,Rio de Janeiro,parked,none,350,98.6
TLM01899,CUST0190,VEH0090,CONTR0190,2026-09-24T10:12:00,SYNTHETIC,42868,1016,1000,0,101.6,40.8,34.1,13,50.2,79.4,86,,497,0,-22.89477,-43.17613,Rio de Janeiro,moving,km_limit,1500,101.6
TLM01900,CUST0190,VEH0090,CONTR0190,2026-10-01T19:54:00,SYNTHETIC,43121,1015,1000,0,101.5,46.0,30.2,15,39.4,93.9,74,,427,0,-22.85842,-43.15297,Rio de Janeiro,moving,none,4000,101.5
TLM01901,CUST0191,VEH0091,CONTR0191,2026-07-30T10:01:00,SYNTHETIC,60366,1797,3000,1203,59.9,32.7,54.4,15,99.8,153.5,82,,480,0,-3.73353,-38.52952,Fortaleza,parked,none,2500,59.9
TLM01902,CUST0191,VEH0091,CONTR0191,2026-08-06T13:53:00,SYNTHETIC,61295,3716,3000,0,123.9,55.9,12.0,141,12.8,294.2,95,,556,0,-3.79459,-38.61929,Fortaleza,moving,low_fuel,4000,123.9
TLM01903,CUST0191,VEH0091,CONTR0191,2026-08-13T08:26:00,SYNTHETIC,61768,1894,3000,1106,63.1,49.3,35.8,24,43.5,151.1,39,,228,0,-3.66362,-38.58009,Fortaleza,moving,low_fuel,1000,63.1
TLM01904,CUST0191,VEH0091,CONTR0191,2026-08-20T11:21:00,SYNTHETIC,62308,2162,3000,838,72.1,35.7,34.3,28,57.7,160.1,88,,515,0,-3.77685,-38.50567,Fortaleza,moving,none,4000,72.1
TLM01905,CUST0191,VEH0091,CONTR0191,2026-08-27T13:29:00,SYNTHETIC,63186,3512,3000,0,117.1,55.4,45.4,35,49.2,308.0,37,,216,0,-3.70593,-38.55282,Fortaleza,parked,maintenance,1500,117.1
TLM01906,CUST0191,VEH0091,CONTR0191,2026-09-03T14:16:00,SYNTHETIC,63766,2323,3000,677,77.4,57.2,51.9,20,54.4,181.2,93,,544,0,-3.75103,-38.56638,Fortaleza,parked,low_fuel,1500,77.4
TLM01907,CUST0191,VEH0091,CONTR0191,2026-09-10T09:55:00,SYNTHETIC,64308,2171,3000,829,72.4,59.3,36.9,26,37.3,185.3,84,,492,0,-3.64372,-38.63104,Fortaleza,moving,maintenance,1500,72.4
TLM01908,CUST0191,VEH0091,CONTR0191,2026-09-17T21:30:00,SYNTHETIC,65230,3689,3000,0,123.0,35.5,26.9,62,45.4,270.5,81,,474,0,-3.78561,-38.59619,Fortaleza,parked,none,350,123.0
TLM01909,CUST0191,VEH0091,CONTR0191,2026-09-24T21:33:00,SYNTHETIC,65954,2897,3000,103,96.6,50.4,40.0,32,47.6,247.5,64,,375,0,-3.72261,-38.55206,Fortaleza,moving,none,4000,96.6
TLM01910,CUST0191,VEH0091,CONTR0191,2026-10-01T20:10:00,SYNTHETIC,66553,2398,3000,602,79.9,31.3,13.4,81,25.7,202.6,49,,287,0,-3.78064,-38.62105,Fortaleza,parked,none,1500,79.9
TLM01911,CUST0192,VEH0092,CONTR0192,2026-07-30T06:11:00,SYNTHETIC,57463,1798,1500,0,119.9,28.8,17.7,46,37.0,152.6,53,,309,0,-12.95605,-38.53053,Salvador,parked,maintenance,350,119.9
TLM01912,CUST0192,VEH0092,CONTR0192,2026-08-06T17:31:00,SYNTHETIC,57978,2060,1500,0,137.3,44.6,59.0,15,79.3,189.2,88,,513,0,-12.91922,-38.53514,Salvador,moving,maintenance,700,137.3
TLM01913,CUST0192,VEH0092,CONTR0192,2026-08-13T08:04:00,SYNTHETIC,58491,2055,1500,0,137.0,49.9,17.8,52,21.4,188.7,49,,286,0,-12.97893,-38.55103,Salvador,parked,none,4000,137.0
TLM01914,CUST0192,VEH0092,CONTR0192,2026-08-20T20:55:00,SYNTHETIC,59141,2600,1500,0,173.3,28.4,55.1,21,116.4,225.3,60,,350,0,-12.98668,-38.56913,Salvador,parked,low_fuel,1500,173.3
TLM01915,CUST0192,VEH0092,CONTR0192,2026-08-27T17:25:00,SYNTHETIC,59651,2042,1500,0,136.1,52.8,18.7,49,21.2,169.1,16,,93,0,-12.90265,-38.58055,Salvador,parked,none,2500,136.1
TLM01916,CUST0192,VEH0092,CONTR0192,2026-09-03T20:14:00,SYNTHETIC,60216,2261,1500,0,150.7,47.7,19.1,53,24.0,189.0,86,,502,0,-12.9018,-38.45151,Salvador,moving,maintenance,700,150.7
TLM01917,CUST0192,VEH0092,CONTR0192,2026-09-10T20:14:00,SYNTHETIC,60557,1364,1500,136,90.9,58.2,53.3,11,54.9,120.5,40,,233,0,-12.94105,-38.42863,Salvador,parked,none,350,90.9
TLM01918,CUST0192,VEH0092,CONTR0192,2026-09-17T20:54:00,SYNTHETIC,60966,1638,1500,0,109.2,39.9,20.3,36,30.5,143.3,15,,87,0,-13.05205,-38.53849,Salvador,parked,maintenance,350,109.2
TLM01919,CUST0192,VEH0092,CONTR0192,2026-09-24T19:48:00,SYNTHETIC,61361,1582,1500,0,105.5,50.9,37.0,19,43.6,145.2,77,,449,0,-12.91357,-38.485,Salvador,moving,low_fuel,2500,105.5
TLM01920,CUST0192,VEH0092,CONTR0192,2026-10-01T08:02:00,SYNTHETIC,61719,1435,1500,65,95.7,52.9,29.7,21,33.8,122.0,17,,99,0,-12.97353,-38.48673,Salvador,parked,none,350,95.7
TLM01921,CUST0193,VEH0093,CONTR0193,2026-07-30T19:00:00,SYNTHETIC,39181,2544,1800,0,141.3,32.4,49.0,23,90.8,216.2,21,,119,0,-29.97538,-51.27432,Porto Alegre,moving,none,350,141.3
TLM01922,CUST0193,VEH0093,CONTR0193,2026-08-06T10:56:00,SYNTHETIC,39531,1401,1800,399,77.8,53.4,31.9,19,35.9,113.9,39,,221,0,-30.00367,-51.25191,Porto Alegre,maintenance,none,4000,77.8
TLM01923,CUST0193,VEH0093,CONTR0193,2026-08-13T06:55:00,SYNTHETIC,40005,1899,1800,0,105.5,35.0,11.6,74,19.9,169.2,88,,500,0,-30.03777,-51.15647,Porto Alegre,parked,low_fuel,700,105.5
TLM01924,CUST0193,VEH0093,CONTR0193,2026-08-20T15:00:00,SYNTHETIC,40433,1712,1800,88,95.1,42.3,50.1,15,71.0,152.2,64,,364,0,-30.09495,-51.15856,Porto Alegre,moving,km_limit,2500,95.1
TLM01925,CUST0193,VEH0093,CONTR0193,2026-08-27T20:00:00,SYNTHETIC,40885,1810,1800,0,100.6,36.6,52.2,15,85.6,159.7,70,,398,0,-30.12985,-51.2084,Porto Alegre,moving,none,1500,100.6
TLM01926,CUST0193,VEH0093,CONTR0193,2026-09-03T15:09:00,SYNTHETIC,41531,2585,1800,0,143.6,46.8,10.9,107,14.0,244.0,27,,153,0,-30.04193,-51.2298,Porto Alegre,parked,km_limit,1500,143.6
TLM01927,CUST0193,VEH0093,CONTR0193,2026-09-10T06:41:00,SYNTHETIC,42084,2213,1800,0,122.9,47.9,20.5,49,25.6,184.5,15,,85,0,-30.03718,-51.16689,Porto Alegre,parked,low_fuel,1000,122.9
TLM01928,CUST0193,VEH0093,CONTR0193,2026-09-17T11:45:00,SYNTHETIC,42834,3000,1800,0,166.7,42.1,41.8,32,59.5,285.5,30,,170,0,-30.08172,-51.27029,Porto Alegre,moving,low_fuel,1000,166.7
TLM01929,CUST0193,VEH0093,CONTR0193,2026-09-24T12:29:00,SYNTHETIC,43237,1613,1800,187,89.6,50.5,54.0,13,64.2,158.3,56,,318,0,-30.03108,-51.19411,Porto Alegre,moving,low_fuel,2500,89.6
TLM01930,CUST0193,VEH0093,CONTR0193,2026-10-01T11:21:00,SYNTHETIC,43962,2903,1800,0,161.3,53.2,52.8,25,59.6,280.4,54,,307,0,-30.01537,-51.18764,Porto Alegre,parked,km_limit,1500,161.3
TLM01931,CUST0194,VEH0094,CONTR0194,2026-07-30T19:53:00,SYNTHETIC,11914,3161,2000,0,158.1,31.0,68.6,20,133.0,295.5,56,,318,0,-15.85646,-47.92353,Brasília,parked,maintenance,1000,158.1
TLM01932,CUST0194,VEH0094,CONTR0194,2026-08-06T06:15:00,SYNTHETIC,12585,2687,2000,0,134.3,41.7,22.7,53,32.7,261.0,50,,284,0,-15.88233,-47.84942,Brasília,parked,maintenance,2500,134.3
TLM01933,CUST0194,VEH0094,CONTR0194,2026-08-13T19:04:00,SYNTHETIC,13441,3426,2000,0,171.3,58.3,41.7,37,42.9,316.0,90,,512,0,-15.75763,-47.85885,Brasília,moving,none,1500,171.3
TLM01934,CUST0194,VEH0094,CONTR0194,2026-08-20T15:42:00,SYNTHETIC,14297,3424,2000,0,171.2,34.1,73.7,21,129.8,286.3,57,,324,0,-15.76858,-47.89938,Brasília,moving,low_fuel,4000,171.2
TLM01935,CUST0194,VEH0094,CONTR0194,2026-08-27T08:06:00,SYNTHETIC,14861,2256,2000,0,112.8,55.0,45.4,22,49.5,197.5,71,,403,0,-15.77661,-47.86914,Brasília,maintenance,maintenance,1500,112.8
TLM01936,CUST0194,VEH0094,CONTR0194,2026-09-03T20:55:00,SYNTHETIC,15664,3213,2000,0,160.7,35.6,55.0,26,92.7,299.3,74,,421,0,-15.84549,-47.87205,Brasília,parked,none,1500,160.7
TLM01937,CUST0194,VEH0094,CONTR0194,2026-09-10T20:58:00,SYNTHETIC,16107,1773,2000,227,88.6,41.2,44.4,18,64.7,172.1,60,,341,0,-15.73374,-47.8671,Brasília,moving,maintenance,2500,88.6
TLM01938,CUST0194,VEH0094,CONTR0194,2026-09-17T22:38:00,SYNTHETIC,16682,2302,2000,0,115.1,59.6,19.2,54,19.3,188.2,41,,233,0,-15.76121,-47.98505,Brasília,parked,km_limit,700,115.1
TLM01939,CUST0194,VEH0094,CONTR0194,2026-09-24T22:37:00,SYNTHETIC,17180,1992,2000,8,99.6,43.6,53.1,17,73.1,161.3,79,,449,0,-15.78672,-47.95841,Brasília,parked,maintenance,4000,99.6
TLM01940,CUST0194,VEH0094,CONTR0194,2026-10-01T21:36:00,SYNTHETIC,18045,3463,2000,0,173.2,37.5,67.8,23,108.3,321.5,46,,261,0,-15.74409,-47.85948,Brasília,moving,low_fuel,4000,173.2
TLM01941,CUST0195,VEH0095,CONTR0195,2026-07-30T21:47:00,SYNTHETIC,19319,2160,1500,0,144.0,59.6,54.1,18,54.5,180.7,43,,266,0,-30.00343,-51.25376,Porto Alegre,parked,low_fuel,366,144.0
TLM01942,CUST0195,VEH0095,CONTR0195,2026-08-06T22:41:00,SYNTHETIC,19933,2457,1500,0,163.8,45.5,56.6,19,74.8,206.7,86,,532,0,-30.0732,-51.21314,Porto Alegre,moving,km_limit,362,163.8
TLM01943,CUST0195,VEH0095,CONTR0195,2026-08-13T21:15:00,SYNTHETIC,20321,1553,1500,0,103.5,47.6,34.3,20,43.3,113.4,87,,538,0,-30.01056,-51.29128,Porto Alegre,parked,none,430,103.5
TLM01944,CUST0195,VEH0095,CONTR0195,2026-08-20T14:55:00,SYNTHETIC,20852,2127,1500,0,141.8,54.6,56.3,17,61.8,174.3,50,,309,0,-29.96199,-51.29247,Porto Alegre,parked,low_fuel,336,141.8
TLM01945,CUST0195,VEH0095,CONTR0195,2026-08-27T16:18:00,SYNTHETIC,21167,1262,1500,238,84.1,41.7,68.0,8,97.8,90.7,69,,427,0,-29.98532,-51.28918,Porto Alegre,parked,low_fuel,297,84.1
TLM01946,CUST0195,VEH0095,CONTR0195,2026-09-03T22:13:00,SYNTHETIC,21601,1736,1500,0,115.7,47.3,53.7,14,68.1,121.1,48,,297,0,-29.94265,-51.25429,Porto Alegre,charging,maintenance,274,115.7
TLM01947,CUST0195,VEH0095,CONTR0195,2026-09-10T19:23:00,SYNTHETIC,22142,2165,1500,0,144.3,57.3,57.1,17,59.8,165.4,92,,569,0,-30.00898,-51.28653,Porto Alegre,parked,maintenance,500,144.3
TLM01948,CUST0195,VEH0095,CONTR0195,2026-09-17T22:19:00,SYNTHETIC,22525,1535,1500,0,102.3,50.8,29.9,23,35.3,122.1,85,,526,0,-29.93063,-51.30192,Porto Alegre,moving,km_limit,293,102.3
TLM01949,CUST0195,VEH0095,CONTR0195,2026-09-24T20:29:00,SYNTHETIC,22838,1255,1500,245,83.7,56.6,54.0,10,57.2,88.0,71,,439,0,-29.93682,-51.32178,Porto Alegre,parked,none,443,83.7
TLM01950,CUST0195,VEH0095,CONTR0195,2026-10-01T12:24:00,SYNTHETIC,23379,2165,1500,0,144.3,34.6,51.6,19,89.6,171.4,15,,92,0,-29.99657,-51.31303,Porto Alegre,moving,maintenance,360,144.3
TLM01951,CUST0196,VEH0096,CONTR0196,2026-07-30T10:35:00,SYNTHETIC,70843,682,800,118,85.2,28.5,50.3,6,106.0,61.8,90,,516,0,-23.55335,-46.59745,São Paulo,parked,none,2500,85.2
TLM01952,CUST0196,VEH0096,CONTR0196,2026-08-06T11:29:00,SYNTHETIC,70998,622,800,178,77.8,54.0,53.1,5,59.0,62.4,65,,373,0,-23.56857,-46.60888,São Paulo,parked,none,1000,77.8
TLM01953,CUST0196,VEH0096,CONTR0196,2026-08-13T10:15:00,SYNTHETIC,71243,982,800,0,122.8,37.7,28.1,15,44.7,86.4,21,,120,0,-23.56378,-46.64201,São Paulo,moving,none,700,122.8
TLM01954,CUST0196,VEH0096,CONTR0196,2026-08-20T17:44:00,SYNTHETIC,71486,972,800,0,121.5,39.2,7.6,57,11.7,85.1,60,,344,0,-23.53439,-46.5618,São Paulo,parked,none,1000,121.5
TLM01955,CUST0196,VEH0096,CONTR0196,2026-08-27T14:59:00,SYNTHETIC,71629,575,800,225,71.9,29.4,11.6,22,23.6,50.5,39,,223,0,-23.45729,-46.66231,São Paulo,moving,none,1500,71.9
TLM01956,CUST0196,VEH0096,CONTR0196,2026-09-03T08:40:00,SYNTHETIC,71822,773,800,27,96.6,41.3,43.5,8,63.2,65.8,87,,499,0,-23.58303,-46.61166,São Paulo,parked,low_fuel,700,96.6
TLM01957,CUST0196,VEH0096,CONTR0196,2026-09-10T10:58:00,SYNTHETIC,71945,492,800,308,61.5,42.2,7.5,30,10.6,47.6,28,,160,0,-23.45008,-46.61612,São Paulo,parked,none,700,61.5
TLM01958,CUST0196,VEH0096,CONTR0196,2026-09-17T06:59:00,SYNTHETIC,72163,873,800,0,109.1,40.4,20.5,19,30.5,79.3,60,,344,0,-23.56556,-46.66083,São Paulo,parked,low_fuel,700,109.1
TLM01959,CUST0196,VEH0096,CONTR0196,2026-09-24T21:31:00,SYNTHETIC,72336,693,800,107,86.6,39.3,12.2,25,18.6,62.8,57,,327,0,-23.52866,-46.63375,São Paulo,parked,none,1500,86.6
TLM01960,CUST0196,VEH0096,CONTR0196,2026-10-01T07:16:00,SYNTHETIC,72504,675,800,125,84.4,55.0,17.4,17,19.0,57.8,67,,384,0,-23.49809,-46.65421,São Paulo,moving,maintenance,700,84.4
TLM01961,CUST0197,VEH0097,CONTR0197,2026-07-30T06:11:00,SYNTHETIC,28497,699,1500,801,46.6,56.0,25.6,12,27.4,46.5,33,,163,0,-19.85515,-44.00018,Belo Horizonte,moving,maintenance,1500,46.6
TLM01962,CUST0197,VEH0097,CONTR0197,2026-08-06T19:41:00,SYNTHETIC,28642,581,1500,919,38.7,60.3,39.2,6,39.0,38.9,73,,362,0,-19.85649,-43.95562,Belo Horizonte,parked,none,2500,38.7
TLM01963,CUST0197,VEH0097,CONTR0197,2026-08-13T12:16:00,SYNTHETIC,28742,402,1500,1098,26.8,39.6,11.3,16,17.1,24.9,41,,203,0,-19.95717,-44.02427,Belo Horizonte,parked,low_fuel,2500,26.8
TLM01964,CUST0197,VEH0097,CONTR0197,2026-08-20T12:43:00,SYNTHETIC,28890,595,1500,905,39.7,33.6,11.6,23,20.8,38.0,24,,119,0,-19.96863,-43.91978,Belo Horizonte,moving,low_fuel,2500,39.7
TLM01965,CUST0197,VEH0097,CONTR0197,2026-08-27T10:07:00,SYNTHETIC,29069,718,1500,782,47.9,57.1,9.6,34,10.0,50.0,88,,436,0,-20.00627,-43.97563,Belo Horizonte,moving,low_fuel,1500,47.9
TLM01966,CUST0197,VEH0097,CONTR0197,2026-09-03T22:14:00,SYNTHETIC,29171,411,1500,1089,27.4,33.9,26.5,7,46.9,30.1,86,,426,0,-19.90228,-43.95846,Belo Horizonte,moving,none,700,27.4
TLM01967,CUST0197,VEH0097,CONTR0197,2026-09-10T20:50:00,SYNTHETIC,29317,585,1500,915,39.0,29.8,20.0,13,40.2,40.4,77,,381,0,-19.98002,-43.94198,Belo Horizonte,moving,maintenance,4000,39.0
TLM01968,CUST0197,VEH0097,CONTR0197,2026-09-17T19:36:00,SYNTHETIC,29457,560,1500,940,37.3,33.1,40.0,6,72.4,38.4,18,,89,0,-19.91811,-43.88533,Belo Horizonte,moving,none,350,37.3
TLM01969,CUST0197,VEH0097,CONTR0197,2026-09-24T06:54:00,SYNTHETIC,29632,703,1500,797,46.9,40.4,34.4,9,51.0,44.5,49,,243,0,-19.9158,-43.89862,Belo Horizonte,parked,km_limit,1500,46.9
TLM01970,CUST0197,VEH0097,CONTR0197,2026-10-01T16:11:00,SYNTHETIC,29801,676,1500,824,45.1,58.1,52.6,5,54.3,45.6,95,,471,0,-19.94877,-43.99478,Belo Horizonte,parked,low_fuel,1000,45.1
TLM01971,CUST0198,VEH0098,CONTR0198,2026-07-30T14:26:00,SYNTHETIC,38121,1098,1000,0,109.8,46.6,32.3,15,41.6,83.9,15,,88,0,-15.80611,-47.9035,Brasília,parked,low_fuel,4000,109.8
TLM01972,CUST0198,VEH0098,CONTR0198,2026-08-06T10:34:00,SYNTHETIC,38304,733,1000,267,73.3,42.8,13.0,25,18.2,63.4,79,,464,0,-15.80799,-47.91458,Brasília,moving,km_limit,2500,73.3
TLM01973,CUST0198,VEH0098,CONTR0198,2026-08-13T18:16:00,SYNTHETIC,38606,1211,1000,0,121.1,45.4,54.5,10,71.9,110.5,24,,141,0,-15.83788,-47.9741,Brasília,moving,low_fuel,4000,121.1
TLM01974,CUST0198,VEH0098,CONTR0198,2026-08-20T18:34:00,SYNTHETIC,38967,1444,1000,0,144.4,30.5,31.3,20,61.5,120.3,57,,335,0,-15.77455,-47.85122,Brasília,moving,low_fuel,1500,144.4
TLM01975,CUST0198,VEH0098,CONTR0198,2026-08-27T08:09:00,SYNTHETIC,39322,1421,1000,0,142.1,49.8,24.5,26,29.5,132.2,88,,517,0,-15.78241,-47.89461,Brasília,parked,low_fuel,1000,142.1
TLM01976,CUST0198,VEH0098,CONTR0198,2026-09-03T14:05:00,SYNTHETIC,39686,1457,1000,0,145.7,53.9,54.8,12,61.1,114.2,61,,358,0,-15.72285,-47.85171,Brasília,moving,none,700,145.7
TLM01977,CUST0198,VEH0098,CONTR0198,2026-09-10T06:59:00,SYNTHETIC,39989,1215,1000,0,121.5,61.2,33.3,16,32.6,97.9,17,,99,0,-15.74461,-47.903,Brasília,parked,km_limit,2500,121.5
TLM01978,CUST0198,VEH0098,CONTR0198,2026-09-17T21:29:00,SYNTHETIC,40331,1369,1000,0,136.9,51.3,29.8,20,34.9,125.0,61,,358,0,-15.75318,-47.86248,Brasília,moving,none,700,136.9
TLM01979,CUST0198,VEH0098,CONTR0198,2026-09-24T20:38:00,SYNTHETIC,40683,1411,1000,0,141.1,30.0,17.1,37,34.2,117.6,85,,499,0,-15.79631,-47.8665,Brasília,parked,none,2500,141.1
TLM01980,CUST0198,VEH0098,CONTR0198,2026-10-01T06:03:00,SYNTHETIC,40919,944,1000,56,94.4,30.8,8.6,49,16.8,87.4,26,,152,0,-15.74879,-47.97024,Brasília,moving,low_fuel,350,94.4
TLM01981,CUST0199,VEH0099,CONTR0199,2026-07-30T11:43:00,SYNTHETIC,78141,1447,1800,353,80.4,34.0,32.7,20,57.7,118.3,51,,303,0,-23.49926,-46.58749,São Paulo,parked,km_limit,2500,80.4
TLM01982,CUST0199,VEH0099,CONTR0199,2026-08-06T21:17:00,SYNTHETIC,78503,1448,1800,352,80.4,28.4,52.7,12,111.4,130.4,75,,447,0,-23.51753,-46.57985,São Paulo,parked,maintenance,1000,80.4
TLM01983,CUST0199,VEH0099,CONTR0199,2026-08-13T14:53:00,SYNTHETIC,78885,1530,1800,270,85.0,35.8,47.7,14,80.0,129.8,72,,429,0,-23.49967,-46.63231,São Paulo,parked,none,4000,85.0
TLM01984,CUST0199,VEH0099,CONTR0199,2026-08-20T15:07:00,SYNTHETIC,79286,1606,1800,194,89.2,53.2,52.4,13,59.0,131.8,51,,303,0,-23.5654,-46.57275,São Paulo,parked,km_limit,350,89.2
TLM01985,CUST0199,VEH0099,CONTR0199,2026-08-27T13:55:00,SYNTHETIC,79699,1654,1800,146,91.9,51.1,32.3,23,38.0,157.1,39,,232,0,-23.55022,-46.61996,São Paulo,parked,km_limit,700,91.9
TLM01986,CUST0199,VEH0099,CONTR0199,2026-09-03T22:20:00,SYNTHETIC,80111,1648,1800,152,91.6,51.3,37.7,19,44.0,145.9,63,,375,0,-23.56632,-46.56507,São Paulo,parked,low_fuel,350,91.6
TLM01987,CUST0199,VEH0099,CONTR0199,2026-09-10T08:17:00,SYNTHETIC,80511,1601,1800,199,88.9,29.6,32.1,22,65.2,135.1,65,,387,0,-23.57762,-46.5898,São Paulo,parked,maintenance,2500,88.9
TLM01988,CUST0199,VEH0099,CONTR0199,2026-09-17T20:16:00,SYNTHETIC,80926,1661,1800,139,92.3,39.5,34.6,21,52.6,139.8,20,,119,0,-23.57879,-46.68347,São Paulo,parked,none,4000,92.3
TLM01989,CUST0199,VEH0099,CONTR0199,2026-09-24T09:06:00,SYNTHETIC,81300,1496,1800,304,83.1,36.8,58.7,11,95.7,126.8,71,,423,0,-23.47706,-46.67328,São Paulo,charging,maintenance,4000,83.1
TLM01990,CUST0199,VEH0099,CONTR0199,2026-10-01T19:57:00,SYNTHETIC,81694,1579,1800,221,87.7,55.2,65.1,11,70.7,151.7,47,,280,0,-23.53941,-46.59914,São Paulo,maintenance,low_fuel,1500,87.7
TLM01991,CUST0200,VEH0100,CONTR0200,2026-07-30T07:52:00,SYNTHETIC,47443,1213,1000,0,121.3,30.6,31.7,17,62.2,124.9,30,,154,0,-8.00949,-34.86584,Recife,moving,none,440,121.3
TLM01992,CUST0200,VEH0100,CONTR0200,2026-08-06T19:16:00,SYNTHETIC,47752,1237,1000,0,123.7,46.1,66.2,8,86.1,113.9,34,,175,0,-8.09016,-34.88296,Recife,parked,low_fuel,436,123.7
TLM01993,CUST0200,VEH0100,CONTR0200,2026-08-13T21:58:00,SYNTHETIC,48021,1076,1000,0,107.6,39.4,30.1,16,45.8,110.1,35,,180,0,-7.98827,-34.84324,Recife,parked,low_fuel,364,107.6
TLM01994,CUST0200,VEH0100,CONTR0200,2026-08-20T14:28:00,SYNTHETIC,48286,1062,1000,0,106.2,53.8,26.7,18,29.8,117.9,47,,242,0,-8.06613,-34.98076,Recife,moving,maintenance,473,106.2
TLM01995,CUST0200,VEH0100,CONTR0200,2026-08-27T19:05:00,SYNTHETIC,48571,1141,1000,0,114.1,31.5,55.8,9,106.2,125.4,75,,387,0,-8.04166,-34.9017,Recife,parked,none,141,114.1
TLM01996,CUST0200,VEH0100,CONTR0200,2026-09-03T22:41:00,SYNTHETIC,48850,1118,1000,0,111.8,32.9,63.1,8,115.2,106.2,72,,371,0,-8.01595,-34.8872,Recife,parked,maintenance,417,111.8
TLM01997,CUST0200,VEH0100,CONTR0200,2026-09-10T14:00:00,SYNTHETIC,49136,1144,1000,0,114.4,38.0,29.9,17,47.2,110.4,72,,371,0,-8.09645,-34.88389,Recife,maintenance,none,135,114.4
TLM01998,CUST0200,VEH0100,CONTR0200,2026-09-17T19:11:00,SYNTHETIC,49427,1166,1000,0,116.6,51.5,22.2,23,25.8,130.0,15,,77,0,-8.00368,-34.92829,Recife,maintenance,maintenance,268,116.6
TLM01999,CUST0200,VEH0100,CONTR0200,2026-09-24T14:53:00,SYNTHETIC,49718,1166,1000,0,116.6,36.5,67.4,7,110.6,118.6,18,,92,0,-7.95855,-34.93574,Recife,moving,low_fuel,178,116.6
TLM02000,CUST0200,VEH0100,CONTR0200,2026-10-01T18:08:00,SYNTHETIC,50001,1134,1000,0,113.4,54.8,31.2,16,34.2,106.2,23,,118,0,-8.0021,-34.86935,Recife,moving,maintenance,309,113.4
TLM02001,CUST0201,VEH0001,CONTR0201,2026-07-30T06:55:00,SYNTHETIC,14380,4966,3000,0,165.5,55.6,7.4,305,8.0,408.1,93,,497,0,-23.61343,-46.65498,São Paulo,parked,maintenance,1000,165.5
TLM02002,CUST0201,VEH0001,CONTR0201,2026-08-06T20:43:00,SYNTHETIC,15029,2599,3000,401,86.6,32.4,37.1,31,68.7,208.4,46,,246,0,-23.6358,-46.55052,São Paulo,parked,none,350,86.6
TLM02003,CUST0201,VEH0001,CONTR0201,2026-08-13T20:55:00,SYNTHETIC,16117,4355,3000,0,145.2,44.7,32.3,61,43.3,373.7,35,,187,0,-23.52411,-46.62517,São Paulo,parked,none,1000,145.2
TLM02004,CUST0201,VEH0001,CONTR0201,2026-08-20T11:35:00,SYNTHETIC,17240,4494,3000,0,149.8,31.6,36.7,55,69.6,353.6,16,,85,0,-23.51935,-46.60578,São Paulo,parked,maintenance,1500,149.8
TLM02005,CUST0201,VEH0001,CONTR0201,2026-08-27T22:21:00,SYNTHETIC,18439,4796,3000,0,159.9,42.2,21.6,100,30.8,431.3,59,,315,0,-23.58182,-46.63184,São Paulo,parked,low_fuel,2500,159.9
TLM02006,CUST0201,VEH0001,CONTR0201,2026-09-03T22:11:00,SYNTHETIC,19227,3152,3000,0,105.1,56.3,9.9,144,10.6,286.0,36,,192,0,-23.60983,-46.67995,São Paulo,moving,low_fuel,4000,105.1
TLM02007,CUST0201,VEH0001,CONTR0201,2026-09-10T18:37:00,SYNTHETIC,20253,4106,3000,0,136.9,52.0,24.7,75,28.5,348.8,55,,294,0,-23.51643,-46.59519,São Paulo,parked,none,2500,136.9
TLM02008,CUST0201,VEH0001,CONTR0201,2026-09-17T07:21:00,SYNTHETIC,20934,2725,3000,275,90.8,45.1,13.7,90,18.2,236.4,83,,444,0,-23.63934,-46.6533,São Paulo,parked,km_limit,1000,90.8
TLM02009,CUST0201,VEH0001,CONTR0201,2026-09-24T11:13:00,SYNTHETIC,22086,4608,3000,0,153.6,33.7,36.2,57,64.5,389.2,73,,390,0,-23.54467,-46.54524,São Paulo,moving,low_fuel,350,153.6
TLM02010,CUST0201,VEH0001,CONTR0201,2026-10-01T18:08:00,SYNTHETIC,22949,3453,3000,0,115.1,41.0,27.4,57,40.1,276.5,71,,379,0,-23.5956,-46.60546,São Paulo,parked,km_limit,4000,115.1
TLM02011,CUST0202,VEH0002,CONTR0202,2026-07-30T10:00:00,SYNTHETIC,49496,816,1200,384,68.0,32.9,28.7,12,52.3,72.4,18,,94,0,-22.92025,-43.08982,Rio de Janeiro,parked,none,4000,68.0
TLM02012,CUST0202,VEH0002,CONTR0202,2026-08-06T13:52:00,SYNTHETIC,49708,850,1200,350,70.8,37.1,53.5,7,86.5,84.3,15,,79,0,-22.96568,-43.13382,Rio de Janeiro,moving,none,1500,70.8
TLM02013,CUST0202,VEH0002,CONTR0202,2026-08-13T19:11:00,SYNTHETIC,50055,1390,1200,0,115.8,53.7,52.8,11,59.0,131.5,76,,400,0,-22.97032,-43.1318,Rio de Janeiro,parked,none,700,115.8
TLM02014,CUST0202,VEH0002,CONTR0202,2026-08-20T12:21:00,SYNTHETIC,50398,1375,1200,0,114.6,43.4,37.6,16,51.9,131.7,22,,115,0,-22.91626,-43.12294,Rio de Janeiro,parked,none,1000,114.6
TLM02015,CUST0202,VEH0002,CONTR0202,2026-08-27T17:52:00,SYNTHETIC,50575,711,1200,489,59.2,32.3,28.7,11,53.3,67.8,31,,163,0,-22.85327,-43.16415,Rio de Janeiro,parked,maintenance,700,59.2
TLM02016,CUST0202,VEH0002,CONTR0202,2026-09-03T16:18:00,SYNTHETIC,50805,922,1200,278,76.8,33.5,18.5,22,33.0,88.2,34,,179,0,-22.85586,-43.15247,Rio de Janeiro,parked,none,1000,76.8
TLM02017,CUST0202,VEH0002,CONTR0202,2026-09-10T15:06:00,SYNTHETIC,51117,1248,1200,0,104.0,35.6,34.4,16,57.9,112.3,73,,384,0,-22.98454,-43.15959,Rio de Janeiro,parked,none,4000,104.0
TLM02018,CUST0202,VEH0002,CONTR0202,2026-09-17T20:14:00,SYNTHETIC,51461,1377,1200,0,114.8,30.4,44.6,14,88.3,123.2,51,,268,0,-22.91676,-43.10123,Rio de Janeiro,maintenance,low_fuel,1500,114.8
TLM02019,CUST0202,VEH0002,CONTR0202,2026-09-24T19:31:00,SYNTHETIC,51698,948,1200,252,79.0,48.7,20.6,20,25.3,94.2,80,,421,0,-22.8818,-43.2027,Rio de Janeiro,parked,none,4000,79.0
TLM02020,CUST0202,VEH0002,CONTR0202,2026-10-01T20:58:00,SYNTHETIC,51993,1183,1200,17,98.6,30.4,39.8,13,78.6,102.9,92,,484,0,-22.89086,-43.23122,Rio de Janeiro,parked,none,1000,98.6
TLM02021,CUST0203,VEH0003,CONTR0203,2026-07-30T14:10:00,SYNTHETIC,61537,4255,2500,0,170.2,36.1,48.8,39,81.0,256.1,89,,665,2,-30.06106,-51.28627,Porto Alegre,parked,low_fuel,4000,170.2
TLM02022,CUST0203,VEH0003,CONTR0203,2026-08-06T22:01:00,SYNTHETIC,62439,3608,2500,0,144.3,48.2,21.7,75,27.1,183.0,21,,157,0,-30.01753,-51.25274,Porto Alegre,parked,maintenance,700,144.3
TLM02023,CUST0203,VEH0003,CONTR0203,2026-08-13T07:20:00,SYNTHETIC,63253,3259,2500,0,130.4,57.5,33.0,44,34.4,181.9,46,,344,1,-29.98597,-51.20365,Porto Alegre,maintenance,maintenance,1500,130.4
TLM02024,CUST0203,VEH0003,CONTR0203,2026-08-20T12:20:00,SYNTHETIC,63775,2090,2500,410,83.6,50.9,70.7,13,83.4,112.5,42,,314,0,-30.06395,-51.28796,Porto Alegre,parked,none,1500,83.6
TLM02025,CUST0203,VEH0003,CONTR0203,2026-08-27T19:42:00,SYNTHETIC,64558,3135,2500,0,125.4,33.6,58.8,24,105.0,158.5,55,,411,1,-30.02918,-51.21732,Porto Alegre,parked,maintenance,1000,125.4
TLM02026,CUST0203,VEH0003,CONTR0203,2026-09-03T17:01:00,SYNTHETIC,65480,3688,2500,0,147.5,38.1,71.7,23,113.0,197.5,58,,433,2,-29.98597,-51.23948,Porto Alegre,parked,none,2500,147.5
TLM02027,CUST0203,VEH0003,CONTR0203,2026-09-10T17:56:00,SYNTHETIC,66415,3740,2500,0,149.6,41.1,45.4,37,66.1,212.3,71,,531,0,-29.98613,-51.15698,Porto Alegre,parked,maintenance,1000,149.6
TLM02028,CUST0203,VEH0003,CONTR0203,2026-09-17T10:51:00,SYNTHETIC,67268,3412,2500,0,136.5,49.2,70.4,22,85.8,195.9,31,,231,2,-29.97926,-51.14057,Porto Alegre,parked,none,4000,136.5
TLM02029,CUST0203,VEH0003,CONTR0203,2026-09-24T09:55:00,SYNTHETIC,68257,3956,2500,0,158.2,49.9,41.2,43,49.5,230.8,24,,179,1,-30.1178,-51.19069,Porto Alegre,moving,none,4000,158.2
TLM02030,CUST0203,VEH0003,CONTR0203,2026-10-01T12:02:00,SYNTHETIC,68945,2753,2500,0,110.1,58.9,40.6,30,41.4,158.7,55,,411,0,-30.00222,-51.18498,Porto Alegre,parked,low_fuel,350,110.1
TLM02031,CUST0204,VEH0004,CONTR0204,2026-07-30T07:12:00,SYNTHETIC,55702,586,1200,614,48.8,58.0,28.7,9,29.7,42.1,85,,493,0,-15.7144,-47.89011,Brasília,parked,none,700,48.8
TLM02032,CUST0204,VEH0004,CONTR0204,2026-08-06T11:37:00,SYNTHETIC,55792,362,1200,838,30.2,59.9,44.5,3,44.6,30.1,51,,295,0,-15.81397,-47.82443,Brasília,moving,none,1000,30.2
TLM02033,CUST0204,VEH0004,CONTR0204,2026-08-13T07:23:00,SYNTHETIC,55927,540,1200,660,45.0,55.0,7.1,34,7.7,40.8,37,,214,0,-15.73106,-47.84248,Brasília,parked,none,4000,45.0
TLM02034,CUST0204,VEH0004,CONTR0204,2026-08-20T08:08:00,SYNTHETIC,56055,513,1200,687,42.8,47.8,9.0,25,11.3,36.9,76,,440,0,-15.71793,-47.84322,Brasília,parked,none,2500,42.8
TLM02035,CUST0204,VEH0004,CONTR0204,2026-08-27T15:47:00,SYNTHETIC,56159,419,1200,781,34.9,41.8,10.2,18,14.7,35.9,26,,150,0,-15.69189,-47.79171,Brasília,moving,none,350,34.9
TLM02036,CUST0204,VEH0004,CONTR0204,2026-09-03T11:57:00,SYNTHETIC,56280,486,1200,714,40.5,40.5,9.4,23,13.9,36.4,94,,545,0,-15.77214,-47.86059,Brasília,moving,low_fuel,1500,40.5
TLM02037,CUST0204,VEH0004,CONTR0204,2026-09-10T11:39:00,SYNTHETIC,56400,483,1200,717,40.2,37.9,12.3,17,19.5,40.4,34,,197,0,-15.8322,-47.83676,Brasília,moving,low_fuel,350,40.2
TLM02038,CUST0204,VEH0004,CONTR0204,2026-09-17T11:39:00,SYNTHETIC,56482,328,1200,872,27.3,35.6,10.5,14,17.7,26.5,54,,313,0,-15.76191,-47.85172,Brasília,parked,none,2500,27.3
TLM02039,CUST0204,VEH0004,CONTR0204,2026-09-24T12:07:00,SYNTHETIC,56617,540,1200,660,45.0,52.2,34.3,7,39.5,44.4,53,,307,0,-15.71409,-47.93086,Brasília,parked,none,1000,45.0
TLM02040,CUST0204,VEH0004,CONTR0204,2026-10-01T12:06:00,SYNTHETIC,56747,520,1200,680,43.3,45.4,9.4,25,12.5,39.0,56,,324,0,-15.77525,-47.92383,Brasília,parked,maintenance,1500,43.3
TLM02041,CUST0205,VEH0005,CONTR0205,2026-07-30T06:54:00,SYNTHETIC,57645,1552,1200,0,129.3,61.7,72.5,9,70.5,144.2,23,,115,0,-12.9309,-38.49497,Salvador,parked,none,1500,129.3
TLM02042,CUST0205,VEH0005,CONTR0205,2026-08-06T06:07:00,SYNTHETIC,57912,1069,1200,131,89.1,31.9,41.6,11,78.2,100.3,52,,261,0,-12.99746,-38.57255,Salvador,moving,none,350,89.1
TLM02043,CUST0205,VEH0005,CONTR0205,2026-08-13T06:31:00,SYNTHETIC,58383,1886,1200,0,157.2,61.5,26.1,32,25.5,178.1,90,,451,0,-13.02347,-38.4624,Salvador,parked,km_limit,1000,157.2
TLM02044,CUST0205,VEH0005,CONTR0205,2026-08-20T20:09:00,SYNTHETIC,58741,1433,1200,0,119.4,30.0,55.4,11,111.0,126.5,34,,170,0,-12.99956,-38.47342,Salvador,parked,low_fuel,1000,119.4
TLM02045,CUST0205,VEH0005,CONTR0205,2026-08-27T08:41:00,SYNTHETIC,59043,1211,1200,0,100.9,41.4,63.4,8,91.8,111.4,79,,396,0,-12.88014,-38.49801,Salvador,charging,none,4000,100.9
TLM02046,CUST0205,VEH0005,CONTR0205,2026-09-03T18:55:00,SYNTHETIC,59298,1023,1200,177,85.2,54.2,53.7,8,59.5,90.1,18,,90,0,-12.91229,-38.59583,Salvador,parked,low_fuel,700,85.2
TLM02047,CUST0205,VEH0005,CONTR0205,2026-09-10T13:55:00,SYNTHETIC,59677,1519,1200,0,126.6,28.5,47.4,14,99.9,129.5,91,,456,0,-12.92122,-38.44761,Salvador,moving,km_limit,1500,126.6
TLM02048,CUST0205,VEH0005,CONTR0205,2026-09-17T06:50:00,SYNTHETIC,60126,1797,1200,0,149.8,30.0,40.7,20,81.4,167.9,55,,276,0,-13.0315,-38.52622,Salvador,parked,low_fuel,2500,149.8
TLM02049,CUST0205,VEH0005,CONTR0205,2026-09-24T06:51:00,SYNTHETIC,60448,1291,1200,0,107.6,29.7,35.9,16,72.7,109.3,42,,210,0,-12.91531,-38.55148,Salvador,parked,none,1000,107.6
TLM02050,CUST0205,VEH0005,CONTR0205,2026-10-01T11:15:00,SYNTHETIC,60836,1554,1200,0,129.5,37.7,54.1,13,86.1,143.9,85,,426,0,-12.96083,-38.50954,Salvador,moving,maintenance,700,129.5
TLM02051,CUST0206,VEH0006,CONTR0206,2026-07-30T16:47:00,SYNTHETIC,69883,1122,1500,378,74.8,45.8,49.6,10,64.9,112.4,33,,166,0,-23.62242,-46.67845,São Paulo,parked,none,4000,74.8
TLM02052,CUST0206,VEH0006,CONTR0206,2026-08-06T22:55:00,SYNTHETIC,70170,1151,1500,349,76.7,54.2,49.8,10,55.2,116.2,18,,91,0,-23.63991,-46.60891,São Paulo,parked,none,700,76.7
TLM02053,CUST0206,VEH0006,CONTR0206,2026-08-13T12:09:00,SYNTHETIC,70553,1534,1500,0,102.3,58.9,32.8,21,33.5,141.6,65,,328,0,-23.51386,-46.64397,São Paulo,moving,low_fuel,2500,102.3
TLM02054,CUST0206,VEH0006,CONTR0206,2026-08-20T14:33:00,SYNTHETIC,70980,1710,1500,0,114.0,42.0,27.5,28,39.3,158.8,67,,339,0,-23.5974,-46.65233,São Paulo,parked,low_fuel,1500,114.0
TLM02055,CUST0206,VEH0006,CONTR0206,2026-08-27T20:21:00,SYNTHETIC,71235,1020,1500,480,68.0,35.9,43.6,10,72.9,87.4,66,,333,0,-23.61109,-46.70208,São Paulo,parked,none,700,68.0
TLM02056,CUST0206,VEH0006,CONTR0206,2026-09-03T14:16:00,SYNTHETIC,71577,1369,1500,131,91.3,32.1,23.6,26,44.0,121.6,80,,404,0,-23.53844,-46.66989,São Paulo,moving,none,350,91.3
TLM02057,CUST0206,VEH0006,CONTR0206,2026-09-10T18:07:00,SYNTHETIC,71836,1037,1500,463,69.1,38.6,16.5,28,25.6,93.6,23,,116,0,-23.65,-46.6672,São Paulo,moving,km_limit,350,69.1
TLM02058,CUST0206,VEH0006,CONTR0206,2026-09-17T06:50:00,SYNTHETIC,72120,1136,1500,364,75.7,40.8,10.4,49,15.3,107.3,66,,333,0,-23.61306,-46.6747,São Paulo,parked,low_fuel,4000,75.7
TLM02059,CUST0206,VEH0006,CONTR0206,2026-09-24T22:48:00,SYNTHETIC,72456,1345,1500,155,89.7,39.9,18.7,32,28.0,130.4,79,,399,0,-23.62544,-46.59318,São Paulo,parked,km_limit,700,89.7
TLM02060,CUST0206,VEH0006,CONTR0206,2026-10-01T14:40:00,SYNTHETIC,72927,1884,1500,0,125.6,35.9,28.2,30,47.1,191.3,18,,91,0,-23.55656,-46.68414,São Paulo,moving,none,700,125.6
TLM02061,CUST0207,VEH0007,CONTR0207,2026-07-30T19:41:00,SYNTHETIC,79464,797,800,3,99.6,41.9,26.8,13,38.3,70.2,15,,84,0,-15.71474,-47.92255,Brasília,parked,none,350,99.6
TLM02062,CUST0207,VEH0007,CONTR0207,2026-08-06T09:41:00,SYNTHETIC,79768,1219,800,0,152.4,60.9,24.4,22,24.1,121.1,49,,274,0,-15.73429,-47.79236,Brasília,parked,none,4000,152.4
TLM02063,CUST0207,VEH0007,CONTR0207,2026-08-13T07:37:00,SYNTHETIC,80058,1160,800,0,145.0,35.1,45.1,11,77.2,107.2,62,,347,0,-15.81947,-47.83823,Brasília,parked,low_fuel,4000,145.0
TLM02064,CUST0207,VEH0007,CONTR0207,2026-08-20T19:43:00,SYNTHETIC,80366,1235,800,0,154.4,47.9,18.7,30,23.4,127.4,92,,516,0,-15.72445,-47.88919,Brasília,parked,none,2500,154.4
TLM02065,CUST0207,VEH0007,CONTR0207,2026-08-27T22:40:00,SYNTHETIC,80515,598,800,202,74.8,42.0,40.0,6,57.1,55.6,17,,95,0,-15.83115,-47.90338,Brasília,parked,none,700,74.8
TLM02066,CUST0207,VEH0007,CONTR0207,2026-09-03T16:45:00,SYNTHETIC,80820,1222,800,0,152.8,55.6,7.7,72,8.3,123.9,37,,207,0,-15.76573,-47.89324,Brasília,parked,maintenance,1500,152.8
TLM02067,CUST0207,VEH0007,CONTR0207,2026-09-10T19:36:00,SYNTHETIC,81010,763,800,37,95.4,34.2,52.8,6,92.7,70.9,93,,521,0,-15.81876,-47.92479,Brasília,moving,km_limit,4000,95.4
TLM02068,CUST0207,VEH0007,CONTR0207,2026-09-17T21:21:00,SYNTHETIC,81277,1069,800,0,133.6,51.7,47.3,10,54.9,108.5,60,,336,0,-15.84448,-47.94566,Brasília,moving,none,1500,133.6
TLM02069,CUST0207,VEH0007,CONTR0207,2026-09-24T12:17:00,SYNTHETIC,81487,840,800,0,105.0,59.6,49.6,7,49.9,88.4,23,,129,0,-15.82248,-47.85411,Brasília,parked,km_limit,4000,105.0
TLM02070,CUST0207,VEH0007,CONTR0207,2026-10-01T12:35:00,SYNTHETIC,81746,1037,800,0,129.6,38.8,15.0,31,23.2,97.5,30,,168,0,-15.83498,-47.92093,Brasília,moving,low_fuel,1500,129.6
TLM02071,CUST0208,VEH0008,CONTR0208,2026-07-30T20:00:00,SYNTHETIC,72703,1130,800,0,141.2,52.4,53.5,9,61.3,100.4,20,,112,0,-8.02603,-34.85946,Recife,moving,none,350,141.2
TLM02072,CUST0208,VEH0008,CONTR0208,2026-08-06T13:02:00,SYNTHETIC,73001,1192,800,0,149.0,49.2,50.2,10,61.2,98.8,66,,372,0,-7.96342,-34.87418,Recife,parked,low_fuel,350,149.0
TLM02073,CUST0208,VEH0008,CONTR0208,2026-08-13T13:20:00,SYNTHETIC,73351,1401,800,0,175.1,38.3,26.7,23,41.9,124.8,51,,287,0,-7.98627,-34.89019,Recife,parked,low_fuel,700,175.1
TLM02074,CUST0208,VEH0008,CONTR0208,2026-08-20T21:45:00,SYNTHETIC,73690,1358,800,0,169.8,58.3,21.5,28,22.1,109.7,36,,203,0,-8.04298,-34.94915,Recife,parked,maintenance,4000,169.8
TLM02075,CUST0208,VEH0008,CONTR0208,2026-08-27T14:40:00,SYNTHETIC,74051,1444,800,0,180.5,32.2,21.9,30,40.7,134.1,68,,383,0,-8.02743,-34.90025,Recife,moving,km_limit,1000,180.5
TLM02076,CUST0208,VEH0008,CONTR0208,2026-09-03T20:02:00,SYNTHETIC,74227,705,800,95,88.1,45.6,16.7,19,22.0,63.2,23,,129,0,-7.99243,-34.93053,Recife,parked,low_fuel,2500,88.1
TLM02077,CUST0208,VEH0008,CONTR0208,2026-09-10T09:04:00,SYNTHETIC,74401,697,800,103,87.1,52.5,8.2,38,9.4,62.4,30,,169,0,-8.05234,-34.9498,Recife,moving,km_limit,350,87.1
TLM02078,CUST0208,VEH0008,CONTR0208,2026-09-17T20:23:00,SYNTHETIC,74705,1216,800,0,152.0,30.8,14.9,37,29.1,105.9,79,,445,0,-7.97241,-34.98642,Recife,parked,none,700,152.0
TLM02079,CUST0208,VEH0008,CONTR0208,2026-09-24T16:45:00,SYNTHETIC,75041,1347,800,0,168.4,44.6,71.6,8,96.2,122.7,81,,456,0,-8.07089,-34.93448,Recife,parked,low_fuel,2500,168.4
TLM02080,CUST0208,VEH0008,CONTR0208,2026-10-01T07:30:00,SYNTHETIC,75298,1030,800,0,128.8,37.9,52.7,8,83.4,96.6,78,,439,0,-8.0108,-34.87203,Recife,parked,none,1500,128.8
TLM02081,CUST0209,VEH0009,CONTR0209,2026-07-30T11:48:00,SYNTHETIC,49844,791,1000,209,79.1,39.4,10.6,33,16.2,61.4,86,,503,0,-15.84671,-47.85861,Brasília,charging,maintenance,350,79.1
TLM02082,CUST0209,VEH0009,CONTR0209,2026-08-06T17:58:00,SYNTHETIC,50006,651,1000,349,65.1,41.9,25.9,11,37.1,57.6,33,,193,0,-15.75824,-47.90338,Brasília,maintenance,km_limit,2500,65.1
TLM02083,CUST0209,VEH0009,CONTR0209,2026-08-13T22:08:00,SYNTHETIC,50316,1243,1000,0,124.3,50.0,23.7,23,28.4,96.0,54,,315,0,-15.71726,-47.81293,Brasília,moving,low_fuel,1500,124.3
TLM02084,CUST0209,VEH0009,CONTR0209,2026-08-20T07:51:00,SYNTHETIC,50469,615,1000,385,61.5,51.2,42.5,6,49.8,46.9,90,,526,0,-15.83392,-47.85267,Brasília,moving,km_limit,350,61.5
TLM02085,CUST0209,VEH0009,CONTR0209,2026-08-27T11:02:00,SYNTHETIC,50741,1091,1000,0,109.1,53.6,26.4,18,29.6,96.2,70,,409,0,-15.79348,-47.8014,Brasília,parked,none,2500,109.1
TLM02086,CUST0209,VEH0009,CONTR0209,2026-09-03T10:43:00,SYNTHETIC,50899,632,1000,368,63.2,60.8,49.6,5,49.0,50.6,79,,462,0,-15.76203,-47.86627,Brasília,parked,maintenance,1000,63.2
TLM02087,CUST0209,VEH0009,CONTR0209,2026-09-10T21:51:00,SYNTHETIC,51154,1021,1000,0,102.1,57.4,51.8,8,54.1,80.8,67,,391,0,-15.82745,-47.79774,Brasília,parked,none,1000,102.1
TLM02088,CUST0209,VEH0009,CONTR0209,2026-09-17T22:10:00,SYNTHETIC,51381,909,1000,91,90.9,43.0,26.9,15,37.6,75.3,50,,292,0,-15.79293,-47.86442,Brasília,parked,low_fuel,350,90.9
TLM02089,CUST0209,VEH0009,CONTR0209,2026-09-24T16:48:00,SYNTHETIC,51628,988,1000,12,98.8,47.6,6.2,72,7.8,90.6,20,,117,0,-15.85209,-47.91203,Brasília,moving,none,700,98.8
TLM02090,CUST0209,VEH0009,CONTR0209,2026-10-01T18:42:00,SYNTHETIC,51966,1355,1000,0,135.5,41.5,54.6,11,78.9,108.3,42,,245,0,-15.72094,-47.89499,Brasília,moving,low_fuel,700,135.5
TLM02091,CUST0210,VEH0010,CONTR0210,2026-07-30T14:49:00,SYNTHETIC,54659,4015,3000,0,133.8,35.6,6.5,280,11.0,363.6,19,,110,0,-23.54543,-46.58888,São Paulo,moving,low_fuel,1500,133.8
TLM02092,CUST0210,VEH0010,CONTR0210,2026-08-06T21:23:00,SYNTHETIC,55162,2014,3000,986,67.1,45.5,13.2,69,17.4,156.7,74,,428,0,-23.64758,-46.65125,São Paulo,parked,low_fuel,1500,67.1
TLM02093,CUST0210,VEH0010,CONTR0210,2026-08-13T19:38:00,SYNTHETIC,55894,2928,3000,72,97.6,49.5,35.1,37,42.5,221.7,60,,347,0,-23.51822,-46.67501,São Paulo,parked,km_limit,700,97.6
TLM02094,CUST0210,VEH0010,CONTR0210,2026-08-20T11:49:00,SYNTHETIC,56480,2347,3000,653,78.2,61.8,12.3,86,12.0,197.7,60,,347,0,-23.5157,-46.62293,São Paulo,parked,km_limit,4000,78.2
TLM02095,CUST0210,VEH0010,CONTR0210,2026-08-27T12:06:00,SYNTHETIC,57450,3882,3000,0,129.4,56.3,45.9,38,48.9,324.7,37,,214,0,-23.66147,-46.57648,São Paulo,parked,none,700,129.4
TLM02096,CUST0210,VEH0010,CONTR0210,2026-09-03T15:09:00,SYNTHETIC,58379,3719,3000,0,124.0,52.9,41.0,41,46.5,283.4,84,,486,0,-23.56233,-46.66591,São Paulo,parked,maintenance,4000,124.0
TLM02097,CUST0210,VEH0010,CONTR0210,2026-09-10T22:13:00,SYNTHETIC,58950,2287,3000,713,76.2,43.2,19.1,54,26.5,179.6,40,,231,0,-23.58179,-46.64733,São Paulo,parked,none,4000,76.2
TLM02098,CUST0210,VEH0010,CONTR0210,2026-09-17T20:14:00,SYNTHETIC,59962,4051,3000,0,135.0,32.3,37.6,48,69.8,365.5,95,,550,0,-23.59675,-46.61128,São Paulo,parked,none,350,135.0
TLM02099,CUST0210,VEH0010,CONTR0210,2026-09-24T18:34:00,SYNTHETIC,60786,3297,3000,0,109.9,40.6,51.8,28,76.5,285.7,76,,440,0,-23.66448,-46.54971,São Paulo,parked,maintenance,1500,109.9
TLM02100,CUST0210,VEH0010,CONTR0210,2026-10-01T21:42:00,SYNTHETIC,61410,2498,3000,502,83.3,56.7,23.5,48,24.8,200.8,33,,191,0,-23.55565,-46.57942,São Paulo,parked,none,350,83.3
TLM02101,CUST0211,VEH0011,CONTR0211,2026-07-30T19:33:00,SYNTHETIC,26226,2413,3000,587,80.4,35.0,13.1,83,22.5,223.6,40,,224,0,-19.92875,-43.89993,Belo Horizonte,moving,maintenance,4000,80.4
TLM02102,CUST0211,VEH0011,CONTR0211,2026-08-06T20:58:00,SYNTHETIC,26885,2636,3000,364,87.9,46.9,37.1,32,47.5,232.7,43,,241,0,-19.86683,-43.89107,Belo Horizonte,parked,km_limit,2500,87.9
TLM02103,CUST0211,VEH0011,CONTR0211,2026-08-13T19:22:00,SYNTHETIC,27494,2436,3000,564,81.2,40.7,17.7,62,26.1,194.8,80,,449,0,-19.88578,-43.87391,Belo Horizonte,parked,low_fuel,1000,81.2
TLM02104,CUST0211,VEH0011,CONTR0211,2026-08-20T07:25:00,SYNTHETIC,28108,2457,3000,543,81.9,28.4,27.4,40,57.8,230.0,82,,460,0,-19.91004,-43.96291,Belo Horizonte,moving,low_fuel,1500,81.9
TLM02105,CUST0211,VEH0011,CONTR0211,2026-08-27T17:46:00,SYNTHETIC,28718,2442,3000,558,81.4,38.1,33.8,32,53.3,220.1,69,,387,0,-19.91494,-43.85612,Belo Horizonte,moving,none,700,81.4
TLM02106,CUST0211,VEH0011,CONTR0211,2026-09-03T18:15:00,SYNTHETIC,29338,2483,3000,517,82.8,33.0,29.0,38,52.8,201.8,28,,157,0,-19.86823,-43.92793,Belo Horizonte,moving,none,1000,82.8
TLM02107,CUST0211,VEH0011,CONTR0211,2026-09-10T12:35:00,SYNTHETIC,29984,2586,3000,414,86.2,48.3,18.6,63,23.1,217.7,91,,511,0,-19.92338,-43.94735,Belo Horizonte,parked,none,1000,86.2
TLM02108,CUST0211,VEH0011,CONTR0211,2026-09-17T12:02:00,SYNTHETIC,30632,2595,3000,405,86.5,50.5,24.0,49,28.5,206.6,22,,123,0,-20.00487,-43.88048,Belo Horizonte,moving,km_limit,2500,86.5
TLM02109,CUST0211,VEH0011,CONTR0211,2026-09-24T11:22:00,SYNTHETIC,31314,2731,3000,269,91.0,60.1,52.1,23,52.0,232.0,63,,354,0,-19.89571,-43.89352,Belo Horizonte,parked,low_fuel,700,91.0
TLM02110,CUST0211,VEH0011,CONTR0211,2026-10-01T12:38:00,SYNTHETIC,32007,2772,3000,228,92.4,33.8,41.8,30,74.2,230.9,79,,443,0,-19.85669,-43.93044,Belo Horizonte,parked,none,1500,92.4
TLM02111,CUST0212,VEH0012,CONTR0212,2026-07-30T06:47:00,SYNTHETIC,17902,1262,1200,0,105.2,29.1,6.5,88,13.4,117.7,70,,394,0,-3.75191,-38.42742,Fortaleza,parked,low_fuel,1500,105.2
TLM02112,CUST0212,VEH0012,CONTR0212,2026-08-06T12:42:00,SYNTHETIC,18178,1107,1200,93,92.2,38.3,43.0,11,67.3,107.8,86,,484,0,-3.74765,-38.52643,Fortaleza,parked,low_fuel,2500,92.2
TLM02113,CUST0212,VEH0012,CONTR0212,2026-08-13T12:31:00,SYNTHETIC,18576,1594,1200,0,132.8,31.1,54.6,13,105.3,155.9,93,,523,0,-3.80721,-38.51724,Fortaleza,parked,none,4000,132.8
TLM02114,CUST0212,VEH0012,CONTR0212,2026-08-20T17:48:00,SYNTHETIC,18935,1438,1200,0,119.8,50.3,23.9,27,28.5,144.7,28,,157,0,-3.74416,-38.5441,Fortaleza,moving,none,350,119.8
TLM02115,CUST0212,VEH0012,CONTR0212,2026-08-27T20:49:00,SYNTHETIC,19217,1128,1200,72,94.0,47.5,20.7,24,26.1,112.8,42,,236,0,-3.73483,-38.5745,Fortaleza,parked,none,4000,94.0
TLM02116,CUST0212,VEH0012,CONTR0212,2026-09-03T18:27:00,SYNTHETIC,19604,1550,1200,0,129.2,52.2,12.4,56,14.3,155.8,18,,101,0,-3.76753,-38.42563,Fortaleza,parked,none,4000,129.2
TLM02117,CUST0212,VEH0012,CONTR0212,2026-09-10T22:15:00,SYNTHETIC,19887,1134,1200,66,94.5,55.2,20.8,24,22.7,103.6,26,,146,0,-3.66642,-38.53986,Fortaleza,parked,maintenance,2500,94.5
TLM02118,CUST0212,VEH0012,CONTR0212,2026-09-17T18:10:00,SYNTHETIC,20150,1053,1200,147,87.8,48.6,25.8,18,31.8,93.7,42,,236,0,-3.70318,-38.57437,Fortaleza,moving,none,2500,87.8
TLM02119,CUST0212,VEH0012,CONTR0212,2026-09-24T11:16:00,SYNTHETIC,20449,1198,1200,2,99.8,47.4,35.0,15,44.3,114.4,50,,281,0,-3.67384,-38.5359,Fortaleza,parked,low_fuel,1500,99.8
TLM02120,CUST0212,VEH0012,CONTR0212,2026-10-01T09:43:00,SYNTHETIC,20713,1057,1200,143,88.1,46.0,35.1,13,45.9,91.3,29,,163,0,-3.76578,-38.57846,Fortaleza,moving,low_fuel,700,88.1
TLM02121,CUST0213,VEH0013,CONTR0213,2026-07-30T15:24:00,SYNTHETIC,64527,1203,1500,297,80.2,45.7,8.2,66,10.8,100.6,54,,299,0,-27.63309,-48.47638,Florianópolis,parked,maintenance,1500,80.2
TLM02122,CUST0213,VEH0013,CONTR0213,2026-08-06T09:42:00,SYNTHETIC,64826,1196,1500,304,79.7,44.2,18.7,29,25.4,98.9,70,,388,0,-27.58277,-48.60802,Florianópolis,moving,maintenance,4000,79.7
TLM02123,CUST0213,VEH0013,CONTR0213,2026-08-13T16:22:00,SYNTHETIC,65167,1365,1500,135,91.0,55.6,8.2,75,8.8,124.2,88,,488,0,-27.61324,-48.55573,Florianópolis,parked,km_limit,4000,91.0
TLM02124,CUST0213,VEH0013,CONTR0213,2026-08-20T16:33:00,SYNTHETIC,65773,2426,1500,0,161.7,30.4,33.6,32,66.3,215.9,20,,111,0,-27.60509,-48.58675,Florianópolis,parked,none,1000,161.7
TLM02125,CUST0213,VEH0013,CONTR0213,2026-08-27T16:20:00,SYNTHETIC,66350,2311,1500,0,154.1,42.1,41.0,25,58.4,196.1,27,,149,0,-27.58157,-48.4985,Florianópolis,moving,maintenance,700,154.1
TLM02126,CUST0213,VEH0013,CONTR0213,2026-09-03T08:11:00,SYNTHETIC,66836,1944,1500,0,129.6,54.7,29.6,29,32.5,178.1,16,,88,0,-27.56455,-48.49143,Florianópolis,parked,none,350,129.6
TLM02127,CUST0213,VEH0013,CONTR0213,2026-09-10T08:38:00,SYNTHETIC,67147,1247,1500,253,83.1,46.4,50.6,11,65.5,109.2,64,,355,0,-27.65421,-48.53022,Florianópolis,parked,low_fuel,4000,83.1
TLM02128,CUST0213,VEH0013,CONTR0213,2026-09-17T09:42:00,SYNTHETIC,67492,1382,1500,118,92.1,41.6,44.4,14,64.0,116.6,60,,333,0,-27.57136,-48.49144,Florianópolis,moving,none,1000,92.1
TLM02129,CUST0213,VEH0013,CONTR0213,2026-09-24T06:34:00,SYNTHETIC,68099,2430,1500,0,162.0,42.0,27.5,40,39.2,210.5,78,,432,0,-27.69961,-48.57134,Florianópolis,parked,km_limit,350,162.0
TLM02130,CUST0213,VEH0013,CONTR0213,2026-10-01T17:01:00,SYNTHETIC,68589,1960,1500,0,130.7,34.9,14.0,63,24.0,181.1,86,,477,0,-27.62298,-48.47525,Florianópolis,moving,low_fuel,4000,130.7
TLM02131,CUST0214,VEH0014,CONTR0214,2026-07-30T17:10:00,SYNTHETIC,60568,730,1200,470,60.8,60.7,16.8,19,16.6,61.5,24,,146,0,-15.68912,-47.94617,Brasília,parked,none,700,60.8
TLM02132,CUST0214,VEH0014,CONTR0214,2026-08-06T08:59:00,SYNTHETIC,60913,1382,1200,0,115.2,55.5,8.0,78,8.7,99.8,42,,257,0,-15.69437,-47.87354,Brasília,parked,low_fuel,1500,115.2
TLM02133,CUST0214,VEH0014,CONTR0214,2026-08-13T08:44:00,SYNTHETIC,61151,952,1200,248,79.3,33.3,28.0,15,50.5,76.1,64,,391,0,-15.6961,-47.80134,Brasília,moving,none,1500,79.3
TLM02134,CUST0214,VEH0014,CONTR0214,2026-08-20T17:04:00,SYNTHETIC,61403,1008,1200,192,84.0,61.2,12.4,36,12.2,72.5,44,,269,0,-15.77431,-47.87444,Brasília,moving,km_limit,350,84.0
TLM02135,CUST0214,VEH0014,CONTR0214,2026-08-27T10:55:00,SYNTHETIC,61591,752,1200,448,62.7,46.8,8.4,40,10.7,61.3,84,,514,0,-15.73609,-47.84969,Brasília,moving,none,350,62.7
TLM02136,CUST0214,VEH0014,CONTR0214,2026-09-03T22:49:00,SYNTHETIC,61898,1230,1200,0,102.5,56.7,51.4,10,54.4,91.6,38,,232,0,-15.76375,-47.8376,Brasília,moving,none,1000,102.5
TLM02137,CUST0214,VEH0014,CONTR0214,2026-09-10T22:44:00,SYNTHETIC,62153,1020,1200,180,85.0,33.1,11.6,39,21.1,77.4,58,,354,0,-15.74615,-47.81749,Brasília,moving,km_limit,2500,85.0
TLM02138,CUST0214,VEH0014,CONTR0214,2026-09-17T15:22:00,SYNTHETIC,62322,676,1200,524,56.3,47.8,25.0,12,31.3,49.4,66,,403,0,-15.83807,-47.92678,Brasília,moving,none,2500,56.3
TLM02139,CUST0214,VEH0014,CONTR0214,2026-09-24T14:49:00,SYNTHETIC,62645,1293,1200,0,107.7,56.6,44.8,13,47.5,92.4,30,,183,0,-15.82649,-47.84265,Brasília,parked,low_fuel,1500,107.7
TLM02140,CUST0214,VEH0014,CONTR0214,2026-10-01T08:44:00,SYNTHETIC,62812,671,1200,529,55.9,36.7,45.0,6,73.6,52.2,20,,122,0,-15.74521,-47.80777,Brasília,moving,low_fuel,2500,55.9
TLM02141,CUST0215,VEH0015,CONTR0215,2026-07-30T18:00:00,SYNTHETIC,77479,614,1200,586,51.2,37.3,33.6,8,54.1,56.1,87,,503,0,-8.03124,-34.85553,Recife,parked,none,1000,51.2
TLM02142,CUST0215,VEH0015,CONTR0215,2026-08-06T18:27:00,SYNTHETIC,77631,610,1200,590,50.8,59.0,7.7,36,7.8,62.3,73,,422,0,-8.03068,-34.95011,Recife,parked,none,1000,50.8
TLM02143,CUST0215,VEH0015,CONTR0215,2026-08-13T14:05:00,SYNTHETIC,77756,503,1200,697,41.9,56.3,34.0,6,36.2,43.8,48,,277,0,-8.07693,-34.87896,Recife,parked,maintenance,700,41.9
TLM02144,CUST0215,VEH0015,CONTR0215,2026-08-20T16:54:00,SYNTHETIC,77857,406,1200,794,33.8,40.2,51.6,3,76.9,42.8,71,,411,0,-8.09525,-34.8636,Recife,parked,none,1500,33.8
TLM02145,CUST0215,VEH0015,CONTR0215,2026-08-27T09:25:00,SYNTHETIC,77974,468,1200,732,39.0,53.6,35.6,5,39.9,48.3,59,,341,0,-7.97564,-34.83063,Recife,parked,none,700,39.0
TLM02146,CUST0215,VEH0015,CONTR0215,2026-09-03T06:08:00,SYNTHETIC,78097,495,1200,705,41.2,49.4,12.0,18,14.6,52.1,63,,364,0,-7.97117,-34.83147,Recife,parked,none,2500,41.2
TLM02147,CUST0215,VEH0015,CONTR0215,2026-09-10T18:27:00,SYNTHETIC,78228,527,1200,673,43.9,43.2,25.0,9,34.8,46.7,64,,370,0,-8.12448,-34.95504,Recife,parked,none,1500,43.9
TLM02148,CUST0215,VEH0015,CONTR0215,2026-09-17T21:41:00,SYNTHETIC,78314,345,1200,855,28.7,55.5,25.6,6,27.7,33.4,95,,550,0,-8.11838,-34.92205,Recife,parked,km_limit,4000,28.7
TLM02149,CUST0215,VEH0015,CONTR0215,2026-09-24T21:08:00,SYNTHETIC,78467,614,1200,586,51.2,53.4,46.3,6,52.0,56.5,35,,202,0,-8.09273,-34.87069,Recife,moving,none,350,51.2
TLM02150,CUST0215,VEH0015,CONTR0215,2026-10-01T22:20:00,SYNTHETIC,78555,352,1200,848,29.3,34.1,16.0,10,28.1,31.4,64,,370,0,-8.00652,-34.90178,Recife,parked,none,350,29.3
TLM02151,CUST0216,VEH0016,CONTR0216,2026-07-30T10:00:00,SYNTHETIC,56835,2621,1800,0,145.6,43.4,11.3,105,15.6,192.3,22,,108,0,-15.76136,-47.82894,Brasília,parked,low_fuel,1000,145.6
TLM02152,CUST0216,VEH0016,CONTR0216,2026-08-06T06:21:00,SYNTHETIC,57274,1757,1800,43,97.6,54.1,15.2,52,16.9,109.2,49,,242,0,-15.76349,-47.84156,Brasília,moving,km_limit,1000,97.6
TLM02153,CUST0216,VEH0016,CONTR0216,2026-08-13T08:56:00,SYNTHETIC,57844,2283,1800,0,126.8,36.2,12.2,84,20.2,160.2,30,,148,0,-15.83801,-47.83374,Brasília,moving,maintenance,350,126.8
TLM02154,CUST0216,VEH0016,CONTR0216,2026-08-20T08:17:00,SYNTHETIC,58255,1644,1800,156,91.3,53.3,41.6,17,46.8,117.0,50,,247,0,-15.72357,-47.84506,Brasília,parked,low_fuel,4000,91.3
TLM02155,CUST0216,VEH0016,CONTR0216,2026-08-27T20:56:00,SYNTHETIC,58875,2481,1800,0,137.8,45.4,19.0,59,25.1,180.4,40,,198,0,-15.72799,-47.87957,Brasília,parked,low_fuel,4000,137.8
TLM02156,CUST0216,VEH0016,CONTR0216,2026-09-03T10:14:00,SYNTHETIC,59455,2322,1800,0,129.0,38.3,43.1,24,67.4,143.6,29,,143,0,-15.84667,-47.89552,Brasília,parked,maintenance,1500,129.0
TLM02157,CUST0216,VEH0016,CONTR0216,2026-09-10T18:09:00,SYNTHETIC,60105,2600,1800,0,144.4,58.6,31.3,37,32.1,174.9,16,,79,0,-15.72367,-47.94823,Brasília,parked,low_fuel,350,144.4
TLM02158,CUST0216,VEH0016,CONTR0216,2026-09-17T17:32:00,SYNTHETIC,60805,2802,1800,0,155.7,45.7,36.2,35,47.6,199.9,42,,207,0,-15.78575,-47.81867,Brasília,parked,none,4000,155.7
TLM02159,CUST0216,VEH0016,CONTR0216,2026-09-24T10:12:00,SYNTHETIC,61457,2609,1800,0,144.9,57.5,26.4,44,27.6,184.8,53,,262,0,-15.74167,-47.81551,Brasília,parked,maintenance,2500,144.9
TLM02160,CUST0216,VEH0016,CONTR0216,2026-10-01T09:04:00,SYNTHETIC,61825,1472,1800,328,81.8,38.6,42.6,15,66.3,91.6,56,,277,0,-15.71766,-47.81905,Brasília,parked,none,700,81.8
TLM02161,CUST0217,VEH0017,CONTR0217,2026-07-30T11:32:00,SYNTHETIC,29871,1674,1500,0,111.6,61.5,24.8,30,24.2,142.1,85,,488,0,-25.385,-49.31639,Curitiba,maintenance,maintenance,4000,111.6
TLM02162,CUST0217,VEH0017,CONTR0217,2026-08-06T21:19:00,SYNTHETIC,30300,1716,1500,0,114.4,40.9,33.2,23,48.6,136.1,31,,178,0,-25.4876,-49.23039,Curitiba,parked,maintenance,2500,114.4
TLM02163,CUST0217,VEH0017,CONTR0217,2026-08-13T17:38:00,SYNTHETIC,30743,1774,1500,0,118.3,29.9,39.4,20,79.0,145.7,42,,241,0,-25.50862,-49.28237,Curitiba,parked,km_limit,4000,118.3
TLM02164,CUST0217,VEH0017,CONTR0217,2026-08-20T14:14:00,SYNTHETIC,31146,1613,1500,0,107.5,50.3,10.4,70,12.4,150.4,25,,143,0,-25.53834,-49.21075,Curitiba,moving,low_fuel,1000,107.5
TLM02165,CUST0217,VEH0017,CONTR0217,2026-08-27T17:45:00,SYNTHETIC,31560,1658,1500,0,110.5,37.7,17.5,43,27.9,153.0,91,,523,0,-25.46513,-49.2984,Curitiba,moving,none,1500,110.5
TLM02166,CUST0217,VEH0017,CONTR0217,2026-09-03T13:56:00,SYNTHETIC,32013,1813,1500,0,120.9,56.9,14.5,56,15.3,146.3,61,,350,0,-25.49469,-49.2489,Curitiba,parked,none,700,120.9
TLM02167,CUST0217,VEH0017,CONTR0217,2026-09-10T13:18:00,SYNTHETIC,32469,1827,1500,0,121.8,43.9,14.2,58,19.4,167.4,41,,235,0,-25.49071,-49.24586,Curitiba,parked,none,4000,121.8
TLM02168,CUST0217,VEH0017,CONTR0217,2026-09-17T08:53:00,SYNTHETIC,32915,1785,1500,0,119.0,55.7,55.5,14,59.8,159.7,82,,471,0,-25.38974,-49.25992,Curitiba,moving,maintenance,2500,119.0
TLM02169,CUST0217,VEH0017,CONTR0217,2026-09-24T14:13:00,SYNTHETIC,33378,1854,1500,0,123.6,58.0,15.7,53,16.3,164.1,34,,195,0,-25.46593,-49.18538,Curitiba,moving,maintenance,1500,123.6
TLM02170,CUST0217,VEH0017,CONTR0217,2026-10-01T11:11:00,SYNTHETIC,33839,1845,1500,0,123.0,47.8,11.1,75,13.9,174.5,42,,241,0,-25.50229,-49.24547,Curitiba,moving,none,350,123.0
TLM02171,CUST0218,VEH0018,CONTR0218,2026-07-30T22:13:00,SYNTHETIC,10638,1080,2000,920,54.0,42.9,20.2,24,28.2,88.5,30,,186,0,-12.90746,-38.45741,Salvador,moving,low_fuel,1000,54.0
TLM02172,CUST0218,VEH0018,CONTR0218,2026-08-06T19:55:00,SYNTHETIC,10836,792,2000,1208,39.6,57.2,18.5,19,19.4,68.4,43,,266,0,-12.87539,-38.42433,Salvador,parked,km_limit,1500,39.6
TLM02173,CUST0218,VEH0018,CONTR0218,2026-08-13T10:07:00,SYNTHETIC,10960,497,2000,1503,24.9,60.9,24.5,9,24.2,45.1,35,,217,0,-12.8966,-38.51734,Salvador,parked,low_fuel,2500,24.9
TLM02174,CUST0218,VEH0018,CONTR0218,2026-08-20T11:30:00,SYNTHETIC,11168,834,2000,1166,41.7,32.1,46.6,8,87.1,68.4,79,,489,0,-12.94617,-38.50445,Salvador,parked,low_fuel,1500,41.7
TLM02175,CUST0218,VEH0018,CONTR0218,2026-08-27T17:41:00,SYNTHETIC,11358,763,2000,1237,38.1,52.1,16.6,20,19.1,62.5,16,,99,0,-12.94127,-38.41214,Salvador,parked,low_fuel,1000,38.1
TLM02176,CUST0218,VEH0018,CONTR0218,2026-09-03T17:14:00,SYNTHETIC,11586,912,2000,1088,45.6,29.2,25.7,16,52.7,81.9,65,,403,0,-13.01995,-38.51392,Salvador,parked,none,350,45.6
TLM02177,CUST0218,VEH0018,CONTR0218,2026-09-10T09:33:00,SYNTHETIC,11751,661,2000,1339,33.1,61.9,31.5,9,30.5,60.1,89,,551,0,-12.92982,-38.38927,Salvador,parked,none,2500,33.1
TLM02178,CUST0218,VEH0018,CONTR0218,2026-09-17T20:35:00,SYNTHETIC,11930,716,2000,1284,35.8,33.2,18.8,17,34.0,57.6,64,,396,0,-12.92592,-38.47049,Salvador,parked,none,4000,35.8
TLM02179,CUST0218,VEH0018,CONTR0218,2026-09-24T09:05:00,SYNTHETIC,12102,688,2000,1312,34.4,52.2,52.0,6,59.8,63.3,47,,291,0,-12.92478,-38.43004,Salvador,parked,maintenance,4000,34.4
TLM02180,CUST0218,VEH0018,CONTR0218,2026-10-01T11:04:00,SYNTHETIC,12371,1078,2000,922,53.9,53.1,46.2,10,52.2,99.6,62,,384,0,-12.93544,-38.46636,Salvador,parked,none,2500,53.9
TLM02181,CUST0219,VEH0019,CONTR0219,2026-07-30T21:25:00,SYNTHETIC,18936,1009,1000,0,100.9,57.0,20.9,21,22.0,103.5,58,,320,0,-8.05056,-34.88348,Recife,parked,none,354,100.9
TLM02182,CUST0219,VEH0019,CONTR0219,2026-08-06T14:38:00,SYNTHETIC,19228,1169,1000,0,116.9,35.1,60.2,8,102.9,113.8,41,,226,0,-8.11267,-34.91126,Recife,parked,km_limit,145,116.9
TLM02183,CUST0219,VEH0019,CONTR0219,2026-08-13T21:54:00,SYNTHETIC,19680,1808,1000,0,180.8,28.8,44.3,18,92.4,180.2,53,,292,0,-8.10351,-34.93455,Recife,parked,low_fuel,321,180.8
TLM02184,CUST0219,VEH0019,CONTR0219,2026-08-20T08:14:00,SYNTHETIC,20051,1487,1000,0,148.7,44.7,35.0,19,47.0,142.9,18,,99,0,-8.02678,-34.91314,Recife,parked,none,148,148.7
TLM02185,CUST0219,VEH0019,CONTR0219,2026-08-27T08:16:00,SYNTHETIC,20250,797,1000,203,79.7,37.6,57.7,6,92.0,77.4,47,,259,0,-7.9655,-34.87004,Recife,moving,none,416,79.7
TLM02186,CUST0219,VEH0019,CONTR0219,2026-09-03T06:19:00,SYNTHETIC,20668,1674,1000,0,167.4,45.8,34.1,22,44.7,175.3,64,,353,0,-7.99007,-34.80971,Recife,parked,low_fuel,335,167.4
TLM02187,CUST0219,VEH0019,CONTR0219,2026-09-10T20:39:00,SYNTHETIC,21012,1376,1000,0,137.6,31.0,73.0,8,141.1,135.5,82,,452,0,-7.97417,-34.90569,Recife,parked,km_limit,113,137.6
TLM02188,CUST0219,VEH0019,CONTR0219,2026-09-17T12:29:00,SYNTHETIC,21309,1190,1000,0,119.0,34.2,10.5,51,18.5,121.7,30,,165,0,-8.09536,-34.91774,Recife,parked,low_fuel,192,119.0
TLM02189,CUST0219,VEH0019,CONTR0219,2026-09-24T21:06:00,SYNTHETIC,21522,855,1000,145,85.5,45.3,33.7,11,44.6,85.6,35,,193,0,-8.01802,-34.84616,Recife,parked,maintenance,285,85.5
TLM02190,CUST0219,VEH0019,CONTR0219,2026-10-01T09:43:00,SYNTHETIC,21953,1726,1000,0,172.6,43.1,21.0,37,29.3,179.7,77,,425,0,-8.07065,-34.85818,Recife,moving,none,103,172.6
TLM02191,CUST0220,VEH0020,CONTR0220,2026-07-30T19:32:00,SYNTHETIC,66354,818,800,0,102.2,35.0,45.6,8,78.2,72.1,67,,402,0,-22.95956,-43.14865,Rio de Janeiro,parked,low_fuel,350,102.2
TLM02192,CUST0220,VEH0020,CONTR0220,2026-08-06T21:12:00,SYNTHETIC,66585,925,800,0,115.6,51.3,26.6,15,31.1,71.2,82,,492,0,-22.86333,-43.14984,Rio de Janeiro,maintenance,low_fuel,1000,115.6
TLM02193,CUST0220,VEH0020,CONTR0220,2026-08-13T19:17:00,SYNTHETIC,66762,708,800,92,88.5,56.2,51.1,6,54.5,60.8,42,,252,0,-22.97056,-43.1506,Rio de Janeiro,moving,none,4000,88.5
TLM02194,CUST0220,VEH0020,CONTR0220,2026-08-20T14:47:00,SYNTHETIC,66900,552,800,248,69.0,44.7,47.1,5,63.3,48.0,59,,354,0,-22.96045,-43.15888,Rio de Janeiro,parked,km_limit,2500,69.0
TLM02195,CUST0220,VEH0020,CONTR0220,2026-08-27T17:22:00,SYNTHETIC,67063,655,800,145,81.9,36.8,34.6,8,56.4,52.6,71,,426,0,-22.8793,-43.10053,Rio de Janeiro,moving,none,4000,81.9
TLM02196,CUST0220,VEH0020,CONTR0220,2026-09-03T17:15:00,SYNTHETIC,67292,918,800,0,114.8,58.8,48.3,8,49.3,79.7,31,,186,0,-22.94318,-43.20285,Rio de Janeiro,parked,none,1000,114.8
TLM02197,CUST0220,VEH0020,CONTR0220,2026-09-10T14:21:00,SYNTHETIC,67480,753,800,47,94.1,37.3,46.8,7,75.3,63.8,65,,390,0,-22.87361,-43.19207,Rio de Janeiro,parked,none,1000,94.1
TLM02198,CUST0220,VEH0020,CONTR0220,2026-09-17T17:14:00,SYNTHETIC,67638,635,800,165,79.4,46.8,52.2,5,66.8,56.5,76,,456,0,-22.92887,-43.19819,Rio de Janeiro,parked,none,2500,79.4
TLM02199,CUST0220,VEH0020,CONTR0220,2026-09-24T18:19:00,SYNTHETIC,67877,957,800,0,119.6,47.7,15.1,28,19.0,82.4,46,,276,0,-22.85785,-43.14601,Rio de Janeiro,parked,maintenance,1500,119.6
TLM02200,CUST0220,VEH0020,CONTR0220,2026-10-01T17:00:00,SYNTHETIC,68025,594,800,206,74.2,54.5,29.3,9,32.2,49.7,22,,132,0,-22.89854,-43.16818,Rio de Janeiro,moving,none,1000,74.2
TLM02201,CUST0221,VEH0021,CONTR0221,2026-07-30T20:40:00,SYNTHETIC,39469,2842,2500,0,113.7,38.7,8.2,156,12.8,0.0,,43,114,8,-8.01185,-34.97884,Recife,parked,battery_low,700,113.7
TLM02202,CUST0221,VEH0021,CONTR0221,2026-08-06T07:15:00,SYNTHETIC,40217,2992,2500,0,119.7,43.9,37.7,36,51.6,0.0,,59,164,6,-8.06993,-34.87466,Recife,moving,battery_low,1500,119.7
TLM02203,CUST0221,VEH0021,CONTR0221,2026-08-13T07:45:00,SYNTHETIC,40773,2224,2500,276,89.0,56.0,33.9,29,36.4,0.0,,85,221,5,-7.95209,-34.91971,Recife,parked,none,2500,89.0
TLM02204,CUST0221,VEH0021,CONTR0221,2026-08-20T16:07:00,SYNTHETIC,41147,1497,2500,1003,59.9,57.8,7.0,96,7.3,0.0,,87,233,7,-8.0422,-34.85552,Recife,moving,none,2500,59.9
TLM02205,CUST0221,VEH0021,CONTR0221,2026-08-27T08:16:00,SYNTHETIC,41876,2917,2500,0,116.7,44.2,37.1,35,50.3,0.0,,50,135,3,-8.06462,-34.86949,Recife,parked,km_limit,350,116.7
TLM02206,CUST0221,VEH0021,CONTR0221,2026-09-03T17:42:00,SYNTHETIC,42506,2521,2500,0,100.8,37.2,52.4,21,84.6,0.0,,92,252,5,-7.9837,-34.90919,Recife,moving,battery_low,350,100.8
TLM02207,CUST0221,VEH0021,CONTR0221,2026-09-10T21:03:00,SYNTHETIC,42863,1430,2500,1070,57.2,53.9,7.4,87,8.3,0.0,,76,218,7,-8.02794,-34.90996,Recife,parked,km_limit,1000,57.2
TLM02208,CUST0221,VEH0021,CONTR0221,2026-09-17T12:36:00,SYNTHETIC,43443,2323,2500,177,92.9,60.0,52.1,20,52.1,0.0,,48,124,6,-8.08731,-34.98178,Recife,parked,battery_low,350,92.9
TLM02209,CUST0221,VEH0021,CONTR0221,2026-09-24T12:58:00,SYNTHETIC,43945,2011,2500,489,80.4,49.9,31.5,28,37.9,0.0,,63,183,1,-7.95874,-34.93208,Recife,parked,battery_low,4000,80.4
TLM02210,CUST0221,VEH0021,CONTR0221,2026-10-01T18:54:00,SYNTHETIC,44483,2155,2500,345,86.2,39.4,40.0,24,60.9,0.0,,26,70,1,-8.00229,-34.99274,Recife,moving,battery_low,350,86.2
TLM02211,CUST0222,VEH0022,CONTR0222,2026-07-30T14:32:00,SYNTHETIC,61402,1573,1800,227,87.4,60.8,31.9,22,31.4,74.5,53,,518,1,-27.48084,-48.51012,Florianópolis,moving,low_fuel,2500,87.4
TLM02212,CUST0222,VEH0022,CONTR0222,2026-08-06T15:56:00,SYNTHETIC,61813,1647,1800,153,91.5,43.7,27.2,27,37.3,79.5,51,,499,2,-27.59391,-48.61831,Florianópolis,moving,none,4000,91.5
TLM02213,CUST0222,VEH0022,CONTR0222,2026-08-13T18:51:00,SYNTHETIC,62173,1442,1800,358,80.1,32.0,28.1,23,52.7,69.7,79,,773,0,-27.47812,-48.59969,Florianópolis,parked,low_fuel,4000,80.1
TLM02214,CUST0222,VEH0022,CONTR0222,2026-08-20T16:47:00,SYNTHETIC,62583,1640,1800,160,91.1,39.1,36.6,20,56.2,78.6,48,,469,1,-27.54186,-48.63517,Florianópolis,maintenance,maintenance,350,91.1
TLM02215,CUST0222,VEH0022,CONTR0222,2026-08-27T07:07:00,SYNTHETIC,62945,1449,1800,351,80.5,49.3,24.2,27,29.5,58.7,58,,567,0,-27.51697,-48.61357,Florianópolis,parked,maintenance,1500,80.5
TLM02216,CUST0222,VEH0022,CONTR0222,2026-09-03T11:58:00,SYNTHETIC,63365,1682,1800,118,93.4,48.6,35.3,21,43.6,77.5,63,,616,0,-27.59654,-48.50305,Florianópolis,parked,none,700,93.4
TLM02217,CUST0222,VEH0022,CONTR0222,2026-09-10T07:51:00,SYNTHETIC,63725,1440,1800,360,80.0,36.3,27.6,23,45.5,66.6,30,,293,1,-27.60708,-48.56493,Florianópolis,parked,low_fuel,1000,80.0
TLM02218,CUST0222,VEH0022,CONTR0222,2026-09-17T15:08:00,SYNTHETIC,64094,1479,1800,321,82.2,61.1,35.9,18,35.2,62.7,86,,841,1,-27.6038,-48.53271,Florianópolis,parked,none,350,82.2
TLM02219,CUST0222,VEH0022,CONTR0222,2026-09-24T09:50:00,SYNTHETIC,64505,1644,1800,156,91.3,51.6,24.8,30,28.9,74.2,22,,215,1,-27.52498,-48.54834,Florianópolis,parked,low_fuel,2500,91.3
TLM02220,CUST0222,VEH0022,CONTR0222,2026-10-01T21:38:00,SYNTHETIC,64929,1699,1800,101,94.4,38.1,20.1,38,31.7,75.6,81,,792,1,-27.56435,-48.60627,Florianópolis,parked,low_fuel,1500,94.4
TLM02221,CUST0223,VEH0023,CONTR0223,2026-07-30T08:34:00,SYNTHETIC,25401,2773,3000,227,92.4,52.4,37.3,33,42.7,0.0,,66,169,1,-22.97549,-47.10968,Campinas,parked,battery_low,1000,92.4
TLM02222,CUST0223,VEH0023,CONTR0223,2026-08-06T16:11:00,SYNTHETIC,26418,4069,3000,0,135.6,57.6,27.4,67,28.5,0.0,,60,170,5,-22.86125,-47.07451,Campinas,parked,maintenance,350,135.6
TLM02223,CUST0223,VEH0023,CONTR0223,2026-08-13T13:03:00,SYNTHETIC,27208,3161,3000,0,105.4,45.9,31.8,45,41.5,0.0,,35,91,5,-22.85068,-47.1131,Campinas,parked,none,2500,105.4
TLM02224,CUST0223,VEH0023,CONTR0223,2026-08-20T09:43:00,SYNTHETIC,28200,3970,3000,0,132.3,56.2,22.1,81,23.6,0.0,,63,162,8,-22.87271,-47.13055,Campinas,parked,km_limit,1500,132.3
TLM02225,CUST0223,VEH0023,CONTR0223,2026-08-27T22:36:00,SYNTHETIC,28908,2834,3000,166,94.5,46.8,34.7,37,44.4,0.0,,39,111,5,-22.97878,-47.09208,Campinas,parked,none,4000,94.5
TLM02226,CUST0223,VEH0023,CONTR0223,2026-09-03T17:50:00,SYNTHETIC,29614,2825,3000,175,94.2,36.1,22.3,57,37.1,0.0,,81,232,6,-22.94421,-47.02129,Campinas,parked,none,2500,94.2
TLM02227,CUST0223,VEH0023,CONTR0223,2026-09-10T10:28:00,SYNTHETIC,30267,2614,3000,386,87.1,57.3,30.9,38,32.4,0.0,,34,96,8,-22.9304,-47.08017,Campinas,parked,none,4000,87.1
TLM02228,CUST0223,VEH0023,CONTR0223,2026-09-17T09:08:00,SYNTHETIC,31331,4257,3000,0,141.9,49.3,51.8,37,62.9,0.0,,59,154,2,-22.96589,-47.06135,Campinas,parked,none,1000,141.9
TLM02229,CUST0223,VEH0023,CONTR0223,2026-09-24T15:55:00,SYNTHETIC,32330,3996,3000,0,133.2,55.6,18.2,99,19.6,0.0,,85,232,0,-22.94763,-47.07466,Campinas,maintenance,none,1500,133.2
TLM02230,CUST0223,VEH0023,CONTR0223,2026-10-01T09:27:00,SYNTHETIC,33204,3499,3000,0,116.6,38.6,39.7,40,61.8,0.0,,78,207,4,-22.93236,-47.10133,Campinas,parked,battery_low,4000,116.6
TLM02231,CUST0224,VEH0024,CONTR0224,2026-07-30T20:27:00,SYNTHETIC,60737,1820,1800,0,101.1,44.6,13.5,61,18.2,131.4,43,,356,1,-22.94897,-43.1869,Rio de Janeiro,parked,none,350,101.1
TLM02232,CUST0224,VEH0024,CONTR0224,2026-08-06T21:25:00,SYNTHETIC,61102,1463,1800,337,81.3,32.2,13.6,48,25.3,114.6,34,,282,1,-22.96278,-43.15791,Rio de Janeiro,parked,low_fuel,700,81.3
TLM02233,CUST0224,VEH0024,CONTR0224,2026-08-13T07:03:00,SYNTHETIC,61606,2019,1800,0,112.2,60.2,40.0,22,39.8,141.0,28,,232,1,-22.96621,-43.13309,Rio de Janeiro,moving,low_fuel,4000,112.2
TLM02234,CUST0224,VEH0024,CONTR0224,2026-08-20T19:35:00,SYNTHETIC,61929,1293,1800,507,71.8,37.9,23.4,25,37.1,104.9,61,,506,1,-22.86744,-43.18058,Rio de Janeiro,moving,none,700,71.8
TLM02235,CUST0224,VEH0024,CONTR0224,2026-08-27T17:48:00,SYNTHETIC,62426,1990,1800,0,110.6,59.5,29.7,30,29.9,161.6,68,,564,1,-23.01921,-43.12859,Rio de Janeiro,parked,none,2500,110.6
TLM02236,CUST0224,VEH0024,CONTR0224,2026-09-03T17:58:00,SYNTHETIC,62702,1105,1800,695,61.4,45.1,43.2,11,57.5,74.7,40,,332,0,-22.96771,-43.2113,Rio de Janeiro,moving,none,1500,61.4
TLM02237,CUST0224,VEH0024,CONTR0224,2026-09-10T07:49:00,SYNTHETIC,62999,1189,1800,611,66.1,49.3,34.4,15,41.9,89.7,43,,356,1,-22.87035,-43.17769,Rio de Janeiro,moving,km_limit,2500,66.1
TLM02238,CUST0224,VEH0024,CONTR0224,2026-09-17T06:05:00,SYNTHETIC,63268,1076,1800,724,59.8,51.1,7.8,62,9.1,81.1,81,,672,2,-23.0151,-43.22726,Rio de Janeiro,parked,none,2500,59.8
TLM02239,CUST0224,VEH0024,CONTR0224,2026-09-24T15:03:00,SYNTHETIC,63577,1238,1800,562,68.8,30.7,11.3,49,22.1,98.2,37,,307,0,-23.01517,-43.17344,Rio de Janeiro,parked,km_limit,700,68.8
TLM02240,CUST0224,VEH0024,CONTR0224,2026-10-01T06:42:00,SYNTHETIC,64055,1914,1800,0,106.3,52.1,52.1,16,60.0,140.2,78,,647,2,-22.91339,-43.24896,Rio de Janeiro,parked,none,350,106.3
TLM02241,CUST0225,VEH0025,CONTR0225,2026-07-30T22:19:00,SYNTHETIC,63844,739,1800,1061,41.1,60.1,54.7,6,54.6,61.0,83,,532,0,-16.75147,-49.14545,Goiânia,parked,none,2500,41.1
TLM02242,CUST0225,VEH0025,CONTR0225,2026-08-06T06:34:00,SYNTHETIC,64062,872,1800,928,48.4,42.0,28.2,14,40.3,77.3,49,,314,0,-16.75959,-49.21371,Goiânia,moving,low_fuel,700,48.4
TLM02243,CUST0225,VEH0025,CONTR0225,2026-08-13T19:19:00,SYNTHETIC,64215,612,1800,1188,34.0,53.3,25.8,10,29.1,53.0,50,,320,0,-16.75283,-49.29091,Goiânia,parked,low_fuel,700,34.0
TLM02244,CUST0225,VEH0025,CONTR0225,2026-08-20T13:28:00,SYNTHETIC,64405,762,1800,1038,42.3,54.1,43.5,7,48.3,72.5,91,,583,0,-16.70178,-49.19152,Goiânia,parked,km_limit,1500,42.3
TLM02245,CUST0225,VEH0025,CONTR0225,2026-08-27T11:19:00,SYNTHETIC,64613,832,1800,968,46.2,46.7,27.7,13,35.6,80.6,49,,314,0,-16.73469,-49.22437,Goiânia,moving,maintenance,2500,46.2
TLM02246,CUST0225,VEH0025,CONTR0225,2026-09-03T16:15:00,SYNTHETIC,64856,974,1800,826,54.1,36.7,46.0,9,75.0,83.1,87,,557,0,-16.7821,-49.24338,Goiânia,parked,low_fuel,2500,54.1
TLM02247,CUST0225,VEH0025,CONTR0225,2026-09-10T06:54:00,SYNTHETIC,65024,674,1800,1126,37.4,50.2,15.6,19,18.6,58.2,34,,217,0,-16.70792,-49.20525,Goiânia,parked,km_limit,4000,37.4
TLM02248,CUST0225,VEH0025,CONTR0225,2026-09-17T11:53:00,SYNTHETIC,65243,879,1800,921,48.8,48.0,25.1,15,31.4,82.1,81,,519,0,-16.77454,-49.17067,Goiânia,moving,none,350,48.8
TLM02249,CUST0225,VEH0025,CONTR0225,2026-09-24T21:08:00,SYNTHETIC,65448,822,1800,978,45.7,50.1,53.8,6,64.4,76.5,49,,314,0,-16.76708,-49.28732,Goiânia,parked,maintenance,1500,45.7
TLM02250,CUST0225,VEH0025,CONTR0225,2026-10-01T08:13:00,SYNTHETIC,65592,576,1800,1224,32.0,52.0,43.9,5,50.6,47.4,64,,410,0,-16.71445,-49.217,Goiânia,moving,low_fuel,4000,32.0
TLM02251,CUST0226,VEH0026,CONTR0226,2026-07-30T18:43:00,SYNTHETIC,73609,1377,2500,1123,55.1,44.9,18.0,34,24.1,127.3,57,,328,0,-23.49996,-46.53112,São Paulo,parked,maintenance,1000,55.1
TLM02252,CUST0226,VEH0026,CONTR0226,2026-08-06T18:35:00,SYNTHETIC,73852,972,2500,1528,38.9,41.6,46.2,9,66.6,89.7,62,,357,0,-23.51965,-46.66478,São Paulo,parked,maintenance,1500,38.9
TLM02253,CUST0226,VEH0026,CONTR0226,2026-08-13T14:40:00,SYNTHETIC,74019,671,2500,1829,26.8,53.0,50.9,5,57.7,58.7,76,,437,0,-23.5871,-46.57718,São Paulo,moving,km_limit,4000,26.8
TLM02254,CUST0226,VEH0026,CONTR0226,2026-08-20T17:12:00,SYNTHETIC,74255,944,2500,1556,37.8,35.6,28.9,14,48.6,78.3,28,,161,0,-23.48672,-46.5455,São Paulo,moving,km_limit,1000,37.8
TLM02255,CUST0226,VEH0026,CONTR0226,2026-08-27T09:55:00,SYNTHETIC,74421,667,2500,1833,26.7,33.1,54.1,5,97.9,56.9,71,,408,0,-23.56898,-46.66533,São Paulo,moving,km_limit,1000,26.7
TLM02256,CUST0226,VEH0026,CONTR0226,2026-09-03T17:40:00,SYNTHETIC,74700,1116,2500,1384,44.6,31.2,53.6,9,103.2,92.2,17,,97,0,-23.61176,-46.63763,São Paulo,parked,km_limit,1000,44.6
TLM02257,CUST0226,VEH0026,CONTR0226,2026-09-10T11:45:00,SYNTHETIC,74962,1049,2500,1451,42.0,29.7,10.3,46,20.8,85.1,39,,224,0,-23.53795,-46.53455,São Paulo,parked,low_fuel,700,42.0
TLM02258,CUST0226,VEH0026,CONTR0226,2026-09-17T07:49:00,SYNTHETIC,75200,952,2500,1548,38.1,52.1,16.0,26,18.5,86.8,90,,518,0,-23.58331,-46.64029,São Paulo,parked,low_fuel,4000,38.1
TLM02259,CUST0226,VEH0026,CONTR0226,2026-09-24T21:02:00,SYNTHETIC,75354,619,2500,1881,24.8,29.4,54.1,5,110.5,55.9,93,,535,0,-23.62186,-46.64926,São Paulo,parked,low_fuel,350,24.8
TLM02260,CUST0226,VEH0026,CONTR0226,2026-10-01T19:23:00,SYNTHETIC,75612,1035,2500,1465,41.4,39.9,50.1,9,75.4,90.9,52,,299,0,-23.52907,-46.67009,São Paulo,parked,low_fuel,2500,41.4
TLM02261,CUST0227,VEH0027,CONTR0227,2026-07-30T16:57:00,SYNTHETIC,67147,563,1000,437,56.3,34.1,36.2,7,63.7,58.0,29,,180,0,-22.84669,-47.02505,Campinas,moving,none,1000,56.3
TLM02262,CUST0227,VEH0027,CONTR0227,2026-08-06T07:27:00,SYNTHETIC,67449,1209,1000,0,120.9,28.2,29.7,18,63.2,132.2,61,,378,0,-22.99122,-47.06126,Campinas,moving,none,350,120.9
TLM02263,CUST0227,VEH0027,CONTR0227,2026-08-13T12:52:00,SYNTHETIC,67742,1172,1000,0,117.2,32.8,25.7,20,47.0,124.6,51,,316,0,-22.92993,-47.11131,Campinas,parked,low_fuel,1000,117.2
TLM02264,CUST0227,VEH0027,CONTR0227,2026-08-20T13:51:00,SYNTHETIC,68048,1226,1000,0,122.6,33.3,19.9,28,35.9,117.4,31,,192,0,-22.98959,-47.09031,Campinas,parked,none,1500,122.6
TLM02265,CUST0227,VEH0027,CONTR0227,2026-08-27T22:01:00,SYNTHETIC,68255,828,1000,172,82.8,29.5,16.9,22,34.3,84.8,67,,416,0,-22.93655,-47.13322,Campinas,parked,none,1000,82.8
TLM02266,CUST0227,VEH0027,CONTR0227,2026-09-03T18:40:00,SYNTHETIC,68450,782,1000,218,78.2,33.1,28.4,12,51.5,75.8,21,,130,0,-22.86085,-47.03693,Campinas,moving,none,4000,78.2
TLM02267,CUST0227,VEH0027,CONTR0227,2026-09-10T07:27:00,SYNTHETIC,68714,1056,1000,0,105.6,31.8,6.4,75,12.0,120.5,70,,434,0,-22.91086,-47.10544,Campinas,charging,km_limit,2500,105.6
TLM02268,CUST0227,VEH0027,CONTR0227,2026-09-17T12:51:00,SYNTHETIC,68986,1090,1000,0,109.0,61.0,10.1,49,9.9,114.4,64,,397,0,-22.97467,-47.11796,Campinas,parked,low_fuel,1500,109.0
TLM02269,CUST0227,VEH0027,CONTR0227,2026-09-24T17:17:00,SYNTHETIC,69156,681,1000,319,68.1,55.3,43.3,7,46.9,77.1,17,,105,0,-22.91875,-47.03906,Campinas,parked,low_fuel,4000,68.1
TLM02270,CUST0227,VEH0027,CONTR0227,2026-10-01T15:12:00,SYNTHETIC,69462,1227,1000,0,122.7,57.6,26.5,21,27.6,127.5,22,,136,0,-22.98027,-47.13919,Campinas,parked,maintenance,1500,122.7
TLM02271,CUST0228,VEH0028,CONTR0228,2026-07-30T16:47:00,SYNTHETIC,9570,1470,1800,330,81.7,34.0,39.5,16,69.7,119.0,82,,464,0,-22.93885,-47.15656,Campinas,parked,low_fuel,1000,81.7
TLM02272,CUST0228,VEH0028,CONTR0228,2026-08-06T07:49:00,SYNTHETIC,9999,1717,1800,83,95.4,57.1,38.0,20,39.9,129.1,54,,306,0,-22.90594,-47.15251,Campinas,moving,maintenance,2500,95.4
TLM02273,CUST0228,VEH0028,CONTR0228,2026-08-13T13:00:00,SYNTHETIC,10420,1685,1800,115,93.6,54.3,41.4,18,45.8,131.1,68,,385,0,-22.906,-47.0471,Campinas,parked,low_fuel,700,93.6
TLM02274,CUST0228,VEH0028,CONTR0228,2026-08-20T18:49:00,SYNTHETIC,10848,1714,1800,86,95.2,43.8,48.7,16,66.6,127.1,84,,476,0,-22.79797,-47.12316,Campinas,parked,none,1000,95.2
TLM02275,CUST0228,VEH0028,CONTR0228,2026-08-27T09:52:00,SYNTHETIC,11170,1289,1800,511,71.6,50.0,10.7,54,12.8,105.4,49,,277,0,-22.92708,-47.04789,Campinas,parked,none,1500,71.6
TLM02276,CUST0228,VEH0028,CONTR0228,2026-09-03T21:05:00,SYNTHETIC,11546,1504,1800,296,83.6,58.5,46.9,14,48.1,117.0,42,,238,0,-22.88466,-47.026,Campinas,parked,low_fuel,4000,83.6
TLM02277,CUST0228,VEH0028,CONTR0228,2026-09-10T09:31:00,SYNTHETIC,12005,1837,1800,0,102.1,31.7,24.6,34,46.5,149.6,19,,107,0,-22.80422,-47.12261,Campinas,parked,maintenance,1000,102.1
TLM02278,CUST0228,VEH0028,CONTR0228,2026-09-17T08:49:00,SYNTHETIC,12535,2123,1800,0,117.9,29.0,40.4,23,83.4,191.7,59,,334,0,-22.89596,-47.03744,Campinas,moving,none,4000,117.9
TLM02279,CUST0228,VEH0028,CONTR0228,2026-09-24T21:01:00,SYNTHETIC,13126,2367,1800,0,131.5,30.5,34.9,30,68.6,214.3,63,,357,0,-22.87345,-47.04635,Campinas,moving,low_fuel,1000,131.5
TLM02280,CUST0228,VEH0028,CONTR0228,2026-10-01T10:47:00,SYNTHETIC,13553,1709,1800,91,94.9,41.1,40.5,19,59.1,149.3,52,,294,0,-22.90306,-47.12807,Campinas,parked,low_fuel,1000,94.9
TLM02281,CUST0229,VEH0029,CONTR0229,2026-07-30T14:25:00,SYNTHETIC,66602,1525,2000,475,76.2,44.9,52.1,13,69.6,136.1,62,,334,0,-8.10007,-34.97732,Recife,parked,maintenance,350,76.2
TLM02282,CUST0229,VEH0029,CONTR0229,2026-08-06T11:26:00,SYNTHETIC,67279,2709,2000,0,135.5,42.5,38.0,32,53.7,258.6,72,,388,0,-8.12469,-34.95871,Recife,parked,maintenance,350,135.5
TLM02283,CUST0229,VEH0029,CONTR0229,2026-08-13T22:55:00,SYNTHETIC,67948,2678,2000,0,133.9,41.0,42.2,28,61.8,267.3,30,,161,0,-7.99044,-34.86098,Recife,moving,km_limit,2500,133.9
TLM02284,CUST0229,VEH0029,CONTR0229,2026-08-20T14:54:00,SYNTHETIC,68605,2631,2000,0,131.5,59.9,16.8,71,16.8,256.8,90,,485,0,-8.03738,-34.84897,Recife,moving,none,4000,131.5
TLM02285,CUST0229,VEH0029,CONTR0229,2026-08-27T22:01:00,SYNTHETIC,69197,2368,2000,0,118.4,29.7,15.6,68,31.6,200.7,66,,355,0,-8.0737,-34.84426,Recife,parked,none,4000,118.4
TLM02286,CUST0229,VEH0029,CONTR0229,2026-09-03T20:08:00,SYNTHETIC,69894,2789,2000,0,139.5,43.7,46.3,27,63.6,272.8,21,,113,0,-8.01723,-34.89826,Recife,parked,none,350,139.5
TLM02287,CUST0229,VEH0029,CONTR0229,2026-09-10T19:01:00,SYNTHETIC,70312,1675,2000,325,83.8,47.1,26.9,28,34.2,157.9,91,,490,0,-7.9746,-34.90736,Recife,parked,none,1500,83.8
TLM02288,CUST0229,VEH0029,CONTR0229,2026-09-17T11:09:00,SYNTHETIC,71137,3302,2000,0,165.1,40.3,40.1,37,59.6,305.6,29,,156,0,-8.12295,-34.84085,Recife,parked,low_fuel,2500,165.1
TLM02289,CUST0229,VEH0029,CONTR0229,2026-09-24T20:51:00,SYNTHETIC,71565,1712,2000,288,85.6,35.0,25.7,30,44.0,167.6,87,,468,0,-8.08369,-34.8944,Recife,parked,low_fuel,4000,85.6
TLM02290,CUST0229,VEH0029,CONTR0229,2026-10-01T22:26:00,SYNTHETIC,72018,1815,2000,185,90.8,29.5,30.3,27,61.6,152.8,74,,398,0,-8.02663,-34.94904,Recife,parked,none,4000,90.8
TLM02291,CUST0230,VEH0030,CONTR0230,2026-07-30T13:23:00,SYNTHETIC,77544,1299,1500,201,86.6,31.8,41.6,14,78.4,68.0,72,,587,1,-22.84921,-43.14158,Rio de Janeiro,parked,km_limit,1500,86.6
TLM02292,CUST0230,VEH0030,CONTR0230,2026-08-06T21:48:00,SYNTHETIC,78062,2074,1500,0,138.3,39.3,33.0,28,50.3,107.5,45,,367,1,-22.96747,-43.18374,Rio de Janeiro,parked,maintenance,1500,138.3
TLM02293,CUST0230,VEH0030,CONTR0230,2026-08-13T09:09:00,SYNTHETIC,78638,2307,1500,0,153.8,48.8,9.0,116,11.1,123.8,47,,383,1,-22.9263,-43.16131,Rio de Janeiro,parked,maintenance,4000,153.8
TLM02294,CUST0230,VEH0030,CONTR0230,2026-08-20T08:15:00,SYNTHETIC,79117,1919,1500,0,127.9,60.7,34.2,25,33.8,99.4,45,,367,2,-22.865,-43.16331,Rio de Janeiro,moving,none,350,127.9
TLM02295,CUST0230,VEH0030,CONTR0230,2026-08-27T16:53:00,SYNTHETIC,79509,1568,1500,0,104.5,41.4,12.5,57,18.1,91.3,76,,620,1,-22.9343,-43.17209,Rio de Janeiro,moving,none,700,104.5
TLM02296,CUST0230,VEH0030,CONTR0230,2026-09-03T09:11:00,SYNTHETIC,79835,1306,1500,194,87.1,51.0,44.0,13,51.8,78.3,47,,383,1,-22.89798,-43.17533,Rio de Janeiro,parked,none,2500,87.1
TLM02297,CUST0230,VEH0030,CONTR0230,2026-09-10T13:05:00,SYNTHETIC,80322,1948,1500,0,129.9,37.9,24.1,36,38.1,106.1,88,,718,0,-22.91686,-43.16624,Rio de Janeiro,parked,none,700,129.9
TLM02298,CUST0230,VEH0030,CONTR0230,2026-09-17T07:20:00,SYNTHETIC,80921,2397,1500,0,159.8,28.3,18.0,60,38.1,135.8,71,,579,1,-22.93523,-43.16267,Rio de Janeiro,parked,low_fuel,4000,159.8
TLM02299,CUST0230,VEH0030,CONTR0230,2026-09-24T15:13:00,SYNTHETIC,81456,2141,1500,0,142.7,54.6,33.6,28,36.9,116.7,41,,334,0,-22.93905,-43.18877,Rio de Janeiro,moving,low_fuel,700,142.7
TLM02300,CUST0230,VEH0030,CONTR0230,2026-10-01T20:10:00,SYNTHETIC,81912,1826,1500,0,121.7,51.7,9.4,88,10.9,97.0,60,,489,0,-22.97931,-43.19638,Rio de Janeiro,moving,none,2500,121.7
TLM02301,CUST0231,VEH0031,CONTR0231,2026-07-30T14:12:00,SYNTHETIC,29819,661,1800,1139,36.7,51.9,24.3,12,28.1,54.6,68,,388,0,-27.67619,-48.59658,Florianópolis,parked,maintenance,700,36.7
TLM02302,CUST0231,VEH0031,CONTR0231,2026-08-06T06:25:00,SYNTHETIC,30056,950,1800,850,52.8,54.9,53.8,8,58.9,81.0,83,,474,0,-27.61648,-48.56909,Florianópolis,parked,none,1000,52.8
TLM02303,CUST0231,VEH0031,CONTR0231,2026-08-13T10:54:00,SYNTHETIC,30249,773,1800,1027,42.9,59.1,19.0,18,19.3,57.2,23,,131,0,-27.63021,-48.49286,Florianópolis,parked,none,350,42.9
TLM02304,CUST0231,VEH0031,CONTR0231,2026-08-20T22:51:00,SYNTHETIC,30448,798,1800,1002,44.3,39.9,47.2,7,71.1,59.6,15,,85,0,-27.69674,-48.52534,Florianópolis,parked,low_fuel,350,44.3
TLM02305,CUST0231,VEH0031,CONTR0231,2026-08-27T13:23:00,SYNTHETIC,30618,681,1800,1119,37.8,58.4,36.5,8,37.5,50.5,34,,194,0,-27.63637,-48.46013,Florianópolis,moving,maintenance,4000,37.8
TLM02306,CUST0231,VEH0031,CONTR0231,2026-09-03T07:54:00,SYNTHETIC,30772,619,1800,1181,34.4,45.1,37.1,7,49.3,45.7,56,,320,0,-27.67792,-48.53936,Florianópolis,parked,km_limit,4000,34.4
TLM02307,CUST0231,VEH0031,CONTR0231,2026-09-10T15:53:00,SYNTHETIC,30974,810,1800,990,45.0,57.6,47.0,7,49.0,62.3,35,,200,0,-27.55757,-48.46728,Florianópolis,moving,none,1500,45.0
TLM02308,CUST0231,VEH0031,CONTR0231,2026-09-17T14:50:00,SYNTHETIC,31225,1006,1800,794,55.9,28.1,14.7,31,31.4,74.7,44,,251,0,-27.6458,-48.49918,Florianópolis,moving,low_fuel,1000,55.9
TLM02309,CUST0231,VEH0031,CONTR0231,2026-09-24T15:14:00,SYNTHETIC,31430,821,1800,979,45.6,47.4,6.2,60,7.8,70.4,25,,143,0,-27.66391,-48.55137,Florianópolis,moving,none,1500,45.6
TLM02310,CUST0231,VEH0031,CONTR0231,2026-10-01T07:26:00,SYNTHETIC,31676,985,1800,815,54.7,49.2,22.7,19,27.7,85.9,75,,429,0,-27.69998,-48.48602,Florianópolis,parked,none,4000,54.7
TLM02311,CUST0232,VEH0032,CONTR0232,2026-07-30T12:21:00,SYNTHETIC,74128,1009,800,0,126.1,30.6,27.6,16,54.2,98.1,60,,324,0,-25.49256,-49.31608,Curitiba,parked,km_limit,350,126.1
TLM02312,CUST0232,VEH0032,CONTR0232,2026-08-06T18:04:00,SYNTHETIC,74262,536,800,264,67.0,34.0,50.7,4,89.4,44.3,28,,151,0,-25.45263,-49.35098,Curitiba,parked,none,1500,67.0
TLM02313,CUST0232,VEH0032,CONTR0232,2026-08-13T12:13:00,SYNTHETIC,74450,752,800,48,94.0,50.6,10.2,33,12.1,69.6,57,,308,0,-25.40605,-49.28808,Curitiba,parked,none,1000,94.0
TLM02314,CUST0232,VEH0032,CONTR0232,2026-08-20T16:35:00,SYNTHETIC,74694,979,800,0,122.4,32.8,22.7,19,41.5,94.3,23,,124,0,-25.49526,-49.25415,Curitiba,moving,km_limit,1000,122.4
TLM02315,CUST0232,VEH0032,CONTR0232,2026-08-27T15:37:00,SYNTHETIC,74872,713,800,87,89.1,44.1,14.4,22,19.5,57.5,57,,308,0,-25.48538,-49.34394,Curitiba,parked,low_fuel,700,89.1
TLM02316,CUST0232,VEH0032,CONTR0232,2026-09-03T22:07:00,SYNTHETIC,75010,555,800,245,69.4,51.3,37.9,6,44.3,45.8,89,,481,0,-25.46748,-49.31216,Curitiba,parked,none,2500,69.4
TLM02317,CUST0232,VEH0032,CONTR0232,2026-09-10T09:18:00,SYNTHETIC,75164,617,800,183,77.1,45.4,23.7,11,31.3,56.8,88,,476,0,-25.37715,-49.29169,Curitiba,moving,none,2500,77.1
TLM02318,CUST0232,VEH0032,CONTR0232,2026-09-17T10:03:00,SYNTHETIC,75424,1041,800,0,130.1,56.2,46.2,10,49.4,83.5,72,,389,0,-25.41483,-49.27667,Curitiba,moving,none,1000,130.1
TLM02319,CUST0232,VEH0032,CONTR0232,2026-09-24T15:34:00,SYNTHETIC,75592,673,800,127,84.1,49.0,30.7,9,37.5,65.0,65,,351,0,-25.50205,-49.27085,Curitiba,parked,none,1500,84.1
TLM02320,CUST0232,VEH0032,CONTR0232,2026-10-01T19:19:00,SYNTHETIC,75857,1062,800,0,132.8,48.4,18.1,26,22.5,91.8,56,,302,0,-25.36086,-49.24662,Curitiba,parked,none,2500,132.8
TLM02321,CUST0233,VEH0033,CONTR0233,2026-07-30T22:20:00,SYNTHETIC,46688,2467,3000,533,82.2,31.9,38.1,29,71.7,246.8,27,,137,0,-27.49453,-48.62667,Florianópolis,parked,none,700,82.2
TLM02322,CUST0233,VEH0033,CONTR0233,2026-08-06T06:46:00,SYNTHETIC,47348,2640,3000,360,88.0,33.8,53.3,22,94.5,234.6,84,,426,0,-27.6157,-48.52048,Florianópolis,parked,low_fuel,1000,88.0
TLM02323,CUST0233,VEH0033,CONTR0233,2026-08-13T10:20:00,SYNTHETIC,47992,2577,3000,423,85.9,60.1,29.4,39,29.3,219.1,46,,233,0,-27.59626,-48.5279,Florianópolis,parked,none,700,85.9
TLM02324,CUST0233,VEH0033,CONTR0233,2026-08-20T15:49:00,SYNTHETIC,48619,2508,3000,492,83.6,42.4,45.2,25,63.9,247.2,75,,381,0,-27.61422,-48.51452,Florianópolis,moving,none,1500,83.6
TLM02325,CUST0233,VEH0033,CONTR0233,2026-08-27T21:19:00,SYNTHETIC,49324,2820,3000,180,94.0,50.5,42.8,29,50.9,261.3,69,,350,0,-27.62747,-48.57526,Florianópolis,parked,km_limit,4000,94.0
TLM02326,CUST0233,VEH0033,CONTR0233,2026-09-03T07:01:00,SYNTHETIC,49978,2619,3000,381,87.3,32.6,7.9,149,14.6,250.3,37,,187,0,-27.59718,-48.62652,Florianópolis,moving,low_fuel,1000,87.3
TLM02327,CUST0233,VEH0033,CONTR0233,2026-09-10T21:58:00,SYNTHETIC,50674,2784,3000,216,92.8,28.6,39.0,32,81.7,274.0,91,,462,0,-27.61262,-48.53379,Florianópolis,parked,low_fuel,4000,92.8
TLM02328,CUST0233,VEH0033,CONTR0233,2026-09-17T12:37:00,SYNTHETIC,51305,2524,3000,476,84.1,42.7,20.2,56,28.4,213.8,83,,421,0,-27.6073,-48.50182,Florianópolis,parked,low_fuel,2500,84.1
TLM02329,CUST0233,VEH0033,CONTR0233,2026-09-24T09:51:00,SYNTHETIC,51989,2739,3000,261,91.3,52.3,34.5,36,39.6,244.9,38,,193,0,-27.54755,-48.5343,Florianópolis,parked,maintenance,700,91.3
TLM02330,CUST0233,VEH0033,CONTR0233,2026-10-01T19:33:00,SYNTHETIC,52631,2571,3000,429,85.7,34.5,38.9,30,67.5,222.6,73,,370,0,-27.63235,-48.51997,Florianópolis,parked,low_fuel,2500,85.7
TLM02331,CUST0234,VEH0034,CONTR0234,2026-07-30T17:37:00,SYNTHETIC,10561,1416,1200,0,118.0,35.9,50.3,12,84.1,136.2,44,,242,0,-3.79985,-38.50111,Fortaleza,parked,maintenance,350,118.0
TLM02332,CUST0234,VEH0034,CONTR0234,2026-08-06T07:22:00,SYNTHETIC,10911,1402,1200,0,116.8,50.9,37.9,16,44.6,131.1,54,,297,0,-3.8364,-38.55732,Fortaleza,parked,km_limit,4000,116.8
TLM02333,CUST0234,VEH0034,CONTR0234,2026-08-13T18:12:00,SYNTHETIC,11255,1378,1200,0,114.8,40.7,41.4,15,61.0,135.0,53,,291,0,-3.71233,-38.55944,Fortaleza,parked,none,2500,114.8
TLM02334,CUST0234,VEH0034,CONTR0234,2026-08-20T08:39:00,SYNTHETIC,11594,1359,1200,0,113.2,54.1,17.6,35,19.6,143.3,56,,308,0,-3.71251,-38.59126,Fortaleza,moving,none,2500,113.2
TLM02335,CUST0234,VEH0034,CONTR0234,2026-08-27T12:45:00,SYNTHETIC,11953,1439,1200,0,119.9,33.5,24.2,27,43.2,134.9,27,,148,0,-3.83196,-38.58003,Fortaleza,moving,low_fuel,700,119.9
TLM02336,CUST0234,VEH0034,CONTR0234,2026-09-03T19:31:00,SYNTHETIC,12302,1399,1200,0,116.6,35.1,39.7,15,68.0,125.1,27,,148,0,-3.78811,-38.61525,Fortaleza,moving,maintenance,350,116.6
TLM02337,CUST0234,VEH0034,CONTR0234,2026-09-10T06:16:00,SYNTHETIC,12672,1483,1200,0,123.6,35.8,43.1,15,72.2,150.6,16,,88,0,-3.82711,-38.59443,Fortaleza,parked,low_fuel,1000,123.6
TLM02338,CUST0234,VEH0034,CONTR0234,2026-09-17T07:45:00,SYNTHETIC,12995,1293,1200,0,107.7,36.9,26.6,22,43.2,130.5,79,,434,0,-3.80569,-38.47947,Fortaleza,parked,low_fuel,1500,107.7
TLM02339,CUST0234,VEH0034,CONTR0234,2026-09-24T13:22:00,SYNTHETIC,13359,1458,1200,0,121.5,31.8,31.3,21,59.0,139.8,82,,451,0,-3.68636,-38.58326,Fortaleza,parked,low_fuel,2500,121.5
TLM02340,CUST0234,VEH0034,CONTR0234,2026-10-01T16:37:00,SYNTHETIC,13718,1439,1200,0,119.9,57.8,52.8,12,54.7,129.0,35,,192,0,-3.76979,-38.51122,Fortaleza,parked,low_fuel,1500,119.9
TLM02341,CUST0235,VEH0035,CONTR0235,2026-07-30T22:25:00,SYNTHETIC,33690,755,1800,1045,41.9,38.4,47.2,7,73.8,61.2,28,,153,0,-20.00277,-44.01814,Belo Horizonte,parked,maintenance,350,41.9
TLM02342,CUST0235,VEH0035,CONTR0235,2026-08-06T09:32:00,SYNTHETIC,34024,1338,1800,462,74.3,39.4,53.6,11,81.7,124.2,18,,98,0,-19.9005,-44.01771,Belo Horizonte,parked,none,350,74.3
TLM02343,CUST0235,VEH0035,CONTR0235,2026-08-13T22:09:00,SYNTHETIC,34317,1175,1800,625,65.3,40.7,10.5,50,15.6,91.8,20,,109,0,-19.97996,-43.94363,Belo Horizonte,moving,none,700,65.3
TLM02344,CUST0235,VEH0035,CONTR0235,2026-08-20T21:34:00,SYNTHETIC,34509,769,1800,1031,42.7,29.5,31.4,11,63.7,72.5,23,,126,0,-19.95739,-43.92985,Belo Horizonte,moving,low_fuel,1500,42.7
TLM02345,CUST0235,VEH0035,CONTR0235,2026-08-27T10:01:00,SYNTHETIC,34849,1362,1800,438,75.7,37.6,35.7,17,57.0,116.8,16,,87,0,-19.98387,-43.95358,Belo Horizonte,parked,low_fuel,700,75.7
TLM02346,CUST0235,VEH0035,CONTR0235,2026-09-03T08:55:00,SYNTHETIC,35078,918,1800,882,51.0,52.6,21.0,19,24.0,73.2,20,,109,0,-20.02149,-44.05333,Belo Horizonte,parked,none,1500,51.0
TLM02347,CUST0235,VEH0035,CONTR0235,2026-09-10T16:47:00,SYNTHETIC,35251,694,1800,1106,38.6,28.4,20.3,15,42.9,56.2,45,,247,0,-19.95586,-44.00811,Belo Horizonte,moving,none,1000,38.6
TLM02348,CUST0235,VEH0035,CONTR0235,2026-09-17T19:48:00,SYNTHETIC,35528,1109,1800,691,61.6,61.2,13.2,38,12.9,99.0,44,,241,0,-19.89099,-43.94587,Belo Horizonte,moving,none,2500,61.6
TLM02349,CUST0235,VEH0035,CONTR0235,2026-09-24T21:45:00,SYNTHETIC,35720,768,1800,1032,42.7,40.8,44.3,7,65.0,68.9,91,,499,0,-19.94009,-43.92082,Belo Horizonte,parked,maintenance,2500,42.7
TLM02350,CUST0235,VEH0035,CONTR0235,2026-10-01T20:42:00,SYNTHETIC,35986,1066,1800,734,59.2,53.0,51.0,9,57.7,98.5,42,,230,0,-20.01646,-43.93029,Belo Horizonte,parked,km_limit,2500,59.2
TLM02351,CUST0236,VEH0036,CONTR0236,2026-07-30T22:30:00,SYNTHETIC,16266,1015,1000,0,101.5,47.5,36.1,12,45.6,89.6,35,,206,0,-22.92591,-47.12461,Campinas,moving,none,350,101.5
TLM02352,CUST0236,VEH0036,CONTR0236,2026-08-06T20:53:00,SYNTHETIC,16465,799,1000,201,79.9,39.6,30.6,11,46.3,74.5,25,,147,0,-22.84601,-47.12371,Campinas,parked,low_fuel,4000,79.9
TLM02353,CUST0236,VEH0036,CONTR0236,2026-08-13T07:15:00,SYNTHETIC,16789,1297,1000,0,129.7,29.0,53.1,11,109.8,113.1,66,,389,0,-22.86166,-47.04134,Campinas,moving,low_fuel,1000,129.7
TLM02354,CUST0236,VEH0036,CONTR0236,2026-08-20T16:15:00,SYNTHETIC,17033,978,1000,22,97.8,38.8,22.2,19,34.4,78.8,87,,513,0,-22.85601,-47.05335,Campinas,moving,low_fuel,350,97.8
TLM02355,CUST0236,VEH0036,CONTR0236,2026-08-27T08:43:00,SYNTHETIC,17357,1298,1000,0,129.8,56.1,35.4,16,37.9,117.4,89,,525,0,-22.87171,-47.12833,Campinas,parked,km_limit,700,129.8
TLM02356,CUST0236,VEH0036,CONTR0236,2026-09-03T20:40:00,SYNTHETIC,17552,780,1000,220,78.0,38.7,26.6,13,41.3,66.4,32,,188,0,-22.94993,-47.11178,Campinas,parked,low_fuel,350,78.0
TLM02357,CUST0236,VEH0036,CONTR0236,2026-09-10T13:43:00,SYNTHETIC,17829,1110,1000,0,111.0,34.3,39.7,12,69.3,92.4,59,,348,0,-22.91074,-47.12341,Campinas,parked,none,4000,111.0
TLM02358,CUST0236,VEH0036,CONTR0236,2026-09-17T22:55:00,SYNTHETIC,17987,632,1000,368,63.2,53.8,51.0,5,56.9,56.5,67,,395,0,-22.87778,-47.01307,Campinas,parked,km_limit,1500,63.2
TLM02359,CUST0236,VEH0036,CONTR0236,2026-09-24T07:29:00,SYNTHETIC,18307,1280,1000,0,128.0,49.9,50.0,11,60.1,101.9,28,,165,0,-22.83714,-47.05994,Campinas,moving,low_fuel,350,128.0
TLM02360,CUST0236,VEH0036,CONTR0236,2026-10-01T11:18:00,SYNTHETIC,18511,818,1000,182,81.8,54.1,36.3,10,40.2,70.1,23,,135,0,-22.89747,-47.05851,Campinas,parked,low_fuel,350,81.8
TLM02361,CUST0237,VEH0037,CONTR0237,2026-07-30T19:26:00,SYNTHETIC,70465,4028,3000,0,134.3,28.5,70.5,25,148.3,300.5,17,,103,0,-8.04867,-34.91326,Recife,moving,none,4000,134.3
TLM02362,CUST0237,VEH0037,CONTR0237,2026-08-06T14:36:00,SYNTHETIC,71271,3225,3000,0,107.5,60.6,16.4,89,16.3,250.9,78,,475,0,-8.03825,-34.92155,Recife,moving,low_fuel,350,107.5
TLM02363,CUST0237,VEH0037,CONTR0237,2026-08-13T16:29:00,SYNTHETIC,71881,2440,3000,560,81.3,32.0,38.7,28,72.7,209.1,44,,268,0,-8.00178,-34.88588,Recife,parked,none,700,81.3
TLM02364,CUST0237,VEH0037,CONTR0237,2026-08-20T22:36:00,SYNTHETIC,72649,3074,3000,0,102.5,53.7,38.8,36,43.3,231.3,63,,384,0,-7.96733,-34.85677,Recife,parked,km_limit,4000,102.5
TLM02365,CUST0237,VEH0037,CONTR0237,2026-08-27T13:32:00,SYNTHETIC,73442,3173,3000,0,105.8,55.6,53.0,27,57.3,270.7,22,,134,0,-7.96881,-34.8683,Recife,parked,low_fuel,1000,105.8
TLM02366,CUST0237,VEH0037,CONTR0237,2026-09-03T11:18:00,SYNTHETIC,74492,4203,3000,0,140.1,53.2,69.9,27,78.8,346.2,48,,292,0,-8.05129,-34.95155,Recife,parked,low_fuel,1500,140.1
TLM02367,CUST0237,VEH0037,CONTR0237,2026-09-10T10:15:00,SYNTHETIC,75170,2713,3000,287,90.4,59.8,20.8,59,20.9,202.3,69,,420,0,-8.11263,-34.95446,Recife,parked,none,1000,90.4
TLM02368,CUST0237,VEH0037,CONTR0237,2026-09-17T08:57:00,SYNTHETIC,76056,3546,3000,0,118.2,40.6,41.8,38,61.8,266.2,74,,451,0,-7.99533,-34.98765,Recife,moving,maintenance,1000,118.2
TLM02369,CUST0237,VEH0037,CONTR0237,2026-09-24T21:18:00,SYNTHETIC,76838,3129,3000,0,104.3,53.8,26.0,54,29.0,265.6,34,,207,0,-8.1215,-34.86675,Recife,charging,km_limit,1000,104.3
TLM02370,CUST0237,VEH0037,CONTR0237,2026-10-01T08:52:00,SYNTHETIC,77960,4489,3000,0,149.6,35.1,17.2,118,29.4,334.6,34,,207,0,-8.07218,-34.97927,Recife,moving,none,700,149.6
TLM02371,CUST0238,VEH0038,CONTR0238,2026-07-30T07:50:00,SYNTHETIC,9164,2495,2000,0,124.8,28.9,6.6,172,13.6,196.6,66,,366,0,-23.00595,-43.12781,Rio de Janeiro,moving,none,398,124.8
TLM02372,CUST0238,VEH0038,CONTR0238,2026-08-06T17:52:00,SYNTHETIC,9935,3086,2000,0,154.3,38.5,14.0,99,21.9,283.5,71,,394,0,-22.97921,-43.22471,Rio de Janeiro,moving,low_fuel,225,154.3
TLM02373,CUST0238,VEH0038,CONTR0238,2026-08-13T15:17:00,SYNTHETIC,10617,2731,2000,0,136.5,32.1,46.8,26,87.5,215.5,55,,305,0,-22.89371,-43.2011,Rio de Janeiro,parked,maintenance,491,136.5
TLM02374,CUST0238,VEH0038,CONTR0238,2026-08-20T22:08:00,SYNTHETIC,11194,2309,2000,0,115.5,56.9,22.1,47,23.3,186.2,55,,305,0,-22.89607,-43.16721,Rio de Janeiro,moving,km_limit,178,115.5
TLM02375,CUST0238,VEH0038,CONTR0238,2026-08-27T12:08:00,SYNTHETIC,11584,1561,2000,439,78.0,57.0,34.4,20,36.3,143.1,54,,300,0,-22.98006,-43.17836,Rio de Janeiro,parked,low_fuel,193,78.0
TLM02376,CUST0238,VEH0038,CONTR0238,2026-09-03T22:33:00,SYNTHETIC,12288,2819,2000,0,140.9,45.4,40.0,32,52.9,263.0,95,,528,0,-23.0064,-43.26271,Rio de Janeiro,parked,none,430,140.9
TLM02377,CUST0238,VEH0038,CONTR0238,2026-09-10T20:51:00,SYNTHETIC,12770,1928,2000,72,96.4,57.7,41.1,21,42.7,165.3,89,,494,0,-22.97735,-43.22571,Rio de Janeiro,parked,low_fuel,422,96.4
TLM02378,CUST0238,VEH0038,CONTR0238,2026-09-17T14:18:00,SYNTHETIC,13242,1890,2000,110,94.5,32.5,14.9,57,27.5,168.4,75,,417,0,-22.88666,-43.22343,Rio de Janeiro,parked,km_limit,350,94.5
TLM02379,CUST0238,VEH0038,CONTR0238,2026-09-24T18:36:00,SYNTHETIC,13933,2765,2000,0,138.2,36.3,21.0,59,34.7,226.4,21,,116,0,-22.92611,-43.18542,Rio de Janeiro,moving,none,322,138.2
TLM02380,CUST0238,VEH0038,CONTR0238,2026-10-01T20:37:00,SYNTHETIC,14406,1895,2000,105,94.8,42.8,53.1,16,74.4,167.8,61,,339,0,-22.97478,-43.12544,Rio de Janeiro,maintenance,km_limit,206,94.8
TLM02381,CUST0239,VEH0039,CONTR0239,2026-07-30T09:01:00,SYNTHETIC,51606,2068,2500,432,82.7,57.4,38.0,24,39.7,183.0,89,,479,0,-12.88363,-38.50264,Salvador,parked,none,350,82.7
TLM02382,CUST0239,VEH0039,CONTR0239,2026-08-06T08:48:00,SYNTHETIC,52109,2015,2500,485,80.6,36.6,53.9,16,88.3,191.1,92,,495,0,-12.95592,-38.45155,Salvador,maintenance,none,1500,80.6
TLM02383,CUST0239,VEH0039,CONTR0239,2026-08-13T20:36:00,SYNTHETIC,52611,2009,2500,491,80.4,55.7,12.9,70,13.9,187.0,47,,253,0,-13.00245,-38.39096,Salvador,parked,none,1500,80.4
TLM02384,CUST0239,VEH0039,CONTR0239,2026-08-20T07:13:00,SYNTHETIC,53138,2111,2500,389,84.4,55.0,40.6,23,44.3,183.6,30,,161,0,-13.00431,-38.53392,Salvador,parked,km_limit,4000,84.4
TLM02385,CUST0239,VEH0039,CONTR0239,2026-08-27T14:17:00,SYNTHETIC,53608,1880,2500,620,75.2,61.3,44.1,19,43.2,163.5,91,,490,0,-12.87533,-38.46972,Salvador,parked,maintenance,2500,75.2
TLM02386,CUST0239,VEH0039,CONTR0239,2026-09-03T19:46:00,SYNTHETIC,53896,1152,2500,1348,46.1,59.4,26.9,19,27.2,110.4,78,,420,0,-12.98337,-38.39508,Salvador,moving,none,2500,46.1
TLM02387,CUST0239,VEH0039,CONTR0239,2026-09-10T09:11:00,SYNTHETIC,54350,1818,2500,682,72.7,58.5,40.9,20,41.9,160.0,73,,393,0,-12.9536,-38.51242,Salvador,moving,maintenance,4000,72.7
TLM02388,CUST0239,VEH0039,CONTR0239,2026-09-17T09:33:00,SYNTHETIC,54807,1831,2500,669,73.2,37.8,41.7,19,66.2,171.3,33,,177,0,-12.98881,-38.40731,Salvador,parked,low_fuel,1500,73.2
TLM02389,CUST0239,VEH0039,CONTR0239,2026-09-24T21:24:00,SYNTHETIC,55133,1305,2500,1195,52.2,28.8,16.5,36,34.3,129.3,65,,350,0,-13.009,-38.47793,Salvador,parked,none,4000,52.2
TLM02390,CUST0239,VEH0039,CONTR0239,2026-10-01T17:06:00,SYNTHETIC,55591,1832,2500,668,73.3,54.1,19.6,42,21.7,150.8,64,,344,0,-13.01246,-38.45492,Salvador,moving,low_fuel,1000,73.3
TLM02391,CUST0240,VEH0040,CONTR0240,2026-07-30T11:02:00,SYNTHETIC,15871,1829,1200,0,152.4,60.8,23.2,35,22.9,175.1,31,,176,0,-22.88348,-43.14899,Rio de Janeiro,parked,low_fuel,2500,152.4
TLM02392,CUST0240,VEH0040,CONTR0240,2026-08-06T19:31:00,SYNTHETIC,16166,1180,1200,20,98.3,40.1,44.9,11,67.1,112.8,32,,182,0,-22.88273,-43.2093,Rio de Janeiro,moving,low_fuel,1500,98.3
TLM02393,CUST0240,VEH0040,CONTR0240,2026-08-13T10:45:00,SYNTHETIC,16427,1045,1200,155,87.1,51.8,16.6,28,19.3,96.6,73,,416,0,-22.8893,-43.09883,Rio de Janeiro,parked,low_fuel,700,87.1
TLM02394,CUST0240,VEH0040,CONTR0240,2026-08-20T10:24:00,SYNTHETIC,16835,1633,1200,0,136.1,47.7,9.9,74,12.5,156.9,30,,171,0,-22.95954,-43.18241,Rio de Janeiro,moving,none,350,136.1
TLM02395,CUST0240,VEH0040,CONTR0240,2026-08-27T18:50:00,SYNTHETIC,17108,1095,1200,105,91.2,58.4,36.7,13,37.7,105.1,81,,461,0,-22.81154,-43.19805,Rio de Janeiro,parked,maintenance,1500,91.2
TLM02396,CUST0240,VEH0040,CONTR0240,2026-09-03T06:35:00,SYNTHETIC,17332,896,1200,304,74.7,58.7,29.3,13,30.0,72.7,18,,102,0,-22.86892,-43.22184,Rio de Janeiro,parked,none,1000,74.7
TLM02397,CUST0240,VEH0040,CONTR0240,2026-09-10T13:29:00,SYNTHETIC,17596,1058,1200,142,88.2,50.6,33.8,14,40.1,90.6,75,,427,0,-22.88788,-43.12023,Rio de Janeiro,moving,none,2500,88.2
TLM02398,CUST0240,VEH0040,CONTR0240,2026-09-17T15:33:00,SYNTHETIC,18060,1856,1200,0,154.7,48.8,54.5,15,66.9,176.1,50,,285,0,-22.90539,-43.10997,Rio de Janeiro,parked,low_fuel,350,154.7
TLM02399,CUST0240,VEH0040,CONTR0240,2026-09-24T19:34:00,SYNTHETIC,18445,1543,1200,0,128.6,43.4,50.7,13,70.1,132.4,18,,102,0,-22.84518,-43.25293,Rio de Janeiro,moving,none,2500,128.6
TLM02400,CUST0240,VEH0040,CONTR0240,2026-10-01T14:22:00,SYNTHETIC,18690,983,1200,217,81.9,28.9,38.1,11,79.0,86.1,35,,199,0,-22.93097,-43.15758,Rio de Janeiro,parked,maintenance,350,81.9
TLM02401,CUST0241,VEH0041,CONTR0241,2026-07-30T22:46:00,SYNTHETIC,47514,531,800,269,66.4,54.3,12.4,19,13.8,39.0,56,,361,0,-22.93461,-43.16297,Rio de Janeiro,parked,low_fuel,2500,66.4
TLM02402,CUST0241,VEH0041,CONTR0241,2026-08-06T07:50:00,SYNTHETIC,47634,482,800,318,60.2,49.1,15.7,13,19.2,35.3,85,,549,0,-22.93951,-43.21861,Rio de Janeiro,parked,maintenance,2500,60.2
TLM02403,CUST0241,VEH0041,CONTR0241,2026-08-13T06:03:00,SYNTHETIC,47803,676,800,124,84.5,43.8,6.6,46,9.0,57.4,50,,323,0,-22.93795,-43.11905,Rio de Janeiro,parked,none,350,84.5
TLM02404,CUST0241,VEH0041,CONTR0241,2026-08-20T16:36:00,SYNTHETIC,47943,562,800,238,70.2,45.5,44.3,5,58.4,42.2,84,,542,0,-22.88845,-43.1705,Rio de Janeiro,moving,none,1000,70.2
TLM02405,CUST0241,VEH0041,CONTR0241,2026-08-27T18:08:00,SYNTHETIC,48080,550,800,250,68.8,58.9,14.6,17,14.9,40.7,67,,432,0,-22.93769,-43.13882,Rio de Janeiro,charging,none,2500,68.8
TLM02406,CUST0241,VEH0041,CONTR0241,2026-09-03T13:41:00,SYNTHETIC,48167,348,800,452,43.5,59.0,20.1,7,20.5,28.1,20,,129,0,-22.92039,-43.09662,Rio de Janeiro,moving,low_fuel,1000,43.5
TLM02407,CUST0241,VEH0041,CONTR0241,2026-09-10T14:42:00,SYNTHETIC,48248,326,800,474,40.8,60.5,18.7,7,18.6,24.9,28,,180,0,-22.978,-43.17175,Rio de Janeiro,parked,km_limit,1500,40.8
TLM02408,CUST0241,VEH0041,CONTR0241,2026-09-17T07:28:00,SYNTHETIC,48409,644,800,156,80.5,58.7,11.2,26,11.5,53.0,63,,406,0,-22.91999,-43.11048,Rio de Janeiro,parked,none,1500,80.5
TLM02409,CUST0241,VEH0041,CONTR0241,2026-09-24T20:17:00,SYNTHETIC,48554,580,800,220,72.5,47.2,42.1,6,53.5,48.5,61,,394,0,-22.90964,-43.06585,Rio de Janeiro,moving,none,2500,72.5
TLM02410,CUST0241,VEH0041,CONTR0241,2026-10-01T22:28:00,SYNTHETIC,48669,462,800,338,57.8,55.6,27.4,7,29.6,37.0,69,,445,0,-22.90897,-43.11459,Rio de Janeiro,parked,none,1000,57.8
TLM02411,CUST0242,VEH0042,CONTR0242,2026-07-30T09:27:00,SYNTHETIC,46774,884,1800,916,49.1,44.1,9.6,42,13.0,77.6,88,,521,0,-19.87803,-43.92308,Belo Horizonte,parked,low_fuel,700,49.1
TLM02412,CUST0242,VEH0042,CONTR0242,2026-08-06T14:28:00,SYNTHETIC,47062,1152,1800,648,64.0,33.0,49.8,10,90.5,118.9,71,,421,0,-19.99608,-43.97382,Belo Horizonte,parked,none,2500,64.0
TLM02413,CUST0242,VEH0042,CONTR0242,2026-08-13T11:27:00,SYNTHETIC,47279,870,1800,930,48.3,39.7,45.3,8,68.4,87.5,62,,367,0,-19.85253,-43.83566,Belo Horizonte,moving,low_fuel,1500,48.3
TLM02414,CUST0242,VEH0042,CONTR0242,2026-08-20T16:49:00,SYNTHETIC,47463,737,1800,1063,40.9,61.0,44.1,7,43.4,75.8,35,,207,0,-19.91711,-43.95754,Belo Horizonte,parked,none,1500,40.9
TLM02415,CUST0242,VEH0042,CONTR0242,2026-08-27T16:29:00,SYNTHETIC,47742,1119,1800,681,62.2,34.3,9.5,53,16.7,112.8,15,,88,0,-19.89096,-43.8421,Belo Horizonte,moving,maintenance,350,62.2
TLM02416,CUST0242,VEH0042,CONTR0242,2026-09-03T06:00:00,SYNTHETIC,48044,1210,1800,590,67.2,40.5,13.0,42,19.2,109.5,58,,343,0,-19.90367,-43.85458,Belo Horizonte,parked,km_limit,1500,67.2
TLM02417,CUST0242,VEH0042,CONTR0242,2026-09-10T07:44:00,SYNTHETIC,48410,1465,1800,335,81.4,39.3,30.1,22,45.8,139.0,67,,397,0,-19.84392,-43.97517,Belo Horizonte,parked,maintenance,4000,81.4
TLM02418,CUST0242,VEH0042,CONTR0242,2026-09-17T12:08:00,SYNTHETIC,48642,929,1800,871,51.6,55.9,53.8,7,57.7,93.1,66,,391,0,-19.90239,-43.92839,Belo Horizonte,parked,low_fuel,1000,51.6
TLM02419,CUST0242,VEH0042,CONTR0242,2026-09-24T20:52:00,SYNTHETIC,48933,1165,1800,635,64.7,49.0,39.3,13,48.2,120.6,71,,421,0,-19.84208,-43.86228,Belo Horizonte,parked,low_fuel,4000,64.7
TLM02420,CUST0242,VEH0042,CONTR0242,2026-10-01T20:02:00,SYNTHETIC,49200,1068,1800,732,59.3,28.8,19.3,25,40.2,98.1,50,,296,0,-19.83766,-43.85467,Belo Horizonte,parked,none,700,59.3
TLM02421,CUST0243,VEH0043,CONTR0243,2026-07-30T20:05:00,SYNTHETIC,15860,1845,1200,0,153.8,50.5,73.7,11,87.7,129.7,51,,248,0,-8.03261,-34.87792,Recife,parked,km_limit,700,153.8
TLM02422,CUST0243,VEH0043,CONTR0243,2026-08-06T21:51:00,SYNTHETIC,16215,1421,1200,0,118.4,45.1,54.6,11,72.6,91.5,25,,122,0,-8.09009,-34.97884,Recife,moving,km_limit,1000,118.4
TLM02423,CUST0243,VEH0043,CONTR0243,2026-08-13T21:19:00,SYNTHETIC,16750,2141,1200,0,178.4,56.3,37.0,26,39.4,129.0,34,,165,0,-8.12753,-34.95258,Recife,parked,low_fuel,1000,178.4
TLM02424,CUST0243,VEH0043,CONTR0243,2026-08-20T21:11:00,SYNTHETIC,17257,2031,1200,0,169.2,49.3,24.7,37,30.0,138.4,92,,448,0,-8.07134,-34.86642,Recife,parked,maintenance,2500,169.2
TLM02425,CUST0243,VEH0043,CONTR0243,2026-08-27T22:57:00,SYNTHETIC,17548,1166,1200,34,97.2,49.5,17.1,30,20.7,79.3,88,,429,0,-8.00373,-34.8329,Recife,moving,low_fuel,2500,97.2
TLM02426,CUST0243,VEH0043,CONTR0243,2026-09-03T06:18:00,SYNTHETIC,17958,1642,1200,0,136.8,28.8,38.6,19,80.4,113.9,42,,204,0,-8.02332,-34.82814,Recife,moving,low_fuel,700,136.8
TLM02427,CUST0243,VEH0043,CONTR0243,2026-09-10T09:46:00,SYNTHETIC,18434,1907,1200,0,158.9,42.3,69.2,12,98.2,123.9,61,,297,0,-7.98616,-34.87585,Recife,parked,none,4000,158.9
TLM02428,CUST0243,VEH0043,CONTR0243,2026-09-17T18:43:00,SYNTHETIC,18675,965,1200,235,80.4,38.7,44.4,9,68.7,67.2,88,,429,0,-8.00725,-34.93021,Recife,parked,none,350,80.4
TLM02429,CUST0243,VEH0043,CONTR0243,2026-09-24T21:46:00,SYNTHETIC,19036,1445,1200,0,120.4,59.3,62.3,10,63.0,102.6,66,,322,0,-8.06898,-34.91569,Recife,moving,low_fuel,1000,120.4
TLM02430,CUST0243,VEH0043,CONTR0243,2026-10-01T19:19:00,SYNTHETIC,19571,2141,1200,0,178.4,29.6,31.4,30,63.7,125.8,58,,283,0,-8.08553,-34.92853,Recife,moving,none,4000,178.4
TLM02431,CUST0244,VEH0044,CONTR0244,2026-07-30T21:09:00,SYNTHETIC,69989,2529,3000,471,84.3,49.2,31.5,36,38.4,227.5,90,,508,0,-22.90237,-43.16473,Rio de Janeiro,moving,maintenance,2500,84.3
TLM02432,CUST0244,VEH0044,CONTR0244,2026-08-06T20:50:00,SYNTHETIC,70637,2594,3000,406,86.5,51.4,33.1,35,38.7,240.9,68,,384,0,-22.86854,-43.10932,Rio de Janeiro,parked,none,2500,86.5
TLM02433,CUST0244,VEH0044,CONTR0244,2026-08-13T07:15:00,SYNTHETIC,71240,2415,3000,585,80.5,40.9,29.5,37,43.2,207.6,70,,395,0,-22.95129,-43.0739,Rio de Janeiro,moving,maintenance,700,80.5
TLM02434,CUST0244,VEH0044,CONTR0244,2026-08-20T06:57:00,SYNTHETIC,71850,2440,3000,560,81.3,51.7,55.0,20,63.9,232.2,45,,254,0,-22.96461,-43.0651,Rio de Janeiro,parked,low_fuel,700,81.3
TLM02435,CUST0244,VEH0044,CONTR0244,2026-08-27T16:23:00,SYNTHETIC,72525,2700,3000,300,90.0,41.6,18.3,66,26.4,243.0,58,,327,0,-22.9559,-43.16625,Rio de Janeiro,moving,km_limit,2500,90.0
TLM02436,CUST0244,VEH0044,CONTR0244,2026-09-03T22:13:00,SYNTHETIC,73163,2554,3000,446,85.1,37.4,26.2,44,42.0,226.5,47,,265,0,-22.92647,-43.06259,Rio de Janeiro,charging,km_limit,1000,85.1
TLM02437,CUST0244,VEH0044,CONTR0244,2026-09-10T18:27:00,SYNTHETIC,73785,2489,3000,511,83.0,45.1,40.9,27,54.5,204.3,45,,254,0,-22.83103,-43.14346,Rio de Janeiro,parked,none,1000,83.0
TLM02438,CUST0244,VEH0044,CONTR0244,2026-09-17T14:04:00,SYNTHETIC,74407,2491,3000,509,83.0,56.6,40.9,27,43.4,226.2,83,,468,0,-22.90301,-43.12716,Rio de Janeiro,moving,low_fuel,1500,83.0
TLM02439,CUST0244,VEH0044,CONTR0244,2026-09-24T19:08:00,SYNTHETIC,75050,2574,3000,426,85.8,29.6,12.0,97,24.4,235.5,89,,502,0,-22.93505,-43.14465,Rio de Janeiro,parked,low_fuel,350,85.8
TLM02440,CUST0244,VEH0044,CONTR0244,2026-10-01T19:33:00,SYNTHETIC,75697,2589,3000,411,86.3,60.3,35.0,33,34.8,226.6,83,,468,0,-22.83965,-43.07874,Rio de Janeiro,parked,none,1000,86.3
TLM02441,CUST0245,VEH0045,CONTR0245,2026-07-30T06:08:00,SYNTHETIC,65125,601,800,199,75.1,44.4,41.6,6,56.3,53.3,21,,128,0,-25.44178,-49.22457,Curitiba,parked,low_fuel,350,75.1
TLM02442,CUST0245,VEH0045,CONTR0245,2026-08-06T10:53:00,SYNTHETIC,65371,984,800,0,123.0,48.6,8.8,50,10.9,90.4,94,,576,0,-25.54514,-49.28706,Curitiba,parked,low_fuel,1000,123.0
TLM02443,CUST0245,VEH0045,CONTR0245,2026-08-13T07:40:00,SYNTHETIC,65516,581,800,219,72.6,59.1,12.1,21,12.3,54.1,61,,373,0,-25.50274,-49.31717,Curitiba,parked,none,4000,72.6
TLM02444,CUST0245,VEH0045,CONTR0245,2026-08-20T09:25:00,SYNTHETIC,65663,589,800,211,73.6,38.4,54.3,4,85.0,48.8,38,,232,0,-25.49273,-49.30817,Curitiba,parked,none,700,73.6
TLM02445,CUST0245,VEH0045,CONTR0245,2026-08-27T10:24:00,SYNTHETIC,65820,629,800,171,78.6,35.2,39.2,7,66.8,49.6,34,,208,0,-25.52606,-49.33497,Curitiba,parked,none,1000,78.6
TLM02446,CUST0245,VEH0045,CONTR0245,2026-09-03T22:53:00,SYNTHETIC,66087,1071,800,0,133.9,28.5,8.6,56,18.2,92.9,55,,337,0,-25.50117,-49.26585,Curitiba,parked,low_fuel,2500,133.9
TLM02447,CUST0245,VEH0045,CONTR0245,2026-09-10T14:23:00,SYNTHETIC,66217,521,800,279,65.1,58.1,31.9,7,33.0,42.5,59,,361,0,-25.54426,-49.2207,Curitiba,parked,km_limit,350,65.1
TLM02448,CUST0245,VEH0045,CONTR0245,2026-09-17T20:01:00,SYNTHETIC,66451,938,800,0,117.3,36.4,15.0,28,24.8,74.2,89,,545,0,-25.52423,-49.33029,Curitiba,moving,maintenance,4000,117.3
TLM02449,CUST0245,VEH0045,CONTR0245,2026-09-24T11:15:00,SYNTHETIC,66693,969,800,0,121.1,30.9,50.5,8,97.9,76.0,76,,465,0,-25.43815,-49.26104,Curitiba,moving,low_fuel,350,121.1
TLM02450,CUST0245,VEH0045,CONTR0245,2026-10-01T17:21:00,SYNTHETIC,66957,1056,800,0,132.0,53.7,30.0,16,33.5,94.1,43,,263,0,-25.50542,-49.30981,Curitiba,parked,km_limit,1500,132.0
TLM02451,CUST0246,VEH0046,CONTR0246,2026-07-30T09:11:00,SYNTHETIC,63750,2319,2000,0,116.0,60.2,30.4,34,30.3,218.7,28,,147,0,-27.49817,-48.5382,Florianópolis,moving,km_limit,1000,116.0
TLM02452,CUST0246,VEH0046,CONTR0246,2026-08-06T11:29:00,SYNTHETIC,64601,3404,2000,0,170.2,36.4,22.5,68,37.0,351.9,31,,163,0,-27.53038,-48.47005,Florianópolis,charging,none,2500,170.2
TLM02453,CUST0246,VEH0046,CONTR0246,2026-08-13T07:27:00,SYNTHETIC,65175,2296,2000,0,114.8,59.7,14.6,71,14.7,242.4,43,,226,0,-27.61841,-48.50421,Florianópolis,parked,none,4000,114.8
TLM02454,CUST0246,VEH0046,CONTR0246,2026-08-20T12:13:00,SYNTHETIC,66067,3569,2000,0,178.4,49.9,30.0,54,36.0,327.6,51,,268,0,-27.53085,-48.47005,Florianópolis,moving,km_limit,1500,178.4
TLM02455,CUST0246,VEH0046,CONTR0246,2026-08-27T09:09:00,SYNTHETIC,66532,1862,2000,138,93.1,57.4,65.3,12,68.2,172.4,29,,152,0,-27.48581,-48.54775,Florianópolis,moving,maintenance,4000,93.1
TLM02456,CUST0246,VEH0046,CONTR0246,2026-09-03T08:26:00,SYNTHETIC,67284,3009,2000,0,150.4,40.3,38.7,35,57.5,319.8,51,,268,0,-27.49316,-48.57329,Florianópolis,moving,none,700,150.4
TLM02457,CUST0246,VEH0046,CONTR0246,2026-09-10T07:00:00,SYNTHETIC,68105,3286,2000,0,164.3,52.0,64.7,23,74.7,336.4,56,,294,0,-27.52889,-48.46974,Florianópolis,moving,none,2500,164.3
TLM02458,CUST0246,VEH0046,CONTR0246,2026-09-17T19:37:00,SYNTHETIC,68631,2104,2000,0,105.2,35.3,25.8,37,43.8,196.0,35,,184,0,-27.62877,-48.57963,Florianópolis,parked,low_fuel,4000,105.2
TLM02459,CUST0246,VEH0046,CONTR0246,2026-09-24T18:45:00,SYNTHETIC,69527,3585,2000,0,179.2,52.1,49.9,32,57.5,348.9,34,,178,0,-27.56359,-48.55215,Florianópolis,parked,km_limit,700,179.2
TLM02460,CUST0246,VEH0046,CONTR0246,2026-10-01T21:06:00,SYNTHETIC,69949,1690,2000,310,84.5,49.3,67.8,11,82.5,179.6,84,,441,0,-27.63461,-48.45665,Florianópolis,moving,low_fuel,1000,84.5
TLM02461,CUST0247,VEH0047,CONTR0247,2026-07-30T10:21:00,SYNTHETIC,54007,927,1200,273,77.2,28.5,34.8,12,73.3,85.6,69,,427,0,-15.79521,-47.79695,Brasília,parked,low_fuel,700,77.2
TLM02462,CUST0247,VEH0047,CONTR0247,2026-08-06T21:10:00,SYNTHETIC,54298,1165,1200,35,97.1,43.2,22.2,23,30.9,97.7,85,,527,0,-15.78909,-47.88517,Brasília,parked,none,1500,97.1
TLM02463,CUST0247,VEH0047,CONTR0247,2026-08-13T15:52:00,SYNTHETIC,54485,751,1200,449,62.6,37.8,45.4,7,71.9,66.0,43,,266,0,-15.81696,-47.83086,Brasília,charging,low_fuel,700,62.6
TLM02464,CUST0247,VEH0047,CONTR0247,2026-08-20T19:47:00,SYNTHETIC,54821,1345,1200,0,112.1,57.1,31.9,19,33.5,125.1,23,,142,0,-15.84542,-47.91525,Brasília,moving,none,1000,112.1
TLM02465,CUST0247,VEH0047,CONTR0247,2026-08-27T21:25:00,SYNTHETIC,55049,914,1200,286,76.2,61.1,43.1,9,42.3,83.2,80,,496,0,-15.78651,-47.87276,Brasília,parked,none,1000,76.2
TLM02466,CUST0247,VEH0047,CONTR0247,2026-09-03T13:45:00,SYNTHETIC,55361,1249,1200,0,104.1,59.0,26.0,21,26.4,113.0,16,,99,0,-15.8425,-47.81559,Brasília,moving,low_fuel,350,104.1
TLM02467,CUST0247,VEH0047,CONTR0247,2026-09-10T11:11:00,SYNTHETIC,55674,1252,1200,0,104.3,41.4,19.3,29,28.0,101.9,32,,198,0,-15.72221,-47.91416,Brasília,moving,none,350,104.3
TLM02468,CUST0247,VEH0047,CONTR0247,2026-09-17T10:14:00,SYNTHETIC,55916,971,1200,229,80.9,40.0,51.0,8,76.4,85.3,40,,248,0,-15.79998,-47.86851,Brasília,moving,low_fuel,1500,80.9
TLM02469,CUST0247,VEH0047,CONTR0247,2026-09-24T08:14:00,SYNTHETIC,56163,989,1200,211,82.4,59.8,21.0,21,21.1,77.1,94,,582,0,-15.75112,-47.90978,Brasília,parked,none,1500,82.4
TLM02470,CUST0247,VEH0047,CONTR0247,2026-10-01T12:38:00,SYNTHETIC,56377,857,1200,343,71.4,28.5,44.2,8,92.8,71.3,34,,210,0,-15.85308,-47.83744,Brasília,parked,low_fuel,1000,71.4
TLM02471,CUST0248,VEH0048,CONTR0248,2026-07-30T06:29:00,SYNTHETIC,16790,1577,1500,0,105.1,50.9,52.3,13,61.6,0.0,,64,173,2,-22.84968,-47.05478,Campinas,parked,none,2500,105.1
TLM02472,CUST0248,VEH0048,CONTR0248,2026-08-06T15:48:00,SYNTHETIC,17208,1675,1500,0,111.7,34.7,8.7,87,15.0,0.0,,94,250,3,-22.89871,-47.08981,Campinas,parked,battery_low,4000,111.7
TLM02473,CUST0248,VEH0048,CONTR0248,2026-08-13T15:44:00,SYNTHETIC,17427,877,1500,623,58.5,61.2,30.8,12,30.2,0.0,,64,166,6,-22.8886,-47.09405,Campinas,parked,km_limit,1500,58.5
TLM02474,CUST0248,VEH0048,CONTR0248,2026-08-20T17:57:00,SYNTHETIC,17634,830,1500,670,55.3,60.9,37.1,10,36.5,0.0,,51,137,8,-22.86192,-47.07838,Campinas,moving,battery_low,700,55.3
TLM02475,CUST0248,VEH0048,CONTR0248,2026-08-27T10:13:00,SYNTHETIC,17887,1014,1500,486,67.6,54.8,26.9,17,29.5,0.0,,86,241,6,-22.84937,-47.03859,Campinas,moving,maintenance,1500,67.6
TLM02476,CUST0248,VEH0048,CONTR0248,2026-09-03T11:30:00,SYNTHETIC,18286,1596,1500,0,106.4,33.4,18.0,40,32.3,0.0,,63,174,6,-22.82477,-47.04666,Campinas,moving,battery_low,2500,106.4
TLM02477,CUST0248,VEH0048,CONTR0248,2026-09-10T09:02:00,SYNTHETIC,18538,1010,1500,490,67.3,54.6,39.3,11,43.2,0.0,,57,156,6,-22.92197,-47.01311,Campinas,moving,km_limit,1500,67.3
TLM02478,CUST0248,VEH0048,CONTR0248,2026-09-17T18:48:00,SYNTHETIC,18935,1590,1500,0,106.0,41.1,32.8,22,47.8,0.0,,73,207,6,-22.86031,-47.07989,Campinas,parked,maintenance,700,106.0
TLM02479,CUST0248,VEH0048,CONTR0248,2026-09-24T13:43:00,SYNTHETIC,19264,1319,1500,181,87.9,61.3,53.4,11,52.2,0.0,,59,170,4,-22.8289,-47.0416,Campinas,parked,battery_low,350,87.9
TLM02480,CUST0248,VEH0048,CONTR0248,2026-10-01T15:17:00,SYNTHETIC,19633,1478,1500,22,98.5,30.8,52.9,12,102.9,0.0,,66,174,1,-22.97099,-47.07325,Campinas,parked,battery_low,700,98.5
TLM02481,CUST0249,VEH0049,CONTR0249,2026-07-30T21:26:00,SYNTHETIC,36279,1737,1500,0,115.8,46.5,32.7,24,42.2,73.5,89,,847,2,-27.56228,-48.50296,Florianópolis,parked,none,700,115.8
TLM02482,CUST0249,VEH0049,CONTR0249,2026-08-06T06:05:00,SYNTHETIC,36692,1654,1500,0,110.3,34.9,53.3,14,91.6,77.3,46,,437,2,-27.53184,-48.49141,Florianópolis,moving,maintenance,2500,110.3
TLM02483,CUST0249,VEH0049,CONTR0249,2026-08-13T10:15:00,SYNTHETIC,37108,1664,1500,0,110.9,30.6,16.5,45,32.4,76.2,61,,580,0,-27.56319,-48.57347,Florianópolis,moving,none,350,110.9
TLM02484,CUST0249,VEH0049,CONTR0249,2026-08-20T06:37:00,SYNTHETIC,37557,1799,1500,0,119.9,36.2,46.5,17,76.9,84.6,42,,399,2,-27.56745,-48.61895,Florianópolis,parked,none,350,119.9
TLM02485,CUST0249,VEH0049,CONTR0249,2026-08-27T17:38:00,SYNTHETIC,37811,1017,1500,483,67.8,32.2,35.1,13,65.6,45.9,38,,361,0,-27.65307,-48.49597,Florianópolis,moving,none,350,67.8
TLM02486,CUST0249,VEH0049,CONTR0249,2026-09-03T06:44:00,SYNTHETIC,38191,1521,1500,0,101.4,43.5,37.1,18,51.2,68.2,88,,837,2,-27.65507,-48.61485,Florianópolis,parked,none,4000,101.4
TLM02487,CUST0249,VEH0049,CONTR0249,2026-09-10T15:33:00,SYNTHETIC,38659,1872,1500,0,124.8,53.5,52.6,16,59.1,83.6,58,,552,0,-27.61783,-48.47309,Florianópolis,parked,none,700,124.8
TLM02488,CUST0249,VEH0049,CONTR0249,2026-09-17T15:27:00,SYNTHETIC,38999,1360,1500,140,90.7,54.5,11.6,53,12.8,67.4,55,,523,1,-27.55697,-48.61351,Florianópolis,charging,km_limit,4000,90.7
TLM02489,CUST0249,VEH0049,CONTR0249,2026-09-24T07:54:00,SYNTHETIC,39220,886,1500,614,59.1,52.3,33.1,12,37.9,36.6,76,,723,0,-27.61526,-48.62423,Florianópolis,moving,none,2500,59.1
TLM02490,CUST0249,VEH0049,CONTR0249,2026-10-01T09:11:00,SYNTHETIC,39686,1865,1500,0,124.3,52.4,6.5,130,7.4,91.7,40,,380,1,-27.522,-48.60484,Florianópolis,parked,low_fuel,4000,124.3
TLM02491,CUST0250,VEH0050,CONTR0250,2026-07-30T10:43:00,SYNTHETIC,6772,476,1200,724,39.7,57.3,48.7,4,51.0,0.0,,52,134,1,-12.96146,-38.52294,Salvador,parked,none,2500,39.7
TLM02492,CUST0250,VEH0050,CONTR0250,2026-08-06T09:27:00,SYNTHETIC,6944,688,1200,512,57.3,40.3,38.1,8,56.8,0.0,,30,86,1,-13.00445,-38.52358,Salvador,moving,none,700,57.3
TLM02493,CUST0250,VEH0050,CONTR0250,2026-08-13T08:25:00,SYNTHETIC,7137,773,1200,427,64.4,58.8,16.5,21,16.9,0.0,,74,201,0,-13.00787,-38.56126,Salvador,parked,battery_low,350,64.4
TLM02494,CUST0250,VEH0050,CONTR0250,2026-08-20T11:20:00,SYNTHETIC,7397,1042,1200,158,86.8,43.9,46.6,10,63.7,0.0,,93,250,2,-13.06388,-38.54878,Salvador,parked,none,2500,86.8
TLM02495,CUST0250,VEH0050,CONTR0250,2026-08-27T15:05:00,SYNTHETIC,7550,612,1200,588,51.0,33.8,27.7,10,49.2,0.0,,27,69,0,-13.00189,-38.44988,Salvador,parked,maintenance,2500,51.0
TLM02496,CUST0250,VEH0050,CONTR0250,2026-09-03T22:17:00,SYNTHETIC,7696,584,1200,616,48.7,57.1,19.9,13,20.9,0.0,,26,69,3,-12.95453,-38.56929,Salvador,moving,maintenance,350,48.7
TLM02497,CUST0250,VEH0050,CONTR0250,2026-09-10T19:59:00,SYNTHETIC,7877,725,1200,475,60.4,55.0,6.1,53,6.7,0.0,,58,158,2,-13.00092,-38.56902,Salvador,parked,none,2500,60.4
TLM02498,CUST0250,VEH0050,CONTR0250,2026-09-17T13:01:00,SYNTHETIC,8066,758,1200,442,63.2,42.8,35.9,9,50.3,0.0,,31,87,8,-12.97515,-38.51616,Salvador,parked,battery_low,4000,63.2
TLM02499,CUST0250,VEH0050,CONTR0250,2026-09-24T11:28:00,SYNTHETIC,8303,950,1200,250,79.2,39.6,31.0,13,47.0,0.0,,66,175,0,-13.0525,-38.47639,Salvador,maintenance,km_limit,350,79.2
TLM02500,CUST0250,VEH0050,CONTR0250,2026-10-01T06:23:00,SYNTHETIC,8454,604,1200,596,50.3,52.7,32.9,8,37.5,0.0,,28,71,8,-13.06195,-38.45876,Salvador,moving,none,700,50.3
TLM02501,CUST0251,VEH0051,CONTR0251,2026-07-30T06:11:00,SYNTHETIC,31042,2838,2500,0,113.5,34.6,24.8,52,42.9,188.1,94,,788,2,-27.58576,-48.58847,Florianópolis,moving,none,350,113.5
TLM02502,CUST0251,VEH0051,CONTR0251,2026-08-06T07:42:00,SYNTHETIC,31778,2944,2500,0,117.8,56.3,47.9,27,51.1,214.3,24,,201,2,-27.57136,-48.56615,Florianópolis,parked,km_limit,350,117.8
TLM02503,CUST0251,VEH0051,CONTR0251,2026-08-13T14:53:00,SYNTHETIC,32505,2908,2500,0,116.3,59.0,33.3,39,33.8,232.0,95,,797,2,-27.62526,-48.53455,Florianópolis,parked,none,350,116.3
TLM02504,CUST0251,VEH0051,CONTR0251,2026-08-20T09:06:00,SYNTHETIC,33198,2773,2500,0,110.9,51.3,52.1,24,60.9,204.6,81,,679,0,-27.47473,-48.50086,Florianópolis,moving,none,2500,110.9
TLM02505,CUST0251,VEH0051,CONTR0251,2026-08-27T16:08:00,SYNTHETIC,33941,2974,2500,0,119.0,45.0,40.1,33,53.4,216.0,68,,570,0,-27.59134,-48.58881,Florianópolis,moving,low_fuel,2500,119.0
TLM02506,CUST0251,VEH0051,CONTR0251,2026-09-03T07:08:00,SYNTHETIC,34668,2909,2500,0,116.4,54.9,28.0,47,30.7,204.6,24,,201,1,-27.49273,-48.54619,Florianópolis,parked,low_fuel,1500,116.4
TLM02507,CUST0251,VEH0051,CONTR0251,2026-09-10T10:20:00,SYNTHETIC,35447,3117,2500,0,124.7,60.5,21.0,67,20.8,228.2,35,,293,1,-27.49629,-48.53611,Florianópolis,moving,low_fuel,1500,124.7
TLM02508,CUST0251,VEH0051,CONTR0251,2026-09-17T13:23:00,SYNTHETIC,36182,2943,2500,0,117.7,49.9,14.9,89,18.0,205.3,87,,729,2,-27.52082,-48.57285,Florianópolis,charging,low_fuel,1500,117.7
TLM02509,CUST0251,VEH0051,CONTR0251,2026-09-24T06:10:00,SYNTHETIC,36915,2934,2500,0,117.4,57.8,15.3,87,15.9,220.2,58,,486,2,-27.52222,-48.61188,Florianópolis,parked,low_fuel,1500,117.4
TLM02510,CUST0251,VEH0051,CONTR0251,2026-10-01T15:17:00,SYNTHETIC,37643,2912,2500,0,116.5,41.6,26.8,49,38.6,222.1,82,,687,1,-27.61257,-48.57988,Florianópolis,parked,none,1500,116.5
TLM02511,CUST0252,VEH0052,CONTR0252,2026-07-30T19:42:00,SYNTHETIC,35838,1450,1500,50,96.7,53.8,45.0,14,50.2,130.3,45,,284,0,-12.9962,-38.53551,Salvador,charging,none,2500,96.7
TLM02512,CUST0252,VEH0052,CONTR0252,2026-08-06T18:40:00,SYNTHETIC,36251,1652,1500,0,110.1,39.3,54.1,13,82.4,144.7,45,,284,0,-13.04355,-38.42573,Salvador,parked,none,1000,110.1
TLM02513,CUST0252,VEH0052,CONTR0252,2026-08-13T18:44:00,SYNTHETIC,36572,1286,1500,214,85.7,37.2,8.9,65,14.4,113.5,32,,202,0,-13.03744,-38.42091,Salvador,maintenance,none,350,85.7
TLM02514,CUST0252,VEH0052,CONTR0252,2026-08-20T11:56:00,SYNTHETIC,36887,1263,1500,237,84.2,57.7,16.4,35,17.0,109.4,82,,519,0,-13.0341,-38.50376,Salvador,moving,km_limit,2500,84.2
TLM02515,CUST0252,VEH0052,CONTR0252,2026-08-27T15:59:00,SYNTHETIC,37235,1393,1500,107,92.9,40.4,45.2,14,67.1,119.2,54,,341,0,-13.04527,-38.54967,Salvador,parked,none,700,92.9
TLM02516,CUST0252,VEH0052,CONTR0252,2026-09-03T11:48:00,SYNTHETIC,37579,1379,1500,121,91.9,47.6,20.4,30,25.7,129.5,76,,481,0,-12.93877,-38.46099,Salvador,parked,none,4000,91.9
TLM02517,CUST0252,VEH0052,CONTR0252,2026-09-10T08:10:00,SYNTHETIC,37935,1424,1500,76,94.9,57.1,43.6,14,45.9,128.8,79,,500,0,-12.96899,-38.54239,Salvador,parked,none,350,94.9
TLM02518,CUST0252,VEH0052,CONTR0252,2026-09-17T22:28:00,SYNTHETIC,38282,1389,1500,111,92.6,44.7,35.9,17,48.2,139.1,64,,405,0,-13.04108,-38.49152,Salvador,moving,none,1000,92.6
TLM02519,CUST0252,VEH0052,CONTR0252,2026-09-24T09:23:00,SYNTHETIC,38610,1312,1500,188,87.5,58.9,36.3,16,37.0,130.9,62,,392,0,-13.03046,-38.56173,Salvador,parked,maintenance,4000,87.5
TLM02520,CUST0252,VEH0052,CONTR0252,2026-10-01T14:30:00,SYNTHETIC,39133,2093,1500,0,139.5,36.9,54.1,17,88.0,199.8,82,,519,0,-12.92749,-38.53368,Salvador,parked,low_fuel,700,139.5
TLM02521,CUST0253,VEH0053,CONTR0253,2026-07-30T12:04:00,SYNTHETIC,35925,700,1200,500,58.3,60.6,45.8,6,45.4,62.2,48,,281,0,-23.0097,-43.14072,Rio de Janeiro,moving,low_fuel,1000,58.3
TLM02522,CUST0253,VEH0053,CONTR0253,2026-08-06T18:10:00,SYNTHETIC,36174,999,1200,201,83.2,38.2,52.6,8,82.6,92.0,83,,487,0,-22.96444,-43.10207,Rio de Janeiro,maintenance,low_fuel,4000,83.2
TLM02523,CUST0253,VEH0053,CONTR0253,2026-08-13T18:07:00,SYNTHETIC,36472,1193,1200,7,99.4,59.3,37.0,14,37.4,94.5,68,,399,0,-22.89775,-43.16081,Rio de Janeiro,parked,low_fuel,4000,99.4
TLM02524,CUST0253,VEH0053,CONTR0253,2026-08-20T08:33:00,SYNTHETIC,36768,1186,1200,14,98.8,36.2,27.8,19,46.1,100.2,28,,164,0,-22.86775,-43.12559,Rio de Janeiro,parked,low_fuel,700,98.8
TLM02525,CUST0253,VEH0053,CONTR0253,2026-08-27T17:37:00,SYNTHETIC,36940,691,1200,509,57.6,39.5,26.8,11,40.7,64.9,49,,287,0,-23.01237,-43.20403,Rio de Janeiro,moving,none,1500,57.6
TLM02526,CUST0253,VEH0053,CONTR0253,2026-09-03T07:11:00,SYNTHETIC,37105,661,1200,539,55.1,52.7,15.4,19,17.5,57.1,15,,88,0,-22.86815,-43.14433,Rio de Janeiro,parked,low_fuel,1000,55.1
TLM02527,CUST0253,VEH0053,CONTR0253,2026-09-10T10:07:00,SYNTHETIC,37440,1341,1200,0,111.8,46.4,44.7,13,57.8,128.6,80,,469,0,-22.86573,-43.21162,Rio de Janeiro,parked,low_fuel,700,111.8
TLM02528,CUST0253,VEH0053,CONTR0253,2026-09-17T20:39:00,SYNTHETIC,37621,727,1200,473,60.6,53.4,36.2,9,40.7,61.2,62,,363,0,-22.95061,-43.16031,Rio de Janeiro,parked,low_fuel,350,60.6
TLM02529,CUST0253,VEH0053,CONTR0253,2026-09-24T08:18:00,SYNTHETIC,37919,1194,1200,6,99.5,60.8,30.8,17,30.3,99.8,19,,111,0,-23.00025,-43.08713,Rio de Janeiro,moving,low_fuel,350,99.5
TLM02530,CUST0253,VEH0053,CONTR0253,2026-10-01T19:04:00,SYNTHETIC,38166,989,1200,211,82.4,49.8,16.9,26,20.4,86.6,46,,270,0,-22.89887,-43.1646,Rio de Janeiro,parked,low_fuel,4000,82.4
TLM02531,CUST0254,VEH0054,CONTR0254,2026-07-30T16:42:00,SYNTHETIC,73947,3781,2500,0,151.2,56.7,57.0,30,60.4,419.5,91,,563,0,-8.08725,-34.89736,Recife,parked,km_limit,1000,151.2
TLM02532,CUST0254,VEH0054,CONTR0254,2026-08-06T16:31:00,SYNTHETIC,75014,4271,2500,0,170.8,51.9,48.4,40,55.9,424.9,44,,272,0,-8.08608,-34.89217,Recife,parked,none,350,170.8
TLM02533,CUST0254,VEH0054,CONTR0254,2026-08-13T09:02:00,SYNTHETIC,75919,3621,2500,0,144.8,56.9,21.9,75,23.1,381.3,17,,105,0,-8.1035,-34.9323,Recife,moving,none,1500,144.8
TLM02534,CUST0254,VEH0054,CONTR0254,2026-08-20T13:21:00,SYNTHETIC,76844,3700,2500,0,148.0,31.5,8.4,200,16.0,376.8,44,,272,0,-8.00685,-34.89787,Recife,moving,none,2500,148.0
TLM02535,CUST0254,VEH0054,CONTR0254,2026-08-27T06:54:00,SYNTHETIC,77427,2332,2500,168,93.3,40.1,44.6,23,66.7,243.9,95,,588,0,-8.06376,-34.93341,Recife,moving,km_limit,1500,93.3
TLM02536,CUST0254,VEH0054,CONTR0254,2026-09-03T07:05:00,SYNTHETIC,78222,3181,2500,0,127.2,59.2,9.2,156,9.4,337.8,25,,154,0,-8.08247,-34.94653,Recife,moving,none,700,127.2
TLM02537,CUST0254,VEH0054,CONTR0254,2026-09-10T10:54:00,SYNTHETIC,78807,2340,2500,160,93.6,38.6,51.5,20,80.0,269.9,82,,507,0,-8.11815,-34.87406,Recife,moving,low_fuel,350,93.6
TLM02538,CUST0254,VEH0054,CONTR0254,2026-09-17T11:51:00,SYNTHETIC,79526,2879,2500,0,115.2,54.7,50.0,26,54.8,295.7,62,,383,0,-8.11831,-34.92818,Recife,parked,none,700,115.2
TLM02539,CUST0254,VEH0054,CONTR0254,2026-09-24T16:29:00,SYNTHETIC,80508,3931,2500,0,157.2,60.1,30.0,59,29.9,445.7,68,,420,0,-8.01917,-34.88952,Recife,parked,none,4000,157.2
TLM02540,CUST0254,VEH0054,CONTR0254,2026-10-01T11:10:00,SYNTHETIC,81361,3415,2500,0,136.6,53.5,56.2,27,63.0,380.2,34,,210,0,-8.01163,-34.81714,Recife,parked,none,1000,136.6
TLM02541,CUST0255,VEH0055,CONTR0255,2026-07-30T11:54:00,SYNTHETIC,43297,918,1000,82,91.8,56.8,8.5,48,9.0,79.7,56,,316,0,-27.61479,-48.48558,Florianópolis,parked,low_fuel,700,91.8
TLM02542,CUST0255,VEH0055,CONTR0255,2026-08-06T18:31:00,SYNTHETIC,43518,884,1000,116,88.4,53.9,54.6,7,60.8,71.8,35,,197,0,-27.65087,-48.46607,Florianópolis,charging,low_fuel,700,88.4
TLM02543,CUST0255,VEH0055,CONTR0255,2026-08-13T06:03:00,SYNTHETIC,43719,807,1000,193,80.7,30.0,17.0,21,33.9,68.2,49,,276,0,-27.602,-48.48428,Florianópolis,moving,km_limit,350,80.7
TLM02544,CUST0255,VEH0055,CONTR0255,2026-08-20T16:04:00,SYNTHETIC,43954,941,1000,59,94.1,37.6,26.3,16,42.0,83.0,75,,423,0,-27.57849,-48.57355,Florianópolis,parked,none,1000,94.1
TLM02545,CUST0255,VEH0055,CONTR0255,2026-08-27T19:47:00,SYNTHETIC,44168,856,1000,144,85.6,36.4,13.9,28,22.9,68.9,24,,135,0,-27.66483,-48.56244,Florianópolis,parked,none,1000,85.6
TLM02546,CUST0255,VEH0055,CONTR0255,2026-09-03T21:33:00,SYNTHETIC,44382,859,1000,141,85.9,36.4,18.9,20,31.2,71.0,23,,129,0,-27.61228,-48.53401,Florianópolis,parked,maintenance,2500,85.9
TLM02547,CUST0255,VEH0055,CONTR0255,2026-09-10T07:18:00,SYNTHETIC,44615,935,1000,65,93.5,61.9,49.8,8,48.2,73.8,42,,237,0,-27.67525,-48.45311,Florianópolis,moving,maintenance,4000,93.5
TLM02548,CUST0255,VEH0055,CONTR0255,2026-09-17T17:18:00,SYNTHETIC,44848,932,1000,68,93.2,41.1,54.6,7,79.8,73.8,44,,248,0,-27.64662,-48.52116,Florianópolis,moving,maintenance,350,93.2
TLM02549,CUST0255,VEH0055,CONTR0255,2026-09-24T08:14:00,SYNTHETIC,45078,920,1000,80,92.0,42.6,38.6,10,54.3,80.2,95,,536,0,-27.61624,-48.51729,Florianópolis,moving,none,2500,92.0
TLM02550,CUST0255,VEH0055,CONTR0255,2026-10-01T20:29:00,SYNTHETIC,45312,936,1000,64,93.6,29.1,17.8,23,36.7,77.5,67,,378,0,-27.65321,-48.53925,Florianópolis,parked,km_limit,1500,93.6
TLM02551,CUST0256,VEH0056,CONTR0256,2026-07-30T22:07:00,SYNTHETIC,65023,944,800,0,118.0,40.1,27.9,15,41.7,87.5,22,,109,0,-25.37905,-49.25434,Curitiba,parked,none,700,118.0
TLM02552,CUST0256,VEH0056,CONTR0256,2026-08-06T12:36:00,SYNTHETIC,65223,802,800,0,100.2,54.2,55.9,6,61.8,66.9,21,,104,0,-25.42677,-49.35042,Curitiba,parked,km_limit,700,100.2
TLM02553,CUST0256,VEH0056,CONTR0256,2026-08-13T12:23:00,SYNTHETIC,65491,1074,800,0,134.2,52.9,17.0,28,19.3,101.0,39,,194,0,-25.3686,-49.22595,Curitiba,moving,none,4000,134.2
TLM02554,CUST0256,VEH0056,CONTR0256,2026-08-20T14:01:00,SYNTHETIC,65783,1169,800,0,146.1,38.7,57.5,9,89.1,95.9,17,,84,0,-25.40804,-49.25525,Curitiba,parked,km_limit,700,146.1
TLM02555,CUST0256,VEH0056,CONTR0256,2026-08-27T15:19:00,SYNTHETIC,66020,951,800,0,118.9,37.6,15.1,28,24.1,88.4,30,,149,0,-25.3468,-49.30689,Curitiba,moving,low_fuel,4000,118.9
TLM02556,CUST0256,VEH0056,CONTR0256,2026-09-03T10:29:00,SYNTHETIC,66368,1395,800,0,174.4,58.8,35.9,17,36.6,120.9,46,,229,0,-25.36563,-49.24965,Curitiba,parked,none,4000,174.4
TLM02557,CUST0256,VEH0056,CONTR0256,2026-09-10T17:10:00,SYNTHETIC,66578,840,800,0,105.0,33.9,26.7,14,47.3,75.1,56,,278,0,-25.37052,-49.35806,Curitiba,parked,none,1500,105.0
TLM02558,CUST0256,VEH0056,CONTR0256,2026-09-17T11:34:00,SYNTHETIC,66894,1267,800,0,158.4,40.3,49.1,11,73.2,113.7,29,,144,0,-25.43488,-49.22547,Curitiba,parked,none,700,158.4
TLM02559,CUST0256,VEH0056,CONTR0256,2026-09-24T08:24:00,SYNTHETIC,67234,1363,800,0,170.4,48.1,67.0,9,83.5,128.9,53,,263,0,-25.3686,-49.32988,Curitiba,parked,none,2500,170.4
TLM02560,CUST0256,VEH0056,CONTR0256,2026-10-01T15:27:00,SYNTHETIC,67545,1246,800,0,155.8,51.8,26.4,21,30.5,120.5,65,,323,0,-25.43696,-49.33186,Curitiba,moving,none,4000,155.8
TLM02561,CUST0257,VEH0057,CONTR0257,2026-07-30T17:21:00,SYNTHETIC,6094,1285,1800,515,71.4,30.5,24.1,24,47.6,71.2,34,,258,2,-15.81408,-47.83224,Brasília,parked,km_limit,292,71.4
TLM02562,CUST0257,VEH0057,CONTR0257,2026-08-06T20:02:00,SYNTHETIC,6601,2028,1800,0,112.7,44.0,29.9,30,40.8,121.3,20,,151,0,-15.7352,-47.87616,Brasília,parked,km_limit,254,112.7
TLM02563,CUST0257,VEH0057,CONTR0257,2026-08-13T06:03:00,SYNTHETIC,7077,1904,1800,0,105.8,32.9,37.4,23,68.3,106.4,20,,151,2,-15.72739,-47.9252,Brasília,moving,low_fuel,357,105.8
TLM02564,CUST0257,VEH0057,CONTR0257,2026-08-20T13:06:00,SYNTHETIC,7576,1999,1800,0,111.1,52.2,46.6,19,53.6,115.2,49,,371,2,-15.7888,-47.93928,Brasília,moving,low_fuel,121,111.1
TLM02565,CUST0257,VEH0057,CONTR0257,2026-08-27T16:53:00,SYNTHETIC,8179,2413,1800,0,134.1,48.0,12.2,89,15.3,144.3,26,,197,1,-15.82658,-47.91948,Brasília,parked,km_limit,279,134.1
TLM02566,CUST0257,VEH0057,CONTR0257,2026-09-03T22:21:00,SYNTHETIC,8770,2367,1800,0,131.5,52.2,38.7,27,44.4,128.3,31,,235,2,-15.70771,-47.82121,Brasília,parked,low_fuel,350,131.5
TLM02567,CUST0257,VEH0057,CONTR0257,2026-09-10T16:23:00,SYNTHETIC,9245,1903,1800,0,105.7,58.1,31.5,27,32.6,109.9,59,,447,1,-15.72124,-47.86636,Brasília,moving,none,339,105.7
TLM02568,CUST0257,VEH0057,CONTR0257,2026-09-17T13:24:00,SYNTHETIC,9720,1901,1800,0,105.6,47.0,34.5,25,44.1,105.3,20,,151,2,-15.81484,-47.87245,Brasília,moving,low_fuel,315,105.6
TLM02569,CUST0257,VEH0057,CONTR0257,2026-09-24T19:12:00,SYNTHETIC,10376,2627,1800,0,145.9,38.7,40.1,29,62.2,139.9,24,,182,0,-15.825,-47.933,Brasília,parked,none,400,145.9
TLM02570,CUST0257,VEH0057,CONTR0257,2026-10-01T19:57:00,SYNTHETIC,10714,1355,1800,445,75.3,33.1,25.4,24,46.0,76.6,90,,683,0,-15.76418,-47.83942,Brasília,parked,low_fuel,174,75.3
TLM02571,CUST0258,VEH0058,CONTR0258,2026-07-30T22:40:00,SYNTHETIC,78518,1501,1200,0,125.1,51.8,25.0,27,29.0,117.7,53,,299,0,-12.97092,-38.50021,Salvador,moving,km_limit,2500,125.1
TLM02572,CUST0258,VEH0058,CONTR0258,2026-08-06T12:24:00,SYNTHETIC,78831,1254,1200,0,104.5,59.6,8.9,64,8.9,91.9,95,,536,0,-12.97665,-38.43263,Salvador,moving,none,350,104.5
TLM02573,CUST0258,VEH0058,CONTR0258,2026-08-13T09:08:00,SYNTHETIC,79188,1430,1200,0,119.2,55.7,41.9,15,45.1,110.7,32,,180,0,-12.99073,-38.50069,Salvador,parked,none,700,119.2
TLM02574,CUST0258,VEH0058,CONTR0258,2026-08-20T22:55:00,SYNTHETIC,79546,1433,1200,0,119.4,31.8,25.1,25,47.5,123.3,92,,519,0,-12.99992,-38.49088,Salvador,parked,maintenance,350,119.4
TLM02575,CUST0258,VEH0058,CONTR0258,2026-08-27T10:11:00,SYNTHETIC,79731,741,1200,459,61.8,45.8,38.7,8,50.7,55.1,64,,361,0,-13.03714,-38.49943,Salvador,moving,km_limit,350,61.8
TLM02576,CUST0258,VEH0058,CONTR0258,2026-09-03T15:10:00,SYNTHETIC,80021,1160,1200,40,96.7,49.8,23.3,22,28.1,90.4,65,,367,0,-12.94534,-38.48222,Salvador,parked,low_fuel,2500,96.7
TLM02577,CUST0258,VEH0058,CONTR0258,2026-09-10T11:30:00,SYNTHETIC,80202,727,1200,473,60.6,38.1,6.4,51,10.1,62.6,19,,107,0,-13.03544,-38.53067,Salvador,moving,low_fuel,700,60.6
TLM02578,CUST0258,VEH0058,CONTR0258,2026-09-17T16:08:00,SYNTHETIC,80560,1434,1200,0,119.5,33.9,27.8,23,49.1,121.0,63,,355,0,-12.9586,-38.52887,Salvador,moving,low_fuel,700,119.5
TLM02579,CUST0258,VEH0058,CONTR0258,2026-09-24T06:43:00,SYNTHETIC,80836,1107,1200,93,92.2,31.9,31.2,16,58.7,91.4,16,,90,0,-12.93307,-38.42844,Salvador,parked,low_fuel,700,92.2
TLM02580,CUST0258,VEH0058,CONTR0258,2026-10-01T16:12:00,SYNTHETIC,81183,1391,1200,0,115.9,39.2,38.6,16,59.1,107.5,32,,180,0,-12.921,-38.41071,Salvador,parked,none,4000,115.9
TLM02581,CUST0259,VEH0059,CONTR0259,2026-07-30T12:40:00,SYNTHETIC,19004,2031,3000,969,67.7,59.6,30.6,30,30.8,165.2,77,,409,0,-25.45984,-49.27197,Curitiba,moving,none,2500,67.7
TLM02582,CUST0259,VEH0059,CONTR0259,2026-08-06T11:26:00,SYNTHETIC,19833,3318,3000,0,110.6,59.9,20.9,72,20.9,275.5,24,,127,0,-25.37018,-49.28134,Curitiba,parked,none,4000,110.6
TLM02583,CUST0259,VEH0059,CONTR0259,2026-08-13T14:01:00,SYNTHETIC,20480,2591,3000,409,86.4,34.5,53.9,21,93.6,229.7,21,,111,0,-25.38923,-49.25507,Curitiba,moving,none,4000,86.4
TLM02584,CUST0259,VEH0059,CONTR0259,2026-08-20T16:08:00,SYNTHETIC,21299,3277,3000,0,109.2,34.7,42.4,35,73.2,300.4,34,,180,0,-25.38718,-49.26185,Curitiba,parked,none,4000,109.2
TLM02585,CUST0259,VEH0059,CONTR0259,2026-08-27T18:32:00,SYNTHETIC,21992,2772,3000,228,92.4,56.2,34.5,36,36.8,238.4,46,,244,0,-25.44969,-49.32371,Curitiba,parked,none,350,92.4
TLM02586,CUST0259,VEH0059,CONTR0259,2026-09-03T08:32:00,SYNTHETIC,22518,2105,3000,895,70.2,57.2,25.5,37,26.8,173.9,94,,500,0,-25.46556,-49.20567,Curitiba,parked,low_fuel,1000,70.2
TLM02587,CUST0259,VEH0059,CONTR0259,2026-09-10T14:37:00,SYNTHETIC,23263,2982,3000,18,99.4,45.3,50.1,27,66.4,286.5,24,,127,0,-25.44776,-49.2541,Curitiba,moving,none,1000,99.4
TLM02588,CUST0259,VEH0059,CONTR0259,2026-09-17T17:08:00,SYNTHETIC,23768,2021,3000,979,67.4,41.6,10.2,90,14.7,192.3,71,,377,0,-25.44115,-49.17434,Curitiba,charging,low_fuel,1500,67.4
TLM02589,CUST0259,VEH0059,CONTR0259,2026-09-24T06:56:00,SYNTHETIC,24627,3439,3000,0,114.6,55.4,24.9,62,27.0,326.2,56,,297,0,-25.38526,-49.31259,Curitiba,moving,none,4000,114.6
TLM02590,CUST0259,VEH0059,CONTR0259,2026-10-01T16:29:00,SYNTHETIC,25575,3792,3000,0,126.4,47.7,20.5,83,25.8,348.3,47,,250,0,-25.44561,-49.20415,Curitiba,parked,low_fuel,4000,126.4
TLM02591,CUST0260,VEH0060,CONTR0260,2026-07-30T16:01:00,SYNTHETIC,56959,700,800,100,87.5,58.0,68.9,4,71.3,66.1,70,,348,0,-22.8428,-46.96287,Campinas,parked,low_fuel,1000,87.5
TLM02592,CUST0260,VEH0060,CONTR0260,2026-08-06T20:32:00,SYNTHETIC,57262,1212,800,0,151.5,47.8,14.1,39,17.7,110.7,59,,293,0,-22.93711,-46.96456,Campinas,parked,km_limit,4000,151.5
TLM02593,CUST0260,VEH0060,CONTR0260,2026-08-13T06:59:00,SYNTHETIC,57553,1166,800,0,145.8,53.2,58.6,9,66.1,119.4,90,,448,0,-22.94839,-46.9911,Campinas,moving,km_limit,700,145.8
TLM02594,CUST0260,VEH0060,CONTR0260,2026-08-20T19:02:00,SYNTHETIC,57841,1155,800,0,144.4,29.0,33.4,15,69.1,109.7,56,,278,0,-22.85423,-47.03709,Campinas,moving,none,4000,144.4
TLM02595,CUST0260,VEH0060,CONTR0260,2026-08-27T12:35:00,SYNTHETIC,58190,1398,800,0,174.8,32.6,52.4,12,96.3,118.8,43,,214,0,-22.81674,-47.0999,Campinas,moving,low_fuel,4000,174.8
TLM02596,CUST0260,VEH0060,CONTR0260,2026-09-03T20:10:00,SYNTHETIC,58351,647,800,153,80.9,59.0,49.0,6,49.8,59.4,76,,378,0,-22.81603,-47.08404,Campinas,parked,none,1500,80.9
TLM02597,CUST0260,VEH0060,CONTR0260,2026-09-10T06:29:00,SYNTHETIC,58570,877,800,0,109.6,36.5,22.9,17,37.6,88.8,61,,303,0,-22.86461,-47.02324,Campinas,parked,km_limit,1500,109.6
TLM02598,CUST0260,VEH0060,CONTR0260,2026-09-17T21:30:00,SYNTHETIC,58800,920,800,0,115.0,50.4,29.7,14,35.3,91.6,39,,194,0,-22.96168,-47.07423,Campinas,parked,km_limit,2500,115.0
TLM02599,CUST0260,VEH0060,CONTR0260,2026-09-24T16:17:00,SYNTHETIC,59000,801,800,0,100.1,36.3,34.1,10,56.3,78.5,15,,74,0,-22.80907,-46.97285,Campinas,parked,low_fuel,2500,100.1
TLM02600,CUST0260,VEH0060,CONTR0260,2026-10-01T19:34:00,SYNTHETIC,59260,1040,800,0,130.0,60.9,55.6,8,54.8,88.8,60,,298,0,-22.94719,-46.97996,Campinas,moving,maintenance,2500,130.0
TLM02601,CUST0261,VEH0061,CONTR0261,2026-07-30T14:31:00,SYNTHETIC,17670,1129,2500,1371,45.2,48.1,14.6,35,18.3,115.7,68,,367,0,-16.66857,-49.20582,Goiânia,parked,none,700,45.2
TLM02602,CUST0261,VEH0061,CONTR0261,2026-08-06T16:38:00,SYNTHETIC,18083,1652,2500,848,66.1,45.5,21.0,35,27.7,169.6,52,,280,0,-16.66696,-49.22598,Goiânia,moving,none,1500,66.1
TLM02603,CUST0261,VEH0061,CONTR0261,2026-08-13T22:32:00,SYNTHETIC,18331,993,2500,1507,39.7,59.2,38.9,11,39.5,104.2,19,,102,0,-16.64284,-49.30773,Goiânia,parked,none,1500,39.7
TLM02604,CUST0261,VEH0061,CONTR0261,2026-08-20T13:52:00,SYNTHETIC,18803,1891,2500,609,75.6,35.9,21.1,40,35.4,181.3,46,,248,0,-16.70115,-49.19384,Goiânia,parked,low_fuel,1500,75.6
TLM02605,CUST0261,VEH0061,CONTR0261,2026-08-27T08:33:00,SYNTHETIC,19128,1300,2500,1200,52.0,35.2,34.1,17,58.3,120.2,88,,475,0,-16.7579,-49.33148,Goiânia,charging,km_limit,1500,52.0
TLM02606,CUST0261,VEH0061,CONTR0261,2026-09-03T08:06:00,SYNTHETIC,19475,1391,2500,1109,55.6,32.3,38.4,16,71.3,137.2,37,,199,0,-16.7791,-49.20447,Goiânia,parked,low_fuel,1000,55.6
TLM02607,CUST0261,VEH0061,CONTR0261,2026-09-10T15:04:00,SYNTHETIC,19775,1202,2500,1298,48.1,40.0,20.7,26,31.1,121.1,88,,475,0,-16.66084,-49.29879,Goiânia,parked,none,1000,48.1
TLM02608,CUST0261,VEH0061,CONTR0261,2026-09-17T20:43:00,SYNTHETIC,20206,1727,2500,773,69.1,55.9,7.8,100,8.4,171.8,32,,172,0,-16.72595,-49.27403,Goiânia,parked,maintenance,700,69.1
TLM02609,CUST0261,VEH0061,CONTR0261,2026-09-24T08:57:00,SYNTHETIC,20457,1006,2500,1494,40.2,49.5,46.7,9,56.6,103.1,82,,442,0,-16.76063,-49.19711,Goiânia,moving,none,2500,40.2
TLM02610,CUST0261,VEH0061,CONTR0261,2026-10-01T15:18:00,SYNTHETIC,20895,1755,2500,745,70.2,47.2,46.1,17,58.6,167.4,42,,226,0,-16.68589,-49.24455,Goiânia,moving,km_limit,2500,70.2
TLM02611,CUST0262,VEH0062,CONTR0262,2026-07-30T20:45:00,SYNTHETIC,18521,1701,1500,0,113.4,41.9,13.9,55,19.9,161.7,41,,242,0,-22.99352,-43.21229,Rio de Janeiro,parked,maintenance,4000,113.4
TLM02612,CUST0262,VEH0062,CONTR0262,2026-08-06T16:07:00,SYNTHETIC,18946,1700,1500,0,113.3,57.8,29.1,26,30.2,149.0,54,,319,0,-22.95929,-43.14188,Rio de Janeiro,moving,none,2500,113.3
TLM02613,CUST0262,VEH0062,CONTR0262,2026-08-13T20:31:00,SYNTHETIC,19470,2097,1500,0,139.8,45.3,8.8,108,11.6,187.2,72,,425,0,-22.98344,-43.252,Rio de Janeiro,parked,low_fuel,1500,139.8
TLM02614,CUST0262,VEH0062,CONTR0262,2026-08-20T10:33:00,SYNTHETIC,20014,2178,1500,0,145.2,50.6,33.1,29,39.2,182.5,19,,112,0,-22.83966,-43.1153,Rio de Janeiro,moving,none,700,145.2
TLM02615,CUST0262,VEH0062,CONTR0262,2026-08-27T06:13:00,SYNTHETIC,20415,1605,1500,0,107.0,29.1,30.7,23,63.2,152.4,38,,224,0,-22.92806,-43.21337,Rio de Janeiro,parked,low_fuel,700,107.0
TLM02616,CUST0262,VEH0062,CONTR0262,2026-09-03T11:24:00,SYNTHETIC,20831,1664,1500,0,110.9,48.2,37.5,20,46.7,143.4,91,,537,0,-22.9431,-43.15376,Rio de Janeiro,parked,low_fuel,1500,110.9
TLM02617,CUST0262,VEH0062,CONTR0262,2026-09-10T09:44:00,SYNTHETIC,21150,1279,1500,221,85.3,41.8,34.2,16,49.2,113.7,48,,283,0,-22.87566,-43.22324,Rio de Janeiro,parked,none,4000,85.3
TLM02618,CUST0262,VEH0062,CONTR0262,2026-09-17T22:34:00,SYNTHETIC,21658,2035,1500,0,135.7,40.1,41.2,22,61.7,201.4,53,,313,0,-22.97149,-43.13689,Rio de Janeiro,moving,low_fuel,4000,135.7
TLM02619,CUST0262,VEH0062,CONTR0262,2026-09-24T09:48:00,SYNTHETIC,22053,1581,1500,0,105.4,56.7,35.6,20,37.7,156.3,29,,171,0,-22.8468,-43.14283,Rio de Janeiro,moving,none,2500,105.4
TLM02620,CUST0262,VEH0062,CONTR0262,2026-10-01T20:27:00,SYNTHETIC,22452,1599,1500,0,106.6,58.4,44.6,16,45.8,145.8,59,,348,0,-22.94898,-43.20659,Rio de Janeiro,maintenance,none,350,106.6
TLM02621,CUST0263,VEH0063,CONTR0263,2026-07-30T12:32:00,SYNTHETIC,53676,1628,2500,872,65.1,42.1,48.4,15,69.1,148.5,16,,89,0,-30.03234,-51.1786,Porto Alegre,parked,maintenance,2500,65.1
TLM02622,CUST0263,VEH0063,CONTR0263,2026-08-06T19:03:00,SYNTHETIC,54161,1942,2500,558,77.7,42.8,40.4,21,56.7,150.9,77,,429,0,-30.1102,-51.2373,Porto Alegre,parked,maintenance,1000,77.7
TLM02623,CUST0263,VEH0063,CONTR0263,2026-08-13T13:19:00,SYNTHETIC,54972,3244,2500,0,129.8,40.8,39.7,37,58.4,288.5,84,,468,0,-30.05019,-51.19568,Porto Alegre,moving,none,2500,129.8
TLM02624,CUST0263,VEH0063,CONTR0263,2026-08-20T22:40:00,SYNTHETIC,55720,2993,2500,0,119.7,43.4,22.6,60,31.3,239.5,58,,323,0,-30.12862,-51.30662,Porto Alegre,parked,km_limit,4000,119.7
TLM02625,CUST0263,VEH0063,CONTR0263,2026-08-27T18:07:00,SYNTHETIC,56494,3098,2500,0,123.9,34.9,14.1,99,24.3,245.4,33,,184,0,-30.04357,-51.21781,Porto Alegre,parked,none,1500,123.9
TLM02626,CUST0263,VEH0063,CONTR0263,2026-09-03T14:30:00,SYNTHETIC,56949,1821,2500,679,72.8,59.6,31.1,26,31.3,155.2,89,,496,0,-30.08311,-51.20853,Porto Alegre,charging,low_fuel,1500,72.8
TLM02627,CUST0263,VEH0063,CONTR0263,2026-09-10T21:35:00,SYNTHETIC,57807,3432,2500,0,137.3,49.5,7.2,216,8.7,295.6,59,,329,0,-30.02879,-51.21706,Porto Alegre,parked,none,4000,137.3
TLM02628,CUST0263,VEH0063,CONTR0263,2026-09-17T11:46:00,SYNTHETIC,58383,2307,2500,193,92.3,31.3,54.6,19,104.7,179.7,30,,167,0,-30.05847,-51.29252,Porto Alegre,parked,none,2500,92.3
TLM02629,CUST0263,VEH0063,CONTR0263,2026-09-24T18:11:00,SYNTHETIC,59104,2884,2500,0,115.4,34.0,53.2,24,93.9,226.3,80,,446,0,-30.09422,-51.22777,Porto Alegre,moving,none,4000,115.4
TLM02630,CUST0263,VEH0063,CONTR0263,2026-10-01T11:20:00,SYNTHETIC,59834,2922,2500,0,116.9,59.0,23.7,56,24.1,235.0,50,,279,0,-30.06378,-51.25263,Porto Alegre,parked,low_fuel,350,116.9
TLM02631,CUST0264,VEH0064,CONTR0264,2026-07-30T12:57:00,SYNTHETIC,36432,411,1500,1089,27.4,54.0,8.5,21,9.4,31.9,66,,382,0,-27.49009,-48.54522,Florianópolis,parked,none,700,27.4
TLM02632,CUST0264,VEH0064,CONTR0264,2026-08-06T18:23:00,SYNTHETIC,36547,461,1500,1039,30.7,50.7,48.7,4,57.6,34.0,72,,416,0,-27.56559,-48.55777,Florianópolis,parked,low_fuel,2500,30.7
TLM02633,CUST0264,VEH0064,CONTR0264,2026-08-13T19:11:00,SYNTHETIC,36708,647,1500,853,43.1,42.8,12.8,22,18.0,49.8,61,,353,0,-27.5004,-48.56078,Florianópolis,parked,maintenance,350,43.1
TLM02634,CUST0264,VEH0064,CONTR0264,2026-08-20T22:52:00,SYNTHETIC,36846,553,1500,947,36.9,60.7,16.3,15,16.1,44.7,21,,121,0,-27.49675,-48.53991,Florianópolis,moving,low_fuel,4000,36.9
TLM02635,CUST0264,VEH0064,CONTR0264,2026-08-27T15:25:00,SYNTHETIC,37006,643,1500,857,42.9,56.9,32.7,8,34.4,49.3,91,,526,0,-27.56178,-48.48601,Florianópolis,moving,low_fuel,4000,42.9
TLM02636,CUST0264,VEH0064,CONTR0264,2026-09-03T09:30:00,SYNTHETIC,37123,470,1500,1030,31.3,41.5,18.0,11,26.0,41.2,52,,301,0,-27.61124,-48.56297,Florianópolis,parked,none,1500,31.3
TLM02637,CUST0264,VEH0064,CONTR0264,2026-09-10T07:32:00,SYNTHETIC,37276,614,1500,886,40.9,28.5,52.3,5,110.1,52.3,66,,382,0,-27.50441,-48.58059,Florianópolis,parked,maintenance,1000,40.9
TLM02638,CUST0264,VEH0064,CONTR0264,2026-09-17T13:54:00,SYNTHETIC,37427,607,1500,893,40.5,47.4,37.0,7,46.8,49.0,45,,260,0,-27.47691,-48.6205,Florianópolis,parked,low_fuel,1000,40.5
TLM02639,CUST0264,VEH0064,CONTR0264,2026-09-24T10:33:00,SYNTHETIC,37527,400,1500,1100,26.7,60.3,10.8,16,10.7,32.2,63,,364,0,-27.59261,-48.4921,Florianópolis,moving,none,1500,26.7
TLM02640,CUST0264,VEH0064,CONTR0264,2026-10-01T17:04:00,SYNTHETIC,37654,508,1500,992,33.9,28.1,37.1,6,79.3,41.2,63,,364,0,-27.51426,-48.60938,Florianópolis,moving,none,700,33.9
TLM02641,CUST0265,VEH0065,CONTR0265,2026-07-30T07:11:00,SYNTHETIC,46149,918,1000,82,91.8,30.7,24.7,16,48.4,84.1,68,,401,0,-12.93739,-38.43694,Salvador,moving,none,4000,91.8
TLM02642,CUST0265,VEH0065,CONTR0265,2026-08-06T09:58:00,SYNTHETIC,46389,963,1000,37,96.3,49.7,27.7,15,33.4,82.3,57,,336,0,-12.94435,-38.51874,Salvador,parked,maintenance,700,96.3
TLM02643,CUST0265,VEH0065,CONTR0265,2026-08-13T15:20:00,SYNTHETIC,46684,1181,1000,0,118.1,37.4,53.3,10,85.4,97.0,95,,560,0,-12.91812,-38.43972,Salvador,moving,maintenance,1500,118.1
TLM02644,CUST0265,VEH0065,CONTR0265,2026-08-20T10:57:00,SYNTHETIC,46966,1129,1000,0,112.9,58.9,27.1,18,27.6,85.9,37,,218,0,-13.04217,-38.49553,Salvador,moving,none,4000,112.9
TLM02645,CUST0265,VEH0065,CONTR0265,2026-08-27T20:48:00,SYNTHETIC,47150,736,1000,264,73.6,36.6,46.9,7,76.9,61.0,23,,135,0,-13.04855,-38.49697,Salvador,moving,none,4000,73.6
TLM02646,CUST0265,VEH0065,CONTR0265,2026-09-03T20:06:00,SYNTHETIC,47330,720,1000,280,72.0,50.4,54.5,6,64.9,61.8,18,,106,0,-13.03559,-38.52513,Salvador,parked,km_limit,1500,72.0
TLM02647,CUST0265,VEH0065,CONTR0265,2026-09-10T16:22:00,SYNTHETIC,47582,1009,1000,0,100.9,54.4,30.5,15,33.6,77.2,73,,430,0,-13.03513,-38.44984,Salvador,moving,low_fuel,2500,100.9
TLM02648,CUST0265,VEH0065,CONTR0265,2026-09-17T06:52:00,SYNTHETIC,47880,1193,1000,0,119.3,57.5,40.1,13,41.8,95.5,89,,525,0,-12.95072,-38.49828,Salvador,parked,none,700,119.3
TLM02649,CUST0265,VEH0065,CONTR0265,2026-09-24T10:07:00,SYNTHETIC,48113,934,1000,66,93.4,40.1,38.0,11,56.9,71.0,90,,531,0,-12.94084,-38.43983,Salvador,parked,none,4000,93.4
TLM02650,CUST0265,VEH0065,CONTR0265,2026-10-01T16:48:00,SYNTHETIC,48271,634,1000,366,63.4,55.7,26.4,10,28.5,52.2,57,,336,0,-13.06687,-38.46163,Salvador,maintenance,low_fuel,350,63.4
TLM02651,CUST0266,VEH0066,CONTR0266,2026-07-30T11:23:00,SYNTHETIC,22995,750,800,50,93.8,30.2,66.8,5,132.9,65.5,21,,115,0,-27.65762,-48.48749,Florianópolis,parked,low_fuel,700,93.8
TLM02652,CUST0266,VEH0066,CONTR0266,2026-08-06T13:30:00,SYNTHETIC,23179,737,800,63,92.1,54.8,24.0,13,26.2,63.4,51,,280,0,-27.56217,-48.55164,Florianópolis,moving,none,1000,92.1
TLM02653,CUST0266,VEH0066,CONTR0266,2026-08-13T13:01:00,SYNTHETIC,23346,671,800,129,83.9,56.7,45.3,6,48.0,59.3,82,,451,0,-27.58131,-48.50591,Florianópolis,parked,none,350,83.9
TLM02654,CUST0266,VEH0066,CONTR0266,2026-08-20T06:21:00,SYNTHETIC,23518,689,800,111,86.1,36.4,16.6,18,27.3,64.6,80,,440,0,-27.50901,-48.48777,Florianópolis,moving,low_fuel,1000,86.1
TLM02655,CUST0266,VEH0066,CONTR0266,2026-08-27T10:58:00,SYNTHETIC,23703,742,800,58,92.8,50.5,30.2,11,35.9,61.1,55,,302,0,-27.63113,-48.53028,Florianópolis,moving,maintenance,350,92.8
TLM02656,CUST0266,VEH0066,CONTR0266,2026-09-03T08:30:00,SYNTHETIC,23877,697,800,103,87.1,37.8,39.2,8,62.2,65.8,87,,478,0,-27.64497,-48.45806,Florianópolis,parked,low_fuel,350,87.1
TLM02657,CUST0266,VEH0066,CONTR0266,2026-09-10T22:25:00,SYNTHETIC,24043,664,800,136,83.0,36.7,34.2,8,55.9,62.6,79,,434,0,-27.61222,-48.45905,Florianópolis,parked,none,4000,83.0
TLM02658,CUST0266,VEH0066,CONTR0266,2026-09-17T18:24:00,SYNTHETIC,24226,733,800,67,91.6,48.4,34.9,9,43.3,72.6,71,,390,0,-27.54821,-48.4856,Florianópolis,parked,none,700,91.6
TLM02659,CUST0266,VEH0066,CONTR0266,2026-09-24T12:32:00,SYNTHETIC,24393,671,800,129,83.9,33.0,45.0,6,81.8,61.6,39,,214,0,-27.56264,-48.55151,Florianópolis,parked,maintenance,1500,83.9
TLM02660,CUST0266,VEH0066,CONTR0266,2026-10-01T17:07:00,SYNTHETIC,24573,721,800,79,90.1,47.9,26.8,12,33.5,63.1,89,,489,0,-27.60061,-48.58652,Florianópolis,parked,low_fuel,700,90.1
TLM02661,CUST0267,VEH0067,CONTR0267,2026-07-30T07:13:00,SYNTHETIC,48248,710,800,90,88.8,43.0,12.5,25,17.4,68.2,68,,396,0,-25.39268,-49.29468,Curitiba,moving,none,2500,88.8
TLM02662,CUST0267,VEH0067,CONTR0267,2026-08-06T16:15:00,SYNTHETIC,48423,703,800,97,87.9,30.4,21.4,14,42.4,59.4,85,,495,0,-25.42131,-49.16864,Curitiba,moving,none,350,87.9
TLM02663,CUST0267,VEH0067,CONTR0267,2026-08-13T17:15:00,SYNTHETIC,48649,904,800,0,113.0,60.2,17.3,23,17.2,82.0,16,,93,0,-25.4034,-49.28876,Curitiba,parked,maintenance,700,113.0
TLM02664,CUST0267,VEH0067,CONTR0267,2026-08-20T20:56:00,SYNTHETIC,48877,915,800,0,114.4,29.4,38.0,10,77.5,88.9,39,,227,0,-25.46143,-49.19769,Curitiba,moving,maintenance,700,114.4
TLM02665,CUST0267,VEH0067,CONTR0267,2026-08-27T14:46:00,SYNTHETIC,48998,487,800,313,60.9,49.1,35.5,6,43.4,46.1,53,,308,0,-25.421,-49.20295,Curitiba,parked,none,1500,60.9
TLM02666,CUST0267,VEH0067,CONTR0267,2026-09-03T20:34:00,SYNTHETIC,49227,919,800,0,114.9,29.3,43.3,9,88.8,88.8,20,,116,0,-25.48845,-49.26086,Curitiba,parked,km_limit,2500,114.9
TLM02667,CUST0267,VEH0067,CONTR0267,2026-09-10T09:49:00,SYNTHETIC,49391,658,800,142,82.2,57.2,34.2,8,35.8,63.5,44,,256,0,-25.3506,-49.20433,Curitiba,parked,km_limit,2500,82.2
TLM02668,CUST0267,VEH0067,CONTR0267,2026-09-17T09:59:00,SYNTHETIC,49536,580,800,220,72.5,39.7,16.1,16,24.3,55.5,84,,489,0,-25.49112,-49.17202,Curitiba,moving,maintenance,4000,72.5
TLM02669,CUST0267,VEH0067,CONTR0267,2026-09-24T14:56:00,SYNTHETIC,49759,893,800,0,111.6,52.0,30.3,13,35.0,85.2,69,,402,0,-25.46498,-49.23465,Curitiba,parked,low_fuel,2500,111.6
TLM02670,CUST0267,VEH0067,CONTR0267,2026-10-01T20:51:00,SYNTHETIC,49891,530,800,270,66.2,31.5,39.6,6,75.2,48.5,79,,460,0,-25.48837,-49.19543,Curitiba,charging,low_fuel,1500,66.2
TLM02671,CUST0268,VEH0068,CONTR0268,2026-07-30T14:34:00,SYNTHETIC,18651,1726,1500,0,115.1,34.2,26.1,30,45.8,130.2,23,,147,0,-25.35866,-49.25397,Curitiba,parked,none,350,115.1
TLM02672,CUST0268,VEH0068,CONTR0268,2026-08-06T08:35:00,SYNTHETIC,19078,1709,1500,0,113.9,59.0,52.1,14,53.0,131.0,76,,487,0,-25.34109,-49.18975,Curitiba,parked,none,4000,113.9
TLM02673,CUST0268,VEH0068,CONTR0268,2026-08-13T11:16:00,SYNTHETIC,19535,1829,1500,0,121.9,53.8,36.6,22,40.8,153.4,80,,512,0,-25.40371,-49.21651,Curitiba,moving,low_fuel,1000,121.9
TLM02674,CUST0268,VEH0068,CONTR0268,2026-08-20T12:29:00,SYNTHETIC,19930,1582,1500,0,105.5,46.0,10.9,65,14.2,128.9,86,,551,0,-25.38198,-49.31444,Curitiba,parked,none,1000,105.5
TLM02675,CUST0268,VEH0068,CONTR0268,2026-08-27T21:52:00,SYNTHETIC,20391,1844,1500,0,122.9,34.9,32.0,26,54.9,140.8,66,,423,0,-25.47638,-49.20409,Curitiba,parked,none,1500,122.9
TLM02676,CUST0268,VEH0068,CONTR0268,2026-09-03T14:02:00,SYNTHETIC,20837,1787,1500,0,119.1,56.8,19.3,42,20.4,134.7,15,,96,0,-25.3706,-49.26518,Curitiba,moving,low_fuel,350,119.1
TLM02677,CUST0268,VEH0068,CONTR0268,2026-09-10T21:10:00,SYNTHETIC,21295,1833,1500,0,122.2,32.2,41.6,20,77.6,138.4,20,,128,0,-25.40261,-49.24046,Curitiba,moving,low_fuel,1500,122.2
TLM02678,CUST0268,VEH0068,CONTR0268,2026-09-17T14:16:00,SYNTHETIC,21726,1725,1500,0,115.0,58.5,42.7,18,43.8,130.0,73,,467,0,-25.33692,-49.21052,Curitiba,parked,low_fuel,700,115.0
TLM02679,CUST0268,VEH0068,CONTR0268,2026-09-24T12:51:00,SYNTHETIC,22130,1619,1500,0,107.9,57.4,11.6,63,12.2,135.9,91,,583,0,-25.43033,-49.22334,Curitiba,parked,low_fuel,1500,107.9
TLM02680,CUST0268,VEH0068,CONTR0268,2026-10-01T13:42:00,SYNTHETIC,22557,1708,1500,0,113.9,59.9,30.9,25,31.0,143.0,86,,551,0,-25.41861,-49.3136,Curitiba,moving,low_fuel,4000,113.9
TLM02681,CUST0269,VEH0069,CONTR0269,2026-07-30T19:44:00,SYNTHETIC,47399,459,1500,1041,30.6,48.0,40.1,5,50.2,42.5,90,,521,0,-27.54103,-48.5805,Florianópolis,parked,low_fuel,350,30.6
TLM02682,CUST0269,VEH0069,CONTR0269,2026-08-06T06:16:00,SYNTHETIC,47514,463,1500,1037,30.9,41.6,43.6,4,62.9,40.7,52,,301,0,-27.66028,-48.50607,Florianópolis,parked,low_fuel,700,30.9
TLM02683,CUST0269,VEH0069,CONTR0269,2026-08-13T18:54:00,SYNTHETIC,47719,822,1500,678,54.8,30.0,20.4,18,40.8,73.7,27,,156,0,-27.59101,-48.59769,Florianópolis,parked,low_fuel,1500,54.8
TLM02684,CUST0269,VEH0069,CONTR0269,2026-08-20T20:06:00,SYNTHETIC,47929,843,1500,657,56.2,42.9,54.5,7,76.3,86.5,88,,509,0,-27.59983,-48.61995,Florianópolis,charging,low_fuel,4000,56.2
TLM02685,CUST0269,VEH0069,CONTR0269,2026-08-27T06:44:00,SYNTHETIC,48022,375,1500,1125,25.0,57.7,43.3,3,45.0,33.4,73,,422,0,-27.62302,-48.57215,Florianópolis,parked,maintenance,700,25.0
TLM02686,CUST0269,VEH0069,CONTR0269,2026-09-03T10:47:00,SYNTHETIC,48172,601,1500,899,40.1,52.5,28.6,9,32.7,53.1,36,,208,0,-27.61444,-48.61458,Florianópolis,moving,none,1500,40.1
TLM02687,CUST0269,VEH0069,CONTR0269,2026-09-10T21:08:00,SYNTHETIC,48340,673,1500,827,44.9,61.7,34.2,8,33.2,61.8,54,,312,0,-27.61641,-48.64536,Florianópolis,moving,none,1500,44.9
TLM02688,CUST0269,VEH0069,CONTR0269,2026-09-17T19:39:00,SYNTHETIC,48528,752,1500,748,50.1,61.6,31.1,10,30.3,78.6,20,,115,0,-27.66665,-48.54304,Florianópolis,moving,none,4000,50.1
TLM02689,CUST0269,VEH0069,CONTR0269,2026-09-24T14:01:00,SYNTHETIC,48704,706,1500,794,47.1,51.9,7.6,42,8.8,71.5,65,,376,0,-27.55783,-48.51469,Florianópolis,parked,none,350,47.1
TLM02690,CUST0269,VEH0069,CONTR0269,2026-10-01T19:25:00,SYNTHETIC,48807,415,1500,1085,27.7,32.6,44.9,4,82.6,40.9,70,,405,0,-27.51486,-48.60819,Florianópolis,moving,km_limit,1500,27.7
TLM02691,CUST0270,VEH0070,CONTR0270,2026-07-30T19:36:00,SYNTHETIC,35998,1150,800,0,143.8,34.1,13.7,38,24.1,84.2,29,,138,0,-22.976,-43.23013,Rio de Janeiro,parked,low_fuel,4000,143.8
TLM02692,CUST0270,VEH0070,CONTR0270,2026-08-06T17:35:00,SYNTHETIC,36325,1308,800,0,163.5,45.0,27.3,21,36.4,80.1,85,,407,0,-22.8781,-43.24536,Rio de Janeiro,charging,none,4000,163.5
TLM02693,CUST0270,VEH0070,CONTR0270,2026-08-13T18:18:00,SYNTHETIC,36479,618,800,182,77.2,39.3,17.0,16,25.9,38.2,63,,301,0,-22.96331,-43.15057,Rio de Janeiro,moving,low_fuel,1500,77.2
TLM02694,CUST0270,VEH0070,CONTR0270,2026-08-20T21:00:00,SYNTHETIC,36648,677,800,123,84.6,32.1,27.6,11,51.6,49.8,59,,282,0,-22.96214,-43.13061,Rio de Janeiro,parked,none,4000,84.6
TLM02695,CUST0270,VEH0070,CONTR0270,2026-08-27T10:49:00,SYNTHETIC,36867,876,800,0,109.5,47.1,32.0,12,40.8,63.2,49,,234,0,-22.98986,-43.13518,Rio de Janeiro,parked,none,1000,109.5
TLM02696,CUST0270,VEH0070,CONTR0270,2026-09-03T18:38:00,SYNTHETIC,37173,1227,800,0,153.4,60.9,32.8,17,32.3,81.0,37,,177,0,-22.99633,-43.21985,Rio de Janeiro,moving,maintenance,1000,153.4
TLM02697,CUST0270,VEH0070,CONTR0270,2026-09-10T21:51:00,SYNTHETIC,37326,612,800,188,76.5,41.0,15.2,18,22.2,42.3,23,,110,0,-22.89859,-43.18974,Rio de Janeiro,parked,none,1000,76.5
TLM02698,CUST0270,VEH0070,CONTR0270,2026-09-17T16:13:00,SYNTHETIC,37605,1119,800,0,139.9,40.3,48.4,10,72.0,70.4,81,,387,0,-23.0097,-43.12704,Rio de Janeiro,parked,maintenance,1000,139.9
TLM02699,CUST0270,VEH0070,CONTR0270,2026-09-24T08:39:00,SYNTHETIC,37790,743,800,57,92.9,54.0,18.3,18,20.3,53.4,82,,392,0,-22.86144,-43.21602,Rio de Janeiro,moving,none,4000,92.9
TLM02700,CUST0270,VEH0070,CONTR0270,2026-10-01T10:44:00,SYNTHETIC,37975,743,800,57,92.9,37.1,43.4,7,70.1,48.7,63,,301,0,-22.89168,-43.21468,Rio de Janeiro,moving,none,350,92.9
TLM02701,CUST0271,VEH0071,CONTR0271,2026-07-30T22:06:00,SYNTHETIC,25366,2214,1800,0,123.0,32.3,39.1,25,72.5,183.0,72,,419,0,-12.86131,-38.54913,Salvador,moving,low_fuel,350,123.0
TLM02702,CUST0271,VEH0071,CONTR0271,2026-08-06T07:49:00,SYNTHETIC,25877,2046,1800,0,113.7,33.7,41.3,22,73.5,162.4,86,,501,0,-12.88374,-38.45335,Salvador,charging,none,2500,113.7
TLM02703,CUST0271,VEH0071,CONTR0271,2026-08-13T22:07:00,SYNTHETIC,26236,1436,1800,364,79.8,43.2,44.8,14,62.1,119.7,30,,174,0,-12.94014,-38.40137,Salvador,moving,km_limit,700,79.8
TLM02704,CUST0271,VEH0071,CONTR0271,2026-08-20T06:21:00,SYNTHETIC,26760,2097,1800,0,116.5,45.7,6.9,138,9.0,182.6,90,,524,0,-12.88171,-38.40407,Salvador,parked,low_fuel,2500,116.5
TLM02705,CUST0271,VEH0071,CONTR0271,2026-08-27T09:44:00,SYNTHETIC,27221,1846,1800,0,102.6,37.1,15.4,54,25.0,153.3,18,,104,0,-12.90268,-38.5418,Salvador,parked,none,1000,102.6
TLM02706,CUST0271,VEH0071,CONTR0271,2026-09-03T07:40:00,SYNTHETIC,27822,2404,1800,0,133.6,35.5,52.9,20,89.3,209.4,70,,408,0,-12.98865,-38.53261,Salvador,moving,maintenance,2500,133.6
TLM02707,CUST0271,VEH0071,CONTR0271,2026-09-10T08:10:00,SYNTHETIC,28117,1183,1800,617,65.7,42.0,26.3,20,37.6,98.7,17,,99,0,-12.87214,-38.4087,Salvador,parked,low_fuel,700,65.7
TLM02708,CUST0271,VEH0071,CONTR0271,2026-09-17T17:36:00,SYNTHETIC,28722,2423,1800,0,134.6,56.2,44.0,25,47.0,195.4,29,,169,0,-12.93436,-38.5191,Salvador,parked,low_fuel,700,134.6
TLM02709,CUST0271,VEH0071,CONTR0271,2026-09-24T16:38:00,SYNTHETIC,29012,1160,1800,640,64.4,55.8,19.1,27,20.5,100.9,86,,501,0,-13.00617,-38.52197,Salvador,moving,maintenance,1000,64.4
TLM02710,CUST0271,VEH0071,CONTR0271,2026-10-01T17:26:00,SYNTHETIC,29484,1891,1800,0,105.1,28.0,17.0,50,36.4,171.5,48,,279,0,-12.86317,-38.49289,Salvador,parked,km_limit,4000,105.1
TLM02711,CUST0272,VEH0072,CONTR0272,2026-07-30T12:01:00,SYNTHETIC,21050,1297,1200,0,108.1,41.3,30.1,19,43.7,126.0,80,,456,0,-13.00227,-38.4942,Salvador,moving,none,4000,108.1
TLM02712,CUST0272,VEH0072,CONTR0272,2026-08-06T09:25:00,SYNTHETIC,21227,708,1200,492,59.0,36.0,30.6,10,50.9,66.4,65,,370,0,-13.00463,-38.57984,Salvador,parked,low_fuel,1000,59.0
TLM02713,CUST0272,VEH0072,CONTR0272,2026-08-13T13:01:00,SYNTHETIC,21575,1395,1200,0,116.3,52.0,33.6,18,38.8,121.9,31,,176,0,-12.97246,-38.56251,Salvador,moving,low_fuel,700,116.3
TLM02714,CUST0272,VEH0072,CONTR0272,2026-08-20T09:57:00,SYNTHETIC,21892,1271,1200,0,105.9,61.4,51.0,11,49.8,112.5,27,,153,0,-13.01313,-38.44752,Salvador,parked,km_limit,700,105.9
TLM02715,CUST0272,VEH0072,CONTR0272,2026-08-27T06:44:00,SYNTHETIC,22233,1365,1200,0,113.8,54.5,30.0,20,33.0,119.2,65,,370,0,-12.99627,-38.50551,Salvador,parked,maintenance,350,113.8
TLM02716,CUST0272,VEH0072,CONTR0272,2026-09-03T21:32:00,SYNTHETIC,22463,922,1200,278,76.8,60.8,31.4,13,31.0,81.3,50,,285,0,-12.96308,-38.49581,Salvador,parked,low_fuel,700,76.8
TLM02717,CUST0272,VEH0072,CONTR0272,2026-09-10T11:23:00,SYNTHETIC,22654,764,1200,436,63.7,33.8,27.2,12,48.3,67.6,63,,359,0,-12.94165,-38.49049,Salvador,parked,none,2500,63.7
TLM02718,CUST0272,VEH0072,CONTR0272,2026-09-17T11:30:00,SYNTHETIC,23018,1459,1200,0,121.6,42.8,14.0,47,19.6,125.3,83,,473,0,-12.99347,-38.44123,Salvador,moving,none,700,121.6
TLM02719,CUST0272,VEH0072,CONTR0272,2026-09-24T07:10:00,SYNTHETIC,23226,832,1200,368,69.3,53.1,40.5,9,45.7,82.9,58,,330,0,-12.90313,-38.4608,Salvador,parked,km_limit,4000,69.3
TLM02720,CUST0272,VEH0072,CONTR0272,2026-10-01T06:26:00,SYNTHETIC,23568,1369,1200,0,114.1,58.4,6.9,90,7.1,133.0,78,,444,0,-13.02715,-38.53876,Salvador,parked,low_fuel,350,114.1
TLM02721,CUST0273,VEH0073,CONTR0273,2026-07-30T17:42:00,SYNTHETIC,7789,1866,2000,134,93.3,41.1,58.3,14,85.0,174.9,73,,381,0,-27.65058,-48.65405,Florianópolis,parked,low_fuel,700,93.3
TLM02722,CUST0273,VEH0073,CONTR0273,2026-08-06T09:52:00,SYNTHETIC,8513,2899,2000,0,144.9,51.7,49.2,26,57.1,257.3,42,,219,0,-27.60018,-48.53525,Florianópolis,parked,none,700,144.9
TLM02723,CUST0273,VEH0073,CONTR0273,2026-08-13T14:30:00,SYNTHETIC,9402,3556,2000,0,177.8,57.1,50.2,32,52.8,375.3,69,,360,0,-27.60762,-48.56777,Florianópolis,parked,km_limit,4000,177.8
TLM02724,CUST0273,VEH0073,CONTR0273,2026-08-20T22:16:00,SYNTHETIC,10162,3041,2000,0,152.0,31.3,51.9,26,99.4,271.7,15,,78,0,-27.64525,-48.59441,Florianópolis,parked,none,2500,152.0
TLM02725,CUST0273,VEH0073,CONTR0273,2026-08-27T17:41:00,SYNTHETIC,10760,2395,2000,0,119.8,54.9,50.6,21,55.3,232.1,75,,392,0,-27.64928,-48.53069,Florianópolis,parked,low_fuel,2500,119.8
TLM02726,CUST0273,VEH0073,CONTR0273,2026-09-03T14:08:00,SYNTHETIC,11302,2168,2000,0,108.4,32.5,22.1,44,40.8,200.7,93,,486,0,-27.62714,-48.54706,Florianópolis,parked,none,700,108.4
TLM02727,CUST0273,VEH0073,CONTR0273,2026-09-10T09:42:00,SYNTHETIC,12091,3158,2000,0,157.9,43.5,24.8,57,34.2,306.0,58,,303,0,-27.55603,-48.58524,Florianópolis,moving,none,350,157.9
TLM02728,CUST0273,VEH0073,CONTR0273,2026-09-17T18:12:00,SYNTHETIC,12537,1784,2000,216,89.2,59.8,26.8,30,26.8,168.1,19,,99,0,-27.59975,-48.57614,Florianópolis,parked,low_fuel,700,89.2
TLM02729,CUST0273,VEH0073,CONTR0273,2026-09-24T15:29:00,SYNTHETIC,13324,3149,2000,0,157.4,44.6,63.1,22,84.9,331.4,37,,193,0,-27.63175,-48.55924,Florianópolis,parked,low_fuel,350,157.4
TLM02730,CUST0273,VEH0073,CONTR0273,2026-10-01T21:03:00,SYNTHETIC,14021,2788,2000,0,139.4,47.1,32.5,39,41.4,273.2,91,,475,0,-27.54388,-48.57713,Florianópolis,charging,km_limit,1000,139.4
TLM02731,CUST0274,VEH0074,CONTR0274,2026-07-30T15:26:00,SYNTHETIC,37488,1798,2500,702,71.9,34.0,22.7,36,40.0,138.1,21,,129,0,-22.99804,-43.18514,Rio de Janeiro,parked,none,700,71.9
TLM02732,CUST0274,VEH0074,CONTR0274,2026-08-06T22:42:00,SYNTHETIC,37926,1753,2500,747,70.1,48.1,20.2,39,25.2,152.5,71,,437,0,-22.88413,-43.16912,Rio de Janeiro,parked,km_limit,4000,70.1
TLM02733,CUST0274,VEH0074,CONTR0274,2026-08-13T16:39:00,SYNTHETIC,38324,1595,2500,905,63.8,42.8,41.2,17,57.7,138.8,25,,154,0,-22.89605,-43.12745,Rio de Janeiro,moving,low_fuel,700,63.8
TLM02734,CUST0274,VEH0074,CONTR0274,2026-08-20T20:11:00,SYNTHETIC,38805,1924,2500,576,77.0,32.6,53.6,16,98.8,147.2,86,,529,0,-22.97428,-43.15108,Rio de Janeiro,charging,low_fuel,1000,77.0
TLM02735,CUST0274,VEH0074,CONTR0274,2026-08-27T18:43:00,SYNTHETIC,39061,1025,2500,1475,41.0,49.0,28.6,16,35.0,84.9,88,,542,0,-22.97956,-43.10585,Rio de Janeiro,parked,none,1500,41.0
TLM02736,CUST0274,VEH0074,CONTR0274,2026-09-03T20:36:00,SYNTHETIC,39572,2044,2500,456,81.8,40.0,43.5,21,65.3,171.6,94,,579,0,-22.99729,-43.1757,Rio de Janeiro,parked,low_fuel,1500,81.8
TLM02737,CUST0274,VEH0074,CONTR0274,2026-09-10T06:06:00,SYNTHETIC,39859,1150,2500,1350,46.0,57.4,12.6,41,13.2,86.7,30,,184,0,-22.89225,-43.22383,Rio de Janeiro,parked,low_fuel,350,46.0
TLM02738,CUST0274,VEH0074,CONTR0274,2026-09-17T16:06:00,SYNTHETIC,40304,1780,2500,720,71.2,48.3,25.4,31,31.5,142.3,56,,344,0,-22.97049,-43.15906,Rio de Janeiro,parked,none,1500,71.2
TLM02739,CUST0274,VEH0074,CONTR0274,2026-09-24T06:00:00,SYNTHETIC,40557,1014,2500,1486,40.6,51.8,27.8,16,32.2,86.3,16,,98,0,-22.89692,-43.1513,Rio de Janeiro,parked,maintenance,4000,40.6
TLM02740,CUST0274,VEH0074,CONTR0274,2026-10-01T15:56:00,SYNTHETIC,41010,1813,2500,687,72.5,58.6,19.4,42,19.8,155.1,76,,468,0,-22.85488,-43.14153,Rio de Janeiro,charging,low_fuel,4000,72.5
TLM02741,CUST0275,VEH0075,CONTR0275,2026-07-30T20:07:00,SYNTHETIC,60916,1609,1500,0,107.3,50.4,36.3,20,43.2,0.0,,91,238,0,-27.58698,-48.6131,Florianópolis,moving,none,1000,107.3
TLM02742,CUST0275,VEH0075,CONTR0275,2026-08-06T19:29:00,SYNTHETIC,61258,1368,1500,132,91.2,35.4,50.6,12,85.8,0.0,,51,146,3,-27.62109,-48.56635,Florianópolis,parked,none,1000,91.2
TLM02743,CUST0275,VEH0075,CONTR0275,2026-08-13T21:20:00,SYNTHETIC,61693,1743,1500,0,116.2,36.5,41.4,19,68.0,0.0,,41,110,5,-27.6731,-48.53145,Florianópolis,moving,battery_low,2500,116.2
TLM02744,CUST0275,VEH0075,CONTR0275,2026-08-20T11:55:00,SYNTHETIC,62222,2118,1500,0,141.2,48.1,35.4,27,44.1,0.0,,57,144,7,-27.59919,-48.48506,Florianópolis,parked,battery_low,350,141.2
TLM02745,CUST0275,VEH0075,CONTR0275,2026-08-27T19:38:00,SYNTHETIC,62833,2446,1500,0,163.1,61.7,35.2,31,34.2,0.0,,86,250,6,-27.55872,-48.50475,Florianópolis,moving,battery_low,1500,163.1
TLM02746,CUST0275,VEH0075,CONTR0275,2026-09-03T13:23:00,SYNTHETIC,63165,1328,1500,172,88.5,56.7,50.9,11,53.9,0.0,,36,98,2,-27.61838,-48.55788,Florianópolis,parked,battery_low,1000,88.5
TLM02747,CUST0275,VEH0075,CONTR0275,2026-09-10T10:56:00,SYNTHETIC,63720,2223,1500,0,148.2,53.0,16.7,60,18.9,0.0,,69,198,6,-27.6228,-48.55283,Florianópolis,parked,none,2500,148.2
TLM02748,CUST0275,VEH0075,CONTR0275,2026-09-17T07:42:00,SYNTHETIC,64313,2374,1500,0,158.3,44.6,21.7,49,29.1,0.0,,26,71,8,-27.60091,-48.55434,Florianópolis,moving,battery_low,350,158.3
TLM02749,CUST0275,VEH0075,CONTR0275,2026-09-24T08:11:00,SYNTHETIC,64802,1957,1500,0,130.5,55.6,47.2,18,51.0,0.0,,59,174,6,-27.57201,-48.62384,Florianópolis,parked,battery_low,4000,130.5
TLM02750,CUST0275,VEH0075,CONTR0275,2026-10-01T20:21:00,SYNTHETIC,65306,2019,1500,0,134.6,48.7,38.2,24,47.1,0.0,,55,141,6,-27.61768,-48.59025,Florianópolis,moving,battery_low,700,134.6
TLM02751,CUST0276,VEH0076,CONTR0276,2026-07-30T18:12:00,SYNTHETIC,10432,1676,2500,824,67.0,30.2,35.7,21,70.9,71.9,66,,648,0,-22.89909,-47.05055,Campinas,moving,low_fuel,131,67.0
TLM02752,CUST0276,VEH0076,CONTR0276,2026-08-06T07:55:00,SYNTHETIC,10975,2175,2500,325,87.0,40.2,9.8,101,14.6,91.8,72,,707,2,-22.91343,-47.01879,Campinas,moving,low_fuel,479,87.0
TLM02753,CUST0276,VEH0076,CONTR0276,2026-08-13T13:38:00,SYNTHETIC,11278,1212,2500,1288,48.5,50.2,43.5,12,51.9,58.0,40,,392,2,-22.895,-47.01535,Campinas,parked,low_fuel,343,48.5
TLM02754,CUST0276,VEH0076,CONTR0276,2026-08-20T07:21:00,SYNTHETIC,11711,1732,2500,768,69.3,33.5,45.3,17,81.0,74.0,84,,824,1,-22.90381,-47.08162,Campinas,parked,km_limit,335,69.3
TLM02755,CUST0276,VEH0076,CONTR0276,2026-08-27T09:20:00,SYNTHETIC,12187,1906,2500,594,76.2,44.1,54.3,15,73.8,87.8,92,,903,1,-22.91471,-47.07646,Campinas,charging,maintenance,491,76.2
TLM02756,CUST0276,VEH0076,CONTR0276,2026-09-03T18:32:00,SYNTHETIC,12715,2114,2500,386,84.6,28.3,38.2,25,80.9,95.2,42,,412,2,-22.86999,-47.08896,Campinas,moving,none,208,84.6
TLM02757,CUST0276,VEH0076,CONTR0276,2026-09-10T21:05:00,SYNTHETIC,12961,986,2500,1514,39.4,30.2,27.3,16,54.2,44.1,83,,815,1,-22.85059,-47.04561,Campinas,maintenance,km_limit,284,39.4
TLM02758,CUST0276,VEH0076,CONTR0276,2026-09-17T21:27:00,SYNTHETIC,13362,1607,2500,893,64.3,33.9,36.6,19,64.9,69.5,90,,883,1,-22.85487,-47.01916,Campinas,moving,none,485,64.3
TLM02759,CUST0276,VEH0076,CONTR0276,2026-09-24T21:42:00,SYNTHETIC,13786,1697,2500,803,67.9,33.3,39.9,19,72.0,73.2,31,,304,2,-22.95737,-47.00618,Campinas,parked,maintenance,265,67.9
TLM02760,CUST0276,VEH0076,CONTR0276,2026-10-01T10:34:00,SYNTHETIC,14028,969,2500,1531,38.8,50.7,43.6,10,51.6,43.4,37,,363,2,-22.82488,-47.07997,Campinas,parked,none,220,38.8
TLM02761,CUST0277,VEH0077,CONTR0277,2026-07-30T15:54:00,SYNTHETIC,54612,2072,2500,428,82.9,55.3,47.7,19,51.8,0.0,,77,194,2,-3.67436,-38.5446,Fortaleza,moving,maintenance,1500,82.9
TLM02762,CUST0277,VEH0077,CONTR0277,2026-08-06T17:46:00,SYNTHETIC,55115,2012,2500,488,80.5,51.3,67.4,13,78.9,0.0,,56,136,0,-3.68287,-38.50296,Fortaleza,moving,maintenance,350,80.5
TLM02763,CUST0277,VEH0077,CONTR0277,2026-08-13T06:20:00,SYNTHETIC,55644,2118,2500,382,84.7,53.2,62.3,15,70.3,0.0,,69,187,5,-3.7076,-38.56975,Fortaleza,parked,none,2500,84.7
TLM02764,CUST0277,VEH0077,CONTR0277,2026-08-20T19:05:00,SYNTHETIC,56227,2333,2500,167,93.3,56.0,40.3,26,43.2,0.0,,87,238,4,-3.69824,-38.51572,Fortaleza,parked,km_limit,1000,93.3
TLM02765,CUST0277,VEH0077,CONTR0277,2026-08-27T13:19:00,SYNTHETIC,56816,2358,2500,142,94.3,40.8,63.0,17,92.6,0.0,,62,158,5,-3.6616,-38.51634,Fortaleza,parked,none,700,94.3
TLM02766,CUST0277,VEH0077,CONTR0277,2026-09-03T09:39:00,SYNTHETIC,57337,2085,2500,415,83.4,60.4,46.3,20,46.0,0.0,,43,105,6,-3.64438,-38.53198,Fortaleza,moving,maintenance,700,83.4
TLM02767,CUST0277,VEH0077,CONTR0277,2026-09-10T09:38:00,SYNTHETIC,57856,2077,2500,423,83.1,58.1,41.1,22,42.4,0.0,,61,171,0,-3.74599,-38.53605,Fortaleza,parked,none,1000,83.1
TLM02768,CUST0277,VEH0077,CONTR0277,2026-09-17T21:28:00,SYNTHETIC,58368,2048,2500,452,81.9,42.2,49.4,18,70.3,0.0,,79,194,1,-3.75456,-38.43193,Fortaleza,parked,none,1000,81.9
TLM02769,CUST0277,VEH0077,CONTR0277,2026-09-24T13:24:00,SYNTHETIC,58938,2281,2500,219,91.2,59.8,46.5,22,46.6,0.0,,36,92,4,-3.72263,-38.55437,Fortaleza,parked,battery_low,1500,91.2
TLM02770,CUST0277,VEH0077,CONTR0277,2026-10-01T13:07:00,SYNTHETIC,59470,2131,2500,369,85.2,43.3,27.9,34,38.7,0.0,,69,191,5,-3.66439,-38.48924,Fortaleza,moving,none,1500,85.2
TLM02771,CUST0278,VEH0078,CONTR0278,2026-07-30T11:21:00,SYNTHETIC,39729,1322,1800,478,73.4,54.9,35.4,16,38.7,96.5,70,,561,0,-19.92526,-43.93321,Belo Horizonte,parked,none,2500,73.4
TLM02772,CUST0278,VEH0078,CONTR0278,2026-08-06T17:24:00,SYNTHETIC,40051,1288,1800,512,71.6,49.8,9.9,59,11.9,90.8,50,,401,2,-19.85749,-43.99798,Belo Horizonte,parked,km_limit,1500,71.6
TLM02773,CUST0278,VEH0078,CONTR0278,2026-08-13T13:08:00,SYNTHETIC,40494,1772,1800,28,98.4,59.5,43.0,18,43.4,141.0,75,,601,1,-19.885,-43.87937,Belo Horizonte,moving,km_limit,1000,98.4
TLM02774,CUST0278,VEH0078,CONTR0278,2026-08-20T20:14:00,SYNTHETIC,40986,1971,1800,0,109.5,59.2,21.9,40,22.1,132.7,51,,409,1,-19.94111,-43.92153,Belo Horizonte,moving,none,4000,109.5
TLM02775,CUST0278,VEH0078,CONTR0278,2026-08-27T21:06:00,SYNTHETIC,41335,1396,1800,404,77.6,47.3,34.0,18,43.2,99.5,38,,304,1,-19.84497,-43.97946,Belo Horizonte,moving,none,1500,77.6
TLM02776,CUST0278,VEH0078,CONTR0278,2026-09-03T12:56:00,SYNTHETIC,41877,2171,1800,0,120.6,58.9,44.0,22,44.7,170.5,58,,465,0,-19.88769,-43.9116,Belo Horizonte,parked,none,700,120.6
TLM02777,CUST0278,VEH0078,CONTR0278,2026-09-10T09:38:00,SYNTHETIC,42418,2165,1800,0,120.3,55.9,38.9,25,41.7,146.1,65,,521,0,-19.93735,-44.0096,Belo Horizonte,parked,none,2500,120.3
TLM02778,CUST0278,VEH0078,CONTR0278,2026-09-17T21:12:00,SYNTHETIC,42819,1605,1800,195,89.2,49.4,37.0,19,45.0,119.9,85,,681,0,-19.92747,-43.8593,Belo Horizonte,moving,low_fuel,4000,89.2
TLM02779,CUST0278,VEH0078,CONTR0278,2026-09-24T19:54:00,SYNTHETIC,43251,1730,1800,70,96.1,43.9,16.8,46,22.9,132.8,80,,641,2,-19.94031,-44.00525,Belo Horizonte,parked,low_fuel,700,96.1
TLM02780,CUST0278,VEH0078,CONTR0278,2026-10-01T15:17:00,SYNTHETIC,43677,1707,1800,93,94.8,45.0,45.7,16,61.0,138.3,16,,128,0,-19.84253,-43.90373,Belo Horizonte,parked,low_fuel,4000,94.8
TLM02781,CUST0279,VEH0079,CONTR0279,2026-07-30T06:59:00,SYNTHETIC,24142,2911,3000,89,97.0,33.3,35.9,36,64.6,302.9,18,,115,0,-15.76998,-47.88594,Brasília,moving,none,4000,97.0
TLM02782,CUST0279,VEH0079,CONTR0279,2026-08-06T13:01:00,SYNTHETIC,25053,3644,3000,0,121.5,41.8,13.2,125,19.0,347.6,59,,377,0,-15.7874,-47.87426,Brasília,moving,km_limit,1000,121.5
TLM02783,CUST0279,VEH0079,CONTR0279,2026-08-13T20:10:00,SYNTHETIC,25649,2387,3000,613,79.6,45.0,9.3,116,12.4,224.3,41,,262,0,-15.79614,-47.82095,Brasília,parked,maintenance,2500,79.6
TLM02784,CUST0279,VEH0079,CONTR0279,2026-08-20T22:19:00,SYNTHETIC,26437,3155,3000,0,105.2,48.1,47.5,30,59.3,303.1,19,,121,0,-15.83947,-47.87026,Brasília,moving,low_fuel,2500,105.2
TLM02785,CUST0279,VEH0079,CONTR0279,2026-08-27T21:09:00,SYNTHETIC,26954,2071,3000,929,69.0,46.7,6.1,154,7.8,184.9,65,,416,0,-15.77063,-47.88824,Brasília,parked,maintenance,1000,69.0
TLM02786,CUST0279,VEH0079,CONTR0279,2026-09-03T12:54:00,SYNTHETIC,27561,2429,3000,571,81.0,54.2,42.3,26,46.9,252.8,59,,377,0,-15.83334,-47.82599,Brasília,parked,low_fuel,350,81.0
TLM02787,CUST0279,VEH0079,CONTR0279,2026-09-10T06:52:00,SYNTHETIC,28007,1786,3000,1214,59.5,32.4,11.2,72,20.8,166.0,46,,294,0,-15.69161,-47.84559,Brasília,parked,km_limit,2500,59.5
TLM02788,CUST0279,VEH0079,CONTR0279,2026-09-17T11:19:00,SYNTHETIC,28911,3617,3000,0,120.6,35.6,33.9,48,57.1,365.4,34,,217,0,-15.82709,-47.84725,Brasília,parked,none,350,120.6
TLM02789,CUST0279,VEH0079,CONTR0279,2026-09-24T12:02:00,SYNTHETIC,29324,1655,3000,1345,55.2,58.1,39.7,18,41.0,159.4,82,,524,0,-15.77533,-47.88122,Brasília,parked,maintenance,1000,55.2
TLM02790,CUST0279,VEH0079,CONTR0279,2026-10-01T11:12:00,SYNTHETIC,29843,2078,3000,922,69.3,57.3,44.1,21,46.3,207.9,30,,192,0,-15.75489,-47.85486,Brasília,parked,km_limit,1500,69.3
TLM02791,CUST0280,VEH0080,CONTR0280,2026-07-30T13:47:00,SYNTHETIC,11959,3762,2500,0,150.5,44.1,24.2,70,32.9,345.9,87,,534,0,-15.72666,-47.79695,Brasília,moving,km_limit,1000,150.5
TLM02792,CUST0280,VEH0080,CONTR0280,2026-08-06T10:22:00,SYNTHETIC,12832,3492,2500,0,139.7,38.8,42.5,37,65.7,303.6,71,,435,0,-15.71654,-47.87648,Brasília,moving,low_fuel,1500,139.7
TLM02793,CUST0280,VEH0080,CONTR0280,2026-08-13T06:40:00,SYNTHETIC,13638,3224,2500,0,129.0,55.3,32.1,45,34.9,279.0,79,,485,0,-15.78641,-47.87224,Brasília,moving,none,2500,129.0
TLM02794,CUST0280,VEH0080,CONTR0280,2026-08-20T10:02:00,SYNTHETIC,14312,2697,2500,0,107.9,35.2,29.7,41,50.7,218.7,61,,374,0,-15.78868,-47.899,Brasília,parked,low_fuel,1500,107.9
TLM02795,CUST0280,VEH0080,CONTR0280,2026-08-27T09:25:00,SYNTHETIC,14750,1754,2500,746,70.2,37.7,24.1,33,38.4,157.0,53,,325,0,-15.81226,-47.83979,Brasília,moving,none,2500,70.2
TLM02796,CUST0280,VEH0080,CONTR0280,2026-09-03T08:14:00,SYNTHETIC,15598,3395,2500,0,135.8,56.0,10.2,151,11.0,295.0,95,,583,0,-15.76924,-47.92081,Brasília,moving,km_limit,1500,135.8
TLM02797,CUST0280,VEH0080,CONTR0280,2026-09-10T15:02:00,SYNTHETIC,16390,3170,2500,0,126.8,40.1,8.1,178,12.1,288.1,54,,331,0,-15.72107,-47.83487,Brasília,moving,maintenance,1000,126.8
TLM02798,CUST0280,VEH0080,CONTR0280,2026-09-17T15:38:00,SYNTHETIC,17162,3088,2500,0,123.5,28.8,48.8,28,101.8,264.9,19,,116,0,-15.74656,-47.82366,Brasília,moving,km_limit,4000,123.5
TLM02799,CUST0280,VEH0080,CONTR0280,2026-09-24T13:50:00,SYNTHETIC,17946,3138,2500,0,125.5,53.1,47.8,29,53.9,273.4,79,,485,0,-15.76803,-47.88968,Brasília,moving,low_fuel,350,125.5
TLM02800,CUST0280,VEH0080,CONTR0280,2026-10-01T21:02:00,SYNTHETIC,18535,2359,2500,141,94.4,32.8,14.1,76,25.8,194.1,80,,491,0,-15.78906,-47.88812,Brasília,moving,none,4000,94.4
TLM02801,CUST0281,VEH0081,CONTR0281,2026-07-30T19:25:00,SYNTHETIC,44474,2296,1800,0,127.6,50.7,18.8,55,22.2,255.8,93,,554,0,-22.89254,-43.13037,Rio de Janeiro,moving,low_fuel,4000,127.6
TLM02802,CUST0281,VEH0081,CONTR0281,2026-08-06T19:31:00,SYNTHETIC,44760,1145,1800,655,63.6,29.2,23.5,22,48.3,126.2,85,,506,0,-22.90381,-43.10301,Rio de Janeiro,moving,none,350,63.6
TLM02803,CUST0281,VEH0081,CONTR0281,2026-08-13T20:13:00,SYNTHETIC,45035,1103,1800,697,61.3,47.6,11.4,44,14.3,117.9,87,,518,0,-22.99316,-43.10582,Rio de Janeiro,charging,maintenance,2500,61.3
TLM02804,CUST0281,VEH0081,CONTR0281,2026-08-20T13:57:00,SYNTHETIC,45480,1783,1800,17,99.1,31.9,25.5,31,47.9,189.3,83,,494,0,-23.00207,-43.10049,Rio de Janeiro,parked,none,2500,99.1
TLM02805,CUST0281,VEH0081,CONTR0281,2026-08-27T14:20:00,SYNTHETIC,45883,1615,1800,185,89.7,31.7,14.9,49,28.1,160.7,21,,125,0,-22.96314,-43.17234,Rio de Janeiro,maintenance,km_limit,350,89.7
TLM02806,CUST0281,VEH0081,CONTR0281,2026-09-03T20:25:00,SYNTHETIC,46283,1601,1800,199,88.9,35.9,13.6,53,22.7,168.0,68,,405,0,-22.90996,-43.16537,Rio de Janeiro,moving,none,350,88.9
TLM02807,CUST0281,VEH0081,CONTR0281,2026-09-10T15:31:00,SYNTHETIC,46855,2290,1800,0,127.2,54.7,52.3,19,57.3,252.0,78,,464,0,-22.9601,-43.23182,Rio de Janeiro,moving,low_fuel,4000,127.2
TLM02808,CUST0281,VEH0081,CONTR0281,2026-09-17T08:48:00,SYNTHETIC,47322,1870,1800,0,103.9,45.2,44.4,19,58.9,187.0,44,,262,0,-22.95102,-43.15839,Rio de Janeiro,parked,none,4000,103.9
TLM02809,CUST0281,VEH0081,CONTR0281,2026-09-24T14:28:00,SYNTHETIC,47607,1140,1800,660,63.3,37.4,24.8,20,39.7,134.3,25,,149,0,-22.99091,-43.17098,Rio de Janeiro,moving,low_fuel,1000,63.3
TLM02810,CUST0281,VEH0081,CONTR0281,2026-10-01T22:47:00,SYNTHETIC,47971,1456,1800,344,80.9,54.0,24.1,27,26.8,155.4,51,,303,0,-22.90366,-43.14182,Rio de Janeiro,parked,low_fuel,1000,80.9
TLM02811,CUST0282,VEH0082,CONTR0282,2026-07-30T13:59:00,SYNTHETIC,42794,1335,1800,465,74.2,40.5,10.2,59,15.1,119.1,88,,490,0,-27.51591,-48.56281,Florianópolis,moving,low_fuel,350,74.2
TLM02812,CUST0282,VEH0082,CONTR0282,2026-08-06T12:28:00,SYNTHETIC,43098,1217,1800,583,67.6,44.5,27.0,20,36.4,94.9,39,,217,0,-27.59332,-48.57413,Florianópolis,moving,low_fuel,2500,67.6
TLM02813,CUST0282,VEH0082,CONTR0282,2026-08-13T21:18:00,SYNTHETIC,43307,838,1800,962,46.6,58.6,46.0,8,47.1,74.7,15,,83,0,-27.52718,-48.61751,Florianópolis,parked,low_fuel,4000,46.6
TLM02814,CUST0282,VEH0082,CONTR0282,2026-08-20T12:18:00,SYNTHETIC,43666,1438,1800,362,79.9,58.4,6.2,105,6.3,115.8,30,,167,0,-27.60797,-48.58036,Florianópolis,parked,none,700,79.9
TLM02815,CUST0282,VEH0082,CONTR0282,2026-08-27T14:07:00,SYNTHETIC,43962,1184,1800,616,65.8,32.9,52.3,10,95.4,106.6,26,,144,0,-27.49467,-48.57927,Florianópolis,moving,maintenance,700,65.8
TLM02816,CUST0282,VEH0082,CONTR0282,2026-09-03T10:55:00,SYNTHETIC,44137,700,1800,1100,38.9,50.7,19.4,16,23.0,55.9,95,,529,0,-27.55576,-48.63582,Florianópolis,parked,low_fuel,1000,38.9
TLM02817,CUST0282,VEH0082,CONTR0282,2026-09-10T06:28:00,SYNTHETIC,44429,1170,1800,630,65.0,49.7,31.0,17,37.4,96.3,82,,456,0,-27.60774,-48.62539,Florianópolis,parked,low_fuel,700,65.0
TLM02818,CUST0282,VEH0082,CONTR0282,2026-09-17T09:46:00,SYNTHETIC,44647,874,1800,926,48.6,29.1,38.5,10,79.4,77.7,42,,233,0,-27.50748,-48.61265,Florianópolis,parked,maintenance,1500,48.6
TLM02819,CUST0282,VEH0082,CONTR0282,2026-09-24T20:18:00,SYNTHETIC,44919,1091,1800,709,60.6,36.3,49.0,10,81.1,87.0,72,,401,0,-27.56325,-48.53857,Florianópolis,parked,km_limit,4000,60.6
TLM02820,CUST0282,VEH0082,CONTR0282,2026-10-01T20:48:00,SYNTHETIC,45267,1392,1800,408,77.3,57.2,34.5,18,36.1,128.3,64,,356,0,-27.58568,-48.52712,Florianópolis,charging,km_limit,2500,77.3
TLM02821,CUST0283,VEH0083,CONTR0283,2026-07-30T21:10:00,SYNTHETIC,43151,811,1000,189,81.1,48.8,44.6,8,54.9,69.6,77,,415,0,-22.86425,-43.08238,Rio de Janeiro,parked,low_fuel,1000,81.1
TLM02822,CUST0283,VEH0083,CONTR0283,2026-08-06T13:25:00,SYNTHETIC,43379,915,1000,85,91.5,45.2,40.8,10,54.2,85.2,15,,81,0,-22.9185,-43.07145,Rio de Janeiro,parked,none,4000,91.5
TLM02823,CUST0283,VEH0083,CONTR0283,2026-08-13T20:38:00,SYNTHETIC,43570,766,1000,234,76.6,34.3,15.4,22,26.9,68.4,41,,221,0,-23.01999,-43.17613,Rio de Janeiro,moving,km_limit,350,76.6
TLM02824,CUST0283,VEH0083,CONTR0283,2026-08-20T09:32:00,SYNTHETIC,43761,764,1000,236,76.4,51.1,16.9,20,19.8,65.5,55,,297,0,-23.01984,-43.15138,Rio de Janeiro,moving,low_fuel,4000,76.4
TLM02825,CUST0283,VEH0083,CONTR0283,2026-08-27T22:33:00,SYNTHETIC,44069,1234,1000,0,123.4,33.4,26.7,20,48.1,113.4,30,,162,0,-22.88851,-43.09704,Rio de Janeiro,parked,none,2500,123.4
TLM02826,CUST0283,VEH0083,CONTR0283,2026-09-03T09:23:00,SYNTHETIC,44388,1277,1000,0,127.7,60.5,9.5,60,9.5,113.1,45,,243,0,-22.94481,-43.17345,Rio de Janeiro,moving,km_limit,2500,127.7
TLM02827,CUST0283,VEH0083,CONTR0283,2026-09-10T19:54:00,SYNTHETIC,44600,849,1000,151,84.9,55.3,7.1,54,7.6,75.6,69,,372,0,-22.99302,-43.10054,Rio de Janeiro,parked,maintenance,350,84.9
TLM02828,CUST0283,VEH0083,CONTR0283,2026-09-17T21:35:00,SYNTHETIC,44807,828,1000,172,82.8,29.3,12.9,29,26.5,81.8,37,,199,0,-22.9201,-43.19397,Rio de Janeiro,parked,none,700,82.8
TLM02829,CUST0283,VEH0083,CONTR0283,2026-09-24T09:50:00,SYNTHETIC,45142,1343,1000,0,134.3,31.6,44.3,13,84.2,134.6,33,,178,0,-22.89814,-43.16108,Rio de Janeiro,charging,low_fuel,1500,134.3
TLM02830,CUST0283,VEH0083,CONTR0283,2026-10-01T21:59:00,SYNTHETIC,45317,701,1000,299,70.1,30.1,20.2,15,40.3,58.6,76,,410,0,-22.9181,-43.15191,Rio de Janeiro,parked,maintenance,2500,70.1
TLM02831,CUST0284,VEH0084,CONTR0284,2026-07-30T19:59:00,SYNTHETIC,74056,1785,3000,1215,59.5,47.2,36.0,22,45.7,104.8,38,,291,1,-12.97774,-38.39226,Salvador,moving,km_limit,2500,59.5
TLM02832,CUST0284,VEH0084,CONTR0284,2026-08-06T20:14:00,SYNTHETIC,74758,2809,3000,191,93.6,53.9,33.3,38,37.0,170.3,35,,268,0,-12.96224,-38.51781,Salvador,parked,none,1000,93.6
TLM02833,CUST0284,VEH0084,CONTR0284,2026-08-13T10:01:00,SYNTHETIC,75681,3694,3000,0,123.1,30.8,19.7,85,38.5,198.1,17,,130,0,-12.89146,-38.49455,Salvador,parked,none,2500,123.1
TLM02834,CUST0284,VEH0084,CONTR0284,2026-08-20T21:18:00,SYNTHETIC,76442,3046,3000,0,101.5,34.0,45.0,30,79.4,173.2,95,,727,0,-12.95542,-38.49694,Salvador,parked,none,4000,101.5
TLM02835,CUST0284,VEH0084,CONTR0284,2026-08-27T13:34:00,SYNTHETIC,77181,2959,3000,41,98.6,52.4,47.3,28,54.2,172.8,23,,176,0,-13.01886,-38.49633,Salvador,moving,km_limit,700,98.6
TLM02836,CUST0284,VEH0084,CONTR0284,2026-09-03T09:18:00,SYNTHETIC,77906,2901,3000,99,96.7,56.1,14.5,91,15.5,168.1,37,,283,1,-12.94278,-38.4126,Salvador,moving,none,1000,96.7
TLM02837,CUST0284,VEH0084,CONTR0284,2026-09-10T08:32:00,SYNTHETIC,78677,3086,3000,0,102.9,56.8,20.5,68,21.7,185.7,62,,474,1,-12.95169,-38.42317,Salvador,parked,low_fuel,700,102.9
TLM02838,CUST0284,VEH0084,CONTR0284,2026-09-17T19:13:00,SYNTHETIC,79230,2213,3000,787,73.8,46.6,8.8,114,11.4,134.2,88,,674,0,-12.97364,-38.39124,Salvador,parked,none,4000,73.8
TLM02839,CUST0284,VEH0084,CONTR0284,2026-09-24T16:34:00,SYNTHETIC,79769,2158,3000,842,71.9,56.6,23.6,41,25.0,126.6,61,,467,2,-12.99857,-38.47031,Salvador,moving,none,350,71.9
TLM02840,CUST0284,VEH0084,CONTR0284,2026-10-01T09:28:00,SYNTHETIC,80640,3486,3000,0,116.2,45.0,28.8,55,38.4,180.3,89,,681,0,-12.91128,-38.53396,Salvador,parked,none,4000,116.2
TLM02841,CUST0285,VEH0085,CONTR0285,2026-07-30T17:43:00,SYNTHETIC,35692,3744,3000,0,124.8,52.0,6.1,278,7.1,276.5,45,,261,0,-8.09989,-34.92417,Recife,moving,low_fuel,350,124.8
TLM02842,CUST0285,VEH0085,CONTR0285,2026-08-06T06:54:00,SYNTHETIC,36526,3337,3000,0,111.2,29.1,49.4,30,102.1,271.9,41,,237,0,-8.01744,-34.96483,Recife,moving,none,1000,111.2
TLM02843,CUST0285,VEH0085,CONTR0285,2026-08-13T18:25:00,SYNTHETIC,37321,3182,3000,0,106.1,47.3,9.8,147,12.4,244.7,50,,290,0,-8.03313,-34.95518,Recife,moving,low_fuel,700,106.1
TLM02844,CUST0285,VEH0085,CONTR0285,2026-08-20T20:07:00,SYNTHETIC,38116,3181,3000,0,106.0,46.7,13.7,105,17.5,230.5,23,,133,0,-8.07086,-34.89832,Recife,moving,none,1500,106.0
TLM02845,CUST0285,VEH0085,CONTR0285,2026-08-27T08:38:00,SYNTHETIC,38941,3300,3000,0,110.0,39.4,11.4,131,17.4,268.3,88,,510,0,-8.02383,-34.98959,Recife,parked,none,1000,110.0
TLM02846,CUST0285,VEH0085,CONTR0285,2026-09-03T19:14:00,SYNTHETIC,39778,3349,3000,0,111.6,54.2,45.1,33,49.9,249.4,60,,348,0,-8.10882,-34.9324,Recife,parked,low_fuel,700,111.6
TLM02847,CUST0285,VEH0085,CONTR0285,2026-09-10T22:50:00,SYNTHETIC,40619,3366,3000,0,112.2,37.0,17.8,86,28.8,288.4,34,,197,0,-8.04605,-34.91482,Recife,moving,none,4000,112.2
TLM02848,CUST0285,VEH0085,CONTR0285,2026-09-17T20:28:00,SYNTHETIC,41455,3345,3000,0,111.5,42.4,14.3,106,20.2,267.4,39,,226,0,-8.12118,-34.88516,Recife,parked,km_limit,1000,111.5
TLM02849,CUST0285,VEH0085,CONTR0285,2026-09-24T21:44:00,SYNTHETIC,42255,3201,3000,0,106.7,39.5,13.4,108,20.4,262.6,94,,545,0,-8.04041,-34.8685,Recife,moving,low_fuel,2500,106.7
TLM02850,CUST0285,VEH0085,CONTR0285,2026-10-01T09:25:00,SYNTHETIC,43089,3339,3000,0,111.3,43.8,50.7,29,69.5,269.2,82,,475,0,-8.03668,-34.90284,Recife,moving,low_fuel,2500,111.3
TLM02851,CUST0286,VEH0086,CONTR0286,2026-07-30T14:07:00,SYNTHETIC,67954,1549,1800,251,86.1,38.8,52.9,13,81.8,130.8,48,,240,0,-13.01437,-38.45685,Salvador,parked,low_fuel,700,86.1
TLM02852,CUST0286,VEH0086,CONTR0286,2026-08-06T20:04:00,SYNTHETIC,68346,1569,1800,231,87.2,58.2,53.3,13,55.0,142.5,24,,120,0,-12.89183,-38.49394,Salvador,parked,none,4000,87.2
TLM02853,CUST0286,VEH0086,CONTR0286,2026-08-13T16:19:00,SYNTHETIC,68676,1322,1800,478,73.4,31.1,49.7,12,95.7,109.4,67,,335,0,-12.89477,-38.51833,Salvador,moving,maintenance,1500,73.4
TLM02854,CUST0286,VEH0086,CONTR0286,2026-08-20T08:59:00,SYNTHETIC,68926,1003,1800,797,55.7,53.2,6.2,73,7.0,87.7,30,,150,0,-12.96065,-38.42786,Salvador,moving,low_fuel,4000,55.7
TLM02855,CUST0286,VEH0086,CONTR0286,2026-08-27T20:13:00,SYNTHETIC,69105,718,1800,1082,39.9,31.5,37.9,8,72.0,59.9,28,,140,0,-12.95436,-38.432,Salvador,parked,none,4000,39.9
TLM02856,CUST0286,VEH0086,CONTR0286,2026-09-03T18:22:00,SYNTHETIC,69393,1153,1800,647,64.1,56.2,10.3,50,11.0,98.8,46,,230,0,-12.88672,-38.50163,Salvador,moving,km_limit,1000,64.1
TLM02857,CUST0286,VEH0086,CONTR0286,2026-09-10T10:49:00,SYNTHETIC,69580,749,1800,1051,41.6,30.2,44.0,7,87.4,70.9,55,,275,0,-12.97571,-38.55997,Salvador,parked,low_fuel,1000,41.6
TLM02858,CUST0286,VEH0086,CONTR0286,2026-09-17T14:13:00,SYNTHETIC,69849,1079,1800,721,59.9,55.9,13.3,36,14.3,95.0,30,,150,0,-12.99612,-38.45897,Salvador,moving,low_fuel,1500,59.9
TLM02859,CUST0286,VEH0086,CONTR0286,2026-09-24T18:27:00,SYNTHETIC,70167,1275,1800,525,70.8,61.5,9.4,61,9.2,108.3,75,,375,0,-13.0164,-38.4236,Salvador,parked,none,1000,70.8
TLM02860,CUST0286,VEH0086,CONTR0286,2026-10-01T08:50:00,SYNTHETIC,70368,804,1800,996,44.7,60.4,9.1,40,9.0,72.8,52,,260,0,-13.02684,-38.42184,Salvador,moving,low_fuel,700,44.7
TLM02861,CUST0287,VEH0087,CONTR0287,2026-07-30T16:39:00,SYNTHETIC,12417,933,1200,267,77.8,55.4,52.1,8,56.4,96.6,27,,136,0,-8.11084,-34.94609,Recife,parked,low_fuel,4000,77.8
TLM02862,CUST0287,VEH0087,CONTR0287,2026-08-06T12:48:00,SYNTHETIC,12688,1087,1200,113,90.6,33.0,47.4,10,86.3,105.8,69,,349,0,-7.98658,-34.97497,Recife,parked,none,1000,90.6
TLM02863,CUST0287,VEH0087,CONTR0287,2026-08-13T15:06:00,SYNTHETIC,13069,1526,1200,0,127.2,47.7,21.4,32,26.9,146.7,56,,283,0,-8.11927,-34.84968,Recife,parked,low_fuel,4000,127.2
TLM02864,CUST0287,VEH0087,CONTR0287,2026-08-20T13:40:00,SYNTHETIC,13481,1649,1200,0,137.4,50.2,51.6,14,61.7,165.3,52,,263,0,-8.11782,-34.88136,Recife,parked,km_limit,4000,137.4
TLM02865,CUST0287,VEH0087,CONTR0287,2026-08-27T16:28:00,SYNTHETIC,13788,1228,1200,0,102.3,56.8,8.2,67,8.7,119.3,69,,349,0,-8.01502,-34.98218,Recife,parked,low_fuel,2500,102.3
TLM02866,CUST0287,VEH0087,CONTR0287,2026-09-03T14:40:00,SYNTHETIC,14146,1433,1200,0,119.4,35.7,6.7,97,11.2,128.7,56,,283,0,-8.08929,-34.94171,Recife,parked,low_fuel,4000,119.4
TLM02867,CUST0287,VEH0087,CONTR0287,2026-09-10T19:48:00,SYNTHETIC,14382,946,1200,254,78.8,51.9,24.2,17,28.0,95.0,92,,466,0,-8.03817,-34.98523,Recife,parked,none,1500,78.8
TLM02868,CUST0287,VEH0087,CONTR0287,2026-09-17T21:51:00,SYNTHETIC,14679,1189,1200,11,99.1,40.2,47.0,11,70.0,112.7,45,,228,0,-7.99663,-34.98293,Recife,maintenance,low_fuel,350,99.1
TLM02869,CUST0287,VEH0087,CONTR0287,2026-09-24T18:35:00,SYNTHETIC,15044,1460,1200,0,121.7,35.3,6.9,96,11.7,154.0,29,,147,0,-8.04308,-34.91911,Recife,parked,none,2500,121.7
TLM02870,CUST0287,VEH0087,CONTR0287,2026-10-01T17:30:00,SYNTHETIC,15395,1407,1200,0,117.3,40.2,33.7,18,50.3,132.4,60,,304,0,-7.98718,-34.96623,Recife,moving,maintenance,350,117.3
TLM02871,CUST0288,VEH0088,CONTR0288,2026-07-30T11:18:00,SYNTHETIC,40291,1234,1500,266,82.3,41.5,8.4,66,12.2,130.5,92,,499,0,-16.73267,-49.18026,Goiânia,moving,low_fuel,2500,82.3
TLM02872,CUST0288,VEH0088,CONTR0288,2026-08-06T21:32:00,SYNTHETIC,40639,1393,1500,107,92.9,29.2,39.8,15,81.8,141.3,63,,342,0,-16.64161,-49.18786,Goiânia,moving,low_fuel,700,92.9
TLM02873,CUST0288,VEH0088,CONTR0288,2026-08-13T09:09:00,SYNTHETIC,40995,1424,1500,76,94.9,53.3,8.6,74,9.7,138.3,40,,217,0,-16.59138,-49.19918,Goiânia,parked,low_fuel,350,94.9
TLM02874,CUST0288,VEH0088,CONTR0288,2026-08-20T08:11:00,SYNTHETIC,41328,1335,1500,165,89.0,57.9,13.3,45,13.8,138.1,35,,190,0,-16.69229,-49.25288,Goiânia,moving,none,700,89.0
TLM02875,CUST0288,VEH0088,CONTR0288,2026-08-27T11:44:00,SYNTHETIC,41666,1355,1500,145,90.3,56.3,31.4,19,33.5,127.4,69,,374,0,-16.6713,-49.31207,Goiânia,charging,km_limit,350,90.3
TLM02876,CUST0288,VEH0088,CONTR0288,2026-09-03T21:14:00,SYNTHETIC,41981,1262,1500,238,84.1,33.9,38.0,15,67.2,122.4,33,,179,0,-16.63305,-49.19258,Goiânia,moving,none,700,84.1
TLM02877,CUST0288,VEH0088,CONTR0288,2026-09-10T13:57:00,SYNTHETIC,42319,1352,1500,148,90.1,38.5,13.4,45,20.9,134.1,38,,206,0,-16.668,-49.31274,Goiânia,parked,km_limit,350,90.1
TLM02878,CUST0288,VEH0088,CONTR0288,2026-09-17T16:14:00,SYNTHETIC,42653,1338,1500,162,89.2,49.0,13.0,46,16.0,118.2,57,,309,0,-16.59261,-49.18604,Goiânia,parked,none,2500,89.2
TLM02879,CUST0288,VEH0088,CONTR0288,2026-09-24T13:25:00,SYNTHETIC,42996,1372,1500,128,91.5,40.4,39.8,15,59.1,139.6,85,,461,0,-16.69772,-49.20526,Goiânia,parked,km_limit,1500,91.5
TLM02880,CUST0288,VEH0088,CONTR0288,2026-10-01T08:08:00,SYNTHETIC,43315,1278,1500,222,85.2,33.1,31.5,18,57.2,127.2,69,,374,0,-16.6517,-49.31704,Goiânia,moving,low_fuel,4000,85.2
TLM02881,CUST0289,VEH0089,CONTR0289,2026-07-30T16:12:00,SYNTHETIC,18644,1112,1000,0,111.2,49.6,17.7,28,21.4,91.5,28,,162,0,-22.93536,-47.03762,Campinas,moving,km_limit,350,111.2
TLM02882,CUST0289,VEH0089,CONTR0289,2026-08-06T09:10:00,SYNTHETIC,18962,1273,1000,0,127.3,41.8,34.3,16,49.2,121.4,51,,295,0,-22.96125,-47.02837,Campinas,moving,low_fuel,4000,127.3
TLM02883,CUST0289,VEH0089,CONTR0289,2026-08-13T16:56:00,SYNTHETIC,19157,780,1000,220,78.0,33.8,7.6,46,13.6,68.0,46,,266,0,-22.88241,-47.03116,Campinas,moving,low_fuel,2500,78.0
TLM02884,CUST0289,VEH0089,CONTR0289,2026-08-20T06:33:00,SYNTHETIC,19456,1196,1000,0,119.6,54.0,34.2,15,38.0,98.4,28,,162,0,-22.83904,-47.07011,Campinas,parked,km_limit,700,119.6
TLM02885,CUST0289,VEH0089,CONTR0289,2026-08-27T11:08:00,SYNTHETIC,19707,1004,1000,0,100.4,44.3,14.3,31,19.4,82.9,29,,167,0,-22.9349,-47.15136,Campinas,moving,low_fuel,1500,100.4
TLM02886,CUST0289,VEH0089,CONTR0289,2026-09-03T20:53:00,SYNTHETIC,20049,1371,1000,0,137.1,48.3,27.9,22,34.6,116.8,94,,544,0,-22.90808,-47.11682,Campinas,parked,none,700,137.1
TLM02887,CUST0289,VEH0089,CONTR0289,2026-09-10T20:56:00,SYNTHETIC,20307,1035,1000,0,103.5,54.3,18.1,26,20.0,81.5,71,,411,0,-22.87656,-47.123,Campinas,moving,none,4000,103.5
TLM02888,CUST0289,VEH0089,CONTR0289,2026-09-17T15:53:00,SYNTHETIC,20501,776,1000,224,77.6,35.1,9.0,39,15.4,64.4,49,,283,0,-22.93643,-47.11064,Campinas,parked,none,1500,77.6
TLM02889,CUST0289,VEH0089,CONTR0289,2026-09-24T22:33:00,SYNTHETIC,20746,980,1000,20,98.0,61.4,6.8,65,6.6,92.8,60,,347,0,-22.9742,-47.1273,Campinas,moving,low_fuel,1000,98.0
TLM02890,CUST0289,VEH0089,CONTR0289,2026-10-01T13:33:00,SYNTHETIC,21036,1162,1000,0,116.2,50.7,44.2,11,52.3,92.0,86,,497,0,-22.83624,-47.15074,Campinas,parked,maintenance,700,116.2
TLM02891,CUST0290,VEH0090,CONTR0290,2026-07-30T17:14:00,SYNTHETIC,75417,1208,1200,0,100.7,44.4,53.8,10,72.7,109.2,58,,335,0,-8.03107,-34.80649,Recife,parked,km_limit,2500,100.7
TLM02892,CUST0290,VEH0090,CONTR0290,2026-08-06T20:49:00,SYNTHETIC,75723,1225,1200,0,102.1,38.9,47.6,11,73.4,114.6,42,,242,0,-8.10281,-34.89948,Recife,parked,none,4000,102.1
TLM02893,CUST0290,VEH0090,CONTR0290,2026-08-13T08:45:00,SYNTHETIC,76085,1450,1200,0,120.8,49.9,38.5,17,46.2,122.0,44,,254,0,-8.03647,-34.9503,Recife,moving,none,350,120.8
TLM02894,CUST0290,VEH0090,CONTR0290,2026-08-20T09:53:00,SYNTHETIC,76580,1983,1200,0,165.2,39.3,42.4,21,64.8,154.1,46,,265,0,-8.07494,-34.8556,Recife,moving,none,1500,165.2
TLM02895,CUST0290,VEH0090,CONTR0290,2026-08-27T12:01:00,SYNTHETIC,76942,1449,1200,0,120.8,30.6,28.9,22,56.5,131.2,42,,242,0,-8.03912,-34.83551,Recife,parked,maintenance,1500,120.8
TLM02896,CUST0290,VEH0090,CONTR0290,2026-09-03T21:09:00,SYNTHETIC,77413,1887,1200,0,157.2,58.5,20.1,42,20.6,175.6,81,,468,0,-7.97636,-34.90265,Recife,parked,none,700,157.2
TLM02897,CUST0290,VEH0090,CONTR0290,2026-09-10T10:23:00,SYNTHETIC,77762,1399,1200,0,116.6,51.6,12.2,52,14.2,118.4,49,,283,0,-7.96474,-34.81787,Recife,moving,none,1500,116.6
TLM02898,CUST0290,VEH0090,CONTR0290,2026-09-17T13:24:00,SYNTHETIC,78105,1372,1200,0,114.3,39.2,12.6,49,19.3,121.6,18,,104,0,-7.97626,-34.81482,Recife,parked,low_fuel,1000,114.3
TLM02899,CUST0290,VEH0090,CONTR0290,2026-09-24T21:35:00,SYNTHETIC,78361,1026,1200,174,85.5,28.8,28.1,16,58.4,82.1,19,,109,0,-7.97536,-34.81008,Recife,moving,none,2500,85.5
TLM02900,CUST0290,VEH0090,CONTR0290,2026-10-01T19:34:00,SYNTHETIC,78650,1156,1200,44,96.3,51.6,40.4,13,46.9,89.5,83,,479,0,-7.96784,-34.81522,Recife,parked,maintenance,350,96.3
TLM02901,CUST0291,VEH0091,CONTR0291,2026-07-30T20:16:00,SYNTHETIC,41685,1162,1200,38,96.8,39.1,40.5,13,62.1,103.6,83,,486,0,-23.57347,-46.69856,São Paulo,charging,low_fuel,350,96.8
TLM02902,CUST0291,VEH0091,CONTR0291,2026-08-06T16:26:00,SYNTHETIC,41959,1098,1200,102,91.5,59.5,37.2,13,37.5,96.2,62,,363,0,-23.54308,-46.57032,São Paulo,moving,low_fuel,4000,91.5
TLM02903,CUST0291,VEH0091,CONTR0291,2026-08-13T13:02:00,SYNTHETIC,42371,1651,1200,0,137.6,29.6,41.7,17,84.5,137.7,55,,322,0,-23.47262,-46.72438,São Paulo,moving,low_fuel,2500,137.6
TLM02904,CUST0291,VEH0091,CONTR0291,2026-08-20T18:40:00,SYNTHETIC,42644,1095,1200,105,91.2,49.3,20.9,23,25.4,80.5,95,,556,0,-23.54398,-46.63688,São Paulo,parked,none,2500,91.2
TLM02905,CUST0291,VEH0091,CONTR0291,2026-08-27T06:02:00,SYNTHETIC,43055,1647,1200,0,137.2,37.2,27.2,27,43.9,128.4,47,,275,0,-23.47827,-46.72224,São Paulo,moving,none,350,137.2
TLM02906,CUST0291,VEH0091,CONTR0291,2026-09-03T20:22:00,SYNTHETIC,43369,1257,1200,0,104.8,56.9,18.3,31,19.4,101.1,82,,480,0,-23.59332,-46.66322,São Paulo,moving,none,700,104.8
TLM02907,CUST0291,VEH0091,CONTR0291,2026-09-10T20:27:00,SYNTHETIC,43810,1764,1200,0,147.0,47.8,13.0,61,16.3,136.7,69,,404,0,-23.6109,-46.57364,São Paulo,parked,none,700,147.0
TLM02908,CUST0291,VEH0091,CONTR0291,2026-09-17T09:50:00,SYNTHETIC,44199,1556,1200,0,129.7,48.5,42.2,16,52.2,115.7,79,,462,0,-23.49027,-46.67177,São Paulo,parked,none,350,129.7
TLM02909,CUST0291,VEH0091,CONTR0291,2026-09-24T13:06:00,SYNTHETIC,44503,1216,1200,0,101.3,46.9,11.8,47,15.0,99.8,92,,539,0,-23.56647,-46.72478,São Paulo,parked,none,350,101.3
TLM02910,CUST0291,VEH0091,CONTR0291,2026-10-01T21:51:00,SYNTHETIC,44953,1801,1200,0,150.1,30.4,30.4,26,59.9,133.4,70,,410,0,-23.54311,-46.60563,São Paulo,parked,none,4000,150.1
TLM02911,CUST0292,VEH0092,CONTR0292,2026-07-30T11:44:00,SYNTHETIC,55993,931,800,0,116.4,55.8,46.8,9,50.3,75.4,20,,116,0,-22.96886,-43.13935,Rio de Janeiro,parked,none,4000,116.4
TLM02912,CUST0292,VEH0092,CONTR0292,2026-08-06T14:24:00,SYNTHETIC,56111,472,800,328,59.0,40.3,53.2,4,79.2,38.2,80,,467,0,-22.91347,-43.18752,Rio de Janeiro,parked,none,1000,59.0
TLM02913,CUST0292,VEH0092,CONTR0292,2026-08-13T13:11:00,SYNTHETIC,56311,800,800,0,100.0,48.6,43.2,8,53.3,66.9,54,,315,0,-22.9271,-43.10916,Rio de Janeiro,parked,low_fuel,350,100.0
TLM02914,CUST0292,VEH0092,CONTR0292,2026-08-20T14:49:00,SYNTHETIC,56540,919,800,0,114.9,55.0,48.3,8,52.7,83.0,49,,286,0,-22.92956,-43.1188,Rio de Janeiro,parked,low_fuel,4000,114.9
TLM02915,CUST0292,VEH0092,CONTR0292,2026-08-27T14:58:00,SYNTHETIC,56671,527,800,273,65.9,47.7,42.7,5,53.7,44.7,88,,513,0,-22.87495,-43.07735,Rio de Janeiro,parked,low_fuel,350,65.9
TLM02916,CUST0292,VEH0092,CONTR0292,2026-09-03T14:57:00,SYNTHETIC,56861,762,800,38,95.2,38.4,49.6,6,77.5,68.0,54,,315,0,-22.94363,-43.09166,Rio de Janeiro,parked,none,1500,95.2
TLM02917,CUST0292,VEH0092,CONTR0292,2026-09-10T06:41:00,SYNTHETIC,56992,526,800,274,65.8,53.5,33.5,7,37.6,49.4,79,,461,0,-22.85525,-43.11247,Rio de Janeiro,parked,maintenance,1500,65.8
TLM02918,CUST0292,VEH0092,CONTR0292,2026-09-17T20:33:00,SYNTHETIC,57195,813,800,0,101.6,50.9,29.4,12,34.6,75.8,88,,513,0,-23.00121,-43.19306,Rio de Janeiro,parked,none,1500,101.6
TLM02919,CUST0292,VEH0092,CONTR0292,2026-09-24T20:19:00,SYNTHETIC,57354,636,800,164,79.5,47.1,47.9,6,61.0,55.4,69,,402,0,-22.93781,-43.1037,Rio de Janeiro,parked,low_fuel,700,79.5
TLM02920,CUST0292,VEH0092,CONTR0292,2026-10-01T12:57:00,SYNTHETIC,57561,828,800,0,103.5,41.6,8.8,42,12.7,74.4,90,,525,0,-22.9501,-43.17189,Rio de Janeiro,moving,maintenance,350,103.5
TLM02921,CUST0293,VEH0093,CONTR0293,2026-07-30T06:33:00,SYNTHETIC,50238,1383,1000,0,138.3,50.1,22.0,28,26.4,123.5,89,,506,0,-29.96017,-51.24286,Porto Alegre,parked,low_fuel,1500,138.3
TLM02922,CUST0293,VEH0093,CONTR0293,2026-08-06T12:50:00,SYNTHETIC,50518,1120,1000,0,112.0,32.0,49.7,10,93.2,108.1,70,,398,0,-29.94457,-51.21554,Porto Alegre,parked,low_fuel,4000,112.0
TLM02923,CUST0293,VEH0093,CONTR0293,2026-08-13T09:17:00,SYNTHETIC,50966,1792,1000,0,179.2,44.5,51.9,15,69.9,173.2,72,,409,0,-30.08169,-51.18134,Porto Alegre,parked,km_limit,1500,179.2
TLM02924,CUST0293,VEH0093,CONTR0293,2026-08-20T17:23:00,SYNTHETIC,51284,1272,1000,0,127.2,59.5,17.0,33,17.2,111.7,17,,96,0,-29.93311,-51.26916,Porto Alegre,moving,none,4000,127.2
TLM02925,CUST0293,VEH0093,CONTR0293,2026-08-27T16:08:00,SYNTHETIC,51645,1446,1000,0,144.6,54.7,53.9,12,59.1,140.4,56,,318,0,-30.02791,-51.15119,Porto Alegre,moving,low_fuel,1500,144.6
TLM02926,CUST0293,VEH0093,CONTR0293,2026-09-03T16:45:00,SYNTHETIC,51909,1059,1000,0,105.9,58.8,69.9,6,71.3,96.5,60,,341,0,-29.98008,-51.23439,Porto Alegre,parked,low_fuel,1000,105.9
TLM02927,CUST0293,VEH0093,CONTR0293,2026-09-10T16:01:00,SYNTHETIC,52346,1751,1000,0,175.1,50.9,22.0,36,26.0,168.4,49,,278,0,-29.92719,-51.16637,Porto Alegre,charging,none,700,175.1
TLM02928,CUST0293,VEH0093,CONTR0293,2026-09-17T10:30:00,SYNTHETIC,52743,1589,1000,0,158.9,51.3,18.7,38,21.9,155.7,75,,426,0,-30.02489,-51.25781,Porto Alegre,parked,maintenance,700,158.9
TLM02929,CUST0293,VEH0093,CONTR0293,2026-09-24T19:52:00,SYNTHETIC,53083,1362,1000,0,136.2,30.0,55.6,11,110.9,124.9,49,,278,0,-30.02265,-51.27257,Porto Alegre,parked,low_fuel,700,136.2
TLM02930,CUST0293,VEH0093,CONTR0293,2026-10-01T15:16:00,SYNTHETIC,53488,1620,1000,0,162.0,46.4,60.2,12,77.9,137.1,74,,421,0,-30.00059,-51.2075,Porto Alegre,parked,low_fuel,1500,162.0
TLM02931,CUST0294,VEH0094,CONTR0294,2026-07-30T17:14:00,SYNTHETIC,42765,1392,1500,108,92.8,40.3,8.8,72,13.1,122.8,65,,369,0,-25.46778,-49.21308,Curitiba,parked,km_limit,350,92.8
TLM02932,CUST0294,VEH0094,CONTR0294,2026-08-06T09:24:00,SYNTHETIC,43229,1858,1500,0,123.9,32.7,30.1,28,55.1,161.9,51,,290,0,-25.5134,-49.24353,Curitiba,parked,none,2500,123.9
TLM02933,CUST0294,VEH0094,CONTR0294,2026-08-13T07:06:00,SYNTHETIC,43515,1144,1500,356,76.3,56.4,29.1,17,30.9,94.7,92,,523,0,-25.48218,-49.34056,Curitiba,parked,none,700,76.3
TLM02934,CUST0294,VEH0094,CONTR0294,2026-08-20T07:01:00,SYNTHETIC,43962,1789,1500,0,119.3,30.1,36.6,22,73.0,147.1,21,,119,0,-25.46047,-49.32092,Curitiba,parked,low_fuel,1500,119.3
TLM02935,CUST0294,VEH0094,CONTR0294,2026-08-27T11:53:00,SYNTHETIC,44506,2176,1500,0,145.1,56.0,34.4,28,36.8,178.9,76,,432,0,-25.38633,-49.26052,Curitiba,parked,none,1000,145.1
TLM02936,CUST0294,VEH0094,CONTR0294,2026-09-03T17:58:00,SYNTHETIC,45053,2188,1500,0,145.9,37.5,19.8,50,31.7,195.8,26,,147,0,-25.44656,-49.33354,Curitiba,parked,km_limit,4000,145.9
TLM02937,CUST0294,VEH0094,CONTR0294,2026-09-10T10:35:00,SYNTHETIC,45393,1361,1500,139,90.7,56.8,26.6,23,28.1,114.8,46,,261,0,-25.47035,-49.25646,Curitiba,moving,none,350,90.7
TLM02938,CUST0294,VEH0094,CONTR0294,2026-09-17T12:52:00,SYNTHETIC,45825,1729,1500,0,115.3,40.1,23.1,34,34.5,167.8,33,,187,0,-25.50741,-49.22221,Curitiba,parked,low_fuel,350,115.3
TLM02939,CUST0294,VEH0094,CONTR0294,2026-09-24T14:09:00,SYNTHETIC,46124,1198,1500,302,79.9,40.5,52.7,10,78.0,116.4,70,,398,0,-25.5096,-49.2008,Curitiba,moving,maintenance,4000,79.9
TLM02940,CUST0294,VEH0094,CONTR0294,2026-10-01T22:19:00,SYNTHETIC,46469,1381,1500,119,92.1,51.0,41.3,15,48.6,118.8,51,,290,0,-25.4827,-49.27654,Curitiba,parked,maintenance,700,92.1
TLM02941,CUST0295,VEH0095,CONTR0295,2026-07-30T20:30:00,SYNTHETIC,45372,801,1800,999,44.5,49.4,21.9,16,26.6,64.6,16,,99,0,-22.88762,-47.01176,Campinas,moving,low_fuel,191,44.5
TLM02942,CUST0295,VEH0095,CONTR0295,2026-08-06T11:27:00,SYNTHETIC,45547,702,1800,1098,39.0,34.9,9.7,33,16.6,50.3,20,,123,0,-22.94311,-47.02416,Campinas,moving,none,280,39.0
TLM02943,CUST0295,VEH0095,CONTR0295,2026-08-13T18:35:00,SYNTHETIC,45777,922,1800,878,51.2,49.5,39.1,10,47.4,73.9,46,,284,0,-22.89908,-46.9992,Campinas,parked,none,338,51.2
TLM02944,CUST0295,VEH0095,CONTR0295,2026-08-20T11:54:00,SYNTHETIC,46013,947,1800,853,52.6,52.9,49.1,8,55.6,73.3,49,,303,0,-22.92982,-47.05138,Campinas,moving,low_fuel,140,52.6
TLM02945,CUST0295,VEH0095,CONTR0295,2026-08-27T06:28:00,SYNTHETIC,46193,721,1800,1079,40.1,36.7,44.6,7,72.9,54.2,93,,575,0,-22.95337,-46.98165,Campinas,parked,none,126,40.1
TLM02946,CUST0295,VEH0095,CONTR0295,2026-09-03T16:31:00,SYNTHETIC,46388,783,1800,1017,43.5,57.5,52.9,6,55.3,58.8,38,,235,0,-22.97881,-47.01465,Campinas,moving,none,244,43.5
TLM02947,CUST0295,VEH0095,CONTR0295,2026-09-10T10:38:00,SYNTHETIC,46501,455,1800,1345,25.3,28.7,9.8,21,20.5,37.8,73,,451,0,-22.88998,-47.0764,Campinas,parked,none,390,25.3
TLM02948,CUST0295,VEH0095,CONTR0295,2026-09-17T18:14:00,SYNTHETIC,46647,586,1800,1214,32.6,29.9,51.4,5,103.0,44.4,71,,439,0,-22.88601,-47.07031,Campinas,moving,none,151,32.6
TLM02949,CUST0295,VEH0095,CONTR0295,2026-09-24T15:23:00,SYNTHETIC,46788,564,1800,1236,31.3,35.1,9.1,28,15.5,39.8,29,,179,0,-22.95076,-46.98623,Campinas,charging,maintenance,265,31.3
TLM02950,CUST0295,VEH0095,CONTR0295,2026-10-01T14:36:00,SYNTHETIC,46912,497,1800,1303,27.6,35.4,8.8,25,14.9,34.8,23,,142,0,-22.98358,-46.97634,Campinas,parked,km_limit,454,27.6
TLM02951,CUST0296,VEH0096,CONTR0296,2026-07-30T20:13:00,SYNTHETIC,59580,820,1500,680,54.7,55.3,54.9,6,59.7,68.2,28,,160,0,-3.71792,-38.56826,Fortaleza,parked,low_fuel,4000,54.7
TLM02952,CUST0296,VEH0096,CONTR0296,2026-08-06T15:36:00,SYNTHETIC,59768,754,1500,746,50.3,50.4,10.1,33,12.0,75.0,15,,86,0,-3.76293,-38.58099,Fortaleza,parked,low_fuel,350,50.3
TLM02953,CUST0296,VEH0096,CONTR0296,2026-08-13T19:04:00,SYNTHETIC,59976,834,1500,666,55.6,49.0,13.7,27,16.8,82.6,48,,275,0,-3.75703,-38.54503,Fortaleza,moving,none,350,55.6
TLM02954,CUST0296,VEH0096,CONTR0296,2026-08-20T13:21:00,SYNTHETIC,60150,698,1500,802,46.5,42.5,25.7,12,36.3,60.2,55,,315,0,-3.70362,-38.5994,Fortaleza,moving,none,350,46.5
TLM02955,CUST0296,VEH0096,CONTR0296,2026-08-27T07:05:00,SYNTHETIC,60298,593,1500,907,39.5,30.2,33.3,8,66.2,58.6,19,,109,0,-3.64735,-38.48661,Fortaleza,parked,none,1000,39.5
TLM02956,CUST0296,VEH0096,CONTR0296,2026-09-03T10:30:00,SYNTHETIC,60474,705,1500,795,47.0,47.5,22.1,14,27.9,71.2,95,,545,0,-3.72542,-38.48116,Fortaleza,parked,none,1500,47.0
TLM02957,CUST0296,VEH0096,CONTR0296,2026-09-10T19:03:00,SYNTHETIC,60649,703,1500,797,46.9,37.3,51.4,6,82.7,68.2,77,,441,0,-3.65484,-38.56496,Fortaleza,parked,km_limit,2500,46.9
TLM02958,CUST0296,VEH0096,CONTR0296,2026-09-17T15:25:00,SYNTHETIC,60847,792,1500,708,52.8,40.8,21.5,16,31.7,70.9,49,,281,0,-3.65203,-38.48489,Fortaleza,parked,none,700,52.8
TLM02959,CUST0296,VEH0096,CONTR0296,2026-09-24T21:21:00,SYNTHETIC,61043,785,1500,715,52.3,50.5,39.9,8,47.4,71.3,29,,166,0,-3.65398,-38.46526,Fortaleza,parked,low_fuel,4000,52.3
TLM02960,CUST0296,VEH0096,CONTR0296,2026-10-01T09:24:00,SYNTHETIC,61154,446,1500,1054,29.7,54.4,11.4,17,12.5,38.0,86,,493,0,-3.78154,-38.45171,Fortaleza,moving,low_fuel,2500,29.7
TLM02961,CUST0297,VEH0097,CONTR0297,2026-07-30T11:25:00,SYNTHETIC,15506,2368,2500,132,94.7,50.8,48.3,22,57.0,156.9,77,,381,0,-3.75242,-38.52753,Fortaleza,parked,maintenance,350,94.7
TLM02962,CUST0297,VEH0097,CONTR0297,2026-08-06T10:39:00,SYNTHETIC,15992,1945,2500,555,77.8,29.6,19.3,45,39.1,127.2,53,,262,0,-3.67545,-38.57358,Fortaleza,moving,low_fuel,1000,77.8
TLM02963,CUST0297,VEH0097,CONTR0297,2026-08-13T16:52:00,SYNTHETIC,16512,2082,2500,418,83.3,54.9,6.9,136,7.6,143.2,59,,292,0,-3.8113,-38.54515,Fortaleza,parked,none,350,83.3
TLM02964,CUST0297,VEH0097,CONTR0297,2026-08-20T15:09:00,SYNTHETIC,17037,2101,2500,399,84.0,54.2,14.7,65,16.2,143.7,94,,466,0,-3.79035,-38.54951,Fortaleza,parked,none,1500,84.0
TLM02965,CUST0297,VEH0097,CONTR0297,2026-08-27T08:28:00,SYNTHETIC,17601,2258,2500,242,90.3,38.0,48.8,21,77.1,167.3,71,,352,0,-3.72658,-38.60822,Fortaleza,parked,low_fuel,1500,90.3
TLM02966,CUST0297,VEH0097,CONTR0297,2026-09-03T20:25:00,SYNTHETIC,18339,2952,2500,0,118.1,35.5,23.6,56,40.0,200.4,43,,213,0,-3.76534,-38.59851,Fortaleza,moving,low_fuel,2500,118.1
TLM02967,CUST0297,VEH0097,CONTR0297,2026-09-10T06:05:00,SYNTHETIC,18792,1815,2500,685,72.6,57.4,44.4,18,46.4,119.5,18,,89,0,-3.72107,-38.47596,Fortaleza,moving,km_limit,1500,72.6
TLM02968,CUST0297,VEH0097,CONTR0297,2026-09-17T14:11:00,SYNTHETIC,19556,3057,2500,0,122.3,52.2,32.3,43,37.2,188.1,72,,357,0,-3.75002,-38.45944,Fortaleza,parked,maintenance,1500,122.3
TLM02969,CUST0297,VEH0097,CONTR0297,2026-09-24T21:08:00,SYNTHETIC,20090,2139,2500,361,85.6,46.0,27.0,36,35.2,145.5,20,,99,0,-3.72103,-38.51861,Fortaleza,moving,km_limit,1500,85.6
TLM02970,CUST0297,VEH0097,CONTR0297,2026-10-01T06:40:00,SYNTHETIC,20795,2823,2500,0,112.9,46.8,17.4,73,22.3,196.0,30,,148,0,-3.73642,-38.5911,Fortaleza,parked,none,1000,112.9
TLM02971,CUST0298,VEH0098,CONTR0298,2026-07-30T20:58:00,SYNTHETIC,64731,1703,2000,297,85.2,53.3,36.5,21,41.0,145.1,40,,235,0,-19.82925,-43.92198,Belo Horizonte,moving,low_fuel,1500,85.2
TLM02972,CUST0298,VEH0098,CONTR0298,2026-08-06T14:51:00,SYNTHETIC,65051,1283,2000,717,64.1,47.6,14.4,40,18.1,114.4,59,,346,0,-19.93908,-43.97315,Belo Horizonte,parked,maintenance,2500,64.1
TLM02973,CUST0298,VEH0098,CONTR0298,2026-08-13T11:21:00,SYNTHETIC,65339,1153,2000,847,57.6,53.0,32.1,16,36.4,104.6,18,,105,0,-19.86408,-43.91998,Belo Horizonte,moving,none,350,57.6
TLM02974,CUST0298,VEH0098,CONTR0298,2026-08-20T21:52:00,SYNTHETIC,65584,981,2000,1019,49.0,31.3,6.7,66,12.9,84.0,19,,111,0,-19.87962,-43.92086,Belo Horizonte,parked,none,700,49.0
TLM02975,CUST0298,VEH0098,CONTR0298,2026-08-27T13:57:00,SYNTHETIC,65990,1627,2000,373,81.3,33.7,8.3,88,14.8,141.9,45,,264,0,-19.92546,-43.99367,Belo Horizonte,parked,none,1500,81.3
TLM02976,CUST0298,VEH0098,CONTR0298,2026-09-03T19:09:00,SYNTHETIC,66398,1635,2000,365,81.8,31.6,12.0,61,22.9,136.6,63,,370,0,-19.82772,-43.98266,Belo Horizonte,parked,km_limit,350,81.8
TLM02977,CUST0298,VEH0098,CONTR0298,2026-09-10T17:15:00,SYNTHETIC,66675,1110,2000,890,55.5,57.2,51.3,9,53.7,98.5,64,,376,0,-19.828,-43.98749,Belo Horizonte,parked,none,350,55.5
TLM02978,CUST0298,VEH0098,CONTR0298,2026-09-17T06:24:00,SYNTHETIC,67094,1677,2000,323,83.9,55.5,36.3,20,39.3,132.7,50,,294,0,-19.88662,-44.04467,Belo Horizonte,parked,none,1000,83.9
TLM02979,CUST0298,VEH0098,CONTR0298,2026-09-24T12:40:00,SYNTHETIC,67482,1554,2000,446,77.7,43.7,16.0,44,22.0,143.5,86,,505,0,-19.84273,-43.90487,Belo Horizonte,parked,none,1500,77.7
TLM02980,CUST0298,VEH0098,CONTR0298,2026-10-01T13:54:00,SYNTHETIC,67915,1732,2000,268,86.6,49.8,27.4,28,33.1,141.3,52,,305,0,-19.87109,-43.91817,Belo Horizonte,parked,none,2500,86.6
TLM02981,CUST0299,VEH0099,CONTR0299,2026-07-30T21:56:00,SYNTHETIC,9000,1682,2000,318,84.1,30.1,40.4,18,80.5,142.4,68,,405,0,-30.08779,-51.24253,Porto Alegre,parked,low_fuel,350,84.1
TLM02982,CUST0299,VEH0099,CONTR0299,2026-08-06T16:47:00,SYNTHETIC,9435,1741,2000,259,87.1,49.2,6.3,126,7.6,146.5,93,,554,0,-30.00518,-51.24787,Porto Alegre,moving,low_fuel,350,87.1
TLM02983,CUST0299,VEH0099,CONTR0299,2026-08-13T09:12:00,SYNTHETIC,9871,1746,2000,254,87.3,46.0,7.2,110,9.3,164.3,69,,411,0,-30.09319,-51.13563,Porto Alegre,moving,none,1000,87.3
TLM02984,CUST0299,VEH0099,CONTR0299,2026-08-20T15:30:00,SYNTHETIC,10330,1838,2000,162,91.9,58.5,11.8,70,12.1,165.6,56,,333,0,-30.06033,-51.19994,Porto Alegre,parked,none,1500,91.9
TLM02985,CUST0299,VEH0099,CONTR0299,2026-08-27T06:28:00,SYNTHETIC,10743,1653,2000,347,82.7,38.5,24.8,30,38.6,145.7,79,,470,0,-30.06768,-51.23632,Porto Alegre,moving,low_fuel,1000,82.7
TLM02986,CUST0299,VEH0099,CONTR0299,2026-09-03T16:10:00,SYNTHETIC,11153,1642,2000,358,82.1,46.2,9.6,77,12.4,154.3,22,,131,0,-30.05343,-51.27378,Porto Alegre,parked,none,350,82.1
TLM02987,CUST0299,VEH0099,CONTR0299,2026-09-10T09:56:00,SYNTHETIC,11588,1742,2000,258,87.1,53.9,44.0,18,49.0,138.3,61,,363,0,-30.00899,-51.24392,Porto Alegre,parked,none,350,87.1
TLM02988,CUST0299,VEH0099,CONTR0299,2026-09-17T07:17:00,SYNTHETIC,11994,1627,2000,373,81.3,37.8,12.2,60,19.4,156.5,15,,89,0,-29.97629,-51.22689,Porto Alegre,moving,none,1500,81.3
TLM02989,CUST0299,VEH0099,CONTR0299,2026-09-24T10:50:00,SYNTHETIC,12462,1874,2000,126,93.7,35.2,45.3,18,77.2,153.4,67,,399,0,-29.97,-51.1968,Porto Alegre,parked,maintenance,4000,93.7
TLM02990,CUST0299,VEH0099,CONTR0299,2026-10-01T17:11:00,SYNTHETIC,12895,1734,2000,266,86.7,45.4,47.0,16,62.2,143.4,87,,518,0,-29.95777,-51.19024,Porto Alegre,parked,low_fuel,700,86.7
TLM02991,CUST0300,VEH0100,CONTR0300,2026-07-30T15:39:00,SYNTHETIC,12205,1961,1800,0,108.9,55.6,27.5,32,29.7,184.9,30,,154,0,-19.9975,-43.94599,Belo Horizonte,parked,none,344,108.9
TLM02992,CUST0300,VEH0100,CONTR0300,2026-08-06T19:22:00,SYNTHETIC,12728,2094,1800,0,116.3,58.4,25.1,37,25.8,203.3,39,,201,0,-19.90287,-44.01803,Belo Horizonte,parked,none,252,116.3
TLM02993,CUST0300,VEH0100,CONTR0300,2026-08-13T09:23:00,SYNTHETIC,13287,2238,1800,0,124.3,51.6,35.2,28,41.0,240.2,62,,319,0,-20.00627,-43.96233,Belo Horizonte,moving,low_fuel,382,124.3
TLM02994,CUST0300,VEH0100,CONTR0300,2026-08-20T21:56:00,SYNTHETIC,13785,1995,1800,0,110.8,51.8,44.7,20,51.7,219.7,28,,144,0,-19.94561,-44.0127,Belo Horizonte,charging,maintenance,329,110.8
TLM02995,CUST0300,VEH0100,CONTR0300,2026-08-27T22:40:00,SYNTHETIC,14269,1936,1800,0,107.6,28.3,13.6,64,28.9,209.1,45,,232,0,-19.88993,-44.03264,Belo Horizonte,parked,maintenance,454,107.6
TLM02996,CUST0300,VEH0100,CONTR0300,2026-09-03T06:49:00,SYNTHETIC,14754,1942,1800,0,107.9,28.9,41.6,21,86.3,203.2,78,,402,0,-19.9617,-43.92525,Belo Horizonte,parked,none,232,107.9
TLM02997,CUST0300,VEH0100,CONTR0300,2026-09-10T11:29:00,SYNTHETIC,15260,2026,1800,0,112.6,45.5,28.9,31,38.1,218.3,34,,175,0,-19.96103,-43.93183,Belo Horizonte,parked,low_fuel,121,112.6
TLM02998,CUST0300,VEH0100,CONTR0300,2026-09-17T22:09:00,SYNTHETIC,15750,1962,1800,0,109.0,45.1,23.5,37,31.2,217.7,77,,397,0,-19.97915,-43.90795,Belo Horizonte,moving,none,371,109.0
TLM02999,CUST0300,VEH0100,CONTR0300,2026-09-24T20:23:00,SYNTHETIC,16230,1923,1800,0,106.8,55.1,34.5,25,37.5,182.1,74,,381,0,-19.99547,-43.93844,Belo Horizonte,parked,low_fuel,125,106.8
TLM03000,CUST0300,VEH0100,CONTR0300,2026-10-01T22:59:00,SYNTHETIC,16753,2092,1800,0,116.2,50.4,48.9,19,58.2,218.8,67,,345,0,-19.85372,-44.0214,Belo Horizonte,parked,km_limit,306,116.2
TLM03001,CUST0301,VEH0001,CONTR0301,2026-07-30T22:43:00,SYNTHETIC,14789,3496,3000,0,116.5,46.5,34.1,46,44.0,263.5,63,,337,0,-12.9169,-38.55128,Salvador,parked,low_fuel,1500,116.5
TLM03002,CUST0301,VEH0001,CONTR0301,2026-08-06T14:24:00,SYNTHETIC,15456,2671,3000,329,89.0,29.6,41.6,29,84.4,208.1,36,,192,0,-13.01059,-38.41279,Salvador,parked,low_fuel,2500,89.0
TLM03003,CUST0301,VEH0001,CONTR0301,2026-08-13T20:38:00,SYNTHETIC,16276,3280,3000,0,109.3,51.0,35.2,42,41.4,255.2,51,,272,0,-12.99133,-38.5267,Salvador,moving,low_fuel,350,109.3
TLM03004,CUST0301,VEH0001,CONTR0301,2026-08-20T14:16:00,SYNTHETIC,16721,1780,3000,1220,59.3,35.2,33.4,24,56.9,134.0,84,,449,0,-12.91686,-38.40364,Salvador,parked,low_fuel,1000,59.3
TLM03005,CUST0301,VEH0001,CONTR0301,2026-08-27T14:26:00,SYNTHETIC,17156,1743,3000,1257,58.1,55.9,52.3,15,56.2,157.2,83,,444,0,-12.91818,-38.51048,Salvador,parked,none,700,58.1
TLM03006,CUST0301,VEH0001,CONTR0301,2026-09-03T08:42:00,SYNTHETIC,17931,3103,3000,0,103.4,59.1,37.1,38,37.6,253.4,38,,203,0,-12.90286,-38.45137,Salvador,parked,none,350,103.4
TLM03007,CUST0301,VEH0001,CONTR0301,2026-09-10T15:14:00,SYNTHETIC,18565,2537,3000,463,84.6,52.7,20.6,56,23.4,204.3,92,,492,0,-12.95973,-38.47642,Salvador,parked,km_limit,2500,84.6
TLM03008,CUST0301,VEH0001,CONTR0301,2026-09-17T13:28:00,SYNTHETIC,18982,1668,3000,1332,55.6,51.9,27.8,27,32.2,130.2,57,,304,0,-13.04508,-38.49449,Salvador,parked,low_fuel,4000,55.6
TLM03009,CUST0301,VEH0001,CONTR0301,2026-09-24T09:15:00,SYNTHETIC,19670,2754,3000,246,91.8,44.9,20.1,62,26.8,248.3,57,,304,0,-12.96111,-38.49107,Salvador,parked,km_limit,1000,91.8
TLM03010,CUST0301,VEH0001,CONTR0301,2026-10-01T14:30:00,SYNTHETIC,20231,2245,3000,755,74.8,33.7,53.6,19,95.4,200.3,58,,310,0,-12.96712,-38.51732,Salvador,parked,none,1500,74.8
TLM03011,CUST0302,VEH0002,CONTR0302,2026-07-30T07:22:00,SYNTHETIC,37559,1134,1500,366,75.6,31.8,53.8,9,101.6,96.1,43,,226,0,-8.06606,-34.87029,Recife,parked,low_fuel,4000,75.6
TLM03012,CUST0302,VEH0002,CONTR0302,2026-08-06T18:16:00,SYNTHETIC,37824,1063,1500,437,70.9,45.9,46.4,10,60.6,104.8,71,,374,0,-8.02644,-34.84672,Recife,moving,none,2500,70.9
TLM03013,CUST0302,VEH0002,CONTR0302,2026-08-13T22:42:00,SYNTHETIC,38180,1426,1500,74,95.1,41.8,24.9,26,35.8,119.7,93,,490,0,-8.11928,-34.90057,Recife,parked,km_limit,4000,95.1
TLM03014,CUST0302,VEH0002,CONTR0302,2026-08-20T19:25:00,SYNTHETIC,38498,1272,1500,228,84.8,39.7,47.8,12,72.3,107.5,57,,300,0,-8.09723,-34.87134,Recife,parked,low_fuel,2500,84.8
TLM03015,CUST0302,VEH0002,CONTR0302,2026-08-27T07:27:00,SYNTHETIC,38740,970,1500,530,64.7,43.7,12.6,34,17.3,92.0,75,,395,0,-8.06335,-34.95314,Recife,maintenance,none,2500,64.7
TLM03016,CUST0302,VEH0002,CONTR0302,2026-09-03T22:13:00,SYNTHETIC,39041,1207,1500,293,80.5,35.7,14.0,39,23.5,114.5,44,,231,0,-8.0117,-34.87038,Recife,parked,km_limit,2500,80.5
TLM03017,CUST0302,VEH0002,CONTR0302,2026-09-10T14:27:00,SYNTHETIC,39508,1871,1500,0,124.7,50.7,35.7,23,42.3,166.4,34,,179,0,-8.06607,-34.85062,Recife,moving,low_fuel,1000,124.7
TLM03018,CUST0302,VEH0002,CONTR0302,2026-09-17T14:41:00,SYNTHETIC,39853,1383,1500,117,92.2,42.6,10.3,61,14.4,118.9,66,,347,0,-8.0812,-34.87943,Recife,moving,km_limit,1000,92.2
TLM03019,CUST0302,VEH0002,CONTR0302,2026-09-24T10:30:00,SYNTHETIC,40221,1474,1500,26,98.3,59.5,40.6,16,40.9,142.9,89,,469,0,-8.13285,-34.91046,Recife,parked,km_limit,700,98.3
TLM03020,CUST0302,VEH0002,CONTR0302,2026-10-01T07:37:00,SYNTHETIC,40456,943,1500,557,62.9,52.8,13.3,32,15.1,84.5,51,,268,0,-8.04204,-34.95688,Recife,parked,low_fuel,1500,62.9
TLM03021,CUST0303,VEH0003,CONTR0303,2026-07-30T16:19:00,SYNTHETIC,10166,1656,2500,844,66.2,57.1,6.3,119,6.6,93.4,70,,523,1,-3.78044,-38.54558,Fortaleza,parked,low_fuel,1000,66.2
TLM03022,CUST0303,VEH0003,CONTR0303,2026-08-06T21:46:00,SYNTHETIC,10418,1009,2500,1491,40.4,31.3,49.4,9,94.7,59.9,66,,493,0,-3.78711,-38.47382,Fortaleza,parked,low_fuel,4000,40.4
TLM03023,CUST0303,VEH0003,CONTR0303,2026-08-13T22:59:00,SYNTHETIC,10904,1947,2500,553,77.9,28.1,37.7,23,80.3,100.8,31,,231,1,-3.69194,-38.4855,Fortaleza,parked,low_fuel,4000,77.9
TLM03024,CUST0303,VEH0003,CONTR0303,2026-08-20T09:02:00,SYNTHETIC,11161,1031,2500,1469,41.2,54.3,15.7,29,17.4,52.6,65,,486,1,-3.71489,-38.58588,Fortaleza,parked,maintenance,1500,41.2
TLM03025,CUST0303,VEH0003,CONTR0303,2026-08-27T14:00:00,SYNTHETIC,11606,1780,2500,720,71.2,53.5,9.2,87,10.3,90.9,78,,583,0,-3.73252,-38.53812,Fortaleza,charging,low_fuel,700,71.2
TLM03026,CUST0303,VEH0003,CONTR0303,2026-09-03T15:48:00,SYNTHETIC,11971,1461,2500,1039,58.4,34.0,54.0,12,95.3,88.8,47,,351,0,-3.72737,-38.54119,Fortaleza,parked,low_fuel,1000,58.4
TLM03027,CUST0303,VEH0003,CONTR0303,2026-09-10T14:05:00,SYNTHETIC,12417,1787,2500,713,71.5,59.1,9.0,90,9.1,95.3,39,,291,1,-3.82174,-38.52954,Fortaleza,moving,km_limit,1500,71.5
TLM03028,CUST0303,VEH0003,CONTR0303,2026-09-17T16:22:00,SYNTHETIC,12772,1420,2500,1080,56.8,47.5,23.3,27,29.4,81.9,85,,635,2,-3.73889,-38.4513,Fortaleza,parked,km_limit,4000,56.8
TLM03029,CUST0303,VEH0003,CONTR0303,2026-09-24T11:50:00,SYNTHETIC,13109,1350,2500,1150,54.0,59.7,15.2,40,15.3,71.1,23,,172,2,-3.6805,-38.4773,Fortaleza,parked,none,1000,54.0
TLM03030,CUST0303,VEH0003,CONTR0303,2026-10-01T13:40:00,SYNTHETIC,13400,1164,2500,1336,46.6,35.8,45.5,11,76.3,59.2,50,,374,2,-3.68022,-38.57392,Fortaleza,charging,none,700,46.6
TLM03031,CUST0304,VEH0004,CONTR0304,2026-07-30T15:22:00,SYNTHETIC,65595,2269,1500,0,151.3,38.0,59.3,17,93.6,170.4,33,,191,0,-23.55784,-46.59093,São Paulo,parked,low_fuel,2500,151.3
TLM03032,CUST0304,VEH0004,CONTR0304,2026-08-06T21:29:00,SYNTHETIC,66242,2589,1500,0,172.6,51.6,56.5,20,65.7,221.2,21,,121,0,-23.64578,-46.57317,São Paulo,parked,low_fuel,1000,172.6
TLM03033,CUST0304,VEH0004,CONTR0304,2026-08-13T15:06:00,SYNTHETIC,66814,2291,1500,0,152.7,59.1,39.9,26,40.5,192.4,80,,464,0,-23.57643,-46.67335,São Paulo,parked,low_fuel,700,152.7
TLM03034,CUST0304,VEH0004,CONTR0304,2026-08-20T15:18:00,SYNTHETIC,67454,2563,1500,0,170.9,50.4,13.0,89,15.5,184.5,88,,510,0,-23.50901,-46.5768,São Paulo,moving,maintenance,1500,170.9
TLM03035,CUST0304,VEH0004,CONTR0304,2026-08-27T19:22:00,SYNTHETIC,67969,2063,1500,0,137.5,30.2,50.2,18,99.5,151.8,31,,179,0,-23.58555,-46.52131,São Paulo,parked,none,2500,137.5
TLM03036,CUST0304,VEH0004,CONTR0304,2026-09-03T06:21:00,SYNTHETIC,68562,2375,1500,0,158.3,60.9,65.4,16,64.5,176.6,81,,469,0,-23.56358,-46.59985,São Paulo,parked,none,2500,158.3
TLM03037,CUST0304,VEH0004,CONTR0304,2026-09-10T17:57:00,SYNTHETIC,68894,1331,1500,169,88.7,54.1,62.9,9,69.8,110.9,44,,255,0,-23.60588,-46.52118,São Paulo,parked,low_fuel,1000,88.7
TLM03038,CUST0304,VEH0004,CONTR0304,2026-09-17T20:44:00,SYNTHETIC,69571,2709,1500,0,180.6,35.6,21.6,56,36.5,205.1,22,,127,0,-23.66221,-46.55143,São Paulo,parked,low_fuel,4000,180.6
TLM03039,CUST0304,VEH0004,CONTR0304,2026-09-24T13:20:00,SYNTHETIC,70118,2189,1500,0,145.9,30.4,56.6,17,111.7,177.0,93,,539,0,-23.51723,-46.5886,São Paulo,parked,none,4000,145.9
TLM03040,CUST0304,VEH0004,CONTR0304,2026-10-01T09:09:00,SYNTHETIC,70765,2591,1500,0,172.7,57.1,49.1,24,51.5,215.8,41,,237,0,-23.58281,-46.66325,São Paulo,moving,low_fuel,4000,172.7
TLM03041,CUST0305,VEH0005,CONTR0305,2026-07-30T14:16:00,SYNTHETIC,14565,847,1000,153,84.7,38.5,13.5,28,21.0,82.6,80,,401,0,-12.91446,-38.42198,Salvador,parked,none,350,84.7
TLM03042,CUST0305,VEH0005,CONTR0305,2026-08-06T06:28:00,SYNTHETIC,14784,877,1000,123,87.7,43.8,53.6,7,73.5,71.2,22,,110,0,-13.03335,-38.51857,Salvador,parked,low_fuel,1000,87.7
TLM03043,CUST0305,VEH0005,CONTR0305,2026-08-13T11:59:00,SYNTHETIC,14960,704,1000,296,70.4,41.7,12.4,25,17.8,64.9,38,,190,0,-12.99651,-38.47285,Salvador,parked,km_limit,1500,70.4
TLM03044,CUST0305,VEH0005,CONTR0305,2026-08-20T07:16:00,SYNTHETIC,15348,1552,1000,0,155.2,32.4,22.4,31,41.5,128.7,78,,391,0,-12.91918,-38.57152,Salvador,parked,maintenance,2500,155.2
TLM03045,CUST0305,VEH0005,CONTR0305,2026-08-27T16:10:00,SYNTHETIC,15738,1561,1000,0,156.1,53.2,37.4,18,42.1,137.5,81,,406,0,-12.92531,-38.47365,Salvador,parked,km_limit,1500,156.1
TLM03046,CUST0305,VEH0005,CONTR0305,2026-09-03T17:17:00,SYNTHETIC,16045,1231,1000,0,123.1,56.4,15.6,35,16.6,111.2,28,,140,0,-12.99454,-38.43931,Salvador,parked,none,2500,123.1
TLM03047,CUST0305,VEH0005,CONTR0305,2026-09-10T11:25:00,SYNTHETIC,16336,1164,1000,0,116.4,35.6,30.8,17,51.9,100.9,87,,436,0,-12.908,-38.45915,Salvador,moving,maintenance,700,116.4
TLM03048,CUST0305,VEH0005,CONTR0305,2026-09-17T21:59:00,SYNTHETIC,16599,1054,1000,0,105.4,59.2,11.1,43,11.3,95.9,88,,441,0,-12.99192,-38.44157,Salvador,parked,none,1000,105.4
TLM03049,CUST0305,VEH0005,CONTR0305,2026-09-24T08:41:00,SYNTHETIC,16932,1335,1000,0,133.5,44.8,10.8,55,14.5,122.4,43,,215,0,-12.96601,-38.42741,Salvador,moving,none,700,133.5
TLM03050,CUST0305,VEH0005,CONTR0305,2026-10-01T19:47:00,SYNTHETIC,17277,1381,1000,0,138.1,35.2,20.6,30,35.1,123.0,64,,321,0,-13.02221,-38.50356,Salvador,parked,maintenance,350,138.1
TLM03051,CUST0306,VEH0006,CONTR0306,2026-07-30T19:19:00,SYNTHETIC,12053,1695,1800,105,94.2,55.3,61.1,12,66.3,165.8,36,,182,0,-3.70649,-38.47551,Fortaleza,parked,maintenance,1500,94.2
TLM03052,CUST0306,VEH0006,CONTR0306,2026-08-06T06:22:00,SYNTHETIC,12784,2927,1800,0,162.6,45.7,68.6,19,90.0,290.7,74,,374,0,-3.79326,-38.57885,Fortaleza,moving,low_fuel,350,162.6
TLM03053,CUST0306,VEH0006,CONTR0306,2026-08-13T06:21:00,SYNTHETIC,13377,2372,1800,0,131.8,50.2,66.0,16,78.9,232.0,39,,197,0,-3.66851,-38.45695,Fortaleza,parked,maintenance,350,131.8
TLM03054,CUST0306,VEH0006,CONTR0306,2026-08-20T21:18:00,SYNTHETIC,13910,2135,1800,0,118.6,48.3,19.4,50,24.1,199.7,88,,445,0,-3.70448,-38.47194,Fortaleza,parked,none,4000,118.6
TLM03055,CUST0306,VEH0006,CONTR0306,2026-08-27T17:10:00,SYNTHETIC,14350,1762,1800,38,97.9,59.0,52.8,15,53.8,162.2,39,,197,0,-3.70563,-38.47735,Fortaleza,moving,none,350,97.9
TLM03056,CUST0306,VEH0006,CONTR0306,2026-09-03T09:19:00,SYNTHETIC,14933,2334,1800,0,129.7,57.2,9.8,107,10.3,208.4,92,,465,0,-3.67478,-38.55092,Fortaleza,parked,low_fuel,700,129.7
TLM03057,CUST0306,VEH0006,CONTR0306,2026-09-10T16:43:00,SYNTHETIC,15414,1924,1800,0,106.9,54.6,15.7,55,17.3,185.3,63,,318,0,-3.72061,-38.44334,Fortaleza,parked,none,4000,106.9
TLM03058,CUST0306,VEH0006,CONTR0306,2026-09-17T10:49:00,SYNTHETIC,15948,2137,1800,0,118.7,49.5,52.4,18,63.4,199.8,15,,75,0,-3.73365,-38.44829,Fortaleza,moving,low_fuel,2500,118.7
TLM03059,CUST0306,VEH0006,CONTR0306,2026-09-24T20:03:00,SYNTHETIC,16468,2083,1800,0,115.7,57.0,23.2,40,24.4,197.9,82,,414,0,-3.76128,-38.58132,Fortaleza,parked,none,1000,115.7
TLM03060,CUST0306,VEH0006,CONTR0306,2026-10-01T19:28:00,SYNTHETIC,16986,2074,1800,0,115.2,50.0,15.9,59,19.1,173.8,39,,197,0,-3.79167,-38.59586,Fortaleza,parked,low_fuel,350,115.2
TLM03061,CUST0307,VEH0007,CONTR0307,2026-07-30T18:46:00,SYNTHETIC,19094,1112,1500,388,74.1,56.2,24.3,20,25.9,107.1,24,,134,0,-25.39969,-49.322,Curitiba,moving,km_limit,2500,74.1
TLM03062,CUST0307,VEH0007,CONTR0307,2026-08-06T11:25:00,SYNTHETIC,19324,921,1500,579,61.4,39.3,41.1,10,62.7,85.2,15,,84,0,-25.3685,-49.32748,Curitiba,parked,none,350,61.4
TLM03063,CUST0307,VEH0007,CONTR0307,2026-08-13T20:56:00,SYNTHETIC,19610,1144,1500,356,76.3,40.6,47.4,10,70.0,119.4,65,,364,0,-25.44234,-49.35995,Curitiba,parked,low_fuel,1000,76.3
TLM03064,CUST0307,VEH0007,CONTR0307,2026-08-20T06:50:00,SYNTHETIC,19942,1328,1500,172,88.5,38.2,43.5,13,68.2,125.5,70,,392,0,-25.35278,-49.26598,Curitiba,moving,none,2500,88.5
TLM03065,CUST0307,VEH0007,CONTR0307,2026-08-27T21:40:00,SYNTHETIC,20162,882,1500,618,58.8,54.6,49.7,8,54.5,84.9,38,,213,0,-25.4694,-49.31532,Curitiba,moving,none,350,58.8
TLM03066,CUST0307,VEH0007,CONTR0307,2026-09-03T06:20:00,SYNTHETIC,20466,1218,1500,282,81.2,56.3,16.8,32,17.9,127.0,74,,415,0,-25.44054,-49.2422,Curitiba,moving,low_fuel,700,81.2
TLM03067,CUST0307,VEH0007,CONTR0307,2026-09-10T12:03:00,SYNTHETIC,20814,1395,1500,105,93.0,28.0,30.0,21,64.4,137.0,68,,381,0,-25.32362,-49.25374,Curitiba,parked,maintenance,700,93.0
TLM03068,CUST0307,VEH0007,CONTR0307,2026-09-17T18:38:00,SYNTHETIC,21112,1194,1500,306,79.6,29.9,11.5,47,23.0,124.6,70,,392,0,-25.46442,-49.31288,Curitiba,parked,none,1500,79.6
TLM03069,CUST0307,VEH0007,CONTR0307,2026-09-24T21:28:00,SYNTHETIC,21333,885,1500,615,59.0,47.6,19.2,20,24.2,79.9,88,,493,0,-25.37574,-49.27427,Curitiba,moving,low_fuel,4000,59.0
TLM03070,CUST0307,VEH0007,CONTR0307,2026-10-01T07:35:00,SYNTHETIC,21690,1429,1500,71,95.3,37.7,27.7,23,44.1,141.4,94,,527,0,-25.39936,-49.28369,Curitiba,parked,low_fuel,1500,95.3
TLM03071,CUST0308,VEH0008,CONTR0308,2026-07-30T15:45:00,SYNTHETIC,25044,2209,2500,291,88.4,57.3,31.1,32,32.5,171.1,77,,434,0,-8.06174,-34.87564,Recife,parked,maintenance,2500,88.4
TLM03072,CUST0308,VEH0008,CONTR0308,2026-08-06T18:34:00,SYNTHETIC,26043,3997,2500,0,159.9,33.2,44.1,41,79.7,339.4,94,,530,0,-8.02694,-34.85216,Recife,parked,maintenance,1500,159.9
TLM03073,CUST0308,VEH0008,CONTR0308,2026-08-13T20:04:00,SYNTHETIC,26656,2455,2500,45,98.2,45.1,52.0,21,69.2,199.2,19,,107,0,-7.99289,-34.97039,Recife,parked,low_fuel,2500,98.2
TLM03074,CUST0308,VEH0008,CONTR0308,2026-08-20T10:46:00,SYNTHETIC,27468,3251,2500,0,130.0,40.1,11.7,126,17.5,306.1,42,,236,0,-8.03153,-35.00106,Recife,moving,km_limit,1500,130.0
TLM03075,CUST0308,VEH0008,CONTR0308,2026-08-27T11:18:00,SYNTHETIC,28195,2910,2500,0,116.4,52.9,53.4,24,60.6,238.2,83,,468,0,-8.01642,-34.94665,Recife,parked,maintenance,700,116.4
TLM03076,CUST0308,VEH0008,CONTR0308,2026-09-03T19:50:00,SYNTHETIC,29038,3374,2500,0,135.0,56.3,45.7,33,48.7,267.1,45,,253,0,-8.08462,-34.9207,Recife,parked,none,1500,135.0
TLM03077,CUST0308,VEH0008,CONTR0308,2026-09-10T13:30:00,SYNTHETIC,29601,2252,2500,248,90.1,55.5,16.6,61,17.9,177.8,87,,490,0,-7.97945,-34.99783,Recife,moving,low_fuel,1500,90.1
TLM03078,CUST0308,VEH0008,CONTR0308,2026-09-17T18:51:00,SYNTHETIC,30585,3939,2500,0,157.6,56.2,9.1,197,9.7,310.9,24,,135,0,-8.04396,-35.00781,Recife,moving,none,4000,157.6
TLM03079,CUST0308,VEH0008,CONTR0308,2026-09-24T17:43:00,SYNTHETIC,31308,2895,2500,0,115.8,29.6,27.2,48,55.0,238.4,91,,513,0,-8.00792,-35.00117,Recife,moving,none,1000,115.8
TLM03080,CUST0308,VEH0008,CONTR0308,2026-10-01T08:39:00,SYNTHETIC,32221,3653,2500,0,146.1,49.0,50.5,32,61.9,312.7,87,,490,0,-7.98041,-34.98587,Recife,parked,low_fuel,350,146.1
TLM03081,CUST0309,VEH0009,CONTR0309,2026-07-30T22:04:00,SYNTHETIC,75449,1354,2000,646,67.7,28.7,30.5,20,63.8,125.9,21,,122,0,-22.84681,-43.10418,Rio de Janeiro,moving,km_limit,4000,67.7
TLM03082,CUST0309,VEH0009,CONTR0309,2026-08-06T20:43:00,SYNTHETIC,75661,849,2000,1151,42.4,58.5,26.9,14,27.6,75.0,27,,157,0,-22.96528,-43.13991,Rio de Janeiro,moving,km_limit,350,42.4
TLM03083,CUST0309,VEH0009,CONTR0309,2026-08-13T22:47:00,SYNTHETIC,75853,771,2000,1229,38.6,58.2,29.0,12,29.9,66.0,18,,105,0,-22.83303,-43.1487,Rio de Janeiro,moving,low_fuel,1000,38.6
TLM03084,CUST0309,VEH0009,CONTR0309,2026-08-20T21:11:00,SYNTHETIC,76211,1434,2000,566,71.7,36.7,37.7,17,61.7,120.9,90,,526,0,-22.94404,-43.23632,Rio de Janeiro,moving,none,4000,71.7
TLM03085,CUST0309,VEH0009,CONTR0309,2026-08-27T17:37:00,SYNTHETIC,76451,963,2000,1037,48.1,40.4,42.6,10,63.2,81.8,67,,391,0,-22.90028,-43.16777,Rio de Janeiro,parked,km_limit,350,48.1
TLM03086,CUST0309,VEH0009,CONTR0309,2026-09-03T14:37:00,SYNTHETIC,76811,1442,2000,558,72.1,48.8,37.0,17,45.6,121.2,48,,280,0,-22.83518,-43.182,Rio de Janeiro,parked,none,4000,72.1
TLM03087,CUST0309,VEH0009,CONTR0309,2026-09-10T18:14:00,SYNTHETIC,77055,977,2000,1023,48.9,61.8,9.7,45,9.4,83.9,25,,146,0,-22.95566,-43.08824,Rio de Janeiro,parked,none,350,48.9
TLM03088,CUST0309,VEH0009,CONTR0309,2026-09-17T16:36:00,SYNTHETIC,77488,1733,2000,267,86.7,43.1,42.8,18,59.7,152.4,75,,438,0,-22.94067,-43.12876,Rio de Janeiro,parked,maintenance,350,86.7
TLM03089,CUST0309,VEH0009,CONTR0309,2026-09-24T14:16:00,SYNTHETIC,77722,938,2000,1062,46.9,49.0,42.4,10,52.0,83.2,48,,280,0,-22.90351,-43.20831,Rio de Janeiro,moving,low_fuel,700,46.9
TLM03090,CUST0309,VEH0009,CONTR0309,2026-10-01T14:49:00,SYNTHETIC,78069,1390,2000,610,69.5,32.0,21.4,29,40.1,126.0,76,,444,0,-22.97368,-43.0829,Rio de Janeiro,parked,maintenance,1500,69.5
TLM03091,CUST0310,VEH0010,CONTR0310,2026-07-30T21:23:00,SYNTHETIC,18960,2022,2000,0,101.1,46.6,67.2,13,86.6,185.5,46,,266,0,-3.7991,-38.48365,Fortaleza,parked,none,700,101.1
TLM03092,CUST0310,VEH0010,CONTR0310,2026-08-06T13:09:00,SYNTHETIC,19481,2086,2000,0,104.3,43.7,67.5,14,92.5,185.6,34,,196,0,-3.75673,-38.56477,Fortaleza,moving,low_fuel,4000,104.3
TLM03093,CUST0310,VEH0010,CONTR0310,2026-08-13T19:10:00,SYNTHETIC,20254,3094,2000,0,154.7,47.3,60.9,23,77.1,258.0,88,,509,0,-3.71306,-38.52642,Fortaleza,parked,none,1500,154.7
TLM03094,CUST0310,VEH0010,CONTR0310,2026-08-20T22:02:00,SYNTHETIC,20842,2353,2000,0,117.7,28.4,55.0,19,116.2,211.0,56,,324,0,-3.64149,-38.55618,Fortaleza,parked,low_fuel,1000,117.7
TLM03095,CUST0310,VEH0010,CONTR0310,2026-08-27T11:23:00,SYNTHETIC,21551,2839,2000,0,141.9,37.9,39.6,32,62.6,246.1,35,,202,0,-3.68378,-38.5215,Fortaleza,parked,km_limit,2500,141.9
TLM03096,CUST0310,VEH0010,CONTR0310,2026-09-03T17:55:00,SYNTHETIC,22242,2765,2000,0,138.2,57.5,57.7,21,60.2,209.3,69,,399,0,-3.72027,-38.53086,Fortaleza,moving,low_fuel,700,138.2
TLM03097,CUST0310,VEH0010,CONTR0310,2026-09-10T12:59:00,SYNTHETIC,22650,1634,2000,366,81.7,30.1,31.4,23,62.7,126.7,32,,185,0,-3.68825,-38.59172,Fortaleza,parked,none,1500,81.7
TLM03098,CUST0310,VEH0010,CONTR0310,2026-09-17T06:49:00,SYNTHETIC,23282,2529,2000,0,126.4,56.9,12.3,93,13.0,206.1,32,,185,0,-3.76693,-38.55683,Fortaleza,moving,km_limit,4000,126.4
TLM03099,CUST0310,VEH0010,CONTR0310,2026-09-24T22:44:00,SYNTHETIC,24139,3431,2000,0,171.6,37.7,70.5,22,112.2,285.8,58,,335,0,-3.69323,-38.5711,Fortaleza,parked,low_fuel,1500,171.6
TLM03100,CUST0310,VEH0010,CONTR0310,2026-10-01T16:15:00,SYNTHETIC,24657,2074,2000,0,103.7,42.9,47.1,20,65.9,174.8,16,,92,0,-3.72039,-38.51861,Fortaleza,parked,none,2500,103.7
TLM03101,CUST0311,VEH0011,CONTR0311,2026-07-30T16:28:00,SYNTHETIC,15202,1358,1500,142,90.5,50.3,44.1,14,52.6,129.6,93,,522,0,-15.72129,-47.89414,Brasília,moving,low_fuel,1500,90.5
TLM03102,CUST0311,VEH0011,CONTR0311,2026-08-06T18:09:00,SYNTHETIC,15546,1378,1500,122,91.9,41.2,45.5,13,66.2,115.9,35,,196,0,-15.68107,-47.92783,Brasília,parked,none,4000,91.9
TLM03103,CUST0311,VEH0011,CONTR0311,2026-08-13T18:07:00,SYNTHETIC,15857,1246,1500,254,83.1,37.5,26.0,21,41.5,103.2,49,,275,0,-15.79781,-47.94324,Brasília,moving,maintenance,700,83.1
TLM03104,CUST0311,VEH0011,CONTR0311,2026-08-20T14:21:00,SYNTHETIC,16210,1412,1500,88,94.1,29.5,41.7,15,84.8,124.6,40,,224,0,-15.81948,-47.80015,Brasília,parked,maintenance,2500,94.1
TLM03105,CUST0311,VEH0011,CONTR0311,2026-08-27T18:00:00,SYNTHETIC,16539,1316,1500,184,87.7,33.2,12.9,46,23.3,111.8,89,,500,0,-15.78238,-47.92265,Brasília,parked,low_fuel,2500,87.7
TLM03106,CUST0311,VEH0011,CONTR0311,2026-09-03T17:24:00,SYNTHETIC,16883,1378,1500,122,91.9,31.6,8.8,71,16.7,118.0,39,,219,0,-15.7356,-47.84813,Brasília,parked,none,4000,91.9
TLM03107,CUST0311,VEH0011,CONTR0311,2026-09-10T12:20:00,SYNTHETIC,17192,1239,1500,261,82.6,49.3,39.6,14,48.2,105.3,53,,297,0,-15.80446,-47.86775,Brasília,parked,none,350,82.6
TLM03108,CUST0311,VEH0011,CONTR0311,2026-09-17T06:33:00,SYNTHETIC,17538,1385,1500,115,92.3,51.0,52.2,12,61.4,129.9,81,,455,0,-15.82039,-47.81084,Brasília,moving,low_fuel,1500,92.3
TLM03109,CUST0311,VEH0011,CONTR0311,2026-09-24T19:32:00,SYNTHETIC,17871,1334,1500,166,88.9,33.9,53.0,11,93.7,120.8,18,,101,0,-15.82666,-47.84832,Brasília,maintenance,low_fuel,700,88.9
TLM03110,CUST0311,VEH0011,CONTR0311,2026-10-01T09:53:00,SYNTHETIC,18187,1264,1500,236,84.3,54.6,19.3,29,21.2,116.7,77,,432,0,-15.79962,-47.88329,Brasília,parked,low_fuel,700,84.3
TLM03111,CUST0312,VEH0012,CONTR0312,2026-07-30T08:43:00,SYNTHETIC,70635,3362,2000,0,168.1,57.0,16.4,93,17.3,314.1,43,,242,0,-19.81891,-44.01033,Belo Horizonte,moving,low_fuel,350,168.1
TLM03112,CUST0312,VEH0012,CONTR0312,2026-08-06T16:49:00,SYNTHETIC,71248,2453,2000,0,122.6,38.1,17.8,62,28.0,238.8,75,,422,0,-19.90634,-43.90454,Belo Horizonte,moving,km_limit,2500,122.6
TLM03113,CUST0312,VEH0012,CONTR0312,2026-08-13T14:29:00,SYNTHETIC,71674,1706,2000,294,85.3,32.1,43.2,17,80.7,142.8,82,,461,0,-19.93989,-44.00446,Belo Horizonte,charging,km_limit,4000,85.3
TLM03114,CUST0312,VEH0012,CONTR0312,2026-08-20T15:24:00,SYNTHETIC,72466,3168,2000,0,158.4,31.6,13.8,104,26.3,285.9,94,,529,0,-19.96529,-44.00994,Belo Horizonte,parked,km_limit,4000,158.4
TLM03115,CUST0312,VEH0012,CONTR0312,2026-08-27T13:55:00,SYNTHETIC,72887,1687,2000,313,84.4,30.5,31.9,24,62.8,154.1,17,,95,0,-19.94398,-43.88214,Belo Horizonte,parked,none,1000,84.4
TLM03116,CUST0312,VEH0012,CONTR0312,2026-09-03T12:01:00,SYNTHETIC,73518,2527,2000,0,126.4,57.7,32.1,35,33.4,238.5,36,,202,0,-19.82934,-44.00048,Belo Horizonte,moving,km_limit,350,126.4
TLM03117,CUST0312,VEH0012,CONTR0312,2026-09-10T17:14:00,SYNTHETIC,74298,3120,2000,0,156.0,33.7,25.4,55,45.3,291.2,87,,489,0,-19.95097,-44.0123,Belo Horizonte,charging,none,350,156.0
TLM03118,CUST0312,VEH0012,CONTR0312,2026-09-17T18:55:00,SYNTHETIC,75059,3045,2000,0,152.2,43.6,38.3,36,52.6,263.2,56,,315,0,-19.86451,-43.99412,Belo Horizonte,parked,none,350,152.2
TLM03119,CUST0312,VEH0012,CONTR0312,2026-09-24T08:53:00,SYNTHETIC,75438,1519,2000,481,75.9,35.3,28.0,24,47.5,127.1,18,,101,0,-19.87099,-44.01832,Belo Horizonte,parked,low_fuel,2500,75.9
TLM03120,CUST0312,VEH0012,CONTR0312,2026-10-01T20:31:00,SYNTHETIC,76166,2913,2000,0,145.6,41.2,25.0,52,36.4,288.6,45,,253,0,-19.94362,-43.94055,Belo Horizonte,moving,none,1500,145.6
TLM03121,CUST0313,VEH0013,CONTR0313,2026-07-30T12:44:00,SYNTHETIC,42338,1328,1500,172,88.5,51.7,34.0,17,39.5,116.2,70,,388,0,-25.42038,-49.2279,Curitiba,moving,low_fuel,4000,88.5
TLM03122,CUST0313,VEH0013,CONTR0313,2026-08-06T16:04:00,SYNTHETIC,42842,2016,1500,0,134.4,40.3,11.5,79,17.1,171.1,38,,210,0,-25.5243,-49.23461,Curitiba,parked,none,1500,134.4
TLM03123,CUST0313,VEH0013,CONTR0313,2026-08-13T16:06:00,SYNTHETIC,43177,1343,1500,157,89.5,32.1,18.0,33,33.6,125.1,61,,338,0,-25.4969,-49.2643,Curitiba,moving,none,4000,89.5
TLM03124,CUST0313,VEH0013,CONTR0313,2026-08-20T21:19:00,SYNTHETIC,43518,1364,1500,136,90.9,34.9,48.4,12,83.2,128.4,34,,188,0,-25.51507,-49.2347,Curitiba,moving,none,1000,90.9
TLM03125,CUST0313,VEH0013,CONTR0313,2026-08-27T18:14:00,SYNTHETIC,43927,1637,1500,0,109.1,42.3,22.5,33,32.0,134.3,21,,116,0,-25.42426,-49.2867,Curitiba,charging,low_fuel,700,109.1
TLM03126,CUST0313,VEH0013,CONTR0313,2026-09-03T06:01:00,SYNTHETIC,44292,1462,1500,38,97.5,34.8,35.6,18,61.4,128.8,79,,438,0,-25.40274,-49.32175,Curitiba,parked,low_fuel,350,97.5
TLM03127,CUST0313,VEH0013,CONTR0313,2026-09-10T09:17:00,SYNTHETIC,44715,1694,1500,0,112.9,44.6,8.1,94,11.0,152.9,70,,388,0,-25.4674,-49.36863,Curitiba,parked,none,2500,112.9
TLM03128,CUST0313,VEH0013,CONTR0313,2026-09-17T15:24:00,SYNTHETIC,44947,928,1500,572,61.9,47.6,43.7,9,55.0,86.8,62,,344,0,-25.39235,-49.32349,Curitiba,moving,maintenance,1000,61.9
TLM03129,CUST0313,VEH0013,CONTR0313,2026-09-24T06:06:00,SYNTHETIC,45202,1020,1500,480,68.0,31.6,37.6,12,71.5,90.0,32,,177,0,-25.46996,-49.31381,Curitiba,parked,none,700,68.0
TLM03130,CUST0313,VEH0013,CONTR0313,2026-10-01T21:49:00,SYNTHETIC,45586,1539,1500,0,102.6,48.5,25.9,27,32.0,120.3,91,,505,0,-25.47416,-49.29647,Curitiba,moving,low_fuel,350,102.6
TLM03131,CUST0314,VEH0014,CONTR0314,2026-07-30T09:56:00,SYNTHETIC,26334,658,800,142,82.2,58.7,29.2,10,29.8,50.7,17,,104,0,-16.67131,-49.28931,Goiânia,moving,km_limit,1000,82.2
TLM03132,CUST0314,VEH0014,CONTR0314,2026-08-06T17:27:00,SYNTHETIC,26533,796,800,4,99.5,45.5,52.3,6,69.0,69.3,92,,563,0,-16.64787,-49.19587,Goiânia,parked,km_limit,4000,99.5
TLM03133,CUST0314,VEH0014,CONTR0314,2026-08-13T21:05:00,SYNTHETIC,26759,905,800,0,113.1,49.7,44.4,9,53.6,67.0,33,,201,0,-16.59158,-49.18229,Goiânia,parked,none,350,113.1
TLM03134,CUST0314,VEH0014,CONTR0314,2026-08-20T10:46:00,SYNTHETIC,26963,817,800,0,102.1,35.7,29.9,12,50.2,68.1,26,,159,0,-16.57973,-49.17715,Goiânia,parked,none,1000,102.1
TLM03135,CUST0314,VEH0014,CONTR0314,2026-08-27T15:23:00,SYNTHETIC,27169,824,800,0,103.0,47.8,27.5,13,34.5,62.7,42,,257,0,-16.64107,-49.25801,Goiânia,charging,low_fuel,350,103.0
TLM03136,CUST0314,VEH0014,CONTR0314,2026-09-03T17:19:00,SYNTHETIC,27413,978,800,0,122.2,29.7,36.8,12,74.3,83.7,69,,422,0,-16.65866,-49.15901,Goiânia,parked,maintenance,4000,122.2
TLM03137,CUST0314,VEH0014,CONTR0314,2026-09-10T08:02:00,SYNTHETIC,27651,953,800,0,119.1,32.6,28.0,15,51.5,70.1,47,,287,0,-16.58131,-49.2172,Goiânia,parked,km_limit,700,119.1
TLM03138,CUST0314,VEH0014,CONTR0314,2026-09-17T15:28:00,SYNTHETIC,27892,966,800,0,120.8,36.9,8.8,50,14.3,76.9,48,,293,0,-16.72735,-49.18106,Goiânia,parked,km_limit,4000,120.8
TLM03139,CUST0314,VEH0014,CONTR0314,2026-09-24T11:21:00,SYNTHETIC,28063,686,800,114,85.8,31.8,8.9,35,16.8,53.6,36,,220,0,-16.68226,-49.16831,Goiânia,parked,none,700,85.8
TLM03140,CUST0314,VEH0014,CONTR0314,2026-10-01T17:19:00,SYNTHETIC,28184,484,800,316,60.5,36.7,10.6,20,17.3,37.8,38,,232,0,-16.58576,-49.23614,Goiânia,moving,none,2500,60.5
TLM03141,CUST0315,VEH0015,CONTR0315,2026-07-30T11:35:00,SYNTHETIC,9305,666,800,134,83.2,36.4,53.9,5,88.8,65.3,59,,341,0,-19.99399,-43.96456,Belo Horizonte,moving,none,2500,83.2
TLM03142,CUST0315,VEH0015,CONTR0315,2026-08-06T11:51:00,SYNTHETIC,9596,1164,800,0,145.5,48.8,25.9,20,31.9,114.5,28,,162,0,-19.91856,-43.89035,Belo Horizonte,charging,low_fuel,350,145.5
TLM03143,CUST0315,VEH0015,CONTR0315,2026-08-13T14:46:00,SYNTHETIC,9826,922,800,0,115.3,31.7,45.8,9,86.7,93.4,63,,364,0,-19.94676,-43.84384,Belo Horizonte,parked,km_limit,1000,115.3
TLM03144,CUST0315,VEH0015,CONTR0315,2026-08-20T17:03:00,SYNTHETIC,10023,790,800,10,98.8,46.9,23.4,15,30.0,70.7,21,,121,0,-19.89302,-43.98219,Belo Horizonte,parked,none,2500,98.8
TLM03145,CUST0315,VEH0015,CONTR0315,2026-08-27T10:22:00,SYNTHETIC,10338,1263,800,0,157.9,38.4,44.9,12,70.2,129.0,88,,509,0,-19.93721,-43.99213,Belo Horizonte,parked,maintenance,2500,157.9
TLM03146,CUST0315,VEH0015,CONTR0315,2026-09-03T09:16:00,SYNTHETIC,10653,1262,800,0,157.8,45.5,11.9,48,15.7,112.4,59,,341,0,-19.97402,-43.88644,Belo Horizonte,moving,none,4000,157.8
TLM03147,CUST0315,VEH0015,CONTR0315,2026-09-10T09:34:00,SYNTHETIC,10930,1110,800,0,138.8,32.8,18.1,27,33.0,115.8,84,,486,0,-19.89016,-43.97508,Belo Horizonte,parked,none,1500,138.8
TLM03148,CUST0315,VEH0015,CONTR0315,2026-09-17T07:54:00,SYNTHETIC,11228,1192,800,0,149.0,46.0,44.2,12,57.6,107.1,41,,237,0,-19.87443,-43.96347,Belo Horizonte,charging,low_fuel,2500,149.0
TLM03149,CUST0315,VEH0015,CONTR0315,2026-09-24T22:18:00,SYNTHETIC,11468,963,800,0,120.4,58.2,42.0,10,43.2,93.1,21,,121,0,-20.0092,-43.87661,Belo Horizonte,parked,maintenance,700,120.4
TLM03150,CUST0315,VEH0015,CONTR0315,2026-10-01T09:47:00,SYNTHETIC,11704,944,800,0,118.0,41.7,13.0,33,18.7,93.9,23,,133,0,-20.00939,-43.9926,Belo Horizonte,parked,low_fuel,2500,118.0
TLM03151,CUST0316,VEH0016,CONTR0316,2026-07-30T14:01:00,SYNTHETIC,18727,1671,2500,829,66.8,29.2,23.3,32,48.0,112.0,54,,267,0,-25.3885,-49.25023,Curitiba,maintenance,low_fuel,1000,66.8
TLM03152,CUST0316,VEH0016,CONTR0316,2026-08-06T15:15:00,SYNTHETIC,19003,1105,2500,1395,44.2,38.5,31.0,16,48.3,78.7,75,,371,0,-25.50582,-49.23412,Curitiba,parked,maintenance,700,44.2
TLM03153,CUST0316,VEH0016,CONTR0316,2026-08-13T11:36:00,SYNTHETIC,19471,1875,2500,625,75.0,40.7,30.3,28,44.7,128.8,91,,450,0,-25.46411,-49.22691,Curitiba,moving,maintenance,1500,75.0
TLM03154,CUST0316,VEH0016,CONTR0316,2026-08-20T08:36:00,SYNTHETIC,19930,1839,2500,661,73.6,35.4,53.2,15,90.1,134.7,77,,381,0,-25.41777,-49.33836,Curitiba,parked,none,350,73.6
TLM03155,CUST0316,VEH0016,CONTR0316,2026-08-27T13:19:00,SYNTHETIC,20404,1899,2500,601,76.0,51.2,53.8,16,63.0,138.5,48,,237,0,-25.49386,-49.20196,Curitiba,parked,low_fuel,350,76.0
TLM03156,CUST0316,VEH0016,CONTR0316,2026-09-03T08:41:00,SYNTHETIC,20844,1761,2500,739,70.4,35.8,52.5,15,87.9,125.1,71,,351,0,-25.42316,-49.27578,Curitiba,parked,low_fuel,1500,70.4
TLM03157,CUST0316,VEH0016,CONTR0316,2026-09-10T14:11:00,SYNTHETIC,21332,1955,2500,545,78.2,49.3,34.6,25,42.0,130.7,15,,74,0,-25.38594,-49.27637,Curitiba,moving,low_fuel,700,78.2
TLM03158,CUST0316,VEH0016,CONTR0316,2026-09-17T22:16:00,SYNTHETIC,21649,1269,2500,1231,50.8,50.5,28.7,20,34.1,85.9,23,,113,0,-25.49361,-49.3328,Curitiba,moving,none,700,50.8
TLM03159,CUST0316,VEH0016,CONTR0316,2026-09-24T08:06:00,SYNTHETIC,22096,1788,2500,712,71.5,52.3,45.4,17,52.1,126.2,33,,163,0,-25.40598,-49.2989,Curitiba,parked,none,1500,71.5
TLM03160,CUST0316,VEH0016,CONTR0316,2026-10-01T17:19:00,SYNTHETIC,22611,2061,2500,439,82.4,28.9,16.0,58,33.4,137.5,76,,376,0,-25.50508,-49.21284,Curitiba,moving,low_fuel,700,82.4
TLM03161,CUST0317,VEH0017,CONTR0317,2026-07-30T18:32:00,SYNTHETIC,51450,2833,2500,0,113.3,38.4,67.8,18,106.0,271.4,23,,132,0,-22.88168,-47.07337,Campinas,parked,none,4000,113.3
TLM03162,CUST0317,VEH0017,CONTR0317,2026-08-06T12:02:00,SYNTHETIC,52185,2943,2500,0,117.7,28.6,44.2,30,92.6,264.4,92,,529,0,-22.94716,-47.08064,Campinas,parked,none,1000,117.7
TLM03163,CUST0317,VEH0017,CONTR0317,2026-08-13T14:57:00,SYNTHETIC,52965,3122,2500,0,124.9,31.5,32.8,43,62.4,268.8,81,,465,0,-22.95613,-47.05875,Campinas,moving,none,2500,124.9
TLM03164,CUST0317,VEH0017,CONTR0317,2026-08-20T11:27:00,SYNTHETIC,53637,2689,2500,0,107.6,37.7,34.7,35,55.3,244.8,86,,494,0,-22.95659,-47.13532,Campinas,parked,low_fuel,2500,107.6
TLM03165,CUST0317,VEH0017,CONTR0317,2026-08-27T12:44:00,SYNTHETIC,54410,3094,2500,0,123.8,46.5,22.5,62,29.0,286.6,40,,230,0,-22.9521,-47.1545,Campinas,parked,none,350,123.8
TLM03166,CUST0317,VEH0017,CONTR0317,2026-09-03T13:00:00,SYNTHETIC,55085,2700,2500,0,108.0,53.1,42.5,28,48.0,259.0,54,,310,0,-22.84289,-47.06541,Campinas,parked,none,1000,108.0
TLM03167,CUST0317,VEH0017,CONTR0317,2026-09-10T21:12:00,SYNTHETIC,55812,2908,2500,0,116.3,50.3,34.7,38,41.4,253.2,47,,270,0,-22.87735,-47.01234,Campinas,parked,none,2500,116.3
TLM03168,CUST0317,VEH0017,CONTR0317,2026-09-17T09:35:00,SYNTHETIC,56577,3063,2500,0,122.5,59.5,39.5,35,39.9,247.6,35,,201,0,-22.95506,-47.1129,Campinas,moving,km_limit,4000,122.5
TLM03169,CUST0317,VEH0017,CONTR0317,2026-09-24T21:04:00,SYNTHETIC,57278,2807,2500,0,112.3,45.1,24.6,51,32.7,266.1,26,,149,0,-22.9018,-47.06389,Campinas,moving,km_limit,700,112.3
TLM03170,CUST0317,VEH0017,CONTR0317,2026-10-01T15:38:00,SYNTHETIC,58048,3081,2500,0,123.2,44.1,42.6,32,57.9,263.7,34,,195,0,-22.80803,-47.09263,Campinas,parked,km_limit,2500,123.2
TLM03171,CUST0318,VEH0018,CONTR0318,2026-07-30T21:34:00,SYNTHETIC,38717,3340,2500,0,133.6,30.4,30.5,49,60.2,263.4,90,,558,0,-15.83616,-47.9046,Brasília,parked,km_limit,350,133.6
TLM03172,CUST0318,VEH0018,CONTR0318,2026-08-06T07:49:00,SYNTHETIC,39497,3120,2500,0,124.8,49.5,47.9,29,58.0,273.7,87,,539,0,-15.7591,-47.96473,Brasília,charging,low_fuel,700,124.8
TLM03173,CUST0318,VEH0018,CONTR0318,2026-08-13T13:37:00,SYNTHETIC,40112,2460,2500,40,98.4,43.2,71.3,15,98.9,196.8,69,,427,0,-15.79742,-47.85716,Brasília,parked,none,2500,98.4
TLM03174,CUST0318,VEH0018,CONTR0318,2026-08-20T15:52:00,SYNTHETIC,40938,3304,2500,0,132.2,33.1,70.7,21,128.3,303.4,20,,124,0,-15.76622,-47.97371,Brasília,parked,none,1500,132.2
TLM03175,CUST0318,VEH0018,CONTR0318,2026-08-27T18:31:00,SYNTHETIC,41652,2858,2500,0,114.3,55.2,52.6,24,57.1,263.1,35,,217,0,-15.75968,-47.97925,Brasília,parked,none,700,114.3
TLM03176,CUST0318,VEH0018,CONTR0318,2026-09-03T06:16:00,SYNTHETIC,42395,2972,2500,0,118.9,29.3,13.7,98,28.1,269.2,24,,148,0,-15.80091,-47.97274,Brasília,maintenance,maintenance,700,118.9
TLM03177,CUST0318,VEH0018,CONTR0318,2026-09-10T20:19:00,SYNTHETIC,43441,4186,2500,0,167.4,29.3,45.3,42,92.8,383.1,31,,192,0,-15.76748,-47.92514,Brasília,moving,maintenance,1000,167.4
TLM03178,CUST0318,VEH0018,CONTR0318,2026-09-17T10:51:00,SYNTHETIC,44224,3132,2500,0,125.3,50.0,44.9,31,53.9,283.6,76,,471,0,-15.77575,-47.83455,Brasília,moving,low_fuel,700,125.3
TLM03179,CUST0318,VEH0018,CONTR0318,2026-09-24T13:26:00,SYNTHETIC,44986,3049,2500,0,122.0,53.8,48.5,28,54.2,273.3,57,,353,0,-15.75892,-47.852,Brasília,moving,none,4000,122.0
TLM03180,CUST0318,VEH0018,CONTR0318,2026-10-01T13:56:00,SYNTHETIC,45712,2906,2500,0,116.2,44.1,13.0,101,17.7,248.5,85,,527,0,-15.78166,-47.84053,Brasília,moving,low_fuel,1000,116.2
TLM03181,CUST0319,VEH0019,CONTR0319,2026-07-30T16:30:00,SYNTHETIC,37872,2207,2500,293,88.3,56.4,24.2,41,25.8,230.3,79,,436,0,-22.8954,-47.03981,Campinas,parked,none,281,88.3
TLM03182,CUST0319,VEH0019,CONTR0319,2026-08-06T22:58:00,SYNTHETIC,38374,2008,2500,492,80.3,32.7,35.9,25,65.8,216.9,79,,436,0,-22.8562,-47.08376,Campinas,moving,none,311,80.3
TLM03183,CUST0319,VEH0019,CONTR0319,2026-08-13T14:17:00,SYNTHETIC,39101,2908,2500,0,116.3,58.7,15.3,86,15.6,294.2,63,,347,0,-22.91596,-47.12494,Campinas,parked,none,244,116.3
TLM03184,CUST0319,VEH0019,CONTR0319,2026-08-20T08:58:00,SYNTHETIC,39615,2057,2500,443,82.3,49.8,13.6,68,16.4,223.0,81,,447,0,-22.90419,-47.13678,Campinas,moving,none,416,82.3
TLM03185,CUST0319,VEH0019,CONTR0319,2026-08-27T22:52:00,SYNTHETIC,40061,1784,2500,716,71.4,52.5,16.2,50,18.5,164.4,52,,287,0,-22.85166,-47.14918,Campinas,moving,low_fuel,214,71.4
TLM03186,CUST0319,VEH0019,CONTR0319,2026-09-03T18:20:00,SYNTHETIC,40516,1822,2500,678,72.9,49.3,27.4,30,33.4,194.2,85,,469,0,-22.91682,-47.13491,Campinas,parked,low_fuel,362,72.9
TLM03187,CUST0319,VEH0019,CONTR0319,2026-09-10T22:13:00,SYNTHETIC,41199,2734,2500,0,109.4,31.5,46.5,26,88.6,268.1,15,,82,0,-22.86792,-47.12107,Campinas,moving,low_fuel,471,109.4
TLM03188,CUST0319,VEH0019,CONTR0319,2026-09-17T17:57:00,SYNTHETIC,41598,1598,2500,902,63.9,38.3,14.2,51,22.2,157.0,61,,336,0,-22.96101,-47.01215,Campinas,parked,none,248,63.9
TLM03189,CUST0319,VEH0019,CONTR0319,2026-09-24T08:00:00,SYNTHETIC,42137,2159,2500,341,86.4,40.4,29.3,33,43.5,214.3,42,,231,0,-22.85818,-47.04752,Campinas,parked,maintenance,176,86.4
TLM03190,CUST0319,VEH0019,CONTR0319,2026-10-01T22:45:00,SYNTHETIC,42810,2695,2500,0,107.8,54.7,25.3,48,27.8,286.1,58,,320,0,-22.86777,-47.00107,Campinas,moving,none,345,107.8
TLM03191,CUST0320,VEH0020,CONTR0320,2026-07-30T08:42:00,SYNTHETIC,11970,1254,1200,0,104.5,28.2,7.4,76,15.7,104.3,63,,378,0,-22.92763,-47.02071,Campinas,parked,km_limit,350,104.5
TLM03192,CUST0320,VEH0020,CONTR0320,2026-08-06T20:44:00,SYNTHETIC,12245,1101,1200,99,91.8,55.4,14.1,35,15.2,89.0,62,,372,0,-22.88811,-47.09642,Campinas,moving,maintenance,1500,91.8
TLM03193,CUST0320,VEH0020,CONTR0320,2026-08-13T20:21:00,SYNTHETIC,12479,938,1200,262,78.2,51.5,49.1,8,57.2,77.3,94,,564,0,-22.84698,-47.12015,Campinas,parked,none,1500,78.2
TLM03194,CUST0320,VEH0020,CONTR0320,2026-08-20T12:15:00,SYNTHETIC,12664,741,1200,459,61.8,46.9,19.1,17,24.5,68.7,68,,408,0,-22.84312,-47.09061,Campinas,parked,none,350,61.8
TLM03195,CUST0320,VEH0020,CONTR0320,2026-08-27T09:32:00,SYNTHETIC,12917,1012,1200,188,84.3,52.0,52.7,8,60.8,86.8,63,,378,0,-22.90789,-47.12682,Campinas,parked,none,4000,84.3
TLM03196,CUST0320,VEH0020,CONTR0320,2026-09-03T20:16:00,SYNTHETIC,13165,992,1200,208,82.7,37.8,7.0,64,11.0,82.3,43,,258,0,-22.92911,-47.15596,Campinas,parked,maintenance,1000,82.7
TLM03197,CUST0320,VEH0020,CONTR0320,2026-09-10T12:56:00,SYNTHETIC,13374,837,1200,363,69.8,47.2,17.8,21,22.7,69.9,22,,132,0,-22.97897,-47.07461,Campinas,moving,none,700,69.8
TLM03198,CUST0320,VEH0020,CONTR0320,2026-09-17T16:21:00,SYNTHETIC,13605,925,1200,275,77.1,59.9,39.6,10,39.7,71.5,40,,240,0,-22.84947,-47.08099,Campinas,parked,low_fuel,1000,77.1
TLM03199,CUST0320,VEH0020,CONTR0320,2026-09-24T13:03:00,SYNTHETIC,13998,1575,1200,0,131.2,44.2,22.8,31,31.0,129.8,86,,516,0,-22.92144,-47.1445,Campinas,parked,none,1500,131.2
TLM03200,CUST0320,VEH0020,CONTR0320,2026-10-01T07:18:00,SYNTHETIC,14282,1138,1200,62,94.8,45.9,15.7,32,20.5,99.7,62,,372,0,-22.96664,-47.11423,Campinas,parked,low_fuel,350,94.8
TLM03201,CUST0321,VEH0021,CONTR0321,2026-07-30T18:30:00,SYNTHETIC,55134,1497,1200,0,124.8,48.6,45.4,14,56.1,0.0,,50,140,2,-22.98262,-47.10899,Campinas,parked,battery_low,1000,124.8
TLM03202,CUST0321,VEH0021,CONTR0321,2026-08-06T16:16:00,SYNTHETIC,55364,923,1200,277,76.9,54.5,34.5,12,38.0,0.0,,40,113,0,-22.91032,-46.97411,Campinas,parked,none,2500,76.9
TLM03203,CUST0321,VEH0021,CONTR0321,2026-08-13T20:25:00,SYNTHETIC,55660,1184,1200,16,98.7,51.4,50.2,10,58.6,0.0,,51,139,8,-22.92609,-46.96877,Campinas,moving,km_limit,700,98.7
TLM03204,CUST0321,VEH0021,CONTR0321,2026-08-20T18:38:00,SYNTHETIC,55906,986,1200,214,82.2,44.6,43.6,10,58.7,0.0,,91,243,8,-22.87806,-47.03862,Campinas,parked,maintenance,2500,82.2
TLM03205,CUST0321,VEH0021,CONTR0321,2026-08-27T07:47:00,SYNTHETIC,56160,1016,1200,184,84.7,47.2,9.9,46,12.5,0.0,,63,160,3,-22.90155,-47.022,Campinas,parked,maintenance,1000,84.7
TLM03206,CUST0321,VEH0021,CONTR0321,2026-09-03T17:19:00,SYNTHETIC,56469,1237,1200,0,103.1,54.9,18.8,29,20.5,0.0,,60,154,0,-22.97389,-47.00551,Campinas,parked,none,1500,103.1
TLM03207,CUST0321,VEH0021,CONTR0321,2026-09-10T14:57:00,SYNTHETIC,56720,1006,1200,194,83.8,30.1,22.4,20,44.6,0.0,,83,236,2,-23.00875,-47.0709,Campinas,moving,km_limit,2500,83.8
TLM03208,CUST0321,VEH0021,CONTR0321,2026-09-17T11:35:00,SYNTHETIC,57013,1175,1200,25,97.9,48.8,51.6,10,63.5,0.0,,73,207,3,-22.86702,-47.11676,Campinas,moving,maintenance,1500,97.9
TLM03209,CUST0321,VEH0021,CONTR0321,2026-09-24T21:29:00,SYNTHETIC,57287,1099,1200,101,91.6,48.3,39.8,12,49.4,0.0,,27,73,5,-23.01745,-47.00659,Campinas,parked,km_limit,2500,91.6
TLM03210,CUST0321,VEH0021,CONTR0321,2026-10-01T20:53:00,SYNTHETIC,57474,749,1200,451,62.4,47.6,38.9,8,49.1,0.0,,52,148,2,-22.91961,-46.96227,Campinas,maintenance,km_limit,1000,62.4
TLM03211,CUST0322,VEH0022,CONTR0322,2026-07-30T11:26:00,SYNTHETIC,45253,1382,1500,118,92.1,55.7,10.5,59,11.3,68.2,76,,744,0,-30.06057,-51.24196,Porto Alegre,parked,km_limit,2500,92.1
TLM03212,CUST0322,VEH0022,CONTR0322,2026-08-06T13:00:00,SYNTHETIC,45556,1215,1500,285,81.0,58.7,45.0,12,46.0,57.6,65,,636,0,-29.97544,-51.28951,Porto Alegre,parked,none,2500,81.0
TLM03213,CUST0322,VEH0022,CONTR0322,2026-08-13T14:36:00,SYNTHETIC,45894,1354,1500,146,90.3,48.9,26.6,23,32.7,55.1,47,,460,1,-30.04775,-51.30745,Porto Alegre,moving,none,1500,90.3
TLM03214,CUST0322,VEH0022,CONTR0322,2026-08-20T09:08:00,SYNTHETIC,46209,1260,1500,240,84.0,60.5,18.2,31,18.0,53.9,87,,851,2,-30.10816,-51.23789,Porto Alegre,moving,none,1000,84.0
TLM03215,CUST0322,VEH0022,CONTR0322,2026-08-27T11:34:00,SYNTHETIC,46545,1346,1500,154,89.7,56.8,40.3,15,42.6,65.0,93,,910,0,-30.12413,-51.30853,Porto Alegre,parked,maintenance,1000,89.7
TLM03216,CUST0322,VEH0022,CONTR0322,2026-09-03T19:38:00,SYNTHETIC,46846,1204,1500,296,80.3,36.4,24.9,21,41.0,49.0,60,,587,1,-30.11928,-51.16392,Porto Alegre,parked,km_limit,2500,80.3
TLM03217,CUST0322,VEH0022,CONTR0322,2026-09-10T20:20:00,SYNTHETIC,47156,1242,1500,258,82.8,54.7,21.5,26,23.6,59.3,16,,156,1,-30.04335,-51.2696,Porto Alegre,parked,none,350,82.8
TLM03218,CUST0322,VEH0022,CONTR0322,2026-09-17T12:51:00,SYNTHETIC,47485,1316,1500,184,87.7,61.2,10.6,56,10.4,62.9,76,,744,1,-30.08695,-51.27406,Porto Alegre,moving,low_fuel,4000,87.7
TLM03219,CUST0322,VEH0022,CONTR0322,2026-09-24T18:05:00,SYNTHETIC,47819,1338,1500,162,89.2,58.8,7.0,87,7.1,60.8,47,,460,1,-30.05932,-51.18009,Porto Alegre,parked,km_limit,1500,89.2
TLM03220,CUST0322,VEH0022,CONTR0322,2026-10-01T12:04:00,SYNTHETIC,48151,1329,1500,171,88.6,56.3,41.0,14,43.8,58.2,68,,665,1,-30.04005,-51.30222,Porto Alegre,parked,none,350,88.6
TLM03221,CUST0323,VEH0023,CONTR0323,2026-07-30T19:23:00,SYNTHETIC,69047,948,1800,852,52.7,50.7,37.3,11,44.1,0.0,,72,203,3,-12.92221,-38.42294,Salvador,moving,battery_low,1000,52.7
TLM03222,CUST0323,VEH0023,CONTR0323,2026-08-06T19:29:00,SYNTHETIC,69264,869,1800,931,48.3,32.3,38.3,10,71.1,0.0,,32,81,8,-12.92632,-38.49685,Salvador,moving,battery_low,1000,48.3
TLM03223,CUST0323,VEH0023,CONTR0323,2026-08-13T15:43:00,SYNTHETIC,69382,474,1800,1326,26.3,57.7,52.2,4,54.3,0.0,,90,246,8,-13.00076,-38.51311,Salvador,moving,none,2500,26.3
TLM03224,CUST0323,VEH0023,CONTR0323,2026-08-20T19:51:00,SYNTHETIC,69617,942,1800,858,52.3,49.8,46.5,9,56.0,0.0,,68,186,6,-12.91472,-38.56617,Salvador,parked,battery_low,700,52.3
TLM03225,CUST0323,VEH0023,CONTR0323,2026-08-27T08:15:00,SYNTHETIC,69800,735,1800,1065,40.8,56.4,18.2,18,19.3,0.0,,89,230,7,-12.91615,-38.52537,Salvador,moving,battery_low,1000,40.8
TLM03226,CUST0323,VEH0023,CONTR0323,2026-09-03T14:03:00,SYNTHETIC,70006,826,1800,974,45.9,49.0,30.6,12,37.5,0.0,,65,160,8,-12.91308,-38.45908,Salvador,moving,battery_low,700,45.9
TLM03227,CUST0323,VEH0023,CONTR0323,2026-09-10T19:06:00,SYNTHETIC,70155,598,1800,1202,33.2,52.2,9.8,27,11.3,0.0,,32,84,0,-13.01908,-38.41505,Salvador,parked,battery_low,4000,33.2
TLM03228,CUST0323,VEH0023,CONTR0323,2026-09-17T16:34:00,SYNTHETIC,70375,882,1800,918,49.0,43.4,37.3,10,51.5,0.0,,44,114,0,-12.99073,-38.51704,Salvador,charging,none,700,49.0
TLM03229,CUST0323,VEH0023,CONTR0323,2026-09-24T06:03:00,SYNTHETIC,70570,783,1800,1017,43.5,36.5,49.7,7,81.7,0.0,,41,110,5,-12.94088,-38.54015,Salvador,parked,battery_low,1000,43.5
TLM03230,CUST0323,VEH0023,CONTR0323,2026-10-01T06:56:00,SYNTHETIC,70788,873,1800,927,48.5,31.7,23.4,16,44.3,0.0,,31,89,8,-12.89807,-38.45701,Salvador,parked,none,1500,48.5
TLM03231,CUST0324,VEH0024,CONTR0324,2026-07-30T18:09:00,SYNTHETIC,10233,1040,1000,0,104.0,37.2,56.5,8,91.0,79.3,38,,315,2,-19.96037,-44.00174,Belo Horizonte,parked,none,2500,104.0
TLM03232,CUST0324,VEH0024,CONTR0324,2026-08-06T21:23:00,SYNTHETIC,10612,1517,1000,0,151.7,52.0,70.2,9,81.0,117.7,63,,522,0,-19.90286,-43.99945,Belo Horizonte,parked,none,2500,151.7
TLM03233,CUST0324,VEH0024,CONTR0324,2026-08-13T15:13:00,SYNTHETIC,10950,1352,1000,0,135.2,35.5,73.2,8,123.8,94.9,46,,381,2,-19.95293,-43.96213,Belo Horizonte,parked,low_fuel,2500,135.2
TLM03234,CUST0324,VEH0024,CONTR0324,2026-08-20T22:54:00,SYNTHETIC,11395,1783,1000,0,178.3,45.2,31.5,25,41.8,130.9,71,,589,2,-19.96197,-43.91923,Belo Horizonte,moving,low_fuel,700,178.3
TLM03235,CUST0324,VEH0024,CONTR0324,2026-08-27T08:35:00,SYNTHETIC,11640,980,1000,20,98.0,57.5,41.8,10,43.6,74.3,81,,672,0,-19.86799,-43.98552,Belo Horizonte,parked,low_fuel,350,98.0
TLM03236,CUST0324,VEH0024,CONTR0324,2026-09-03T19:10:00,SYNTHETIC,12002,1450,1000,0,145.0,57.1,53.1,12,55.8,103.2,17,,141,1,-19.8573,-43.94604,Belo Horizonte,parked,none,1000,145.0
TLM03237,CUST0324,VEH0024,CONTR0324,2026-09-10T17:33:00,SYNTHETIC,12320,1272,1000,0,127.2,58.5,68.4,8,70.2,93.4,83,,688,2,-19.89207,-44.00216,Belo Horizonte,parked,km_limit,2500,127.2
TLM03238,CUST0324,VEH0024,CONTR0324,2026-09-17T07:56:00,SYNTHETIC,12659,1357,1000,0,135.7,29.1,16.8,36,34.7,100.5,31,,257,0,-19.89036,-44.00867,Belo Horizonte,parked,km_limit,1000,135.7
TLM03239,CUST0324,VEH0024,CONTR0324,2026-09-24T07:09:00,SYNTHETIC,13018,1439,1000,0,143.9,56.1,68.9,9,73.7,101.5,78,,647,0,-19.91673,-43.92756,Belo Horizonte,parked,none,2500,143.9
TLM03240,CUST0324,VEH0024,CONTR0324,2026-10-01T06:07:00,SYNTHETIC,13415,1588,1000,0,158.8,28.4,39.7,18,83.7,121.1,88,,730,1,-19.95358,-44.0454,Belo Horizonte,moving,maintenance,350,158.8
TLM03241,CUST0325,VEH0025,CONTR0325,2026-07-30T14:59:00,SYNTHETIC,57354,980,1000,20,98.0,34.1,39.4,11,69.3,91.2,65,,416,0,-3.75157,-38.53995,Fortaleza,charging,low_fuel,2500,98.0
TLM03242,CUST0325,VEH0025,CONTR0325,2026-08-06T13:22:00,SYNTHETIC,57654,1203,1000,0,120.3,41.3,38.5,14,55.8,103.9,23,,147,0,-3.74235,-38.55466,Fortaleza,parked,km_limit,350,120.3
TLM03243,CUST0325,VEH0025,CONTR0325,2026-08-13T06:04:00,SYNTHETIC,57995,1366,1000,0,136.6,52.0,32.6,19,37.6,113.8,39,,249,0,-3.65378,-38.59651,Fortaleza,parked,low_fuel,350,136.6
TLM03244,CUST0325,VEH0025,CONTR0325,2026-08-20T21:18:00,SYNTHETIC,58188,775,1000,225,77.5,31.1,13.8,25,26.6,71.0,20,,128,0,-3.76051,-38.49118,Fortaleza,parked,low_fuel,350,77.5
TLM03245,CUST0325,VEH0025,CONTR0325,2026-08-27T13:06:00,SYNTHETIC,58476,1152,1000,0,115.2,37.1,52.5,9,84.9,105.2,18,,115,0,-3.70797,-38.58687,Fortaleza,moving,none,1000,115.2
TLM03246,CUST0325,VEH0025,CONTR0325,2026-09-03T18:03:00,SYNTHETIC,58818,1368,1000,0,136.8,41.0,42.2,14,61.8,135.7,75,,480,0,-3.6451,-38.59951,Fortaleza,parked,none,350,136.8
TLM03247,CUST0325,VEH0025,CONTR0325,2026-09-10T14:07:00,SYNTHETIC,59093,1100,1000,0,110.0,44.7,28.2,17,37.8,100.1,94,,602,0,-3.68468,-38.60302,Fortaleza,parked,none,700,110.0
TLM03248,CUST0325,VEH0025,CONTR0325,2026-09-17T09:41:00,SYNTHETIC,59399,1225,1000,0,122.5,28.9,38.4,14,79.8,110.1,83,,532,0,-3.75642,-38.59957,Fortaleza,moving,none,4000,122.5
TLM03249,CUST0325,VEH0025,CONTR0325,2026-09-24T17:29:00,SYNTHETIC,59625,905,1000,95,90.5,43.8,48.6,8,66.6,80.7,57,,365,0,-3.6506,-38.53734,Fortaleza,moving,low_fuel,2500,90.5
TLM03250,CUST0325,VEH0025,CONTR0325,2026-10-01T14:49:00,SYNTHETIC,59819,778,1000,222,77.8,52.9,25.5,13,29.0,69.8,55,,352,0,-3.69335,-38.51281,Fortaleza,moving,maintenance,4000,77.8
TLM03251,CUST0326,VEH0026,CONTR0326,2026-07-30T21:33:00,SYNTHETIC,8205,1953,1200,0,162.8,53.9,55.5,16,61.8,169.1,95,,547,0,-8.05071,-34.90368,Recife,parked,low_fuel,700,162.8
TLM03252,CUST0326,VEH0026,CONTR0326,2026-08-06T12:01:00,SYNTHETIC,8493,1154,1200,46,96.2,54.2,43.7,12,48.4,94.1,42,,241,0,-8.05369,-34.88743,Recife,moving,none,700,96.2
TLM03253,CUST0326,VEH0026,CONTR0326,2026-08-13T14:28:00,SYNTHETIC,8972,1916,1200,0,159.7,56.9,8.2,105,8.7,151.9,74,,426,0,-8.04034,-34.88829,Recife,parked,none,1000,159.7
TLM03254,CUST0326,VEH0026,CONTR0326,2026-08-20T16:05:00,SYNTHETIC,9343,1485,1200,0,123.8,37.9,55.2,12,87.4,137.8,41,,236,0,-8.07923,-34.88168,Recife,moving,none,2500,123.8
TLM03255,CUST0326,VEH0026,CONTR0326,2026-08-27T21:51:00,SYNTHETIC,9882,2158,1200,0,179.8,34.9,20.8,47,35.8,195.2,79,,455,0,-7.94264,-34.86118,Recife,charging,none,700,179.8
TLM03256,CUST0326,VEH0026,CONTR0326,2026-09-03T06:34:00,SYNTHETIC,10329,1791,1200,0,149.2,57.4,44.1,18,46.1,165.0,48,,276,0,-7.95365,-34.9358,Recife,parked,low_fuel,2500,149.2
TLM03257,CUST0326,VEH0026,CONTR0326,2026-09-10T13:03:00,SYNTHETIC,10779,1803,1200,0,150.2,31.6,59.2,13,112.1,153.6,53,,305,0,-8.03224,-34.96731,Recife,parked,low_fuel,1000,150.2
TLM03258,CUST0326,VEH0026,CONTR0326,2026-09-17T22:06:00,SYNTHETIC,11159,1522,1200,0,126.8,44.4,14.2,48,19.2,120.1,28,,161,0,-8.09576,-34.93335,Recife,moving,km_limit,4000,126.8
TLM03259,CUST0326,VEH0026,CONTR0326,2026-09-24T10:05:00,SYNTHETIC,11697,2155,1200,0,179.6,50.4,38.1,25,45.4,180.5,69,,397,0,-8.04248,-34.86914,Recife,parked,none,700,179.6
TLM03260,CUST0326,VEH0026,CONTR0326,2026-10-01T19:33:00,SYNTHETIC,12188,1965,1200,0,163.8,43.4,12.9,69,17.9,165.8,15,,86,0,-7.99273,-34.97443,Recife,maintenance,maintenance,1500,163.8
TLM03261,CUST0327,VEH0027,CONTR0327,2026-07-30T16:12:00,SYNTHETIC,45683,1706,2500,794,68.2,44.1,17.5,44,23.9,191.6,54,,335,0,-3.69825,-38.58441,Fortaleza,moving,maintenance,1500,68.2
TLM03262,CUST0327,VEH0027,CONTR0327,2026-08-06T21:45:00,SYNTHETIC,46144,1844,2500,656,73.8,43.6,51.3,16,70.6,194.2,87,,540,0,-3.7228,-38.51056,Fortaleza,parked,low_fuel,4000,73.8
TLM03263,CUST0327,VEH0027,CONTR0327,2026-08-13T13:42:00,SYNTHETIC,46797,2614,2500,0,104.6,31.0,36.7,32,71.0,266.9,43,,267,0,-3.72311,-38.49851,Fortaleza,moving,none,4000,104.6
TLM03264,CUST0327,VEH0027,CONTR0327,2026-08-20T08:22:00,SYNTHETIC,47500,2814,2500,0,112.6,28.6,36.1,35,75.9,306.5,22,,136,0,-3.69692,-38.50828,Fortaleza,parked,km_limit,4000,112.6
TLM03265,CUST0327,VEH0027,CONTR0327,2026-08-27T15:31:00,SYNTHETIC,48333,3333,2500,0,133.3,52.8,36.9,41,42.0,328.9,43,,267,0,-3.65424,-38.60695,Fortaleza,parked,low_fuel,350,133.3
TLM03266,CUST0327,VEH0027,CONTR0327,2026-09-03T13:14:00,SYNTHETIC,48912,2318,2500,182,92.7,51.9,23.7,44,27.4,264.7,92,,571,0,-3.67128,-38.55028,Fortaleza,moving,none,4000,92.7
TLM03267,CUST0327,VEH0027,CONTR0327,2026-09-10T22:05:00,SYNTHETIC,49479,2270,2500,230,90.8,59.4,54.4,18,54.9,252.2,17,,105,0,-3.74863,-38.51981,Fortaleza,parked,none,1500,90.8
TLM03268,CUST0327,VEH0027,CONTR0327,2026-09-17T17:05:00,SYNTHETIC,49882,1615,2500,885,64.6,56.2,50.5,14,54.0,152.8,88,,546,0,-3.69776,-38.59663,Fortaleza,parked,none,2500,64.6
TLM03269,CUST0327,VEH0027,CONTR0327,2026-09-24T22:31:00,SYNTHETIC,50392,2040,2500,460,81.6,47.3,26.0,35,32.9,205.6,82,,509,0,-3.72911,-38.53046,Fortaleza,parked,low_fuel,350,81.6
TLM03270,CUST0327,VEH0027,CONTR0327,2026-10-01T19:29:00,SYNTHETIC,51213,3285,2500,0,131.4,37.7,13.1,113,20.9,370.9,48,,298,0,-3.73796,-38.61601,Fortaleza,parked,low_fuel,350,131.4
TLM03271,CUST0328,VEH0028,CONTR0328,2026-07-30T10:25:00,SYNTHETIC,43310,1078,1500,422,71.9,49.0,20.0,24,24.5,85.3,92,,521,0,-22.87371,-47.01075,Campinas,parked,none,4000,71.9
TLM03272,CUST0328,VEH0028,CONTR0328,2026-08-06T11:35:00,SYNTHETIC,43522,850,1500,650,56.7,52.5,37.3,10,42.6,71.2,57,,323,0,-22.8447,-47.12097,Campinas,moving,km_limit,350,56.7
TLM03273,CUST0328,VEH0028,CONTR0328,2026-08-13T11:21:00,SYNTHETIC,43797,1103,1500,397,73.5,54.8,24.5,20,26.8,89.7,41,,232,0,-22.87484,-47.10655,Campinas,parked,none,700,73.5
TLM03274,CUST0328,VEH0028,CONTR0328,2026-08-20T09:39:00,SYNTHETIC,44224,1708,1500,0,113.9,59.0,25.3,30,25.7,137.9,49,,277,0,-22.88746,-46.98871,Campinas,moving,none,350,113.9
TLM03275,CUST0328,VEH0028,CONTR0328,2026-08-27T18:33:00,SYNTHETIC,44671,1791,1500,0,119.4,43.9,22.7,35,31.0,138.1,31,,175,0,-22.83051,-46.97704,Campinas,moving,km_limit,1000,119.4
TLM03276,CUST0328,VEH0028,CONTR0328,2026-09-03T10:40:00,SYNTHETIC,45032,1447,1500,53,96.5,30.3,24.2,27,47.9,118.3,46,,260,0,-22.86969,-47.07502,Campinas,parked,low_fuel,1000,96.5
TLM03277,CUST0328,VEH0028,CONTR0328,2026-09-10T16:45:00,SYNTHETIC,45245,855,1500,645,57.0,49.3,22.0,17,26.8,72.2,60,,340,0,-22.87398,-47.12048,Campinas,parked,none,1500,57.0
TLM03278,CUST0328,VEH0028,CONTR0328,2026-09-17T20:27:00,SYNTHETIC,45533,1153,1500,347,76.9,43.6,20.6,25,28.3,89.8,46,,260,0,-22.9508,-47.04173,Campinas,moving,none,350,76.9
TLM03279,CUST0328,VEH0028,CONTR0328,2026-09-24T10:18:00,SYNTHETIC,45831,1192,1500,308,79.5,37.7,14.6,36,23.3,106.4,31,,175,0,-22.82605,-46.99889,Campinas,parked,none,1000,79.5
TLM03280,CUST0328,VEH0028,CONTR0328,2026-10-01T21:27:00,SYNTHETIC,46068,949,1500,551,63.3,57.7,38.5,11,40.1,84.1,46,,260,0,-22.8462,-47.07099,Campinas,parked,none,1000,63.3
TLM03281,CUST0329,VEH0029,CONTR0329,2026-07-30T20:55:00,SYNTHETIC,39532,742,1200,458,61.8,49.9,34.4,9,41.3,62.5,27,,145,0,-12.97678,-38.44468,Salvador,parked,low_fuel,1000,61.8
TLM03282,CUST0329,VEH0029,CONTR0329,2026-08-06T14:18:00,SYNTHETIC,39713,726,1200,474,60.5,33.8,34.3,9,60.9,70.6,45,,242,0,-12.92275,-38.40399,Salvador,moving,maintenance,1000,60.5
TLM03283,CUST0329,VEH0029,CONTR0329,2026-08-13T16:24:00,SYNTHETIC,39898,743,1200,457,61.9,43.6,9.6,35,13.2,73.2,77,,415,0,-12.90881,-38.38792,Salvador,moving,none,4000,61.9
TLM03284,CUST0329,VEH0029,CONTR0329,2026-08-20T14:00:00,SYNTHETIC,40238,1360,1200,0,113.3,28.2,34.9,17,74.5,128.8,51,,274,0,-12.86642,-38.5469,Salvador,moving,km_limit,1000,113.3
TLM03285,CUST0329,VEH0029,CONTR0329,2026-08-27T07:55:00,SYNTHETIC,40569,1326,1200,0,110.5,61.0,43.1,13,42.4,123.5,35,,188,0,-12.94798,-38.41472,Salvador,parked,maintenance,700,110.5
TLM03286,CUST0329,VEH0029,CONTR0329,2026-09-03T19:16:00,SYNTHETIC,40894,1301,1200,0,108.4,39.1,42.7,13,65.6,107.8,87,,468,0,-12.96085,-38.41579,Salvador,parked,km_limit,700,108.4
TLM03287,CUST0329,VEH0029,CONTR0329,2026-09-10T16:26:00,SYNTHETIC,41175,1126,1200,74,93.8,60.8,31.7,16,31.3,111.8,45,,242,0,-12.98381,-38.48097,Salvador,maintenance,km_limit,2500,93.8
TLM03288,CUST0329,VEH0029,CONTR0329,2026-09-17T22:00:00,SYNTHETIC,41456,1125,1200,75,93.8,40.4,32.6,15,48.5,106.3,30,,161,0,-13.01125,-38.50763,Salvador,moving,low_fuel,2500,93.8
TLM03289,CUST0329,VEH0029,CONTR0329,2026-09-24T11:50:00,SYNTHETIC,41815,1439,1200,0,119.9,43.5,13.5,48,18.7,144.0,82,,441,0,-12.89643,-38.4117,Salvador,moving,km_limit,4000,119.9
TLM03290,CUST0329,VEH0029,CONTR0329,2026-10-01T19:36:00,SYNTHETIC,42170,1423,1200,0,118.6,62.0,6.5,99,6.3,118.9,84,,452,0,-12.89429,-38.39689,Salvador,moving,low_fuel,350,118.6
TLM03291,CUST0330,VEH0030,CONTR0330,2026-07-30T07:28:00,SYNTHETIC,66351,366,1000,634,36.6,50.0,14.2,11,17.0,19.6,23,,187,1,-25.47681,-49.23101,Curitiba,parked,none,4000,36.6
TLM03292,CUST0330,VEH0030,CONTR0330,2026-08-06T19:13:00,SYNTHETIC,66448,390,1000,610,39.0,32.6,38.5,4,70.9,22.9,91,,742,1,-25.42409,-49.23256,Curitiba,moving,low_fuel,700,39.0
TLM03293,CUST0330,VEH0030,CONTR0330,2026-08-13T14:39:00,SYNTHETIC,66555,431,1000,569,43.1,51.9,25.1,7,29.0,24.0,84,,685,1,-25.42542,-49.25815,Curitiba,moving,low_fuel,4000,43.1
TLM03294,CUST0330,VEH0030,CONTR0330,2026-08-20T20:54:00,SYNTHETIC,66627,291,1000,709,29.1,54.3,17.3,7,19.1,15.2,61,,497,2,-25.32261,-49.21283,Curitiba,parked,none,2500,29.1
TLM03295,CUST0330,VEH0030,CONTR0330,2026-08-27T06:22:00,SYNTHETIC,66709,330,1000,670,33.0,50.3,37.7,3,45.0,19.3,27,,220,1,-25.42584,-49.20995,Curitiba,parked,low_fuel,350,33.0
TLM03296,CUST0330,VEH0030,CONTR0330,2026-09-03T07:50:00,SYNTHETIC,66787,313,1000,687,31.3,51.7,13.3,10,15.5,16.9,49,,399,2,-25.33719,-49.21826,Curitiba,parked,maintenance,2500,31.3
TLM03297,CUST0330,VEH0030,CONTR0330,2026-09-10T20:38:00,SYNTHETIC,66872,341,1000,659,34.1,42.6,33.7,4,47.6,19.2,35,,285,2,-25.35231,-49.27431,Curitiba,parked,none,350,34.1
TLM03298,CUST0330,VEH0030,CONTR0330,2026-09-17T09:30:00,SYNTHETIC,66988,464,1000,536,46.4,37.3,47.7,4,76.6,27.7,25,,204,0,-25.37702,-49.27346,Curitiba,moving,maintenance,2500,46.4
TLM03299,CUST0330,VEH0030,CONTR0330,2026-09-24T11:26:00,SYNTHETIC,67090,410,1000,590,41.0,46.2,29.7,6,38.5,22.9,20,,163,0,-25.44781,-49.20978,Curitiba,parked,low_fuel,2500,41.0
TLM03300,CUST0330,VEH0030,CONTR0330,2026-10-01T07:35:00,SYNTHETIC,67183,372,1000,628,37.2,53.0,47.2,3,53.4,22.4,78,,636,2,-25.37519,-49.35199,Curitiba,parked,none,700,37.2
TLM03301,CUST0331,VEH0031,CONTR0331,2026-07-30T10:42:00,SYNTHETIC,7830,491,1800,1309,27.3,58.7,20.0,11,20.4,37.2,56,,320,0,-22.82355,-43.19897,Rio de Janeiro,moving,none,1500,27.3
TLM03302,CUST0331,VEH0031,CONTR0331,2026-08-06T14:27:00,SYNTHETIC,8057,910,1800,890,50.6,51.7,24.3,17,28.2,75.1,79,,451,0,-22.8379,-43.10296,Rio de Janeiro,moving,low_fuel,350,50.6
TLM03303,CUST0331,VEH0031,CONTR0331,2026-08-13T11:18:00,SYNTHETIC,8216,637,1800,1163,35.4,50.2,11.4,25,13.7,54.0,63,,360,0,-22.86946,-43.06259,Rio de Janeiro,moving,none,700,35.4
TLM03304,CUST0331,VEH0031,CONTR0331,2026-08-20T07:25:00,SYNTHETIC,8395,719,1800,1081,39.9,29.3,12.6,25,25.9,62.5,29,,165,0,-22.82537,-43.14783,Rio de Janeiro,moving,low_fuel,2500,39.9
TLM03305,CUST0331,VEH0031,CONTR0331,2026-08-27T11:53:00,SYNTHETIC,8604,839,1800,961,46.6,54.6,8.5,44,9.3,73.3,75,,429,0,-22.92281,-43.14292,Rio de Janeiro,moving,km_limit,4000,46.6
TLM03306,CUST0331,VEH0031,CONTR0331,2026-09-03T20:08:00,SYNTHETIC,8770,664,1800,1136,36.9,60.4,52.9,5,52.6,58.1,83,,474,0,-22.86167,-43.12308,Rio de Janeiro,parked,none,700,36.9
TLM03307,CUST0331,VEH0031,CONTR0331,2026-09-10T20:19:00,SYNTHETIC,8894,499,1800,1301,27.7,54.7,8.8,25,9.6,41.8,68,,388,0,-22.86836,-43.11161,Rio de Janeiro,parked,none,700,27.7
TLM03308,CUST0331,VEH0031,CONTR0331,2026-09-17T16:49:00,SYNTHETIC,9121,910,1800,890,50.6,58.2,12.6,32,13.0,75.7,35,,200,0,-22.8299,-43.14331,Rio de Janeiro,moving,none,700,50.6
TLM03309,CUST0331,VEH0031,CONTR0331,2026-09-24T21:24:00,SYNTHETIC,9267,586,1800,1214,32.6,61.5,46.5,5,45.4,51.7,38,,217,0,-22.91369,-43.1477,Rio de Janeiro,parked,low_fuel,2500,32.6
TLM03310,CUST0331,VEH0031,CONTR0331,2026-10-01T06:46:00,SYNTHETIC,9427,642,1800,1158,35.7,39.3,26.3,11,40.1,49.7,64,,366,0,-22.81573,-43.09764,Rio de Janeiro,moving,none,2500,35.7
TLM03311,CUST0332,VEH0032,CONTR0332,2026-07-30T13:02:00,SYNTHETIC,70993,1325,1500,175,88.3,33.7,25.6,23,45.6,126.0,80,,432,0,-23.6597,-46.643,São Paulo,parked,none,1500,88.3
TLM03312,CUST0332,VEH0032,CONTR0332,2026-08-06T17:08:00,SYNTHETIC,71305,1250,1500,250,83.3,37.0,47.6,11,77.1,104.8,71,,384,0,-23.57431,-46.56945,São Paulo,charging,maintenance,2500,83.3
TLM03313,CUST0332,VEH0032,CONTR0332,2026-08-13T16:42:00,SYNTHETIC,71586,1125,1500,375,75.0,43.5,20.0,25,27.7,92.0,54,,292,0,-23.54867,-46.6372,São Paulo,moving,none,1000,75.0
TLM03314,CUST0332,VEH0032,CONTR0332,2026-08-20T18:41:00,SYNTHETIC,71802,867,1500,633,57.8,48.5,22.4,17,27.7,70.7,23,,124,0,-23.6486,-46.58555,São Paulo,parked,none,2500,57.8
TLM03315,CUST0332,VEH0032,CONTR0332,2026-08-27T22:06:00,SYNTHETIC,72237,1743,1500,0,116.2,50.3,23.1,34,27.5,156.2,35,,189,0,-23.56147,-46.63174,São Paulo,parked,maintenance,700,116.2
TLM03316,CUST0332,VEH0032,CONTR0332,2026-09-03T08:33:00,SYNTHETIC,72483,984,1500,516,65.6,30.6,38.7,11,75.9,86.4,74,,400,0,-23.66697,-46.65385,São Paulo,parked,none,4000,65.6
TLM03317,CUST0332,VEH0032,CONTR0332,2026-09-10T14:34:00,SYNTHETIC,72805,1288,1500,212,85.9,54.6,20.4,28,22.4,121.2,63,,340,0,-23.5681,-46.67072,São Paulo,parked,low_fuel,350,85.9
TLM03318,CUST0332,VEH0032,CONTR0332,2026-09-17T14:30:00,SYNTHETIC,73098,1173,1500,327,78.2,33.3,10.9,49,19.6,98.8,68,,367,0,-23.62744,-46.57441,São Paulo,charging,low_fuel,2500,78.2
TLM03319,CUST0332,VEH0032,CONTR0332,2026-09-24T22:26:00,SYNTHETIC,73384,1146,1500,354,76.4,44.3,40.2,12,54.4,101.8,89,,481,0,-23.65486,-46.57002,São Paulo,moving,low_fuel,700,76.4
TLM03320,CUST0332,VEH0032,CONTR0332,2026-10-01T07:34:00,SYNTHETIC,73832,1793,1500,0,119.5,50.6,45.5,17,53.9,155.0,55,,297,0,-23.62103,-46.65811,São Paulo,parked,low_fuel,2500,119.5
TLM03321,CUST0333,VEH0033,CONTR0333,2026-07-30T08:08:00,SYNTHETIC,46932,972,1200,228,81.0,51.6,47.0,9,54.7,94.4,18,,91,0,-3.68479,-38.58444,Fortaleza,moving,none,1000,81.0
TLM03322,CUST0333,VEH0033,CONTR0333,2026-08-06T17:34:00,SYNTHETIC,47185,1013,1200,187,84.4,32.8,36.8,12,67.4,99.6,53,,269,0,-3.72164,-38.43682,Fortaleza,parked,maintenance,1000,84.4
TLM03323,CUST0333,VEH0033,CONTR0333,2026-08-13T21:33:00,SYNTHETIC,47450,1061,1200,139,88.4,56.6,37.4,12,39.7,96.8,26,,132,0,-3.80496,-38.44892,Fortaleza,moving,none,700,88.4
TLM03324,CUST0333,VEH0033,CONTR0333,2026-08-20T16:37:00,SYNTHETIC,47721,1084,1200,116,90.3,39.9,51.0,9,76.8,92.7,45,,228,0,-3.72895,-38.55532,Fortaleza,parked,none,4000,90.3
TLM03325,CUST0333,VEH0033,CONTR0333,2026-08-27T18:11:00,SYNTHETIC,47963,970,1200,230,80.8,53.5,20.2,21,22.6,86.7,78,,396,0,-3.71389,-38.51317,Fortaleza,parked,none,350,80.8
TLM03326,CUST0333,VEH0033,CONTR0333,2026-09-03T07:09:00,SYNTHETIC,48243,1123,1200,77,93.6,37.6,12.2,42,19.4,110.9,40,,203,0,-3.81075,-38.51326,Fortaleza,parked,km_limit,700,93.6
TLM03327,CUST0333,VEH0033,CONTR0333,2026-09-10T13:53:00,SYNTHETIC,48488,983,1200,217,81.9,53.3,8.2,54,9.2,89.0,95,,482,0,-3.79616,-38.55436,Fortaleza,moving,km_limit,1500,81.9
TLM03328,CUST0333,VEH0033,CONTR0333,2026-09-17T17:25:00,SYNTHETIC,48736,992,1200,208,82.7,62.0,49.4,9,47.9,89.7,41,,208,0,-3.7992,-38.47395,Fortaleza,parked,low_fuel,700,82.7
TLM03329,CUST0333,VEH0033,CONTR0333,2026-09-24T08:17:00,SYNTHETIC,49000,1058,1200,142,88.2,60.0,7.8,61,7.8,91.7,34,,172,0,-3.73516,-38.43456,Fortaleza,moving,none,350,88.2
TLM03330,CUST0333,VEH0033,CONTR0333,2026-10-01T14:46:00,SYNTHETIC,49279,1117,1200,83,93.1,44.1,37.8,13,51.4,107.1,79,,401,0,-3.72453,-38.48215,Fortaleza,parked,none,1000,93.1
TLM03331,CUST0334,VEH0034,CONTR0334,2026-07-30T21:09:00,SYNTHETIC,27654,1765,1500,0,117.7,53.5,46.3,17,51.9,188.0,57,,313,0,-16.64418,-49.32638,Goiânia,parked,low_fuel,1000,117.7
TLM03332,CUST0334,VEH0034,CONTR0334,2026-08-06T13:39:00,SYNTHETIC,28117,1854,1500,0,123.6,55.3,49.9,16,54.2,163.5,66,,363,0,-16.78182,-49.32481,Goiânia,parked,none,350,123.6
TLM03333,CUST0334,VEH0034,CONTR0334,2026-08-13T07:48:00,SYNTHETIC,28520,1615,1500,0,107.7,40.4,37.1,19,55.1,147.1,21,,115,0,-16.72469,-49.27743,Goiânia,parked,km_limit,2500,107.7
TLM03334,CUST0334,VEH0034,CONTR0334,2026-08-20T08:33:00,SYNTHETIC,28930,1642,1500,0,109.5,39.4,52.6,14,80.1,156.1,80,,440,0,-16.66132,-49.27837,Goiânia,parked,maintenance,1000,109.5
TLM03335,CUST0334,VEH0034,CONTR0334,2026-08-27T17:45:00,SYNTHETIC,29382,1808,1500,0,120.5,38.1,44.7,18,70.4,178.2,20,,110,0,-16.72701,-49.25359,Goiânia,moving,low_fuel,350,120.5
TLM03336,CUST0334,VEH0034,CONTR0334,2026-09-03T18:00:00,SYNTHETIC,29790,1635,1500,0,109.0,45.8,28.6,26,37.4,173.6,31,,170,0,-16.69206,-49.32119,Goiânia,moving,low_fuel,1500,109.0
TLM03337,CUST0334,VEH0034,CONTR0334,2026-09-10T18:22:00,SYNTHETIC,30251,1847,1500,0,123.1,28.9,28.3,29,58.8,172.5,57,,313,0,-16.65946,-49.28489,Goiânia,parked,low_fuel,1500,123.1
TLM03338,CUST0334,VEH0034,CONTR0334,2026-09-17T10:10:00,SYNTHETIC,30700,1799,1500,0,119.9,49.9,21.8,37,26.2,189.6,90,,495,0,-16.75223,-49.3211,Goiânia,moving,low_fuel,1500,119.9
TLM03339,CUST0334,VEH0034,CONTR0334,2026-09-24T21:53:00,SYNTHETIC,31098,1593,1500,0,106.2,36.1,9.1,79,15.2,142.3,19,,104,0,-16.64921,-49.24918,Goiânia,moving,low_fuel,1500,106.2
TLM03340,CUST0334,VEH0034,CONTR0334,2026-10-01T07:53:00,SYNTHETIC,31517,1676,1500,0,111.7,30.7,38.9,19,76.1,172.4,53,,291,0,-16.7599,-49.30376,Goiânia,moving,none,4000,111.7
TLM03341,CUST0335,VEH0035,CONTR0335,2026-07-30T10:40:00,SYNTHETIC,24563,2542,2500,0,101.7,46.8,53.0,21,68.0,237.2,30,,164,0,-22.94479,-43.21123,Rio de Janeiro,moving,none,1000,101.7
TLM03342,CUST0335,VEH0035,CONTR0335,2026-08-06T10:49:00,SYNTHETIC,25227,2656,2500,0,106.2,48.2,19.4,62,24.1,216.9,34,,186,0,-22.87841,-43.2616,Rio de Janeiro,moving,low_fuel,700,106.2
TLM03343,CUST0335,VEH0035,CONTR0335,2026-08-13T13:21:00,SYNTHETIC,25807,2322,2500,178,92.9,45.9,48.0,21,62.8,201.8,35,,192,0,-22.98098,-43.17024,Rio de Janeiro,parked,low_fuel,1000,92.9
TLM03344,CUST0335,VEH0035,CONTR0335,2026-08-20T09:40:00,SYNTHETIC,26366,2237,2500,263,89.5,59.7,30.3,33,30.5,202.7,92,,505,0,-22.84024,-43.10442,Rio de Janeiro,moving,km_limit,1000,89.5
TLM03345,CUST0335,VEH0035,CONTR0335,2026-08-27T07:57:00,SYNTHETIC,27042,2705,2500,0,108.2,53.0,42.5,28,48.0,228.7,77,,422,0,-22.86798,-43.14343,Rio de Janeiro,parked,none,1500,108.2
TLM03346,CUST0335,VEH0035,CONTR0335,2026-09-03T06:35:00,SYNTHETIC,27918,3506,2500,0,140.2,43.4,46.5,34,64.2,293.7,63,,345,0,-22.96052,-43.1613,Rio de Janeiro,moving,none,350,140.2
TLM03347,CUST0335,VEH0035,CONTR0335,2026-09-10T09:46:00,SYNTHETIC,28450,2130,2500,370,85.2,36.4,69.6,13,114.9,178.9,31,,170,0,-22.83566,-43.19632,Rio de Janeiro,parked,none,1500,85.2
TLM03348,CUST0335,VEH0035,CONTR0335,2026-09-17T10:18:00,SYNTHETIC,29052,2409,2500,91,96.4,30.3,57.4,19,113.6,224.7,40,,219,0,-22.9394,-43.1683,Rio de Janeiro,parked,none,1500,96.4
TLM03349,CUST0335,VEH0035,CONTR0335,2026-09-24T12:32:00,SYNTHETIC,29849,3188,2500,0,127.5,43.3,38.2,37,52.9,277.0,38,,208,0,-22.96581,-43.21931,Rio de Janeiro,moving,none,4000,127.5
TLM03350,CUST0335,VEH0035,CONTR0335,2026-10-01T08:12:00,SYNTHETIC,30448,2399,2500,101,96.0,34.3,18.7,58,32.7,207.9,43,,236,0,-22.91078,-43.11556,Rio de Janeiro,moving,maintenance,700,96.0
TLM03351,CUST0336,VEH0036,CONTR0336,2026-07-30T15:58:00,SYNTHETIC,27120,2844,3000,156,94.8,48.4,7.4,175,9.1,226.8,18,,106,0,-12.88462,-38.44174,Salvador,parked,low_fuel,2500,94.8
TLM03352,CUST0336,VEH0036,CONTR0336,2026-08-06T10:16:00,SYNTHETIC,28164,4176,3000,0,139.2,62.0,20.7,91,20.0,334.9,58,,342,0,-12.91274,-38.51592,Salvador,parked,none,700,139.2
TLM03353,CUST0336,VEH0036,CONTR0336,2026-08-13T17:02:00,SYNTHETIC,29091,3708,3000,0,123.6,56.0,33.8,49,36.2,323.1,44,,259,0,-12.99777,-38.43256,Salvador,parked,low_fuel,4000,123.6
TLM03354,CUST0336,VEH0036,CONTR0336,2026-08-20T16:35:00,SYNTHETIC,30082,3967,3000,0,132.2,34.4,37.5,48,65.3,337.7,29,,171,0,-12.91146,-38.46159,Salvador,parked,none,1000,132.2
TLM03355,CUST0336,VEH0036,CONTR0336,2026-08-27T08:46:00,SYNTHETIC,30804,2891,3000,109,96.4,52.3,27.9,47,32.0,255.3,89,,525,0,-12.8976,-38.42978,Salvador,moving,low_fuel,1000,96.4
TLM03356,CUST0336,VEH0036,CONTR0336,2026-09-03T17:03:00,SYNTHETIC,31532,2914,3000,86,97.1,29.1,37.3,35,76.9,238.5,86,,507,0,-12.9611,-38.41937,Salvador,moving,none,1500,97.1
TLM03357,CUST0336,VEH0036,CONTR0336,2026-09-10T21:00:00,SYNTHETIC,32733,4804,3000,0,160.1,32.4,14.9,146,27.6,428.7,39,,230,0,-12.95297,-38.43814,Salvador,moving,none,350,160.1
TLM03358,CUST0336,VEH0036,CONTR0336,2026-09-17T17:10:00,SYNTHETIC,33598,3462,3000,0,115.4,55.7,30.6,51,33.0,285.2,73,,430,0,-12.9236,-38.5623,Salvador,parked,km_limit,1000,115.4
TLM03359,CUST0336,VEH0036,CONTR0336,2026-09-24T18:36:00,SYNTHETIC,34679,4325,3000,0,144.2,60.4,24.7,79,24.5,361.1,86,,507,0,-13.02068,-38.44384,Salvador,parked,low_fuel,4000,144.2
TLM03360,CUST0336,VEH0036,CONTR0336,2026-10-01T17:51:00,SYNTHETIC,35901,4888,3000,0,162.9,59.8,6.0,368,6.1,392.1,31,,182,0,-12.91422,-38.4711,Salvador,moving,low_fuel,4000,162.9
TLM03361,CUST0337,VEH0037,CONTR0337,2026-07-30T19:11:00,SYNTHETIC,19024,1937,2500,563,77.5,53.4,9.0,97,10.2,165.1,62,,378,0,-7.98676,-34.86031,Recife,moving,low_fuel,1000,77.5
TLM03362,CUST0337,VEH0037,CONTR0337,2026-08-06T16:36:00,SYNTHETIC,19466,1770,2500,730,70.8,43.2,49.9,16,69.4,143.9,87,,530,0,-8.02692,-34.93944,Recife,moving,none,1000,70.8
TLM03363,CUST0337,VEH0037,CONTR0337,2026-08-13T10:01:00,SYNTHETIC,19836,1482,2500,1018,59.3,37.1,47.2,14,76.4,128.5,56,,341,0,-8.02246,-34.97356,Recife,parked,low_fuel,700,59.3
TLM03364,CUST0337,VEH0037,CONTR0337,2026-08-20T07:44:00,SYNTHETIC,20145,1238,2500,1262,49.5,61.3,37.1,15,36.3,96.4,43,,262,0,-7.98477,-34.87371,Recife,parked,low_fuel,1000,49.5
TLM03365,CUST0337,VEH0037,CONTR0337,2026-08-27T09:02:00,SYNTHETIC,20640,1982,2500,518,79.3,44.3,22.9,39,31.1,173.4,49,,298,0,-7.9939,-34.96324,Recife,parked,low_fuel,700,79.3
TLM03366,CUST0337,VEH0037,CONTR0337,2026-09-03T08:47:00,SYNTHETIC,21006,1466,2500,1034,58.6,36.4,50.6,13,83.4,121.8,61,,372,0,-7.93328,-34.99069,Recife,parked,low_fuel,700,58.6
TLM03367,CUST0337,VEH0037,CONTR0337,2026-09-10T07:27:00,SYNTHETIC,21472,1866,2500,634,74.6,54.2,19.5,43,21.6,149.8,71,,433,0,-8.02116,-34.91669,Recife,parked,km_limit,2500,74.6
TLM03368,CUST0337,VEH0037,CONTR0337,2026-09-17T06:29:00,SYNTHETIC,21798,1307,2500,1193,52.3,45.2,36.7,16,48.7,113.9,19,,115,0,-8.00742,-34.89933,Recife,parked,low_fuel,1500,52.3
TLM03369,CUST0337,VEH0037,CONTR0337,2026-09-24T06:23:00,SYNTHETIC,22263,1860,2500,640,74.4,31.7,20.4,41,38.6,161.2,52,,317,0,-8.02861,-34.91443,Recife,parked,low_fuel,2500,74.4
TLM03370,CUST0337,VEH0037,CONTR0337,2026-10-01T14:37:00,SYNTHETIC,22535,1090,2500,1410,43.6,53.1,29.6,16,33.5,92.3,17,,103,0,-8.08016,-35.00812,Recife,charging,none,350,43.6
TLM03371,CUST0338,VEH0038,CONTR0338,2026-07-30T15:36:00,SYNTHETIC,13305,857,1000,143,85.7,51.8,39.7,9,46.0,76.8,52,,289,0,-16.6803,-49.29388,Goiânia,charging,none,188,85.7
TLM03372,CUST0338,VEH0038,CONTR0338,2026-08-06T14:43:00,SYNTHETIC,13493,752,1000,248,75.2,58.2,10.2,33,10.5,58.9,73,,405,0,-16.62161,-49.28447,Goiânia,parked,low_fuel,443,75.2
TLM03373,CUST0338,VEH0038,CONTR0338,2026-08-13T07:24:00,SYNTHETIC,13695,809,1000,191,80.9,28.3,10.3,35,21.9,72.4,80,,444,0,-16.71001,-49.17316,Goiânia,parked,none,381,80.9
TLM03374,CUST0338,VEH0038,CONTR0338,2026-08-20T18:01:00,SYNTHETIC,13974,1116,1000,0,111.6,50.0,19.1,26,22.9,91.1,44,,244,0,-16.68576,-49.27721,Goiânia,parked,none,136,111.6
TLM03375,CUST0338,VEH0038,CONTR0338,2026-08-27T09:21:00,SYNTHETIC,14274,1201,1000,0,120.1,44.1,39.6,13,53.8,93.9,44,,244,0,-16.7569,-49.2838,Goiânia,parked,none,298,120.1
TLM03376,CUST0338,VEH0038,CONTR0338,2026-09-03T09:02:00,SYNTHETIC,14441,671,1000,329,67.1,52.6,47.5,6,54.1,54.6,62,,344,0,-16.71359,-49.19293,Goiânia,parked,none,198,67.1
TLM03377,CUST0338,VEH0038,CONTR0338,2026-09-10T09:54:00,SYNTHETIC,14635,777,1000,223,77.7,49.5,52.7,6,63.9,71.5,38,,211,0,-16.66465,-49.217,Goiânia,parked,none,278,77.7
TLM03378,CUST0338,VEH0038,CONTR0338,2026-09-17T16:52:00,SYNTHETIC,14785,602,1000,398,60.2,33.0,27.5,9,50.1,49.7,19,,105,0,-16.66051,-49.26819,Goiânia,parked,none,431,60.2
TLM03379,CUST0338,VEH0038,CONTR0338,2026-09-24T16:49:00,SYNTHETIC,15018,934,1000,66,93.4,42.9,44.8,9,62.7,83.8,69,,383,0,-16.62521,-49.16647,Goiânia,parked,none,403,93.4
TLM03380,CUST0338,VEH0038,CONTR0338,2026-10-01T08:53:00,SYNTHETIC,15172,619,1000,381,61.9,28.5,51.6,5,108.6,55.5,93,,517,0,-16.63702,-49.13918,Goiânia,parked,low_fuel,221,61.9
TLM03381,CUST0339,VEH0039,CONTR0339,2026-07-30T20:45:00,SYNTHETIC,40427,736,1500,764,49.1,28.9,35.2,9,73.1,69.2,29,,156,0,-13.06148,-38.46031,Salvador,moving,low_fuel,700,49.1
TLM03382,CUST0339,VEH0039,CONTR0339,2026-08-06T16:45:00,SYNTHETIC,40602,702,1500,798,46.8,54.9,15.1,21,16.4,63.9,54,,291,0,-12.98459,-38.4423,Salvador,parked,none,4000,46.8
TLM03383,CUST0339,VEH0039,CONTR0339,2026-08-13T19:16:00,SYNTHETIC,40789,749,1500,751,49.9,37.0,15.4,22,25.0,70.7,20,,107,0,-12.97602,-38.51025,Salvador,parked,km_limit,700,49.9
TLM03384,CUST0339,VEH0039,CONTR0339,2026-08-20T08:02:00,SYNTHETIC,40965,706,1500,794,47.1,49.3,47.9,6,58.3,68.4,50,,269,0,-13.0257,-38.43457,Salvador,moving,none,2500,47.1
TLM03385,CUST0339,VEH0039,CONTR0339,2026-08-27T19:31:00,SYNTHETIC,41133,673,1500,827,44.9,32.6,49.0,6,90.2,56.7,49,,264,0,-13.00386,-38.48812,Salvador,moving,none,700,44.9
TLM03386,CUST0339,VEH0039,CONTR0339,2026-09-03T14:03:00,SYNTHETIC,41271,553,1500,947,36.9,43.6,9.3,27,12.8,50.1,80,,431,0,-12.99865,-38.46014,Salvador,parked,none,4000,36.9
TLM03387,CUST0339,VEH0039,CONTR0339,2026-09-10T11:03:00,SYNTHETIC,41373,410,1500,1090,27.3,51.6,49.4,3,57.5,34.9,27,,145,0,-12.98927,-38.47943,Salvador,parked,km_limit,1000,27.3
TLM03388,CUST0339,VEH0039,CONTR0339,2026-09-17T10:37:00,SYNTHETIC,41511,553,1500,947,36.9,56.2,25.0,10,26.7,46.8,25,,134,0,-12.94933,-38.53486,Salvador,moving,low_fuel,1500,36.9
TLM03389,CUST0339,VEH0039,CONTR0339,2026-09-24T19:49:00,SYNTHETIC,41620,437,1500,1063,29.1,49.9,48.8,4,58.7,36.1,86,,463,0,-13.06152,-38.57293,Salvador,charging,maintenance,1500,29.1
TLM03390,CUST0339,VEH0039,CONTR0339,2026-10-01T21:25:00,SYNTHETIC,41778,633,1500,867,42.2,28.1,17.7,16,37.9,52.0,87,,468,0,-12.93547,-38.5523,Salvador,parked,low_fuel,700,42.2
TLM03391,CUST0340,VEH0040,CONTR0340,2026-07-30T07:25:00,SYNTHETIC,74751,1852,2000,148,92.6,58.2,16.1,52,16.6,173.3,91,,518,0,-25.41486,-49.26158,Curitiba,maintenance,none,4000,92.6
TLM03392,CUST0340,VEH0040,CONTR0340,2026-08-06T16:53:00,SYNTHETIC,75218,1869,2000,131,93.5,54.9,22.7,37,24.8,148.7,18,,102,0,-25.33,-49.21768,Curitiba,moving,none,4000,93.5
TLM03393,CUST0340,VEH0040,CONTR0340,2026-08-13T07:22:00,SYNTHETIC,75604,1545,2000,455,77.2,42.1,36.5,19,51.9,132.2,90,,513,0,-25.32006,-49.17214,Curitiba,parked,low_fuel,2500,77.2
TLM03394,CUST0340,VEH0040,CONTR0340,2026-08-20T10:16:00,SYNTHETIC,76263,2639,2000,0,131.9,38.6,9.8,122,15.3,235.7,51,,290,0,-25.44364,-49.31575,Curitiba,moving,low_fuel,350,131.9
TLM03395,CUST0340,VEH0040,CONTR0340,2026-08-27T18:05:00,SYNTHETIC,76570,1229,2000,771,61.5,34.1,37.1,15,65.3,118.0,93,,530,0,-25.38443,-49.20431,Curitiba,parked,km_limit,350,61.5
TLM03396,CUST0340,VEH0040,CONTR0340,2026-09-03T14:39:00,SYNTHETIC,77158,2352,2000,0,117.6,58.6,36.0,29,36.8,208.6,67,,381,0,-25.47513,-49.30485,Curitiba,parked,maintenance,1500,117.6
TLM03397,CUST0340,VEH0040,CONTR0340,2026-09-10T20:21:00,SYNTHETIC,77633,1902,2000,98,95.1,37.5,46.8,18,75.0,174.0,30,,171,0,-25.41801,-49.17123,Curitiba,maintenance,km_limit,1500,95.1
TLM03398,CUST0340,VEH0040,CONTR0340,2026-09-17T09:21:00,SYNTHETIC,78239,2426,2000,0,121.3,37.5,46.5,23,74.4,206.7,40,,228,0,-25.34647,-49.26957,Curitiba,parked,low_fuel,4000,121.3
TLM03399,CUST0340,VEH0040,CONTR0340,2026-09-24T18:02:00,SYNTHETIC,78872,2533,2000,0,126.6,58.4,36.4,31,37.4,203.0,83,,473,0,-25.33228,-49.17479,Curitiba,moving,low_fuel,700,126.6
TLM03400,CUST0340,VEH0040,CONTR0340,2026-10-01T12:49:00,SYNTHETIC,79337,1863,2000,137,93.2,37.9,27.0,31,42.8,175.5,65,,370,0,-25.35028,-49.17548,Curitiba,parked,none,1500,93.2
TLM03401,CUST0341,VEH0041,CONTR0341,2026-07-30T06:33:00,SYNTHETIC,37867,1272,1200,0,106.0,51.8,72.8,7,84.4,94.8,91,,587,0,-27.61728,-48.63063,Florianópolis,parked,km_limit,700,106.0
TLM03402,CUST0341,VEH0041,CONTR0341,2026-08-06T13:40:00,SYNTHETIC,38338,1885,1200,0,157.1,52.3,21.8,39,25.0,148.0,15,,96,0,-27.61109,-48.50124,Florianópolis,parked,none,350,157.1
TLM03403,CUST0341,VEH0041,CONTR0341,2026-08-13T06:36:00,SYNTHETIC,38835,1988,1200,0,165.7,36.7,14.5,62,23.7,163.1,16,,103,0,-27.55977,-48.56146,Florianópolis,parked,low_fuel,2500,165.7
TLM03404,CUST0341,VEH0041,CONTR0341,2026-08-20T18:16:00,SYNTHETIC,39319,1939,1200,0,161.6,40.0,66.8,13,100.1,147.9,87,,562,0,-27.58403,-48.49638,Florianópolis,moving,km_limit,350,161.6
TLM03405,CUST0341,VEH0041,CONTR0341,2026-08-27T19:41:00,SYNTHETIC,39626,1229,1200,0,102.4,48.1,57.4,9,71.6,99.7,66,,426,0,-27.61141,-48.5294,Florianópolis,maintenance,none,4000,102.4
TLM03406,CUST0341,VEH0041,CONTR0341,2026-09-03T07:10:00,SYNTHETIC,40075,1797,1200,0,149.8,58.0,16.8,48,17.4,128.9,58,,374,0,-27.51815,-48.63662,Florianópolis,parked,low_fuel,1000,149.8
TLM03407,CUST0341,VEH0041,CONTR0341,2026-09-10T08:45:00,SYNTHETIC,40473,1594,1200,0,132.8,38.3,60.7,11,95.2,120.6,57,,368,0,-27.54916,-48.58898,Florianópolis,parked,none,2500,132.8
TLM03408,CUST0341,VEH0041,CONTR0341,2026-09-17T20:17:00,SYNTHETIC,40958,1941,1200,0,161.8,58.7,65.9,13,67.3,154.9,42,,271,0,-27.57766,-48.49942,Florianópolis,charging,low_fuel,700,161.8
TLM03409,CUST0341,VEH0041,CONTR0341,2026-09-24T15:19:00,SYNTHETIC,41359,1605,1200,0,133.8,34.0,43.9,16,77.5,126.4,67,,432,0,-27.59322,-48.5226,Florianópolis,parked,low_fuel,350,133.8
TLM03410,CUST0341,VEH0041,CONTR0341,2026-10-01T07:32:00,SYNTHETIC,41802,1772,1200,0,147.7,54.1,67.9,11,75.3,134.6,19,,122,0,-27.58133,-48.5854,Florianópolis,parked,low_fuel,2500,147.7
TLM03411,CUST0342,VEH0042,CONTR0342,2026-07-30T11:45:00,SYNTHETIC,66714,1574,1200,0,131.2,43.1,42.9,16,59.8,136.5,42,,249,0,-22.90484,-43.26316,Rio de Janeiro,moving,none,4000,131.2
TLM03412,CUST0342,VEH0042,CONTR0342,2026-08-06T18:46:00,SYNTHETIC,67105,1564,1200,0,130.3,49.8,32.3,21,38.9,156.0,35,,207,0,-22.84435,-43.25269,Rio de Janeiro,moving,none,700,130.3
TLM03413,CUST0342,VEH0042,CONTR0342,2026-08-13T06:52:00,SYNTHETIC,67604,1998,1200,0,166.5,60.6,11.5,79,11.3,200.0,77,,456,0,-22.91274,-43.16787,Rio de Janeiro,moving,low_fuel,1500,166.5
TLM03414,CUST0342,VEH0042,CONTR0342,2026-08-20T11:45:00,SYNTHETIC,67832,913,1200,287,76.1,60.1,26.9,15,26.9,82.8,94,,557,0,-22.94676,-43.14763,Rio de Janeiro,parked,maintenance,1500,76.1
TLM03415,CUST0342,VEH0042,CONTR0342,2026-08-27T07:40:00,SYNTHETIC,68156,1299,1200,0,108.2,32.4,34.3,17,63.3,123.7,57,,338,0,-22.89099,-43.14974,Rio de Janeiro,parked,low_fuel,1000,108.2
TLM03416,CUST0342,VEH0042,CONTR0342,2026-09-03T14:24:00,SYNTHETIC,68383,911,1200,289,75.9,35.9,34.1,12,57.0,84.1,82,,486,0,-22.83962,-43.10682,Rio de Janeiro,parked,low_fuel,700,75.9
TLM03417,CUST0342,VEH0042,CONTR0342,2026-09-10T18:50:00,SYNTHETIC,68612,916,1200,284,76.3,32.1,18.6,22,34.8,88.1,65,,385,0,-22.94351,-43.22922,Rio de Janeiro,parked,none,350,76.3
TLM03418,CUST0342,VEH0042,CONTR0342,2026-09-17T06:29:00,SYNTHETIC,69035,1695,1200,0,141.2,35.6,9.8,78,16.5,164.8,40,,237,0,-22.85371,-43.13757,Rio de Janeiro,moving,km_limit,350,141.2
TLM03419,CUST0342,VEH0042,CONTR0342,2026-09-24T17:03:00,SYNTHETIC,69269,939,1200,261,78.2,37.9,31.8,13,50.4,88.4,69,,409,0,-22.91393,-43.14282,Rio de Janeiro,parked,none,350,78.2
TLM03420,CUST0342,VEH0042,CONTR0342,2026-10-01T22:09:00,SYNTHETIC,69750,1925,1200,0,160.4,36.1,54.8,15,91.1,192.5,24,,142,0,-22.89997,-43.16194,Rio de Janeiro,moving,maintenance,700,160.4
TLM03421,CUST0343,VEH0043,CONTR0343,2026-07-30T21:48:00,SYNTHETIC,41376,2181,1500,0,145.4,45.3,15.8,62,20.9,142.1,81,,395,0,-12.94403,-38.53098,Salvador,parked,none,350,145.4
TLM03422,CUST0343,VEH0043,CONTR0343,2026-08-06T12:38:00,SYNTHETIC,41662,1147,1500,353,76.5,55.3,21.1,24,22.9,75.2,32,,156,0,-13.03213,-38.47246,Salvador,parked,low_fuel,350,76.5
TLM03423,CUST0343,VEH0043,CONTR0343,2026-08-13T07:49:00,SYNTHETIC,42224,2251,1500,0,150.1,43.1,27.0,37,37.6,145.2,57,,278,0,-13.03768,-38.4247,Salvador,moving,none,1000,150.1
TLM03424,CUST0343,VEH0043,CONTR0343,2026-08-20T18:54:00,SYNTHETIC,42784,2241,1500,0,149.4,56.9,37.0,27,39.0,155.4,22,,107,0,-13.01665,-38.54543,Salvador,parked,none,4000,149.4
TLM03425,CUST0343,VEH0043,CONTR0343,2026-08-27T19:47:00,SYNTHETIC,43157,1495,1500,5,99.7,61.1,29.1,23,28.6,89.4,60,,292,0,-13.0532,-38.48166,Salvador,parked,low_fuel,350,99.7
TLM03426,CUST0343,VEH0043,CONTR0343,2026-09-03T13:26:00,SYNTHETIC,43686,2118,1500,0,141.2,49.8,30.9,31,37.2,145.5,35,,170,0,-13.04074,-38.52547,Salvador,parked,none,4000,141.2
TLM03427,CUST0343,VEH0043,CONTR0343,2026-09-10T18:04:00,SYNTHETIC,44021,1343,1500,157,89.5,43.3,23.7,25,32.9,87.5,40,,195,0,-13.04735,-38.4342,Salvador,moving,low_fuel,350,89.5
TLM03428,CUST0343,VEH0043,CONTR0343,2026-09-17T07:52:00,SYNTHETIC,44474,1812,1500,0,120.8,36.7,10.2,80,16.7,115.2,18,,87,0,-12.97247,-38.55538,Salvador,parked,none,4000,120.8
TLM03429,CUST0343,VEH0043,CONTR0343,2026-09-24T10:28:00,SYNTHETIC,44933,1837,1500,0,122.5,34.9,47.6,17,81.9,115.7,91,,444,0,-13.00577,-38.48005,Salvador,charging,km_limit,4000,122.5
TLM03430,CUST0343,VEH0043,CONTR0343,2026-10-01T09:18:00,SYNTHETIC,45379,1785,1500,0,119.0,44.3,22.1,36,29.9,104.7,43,,209,0,-13.03389,-38.43844,Salvador,parked,km_limit,1000,119.0
TLM03431,CUST0344,VEH0044,CONTR0344,2026-07-30T13:58:00,SYNTHETIC,6182,1319,1500,181,87.9,54.6,35.8,16,39.3,114.6,70,,395,0,-15.75508,-47.92288,Brasília,parked,none,1000,87.9
TLM03432,CUST0344,VEH0044,CONTR0344,2026-08-06T22:48:00,SYNTHETIC,6524,1371,1500,129,91.4,39.6,62.7,9,95.0,110.7,54,,305,0,-15.70393,-47.90788,Brasília,parked,low_fuel,2500,91.4
TLM03433,CUST0344,VEH0044,CONTR0344,2026-08-13T07:54:00,SYNTHETIC,6844,1280,1500,220,85.3,36.1,51.5,11,85.8,117.4,36,,203,0,-15.76936,-47.92938,Brasília,moving,low_fuel,700,85.3
TLM03434,CUST0344,VEH0044,CONTR0344,2026-08-20T06:04:00,SYNTHETIC,7171,1311,1500,189,87.4,41.5,41.5,14,59.9,122.2,40,,226,0,-15.71072,-47.8829,Brasília,parked,low_fuel,2500,87.4
TLM03435,CUST0344,VEH0044,CONTR0344,2026-08-27T16:57:00,SYNTHETIC,7520,1396,1500,104,93.1,33.6,37.6,16,67.2,119.2,45,,254,0,-15.74627,-47.86089,Brasília,parked,maintenance,2500,93.1
TLM03436,CUST0344,VEH0044,CONTR0344,2026-09-03T10:52:00,SYNTHETIC,7869,1397,1500,103,93.1,54.2,42.3,14,46.9,119.2,49,,276,0,-15.76862,-47.8892,Brasília,parked,none,700,93.1
TLM03437,CUST0344,VEH0044,CONTR0344,2026-09-10T14:52:00,SYNTHETIC,8199,1323,1500,177,88.2,38.6,65.8,9,102.4,110.7,50,,282,0,-15.71988,-47.87713,Brasília,moving,none,350,88.2
TLM03438,CUST0344,VEH0044,CONTR0344,2026-09-17T07:34:00,SYNTHETIC,8528,1318,1500,182,87.9,51.9,67.0,8,77.4,120.7,86,,485,0,-15.74795,-47.93538,Brasília,parked,maintenance,4000,87.9
TLM03439,CUST0344,VEH0044,CONTR0344,2026-09-24T17:28:00,SYNTHETIC,8880,1411,1500,89,94.1,33.9,19.1,33,33.7,124.7,74,,418,0,-15.77392,-47.96851,Brasília,parked,none,350,94.1
TLM03440,CUST0344,VEH0044,CONTR0344,2026-10-01T12:24:00,SYNTHETIC,9199,1276,1500,224,85.1,41.8,63.6,9,91.2,111.9,23,,129,0,-15.71271,-47.86431,Brasília,moving,km_limit,4000,85.1
TLM03441,CUST0345,VEH0045,CONTR0345,2026-07-30T09:25:00,SYNTHETIC,74408,1055,1000,0,105.5,34.7,20.3,23,35.1,95.3,42,,257,0,-22.93405,-43.13963,Rio de Janeiro,parked,maintenance,350,105.5
TLM03442,CUST0345,VEH0045,CONTR0345,2026-08-06T19:30:00,SYNTHETIC,74619,846,1000,154,84.6,38.6,39.0,9,60.7,72.0,84,,514,0,-22.8613,-43.21544,Rio de Janeiro,parked,low_fuel,2500,84.6
TLM03443,CUST0345,VEH0045,CONTR0345,2026-08-13T10:16:00,SYNTHETIC,74769,603,1000,397,60.3,32.7,21.3,12,39.0,53.1,95,,582,0,-22.92303,-43.17401,Rio de Janeiro,parked,none,4000,60.3
TLM03444,CUST0345,VEH0045,CONTR0345,2026-08-20T14:33:00,SYNTHETIC,75003,936,1000,64,93.6,43.0,54.4,7,75.9,80.6,65,,398,0,-22.89559,-43.22088,Rio de Janeiro,parked,none,1500,93.6
TLM03445,CUST0345,VEH0045,CONTR0345,2026-08-27T22:03:00,SYNTHETIC,75198,783,1000,217,78.3,46.3,39.9,8,51.8,63.8,55,,337,0,-22.84511,-43.27423,Rio de Janeiro,parked,maintenance,700,78.3
TLM03446,CUST0345,VEH0045,CONTR0345,2026-09-03T15:30:00,SYNTHETIC,75386,754,1000,246,75.4,30.4,44.1,7,87.1,62.1,58,,355,0,-22.86891,-43.14744,Rio de Janeiro,moving,none,1000,75.4
TLM03447,CUST0345,VEH0045,CONTR0345,2026-09-10T09:52:00,SYNTHETIC,75534,595,1000,405,59.5,57.8,31.4,8,32.6,48.4,38,,232,0,-22.91155,-43.26489,Rio de Janeiro,moving,maintenance,350,59.5
TLM03448,CUST0345,VEH0045,CONTR0345,2026-09-17T12:52:00,SYNTHETIC,75777,972,1000,28,97.2,28.1,46.3,9,99.0,83.3,75,,459,0,-22.8628,-43.24484,Rio de Janeiro,parked,km_limit,4000,97.2
TLM03449,CUST0345,VEH0045,CONTR0345,2026-09-24T11:22:00,SYNTHETIC,75982,823,1000,177,82.3,57.4,21.3,17,22.3,72.3,39,,239,0,-22.9505,-43.27707,Rio de Janeiro,moving,none,1500,82.3
TLM03450,CUST0345,VEH0045,CONTR0345,2026-10-01T07:06:00,SYNTHETIC,76182,802,1000,198,80.2,36.3,51.0,7,84.4,73.1,37,,226,0,-22.9764,-43.1267,Rio de Janeiro,parked,none,4000,80.2
TLM03451,CUST0346,VEH0046,CONTR0346,2026-07-30T20:30:00,SYNTHETIC,64620,1948,2000,52,97.4,57.1,9.4,94,9.9,194.0,92,,483,0,-22.97435,-43.21943,Rio de Janeiro,parked,low_fuel,1000,97.4
TLM03452,CUST0346,VEH0046,CONTR0346,2026-08-06T07:04:00,SYNTHETIC,64964,1378,2000,622,68.9,42.6,38.2,16,53.9,125.0,85,,447,0,-22.83727,-43.10642,Rio de Janeiro,moving,none,700,68.9
TLM03453,CUST0346,VEH0046,CONTR0346,2026-08-13T22:32:00,SYNTHETIC,65441,1911,2000,89,95.5,41.2,50.8,17,74.0,175.8,65,,341,0,-22.87128,-43.07736,Rio de Janeiro,moving,maintenance,1500,95.5
TLM03454,CUST0346,VEH0046,CONTR0346,2026-08-20T22:56:00,SYNTHETIC,66003,2250,2000,0,112.5,36.0,37.0,27,61.7,235.3,54,,284,0,-22.96238,-43.12881,Rio de Janeiro,parked,none,4000,112.5
TLM03455,CUST0346,VEH0046,CONTR0346,2026-08-27T06:24:00,SYNTHETIC,66431,1714,2000,286,85.7,32.5,26.2,29,48.4,166.3,39,,205,0,-22.8498,-43.10919,Rio de Janeiro,moving,none,2500,85.7
TLM03456,CUST0346,VEH0046,CONTR0346,2026-09-03T11:17:00,SYNTHETIC,67154,2893,2000,0,144.6,47.7,13.2,99,16.6,289.9,32,,168,0,-22.90961,-43.08156,Rio de Janeiro,parked,none,350,144.6
TLM03457,CUST0346,VEH0046,CONTR0346,2026-09-10T12:32:00,SYNTHETIC,67844,2760,2000,0,138.0,39.6,27.1,46,41.1,279.4,84,,441,0,-22.90429,-43.0947,Rio de Janeiro,moving,none,700,138.0
TLM03458,CUST0346,VEH0046,CONTR0346,2026-09-17T07:06:00,SYNTHETIC,68595,3004,2000,0,150.2,35.3,13.4,101,22.8,299.9,79,,415,0,-22.92206,-43.23427,Rio de Janeiro,parked,maintenance,700,150.2
TLM03459,CUST0346,VEH0046,CONTR0346,2026-09-24T19:35:00,SYNTHETIC,69280,2740,2000,0,137.0,61.2,36.5,34,35.7,292.3,77,,405,0,-22.82309,-43.22493,Rio de Janeiro,parked,none,1500,137.0
TLM03460,CUST0346,VEH0046,CONTR0346,2026-10-01T16:43:00,SYNTHETIC,69793,2054,2000,0,102.7,29.2,17.6,52,36.3,193.7,18,,94,0,-22.82384,-43.19147,Rio de Janeiro,parked,low_fuel,350,102.7
TLM03461,CUST0347,VEH0047,CONTR0347,2026-07-30T19:00:00,SYNTHETIC,7387,666,1000,334,66.6,51.8,15.8,19,18.3,60.6,50,,310,0,-25.33169,-49.2454,Curitiba,moving,none,700,66.6
TLM03462,CUST0347,VEH0047,CONTR0347,2026-08-06T10:36:00,SYNTHETIC,7557,683,1000,317,68.3,58.0,11.9,26,12.3,64.1,49,,303,0,-25.46508,-49.21504,Curitiba,parked,none,2500,68.3
TLM03463,CUST0347,VEH0047,CONTR0347,2026-08-13T08:15:00,SYNTHETIC,7894,1350,1000,0,135.0,48.3,47.3,12,58.8,126.9,94,,582,0,-25.41752,-49.31386,Curitiba,parked,none,4000,135.0
TLM03464,CUST0347,VEH0047,CONTR0347,2026-08-20T12:50:00,SYNTHETIC,8106,849,1000,151,84.9,51.8,12.3,31,14.3,78.6,62,,384,0,-25.41453,-49.18021,Curitiba,maintenance,none,2500,84.9
TLM03465,CUST0347,VEH0047,CONTR0347,2026-08-27T12:47:00,SYNTHETIC,8428,1290,1000,0,129.0,61.6,26.6,22,25.9,110.8,28,,173,0,-25.41158,-49.22453,Curitiba,moving,none,350,129.0
TLM03466,CUST0347,VEH0047,CONTR0347,2026-09-03T12:08:00,SYNTHETIC,8696,1073,1000,0,107.3,40.4,47.4,10,70.4,86.2,49,,303,0,-25.46879,-49.18834,Curitiba,parked,km_limit,2500,107.3
TLM03467,CUST0347,VEH0047,CONTR0347,2026-09-10T11:50:00,SYNTHETIC,9029,1333,1000,0,133.3,40.6,22.4,27,33.1,121.0,18,,111,0,-25.35483,-49.16994,Curitiba,parked,none,1000,133.3
TLM03468,CUST0347,VEH0047,CONTR0347,2026-09-17T06:55:00,SYNTHETIC,9358,1318,1000,0,131.8,51.0,54.9,10,64.5,113.8,86,,533,0,-25.35029,-49.16529,Curitiba,parked,low_fuel,4000,131.8
TLM03469,CUST0347,VEH0047,CONTR0347,2026-09-24T18:36:00,SYNTHETIC,9560,808,1000,192,80.8,37.4,49.3,7,79.1,66.8,60,,372,0,-25.36104,-49.2983,Curitiba,moving,low_fuel,350,80.8
TLM03470,CUST0347,VEH0047,CONTR0347,2026-10-01T12:23:00,SYNTHETIC,9873,1254,1000,0,125.4,58.3,37.3,15,38.4,106.2,52,,322,0,-25.44636,-49.30868,Curitiba,moving,none,350,125.4
TLM03471,CUST0348,VEH0048,CONTR0348,2026-07-30T17:09:00,SYNTHETIC,72527,1100,1000,0,110.0,47.7,40.0,12,50.3,0.0,,76,203,0,-8.14161,-34.9221,Recife,parked,battery_low,2500,110.0
TLM03472,CUST0348,VEH0048,CONTR0348,2026-08-06T10:37:00,SYNTHETIC,72808,1125,1000,0,112.5,56.9,24.6,20,25.9,0.0,,30,77,3,-8.15097,-34.84382,Recife,parked,none,2500,112.5
TLM03473,CUST0348,VEH0048,CONTR0348,2026-08-13T12:38:00,SYNTHETIC,73086,1113,1000,0,111.3,48.0,13.0,38,16.3,0.0,,94,265,5,-8.0388,-34.84959,Recife,moving,maintenance,1500,111.3
TLM03474,CUST0348,VEH0048,CONTR0348,2026-08-20T19:36:00,SYNTHETIC,73329,973,1000,27,97.3,35.3,29.1,15,49.5,0.0,,35,88,5,-8.05042,-34.95434,Recife,parked,battery_low,2500,97.3
TLM03475,CUST0348,VEH0048,CONTR0348,2026-08-27T17:44:00,SYNTHETIC,73613,1137,1000,0,113.7,43.5,31.5,16,43.4,0.0,,95,237,3,-8.0486,-34.85541,Recife,moving,none,1000,113.7
TLM03476,CUST0348,VEH0048,CONTR0348,2026-09-03T14:32:00,SYNTHETIC,73775,649,1000,351,64.9,30.4,10.9,26,21.6,0.0,,74,184,0,-8.02205,-34.95457,Recife,parked,none,350,64.9
TLM03477,CUST0348,VEH0048,CONTR0348,2026-09-10T15:43:00,SYNTHETIC,74065,1162,1000,0,116.2,54.2,42.3,12,46.8,0.0,,49,134,8,-8.10115,-34.95235,Recife,parked,none,350,116.2
TLM03478,CUST0348,VEH0048,CONTR0348,2026-09-17T10:42:00,SYNTHETIC,74350,1143,1000,0,114.3,41.1,21.8,23,31.9,0.0,,71,188,4,-7.99946,-34.88118,Recife,parked,none,1000,114.3
TLM03479,CUST0348,VEH0048,CONTR0348,2026-09-24T10:37:00,SYNTHETIC,74689,1357,1000,0,135.7,46.4,9.0,68,11.6,0.0,,32,87,2,-8.11229,-34.92388,Recife,parked,none,350,135.7
TLM03480,CUST0348,VEH0048,CONTR0348,2026-10-01T16:59:00,SYNTHETIC,74861,690,1000,310,69.0,58.1,21.1,14,21.8,0.0,,54,136,0,-8.03207,-34.85425,Recife,parked,km_limit,2500,69.0
TLM03481,CUST0349,VEH0049,CONTR0349,2026-07-30T07:00:00,SYNTHETIC,15615,2408,3000,592,80.3,41.2,44.6,24,65.0,121.2,87,,828,1,-15.87691,-47.92764,Brasília,moving,none,2500,80.3
TLM03482,CUST0349,VEH0049,CONTR0349,2026-08-06T18:41:00,SYNTHETIC,16771,4627,3000,0,154.2,28.8,26.6,79,55.4,215.2,63,,599,1,-15.81488,-47.91467,Brasília,moving,low_fuel,1000,154.2
TLM03483,CUST0349,VEH0049,CONTR0349,2026-08-13T15:18:00,SYNTHETIC,17763,3970,3000,0,132.3,55.2,54.2,33,59.0,177.7,54,,514,0,-15.82634,-47.92681,Brasília,parked,none,1000,132.3
TLM03484,CUST0349,VEH0049,CONTR0349,2026-08-20T06:21:00,SYNTHETIC,18293,2121,3000,879,70.7,44.5,38.5,25,51.8,99.9,55,,523,0,-15.77241,-47.89524,Brasília,parked,low_fuel,2500,70.7
TLM03485,CUST0349,VEH0049,CONTR0349,2026-08-27T18:09:00,SYNTHETIC,19401,4434,3000,0,147.8,52.8,19.2,104,21.9,204.0,23,,218,1,-15.83621,-47.88269,Brasília,moving,none,2500,147.8
TLM03486,CUST0349,VEH0049,CONTR0349,2026-09-03T08:58:00,SYNTHETIC,19933,2131,3000,869,71.0,45.1,15.1,64,20.1,93.4,30,,285,0,-15.73603,-47.89802,Brasília,parked,maintenance,1000,71.0
TLM03487,CUST0349,VEH0049,CONTR0349,2026-09-10T15:37:00,SYNTHETIC,21019,4344,3000,0,144.8,45.3,47.0,41,62.3,213.8,62,,590,1,-15.83206,-47.79804,Brasília,parked,none,1000,144.8
TLM03488,CUST0349,VEH0049,CONTR0349,2026-09-17T15:09:00,SYNTHETIC,21943,3697,3000,0,123.2,36.7,36.7,45,60.0,157.1,27,,257,1,-15.84691,-47.87007,Brasília,parked,none,700,123.2
TLM03489,CUST0349,VEH0049,CONTR0349,2026-09-24T20:11:00,SYNTHETIC,22898,3821,3000,0,127.4,47.3,8.9,194,11.3,163.1,34,,323,2,-15.8278,-47.83,Brasília,parked,low_fuel,350,127.4
TLM03490,CUST0349,VEH0049,CONTR0349,2026-10-01T09:18:00,SYNTHETIC,23573,2702,3000,298,90.1,36.9,7.6,161,12.4,126.8,77,,733,2,-15.83117,-47.83206,Brasília,parked,none,350,90.1
TLM03491,CUST0350,VEH0050,CONTR0350,2026-07-30T09:07:00,SYNTHETIC,54094,886,1000,114,88.6,35.4,49.3,8,83.5,0.0,,60,173,3,-22.93956,-43.16659,Rio de Janeiro,moving,none,350,88.6
TLM03492,CUST0350,VEH0050,CONTR0350,2026-08-06T10:47:00,SYNTHETIC,54333,956,1000,44,95.6,30.8,18.2,23,35.3,0.0,,86,234,0,-22.95201,-43.13511,Rio de Janeiro,parked,none,1000,95.6
TLM03493,CUST0350,VEH0050,CONTR0350,2026-08-13T21:39:00,SYNTHETIC,54711,1512,1000,0,151.2,32.3,8.6,79,16.0,0.0,,64,176,6,-22.87992,-43.05708,Rio de Janeiro,parked,battery_low,2500,151.2
TLM03494,CUST0350,VEH0050,CONTR0350,2026-08-20T12:22:00,SYNTHETIC,55035,1296,1000,0,129.6,40.0,38.9,15,58.5,0.0,,80,223,4,-22.97084,-43.14001,Rio de Janeiro,parked,none,350,129.6
TLM03495,CUST0350,VEH0050,CONTR0350,2026-08-27T19:32:00,SYNTHETIC,55270,941,1000,59,94.1,49.2,28.1,15,34.3,0.0,,82,231,3,-22.9691,-43.20525,Rio de Janeiro,moving,maintenance,700,94.1
TLM03496,CUST0350,VEH0050,CONTR0350,2026-09-03T10:02:00,SYNTHETIC,55465,780,1000,220,78.0,57.4,30.5,11,31.9,0.0,,31,86,5,-22.95809,-43.18861,Rio de Janeiro,parked,none,4000,78.0
TLM03497,CUST0350,VEH0050,CONTR0350,2026-09-10T13:15:00,SYNTHETIC,55818,1415,1000,0,141.5,55.7,53.7,11,57.8,0.0,,61,156,5,-22.86948,-43.06609,Rio de Janeiro,moving,battery_low,2500,141.5
TLM03498,CUST0350,VEH0050,CONTR0350,2026-09-17T21:19:00,SYNTHETIC,56110,1170,1000,0,117.0,55.5,17.4,30,18.8,0.0,,39,104,1,-22.8648,-43.06587,Rio de Janeiro,parked,km_limit,1500,117.0
TLM03499,CUST0350,VEH0050,CONTR0350,2026-09-24T09:07:00,SYNTHETIC,56388,1113,1000,0,111.3,44.6,11.5,44,15.5,0.0,,92,263,5,-22.9141,-43.12444,Rio de Janeiro,parked,battery_low,350,111.3
TLM03500,CUST0350,VEH0050,CONTR0350,2026-10-01T06:11:00,SYNTHETIC,56612,897,1000,103,89.7,30.0,15.7,26,31.3,0.0,,40,105,5,-22.90894,-43.19082,Rio de Janeiro,parked,km_limit,2500,89.7
TLM03501,CUST0351,VEH0051,CONTR0351,2026-07-30T12:28:00,SYNTHETIC,28796,1998,1800,0,111.0,55.1,32.3,28,35.2,160.2,63,,528,2,-15.87096,-47.89054,Brasília,parked,low_fuel,2500,111.0
TLM03502,CUST0351,VEH0051,CONTR0351,2026-08-06T21:33:00,SYNTHETIC,29346,2201,1800,0,122.3,45.7,7.1,140,9.4,165.7,73,,612,2,-15.84072,-47.88643,Brasília,moving,none,350,122.3
TLM03503,CUST0351,VEH0051,CONTR0351,2026-08-13T12:25:00,SYNTHETIC,29862,2065,1800,0,114.7,36.9,30.9,30,50.4,143.7,50,,419,1,-15.81967,-47.78242,Brasília,moving,km_limit,700,114.7
TLM03504,CUST0351,VEH0051,CONTR0351,2026-08-20T22:10:00,SYNTHETIC,30370,2033,1800,0,112.9,61.9,28.5,32,27.6,137.4,82,,687,0,-15.76366,-47.82082,Brasília,parked,none,1500,112.9
TLM03505,CUST0351,VEH0051,CONTR0351,2026-08-27T20:57:00,SYNTHETIC,30882,2050,1800,0,113.9,37.8,26.5,35,42.0,164.1,52,,436,1,-15.84442,-47.77749,Brasília,parked,none,4000,113.9
TLM03506,CUST0351,VEH0051,CONTR0351,2026-09-03T15:07:00,SYNTHETIC,31412,2120,1800,0,117.8,56.2,50.3,19,53.7,142.8,68,,570,1,-15.75092,-47.80894,Brasília,moving,low_fuel,1000,117.8
TLM03507,CUST0351,VEH0051,CONTR0351,2026-09-10T07:30:00,SYNTHETIC,31941,2117,1800,0,117.6,39.7,27.5,35,41.5,153.5,18,,151,2,-15.73908,-47.83281,Brasília,parked,maintenance,1500,117.6
TLM03508,CUST0351,VEH0051,CONTR0351,2026-09-17T14:06:00,SYNTHETIC,32447,2024,1800,0,112.4,60.9,7.3,125,7.2,133.8,77,,646,0,-15.85781,-47.90799,Brasília,parked,low_fuel,350,112.4
TLM03509,CUST0351,VEH0051,CONTR0351,2026-09-24T17:21:00,SYNTHETIC,32976,2119,1800,0,117.7,47.5,33.2,29,41.8,151.3,31,,260,1,-15.75593,-47.7891,Brasília,moving,none,350,117.7
TLM03510,CUST0351,VEH0051,CONTR0351,2026-10-01T15:58:00,SYNTHETIC,33457,1927,1800,0,107.1,44.0,37.1,23,50.6,136.9,56,,469,0,-15.85712,-47.79485,Brasília,moving,km_limit,4000,107.1
TLM03511,CUST0352,VEH0052,CONTR0352,2026-07-30T14:04:00,SYNTHETIC,62599,887,800,0,110.9,45.2,17.0,23,22.6,76.5,38,,240,0,-25.52353,-49.3427,Curitiba,parked,none,700,110.9
TLM03512,CUST0352,VEH0052,CONTR0352,2026-08-06T22:29:00,SYNTHETIC,62767,672,800,128,84.0,33.5,30.6,9,54.8,64.9,28,,177,0,-25.45699,-49.28984,Curitiba,parked,none,4000,84.0
TLM03513,CUST0352,VEH0052,CONTR0352,2026-08-13T16:24:00,SYNTHETIC,62973,826,800,0,103.2,33.8,10.3,36,18.3,77.7,35,,221,0,-25.40878,-49.23111,Curitiba,moving,low_fuel,350,103.2
TLM03514,CUST0352,VEH0052,CONTR0352,2026-08-20T18:58:00,SYNTHETIC,63168,783,800,17,97.9,40.7,8.2,43,12.0,75.9,20,,126,0,-25.42355,-49.28183,Curitiba,parked,maintenance,1500,97.9
TLM03515,CUST0352,VEH0052,CONTR0352,2026-08-27T14:37:00,SYNTHETIC,63395,910,800,0,113.8,46.4,24.9,16,32.2,87.2,31,,196,0,-25.37898,-49.37796,Curitiba,parked,km_limit,700,113.8
TLM03516,CUST0352,VEH0052,CONTR0352,2026-09-03T21:25:00,SYNTHETIC,63560,660,800,140,82.5,29.1,66.9,4,137.8,57.1,83,,525,0,-25.40461,-49.34191,Curitiba,parked,km_limit,2500,82.5
TLM03517,CUST0352,VEH0052,CONTR0352,2026-09-10T20:20:00,SYNTHETIC,63803,972,800,0,121.5,36.3,20.4,21,33.8,96.1,30,,189,0,-25.50415,-49.3293,Curitiba,parked,low_fuel,4000,121.5
TLM03518,CUST0352,VEH0052,CONTR0352,2026-09-17T14:43:00,SYNTHETIC,63998,783,800,17,97.9,47.6,9.9,35,12.5,72.9,60,,379,0,-25.39664,-49.34623,Curitiba,moving,none,700,97.9
TLM03519,CUST0352,VEH0052,CONTR0352,2026-09-24T11:10:00,SYNTHETIC,64164,664,800,136,83.0,56.1,67.8,4,72.5,58.1,20,,126,0,-25.50114,-49.31482,Curitiba,parked,km_limit,1500,83.0
TLM03520,CUST0352,VEH0052,CONTR0352,2026-10-01T11:34:00,SYNTHETIC,64516,1408,800,0,176.0,57.6,68.5,9,71.3,132.2,66,,417,0,-25.40767,-49.38423,Curitiba,parked,none,1500,176.0
TLM03521,CUST0353,VEH0053,CONTR0353,2026-07-30T22:03:00,SYNTHETIC,57386,4089,3000,0,136.3,51.5,29.1,63,33.9,385.3,72,,422,0,-30.05782,-51.27602,Porto Alegre,moving,maintenance,700,136.3
TLM03522,CUST0353,VEH0053,CONTR0353,2026-08-06T17:59:00,SYNTHETIC,58216,3323,3000,0,110.8,33.9,51.8,29,91.8,271.3,41,,240,0,-29.9223,-51.26255,Porto Alegre,parked,none,2500,110.8
TLM03523,CUST0353,VEH0053,CONTR0353,2026-08-13T11:16:00,SYNTHETIC,58863,2589,3000,411,86.3,37.2,45.0,26,72.6,241.0,65,,381,0,-30.03212,-51.17722,Porto Alegre,parked,none,4000,86.3
TLM03524,CUST0353,VEH0053,CONTR0353,2026-08-20T18:46:00,SYNTHETIC,59461,2393,3000,607,79.8,29.2,47.4,22,97.4,228.0,36,,211,0,-29.95774,-51.23424,Porto Alegre,moving,none,1500,79.8
TLM03525,CUST0353,VEH0053,CONTR0353,2026-08-27T15:42:00,SYNTHETIC,60184,2893,3000,107,96.4,36.4,38.3,34,63.1,257.6,22,,129,0,-30.01577,-51.16762,Porto Alegre,parked,none,700,96.4
TLM03526,CUST0353,VEH0053,CONTR0353,2026-09-03T19:42:00,SYNTHETIC,61067,3534,3000,0,117.8,29.2,29.2,55,60.0,302.8,21,,123,0,-29.95546,-51.18235,Porto Alegre,parked,maintenance,700,117.8
TLM03527,CUST0353,VEH0053,CONTR0353,2026-09-10T07:10:00,SYNTHETIC,61690,2493,3000,507,83.1,48.0,8.2,138,10.2,231.8,40,,234,0,-29.97784,-51.21991,Porto Alegre,parked,km_limit,1500,83.1
TLM03528,CUST0353,VEH0053,CONTR0353,2026-09-17T11:48:00,SYNTHETIC,62162,1890,3000,1110,63.0,28.4,21.7,39,46.0,175.2,36,,211,0,-30.03283,-51.17941,Porto Alegre,parked,km_limit,700,63.0
TLM03529,CUST0353,VEH0053,CONTR0353,2026-09-24T07:58:00,SYNTHETIC,63182,4083,3000,0,136.1,55.5,6.5,286,7.0,361.1,60,,352,0,-30.01197,-51.16578,Porto Alegre,parked,none,350,136.1
TLM03530,CUST0353,VEH0053,CONTR0353,2026-10-01T21:32:00,SYNTHETIC,63737,2221,3000,779,74.0,34.3,25.8,39,45.1,199.1,29,,170,0,-30.02282,-51.25747,Porto Alegre,parked,low_fuel,350,74.0
TLM03531,CUST0354,VEH0054,CONTR0354,2026-07-30T10:08:00,SYNTHETIC,27980,2079,1500,0,138.6,34.1,53.4,17,94.1,202.7,91,,563,0,-15.70234,-47.87894,Brasília,parked,none,1000,138.6
TLM03532,CUST0354,VEH0054,CONTR0354,2026-08-06T21:25:00,SYNTHETIC,28345,1463,1500,37,97.5,36.7,33.0,20,54.0,150.5,76,,470,0,-15.78329,-47.89852,Brasília,moving,none,1500,97.5
TLM03533,CUST0354,VEH0054,CONTR0354,2026-08-13T19:00:00,SYNTHETIC,28714,1479,1500,21,98.6,59.1,23.8,28,24.2,158.2,81,,501,0,-15.76325,-47.88651,Brasília,moving,km_limit,700,98.6
TLM03534,CUST0354,VEH0054,CONTR0354,2026-08-20T12:25:00,SYNTHETIC,29227,2053,1500,0,136.9,29.6,15.9,58,32.1,232.4,39,,241,0,-15.70714,-47.95807,Brasília,parked,maintenance,1500,136.9
TLM03535,CUST0354,VEH0054,CONTR0354,2026-08-27T06:30:00,SYNTHETIC,29709,1930,1500,0,128.7,57.0,26.3,33,27.7,201.7,81,,501,0,-15.74898,-47.90932,Brasília,moving,maintenance,350,128.7
TLM03536,CUST0354,VEH0054,CONTR0354,2026-09-03T19:42:00,SYNTHETIC,29996,1149,1500,351,76.6,34.3,13.0,40,22.7,134.6,16,,99,0,-15.71292,-47.9311,Brasília,parked,none,2500,76.6
TLM03537,CUST0354,VEH0054,CONTR0354,2026-09-10T09:13:00,SYNTHETIC,30493,1990,1500,0,132.7,47.1,17.5,51,22.3,200.1,26,,160,0,-15.71447,-47.92986,Brasília,parked,none,1000,132.7
TLM03538,CUST0354,VEH0054,CONTR0354,2026-09-17T22:39:00,SYNTHETIC,30948,1820,1500,0,121.3,47.3,34.4,24,43.6,198.9,67,,414,0,-15.79866,-47.88476,Brasília,moving,low_fuel,4000,121.3
TLM03539,CUST0354,VEH0054,CONTR0354,2026-09-24T22:13:00,SYNTHETIC,31403,1820,1500,0,121.3,42.2,48.9,16,69.6,198.1,46,,284,0,-15.82058,-47.92655,Brasília,parked,low_fuel,1500,121.3
TLM03540,CUST0354,VEH0054,CONTR0354,2026-10-01T09:40:00,SYNTHETIC,31743,1360,1500,140,90.7,59.2,10.2,60,10.3,159.1,59,,365,0,-15.69759,-47.90942,Brasília,moving,maintenance,2500,90.7
TLM03541,CUST0355,VEH0055,CONTR0355,2026-07-30T12:14:00,SYNTHETIC,70965,1103,1200,97,91.9,55.8,7.5,66,8.1,93.5,22,,124,0,-23.53969,-46.69455,São Paulo,moving,none,1000,91.9
TLM03542,CUST0355,VEH0055,CONTR0355,2026-08-06T21:14:00,SYNTHETIC,71218,1014,1200,186,84.5,56.2,15.1,30,16.1,83.0,48,,271,0,-23.47518,-46.61255,São Paulo,parked,km_limit,700,84.5
TLM03543,CUST0355,VEH0055,CONTR0355,2026-08-13T07:49:00,SYNTHETIC,71466,993,1200,207,82.8,33.0,45.2,9,82.2,91.9,45,,254,0,-23.58733,-46.62391,São Paulo,parked,none,700,82.8
TLM03544,CUST0355,VEH0055,CONTR0355,2026-08-20T18:21:00,SYNTHETIC,71714,993,1200,207,82.8,59.7,27.7,16,27.8,81.3,25,,141,0,-23.47237,-46.56468,São Paulo,parked,low_fuel,4000,82.8
TLM03545,CUST0355,VEH0055,CONTR0355,2026-08-27T12:37:00,SYNTHETIC,71978,1058,1200,142,88.2,33.9,53.0,9,93.8,95.0,56,,316,0,-23.5347,-46.59273,São Paulo,moving,none,350,88.2
TLM03546,CUST0355,VEH0055,CONTR0355,2026-09-03T15:58:00,SYNTHETIC,72233,1021,1200,179,85.1,43.8,47.3,9,64.9,88.4,66,,372,0,-23.4492,-46.71236,São Paulo,parked,low_fuel,1500,85.1
TLM03547,CUST0355,VEH0055,CONTR0355,2026-09-10T09:37:00,SYNTHETIC,72482,998,1200,202,83.2,58.5,38.3,11,39.3,83.2,39,,220,0,-23.48917,-46.6369,São Paulo,charging,maintenance,4000,83.2
TLM03548,CUST0355,VEH0055,CONTR0355,2026-09-17T22:21:00,SYNTHETIC,72738,1025,1200,175,85.4,29.8,26.1,17,52.5,81.4,89,,502,0,-23.44324,-46.59683,São Paulo,charging,low_fuel,4000,85.4
TLM03549,CUST0355,VEH0055,CONTR0355,2026-09-24T18:52:00,SYNTHETIC,73011,1092,1200,108,91.0,42.3,48.8,10,69.3,89.3,94,,531,0,-23.53675,-46.65202,São Paulo,moving,none,2500,91.0
TLM03550,CUST0355,VEH0055,CONTR0355,2026-10-01T15:15:00,SYNTHETIC,73259,995,1200,205,82.9,37.3,21.0,21,33.8,87.3,59,,333,0,-23.53069,-46.72215,São Paulo,moving,none,4000,82.9
TLM03551,CUST0356,VEH0056,CONTR0356,2026-07-30T21:29:00,SYNTHETIC,38631,2438,1800,0,135.4,38.1,11.1,100,17.4,217.2,70,,348,0,-27.61318,-48.61961,Florianópolis,parked,none,700,135.4
TLM03552,CUST0356,VEH0056,CONTR0356,2026-08-06T21:12:00,SYNTHETIC,38954,1294,1800,506,71.9,32.9,48.0,12,87.5,121.4,31,,154,0,-27.53255,-48.64824,Florianópolis,parked,none,4000,71.9
TLM03553,CUST0356,VEH0056,CONTR0356,2026-08-13T16:06:00,SYNTHETIC,39504,2200,1800,0,122.2,47.6,50.9,19,64.2,189.6,41,,204,0,-27.68328,-48.63479,Florianópolis,parked,km_limit,350,122.2
TLM03554,CUST0356,VEH0056,CONTR0356,2026-08-20T21:06:00,SYNTHETIC,39963,1838,1800,0,102.1,52.8,22.0,37,25.0,166.7,41,,204,0,-27.68438,-48.61281,Florianópolis,parked,none,700,102.1
TLM03555,CUST0356,VEH0056,CONTR0356,2026-08-27T15:14:00,SYNTHETIC,40347,1536,1800,264,85.3,60.8,21.6,32,21.3,137.1,40,,199,0,-27.67781,-48.59274,Florianópolis,moving,low_fuel,4000,85.3
TLM03556,CUST0356,VEH0056,CONTR0356,2026-09-03T17:16:00,SYNTHETIC,40852,2022,1800,0,112.3,49.5,9.2,100,11.1,201.5,44,,219,0,-27.61688,-48.64944,Florianópolis,parked,low_fuel,700,112.3
TLM03557,CUST0356,VEH0056,CONTR0356,2026-09-10T15:06:00,SYNTHETIC,41214,1450,1800,350,80.6,61.7,17.9,36,17.4,135.0,79,,393,0,-27.61072,-48.59743,Florianópolis,parked,none,700,80.6
TLM03558,CUST0356,VEH0056,CONTR0356,2026-09-17T14:21:00,SYNTHETIC,41535,1284,1800,516,71.3,50.9,7.6,76,9.0,126.1,32,,159,0,-27.56468,-48.55302,Florianópolis,moving,low_fuel,2500,71.3
TLM03559,CUST0356,VEH0056,CONTR0356,2026-09-24T09:48:00,SYNTHETIC,41984,1798,1800,2,99.9,38.3,28.6,28,44.7,168.5,68,,338,0,-27.59801,-48.55996,Florianópolis,charging,low_fuel,2500,99.9
TLM03560,CUST0356,VEH0056,CONTR0356,2026-10-01T16:15:00,SYNTHETIC,42404,1681,1800,119,93.4,34.0,52.1,14,92.0,155.2,40,,199,0,-27.57154,-48.60887,Florianópolis,moving,none,350,93.4
TLM03561,CUST0357,VEH0057,CONTR0357,2026-07-30T19:52:00,SYNTHETIC,73415,2452,2000,0,122.6,31.8,16.9,65,32.0,140.4,52,,394,1,-30.07519,-51.27087,Porto Alegre,moving,none,320,122.6
TLM03562,CUST0357,VEH0057,CONTR0357,2026-08-06T21:44:00,SYNTHETIC,73928,2054,2000,0,102.7,44.5,38.7,24,52.3,123.1,45,,341,1,-30.03538,-51.31385,Porto Alegre,parked,none,140,102.7
TLM03563,CUST0357,VEH0057,CONTR0357,2026-08-13T15:54:00,SYNTHETIC,74523,2380,2000,0,119.0,40.7,17.7,61,26.1,125.7,28,,212,1,-30.07686,-51.20451,Porto Alegre,parked,maintenance,492,119.0
TLM03564,CUST0357,VEH0057,CONTR0357,2026-08-20T11:39:00,SYNTHETIC,74955,1731,2000,269,86.6,61.6,26.9,29,26.2,109.5,21,,159,1,-30.04567,-51.21596,Porto Alegre,charging,km_limit,383,86.6
TLM03565,CUST0357,VEH0057,CONTR0357,2026-08-27T18:44:00,SYNTHETIC,75455,2002,2000,0,100.1,58.2,33.0,27,34.1,124.4,72,,546,1,-30.03567,-51.16017,Porto Alegre,moving,maintenance,453,100.1
TLM03566,CUST0357,VEH0057,CONTR0357,2026-09-03T16:51:00,SYNTHETIC,76002,2190,2000,0,109.5,32.0,46.2,21,86.7,129.8,59,,447,0,-30.07674,-51.25193,Porto Alegre,moving,none,331,109.5
TLM03567,CUST0357,VEH0057,CONTR0357,2026-09-10T20:08:00,SYNTHETIC,76316,1257,2000,743,62.8,52.0,32.5,17,37.5,75.9,49,,371,0,-29.94167,-51.23822,Porto Alegre,moving,low_fuel,408,62.8
TLM03568,CUST0357,VEH0057,CONTR0357,2026-09-17T07:39:00,SYNTHETIC,76745,1716,2000,284,85.8,55.8,37.0,21,39.7,100.6,26,,197,1,-30.02051,-51.28304,Porto Alegre,parked,low_fuel,282,85.8
TLM03569,CUST0357,VEH0057,CONTR0357,2026-09-24T10:39:00,SYNTHETIC,77039,1178,2000,822,58.9,45.3,37.7,14,49.9,63.3,81,,614,0,-29.97778,-51.2461,Porto Alegre,parked,none,159,58.9
TLM03570,CUST0357,VEH0057,CONTR0357,2026-10-01T20:56:00,SYNTHETIC,77626,2351,2000,0,117.5,57.2,15.9,67,16.7,131.8,61,,462,2,-29.95289,-51.24901,Porto Alegre,parked,low_fuel,155,117.5
TLM03571,CUST0358,VEH0058,CONTR0358,2026-07-30T14:14:00,SYNTHETIC,72985,3605,3000,0,120.2,51.9,38.2,42,44.2,263.5,57,,322,0,-30.00619,-51.20984,Porto Alegre,parked,low_fuel,4000,120.2
TLM03572,CUST0358,VEH0058,CONTR0358,2026-08-06T12:40:00,SYNTHETIC,73490,2020,3000,980,67.3,44.9,9.8,94,13.0,168.7,70,,395,0,-30.02943,-51.15378,Porto Alegre,moving,low_fuel,1000,67.3
TLM03573,CUST0358,VEH0058,CONTR0358,2026-08-13T16:32:00,SYNTHETIC,74005,2060,3000,940,68.7,37.2,24.1,38,38.9,147.3,87,,491,0,-29.95968,-51.25441,Porto Alegre,moving,maintenance,2500,68.7
TLM03574,CUST0358,VEH0058,CONTR0358,2026-08-20T22:21:00,SYNTHETIC,74634,2517,3000,483,83.9,54.6,9.0,127,9.9,200.8,74,,418,0,-30.03219,-51.1745,Porto Alegre,moving,none,4000,83.9
TLM03575,CUST0358,VEH0058,CONTR0358,2026-08-27T09:16:00,SYNTHETIC,75351,2868,3000,132,95.6,51.8,43.7,29,50.6,216.4,43,,242,0,-30.05881,-51.26356,Porto Alegre,moving,none,350,95.6
TLM03576,CUST0358,VEH0058,CONTR0358,2026-09-03T10:35:00,SYNTHETIC,76142,3166,3000,0,105.5,61.3,7.6,188,7.5,244.0,64,,361,0,-29.93159,-51.21724,Porto Alegre,moving,none,700,105.5
TLM03577,CUST0358,VEH0058,CONTR0358,2026-09-10T20:59:00,SYNTHETIC,76716,2299,3000,701,76.6,60.2,24.1,43,24.0,189.6,77,,435,0,-29.95779,-51.24279,Porto Alegre,moving,low_fuel,4000,76.6
TLM03578,CUST0358,VEH0058,CONTR0358,2026-09-17T20:36:00,SYNTHETIC,77370,2619,3000,381,87.3,40.9,45.9,25,67.2,218.8,21,,118,0,-29.95432,-51.1968,Porto Alegre,moving,low_fuel,1500,87.3
TLM03579,CUST0358,VEH0058,CONTR0358,2026-09-24T15:01:00,SYNTHETIC,78121,3004,3000,0,100.1,47.8,25.4,53,31.8,243.5,27,,152,0,-30.0062,-51.14271,Porto Alegre,charging,low_fuel,2500,100.1
TLM03580,CUST0358,VEH0058,CONTR0358,2026-10-01T08:31:00,SYNTHETIC,78680,2239,3000,761,74.6,55.4,11.0,92,11.9,184.0,49,,276,0,-30.07625,-51.25049,Porto Alegre,moving,low_fuel,350,74.6
TLM03581,CUST0359,VEH0059,CONTR0359,2026-07-30T11:37:00,SYNTHETIC,12375,1903,1800,0,105.7,56.0,10.3,83,11.1,175.8,94,,500,0,-19.87492,-44.0053,Belo Horizonte,parked,none,350,105.7
TLM03582,CUST0359,VEH0059,CONTR0359,2026-08-06T07:45:00,SYNTHETIC,12679,1218,1800,582,67.7,43.0,50.2,11,70.1,115.3,72,,383,0,-19.92945,-43.95324,Belo Horizonte,moving,maintenance,700,67.7
TLM03583,CUST0359,VEH0059,CONTR0359,2026-08-13T15:20:00,SYNTHETIC,13118,1756,1800,44,97.6,34.4,36.3,21,63.3,148.2,78,,414,0,-19.92476,-43.92539,Belo Horizonte,moving,km_limit,1000,97.6
TLM03584,CUST0359,VEH0059,CONTR0359,2026-08-20T19:21:00,SYNTHETIC,13676,2232,1800,0,124.0,35.9,16.3,62,27.3,215.8,86,,457,0,-19.97445,-43.86543,Belo Horizonte,moving,none,2500,124.0
TLM03585,CUST0359,VEH0059,CONTR0359,2026-08-27T09:27:00,SYNTHETIC,14049,1492,1800,308,82.9,34.8,8.6,78,14.8,122.9,26,,138,0,-19.8579,-43.94757,Belo Horizonte,parked,none,700,82.9
TLM03586,CUST0359,VEH0059,CONTR0359,2026-09-03T13:55:00,SYNTHETIC,14409,1441,1800,359,80.1,57.2,18.9,34,19.8,130.1,40,,212,0,-19.82578,-43.8641,Belo Horizonte,moving,low_fuel,1000,80.1
TLM03587,CUST0359,VEH0059,CONTR0359,2026-09-10T13:59:00,SYNTHETIC,14849,1761,1800,39,97.8,44.5,49.3,16,66.6,171.4,41,,218,0,-19.86489,-43.91158,Belo Horizonte,charging,low_fuel,1000,97.8
TLM03588,CUST0359,VEH0059,CONTR0359,2026-09-17T11:05:00,SYNTHETIC,15365,2064,1800,0,114.7,59.2,28.2,33,28.6,185.0,34,,180,0,-19.85691,-43.90517,Belo Horizonte,parked,low_fuel,350,114.7
TLM03589,CUST0359,VEH0059,CONTR0359,2026-09-24T22:07:00,SYNTHETIC,15867,2010,1800,0,111.7,47.3,53.1,17,67.3,163.1,63,,335,0,-19.87701,-43.90663,Belo Horizonte,parked,low_fuel,1500,111.7
TLM03590,CUST0359,VEH0059,CONTR0359,2026-10-01T13:56:00,SYNTHETIC,16327,1843,1800,0,102.4,60.2,9.0,93,8.9,177.6,45,,239,0,-19.92118,-43.92011,Belo Horizonte,parked,maintenance,2500,102.4
TLM03591,CUST0360,VEH0060,CONTR0360,2026-07-30T13:50:00,SYNTHETIC,6311,1960,1800,0,108.9,32.8,47.2,18,86.3,194.6,72,,358,0,-3.77673,-38.57753,Fortaleza,parked,none,2500,108.9
TLM03592,CUST0360,VEH0060,CONTR0360,2026-08-06T22:25:00,SYNTHETIC,6843,2128,1800,0,118.2,48.6,39.4,24,48.6,193.6,72,,358,0,-3.79412,-38.47031,Fortaleza,parked,none,4000,118.2
TLM03593,CUST0360,VEH0060,CONTR0360,2026-08-13T07:14:00,SYNTHETIC,7141,1194,1800,606,66.3,55.4,38.5,14,41.7,106.0,48,,239,0,-3.82271,-38.52568,Fortaleza,parked,none,2500,66.3
TLM03594,CUST0360,VEH0060,CONTR0360,2026-08-20T17:49:00,SYNTHETIC,7470,1319,1800,481,73.3,28.3,8.2,73,17.3,127.3,39,,194,0,-3.75728,-38.54368,Fortaleza,parked,low_fuel,2500,73.3
TLM03595,CUST0360,VEH0060,CONTR0360,2026-08-27T21:14:00,SYNTHETIC,7793,1294,1800,506,71.9,39.6,34.2,17,51.9,124.8,26,,129,0,-3.79873,-38.47992,Fortaleza,moving,km_limit,350,71.9
TLM03596,CUST0360,VEH0060,CONTR0360,2026-09-03T07:54:00,SYNTHETIC,8161,1473,1800,327,81.8,61.5,46.2,14,45.0,150.6,52,,258,0,-3.80548,-38.57908,Fortaleza,parked,low_fuel,2500,81.8
TLM03597,CUST0360,VEH0060,CONTR0360,2026-09-10T16:47:00,SYNTHETIC,8572,1646,1800,154,91.4,47.5,14.4,51,18.2,168.7,61,,303,0,-3.80477,-38.61532,Fortaleza,parked,none,2500,91.4
TLM03598,CUST0360,VEH0060,CONTR0360,2026-09-17T15:49:00,SYNTHETIC,8854,1130,1800,670,62.8,49.6,52.6,9,63.7,110.1,61,,303,0,-3.78465,-38.4912,Fortaleza,parked,none,4000,62.8
TLM03599,CUST0360,VEH0060,CONTR0360,2026-09-24T12:43:00,SYNTHETIC,9145,1167,1800,633,64.8,43.2,8.8,60,12.2,100.8,85,,423,0,-3.81241,-38.61064,Fortaleza,parked,none,1500,64.8
TLM03600,CUST0360,VEH0060,CONTR0360,2026-10-01T22:15:00,SYNTHETIC,9536,1564,1800,236,86.9,48.9,8.7,81,10.6,142.2,47,,234,0,-3.74209,-38.6229,Fortaleza,maintenance,low_fuel,4000,86.9
TLM03601,CUST0361,VEH0061,CONTR0361,2026-07-30T08:03:00,SYNTHETIC,28338,1108,2000,892,55.4,37.3,41.4,12,66.6,100.6,77,,415,0,-25.31538,-49.19977,Curitiba,parked,maintenance,700,55.4
TLM03602,CUST0361,VEH0061,CONTR0361,2026-08-06T19:13:00,SYNTHETIC,28771,1735,2000,265,86.8,48.2,46.1,17,57.3,164.8,60,,324,0,-25.39921,-49.24226,Curitiba,parked,none,350,86.8
TLM03603,CUST0361,VEH0061,CONTR0361,2026-08-13T11:10:00,SYNTHETIC,29258,1950,2000,50,97.5,54.2,51.7,17,57.2,196.3,41,,221,0,-25.41751,-49.27052,Curitiba,parked,none,4000,97.5
TLM03604,CUST0361,VEH0061,CONTR0361,2026-08-20T11:06:00,SYNTHETIC,29825,2269,2000,0,113.5,49.2,14.5,70,17.7,235.4,77,,415,0,-25.33682,-49.31098,Curitiba,parked,km_limit,1000,113.5
TLM03605,CUST0361,VEH0061,CONTR0361,2026-08-27T18:10:00,SYNTHETIC,30411,2346,2000,0,117.3,39.8,14.7,72,22.1,230.7,62,,334,0,-25.46311,-49.19253,Curitiba,parked,none,1500,117.3
TLM03606,CUST0361,VEH0061,CONTR0361,2026-09-03T15:04:00,SYNTHETIC,30939,2115,2000,0,105.8,56.7,7.6,126,8.0,219.1,87,,469,0,-25.35323,-49.26548,Curitiba,parked,low_fuel,1000,105.8
TLM03607,CUST0361,VEH0061,CONTR0361,2026-09-10T11:22:00,SYNTHETIC,31480,2165,2000,0,108.2,42.5,15.6,63,22.0,205.8,86,,464,0,-25.31953,-49.1956,Curitiba,parked,low_fuel,4000,108.2
TLM03608,CUST0361,VEH0061,CONTR0361,2026-09-17T16:43:00,SYNTHETIC,31878,1595,2000,405,79.8,42.6,21.3,34,30.0,153.0,68,,367,0,-25.39387,-49.22956,Curitiba,moving,none,2500,79.8
TLM03609,CUST0361,VEH0061,CONTR0361,2026-09-24T19:59:00,SYNTHETIC,32349,1885,2000,115,94.2,57.3,52.1,16,54.6,164.7,74,,399,0,-25.42853,-49.29129,Curitiba,moving,low_fuel,2500,94.2
TLM03610,CUST0361,VEH0061,CONTR0361,2026-10-01T20:00:00,SYNTHETIC,32829,1920,2000,80,96.0,28.2,36.2,24,77.1,198.0,57,,307,0,-25.42367,-49.31872,Curitiba,moving,maintenance,1500,96.0
TLM03611,CUST0362,VEH0062,CONTR0362,2026-07-30T19:53:00,SYNTHETIC,70796,1296,1200,0,108.0,29.6,41.7,14,84.7,106.6,53,,313,0,-27.68933,-48.51198,Florianópolis,parked,km_limit,4000,108.0
TLM03612,CUST0362,VEH0062,CONTR0362,2026-08-06T09:26:00,SYNTHETIC,71094,1194,1200,6,99.5,54.6,46.6,11,51.2,108.1,19,,112,0,-27.66765,-48.58995,Florianópolis,moving,none,4000,99.5
TLM03613,CUST0362,VEH0062,CONTR0362,2026-08-13T09:11:00,SYNTHETIC,71459,1463,1200,0,121.9,49.7,7.4,90,8.9,135.3,38,,224,0,-27.56786,-48.53415,Florianópolis,parked,none,1000,121.9
TLM03614,CUST0362,VEH0062,CONTR0362,2026-08-20T18:15:00,SYNTHETIC,71680,887,1200,313,73.9,55.8,41.3,9,44.5,76.4,63,,372,0,-27.63854,-48.54927,Florianópolis,parked,km_limit,700,73.9
TLM03615,CUST0362,VEH0062,CONTR0362,2026-08-27T09:08:00,SYNTHETIC,71929,997,1200,203,83.1,43.8,34.9,12,47.9,89.6,26,,153,0,-27.58274,-48.51264,Florianópolis,moving,low_fuel,1000,83.1
TLM03616,CUST0362,VEH0062,CONTR0362,2026-09-03T13:21:00,SYNTHETIC,72284,1422,1200,0,118.5,47.1,17.8,36,22.7,141.0,55,,325,0,-27.61037,-48.55858,Florianópolis,parked,low_fuel,700,118.5
TLM03617,CUST0362,VEH0062,CONTR0362,2026-09-10T13:22:00,SYNTHETIC,72610,1305,1200,0,108.7,48.5,36.1,16,44.7,123.9,70,,413,0,-27.54285,-48.56108,Florianópolis,parked,none,2500,108.7
TLM03618,CUST0362,VEH0062,CONTR0362,2026-09-17T06:36:00,SYNTHETIC,72869,1039,1200,161,86.6,32.5,41.1,11,75.7,96.8,56,,330,0,-27.57953,-48.65378,Florianópolis,moving,none,350,86.6
TLM03619,CUST0362,VEH0062,CONTR0362,2026-09-24T19:15:00,SYNTHETIC,73204,1342,1200,0,111.8,53.6,28.4,21,31.8,127.8,30,,177,0,-27.65682,-48.5282,Florianópolis,parked,none,350,111.8
TLM03620,CUST0362,VEH0062,CONTR0362,2026-10-01T16:38:00,SYNTHETIC,73526,1289,1200,0,107.4,31.3,48.6,12,93.3,112.2,15,,88,0,-27.5701,-48.56268,Florianópolis,moving,low_fuel,1000,107.4
TLM03621,CUST0363,VEH0063,CONTR0363,2026-07-30T17:49:00,SYNTHETIC,65165,3539,3000,0,118.0,60.7,9.0,178,8.9,314.3,61,,340,0,-3.73614,-38.60123,Fortaleza,parked,km_limit,2500,118.0
TLM03622,CUST0363,VEH0063,CONTR0363,2026-08-06T22:57:00,SYNTHETIC,65730,2260,3000,740,75.3,48.4,19.4,53,24.0,172.3,53,,295,0,-3.7722,-38.62874,Fortaleza,parked,none,700,75.3
TLM03623,CUST0363,VEH0063,CONTR0363,2026-08-13T20:11:00,SYNTHETIC,66428,2795,3000,205,93.2,59.5,25.9,48,26.2,221.5,19,,106,0,-3.7674,-38.63754,Fortaleza,parked,maintenance,1500,93.2
TLM03624,CUST0363,VEH0063,CONTR0363,2026-08-20T20:48:00,SYNTHETIC,66903,1900,3000,1100,63.3,61.7,11.9,72,11.6,143.5,41,,228,0,-3.74477,-38.64275,Fortaleza,parked,none,1500,63.3
TLM03625,CUST0363,VEH0063,CONTR0363,2026-08-27T08:58:00,SYNTHETIC,67547,2579,3000,421,86.0,54.7,54.8,21,60.1,220.9,18,,100,0,-3.71204,-38.5492,Fortaleza,moving,km_limit,4000,86.0
TLM03626,CUST0363,VEH0063,CONTR0363,2026-09-03T16:49:00,SYNTHETIC,68358,3246,3000,0,108.2,55.8,14.4,102,15.5,271.9,86,,479,0,-3.69374,-38.54904,Fortaleza,parked,km_limit,700,108.2
TLM03627,CUST0363,VEH0063,CONTR0363,2026-09-10T10:56:00,SYNTHETIC,69279,3685,3000,0,122.8,44.5,42.1,39,56.8,317.9,89,,496,0,-3.79748,-38.54726,Fortaleza,parked,low_fuel,2500,122.8
TLM03628,CUST0363,VEH0063,CONTR0363,2026-09-17T06:54:00,SYNTHETIC,70122,3373,3000,0,112.4,41.2,39.0,39,56.7,302.1,91,,507,0,-3.73552,-38.61461,Fortaleza,parked,km_limit,350,112.4
TLM03629,CUST0363,VEH0063,CONTR0363,2026-09-24T14:23:00,SYNTHETIC,70544,1690,3000,1310,56.3,33.8,17.0,45,30.3,149.2,32,,178,0,-3.66048,-38.52975,Fortaleza,parked,maintenance,350,56.3
TLM03630,CUST0363,VEH0063,CONTR0363,2026-10-01T17:59:00,SYNTHETIC,71014,1880,3000,1120,62.7,60.4,29.0,29,28.8,162.5,91,,507,0,-3.71775,-38.57541,Fortaleza,moving,none,1000,62.7
TLM03631,CUST0364,VEH0064,CONTR0364,2026-07-30T21:56:00,SYNTHETIC,52228,946,1000,54,94.6,45.4,41.3,10,54.6,78.9,25,,144,0,-30.03064,-51.1965,Porto Alegre,moving,low_fuel,700,94.6
TLM03632,CUST0364,VEH0064,CONTR0364,2026-08-06T13:14:00,SYNTHETIC,52463,942,1000,58,94.2,31.0,44.4,9,85.9,80.1,26,,150,0,-30.0163,-51.17856,Porto Alegre,parked,low_fuel,350,94.2
TLM03633,CUST0364,VEH0064,CONTR0364,2026-08-13T20:00:00,SYNTHETIC,52764,1205,1000,0,120.5,35.1,10.6,51,18.1,93.5,50,,289,0,-30.03665,-51.13565,Porto Alegre,parked,low_fuel,350,120.5
TLM03634,CUST0364,VEH0064,CONTR0364,2026-08-20T21:48:00,SYNTHETIC,52926,651,1000,349,65.1,45.1,43.8,6,58.3,52.4,46,,266,0,-30.01364,-51.17284,Porto Alegre,parked,maintenance,4000,65.1
TLM03635,CUST0364,VEH0064,CONTR0364,2026-08-27T11:56:00,SYNTHETIC,53190,1057,1000,0,105.7,34.5,52.4,9,91.1,80.9,21,,121,0,-30.13505,-51.23107,Porto Alegre,moving,none,2500,105.7
TLM03636,CUST0364,VEH0064,CONTR0364,2026-09-03T19:56:00,SYNTHETIC,53469,1119,1000,0,111.9,36.1,21.6,23,35.8,93.5,80,,463,0,-30.10285,-51.21966,Porto Alegre,moving,none,2500,111.9
TLM03637,CUST0364,VEH0064,CONTR0364,2026-09-10T06:00:00,SYNTHETIC,53739,1081,1000,0,108.1,55.2,53.6,9,58.3,91.5,58,,335,0,-30.03119,-51.13769,Porto Alegre,moving,maintenance,2500,108.1
TLM03638,CUST0364,VEH0064,CONTR0364,2026-09-17T13:54:00,SYNTHETIC,53928,756,1000,244,75.6,32.5,43.5,7,80.2,61.9,30,,173,0,-30.04343,-51.26087,Porto Alegre,parked,low_fuel,2500,75.6
TLM03639,CUST0364,VEH0064,CONTR0364,2026-09-24T21:36:00,SYNTHETIC,54183,1023,1000,0,102.3,35.1,7.7,60,13.2,91.9,22,,127,0,-30.11643,-51.16303,Porto Alegre,parked,low_fuel,1000,102.3
TLM03640,CUST0364,VEH0064,CONTR0364,2026-10-01T11:48:00,SYNTHETIC,54407,898,1000,102,89.8,35.6,51.2,7,86.3,73.8,44,,254,0,-30.11776,-51.26311,Porto Alegre,parked,maintenance,1500,89.8
TLM03641,CUST0365,VEH0065,CONTR0365,2026-07-30T11:05:00,SYNTHETIC,26053,2448,2000,0,122.4,59.5,29.8,37,30.1,201.2,62,,365,0,-3.79757,-38.42171,Fortaleza,moving,km_limit,1000,122.4
TLM03642,CUST0365,VEH0065,CONTR0365,2026-08-06T20:53:00,SYNTHETIC,26420,1468,2000,532,73.4,33.6,31.2,21,55.7,133.6,31,,182,0,-3.68835,-38.5138,Fortaleza,moving,none,1000,73.4
TLM03643,CUST0365,VEH0065,CONTR0365,2026-08-13T13:56:00,SYNTHETIC,27042,2489,2000,0,124.4,39.5,46.0,24,70.0,203.3,88,,519,0,-3.69656,-38.56719,Fortaleza,parked,none,700,124.4
TLM03644,CUST0365,VEH0065,CONTR0365,2026-08-20T10:52:00,SYNTHETIC,27431,1558,2000,442,77.9,37.2,51.3,13,82.7,127.0,89,,525,0,-3.72221,-38.4395,Fortaleza,parked,none,1000,77.9
TLM03645,CUST0365,VEH0065,CONTR0365,2026-08-27T20:09:00,SYNTHETIC,27997,2265,2000,0,113.2,47.9,35.1,29,43.9,183.8,89,,525,0,-3.75607,-38.49961,Fortaleza,moving,low_fuel,1000,113.2
TLM03646,CUST0365,VEH0065,CONTR0365,2026-09-03T09:28:00,SYNTHETIC,28734,2948,2000,0,147.4,29.9,30.0,44,60.2,260.4,54,,318,0,-3.6785,-38.50829,Fortaleza,parked,low_fuel,700,147.4
TLM03647,CUST0365,VEH0065,CONTR0365,2026-09-10T15:26:00,SYNTHETIC,29334,2401,2000,0,120.0,60.0,45.9,23,45.8,193.6,51,,300,0,-3.70136,-38.5161,Fortaleza,moving,none,1000,120.0
TLM03648,CUST0365,VEH0065,CONTR0365,2026-09-17T18:19:00,SYNTHETIC,29707,1494,2000,506,74.7,37.9,21.6,31,34.1,120.2,80,,472,0,-3.75173,-38.43587,Fortaleza,parked,maintenance,2500,74.7
TLM03649,CUST0365,VEH0065,CONTR0365,2026-09-24T10:04:00,SYNTHETIC,30317,2443,2000,0,122.2,58.4,18.3,60,18.7,223.7,75,,442,0,-3.77434,-38.47885,Fortaleza,moving,none,2500,122.2
TLM03650,CUST0365,VEH0065,CONTR0365,2026-10-01T12:31:00,SYNTHETIC,30851,2139,2000,0,106.9,48.7,52.5,18,64.6,173.0,82,,483,0,-3.73478,-38.43093,Fortaleza,moving,maintenance,700,106.9
TLM03651,CUST0366,VEH0066,CONTR0366,2026-07-30T06:45:00,SYNTHETIC,63125,1139,1200,61,94.9,36.5,13.4,38,22.0,98.6,36,,198,0,-16.7294,-49.25755,Goiânia,moving,low_fuel,1000,94.9
TLM03652,CUST0366,VEH0066,CONTR0366,2026-08-06T20:19:00,SYNTHETIC,63373,993,1200,207,82.8,44.1,14.8,30,20.2,98.9,73,,401,0,-16.61573,-49.24601,Goiânia,moving,none,700,82.8
TLM03653,CUST0366,VEH0066,CONTR0366,2026-08-13T21:29:00,SYNTHETIC,63615,968,1200,232,80.7,50.9,47.9,9,56.5,83.4,45,,247,0,-16.72841,-49.18891,Goiânia,moving,maintenance,2500,80.7
TLM03654,CUST0366,VEH0066,CONTR0366,2026-08-20T11:26:00,SYNTHETIC,63878,1055,1200,145,87.9,59.1,15.3,31,15.5,98.7,61,,335,0,-16.6109,-49.31642,Goiânia,moving,low_fuel,1000,87.9
TLM03655,CUST0366,VEH0066,CONTR0366,2026-08-27T17:48:00,SYNTHETIC,64154,1104,1200,96,92.0,54.2,24.1,20,26.7,92.4,22,,121,0,-16.68079,-49.22895,Goiânia,parked,maintenance,2500,92.0
TLM03656,CUST0366,VEH0066,CONTR0366,2026-09-03T11:35:00,SYNTHETIC,64424,1080,1200,120,90.0,45.9,50.7,9,66.2,104.1,92,,506,0,-16.74275,-49.21102,Goiânia,parked,none,2500,90.0
TLM03657,CUST0366,VEH0066,CONTR0366,2026-09-10T16:21:00,SYNTHETIC,64670,984,1200,216,82.0,49.8,26.2,17,31.5,84.0,90,,495,0,-16.73188,-49.29249,Goiânia,moving,low_fuel,4000,82.0
TLM03658,CUST0366,VEH0066,CONTR0366,2026-09-17T12:11:00,SYNTHETIC,64930,1041,1200,159,86.8,31.4,35.2,13,67.3,87.7,16,,88,0,-16.7154,-49.29756,Goiânia,moving,none,1000,86.8
TLM03659,CUST0366,VEH0066,CONTR0366,2026-09-24T20:14:00,SYNTHETIC,65204,1098,1200,102,91.5,56.9,48.4,10,51.1,102.2,25,,137,0,-16.74412,-49.31105,Goiânia,moving,low_fuel,4000,91.5
TLM03660,CUST0366,VEH0066,CONTR0366,2026-10-01T21:32:00,SYNTHETIC,65444,960,1200,240,80.0,45.5,45.0,9,59.3,87.3,36,,198,0,-16.72371,-49.25023,Goiânia,moving,none,1000,80.0
TLM03661,CUST0367,VEH0067,CONTR0367,2026-07-30T19:59:00,SYNTHETIC,68930,949,1500,551,63.3,32.6,50.6,8,93.2,78.5,78,,454,0,-27.56949,-48.65183,Florianópolis,moving,low_fuel,2500,63.3
TLM03662,CUST0367,VEH0067,CONTR0367,2026-08-06T11:17:00,SYNTHETIC,69359,1718,1500,0,114.5,47.3,30.7,25,38.8,161.9,37,,215,0,-27.61897,-48.56457,Florianópolis,moving,low_fuel,1500,114.5
TLM03663,CUST0367,VEH0067,CONTR0367,2026-08-13T12:05:00,SYNTHETIC,69575,864,1500,636,57.6,41.1,34.6,11,50.5,81.4,60,,349,0,-27.65111,-48.54045,Florianópolis,parked,low_fuel,700,57.6
TLM03664,CUST0367,VEH0067,CONTR0367,2026-08-20T07:03:00,SYNTHETIC,69914,1357,1500,143,90.5,40.1,26.9,22,40.2,116.9,22,,128,0,-27.60592,-48.61685,Florianópolis,moving,maintenance,350,90.5
TLM03665,CUST0367,VEH0067,CONTR0367,2026-08-27T18:08:00,SYNTHETIC,70158,976,1500,524,65.1,42.9,8.9,49,12.4,89.4,31,,180,0,-27.61119,-48.58891,Florianópolis,moving,none,700,65.1
TLM03666,CUST0367,VEH0067,CONTR0367,2026-09-03T15:15:00,SYNTHETIC,70622,1857,1500,0,123.8,28.7,24.9,33,52.2,161.7,83,,483,0,-27.57182,-48.51533,Florianópolis,parked,km_limit,1000,123.8
TLM03667,CUST0367,VEH0067,CONTR0367,2026-09-10T14:51:00,SYNTHETIC,70997,1500,1500,0,100.0,46.7,48.0,14,61.8,131.7,26,,151,0,-27.51995,-48.58386,Florianópolis,parked,low_fuel,4000,100.0
TLM03668,CUST0367,VEH0067,CONTR0367,2026-09-17T12:26:00,SYNTHETIC,71262,1063,1500,437,70.9,29.6,14.6,33,29.7,88.1,24,,139,0,-27.63452,-48.52781,Florianópolis,charging,none,2500,70.9
TLM03669,CUST0367,VEH0067,CONTR0367,2026-09-24T12:48:00,SYNTHETIC,71554,1171,1500,329,78.1,31.8,12.8,41,24.2,107.2,19,,110,0,-27.5503,-48.6559,Florianópolis,parked,low_fuel,4000,78.1
TLM03670,CUST0367,VEH0067,CONTR0367,2026-10-01T11:43:00,SYNTHETIC,71821,1069,1500,431,71.3,28.8,7.8,62,16.3,100.1,52,,303,0,-27.60944,-48.52613,Florianópolis,moving,low_fuel,2500,71.3
TLM03671,CUST0368,VEH0068,CONTR0368,2026-07-30T13:51:00,SYNTHETIC,26392,1829,1500,0,121.9,55.3,22.5,36,24.4,152.5,50,,320,0,-16.76044,-49.20858,Goiânia,moving,km_limit,1500,121.9
TLM03672,CUST0368,VEH0068,CONTR0368,2026-08-06T15:10:00,SYNTHETIC,26830,1753,1500,0,116.9,56.6,16.1,49,17.1,133.0,60,,384,0,-16.63946,-49.27225,Goiânia,moving,low_fuel,4000,116.9
TLM03673,CUST0368,VEH0068,CONTR0368,2026-08-13T21:24:00,SYNTHETIC,27256,1706,1500,0,113.7,43.4,24.8,31,34.3,143.0,36,,230,0,-16.76092,-49.25623,Goiânia,parked,low_fuel,1500,113.7
TLM03674,CUST0368,VEH0068,CONTR0368,2026-08-20T11:44:00,SYNTHETIC,27710,1816,1500,0,121.1,61.8,22.4,36,21.8,132.9,33,,211,0,-16.76582,-49.20931,Goiânia,parked,low_fuel,1000,121.1
TLM03675,CUST0368,VEH0068,CONTR0368,2026-08-27T08:39:00,SYNTHETIC,28114,1619,1500,0,107.9,37.8,28.0,26,44.5,115.6,49,,314,0,-16.63803,-49.15132,Goiânia,parked,km_limit,700,107.9
TLM03676,CUST0368,VEH0068,CONTR0368,2026-09-03T09:27:00,SYNTHETIC,28556,1769,1500,0,117.9,37.9,42.8,18,67.8,139.1,77,,493,0,-16.76532,-49.24921,Goiânia,parked,none,700,117.9
TLM03677,CUST0368,VEH0068,CONTR0368,2026-09-10T11:16:00,SYNTHETIC,29016,1840,1500,0,122.7,48.5,15.1,55,18.6,132.5,55,,352,0,-16.77197,-49.24932,Goiânia,parked,low_fuel,1000,122.7
TLM03678,CUST0368,VEH0068,CONTR0368,2026-09-17T06:33:00,SYNTHETIC,29472,1827,1500,0,121.8,43.8,53.8,15,73.7,130.7,82,,525,0,-16.644,-49.26634,Goiânia,parked,low_fuel,1500,121.8
TLM03679,CUST0368,VEH0068,CONTR0368,2026-09-24T14:40:00,SYNTHETIC,29932,1842,1500,0,122.8,61.5,37.6,22,36.7,157.5,69,,442,0,-16.68285,-49.2452,Goiânia,parked,none,1000,122.8
TLM03680,CUST0368,VEH0068,CONTR0368,2026-10-01T07:46:00,SYNTHETIC,30383,1806,1500,0,120.4,52.2,18.7,43,21.5,137.4,52,,333,0,-16.64976,-49.25637,Goiânia,parked,low_fuel,700,120.4
TLM03681,CUST0369,VEH0069,CONTR0369,2026-07-30T16:03:00,SYNTHETIC,27337,1495,3000,1505,49.8,39.1,31.2,21,47.9,144.9,78,,451,0,-27.51397,-48.51848,Florianópolis,parked,maintenance,4000,49.8
TLM03682,CUST0369,VEH0069,CONTR0369,2026-08-06T07:48:00,SYNTHETIC,27726,1556,3000,1444,51.9,57.7,50.5,14,52.5,147.8,38,,220,0,-27.56121,-48.60748,Florianópolis,moving,none,1000,51.9
TLM03683,CUST0369,VEH0069,CONTR0369,2026-08-13T09:06:00,SYNTHETIC,28114,1553,3000,1447,51.8,60.8,31.6,22,31.2,156.3,91,,526,0,-27.50768,-48.51761,Florianópolis,parked,none,1000,51.8
TLM03684,CUST0369,VEH0069,CONTR0369,2026-08-20T10:29:00,SYNTHETIC,28460,1384,3000,1616,46.1,57.1,45.4,13,47.7,129.6,24,,138,0,-27.58927,-48.62623,Florianópolis,parked,low_fuel,4000,46.1
TLM03685,CUST0369,VEH0069,CONTR0369,2026-08-27T18:12:00,SYNTHETIC,28650,761,3000,2239,25.4,28.3,13.2,26,28.0,76.9,62,,358,0,-27.59215,-48.53259,Florianópolis,parked,low_fuel,2500,25.4
TLM03686,CUST0369,VEH0069,CONTR0369,2026-09-03T13:24:00,SYNTHETIC,28950,1201,3000,1799,40.0,43.4,23.9,22,33.1,121.7,20,,115,0,-27.63085,-48.55141,Florianópolis,moving,low_fuel,2500,40.0
TLM03687,CUST0369,VEH0069,CONTR0369,2026-09-10T15:04:00,SYNTHETIC,29203,1015,3000,1985,33.8,55.4,19.4,23,21.0,105.8,94,,544,0,-27.53782,-48.62704,Florianópolis,parked,none,1500,33.8
TLM03688,CUST0369,VEH0069,CONTR0369,2026-09-17T22:57:00,SYNTHETIC,29513,1243,3000,1757,41.4,28.5,33.8,16,71.3,123.7,34,,196,0,-27.54843,-48.65448,Florianópolis,charging,low_fuel,4000,41.4
TLM03689,CUST0369,VEH0069,CONTR0369,2026-09-24T20:06:00,SYNTHETIC,29806,1173,3000,1827,39.1,56.3,49.3,10,52.6,117.4,77,,445,0,-27.55842,-48.59491,Florianópolis,parked,maintenance,350,39.1
TLM03690,CUST0369,VEH0069,CONTR0369,2026-10-01T19:51:00,SYNTHETIC,30005,796,3000,2204,26.5,43.8,45.2,8,61.9,71.8,42,,243,0,-27.55168,-48.63794,Florianópolis,moving,none,4000,26.5
TLM03691,CUST0370,VEH0070,CONTR0370,2026-07-30T20:30:00,SYNTHETIC,27380,714,800,86,89.2,42.1,8.3,39,11.9,43.4,66,,316,0,-15.85457,-47.93461,Brasília,parked,maintenance,4000,89.2
TLM03692,CUST0370,VEH0070,CONTR0370,2026-08-06T08:34:00,SYNTHETIC,27497,470,800,330,58.8,45.5,12.5,17,16.5,32.3,65,,311,0,-15.89991,-47.91987,Brasília,parked,low_fuel,1500,58.8
TLM03693,CUST0370,VEH0070,CONTR0370,2026-08-13T06:58:00,SYNTHETIC,27654,629,800,171,78.6,36.3,28.2,10,46.7,37.9,22,,105,0,-15.87735,-47.9124,Brasília,parked,none,350,78.6
TLM03694,CUST0370,VEH0070,CONTR0370,2026-08-20T09:54:00,SYNTHETIC,27787,534,800,266,66.8,41.5,46.6,5,67.5,38.4,93,,445,0,-15.78207,-47.91537,Brasília,charging,none,350,66.8
TLM03695,CUST0370,VEH0070,CONTR0370,2026-08-27T14:46:00,SYNTHETIC,27907,482,800,318,60.2,59.1,32.8,6,33.3,29.5,63,,301,0,-15.80722,-47.93404,Brasília,parked,none,2500,60.2
TLM03696,CUST0370,VEH0070,CONTR0370,2026-09-03T15:05:00,SYNTHETIC,28081,699,800,101,87.4,48.9,50.1,6,61.5,50.0,20,,95,0,-15.88825,-47.80635,Brasília,parked,none,350,87.4
TLM03697,CUST0370,VEH0070,CONTR0370,2026-09-10T18:16:00,SYNTHETIC,28250,678,800,122,84.8,56.4,33.4,9,35.5,47.6,61,,292,0,-15.77762,-47.78893,Brasília,parked,maintenance,350,84.8
TLM03698,CUST0370,VEH0070,CONTR0370,2026-09-17T21:01:00,SYNTHETIC,28491,964,800,0,120.5,45.2,24.9,17,33.1,63.7,33,,158,0,-15.76248,-47.90992,Brasília,moving,none,350,120.5
TLM03699,CUST0370,VEH0070,CONTR0370,2026-09-24T14:59:00,SYNTHETIC,28720,918,800,0,114.8,54.7,35.2,11,38.5,59.2,19,,91,0,-15.78309,-47.7907,Brasília,moving,low_fuel,700,114.8
TLM03700,CUST0370,VEH0070,CONTR0370,2026-10-01T07:21:00,SYNTHETIC,28902,730,800,70,91.2,60.8,13.0,25,12.8,47.2,48,,229,0,-15.79005,-47.78327,Brasília,parked,maintenance,4000,91.2
TLM03701,CUST0371,VEH0071,CONTR0371,2026-07-30T13:23:00,SYNTHETIC,48322,964,2500,1536,38.6,57.9,20.4,21,21.2,91.5,32,,186,0,-22.9365,-43.21097,Rio de Janeiro,parked,none,1500,38.6
TLM03702,CUST0371,VEH0071,CONTR0371,2026-08-06T10:01:00,SYNTHETIC,48660,1354,2500,1146,54.2,45.1,30.4,20,40.4,108.7,39,,227,0,-22.90111,-43.119,Rio de Janeiro,parked,none,700,54.2
TLM03703,CUST0371,VEH0071,CONTR0371,2026-08-13T20:17:00,SYNTHETIC,49095,1743,2500,757,69.7,28.5,11.2,70,23.6,152.0,72,,419,0,-22.91605,-43.08792,Rio de Janeiro,moving,low_fuel,1500,69.7
TLM03704,CUST0371,VEH0071,CONTR0371,2026-08-20T15:39:00,SYNTHETIC,49563,1875,2500,625,75.0,46.9,30.5,27,39.0,152.8,22,,128,0,-22.89603,-43.22442,Rio de Janeiro,parked,low_fuel,350,75.0
TLM03705,CUST0371,VEH0071,CONTR0371,2026-08-27T07:40:00,SYNTHETIC,49922,1436,2500,1064,57.4,41.3,28.0,23,40.7,133.0,37,,215,0,-22.94014,-43.1027,Rio de Janeiro,parked,km_limit,2500,57.4
TLM03706,CUST0371,VEH0071,CONTR0371,2026-09-03T21:07:00,SYNTHETIC,50295,1494,2500,1006,59.8,50.1,47.4,14,56.7,132.2,20,,116,0,-22.80777,-43.18178,Rio de Janeiro,maintenance,low_fuel,1000,59.8
TLM03707,CUST0371,VEH0071,CONTR0371,2026-09-10T15:58:00,SYNTHETIC,50635,1363,2500,1137,54.5,36.7,46.7,13,76.3,114.1,79,,460,0,-22.90008,-43.15459,Rio de Janeiro,parked,low_fuel,1000,54.5
TLM03708,CUST0371,VEH0071,CONTR0371,2026-09-17T11:29:00,SYNTHETIC,50911,1107,2500,1393,44.3,51.4,50.1,10,58.5,95.1,59,,343,0,-22.88489,-43.13631,Rio de Janeiro,parked,none,700,44.3
TLM03709,CUST0371,VEH0071,CONTR0371,2026-09-24T18:27:00,SYNTHETIC,51205,1176,2500,1324,47.0,58.9,28.7,18,29.3,96.3,37,,215,0,-22.81147,-43.1883,Rio de Janeiro,parked,low_fuel,1500,47.0
TLM03710,CUST0371,VEH0071,CONTR0371,2026-10-01T15:21:00,SYNTHETIC,51639,1736,2500,764,69.4,32.4,48.2,16,89.4,158.8,52,,303,0,-22.86473,-43.12581,Rio de Janeiro,moving,low_fuel,1500,69.4
TLM03711,CUST0372,VEH0072,CONTR0372,2026-07-30T15:22:00,SYNTHETIC,9059,474,1000,526,47.4,33.3,10.9,19,19.7,41.2,64,,364,0,-22.86216,-47.08425,Campinas,maintenance,none,1500,47.4
TLM03712,CUST0372,VEH0072,CONTR0372,2026-08-06T12:22:00,SYNTHETIC,9134,301,1000,699,30.1,61.3,12.7,10,12.4,25.9,57,,324,0,-22.944,-47.0341,Campinas,moving,none,4000,30.1
TLM03713,CUST0372,VEH0072,CONTR0372,2026-08-13T21:42:00,SYNTHETIC,9206,289,1000,711,28.9,53.9,35.3,3,39.3,27.4,68,,387,0,-22.94705,-47.01968,Campinas,parked,low_fuel,1000,28.9
TLM03714,CUST0372,VEH0072,CONTR0372,2026-08-20T09:12:00,SYNTHETIC,9320,456,1000,544,45.6,61.1,53.9,3,53.0,44.1,93,,530,0,-22.96878,-47.01476,Campinas,parked,none,2500,45.6
TLM03715,CUST0372,VEH0072,CONTR0372,2026-08-27T15:56:00,SYNTHETIC,9387,270,1000,730,27.0,48.8,50.1,2,61.6,25.3,76,,433,0,-22.99176,-46.96839,Campinas,parked,none,350,27.0
TLM03716,CUST0372,VEH0072,CONTR0372,2026-09-03T14:10:00,SYNTHETIC,9509,490,1000,510,49.0,31.7,24.6,9,46.7,41.3,23,,131,0,-22.91821,-47.09835,Campinas,parked,none,1000,49.0
TLM03717,CUST0372,VEH0072,CONTR0372,2026-09-10T20:56:00,SYNTHETIC,9639,523,1000,477,52.3,59.3,22.6,10,22.8,48.1,23,,131,0,-22.90401,-47.11282,Campinas,parked,none,1500,52.3
TLM03718,CUST0372,VEH0072,CONTR0372,2026-09-17T08:03:00,SYNTHETIC,9765,505,1000,495,50.5,48.6,44.5,5,54.9,42.4,62,,353,0,-23.00115,-47.02393,Campinas,moving,none,350,50.5
TLM03719,CUST0372,VEH0072,CONTR0372,2026-09-24T16:25:00,SYNTHETIC,9844,317,1000,683,31.7,29.2,28.5,5,58.6,27.1,16,,91,0,-22.91548,-47.09308,Campinas,parked,km_limit,4000,31.7
TLM03720,CUST0372,VEH0072,CONTR0372,2026-10-01T18:51:00,SYNTHETIC,9955,445,1000,555,44.5,46.8,46.9,4,60.1,40.5,63,,359,0,-22.93478,-46.9986,Campinas,parked,none,700,44.5
TLM03721,CUST0373,VEH0073,CONTR0373,2026-07-30T21:05:00,SYNTHETIC,18335,672,1000,328,67.2,36.4,42.6,7,70.2,65.3,44,,230,0,-22.95625,-43.20351,Rio de Janeiro,charging,maintenance,2500,67.2
TLM03722,CUST0373,VEH0073,CONTR0373,2026-08-06T14:46:00,SYNTHETIC,18522,748,1000,252,74.8,52.5,20.3,16,23.2,74.6,18,,94,0,-22.93943,-43.22817,Rio de Janeiro,parked,low_fuel,1500,74.8
TLM03723,CUST0373,VEH0073,CONTR0373,2026-08-13T15:45:00,SYNTHETIC,18770,994,1000,6,99.4,34.9,50.4,8,86.7,97.5,23,,120,0,-22.88459,-43.13561,Rio de Janeiro,parked,km_limit,1500,99.4
TLM03724,CUST0373,VEH0073,CONTR0373,2026-08-20T14:15:00,SYNTHETIC,19081,1246,1000,0,124.6,58.9,48.7,11,49.7,118.5,51,,266,0,-22.91124,-43.15266,Rio de Janeiro,parked,km_limit,4000,124.6
TLM03725,CUST0373,VEH0073,CONTR0373,2026-08-27T16:52:00,SYNTHETIC,19296,863,1000,137,86.3,55.1,52.5,7,57.2,84.3,35,,183,0,-22.90332,-43.10009,Rio de Janeiro,parked,none,4000,86.3
TLM03726,CUST0373,VEH0073,CONTR0373,2026-09-03T06:46:00,SYNTHETIC,19560,1058,1000,0,105.8,34.1,51.4,9,90.5,99.2,59,,308,0,-22.89626,-43.20136,Rio de Janeiro,moving,none,4000,105.8
TLM03727,CUST0373,VEH0073,CONTR0373,2026-09-10T22:20:00,SYNTHETIC,19713,612,1000,388,61.2,38.2,35.0,7,54.9,58.7,29,,151,0,-22.87243,-43.18661,Rio de Janeiro,parked,km_limit,1500,61.2
TLM03728,CUST0373,VEH0073,CONTR0373,2026-09-17T10:47:00,SYNTHETIC,20025,1248,1000,0,124.8,29.1,23.0,24,47.4,127.2,84,,439,0,-22.93148,-43.21781,Rio de Janeiro,parked,km_limit,1500,124.8
TLM03729,CUST0373,VEH0073,CONTR0373,2026-09-24T10:41:00,SYNTHETIC,20221,787,1000,213,78.7,39.5,17.8,20,27.1,83.7,16,,83,0,-22.94503,-43.18989,Rio de Janeiro,moving,low_fuel,350,78.7
TLM03730,CUST0373,VEH0073,CONTR0373,2026-10-01T21:42:00,SYNTHETIC,20436,862,1000,138,86.2,50.4,48.5,8,57.7,82.2,41,,214,0,-22.88104,-43.22921,Rio de Janeiro,parked,low_fuel,1500,86.2
TLM03731,CUST0374,VEH0074,CONTR0374,2026-07-30T09:04:00,SYNTHETIC,26141,1670,1500,0,111.3,46.0,63.7,11,83.0,147.0,30,,184,0,-22.92727,-47.13504,Campinas,moving,none,700,111.3
TLM03732,CUST0374,VEH0074,CONTR0374,2026-08-06T09:21:00,SYNTHETIC,26518,1510,1500,0,100.7,46.9,35.3,19,45.1,135.0,87,,535,0,-22.98461,-47.08595,Campinas,moving,none,4000,100.7
TLM03733,CUST0374,VEH0074,CONTR0374,2026-08-13T12:22:00,SYNTHETIC,26900,1531,1500,0,102.1,44.8,44.3,15,59.3,116.0,23,,141,0,-22.85509,-47.0475,Campinas,parked,none,700,102.1
TLM03734,CUST0374,VEH0074,CONTR0374,2026-08-20T19:10:00,SYNTHETIC,27230,1323,1500,177,88.2,29.9,31.2,19,62.7,116.7,83,,511,0,-22.88301,-47.07712,Campinas,parked,none,700,88.2
TLM03735,CUST0374,VEH0074,CONTR0374,2026-08-27T10:00:00,SYNTHETIC,27828,2393,1500,0,159.5,34.8,59.6,18,102.9,212.5,70,,431,0,-22.8954,-47.05593,Campinas,parked,low_fuel,350,159.5
TLM03736,CUST0374,VEH0074,CONTR0374,2026-09-03T21:30:00,SYNTHETIC,28287,1836,1500,0,122.4,46.1,55.9,14,72.7,151.5,52,,320,0,-22.94558,-47.10423,Campinas,parked,low_fuel,700,122.4
TLM03737,CUST0374,VEH0074,CONTR0374,2026-09-10T18:24:00,SYNTHETIC,28753,1865,1500,0,124.3,32.7,53.9,15,99.1,152.8,60,,369,0,-22.89991,-47.13794,Campinas,parked,low_fuel,350,124.3
TLM03738,CUST0374,VEH0074,CONTR0374,2026-09-17T14:18:00,SYNTHETIC,29100,1391,1500,109,92.7,52.9,28.9,21,32.7,123.5,65,,400,0,-22.98586,-47.10885,Campinas,parked,none,2500,92.7
TLM03739,CUST0374,VEH0074,CONTR0374,2026-09-24T06:10:00,SYNTHETIC,29477,1509,1500,0,100.6,54.0,13.6,50,15.1,120.6,84,,517,0,-22.93657,-47.01966,Campinas,moving,none,1000,100.6
TLM03740,CUST0374,VEH0074,CONTR0374,2026-10-01T11:14:00,SYNTHETIC,29791,1259,1500,241,83.9,52.4,51.5,11,59.0,94.2,46,,283,0,-22.8889,-47.0362,Campinas,parked,none,1500,83.9
TLM03741,CUST0375,VEH0075,CONTR0375,2026-07-30T20:47:00,SYNTHETIC,27702,781,1200,419,65.1,50.4,26.9,13,32.1,0.0,,70,189,3,-22.86934,-43.08812,Rio de Janeiro,parked,none,4000,65.1
TLM03742,CUST0375,VEH0075,CONTR0375,2026-08-06T12:01:00,SYNTHETIC,27958,1027,1200,173,85.6,50.0,20.3,23,24.3,0.0,,62,175,4,-22.99859,-43.11272,Rio de Janeiro,parked,battery_low,1000,85.6
TLM03743,CUST0375,VEH0075,CONTR0375,2026-08-13T15:57:00,SYNTHETIC,28294,1344,1200,0,112.0,54.0,53.4,11,59.4,0.0,,87,238,4,-22.93201,-43.08151,Rio de Janeiro,parked,battery_low,350,112.0
TLM03744,CUST0375,VEH0075,CONTR0375,2026-08-20T13:45:00,SYNTHETIC,28531,950,1200,250,79.2,31.4,16.3,26,31.1,0.0,,76,200,2,-22.92986,-43.20968,Rio de Janeiro,parked,none,1000,79.2
TLM03745,CUST0375,VEH0075,CONTR0375,2026-08-27T16:01:00,SYNTHETIC,28770,956,1200,244,79.7,51.4,45.9,9,53.6,0.0,,76,222,7,-22.92619,-43.05788,Rio de Janeiro,parked,none,350,79.7
TLM03746,CUST0375,VEH0075,CONTR0375,2026-09-03T19:05:00,SYNTHETIC,28944,697,1200,503,58.1,41.1,37.4,8,54.5,0.0,,70,177,5,-22.84746,-43.1487,Rio de Janeiro,parked,none,4000,58.1
TLM03747,CUST0375,VEH0075,CONTR0375,2026-09-10T09:41:00,SYNTHETIC,29187,972,1200,228,81.0,57.2,42.0,10,44.1,0.0,,42,113,4,-22.88577,-43.20578,Rio de Janeiro,parked,none,1500,81.0
TLM03748,CUST0375,VEH0075,CONTR0375,2026-09-17T18:03:00,SYNTHETIC,29354,671,1200,529,55.9,53.6,18.7,16,21.0,0.0,,80,221,8,-22.99809,-43.07494,Rio de Janeiro,parked,none,700,55.9
TLM03749,CUST0375,VEH0075,CONTR0375,2026-09-24T09:37:00,SYNTHETIC,29663,1236,1200,0,103.0,28.3,31.2,18,66.2,0.0,,38,102,3,-22.96475,-43.10772,Rio de Janeiro,parked,maintenance,2500,103.0
TLM03750,CUST0375,VEH0075,CONTR0375,2026-10-01T21:56:00,SYNTHETIC,29858,781,1200,419,65.1,30.8,10.7,33,20.8,0.0,,53,147,1,-22.9026,-43.20063,Rio de Janeiro,moving,maintenance,2500,65.1
TLM03751,CUST0376,VEH0076,CONTR0376,2026-07-30T07:33:00,SYNTHETIC,18470,2858,2500,0,114.3,60.5,28.8,45,28.6,123.3,68,,667,2,-3.72332,-38.54073,Fortaleza,parked,maintenance,152,114.3
TLM03752,CUST0376,VEH0076,CONTR0376,2026-08-06T13:10:00,SYNTHETIC,19141,2686,2500,0,107.4,32.3,12.4,98,23.1,121.5,26,,255,1,-3.71063,-38.46594,Fortaleza,maintenance,maintenance,451,107.4
TLM03753,CUST0376,VEH0076,CONTR0376,2026-08-13T20:57:00,SYNTHETIC,19661,2081,2500,419,83.2,42.8,44.9,21,62.9,84.6,77,,756,0,-3.74595,-38.5717,Fortaleza,moving,none,205,83.2
TLM03754,CUST0376,VEH0076,CONTR0376,2026-08-20T13:31:00,SYNTHETIC,20064,1615,2500,885,64.6,61.0,42.4,17,41.7,74.2,69,,677,0,-3.7246,-38.55188,Fortaleza,moving,maintenance,275,64.6
TLM03755,CUST0376,VEH0076,CONTR0376,2026-08-27T09:29:00,SYNTHETIC,20634,2282,2500,218,91.3,32.3,27.4,37,50.9,108.9,95,,932,1,-3.76517,-38.59576,Fortaleza,moving,none,296,91.3
TLM03756,CUST0376,VEH0076,CONTR0376,2026-09-03T16:01:00,SYNTHETIC,21211,2310,2500,190,92.4,34.6,14.4,72,25.0,94.1,39,,382,1,-3.76224,-38.56574,Fortaleza,moving,low_fuel,219,92.4
TLM03757,CUST0376,VEH0076,CONTR0376,2026-09-10T15:27:00,SYNTHETIC,21761,2203,2500,297,88.1,61.7,26.4,37,25.6,100.4,79,,775,1,-3.68031,-38.56233,Fortaleza,moving,none,328,88.1
TLM03758,CUST0376,VEH0076,CONTR0376,2026-09-17T09:48:00,SYNTHETIC,22167,1624,2500,876,65.0,45.5,49.6,14,65.3,79.2,42,,412,2,-3.77195,-38.55827,Fortaleza,moving,none,437,65.0
TLM03759,CUST0376,VEH0076,CONTR0376,2026-09-24T16:04:00,SYNTHETIC,22748,2325,2500,175,93.0,44.6,29.1,36,39.1,109.8,59,,579,0,-3.75901,-38.4888,Fortaleza,parked,none,493,93.0
TLM03760,CUST0376,VEH0076,CONTR0376,2026-10-01T13:34:00,SYNTHETIC,23115,1469,2500,1031,58.8,52.0,26.4,25,30.5,67.7,94,,923,2,-3.71383,-38.56842,Fortaleza,parked,low_fuel,453,58.8
TLM03761,CUST0377,VEH0077,CONTR0377,2026-07-30T08:01:00,SYNTHETIC,70009,2115,2500,385,84.6,33.6,42.5,22,75.8,0.0,,91,250,3,-12.98142,-38.45159,Salvador,parked,battery_low,1000,84.6
TLM03762,CUST0377,VEH0077,CONTR0377,2026-08-06T11:45:00,SYNTHETIC,70577,2273,2500,227,90.9,61.2,36.4,28,35.7,0.0,,82,211,6,-12.92552,-38.43557,Salvador,parked,km_limit,1000,90.9
TLM03763,CUST0377,VEH0077,CONTR0377,2026-08-13T15:54:00,SYNTHETIC,71158,2325,2500,175,93.0,58.3,17.4,60,17.9,0.0,,73,188,7,-13.03406,-38.43787,Salvador,parked,none,1500,93.0
TLM03764,CUST0377,VEH0077,CONTR0377,2026-08-20T14:02:00,SYNTHETIC,71681,2094,2500,406,83.8,47.9,50.2,18,62.9,0.0,,39,102,0,-12.94969,-38.53656,Salvador,parked,none,350,83.8
TLM03765,CUST0377,VEH0077,CONTR0377,2026-08-27T08:42:00,SYNTHETIC,72225,2179,2500,321,87.2,51.3,51.1,19,59.8,0.0,,87,215,2,-13.04753,-38.51226,Salvador,moving,none,350,87.2
TLM03766,CUST0377,VEH0077,CONTR0377,2026-09-03T20:33:00,SYNTHETIC,72758,2134,2500,366,85.4,56.6,30.6,31,32.4,0.0,,59,153,8,-12.96139,-38.41775,Salvador,moving,battery_low,1500,85.4
TLM03767,CUST0377,VEH0077,CONTR0377,2026-09-10T15:55:00,SYNTHETIC,73324,2264,2500,236,90.6,44.7,41.9,24,56.2,0.0,,70,181,7,-12.95344,-38.50254,Salvador,charging,none,350,90.6
TLM03768,CUST0377,VEH0077,CONTR0377,2026-09-17T17:06:00,SYNTHETIC,73863,2156,2500,344,86.2,50.0,36.0,27,43.2,0.0,,73,193,2,-13.04593,-38.43819,Salvador,charging,battery_low,700,86.2
TLM03769,CUST0377,VEH0077,CONTR0377,2026-09-24T19:34:00,SYNTHETIC,74431,2275,2500,225,91.0,34.9,12.5,82,21.5,0.0,,88,235,6,-12.89386,-38.41864,Salvador,parked,maintenance,1500,91.0
TLM03770,CUST0377,VEH0077,CONTR0377,2026-10-01T10:16:00,SYNTHETIC,74932,2006,2500,494,80.2,35.8,52.2,17,87.5,0.0,,67,162,3,-13.03424,-38.53223,Salvador,moving,none,350,80.2
TLM03771,CUST0378,VEH0078,CONTR0378,2026-07-30T15:38:00,SYNTHETIC,64091,4119,3000,0,137.3,40.7,10.7,175,15.7,326.2,42,,336,1,-27.62869,-48.52591,Florianópolis,moving,low_fuel,700,137.3
TLM03772,CUST0378,VEH0078,CONTR0378,2026-08-06T11:48:00,SYNTHETIC,65116,4100,3000,0,136.7,53.6,26.5,70,29.6,317.6,18,,144,2,-27.5735,-48.51941,Florianópolis,moving,low_fuel,1000,136.7
TLM03773,CUST0378,VEH0078,CONTR0378,2026-08-13T20:26:00,SYNTHETIC,65753,2548,3000,452,84.9,45.7,26.8,43,35.1,188.0,23,,184,0,-27.60991,-48.5715,Florianópolis,parked,low_fuel,4000,84.9
TLM03774,CUST0378,VEH0078,CONTR0378,2026-08-20T09:22:00,SYNTHETIC,66749,3986,3000,0,132.9,34.7,20.7,87,35.8,286.8,23,,184,1,-27.56989,-48.44635,Florianópolis,parked,none,4000,132.9
TLM03775,CUST0378,VEH0078,CONTR0378,2026-08-27T17:15:00,SYNTHETIC,67564,3263,3000,0,108.8,51.3,20.9,70,24.5,259.2,88,,705,2,-27.53168,-48.58525,Florianópolis,parked,low_fuel,4000,108.8
TLM03776,CUST0378,VEH0078,CONTR0378,2026-09-03T06:55:00,SYNTHETIC,68544,3922,3000,0,130.7,29.1,43.5,40,89.8,297.2,20,,160,1,-27.6604,-48.57923,Florianópolis,parked,low_fuel,350,130.7
TLM03777,CUST0378,VEH0078,CONTR0378,2026-09-10T08:13:00,SYNTHETIC,69016,1888,3000,1112,62.9,41.8,18.3,46,26.3,151.7,77,,617,2,-27.64063,-48.49451,Florianópolis,moving,none,700,62.9
TLM03778,CUST0378,VEH0078,CONTR0378,2026-09-17T08:48:00,SYNTHETIC,69638,2490,3000,510,83.0,49.3,12.1,93,14.7,186.3,76,,609,1,-27.61161,-48.45469,Florianópolis,parked,low_fuel,700,83.0
TLM03779,CUST0378,VEH0078,CONTR0378,2026-09-24T09:02:00,SYNTHETIC,70627,3956,3000,0,131.9,55.7,41.6,43,44.8,283.1,33,,264,2,-27.55796,-48.51667,Florianópolis,parked,none,2500,131.9
TLM03780,CUST0378,VEH0078,CONTR0378,2026-10-01T21:43:00,SYNTHETIC,71235,2433,3000,567,81.1,54.1,10.0,110,11.1,175.8,26,,208,1,-27.59767,-48.55812,Florianópolis,moving,none,1000,81.1
TLM03781,CUST0379,VEH0079,CONTR0379,2026-07-30T19:44:00,SYNTHETIC,41268,1495,1000,0,149.5,50.5,56.2,12,66.7,135.7,64,,409,0,-12.97561,-38.4602,Salvador,moving,maintenance,350,149.5
TLM03782,CUST0379,VEH0079,CONTR0379,2026-08-06T19:49:00,SYNTHETIC,41567,1199,1000,0,119.9,33.8,14.2,38,25.1,110.6,21,,134,0,-12.99744,-38.53543,Salvador,parked,none,1500,119.9
TLM03783,CUST0379,VEH0079,CONTR0379,2026-08-13T20:07:00,SYNTHETIC,41981,1657,1000,0,165.7,43.0,32.7,23,45.6,165.4,74,,473,0,-13.05016,-38.46946,Salvador,parked,low_fuel,350,165.7
TLM03784,CUST0379,VEH0079,CONTR0379,2026-08-20T21:00:00,SYNTHETIC,42229,995,1000,5,99.5,51.6,65.8,6,76.5,100.0,78,,499,0,-12.97209,-38.44116,Salvador,parked,low_fuel,1500,99.5
TLM03785,CUST0379,VEH0079,CONTR0379,2026-08-27T14:19:00,SYNTHETIC,42431,808,1000,192,80.8,32.3,50.9,7,94.5,78.0,69,,441,0,-13.02474,-38.49071,Salvador,maintenance,low_fuel,700,80.8
TLM03786,CUST0379,VEH0079,CONTR0379,2026-09-03T22:40:00,SYNTHETIC,42704,1092,1000,0,109.2,34.7,54.4,9,94.1,93.6,92,,588,0,-12.95788,-38.49429,Salvador,parked,km_limit,2500,109.2
TLM03787,CUST0379,VEH0079,CONTR0379,2026-09-10T19:34:00,SYNTHETIC,42976,1088,1000,0,108.8,58.5,30.6,16,31.4,104.7,91,,582,0,-12.97534,-38.42971,Salvador,moving,low_fuel,350,108.8
TLM03788,CUST0379,VEH0079,CONTR0379,2026-09-17T10:10:00,SYNTHETIC,43340,1458,1000,0,145.8,44.5,26.1,25,35.1,144.4,37,,236,0,-13.01814,-38.42406,Salvador,parked,none,350,145.8
TLM03789,CUST0379,VEH0079,CONTR0379,2026-09-24T15:20:00,SYNTHETIC,43658,1275,1000,0,127.5,50.0,21.8,26,26.1,118.0,77,,492,0,-13.00117,-38.45052,Salvador,parked,none,2500,127.5
TLM03790,CUST0379,VEH0079,CONTR0379,2026-10-01T06:58:00,SYNTHETIC,43939,1126,1000,0,112.6,28.1,17.6,29,37.5,112.3,68,,435,0,-12.99779,-38.5259,Salvador,moving,none,1000,112.6
TLM03791,CUST0380,VEH0080,CONTR0380,2026-07-30T13:44:00,SYNTHETIC,50463,444,800,356,55.5,40.6,18.7,10,27.6,34.8,68,,417,0,-3.66763,-38.48991,Fortaleza,moving,none,1500,55.5
TLM03792,CUST0380,VEH0080,CONTR0380,2026-08-06T15:49:00,SYNTHETIC,50530,268,800,532,33.5,58.8,24.1,5,24.6,23.8,71,,435,0,-3.70405,-38.50134,Fortaleza,parked,none,700,33.5
TLM03793,CUST0380,VEH0080,CONTR0380,2026-08-13T10:51:00,SYNTHETIC,50590,242,800,558,30.2,55.5,18.4,5,19.9,20.2,15,,92,0,-3.68641,-38.52649,Fortaleza,parked,maintenance,700,30.2
TLM03794,CUST0380,VEH0080,CONTR0380,2026-08-20T19:17:00,SYNTHETIC,50643,215,800,585,26.9,29.7,18.5,5,37.4,18.3,82,,503,0,-3.77716,-38.53329,Fortaleza,parked,low_fuel,4000,26.9
TLM03795,CUST0380,VEH0080,CONTR0380,2026-08-27T12:15:00,SYNTHETIC,50730,348,800,452,43.5,56.5,36.0,4,38.3,30.0,43,,264,0,-3.71439,-38.49095,Fortaleza,parked,low_fuel,2500,43.5
TLM03796,CUST0380,VEH0080,CONTR0380,2026-09-03T22:09:00,SYNTHETIC,50831,404,800,396,50.5,46.8,16.3,11,20.9,35.7,66,,405,0,-3.73999,-38.58722,Fortaleza,parked,maintenance,2500,50.5
TLM03797,CUST0380,VEH0080,CONTR0380,2026-09-10T10:15:00,SYNTHETIC,50915,338,800,462,42.2,52.5,53.4,2,61.0,26.3,63,,386,0,-3.74205,-38.52828,Fortaleza,parked,none,1000,42.2
TLM03798,CUST0380,VEH0080,CONTR0380,2026-09-17T17:08:00,SYNTHETIC,51002,350,800,450,43.8,52.2,36.2,4,41.6,29.5,77,,472,0,-3.77703,-38.51028,Fortaleza,moving,low_fuel,700,43.8
TLM03799,CUST0380,VEH0080,CONTR0380,2026-09-24T11:38:00,SYNTHETIC,51110,435,800,365,54.4,36.7,50.8,3,83.1,36.1,40,,245,0,-3.64988,-38.48206,Fortaleza,parked,none,700,54.4
TLM03800,CUST0380,VEH0080,CONTR0380,2026-10-01T19:11:00,SYNTHETIC,51163,212,800,588,26.5,41.4,13.5,7,19.6,18.7,67,,411,0,-3.70973,-38.46314,Fortaleza,parked,low_fuel,4000,26.5
TLM03801,CUST0381,VEH0081,CONTR0381,2026-07-30T13:44:00,SYNTHETIC,63286,2270,1800,0,126.1,61.4,61.5,16,60.1,247.6,67,,399,0,-8.01501,-34.97428,Recife,maintenance,low_fuel,1500,126.1
TLM03802,CUST0381,VEH0081,CONTR0381,2026-08-06T13:13:00,SYNTHETIC,64093,3231,1800,0,179.5,29.5,51.2,28,104.0,345.3,70,,417,0,-8.10601,-34.95183,Recife,parked,low_fuel,2500,179.5
TLM03803,CUST0381,VEH0081,CONTR0381,2026-08-13T13:15:00,SYNTHETIC,64471,1513,1800,287,84.1,42.4,72.6,9,102.6,152.0,30,,178,0,-8.08706,-34.82889,Recife,parked,low_fuel,350,84.1
TLM03804,CUST0381,VEH0081,CONTR0381,2026-08-20T19:48:00,SYNTHETIC,65057,2345,1800,0,130.3,41.2,15.3,69,22.2,255.6,92,,548,0,-8.04834,-34.95248,Recife,parked,maintenance,350,130.3
TLM03805,CUST0381,VEH0081,CONTR0381,2026-08-27T12:38:00,SYNTHETIC,65425,1474,1800,326,81.9,36.1,32.2,20,53.5,158.6,48,,286,0,-8.02317,-34.91019,Recife,moving,km_limit,1500,81.9
TLM03806,CUST0381,VEH0081,CONTR0381,2026-09-03T15:53:00,SYNTHETIC,65965,2160,1800,0,120.0,51.8,29.5,33,34.1,210.9,32,,190,0,-8.07503,-34.88259,Recife,parked,low_fuel,2500,120.0
TLM03807,CUST0381,VEH0081,CONTR0381,2026-09-10T19:57:00,SYNTHETIC,66563,2394,1800,0,133.0,57.7,8.6,125,9.0,263.2,90,,536,0,-8.00141,-34.87432,Recife,moving,km_limit,2500,133.0
TLM03808,CUST0381,VEH0081,CONTR0381,2026-09-17T14:39:00,SYNTHETIC,67240,2709,1800,0,150.5,37.1,60.8,20,98.4,321.9,17,,101,0,-8.1067,-34.9058,Recife,parked,none,1000,150.5
TLM03809,CUST0381,VEH0081,CONTR0381,2026-09-24T18:53:00,SYNTHETIC,67700,1843,1800,0,102.4,52.5,40.4,20,46.1,190.4,51,,303,0,-8.0643,-34.89587,Recife,moving,none,1000,102.4
TLM03810,CUST0381,VEH0081,CONTR0381,2026-10-01T10:10:00,SYNTHETIC,68086,1547,1800,253,85.9,45.0,68.8,10,91.8,170.9,71,,423,0,-8.08867,-34.91764,Recife,parked,none,1500,85.9
TLM03811,CUST0382,VEH0082,CONTR0382,2026-07-30T10:31:00,SYNTHETIC,55119,1846,1200,0,153.8,30.9,73.6,11,143.0,173.0,45,,250,0,-3.83469,-38.57224,Fortaleza,parked,none,350,153.8
TLM03812,CUST0382,VEH0082,CONTR0382,2026-08-06T19:44:00,SYNTHETIC,55376,1029,1200,171,85.8,56.8,63.8,7,67.4,94.1,93,,518,0,-3.74639,-38.50885,Fortaleza,parked,low_fuel,1500,85.8
TLM03813,CUST0382,VEH0082,CONTR0382,2026-08-13T06:07:00,SYNTHETIC,55888,2049,1200,0,170.8,31.7,31.8,29,60.2,189.7,63,,350,0,-3.68757,-38.56335,Fortaleza,parked,maintenance,4000,170.8
TLM03814,CUST0382,VEH0082,CONTR0382,2026-08-20T18:39:00,SYNTHETIC,56174,1145,1200,55,95.4,60.5,10.6,49,10.5,95.6,15,,83,0,-3.69908,-38.50109,Fortaleza,parked,none,350,95.4
TLM03815,CUST0382,VEH0082,CONTR0382,2026-08-27T11:55:00,SYNTHETIC,56702,2115,1200,0,176.2,40.4,66.6,14,98.8,176.7,87,,484,0,-3.81349,-38.60453,Fortaleza,moving,low_fuel,700,176.2
TLM03816,CUST0382,VEH0082,CONTR0382,2026-09-03T15:17:00,SYNTHETIC,57228,2106,1200,0,175.5,39.5,22.1,43,33.6,168.0,53,,295,0,-3.71378,-38.61554,Fortaleza,parked,maintenance,4000,175.5
TLM03817,CUST0382,VEH0082,CONTR0382,2026-09-10T12:03:00,SYNTHETIC,57641,1653,1200,0,137.8,40.7,13.7,54,20.3,141.0,87,,484,0,-3.79832,-38.63321,Fortaleza,parked,none,2500,137.8
TLM03818,CUST0382,VEH0082,CONTR0382,2026-09-17T08:00:00,SYNTHETIC,57979,1355,1200,0,112.9,59.0,40.0,15,40.6,113.3,70,,389,0,-3.70215,-38.51431,Fortaleza,moving,none,2500,112.9
TLM03819,CUST0382,VEH0082,CONTR0382,2026-09-24T22:41:00,SYNTHETIC,58493,2057,1200,0,171.4,50.1,12.3,75,14.7,164.6,77,,428,0,-3.81838,-38.57333,Fortaleza,moving,none,1000,171.4
TLM03820,CUST0382,VEH0082,CONTR0382,2026-10-01T14:20:00,SYNTHETIC,58739,987,1200,213,82.2,40.8,60.7,7,89.3,80.5,82,,456,0,-3.8153,-38.57534,Fortaleza,maintenance,none,700,82.2
TLM03821,CUST0383,VEH0083,CONTR0383,2026-07-30T06:49:00,SYNTHETIC,73371,1149,1200,51,95.8,53.8,49.6,10,55.3,102.7,79,,426,0,-25.42484,-49.23297,Curitiba,moving,none,2500,95.8
TLM03822,CUST0383,VEH0083,CONTR0383,2026-08-06T09:36:00,SYNTHETIC,73566,781,1200,419,65.1,45.1,8.3,42,11.1,69.6,21,,113,0,-25.51217,-49.21695,Curitiba,moving,none,2500,65.1
TLM03823,CUST0383,VEH0083,CONTR0383,2026-08-13T08:35:00,SYNTHETIC,73878,1249,1200,0,104.1,46.6,42.5,13,54.7,114.6,68,,367,0,-25.3718,-49.2778,Curitiba,moving,none,1000,104.1
TLM03824,CUST0383,VEH0083,CONTR0383,2026-08-20T11:57:00,SYNTHETIC,74226,1394,1200,0,116.2,46.5,52.1,12,67.2,125.4,54,,291,0,-25.44759,-49.18626,Curitiba,moving,none,1500,116.2
TLM03825,CUST0383,VEH0083,CONTR0383,2026-08-27T18:09:00,SYNTHETIC,74591,1460,1200,0,121.7,36.6,28.4,23,46.6,134.0,19,,102,0,-25.49151,-49.18411,Curitiba,parked,km_limit,1000,121.7
TLM03826,CUST0383,VEH0083,CONTR0383,2026-09-03T18:55:00,SYNTHETIC,74765,699,1200,501,58.2,40.6,54.8,5,81.0,64.9,54,,291,0,-25.51023,-49.31969,Curitiba,moving,low_fuel,1000,58.2
TLM03827,CUST0383,VEH0083,CONTR0383,2026-09-10T18:40:00,SYNTHETIC,75106,1365,1200,0,113.8,58.9,39.0,15,39.7,130.2,57,,307,0,-25.46752,-49.26119,Curitiba,parked,km_limit,350,113.8
TLM03828,CUST0383,VEH0083,CONTR0383,2026-09-17T17:41:00,SYNTHETIC,75448,1371,1200,0,114.2,56.2,7.4,83,7.9,121.3,17,,91,0,-25.4679,-49.24813,Curitiba,moving,low_fuel,2500,114.2
TLM03829,CUST0383,VEH0083,CONTR0383,2026-09-24T15:31:00,SYNTHETIC,75725,1111,1200,89,92.6,47.5,46.5,10,58.7,100.9,46,,248,0,-25.48487,-49.2475,Curitiba,parked,none,2500,92.6
TLM03830,CUST0383,VEH0083,CONTR0383,2026-10-01T18:51:00,SYNTHETIC,76067,1368,1200,0,114.0,29.4,15.3,40,31.3,134.0,25,,135,0,-25.39203,-49.22657,Curitiba,moving,low_fuel,4000,114.0
TLM03831,CUST0384,VEH0084,CONTR0384,2026-07-30T13:10:00,SYNTHETIC,64991,1116,1200,84,93.0,54.6,30.4,16,33.4,68.9,54,,413,0,-22.9783,-43.21417,Rio de Janeiro,parked,low_fuel,1000,93.0
TLM03832,CUST0384,VEH0084,CONTR0384,2026-08-06T09:50:00,SYNTHETIC,65183,771,1200,429,64.2,42.9,26.4,13,37.0,45.5,45,,344,1,-22.95614,-43.08905,Rio de Janeiro,moving,none,1500,64.2
TLM03833,CUST0384,VEH0084,CONTR0384,2026-08-13T06:13:00,SYNTHETIC,65505,1291,1200,0,107.6,61.4,17.9,32,17.5,81.0,62,,474,0,-22.94182,-43.19135,Rio de Janeiro,moving,km_limit,700,107.6
TLM03834,CUST0384,VEH0084,CONTR0384,2026-08-20T18:26:00,SYNTHETIC,65890,1541,1200,0,128.4,45.5,18.9,36,25.0,81.9,61,,467,1,-22.86954,-43.2206,Rio de Janeiro,parked,km_limit,1000,128.4
TLM03835,CUST0384,VEH0084,CONTR0384,2026-08-27T12:34:00,SYNTHETIC,66148,1034,1200,166,86.2,46.8,7.5,62,9.7,61.6,86,,658,2,-22.97268,-43.15099,Rio de Janeiro,parked,none,4000,86.2
TLM03836,CUST0384,VEH0084,CONTR0384,2026-09-03T16:29:00,SYNTHETIC,66535,1550,1200,0,129.2,59.0,47.8,14,48.6,84.4,84,,643,2,-22.90474,-43.13648,Rio de Janeiro,moving,low_fuel,4000,129.2
TLM03837,CUST0384,VEH0084,CONTR0384,2026-09-10T15:56:00,SYNTHETIC,66827,1170,1200,30,97.5,49.1,50.6,10,61.9,70.8,94,,720,2,-22.90633,-43.14291,Rio de Janeiro,parked,low_fuel,350,97.5
TLM03838,CUST0384,VEH0084,CONTR0384,2026-09-17T19:05:00,SYNTHETIC,67088,1047,1200,153,87.2,53.8,37.1,12,41.4,63.2,29,,222,1,-22.84903,-43.1208,Rio de Janeiro,moving,km_limit,1000,87.2
TLM03839,CUST0384,VEH0084,CONTR0384,2026-09-24T18:27:00,SYNTHETIC,67295,828,1200,372,69.0,31.2,6.2,60,11.9,50.4,61,,467,1,-22.9054,-43.16812,Rio de Janeiro,parked,km_limit,700,69.0
TLM03840,CUST0384,VEH0084,CONTR0384,2026-10-01T21:27:00,SYNTHETIC,67548,1015,1200,185,84.6,39.3,44.1,10,67.3,59.5,66,,505,0,-22.92184,-43.12933,Rio de Janeiro,parked,low_fuel,1500,84.6
TLM03841,CUST0385,VEH0085,CONTR0385,2026-07-30T19:11:00,SYNTHETIC,11243,1095,1000,0,109.5,37.6,43.9,11,70.1,79.8,86,,498,0,-15.82239,-47.91797,Brasília,moving,low_fuel,350,109.5
TLM03842,CUST0385,VEH0085,CONTR0385,2026-08-06T22:14:00,SYNTHETIC,11536,1172,1000,0,117.2,31.7,37.8,14,71.6,84.8,64,,371,0,-15.7873,-47.87265,Brasília,parked,maintenance,700,117.2
TLM03843,CUST0385,VEH0085,CONTR0385,2026-08-13T12:22:00,SYNTHETIC,11817,1124,1000,0,112.4,35.0,10.2,49,17.6,86.0,95,,551,0,-15.78296,-47.85618,Brasília,parked,none,700,112.4
TLM03844,CUST0385,VEH0085,CONTR0385,2026-08-20T12:28:00,SYNTHETIC,12087,1082,1000,0,108.2,45.2,29.3,16,38.8,81.7,73,,423,0,-15.82459,-47.95851,Brasília,parked,low_fuel,2500,108.2
TLM03845,CUST0385,VEH0085,CONTR0385,2026-08-27T11:22:00,SYNTHETIC,12386,1199,1000,0,119.9,44.4,24.6,22,33.3,96.4,67,,388,0,-15.76836,-47.93204,Brasília,parked,none,2500,119.9
TLM03846,CUST0385,VEH0085,CONTR0385,2026-09-03T21:19:00,SYNTHETIC,12695,1236,1000,0,123.6,37.3,15.7,35,25.2,91.7,55,,319,0,-15.8495,-47.91503,Brasília,parked,low_fuel,4000,123.6
TLM03847,CUST0385,VEH0085,CONTR0385,2026-09-10T17:26:00,SYNTHETIC,12980,1140,1000,0,114.0,48.7,13.4,38,16.5,92.0,28,,162,0,-15.79727,-47.909,Brasília,parked,km_limit,4000,114.0
TLM03848,CUST0385,VEH0085,CONTR0385,2026-09-17T08:32:00,SYNTHETIC,13261,1126,1000,0,112.6,45.2,17.9,28,23.7,84.9,34,,197,0,-15.84591,-47.93602,Brasília,moving,none,1000,112.6
TLM03849,CUST0385,VEH0085,CONTR0385,2026-09-24T13:19:00,SYNTHETIC,13568,1229,1000,0,122.9,50.5,20.2,27,24.0,94.2,31,,179,0,-15.76438,-47.98565,Brasília,charging,km_limit,2500,122.9
TLM03850,CUST0385,VEH0085,CONTR0385,2026-10-01T09:19:00,SYNTHETIC,13834,1067,1000,0,106.7,43.3,49.6,9,68.7,86.5,63,,365,0,-15.80297,-47.95264,Brasília,moving,maintenance,1000,106.7
TLM03851,CUST0386,VEH0086,CONTR0386,2026-07-30T09:24:00,SYNTHETIC,51755,3762,3000,0,125.4,28.7,46.1,37,96.5,337.6,27,,135,0,-16.66631,-49.2625,Goiânia,moving,km_limit,1000,125.4
TLM03852,CUST0386,VEH0086,CONTR0386,2026-08-06T08:12:00,SYNTHETIC,52717,3850,3000,0,128.3,35.7,29.3,59,49.1,381.9,81,,405,0,-16.73315,-49.20962,Goiânia,parked,none,1000,128.3
TLM03853,CUST0386,VEH0086,CONTR0386,2026-08-13T17:06:00,SYNTHETIC,53179,1851,3000,1149,61.7,28.2,11.5,73,24.4,165.9,28,,140,0,-16.72603,-49.25296,Goiânia,moving,none,4000,61.7
TLM03854,CUST0386,VEH0086,CONTR0386,2026-08-20T12:24:00,SYNTHETIC,54127,3795,3000,0,126.5,50.2,22.0,78,26.3,368.0,84,,420,0,-16.68804,-49.1574,Goiânia,parked,low_fuel,1500,126.5
TLM03855,CUST0386,VEH0086,CONTR0386,2026-08-27T13:57:00,SYNTHETIC,54924,3188,3000,0,106.3,42.5,9.8,147,13.9,314.6,21,,105,0,-16.69262,-49.16872,Goiânia,parked,none,2500,106.3
TLM03856,CUST0386,VEH0086,CONTR0386,2026-09-03T07:29:00,SYNTHETIC,55690,3064,3000,0,102.1,46.0,48.0,29,62.6,293.6,40,,200,0,-16.6274,-49.18429,Goiânia,parked,none,4000,102.1
TLM03857,CUST0386,VEH0086,CONTR0386,2026-09-10T06:16:00,SYNTHETIC,56366,2704,3000,296,90.1,36.5,6.2,199,10.1,224.8,15,,75,0,-16.71867,-49.19451,Goiânia,parked,low_fuel,1500,90.1
TLM03858,CUST0386,VEH0086,CONTR0386,2026-09-17T11:31:00,SYNTHETIC,57174,3234,3000,0,107.8,45.4,47.1,31,62.2,296.0,42,,210,0,-16.67379,-49.24989,Goiânia,parked,none,350,107.8
TLM03859,CUST0386,VEH0086,CONTR0386,2026-09-24T19:39:00,SYNTHETIC,57707,2135,3000,865,71.2,62.0,15.0,64,14.5,184.7,78,,390,0,-16.63875,-49.30083,Goiânia,parked,low_fuel,700,71.2
TLM03860,CUST0386,VEH0086,CONTR0386,2026-10-01T13:22:00,SYNTHETIC,58245,2152,3000,848,71.7,50.1,49.6,19,59.5,191.1,21,,105,0,-16.74215,-49.17537,Goiânia,moving,km_limit,1000,71.7
TLM03861,CUST0387,VEH0087,CONTR0387,2026-07-30T20:56:00,SYNTHETIC,53244,1061,1000,0,106.1,35.0,72.0,6,123.3,110.0,59,,299,0,-8.11653,-34.90738,Recife,parked,maintenance,700,106.1
TLM03862,CUST0387,VEH0087,CONTR0387,2026-08-06T07:40:00,SYNTHETIC,53492,995,1000,5,99.5,50.4,61.6,7,73.4,98.7,52,,263,0,-8.08612,-34.94631,Recife,moving,km_limit,700,99.5
TLM03863,CUST0387,VEH0087,CONTR0387,2026-08-13T08:16:00,SYNTHETIC,53833,1367,1000,0,136.7,52.0,18.4,33,21.3,126.7,16,,81,0,-8.04214,-34.91744,Recife,parked,none,4000,136.7
TLM03864,CUST0387,VEH0087,CONTR0387,2026-08-20T19:23:00,SYNTHETIC,54130,1190,1000,0,119.0,31.1,12.7,42,24.4,118.7,26,,131,0,-8.07972,-34.84147,Recife,charging,none,4000,119.0
TLM03865,CUST0387,VEH0087,CONTR0387,2026-08-27T07:26:00,SYNTHETIC,54577,1790,1000,0,179.0,33.3,32.0,25,57.6,167.1,37,,187,0,-8.12655,-34.83582,Recife,parked,none,1500,179.0
TLM03866,CUST0387,VEH0087,CONTR0387,2026-09-03T12:34:00,SYNTHETIC,54822,983,1000,17,98.3,34.4,25.3,17,44.0,93.1,74,,375,0,-8.0435,-34.90515,Recife,parked,maintenance,2500,98.3
TLM03867,CUST0387,VEH0087,CONTR0387,2026-09-10T14:55:00,SYNTHETIC,55114,1170,1000,0,117.0,58.8,45.5,11,46.5,106.2,23,,116,0,-8.06912,-34.92807,Recife,moving,km_limit,4000,117.0
TLM03868,CUST0387,VEH0087,CONTR0387,2026-09-17T16:27:00,SYNTHETIC,55426,1249,1000,0,124.9,40.1,32.3,17,48.4,112.0,80,,405,0,-8.1146,-34.92612,Recife,parked,low_fuel,2500,124.9
TLM03869,CUST0387,VEH0087,CONTR0387,2026-09-24T10:40:00,SYNTHETIC,55732,1227,1000,0,122.7,54.3,12.0,46,13.2,109.6,15,,76,0,-8.13548,-34.9203,Recife,parked,none,350,122.7
TLM03870,CUST0387,VEH0087,CONTR0387,2026-10-01T15:18:00,SYNTHETIC,56108,1507,1000,0,150.7,45.5,31.7,21,41.7,138.4,48,,243,0,-8.02897,-34.9219,Recife,parked,none,700,150.7
TLM03871,CUST0388,VEH0088,CONTR0388,2026-07-30T13:39:00,SYNTHETIC,43502,2741,3000,259,91.4,53.7,28.2,44,31.6,269.5,82,,445,0,-12.99521,-38.51538,Salvador,moving,low_fuel,4000,91.4
TLM03872,CUST0388,VEH0088,CONTR0388,2026-08-06T13:59:00,SYNTHETIC,44142,2562,3000,438,85.4,40.6,20.0,58,29.6,225.7,39,,211,0,-12.94231,-38.57097,Salvador,moving,low_fuel,1000,85.4
TLM03873,CUST0388,VEH0088,CONTR0388,2026-08-13T10:47:00,SYNTHETIC,44764,2488,3000,512,82.9,61.5,44.7,25,43.6,237.7,17,,92,0,-13.02228,-38.58231,Salvador,parked,maintenance,1500,82.9
TLM03874,CUST0388,VEH0088,CONTR0388,2026-08-20T12:52:00,SYNTHETIC,45410,2586,3000,414,86.2,31.6,32.7,35,62.2,259.3,24,,130,0,-13.05996,-38.56991,Salvador,moving,low_fuel,350,86.2
TLM03875,CUST0388,VEH0088,CONTR0388,2026-08-27T13:08:00,SYNTHETIC,46075,2661,3000,339,88.7,60.7,11.2,107,11.1,237.5,68,,369,0,-13.03264,-38.50975,Salvador,parked,maintenance,2500,88.7
TLM03876,CUST0388,VEH0088,CONTR0388,2026-09-03T10:07:00,SYNTHETIC,46784,2839,3000,161,94.6,59.8,26.1,49,26.1,260.8,32,,173,0,-13.016,-38.54752,Salvador,parked,low_fuel,1500,94.6
TLM03877,CUST0388,VEH0088,CONTR0388,2026-09-10T20:31:00,SYNTHETIC,47456,2690,3000,310,89.7,37.1,12.1,100,19.6,267.3,77,,418,0,-12.97513,-38.46906,Salvador,parked,low_fuel,2500,89.7
TLM03878,CUST0388,VEH0088,CONTR0388,2026-09-17T15:11:00,SYNTHETIC,48132,2705,3000,295,90.2,49.7,43.3,28,52.3,241.6,37,,200,0,-13.03189,-38.57065,Salvador,parked,maintenance,1500,90.2
TLM03879,CUST0388,VEH0088,CONTR0388,2026-09-24T12:05:00,SYNTHETIC,48771,2559,3000,441,85.3,37.1,35.9,32,58.1,225.6,39,,211,0,-13.05758,-38.45803,Salvador,moving,km_limit,4000,85.3
TLM03880,CUST0388,VEH0088,CONTR0388,2026-10-01T10:29:00,SYNTHETIC,49422,2604,3000,396,86.8,34.0,40.5,29,71.4,232.6,52,,282,0,-12.90848,-38.44834,Salvador,parked,none,1000,86.8
TLM03881,CUST0389,VEH0089,CONTR0389,2026-07-30T15:01:00,SYNTHETIC,62557,1096,1000,0,109.6,33.5,24.7,20,44.2,103.1,42,,243,0,-7.98695,-34.92583,Recife,moving,km_limit,1000,109.6
TLM03882,CUST0389,VEH0089,CONTR0389,2026-08-06T17:00:00,SYNTHETIC,62826,1076,1000,0,107.6,48.9,27.2,17,33.4,96.1,25,,144,0,-8.06787,-34.92944,Recife,parked,low_fuel,2500,107.6
TLM03883,CUST0389,VEH0089,CONTR0389,2026-08-13T09:56:00,SYNTHETIC,63086,1043,1000,0,104.3,41.3,34.0,13,49.4,92.4,82,,474,0,-8.0018,-34.92825,Recife,parked,maintenance,350,104.3
TLM03884,CUST0389,VEH0089,CONTR0389,2026-08-20T06:02:00,SYNTHETIC,63394,1234,1000,0,123.4,51.2,19.4,28,22.7,99.6,45,,260,0,-8.12222,-35.00458,Recife,moving,none,4000,123.4
TLM03885,CUST0389,VEH0089,CONTR0389,2026-08-27T16:13:00,SYNTHETIC,63640,985,1000,15,98.5,59.0,31.5,14,32.0,84.3,42,,243,0,-8.11251,-34.87842,Recife,moving,none,1500,98.5
TLM03886,CUST0389,VEH0089,CONTR0389,2026-09-03T17:52:00,SYNTHETIC,63888,993,1000,7,99.3,55.7,35.6,12,38.4,85.2,70,,405,0,-8.05865,-34.89978,Recife,moving,km_limit,2500,99.3
TLM03887,CUST0389,VEH0089,CONTR0389,2026-09-10T08:19:00,SYNTHETIC,64056,673,1000,327,67.3,33.5,9.3,32,16.6,61.3,66,,382,0,-8.03282,-34.97866,Recife,parked,low_fuel,1000,67.3
TLM03888,CUST0389,VEH0089,CONTR0389,2026-09-17T08:01:00,SYNTHETIC,64358,1211,1000,0,121.1,59.8,42.0,13,42.1,109.8,52,,301,0,-8.09055,-34.94892,Recife,moving,none,4000,121.1
TLM03889,CUST0389,VEH0089,CONTR0389,2026-09-24T19:02:00,SYNTHETIC,64517,639,1000,361,63.9,35.0,8.7,33,14.9,57.7,33,,191,0,-8.05578,-34.91841,Recife,maintenance,none,1500,63.9
TLM03890,CUST0389,VEH0089,CONTR0389,2026-10-01T12:16:00,SYNTHETIC,64815,1192,1000,0,119.2,46.6,35.9,15,46.2,106.4,57,,330,0,-8.00068,-34.98902,Recife,moving,none,2500,119.2
TLM03891,CUST0390,VEH0090,CONTR0390,2026-07-30T19:08:00,SYNTHETIC,41429,734,1500,766,48.9,33.7,11.0,30,19.5,61.1,85,,491,0,-22.90702,-47.05548,Campinas,parked,none,1500,48.9
TLM03892,CUST0390,VEH0090,CONTR0390,2026-08-06T09:20:00,SYNTHETIC,41627,794,1500,706,52.9,31.7,8.2,44,15.5,65.1,88,,508,0,-22.98999,-47.02303,Campinas,parked,low_fuel,4000,52.9
TLM03893,CUST0390,VEH0090,CONTR0390,2026-08-13T14:30:00,SYNTHETIC,41754,509,1500,991,33.9,40.2,8.9,25,13.3,42.4,25,,144,0,-22.90917,-47.06285,Campinas,charging,none,4000,33.9
TLM03894,CUST0390,VEH0090,CONTR0390,2026-08-20T19:19:00,SYNTHETIC,41928,696,1500,804,46.4,58.9,44.4,7,45.2,56.8,38,,219,0,-22.93749,-47.12604,Campinas,moving,low_fuel,700,46.4
TLM03895,CUST0390,VEH0090,CONTR0390,2026-08-27T18:00:00,SYNTHETIC,42046,474,1500,1026,31.6,47.5,48.3,4,60.9,38.9,42,,242,0,-22.87429,-47.15704,Campinas,moving,low_fuel,2500,31.6
TLM03896,CUST0390,VEH0090,CONTR0390,2026-09-03T18:33:00,SYNTHETIC,42251,822,1500,678,54.8,43.4,40.7,9,56.2,67.4,62,,358,0,-22.90564,-47.05705,Campinas,moving,none,4000,54.8
TLM03897,CUST0390,VEH0090,CONTR0390,2026-09-10T09:10:00,SYNTHETIC,42437,746,1500,754,49.7,60.2,27.2,12,27.1,68.6,17,,98,0,-22.98546,-47.05194,Campinas,parked,none,2500,49.7
TLM03898,CUST0390,VEH0090,CONTR0390,2026-09-17T21:00:00,SYNTHETIC,42575,555,1500,945,37.0,59.8,49.3,5,49.5,50.3,83,,479,0,-22.98403,-47.08,Campinas,parked,maintenance,350,37.0
TLM03899,CUST0390,VEH0090,CONTR0390,2026-09-24T08:04:00,SYNTHETIC,42737,648,1500,852,43.2,28.5,27.3,10,57.5,52.8,27,,156,0,-22.93478,-47.07338,Campinas,moving,none,4000,43.2
TLM03900,CUST0390,VEH0090,CONTR0390,2026-10-01T21:00:00,SYNTHETIC,42881,579,1500,921,38.6,32.6,47.4,5,87.3,53.6,45,,260,0,-22.92483,-47.16905,Campinas,parked,maintenance,1500,38.6
TLM03901,CUST0391,VEH0091,CONTR0391,2026-07-30T08:31:00,SYNTHETIC,36382,1974,1800,0,109.7,44.3,22.9,39,31.1,158.7,62,,363,0,-23.61778,-46.57935,São Paulo,moving,km_limit,700,109.7
TLM03902,CUST0391,VEH0091,CONTR0391,2026-08-06T19:17:00,SYNTHETIC,36785,1615,1800,185,89.7,28.8,15.8,46,32.8,140.5,58,,339,0,-23.56871,-46.64866,São Paulo,parked,maintenance,1500,89.7
TLM03903,CUST0391,VEH0091,CONTR0391,2026-08-13T22:14:00,SYNTHETIC,37169,1538,1800,262,85.4,58.8,9.4,74,9.6,114.7,26,,152,0,-23.54229,-46.53098,São Paulo,parked,km_limit,2500,85.4
TLM03904,CUST0391,VEH0091,CONTR0391,2026-08-20T12:01:00,SYNTHETIC,37750,2327,1800,0,129.3,33.4,26.2,40,47.1,186.0,26,,152,0,-23.54504,-46.5555,São Paulo,moving,none,1000,129.3
TLM03905,CUST0391,VEH0091,CONTR0391,2026-08-27T17:52:00,SYNTHETIC,38140,1562,1800,238,86.8,60.7,52.2,13,51.6,131.4,30,,175,0,-23.57896,-46.63407,São Paulo,parked,none,700,86.8
TLM03906,CUST0391,VEH0091,CONTR0391,2026-09-03T16:05:00,SYNTHETIC,38728,2354,1800,0,130.8,42.7,10.3,103,14.5,187.0,68,,398,0,-23.52042,-46.64065,São Paulo,moving,none,4000,130.8
TLM03907,CUST0391,VEH0091,CONTR0391,2026-09-10T16:46:00,SYNTHETIC,39240,2048,1800,0,113.8,49.7,16.4,56,19.8,178.6,42,,246,0,-23.61001,-46.57422,São Paulo,parked,maintenance,1000,113.8
TLM03908,CUST0391,VEH0091,CONTR0391,2026-09-17T16:35:00,SYNTHETIC,39790,2201,1800,0,122.3,35.2,18.5,53,31.6,190.8,60,,351,0,-23.60154,-46.58628,São Paulo,moving,km_limit,1500,122.3
TLM03909,CUST0391,VEH0091,CONTR0391,2026-09-24T15:05:00,SYNTHETIC,40146,1425,1800,375,79.2,48.7,6.0,107,7.4,119.7,52,,304,0,-23.61693,-46.54015,São Paulo,parked,km_limit,350,79.2
TLM03910,CUST0391,VEH0091,CONTR0391,2026-10-01T12:00:00,SYNTHETIC,40745,2399,1800,0,133.3,30.6,19.8,55,38.8,181.0,48,,281,0,-23.49856,-46.61648,São Paulo,moving,maintenance,1500,133.3
TLM03911,CUST0392,VEH0092,CONTR0392,2026-07-30T14:06:00,SYNTHETIC,19404,1493,1800,307,82.9,32.8,37.1,18,67.8,143.4,49,,286,0,-3.67521,-38.46226,Fortaleza,moving,none,2500,82.9
TLM03912,CUST0392,VEH0092,CONTR0392,2026-08-06T10:46:00,SYNTHETIC,19950,2185,1800,0,121.4,49.4,15.8,62,19.3,208.6,53,,309,0,-3.80186,-38.42459,Fortaleza,parked,km_limit,700,121.4
TLM03913,CUST0392,VEH0092,CONTR0392,2026-08-13T21:39:00,SYNTHETIC,20495,2182,1800,0,121.2,51.3,52.1,19,61.0,180.5,77,,449,0,-3.66072,-38.49378,Fortaleza,moving,maintenance,1500,121.2
TLM03914,CUST0392,VEH0092,CONTR0392,2026-08-20T06:57:00,SYNTHETIC,20893,1593,1800,207,88.5,57.1,15.1,47,15.9,142.8,67,,391,0,-3.68765,-38.45983,Fortaleza,moving,none,4000,88.5
TLM03915,CUST0392,VEH0092,CONTR0392,2026-08-27T09:53:00,SYNTHETIC,21182,1157,1800,643,64.3,48.9,33.5,15,41.1,107.9,85,,496,0,-3.74137,-38.54302,Fortaleza,parked,low_fuel,700,64.3
TLM03916,CUST0392,VEH0092,CONTR0392,2026-09-03T09:54:00,SYNTHETIC,21639,1829,1800,0,101.6,44.5,35.5,23,48.0,157.2,52,,303,0,-3.72731,-38.55124,Fortaleza,parked,none,2500,101.6
TLM03917,CUST0392,VEH0092,CONTR0392,2026-09-10T16:44:00,SYNTHETIC,21998,1436,1800,364,79.8,60.3,53.8,12,53.5,132.3,41,,239,0,-3.78968,-38.5657,Fortaleza,parked,none,2500,79.8
TLM03918,CUST0392,VEH0092,CONTR0392,2026-09-17T08:19:00,SYNTHETIC,22522,2099,1800,0,116.6,56.6,53.6,17,56.8,183.1,55,,321,0,-3.68913,-38.44985,Fortaleza,parked,km_limit,4000,116.6
TLM03919,CUST0392,VEH0092,CONTR0392,2026-09-24T16:28:00,SYNTHETIC,22889,1469,1800,331,81.6,30.4,51.8,12,102.4,132.2,94,,548,0,-3.72927,-38.56302,Fortaleza,parked,none,700,81.6
TLM03920,CUST0392,VEH0092,CONTR0392,2026-10-01T13:18:00,SYNTHETIC,23242,1412,1800,388,78.4,58.1,26.8,23,27.6,112.1,22,,128,0,-3.69597,-38.41747,Fortaleza,parked,low_fuel,4000,78.4
TLM03921,CUST0393,VEH0093,CONTR0393,2026-07-30T22:40:00,SYNTHETIC,14746,1663,2500,837,66.5,29.7,29.0,26,58.6,135.8,32,,182,0,-15.75891,-47.87696,Brasília,parked,low_fuel,700,66.5
TLM03922,CUST0393,VEH0093,CONTR0393,2026-08-06T07:29:00,SYNTHETIC,15283,2148,2500,352,85.9,57.7,10.8,90,11.2,201.1,90,,512,0,-15.86495,-47.90346,Brasília,parked,none,4000,85.9
TLM03923,CUST0393,VEH0093,CONTR0393,2026-08-13T17:04:00,SYNTHETIC,15777,1979,2500,521,79.2,53.0,13.4,67,15.1,168.8,84,,477,0,-15.87245,-47.91579,Brasília,moving,low_fuel,2500,79.2
TLM03924,CUST0393,VEH0093,CONTR0393,2026-08-20T20:38:00,SYNTHETIC,16523,2984,2500,0,119.4,49.1,30.4,44,37.1,282.3,46,,261,0,-15.86417,-47.84677,Brasília,parked,low_fuel,2500,119.4
TLM03925,CUST0393,VEH0093,CONTR0393,2026-08-27T15:11:00,SYNTHETIC,17372,3399,2500,0,136.0,60.0,46.3,33,46.2,291.2,15,,85,0,-15.8685,-47.81172,Brasília,parked,maintenance,4000,136.0
TLM03926,CUST0393,VEH0093,CONTR0393,2026-09-03T16:29:00,SYNTHETIC,18114,2971,2500,0,118.8,56.4,22.1,61,23.5,257.7,48,,273,0,-15.84602,-47.9312,Brasília,parked,km_limit,2500,118.8
TLM03927,CUST0393,VEH0093,CONTR0393,2026-09-10T09:37:00,SYNTHETIC,18886,3091,2500,0,123.6,41.0,9.2,153,13.4,288.8,86,,489,0,-15.80842,-47.86473,Brasília,moving,none,4000,123.6
TLM03928,CUST0393,VEH0093,CONTR0393,2026-09-17T13:59:00,SYNTHETIC,19669,3135,2500,0,125.4,45.5,9.1,156,12.0,255.2,15,,85,0,-15.78584,-47.84138,Brasília,maintenance,none,2500,125.4
TLM03929,CUST0393,VEH0093,CONTR0393,2026-09-24T20:37:00,SYNTHETIC,20479,3241,2500,0,129.6,47.7,32.9,44,41.4,307.4,24,,136,0,-15.82371,-47.79213,Brasília,moving,low_fuel,4000,129.6
TLM03930,CUST0393,VEH0093,CONTR0393,2026-10-01T15:18:00,SYNTHETIC,21019,2162,2500,338,86.5,28.0,28.3,34,60.5,212.8,88,,500,0,-15.85109,-47.79525,Brasília,parked,none,1000,86.5
TLM03931,CUST0394,VEH0094,CONTR0394,2026-07-30T14:48:00,SYNTHETIC,27006,949,1000,51,94.9,58.2,53.3,8,55.0,78.0,81,,460,0,-23.46034,-46.60514,São Paulo,parked,low_fuel,1000,94.9
TLM03932,CUST0394,VEH0094,CONTR0394,2026-08-06T07:33:00,SYNTHETIC,27261,1021,1000,0,102.1,48.1,54.0,8,67.3,98.8,37,,210,0,-23.48994,-46.60986,São Paulo,maintenance,low_fuel,1000,102.1
TLM03933,CUST0394,VEH0094,CONTR0394,2026-08-13T12:31:00,SYNTHETIC,27418,630,1000,370,63.0,58.3,37.9,7,39.0,52.8,45,,256,0,-23.60627,-46.5885,São Paulo,moving,none,2500,63.0
TLM03934,CUST0394,VEH0094,CONTR0394,2026-08-20T16:38:00,SYNTHETIC,27680,1048,1000,0,104.8,38.0,7.8,60,12.4,92.4,35,,199,0,-23.56566,-46.61753,São Paulo,moving,km_limit,700,104.8
TLM03935,CUST0394,VEH0094,CONTR0394,2026-08-27T21:33:00,SYNTHETIC,27980,1201,1000,0,120.1,55.1,16.3,33,17.8,103.2,70,,398,0,-23.59678,-46.6047,São Paulo,parked,none,700,120.1
TLM03936,CUST0394,VEH0094,CONTR0394,2026-09-03T12:10:00,SYNTHETIC,28255,1101,1000,0,110.1,37.5,27.3,18,43.7,103.8,50,,284,0,-23.49896,-46.63337,São Paulo,parked,none,1500,110.1
TLM03937,CUST0394,VEH0094,CONTR0394,2026-09-10T16:43:00,SYNTHETIC,28410,620,1000,380,62.0,30.0,14.7,19,29.4,56.1,27,,153,0,-23.58918,-46.71678,São Paulo,parked,maintenance,1000,62.0
TLM03938,CUST0394,VEH0094,CONTR0394,2026-09-17T12:49:00,SYNTHETIC,28561,606,1000,394,60.6,32.1,52.3,5,97.7,49.3,64,,364,0,-23.48921,-46.69253,São Paulo,moving,none,350,60.6
TLM03939,CUST0394,VEH0094,CONTR0394,2026-09-24T14:03:00,SYNTHETIC,28835,1099,1000,0,109.9,61.0,31.0,16,30.4,97.5,16,,91,0,-23.52244,-46.59667,São Paulo,parked,low_fuel,350,109.9
TLM03940,CUST0394,VEH0094,CONTR0394,2026-10-01T10:28:00,SYNTHETIC,29031,785,1000,215,78.5,35.7,10.0,35,16.8,69.5,63,,358,0,-23.59329,-46.64277,São Paulo,moving,none,1500,78.5
TLM03941,CUST0395,VEH0095,CONTR0395,2026-07-30T12:54:00,SYNTHETIC,74458,659,800,141,82.4,46.9,19.5,15,24.9,50.4,73,,451,0,-23.45512,-46.71177,São Paulo,parked,none,379,82.4
TLM03942,CUST0395,VEH0095,CONTR0395,2026-08-06T06:11:00,SYNTHETIC,74623,660,800,140,82.5,53.4,23.1,13,25.9,46.6,47,,290,0,-23.44816,-46.72216,São Paulo,moving,none,219,82.5
TLM03943,CUST0395,VEH0095,CONTR0395,2026-08-13T15:47:00,SYNTHETIC,74711,352,800,448,44.0,30.7,20.6,7,40.3,27.2,54,,334,0,-23.57037,-46.70466,São Paulo,moving,low_fuel,147,44.0
TLM03944,CUST0395,VEH0095,CONTR0395,2026-08-20T15:37:00,SYNTHETIC,74825,457,800,343,57.1,43.8,36.7,5,50.3,33.8,56,,346,0,-23.45869,-46.6284,São Paulo,parked,none,311,57.1
TLM03945,CUST0395,VEH0095,CONTR0395,2026-08-27T17:00:00,SYNTHETIC,74993,672,800,128,84.0,48.1,26.6,11,33.2,54.0,92,,569,0,-23.59803,-46.73186,São Paulo,parked,none,226,84.0
TLM03946,CUST0395,VEH0095,CONTR0395,2026-09-03T06:24:00,SYNTHETIC,75135,569,800,231,71.1,34.7,8.1,31,14.1,39.7,64,,396,0,-23.49537,-46.7315,São Paulo,parked,km_limit,136,71.1
TLM03947,CUST0395,VEH0095,CONTR0395,2026-09-10T06:59:00,SYNTHETIC,75251,465,800,335,58.1,52.9,47.9,4,54.3,34.4,83,,513,0,-23.51193,-46.6703,São Paulo,parked,low_fuel,169,58.1
TLM03948,CUST0395,VEH0095,CONTR0395,2026-09-17T10:14:00,SYNTHETIC,75403,609,800,191,76.1,59.2,49.4,5,50.0,47.0,83,,513,0,-23.4829,-46.70779,São Paulo,moving,km_limit,393,76.1
TLM03949,CUST0395,VEH0095,CONTR0395,2026-09-24T13:49:00,SYNTHETIC,75512,436,800,364,54.5,43.0,47.7,4,66.6,32.3,74,,458,0,-23.51651,-46.61195,São Paulo,parked,low_fuel,142,54.5
TLM03950,CUST0395,VEH0095,CONTR0395,2026-10-01T15:07:00,SYNTHETIC,75628,466,800,334,58.2,28.9,53.6,3,111.5,32.8,15,,92,0,-23.53149,-46.63637,São Paulo,parked,maintenance,239,58.2
TLM03951,CUST0396,VEH0096,CONTR0396,2026-07-30T22:58:00,SYNTHETIC,14080,529,1000,471,52.9,29.0,27.5,8,57.0,50.8,64,,367,0,-22.89749,-43.11319,Rio de Janeiro,moving,low_fuel,1500,52.9
TLM03952,CUST0396,VEH0096,CONTR0396,2026-08-06T07:51:00,SYNTHETIC,14196,467,1000,533,46.7,55.0,44.5,4,48.6,43.8,59,,338,0,-22.82896,-43.167,Rio de Janeiro,parked,none,2500,46.7
TLM03953,CUST0396,VEH0096,CONTR0396,2026-08-13T18:22:00,SYNTHETIC,14330,539,1000,461,53.9,51.6,10.3,23,12.0,53.7,35,,200,0,-22.89617,-43.09894,Rio de Janeiro,moving,none,1500,53.9
TLM03954,CUST0396,VEH0096,CONTR0396,2026-08-20T09:05:00,SYNTHETIC,14445,461,1000,539,46.1,38.7,25.1,8,38.9,42.2,57,,327,0,-22.82608,-43.22157,Rio de Janeiro,parked,low_fuel,1500,46.1
TLM03955,CUST0396,VEH0096,CONTR0396,2026-08-27T12:48:00,SYNTHETIC,14508,253,1000,747,25.3,45.8,38.2,3,50.1,24.3,95,,545,0,-22.89887,-43.17639,Rio de Janeiro,parked,low_fuel,2500,25.3
TLM03956,CUST0396,VEH0096,CONTR0396,2026-09-03T20:26:00,SYNTHETIC,14633,502,1000,498,50.2,55.3,49.3,4,53.5,43.4,58,,332,0,-22.94512,-43.23951,Rio de Janeiro,parked,none,700,50.2
TLM03957,CUST0396,VEH0096,CONTR0396,2026-09-10T14:34:00,SYNTHETIC,14761,514,1000,486,51.4,57.8,15.2,15,15.8,51.0,92,,528,0,-22.95008,-43.16151,Rio de Janeiro,moving,maintenance,4000,51.4
TLM03958,CUST0396,VEH0096,CONTR0396,2026-09-17T14:13:00,SYNTHETIC,14856,383,1000,617,38.3,53.8,39.9,4,44.4,35.5,39,,223,0,-22.91279,-43.22082,Rio de Janeiro,parked,low_fuel,350,38.3
TLM03959,CUST0396,VEH0096,CONTR0396,2026-09-24T06:04:00,SYNTHETIC,14986,522,1000,478,52.2,56.6,32.5,7,34.4,45.5,30,,172,0,-22.84372,-43.20899,Rio de Janeiro,parked,low_fuel,4000,52.2
TLM03960,CUST0396,VEH0096,CONTR0396,2026-10-01T19:22:00,SYNTHETIC,15092,425,1000,575,42.5,35.4,33.7,5,57.1,37.5,21,,120,0,-22.86897,-43.11064,Rio de Janeiro,parked,km_limit,700,42.5
TLM03961,CUST0397,VEH0097,CONTR0397,2026-07-30T06:09:00,SYNTHETIC,79441,364,800,436,45.5,28.5,49.7,3,104.5,22.6,58,,287,0,-15.76685,-47.88516,Brasília,parked,none,1500,45.5
TLM03962,CUST0397,VEH0097,CONTR0397,2026-08-06T20:47:00,SYNTHETIC,79532,367,800,433,45.9,55.8,35.3,4,38.0,25.6,93,,461,0,-15.804,-47.95607,Brasília,parked,none,350,45.9
TLM03963,CUST0397,VEH0097,CONTR0397,2026-08-13T12:49:00,SYNTHETIC,79606,297,800,503,37.1,57.2,44.1,3,46.3,21.3,29,,143,0,-15.81683,-47.81624,Brasília,parked,low_fuel,2500,37.1
TLM03964,CUST0397,VEH0097,CONTR0397,2026-08-20T12:24:00,SYNTHETIC,79689,334,800,466,41.8,40.9,26.0,5,38.1,24.7,68,,337,0,-15.74773,-47.8497,Brasília,parked,km_limit,350,41.8
TLM03965,CUST0397,VEH0097,CONTR0397,2026-08-27T15:59:00,SYNTHETIC,79742,214,800,586,26.8,59.2,28.4,3,28.8,13.7,67,,332,0,-15.79257,-47.92839,Brasília,parked,low_fuel,4000,26.8
TLM03966,CUST0397,VEH0097,CONTR0397,2026-09-03T08:42:00,SYNTHETIC,79797,223,800,577,27.9,57.1,40.7,2,42.8,15.6,74,,367,0,-15.79845,-47.94177,Brasília,moving,maintenance,2500,27.9
TLM03967,CUST0397,VEH0097,CONTR0397,2026-09-10T21:21:00,SYNTHETIC,79867,280,800,520,35.0,33.6,27.8,4,49.7,20.3,19,,94,0,-15.75118,-47.95063,Brasília,parked,none,1000,35.0
TLM03968,CUST0397,VEH0097,CONTR0397,2026-09-17T18:28:00,SYNTHETIC,79933,264,800,536,33.0,56.6,32.2,3,34.1,18.2,83,,411,0,-15.81764,-47.8625,Brasília,parked,low_fuel,2500,33.0
TLM03969,CUST0397,VEH0097,CONTR0397,2026-09-24T07:28:00,SYNTHETIC,79984,204,800,596,25.5,35.7,34.1,2,57.4,15.1,40,,198,0,-15.75295,-47.82311,Brasília,moving,km_limit,2500,25.5
TLM03970,CUST0397,VEH0097,CONTR0397,2026-10-01T11:34:00,SYNTHETIC,80088,418,800,382,52.2,28.7,17.8,10,37.1,30.5,83,,411,0,-15.7941,-47.80857,Brasília,parked,none,1000,52.2
TLM03971,CUST0398,VEH0098,CONTR0398,2026-07-30T20:59:00,SYNTHETIC,46105,1544,2500,956,61.8,41.3,21.3,32,30.9,131.5,40,,235,0,-7.9823,-34.92465,Recife,parked,low_fuel,1000,61.8
TLM03972,CUST0398,VEH0098,CONTR0398,2026-08-06T16:49:00,SYNTHETIC,46714,2439,2500,61,97.6,35.7,8.3,133,14.0,213.0,16,,94,0,-8.05524,-34.89568,Recife,parked,none,700,97.6
TLM03973,CUST0398,VEH0098,CONTR0398,2026-08-13T15:38:00,SYNTHETIC,47478,3059,2500,0,122.4,36.5,43.3,32,71.2,276.1,20,,117,0,-8.04078,-34.89219,Recife,parked,none,2500,122.4
TLM03974,CUST0398,VEH0098,CONTR0398,2026-08-20T08:44:00,SYNTHETIC,48242,3056,2500,0,122.2,50.6,8.8,157,10.4,279.4,87,,511,0,-7.96345,-34.86778,Recife,parked,maintenance,350,122.2
TLM03975,CUST0398,VEH0098,CONTR0398,2026-08-27T19:04:00,SYNTHETIC,49087,3382,2500,0,135.3,50.2,47.3,32,56.6,286.2,50,,294,0,-8.02825,-34.86369,Recife,parked,km_limit,1500,135.3
TLM03976,CUST0398,VEH0098,CONTR0398,2026-09-03T18:08:00,SYNTHETIC,49509,1690,2500,810,67.6,29.3,41.0,18,83.9,138.7,35,,205,0,-8.09168,-34.80247,Recife,parked,km_limit,1000,67.6
TLM03977,CUST0398,VEH0098,CONTR0398,2026-09-10T17:01:00,SYNTHETIC,50173,2658,2500,0,106.3,32.8,7.3,166,13.3,222.8,90,,529,0,-8.09887,-34.95039,Recife,moving,none,4000,106.3
TLM03978,CUST0398,VEH0098,CONTR0398,2026-09-17T07:58:00,SYNTHETIC,50683,2040,2500,460,81.6,39.7,47.7,19,72.1,184.1,63,,370,0,-8.04281,-34.88735,Recife,moving,none,4000,81.6
TLM03979,CUST0398,VEH0098,CONTR0398,2026-09-24T20:20:00,SYNTHETIC,51240,2230,2500,270,89.2,33.3,49.3,20,89.0,202.6,17,,99,0,-8.0162,-34.93054,Recife,parked,none,700,89.2
TLM03980,CUST0398,VEH0098,CONTR0398,2026-10-01T21:45:00,SYNTHETIC,51720,1920,2500,580,76.8,51.8,21.7,40,25.1,161.1,30,,176,0,-8.03992,-34.84061,Recife,charging,none,4000,76.8
TLM03981,CUST0399,VEH0099,CONTR0399,2026-07-30T10:14:00,SYNTHETIC,65000,720,800,80,90.0,35.4,49.7,6,84.3,60.5,92,,548,0,-27.55586,-48.49867,Florianópolis,parked,low_fuel,700,90.0
TLM03982,CUST0399,VEH0099,CONTR0399,2026-08-06T11:17:00,SYNTHETIC,65174,698,800,102,87.2,48.8,19.3,16,23.7,59.9,84,,500,0,-27.64087,-48.51928,Florianópolis,parked,none,1000,87.2
TLM03983,CUST0399,VEH0099,CONTR0399,2026-08-13T17:30:00,SYNTHETIC,65353,717,800,83,89.6,47.1,30.9,10,39.4,63.7,19,,113,0,-27.52063,-48.49161,Florianópolis,parked,km_limit,1500,89.6
TLM03984,CUST0399,VEH0099,CONTR0399,2026-08-20T11:17:00,SYNTHETIC,65523,680,800,120,85.0,53.5,32.9,9,36.9,58.5,53,,315,0,-27.63754,-48.55041,Florianópolis,moving,none,1000,85.0
TLM03985,CUST0399,VEH0099,CONTR0399,2026-08-27T10:11:00,SYNTHETIC,65686,655,800,145,81.9,50.2,38.8,7,46.3,62.8,26,,154,0,-27.55283,-48.56277,Florianópolis,parked,none,1500,81.9
TLM03986,CUST0399,VEH0099,CONTR0399,2026-09-03T15:35:00,SYNTHETIC,65848,650,800,150,81.2,43.9,32.0,9,43.7,54.2,95,,566,0,-27.51518,-48.53484,Florianópolis,parked,none,350,81.2
TLM03987,CUST0399,VEH0099,CONTR0399,2026-09-10T22:34:00,SYNTHETIC,66020,688,800,112,86.0,34.7,27.8,11,48.2,63.2,17,,101,0,-27.58934,-48.51709,Florianópolis,maintenance,none,700,86.0
TLM03988,CUST0399,VEH0099,CONTR0399,2026-09-17T22:50:00,SYNTHETIC,66194,699,800,101,87.4,57.7,52.5,6,54.6,67.2,67,,399,0,-27.57604,-48.58014,Florianópolis,parked,maintenance,4000,87.4
TLM03989,CUST0399,VEH0099,CONTR0399,2026-09-24T16:30:00,SYNTHETIC,66375,727,800,73,90.9,33.9,6.4,51,11.4,66.3,18,,107,0,-27.57395,-48.5939,Florianópolis,moving,low_fuel,4000,90.9
TLM03990,CUST0399,VEH0099,CONTR0399,2026-10-01T09:22:00,SYNTHETIC,66547,688,800,112,86.0,36.9,25.9,12,42.2,55.6,66,,393,0,-27.62232,-48.62004,Florianópolis,moving,low_fuel,1000,86.0
TLM03991,CUST0400,VEH0100,CONTR0400,2026-07-30T19:42:00,SYNTHETIC,14622,877,800,0,109.6,45.7,36.8,10,48.3,89.0,76,,392,0,-27.58942,-48.61457,Florianópolis,moving,maintenance,124,109.6
TLM03992,CUST0400,VEH0100,CONTR0400,2026-08-06T17:36:00,SYNTHETIC,14849,909,800,0,113.6,41.9,8.6,48,12.3,97.5,78,,402,0,-27.63295,-48.59859,Florianópolis,moving,low_fuel,492,113.6
TLM03993,CUST0400,VEH0100,CONTR0400,2026-08-13T10:16:00,SYNTHETIC,15091,970,800,0,121.2,39.4,39.9,11,60.8,91.8,64,,330,0,-27.51168,-48.51187,Florianópolis,parked,low_fuel,139,121.2
TLM03994,CUST0400,VEH0100,CONTR0400,2026-08-20T18:34:00,SYNTHETIC,15327,945,800,0,118.1,53.0,23.7,18,26.8,95.6,72,,371,0,-27.6327,-48.66405,Florianópolis,parked,none,262,118.1
TLM03995,CUST0400,VEH0100,CONTR0400,2026-08-27T08:47:00,SYNTHETIC,15572,981,800,0,122.6,52.4,10.0,44,11.5,102.5,79,,407,0,-27.62638,-48.58195,Florianópolis,moving,none,130,122.6
TLM03996,CUST0400,VEH0100,CONTR0400,2026-09-03T21:15:00,SYNTHETIC,15803,925,800,0,115.6,43.1,39.6,10,55.2,99.7,57,,294,0,-27.62444,-48.56173,Florianópolis,moving,low_fuel,328,115.6
TLM03997,CUST0400,VEH0100,CONTR0400,2026-09-10T19:24:00,SYNTHETIC,16048,981,800,0,122.6,30.3,12.2,36,24.2,102.7,23,,118,0,-27.57804,-48.54874,Florianópolis,moving,none,424,122.6
TLM03998,CUST0400,VEH0100,CONTR0400,2026-09-17T12:08:00,SYNTHETIC,16272,897,800,0,112.1,45.4,6.5,62,8.6,86.8,91,,469,0,-27.57844,-48.5399,Florianópolis,parked,km_limit,485,112.1
TLM03999,CUST0400,VEH0100,CONTR0400,2026-09-24T10:16:00,SYNTHETIC,16512,961,800,0,120.1,42.5,29.2,14,41.3,105.3,39,,201,0,-27.5245,-48.60218,Florianópolis,parked,low_fuel,127,120.1
TLM04000,CUST0400,VEH0100,CONTR0400,2026-10-01T15:29:00,SYNTHETIC,16744,930,800,0,116.3,61.2,41.6,10,40.7,96.2,63,,325,0,-27.58695,-48.50918,Florianópolis,parked,maintenance,114,116.3
TLM04001,CUST0401,VEH0001,CONTR0401,2026-07-30T21:11:00,SYNTHETIC,24766,1972,1500,0,131.5,42.5,25.9,34,36.5,180.7,79,,422,0,-19.84981,-44.0002,Belo Horizonte,moving,maintenance,2500,131.5
TLM04002,CUST0401,VEH0001,CONTR0401,2026-08-06T07:37:00,SYNTHETIC,25255,1956,1500,0,130.4,61.0,10.0,88,9.9,170.9,50,,267,0,-19.85606,-43.9697,Belo Horizonte,parked,low_fuel,700,130.4
TLM04003,CUST0401,VEH0001,CONTR0401,2026-08-13T07:11:00,SYNTHETIC,25679,1699,1500,0,113.3,56.1,34.9,22,37.3,130.4,25,,133,0,-19.85435,-44.03123,Belo Horizonte,parked,none,700,113.3
TLM04004,CUST0401,VEH0001,CONTR0401,2026-08-20T07:20:00,SYNTHETIC,26191,2048,1500,0,136.5,49.9,30.9,30,37.1,156.7,64,,342,0,-19.96106,-44.02576,Belo Horizonte,parked,none,2500,136.5
TLM04005,CUST0401,VEH0001,CONTR0401,2026-08-27T21:23:00,SYNTHETIC,26513,1290,1500,210,86.0,61.9,29.9,19,29.0,97.0,83,,444,0,-19.99519,-44.03444,Belo Horizonte,moving,km_limit,1500,86.0
TLM04006,CUST0401,VEH0001,CONTR0401,2026-09-03T15:15:00,SYNTHETIC,26790,1110,1500,390,74.0,60.8,27.1,18,26.8,92.3,51,,272,0,-19.98184,-43.96824,Belo Horizonte,moving,maintenance,1500,74.0
TLM04007,CUST0401,VEH0001,CONTR0401,2026-09-10T12:14:00,SYNTHETIC,27170,1521,1500,0,101.4,42.4,54.8,12,77.7,119.9,22,,117,0,-19.9204,-43.93683,Belo Horizonte,parked,none,700,101.4
TLM04008,CUST0401,VEH0001,CONTR0401,2026-09-17T17:35:00,SYNTHETIC,27471,1204,1500,296,80.3,43.2,27.3,20,37.9,108.4,45,,240,0,-19.9527,-44.01523,Belo Horizonte,parked,low_fuel,350,80.3
TLM04009,CUST0401,VEH0001,CONTR0401,2026-09-24T10:17:00,SYNTHETIC,27953,1930,1500,0,128.7,37.4,22.7,38,36.4,176.1,68,,363,0,-19.97459,-43.89722,Belo Horizonte,parked,none,2500,128.7
TLM04010,CUST0401,VEH0001,CONTR0401,2026-10-01T22:12:00,SYNTHETIC,28433,1923,1500,0,128.2,33.1,52.7,16,95.6,156.3,79,,422,0,-19.88989,-44.01613,Belo Horizonte,moving,maintenance,2500,128.2
TLM04011,CUST0402,VEH0002,CONTR0402,2026-07-30T19:28:00,SYNTHETIC,67824,1116,1200,84,93.0,37.1,12.3,41,19.8,107.0,57,,300,0,-27.51321,-48.55914,Florianópolis,parked,none,1500,93.0
TLM04012,CUST0402,VEH0002,CONTR0402,2026-08-06T16:19:00,SYNTHETIC,68136,1250,1200,0,104.2,52.8,41.3,13,46.9,120.8,38,,200,0,-27.53991,-48.48037,Florianópolis,moving,none,1000,104.2
TLM04013,CUST0402,VEH0002,CONTR0402,2026-08-13T22:53:00,SYNTHETIC,68427,1166,1200,34,97.2,42.9,11.1,47,15.5,113.2,62,,326,0,-27.57986,-48.61356,Florianópolis,moving,km_limit,4000,97.2
TLM04014,CUST0402,VEH0002,CONTR0402,2026-08-20T14:27:00,SYNTHETIC,68654,910,1200,290,75.8,41.2,20.5,20,29.9,84.4,69,,363,0,-27.57316,-48.57291,Florianópolis,moving,maintenance,700,75.8
TLM04015,CUST0402,VEH0002,CONTR0402,2026-08-27T17:32:00,SYNTHETIC,68839,743,1200,457,61.9,28.4,34.1,9,71.9,63.4,59,,310,0,-27.54377,-48.61066,Florianópolis,moving,low_fuel,2500,61.9
TLM04016,CUST0402,VEH0002,CONTR0402,2026-09-03T10:24:00,SYNTHETIC,69043,817,1200,383,68.1,55.3,23.1,16,25.1,79.3,77,,405,0,-27.60878,-48.61463,Florianópolis,moving,none,4000,68.1
TLM04017,CUST0402,VEH0002,CONTR0402,2026-09-10T21:15:00,SYNTHETIC,69257,857,1200,343,71.4,54.6,45.9,8,50.5,84.6,81,,426,0,-27.58814,-48.56603,Florianópolis,parked,none,2500,71.4
TLM04018,CUST0402,VEH0002,CONTR0402,2026-09-17T16:37:00,SYNTHETIC,69585,1312,1200,0,109.3,49.7,33.9,17,40.9,119.1,63,,332,0,-27.54402,-48.63188,Florianópolis,parked,maintenance,4000,109.3
TLM04019,CUST0402,VEH0002,CONTR0402,2026-09-24T13:22:00,SYNTHETIC,69882,1189,1200,11,99.1,47.1,25.8,20,32.9,110.9,49,,258,0,-27.59144,-48.60207,Florianópolis,moving,low_fuel,700,99.1
TLM04020,CUST0402,VEH0002,CONTR0402,2026-10-01T07:00:00,SYNTHETIC,70052,682,1200,518,56.8,30.5,9.8,31,19.3,57.3,80,,421,0,-27.65128,-48.49278,Florianópolis,moving,none,1500,56.8
TLM04021,CUST0403,VEH0003,CONTR0403,2026-07-30T18:49:00,SYNTHETIC,12416,801,1000,199,80.1,32.5,14.2,25,26.2,44.7,45,,336,2,-3.77645,-38.55082,Fortaleza,moving,none,4000,80.1
TLM04022,CUST0403,VEH0003,CONTR0403,2026-08-06T11:16:00,SYNTHETIC,12627,847,1000,153,84.7,30.4,27.9,13,55.1,50.0,16,,119,0,-3.65492,-38.51031,Fortaleza,parked,km_limit,1000,84.7
TLM04023,CUST0403,VEH0003,CONTR0403,2026-08-13T16:03:00,SYNTHETIC,12871,979,1000,21,97.9,31.4,12.0,37,22.9,54.0,87,,650,0,-3.66655,-38.55984,Fortaleza,parked,km_limit,1500,97.9
TLM04024,CUST0403,VEH0003,CONTR0403,2026-08-20T06:15:00,SYNTHETIC,13096,901,1000,99,90.1,43.7,27.1,15,37.1,45.2,74,,553,0,-3.65168,-38.58648,Fortaleza,moving,km_limit,350,90.1
TLM04025,CUST0403,VEH0003,CONTR0403,2026-08-27T07:59:00,SYNTHETIC,13286,763,1000,237,76.3,57.6,6.8,51,7.0,44.9,40,,299,0,-3.67381,-38.53465,Fortaleza,moving,km_limit,4000,76.3
TLM04026,CUST0403,VEH0003,CONTR0403,2026-09-03T16:27:00,SYNTHETIC,13582,1185,1000,0,118.5,59.1,38.4,14,39.0,71.4,92,,688,1,-3.64077,-38.58117,Fortaleza,parked,low_fuel,4000,118.5
TLM04027,CUST0403,VEH0003,CONTR0403,2026-09-10T09:17:00,SYNTHETIC,13801,876,1000,124,87.6,54.3,51.7,7,57.1,50.7,47,,351,1,-3.75781,-38.56142,Fortaleza,moving,low_fuel,2500,87.6
TLM04028,CUST0403,VEH0003,CONTR0403,2026-09-17T20:32:00,SYNTHETIC,13939,553,1000,447,55.3,58.7,6.7,37,6.8,31.8,42,,314,1,-3.74094,-38.52515,Fortaleza,moving,none,1000,55.3
TLM04029,CUST0403,VEH0003,CONTR0403,2026-09-24T13:14:00,SYNTHETIC,14159,882,1000,118,88.2,45.3,14.7,27,19.5,53.3,33,,246,1,-3.7074,-38.51736,Fortaleza,parked,low_fuel,4000,88.2
TLM04030,CUST0403,VEH0003,CONTR0403,2026-10-01T16:17:00,SYNTHETIC,14408,999,1000,1,99.9,32.8,54.8,8,100.3,57.7,49,,366,1,-3.76536,-38.56321,Fortaleza,parked,none,350,99.9
TLM04031,CUST0404,VEH0004,CONTR0404,2026-07-30T17:38:00,SYNTHETIC,76022,1499,1200,0,124.9,62.0,27.4,24,26.6,108.2,21,,121,0,-23.6292,-46.52519,São Paulo,parked,none,350,124.9
TLM04032,CUST0404,VEH0004,CONTR0404,2026-08-06T12:19:00,SYNTHETIC,76267,980,1200,220,81.7,49.9,19.1,23,23.0,79.5,45,,261,0,-23.5617,-46.59067,São Paulo,moving,none,2500,81.7
TLM04033,CUST0404,VEH0004,CONTR0404,2026-08-13T17:40:00,SYNTHETIC,76458,767,1200,433,63.9,61.0,37.5,9,36.9,59.6,43,,249,0,-23.58685,-46.59902,São Paulo,parked,none,350,63.9
TLM04034,CUST0404,VEH0004,CONTR0404,2026-08-20T09:32:00,SYNTHETIC,76728,1082,1200,118,90.2,40.6,43.8,11,64.8,85.3,27,,156,0,-23.49437,-46.64739,São Paulo,parked,none,4000,90.2
TLM04035,CUST0404,VEH0004,CONTR0404,2026-08-27T18:34:00,SYNTHETIC,76921,774,1200,426,64.5,34.5,8.7,40,15.0,64.5,50,,290,0,-23.49376,-46.63198,São Paulo,moving,none,1000,64.5
TLM04036,CUST0404,VEH0004,CONTR0404,2026-09-03T15:11:00,SYNTHETIC,77127,826,1200,374,68.8,46.4,18.0,20,23.2,63.9,53,,307,0,-23.54443,-46.6574,São Paulo,parked,maintenance,350,68.8
TLM04037,CUST0404,VEH0004,CONTR0404,2026-09-10T21:42:00,SYNTHETIC,77350,895,1200,305,74.6,39.0,8.3,49,12.7,70.7,72,,417,0,-23.63693,-46.67557,São Paulo,parked,none,700,74.6
TLM04038,CUST0404,VEH0004,CONTR0404,2026-09-17T21:36:00,SYNTHETIC,77599,997,1200,203,83.1,39.8,44.7,10,67.5,84.4,77,,446,0,-23.60574,-46.58281,São Paulo,parked,none,350,83.1
TLM04039,CUST0404,VEH0004,CONTR0404,2026-09-24T06:27:00,SYNTHETIC,77948,1397,1200,0,116.4,33.6,37.8,16,67.4,110.2,68,,394,0,-23.53178,-46.63502,São Paulo,parked,maintenance,4000,116.4
TLM04040,CUST0404,VEH0004,CONTR0404,2026-10-01T11:35:00,SYNTHETIC,78242,1177,1200,23,98.1,41.2,35.9,14,52.3,90.9,66,,382,0,-23.55066,-46.54496,São Paulo,parked,none,350,98.1
TLM04041,CUST0405,VEH0005,CONTR0405,2026-07-30T21:20:00,SYNTHETIC,68182,646,1200,554,53.8,42.6,16.7,17,23.6,58.3,45,,225,0,-19.97745,-44.01863,Belo Horizonte,parked,maintenance,350,53.8
TLM04042,CUST0405,VEH0005,CONTR0405,2026-08-06T19:37:00,SYNTHETIC,68314,528,1200,672,44.0,36.9,48.4,4,78.7,51.2,79,,396,0,-19.99805,-43.94057,Belo Horizonte,moving,maintenance,4000,44.0
TLM04043,CUST0405,VEH0005,CONTR0405,2026-08-13T18:59:00,SYNTHETIC,68499,741,1200,459,61.8,50.0,32.7,10,39.3,62.3,55,,276,0,-19.9684,-43.94089,Belo Horizonte,moving,none,4000,61.8
TLM04044,CUST0405,VEH0005,CONTR0405,2026-08-20T16:33:00,SYNTHETIC,68675,706,1200,494,58.8,56.1,33.8,9,36.2,66.2,34,,170,0,-19.88935,-44.04162,Belo Horizonte,moving,low_fuel,1000,58.8
TLM04045,CUST0405,VEH0005,CONTR0405,2026-08-27T13:16:00,SYNTHETIC,68912,951,1200,249,79.2,46.2,38.5,11,50.1,88.3,73,,366,0,-19.89404,-43.9516,Belo Horizonte,parked,km_limit,1000,79.2
TLM04046,CUST0405,VEH0005,CONTR0405,2026-09-03T08:57:00,SYNTHETIC,69154,969,1200,231,80.8,45.2,23.1,19,30.6,81.7,86,,431,0,-19.91588,-43.9297,Belo Horizonte,moving,none,2500,80.8
TLM04047,CUST0405,VEH0005,CONTR0405,2026-09-10T12:18:00,SYNTHETIC,69376,888,1200,312,74.0,33.6,28.2,14,50.4,86.1,71,,356,0,-20.00563,-43.95707,Belo Horizonte,parked,low_fuel,2500,74.0
TLM04048,CUST0405,VEH0005,CONTR0405,2026-09-17T21:05:00,SYNTHETIC,69610,938,1200,262,78.2,32.7,52.9,8,97.1,76.6,86,,431,0,-19.86938,-43.97177,Belo Horizonte,parked,km_limit,350,78.2
TLM04049,CUST0405,VEH0005,CONTR0405,2026-09-24T08:31:00,SYNTHETIC,69743,532,1200,668,44.3,35.7,8.1,29,13.7,43.2,77,,386,0,-19.96342,-43.97754,Belo Horizonte,maintenance,km_limit,700,44.3
TLM04050,CUST0405,VEH0005,CONTR0405,2026-10-01T07:01:00,SYNTHETIC,69874,524,1200,676,43.7,49.3,9.3,25,11.3,44.6,82,,411,0,-19.89289,-43.9101,Belo Horizonte,moving,none,350,43.7
TLM04051,CUST0406,VEH0006,CONTR0406,2026-07-30T06:16:00,SYNTHETIC,36446,591,1000,409,59.1,56.5,37.3,7,39.6,57.1,50,,253,0,-12.93549,-38.53946,Salvador,parked,maintenance,2500,59.1
TLM04052,CUST0406,VEH0006,CONTR0406,2026-08-06T08:37:00,SYNTHETIC,36740,1178,1000,0,117.8,56.4,43.8,12,46.6,110.5,28,,141,0,-13.058,-38.42935,Salvador,parked,low_fuel,1000,117.8
TLM04053,CUST0406,VEH0006,CONTR0406,2026-08-13T08:33:00,SYNTHETIC,36924,736,1000,264,73.6,36.5,28.0,11,46.0,67.0,51,,258,0,-12.96497,-38.43355,Salvador,parked,km_limit,1000,73.6
TLM04054,CUST0406,VEH0006,CONTR0406,2026-08-20T12:13:00,SYNTHETIC,37136,848,1000,152,84.8,47.5,10.8,35,13.7,84.8,84,,425,0,-12.93606,-38.40117,Salvador,parked,low_fuel,4000,84.8
TLM04055,CUST0406,VEH0006,CONTR0406,2026-08-27T22:29:00,SYNTHETIC,37351,860,1000,140,86.0,44.6,8.2,47,11.0,87.5,90,,455,0,-12.96326,-38.44219,Salvador,parked,none,350,86.0
TLM04056,CUST0406,VEH0006,CONTR0406,2026-09-03T10:53:00,SYNTHETIC,37610,1038,1000,0,103.8,48.7,6.7,70,8.3,96.2,43,,217,0,-12.96266,-38.4966,Salvador,moving,maintenance,700,103.8
TLM04057,CUST0406,VEH0006,CONTR0406,2026-09-10T18:26:00,SYNTHETIC,37829,879,1000,121,87.9,49.6,44.2,9,53.4,79.3,24,,121,0,-12.97264,-38.45937,Salvador,parked,km_limit,700,87.9
TLM04058,CUST0406,VEH0006,CONTR0406,2026-09-17T06:43:00,SYNTHETIC,38114,1142,1000,0,114.2,56.7,48.7,10,51.6,110.5,73,,369,0,-12.94782,-38.42232,Salvador,parked,low_fuel,1500,114.2
TLM04059,CUST0406,VEH0006,CONTR0406,2026-09-24T17:53:00,SYNTHETIC,38388,1099,1000,0,109.9,40.1,51.1,9,76.5,107.6,83,,419,0,-12.98646,-38.48144,Salvador,charging,km_limit,4000,109.9
TLM04060,CUST0406,VEH0006,CONTR0406,2026-10-01T07:57:00,SYNTHETIC,38630,970,1000,30,97.0,58.9,30.0,14,30.6,89.4,95,,480,0,-13.00802,-38.54677,Salvador,parked,none,2500,97.0
TLM04061,CUST0407,VEH0007,CONTR0407,2026-07-30T14:29:00,SYNTHETIC,73936,771,1200,429,64.2,50.3,18.2,19,21.7,74.9,43,,241,0,-22.85893,-43.15671,Rio de Janeiro,parked,none,2500,64.2
TLM04062,CUST0407,VEH0007,CONTR0407,2026-08-06T20:15:00,SYNTHETIC,74251,1263,1200,0,105.2,42.8,33.6,17,47.1,121.0,58,,325,0,-22.87934,-43.18016,Rio de Janeiro,parked,none,1500,105.2
TLM04063,CUST0407,VEH0007,CONTR0407,2026-08-13T12:08:00,SYNTHETIC,74470,879,1200,321,73.2,41.7,42.5,9,61.1,90.2,34,,190,0,-22.97183,-43.23244,Rio de Janeiro,parked,km_limit,350,73.2
TLM04064,CUST0407,VEH0007,CONTR0407,2026-08-20T06:10:00,SYNTHETIC,74742,1091,1200,109,90.9,42.9,33.5,14,46.8,99.5,95,,532,0,-22.82519,-43.14318,Rio de Janeiro,parked,maintenance,2500,90.9
TLM04065,CUST0407,VEH0007,CONTR0407,2026-08-27T12:03:00,SYNTHETIC,75030,1154,1200,46,96.2,55.8,22.3,23,24.0,118.4,78,,437,0,-22.90057,-43.1813,Rio de Janeiro,parked,maintenance,1500,96.2
TLM04066,CUST0407,VEH0007,CONTR0407,2026-09-03T19:08:00,SYNTHETIC,75338,1234,1200,0,102.8,42.9,41.9,13,58.5,125.9,91,,510,0,-22.95235,-43.16134,Rio de Janeiro,moving,none,4000,102.8
TLM04067,CUST0407,VEH0007,CONTR0407,2026-09-10T20:00:00,SYNTHETIC,75658,1282,1200,0,106.8,35.6,21.0,27,35.4,128.3,87,,488,0,-22.88039,-43.11185,Rio de Janeiro,moving,none,1500,106.8
TLM04068,CUST0407,VEH0007,CONTR0407,2026-09-17T22:40:00,SYNTHETIC,75978,1283,1200,0,106.9,44.6,11.5,50,15.4,123.8,35,,196,0,-22.93191,-43.17358,Rio de Janeiro,moving,maintenance,1000,106.9
TLM04069,CUST0407,VEH0007,CONTR0407,2026-09-24T09:26:00,SYNTHETIC,76185,829,1200,371,69.1,40.7,44.6,8,65.7,84.6,21,,117,0,-22.83314,-43.16632,Rio de Janeiro,parked,none,2500,69.1
TLM04070,CUST0407,VEH0007,CONTR0407,2026-10-01T21:03:00,SYNTHETIC,76512,1308,1200,0,109.0,60.8,14.7,40,14.6,115.2,92,,516,0,-22.96916,-43.15316,Rio de Janeiro,moving,none,1500,109.0
TLM04071,CUST0408,VEH0008,CONTR0408,2026-07-30T20:07:00,SYNTHETIC,18644,1604,1800,196,89.1,57.0,26.8,27,28.2,125.4,94,,530,0,-15.7868,-47.99583,Brasília,parked,maintenance,350,89.1
TLM04072,CUST0408,VEH0008,CONTR0408,2026-08-06T08:58:00,SYNTHETIC,19164,2081,1800,0,115.6,47.5,35.3,26,44.7,186.0,20,,112,0,-15.77865,-47.89967,Brasília,parked,low_fuel,1500,115.6
TLM04073,CUST0408,VEH0008,CONTR0408,2026-08-13T18:02:00,SYNTHETIC,19774,2443,1800,0,135.7,33.1,9.9,112,17.9,192.8,86,,485,0,-15.81105,-47.96646,Brasília,moving,low_fuel,2500,135.7
TLM04074,CUST0408,VEH0008,CONTR0408,2026-08-20T14:58:00,SYNTHETIC,20084,1240,1800,560,68.9,59.4,10.4,54,10.5,100.7,26,,146,0,-15.84708,-47.93176,Brasília,parked,low_fuel,1500,68.9
TLM04075,CUST0408,VEH0008,CONTR0408,2026-08-27T17:37:00,SYNTHETIC,20482,1593,1800,207,88.5,39.1,45.5,15,69.8,127.9,46,,259,0,-15.84916,-47.86998,Brasília,parked,none,700,88.5
TLM04076,CUST0408,VEH0008,CONTR0408,2026-09-03T18:12:00,SYNTHETIC,21012,2122,1800,0,117.9,31.0,38.1,25,73.9,178.4,18,,101,0,-15.82393,-47.93106,Brasília,moving,none,4000,117.9
TLM04077,CUST0408,VEH0008,CONTR0408,2026-09-10T16:54:00,SYNTHETIC,21422,1642,1800,158,91.2,28.6,27.9,26,58.4,134.9,41,,231,0,-15.75692,-47.9867,Brasília,parked,none,1000,91.2
TLM04078,CUST0408,VEH0008,CONTR0408,2026-09-17T19:54:00,SYNTHETIC,21837,1661,1800,139,92.3,35.9,18.7,40,31.3,128.7,65,,366,0,-15.73186,-47.87223,Brasília,parked,km_limit,4000,92.3
TLM04079,CUST0408,VEH0008,CONTR0408,2026-09-24T14:54:00,SYNTHETIC,22285,1792,1800,8,99.6,31.4,47.5,17,90.8,146.3,54,,304,0,-15.81709,-47.84715,Brasília,moving,none,1000,99.6
TLM04080,CUST0408,VEH0008,CONTR0408,2026-10-01T14:12:00,SYNTHETIC,22759,1898,1800,0,105.4,51.3,21.5,40,25.2,157.6,18,,101,0,-15.70701,-47.87941,Brasília,moving,none,2500,105.4
TLM04081,CUST0409,VEH0009,CONTR0409,2026-07-30T14:40:00,SYNTHETIC,73643,1562,3000,1438,52.1,60.2,24.6,28,24.5,124.4,34,,198,0,-19.90756,-43.92283,Belo Horizonte,parked,low_fuel,2500,52.1
TLM04082,CUST0409,VEH0009,CONTR0409,2026-08-06T09:55:00,SYNTHETIC,74006,1455,3000,1545,48.5,59.2,10.2,64,10.3,111.6,94,,549,0,-19.99697,-43.85852,Belo Horizonte,maintenance,maintenance,4000,48.5
TLM04083,CUST0409,VEH0009,CONTR0409,2026-08-13T09:36:00,SYNTHETIC,74580,2298,3000,702,76.6,61.3,17.5,59,17.2,195.1,75,,438,0,-19.89652,-43.87753,Belo Horizonte,parked,none,4000,76.6
TLM04084,CUST0409,VEH0009,CONTR0409,2026-08-20T10:42:00,SYNTHETIC,75210,2521,3000,479,84.0,31.2,24.8,46,47.6,201.0,87,,508,0,-19.98563,-43.82902,Belo Horizonte,parked,low_fuel,4000,84.0
TLM04085,CUST0409,VEH0009,CONTR0409,2026-08-27T09:07:00,SYNTHETIC,75615,1622,3000,1378,54.1,61.9,12.6,58,12.2,138.7,61,,356,0,-19.86747,-43.84302,Belo Horizonte,parked,low_fuel,1500,54.1
TLM04086,CUST0409,VEH0009,CONTR0409,2026-09-03T19:11:00,SYNTHETIC,76164,2196,3000,804,73.2,61.3,42.4,23,41.5,172.4,42,,245,0,-19.8853,-43.85977,Belo Horizonte,moving,none,350,73.2
TLM04087,CUST0409,VEH0009,CONTR0409,2026-09-10T21:36:00,SYNTHETIC,76530,1466,3000,1534,48.9,59.4,38.1,17,38.5,115.8,61,,356,0,-20.01037,-43.90905,Belo Horizonte,moving,km_limit,350,48.9
TLM04088,CUST0409,VEH0009,CONTR0409,2026-09-17T10:15:00,SYNTHETIC,77081,2206,3000,794,73.5,42.8,30.1,33,42.1,198.2,27,,157,0,-19.98811,-43.8238,Belo Horizonte,moving,none,1500,73.5
TLM04089,CUST0409,VEH0009,CONTR0409,2026-09-24T19:10:00,SYNTHETIC,77414,1335,3000,1665,44.5,52.9,23.7,25,26.9,103.5,62,,362,0,-19.91075,-43.89412,Belo Horizonte,parked,none,700,44.5
TLM04090,CUST0409,VEH0009,CONTR0409,2026-10-01T06:36:00,SYNTHETIC,77753,1356,3000,1644,45.2,38.6,23.3,26,36.3,122.3,17,,99,0,-19.98406,-43.93844,Belo Horizonte,parked,low_fuel,1000,45.2
TLM04091,CUST0410,VEH0010,CONTR0410,2026-07-30T08:34:00,SYNTHETIC,70189,490,800,310,61.3,56.3,33.0,6,35.1,41.3,93,,538,0,-19.87219,-43.95874,Belo Horizonte,parked,none,2500,61.3
TLM04092,CUST0410,VEH0010,CONTR0410,2026-08-06T12:33:00,SYNTHETIC,70321,530,800,270,66.2,59.2,25.6,9,26.0,43.2,91,,526,0,-19.90725,-43.90237,Belo Horizonte,parked,none,1500,66.2
TLM04093,CUST0410,VEH0010,CONTR0410,2026-08-13T11:13:00,SYNTHETIC,70528,829,800,0,103.6,62.0,38.3,9,37.1,71.3,44,,254,0,-19.83128,-43.8519,Belo Horizonte,moving,low_fuel,700,103.6
TLM04094,CUST0410,VEH0010,CONTR0410,2026-08-20T08:10:00,SYNTHETIC,70757,919,800,0,114.9,34.8,54.3,7,93.6,77.8,42,,243,0,-19.92181,-43.98854,Belo Horizonte,moving,maintenance,1500,114.9
TLM04095,CUST0410,VEH0010,CONTR0410,2026-08-27T06:17:00,SYNTHETIC,70886,516,800,284,64.5,45.7,29.8,7,39.1,45.9,50,,289,0,-19.93496,-43.95989,Belo Horizonte,moving,none,1500,64.5
TLM04096,CUST0410,VEH0010,CONTR0410,2026-09-03T07:24:00,SYNTHETIC,71055,677,800,123,84.6,35.3,19.2,16,32.6,51.0,73,,422,0,-19.86565,-43.97598,Belo Horizonte,moving,none,2500,84.6
TLM04097,CUST0410,VEH0010,CONTR0410,2026-09-10T13:17:00,SYNTHETIC,71189,538,800,262,67.2,36.4,12.3,19,20.3,43.2,49,,283,0,-19.85997,-43.98619,Belo Horizonte,charging,maintenance,4000,67.2
TLM04098,CUST0410,VEH0010,CONTR0410,2026-09-17T16:59:00,SYNTHETIC,71350,646,800,154,80.8,59.2,42.9,6,43.5,55.7,92,,532,0,-19.84681,-43.92612,Belo Horizonte,parked,km_limit,1500,80.8
TLM04099,CUST0410,VEH0010,CONTR0410,2026-09-24T17:50:00,SYNTHETIC,71569,879,800,0,109.9,53.3,38.8,10,43.7,66.6,69,,399,0,-19.86216,-43.98861,Belo Horizonte,parked,none,1500,109.9
TLM04100,CUST0410,VEH0010,CONTR0410,2026-10-01T15:35:00,SYNTHETIC,71703,537,800,263,67.1,28.9,15.6,15,32.3,47.9,71,,411,0,-19.82811,-43.97878,Belo Horizonte,parked,none,350,67.1
TLM04101,CUST0411,VEH0011,CONTR0411,2026-07-30T19:35:00,SYNTHETIC,22204,1022,1200,178,85.2,59.5,48.7,9,49.1,92.2,45,,252,0,-25.50853,-49.33244,Curitiba,maintenance,none,350,85.2
TLM04102,CUST0411,VEH0011,CONTR0411,2026-08-06T22:57:00,SYNTHETIC,22466,1051,1200,149,87.6,28.7,29.2,16,61.0,91.5,15,,84,0,-25.5007,-49.18094,Curitiba,parked,maintenance,2500,87.6
TLM04103,CUST0411,VEH0011,CONTR0411,2026-08-13T17:43:00,SYNTHETIC,22713,991,1200,209,82.6,31.9,37.7,11,70.9,91.5,50,,281,0,-25.48841,-49.25027,Curitiba,moving,none,700,82.6
TLM04104,CUST0411,VEH0011,CONTR0411,2026-08-20T16:05:00,SYNTHETIC,22975,1048,1200,152,87.3,54.5,12.4,38,13.7,97.5,89,,500,0,-25.52625,-49.21341,Curitiba,parked,none,350,87.3
TLM04105,CUST0411,VEH0011,CONTR0411,2026-08-27T22:57:00,SYNTHETIC,23241,1067,1200,133,88.9,59.4,12.7,38,12.8,90.3,74,,415,0,-25.44582,-49.28738,Curitiba,parked,low_fuel,2500,88.9
TLM04106,CUST0411,VEH0011,CONTR0411,2026-09-03T11:19:00,SYNTHETIC,23511,1080,1200,120,90.0,59.6,14.3,34,14.4,99.4,44,,247,0,-25.52202,-49.33994,Curitiba,parked,low_fuel,700,90.0
TLM04107,CUST0411,VEH0011,CONTR0411,2026-09-10T18:34:00,SYNTHETIC,23752,965,1200,235,80.4,35.9,43.8,10,73.2,77.3,28,,157,0,-25.47745,-49.29366,Curitiba,moving,none,1000,80.4
TLM04108,CUST0411,VEH0011,CONTR0411,2026-09-17T09:22:00,SYNTHETIC,24036,1139,1200,61,94.9,55.1,24.1,21,26.2,100.6,21,,118,0,-25.51641,-49.31076,Curitiba,parked,none,2500,94.9
TLM04109,CUST0411,VEH0011,CONTR0411,2026-09-24T15:36:00,SYNTHETIC,24317,1124,1200,76,93.7,60.7,7.1,72,7.0,99.2,94,,528,0,-25.48498,-49.32312,Curitiba,parked,km_limit,4000,93.7
TLM04110,CUST0411,VEH0011,CONTR0411,2026-10-01T13:30:00,SYNTHETIC,24601,1138,1200,62,94.8,58.5,17.5,29,17.9,95.0,79,,443,0,-25.50976,-49.28562,Curitiba,parked,km_limit,4000,94.8
TLM04111,CUST0412,VEH0012,CONTR0412,2026-07-30T12:17:00,SYNTHETIC,8584,3127,2000,0,156.3,33.0,47.9,29,87.3,284.5,50,,281,0,-16.67272,-49.2394,Goiânia,maintenance,low_fuel,2500,156.3
TLM04112,CUST0412,VEH0012,CONTR0412,2026-08-06T16:19:00,SYNTHETIC,9455,3485,2000,0,174.2,51.4,43.9,36,51.2,332.1,95,,534,0,-16.63787,-49.19202,Goiânia,parked,none,1500,174.2
TLM04113,CUST0412,VEH0012,CONTR0412,2026-08-13T16:51:00,SYNTHETIC,10264,3238,2000,0,161.9,52.9,45.6,32,51.7,314.7,58,,326,0,-16.71675,-49.22516,Goiânia,moving,maintenance,4000,161.9
TLM04114,CUST0412,VEH0012,CONTR0412,2026-08-20T08:47:00,SYNTHETIC,11003,2958,2000,0,147.9,50.3,11.5,116,13.7,271.4,26,,146,0,-16.69126,-49.23205,Goiânia,moving,low_fuel,2500,147.9
TLM04115,CUST0412,VEH0012,CONTR0412,2026-08-27T21:11:00,SYNTHETIC,11587,2339,2000,0,117.0,35.4,62.0,17,104.9,233.4,94,,529,0,-16.76201,-49.34942,Goiânia,moving,none,700,117.0
TLM04116,CUST0412,VEH0012,CONTR0412,2026-09-03T19:15:00,SYNTHETIC,12306,2876,2000,0,143.8,40.7,43.4,30,64.0,277.3,84,,472,0,-16.66345,-49.33354,Goiânia,parked,km_limit,4000,143.8
TLM04117,CUST0412,VEH0012,CONTR0412,2026-09-10T10:54:00,SYNTHETIC,12842,2147,2000,0,107.3,35.5,38.9,25,65.8,193.3,23,,129,0,-16.65008,-49.33264,Goiânia,parked,none,1000,107.3
TLM04118,CUST0412,VEH0012,CONTR0412,2026-09-17T09:39:00,SYNTHETIC,13594,3009,2000,0,150.4,53.8,49.2,27,54.8,268.8,47,,264,0,-16.77066,-49.23759,Goiânia,moving,low_fuel,2500,150.4
TLM04119,CUST0412,VEH0012,CONTR0412,2026-09-24T09:17:00,SYNTHETIC,14287,2773,2000,0,138.7,32.0,21.7,58,40.7,250.6,64,,360,0,-16.75865,-49.3163,Goiânia,parked,none,1500,138.7
TLM04120,CUST0412,VEH0012,CONTR0412,2026-10-01T09:52:00,SYNTHETIC,14819,2130,2000,0,106.5,61.7,57.3,16,55.8,204.5,87,,489,0,-16.77713,-49.20764,Goiânia,moving,none,2500,106.5
TLM04121,CUST0413,VEH0013,CONTR0413,2026-07-30T16:05:00,SYNTHETIC,27135,2233,3000,767,74.4,56.5,17.5,57,18.6,188.9,48,,266,0,-30.02447,-51.21973,Porto Alegre,parked,low_fuel,2500,74.4
TLM04122,CUST0413,VEH0013,CONTR0413,2026-08-06T09:22:00,SYNTHETIC,27658,2093,3000,907,69.8,47.7,30.5,31,38.4,187.2,56,,310,0,-30.08543,-51.27884,Porto Alegre,parked,km_limit,350,69.8
TLM04123,CUST0413,VEH0013,CONTR0413,2026-08-13T14:34:00,SYNTHETIC,28633,3900,3000,0,130.0,29.4,37.4,47,76.4,318.3,61,,338,0,-29.97816,-51.2842,Porto Alegre,charging,low_fuel,2500,130.0
TLM04124,CUST0413,VEH0013,CONTR0413,2026-08-20T19:37:00,SYNTHETIC,29250,2470,3000,530,82.3,37.3,31.7,35,51.0,218.5,23,,127,0,-30.07889,-51.21887,Porto Alegre,moving,none,350,82.3
TLM04125,CUST0413,VEH0013,CONTR0413,2026-08-27T21:37:00,SYNTHETIC,30013,3052,3000,0,101.7,35.3,51.8,26,87.9,290.2,39,,216,0,-29.97752,-51.29004,Porto Alegre,parked,km_limit,350,101.7
TLM04126,CUST0413,VEH0013,CONTR0413,2026-09-03T06:21:00,SYNTHETIC,30633,2480,3000,520,82.7,53.9,47.0,24,52.3,203.5,21,,116,0,-30.0408,-51.22505,Porto Alegre,moving,none,1500,82.7
TLM04127,CUST0413,VEH0013,CONTR0413,2026-09-10T09:28:00,SYNTHETIC,31633,4001,3000,0,133.4,37.5,31.3,58,50.1,315.9,72,,399,0,-30.03121,-51.25787,Porto Alegre,moving,none,350,133.4
TLM04128,CUST0413,VEH0013,CONTR0413,2026-09-17T12:46:00,SYNTHETIC,32551,3673,3000,0,122.4,39.1,13.9,119,21.4,339.6,84,,466,0,-30.05122,-51.22431,Porto Alegre,parked,none,1500,122.4
TLM04129,CUST0413,VEH0013,CONTR0413,2026-09-24T18:46:00,SYNTHETIC,33211,2640,3000,360,88.0,46.1,35.1,34,45.7,209.6,61,,338,0,-30.01634,-51.27602,Porto Alegre,parked,km_limit,4000,88.0
TLM04130,CUST0413,VEH0013,CONTR0413,2026-10-01T22:46:00,SYNTHETIC,33806,2382,3000,618,79.4,59.2,52.8,20,53.5,190.0,33,,183,0,-30.11116,-51.24196,Porto Alegre,parked,maintenance,1500,79.4
TLM04131,CUST0414,VEH0014,CONTR0414,2026-07-30T20:02:00,SYNTHETIC,78707,2322,2000,0,116.1,61.8,40.5,26,39.4,190.5,37,,226,0,-22.89309,-43.22414,Rio de Janeiro,parked,none,350,116.1
TLM04132,CUST0414,VEH0014,CONTR0414,2026-08-06T22:34:00,SYNTHETIC,79253,2187,2000,0,109.3,32.1,42.2,23,78.9,160.6,37,,226,0,-22.97536,-43.15552,Rio de Janeiro,parked,none,1000,109.3
TLM04133,CUST0414,VEH0014,CONTR0414,2026-08-13T09:34:00,SYNTHETIC,79745,1970,2000,30,98.5,32.0,42.1,21,79.1,155.1,27,,165,0,-22.98888,-43.09941,Rio de Janeiro,parked,low_fuel,1000,98.5
TLM04134,CUST0414,VEH0014,CONTR0414,2026-08-20T10:51:00,SYNTHETIC,80128,1535,2000,465,76.8,37.0,28.9,24,47.0,128.6,17,,104,0,-22.83698,-43.16169,Rio de Janeiro,parked,none,350,76.8
TLM04135,CUST0414,VEH0014,CONTR0414,2026-08-27T20:36:00,SYNTHETIC,80513,1541,2000,459,77.0,31.1,22.6,31,43.5,117.3,59,,361,0,-22.88727,-43.1312,Rio de Janeiro,moving,none,2500,77.0
TLM04136,CUST0414,VEH0014,CONTR0414,2026-09-03T14:01:00,SYNTHETIC,80924,1647,2000,353,82.3,36.6,47.8,15,78.3,133.6,23,,140,0,-22.88277,-43.16501,Rio de Janeiro,moving,low_fuel,4000,82.3
TLM04137,CUST0414,VEH0014,CONTR0414,2026-09-10T17:09:00,SYNTHETIC,81305,1524,2000,476,76.2,49.9,21.3,32,25.5,122.6,36,,220,0,-22.86108,-43.19165,Rio de Janeiro,moving,low_fuel,4000,76.2
TLM04138,CUST0414,VEH0014,CONTR0414,2026-09-17T07:29:00,SYNTHETIC,81896,2364,2000,0,118.2,48.9,46.0,23,56.5,204.4,42,,257,0,-22.84949,-43.19655,Rio de Janeiro,parked,low_fuel,2500,118.2
TLM04139,CUST0414,VEH0014,CONTR0414,2026-09-24T16:30:00,SYNTHETIC,82295,1599,2000,401,80.0,33.2,18.6,39,33.6,121.7,16,,97,0,-22.89932,-43.18,Rio de Janeiro,parked,none,700,80.0
TLM04140,CUST0414,VEH0014,CONTR0414,2026-10-01T07:50:00,SYNTHETIC,82885,2363,2000,0,118.2,54.6,9.2,116,10.1,206.1,50,,306,0,-22.91795,-43.1709,Rio de Janeiro,parked,low_fuel,1000,118.2
TLM04141,CUST0415,VEH0015,CONTR0415,2026-07-30T10:29:00,SYNTHETIC,48072,695,1200,505,57.9,55.1,26.7,11,29.0,66.8,28,,162,0,-30.07546,-51.221,Porto Alegre,parked,none,2500,57.9
TLM04142,CUST0415,VEH0015,CONTR0415,2026-08-06T20:40:00,SYNTHETIC,48280,833,1200,367,69.4,58.9,37.7,10,38.4,77.6,68,,393,0,-29.94131,-51.31749,Porto Alegre,parked,none,350,69.4
TLM04143,CUST0415,VEH0015,CONTR0415,2026-08-13T16:41:00,SYNTHETIC,48515,942,1200,258,78.5,30.3,50.0,8,99.0,83.6,70,,405,0,-29.96755,-51.19519,Porto Alegre,parked,none,350,78.5
TLM04144,CUST0415,VEH0015,CONTR0415,2026-08-20T12:41:00,SYNTHETIC,48873,1433,1200,0,119.4,58.0,10.0,64,10.4,150.8,85,,492,0,-29.97068,-51.32401,Porto Alegre,parked,none,700,119.4
TLM04145,CUST0415,VEH0015,CONTR0415,2026-08-27T18:30:00,SYNTHETIC,49050,708,1200,492,59.0,33.6,48.2,6,86.0,70.4,20,,115,0,-29.97715,-51.3425,Porto Alegre,parked,low_fuel,1000,59.0
TLM04146,CUST0415,VEH0015,CONTR0415,2026-09-03T08:21:00,SYNTHETIC,49329,1117,1200,83,93.1,54.2,41.2,12,45.6,104.4,44,,254,0,-30.03004,-51.2337,Porto Alegre,moving,low_fuel,350,93.1
TLM04147,CUST0415,VEH0015,CONTR0415,2026-09-10T09:49:00,SYNTHETIC,49672,1374,1200,0,114.5,34.0,47.2,13,83.2,138.0,73,,422,0,-30.01317,-51.25836,Porto Alegre,parked,none,1000,114.5
TLM04148,CUST0415,VEH0015,CONTR0415,2026-09-17T19:16:00,SYNTHETIC,49886,858,1200,342,71.5,40.9,33.6,11,49.3,75.9,34,,196,0,-30.0364,-51.26188,Porto Alegre,parked,low_fuel,4000,71.5
TLM04149,CUST0415,VEH0015,CONTR0415,2026-09-24T09:27:00,SYNTHETIC,50130,977,1200,223,81.4,34.6,36.0,12,62.4,97.8,41,,237,0,-29.97331,-51.2569,Porto Alegre,parked,none,700,81.4
TLM04150,CUST0415,VEH0015,CONTR0415,2026-10-01T16:21:00,SYNTHETIC,50304,698,1200,502,58.2,28.1,31.1,10,66.4,71.9,25,,144,0,-30.01632,-51.19021,Porto Alegre,parked,low_fuel,4000,58.2
TLM04151,CUST0416,VEH0016,CONTR0416,2026-07-30T12:56:00,SYNTHETIC,16851,1472,1000,0,147.2,60.2,42.9,15,42.8,91.1,28,,138,0,-25.37606,-49.2925,Curitiba,parked,maintenance,2500,147.2
TLM04152,CUST0416,VEH0016,CONTR0416,2026-08-06T16:40:00,SYNTHETIC,17039,755,1000,245,75.5,47.6,9.5,35,12.0,54.9,49,,242,0,-25.42833,-49.26321,Curitiba,parked,low_fuel,4000,75.5
TLM04153,CUST0416,VEH0016,CONTR0416,2026-08-13T09:06:00,SYNTHETIC,17295,1027,1000,0,102.7,47.8,40.9,11,51.3,64.2,40,,198,0,-25.40916,-49.21899,Curitiba,moving,km_limit,1500,102.7
TLM04154,CUST0416,VEH0016,CONTR0416,2026-08-20T16:24:00,SYNTHETIC,17533,954,1000,46,95.4,40.5,53.6,8,79.5,66.6,30,,148,0,-25.43172,-49.20092,Curitiba,parked,km_limit,4000,95.4
TLM04155,CUST0416,VEH0016,CONTR0416,2026-08-27T10:14:00,SYNTHETIC,17911,1513,1000,0,151.3,35.1,6.3,109,10.8,110.6,38,,188,0,-25.33197,-49.26694,Curitiba,parked,none,1000,151.3
TLM04156,CUST0416,VEH0016,CONTR0416,2026-09-03T20:40:00,SYNTHETIC,18167,1024,1000,0,102.4,35.8,16.6,27,27.9,72.0,60,,297,0,-25.36785,-49.19211,Curitiba,moving,low_fuel,350,102.4
TLM04157,CUST0416,VEH0016,CONTR0416,2026-09-10T12:46:00,SYNTHETIC,18408,964,1000,36,96.4,60.6,36.1,12,35.7,64.1,16,,79,0,-25.47795,-49.20907,Curitiba,parked,low_fuel,2500,96.4
TLM04158,CUST0416,VEH0016,CONTR0416,2026-09-17T08:31:00,SYNTHETIC,18636,912,1000,88,91.2,29.6,52.6,7,106.6,63.8,29,,143,0,-25.33961,-49.20537,Curitiba,parked,low_fuel,4000,91.2
TLM04159,CUST0416,VEH0016,CONTR0416,2026-09-24T14:25:00,SYNTHETIC,18861,902,1000,98,90.2,29.4,8.0,51,16.3,65.1,18,,89,0,-25.4811,-49.20765,Curitiba,moving,low_fuel,4000,90.2
TLM04160,CUST0416,VEH0016,CONTR0416,2026-10-01T18:45:00,SYNTHETIC,19234,1495,1000,0,149.5,38.6,22.7,29,35.3,98.3,68,,336,0,-25.43142,-49.33562,Curitiba,parked,low_fuel,2500,149.5
TLM04161,CUST0417,VEH0017,CONTR0417,2026-07-30T11:47:00,SYNTHETIC,52558,2374,2000,0,118.7,34.2,28.5,37,50.1,215.7,82,,471,0,-22.86697,-47.13103,Campinas,parked,low_fuel,700,118.7
TLM04162,CUST0417,VEH0017,CONTR0417,2026-08-06T19:22:00,SYNTHETIC,53109,2207,2000,0,110.3,46.5,48.5,20,62.6,174.2,67,,385,0,-22.88902,-47.03057,Campinas,moving,low_fuel,2500,110.3
TLM04163,CUST0417,VEH0017,CONTR0417,2026-08-13T08:10:00,SYNTHETIC,53669,2241,2000,0,112.1,48.3,14.0,72,17.5,198.2,47,,270,0,-22.82327,-47.03428,Campinas,moving,none,1500,112.1
TLM04164,CUST0417,VEH0017,CONTR0417,2026-08-20T07:46:00,SYNTHETIC,54239,2281,2000,0,114.1,47.8,39.3,26,49.4,213.8,23,,132,0,-22.88155,-47.04902,Campinas,parked,km_limit,350,114.1
TLM04165,CUST0417,VEH0017,CONTR0417,2026-08-27T15:17:00,SYNTHETIC,54776,2148,2000,0,107.4,33.4,14.0,69,25.2,192.8,49,,281,0,-22.89038,-47.02898,Campinas,parked,none,4000,107.4
TLM04166,CUST0417,VEH0017,CONTR0417,2026-09-03T08:44:00,SYNTHETIC,55353,2310,2000,0,115.5,54.7,25.4,41,27.8,206.4,54,,310,0,-22.92104,-47.13878,Campinas,parked,none,1000,115.5
TLM04167,CUST0417,VEH0017,CONTR0417,2026-09-10T12:50:00,SYNTHETIC,55952,2397,2000,0,119.8,31.2,12.5,87,24.1,218.3,76,,437,0,-22.87035,-47.1145,Campinas,parked,none,350,119.8
TLM04168,CUST0417,VEH0017,CONTR0417,2026-09-17T17:20:00,SYNTHETIC,56517,2261,2000,0,113.1,37.6,25.4,40,40.6,214.7,31,,178,0,-22.92081,-47.0393,Campinas,charging,low_fuel,700,113.1
TLM04169,CUST0417,VEH0017,CONTR0417,2026-09-24T06:52:00,SYNTHETIC,57131,2458,2000,0,122.9,52.6,44.1,25,50.3,228.9,71,,408,0,-22.89692,-47.08269,Campinas,parked,low_fuel,700,122.9
TLM04170,CUST0417,VEH0017,CONTR0417,2026-10-01T12:16:00,SYNTHETIC,57662,2124,2000,0,106.2,49.1,39.1,24,47.8,187.6,45,,258,0,-22.89899,-47.09445,Campinas,moving,maintenance,2500,106.2
TLM04171,CUST0418,VEH0018,CONTR0418,2026-07-30T12:35:00,SYNTHETIC,67925,632,800,168,79.0,60.2,16.4,17,16.3,50.8,91,,564,0,-12.86892,-38.50386,Salvador,parked,low_fuel,350,79.0
TLM04172,CUST0418,VEH0018,CONTR0418,2026-08-06T13:39:00,SYNTHETIC,68150,900,800,0,112.5,45.3,41.3,9,54.7,84.3,56,,347,0,-12.93808,-38.50142,Salvador,parked,km_limit,350,112.5
TLM04173,CUST0418,VEH0018,CONTR0418,2026-08-13T14:26:00,SYNTHETIC,68307,630,800,170,78.8,40.4,25.2,11,37.4,50.7,27,,167,0,-12.99684,-38.43151,Salvador,moving,none,4000,78.8
TLM04174,CUST0418,VEH0018,CONTR0418,2026-08-20T20:56:00,SYNTHETIC,68524,870,800,0,108.7,49.6,13.9,28,16.8,75.3,65,,403,0,-12.90366,-38.53702,Salvador,parked,low_fuel,700,108.7
TLM04175,CUST0418,VEH0018,CONTR0418,2026-08-27T14:37:00,SYNTHETIC,68749,903,800,0,112.9,60.6,20.9,19,20.7,84.4,67,,415,0,-12.92173,-38.53171,Salvador,parked,none,1000,112.9
TLM04176,CUST0418,VEH0018,CONTR0418,2026-09-03T15:21:00,SYNTHETIC,68868,479,800,321,59.9,36.8,42.7,5,69.6,39.6,48,,297,0,-12.89019,-38.5723,Salvador,parked,none,1000,59.9
TLM04177,CUST0418,VEH0018,CONTR0418,2026-09-10T09:13:00,SYNTHETIC,68997,518,800,282,64.8,58.9,53.7,4,54.8,47.8,79,,489,0,-13.00552,-38.43108,Salvador,charging,maintenance,1000,64.8
TLM04178,CUST0418,VEH0018,CONTR0418,2026-09-17T10:41:00,SYNTHETIC,69229,930,800,0,116.3,36.3,33.1,12,54.7,81.3,44,,272,0,-12.87056,-38.56233,Salvador,moving,maintenance,350,116.3
TLM04179,CUST0418,VEH0018,CONTR0418,2026-09-24T20:02:00,SYNTHETIC,69439,841,800,0,105.1,59.4,49.0,7,49.5,77.7,69,,427,0,-12.88692,-38.44002,Salvador,parked,low_fuel,1500,105.1
TLM04180,CUST0418,VEH0018,CONTR0418,2026-10-01T20:18:00,SYNTHETIC,69670,927,800,0,115.9,34.8,32.8,12,56.5,81.5,63,,390,0,-13.00848,-38.43774,Salvador,parked,km_limit,4000,115.9
TLM04181,CUST0419,VEH0019,CONTR0419,2026-07-30T17:37:00,SYNTHETIC,68176,601,1500,899,40.1,39.1,47.8,5,73.2,60.3,67,,369,0,-16.76088,-49.33232,Goiânia,moving,low_fuel,287,40.1
TLM04182,CUST0419,VEH0019,CONTR0419,2026-08-06T19:46:00,SYNTHETIC,68311,543,1500,957,36.2,59.2,8.5,28,8.7,50.0,43,,237,0,-16.72245,-49.28203,Goiânia,moving,none,450,36.2
TLM04183,CUST0419,VEH0019,CONTR0419,2026-08-13T08:17:00,SYNTHETIC,68411,400,1500,1100,26.7,44.2,22.1,8,30.0,39.0,52,,287,0,-16.6814,-49.3214,Goiânia,moving,low_fuel,207,26.7
TLM04184,CUST0419,VEH0019,CONTR0419,2026-08-20T17:23:00,SYNTHETIC,68589,714,1500,786,47.6,58.9,22.2,14,22.6,77.0,78,,430,0,-16.71256,-49.31442,Goiânia,moving,low_fuel,109,47.6
TLM04185,CUST0419,VEH0019,CONTR0419,2026-08-27T06:09:00,SYNTHETIC,68777,754,1500,746,50.3,59.9,42.1,8,42.2,80.6,85,,469,0,-16.7018,-49.2028,Goiânia,moving,none,280,50.3
TLM04186,CUST0419,VEH0019,CONTR0419,2026-09-03T10:35:00,SYNTHETIC,68913,544,1500,956,36.3,40.0,31.6,7,47.4,50.6,65,,358,0,-16.68334,-49.22569,Goiânia,parked,none,336,36.3
TLM04187,CUST0419,VEH0019,CONTR0419,2026-09-10T19:56:00,SYNTHETIC,69119,825,1500,675,55.0,47.7,44.9,8,56.4,86.8,86,,474,0,-16.7017,-49.2582,Goiânia,moving,low_fuel,464,55.0
TLM04188,CUST0419,VEH0019,CONTR0419,2026-09-17T15:46:00,SYNTHETIC,69215,385,1500,1115,25.7,49.5,22.7,7,27.5,40.1,38,,209,0,-16.73249,-49.30052,Goiânia,parked,none,276,25.7
TLM04189,CUST0419,VEH0019,CONTR0419,2026-09-24T20:01:00,SYNTHETIC,69396,724,1500,776,48.3,42.5,52.5,6,74.2,76.8,27,,149,0,-16.69012,-49.32486,Goiânia,parked,low_fuel,219,48.3
TLM04190,CUST0419,VEH0019,CONTR0419,2026-10-01T15:51:00,SYNTHETIC,69572,704,1500,796,46.9,58.5,8.2,38,8.4,76.2,59,,325,0,-16.63797,-49.20891,Goiânia,parked,low_fuel,193,46.9
TLM04191,CUST0420,VEH0020,CONTR0420,2026-07-30T22:23:00,SYNTHETIC,34939,854,800,0,106.7,43.1,42.0,9,58.5,72.2,25,,150,0,-25.37637,-49.23859,Curitiba,parked,none,350,106.7
TLM04192,CUST0420,VEH0020,CONTR0420,2026-08-06T20:33:00,SYNTHETIC,35063,499,800,301,62.4,40.2,19.0,11,28.4,45.3,52,,312,0,-25.42487,-49.38168,Curitiba,moving,low_fuel,2500,62.4
TLM04193,CUST0420,VEH0020,CONTR0420,2026-08-13T17:54:00,SYNTHETIC,35231,673,800,127,84.1,60.9,18.8,16,18.5,58.8,81,,486,0,-25.34434,-49.33701,Curitiba,parked,km_limit,1500,84.1
TLM04194,CUST0420,VEH0020,CONTR0420,2026-08-20T07:40:00,SYNTHETIC,35445,859,800,0,107.4,56.2,12.6,31,13.4,66.8,40,,240,0,-25.45999,-49.29998,Curitiba,moving,low_fuel,1500,107.4
TLM04195,CUST0420,VEH0020,CONTR0420,2026-08-27T15:30:00,SYNTHETIC,35568,492,800,308,61.5,51.8,47.5,4,55.1,43.1,44,,264,0,-25.34616,-49.29331,Curitiba,moving,low_fuel,350,61.5
TLM04196,CUST0420,VEH0020,CONTR0420,2026-09-03T20:56:00,SYNTHETIC,35828,1040,800,0,130.0,50.3,45.7,10,54.6,82.2,79,,474,0,-25.31894,-49.32792,Curitiba,parked,none,1000,130.0
TLM04197,CUST0420,VEH0020,CONTR0420,2026-09-10T18:48:00,SYNTHETIC,36019,765,800,35,95.6,31.5,22.5,15,42.8,68.1,50,,300,0,-25.31603,-49.2998,Curitiba,parked,low_fuel,1500,95.6
TLM04198,CUST0420,VEH0020,CONTR0420,2026-09-17T09:06:00,SYNTHETIC,36171,610,800,190,76.2,43.1,24.5,11,34.2,48.7,23,,138,0,-25.3169,-49.25991,Curitiba,parked,low_fuel,4000,76.2
TLM04199,CUST0420,VEH0020,CONTR0420,2026-09-24T22:31:00,SYNTHETIC,36416,983,800,0,122.9,61.7,12.8,34,12.4,75.8,78,,468,0,-25.42195,-49.30111,Curitiba,moving,km_limit,350,122.9
TLM04200,CUST0420,VEH0020,CONTR0420,2026-10-01T08:01:00,SYNTHETIC,36635,877,800,0,109.6,37.3,42.2,9,68.0,69.1,26,,156,0,-25.4436,-49.2409,Curitiba,parked,none,350,109.6
TLM04201,CUST0421,VEH0021,CONTR0421,2026-07-30T10:02:00,SYNTHETIC,73684,311,1000,689,31.1,32.0,19.1,7,35.9,0.0,,33,86,0,-22.88614,-43.11677,Rio de Janeiro,parked,none,350,31.1
TLM04202,CUST0421,VEH0021,CONTR0421,2026-08-06T14:56:00,SYNTHETIC,73782,394,1000,606,39.4,51.8,10.6,16,12.2,0.0,,65,181,6,-22.99449,-43.09569,Rio de Janeiro,moving,maintenance,350,39.4
TLM04203,CUST0421,VEH0021,CONTR0421,2026-08-13T22:01:00,SYNTHETIC,73902,480,1000,520,48.0,33.9,21.8,10,38.6,0.0,,93,237,7,-22.89529,-43.21337,Rio de Janeiro,moving,none,4000,48.0
TLM04204,CUST0421,VEH0021,CONTR0421,2026-08-20T14:11:00,SYNTHETIC,74004,410,1000,590,41.0,54.7,28.0,6,30.7,0.0,,49,130,4,-22.9069,-43.11165,Rio de Janeiro,moving,none,700,41.0
TLM04205,CUST0421,VEH0021,CONTR0421,2026-08-27T19:38:00,SYNTHETIC,74079,301,1000,699,30.1,49.2,11.3,12,13.8,0.0,,65,185,4,-22.91506,-43.07278,Rio de Janeiro,moving,km_limit,1500,30.1
TLM04206,CUST0421,VEH0021,CONTR0421,2026-09-03T22:41:00,SYNTHETIC,74201,491,1000,509,49.1,33.9,28.5,7,50.4,0.0,,41,116,3,-22.94517,-43.21621,Rio de Janeiro,parked,none,4000,49.1
TLM04207,CUST0421,VEH0021,CONTR0421,2026-09-10T20:23:00,SYNTHETIC,74337,544,1000,456,54.4,36.2,46.6,5,77.2,0.0,,63,177,4,-22.87534,-43.21279,Rio de Janeiro,moving,none,1000,54.4
TLM04208,CUST0421,VEH0021,CONTR0421,2026-09-17T22:02:00,SYNTHETIC,74469,528,1000,472,52.8,28.7,15.9,15,33.2,0.0,,90,252,5,-22.86218,-43.13114,Rio de Janeiro,moving,battery_low,1500,52.8
TLM04209,CUST0421,VEH0021,CONTR0421,2026-09-24T14:39:00,SYNTHETIC,74604,541,1000,459,54.1,33.2,31.4,7,56.6,0.0,,78,217,6,-22.87171,-43.20287,Rio de Janeiro,parked,battery_low,2500,54.1
TLM04210,CUST0421,VEH0021,CONTR0421,2026-10-01T17:15:00,SYNTHETIC,74735,525,1000,475,52.5,55.5,28.4,8,30.8,0.0,,32,83,7,-22.87189,-43.119,Rio de Janeiro,moving,none,1000,52.5
TLM04211,CUST0422,VEH0022,CONTR0422,2026-07-30T06:43:00,SYNTHETIC,7777,1729,2000,271,86.5,58.5,43.7,17,44.9,83.4,46,,450,2,-8.13333,-34.88931,Recife,moving,none,2500,86.5
TLM04212,CUST0422,VEH0022,CONTR0422,2026-08-06T16:12:00,SYNTHETIC,8177,1602,2000,398,80.1,49.7,41.8,17,50.5,72.8,95,,930,1,-8.13517,-34.97483,Recife,moving,none,1500,80.1
TLM04213,CUST0422,VEH0022,CONTR0422,2026-08-13T11:45:00,SYNTHETIC,8586,1638,2000,362,81.9,46.6,25.5,29,32.9,66.6,55,,538,2,-7.99253,-34.962,Recife,parked,low_fuel,700,81.9
TLM04214,CUST0422,VEH0022,CONTR0422,2026-08-20T22:59:00,SYNTHETIC,9005,1677,2000,323,83.9,37.1,50.0,15,80.9,81.2,22,,215,2,-8.03285,-34.98538,Recife,parked,maintenance,700,83.9
TLM04215,CUST0422,VEH0022,CONTR0422,2026-08-27T10:11:00,SYNTHETIC,9449,1778,2000,222,88.9,46.4,38.8,20,50.1,87.8,36,,352,0,-8.05559,-34.88205,Recife,parked,none,4000,88.9
TLM04216,CUST0422,VEH0022,CONTR0422,2026-09-03T22:25:00,SYNTHETIC,9878,1718,2000,282,85.9,48.5,33.8,23,41.8,70.8,80,,783,2,-8.10444,-34.84855,Recife,parked,low_fuel,350,85.9
TLM04217,CUST0422,VEH0022,CONTR0422,2026-09-10T17:52:00,SYNTHETIC,10295,1668,2000,332,83.4,59.9,39.9,18,40.0,78.3,37,,362,0,-8.08762,-34.92696,Recife,moving,none,1000,83.4
TLM04218,CUST0422,VEH0022,CONTR0422,2026-09-17T14:10:00,SYNTHETIC,10698,1615,2000,385,80.8,37.0,31.3,23,50.8,74.3,94,,920,1,-7.99056,-34.8932,Recife,parked,low_fuel,1000,80.8
TLM04219,CUST0422,VEH0022,CONTR0422,2026-09-24T12:50:00,SYNTHETIC,11113,1660,2000,340,83.0,35.4,18.4,41,31.2,80.0,61,,597,2,-7.9794,-34.86405,Recife,parked,maintenance,350,83.0
TLM04220,CUST0422,VEH0022,CONTR0422,2026-10-01T06:40:00,SYNTHETIC,11516,1615,2000,385,80.8,58.8,54.8,13,55.9,66.1,15,,146,2,-7.98378,-34.92042,Recife,charging,none,2500,80.8
TLM04221,CUST0423,VEH0023,CONTR0423,2026-07-30T16:29:00,SYNTHETIC,55269,888,1000,112,88.8,40.4,30.9,13,45.9,0.0,,91,241,7,-19.87627,-43.97426,Belo Horizonte,moving,battery_low,350,88.8
TLM04222,CUST0423,VEH0023,CONTR0423,2026-08-06T15:50:00,SYNTHETIC,55445,705,1000,295,70.5,35.2,43.5,7,74.2,0.0,,29,73,8,-19.90277,-43.95823,Belo Horizonte,parked,battery_low,4000,70.5
TLM04223,CUST0423,VEH0023,CONTR0423,2026-08-13T22:07:00,SYNTHETIC,55633,752,1000,248,75.2,56.3,24.6,13,26.2,0.0,,38,109,2,-19.98621,-43.90222,Belo Horizonte,moving,battery_low,1500,75.2
TLM04224,CUST0423,VEH0023,CONTR0423,2026-08-20T14:42:00,SYNTHETIC,55876,973,1000,27,97.3,41.6,19.7,22,28.4,0.0,,29,82,5,-19.9895,-43.93774,Belo Horizonte,parked,none,700,97.3
TLM04225,CUST0423,VEH0023,CONTR0423,2026-08-27T06:04:00,SYNTHETIC,56165,1159,1000,0,115.9,52.4,50.0,10,57.3,0.0,,82,207,1,-19.99278,-43.95908,Belo Horizonte,moving,battery_low,1500,115.9
TLM04226,CUST0423,VEH0023,CONTR0423,2026-09-03T20:45:00,SYNTHETIC,56423,1035,1000,0,103.5,43.5,48.8,9,67.3,0.0,,86,221,1,-19.96216,-43.96293,Belo Horizonte,parked,km_limit,350,103.5
TLM04227,CUST0423,VEH0023,CONTR0423,2026-09-10T18:31:00,SYNTHETIC,56698,1102,1000,0,110.2,54.9,33.6,14,36.8,0.0,,30,84,7,-19.91029,-43.92737,Belo Horizonte,parked,battery_low,350,110.2
TLM04228,CUST0423,VEH0023,CONTR0423,2026-09-17T06:58:00,SYNTHETIC,56960,1048,1000,0,104.8,29.8,6.9,69,13.9,0.0,,46,132,2,-20.0092,-43.97617,Belo Horizonte,moving,battery_low,700,104.8
TLM04229,CUST0423,VEH0023,CONTR0423,2026-09-24T12:03:00,SYNTHETIC,57254,1178,1000,0,117.8,44.3,53.7,9,72.7,0.0,,65,180,0,-19.88638,-43.9737,Belo Horizonte,parked,maintenance,700,117.8
TLM04230,CUST0423,VEH0023,CONTR0423,2026-10-01T13:06:00,SYNTHETIC,57555,1205,1000,0,120.5,34.5,24.1,22,41.9,0.0,,51,128,3,-19.98659,-43.89668,Belo Horizonte,parked,battery_low,1500,120.5
TLM04231,CUST0424,VEH0024,CONTR0424,2026-07-30T21:44:00,SYNTHETIC,9387,2433,2000,0,121.6,37.2,50.1,22,80.8,185.2,84,,697,0,-30.08252,-51.17608,Porto Alegre,parked,maintenance,2500,121.6
TLM04232,CUST0424,VEH0024,CONTR0424,2026-08-06T10:58:00,SYNTHETIC,9777,1561,2000,439,78.0,51.6,37.5,18,43.6,107.4,76,,630,2,-30.05741,-51.17051,Porto Alegre,parked,maintenance,350,78.0
TLM04233,CUST0424,VEH0024,CONTR0424,2026-08-13T06:17:00,SYNTHETIC,10300,2095,2000,0,104.8,46.3,16.3,58,21.1,158.0,95,,788,0,-29.98872,-51.17884,Porto Alegre,parked,none,1500,104.8
TLM04234,CUST0424,VEH0024,CONTR0424,2026-08-20T14:34:00,SYNTHETIC,10953,2612,2000,0,130.6,58.9,43.7,27,44.5,195.6,64,,531,2,-30.07805,-51.30547,Porto Alegre,parked,maintenance,350,130.6
TLM04235,CUST0424,VEH0024,CONTR0424,2026-08-27T08:07:00,SYNTHETIC,11524,2285,2000,0,114.2,60.3,42.7,24,42.6,181.4,47,,390,1,-30.05361,-51.29862,Porto Alegre,moving,maintenance,1000,114.2
TLM04236,CUST0424,VEH0024,CONTR0424,2026-09-03T09:32:00,SYNTHETIC,11927,1614,2000,386,80.7,33.7,44.1,16,78.7,112.0,57,,473,1,-30.02142,-51.22765,Porto Alegre,moving,none,700,80.7
TLM04237,CUST0424,VEH0024,CONTR0424,2026-09-10T17:10:00,SYNTHETIC,12423,1984,2000,16,99.2,34.0,17.0,53,30.0,136.4,75,,622,0,-30.12258,-51.25671,Porto Alegre,charging,low_fuel,1500,99.2
TLM04238,CUST0424,VEH0024,CONTR0424,2026-09-17T09:44:00,SYNTHETIC,12913,1960,2000,40,98.0,60.6,53.6,16,53.0,156.9,33,,273,0,-30.0983,-51.26577,Porto Alegre,parked,low_fuel,350,98.0
TLM04239,CUST0424,VEH0024,CONTR0424,2026-09-24T10:29:00,SYNTHETIC,13363,1800,2000,200,90.0,57.4,32.6,25,34.1,131.4,71,,589,1,-30.0704,-51.29418,Porto Alegre,parked,km_limit,2500,90.0
TLM04240,CUST0424,VEH0024,CONTR0424,2026-10-01T20:18:00,SYNTHETIC,13935,2288,2000,0,114.4,41.9,23.3,44,33.4,176.7,53,,439,1,-29.99746,-51.19143,Porto Alegre,parked,none,4000,114.4
TLM04241,CUST0425,VEH0025,CONTR0425,2026-07-30T21:06:00,SYNTHETIC,75867,1282,1800,518,71.2,51.5,32.2,18,37.5,114.4,95,,608,0,-25.45183,-49.30736,Curitiba,charging,maintenance,2500,71.2
TLM04242,CUST0425,VEH0025,CONTR0425,2026-08-06T06:20:00,SYNTHETIC,76362,1983,1800,0,110.2,48.9,33.7,26,41.3,188.7,76,,487,0,-25.48154,-49.22149,Curitiba,moving,km_limit,700,110.2
TLM04243,CUST0425,VEH0025,CONTR0425,2026-08-13T21:34:00,SYNTHETIC,76899,2148,1800,0,119.3,46.5,9.2,106,11.8,205.2,17,,108,0,-25.48234,-49.21345,Curitiba,maintenance,km_limit,350,119.3
TLM04244,CUST0425,VEH0025,CONTR0425,2026-08-20T21:43:00,SYNTHETIC,77309,1643,1800,157,91.3,61.3,41.9,17,41.0,139.7,47,,301,0,-25.40095,-49.32057,Curitiba,moving,maintenance,350,91.3
TLM04245,CUST0425,VEH0025,CONTR0425,2026-08-27T11:30:00,SYNTHETIC,77656,1390,1800,410,77.2,52.9,10.3,61,11.7,118.1,94,,602,0,-25.36452,-49.3125,Curitiba,moving,none,4000,77.2
TLM04246,CUST0425,VEH0025,CONTR0425,2026-09-03T20:33:00,SYNTHETIC,78019,1455,1800,345,80.8,50.4,23.2,28,27.5,143.9,51,,326,0,-25.37399,-49.24037,Curitiba,parked,none,1500,80.8
TLM04247,CUST0425,VEH0025,CONTR0425,2026-09-10T15:01:00,SYNTHETIC,78357,1355,1800,445,75.3,55.1,46.0,13,50.1,128.1,73,,467,0,-25.45488,-49.2911,Curitiba,parked,km_limit,350,75.3
TLM04248,CUST0425,VEH0025,CONTR0425,2026-09-17T21:27:00,SYNTHETIC,78783,1706,1800,94,94.8,47.6,18.8,41,23.7,165.6,63,,403,0,-25.42269,-49.26871,Curitiba,moving,none,350,94.8
TLM04249,CUST0425,VEH0025,CONTR0425,2026-09-24T21:33:00,SYNTHETIC,79173,1560,1800,240,86.7,30.9,33.5,21,65.0,135.9,92,,589,0,-25.38264,-49.27481,Curitiba,moving,none,700,86.7
TLM04250,CUST0425,VEH0025,CONTR0425,2026-10-01T16:51:00,SYNTHETIC,79442,1078,1800,722,59.9,45.0,9.8,50,13.0,106.2,35,,224,0,-25.37386,-49.23946,Curitiba,parked,none,1500,59.9
TLM04251,CUST0426,VEH0026,CONTR0426,2026-07-30T16:48:00,SYNTHETIC,52981,384,1000,616,38.4,30.5,14.5,12,28.4,35.3,36,,207,0,-3.70094,-38.56293,Fortaleza,moving,low_fuel,700,38.4
TLM04252,CUST0426,VEH0026,CONTR0426,2026-08-06T21:43:00,SYNTHETIC,53067,347,1000,653,34.7,32.4,53.4,2,98.8,29.6,51,,293,0,-3.8056,-38.4927,Fortaleza,parked,none,1000,34.7
TLM04253,CUST0426,VEH0026,CONTR0426,2026-08-13T07:02:00,SYNTHETIC,53168,405,1000,595,40.5,29.0,49.8,3,103.3,37.0,60,,345,0,-3.79247,-38.54949,Fortaleza,parked,none,4000,40.5
TLM04254,CUST0426,VEH0026,CONTR0426,2026-08-20T18:42:00,SYNTHETIC,53235,269,1000,731,26.9,33.3,43.3,2,78.0,21.2,52,,299,0,-3.7679,-38.43341,Fortaleza,parked,maintenance,1500,26.9
TLM04255,CUST0426,VEH0026,CONTR0426,2026-08-27T07:39:00,SYNTHETIC,53337,409,1000,591,40.9,28.9,53.6,3,111.4,34.8,91,,524,0,-3.73743,-38.43919,Fortaleza,parked,none,4000,40.9
TLM04256,CUST0426,VEH0026,CONTR0426,2026-09-03T15:47:00,SYNTHETIC,53405,272,1000,728,27.2,44.6,49.4,2,66.6,24.0,48,,276,0,-3.73045,-38.4652,Fortaleza,parked,none,2500,27.2
TLM04257,CUST0426,VEH0026,CONTR0426,2026-09-10T10:00:00,SYNTHETIC,53505,403,1000,597,40.3,48.9,55.0,3,67.4,31.6,52,,299,0,-3.75353,-38.42234,Fortaleza,maintenance,none,1000,40.3
TLM04258,CUST0426,VEH0026,CONTR0426,2026-09-17T17:59:00,SYNTHETIC,53625,483,1000,517,48.3,39.9,44.7,4,67.2,39.8,87,,501,0,-3.77043,-38.53288,Fortaleza,parked,none,1000,48.3
TLM04259,CUST0426,VEH0026,CONTR0426,2026-09-24T20:23:00,SYNTHETIC,53736,447,1000,553,44.7,59.1,47.5,4,48.3,39.6,21,,120,0,-3.6966,-38.49147,Fortaleza,parked,none,350,44.7
TLM04260,CUST0426,VEH0026,CONTR0426,2026-10-01T16:03:00,SYNTHETIC,53874,554,1000,446,55.4,49.0,14.1,17,17.2,50.6,58,,334,0,-3.81433,-38.55133,Fortaleza,parked,low_fuel,1500,55.4
TLM04261,CUST0427,VEH0027,CONTR0427,2026-07-30T17:59:00,SYNTHETIC,20724,1216,1200,0,101.3,58.1,15.0,36,15.5,126.4,62,,385,0,-25.45991,-49.3181,Curitiba,parked,none,1000,101.3
TLM04262,CUST0427,VEH0027,CONTR0427,2026-08-06T10:15:00,SYNTHETIC,20984,1040,1200,160,86.7,38.8,12.5,37,19.3,103.3,69,,428,0,-25.41129,-49.24932,Curitiba,parked,km_limit,1500,86.7
TLM04263,CUST0427,VEH0027,CONTR0427,2026-08-13T06:25:00,SYNTHETIC,21189,820,1200,380,68.3,28.4,27.7,13,58.7,92.4,67,,416,0,-25.4421,-49.25531,Curitiba,parked,maintenance,700,68.3
TLM04264,CUST0427,VEH0027,CONTR0427,2026-08-20T20:46:00,SYNTHETIC,21547,1434,1200,0,119.5,28.4,40.0,16,84.4,159.9,19,,117,0,-25.48849,-49.22124,Curitiba,parked,none,1500,119.5
TLM04265,CUST0427,VEH0027,CONTR0427,2026-08-27T17:19:00,SYNTHETIC,21816,1079,1200,121,89.9,37.3,6.7,72,10.8,110.5,51,,316,0,-25.47016,-49.21139,Curitiba,moving,low_fuel,4000,89.9
TLM04266,CUST0427,VEH0027,CONTR0427,2026-09-03T14:35:00,SYNTHETIC,21997,727,1200,473,60.6,60.1,23.7,13,23.7,73.4,56,,347,0,-25.46217,-49.16306,Curitiba,moving,maintenance,4000,60.6
TLM04267,CUST0427,VEH0027,CONTR0427,2026-09-10T10:08:00,SYNTHETIC,22199,810,1200,390,67.5,32.3,17.0,21,31.5,81.7,66,,409,0,-25.37631,-49.28254,Curitiba,parked,low_fuel,350,67.5
TLM04268,CUST0427,VEH0027,CONTR0427,2026-09-17T12:26:00,SYNTHETIC,22377,713,1200,487,59.4,50.5,43.9,7,52.1,80.1,80,,496,0,-25.41083,-49.1719,Curitiba,parked,km_limit,4000,59.4
TLM04269,CUST0427,VEH0027,CONTR0427,2026-09-24T09:31:00,SYNTHETIC,22615,954,1200,246,79.5,36.6,53.2,8,87.2,99.2,48,,298,0,-25.45036,-49.28937,Curitiba,parked,none,700,79.5
TLM04270,CUST0427,VEH0027,CONTR0427,2026-10-01T12:59:00,SYNTHETIC,22868,1014,1200,186,84.5,57.6,49.1,9,51.2,96.1,48,,298,0,-25.40709,-49.19912,Curitiba,moving,km_limit,1000,84.5
TLM04271,CUST0428,VEH0028,CONTR0428,2026-07-30T17:21:00,SYNTHETIC,57608,2257,2500,243,90.3,34.1,30.3,33,53.3,186.9,92,,521,0,-15.82738,-47.93368,Brasília,parked,km_limit,2500,90.3
TLM04272,CUST0428,VEH0028,CONTR0428,2026-08-06T19:32:00,SYNTHETIC,58481,3492,2500,0,139.7,50.7,73.9,21,87.5,312.6,25,,141,0,-15.80669,-47.88506,Brasília,moving,low_fuel,1500,139.7
TLM04273,CUST0428,VEH0028,CONTR0428,2026-08-13T15:45:00,SYNTHETIC,59045,2259,2500,241,90.4,46.7,57.8,17,74.3,186.4,72,,408,0,-15.83232,-47.85828,Brasília,moving,low_fuel,1000,90.4
TLM04274,CUST0428,VEH0028,CONTR0428,2026-08-20T20:01:00,SYNTHETIC,59949,3618,2500,0,144.7,61.8,58.7,28,57.0,285.7,74,,419,0,-15.84479,-47.90153,Brasília,parked,km_limit,1000,144.7
TLM04275,CUST0428,VEH0028,CONTR0428,2026-08-27T17:55:00,SYNTHETIC,60664,2861,2500,0,114.4,39.5,55.8,23,84.7,243.7,54,,306,0,-15.84201,-47.86443,Brasília,parked,low_fuel,2500,114.4
TLM04276,CUST0428,VEH0028,CONTR0428,2026-09-03T16:27:00,SYNTHETIC,61751,4350,2500,0,174.0,57.0,54.8,36,57.7,344.6,24,,136,0,-15.85006,-47.90923,Brasília,moving,low_fuel,4000,174.0
TLM04277,CUST0428,VEH0028,CONTR0428,2026-09-10T08:34:00,SYNTHETIC,62303,2208,2500,292,88.3,49.8,62.1,16,74.8,199.5,35,,198,0,-15.89919,-47.92609,Brasília,parked,km_limit,1500,88.3
TLM04278,CUST0428,VEH0028,CONTR0428,2026-09-17T09:27:00,SYNTHETIC,63313,4043,2500,0,161.7,33.1,11.1,165,20.1,321.4,65,,368,0,-15.79323,-47.86165,Brasília,parked,low_fuel,700,161.7
TLM04279,CUST0428,VEH0028,CONTR0428,2026-09-24T12:55:00,SYNTHETIC,64399,4344,2500,0,173.8,29.3,72.6,27,148.6,350.8,54,,306,0,-15.88257,-47.9073,Brasília,moving,low_fuel,2500,173.8
TLM04280,CUST0428,VEH0028,CONTR0428,2026-10-01T08:16:00,SYNTHETIC,65417,4075,2500,0,163.0,35.2,42.5,43,72.6,350.8,43,,243,0,-15.81525,-47.88074,Brasília,parked,low_fuel,700,163.0
TLM04281,CUST0429,VEH0029,CONTR0429,2026-07-30T06:59:00,SYNTHETIC,42675,953,1500,547,63.5,59.7,39.6,10,39.8,87.1,95,,512,0,-16.60356,-49.26564,Goiânia,moving,low_fuel,700,63.5
TLM04282,CUST0429,VEH0029,CONTR0429,2026-08-06T06:09:00,SYNTHETIC,42866,767,1500,733,51.1,48.8,50.9,6,62.6,73.9,19,,102,0,-16.59757,-49.18514,Goiânia,moving,none,2500,51.1
TLM04283,CUST0429,VEH0029,CONTR0429,2026-08-13T06:32:00,SYNTHETIC,43013,591,1500,909,39.4,58.5,42.6,6,43.8,52.9,26,,140,0,-16.61785,-49.20238,Goiânia,parked,maintenance,1500,39.4
TLM04284,CUST0429,VEH0029,CONTR0429,2026-08-20T21:49:00,SYNTHETIC,43214,804,1500,696,53.6,49.2,40.5,9,49.3,79.3,65,,350,0,-16.66641,-49.33382,Goiânia,parked,km_limit,700,53.6
TLM04285,CUST0429,VEH0029,CONTR0429,2026-08-27T09:23:00,SYNTHETIC,43470,1025,1500,475,68.3,38.0,43.5,10,68.6,91.0,25,,134,0,-16.57959,-49.27543,Goiânia,parked,none,700,68.3
TLM04286,CUST0429,VEH0029,CONTR0429,2026-09-03T18:47:00,SYNTHETIC,43795,1302,1500,198,86.8,61.3,13.7,43,13.4,118.6,90,,485,0,-16.66955,-49.31578,Goiânia,moving,low_fuel,1500,86.8
TLM04287,CUST0429,VEH0029,CONTR0429,2026-09-10T21:56:00,SYNTHETIC,43964,677,1500,823,45.1,53.6,15.3,20,17.1,62.3,29,,156,0,-16.62351,-49.31589,Goiânia,parked,none,4000,45.1
TLM04288,CUST0429,VEH0029,CONTR0429,2026-09-17T14:36:00,SYNTHETIC,44277,1252,1500,248,83.5,38.0,25.4,22,40.1,115.3,52,,280,0,-16.71392,-49.21544,Goiânia,moving,km_limit,2500,83.5
TLM04289,CUST0429,VEH0029,CONTR0429,2026-09-24T16:54:00,SYNTHETIC,44521,979,1500,521,65.3,57.1,15.9,27,16.7,97.2,41,,220,0,-16.62344,-49.29075,Goiânia,parked,none,700,65.3
TLM04290,CUST0429,VEH0029,CONTR0429,2026-10-01T09:19:00,SYNTHETIC,44697,704,1500,796,46.9,56.5,20.0,15,21.3,66.1,43,,231,0,-16.71562,-49.28955,Goiânia,parked,none,1500,46.9
TLM04291,CUST0430,VEH0030,CONTR0430,2026-07-30T12:41:00,SYNTHETIC,58942,1678,1200,0,139.8,46.0,34.3,22,44.8,86.5,39,,318,2,-25.51722,-49.28258,Curitiba,moving,km_limit,4000,139.8
TLM04292,CUST0430,VEH0030,CONTR0430,2026-08-06T17:41:00,SYNTHETIC,59395,1812,1200,0,151.0,37.9,36.6,22,58.0,106.5,67,,546,0,-25.43151,-49.36456,Curitiba,moving,none,1000,151.0
TLM04293,CUST0430,VEH0030,CONTR0430,2026-08-13T10:20:00,SYNTHETIC,59804,1636,1200,0,136.3,50.8,33.8,22,39.9,82.4,90,,734,2,-25.50752,-49.22311,Curitiba,parked,none,2500,136.3
TLM04294,CUST0430,VEH0030,CONTR0430,2026-08-20T07:21:00,SYNTHETIC,60093,1159,1200,41,96.6,28.3,43.9,11,93.2,62.3,49,,399,2,-25.41147,-49.26748,Curitiba,moving,km_limit,4000,96.6
TLM04295,CUST0430,VEH0030,CONTR0430,2026-08-27T10:02:00,SYNTHETIC,60388,1181,1200,19,98.4,51.1,34.8,15,40.9,59.7,55,,448,0,-25.43575,-49.33448,Curitiba,parked,none,350,98.4
TLM04296,CUST0430,VEH0030,CONTR0430,2026-09-03T08:09:00,SYNTHETIC,60745,1431,1200,0,119.2,49.5,9.6,67,11.6,84.0,69,,563,0,-25.38514,-49.35136,Curitiba,parked,none,1000,119.2
TLM04297,CUST0430,VEH0030,CONTR0430,2026-09-10T22:18:00,SYNTHETIC,60977,929,1200,271,77.4,41.8,29.8,14,42.7,50.8,33,,269,0,-25.44993,-49.31706,Curitiba,moving,none,350,77.4
TLM04298,CUST0430,VEH0030,CONTR0430,2026-09-17T07:47:00,SYNTHETIC,61391,1659,1200,0,138.2,39.3,27.2,27,41.6,94.9,64,,522,0,-25.43519,-49.23816,Curitiba,moving,none,700,138.2
TLM04299,CUST0430,VEH0030,CONTR0430,2026-09-24T10:39:00,SYNTHETIC,61640,998,1200,202,83.2,31.0,23.0,19,44.5,58.8,78,,636,0,-25.50349,-49.22845,Curitiba,parked,low_fuel,2500,83.2
TLM04300,CUST0430,VEH0030,CONTR0430,2026-10-01T21:09:00,SYNTHETIC,62076,1746,1200,0,145.5,56.4,28.8,27,30.7,86.6,63,,514,1,-25.42374,-49.31374,Curitiba,parked,maintenance,4000,145.5
TLM04301,CUST0431,VEH0031,CONTR0431,2026-07-30T17:40:00,SYNTHETIC,30129,2001,1500,0,133.4,49.5,34.2,26,41.5,173.1,57,,326,0,-23.00451,-43.216,Rio de Janeiro,parked,km_limit,350,133.4
TLM04302,CUST0431,VEH0031,CONTR0431,2026-08-06T20:56:00,SYNTHETIC,30367,953,1500,547,63.5,45.7,40.2,10,52.7,79.4,72,,411,0,-22.98692,-43.23745,Rio de Janeiro,moving,none,1500,63.5
TLM04303,CUST0431,VEH0031,CONTR0431,2026-08-13T18:48:00,SYNTHETIC,30751,1538,1500,0,102.5,43.6,41.8,16,57.4,116.5,44,,251,0,-22.89916,-43.12609,Rio de Janeiro,moving,low_fuel,700,102.5
TLM04304,CUST0431,VEH0031,CONTR0431,2026-08-20T10:57:00,SYNTHETIC,31100,1399,1500,101,93.3,54.7,20.9,30,22.9,105.9,45,,257,0,-22.87458,-43.12758,Rio de Janeiro,moving,low_fuel,4000,93.3
TLM04305,CUST0431,VEH0031,CONTR0431,2026-08-27T07:50:00,SYNTHETIC,31585,1942,1500,0,129.5,42.0,26.8,32,38.3,151.7,18,,102,0,-22.93035,-43.21239,Rio de Janeiro,moving,maintenance,700,129.5
TLM04306,CUST0431,VEH0031,CONTR0431,2026-09-03T07:52:00,SYNTHETIC,32070,1941,1500,0,129.4,46.4,40.1,22,51.8,142.2,89,,509,0,-22.88242,-43.15393,Rio de Janeiro,moving,none,1500,129.4
TLM04307,CUST0431,VEH0031,CONTR0431,2026-09-10T13:52:00,SYNTHETIC,32515,1780,1500,0,118.7,35.4,7.8,104,13.2,150.5,89,,509,0,-22.98604,-43.15849,Rio de Janeiro,parked,none,2500,118.7
TLM04308,CUST0431,VEH0031,CONTR0431,2026-09-17T22:25:00,SYNTHETIC,32943,1712,1500,0,114.1,29.9,31.9,24,64.1,137.0,66,,377,0,-22.96694,-43.18124,Rio de Janeiro,moving,none,2500,114.1
TLM04309,CUST0431,VEH0031,CONTR0431,2026-09-24T17:44:00,SYNTHETIC,33216,1095,1500,405,73.0,34.3,28.8,17,50.3,86.0,60,,343,0,-22.95715,-43.14176,Rio de Janeiro,moving,none,1500,73.0
TLM04310,CUST0431,VEH0031,CONTR0431,2026-10-01T10:51:00,SYNTHETIC,33722,2026,1500,0,135.1,47.8,30.2,30,38.0,157.6,26,,148,0,-22.96918,-43.15139,Rio de Janeiro,parked,none,2500,135.1
TLM04311,CUST0432,VEH0032,CONTR0432,2026-07-30T07:39:00,SYNTHETIC,46644,2930,3000,70,97.7,32.7,15.2,87,27.8,277.3,26,,140,0,-29.96038,-51.21511,Porto Alegre,moving,km_limit,1500,97.7
TLM04312,CUST0432,VEH0032,CONTR0432,2026-08-06T06:46:00,SYNTHETIC,47472,3313,3000,0,110.4,61.2,35.8,42,35.2,290.3,51,,275,0,-29.96764,-51.23638,Porto Alegre,moving,low_fuel,700,110.4
TLM04313,CUST0432,VEH0032,CONTR0432,2026-08-13T13:33:00,SYNTHETIC,48347,3500,3000,0,116.7,43.3,16.8,94,23.3,289.7,21,,113,0,-30.05281,-51.11751,Porto Alegre,parked,maintenance,1000,116.7
TLM04314,CUST0432,VEH0032,CONTR0432,2026-08-20T20:12:00,SYNTHETIC,49155,3234,3000,0,107.8,61.8,51.1,28,49.6,276.9,59,,319,0,-30.01306,-51.1259,Porto Alegre,maintenance,none,700,107.8
TLM04315,CUST0432,VEH0032,CONTR0432,2026-08-27T17:32:00,SYNTHETIC,49908,3015,3000,0,100.5,35.4,48.8,28,82.7,278.4,70,,378,0,-30.09127,-51.13076,Porto Alegre,parked,maintenance,1000,100.5
TLM04316,CUST0432,VEH0032,CONTR0432,2026-09-03T17:43:00,SYNTHETIC,50507,2398,3000,602,79.9,59.4,36.8,29,37.2,207.5,94,,508,0,-30.01225,-51.18328,Porto Alegre,parked,none,2500,79.9
TLM04317,CUST0432,VEH0032,CONTR0432,2026-09-10T14:42:00,SYNTHETIC,51253,2984,3000,16,99.5,49.8,40.9,33,49.3,277.4,56,,302,0,-29.99034,-51.16095,Porto Alegre,parked,none,2500,99.5
TLM04318,CUST0432,VEH0032,CONTR0432,2026-09-17T20:26:00,SYNTHETIC,52000,2988,3000,12,99.6,32.3,33.8,40,62.7,283.2,40,,216,0,-30.09582,-51.26858,Porto Alegre,moving,maintenance,1500,99.6
TLM04319,CUST0432,VEH0032,CONTR0432,2026-09-24T09:02:00,SYNTHETIC,52578,2315,3000,685,77.2,30.7,51.6,20,100.9,198.6,60,,324,0,-30.03513,-51.22412,Porto Alegre,parked,low_fuel,1000,77.2
TLM04320,CUST0432,VEH0032,CONTR0432,2026-10-01T17:35:00,SYNTHETIC,53276,2794,3000,206,93.1,47.1,25.7,49,32.7,259.9,63,,340,0,-30.02969,-51.26756,Porto Alegre,parked,none,350,93.1
TLM04321,CUST0433,VEH0033,CONTR0433,2026-07-30T12:41:00,SYNTHETIC,71516,2456,3000,544,81.9,43.5,6.4,174,8.8,208.7,38,,193,0,-30.05369,-51.18498,Porto Alegre,moving,maintenance,1500,81.9
TLM04322,CUST0433,VEH0033,CONTR0433,2026-08-06T21:26:00,SYNTHETIC,72136,2483,3000,517,82.8,41.3,24.3,46,35.4,247.7,23,,116,0,-29.97477,-51.25138,Porto Alegre,moving,km_limit,350,82.8
TLM04323,CUST0433,VEH0033,CONTR0433,2026-08-13T15:45:00,SYNTHETIC,72832,2784,3000,216,92.8,57.8,44.6,28,46.3,270.4,23,,116,0,-30.00079,-51.21319,Porto Alegre,moving,low_fuel,2500,92.8
TLM04324,CUST0433,VEH0033,CONTR0433,2026-08-20T16:28:00,SYNTHETIC,73459,2511,3000,489,83.7,44.9,11.2,102,14.9,253.5,75,,381,0,-30.01392,-51.17322,Porto Alegre,moving,none,700,83.7
TLM04325,CUST0433,VEH0033,CONTR0433,2026-08-27T07:20:00,SYNTHETIC,74150,2765,3000,235,92.2,55.4,15.9,78,17.3,246.2,93,,472,0,-30.00684,-51.26611,Porto Alegre,parked,low_fuel,2500,92.2
TLM04326,CUST0433,VEH0033,CONTR0433,2026-09-03T14:53:00,SYNTHETIC,74848,2793,3000,207,93.1,43.1,44.0,28,61.3,237.3,22,,111,0,-29.91468,-51.27278,Porto Alegre,parked,low_fuel,4000,93.1
TLM04327,CUST0433,VEH0033,CONTR0433,2026-09-10T21:34:00,SYNTHETIC,75507,2636,3000,364,87.9,41.1,49.5,24,72.2,242.3,17,,86,0,-29.92206,-51.27283,Porto Alegre,moving,none,4000,87.9
TLM04328,CUST0433,VEH0033,CONTR0433,2026-09-17T17:18:00,SYNTHETIC,76210,2814,3000,186,93.8,40.3,15.3,83,22.8,263.5,43,,218,0,-29.92806,-51.30574,Porto Alegre,parked,none,350,93.8
TLM04329,CUST0433,VEH0033,CONTR0433,2026-09-24T06:28:00,SYNTHETIC,76831,2486,3000,514,82.9,56.0,17.6,64,18.8,237.6,17,,86,0,-29.92864,-51.24043,Porto Alegre,parked,none,1000,82.9
TLM04330,CUST0433,VEH0033,CONTR0433,2026-10-01T19:35:00,SYNTHETIC,77504,2692,3000,308,89.7,56.4,24.8,49,26.4,231.2,90,,457,0,-29.962,-51.276,Porto Alegre,moving,none,1000,89.7
TLM04331,CUST0434,VEH0034,CONTR0434,2026-07-30T06:52:00,SYNTHETIC,48961,1238,1000,0,123.8,53.6,19.8,28,22.1,123.7,74,,407,0,-12.93056,-38.48869,Salvador,parked,low_fuel,700,123.8
TLM04332,CUST0434,VEH0034,CONTR0434,2026-08-06T11:28:00,SYNTHETIC,49240,1119,1000,0,111.9,61.7,19.6,25,19.0,109.3,21,,115,0,-12.94775,-38.4543,Salvador,parked,none,700,111.9
TLM04333,CUST0434,VEH0034,CONTR0434,2026-08-13T20:37:00,SYNTHETIC,49530,1160,1000,0,116.0,29.8,43.1,12,86.7,120.9,31,,170,0,-13.0322,-38.49474,Salvador,parked,none,1000,116.0
TLM04334,CUST0434,VEH0034,CONTR0434,2026-08-20T21:19:00,SYNTHETIC,49806,1104,1000,0,110.4,58.2,12.0,41,12.4,113.6,19,,104,0,-12.9604,-38.60056,Salvador,parked,km_limit,1500,110.4
TLM04335,CUST0434,VEH0034,CONTR0434,2026-08-27T21:06:00,SYNTHETIC,50116,1243,1000,0,124.3,34.5,26.4,21,45.8,126.0,52,,286,0,-13.05981,-38.50377,Salvador,moving,low_fuel,700,124.3
TLM04336,CUST0434,VEH0034,CONTR0434,2026-09-03T16:13:00,SYNTHETIC,50422,1225,1000,0,122.5,61.9,54.9,10,53.2,111.3,44,,242,0,-12.95278,-38.52053,Salvador,parked,none,1500,122.5
TLM04337,CUST0434,VEH0034,CONTR0434,2026-09-10T16:54:00,SYNTHETIC,50733,1247,1000,0,124.7,42.3,36.3,15,51.6,121.2,39,,214,0,-12.92732,-38.48602,Salvador,moving,none,700,124.7
TLM04338,CUST0434,VEH0034,CONTR0434,2026-09-17T13:33:00,SYNTHETIC,51044,1244,1000,0,124.4,43.2,27.9,20,38.7,124.3,89,,489,0,-13.02214,-38.47112,Salvador,moving,none,350,124.4
TLM04339,CUST0434,VEH0034,CONTR0434,2026-09-24T10:10:00,SYNTHETIC,51306,1051,1000,0,105.1,45.9,30.2,15,39.5,105.7,77,,423,0,-13.03372,-38.59781,Salvador,parked,none,4000,105.1
TLM04340,CUST0434,VEH0034,CONTR0434,2026-10-01T12:42:00,SYNTHETIC,51576,1082,1000,0,108.2,52.6,8.2,59,9.4,109.9,16,,88,0,-12.9076,-38.58975,Salvador,parked,none,4000,108.2
TLM04341,CUST0435,VEH0035,CONTR0435,2026-07-30T12:22:00,SYNTHETIC,11574,1533,1800,267,85.2,51.0,32.7,21,38.4,135.8,85,,466,0,-15.74062,-47.86559,Brasília,moving,none,1000,85.2
TLM04342,CUST0435,VEH0035,CONTR0435,2026-08-06T14:40:00,SYNTHETIC,12006,1731,1800,69,96.2,52.7,17.8,44,20.2,140.1,63,,345,0,-15.75344,-47.92746,Brasília,moving,maintenance,1500,96.2
TLM04343,CUST0435,VEH0035,CONTR0435,2026-08-13T16:54:00,SYNTHETIC,12463,1828,1800,0,101.6,49.2,20.9,39,25.5,143.9,88,,483,0,-15.76332,-47.85826,Brasília,parked,maintenance,1500,101.6
TLM04344,CUST0435,VEH0035,CONTR0435,2026-08-20T21:31:00,SYNTHETIC,13125,2648,1800,0,147.1,38.0,21.4,56,33.9,219.9,35,,192,0,-15.84394,-47.85605,Brasília,parked,km_limit,2500,147.1
TLM04345,CUST0435,VEH0035,CONTR0435,2026-08-27T18:06:00,SYNTHETIC,13777,2610,1800,0,145.0,33.3,16.2,73,29.3,225.0,84,,461,0,-15.81071,-47.92559,Brasília,moving,low_fuel,2500,145.0
TLM04346,CUST0435,VEH0035,CONTR0435,2026-09-03T14:46:00,SYNTHETIC,14406,2518,1800,0,139.9,34.3,31.1,36,54.4,196.7,25,,137,0,-15.85633,-47.9109,Brasília,moving,none,350,139.9
TLM04347,CUST0435,VEH0035,CONTR0435,2026-09-10T09:04:00,SYNTHETIC,15027,2487,1800,0,138.2,43.5,43.1,26,59.4,221.8,48,,263,0,-15.72643,-47.84347,Brasília,moving,maintenance,4000,138.2
TLM04348,CUST0435,VEH0035,CONTR0435,2026-09-17T09:11:00,SYNTHETIC,15348,1287,1800,513,71.5,57.6,24.2,24,25.2,105.8,78,,428,0,-15.7258,-47.92475,Brasília,parked,none,1500,71.5
TLM04349,CUST0435,VEH0035,CONTR0435,2026-09-24T13:22:00,SYNTHETIC,15973,2501,1800,0,138.9,52.4,53.8,21,61.6,232.3,73,,400,0,-15.8581,-47.91044,Brasília,moving,low_fuel,1000,138.9
TLM04350,CUST0435,VEH0035,CONTR0435,2026-10-01T16:06:00,SYNTHETIC,16426,1813,1800,0,100.7,33.6,33.7,24,60.2,147.4,91,,499,0,-15.82078,-47.9075,Brasília,moving,km_limit,1000,100.7
TLM04351,CUST0436,VEH0036,CONTR0436,2026-07-30T19:28:00,SYNTHETIC,33163,639,800,161,79.9,48.2,54.4,5,67.7,54.7,19,,112,0,-23.5505,-46.55506,São Paulo,parked,maintenance,1000,79.9
TLM04352,CUST0436,VEH0036,CONTR0436,2026-08-06T15:16:00,SYNTHETIC,33314,607,800,193,75.9,30.8,19.4,14,37.7,56.4,42,,247,0,-23.60021,-46.61229,São Paulo,parked,low_fuel,700,75.9
TLM04353,CUST0436,VEH0036,CONTR0436,2026-08-13T11:54:00,SYNTHETIC,33473,638,800,162,79.8,47.8,42.2,6,53.0,51.5,90,,531,0,-23.51741,-46.5442,São Paulo,parked,none,700,79.8
TLM04354,CUST0436,VEH0036,CONTR0436,2026-08-20T22:59:00,SYNTHETIC,33571,395,800,405,49.4,44.1,16.4,10,22.4,32.8,35,,206,0,-23.57988,-46.5517,São Paulo,moving,none,2500,49.4
TLM04355,CUST0436,VEH0036,CONTR0436,2026-08-27T19:53:00,SYNTHETIC,33686,461,800,339,57.6,50.4,26.7,7,31.7,41.1,48,,283,0,-23.53171,-46.60133,São Paulo,moving,maintenance,1500,57.6
TLM04356,CUST0436,VEH0036,CONTR0436,2026-09-03T09:42:00,SYNTHETIC,33807,487,800,313,60.9,46.1,53.8,4,70.1,41.0,47,,277,0,-23.52806,-46.6505,São Paulo,parked,low_fuel,1000,60.9
TLM04357,CUST0436,VEH0036,CONTR0436,2026-09-10T09:21:00,SYNTHETIC,33932,503,800,297,62.9,60.3,10.0,22,10.0,45.0,74,,436,0,-23.5793,-46.58195,São Paulo,parked,none,4000,62.9
TLM04358,CUST0436,VEH0036,CONTR0436,2026-09-17T15:45:00,SYNTHETIC,34035,413,800,387,51.6,55.8,23.2,8,24.9,33.8,88,,519,0,-23.47381,-46.57714,São Paulo,parked,maintenance,350,51.6
TLM04359,CUST0436,VEH0036,CONTR0436,2026-09-24T15:08:00,SYNTHETIC,34176,565,800,235,70.6,32.1,12.0,21,22.4,48.3,36,,212,0,-23.59313,-46.60237,São Paulo,moving,none,1500,70.6
TLM04360,CUST0436,VEH0036,CONTR0436,2026-10-01T12:41:00,SYNTHETIC,34288,448,800,352,56.0,61.5,46.9,4,45.8,38.6,57,,336,0,-23.5422,-46.58386,São Paulo,moving,maintenance,2500,56.0
TLM04361,CUST0437,VEH0037,CONTR0437,2026-07-30T06:19:00,SYNTHETIC,36008,356,1000,644,35.6,51.2,17.0,9,19.9,26.5,87,,530,0,-22.89707,-43.16699,Rio de Janeiro,moving,none,350,35.6
TLM04362,CUST0437,VEH0037,CONTR0437,2026-08-06T17:16:00,SYNTHETIC,36101,374,1000,626,37.4,56.4,11.9,14,12.7,32.6,34,,207,0,-22.89363,-43.16904,Rio de Janeiro,parked,low_fuel,2500,37.4
TLM04363,CUST0437,VEH0037,CONTR0437,2026-08-13T16:03:00,SYNTHETIC,36238,548,1000,452,54.8,43.6,14.8,16,20.3,46.9,44,,268,0,-22.91851,-43.25891,Rio de Janeiro,parked,low_fuel,350,54.8
TLM04364,CUST0437,VEH0037,CONTR0437,2026-08-20T20:38:00,SYNTHETIC,36334,386,1000,614,38.6,29.8,51.5,3,103.7,33.0,89,,542,0,-22.99748,-43.2261,Rio de Janeiro,moving,low_fuel,1000,38.6
TLM04365,CUST0437,VEH0037,CONTR0437,2026-08-27T17:36:00,SYNTHETIC,36399,262,1000,738,26.2,56.4,19.3,6,20.5,22.3,82,,500,0,-22.86467,-43.21539,Rio de Janeiro,parked,none,700,26.2
TLM04366,CUST0437,VEH0037,CONTR0437,2026-09-03T22:44:00,SYNTHETIC,36532,534,1000,466,53.4,41.5,36.5,6,52.8,39.7,68,,414,0,-22.85128,-43.24803,Rio de Janeiro,moving,low_fuel,1000,53.4
TLM04367,CUST0437,VEH0037,CONTR0437,2026-09-10T18:09:00,SYNTHETIC,36605,294,1000,706,29.4,37.6,24.6,5,39.3,23.1,41,,250,0,-22.92621,-43.22404,Rio de Janeiro,moving,none,1500,29.4
TLM04368,CUST0437,VEH0037,CONTR0437,2026-09-17T21:03:00,SYNTHETIC,36688,332,1000,668,33.2,60.8,16.3,9,16.1,24.7,46,,280,0,-22.88724,-43.18508,Rio de Janeiro,parked,low_fuel,2500,33.2
TLM04369,CUST0437,VEH0037,CONTR0437,2026-09-24T21:02:00,SYNTHETIC,36783,383,1000,617,38.3,56.5,30.8,5,32.8,31.1,62,,378,0,-22.88228,-43.25173,Rio de Janeiro,parked,maintenance,1000,38.3
TLM04370,CUST0437,VEH0037,CONTR0437,2026-10-01T17:25:00,SYNTHETIC,36877,377,1000,623,37.7,37.1,34.1,5,55.2,29.3,46,,280,0,-22.88484,-43.24059,Rio de Janeiro,parked,low_fuel,2500,37.7
TLM04371,CUST0438,VEH0038,CONTR0438,2026-07-30T13:46:00,SYNTHETIC,71222,1141,1000,0,114.1,59.2,35.5,14,35.9,107.1,71,,394,0,-27.66497,-48.50665,Florianópolis,parked,none,408,114.1
TLM04372,CUST0438,VEH0038,CONTR0438,2026-08-06T12:08:00,SYNTHETIC,71624,1608,1000,0,160.8,48.8,10.8,67,13.3,141.6,24,,133,0,-27.62642,-48.6021,Florianópolis,parked,maintenance,392,160.8
TLM04373,CUST0438,VEH0038,CONTR0438,2026-08-13T15:08:00,SYNTHETIC,72058,1736,1000,0,173.6,51.4,34.4,22,40.1,137.1,62,,344,0,-27.54812,-48.4712,Florianópolis,parked,low_fuel,324,173.6
TLM04374,CUST0438,VEH0038,CONTR0438,2026-08-20T08:35:00,SYNTHETIC,72476,1675,1000,0,167.5,46.2,37.8,20,49.1,144.1,42,,233,0,-27.61758,-48.51945,Florianópolis,parked,km_limit,140,167.5
TLM04375,CUST0438,VEH0038,CONTR0438,2026-08-27T15:20:00,SYNTHETIC,72791,1260,1000,0,126.0,60.5,59.9,9,59.4,112.0,20,,111,0,-27.62646,-48.53609,Florianópolis,moving,none,311,126.0
TLM04376,CUST0438,VEH0038,CONTR0438,2026-09-03T12:58:00,SYNTHETIC,73088,1188,1000,0,118.8,53.6,33.9,15,38.0,111.4,85,,472,0,-27.58787,-48.47815,Florianópolis,parked,none,486,118.8
TLM04377,CUST0438,VEH0038,CONTR0438,2026-09-10T21:38:00,SYNTHETIC,73511,1695,1000,0,169.5,35.2,11.9,64,20.4,138.9,38,,211,0,-27.56698,-48.45076,Florianópolis,parked,none,129,169.5
TLM04378,CUST0438,VEH0038,CONTR0438,2026-09-17T08:11:00,SYNTHETIC,73757,986,1000,14,98.6,29.0,50.6,8,104.6,83.5,42,,233,0,-27.64983,-48.55193,Florianópolis,parked,none,470,98.6
TLM04379,CUST0438,VEH0038,CONTR0438,2026-09-24T17:38:00,SYNTHETIC,74134,1509,1000,0,150.9,55.6,57.4,11,61.9,135.4,95,,528,0,-27.68582,-48.57695,Florianópolis,moving,low_fuel,462,150.9
TLM04380,CUST0438,VEH0038,CONTR0438,2026-10-01T06:47:00,SYNTHETIC,74544,1642,1000,0,164.2,49.1,49.1,15,59.9,151.5,23,,127,0,-27.64118,-48.46421,Florianópolis,parked,km_limit,207,164.2
TLM04381,CUST0439,VEH0039,CONTR0439,2026-07-30T08:59:00,SYNTHETIC,6584,2645,1800,0,146.9,58.2,11.4,105,11.7,250.5,75,,404,0,-25.31609,-49.22759,Curitiba,parked,none,4000,146.9
TLM04382,CUST0439,VEH0039,CONTR0439,2026-08-06T10:49:00,SYNTHETIC,7188,2419,1800,0,134.4,34.7,73.1,15,126.5,222.8,54,,291,0,-25.40185,-49.34883,Curitiba,moving,none,2500,134.4
TLM04383,CUST0439,VEH0039,CONTR0439,2026-08-13T13:58:00,SYNTHETIC,7553,1460,1800,340,81.1,28.7,53.4,12,111.9,144.0,86,,463,0,-25.40168,-49.31175,Curitiba,parked,low_fuel,700,81.1
TLM04384,CUST0439,VEH0039,CONTR0439,2026-08-20T19:04:00,SYNTHETIC,8355,3210,1800,0,178.3,60.1,34.9,41,34.8,279.3,22,,118,0,-25.37414,-49.24308,Curitiba,parked,km_limit,1000,178.3
TLM04385,CUST0439,VEH0039,CONTR0439,2026-08-27T08:00:00,SYNTHETIC,8905,2203,1800,0,122.4,58.8,55.7,17,56.9,201.2,79,,425,0,-25.40739,-49.2318,Curitiba,parked,low_fuel,350,122.4
TLM04386,CUST0439,VEH0039,CONTR0439,2026-09-03T08:47:00,SYNTHETIC,9565,2643,1800,0,146.8,33.1,70.9,16,128.5,253.7,38,,204,0,-25.3718,-49.26579,Curitiba,parked,none,700,146.8
TLM04387,CUST0439,VEH0039,CONTR0439,2026-09-10T10:02:00,SYNTHETIC,10340,3100,1800,0,172.2,39.7,52.9,26,80.0,308.6,41,,220,0,-25.46079,-49.25758,Curitiba,maintenance,low_fuel,4000,172.2
TLM04388,CUST0439,VEH0039,CONTR0439,2026-09-17T10:46:00,SYNTHETIC,10954,2457,1800,0,136.5,55.0,53.6,20,58.5,241.4,76,,409,0,-25.34348,-49.28009,Curitiba,parked,none,700,136.5
TLM04389,CUST0439,VEH0039,CONTR0439,2026-09-24T07:05:00,SYNTHETIC,11620,2664,1800,0,148.0,55.8,27.9,43,30.1,253.1,81,,436,0,-25.37109,-49.26293,Curitiba,moving,low_fuel,700,148.0
TLM04390,CUST0439,VEH0039,CONTR0439,2026-10-01T16:15:00,SYNTHETIC,11981,1446,1800,354,80.3,60.2,21.6,30,21.5,138.0,49,,264,0,-25.39335,-49.36252,Curitiba,parked,none,1000,80.3
TLM04391,CUST0440,VEH0040,CONTR0440,2026-07-30T12:37:00,SYNTHETIC,44510,712,800,88,89.0,44.9,30.0,10,40.2,59.7,78,,444,0,-8.08869,-34.9018,Recife,moving,none,350,89.0
TLM04392,CUST0440,VEH0040,CONTR0440,2026-08-06T13:47:00,SYNTHETIC,44680,682,800,118,85.2,30.2,37.2,8,73.7,54.9,26,,148,0,-8.01474,-34.88597,Recife,parked,none,350,85.2
TLM04393,CUST0440,VEH0040,CONTR0440,2026-08-13T10:54:00,SYNTHETIC,44875,780,800,20,97.5,60.5,72.2,4,71.6,74.2,18,,102,0,-8.06145,-34.95334,Recife,moving,low_fuel,4000,97.5
TLM04394,CUST0440,VEH0040,CONTR0440,2026-08-20T15:18:00,SYNTHETIC,45173,1195,800,0,149.4,34.9,11.8,46,20.3,102.6,35,,199,0,-7.96627,-34.85771,Recife,parked,low_fuel,1500,149.4
TLM04395,CUST0440,VEH0040,CONTR0440,2026-08-27T21:59:00,SYNTHETIC,45491,1274,800,0,159.2,54.8,63.3,9,69.3,121.6,93,,530,0,-8.04116,-34.92373,Recife,parked,none,1500,159.2
TLM04396,CUST0440,VEH0040,CONTR0440,2026-09-03T17:50:00,SYNTHETIC,45764,1095,800,0,136.9,42.2,56.0,8,79.6,87.1,36,,205,0,-7.99607,-34.90851,Recife,moving,km_limit,2500,136.9
TLM04397,CUST0440,VEH0040,CONTR0440,2026-09-10T10:22:00,SYNTHETIC,45942,713,800,87,89.1,60.8,28.5,11,28.1,57.1,18,,102,0,-7.96224,-34.90738,Recife,moving,low_fuel,2500,89.1
TLM04398,CUST0440,VEH0040,CONTR0440,2026-09-17T10:57:00,SYNTHETIC,46180,952,800,0,119.0,31.3,39.8,10,76.3,84.8,56,,319,0,-7.98252,-34.92825,Recife,moving,none,350,119.0
TLM04399,CUST0440,VEH0040,CONTR0440,2026-09-24T06:23:00,SYNTHETIC,46348,672,800,128,84.0,48.7,35.7,8,43.9,53.5,61,,347,0,-7.97469,-34.92809,Recife,parked,km_limit,1000,84.0
TLM04400,CUST0440,VEH0040,CONTR0440,2026-10-01T07:48:00,SYNTHETIC,46626,1114,800,0,139.2,39.4,74.2,6,113.2,97.6,16,,91,0,-8.06433,-34.97534,Recife,moving,none,1000,139.2
TLM04401,CUST0441,VEH0041,CONTR0441,2026-07-30T11:10:00,SYNTHETIC,74237,2373,3000,627,79.1,47.0,46.3,23,59.1,178.6,31,,200,0,-16.64256,-49.22315,Goiânia,moving,none,1500,79.1
TLM04402,CUST0441,VEH0041,CONTR0441,2026-08-06T08:03:00,SYNTHETIC,74568,1325,3000,1675,44.2,35.8,15.4,39,25.8,104.3,21,,135,0,-16.74751,-49.18699,Goiânia,moving,low_fuel,700,44.2
TLM04403,CUST0441,VEH0041,CONTR0441,2026-08-13T11:29:00,SYNTHETIC,74908,1363,3000,1637,45.4,56.1,21.6,28,23.1,98.5,57,,368,0,-16.73241,-49.29347,Goiânia,parked,km_limit,350,45.4
TLM04404,CUST0441,VEH0041,CONTR0441,2026-08-20T22:25:00,SYNTHETIC,75484,2307,3000,693,76.9,44.1,8.6,121,11.7,180.0,82,,529,0,-16.64558,-49.26448,Goiânia,parked,none,700,76.9
TLM04405,CUST0441,VEH0041,CONTR0441,2026-08-27T22:36:00,SYNTHETIC,75887,1613,3000,1387,53.8,39.6,19.7,37,29.8,133.4,53,,342,0,-16.75784,-49.25752,Goiânia,moving,none,2500,53.8
TLM04406,CUST0441,VEH0041,CONTR0441,2026-09-03T07:17:00,SYNTHETIC,76291,1618,3000,1382,53.9,52.8,37.9,19,43.1,129.2,44,,284,0,-16.65138,-49.27198,Goiânia,parked,none,700,53.9
TLM04407,CUST0441,VEH0041,CONTR0441,2026-09-10T17:42:00,SYNTHETIC,76824,2134,3000,866,71.1,56.6,40.4,24,42.8,167.8,25,,161,0,-16.69988,-49.25073,Goiânia,moving,none,2500,71.1
TLM04408,CUST0441,VEH0041,CONTR0441,2026-09-17T14:39:00,SYNTHETIC,77426,2411,3000,589,80.4,42.6,35.5,30,50.0,182.5,83,,536,0,-16.77196,-49.2156,Goiânia,parked,none,4000,80.4
TLM04409,CUST0441,VEH0041,CONTR0441,2026-09-24T12:44:00,SYNTHETIC,77807,1524,3000,1476,50.8,36.2,51.8,13,85.9,112.5,23,,148,0,-16.69718,-49.18812,Goiânia,parked,low_fuel,700,50.8
TLM04410,CUST0441,VEH0041,CONTR0441,2026-10-01T06:23:00,SYNTHETIC,78219,1649,3000,1351,55.0,54.4,22.7,33,25.1,132.5,35,,226,0,-16.75164,-49.19363,Goiânia,parked,none,700,55.0
TLM04411,CUST0442,VEH0042,CONTR0442,2026-07-30T08:34:00,SYNTHETIC,25483,1729,2000,271,86.5,40.6,16.4,47,24.3,152.5,50,,296,0,-15.80724,-47.88927,Brasília,parked,none,1500,86.5
TLM04412,CUST0442,VEH0042,CONTR0442,2026-08-06T20:37:00,SYNTHETIC,25792,1239,2000,761,62.0,42.8,36.8,15,51.7,106.0,48,,284,0,-15.69273,-47.79978,Brasília,moving,low_fuel,350,62.0
TLM04413,CUST0442,VEH0042,CONTR0442,2026-08-13T09:47:00,SYNTHETIC,26068,1107,2000,893,55.4,55.9,44.6,11,47.9,110.5,68,,403,0,-15.83247,-47.83239,Brasília,parked,none,4000,55.4
TLM04414,CUST0442,VEH0042,CONTR0442,2026-08-20T19:12:00,SYNTHETIC,26614,2185,2000,0,109.2,57.1,27.6,35,29.1,195.1,92,,545,0,-15.80944,-47.88953,Brasília,moving,maintenance,4000,109.2
TLM04415,CUST0442,VEH0042,CONTR0442,2026-08-27T21:20:00,SYNTHETIC,27155,2165,2000,0,108.2,56.9,44.5,22,47.0,218.7,56,,332,0,-15.81646,-47.79093,Brasília,parked,none,700,108.2
TLM04416,CUST0442,VEH0042,CONTR0442,2026-09-03T07:02:00,SYNTHETIC,27561,1625,2000,375,81.2,55.1,51.8,14,56.5,142.6,17,,100,0,-15.8159,-47.8566,Brasília,parked,low_fuel,4000,81.2
TLM04417,CUST0442,VEH0042,CONTR0442,2026-09-10T11:09:00,SYNTHETIC,28084,2092,2000,0,104.6,57.1,10.1,94,10.6,186.3,19,,112,0,-15.74776,-47.79592,Brasília,moving,none,4000,104.6
TLM04418,CUST0442,VEH0042,CONTR0442,2026-09-17T14:55:00,SYNTHETIC,28700,2466,2000,0,123.3,46.0,30.1,37,39.2,254.5,77,,456,0,-15.81564,-47.91179,Brasília,moving,maintenance,4000,123.3
TLM04419,CUST0442,VEH0042,CONTR0442,2026-09-24T09:40:00,SYNTHETIC,29171,1885,2000,115,94.2,50.9,40.7,21,47.9,165.4,70,,415,0,-15.78921,-47.9261,Brasília,parked,none,1000,94.2
TLM04420,CUST0442,VEH0042,CONTR0442,2026-10-01T20:41:00,SYNTHETIC,29624,1814,2000,186,90.7,30.5,41.4,19,81.5,185.8,50,,296,0,-15.74283,-47.91851,Brasília,parked,km_limit,1000,90.7
TLM04421,CUST0443,VEH0043,CONTR0443,2026-07-30T17:53:00,SYNTHETIC,59779,978,800,0,122.2,56.5,42.4,10,45.0,59.9,34,,165,0,-25.45918,-49.16853,Curitiba,parked,none,350,122.2
TLM04422,CUST0443,VEH0043,CONTR0443,2026-08-06T13:00:00,SYNTHETIC,60030,1004,800,0,125.5,28.2,18.3,24,38.9,63.6,39,,190,0,-25.42575,-49.28452,Curitiba,moving,low_fuel,4000,125.5
TLM04423,CUST0443,VEH0043,CONTR0443,2026-08-13T22:30:00,SYNTHETIC,60187,628,800,172,78.5,58.7,33.6,8,34.3,41.0,33,,161,0,-25.42522,-49.28926,Curitiba,parked,km_limit,4000,78.5
TLM04424,CUST0443,VEH0043,CONTR0443,2026-08-20T06:14:00,SYNTHETIC,60483,1184,800,0,148.0,35.0,53.8,10,92.1,79.2,16,,78,0,-25.31521,-49.31644,Curitiba,moving,maintenance,700,148.0
TLM04425,CUST0443,VEH0043,CONTR0443,2026-08-27T17:23:00,SYNTHETIC,60740,1030,800,0,128.8,28.3,35.8,13,75.9,61.4,53,,258,0,-25.31617,-49.24963,Curitiba,parked,km_limit,350,128.8
TLM04426,CUST0443,VEH0043,CONTR0443,2026-09-03T15:14:00,SYNTHETIC,60906,667,800,133,83.4,57.0,50.4,6,53.1,41.3,54,,263,0,-25.32181,-49.27117,Curitiba,moving,low_fuel,4000,83.4
TLM04427,CUST0443,VEH0043,CONTR0443,2026-09-10T22:09:00,SYNTHETIC,61089,732,800,68,91.5,53.6,50.3,6,56.3,52.2,60,,292,0,-25.32879,-49.2358,Curitiba,parked,low_fuel,350,91.5
TLM04428,CUST0443,VEH0043,CONTR0443,2026-09-17T16:43:00,SYNTHETIC,61319,923,800,0,115.4,31.3,25.3,16,48.5,57.0,73,,356,0,-25.3896,-49.18749,Curitiba,moving,none,4000,115.4
TLM04429,CUST0443,VEH0043,CONTR0443,2026-09-24T17:21:00,SYNTHETIC,61496,708,800,92,88.5,56.2,13.0,24,13.9,46.0,54,,263,0,-25.42499,-49.23909,Curitiba,parked,none,1500,88.5
TLM04430,CUST0443,VEH0043,CONTR0443,2026-10-01T07:13:00,SYNTHETIC,61724,913,800,0,114.1,42.1,43.3,9,61.7,61.1,84,,409,0,-25.31889,-49.29785,Curitiba,parked,none,1500,114.1
TLM04431,CUST0444,VEH0044,CONTR0444,2026-07-30T15:01:00,SYNTHETIC,25696,1569,1800,231,87.2,38.6,18.8,37,29.2,150.9,32,,180,0,-16.74581,-49.30936,Goiânia,parked,low_fuel,1500,87.2
TLM04432,CUST0444,VEH0044,CONTR0444,2026-08-06T22:06:00,SYNTHETIC,26073,1510,1800,290,83.9,47.0,8.5,81,10.8,127.9,46,,259,0,-16.69071,-49.26214,Goiânia,parked,none,350,83.9
TLM04433,CUST0444,VEH0044,CONTR0444,2026-08-13T11:30:00,SYNTHETIC,26488,1660,1800,140,92.2,53.4,44.6,16,50.1,141.1,81,,457,0,-16.73534,-49.26405,Goiânia,parked,low_fuel,2500,92.2
TLM04434,CUST0444,VEH0044,CONTR0444,2026-08-20T08:46:00,SYNTHETIC,26851,1452,1800,348,80.7,47.5,38.2,17,48.2,129.8,26,,146,0,-16.73911,-49.22701,Goiânia,moving,low_fuel,2500,80.7
TLM04435,CUST0444,VEH0044,CONTR0444,2026-08-27T14:28:00,SYNTHETIC,27221,1480,1800,320,82.2,30.4,20.0,33,39.4,130.0,44,,248,0,-16.74115,-49.24996,Goiânia,parked,none,700,82.2
TLM04436,CUST0444,VEH0044,CONTR0444,2026-09-03T09:57:00,SYNTHETIC,27632,1647,1800,153,91.5,39.0,43.0,17,66.2,154.7,65,,367,0,-16.72899,-49.22901,Goiânia,parked,none,700,91.5
TLM04437,CUST0444,VEH0044,CONTR0444,2026-09-10T10:48:00,SYNTHETIC,28022,1562,1800,238,86.8,31.8,33.4,21,63.0,146.6,47,,265,0,-16.66552,-49.21707,Goiânia,parked,none,2500,86.8
TLM04438,CUST0444,VEH0044,CONTR0444,2026-09-17T09:37:00,SYNTHETIC,28410,1555,1800,245,86.4,40.3,32.1,22,47.8,135.4,28,,158,0,-16.77139,-49.24458,Goiânia,parked,none,4000,86.4
TLM04439,CUST0444,VEH0044,CONTR0444,2026-09-24T10:23:00,SYNTHETIC,28800,1560,1800,240,86.7,38.8,28.2,25,43.6,136.0,59,,333,0,-16.76856,-49.29706,Goiânia,moving,low_fuel,2500,86.7
TLM04440,CUST0444,VEH0044,CONTR0444,2026-10-01T13:31:00,SYNTHETIC,29216,1664,1800,136,92.4,55.1,26.4,28,28.7,159.2,40,,226,0,-16.75345,-49.35008,Goiânia,parked,low_fuel,1000,92.4
TLM04441,CUST0445,VEH0045,CONTR0445,2026-07-30T06:16:00,SYNTHETIC,12355,1618,1800,182,89.9,50.1,8.8,83,10.6,154.3,82,,502,0,-8.12787,-34.89227,Recife,parked,low_fuel,700,89.9
TLM04442,CUST0445,VEH0045,CONTR0445,2026-08-06T16:31:00,SYNTHETIC,12882,2110,1800,0,117.2,35.4,17.7,54,30.1,166.8,66,,404,0,-8.11032,-34.97017,Recife,moving,low_fuel,1000,117.2
TLM04443,CUST0445,VEH0045,CONTR0445,2026-08-13T22:15:00,SYNTHETIC,13192,1242,1800,558,69.0,41.4,17.2,32,24.9,117.5,27,,165,0,-8.10768,-34.98572,Recife,parked,none,1500,69.0
TLM04444,CUST0445,VEH0045,CONTR0445,2026-08-20T18:17:00,SYNTHETIC,13626,1736,1800,64,96.4,55.4,44.2,17,48.0,154.4,89,,545,0,-8.07927,-34.88619,Recife,parked,none,700,96.4
TLM04445,CUST0445,VEH0045,CONTR0445,2026-08-27T09:47:00,SYNTHETIC,13988,1448,1800,352,80.4,49.1,45.6,14,55.7,121.7,64,,392,0,-8.10339,-34.98851,Recife,parked,low_fuel,700,80.4
TLM04446,CUST0445,VEH0045,CONTR0445,2026-09-03T11:59:00,SYNTHETIC,14277,1158,1800,642,64.3,42.1,47.4,11,67.6,109.8,83,,508,0,-8.08982,-34.93602,Recife,moving,low_fuel,2500,64.3
TLM04447,CUST0445,VEH0045,CONTR0445,2026-09-10T20:41:00,SYNTHETIC,14660,1533,1800,267,85.2,47.8,26.2,26,32.9,131.6,38,,232,0,-8.03221,-34.94078,Recife,moving,none,700,85.2
TLM04448,CUST0445,VEH0045,CONTR0445,2026-09-17T14:21:00,SYNTHETIC,14994,1338,1800,462,74.3,30.3,19.0,32,37.7,115.8,37,,226,0,-8.11925,-34.97662,Recife,charging,low_fuel,350,74.3
TLM04449,CUST0445,VEH0045,CONTR0445,2026-09-24T10:29:00,SYNTHETIC,15471,1911,1800,0,106.2,41.2,44.5,19,64.8,164.6,27,,165,0,-8.09153,-34.8857,Recife,moving,km_limit,4000,106.2
TLM04450,CUST0445,VEH0045,CONTR0445,2026-10-01T22:11:00,SYNTHETIC,15899,1715,1800,85,95.3,50.4,8.5,92,10.1,146.0,19,,116,0,-8.12209,-34.97786,Recife,parked,km_limit,350,95.3
TLM04451,CUST0446,VEH0046,CONTR0446,2026-07-30T19:14:00,SYNTHETIC,78153,1340,2000,660,67.0,30.6,30.5,19,59.8,138.1,95,,499,0,-8.00459,-35.00709,Recife,parked,low_fuel,1000,67.0
TLM04452,CUST0446,VEH0046,CONTR0446,2026-08-06T22:30:00,SYNTHETIC,78456,1214,2000,786,60.7,58.5,11.1,49,11.4,116.3,64,,336,0,-8.03408,-34.96643,Recife,parked,low_fuel,4000,60.7
TLM04453,CUST0446,VEH0046,CONTR0446,2026-08-13T15:19:00,SYNTHETIC,78876,1680,2000,320,84.0,40.0,39.6,19,59.4,175.0,94,,494,0,-7.97921,-34.95306,Recife,moving,none,1500,84.0
TLM04454,CUST0446,VEH0046,CONTR0446,2026-08-20T11:37:00,SYNTHETIC,79311,1742,2000,258,87.1,29.3,20.4,38,41.9,174.8,48,,252,0,-8.06668,-34.91538,Recife,parked,low_fuel,1500,87.1
TLM04455,CUST0446,VEH0046,CONTR0446,2026-08-27T07:34:00,SYNTHETIC,79732,1684,2000,316,84.2,50.1,25.0,30,29.9,162.2,34,,178,0,-8.03295,-34.87699,Recife,moving,low_fuel,4000,84.2
TLM04456,CUST0446,VEH0046,CONTR0446,2026-09-03T21:28:00,SYNTHETIC,80020,1155,2000,845,57.8,61.7,24.8,21,24.1,116.6,69,,362,0,-7.97169,-34.98206,Recife,parked,low_fuel,4000,57.8
TLM04457,CUST0446,VEH0046,CONTR0446,2026-09-10T17:00:00,SYNTHETIC,80268,995,2000,1005,49.8,40.7,29.3,15,43.2,95.7,17,,89,0,-8.06304,-34.91479,Recife,moving,none,1500,49.8
TLM04458,CUST0446,VEH0046,CONTR0446,2026-09-17T20:20:00,SYNTHETIC,80634,1465,2000,535,73.2,60.4,17.3,38,17.2,143.6,21,,110,0,-7.95756,-34.89196,Recife,parked,none,350,73.2
TLM04459,CUST0446,VEH0046,CONTR0446,2026-09-24T22:46:00,SYNTHETIC,80827,774,2000,1226,38.7,61.5,37.5,9,36.5,77.4,78,,410,0,-7.98796,-34.91009,Recife,moving,low_fuel,1500,38.7
TLM04460,CUST0446,VEH0046,CONTR0446,2026-10-01T06:08:00,SYNTHETIC,81146,1276,2000,724,63.8,40.7,40.6,14,59.9,123.0,48,,252,0,-7.96169,-34.92921,Recife,moving,none,350,63.8
TLM04461,CUST0447,VEH0047,CONTR0447,2026-07-30T21:44:00,SYNTHETIC,28788,1025,1000,0,102.5,38.0,25.0,18,39.5,80.4,67,,415,0,-22.8799,-47.07509,Campinas,parked,none,1000,102.5
TLM04462,CUST0447,VEH0047,CONTR0447,2026-08-06T22:12:00,SYNTHETIC,29099,1244,1000,0,124.4,56.9,23.4,24,24.7,106.4,21,,130,0,-22.98077,-47.07359,Campinas,moving,none,1000,124.4
TLM04463,CUST0447,VEH0047,CONTR0447,2026-08-13T18:56:00,SYNTHETIC,29406,1228,1000,0,122.8,52.8,19.0,29,21.6,107.6,30,,186,0,-22.9165,-47.0921,Campinas,parked,low_fuel,700,122.8
TLM04464,CUST0447,VEH0047,CONTR0447,2026-08-20T16:36:00,SYNTHETIC,29644,953,1000,47,95.3,40.4,27.8,15,41.2,87.7,36,,223,0,-22.92385,-47.12303,Campinas,moving,none,1500,95.3
TLM04465,CUST0447,VEH0047,CONTR0447,2026-08-27T10:03:00,SYNTHETIC,29900,1027,1000,0,102.7,58.2,28.4,16,29.2,91.8,56,,347,0,-22.89188,-47.14358,Campinas,moving,km_limit,1000,102.7
TLM04466,CUST0447,VEH0047,CONTR0447,2026-09-03T14:57:00,SYNTHETIC,30190,1162,1000,0,116.2,51.4,45.5,11,53.1,101.1,67,,415,0,-22.9369,-47.08477,Campinas,parked,low_fuel,1500,116.2
TLM04467,CUST0447,VEH0047,CONTR0447,2026-09-10T06:59:00,SYNTHETIC,30341,604,1000,396,60.4,42.6,32.5,8,45.8,51.6,29,,179,0,-22.99964,-47.09327,Campinas,parked,none,4000,60.4
TLM04468,CUST0447,VEH0047,CONTR0447,2026-09-17T13:44:00,SYNTHETIC,30548,831,1000,169,83.1,60.0,8.3,45,8.3,66.5,16,,99,0,-22.90026,-47.11566,Campinas,moving,low_fuel,350,83.1
TLM04469,CUST0447,VEH0047,CONTR0447,2026-09-24T09:10:00,SYNTHETIC,30775,908,1000,92,90.8,32.6,22.8,18,42.0,72.7,18,,111,0,-22.85354,-47.00944,Campinas,parked,none,2500,90.8
TLM04470,CUST0447,VEH0047,CONTR0447,2026-10-01T14:52:00,SYNTHETIC,30982,830,1000,170,83.0,49.5,11.3,33,13.7,74.4,17,,105,0,-22.90884,-47.16072,Campinas,moving,none,700,83.0
TLM04471,CUST0448,VEH0048,CONTR0448,2026-07-30T09:28:00,SYNTHETIC,15706,1028,800,0,128.5,47.4,25.7,18,32.6,0.0,,58,151,5,-16.6205,-49.30776,Goiânia,parked,none,4000,128.5
TLM04472,CUST0448,VEH0048,CONTR0448,2026-08-06T22:59:00,SYNTHETIC,15913,829,800,0,103.6,42.3,47.6,7,67.4,0.0,,66,163,2,-16.64617,-49.28175,Goiânia,parked,none,1500,103.6
TLM04473,CUST0448,VEH0048,CONTR0448,2026-08-13T12:54:00,SYNTHETIC,16109,786,800,14,98.2,30.0,41.7,8,83.4,0.0,,49,135,1,-16.74312,-49.34269,Goiânia,moving,battery_low,1000,98.2
TLM04474,CUST0448,VEH0048,CONTR0448,2026-08-20T06:26:00,SYNTHETIC,16257,593,800,207,74.1,45.0,23.9,11,31.9,0.0,,92,249,4,-16.64909,-49.24222,Goiânia,parked,none,1500,74.1
TLM04475,CUST0448,VEH0048,CONTR0448,2026-08-27T07:31:00,SYNTHETIC,16463,824,800,0,103.0,32.4,44.6,8,82.7,0.0,,85,212,4,-16.72933,-49.34215,Goiânia,parked,maintenance,1000,103.0
TLM04476,CUST0448,VEH0048,CONTR0448,2026-09-03T16:34:00,SYNTHETIC,16623,640,800,160,80.0,46.4,36.1,8,46.7,0.0,,74,205,8,-16.59624,-49.32858,Goiânia,moving,maintenance,1500,80.0
TLM04477,CUST0448,VEH0048,CONTR0448,2026-09-10T16:04:00,SYNTHETIC,16843,880,800,0,110.0,43.7,47.5,8,65.3,0.0,,29,75,8,-16.62969,-49.27775,Goiânia,parked,km_limit,4000,110.0
TLM04478,CUST0448,VEH0048,CONTR0448,2026-09-17T13:36:00,SYNTHETIC,17016,693,800,107,86.6,52.8,18.3,17,20.8,0.0,,48,138,7,-16.62569,-49.28487,Goiânia,parked,none,4000,86.6
TLM04479,CUST0448,VEH0048,CONTR0448,2026-09-24T12:10:00,SYNTHETIC,17213,788,800,12,98.5,35.9,31.2,11,52.1,0.0,,28,72,1,-16.64025,-49.21474,Goiânia,parked,battery_low,1000,98.5
TLM04480,CUST0448,VEH0048,CONTR0448,2026-10-01T14:49:00,SYNTHETIC,17446,932,800,0,116.5,49.9,35.9,11,43.2,0.0,,64,175,1,-16.72339,-49.32604,Goiânia,moving,battery_low,350,116.5
TLM04481,CUST0449,VEH0049,CONTR0449,2026-07-30T11:44:00,SYNTHETIC,6903,258,1000,742,25.8,61.0,48.7,2,47.9,11.9,64,,609,1,-22.82967,-43.23501,Rio de Janeiro,moving,km_limit,2500,25.8
TLM04482,CUST0449,VEH0049,CONTR0449,2026-08-06T20:41:00,SYNTHETIC,7009,424,1000,576,42.4,45.8,36.2,5,47.4,18.6,36,,342,0,-22.92973,-43.19042,Rio de Janeiro,parked,none,350,42.4
TLM04483,CUST0449,VEH0049,CONTR0449,2026-08-13T08:29:00,SYNTHETIC,7109,400,1000,600,40.0,33.7,21.5,8,38.3,19.1,47,,447,0,-22.82629,-43.12708,Rio de Janeiro,moving,km_limit,1000,40.0
TLM04484,CUST0449,VEH0049,CONTR0449,2026-08-20T18:07:00,SYNTHETIC,7188,318,1000,682,31.8,31.9,34.5,4,64.8,14.8,34,,323,1,-22.90097,-43.25765,Rio de Janeiro,moving,low_fuel,1500,31.8
TLM04485,CUST0449,VEH0049,CONTR0449,2026-08-27T20:09:00,SYNTHETIC,7305,471,1000,529,47.1,52.1,7.9,27,9.1,20.8,64,,609,2,-22.89666,-43.22205,Rio de Janeiro,parked,none,1000,47.1
TLM04486,CUST0449,VEH0049,CONTR0449,2026-09-03T06:58:00,SYNTHETIC,7432,510,1000,490,51.0,44.7,22.2,10,29.8,21.6,38,,361,1,-22.83834,-43.15853,Rio de Janeiro,moving,low_fuel,700,51.0
TLM04487,CUST0449,VEH0049,CONTR0449,2026-09-10T22:12:00,SYNTHETIC,7556,496,1000,504,49.6,38.9,8.7,25,13.4,25.0,89,,847,0,-22.96779,-43.24114,Rio de Janeiro,moving,maintenance,700,49.6
TLM04488,CUST0449,VEH0049,CONTR0449,2026-09-17T19:01:00,SYNTHETIC,7635,318,1000,682,31.8,57.9,7.5,19,7.8,15.0,20,,190,0,-22.89556,-43.1663,Rio de Janeiro,moving,maintenance,4000,31.8
TLM04489,CUST0449,VEH0049,CONTR0449,2026-09-24T09:39:00,SYNTHETIC,7729,376,1000,624,37.6,45.1,15.2,11,20.2,16.4,30,,285,0,-22.9043,-43.15595,Rio de Janeiro,moving,none,2500,37.6
TLM04490,CUST0449,VEH0049,CONTR0449,2026-10-01T07:41:00,SYNTHETIC,7848,477,1000,523,47.7,39.3,24.8,8,37.8,22.4,45,,428,0,-22.82382,-43.18975,Rio de Janeiro,parked,low_fuel,1500,47.7
TLM04491,CUST0450,VEH0050,CONTR0450,2026-07-30T07:59:00,SYNTHETIC,43972,739,800,61,92.4,43.0,26.5,12,37.0,0.0,,71,200,1,-15.83605,-47.80224,Brasília,moving,maintenance,700,92.4
TLM04492,CUST0450,VEH0050,CONTR0450,2026-08-06T18:54:00,SYNTHETIC,44126,618,800,182,77.2,54.3,49.3,5,54.4,0.0,,38,95,5,-15.88378,-47.87539,Brasília,parked,none,700,77.2
TLM04493,CUST0450,VEH0050,CONTR0450,2026-08-13T10:38:00,SYNTHETIC,44336,841,800,0,105.1,51.3,36.1,10,42.2,0.0,,38,98,1,-15.87778,-47.85074,Brasília,parked,battery_low,350,105.1
TLM04494,CUST0450,VEH0050,CONTR0450,2026-08-20T14:28:00,SYNTHETIC,44455,477,800,323,59.6,37.2,47.7,4,77.0,0.0,,95,264,5,-15.80217,-47.88544,Brasília,parked,none,4000,59.6
TLM04495,CUST0450,VEH0050,CONTR0450,2026-08-27T22:54:00,SYNTHETIC,44605,602,800,198,75.2,40.1,45.5,6,68.1,0.0,,66,174,8,-15.77004,-47.78461,Brasília,parked,none,2500,75.2
TLM04496,CUST0450,VEH0050,CONTR0450,2026-09-03T22:34:00,SYNTHETIC,44812,828,800,0,103.5,29.5,34.1,11,69.4,0.0,,64,167,8,-15.74775,-47.844,Brasília,moving,maintenance,1500,103.5
TLM04497,CUST0450,VEH0050,CONTR0450,2026-09-10T18:37:00,SYNTHETIC,45011,798,800,2,99.8,46.5,49.6,7,64.0,0.0,,60,172,6,-15.78042,-47.93097,Brasília,parked,none,350,99.8
TLM04498,CUST0450,VEH0050,CONTR0450,2026-09-17T06:11:00,SYNTHETIC,45204,773,800,27,96.6,29.6,39.3,8,79.5,0.0,,41,104,8,-15.75501,-47.80933,Brasília,parked,maintenance,2500,96.6
TLM04499,CUST0450,VEH0050,CONTR0450,2026-09-24T11:37:00,SYNTHETIC,45383,719,800,81,89.9,29.7,52.8,6,106.6,0.0,,89,257,5,-15.8661,-47.90411,Brasília,parked,none,700,89.9
TLM04500,CUST0450,VEH0050,CONTR0450,2026-10-01T15:06:00,SYNTHETIC,45619,947,800,0,118.4,43.3,22.9,18,31.8,0.0,,88,243,5,-15.78853,-47.91349,Brasília,parked,maintenance,700,118.4
TLM04501,CUST0451,VEH0051,CONTR0451,2026-07-30T22:50:00,SYNTHETIC,64048,856,800,0,107.0,35.6,24.3,16,40.9,67.9,32,,268,2,-3.7458,-38.47319,Fortaleza,maintenance,maintenance,1000,107.0
TLM04502,CUST0451,VEH0051,CONTR0451,2026-08-06T09:05:00,SYNTHETIC,64288,961,800,0,120.1,42.4,29.8,14,42.2,65.8,27,,226,0,-3.6683,-38.45434,Fortaleza,parked,low_fuel,4000,120.1
TLM04503,CUST0451,VEH0051,CONTR0451,2026-08-13T19:44:00,SYNTHETIC,64508,883,800,0,110.4,50.0,31.2,12,37.4,62.7,33,,276,2,-3.7757,-38.4678,Fortaleza,moving,low_fuel,1000,110.4
TLM04504,CUST0451,VEH0051,CONTR0451,2026-08-20T21:14:00,SYNTHETIC,64721,854,800,0,106.7,28.1,11.0,35,23.5,67.3,77,,646,2,-3.78504,-38.47722,Fortaleza,parked,low_fuel,2500,106.7
TLM04505,CUST0451,VEH0051,CONTR0451,2026-08-27T15:02:00,SYNTHETIC,64959,952,800,0,119.0,49.6,44.6,9,54.0,62.8,39,,327,1,-3.74848,-38.54791,Fortaleza,parked,none,700,119.0
TLM04506,CUST0451,VEH0051,CONTR0451,2026-09-03T12:57:00,SYNTHETIC,65180,885,800,0,110.6,59.4,11.0,36,11.1,59.2,86,,721,1,-3.68245,-38.52673,Fortaleza,parked,low_fuel,1500,110.6
TLM04507,CUST0451,VEH0051,CONTR0451,2026-09-10T19:34:00,SYNTHETIC,65404,898,800,0,112.2,29.1,13.7,29,28.2,59.3,45,,377,0,-3.64793,-38.50793,Fortaleza,parked,maintenance,700,112.2
TLM04508,CUST0451,VEH0051,CONTR0451,2026-09-17T10:02:00,SYNTHETIC,65629,903,800,0,112.9,48.7,45.6,8,56.2,66.1,40,,335,1,-3.69643,-38.49272,Fortaleza,moving,none,700,112.9
TLM04509,CUST0451,VEH0051,CONTR0451,2026-09-24T21:52:00,SYNTHETIC,65853,896,800,0,112.0,30.9,34.5,11,67.0,66.6,91,,763,0,-3.78209,-38.4554,Fortaleza,parked,maintenance,4000,112.0
TLM04510,CUST0451,VEH0051,CONTR0451,2026-10-01T10:17:00,SYNTHETIC,66081,915,800,0,114.4,60.7,44.4,9,43.9,69.7,75,,629,2,-3.65954,-38.50254,Fortaleza,parked,maintenance,700,114.4
TLM04511,CUST0452,VEH0052,CONTR0452,2026-07-30T22:46:00,SYNTHETIC,16894,839,1000,161,83.9,51.5,25.0,15,29.2,72.4,18,,113,0,-27.65405,-48.63454,Florianópolis,moving,low_fuel,2500,83.9
TLM04512,CUST0452,VEH0052,CONTR0452,2026-08-06T20:43:00,SYNTHETIC,17083,757,1000,243,75.7,42.0,34.0,10,48.6,75.1,54,,341,0,-27.55074,-48.62309,Florianópolis,moving,low_fuel,4000,75.7
TLM04513,CUST0452,VEH0052,CONTR0452,2026-08-13T08:15:00,SYNTHETIC,17328,983,1000,17,98.3,36.7,49.3,9,80.6,95.0,36,,227,0,-27.64529,-48.60824,Florianópolis,moving,none,2500,98.3
TLM04514,CUST0452,VEH0052,CONTR0452,2026-08-20T18:37:00,SYNTHETIC,17554,907,1000,93,90.7,45.6,39.6,10,52.1,86.5,66,,417,0,-27.55208,-48.63324,Florianópolis,parked,none,350,90.7
TLM04515,CUST0452,VEH0052,CONTR0452,2026-08-27T22:10:00,SYNTHETIC,17882,1315,1000,0,131.5,28.9,24.0,24,49.7,126.8,94,,595,0,-27.62099,-48.51213,Florianópolis,parked,low_fuel,1000,131.5
TLM04516,CUST0452,VEH0052,CONTR0452,2026-09-03T08:09:00,SYNTHETIC,18175,1172,1000,0,117.2,31.2,19.5,27,37.6,102.6,81,,512,0,-27.55979,-48.5675,Florianópolis,moving,low_fuel,4000,117.2
TLM04517,CUST0452,VEH0052,CONTR0452,2026-09-10T15:46:00,SYNTHETIC,18387,851,1000,149,85.1,41.3,10.1,38,14.6,78.0,75,,474,0,-27.63464,-48.60959,Florianópolis,moving,none,1500,85.1
TLM04518,CUST0452,VEH0052,CONTR0452,2026-09-17T18:03:00,SYNTHETIC,18593,827,1000,173,82.7,51.6,26.4,14,30.7,74.7,69,,436,0,-27.64115,-48.60966,Florianópolis,moving,low_fuel,350,82.7
TLM04519,CUST0452,VEH0052,CONTR0452,2026-09-24T17:49:00,SYNTHETIC,18882,1158,1000,0,115.8,42.9,21.0,25,29.3,115.9,64,,405,0,-27.56724,-48.64568,Florianópolis,moving,none,4000,115.8
TLM04520,CUST0452,VEH0052,CONTR0452,2026-10-01T13:31:00,SYNTHETIC,19168,1146,1000,0,114.6,53.7,16.3,31,18.2,101.6,63,,398,0,-27.60659,-48.58012,Florianópolis,parked,low_fuel,1500,114.6
TLM04521,CUST0453,VEH0053,CONTR0453,2026-07-30T11:54:00,SYNTHETIC,45538,2180,2000,0,109.0,34.0,18.6,53,32.8,190.7,54,,316,0,-27.61005,-48.53103,Florianópolis,parked,none,4000,109.0
TLM04522,CUST0453,VEH0053,CONTR0453,2026-08-06T11:17:00,SYNTHETIC,46134,2387,2000,0,119.3,54.7,12.5,86,13.8,219.5,33,,193,0,-27.56273,-48.51636,Florianópolis,parked,none,1500,119.3
TLM04523,CUST0453,VEH0053,CONTR0453,2026-08-13T15:44:00,SYNTHETIC,46602,1875,2000,125,93.8,43.2,33.8,25,46.9,175.9,79,,463,0,-27.55961,-48.54455,Florianópolis,parked,maintenance,350,93.8
TLM04524,CUST0453,VEH0053,CONTR0453,2026-08-20T19:30:00,SYNTHETIC,46939,1348,2000,652,67.4,43.6,25.7,23,35.4,108.7,16,,93,0,-27.56294,-48.57966,Florianópolis,moving,none,1000,67.4
TLM04525,CUST0453,VEH0053,CONTR0453,2026-08-27T11:17:00,SYNTHETIC,47396,1829,2000,171,91.5,41.4,53.1,15,77.1,161.2,18,,105,0,-27.62264,-48.45893,Florianópolis,parked,low_fuel,1500,91.5
TLM04526,CUST0453,VEH0053,CONTR0453,2026-09-03T16:04:00,SYNTHETIC,47991,2382,2000,0,119.1,48.9,36.8,29,45.1,219.9,83,,487,0,-27.54747,-48.60558,Florianópolis,moving,km_limit,4000,119.1
TLM04527,CUST0453,VEH0053,CONTR0453,2026-09-10T21:00:00,SYNTHETIC,48390,1596,2000,404,79.8,32.4,7.3,99,13.5,139.7,68,,399,0,-27.67809,-48.45835,Florianópolis,parked,km_limit,1000,79.8
TLM04528,CUST0453,VEH0053,CONTR0453,2026-09-17T21:01:00,SYNTHETIC,48713,1293,2000,707,64.6,28.6,42.5,13,89.3,117.2,39,,228,0,-27.63226,-48.48676,Florianópolis,parked,none,1500,64.6
TLM04529,CUST0453,VEH0053,CONTR0453,2026-09-24T12:20:00,SYNTHETIC,49013,1201,2000,799,60.1,55.6,32.5,16,35.0,101.9,64,,375,0,-27.64912,-48.57354,Florianópolis,parked,none,4000,60.1
TLM04530,CUST0453,VEH0053,CONTR0453,2026-10-01T17:53:00,SYNTHETIC,49311,1195,2000,805,59.8,48.0,6.9,78,8.7,102.0,87,,510,0,-27.59977,-48.55146,Florianópolis,moving,none,1500,59.8
TLM04531,CUST0454,VEH0054,CONTR0454,2026-07-30T06:46:00,SYNTHETIC,11490,787,1000,213,78.7,29.3,19.6,18,40.1,80.7,26,,160,0,-3.71935,-38.5105,Fortaleza,parked,low_fuel,4000,78.7
TLM04532,CUST0454,VEH0054,CONTR0454,2026-08-06T22:05:00,SYNTHETIC,11692,811,1000,189,81.1,45.5,34.4,10,45.3,87.6,48,,297,0,-3.72932,-38.48725,Fortaleza,parked,maintenance,700,81.1
TLM04533,CUST0454,VEH0054,CONTR0454,2026-08-13T18:25:00,SYNTHETIC,11858,664,1000,336,66.4,60.2,46.5,6,46.4,64.4,29,,179,0,-3.62788,-38.44059,Fortaleza,moving,km_limit,350,66.4
TLM04534,CUST0454,VEH0054,CONTR0454,2026-08-20T22:38:00,SYNTHETIC,12089,927,1000,73,92.7,50.7,40.3,10,47.7,99.2,26,,160,0,-3.7202,-38.51552,Fortaleza,parked,maintenance,1000,92.7
TLM04535,CUST0454,VEH0054,CONTR0454,2026-08-27T17:16:00,SYNTHETIC,12341,1009,1000,0,100.9,50.5,10.6,43,12.6,112.0,85,,526,0,-3.6751,-38.48312,Fortaleza,moving,low_fuel,350,100.9
TLM04536,CUST0454,VEH0054,CONTR0454,2026-09-03T18:24:00,SYNTHETIC,12545,818,1000,182,81.8,30.9,44.3,8,85.8,83.9,86,,532,0,-3.66133,-38.43575,Fortaleza,moving,none,700,81.8
TLM04537,CUST0454,VEH0054,CONTR0454,2026-09-10T10:27:00,SYNTHETIC,12785,963,1000,37,96.3,37.6,40.3,10,64.4,97.0,44,,272,0,-3.6324,-38.49699,Fortaleza,parked,low_fuel,1000,96.3
TLM04538,CUST0454,VEH0054,CONTR0454,2026-09-17T16:59:00,SYNTHETIC,12969,737,1000,263,73.7,39.6,25.4,13,38.5,82.1,23,,142,0,-3.7272,-38.48154,Fortaleza,moving,low_fuel,350,73.7
TLM04539,CUST0454,VEH0054,CONTR0454,2026-09-24T22:31:00,SYNTHETIC,13178,836,1000,164,83.6,28.1,54.0,7,115.3,85.6,22,,136,0,-3.64733,-38.5047,Fortaleza,parked,km_limit,1000,83.6
TLM04540,CUST0454,VEH0054,CONTR0454,2026-10-01T09:55:00,SYNTHETIC,13443,1062,1000,0,106.2,30.6,51.7,9,101.4,105.4,94,,581,0,-3.64615,-38.45166,Fortaleza,parked,low_fuel,1500,106.2
TLM04541,CUST0455,VEH0055,CONTR0455,2026-07-30T06:07:00,SYNTHETIC,7468,938,1000,62,93.8,52.5,13.3,32,15.2,80.5,32,,180,0,-16.65732,-49.16539,Goiânia,parked,none,1500,93.8
TLM04542,CUST0455,VEH0055,CONTR0455,2026-08-06T15:55:00,SYNTHETIC,7689,887,1000,113,88.7,41.4,24.3,16,35.1,78.9,34,,192,0,-16.72963,-49.24637,Goiânia,parked,km_limit,350,88.7
TLM04543,CUST0455,VEH0055,CONTR0455,2026-08-13T13:44:00,SYNTHETIC,7909,881,1000,119,88.1,37.1,45.3,8,73.4,73.0,52,,293,0,-16.69994,-49.20217,Goiânia,parked,low_fuel,1000,88.1
TLM04544,CUST0455,VEH0055,CONTR0455,2026-08-20T20:12:00,SYNTHETIC,8139,923,1000,77,92.3,40.7,49.7,8,73.2,75.4,59,,333,0,-16.70066,-49.29852,Goiânia,parked,low_fuel,4000,92.3
TLM04545,CUST0455,VEH0055,CONTR0455,2026-08-27T08:12:00,SYNTHETIC,8360,886,1000,114,88.6,48.3,29.0,13,36.0,69.1,25,,141,0,-16.6853,-49.289,Goiânia,parked,km_limit,1000,88.6
TLM04546,CUST0455,VEH0055,CONTR0455,2026-09-03T15:49:00,SYNTHETIC,8566,824,1000,176,82.4,44.4,53.2,7,72.0,65.4,26,,146,0,-16.69278,-49.27604,Goiânia,parked,low_fuel,1500,82.4
TLM04547,CUST0455,VEH0055,CONTR0455,2026-09-10T21:06:00,SYNTHETIC,8780,858,1000,142,85.8,43.8,40.0,9,54.9,70.3,67,,378,0,-16.70382,-49.17444,Goiânia,parked,low_fuel,1000,85.8
TLM04548,CUST0455,VEH0055,CONTR0455,2026-09-17T20:49:00,SYNTHETIC,9016,945,1000,55,94.5,37.1,34.5,12,55.8,73.3,88,,497,0,-16.68821,-49.25395,Goiânia,moving,maintenance,4000,94.5
TLM04549,CUST0455,VEH0055,CONTR0455,2026-09-24T10:07:00,SYNTHETIC,9231,862,1000,138,86.2,35.4,45.2,8,76.6,77.2,22,,124,0,-16.78356,-49.29281,Goiânia,parked,none,1500,86.2
TLM04550,CUST0455,VEH0055,CONTR0455,2026-10-01T20:50:00,SYNTHETIC,9437,827,1000,173,82.7,48.9,36.4,10,44.7,68.5,76,,429,0,-16.63071,-49.19755,Goiânia,parked,low_fuel,700,82.7
TLM04551,CUST0456,VEH0056,CONTR0456,2026-07-30T19:50:00,SYNTHETIC,36659,1386,1800,414,77.0,55.5,14.7,42,15.9,136.2,77,,383,0,-23.55078,-46.64238,São Paulo,parked,none,700,77.0
TLM04552,CUST0456,VEH0056,CONTR0456,2026-08-06T20:10:00,SYNTHETIC,37104,1782,1800,18,99.0,30.4,12.2,66,24.0,146.8,70,,348,0,-23.5659,-46.67181,São Paulo,parked,maintenance,1500,99.0
TLM04553,CUST0456,VEH0056,CONTR0456,2026-08-13T12:43:00,SYNTHETIC,37522,1673,1800,127,92.9,30.9,20.8,36,40.3,158.0,16,,79,0,-23.5106,-46.57139,São Paulo,moving,none,350,92.9
TLM04554,CUST0456,VEH0056,CONTR0456,2026-08-20T09:22:00,SYNTHETIC,37917,1583,1800,217,87.9,30.7,44.4,16,86.8,137.0,18,,89,0,-23.62669,-46.62207,São Paulo,parked,low_fuel,1500,87.9
TLM04555,CUST0456,VEH0056,CONTR0456,2026-08-27T16:23:00,SYNTHETIC,38325,1634,1800,166,90.8,59.1,32.9,22,33.4,160.0,21,,104,0,-23.55833,-46.58654,São Paulo,parked,none,350,90.8
TLM04556,CUST0456,VEH0056,CONTR0456,2026-09-03T06:49:00,SYNTHETIC,38782,1829,1800,0,101.6,55.2,36.3,22,39.5,154.1,31,,154,0,-23.57186,-46.56401,São Paulo,parked,none,4000,101.6
TLM04557,CUST0456,VEH0056,CONTR0456,2026-09-10T07:05:00,SYNTHETIC,39270,1953,1800,0,108.5,44.3,28.1,31,38.1,181.9,53,,263,0,-23.55222,-46.54063,São Paulo,moving,none,1000,108.5
TLM04558,CUST0456,VEH0056,CONTR0456,2026-09-17T11:04:00,SYNTHETIC,39641,1484,1800,316,82.4,32.9,41.2,16,75.1,147.9,85,,423,0,-23.48554,-46.68672,São Paulo,parked,low_fuel,1500,82.4
TLM04559,CUST0456,VEH0056,CONTR0456,2026-09-24T21:39:00,SYNTHETIC,40061,1683,1800,117,93.5,45.8,29.2,26,38.2,161.3,86,,428,0,-23.57139,-46.67121,São Paulo,charging,low_fuel,350,93.5
TLM04560,CUST0456,VEH0056,CONTR0456,2026-10-01T18:51:00,SYNTHETIC,40500,1759,1800,41,97.7,33.0,8.0,100,14.5,155.8,58,,288,0,-23.57507,-46.59364,São Paulo,moving,none,2500,97.7
TLM04561,CUST0457,VEH0057,CONTR0457,2026-07-30T11:48:00,SYNTHETIC,17891,1209,1000,0,120.9,42.1,44.2,12,63.0,72.3,43,,326,1,-23.50209,-46.5166,São Paulo,parked,none,459,120.9
TLM04562,CUST0457,VEH0057,CONTR0457,2026-08-06T17:01:00,SYNTHETIC,18100,836,1000,164,83.6,40.8,12.3,30,18.0,43.7,27,,204,0,-23.5159,-46.52184,São Paulo,parked,low_fuel,463,83.6
TLM04563,CUST0457,VEH0057,CONTR0457,2026-08-13T18:00:00,SYNTHETIC,18452,1408,1000,0,140.8,36.8,44.5,14,72.5,87.6,82,,622,2,-23.53451,-46.51262,São Paulo,parked,none,455,140.8
TLM04564,CUST0457,VEH0057,CONTR0457,2026-08-20T15:18:00,SYNTHETIC,18717,1061,1000,0,106.1,43.1,9.1,52,12.7,64.1,87,,660,2,-23.52795,-46.5628,São Paulo,parked,none,206,106.1
TLM04565,CUST0457,VEH0057,CONTR0457,2026-08-27T11:15:00,SYNTHETIC,19010,1172,1000,0,117.2,42.6,33.6,15,47.3,72.1,91,,690,1,-23.56227,-46.64121,São Paulo,parked,none,144,117.2
TLM04566,CUST0457,VEH0057,CONTR0457,2026-09-03T10:51:00,SYNTHETIC,19238,913,1000,87,91.3,51.0,64.4,6,75.8,52.5,64,,485,0,-23.63928,-46.61575,São Paulo,parked,none,491,91.3
TLM04567,CUST0457,VEH0057,CONTR0457,2026-09-10T08:46:00,SYNTHETIC,19616,1514,1000,0,151.4,61.1,38.5,17,37.8,85.2,75,,569,2,-23.63734,-46.6342,São Paulo,parked,none,455,151.4
TLM04568,CUST0457,VEH0057,CONTR0457,2026-09-17T21:53:00,SYNTHETIC,19869,1014,1000,0,101.4,51.1,48.0,9,56.3,55.8,95,,721,2,-23.6258,-46.53252,São Paulo,parked,low_fuel,302,101.4
TLM04569,CUST0457,VEH0057,CONTR0457,2026-09-24T17:10:00,SYNTHETIC,20130,1044,1000,0,104.4,37.2,59.7,7,96.2,54.6,86,,652,1,-23.57916,-46.65233,São Paulo,parked,low_fuel,131,104.4
TLM04570,CUST0457,VEH0057,CONTR0457,2026-10-01T22:24:00,SYNTHETIC,20440,1242,1000,0,124.2,41.4,65.6,8,95.1,71.5,38,,288,0,-23.50784,-46.55369,São Paulo,parked,none,155,124.2
TLM04571,CUST0458,VEH0058,CONTR0458,2026-07-30T11:10:00,SYNTHETIC,72989,1268,1500,232,84.5,29.9,52.0,11,104.5,101.0,89,,502,0,-15.80278,-47.84704,Brasília,parked,low_fuel,2500,84.5
TLM04572,CUST0458,VEH0058,CONTR0458,2026-08-06T17:36:00,SYNTHETIC,73294,1220,1500,280,81.3,54.9,18.9,29,20.7,100.1,66,,372,0,-15.73106,-47.82974,Brasília,moving,none,1500,81.3
TLM04573,CUST0458,VEH0058,CONTR0458,2026-08-13T12:47:00,SYNTHETIC,73773,1918,1500,0,127.9,44.7,24.9,35,33.4,156.1,84,,474,0,-15.68171,-47.91381,Brasília,parked,none,1500,127.9
TLM04574,CUST0458,VEH0058,CONTR0458,2026-08-20T21:10:00,SYNTHETIC,74097,1297,1500,203,86.5,48.0,20.4,28,25.6,95.4,24,,135,0,-15.7871,-47.8803,Brasília,moving,low_fuel,350,86.5
TLM04575,CUST0458,VEH0058,CONTR0458,2026-08-27T20:32:00,SYNTHETIC,74423,1304,1500,196,86.9,45.4,8.7,67,11.5,105.4,85,,480,0,-15.83145,-47.86158,Brasília,moving,none,1500,86.9
TLM04576,CUST0458,VEH0058,CONTR0458,2026-09-03T10:57:00,SYNTHETIC,74748,1300,1500,200,86.7,60.7,41.2,14,40.7,101.0,40,,226,0,-15.82227,-47.79813,Brasília,maintenance,none,700,86.7
TLM04577,CUST0458,VEH0058,CONTR0458,2026-09-10T16:30:00,SYNTHETIC,75108,1443,1500,57,96.2,53.4,27.1,24,30.5,115.0,62,,350,0,-15.82767,-47.82425,Brasília,parked,none,2500,96.2
TLM04578,CUST0458,VEH0058,CONTR0458,2026-09-17T08:57:00,SYNTHETIC,75473,1461,1500,39,97.4,50.2,34.2,19,40.8,117.2,48,,271,0,-15.6901,-47.80761,Brasília,parked,km_limit,4000,97.4
TLM04579,CUST0458,VEH0058,CONTR0458,2026-09-24T08:24:00,SYNTHETIC,75741,1073,1500,427,71.5,30.9,54.4,8,105.6,84.0,38,,214,0,-15.75352,-47.87889,Brasília,parked,km_limit,4000,71.5
TLM04580,CUST0458,VEH0058,CONTR0458,2026-10-01T11:26:00,SYNTHETIC,76020,1116,1500,384,74.4,44.9,13.4,37,17.9,91.8,25,,141,0,-15.80587,-47.93804,Brasília,moving,low_fuel,350,74.4
TLM04581,CUST0459,VEH0059,CONTR0459,2026-07-30T13:40:00,SYNTHETIC,77791,3021,3000,0,100.7,34.3,58.7,23,102.5,293.2,89,,473,0,-22.98818,-47.03057,Campinas,parked,none,350,100.7
TLM04582,CUST0459,VEH0059,CONTR0459,2026-08-06T08:45:00,SYNTHETIC,79022,4925,3000,0,164.2,36.7,12.5,179,20.4,422.5,46,,244,0,-22.86673,-47.02786,Campinas,moving,low_fuel,350,164.2
TLM04583,CUST0459,VEH0059,CONTR0459,2026-08-13T21:52:00,SYNTHETIC,79986,3859,3000,0,128.6,35.9,23.3,75,39.0,340.2,87,,462,0,-22.97899,-47.05085,Campinas,parked,maintenance,2500,128.6
TLM04584,CUST0459,VEH0059,CONTR0459,2026-08-20T18:32:00,SYNTHETIC,80744,3033,3000,0,101.1,60.0,57.6,23,57.6,258.7,44,,234,0,-22.86427,-47.00427,Campinas,moving,km_limit,2500,101.1
TLM04585,CUST0459,VEH0059,CONTR0459,2026-08-27T20:56:00,SYNTHETIC,81906,4649,3000,0,155.0,44.5,52.7,40,71.1,409.5,69,,367,0,-22.93464,-47.11741,Campinas,parked,none,1000,155.0
TLM04586,CUST0459,VEH0059,CONTR0459,2026-09-03T12:58:00,SYNTHETIC,82907,4005,3000,0,133.5,40.5,32.8,55,48.5,380.0,90,,478,0,-22.92396,-46.98667,Campinas,parked,none,2500,133.5
TLM04587,CUST0459,VEH0059,CONTR0459,2026-09-10T16:51:00,SYNTHETIC,83677,3080,3000,0,102.7,57.3,38.6,36,40.4,281.7,47,,250,0,-22.89594,-46.9957,Campinas,parked,low_fuel,2500,102.7
TLM04588,CUST0459,VEH0059,CONTR0459,2026-09-17T22:23:00,SYNTHETIC,84489,3248,3000,0,108.3,33.8,22.8,64,40.6,274.6,20,,106,0,-22.88086,-46.97662,Campinas,moving,none,700,108.3
TLM04589,CUST0459,VEH0059,CONTR0459,2026-09-24T20:17:00,SYNTHETIC,85486,3991,3000,0,133.0,33.2,62.1,29,112.2,350.5,15,,79,0,-22.92205,-47.08398,Campinas,moving,low_fuel,2500,133.0
TLM04590,CUST0459,VEH0059,CONTR0459,2026-10-01T18:44:00,SYNTHETIC,86719,4935,3000,0,164.5,54.7,65.5,34,71.8,446.6,51,,271,0,-23.00594,-47.00365,Campinas,parked,low_fuel,4000,164.5
TLM04591,CUST0460,VEH0060,CONTR0460,2026-07-30T20:50:00,SYNTHETIC,49634,957,1200,243,79.8,57.4,53.7,8,56.1,86.7,80,,398,0,-8.03898,-34.97541,Recife,moving,none,2500,79.8
TLM04592,CUST0460,VEH0060,CONTR0460,2026-08-06T19:09:00,SYNTHETIC,49879,980,1200,220,81.7,45.8,45.6,9,59.7,95.9,16,,79,0,-8.09029,-34.91415,Recife,parked,none,4000,81.7
TLM04593,CUST0460,VEH0060,CONTR0460,2026-08-13T08:51:00,SYNTHETIC,50242,1455,1200,0,121.2,36.7,54.9,12,89.8,134.3,40,,199,0,-7.95356,-34.86994,Recife,parked,km_limit,350,121.2
TLM04594,CUST0460,VEH0060,CONTR0460,2026-08-20T07:40:00,SYNTHETIC,50580,1352,1200,0,112.7,30.5,20.1,30,39.5,117.1,93,,463,0,-8.06521,-34.96686,Recife,moving,km_limit,350,112.7
TLM04595,CUST0460,VEH0060,CONTR0460,2026-08-27T19:04:00,SYNTHETIC,50921,1364,1200,0,113.7,37.8,34.2,18,54.3,119.8,18,,89,0,-7.97254,-34.86022,Recife,moving,low_fuel,1500,113.7
TLM04596,CUST0460,VEH0060,CONTR0460,2026-09-03T11:17:00,SYNTHETIC,51213,1168,1200,32,97.3,37.2,31.4,16,50.5,119.9,52,,258,0,-7.97123,-34.87643,Recife,parked,none,700,97.3
TLM04597,CUST0460,VEH0060,CONTR0460,2026-09-10T06:49:00,SYNTHETIC,51422,836,1200,364,69.7,35.4,24.8,15,41.9,84.9,52,,258,0,-8.02391,-34.95493,Recife,moving,none,1500,69.7
TLM04598,CUST0460,VEH0060,CONTR0460,2026-09-17T17:58:00,SYNTHETIC,51754,1330,1200,0,110.8,47.0,13.9,43,17.8,119.1,41,,204,0,-7.95872,-34.85579,Recife,moving,low_fuel,1000,110.8
TLM04599,CUST0460,VEH0060,CONTR0460,2026-09-24T10:15:00,SYNTHETIC,51987,935,1200,265,77.9,58.7,51.7,8,52.9,92.0,62,,308,0,-8.07922,-34.94491,Recife,moving,none,1000,77.9
TLM04600,CUST0460,VEH0060,CONTR0460,2026-10-01T21:30:00,SYNTHETIC,52250,1054,1200,146,87.8,42.2,30.3,15,43.1,99.2,39,,194,0,-7.98109,-34.88975,Recife,moving,km_limit,4000,87.8
TLM04601,CUST0461,VEH0061,CONTR0461,2026-07-30T09:47:00,SYNTHETIC,79121,1497,1200,0,124.8,57.1,30.6,22,32.1,145.1,49,,264,0,-27.61,-48.56793,Florianópolis,moving,km_limit,700,124.8
TLM04602,CUST0461,VEH0061,CONTR0461,2026-08-06T06:55:00,SYNTHETIC,79345,896,1200,304,74.7,40.1,42.0,9,62.8,91.0,35,,189,0,-27.63764,-48.62525,Florianópolis,parked,none,2500,74.7
TLM04603,CUST0461,VEH0061,CONTR0461,2026-08-13T18:33:00,SYNTHETIC,79635,1162,1200,38,96.8,38.2,24.2,21,38.0,106.3,54,,291,0,-27.5173,-48.5732,Florianópolis,moving,km_limit,350,96.8
TLM04604,CUST0461,VEH0061,CONTR0461,2026-08-20T06:04:00,SYNTHETIC,79871,945,1200,255,78.8,33.5,15.3,28,27.3,92.2,15,,81,0,-27.65446,-48.56089,Florianópolis,parked,maintenance,4000,78.8
TLM04605,CUST0461,VEH0061,CONTR0461,2026-08-27T06:51:00,SYNTHETIC,80072,806,1200,394,67.2,50.1,33.8,10,40.5,80.9,17,,91,0,-27.61353,-48.59937,Florianópolis,parked,none,700,67.2
TLM04606,CUST0461,VEH0061,CONTR0461,2026-09-03T07:04:00,SYNTHETIC,80330,1035,1200,165,86.2,56.1,38.6,12,41.3,100.1,30,,162,0,-27.58294,-48.59912,Florianópolis,parked,low_fuel,1500,86.2
TLM04607,CUST0461,VEH0061,CONTR0461,2026-09-10T07:44:00,SYNTHETIC,80680,1402,1200,0,116.8,36.3,46.6,13,77.0,140.7,70,,378,0,-27.60405,-48.61464,Florianópolis,parked,none,4000,116.8
TLM04608,CUST0461,VEH0061,CONTR0461,2026-09-17T21:58:00,SYNTHETIC,81009,1316,1200,0,109.7,40.3,50.7,11,75.5,126.6,54,,291,0,-27.5921,-48.61119,Florianópolis,moving,none,350,109.7
TLM04609,CUST0461,VEH0061,CONTR0461,2026-09-24T13:11:00,SYNTHETIC,81199,761,1200,439,63.4,54.7,20.8,16,22.8,72.4,52,,280,0,-27.64375,-48.58364,Florianópolis,parked,km_limit,350,63.4
TLM04610,CUST0461,VEH0061,CONTR0461,2026-10-01T11:14:00,SYNTHETIC,81544,1380,1200,0,115.0,59.0,46.3,13,47.1,125.3,67,,361,0,-27.61645,-48.52843,Florianópolis,parked,none,4000,115.0
TLM04611,CUST0462,VEH0062,CONTR0462,2026-07-30T08:15:00,SYNTHETIC,17661,2021,1800,0,112.3,47.5,12.6,73,15.9,197.0,30,,177,0,-23.60421,-46.5745,São Paulo,moving,none,2500,112.3
TLM04612,CUST0462,VEH0062,CONTR0462,2026-08-06T20:55:00,SYNTHETIC,18031,1481,1800,319,82.3,30.9,6.9,98,13.3,144.6,81,,478,0,-23.50856,-46.61944,São Paulo,moving,none,350,82.3
TLM04613,CUST0462,VEH0062,CONTR0462,2026-08-13T20:25:00,SYNTHETIC,18471,1761,1800,39,97.8,32.8,53.9,14,98.6,150.2,90,,531,0,-23.45672,-46.60231,São Paulo,parked,km_limit,1000,97.8
TLM04614,CUST0462,VEH0062,CONTR0462,2026-08-20T10:39:00,SYNTHETIC,18858,1548,1800,252,86.0,54.9,24.9,28,27.2,150.0,50,,295,0,-23.55672,-46.62211,São Paulo,moving,maintenance,1000,86.0
TLM04615,CUST0462,VEH0062,CONTR0462,2026-08-27T06:17:00,SYNTHETIC,19508,2600,1800,0,144.4,44.2,18.2,65,24.7,255.6,20,,118,0,-23.53558,-46.6256,São Paulo,parked,low_fuel,700,144.4
TLM04616,CUST0462,VEH0062,CONTR0462,2026-09-03T07:07:00,SYNTHETIC,20164,2625,1800,0,145.8,36.0,54.9,21,91.4,222.0,46,,271,0,-23.46318,-46.58523,São Paulo,parked,low_fuel,4000,145.8
TLM04617,CUST0462,VEH0062,CONTR0462,2026-09-10T17:08:00,SYNTHETIC,20789,2503,1800,0,139.1,48.2,6.6,172,8.2,203.9,26,,153,0,-23.60034,-46.58037,São Paulo,parked,maintenance,700,139.1
TLM04618,CUST0462,VEH0062,CONTR0462,2026-09-17T19:41:00,SYNTHETIC,21309,2080,1800,0,115.6,52.9,20.3,46,23.0,180.7,59,,348,0,-23.57077,-46.67947,São Paulo,moving,low_fuel,1500,115.6
TLM04619,CUST0462,VEH0062,CONTR0462,2026-09-24T08:16:00,SYNTHETIC,21721,1648,1800,152,91.6,51.5,37.4,20,43.6,148.3,73,,431,0,-23.57083,-46.53289,São Paulo,parked,none,4000,91.6
TLM04620,CUST0462,VEH0062,CONTR0462,2026-10-01T20:48:00,SYNTHETIC,22168,1791,1800,9,99.5,36.9,42.3,19,68.7,149.8,83,,490,0,-23.46073,-46.62466,São Paulo,moving,none,4000,99.5
TLM04621,CUST0463,VEH0063,CONTR0463,2026-07-30T18:06:00,SYNTHETIC,69158,1330,1200,0,110.8,58.8,59.4,10,60.6,99.5,26,,145,0,-19.91227,-43.97508,Belo Horizonte,moving,none,4000,110.8
TLM04622,CUST0463,VEH0063,CONTR0463,2026-08-06T15:32:00,SYNTHETIC,69428,1080,1200,120,90.0,31.3,60.1,8,115.3,87.4,53,,295,0,-19.84974,-43.90637,Belo Horizonte,moving,none,350,90.0
TLM04623,CUST0463,VEH0063,CONTR0463,2026-08-13T16:57:00,SYNTHETIC,69669,966,1200,234,80.5,36.5,45.4,9,74.6,76.6,49,,273,0,-19.94886,-43.92267,Belo Horizonte,parked,low_fuel,2500,80.5
TLM04624,CUST0463,VEH0063,CONTR0463,2026-08-20T15:01:00,SYNTHETIC,70050,1525,1200,0,127.1,43.7,32.5,21,44.6,137.1,23,,128,0,-20.00205,-44.02174,Belo Horizonte,parked,none,700,127.1
TLM04625,CUST0463,VEH0063,CONTR0463,2026-08-27T21:27:00,SYNTHETIC,70329,1119,1200,81,93.2,48.8,66.5,7,81.7,84.1,26,,145,0,-19.98291,-43.91992,Belo Horizonte,moving,none,1000,93.2
TLM04626,CUST0463,VEH0063,CONTR0463,2026-09-03T15:14:00,SYNTHETIC,70575,985,1200,215,82.1,33.0,15.3,29,27.8,75.9,38,,212,0,-19.96839,-44.00485,Belo Horizonte,parked,maintenance,350,82.1
TLM04627,CUST0463,VEH0063,CONTR0463,2026-09-10T20:29:00,SYNTHETIC,70856,1124,1200,76,93.7,60.8,74.0,6,73.1,96.6,85,,474,0,-19.89292,-43.9589,Belo Horizonte,moving,none,4000,93.7
TLM04628,CUST0463,VEH0063,CONTR0463,2026-09-17T21:06:00,SYNTHETIC,71299,1772,1200,0,147.7,36.1,37.6,21,62.4,138.6,73,,407,0,-19.90731,-43.97241,Belo Horizonte,moving,none,700,147.7
TLM04629,CUST0463,VEH0063,CONTR0463,2026-09-24T17:58:00,SYNTHETIC,71673,1498,1200,0,124.8,36.6,41.0,16,67.1,134.6,90,,502,0,-19.86052,-43.98349,Belo Horizonte,moving,none,1000,124.8
TLM04630,CUST0463,VEH0063,CONTR0463,2026-10-01T14:06:00,SYNTHETIC,71987,1257,1200,0,104.8,38.8,50.1,11,77.5,106.9,58,,323,0,-19.8542,-43.99514,Belo Horizonte,parked,none,350,104.8
TLM04631,CUST0464,VEH0064,CONTR0464,2026-07-30T18:46:00,SYNTHETIC,43650,3123,3000,0,104.1,44.8,67.0,21,89.8,242.2,84,,486,0,-16.76979,-49.20269,Goiânia,parked,none,2500,104.1
TLM04632,CUST0464,VEH0064,CONTR0464,2026-08-06T18:37:00,SYNTHETIC,44954,5219,3000,0,174.0,38.1,56.9,41,89.5,415.7,21,,121,0,-16.74426,-49.21388,Goiânia,moving,low_fuel,2500,174.0
TLM04633,CUST0464,VEH0064,CONTR0464,2026-08-13T06:55:00,SYNTHETIC,45921,3871,3000,0,129.0,51.2,14.8,119,17.3,346.0,17,,98,0,-16.70652,-49.24722,Goiânia,parked,maintenance,2500,129.0
TLM04634,CUST0464,VEH0064,CONTR0464,2026-08-20T17:15:00,SYNTHETIC,46772,3404,3000,0,113.5,39.8,49.6,31,74.8,300.9,38,,220,0,-16.69778,-49.20346,Goiânia,parked,km_limit,2500,113.5
TLM04635,CUST0464,VEH0064,CONTR0464,2026-08-27T13:58:00,SYNTHETIC,47731,3836,3000,0,127.9,52.7,66.7,26,76.0,321.0,60,,347,0,-16.72495,-49.282,Goiânia,parked,maintenance,1500,127.9
TLM04636,CUST0464,VEH0064,CONTR0464,2026-09-03T21:43:00,SYNTHETIC,48509,3114,3000,0,103.8,38.5,10.1,140,15.7,252.9,61,,353,0,-16.76654,-49.19299,Goiânia,moving,low_fuel,1000,103.8
TLM04637,CUST0464,VEH0064,CONTR0464,2026-09-10T13:19:00,SYNTHETIC,49806,5190,3000,0,173.0,39.5,24.0,98,36.4,399.7,88,,509,0,-16.76932,-49.19866,Goiânia,moving,km_limit,700,173.0
TLM04638,CUST0464,VEH0064,CONTR0464,2026-09-17T18:01:00,SYNTHETIC,50608,3211,3000,0,107.0,38.1,45.8,31,72.1,238.8,95,,550,0,-16.71186,-49.30886,Goiânia,moving,none,4000,107.0
TLM04639,CUST0464,VEH0064,CONTR0464,2026-09-24T09:26:00,SYNTHETIC,51647,4157,3000,0,138.6,28.7,36.1,52,75.4,365.4,40,,231,0,-16.71485,-49.33025,Goiânia,parked,maintenance,1000,138.6
TLM04640,CUST0464,VEH0064,CONTR0464,2026-10-01T15:12:00,SYNTHETIC,52620,3893,3000,0,129.8,60.8,64.3,27,63.5,323.6,48,,277,0,-16.7084,-49.30908,Goiânia,moving,none,1000,129.8
TLM04641,CUST0465,VEH0065,CONTR0465,2026-07-30T07:35:00,SYNTHETIC,15761,776,800,24,97.0,49.3,44.4,7,54.0,59.3,34,,200,0,-8.12903,-34.86361,Recife,maintenance,none,4000,97.0
TLM04642,CUST0465,VEH0065,CONTR0465,2026-08-06T20:47:00,SYNTHETIC,15901,561,800,239,70.1,44.6,15.4,16,20.7,49.0,85,,501,0,-8.06902,-34.81964,Recife,parked,none,350,70.1
TLM04643,CUST0465,VEH0065,CONTR0465,2026-08-13T19:55:00,SYNTHETIC,16126,900,800,0,112.5,31.2,34.0,12,65.4,73.7,72,,424,0,-8.08724,-34.90394,Recife,parked,low_fuel,350,112.5
TLM04644,CUST0465,VEH0065,CONTR0465,2026-08-20T12:14:00,SYNTHETIC,16277,607,800,193,75.9,34.8,15.6,17,26.9,46.5,56,,330,0,-8.00512,-34.96216,Recife,moving,maintenance,350,75.9
TLM04645,CUST0465,VEH0065,CONTR0465,2026-08-27T15:12:00,SYNTHETIC,16406,518,800,282,64.8,38.0,42.6,5,67.2,39.9,49,,289,0,-7.98961,-34.93589,Recife,parked,none,350,64.8
TLM04646,CUST0465,VEH0065,CONTR0465,2026-09-03T16:52:00,SYNTHETIC,16603,788,800,12,98.5,48.4,19.0,18,23.5,67.9,80,,472,0,-8.11458,-34.89478,Recife,charging,none,1000,98.5
TLM04647,CUST0465,VEH0065,CONTR0465,2026-09-10T22:18:00,SYNTHETIC,16814,844,800,0,105.5,28.4,46.1,8,97.4,68.2,44,,259,0,-8.05756,-34.94827,Recife,moving,none,4000,105.5
TLM04648,CUST0465,VEH0065,CONTR0465,2026-09-17T18:03:00,SYNTHETIC,16952,554,800,246,69.2,56.6,7.7,32,8.2,41.8,92,,542,0,-8.0137,-34.89413,Recife,parked,km_limit,700,69.2
TLM04649,CUST0465,VEH0065,CONTR0465,2026-09-24T20:54:00,SYNTHETIC,17107,621,800,179,77.6,40.4,23.3,12,34.7,50.3,95,,560,0,-8.0407,-34.91242,Recife,parked,none,2500,77.6
TLM04650,CUST0465,VEH0065,CONTR0465,2026-10-01T21:48:00,SYNTHETIC,17259,608,800,192,76.0,41.1,26.5,10,38.7,48.7,44,,259,0,-8.03591,-34.84036,Recife,parked,km_limit,1500,76.0
TLM04651,CUST0466,VEH0066,CONTR0466,2026-07-30T09:12:00,SYNTHETIC,17206,1750,2000,250,87.5,29.8,49.5,16,99.6,163.8,65,,357,0,-29.99952,-51.17367,Porto Alegre,parked,maintenance,1000,87.5
TLM04652,CUST0466,VEH0066,CONTR0466,2026-08-06T16:47:00,SYNTHETIC,17680,1899,2000,101,95.0,48.1,52.3,16,65.1,164.7,62,,341,0,-30.11348,-51.20779,Porto Alegre,parked,km_limit,700,95.0
TLM04653,CUST0466,VEH0066,CONTR0466,2026-08-13T13:57:00,SYNTHETIC,18080,1602,2000,398,80.1,54.4,27.6,26,30.5,160.1,67,,368,0,-30.11451,-51.24702,Porto Alegre,moving,km_limit,1000,80.1
TLM04654,CUST0466,VEH0066,CONTR0466,2026-08-20T14:11:00,SYNTHETIC,18521,1764,2000,236,88.2,48.7,36.3,22,44.7,145.3,18,,99,0,-30.1443,-51.15227,Porto Alegre,parked,none,350,88.2
TLM04655,CUST0466,VEH0066,CONTR0466,2026-08-27T17:48:00,SYNTHETIC,18949,1712,2000,288,85.6,29.0,53.1,14,110.1,171.1,32,,176,0,-30.07251,-51.20311,Porto Alegre,moving,low_fuel,1000,85.6
TLM04656,CUST0466,VEH0066,CONTR0466,2026-09-03T10:04:00,SYNTHETIC,19403,1819,2000,181,91.0,38.6,20.1,41,31.2,152.1,37,,203,0,-29.9908,-51.17917,Porto Alegre,moving,none,1500,91.0
TLM04657,CUST0466,VEH0066,CONTR0466,2026-09-10T21:07:00,SYNTHETIC,19824,1686,2000,314,84.3,57.2,33.3,23,34.9,155.4,26,,143,0,-30.07798,-51.1778,Porto Alegre,parked,km_limit,700,84.3
TLM04658,CUST0466,VEH0066,CONTR0466,2026-09-17T10:24:00,SYNTHETIC,20268,1776,2000,224,88.8,56.9,36.8,21,38.8,174.6,91,,500,0,-30.00816,-51.1683,Porto Alegre,parked,none,4000,88.8
TLM04659,CUST0466,VEH0066,CONTR0466,2026-09-24T20:15:00,SYNTHETIC,20733,1863,2000,137,93.2,38.5,21.0,40,32.8,174.4,59,,324,0,-30.00809,-51.24493,Porto Alegre,parked,maintenance,350,93.2
TLM04660,CUST0466,VEH0066,CONTR0466,2026-10-01T17:47:00,SYNTHETIC,21172,1756,2000,244,87.8,29.6,47.9,16,97.1,160.2,50,,275,0,-30.12291,-51.26917,Porto Alegre,parked,maintenance,700,87.8
TLM04661,CUST0467,VEH0067,CONTR0467,2026-07-30T18:16:00,SYNTHETIC,35553,930,1000,70,93.0,58.9,52.3,8,53.2,80.6,41,,239,0,-19.94324,-43.91707,Belo Horizonte,parked,none,4000,93.0
TLM04662,CUST0467,VEH0067,CONTR0467,2026-08-06T11:46:00,SYNTHETIC,35849,1184,1000,0,118.4,36.5,10.1,53,16.6,95.9,62,,361,0,-20.00835,-43.86993,Belo Horizonte,parked,low_fuel,700,118.4
TLM04663,CUST0467,VEH0067,CONTR0467,2026-08-13T19:51:00,SYNTHETIC,36097,994,1000,6,99.4,53.7,23.4,19,26.2,88.8,24,,139,0,-19.86426,-43.91841,Belo Horizonte,parked,none,700,99.4
TLM04664,CUST0467,VEH0067,CONTR0467,2026-08-20T08:15:00,SYNTHETIC,36276,716,1000,284,71.6,50.3,54.0,6,64.3,60.1,45,,262,0,-19.91513,-43.95556,Belo Horizonte,moving,none,1000,71.6
TLM04665,CUST0467,VEH0067,CONTR0467,2026-08-27T08:30:00,SYNTHETIC,36518,969,1000,31,96.9,37.0,39.4,11,64.0,82.2,72,,419,0,-19.95585,-43.9027,Belo Horizonte,moving,none,350,96.9
TLM04666,CUST0467,VEH0067,CONTR0467,2026-09-03T07:54:00,SYNTHETIC,36872,1416,1000,0,141.6,30.9,43.0,14,83.5,118.4,35,,204,0,-19.94324,-43.99909,Belo Horizonte,moving,km_limit,1000,141.6
TLM04667,CUST0467,VEH0067,CONTR0467,2026-09-10T14:53:00,SYNTHETIC,37061,756,1000,244,75.6,34.1,16.9,20,29.7,65.1,50,,291,0,-19.89882,-43.87002,Belo Horizonte,moving,none,4000,75.6
TLM04668,CUST0467,VEH0067,CONTR0467,2026-09-17T16:44:00,SYNTHETIC,37438,1508,1000,0,150.8,53.8,17.4,39,19.3,137.5,15,,87,0,-19.86272,-43.87359,Belo Horizonte,parked,km_limit,350,150.8
TLM04669,CUST0467,VEH0067,CONTR0467,2026-09-24T18:59:00,SYNTHETIC,37690,1010,1000,0,101.0,46.0,53.0,8,69.0,87.2,87,,507,0,-19.86459,-43.86529,Belo Horizonte,parked,km_limit,350,101.0
TLM04670,CUST0467,VEH0067,CONTR0467,2026-10-01T10:04:00,SYNTHETIC,38000,1243,1000,0,124.3,59.6,44.7,12,45.1,102.4,86,,501,0,-19.89725,-43.93868,Belo Horizonte,parked,none,1500,124.3
TLM04671,CUST0468,VEH0068,CONTR0468,2026-07-30T15:21:00,SYNTHETIC,68158,888,800,0,111.0,44.4,47.2,8,63.7,74.9,37,,237,0,-20.00494,-43.99157,Belo Horizonte,parked,none,4000,111.0
TLM04672,CUST0468,VEH0068,CONTR0468,2026-08-06T16:17:00,SYNTHETIC,68371,853,800,0,106.6,37.6,20.2,19,32.3,71.3,85,,544,0,-19.9001,-44.00292,Belo Horizonte,moving,none,4000,106.6
TLM04673,CUST0468,VEH0068,CONTR0468,2026-08-13T20:48:00,SYNTHETIC,68610,957,800,0,119.6,55.4,38.6,11,41.8,76.6,35,,224,0,-19.93847,-43.89646,Belo Horizonte,parked,low_fuel,350,119.6
TLM04674,CUST0468,VEH0068,CONTR0468,2026-08-20T08:14:00,SYNTHETIC,68854,977,800,0,122.1,48.9,35.0,12,42.9,81.1,69,,442,0,-20.0209,-43.91842,Belo Horizonte,parked,low_fuel,1000,122.1
TLM04675,CUST0468,VEH0068,CONTR0468,2026-08-27T09:27:00,SYNTHETIC,69090,946,800,0,118.3,45.8,31.4,13,41.2,67.9,72,,461,0,-19.9014,-43.99661,Belo Horizonte,parked,low_fuel,1000,118.3
TLM04676,CUST0468,VEH0068,CONTR0468,2026-09-03T09:46:00,SYNTHETIC,69301,847,800,0,105.9,47.6,50.1,7,63.2,65.5,84,,538,0,-19.96894,-43.97892,Belo Horizonte,moving,none,2500,105.9
TLM04677,CUST0468,VEH0068,CONTR0468,2026-09-10T07:04:00,SYNTHETIC,69548,989,800,0,123.6,40.5,38.1,11,56.4,75.5,93,,596,0,-19.89783,-43.95343,Belo Horizonte,parked,low_fuel,1000,123.6
TLM04678,CUST0468,VEH0068,CONTR0468,2026-09-17T08:06:00,SYNTHETIC,69761,853,800,0,106.6,40.5,6.9,56,10.2,67.1,89,,570,0,-19.9501,-43.90482,Belo Horizonte,moving,none,2500,106.6
TLM04679,CUST0468,VEH0068,CONTR0468,2026-09-24T16:07:00,SYNTHETIC,70001,962,800,0,120.2,44.7,47.4,9,63.6,75.3,49,,314,0,-19.92538,-43.90901,Belo Horizonte,parked,none,2500,120.2
TLM04680,CUST0468,VEH0068,CONTR0468,2026-10-01T10:12:00,SYNTHETIC,70225,899,800,0,112.4,50.4,40.1,10,47.7,68.8,55,,352,0,-20.02199,-43.8823,Belo Horizonte,moving,none,1000,112.4
TLM04681,CUST0469,VEH0069,CONTR0469,2026-07-30T17:29:00,SYNTHETIC,43320,2694,2000,0,134.7,51.3,33.4,36,39.1,262.6,63,,364,0,-13.02899,-38.52015,Salvador,parked,maintenance,2500,134.7
TLM04682,CUST0469,VEH0069,CONTR0469,2026-08-06T17:04:00,SYNTHETIC,43866,2186,2000,0,109.3,55.9,28.7,34,30.9,189.4,69,,399,0,-12.9441,-38.52839,Salvador,moving,none,2500,109.3
TLM04683,CUST0469,VEH0069,CONTR0469,2026-08-13T12:02:00,SYNTHETIC,44411,2180,2000,0,109.0,30.1,16.8,58,33.6,218.6,83,,480,0,-13.01172,-38.53688,Salvador,moving,low_fuel,2500,109.0
TLM04684,CUST0469,VEH0069,CONTR0469,2026-08-20T19:09:00,SYNTHETIC,44892,1926,2000,74,96.3,60.2,8.5,102,8.5,165.3,65,,376,0,-12.89951,-38.40152,Salvador,moving,none,4000,96.3
TLM04685,CUST0469,VEH0069,CONTR0469,2026-08-27T09:54:00,SYNTHETIC,45495,2412,2000,0,120.6,47.3,54.8,19,69.6,223.4,71,,411,0,-13.04331,-38.46487,Salvador,parked,none,1500,120.6
TLM04686,CUST0469,VEH0069,CONTR0469,2026-09-03T20:23:00,SYNTHETIC,45874,1516,2000,484,75.8,52.3,12.3,55,14.1,153.2,20,,115,0,-12.88897,-38.41444,Salvador,parked,km_limit,1500,75.8
TLM04687,CUST0469,VEH0069,CONTR0469,2026-09-10T13:30:00,SYNTHETIC,46316,1770,2000,230,88.5,47.6,16.5,48,20.8,152.4,73,,422,0,-12.92015,-38.49541,Salvador,parked,low_fuel,1000,88.5
TLM04688,CUST0469,VEH0069,CONTR0469,2026-09-17T18:35:00,SYNTHETIC,46883,2271,2000,0,113.5,30.1,30.8,33,61.5,225.3,41,,237,0,-12.91292,-38.46514,Salvador,parked,low_fuel,350,113.5
TLM04689,CUST0469,VEH0069,CONTR0469,2026-09-24T15:08:00,SYNTHETIC,47514,2527,2000,0,126.4,59.4,8.5,134,8.6,262.2,68,,393,0,-12.97285,-38.45611,Salvador,moving,none,1500,126.4
TLM04690,CUST0469,VEH0069,CONTR0469,2026-10-01T22:49:00,SYNTHETIC,48041,2109,2000,0,105.5,30.4,50.5,18,99.7,216.0,42,,243,0,-12.8939,-38.54962,Salvador,parked,low_fuel,1500,105.5
TLM04691,CUST0470,VEH0070,CONTR0470,2026-07-30T12:37:00,SYNTHETIC,64068,1702,1800,98,94.6,33.7,56.3,13,100.4,123.9,86,,411,0,-30.03941,-51.13517,Porto Alegre,parked,none,4000,94.6
TLM04692,CUST0470,VEH0070,CONTR0470,2026-08-06T11:57:00,SYNTHETIC,64428,1440,1800,360,80.0,47.1,66.0,9,84.1,95.9,23,,110,0,-29.99117,-51.17243,Porto Alegre,maintenance,low_fuel,1000,80.0
TLM04693,CUST0470,VEH0070,CONTR0470,2026-08-13T10:06:00,SYNTHETIC,64916,1953,1800,0,108.5,31.0,69.2,12,134.1,121.0,88,,421,0,-30.10678,-51.24784,Porto Alegre,parked,low_fuel,700,108.5
TLM04694,CUST0470,VEH0070,CONTR0470,2026-08-20T14:09:00,SYNTHETIC,65573,2628,1800,0,146.0,37.0,10.4,114,16.9,179.0,58,,277,0,-30.03073,-51.15526,Porto Alegre,parked,low_fuel,4000,146.0
TLM04695,CUST0470,VEH0070,CONTR0470,2026-08-27T14:12:00,SYNTHETIC,65981,1632,1800,168,90.7,57.3,64.6,11,67.6,118.9,22,,105,0,-30.10555,-51.2091,Porto Alegre,moving,low_fuel,700,90.7
TLM04696,CUST0470,VEH0070,CONTR0470,2026-09-03T17:01:00,SYNTHETIC,66587,2424,1800,0,134.7,46.7,22.5,49,28.9,147.4,57,,273,0,-29.98387,-51.1557,Porto Alegre,moving,none,4000,134.7
TLM04697,CUST0470,VEH0070,CONTR0470,2026-09-10T09:38:00,SYNTHETIC,67171,2338,1800,0,129.9,40.2,66.9,15,99.8,157.9,65,,311,0,-29.95665,-51.23739,Porto Alegre,parked,none,2500,129.9
TLM04698,CUST0470,VEH0070,CONTR0470,2026-09-17T11:50:00,SYNTHETIC,67850,2716,1800,0,150.9,38.2,51.5,23,80.9,173.0,34,,162,0,-30.02428,-51.12693,Porto Alegre,moving,none,700,150.9
TLM04699,CUST0470,VEH0070,CONTR0470,2026-09-24T21:18:00,SYNTHETIC,68581,2927,1800,0,162.6,28.3,35.1,37,74.4,213.9,26,,124,0,-30.08805,-51.22432,Porto Alegre,parked,low_fuel,4000,162.6
TLM04700,CUST0470,VEH0070,CONTR0470,2026-10-01T08:58:00,SYNTHETIC,69188,2430,1800,0,135.0,55.2,68.6,16,74.5,177.9,67,,320,0,-30.08622,-51.22702,Porto Alegre,moving,low_fuel,1500,135.0
TLM04701,CUST0471,VEH0071,CONTR0471,2026-07-30T09:44:00,SYNTHETIC,62779,4122,3000,0,137.4,55.6,13.7,136,14.8,367.6,29,,169,0,-12.96707,-38.50073,Salvador,moving,none,2500,137.4
TLM04702,CUST0471,VEH0071,CONTR0471,2026-08-06T11:05:00,SYNTHETIC,63407,2514,3000,486,83.8,47.9,46.0,24,57.6,223.0,35,,204,0,-12.97232,-38.53034,Salvador,moving,low_fuel,1500,83.8
TLM04703,CUST0471,VEH0071,CONTR0471,2026-08-13T10:17:00,SYNTHETIC,63977,2280,3000,720,76.0,29.6,15.6,66,31.5,209.1,23,,134,0,-12.99148,-38.54462,Salvador,parked,maintenance,350,76.0
TLM04704,CUST0471,VEH0071,CONTR0471,2026-08-20T15:09:00,SYNTHETIC,65173,4787,3000,0,159.6,38.1,38.6,56,60.7,440.3,82,,478,0,-12.88068,-38.44438,Salvador,parked,km_limit,4000,159.6
TLM04705,CUST0471,VEH0071,CONTR0471,2026-08-27T21:43:00,SYNTHETIC,66231,4234,3000,0,141.1,44.7,43.6,44,58.5,388.9,73,,425,0,-12.99919,-38.48977,Salvador,parked,low_fuel,700,141.1
TLM04706,CUST0471,VEH0071,CONTR0471,2026-09-03T20:18:00,SYNTHETIC,67135,3618,3000,0,120.6,42.8,8.3,197,11.7,299.4,33,,192,0,-12.8836,-38.4567,Salvador,parked,none,350,120.6
TLM04707,CUST0471,VEH0071,CONTR0471,2026-09-10T08:16:00,SYNTHETIC,68100,3862,3000,0,128.7,30.6,27.4,64,53.7,333.7,51,,297,0,-13.00945,-38.5591,Salvador,moving,none,4000,128.7
TLM04708,CUST0471,VEH0071,CONTR0471,2026-09-17T15:38:00,SYNTHETIC,68985,3541,3000,0,118.0,47.0,9.8,164,12.5,290.8,70,,408,0,-13.01148,-38.47886,Salvador,parked,km_limit,4000,118.0
TLM04709,CUST0471,VEH0071,CONTR0471,2026-09-24T13:46:00,SYNTHETIC,69677,2770,3000,230,92.3,55.6,47.6,26,51.3,230.4,74,,431,0,-12.99018,-38.52612,Salvador,moving,low_fuel,350,92.3
TLM04710,CUST0471,VEH0071,CONTR0471,2026-10-01T20:51:00,SYNTHETIC,70706,4119,3000,0,137.3,38.1,38.7,48,61.0,331.4,31,,180,0,-12.90233,-38.55818,Salvador,parked,low_fuel,1000,137.3
TLM04711,CUST0472,VEH0072,CONTR0472,2026-07-30T11:16:00,SYNTHETIC,43332,877,1500,623,58.5,29.0,47.7,8,98.7,85.9,88,,501,0,-30.06535,-51.2741,Porto Alegre,moving,low_fuel,1000,58.5
TLM04712,CUST0472,VEH0072,CONTR0472,2026-08-06T21:05:00,SYNTHETIC,43756,1699,1500,0,113.3,51.9,40.0,19,46.2,151.7,67,,381,0,-29.95389,-51.30291,Porto Alegre,moving,none,1500,113.3
TLM04713,CUST0472,VEH0072,CONTR0472,2026-08-13T21:39:00,SYNTHETIC,44154,1593,1500,0,106.2,29.5,16.2,44,32.8,140.1,78,,444,0,-30.04039,-51.23482,Porto Alegre,parked,low_fuel,1000,106.2
TLM04714,CUST0472,VEH0072,CONTR0472,2026-08-20T14:36:00,SYNTHETIC,44481,1308,1500,192,87.2,42.2,24.6,24,34.9,116.6,63,,359,0,-29.96979,-51.27447,Porto Alegre,parked,km_limit,1500,87.2
TLM04715,CUST0472,VEH0072,CONTR0472,2026-08-27T11:19:00,SYNTHETIC,44714,933,1500,567,62.2,59.2,43.5,9,44.1,89.3,50,,285,0,-29.9595,-51.2838,Porto Alegre,parked,none,350,62.2
TLM04716,CUST0472,VEH0072,CONTR0472,2026-09-03T10:07:00,SYNTHETIC,45104,1561,1500,0,104.1,53.3,15.8,44,17.8,131.1,51,,290,0,-30.03511,-51.29442,Porto Alegre,moving,none,4000,104.1
TLM04717,CUST0472,VEH0072,CONTR0472,2026-09-10T22:06:00,SYNTHETIC,45460,1425,1500,75,95.0,34.5,52.3,12,90.9,117.3,21,,119,0,-29.9618,-51.15657,Porto Alegre,moving,low_fuel,1000,95.0
TLM04718,CUST0472,VEH0072,CONTR0472,2026-09-17T13:30:00,SYNTHETIC,45762,1209,1500,291,80.6,54.0,25.6,21,28.5,99.8,91,,518,0,-30.01806,-51.27691,Porto Alegre,parked,none,4000,80.6
TLM04719,CUST0472,VEH0072,CONTR0472,2026-09-24T07:31:00,SYNTHETIC,46165,1614,1500,0,107.6,29.2,28.5,25,58.5,147.3,47,,267,0,-30.02683,-51.15466,Porto Alegre,parked,none,350,107.6
TLM04720,CUST0472,VEH0072,CONTR0472,2026-10-01T19:17:00,SYNTHETIC,46386,886,1500,614,59.1,59.7,16.4,24,16.4,77.4,62,,353,0,-30.07812,-51.19359,Porto Alegre,parked,none,350,59.1
TLM04721,CUST0473,VEH0073,CONTR0473,2026-07-30T16:00:00,SYNTHETIC,44355,1009,1200,191,84.1,52.8,39.7,11,45.2,89.8,86,,449,0,-25.36285,-49.17043,Curitiba,moving,maintenance,1000,84.1
TLM04722,CUST0473,VEH0073,CONTR0473,2026-08-06T17:36:00,SYNTHETIC,44769,1656,1200,0,138.0,51.7,10.7,70,12.5,156.9,88,,460,0,-25.38968,-49.18284,Curitiba,moving,maintenance,1000,138.0
TLM04723,CUST0473,VEH0073,CONTR0473,2026-08-13T07:07:00,SYNTHETIC,45157,1554,1200,0,129.5,31.8,25.2,28,47.5,146.8,42,,219,0,-25.4264,-49.31145,Curitiba,parked,low_fuel,1500,129.5
TLM04724,CUST0473,VEH0073,CONTR0473,2026-08-20T12:25:00,SYNTHETIC,45363,825,1200,375,68.8,32.4,8.2,45,15.1,76.7,60,,313,0,-25.50241,-49.28301,Curitiba,charging,maintenance,700,68.8
TLM04725,CUST0473,VEH0073,CONTR0473,2026-08-27T16:04:00,SYNTHETIC,45751,1555,1200,0,129.6,49.2,29.0,24,35.4,141.8,24,,125,0,-25.46389,-49.19145,Curitiba,parked,km_limit,4000,129.6
TLM04726,CUST0473,VEH0073,CONTR0473,2026-09-03T11:24:00,SYNTHETIC,46186,1743,1200,0,145.2,31.4,52.5,15,100.3,163.7,67,,350,0,-25.49526,-49.24994,Curitiba,parked,km_limit,2500,145.2
TLM04727,CUST0473,VEH0073,CONTR0473,2026-09-10T12:23:00,SYNTHETIC,46437,1006,1200,194,83.8,40.7,32.7,13,48.2,103.7,47,,245,0,-25.46162,-49.23547,Curitiba,parked,none,1000,83.8
TLM04728,CUST0473,VEH0073,CONTR0473,2026-09-17T11:19:00,SYNTHETIC,46764,1309,1200,0,109.1,31.0,38.5,15,74.6,119.3,40,,209,0,-25.48208,-49.21557,Curitiba,parked,low_fuel,350,109.1
TLM04729,CUST0473,VEH0073,CONTR0473,2026-09-24T16:14:00,SYNTHETIC,47153,1556,1200,0,129.7,32.4,35.6,19,66.1,166.4,63,,329,0,-25.41894,-49.17622,Curitiba,moving,none,700,129.7
TLM04730,CUST0473,VEH0073,CONTR0473,2026-10-01T06:21:00,SYNTHETIC,47559,1626,1200,0,135.5,28.1,47.1,15,100.7,152.6,29,,151,0,-25.39876,-49.24041,Curitiba,parked,none,4000,135.5
TLM04731,CUST0474,VEH0074,CONTR0474,2026-07-30T15:33:00,SYNTHETIC,42078,788,800,12,98.5,43.4,16.8,21,23.2,61.4,22,,135,0,-3.81113,-38.56664,Fortaleza,parked,km_limit,350,98.5
TLM04732,CUST0474,VEH0074,CONTR0474,2026-08-06T20:22:00,SYNTHETIC,42296,873,800,0,109.1,35.2,40.0,9,68.2,78.9,94,,579,0,-3.8108,-38.59427,Fortaleza,moving,none,1000,109.1
TLM04733,CUST0474,VEH0074,CONTR0474,2026-08-13T13:32:00,SYNTHETIC,42569,1095,800,0,136.9,41.1,32.2,15,47.0,87.8,56,,344,0,-3.76044,-38.4796,Fortaleza,parked,maintenance,1000,136.9
TLM04734,CUST0474,VEH0074,CONTR0474,2026-08-20T06:59:00,SYNTHETIC,42879,1243,800,0,155.4,40.8,12.9,43,19.0,111.1,58,,357,0,-3.77448,-38.52228,Fortaleza,moving,km_limit,2500,155.4
TLM04735,CUST0474,VEH0074,CONTR0474,2026-08-27T22:20:00,SYNTHETIC,43160,1125,800,0,140.6,48.3,29.6,17,36.8,86.3,47,,289,0,-3.76675,-38.47176,Fortaleza,parked,low_fuel,4000,140.6
TLM04736,CUST0474,VEH0074,CONTR0474,2026-09-03T11:44:00,SYNTHETIC,43384,899,800,0,112.4,34.6,50.7,8,88.0,70.3,92,,566,0,-3.74552,-38.55944,Fortaleza,parked,km_limit,4000,112.4
TLM04737,CUST0474,VEH0074,CONTR0474,2026-09-10T12:54:00,SYNTHETIC,43619,940,800,0,117.5,38.5,7.1,59,11.1,80.6,38,,234,0,-3.71487,-38.50171,Fortaleza,parked,none,350,117.5
TLM04738,CUST0474,VEH0074,CONTR0474,2026-09-17T10:58:00,SYNTHETIC,43803,738,800,62,92.2,49.0,33.9,9,41.5,57.0,71,,437,0,-3.70139,-38.45707,Fortaleza,moving,maintenance,700,92.2
TLM04739,CUST0474,VEH0074,CONTR0474,2026-09-24T07:11:00,SYNTHETIC,44017,859,800,0,107.4,42.2,42.4,9,60.4,74.9,63,,388,0,-3.73973,-38.52462,Fortaleza,moving,none,350,107.4
TLM04740,CUST0474,VEH0074,CONTR0474,2026-10-01T22:59:00,SYNTHETIC,44253,945,800,0,118.1,28.6,19.7,21,41.4,71.8,45,,277,0,-3.80322,-38.46351,Fortaleza,parked,km_limit,1000,118.1
TLM04741,CUST0475,VEH0075,CONTR0475,2026-07-30T15:13:00,SYNTHETIC,40578,1733,1500,0,115.5,37.7,12.4,63,19.8,0.0,,66,190,6,-16.66673,-49.27554,Goiânia,parked,maintenance,2500,115.5
TLM04742,CUST0475,VEH0075,CONTR0475,2026-08-06T10:14:00,SYNTHETIC,40959,1524,1500,0,101.6,55.8,45.1,15,48.5,0.0,,74,188,2,-16.68873,-49.21925,Goiânia,parked,none,1500,101.6
TLM04743,CUST0475,VEH0075,CONTR0475,2026-08-13T06:55:00,SYNTHETIC,41288,1318,1500,182,87.9,51.7,30.6,19,35.5,0.0,,85,225,4,-16.75722,-49.29569,Goiânia,parked,km_limit,1000,87.9
TLM04744,CUST0475,VEH0075,CONTR0475,2026-08-20T15:59:00,SYNTHETIC,41736,1795,1500,0,119.7,42.0,49.9,16,71.4,0.0,,74,199,2,-16.70536,-49.18402,Goiânia,moving,maintenance,1500,119.7
TLM04745,CUST0475,VEH0075,CONTR0475,2026-08-27T09:36:00,SYNTHETIC,42110,1497,1500,3,99.8,38.0,53.6,12,84.5,0.0,,61,168,2,-16.67066,-49.25956,Goiânia,moving,km_limit,1500,99.8
TLM04746,CUST0475,VEH0075,CONTR0475,2026-09-03T15:43:00,SYNTHETIC,42482,1490,1500,10,99.3,49.2,34.8,19,42.4,0.0,,39,113,3,-16.71669,-49.28945,Goiânia,moving,none,1500,99.3
TLM04747,CUST0475,VEH0075,CONTR0475,2026-09-10T06:35:00,SYNTHETIC,42830,1394,1500,106,92.9,61.9,48.3,13,46.8,0.0,,30,85,1,-16.75966,-49.28333,Goiânia,parked,km_limit,1000,92.9
TLM04748,CUST0475,VEH0075,CONTR0475,2026-09-17T22:16:00,SYNTHETIC,43242,1650,1500,0,110.0,31.7,37.8,19,71.5,0.0,,70,193,8,-16.67794,-49.16876,Goiânia,moving,battery_low,700,110.0
TLM04749,CUST0475,VEH0075,CONTR0475,2026-09-24T11:59:00,SYNTHETIC,43564,1289,1500,211,85.9,32.0,45.5,12,85.4,0.0,,28,74,5,-16.70113,-49.16692,Goiânia,parked,none,2500,85.9
TLM04750,CUST0475,VEH0075,CONTR0475,2026-10-01T19:48:00,SYNTHETIC,43800,946,1500,554,63.1,31.7,46.5,9,88.0,0.0,,86,252,4,-16.6718,-49.27851,Goiânia,moving,none,1500,63.1
TLM04751,CUST0476,VEH0076,CONTR0476,2026-07-30T11:23:00,SYNTHETIC,71196,702,800,98,87.8,54.4,7.2,44,7.9,30.9,35,,343,0,-25.52586,-49.21612,Curitiba,moving,none,490,87.8
TLM04752,CUST0476,VEH0076,CONTR0476,2026-08-06T20:39:00,SYNTHETIC,71461,1062,800,0,132.8,32.7,51.5,9,94.5,44.5,62,,608,2,-25.42377,-49.32863,Curitiba,parked,none,499,132.8
TLM04753,CUST0476,VEH0076,CONTR0476,2026-08-13T17:23:00,SYNTHETIC,71772,1246,800,0,155.8,51.2,27.2,20,31.9,51.8,48,,471,1,-25.44845,-49.26736,Curitiba,moving,none,235,155.8
TLM04754,CUST0476,VEH0076,CONTR0476,2026-08-20T17:10:00,SYNTHETIC,72043,1085,800,0,135.6,48.2,44.7,11,55.6,48.8,94,,923,2,-25.39363,-49.24586,Curitiba,parked,low_fuel,260,135.6
TLM04755,CUST0476,VEH0076,CONTR0476,2026-08-27T16:58:00,SYNTHETIC,72264,887,800,0,110.9,29.1,23.9,16,49.2,40.0,85,,834,1,-25.47918,-49.29632,Curitiba,moving,low_fuel,386,110.9
TLM04756,CUST0476,VEH0076,CONTR0476,2026-09-03T22:42:00,SYNTHETIC,72408,576,800,224,72.0,38.0,53.9,4,85.1,26.7,72,,707,0,-25.41926,-49.23266,Curitiba,parked,none,156,72.0
TLM04757,CUST0476,VEH0076,CONTR0476,2026-09-10T12:09:00,SYNTHETIC,72587,716,800,84,89.5,50.2,39.1,8,46.8,33.0,73,,716,0,-25.4965,-49.34134,Curitiba,moving,low_fuel,319,89.5
TLM04758,CUST0476,VEH0076,CONTR0476,2026-09-17T17:41:00,SYNTHETIC,72739,609,800,191,76.1,61.2,42.0,6,41.2,29.5,60,,589,1,-25.39662,-49.27902,Curitiba,parked,none,196,76.1
TLM04759,CUST0476,VEH0076,CONTR0476,2026-09-24T12:31:00,SYNTHETIC,72888,599,800,201,74.9,39.8,26.7,10,40.3,28.4,75,,736,1,-25.48425,-49.26328,Curitiba,moving,km_limit,478,74.9
TLM04760,CUST0476,VEH0076,CONTR0476,2026-10-01T18:40:00,SYNTHETIC,73028,561,800,239,70.1,42.1,17.9,14,25.6,26.7,69,,677,2,-25.44766,-49.20945,Curitiba,parked,none,127,70.1
TLM04761,CUST0477,VEH0077,CONTR0477,2026-07-30T16:11:00,SYNTHETIC,48888,670,800,130,83.8,60.7,30.2,10,29.8,0.0,,33,86,8,-16.69088,-49.25396,Goiânia,parked,none,1500,83.8
TLM04762,CUST0477,VEH0077,CONTR0477,2026-08-06T17:55:00,SYNTHETIC,49061,693,800,107,86.6,43.7,66.8,4,91.6,0.0,,32,76,4,-16.63096,-49.20888,Goiânia,moving,none,350,86.6
TLM04763,CUST0477,VEH0077,CONTR0477,2026-08-13T20:16:00,SYNTHETIC,49221,643,800,157,80.4,36.0,14.0,20,23.3,0.0,,36,95,4,-16.66651,-49.20105,Goiânia,maintenance,battery_low,4000,80.4
TLM04764,CUST0477,VEH0077,CONTR0477,2026-08-20T11:43:00,SYNTHETIC,49382,645,800,155,80.6,37.1,51.8,5,83.8,0.0,,58,140,7,-16.66944,-49.20827,Goiânia,charging,none,4000,80.6
TLM04765,CUST0477,VEH0077,CONTR0477,2026-08-27T10:28:00,SYNTHETIC,49551,678,800,122,84.8,56.8,49.5,6,52.3,0.0,,48,131,4,-16.63108,-49.22751,Goiânia,moving,none,4000,84.8
TLM04766,CUST0477,VEH0077,CONTR0477,2026-09-03T12:07:00,SYNTHETIC,49727,706,800,94,88.2,31.9,69.3,4,130.3,0.0,,90,252,3,-16.70877,-49.26686,Goiânia,parked,none,2500,88.2
TLM04767,CUST0477,VEH0077,CONTR0477,2026-09-10T07:53:00,SYNTHETIC,49912,740,800,60,92.5,32.2,61.3,5,114.2,0.0,,43,119,3,-16.59035,-49.24588,Goiânia,moving,none,1000,92.5
TLM04768,CUST0477,VEH0077,CONTR0477,2026-09-17T20:00:00,SYNTHETIC,50086,697,800,103,87.1,30.5,57.2,5,112.3,0.0,,52,135,6,-16.61554,-49.24653,Goiânia,moving,battery_low,1500,87.1
TLM04769,CUST0477,VEH0077,CONTR0477,2026-09-24T09:05:00,SYNTHETIC,50258,691,800,109,86.4,59.6,55.5,5,55.9,0.0,,32,86,4,-16.63424,-49.30776,Goiânia,parked,none,350,86.4
TLM04770,CUST0477,VEH0077,CONTR0477,2026-10-01T22:36:00,SYNTHETIC,50438,723,800,77,90.4,31.3,27.5,11,52.8,0.0,,60,144,0,-16.57862,-49.20547,Goiânia,moving,none,1000,90.4
TLM04771,CUST0478,VEH0078,CONTR0478,2026-07-30T10:18:00,SYNTHETIC,18574,1215,2000,785,60.8,53.1,48.3,11,54.6,89.5,59,,473,2,-3.69429,-38.63378,Fortaleza,moving,none,1000,60.8
TLM04772,CUST0478,VEH0078,CONTR0478,2026-08-06T10:55:00,SYNTHETIC,18830,1025,2000,975,51.2,38.0,33.1,14,52.2,83.1,32,,256,1,-3.66695,-38.58743,Fortaleza,parked,maintenance,4000,51.2
TLM04773,CUST0478,VEH0078,CONTR0478,2026-08-13T16:26:00,SYNTHETIC,19102,1091,2000,909,54.5,49.6,29.1,17,35.2,82.0,93,,745,1,-3.79416,-38.49847,Fortaleza,charging,maintenance,2500,54.5
TLM04774,CUST0478,VEH0078,CONTR0478,2026-08-20T12:56:00,SYNTHETIC,19537,1743,2000,257,87.2,37.1,43.0,18,69.5,130.4,50,,401,1,-3.78556,-38.58665,Fortaleza,parked,maintenance,350,87.2
TLM04775,CUST0478,VEH0078,CONTR0478,2026-08-27T14:52:00,SYNTHETIC,19873,1347,2000,653,67.3,39.2,11.1,55,17.0,109.9,46,,368,2,-3.66979,-38.5429,Fortaleza,charging,none,4000,67.3
TLM04776,CUST0478,VEH0078,CONTR0478,2026-09-03T22:16:00,SYNTHETIC,20127,1019,2000,981,50.9,35.4,28.7,16,48.6,79.0,54,,433,1,-3.75839,-38.54246,Fortaleza,moving,low_fuel,1500,50.9
TLM04777,CUST0478,VEH0078,CONTR0478,2026-09-10T18:52:00,SYNTHETIC,20516,1559,2000,441,78.0,55.5,17.5,40,18.9,115.9,75,,601,0,-3.74568,-38.53663,Fortaleza,parked,low_fuel,1000,78.0
TLM04778,CUST0478,VEH0078,CONTR0478,2026-09-17T19:53:00,SYNTHETIC,20873,1431,2000,569,71.5,33.1,26.7,24,48.4,114.0,24,,192,2,-3.69988,-38.63585,Fortaleza,parked,km_limit,700,71.5
TLM04779,CUST0478,VEH0078,CONTR0478,2026-09-24T09:07:00,SYNTHETIC,21257,1539,2000,461,77.0,58.4,40.9,17,42.0,115.8,43,,344,1,-3.79143,-38.57317,Fortaleza,parked,none,2500,77.0
TLM04780,CUST0478,VEH0078,CONTR0478,2026-10-01T18:30:00,SYNTHETIC,21607,1400,2000,600,70.0,37.4,44.6,14,71.5,99.4,44,,352,2,-3.77704,-38.4909,Fortaleza,parked,none,700,70.0
TLM04781,CUST0479,VEH0079,CONTR0479,2026-07-30T17:46:00,SYNTHETIC,13686,1038,1000,0,103.8,54.7,9.7,48,10.7,106.2,15,,96,0,-15.76845,-47.80703,Brasília,parked,none,2500,103.8
TLM04782,CUST0479,VEH0079,CONTR0479,2026-08-06T15:51:00,SYNTHETIC,14010,1296,1000,0,129.6,45.9,51.9,11,67.8,112.6,58,,371,0,-15.80887,-47.82395,Brasília,parked,none,1000,129.6
TLM04783,CUST0479,VEH0079,CONTR0479,2026-08-13T19:19:00,SYNTHETIC,14324,1259,1000,0,125.9,28.2,55.0,10,116.9,120.7,81,,518,0,-15.75909,-47.91573,Brasília,moving,km_limit,4000,125.9
TLM04784,CUST0479,VEH0079,CONTR0479,2026-08-20T12:05:00,SYNTHETIC,14647,1295,1000,0,129.5,33.6,14.8,39,26.3,119.9,69,,441,0,-15.74376,-47.88819,Brasília,moving,low_fuel,2500,129.5
TLM04785,CUST0479,VEH0079,CONTR0479,2026-08-27T20:26:00,SYNTHETIC,14853,826,1000,174,82.6,47.0,41.4,9,52.8,82.0,78,,499,0,-15.74038,-47.7821,Brasília,parked,none,700,82.6
TLM04786,CUST0479,VEH0079,CONTR0479,2026-09-03T08:06:00,SYNTHETIC,15117,1059,1000,0,105.9,61.4,41.4,11,40.5,95.4,75,,480,0,-15.87675,-47.90562,Brasília,parked,none,1500,105.9
TLM04787,CUST0479,VEH0079,CONTR0479,2026-09-10T16:34:00,SYNTHETIC,15401,1136,1000,0,113.6,34.6,28.3,18,49.1,111.4,89,,569,0,-15.82806,-47.82168,Brasília,moving,none,700,113.6
TLM04788,CUST0479,VEH0079,CONTR0479,2026-09-17T19:55:00,SYNTHETIC,15565,657,1000,343,65.7,38.1,19.4,15,30.6,64.5,78,,499,0,-15.74216,-47.91132,Brasília,parked,low_fuel,1000,65.7
TLM04789,CUST0479,VEH0079,CONTR0479,2026-09-24T22:09:00,SYNTHETIC,15864,1199,1000,0,119.9,55.6,51.9,10,56.0,114.5,25,,160,0,-15.86285,-47.78372,Brasília,parked,maintenance,350,119.9
TLM04790,CUST0479,VEH0079,CONTR0479,2026-10-01T20:49:00,SYNTHETIC,16099,943,1000,57,94.3,57.1,43.4,9,45.6,81.3,88,,563,0,-15.87104,-47.90976,Brasília,moving,none,1000,94.3
TLM04791,CUST0480,VEH0080,CONTR0480,2026-07-30T17:56:00,SYNTHETIC,63223,3262,2500,0,130.5,41.8,41.1,36,59.0,270.8,46,,282,0,-23.61682,-46.6227,São Paulo,moving,low_fuel,700,130.5
TLM04792,CUST0480,VEH0080,CONTR0480,2026-08-06T21:53:00,SYNTHETIC,63995,3088,2500,0,123.5,44.5,6.4,220,8.6,263.8,75,,460,0,-23.63989,-46.5975,São Paulo,parked,low_fuel,700,123.5
TLM04793,CUST0480,VEH0080,CONTR0480,2026-08-13T18:43:00,SYNTHETIC,64429,1737,2500,763,69.5,33.3,25.7,30,46.4,157.0,70,,429,0,-23.51671,-46.60188,São Paulo,parked,maintenance,700,69.5
TLM04794,CUST0480,VEH0080,CONTR0480,2026-08-20T14:10:00,SYNTHETIC,64894,1861,2500,639,74.4,35.8,14.3,59,24.0,159.5,22,,135,0,-23.5967,-46.63353,São Paulo,parked,low_fuel,4000,74.4
TLM04795,CUST0480,VEH0080,CONTR0480,2026-08-27T16:59:00,SYNTHETIC,65411,2071,2500,429,82.8,56.0,36.9,25,39.5,179.8,66,,405,0,-23.5792,-46.58861,São Paulo,parked,maintenance,2500,82.8
TLM04796,CUST0480,VEH0080,CONTR0480,2026-09-03T07:58:00,SYNTHETIC,65904,1972,2500,528,78.9,32.9,36.6,24,66.6,172.5,44,,270,0,-23.61575,-46.66523,São Paulo,parked,low_fuel,700,78.9
TLM04797,CUST0480,VEH0080,CONTR0480,2026-09-10T17:47:00,SYNTHETIC,66438,2138,2500,362,85.5,35.1,52.9,18,90.3,182.0,59,,362,0,-23.65796,-46.63552,São Paulo,moving,none,1500,85.5
TLM04798,CUST0480,VEH0080,CONTR0480,2026-09-17T12:05:00,SYNTHETIC,66828,1560,2500,940,62.4,54.4,39.6,17,43.7,138.8,52,,319,0,-23.59225,-46.57985,São Paulo,parked,km_limit,350,62.4
TLM04799,CUST0480,VEH0080,CONTR0480,2026-09-24T13:28:00,SYNTHETIC,67392,2256,2500,244,90.2,53.6,47.3,21,52.9,190.4,21,,128,0,-23.56643,-46.64431,São Paulo,parked,none,350,90.2
TLM04800,CUST0480,VEH0080,CONTR0480,2026-10-01T18:01:00,SYNTHETIC,67982,2360,2500,140,94.4,55.1,11.7,91,12.8,209.6,20,,122,0,-23.60024,-46.57759,São Paulo,parked,low_fuel,1500,94.4
TLM04801,CUST0481,VEH0081,CONTR0481,2026-07-30T09:40:00,SYNTHETIC,75441,1087,1000,0,108.7,42.2,51.3,9,72.9,123.6,86,,512,0,-23.51275,-46.63471,São Paulo,parked,maintenance,4000,108.7
TLM04802,CUST0481,VEH0081,CONTR0481,2026-08-06T06:48:00,SYNTHETIC,75580,558,1000,442,55.8,55.5,19.5,13,21.1,65.8,76,,452,0,-23.50257,-46.60404,São Paulo,parked,none,1000,55.8
TLM04803,CUST0481,VEH0081,CONTR0481,2026-08-13T14:39:00,SYNTHETIC,75743,652,1000,348,65.2,40.9,35.3,8,51.8,74.4,65,,387,0,-23.54199,-46.57711,São Paulo,parked,none,1500,65.2
TLM04804,CUST0481,VEH0081,CONTR0481,2026-08-20T17:50:00,SYNTHETIC,76018,1100,1000,0,110.0,61.1,10.4,48,10.2,114.9,19,,113,0,-23.50354,-46.59342,São Paulo,parked,maintenance,350,110.0
TLM04805,CUST0481,VEH0081,CONTR0481,2026-08-27T09:09:00,SYNTHETIC,76280,1048,1000,0,104.8,51.5,23.2,20,27.0,112.0,78,,464,0,-23.52183,-46.59972,São Paulo,charging,none,2500,104.8
TLM04806,CUST0481,VEH0081,CONTR0481,2026-09-03T19:32:00,SYNTHETIC,76473,774,1000,226,77.4,41.8,29.7,11,42.6,84.0,75,,447,0,-23.55396,-46.60304,São Paulo,parked,low_fuel,350,77.4
TLM04807,CUST0481,VEH0081,CONTR0481,2026-09-10T16:16:00,SYNTHETIC,76693,882,1000,118,88.2,58.0,54.9,7,56.8,100.6,47,,280,0,-23.51839,-46.67541,São Paulo,moving,low_fuel,2500,88.2
TLM04808,CUST0481,VEH0081,CONTR0481,2026-09-17T13:01:00,SYNTHETIC,76887,778,1000,222,77.8,31.1,34.7,10,66.8,82.7,47,,280,0,-23.45751,-46.66625,São Paulo,charging,none,2500,77.8
TLM04809,CUST0481,VEH0081,CONTR0481,2026-09-24T16:15:00,SYNTHETIC,77066,719,1000,281,71.9,41.1,13.0,25,19.1,75.8,65,,387,0,-23.43998,-46.61188,São Paulo,parked,none,2500,71.9
TLM04810,CUST0481,VEH0081,CONTR0481,2026-10-01T18:10:00,SYNTHETIC,77321,1023,1000,0,102.3,28.3,33.3,13,70.6,120.7,83,,494,0,-23.4455,-46.71431,São Paulo,parked,low_fuel,1500,102.3
TLM04811,CUST0482,VEH0082,CONTR0482,2026-07-30T22:54:00,SYNTHETIC,54663,497,1800,1303,27.6,56.5,7.7,29,8.2,46.9,23,,128,0,-16.71204,-49.23953,Goiânia,parked,none,2500,27.6
TLM04812,CUST0482,VEH0082,CONTR0482,2026-08-06T09:19:00,SYNTHETIC,54803,560,1800,1240,31.1,33.0,40.1,6,72.8,47.6,39,,217,0,-16.66587,-49.19244,Goiânia,parked,km_limit,1500,31.1
TLM04813,CUST0482,VEH0082,CONTR0482,2026-08-13T12:24:00,SYNTHETIC,54993,763,1800,1037,42.4,47.0,48.9,7,62.4,71.8,74,,412,0,-16.61955,-49.27136,Goiânia,moving,low_fuel,1000,42.4
TLM04814,CUST0482,VEH0082,CONTR0482,2026-08-20T08:08:00,SYNTHETIC,55127,539,1800,1261,29.9,50.5,46.5,5,55.3,45.4,27,,150,0,-16.67308,-49.24719,Goiânia,parked,maintenance,2500,29.9
TLM04815,CUST0482,VEH0082,CONTR0482,2026-08-27T20:13:00,SYNTHETIC,55247,483,1800,1317,26.8,30.7,38.0,5,74.1,42.7,45,,250,0,-16.72018,-49.19039,Goiânia,moving,maintenance,700,26.8
TLM04816,CUST0482,VEH0082,CONTR0482,2026-09-03T17:29:00,SYNTHETIC,55391,578,1800,1222,32.1,33.4,51.6,5,92.6,49.9,71,,395,0,-16.68658,-49.18083,Goiânia,parked,low_fuel,2500,32.1
TLM04817,CUST0482,VEH0082,CONTR0482,2026-09-10T06:35:00,SYNTHETIC,55564,692,1800,1108,38.4,53.2,39.8,7,44.9,61.2,52,,289,0,-16.62848,-49.25037,Goiânia,moving,none,4000,38.4
TLM04818,CUST0482,VEH0082,CONTR0482,2026-09-17T18:16:00,SYNTHETIC,55743,716,1800,1084,39.8,60.9,22.5,14,22.2,67.8,15,,83,0,-16.62943,-49.18859,Goiânia,moving,km_limit,700,39.8
TLM04819,CUST0482,VEH0082,CONTR0482,2026-09-24T17:09:00,SYNTHETIC,55887,579,1800,1221,32.2,28.8,35.1,7,73.1,53.6,47,,261,0,-16.60867,-49.27803,Goiânia,parked,none,4000,32.2
TLM04820,CUST0482,VEH0082,CONTR0482,2026-10-01T08:16:00,SYNTHETIC,56039,610,1800,1190,33.9,57.4,40.6,6,42.4,55.8,36,,200,0,-16.70835,-49.26204,Goiânia,parked,none,2500,33.9
TLM04821,CUST0483,VEH0083,CONTR0483,2026-07-30T12:59:00,SYNTHETIC,31969,1633,2000,367,81.7,58.0,31.9,23,33.0,146.9,28,,151,0,-27.55036,-48.60517,Florianópolis,parked,none,700,81.7
TLM04822,CUST0483,VEH0083,CONTR0483,2026-08-06T12:44:00,SYNTHETIC,32665,2787,2000,0,139.3,49.4,17.1,73,20.8,232.8,46,,248,0,-27.49711,-48.47396,Florianópolis,parked,none,1500,139.3
TLM04823,CUST0483,VEH0083,CONTR0483,2026-08-13T17:46:00,SYNTHETIC,33309,2579,2000,0,129.0,29.8,14.8,78,29.8,256.6,42,,226,0,-27.55362,-48.48849,Florianópolis,moving,low_fuel,4000,129.0
TLM04824,CUST0483,VEH0083,CONTR0483,2026-08-20T07:32:00,SYNTHETIC,34008,2798,2000,0,139.9,30.6,31.3,40,61.4,231.3,88,,475,0,-27.57762,-48.5157,Florianópolis,parked,none,2500,139.9
TLM04825,CUST0483,VEH0083,CONTR0483,2026-08-27T19:52:00,SYNTHETIC,34442,1736,2000,264,86.8,48.4,46.3,17,57.4,148.5,92,,496,0,-27.50616,-48.58102,Florianópolis,parked,low_fuel,350,86.8
TLM04826,CUST0483,VEH0083,CONTR0483,2026-09-03T09:17:00,SYNTHETIC,35145,2814,2000,0,140.7,45.3,33.5,38,44.4,252.0,79,,426,0,-27.61695,-48.48459,Florianópolis,parked,none,4000,140.7
TLM04827,CUST0483,VEH0083,CONTR0483,2026-09-10T22:45:00,SYNTHETIC,35770,2502,2000,0,125.1,61.8,31.4,36,30.5,213.6,84,,453,0,-27.56498,-48.54893,Florianópolis,parked,none,700,125.1
TLM04828,CUST0483,VEH0083,CONTR0483,2026-09-17T20:26:00,SYNTHETIC,36547,3109,2000,0,155.4,43.4,38.3,36,53.0,301.8,70,,378,0,-27.56571,-48.51588,Florianópolis,moving,none,2500,155.4
TLM04829,CUST0483,VEH0083,CONTR0483,2026-09-24T18:17:00,SYNTHETIC,37014,1871,2000,129,93.5,36.9,13.8,61,22.4,160.5,59,,318,0,-27.57247,-48.60238,Florianópolis,parked,maintenance,2500,93.5
TLM04830,CUST0483,VEH0083,CONTR0483,2026-10-01T21:58:00,SYNTHETIC,37699,2741,2000,0,137.1,34.3,43.9,28,76.7,226.5,33,,178,0,-27.59513,-48.44951,Florianópolis,parked,none,2500,137.1
TLM04831,CUST0484,VEH0084,CONTR0484,2026-07-30T12:52:00,SYNTHETIC,25541,1977,1500,0,131.8,49.8,33.2,27,40.0,114.0,26,,199,1,-16.66295,-49.23497,Goiânia,parked,km_limit,1500,131.8
TLM04832,CUST0484,VEH0084,CONTR0484,2026-08-06T09:17:00,SYNTHETIC,25798,1031,1500,469,68.7,58.4,25.2,18,25.9,62.0,63,,482,1,-16.71857,-49.29912,Goiânia,moving,maintenance,4000,68.7
TLM04833,CUST0484,VEH0084,CONTR0484,2026-08-13T12:41:00,SYNTHETIC,26270,1889,1500,0,125.9,58.2,53.2,16,54.9,104.0,68,,520,1,-16.60634,-49.19342,Goiânia,moving,low_fuel,2500,125.9
TLM04834,CUST0484,VEH0084,CONTR0484,2026-08-20T18:26:00,SYNTHETIC,26572,1208,1500,292,80.5,51.2,8.9,62,10.4,71.3,24,,183,1,-16.59839,-49.18619,Goiânia,moving,low_fuel,1000,80.5
TLM04835,CUST0484,VEH0084,CONTR0484,2026-08-27T17:30:00,SYNTHETIC,26989,1669,1500,0,111.3,41.2,31.5,24,45.8,90.8,89,,681,0,-16.70756,-49.26122,Goiânia,parked,low_fuel,2500,111.3
TLM04836,CUST0484,VEH0084,CONTR0484,2026-09-03T19:00:00,SYNTHETIC,27243,1018,1500,482,67.9,57.5,52.0,8,54.2,54.2,42,,321,2,-16.6669,-49.28244,Goiânia,moving,low_fuel,1000,67.9
TLM04837,CUST0484,VEH0084,CONTR0484,2026-09-10T15:18:00,SYNTHETIC,27571,1313,1500,187,87.5,34.0,43.3,13,76.2,79.2,61,,467,0,-16.6929,-49.33559,Goiânia,parked,low_fuel,2500,87.5
TLM04838,CUST0484,VEH0084,CONTR0484,2026-09-17T09:31:00,SYNTHETIC,27952,1524,1500,0,101.6,55.6,20.1,34,21.7,89.7,65,,497,2,-16.68174,-49.26822,Goiânia,moving,maintenance,350,101.6
TLM04839,CUST0484,VEH0084,CONTR0484,2026-09-24T06:40:00,SYNTHETIC,28295,1372,1500,128,91.5,60.4,27.2,22,27.0,73.8,70,,536,2,-16.72141,-49.25741,Goiânia,parked,low_fuel,4000,91.5
TLM04840,CUST0484,VEH0084,CONTR0484,2026-10-01T07:29:00,SYNTHETIC,28794,1996,1500,0,133.1,60.4,37.8,24,37.5,103.6,69,,528,1,-16.65228,-49.27076,Goiânia,parked,low_fuel,2500,133.1
TLM04841,CUST0485,VEH0085,CONTR0485,2026-07-30T06:07:00,SYNTHETIC,38425,2218,2000,0,110.9,28.2,40.6,24,86.4,173.0,56,,324,0,-3.70631,-38.53975,Fortaleza,moving,none,1000,110.9
TLM04842,CUST0485,VEH0085,CONTR0485,2026-08-06T10:43:00,SYNTHETIC,39047,2489,2000,0,124.4,54.4,48.3,23,53.4,215.4,26,,150,0,-3.73961,-38.60109,Fortaleza,parked,low_fuel,1500,124.4
TLM04843,CUST0485,VEH0085,CONTR0485,2026-08-13T09:52:00,SYNTHETIC,39581,2138,2000,0,106.9,61.3,23.5,41,23.0,176.5,17,,98,0,-3.70894,-38.62771,Fortaleza,parked,km_limit,700,106.9
TLM04844,CUST0485,VEH0085,CONTR0485,2026-08-20T22:54:00,SYNTHETIC,40202,2486,2000,0,124.3,33.2,16.2,69,29.2,182.7,25,,145,0,-3.70449,-38.50061,Fortaleza,parked,km_limit,350,124.3
TLM04845,CUST0485,VEH0085,CONTR0485,2026-08-27T08:05:00,SYNTHETIC,40781,2319,2000,0,116.0,42.2,53.3,19,75.8,177.8,52,,301,0,-3.73454,-38.58448,Fortaleza,parked,none,700,116.0
TLM04846,CUST0485,VEH0085,CONTR0485,2026-09-03T20:51:00,SYNTHETIC,41345,2259,2000,0,112.9,53.3,8.3,124,9.3,187.7,84,,487,0,-3.70283,-38.53162,Fortaleza,moving,none,350,112.9
TLM04847,CUST0485,VEH0085,CONTR0485,2026-09-10T12:48:00,SYNTHETIC,41952,2428,2000,0,121.4,51.4,12.2,90,14.2,175.0,60,,348,0,-3.7999,-38.60399,Fortaleza,moving,none,4000,121.4
TLM04848,CUST0485,VEH0085,CONTR0485,2026-09-17T13:23:00,SYNTHETIC,42553,2405,2000,0,120.2,43.9,40.2,27,55.0,180.5,91,,527,0,-3.74603,-38.63058,Fortaleza,parked,km_limit,1000,120.2
TLM04849,CUST0485,VEH0085,CONTR0485,2026-09-24T20:18:00,SYNTHETIC,43118,2260,2000,0,113.0,46.3,15.7,65,20.3,195.3,75,,435,0,-3.76424,-38.62952,Fortaleza,parked,low_fuel,700,113.0
TLM04850,CUST0485,VEH0085,CONTR0485,2026-10-01T06:28:00,SYNTHETIC,43687,2278,2000,0,113.9,43.2,52.1,19,72.2,188.0,91,,527,0,-3.80564,-38.60765,Fortaleza,parked,none,700,113.9
TLM04851,CUST0486,VEH0086,CONTR0486,2026-07-30T13:37:00,SYNTHETIC,72264,223,800,577,27.9,32.9,11.3,8,20.5,19.9,35,,175,0,-22.88014,-43.18956,Rio de Janeiro,parked,km_limit,700,27.9
TLM04852,CUST0486,VEH0086,CONTR0486,2026-08-06T19:05:00,SYNTHETIC,72372,434,800,366,54.2,37.2,11.0,17,17.8,42.5,58,,290,0,-22.95484,-43.21865,Rio de Janeiro,moving,maintenance,2500,54.2
TLM04853,CUST0486,VEH0086,CONTR0486,2026-08-13T20:28:00,SYNTHETIC,72444,290,800,510,36.2,53.6,51.1,2,57.2,24.2,46,,230,0,-22.93818,-43.20756,Rio de Janeiro,moving,maintenance,700,36.2
TLM04854,CUST0486,VEH0086,CONTR0486,2026-08-20T21:37:00,SYNTHETIC,72556,448,800,352,56.0,37.7,47.3,4,75.2,39.4,23,,115,0,-22.87812,-43.17896,Rio de Janeiro,parked,low_fuel,350,56.0
TLM04855,CUST0486,VEH0086,CONTR0486,2026-08-27T12:52:00,SYNTHETIC,72650,376,800,424,47.0,30.3,34.0,5,67.2,36.1,64,,320,0,-22.89646,-43.14334,Rio de Janeiro,parked,km_limit,4000,47.0
TLM04856,CUST0486,VEH0086,CONTR0486,2026-09-03T07:45:00,SYNTHETIC,72733,333,800,467,41.6,59.8,25.0,6,25.1,31.9,78,,390,0,-22.85346,-43.18395,Rio de Janeiro,parked,maintenance,2500,41.6
TLM04857,CUST0486,VEH0086,CONTR0486,2026-09-10T13:33:00,SYNTHETIC,72816,332,800,468,41.5,48.4,15.0,10,18.6,27.6,88,,440,0,-22.97824,-43.25974,Rio de Janeiro,parked,none,2500,41.5
TLM04858,CUST0486,VEH0086,CONTR0486,2026-09-17T16:50:00,SYNTHETIC,72877,245,800,555,30.6,57.9,19.7,5,20.5,22.6,39,,195,0,-22.88071,-43.14738,Rio de Janeiro,parked,maintenance,350,30.6
TLM04859,CUST0486,VEH0086,CONTR0486,2026-09-24T12:46:00,SYNTHETIC,72942,263,800,537,32.9,41.4,20.0,5,29.0,23.0,56,,280,0,-22.87371,-43.23336,Rio de Janeiro,parked,low_fuel,1500,32.9
TLM04860,CUST0486,VEH0086,CONTR0486,2026-10-01T22:53:00,SYNTHETIC,73049,428,800,372,53.5,39.2,23.9,8,36.6,40.5,74,,370,0,-22.8838,-43.18171,Rio de Janeiro,parked,maintenance,4000,53.5
TLM04861,CUST0487,VEH0087,CONTR0487,2026-07-30T06:08:00,SYNTHETIC,6830,1291,1200,0,107.6,58.4,34.3,17,35.3,119.8,51,,258,0,-3.73264,-38.5085,Fortaleza,moving,none,700,107.6
TLM04862,CUST0487,VEH0087,CONTR0487,2026-08-06T11:54:00,SYNTHETIC,7058,915,1200,285,76.2,61.9,38.4,10,37.3,95.7,27,,136,0,-3.7047,-38.56894,Fortaleza,parked,low_fuel,1000,76.2
TLM04863,CUST0487,VEH0087,CONTR0487,2026-08-13T11:34:00,SYNTHETIC,7330,1091,1200,109,90.9,54.8,18.0,27,19.8,111.0,37,,187,0,-3.7296,-38.55234,Fortaleza,moving,none,4000,90.9
TLM04864,CUST0487,VEH0087,CONTR0487,2026-08-20T16:14:00,SYNTHETIC,7650,1280,1200,0,106.7,47.4,35.7,16,45.2,122.7,77,,390,0,-3.71757,-38.54937,Fortaleza,parked,maintenance,700,106.7
TLM04865,CUST0487,VEH0087,CONTR0487,2026-08-27T07:21:00,SYNTHETIC,7851,807,1200,393,67.2,33.1,29.8,12,53.9,72.1,55,,278,0,-3.75648,-38.57137,Fortaleza,moving,low_fuel,2500,67.2
TLM04866,CUST0487,VEH0087,CONTR0487,2026-09-03T12:29:00,SYNTHETIC,8072,886,1200,314,73.8,50.2,17.3,23,20.7,88.8,25,,126,0,-3.73243,-38.45767,Fortaleza,moving,low_fuel,700,73.8
TLM04867,CUST0487,VEH0087,CONTR0487,2026-09-10T13:35:00,SYNTHETIC,8349,1111,1200,89,92.6,28.3,39.7,12,84.0,103.5,33,,167,0,-3.66516,-38.54181,Fortaleza,parked,low_fuel,2500,92.6
TLM04868,CUST0487,VEH0087,CONTR0487,2026-09-17T22:08:00,SYNTHETIC,8606,1028,1200,172,85.7,47.9,14.6,32,18.3,110.2,15,,76,0,-3.71266,-38.47154,Fortaleza,moving,low_fuel,350,85.7
TLM04869,CUST0487,VEH0087,CONTR0487,2026-09-24T22:23:00,SYNTHETIC,8914,1232,1200,0,102.7,52.4,11.9,46,13.7,109.0,64,,324,0,-3.76711,-38.47024,Fortaleza,moving,none,350,102.7
TLM04870,CUST0487,VEH0087,CONTR0487,2026-10-01T17:53:00,SYNTHETIC,9104,761,1200,439,63.4,34.4,18.5,18,32.2,78.8,63,,319,0,-3.8005,-38.45754,Fortaleza,parked,none,1000,63.4
TLM04871,CUST0488,VEH0088,CONTR0488,2026-07-30T08:01:00,SYNTHETIC,29218,1633,2000,367,81.7,50.8,65.6,11,77.5,166.3,88,,477,0,-16.75881,-49.28638,Goiânia,parked,none,1000,81.7
TLM04872,CUST0488,VEH0088,CONTR0488,2026-08-06T16:59:00,SYNTHETIC,29690,1891,2000,109,94.5,55.6,22.5,38,24.3,186.4,32,,173,0,-16.63721,-49.23384,Goiânia,moving,maintenance,4000,94.5
TLM04873,CUST0488,VEH0088,CONTR0488,2026-08-13T18:54:00,SYNTHETIC,30127,1748,2000,252,87.4,38.8,19.5,40,30.1,156.1,49,,266,0,-16.76425,-49.20453,Goiânia,moving,none,2500,87.4
TLM04874,CUST0488,VEH0088,CONTR0488,2026-08-20T22:41:00,SYNTHETIC,30570,1774,2000,226,88.7,35.6,17.5,46,29.5,158.2,57,,309,0,-16.7316,-49.20902,Goiânia,moving,km_limit,2500,88.7
TLM04875,CUST0488,VEH0088,CONTR0488,2026-08-27T09:45:00,SYNTHETIC,31039,1878,2000,122,93.9,46.4,60.9,14,78.8,198.1,46,,249,0,-16.67474,-49.21137,Goiânia,parked,none,4000,93.9
TLM04876,CUST0488,VEH0088,CONTR0488,2026-09-03T13:01:00,SYNTHETIC,31503,1857,2000,143,92.8,43.9,48.2,17,65.9,181.6,26,,141,0,-16.67282,-49.21987,Goiânia,parked,km_limit,1500,92.8
TLM04877,CUST0488,VEH0088,CONTR0488,2026-09-10T20:03:00,SYNTHETIC,31959,1825,2000,175,91.2,31.7,26.4,31,50.0,192.1,29,,157,0,-16.76661,-49.26822,Goiânia,parked,low_fuel,1500,91.2
TLM04878,CUST0488,VEH0088,CONTR0488,2026-09-17T06:26:00,SYNTHETIC,32428,1877,2000,123,93.8,38.3,72.8,11,114.2,193.7,81,,439,0,-16.73717,-49.25933,Goiânia,charging,low_fuel,700,93.8
TLM04879,CUST0488,VEH0088,CONTR0488,2026-09-24T17:09:00,SYNTHETIC,32830,1608,2000,392,80.4,28.9,44.3,16,92.0,160.2,78,,423,0,-16.67545,-49.20807,Goiânia,charging,km_limit,700,80.4
TLM04880,CUST0488,VEH0088,CONTR0488,2026-10-01T19:44:00,SYNTHETIC,33239,1639,2000,361,82.0,61.5,56.4,13,55.0,147.2,55,,298,0,-16.66227,-49.21598,Goiânia,moving,none,1500,82.0
TLM04881,CUST0489,VEH0089,CONTR0489,2026-07-30T14:45:00,SYNTHETIC,61060,1085,1800,715,60.3,56.6,49.8,9,52.8,88.1,93,,538,0,-15.90531,-47.96164,Brasília,moving,low_fuel,1000,60.3
TLM04882,CUST0489,VEH0089,CONTR0489,2026-08-06T20:51:00,SYNTHETIC,61360,1201,1800,599,66.7,32.4,45.1,12,83.4,99.7,36,,208,0,-15.90138,-47.89134,Brasília,moving,low_fuel,1000,66.7
TLM04883,CUST0489,VEH0089,CONTR0489,2026-08-13T11:59:00,SYNTHETIC,61655,1183,1800,617,65.7,57.5,31.0,17,32.3,113.0,70,,405,0,-15.77628,-47.8843,Brasília,charging,maintenance,350,65.7
TLM04884,CUST0489,VEH0089,CONTR0489,2026-08-20T10:25:00,SYNTHETIC,61858,813,1800,987,45.2,51.6,32.6,11,37.9,68.9,20,,115,0,-15.7883,-47.92959,Brasília,parked,none,1000,45.2
TLM04885,CUST0489,VEH0089,CONTR0489,2026-08-27T10:10:00,SYNTHETIC,62247,1558,1800,242,86.6,50.3,21.7,32,25.8,124.2,55,,318,0,-15.85355,-47.91165,Brasília,parked,low_fuel,1500,86.6
TLM04886,CUST0489,VEH0089,CONTR0489,2026-09-03T20:35:00,SYNTHETIC,62557,1242,1800,558,69.0,28.6,6.6,84,13.9,104.9,93,,538,0,-15.89794,-47.85411,Brasília,charging,none,2500,69.0
TLM04887,CUST0489,VEH0089,CONTR0489,2026-09-10T09:10:00,SYNTHETIC,62805,994,1800,806,55.2,53.2,20.8,21,23.4,91.7,27,,156,0,-15.84431,-47.91604,Brasília,moving,none,1500,55.2
TLM04888,CUST0489,VEH0089,CONTR0489,2026-09-17T12:01:00,SYNTHETIC,63032,908,1800,892,50.4,37.2,54.9,7,88.6,75.0,84,,486,0,-15.81051,-47.97603,Brasília,parked,low_fuel,1000,50.4
TLM04889,CUST0489,VEH0089,CONTR0489,2026-09-24T16:44:00,SYNTHETIC,63316,1138,1800,662,63.2,50.2,16.3,31,19.4,90.5,37,,214,0,-15.8839,-47.89533,Brasília,parked,maintenance,350,63.2
TLM04890,CUST0489,VEH0089,CONTR0489,2026-10-01T17:27:00,SYNTHETIC,63563,991,1800,809,55.1,45.8,54.1,8,70.9,82.4,21,,121,0,-15.85131,-47.89958,Brasília,parked,maintenance,1000,55.1
TLM04891,CUST0490,VEH0090,CONTR0490,2026-07-30T15:55:00,SYNTHETIC,67548,3352,2500,0,134.1,51.8,44.0,34,51.0,303.3,19,,109,0,-15.7227,-47.83097,Brasília,parked,none,1000,134.1
TLM04892,CUST0490,VEH0090,CONTR0490,2026-08-06T14:38:00,SYNTHETIC,68463,3660,2500,0,146.4,32.8,39.6,41,72.6,320.0,50,,289,0,-15.84807,-47.86735,Brasília,moving,none,1000,146.4
TLM04893,CUST0490,VEH0090,CONTR0490,2026-08-13T14:58:00,SYNTHETIC,69349,3544,2500,0,141.8,55.4,49.6,32,53.7,308.5,51,,294,0,-15.84095,-47.85371,Brasília,moving,none,2500,141.8
TLM04894,CUST0490,VEH0090,CONTR0490,2026-08-20T19:47:00,SYNTHETIC,70119,3083,2500,0,123.3,47.5,38.7,36,48.9,285.3,52,,300,0,-15.82684,-47.85172,Brasília,parked,km_limit,700,123.3
TLM04895,CUST0490,VEH0090,CONTR0490,2026-08-27T18:45:00,SYNTHETIC,70724,2420,2500,80,96.8,50.0,7.1,154,8.6,227.1,53,,306,0,-15.81636,-47.84701,Brasília,moving,maintenance,1500,96.8
TLM04896,CUST0490,VEH0090,CONTR0490,2026-09-03T11:22:00,SYNTHETIC,71456,2928,2500,0,117.1,33.7,38.8,34,69.1,229.4,58,,335,0,-15.8456,-47.97131,Brasília,parked,low_fuel,4000,117.1
TLM04897,CUST0490,VEH0090,CONTR0490,2026-09-10T18:23:00,SYNTHETIC,72161,2821,2500,0,112.8,52.7,19.8,64,22.6,225.6,28,,161,0,-15.72936,-47.85395,Brasília,parked,km_limit,350,112.8
TLM04898,CUST0490,VEH0090,CONTR0490,2026-09-17T12:12:00,SYNTHETIC,73077,3667,2500,0,146.7,42.5,16.9,98,23.9,286.3,52,,300,0,-15.81081,-47.85159,Brasília,moving,low_fuel,4000,146.7
TLM04899,CUST0490,VEH0090,CONTR0490,2026-09-24T16:45:00,SYNTHETIC,73697,2480,2500,20,99.2,55.9,6.6,170,7.1,220.0,95,,549,0,-15.79744,-47.94235,Brasília,moving,low_fuel,1000,99.2
TLM04900,CUST0490,VEH0090,CONTR0490,2026-10-01T22:12:00,SYNTHETIC,74636,3756,2500,0,150.2,61.2,50.5,33,49.6,354.5,58,,335,0,-15.74647,-47.85462,Brasília,parked,none,2500,150.2
TLM04901,CUST0491,VEH0091,CONTR0491,2026-07-30T19:58:00,SYNTHETIC,24751,1066,1200,134,88.8,44.1,28.4,17,38.6,89.8,65,,380,0,-23.52377,-46.61446,São Paulo,parked,low_fuel,350,88.8
TLM04902,CUST0491,VEH0091,CONTR0491,2026-08-06T16:32:00,SYNTHETIC,25005,1017,1200,183,84.8,43.7,21.2,21,29.1,80.7,46,,269,0,-23.59204,-46.60943,São Paulo,moving,none,1500,84.8
TLM04903,CUST0491,VEH0091,CONTR0491,2026-08-13T14:57:00,SYNTHETIC,25284,1116,1200,84,93.0,56.0,28.5,17,30.6,88.5,43,,251,0,-23.56122,-46.61598,São Paulo,moving,none,2500,93.0
TLM04904,CUST0491,VEH0091,CONTR0491,2026-08-20T19:11:00,SYNTHETIC,25537,1013,1200,187,84.4,34.8,35.4,12,61.0,76.7,55,,322,0,-23.54065,-46.64806,São Paulo,parked,none,350,84.4
TLM04905,CUST0491,VEH0091,CONTR0491,2026-08-27T13:26:00,SYNTHETIC,25896,1437,1200,0,119.8,43.1,36.9,17,51.4,106.4,42,,246,0,-23.53645,-46.67212,São Paulo,moving,low_fuel,700,119.8
TLM04906,CUST0491,VEH0091,CONTR0491,2026-09-03T15:47:00,SYNTHETIC,26186,1160,1200,40,96.7,46.3,26.8,19,34.8,91.8,20,,117,0,-23.49506,-46.6752,São Paulo,moving,none,1000,96.7
TLM04907,CUST0491,VEH0091,CONTR0491,2026-09-10T07:40:00,SYNTHETIC,26494,1232,1200,0,102.7,51.5,53.6,10,62.5,98.4,61,,357,0,-23.54631,-46.66359,São Paulo,parked,maintenance,1000,102.7
TLM04908,CUST0491,VEH0091,CONTR0491,2026-09-17T20:57:00,SYNTHETIC,26763,1079,1200,121,89.9,46.8,47.8,10,61.2,85.3,81,,474,0,-23.59216,-46.61239,São Paulo,parked,none,4000,89.9
TLM04909,CUST0491,VEH0091,CONTR0491,2026-09-24T19:25:00,SYNTHETIC,26991,914,1200,286,76.2,40.8,49.1,8,72.2,76.5,51,,298,0,-23.62619,-46.60116,São Paulo,parked,maintenance,700,76.2
TLM04910,CUST0491,VEH0091,CONTR0491,2026-10-01T20:14:00,SYNTHETIC,27396,1620,1200,0,135.0,32.8,28.4,25,51.9,128.9,58,,339,0,-23.49476,-46.67211,São Paulo,parked,km_limit,1500,135.0
TLM04911,CUST0492,VEH0092,CONTR0492,2026-07-30T19:23:00,SYNTHETIC,11343,2163,1800,0,120.2,58.7,30.4,32,31.1,190.0,35,,204,0,-12.91786,-38.53891,Salvador,parked,none,4000,120.2
TLM04912,CUST0492,VEH0092,CONTR0492,2026-08-06T19:16:00,SYNTHETIC,11735,1569,1800,231,87.2,42.7,23.3,30,32.7,146.3,75,,438,0,-13.02738,-38.57982,Salvador,parked,none,4000,87.2
TLM04913,CUST0492,VEH0092,CONTR0492,2026-08-13T14:52:00,SYNTHETIC,12280,2182,1800,0,121.2,50.4,53.3,18,63.4,204.1,47,,274,0,-12.88348,-38.48853,Salvador,moving,low_fuel,2500,121.2
TLM04914,CUST0492,VEH0092,CONTR0492,2026-08-20T19:06:00,SYNTHETIC,12744,1858,1800,0,103.2,48.2,10.3,82,12.8,161.1,83,,484,0,-12.98366,-38.5208,Salvador,moving,none,4000,103.2
TLM04915,CUST0492,VEH0092,CONTR0492,2026-08-27T13:13:00,SYNTHETIC,13173,1718,1800,82,95.4,58.8,22.7,34,23.1,155.5,80,,467,0,-12.94876,-38.48308,Salvador,parked,maintenance,350,95.4
TLM04916,CUST0492,VEH0092,CONTR0492,2026-09-03T16:12:00,SYNTHETIC,13424,1005,1800,795,55.8,49.5,42.7,10,51.8,85.8,68,,397,0,-12.8999,-38.50127,Salvador,parked,none,1500,55.8
TLM04917,CUST0492,VEH0092,CONTR0492,2026-09-10T07:25:00,SYNTHETIC,13684,1040,1800,760,57.8,54.6,10.2,46,11.3,92.1,84,,490,0,-12.94088,-38.49449,Salvador,moving,km_limit,4000,57.8
TLM04918,CUST0492,VEH0092,CONTR0492,2026-09-17T12:00:00,SYNTHETIC,14126,1768,1800,32,98.2,60.3,23.8,33,23.7,163.0,26,,151,0,-12.88085,-38.47183,Salvador,parked,none,350,98.2
TLM04919,CUST0492,VEH0092,CONTR0492,2026-09-24T15:49:00,SYNTHETIC,14649,2092,1800,0,116.2,45.9,16.4,57,21.5,191.1,18,,105,0,-12.98899,-38.45577,Salvador,moving,none,1000,116.2
TLM04920,CUST0492,VEH0092,CONTR0492,2026-10-01T16:18:00,SYNTHETIC,15024,1501,1800,299,83.4,49.8,39.1,17,47.1,124.1,15,,87,0,-12.94767,-38.57384,Salvador,parked,none,1500,83.4
TLM04921,CUST0493,VEH0093,CONTR0493,2026-07-30T06:20:00,SYNTHETIC,16961,1634,1500,0,108.9,53.6,47.3,15,53.0,133.1,80,,455,0,-22.84005,-47.06679,Campinas,moving,maintenance,350,108.9
TLM04922,CUST0493,VEH0093,CONTR0493,2026-08-06T07:10:00,SYNTHETIC,17438,1911,1500,0,127.4,47.8,40.7,21,51.1,171.9,82,,466,0,-22.92724,-47.04897,Campinas,parked,none,4000,127.4
TLM04923,CUST0493,VEH0093,CONTR0493,2026-08-13T13:21:00,SYNTHETIC,17684,984,1500,516,65.6,35.3,35.4,12,60.1,93.4,73,,415,0,-22.86815,-47.02234,Campinas,parked,low_fuel,2500,65.6
TLM04924,CUST0493,VEH0093,CONTR0493,2026-08-20T20:58:00,SYNTHETIC,18109,1700,1500,0,113.3,39.4,50.9,15,77.4,165.9,94,,534,0,-22.84528,-47.03903,Campinas,charging,none,350,113.3
TLM04925,CUST0493,VEH0093,CONTR0493,2026-08-27T20:40:00,SYNTHETIC,18506,1590,1500,0,106.0,48.4,12.5,57,15.5,131.3,50,,284,0,-22.89244,-47.01055,Campinas,parked,none,4000,106.0
TLM04926,CUST0493,VEH0093,CONTR0493,2026-09-03T08:26:00,SYNTHETIC,18917,1646,1500,0,109.7,42.4,27.3,27,38.6,135.1,29,,165,0,-22.944,-47.07329,Campinas,parked,maintenance,700,109.7
TLM04927,CUST0493,VEH0093,CONTR0493,2026-09-10T17:25:00,SYNTHETIC,19209,1171,1500,329,78.1,31.0,28.6,18,55.2,99.3,40,,227,0,-22.88711,-47.10337,Campinas,parked,low_fuel,2500,78.1
TLM04928,CUST0493,VEH0093,CONTR0493,2026-09-17T07:53:00,SYNTHETIC,19619,1640,1500,0,109.3,43.2,41.9,17,58.1,151.9,22,,125,0,-22.86238,-47.10007,Campinas,moving,none,350,109.3
TLM04929,CUST0493,VEH0093,CONTR0493,2026-09-24T13:16:00,SYNTHETIC,20090,1887,1500,0,125.8,33.2,14.7,58,26.5,178.0,66,,375,0,-22.84488,-47.10506,Campinas,charging,none,700,125.8
TLM04930,CUST0493,VEH0093,CONTR0493,2026-10-01T10:52:00,SYNTHETIC,20342,1009,1500,491,67.3,55.1,6.8,67,7.4,99.9,77,,438,0,-22.96424,-47.04096,Campinas,parked,maintenance,1000,67.3
TLM04931,CUST0494,VEH0094,CONTR0494,2026-07-30T10:16:00,SYNTHETIC,54919,505,800,295,63.1,46.0,28.1,8,36.6,41.4,80,,455,0,-27.64495,-48.57589,Florianópolis,parked,none,1500,63.1
TLM04932,CUST0494,VEH0094,CONTR0494,2026-08-06T07:30:00,SYNTHETIC,55082,653,800,147,81.6,35.9,11.8,25,19.8,61.8,75,,426,0,-27.69941,-48.50293,Florianópolis,parked,low_fuel,1500,81.6
TLM04933,CUST0494,VEH0094,CONTR0494,2026-08-13T13:17:00,SYNTHETIC,55196,459,800,341,57.4,46.7,27.4,7,35.2,39.1,44,,250,0,-27.64592,-48.5206,Florianópolis,parked,none,4000,57.4
TLM04934,CUST0494,VEH0094,CONTR0494,2026-08-20T18:01:00,SYNTHETIC,55279,335,800,465,41.9,51.8,11.5,13,13.4,31.8,69,,392,0,-27.63891,-48.47218,Florianópolis,moving,none,700,41.9
TLM04935,CUST0494,VEH0094,CONTR0494,2026-08-27T06:14:00,SYNTHETIC,55424,580,800,220,72.5,30.7,17.9,14,35.0,47.9,23,,130,0,-27.56169,-48.54592,Florianópolis,parked,none,700,72.5
TLM04936,CUST0494,VEH0094,CONTR0494,2026-09-03T12:21:00,SYNTHETIC,55528,418,800,382,52.2,35.8,54.3,3,91.0,37.3,67,,381,0,-27.69958,-48.50951,Florianópolis,moving,none,2500,52.2
TLM04937,CUST0494,VEH0094,CONTR0494,2026-09-10T14:08:00,SYNTHETIC,55617,358,800,442,44.8,41.6,30.9,5,44.5,32.4,82,,466,0,-27.65746,-48.47438,Florianópolis,moving,none,4000,44.8
TLM04938,CUST0494,VEH0094,CONTR0494,2026-09-17T11:04:00,SYNTHETIC,55789,689,800,111,86.1,31.4,9.8,32,18.7,60.2,86,,489,0,-27.57403,-48.48511,Florianópolis,parked,none,4000,86.1
TLM04939,CUST0494,VEH0094,CONTR0494,2026-09-24T14:24:00,SYNTHETIC,55928,556,800,244,69.5,44.8,23.0,11,30.7,48.8,39,,221,0,-27.6436,-48.47737,Florianópolis,parked,low_fuel,4000,69.5
TLM04940,CUST0494,VEH0094,CONTR0494,2026-10-01T12:30:00,SYNTHETIC,56096,673,800,127,84.1,41.6,12.3,24,17.8,56.1,18,,102,0,-27.70182,-48.48134,Florianópolis,charging,km_limit,4000,84.1
TLM04941,CUST0495,VEH0095,CONTR0495,2026-07-30T11:23:00,SYNTHETIC,70046,1130,1200,70,94.2,42.7,53.6,9,75.3,82.3,58,,359,0,-8.03822,-34.98352,Recife,moving,maintenance,368,94.2
TLM04942,CUST0495,VEH0095,CONTR0495,2026-08-06T21:40:00,SYNTHETIC,70445,1596,1200,0,133.0,39.5,23.1,31,35.1,114.6,46,,284,0,-8.10516,-34.97282,Recife,parked,maintenance,424,133.0
TLM04943,CUST0495,VEH0095,CONTR0495,2026-08-13T14:47:00,SYNTHETIC,70712,1070,1200,130,89.2,46.5,23.1,21,29.8,78.8,73,,451,0,-8.06405,-34.90665,Recife,moving,low_fuel,432,89.2
TLM04944,CUST0495,VEH0095,CONTR0495,2026-08-20T20:23:00,SYNTHETIC,70949,950,1200,250,79.2,53.9,26.9,16,29.9,66.5,83,,513,0,-8.0193,-34.83808,Recife,maintenance,low_fuel,495,79.2
TLM04945,CUST0495,VEH0095,CONTR0495,2026-08-27T19:50:00,SYNTHETIC,71215,1065,1200,135,88.8,51.9,34.9,13,40.3,88.1,63,,389,0,-8.14437,-34.98381,Recife,parked,low_fuel,490,88.8
TLM04946,CUST0495,VEH0095,CONTR0495,2026-09-03T22:56:00,SYNTHETIC,71487,1089,1200,111,90.8,44.3,34.9,14,47.3,79.5,67,,414,0,-8.04522,-34.84598,Recife,moving,low_fuel,249,90.8
TLM04947,CUST0495,VEH0095,CONTR0495,2026-09-10T19:14:00,SYNTHETIC,71744,1031,1200,169,85.9,53.5,44.3,10,49.7,79.6,16,,99,0,-8.10552,-34.862,Recife,parked,none,287,85.9
TLM04948,CUST0495,VEH0095,CONTR0495,2026-09-17T07:22:00,SYNTHETIC,72195,1807,1200,0,150.6,51.4,30.3,27,35.3,126.3,71,,439,0,-8.04497,-34.86,Recife,moving,low_fuel,440,150.6
TLM04949,CUST0495,VEH0095,CONTR0495,2026-09-24T06:35:00,SYNTHETIC,72492,1190,1200,10,99.2,32.5,14.4,37,26.6,91.9,48,,297,0,-8.0741,-34.9362,Recife,moving,none,155,99.2
TLM04950,CUST0495,VEH0095,CONTR0495,2026-10-01T22:25:00,SYNTHETIC,72869,1508,1200,0,125.7,47.5,10.8,63,13.6,121.0,59,,365,0,-8.01659,-34.87172,Recife,parked,km_limit,346,125.7
TLM04951,CUST0496,VEH0096,CONTR0496,2026-07-30T09:42:00,SYNTHETIC,14264,2711,2000,0,135.5,37.5,13.6,90,21.7,241.4,78,,447,0,-8.01993,-34.92118,Recife,parked,none,350,135.5
TLM04952,CUST0496,VEH0096,CONTR0496,2026-08-06T12:56:00,SYNTHETIC,14821,2228,2000,0,111.4,60.0,52.5,19,52.5,190.0,56,,321,0,-8.07902,-34.86475,Recife,parked,km_limit,1500,111.4
TLM04953,CUST0496,VEH0096,CONTR0496,2026-08-13T21:34:00,SYNTHETIC,15434,2453,2000,0,122.6,59.7,10.2,109,10.3,246.4,58,,332,0,-7.9819,-34.95553,Recife,moving,low_fuel,4000,122.6
TLM04954,CUST0496,VEH0096,CONTR0496,2026-08-20T10:55:00,SYNTHETIC,16076,2570,2000,0,128.5,41.0,34.0,34,49.7,256.4,69,,396,0,-8.08434,-34.90731,Recife,parked,none,350,128.5
TLM04955,CUST0496,VEH0096,CONTR0496,2026-08-27T22:54:00,SYNTHETIC,16615,2157,2000,0,107.8,47.1,13.5,72,17.2,214.3,76,,436,0,-7.95783,-34.86562,Recife,parked,maintenance,2500,107.8
TLM04956,CUST0496,VEH0096,CONTR0496,2026-09-03T11:30:00,SYNTHETIC,17065,1800,2000,200,90.0,51.1,12.5,65,14.7,169.3,80,,459,0,-7.98106,-34.85878,Recife,parked,low_fuel,700,90.0
TLM04957,CUST0496,VEH0096,CONTR0496,2026-09-10T09:01:00,SYNTHETIC,17929,3458,2000,0,172.9,56.3,47.0,33,50.1,291.1,33,,189,0,-8.03998,-34.94244,Recife,charging,km_limit,700,172.9
TLM04958,CUST0496,VEH0096,CONTR0496,2026-09-17T11:08:00,SYNTHETIC,18427,1995,2000,5,99.8,51.5,41.8,21,48.7,176.0,46,,264,0,-8.05614,-34.89765,Recife,parked,km_limit,700,99.8
TLM04959,CUST0496,VEH0096,CONTR0496,2026-09-24T17:36:00,SYNTHETIC,19294,3468,2000,0,173.4,60.6,57.3,27,56.7,334.2,28,,160,0,-8.03728,-34.89033,Recife,parked,none,1500,173.4
TLM04960,CUST0496,VEH0096,CONTR0496,2026-10-01T20:28:00,SYNTHETIC,20122,3313,2000,0,165.7,43.2,12.4,121,17.2,297.9,30,,172,0,-8.02526,-34.99038,Recife,moving,low_fuel,1000,165.7
TLM04961,CUST0497,VEH0097,CONTR0497,2026-07-30T20:32:00,SYNTHETIC,46727,1294,1200,0,107.8,34.7,8.5,69,14.6,93.5,33,,163,0,-16.60574,-49.20649,Goiânia,moving,low_fuel,4000,107.8
TLM04962,CUST0497,VEH0097,CONTR0497,2026-08-06T14:02:00,SYNTHETIC,47028,1205,1200,0,100.4,47.5,33.7,16,42.6,83.2,50,,248,0,-16.59193,-49.27798,Goiânia,parked,low_fuel,4000,100.4
TLM04963,CUST0497,VEH0097,CONTR0497,2026-08-13T20:18:00,SYNTHETIC,47219,767,1200,433,63.9,45.4,50.3,6,66.4,50.6,86,,426,0,-16.62443,-49.3134,Goiânia,parked,maintenance,4000,63.9
TLM04964,CUST0497,VEH0097,CONTR0497,2026-08-20T06:19:00,SYNTHETIC,47414,782,1200,418,65.2,59.5,43.9,8,44.2,56.5,85,,421,0,-16.62814,-49.28939,Goiânia,moving,none,1000,65.2
TLM04965,CUST0497,VEH0097,CONTR0497,2026-08-27T16:14:00,SYNTHETIC,47737,1295,1200,0,107.9,45.1,25.0,23,33.3,87.8,58,,287,0,-16.60589,-49.28188,Goiânia,parked,km_limit,1500,107.9
TLM04966,CUST0497,VEH0097,CONTR0497,2026-09-03T15:52:00,SYNTHETIC,47936,796,1200,404,66.3,61.0,55.0,6,54.1,51.2,90,,446,0,-16.71196,-49.20949,Goiânia,parked,low_fuel,700,66.3
TLM04967,CUST0497,VEH0097,CONTR0497,2026-09-10T07:33:00,SYNTHETIC,48289,1412,1200,0,117.7,34.9,16.0,40,27.5,102.2,65,,322,0,-16.71043,-49.24567,Goiânia,moving,none,4000,117.7
TLM04968,CUST0497,VEH0097,CONTR0497,2026-09-17T20:14:00,SYNTHETIC,48600,1245,1200,0,103.8,60.7,43.6,12,43.1,79.0,81,,401,0,-16.66885,-49.25432,Goiânia,parked,none,1000,103.8
TLM04969,CUST0497,VEH0097,CONTR0497,2026-09-24T22:52:00,SYNTHETIC,48811,844,1200,356,70.3,38.7,54.5,7,84.4,57.7,47,,233,0,-16.60567,-49.25719,Goiânia,parked,none,4000,70.3
TLM04970,CUST0497,VEH0097,CONTR0497,2026-10-01T07:07:00,SYNTHETIC,49178,1470,1200,0,122.5,28.4,53.1,12,112.1,93.3,80,,396,0,-16.63392,-49.2871,Goiânia,maintenance,none,1500,122.5
TLM04971,CUST0498,VEH0098,CONTR0498,2026-07-30T18:09:00,SYNTHETIC,61583,2621,3000,379,87.4,40.7,50.3,23,74.2,202.5,31,,182,0,-22.92575,-43.25072,Rio de Janeiro,parked,none,700,87.4
TLM04972,CUST0498,VEH0098,CONTR0498,2026-08-06T17:16:00,SYNTHETIC,61928,1380,3000,1620,46.0,48.7,13.7,45,16.8,128.2,19,,111,0,-22.90741,-43.21941,Rio de Janeiro,parked,km_limit,1500,46.0
TLM04973,CUST0498,VEH0098,CONTR0498,2026-08-13T08:52:00,SYNTHETIC,62450,2091,3000,909,69.7,54.6,8.6,110,9.5,165.9,21,,123,0,-22.95797,-43.1408,Rio de Janeiro,charging,none,1500,69.7
TLM04974,CUST0498,VEH0098,CONTR0498,2026-08-20T22:46:00,SYNTHETIC,63077,2509,3000,491,83.6,61.0,49.1,23,48.3,211.6,60,,352,0,-22.94548,-43.23091,Rio de Janeiro,parked,maintenance,700,83.6
TLM04975,CUST0498,VEH0098,CONTR0498,2026-08-27T08:53:00,SYNTHETIC,63569,1971,3000,1029,65.7,51.4,28.5,31,33.3,182.6,75,,441,0,-22.85794,-43.14566,Rio de Janeiro,parked,low_fuel,4000,65.7
TLM04976,CUST0498,VEH0098,CONTR0498,2026-09-03T21:53:00,SYNTHETIC,64171,2409,3000,591,80.3,51.7,25.8,42,29.9,187.8,23,,135,0,-22.83485,-43.2728,Rio de Janeiro,parked,low_fuel,4000,80.3
TLM04977,CUST0498,VEH0098,CONTR0498,2026-09-10T09:33:00,SYNTHETIC,64754,2333,3000,667,77.8,59.1,30.7,34,31.2,181.1,85,,499,0,-22.86525,-43.21705,Rio de Janeiro,moving,low_fuel,2500,77.8
TLM04978,CUST0498,VEH0098,CONTR0498,2026-09-17T21:05:00,SYNTHETIC,65118,1456,3000,1544,48.5,45.6,8.8,75,11.6,126.8,23,,135,0,-22.91099,-43.22137,Rio de Janeiro,parked,none,2500,48.5
TLM04979,CUST0498,VEH0098,CONTR0498,2026-09-24T08:50:00,SYNTHETIC,65471,1414,3000,1586,47.1,31.6,52.7,12,100.0,127.5,48,,282,0,-22.87474,-43.23912,Rio de Janeiro,parked,low_fuel,1500,47.1
TLM04980,CUST0498,VEH0098,CONTR0498,2026-10-01T06:56:00,SYNTHETIC,65880,1637,3000,1363,54.6,42.7,22.6,32,31.8,141.0,22,,129,0,-22.87943,-43.21903,Rio de Janeiro,parked,km_limit,700,54.6
TLM04981,CUST0499,VEH0099,CONTR0499,2026-07-30T11:13:00,SYNTHETIC,13924,2536,3000,464,84.5,56.8,47.1,24,49.7,203.2,73,,435,0,-27.62538,-48.44402,Florianópolis,moving,none,4000,84.5
TLM04982,CUST0499,VEH0099,CONTR0499,2026-08-06T08:09:00,SYNTHETIC,14571,2590,3000,410,86.3,58.6,15.4,76,15.8,244.5,50,,298,0,-27.63772,-48.59551,Florianópolis,parked,none,1500,86.3
TLM04983,CUST0499,VEH0099,CONTR0499,2026-08-13T11:57:00,SYNTHETIC,15250,2717,3000,283,90.6,58.8,18.5,66,18.8,244.9,66,,393,0,-27.66331,-48.57695,Florianópolis,maintenance,maintenance,1500,90.6
TLM04984,CUST0499,VEH0099,CONTR0499,2026-08-20T06:09:00,SYNTHETIC,15876,2504,3000,496,83.5,32.8,14.8,76,27.1,229.7,78,,464,0,-27.58794,-48.51831,Florianópolis,maintenance,none,1500,83.5
TLM04985,CUST0499,VEH0099,CONTR0499,2026-08-27T12:23:00,SYNTHETIC,16488,2449,3000,551,81.6,46.7,21.5,51,27.6,219.2,81,,482,0,-27.60634,-48.56769,Florianópolis,moving,none,2500,81.6
TLM04986,CUST0499,VEH0099,CONTR0499,2026-09-03T22:57:00,SYNTHETIC,17163,2703,3000,297,90.1,36.5,68.2,18,112.1,248.8,72,,429,0,-27.67808,-48.54539,Florianópolis,parked,maintenance,2500,90.1
TLM04987,CUST0499,VEH0099,CONTR0499,2026-09-10T12:48:00,SYNTHETIC,17821,2634,3000,366,87.8,46.1,56.0,21,72.8,218.4,30,,178,0,-27.6799,-48.51538,Florianópolis,parked,none,1500,87.8
TLM04988,CUST0499,VEH0099,CONTR0499,2026-09-17T07:23:00,SYNTHETIC,18441,2482,3000,518,82.7,51.8,38.4,29,44.4,209.8,41,,244,0,-27.55308,-48.55269,Florianópolis,moving,km_limit,2500,82.7
TLM04989,CUST0499,VEH0099,CONTR0499,2026-09-24T19:53:00,SYNTHETIC,19078,2550,3000,450,85.0,38.1,29.5,39,46.4,210.5,52,,309,0,-27.60159,-48.4684,Florianópolis,moving,none,350,85.0
TLM04990,CUST0499,VEH0099,CONTR0499,2026-10-01T21:55:00,SYNTHETIC,19759,2726,3000,274,90.9,38.2,48.7,25,76.6,221.4,28,,166,0,-27.68503,-48.46746,Florianópolis,parked,low_fuel,350,90.9
TLM04991,CUST0500,VEH0100,CONTR0500,2026-07-30T15:21:00,SYNTHETIC,79591,2160,1800,0,120.0,53.1,39.7,24,44.9,237.3,15,,77,0,-23.58041,-46.6974,São Paulo,parked,none,497,120.0
TLM04992,CUST0500,VEH0100,CONTR0500,2026-08-06T10:16:00,SYNTHETIC,80105,2057,1800,0,114.3,43.5,14.1,66,19.5,204.3,88,,454,0,-23.61014,-46.6514,São Paulo,parked,km_limit,202,114.3
TLM04993,CUST0500,VEH0100,CONTR0500,2026-08-13T13:26:00,SYNTHETIC,80592,1948,1800,0,108.2,33.4,50.5,17,90.7,190.2,24,,123,0,-23.56452,-46.59459,São Paulo,moving,low_fuel,432,108.2
TLM04994,CUST0500,VEH0100,CONTR0500,2026-08-20T10:38:00,SYNTHETIC,81134,2169,1800,0,120.5,61.7,41.2,23,40.1,220.5,45,,232,0,-23.5826,-46.73981,São Paulo,parked,none,481,120.5
TLM04995,CUST0500,VEH0100,CONTR0500,2026-08-27T08:13:00,SYNTHETIC,81652,2072,1800,0,115.1,54.7,35.9,26,39.3,190.1,70,,361,0,-23.5017,-46.66346,São Paulo,parked,none,233,115.1
TLM04996,CUST0500,VEH0100,CONTR0500,2026-09-03T14:25:00,SYNTHETIC,82169,2069,1800,0,114.9,55.6,27.0,34,29.2,198.2,77,,397,0,-23.64903,-46.68956,São Paulo,parked,none,411,114.9
TLM04997,CUST0500,VEH0100,CONTR0500,2026-09-10T06:20:00,SYNTHETIC,82699,2122,1800,0,117.9,31.8,50.5,19,95.3,206.4,53,,273,0,-23.65402,-46.62417,São Paulo,parked,none,411,117.9
TLM04998,CUST0500,VEH0100,CONTR0500,2026-09-17T11:29:00,SYNTHETIC,83201,2010,1800,0,111.7,37.3,6.6,137,10.7,214.5,46,,237,0,-23.50366,-46.59995,São Paulo,moving,low_fuel,314,111.7
TLM04999,CUST0500,VEH0100,CONTR0500,2026-09-24T13:28:00,SYNTHETIC,83677,1904,1800,0,105.8,61.6,35.4,24,34.4,192.5,28,,144,0,-23.63622,-46.60069,São Paulo,parked,none,421,105.8
TLM05000,CUST0500,VEH0100,CONTR0500,2026-10-01T12:04:00,SYNTHETIC,84173,1984,1800,0,110.2,47.0,33.3,27,42.6,193.6,88,,454,0,-23.53474,-46.62742,São Paulo,parked,low_fuel,286,110.2
