trip_id,customer_id,vehicle_id,data_origin,trip_date,day_of_week,start_time,origin_city,destination_city,origin_region,destination_region,distance_km,duration_min,purpose,route_type,recurring_route,long_trip_flag
TRIP00001,CUST0440,VEH0040,SYNTHETIC,2026-06-28,Tuesday,08:15:00,Recife,Recife,Nordeste,Nordeste,42.7,55.6,rodoviária,intercity,False,False
TRIP00002,CUST0198,VEH0098,SYNTHETIC,2026-08-30,Thursday,06:54:00,Brasília,Brasília,Centro-Oeste,Centro-Oeste,38.1,84.5,cliente,urban,False,False
TRIP00003,CUST0283,VEH0083,SYNTHETIC,2026-06-05,Thursday,21:06:00,Rio de Janeiro,Rio de Janeiro,Sudeste,Sudeste,35.3,34.4,lazer,urban,False,False
TRIP00004,CUST0325,VEH0025,SYNTHETIC,2026-06-17,Wednesday,20:30:00,Fortaleza,Fortaleza,Nordeste,Nordeste,11.1,15.9,lazer,urban,True,False
TRIP00005,CUST0195,VEH0095,SYNTHETIC,2026-06-17,Tuesday,09:00:00,Porto Alegre,Porto Alegre,Sul,Sul,26.3,25.4,trabalho,urban,False,False
TRIP00006,CUST0478,VEH0078,SYNTHETIC,2026-07-31,Thursday,18:11:00,Fortaleza,Belo Horizonte,Nordeste,Sudeste,197.9,444.3,família,rodoviaria,False,True
TRIP00007,CUST0400,VEH0100,SYNTHETIC,2026-07-29,Sunday,08:44:00,Florianópolis,Fortaleza,Sul,Nordeste,159.5,173.8,família,intercity,False,True
TRIP00008,CUST0104,VEH0004,SYNTHETIC,2026-06-27,Wednesday,06:38:00,Fortaleza,Fortaleza,Nordeste,Nordeste,24.5,43.4,academia,urban,True,False
TRIP00009,CUST0119,VEH0019,SYNTHETIC,2026-06-23,Saturday,11:33:00,Brasília,São Paulo,Centro-Oeste,Sudeste,280.6,639.6,trabalho,rodoviaria,False,True
TRIP00010,CUST0237,VEH0037,SYNTHETIC,2026-08-09,Tuesday,17:33:00,Recife,Fortaleza,Nordeste,Nordeste,287.2,419.7,trabalho,rodoviaria,False,True
TRIP00011,CUST0114,VEH0014,SYNTHETIC,2026-07-12,Monday,16:05:00,Campinas,Florianópolis,Sudeste,Sul,127.6,268.4,lazer,intercity,True,False
TRIP00012,CUST0455,VEH0055,SYNTHETIC,2026-06-04,Sunday,21:35:00,Goiânia,Campinas,Centro-Oeste,Sudeste,389.0,858.7,trabalho,rodoviaria,True,True
TRIP00013,CUST0323,VEH0023,SYNTHETIC,2026-06-19,Sunday,12:26:00,Salvador,São Paulo,Nordeste,Sudeste,96.1,129.8,família,intercity,False,False
TRIP00014,CUST0487,VEH0087,SYNTHETIC,2026-08-28,Saturday,07:21:00,Fortaleza,Fortaleza,Nordeste,Nordeste,5.5,7.0,academia,urban,True,False
TRIP00015,CUST0372,VEH0072,SYNTHETIC,2026-07-01,Saturday,08:29:00,Campinas,Campinas,Sudeste,Sudeste,5.2,10.9,compras,urban,False,False
TRIP00016,CUST0259,VEH0059,SYNTHETIC,2026-06-03,Sunday,08:56:00,Curitiba,Porto Alegre,Sul,Sul,280.4,257.3,compras,rodoviaria,True,True
TRIP00017,CUST0341,VEH0041,SYNTHETIC,2026-09-24,Wednesday,11:53:00,Florianópolis,Florianópolis,Sul,Sul,7.5,7.4,trabalho,urban,True,False
TRIP00018,CUST0500,VEH0100,SYNTHETIC,2026-08-03,Thursday,16:51:00,São Paulo,Recife,Sudeste,Nordeste,215.9,605.3,compras,rodoviaria,False,True
TRIP00019,CUST0290,VEH0090,SYNTHETIC,2026-07-16,Wednesday,06:15:00,Recife,Goiânia,Nordeste,Centro-Oeste,137.4,234.5,trabalho,intercity,True,False
TRIP00020,CUST0308,VEH0008,SYNTHETIC,2026-07-29,Friday,15:50:00,Recife,Curitiba,Nordeste,Sul,183.7,443.7,cliente,rodoviaria,False,True
TRIP00021,CUST0163,VEH0063,SYNTHETIC,2026-08-25,Sunday,17:34:00,Porto Alegre,Porto Alegre,Sul,Sul,5.7,6.5,escola,urban,False,False
TRIP00022,CUST0477,VEH0077,SYNTHETIC,2026-08-09,Tuesday,20:47:00,Goiânia,Goiânia,Centro-Oeste,Centro-Oeste,37.3,53.6,rodoviária,urban,False,False
TRIP00023,CUST0473,VEH0073,SYNTHETIC,2026-09-02,Sunday,07:43:00,Curitiba,Curitiba,Sul,Sul,28.8,40.5,trabalho,urban,False,False
TRIP00024,CUST0244,VEH0044,SYNTHETIC,2026-09-07,Friday,08:22:00,Rio de Janeiro,Rio de Janeiro,Sudeste,Sudeste,36.8,31.7,viagem,urban,False,False
TRIP00025,CUST0471,VEH0071,SYNTHETIC,2026-06-04,Saturday,14:40:00,Salvador,Salvador,Nordeste,Nordeste,42.1,37.6,entrega,intercity,False,False
TRIP00026,CUST0260,VEH0060,SYNTHETIC,2026-09-21,Thursday,17:30:00,Campinas,Campinas,Sudeste,Sudeste,7.2,10.2,trabalho,urban,False,False
TRIP00027,CUST0432,VEH0032,SYNTHETIC,2026-09-22,Thursday,19:03:00,Porto Alegre,Porto Alegre,Sul,Sul,22.8,19.4,família,urban,True,False
TRIP00028,CUST0485,VEH0085,SYNTHETIC,2026-06-30,Saturday,07:22:00,Fortaleza,Rio de Janeiro,Nordeste,Sudeste,336.8,694.8,escola,rodoviaria,False,True
TRIP00029,CUST0271,VEH0071,SYNTHETIC,2026-06-04,Thursday,20:55:00,Salvador,Recife,Nordeste,Nordeste,69.6,88.9,lazer,intercity,True,False
TRIP00030,CUST0471,VEH0071,SYNTHETIC,2026-08-31,Wednesday,07:16:00,Salvador,Salvador,Nordeste,Nordeste,28.4,25.8,trabalho,urban,False,False
TRIP00031,CUST0162,VEH0062,SYNTHETIC,2026-06-05,Wednesday,22:19:00,Goiânia,Goiânia,Centro-Oeste,Centro-Oeste,15.5,31.0,escola,urban,False,False
TRIP00032,CUST0144,VEH0044,SYNTHETIC,2026-06-25,Thursday,18:13:00,Rio de Janeiro,Rio de Janeiro,Sudeste,Sudeste,28.3,37.8,entrega,urban,True,False
TRIP00033,CUST0300,VEH0100,SYNTHETIC,2026-09-07,Tuesday,13:17:00,Belo Horizonte,Belo Horizonte,Sudeste,Sudeste,24.9,28.9,lazer,urban,False,False
TRIP00034,CUST0487,VEH0087,SYNTHETIC,2026-08-04,Saturday,11:05:00,Fortaleza,Porto Alegre,Nordeste,Sul,383.2,615.7,academia,rodoviaria,False,True
TRIP00035,CUST0274,VEH0074,SYNTHETIC,2026-08-12,Sunday,19:01:00,Rio de Janeiro,Rio de Janeiro,Sudeste,Sudeste,43.5,84.5,lazer,intercity,True,False
TRIP00036,CUST0105,VEH0005,SYNTHETIC,2026-08-02,Friday,21:42:00,Brasília,Campinas,Centro-Oeste,Sudeste,353.3,477.0,família,rodoviaria,False,True
TRIP00037,CUST0293,VEH0093,SYNTHETIC,2026-08-02,Thursday,07:09:00,Porto Alegre,Porto Alegre,Sul,Sul,5.5,4.6,viagem,urban,False,False
TRIP00038,CUST0025,VEH0025,SYNTHETIC,2026-07-12,Tuesday,06:21:00,Salvador,Salvador,Nordeste,Nordeste,5.2,4.6,trabalho,urban,False,False
TRIP00039,CUST0210,VEH0010,SYNTHETIC,2026-10-01,Sunday,06:26:00,São Paulo,São Paulo,Sudeste,Sudeste,31.0,44.6,família,urban,False,False
TRIP00040,CUST0418,VEH0018,SYNTHETIC,2026-06-25,Friday,11:48:00,Salvador,Salvador,Nordeste,Nordeste,18.5,16.3,família,urban,False,False
TRIP00041,CUST0236,VEH0036,SYNTHETIC,2026-06-10,Wednesday,20:07:00,Campinas,Campinas,Sudeste,Sudeste,14.1,14.6,família,urban,False,False
TRIP00042,CUST0138,VEH0038,SYNTHETIC,2026-09-07,Tuesday,09:31:00,Brasília,Brasília,Centro-Oeste,Centro-Oeste,20.2,24.4,família,urban,False,False
TRIP00043,CUST0017,VEH0017,SYNTHETIC,2026-06-26,Tuesday,13:03:00,Belo Horizonte,Belo Horizonte,Sudeste,Sudeste,3.6,3.3,cliente,urban,False,False
TRIP00044,CUST0169,VEH0069,SYNTHETIC,2026-06-29,Wednesday,15:49:00,São Paulo,Recife,Sudeste,Nordeste,413.5,629.8,aeroporto,rodoviaria,True,True
TRIP00045,CUST0088,VEH0088,SYNTHETIC,2026-06-14,Monday,15:22:00,Salvador,Campinas,Nordeste,Sudeste,337.6,480.9,trabalho,rodoviaria,False,True
TRIP00046,CUST0027,VEH0027,SYNTHETIC,2026-09-03,Friday,06:57:00,Campinas,Goiânia,Sudeste,Centro-Oeste,82.2,232.2,academia,intercity,False,False
TRIP00047,CUST0276,VEH0076,SYNTHETIC,2026-06-07,Monday,07:20:00,Campinas,Belo Horizonte,Sudeste,Sudeste,75.7,210.3,família,intercity,False,False
TRIP00048,CUST0480,VEH0080,SYNTHETIC,2026-08-16,Friday,19:45:00,São Paulo,São Paulo,Sudeste,Sudeste,5.0,5.1,lazer,urban,False,False
TRIP00049,CUST0348,VEH0048,SYNTHETIC,2026-06-23,Friday,22:28:00,Recife,Recife,Nordeste,Nordeste,33.7,43.3,escola,urban,False,False
TRIP00050,CUST0009,VEH0009,SYNTHETIC,2026-06-03,Wednesday,20:50:00,Florianópolis,Florianópolis,Sul,Sul,21.3,34.4,cliente,urban,False,False
TRIP00051,CUST0302,VEH0002,SYNTHETIC,2026-09-18,Wednesday,12:07:00,Recife,Recife,Nordeste,Nordeste,38.8,75.1,família,urban,True,False
TRIP00052,CUST0413,VEH0013,SYNTHETIC,2026-09-22,Thursday,13:58:00,Porto Alegre,Porto Alegre,Sul,Sul,11.3,16.4,família,urban,False,False
TRIP00053,CUST0355,VEH0055,SYNTHETIC,2026-08-16,Thursday,09:32:00,São Paulo,São Paulo,Sudeste,Sudeste,20.9,25.4,trabalho,urban,False,False
TRIP00054,CUST0412,VEH0012,SYNTHETIC,2026-07-04,Saturday,06:28:00,Goiânia,Goiânia,Centro-Oeste,Centro-Oeste,18.9,24.6,trabalho,urban,False,False
TRIP00055,CUST0488,VEH0088,SYNTHETIC,2026-07-20,Wednesday,20:12:00,Goiânia,Goiânia,Centro-Oeste,Centro-Oeste,31.9,45.4,trabalho,urban,False,False
TRIP00056,CUST0490,VEH0090,SYNTHETIC,2026-06-23,Monday,19:35:00,Brasília,Brasília,Centro-Oeste,Centro-Oeste,38.1,59.7,trabalho,urban,False,False
TRIP00057,CUST0477,VEH0077,SYNTHETIC,2026-07-27,Friday,14:21:00,Goiânia,Goiânia,Centro-Oeste,Centro-Oeste,15.9,34.0,viagem,urban,True,False
TRIP00058,CUST0029,VEH0029,SYNTHETIC,2026-08-14,Thursday,21:46:00,Recife,Recife,Nordeste,Nordeste,22.0,32.4,família,urban,False,False
TRIP00059,CUST0251,VEH0051,SYNTHETIC,2026-06-26,Thursday,22:33:00,Florianópolis,Florianópolis,Sul,Sul,38.4,81.0,compras,urban,False,False
TRIP00060,CUST0032,VEH0032,SYNTHETIC,2026-10-01,Thursday,18:06:00,Curitiba,Florianópolis,Sul,Sul,121.5,213.8,trabalho,intercity,False,False
TRIP00061,CUST0494,VEH0094,SYNTHETIC,2026-07-11,Thursday,11:08:00,Florianópolis,Florianópolis,Sul,Sul,28.0,32.8,família,urban,False,False
TRIP00062,CUST0293,VEH0093,SYNTHETIC,2026-07-30,Friday,13:30:00,Porto Alegre,Porto Alegre,Sul,Sul,20.1,29.8,cliente,urban,True,False
TRIP00063,CUST0050,VEH0050,SYNTHETIC,2026-06-06,Monday,19:07:00,Brasília,Belo Horizonte,Centro-Oeste,Sudeste,312.6,739.7,compras,rodoviaria,False,True
TRIP00064,CUST0055,VEH0055,SYNTHETIC,2026-06-13,Tuesday,18:29:00,Salvador,Salvador,Nordeste,Nordeste,8.9,12.7,cliente,urban,True,False
TRIP00065,CUST0207,VEH0007,SYNTHETIC,2026-08-16,Thursday,19:34:00,Brasília,Brasília,Centro-Oeste,Centro-Oeste,20.2,28.3,aeroporto,urban,True,False
TRIP00066,CUST0146,VEH0046,SYNTHETIC,2026-08-28,Thursday,08:37:00,Rio de Janeiro,Florianópolis,Sudeste,Sul,356.7,443.5,família,rodoviaria,False,True
TRIP00067,CUST0218,VEH0018,SYNTHETIC,2026-07-04,Monday,08:10:00,Salvador,Salvador,Nordeste,Nordeste,20.4,37.2,família,urban,False,False
TRIP00068,CUST0222,VEH0022,SYNTHETIC,2026-06-13,Sunday,16:56:00,Florianópolis,Florianópolis,Sul,Sul,15.6,22.0,trabalho,urban,True,False
TRIP00069,CUST0348,VEH0048,SYNTHETIC,2026-06-06,Friday,08:15:00,Recife,São Paulo,Nordeste,Sudeste,305.8,732.8,família,rodoviaria,False,True
TRIP00070,CUST0404,VEH0004,SYNTHETIC,2026-09-09,Saturday,20:11:00,São Paulo,São Paulo,Sudeste,Sudeste,9.7,12.5,trabalho,urban,False,False
TRIP00071,CUST0415,VEH0015,SYNTHETIC,2026-09-28,Wednesday,08:52:00,Porto Alegre,Porto Alegre,Sul,Sul,35.3,59.3,academia,urban,False,False
TRIP00072,CUST0209,VEH0009,SYNTHETIC,2026-07-16,Wednesday,15:09:00,Brasília,Brasília,Centro-Oeste,Centro-Oeste,34.6,31.4,lazer,urban,False,False
TRIP00073,CUST0219,VEH0019,SYNTHETIC,2026-08-20,Wednesday,21:28:00,Recife,Recife,Nordeste,Nordeste,14.7,25.7,trabalho,urban,False,False
TRIP00074,CUST0488,VEH0088,SYNTHETIC,2026-09-11,Thursday,19:29:00,Goiânia,Goiânia,Centro-Oeste,Centro-Oeste,14.4,16.6,cliente,urban,True,False
TRIP00075,CUST0134,VEH0034,SYNTHETIC,2026-08-13,Monday,08:37:00,Brasília,Florianópolis,Centro-Oeste,Sul,110.3,154.8,compras,intercity,False,False
TRIP00076,CUST0159,VEH0059,SYNTHETIC,2026-07-30,Wednesday,18:02:00,Brasília,Recife,Centro-Oeste,Nordeste,115.6,278.5,família,intercity,False,False
TRIP00077,CUST0086,VEH0086,SYNTHETIC,2026-07-03,Saturday,17:17:00,Belo Horizonte,Belo Horizonte,Sudeste,Sudeste,30.6,25.0,família,urban,True,False
TRIP00078,CUST0085,VEH0085,SYNTHETIC,2026-08-14,Monday,08:50:00,Florianópolis,Goiânia,Sul,Centro-Oeste,132.0,200.4,família,intercity,False,False
TRIP00079,CUST0073,VEH0073,SYNTHETIC,2026-09-06,Wednesday,20:08:00,Curitiba,Fortaleza,Sul,Nordeste,270.1,469.9,academia,rodoviaria,True,True
TRIP00080,CUST0283,VEH0083,SYNTHETIC,2026-08-24,Friday,07:07:00,Rio de Janeiro,Rio de Janeiro,Sudeste,Sudeste,44.2,61.4,compras,intercity,False,False
TRIP00081,CUST0142,VEH0042,SYNTHETIC,2026-07-27,Friday,09:00:00,Florianópolis,Florianópolis,Sul,Sul,15.4,32.6,academia,urban,False,False
TRIP00082,CUST0206,VEH0006,SYNTHETIC,2026-07-16,Thursday,19:13:00,São Paulo,São Paulo,Sudeste,Sudeste,32.5,64.2,compras,urban,False,False
TRIP00083,CUST0123,VEH0023,SYNTHETIC,2026-10-01,Sunday,18:59:00,São Paulo,São Paulo,Sudeste,Sudeste,4.2,6.8,cliente,urban,False,False
TRIP00084,CUST0037,VEH0037,SYNTHETIC,2026-08-11,Monday,10:15:00,Belo Horizonte,Belo Horizonte,Sudeste,Sudeste,4.5,8.6,compras,urban,True,False
TRIP00085,CUST0176,VEH0076,SYNTHETIC,2026-09-29,Friday,22:48:00,Florianópolis,Florianópolis,Sul,Sul,15.0,12.2,compras,urban,False,False
TRIP00086,CUST0178,VEH0078,SYNTHETIC,2026-09-22,Monday,07:29:00,Rio de Janeiro,Rio de Janeiro,Sudeste,Sudeste,37.5,37.5,compras,urban,False,False
TRIP00087,CUST0013,VEH0013,SYNTHETIC,2026-08-26,Monday,16:05:00,Florianópolis,Florianópolis,Sul,Sul,30.9,39.1,trabalho,urban,False,False
TRIP00088,CUST0483,VEH0083,SYNTHETIC,2026-07-30,Friday,17:38:00,Florianópolis,Florianópolis,Sul,Sul,6.2,10.0,trabalho,urban,False,False
TRIP00089,CUST0431,VEH0031,SYNTHETIC,2026-07-07,Friday,10:07:00,Rio de Janeiro,Rio de Janeiro,Sudeste,Sudeste,28.0,25.3,família,urban,False,False
TRIP00090,CUST0143,VEH0043,SYNTHETIC,2026-09-03,Wednesday,07:48:00,Curitiba,Curitiba,Sul,Sul,36.4,34.1,escola,urban,False,False
TRIP00091,CUST0085,VEH0085,SYNTHETIC,2026-07-09,Tuesday,14:31:00,Florianópolis,Florianópolis,Sul,Sul,33.5,56.5,viagem,urban,True,False
TRIP00092,CUST0491,VEH0091,SYNTHETIC,2026-07-18,Tuesday,16:17:00,São Paulo,São Paulo,Sudeste,Sudeste,38.7,53.0,compras,urban,False,False
TRIP00093,CUST0147,VEH0047,SYNTHETIC,2026-08-26,Thursday,10:59:00,São Paulo,São Paulo,Sudeste,Sudeste,10.2,18.7,cliente,urban,False,False
TRIP00094,CUST0257,VEH0057,SYNTHETIC,2026-09-11,Tuesday,13:40:00,Brasília,Brasília,Centro-Oeste,Centro-Oeste,30.0,44.7,reunião,urban,True,False
TRIP00095,CUST0396,VEH0096,SYNTHETIC,2026-07-09,Tuesday,12:28:00,Rio de Janeiro,Rio de Janeiro,Sudeste,Sudeste,31.8,56.1,família,urban,False,False
TRIP00096,CUST0052,VEH0052,SYNTHETIC,2026-07-06,Wednesday,17:17:00,Fortaleza,Fortaleza,Nordeste,Nordeste,40.4,47.1,lazer,intercity,False,False
TRIP00097,CUST0113,VEH0013,SYNTHETIC,2026-07-02,Monday,08:47:00,Brasília,Recife,Centro-Oeste,Nordeste,345.7,440.2,academia,rodoviaria,False,True
TRIP00098,CUST0375,VEH0075,SYNTHETIC,2026-09-10,Sunday,14:38:00,Rio de Janeiro,Rio de Janeiro,Sudeste,Sudeste,30.7,60.4,família,urban,False,False
TRIP00099,CUST0183,VEH0083,SYNTHETIC,2026-07-28,Saturday,11:14:00,Curitiba,Curitiba,Sul,Sul,23.7,44.6,trabalho,urban,True,False
TRIP00100,CUST0390,VEH0090,SYNTHETIC,2026-06-19,Monday,14:01:00,Campinas,Campinas,Sudeste,Sudeste,27.7,29.8,lazer,urban,False,False
TRIP00101,CUST0313,VEH0013,SYNTHETIC,2026-08-19,Wednesday,17:17:00,Curitiba,Goiânia,Sul,Centro-Oeste,209.6,228.8,compras,rodoviaria,False,True
TRIP00102,CUST0140,VEH0040,SYNTHETIC,2026-09-13,Thursday,20:27:00,Brasília,Brasília,Centro-Oeste,Centro-Oeste,8.9,7.5,academia,urban,False,False
TRIP00103,CUST0406,VEH0006,SYNTHETIC,2026-08-05,Saturday,12:40:00,Salvador,Curitiba,Nordeste,Sul,244.9,370.2,academia,rodoviaria,False,True
TRIP00104,CUST0278,VEH0078,SYNTHETIC,2026-09-18,Monday,12:55:00,Belo Horizonte,Belo Horizonte,Sudeste,Sudeste,12.7,10.3,família,urban,False,False
TRIP00105,CUST0111,VEH0011,SYNTHETIC,2026-08-14,Friday,18:28:00,Brasília,Brasília,Centro-Oeste,Centro-Oeste,13.6,13.7,família,urban,False,False
TRIP00106,CUST0018,VEH0018,SYNTHETIC,2026-07-11,Friday,21:05:00,Belo Horizonte,Belo Horizonte,Sudeste,Sudeste,7.5,15.2,escola,urban,False,False
TRIP00107,CUST0405,VEH0005,SYNTHETIC,2026-07-10,Saturday,18:51:00,Belo Horizonte,Belo Horizonte,Sudeste,Sudeste,12.8,23.0,restaurante,urban,False,False
TRIP00108,CUST0009,VEH0009,SYNTHETIC,2026-06-30,Saturday,15:15:00,Florianópolis,Porto Alegre,Sul,Sul,330.8,912.7,viagem,rodoviaria,True,True
TRIP00109,CUST0040,VEH0040,SYNTHETIC,2026-07-12,Saturday,10:41:00,Curitiba,Curitiba,Sul,Sul,21.5,49.3,compras,urban,False,False
TRIP00110,CUST0017,VEH0017,SYNTHETIC,2026-09-26,Sunday,11:51:00,Belo Horizonte,Goiânia,Sudeste,Centro-Oeste,130.7,157.1,reunião,intercity,False,False
TRIP00111,CUST0323,VEH0023,SYNTHETIC,2026-06-27,Monday,19:30:00,Salvador,Salvador,Nordeste,Nordeste,44.5,58.0,compras,intercity,False,False
TRIP00112,CUST0414,VEH0014,SYNTHETIC,2026-06-28,Friday,19:39:00,Rio de Janeiro,Rio de Janeiro,Sudeste,Sudeste,43.4,40.0,família,intercity,False,False
TRIP00113,CUST0489,VEH0089,SYNTHETIC,2026-08-20,Sunday,11:36:00,Brasília,Brasília,Centro-Oeste,Centro-Oeste,42.8,45.6,lazer,intercity,True,False
TRIP00114,CUST0497,VEH0097,SYNTHETIC,2026-09-07,Sunday,15:20:00,Goiânia,Salvador,Centro-Oeste,Nordeste,395.9,519.6,família,rodoviaria,False,True
TRIP00115,CUST0075,VEH0075,SYNTHETIC,2026-07-16,Thursday,10:18:00,Campinas,Campinas,Sudeste,Sudeste,18.5,19.9,lazer,urban,False,False
TRIP00116,CUST0098,VEH0098,SYNTHETIC,2026-06-15,Monday,07:15:00,Brasília,Brasília,Centro-Oeste,Centro-Oeste,30.7,30.8,cliente,urban,False,False
TRIP00117,CUST0429,VEH0029,SYNTHETIC,2026-08-12,Saturday,11:58:00,Goiânia,Goiânia,Centro-Oeste,Centro-Oeste,11.3,18.4,lazer,urban,True,False
TRIP00118,CUST0339,VEH0039,SYNTHETIC,2026-09-20,Wednesday,09:47:00,Salvador,Salvador,Nordeste,Nordeste,19.0,15.4,família,urban,False,False
TRIP00119,CUST0425,VEH0025,SYNTHETIC,2026-08-20,Sunday,14:38:00,Curitiba,Curitiba,Sul,Sul,31.1,26.2,academia,urban,False,False
TRIP00120,CUST0319,VEH0019,SYNTHETIC,2026-07-19,Thursday,21:01:00,Campinas,Campinas,Sudeste,Sudeste,18.7,21.2,trabalho,urban,True,False
TRIP00121,CUST0002,VEH0002,SYNTHETIC,2026-06-28,Monday,11:00:00,Recife,Recife,Nordeste,Nordeste,3.1,5.7,compras,urban,False,False
TRIP00122,CUST0468,VEH0068,SYNTHETIC,2026-09-16,Tuesday,14:56:00,Belo Horizonte,Belo Horizonte,Sudeste,Sudeste,11.5,12.3,lazer,urban,False,False
TRIP00123,CUST0109,VEH0009,SYNTHETIC,2026-07-14,Tuesday,13:45:00,Goiânia,Goiânia,Centro-Oeste,Centro-Oeste,25.2,50.4,cliente,urban,False,False
TRIP00124,CUST0448,VEH0048,SYNTHETIC,2026-09-13,Sunday,22:15:00,Goiânia,Goiânia,Centro-Oeste,Centro-Oeste,14.4,12.6,lazer,urban,True,False
TRIP00125,CUST0221,VEH0021,SYNTHETIC,2026-07-14,Friday,21:40:00,Recife,São Paulo,Nordeste,Sudeste,52.8,146.2,academia,intercity,False,False
TRIP00126,CUST0036,VEH0036,SYNTHETIC,2026-09-19,Sunday,09:00:00,Rio de Janeiro,Florianópolis,Sudeste,Sul,351.6,1163.3,trabalho,rodoviaria,True,True
TRIP00127,CUST0436,VEH0036,SYNTHETIC,2026-07-07,Thursday,22:01:00,São Paulo,São Paulo,Sudeste,Sudeste,23.6,35.3,restaurante,urban,False,False
TRIP00128,CUST0359,VEH0059,SYNTHETIC,2026-07-08,Thursday,20:52:00,Belo Horizonte,Goiânia,Sudeste,Centro-Oeste,297.5,337.8,escola,rodoviaria,True,True
TRIP00129,CUST0498,VEH0098,SYNTHETIC,2026-06-22,Sunday,16:57:00,Rio de Janeiro,Salvador,Sudeste,Nordeste,403.1,923.6,restaurante,rodoviaria,False,True
TRIP00130,CUST0069,VEH0069,SYNTHETIC,2026-08-29,Monday,13:56:00,Campinas,Campinas,Sudeste,Sudeste,19.1,34.5,família,urban,False,False
TRIP00131,CUST0330,VEH0030,SYNTHETIC,2026-09-02,Tuesday,18:52:00,Curitiba,Curitiba,Sul,Sul,3.5,3.2,compras,urban,False,False
TRIP00132,CUST0466,VEH0066,SYNTHETIC,2026-06-11,Sunday,14:58:00,Porto Alegre,Porto Alegre,Sul,Sul,4.7,4.0,compras,urban,False,False
TRIP00133,CUST0043,VEH0043,SYNTHETIC,2026-09-04,Sunday,15:26:00,Salvador,Salvador,Nordeste,Nordeste,41.7,40.2,trabalho,intercity,True,False
TRIP00134,CUST0204,VEH0004,SYNTHETIC,2026-09-06,Thursday,18:29:00,Brasília,Florianópolis,Centro-Oeste,Sul,237.2,437.6,compras,rodoviaria,False,True
TRIP00135,CUST0431,VEH0031,SYNTHETIC,2026-09-01,Friday,17:25:00,Rio de Janeiro,Rio de Janeiro,Sudeste,Sudeste,16.3,18.7,escola,urban,True,False
TRIP00136,CUST0228,VEH0028,SYNTHETIC,2026-07-22,Friday,12:34:00,Campinas,Campinas,Sudeste,Sudeste,7.3,6.8,cliente,urban,True,False
TRIP00137,CUST0074,VEH0074,SYNTHETIC,2026-09-05,Saturday,22:59:00,Fortaleza,Fortaleza,Nordeste,Nordeste,37.6,72.0,trabalho,urban,False,False
TRIP00138,CUST0272,VEH0072,SYNTHETIC,2026-06-18,Tuesday,10:18:00,Salvador,Salvador,Nordeste,Nordeste,12.0,12.5,academia,urban,False,False
TRIP00139,CUST0214,VEH0014,SYNTHETIC,2026-09-13,Sunday,14:12:00,Brasília,Brasília,Centro-Oeste,Centro-Oeste,3.7,3.9,trabalho,urban,False,False
TRIP00140,CUST0196,VEH0096,SYNTHETIC,2026-06-30,Monday,20:48:00,São Paulo,São Paulo,Sudeste,Sudeste,35.9,45.3,lazer,urban,True,False
TRIP00141,CUST0324,VEH0024,SYNTHETIC,2026-08-24,Tuesday,09:11:00,Belo Horizonte,Belo Horizonte,Sudeste,Sudeste,18.0,21.9,trabalho,urban,True,False
TRIP00142,CUST0278,VEH0078,SYNTHETIC,2026-07-04,Tuesday,22:36:00,Belo Horizonte,Belo Horizonte,Sudeste,Sudeste,44.8,37.5,trabalho,intercity,False,False
TRIP00143,CUST0361,VEH0061,SYNTHETIC,2026-09-12,Sunday,18:52:00,Curitiba,Salvador,Sul,Nordeste,199.5,335.6,família,rodoviaria,False,True
TRIP00144,CUST0150,VEH0050,SYNTHETIC,2026-07-09,Thursday,09:45:00,Campinas,Campinas,Sudeste,Sudeste,17.5,22.2,família,urban,True,False
TRIP00145,CUST0076,VEH0076,SYNTHETIC,2026-08-21,Friday,18:50:00,Goiânia,Goiânia,Centro-Oeste,Centro-Oeste,43.2,36.5,viagem,intercity,False,False
TRIP00146,CUST0218,VEH0018,SYNTHETIC,2026-07-17,Wednesday,11:43:00,Salvador,Salvador,Nordeste,Nordeste,21.0,17.7,lazer,urban,True,False
TRIP00147,CUST0094,VEH0094,SYNTHETIC,2026-07-15,Thursday,20:48:00,Campinas,Campinas,Sudeste,Sudeste,9.7,9.7,família,urban,False,False
TRIP00148,CUST0171,VEH0071,SYNTHETIC,2026-08-25,Wednesday,20:51:00,Rio de Janeiro,Rio de Janeiro,Sudeste,Sudeste,36.7,50.2,família,urban,False,False
TRIP00149,CUST0021,VEH0021,SYNTHETIC,2026-09-11,Sunday,18:46:00,Brasília,Campinas,Centro-Oeste,Sudeste,228.9,337.9,família,rodoviaria,False,True
TRIP00150,CUST0249,VEH0049,SYNTHETIC,2026-09-02,Wednesday,07:56:00,Florianópolis,Curitiba,Sul,Sul,109.8,115.3,compras,intercity,False,False
TRIP00151,CUST0035,VEH0035,SYNTHETIC,2026-08-02,Sunday,16:08:00,Florianópolis,Florianópolis,Sul,Sul,29.7,27.2,família,urban,False,False
TRIP00152,CUST0233,VEH0033,SYNTHETIC,2026-09-13,Monday,07:46:00,Florianópolis,Florianópolis,Sul,Sul,11.1,10.2,trabalho,urban,False,False
TRIP00153,CUST0020,VEH0020,SYNTHETIC,2026-09-29,Sunday,21:46:00,Belo Horizonte,Belo Horizonte,Sudeste,Sudeste,11.4,14.2,cliente,urban,True,False
TRIP00154,CUST0067,VEH0067,SYNTHETIC,2026-07-24,Friday,12:19:00,Fortaleza,Fortaleza,Nordeste,Nordeste,38.3,67.5,compras,urban,False,False
TRIP00155,CUST0190,VEH0090,SYNTHETIC,2026-09-16,Thursday,19:35:00,Rio de Janeiro,Rio de Janeiro,Sudeste,Sudeste,42.0,37.8,trabalho,intercity,True,False
TRIP00156,CUST0197,VEH0097,SYNTHETIC,2026-08-13,Thursday,15:28:00,Belo Horizonte,Salvador,Sudeste,Nordeste,245.4,500.2,lazer,rodoviaria,False,True
TRIP00157,CUST0139,VEH0039,SYNTHETIC,2026-07-02,Sunday,07:26:00,Curitiba,Curitiba,Sul,Sul,21.2,21.8,restaurante,urban,True,False
TRIP00158,CUST0205,VEH0005,SYNTHETIC,2026-08-30,Sunday,18:58:00,Salvador,Salvador,Nordeste,Nordeste,8.6,12.5,cliente,urban,False,False
TRIP00159,CUST0248,VEH0048,SYNTHETIC,2026-09-01,Tuesday,08:35:00,Campinas,Rio de Janeiro,Sudeste,Sudeste,339.3,363.4,família,rodoviaria,False,True
TRIP00160,CUST0483,VEH0083,SYNTHETIC,2026-07-21,Monday,07:33:00,Florianópolis,Florianópolis,Sul,Sul,25.2,23.9,aeroporto,urban,False,False
TRIP00161,CUST0468,VEH0068,SYNTHETIC,2026-08-02,Saturday,12:25:00,Belo Horizonte,Belo Horizonte,Sudeste,Sudeste,20.1,18.5,família,urban,False,False
TRIP00162,CUST0264,VEH0064,SYNTHETIC,2026-08-24,Sunday,12:41:00,Florianópolis,Florianópolis,Sul,Sul,7.9,6.8,compras,urban,False,False
TRIP00163,CUST0221,VEH0021,SYNTHETIC,2026-07-12,Tuesday,12:51:00,Recife,Brasília,Nordeste,Centro-Oeste,103.0,157.3,trabalho,intercity,False,False
TRIP00164,CUST0017,VEH0017,SYNTHETIC,2026-09-26,Friday,18:15:00,Belo Horizonte,Belo Horizonte,Sudeste,Sudeste,22.7,29.7,cliente,urban,False,False
TRIP00165,CUST0428,VEH0028,SYNTHETIC,2026-09-30,Friday,06:17:00,Brasília,Brasília,Centro-Oeste,Centro-Oeste,21.6,27.3,cliente,urban,False,False
TRIP00166,CUST0012,VEH0012,SYNTHETIC,2026-07-19,Friday,13:17:00,Porto Alegre,Porto Alegre,Sul,Sul,27.9,27.0,academia,urban,False,False
TRIP00167,CUST0138,VEH0038,SYNTHETIC,2026-09-26,Friday,18:11:00,Brasília,Brasília,Centro-Oeste,Centro-Oeste,28.5,58.5,família,urban,False,False
TRIP00168,CUST0214,VEH0014,SYNTHETIC,2026-08-05,Wednesday,16:56:00,Brasília,Brasília,Centro-Oeste,Centro-Oeste,8.9,12.7,compras,urban,True,False
TRIP00169,CUST0318,VEH0018,SYNTHETIC,2026-09-27,Friday,07:27:00,Brasília,Brasília,Centro-Oeste,Centro-Oeste,33.2,39.0,cliente,urban,True,False
TRIP00170,CUST0119,VEH0019,SYNTHETIC,2026-06-11,Thursday,08:05:00,Brasília,Brasília,Centro-Oeste,Centro-Oeste,14.2,14.0,família,urban,False,False
TRIP00171,CUST0064,VEH0064,SYNTHETIC,2026-07-25,Tuesday,12:01:00,Salvador,Campinas,Nordeste,Sudeste,138.2,296.9,compras,intercity,False,False
TRIP00172,CUST0097,VEH0097,SYNTHETIC,2026-08-11,Monday,14:19:00,Salvador,Brasília,Nordeste,Centro-Oeste,141.7,182.8,compras,intercity,False,False
TRIP00173,CUST0467,VEH0067,SYNTHETIC,2026-09-18,Friday,22:23:00,Belo Horizonte,Porto Alegre,Sudeste,Sul,373.4,563.9,reunião,rodoviaria,False,True
TRIP00174,CUST0155,VEH0055,SYNTHETIC,2026-08-30,Friday,21:36:00,Salvador,Salvador,Nordeste,Nordeste,3.8,3.8,lazer,urban,False,False
TRIP00175,CUST0335,VEH0035,SYNTHETIC,2026-06-30,Saturday,06:34:00,Rio de Janeiro,Rio de Janeiro,Sudeste,Sudeste,28.6,37.2,trabalho,urban,False,False
TRIP00176,CUST0177,VEH0077,SYNTHETIC,2026-07-26,Friday,06:46:00,Campinas,Campinas,Sudeste,Sudeste,5.6,10.3,escola,urban,False,False
TRIP00177,CUST0136,VEH0036,SYNTHETIC,2026-09-25,Thursday,20:26:00,Campinas,Campinas,Sudeste,Sudeste,27.5,58.3,família,urban,False,False
TRIP00178,CUST0312,VEH0012,SYNTHETIC,2026-09-29,Saturday,06:11:00,Belo Horizonte,Belo Horizonte,Sudeste,Sudeste,16.8,15.8,cliente,urban,False,False
TRIP00179,CUST0318,VEH0018,SYNTHETIC,2026-08-06,Saturday,19:00:00,Brasília,Brasília,Centro-Oeste,Centro-Oeste,35.4,52.9,viagem,urban,False,False
TRIP00180,CUST0340,VEH0040,SYNTHETIC,2026-08-20,Tuesday,08:26:00,Curitiba,Brasília,Sul,Centro-Oeste,173.0,412.3,compras,intercity,True,True
TRIP00181,CUST0073,VEH0073,SYNTHETIC,2026-09-28,Saturday,10:11:00,Curitiba,Curitiba,Sul,Sul,5.8,6.9,família,urban,True,False
TRIP00182,CUST0403,VEH0003,SYNTHETIC,2026-07-26,Sunday,11:58:00,Fortaleza,Fortaleza,Nordeste,Nordeste,39.3,33.3,compras,urban,False,False
TRIP00183,CUST0147,VEH0047,SYNTHETIC,2026-08-08,Tuesday,17:33:00,São Paulo,São Paulo,Sudeste,Sudeste,23.4,20.3,trabalho,urban,False,False
TRIP00184,CUST0461,VEH0061,SYNTHETIC,2026-09-02,Thursday,14:58:00,Florianópolis,Florianópolis,Sul,Sul,3.9,6.1,compras,urban,True,False
TRIP00185,CUST0420,VEH0020,SYNTHETIC,2026-08-05,Monday,20:06:00,Curitiba,Fortaleza,Sul,Nordeste,288.4,274.7,compras,rodoviaria,True,True
TRIP00186,CUST0055,VEH0055,SYNTHETIC,2026-08-25,Friday,17:04:00,Salvador,Rio de Janeiro,Nordeste,Sudeste,273.8,474.0,trabalho,rodoviaria,False,True
TRIP00187,CUST0325,VEH0025,SYNTHETIC,2026-07-04,Sunday,18:13:00,Fortaleza,Fortaleza,Nordeste,Nordeste,41.9,44.5,família,intercity,False,False
TRIP00188,CUST0353,VEH0053,SYNTHETIC,2026-07-01,Monday,06:32:00,Porto Alegre,Porto Alegre,Sul,Sul,13.7,17.0,escola,urban,False,False
TRIP00189,CUST0484,VEH0084,SYNTHETIC,2026-09-11,Wednesday,13:08:00,Goiânia,Goiânia,Centro-Oeste,Centro-Oeste,8.4,9.6,escola,urban,False,False
TRIP00190,CUST0063,VEH0063,SYNTHETIC,2026-09-21,Monday,11:23:00,Recife,Recife,Nordeste,Nordeste,16.1,14.3,viagem,urban,False,False
TRIP00191,CUST0419,VEH0019,SYNTHETIC,2026-06-30,Friday,06:40:00,Goiânia,Goiânia,Centro-Oeste,Centro-Oeste,32.0,50.8,lazer,urban,False,False
TRIP00192,CUST0041,VEH0041,SYNTHETIC,2026-09-27,Saturday,11:20:00,Brasília,Brasília,Centro-Oeste,Centro-Oeste,32.9,76.2,rodoviária,urban,False,False
TRIP00193,CUST0447,VEH0047,SYNTHETIC,2026-08-18,Wednesday,11:53:00,Campinas,Campinas,Sudeste,Sudeste,13.3,11.3,trabalho,urban,False,False
TRIP00194,CUST0427,VEH0027,SYNTHETIC,2026-07-27,Saturday,12:58:00,Curitiba,Curitiba,Sul,Sul,34.9,40.4,compras,urban,False,False
TRIP00195,CUST0040,VEH0040,SYNTHETIC,2026-08-05,Friday,08:26:00,Curitiba,Curitiba,Sul,Sul,27.0,42.5,família,urban,False,False
TRIP00196,CUST0227,VEH0027,SYNTHETIC,2026-06-11,Friday,07:31:00,Campinas,Belo Horizonte,Sudeste,Sudeste,264.4,271.4,trabalho,rodoviaria,False,True
TRIP00197,CUST0327,VEH0027,SYNTHETIC,2026-09-13,Friday,12:52:00,Fortaleza,Fortaleza,Nordeste,Nordeste,34.3,63.6,compras,urban,True,False
TRIP00198,CUST0041,VEH0041,SYNTHETIC,2026-09-27,Sunday,06:59:00,Brasília,Rio de Janeiro,Centro-Oeste,Sudeste,361.0,933.2,cliente,rodoviaria,False,True
TRIP00199,CUST0493,VEH0093,SYNTHETIC,2026-07-01,Saturday,20:02:00,Campinas,Recife,Sudeste,Nordeste,84.3,98.7,lazer,intercity,False,False
TRIP00200,CUST0077,VEH0077,SYNTHETIC,2026-07-11,Wednesday,06:03:00,Porto Alegre,Recife,Sul,Nordeste,277.8,523.9,compras,rodoviaria,False,True
TRIP00201,CUST0186,VEH0086,SYNTHETIC,2026-08-07,Tuesday,06:43:00,Curitiba,Curitiba,Sul,Sul,12.8,27.9,lazer,urban,True,False
TRIP00202,CUST0211,VEH0011,SYNTHETIC,2026-07-21,Sunday,20:59:00,Belo Horizonte,Rio de Janeiro,Sudeste,Sudeste,345.3,694.4,compras,rodoviaria,False,True
TRIP00203,CUST0450,VEH0050,SYNTHETIC,2026-07-18,Thursday,19:33:00,Brasília,São Paulo,Centro-Oeste,Sudeste,307.0,700.4,trabalho,rodoviaria,False,True
TRIP00204,CUST0398,VEH0098,SYNTHETIC,2026-09-08,Friday,09:36:00,Recife,Recife,Nordeste,Nordeste,10.2,12.2,escola,urban,True,False
TRIP00205,CUST0479,VEH0079,SYNTHETIC,2026-08-28,Friday,14:26:00,Brasília,Curitiba,Centro-Oeste,Sul,298.5,376.5,lazer,rodoviaria,False,True
TRIP00206,CUST0323,VEH0023,SYNTHETIC,2026-09-25,Saturday,09:05:00,Salvador,Brasília,Nordeste,Centro-Oeste,336.0,500.5,compras,rodoviaria,False,True
TRIP00207,CUST0031,VEH0031,SYNTHETIC,2026-08-07,Saturday,13:25:00,Brasília,Brasília,Centro-Oeste,Centro-Oeste,36.5,46.4,viagem,urban,False,False
TRIP00208,CUST0343,VEH0043,SYNTHETIC,2026-08-01,Wednesday,09:10:00,Salvador,Salvador,Nordeste,Nordeste,22.9,24.8,cliente,urban,False,False
TRIP00209,CUST0136,VEH0036,SYNTHETIC,2026-07-30,Thursday,16:43:00,Campinas,Campinas,Sudeste,Sudeste,25.9,54.5,academia,urban,False,False
TRIP00210,CUST0077,VEH0077,SYNTHETIC,2026-08-18,Tuesday,06:39:00,Porto Alegre,Porto Alegre,Sul,Sul,10.2,13.6,escola,urban,True,False
TRIP00211,CUST0081,VEH0081,SYNTHETIC,2026-09-28,Monday,08:38:00,Belo Horizonte,Belo Horizonte,Sudeste,Sudeste,32.3,33.3,lazer,urban,False,False
TRIP00212,CUST0320,VEH0020,SYNTHETIC,2026-09-19,Thursday,14:13:00,Campinas,Campinas,Sudeste,Sudeste,25.1,29.5,família,urban,True,False
TRIP00213,CUST0001,VEH0001,SYNTHETIC,2026-09-24,Monday,06:57:00,Salvador,Porto Alegre,Nordeste,Sul,385.6,701.5,lazer,rodoviaria,False,True
TRIP00214,CUST0030,VEH0030,SYNTHETIC,2026-09-02,Friday,16:32:00,Salvador,Salvador,Nordeste,Nordeste,13.7,12.2,família,urban,False,False
TRIP00215,CUST0312,VEH0012,SYNTHETIC,2026-08-31,Wednesday,22:20:00,Belo Horizonte,Belo Horizonte,Sudeste,Sudeste,18.8,19.5,entrega,urban,False,False
TRIP00216,CUST0280,VEH0080,SYNTHETIC,2026-06-09,Tuesday,18:52:00,Brasília,Brasília,Centro-Oeste,Centro-Oeste,29.0,51.8,cliente,urban,True,False
TRIP00217,CUST0098,VEH0098,SYNTHETIC,2026-07-06,Sunday,12:53:00,Brasília,Brasília,Centro-Oeste,Centro-Oeste,12.8,15.9,aeroporto,urban,False,False
TRIP00218,CUST0478,VEH0078,SYNTHETIC,2026-07-25,Saturday,08:53:00,Fortaleza,Fortaleza,Nordeste,Nordeste,4.5,6.5,lazer,urban,False,False
TRIP00219,CUST0254,VEH0054,SYNTHETIC,2026-09-08,Friday,12:26:00,Recife,Recife,Nordeste,Nordeste,25.7,24.3,trabalho,urban,False,False
TRIP00220,CUST0355,VEH0055,SYNTHETIC,2026-08-17,Sunday,14:23:00,São Paulo,São Paulo,Sudeste,Sudeste,15.7,13.5,família,urban,False,False
TRIP00221,CUST0457,VEH0057,SYNTHETIC,2026-07-16,Friday,10:45:00,São Paulo,Belo Horizonte,Sudeste,Sudeste,378.9,441.0,cliente,rodoviaria,False,True
TRIP00222,CUST0435,VEH0035,SYNTHETIC,2026-07-27,Wednesday,20:38:00,Brasília,Brasília,Centro-Oeste,Centro-Oeste,22.9,19.2,cliente,urban,False,False
TRIP00223,CUST0191,VEH0091,SYNTHETIC,2026-07-16,Sunday,18:52:00,Fortaleza,Fortaleza,Nordeste,Nordeste,29.0,41.2,família,urban,False,False
TRIP00224,CUST0142,VEH0042,SYNTHETIC,2026-06-19,Thursday,16:59:00,Florianópolis,Florianópolis,Sul,Sul,3.4,3.9,família,urban,False,False
TRIP00225,CUST0474,VEH0074,SYNTHETIC,2026-06-15,Wednesday,11:49:00,Fortaleza,Fortaleza,Nordeste,Nordeste,10.2,14.2,obra,urban,False,False
TRIP00226,CUST0430,VEH0030,SYNTHETIC,2026-06-14,Sunday,10:08:00,Curitiba,Curitiba,Sul,Sul,39.2,60.8,obra,urban,True,False
TRIP00227,CUST0500,VEH0100,SYNTHETIC,2026-07-19,Saturday,08:18:00,São Paulo,São Paulo,Sudeste,Sudeste,27.5,51.9,compras,urban,False,False
TRIP00228,CUST0054,VEH0054,SYNTHETIC,2026-06-16,Tuesday,07:56:00,Rio de Janeiro,Rio de Janeiro,Sudeste,Sudeste,44.7,88.4,rodoviária,intercity,False,False
TRIP00229,CUST0060,VEH0060,SYNTHETIC,2026-08-24,Friday,07:02:00,Campinas,Campinas,Sudeste,Sudeste,8.5,18.1,trabalho,urban,False,False
TRIP00230,CUST0424,VEH0024,SYNTHETIC,2026-09-06,Friday,09:08:00,Porto Alegre,Porto Alegre,Sul,Sul,33.5,37.7,compras,urban,False,False
TRIP00231,CUST0419,VEH0019,SYNTHETIC,2026-09-28,Thursday,19:43:00,Goiânia,Belo Horizonte,Centro-Oeste,Sudeste,266.5,331.0,compras,rodoviaria,False,True
TRIP00232,CUST0319,VEH0019,SYNTHETIC,2026-07-22,Saturday,13:49:00,Campinas,Brasília,Sudeste,Centro-Oeste,261.7,336.8,família,rodoviaria,False,True
TRIP00233,CUST0213,VEH0013,SYNTHETIC,2026-07-05,Monday,18:57:00,Florianópolis,Goiânia,Sul,Centro-Oeste,147.4,222.4,trabalho,intercity,False,False
TRIP00234,CUST0061,VEH0061,SYNTHETIC,2026-09-22,Tuesday,21:41:00,Fortaleza,Fortaleza,Nordeste,Nordeste,33.9,30.3,obra,urban,False,False
TRIP00235,CUST0310,VEH0010,SYNTHETIC,2026-07-10,Friday,07:16:00,Fortaleza,Fortaleza,Nordeste,Nordeste,33.0,43.8,cliente,urban,False,False
TRIP00236,CUST0091,VEH0091,SYNTHETIC,2026-06-04,Thursday,15:24:00,São Paulo,São Paulo,Sudeste,Sudeste,42.9,59.4,academia,intercity,False,False
TRIP00237,CUST0263,VEH0063,SYNTHETIC,2026-09-04,Sunday,09:23:00,Porto Alegre,Porto Alegre,Sul,Sul,22.3,45.5,compras,urban,False,False
TRIP00238,CUST0161,VEH0061,SYNTHETIC,2026-08-23,Wednesday,16:14:00,Curitiba,Curitiba,Sul,Sul,22.7,30.0,trabalho,urban,False,False
TRIP00239,CUST0084,VEH0084,SYNTHETIC,2026-09-06,Monday,17:26:00,Fortaleza,Fortaleza,Nordeste,Nordeste,7.6,6.4,academia,urban,False,False
TRIP00240,CUST0450,VEH0050,SYNTHETIC,2026-06-14,Monday,07:33:00,Brasília,Fortaleza,Centro-Oeste,Nordeste,316.8,469.5,compras,rodoviaria,False,True
TRIP00241,CUST0350,VEH0050,SYNTHETIC,2026-08-26,Tuesday,15:52:00,Rio de Janeiro,Rio de Janeiro,Sudeste,Sudeste,21.6,48.5,cliente,urban,True,False
TRIP00242,CUST0264,VEH0064,SYNTHETIC,2026-06-05,Thursday,21:38:00,Florianópolis,Florianópolis,Sul,Sul,29.1,58.0,compras,urban,False,False
TRIP00243,CUST0286,VEH0086,SYNTHETIC,2026-06-29,Wednesday,21:58:00,Salvador,Florianópolis,Nordeste,Sul,415.8,599.0,família,rodoviaria,False,True
TRIP00244,CUST0165,VEH0065,SYNTHETIC,2026-09-21,Thursday,12:54:00,Florianópolis,Florianópolis,Sul,Sul,22.6,18.4,família,urban,False,False
TRIP00245,CUST0019,VEH0019,SYNTHETIC,2026-09-11,Sunday,18:53:00,Florianópolis,Florianópolis,Sul,Sul,36.6,32.8,obra,urban,False,False
TRIP00246,CUST0199,VEH0099,SYNTHETIC,2026-06-21,Monday,20:06:00,São Paulo,Recife,Sudeste,Nordeste,413.0,687.5,trabalho,rodoviaria,False,True
TRIP00247,CUST0014,VEH0014,SYNTHETIC,2026-06-24,Sunday,18:38:00,Belo Horizonte,Belo Horizonte,Sudeste,Sudeste,44.6,90.7,lazer,intercity,False,False
TRIP00248,CUST0460,VEH0060,SYNTHETIC,2026-09-23,Friday,19:24:00,Recife,Goiânia,Nordeste,Centro-Oeste,266.2,332.0,escola,rodoviaria,False,True
TRIP00249,CUST0195,VEH0095,SYNTHETIC,2026-09-09,Friday,08:26:00,Porto Alegre,Porto Alegre,Sul,Sul,34.8,44.8,viagem,urban,False,False
TRIP00250,CUST0022,VEH0022,SYNTHETIC,2026-07-08,Monday,09:46:00,Recife,Campinas,Nordeste,Sudeste,394.5,364.9,escola,rodoviaria,True,True
TRIP00251,CUST0416,VEH0016,SYNTHETIC,2026-07-16,Monday,20:53:00,Curitiba,Curitiba,Sul,Sul,35.5,30.6,reunião,urban,False,False
TRIP00252,CUST0235,VEH0035,SYNTHETIC,2026-06-16,Friday,14:16:00,Belo Horizonte,Brasília,Sudeste,Centro-Oeste,223.1,246.6,família,rodoviaria,False,True
TRIP00253,CUST0250,VEH0050,SYNTHETIC,2026-09-30,Wednesday,20:20:00,Salvador,Salvador,Nordeste,Nordeste,33.9,40.6,restaurante,urban,False,False
TRIP00254,CUST0474,VEH0074,SYNTHETIC,2026-06-29,Tuesday,06:24:00,Fortaleza,Fortaleza,Nordeste,Nordeste,7.7,10.2,trabalho,urban,False,False
TRIP00255,CUST0241,VEH0041,SYNTHETIC,2026-07-05,Saturday,22:23:00,Rio de Janeiro,Curitiba,Sudeste,Sul,144.8,207.3,família,intercity,False,False
TRIP00256,CUST0285,VEH0085,SYNTHETIC,2026-07-29,Friday,10:14:00,Recife,Recife,Nordeste,Nordeste,43.8,44.3,academia,intercity,True,False
TRIP00257,CUST0303,VEH0003,SYNTHETIC,2026-06-08,Thursday,12:52:00,Fortaleza,Fortaleza,Nordeste,Nordeste,33.4,43.6,restaurante,urban,False,False
TRIP00258,CUST0061,VEH0061,SYNTHETIC,2026-09-23,Thursday,10:00:00,Fortaleza,Fortaleza,Nordeste,Nordeste,6.4,6.4,cliente,urban,False,False
TRIP00259,CUST0271,VEH0071,SYNTHETIC,2026-09-07,Wednesday,16:38:00,Salvador,Salvador,Nordeste,Nordeste,23.1,31.6,escola,urban,False,False
TRIP00260,CUST0220,VEH0020,SYNTHETIC,2026-08-09,Tuesday,13:48:00,Rio de Janeiro,Rio de Janeiro,Sudeste,Sudeste,29.4,24.5,compras,urban,False,False
TRIP00261,CUST0224,VEH0024,SYNTHETIC,2026-08-29,Monday,20:59:00,Rio de Janeiro,Rio de Janeiro,Sudeste,Sudeste,35.4,59.7,academia,urban,False,False
TRIP00262,CUST0175,VEH0075,SYNTHETIC,2026-06-05,Monday,14:29:00,Porto Alegre,Porto Alegre,Sul,Sul,23.4,38.0,compras,urban,False,False
TRIP00263,CUST0073,VEH0073,SYNTHETIC,2026-07-02,Friday,19:55:00,Curitiba,Curitiba,Sul,Sul,23.4,36.9,compras,urban,False,False
TRIP00264,CUST0015,VEH0015,SYNTHETIC,2026-09-29,Saturday,09:25:00,Campinas,Campinas,Sudeste,Sudeste,19.1,31.5,cliente,urban,False,False
TRIP00265,CUST0467,VEH0067,SYNTHETIC,2026-08-20,Wednesday,21:07:00,Belo Horizonte,Belo Horizonte,Sudeste,Sudeste,33.4,62.3,trabalho,urban,False,False
TRIP00266,CUST0446,VEH0046,SYNTHETIC,2026-06-22,Wednesday,07:33:00,Recife,Recife,Nordeste,Nordeste,28.2,58.8,lazer,urban,False,False
TRIP00267,CUST0284,VEH0084,SYNTHETIC,2026-08-11,Saturday,17:53:00,Salvador,Brasília,Nordeste,Centro-Oeste,280.0,420.3,academia,rodoviaria,False,True
TRIP00268,CUST0221,VEH0021,SYNTHETIC,2026-08-25,Saturday,06:13:00,Recife,Campinas,Nordeste,Sudeste,223.1,447.1,academia,rodoviaria,False,True
TRIP00269,CUST0369,VEH0069,SYNTHETIC,2026-06-03,Thursday,21:44:00,Florianópolis,Florianópolis,Sul,Sul,43.9,49.7,compras,intercity,False,False
TRIP00270,CUST0440,VEH0040,SYNTHETIC,2026-07-02,Wednesday,20:22:00,Recife,Florianópolis,Nordeste,Sul,238.8,291.7,cliente,rodoviaria,True,True
TRIP00271,CUST0409,VEH0009,SYNTHETIC,2026-08-14,Wednesday,08:19:00,Belo Horizonte,Belo Horizonte,Sudeste,Sudeste,22.8,50.3,lazer,urban,True,False
TRIP00272,CUST0212,VEH0012,SYNTHETIC,2026-07-15,Thursday,17:20:00,Fortaleza,Fortaleza,Nordeste,Nordeste,15.8,18.5,escola,urban,False,False
TRIP00273,CUST0372,VEH0072,SYNTHETIC,2026-07-10,Sunday,14:53:00,Campinas,Recife,Sudeste,Nordeste,230.8,254.2,lazer,rodoviaria,False,True
TRIP00274,CUST0459,VEH0059,SYNTHETIC,2026-08-31,Saturday,19:55:00,Campinas,Porto Alegre,Sudeste,Sul,229.5,483.1,rodoviária,rodoviaria,True,True
TRIP00275,CUST0156,VEH0056,SYNTHETIC,2026-08-27,Sunday,18:45:00,Salvador,Salvador,Nordeste,Nordeste,8.0,11.9,família,urban,False,False
TRIP00276,CUST0393,VEH0093,SYNTHETIC,2026-06-03,Saturday,16:54:00,Brasília,Porto Alegre,Centro-Oeste,Sul,154.1,478.7,lazer,intercity,True,True
TRIP00277,CUST0026,VEH0026,SYNTHETIC,2026-06-07,Wednesday,10:45:00,São Paulo,São Paulo,Sudeste,Sudeste,32.8,42.4,família,urban,False,False
TRIP00278,CUST0449,VEH0049,SYNTHETIC,2026-06-14,Tuesday,18:17:00,Rio de Janeiro,Rio de Janeiro,Sudeste,Sudeste,9.6,18.1,lazer,urban,True,False
TRIP00279,CUST0456,VEH0056,SYNTHETIC,2026-07-07,Friday,08:47:00,São Paulo,São Paulo,Sudeste,Sudeste,25.8,23.0,família,urban,False,False
TRIP00280,CUST0185,VEH0085,SYNTHETIC,2026-07-15,Thursday,18:09:00,Recife,Recife,Nordeste,Nordeste,30.3,60.2,cliente,urban,True,False
TRIP00281,CUST0435,VEH0035,SYNTHETIC,2026-08-16,Sunday,18:30:00,Brasília,Brasília,Centro-Oeste,Centro-Oeste,37.4,43.2,aeroporto,urban,True,False
TRIP00282,CUST0088,VEH0088,SYNTHETIC,2026-07-07,Monday,21:16:00,Salvador,Salvador,Nordeste,Nordeste,33.0,42.6,entrega,urban,False,False
TRIP00283,CUST0475,VEH0075,SYNTHETIC,2026-09-23,Saturday,18:14:00,Goiânia,Goiânia,Centro-Oeste,Centro-Oeste,6.0,6.7,trabalho,urban,False,False
TRIP00284,CUST0019,VEH0019,SYNTHETIC,2026-07-27,Saturday,19:48:00,Florianópolis,Florianópolis,Sul,Sul,24.3,45.6,obra,urban,False,False
TRIP00285,CUST0373,VEH0073,SYNTHETIC,2026-09-27,Thursday,09:37:00,Rio de Janeiro,Rio de Janeiro,Sudeste,Sudeste,29.6,45.5,escola,urban,True,False
TRIP00286,CUST0305,VEH0005,SYNTHETIC,2026-06-19,Friday,08:21:00,Salvador,Rio de Janeiro,Nordeste,Sudeste,393.6,1026.8,trabalho,rodoviaria,False,True
TRIP00287,CUST0110,VEH0010,SYNTHETIC,2026-08-08,Sunday,15:26:00,Salvador,Salvador,Nordeste,Nordeste,33.2,64.4,família,urban,False,False
TRIP00288,CUST0490,VEH0090,SYNTHETIC,2026-06-26,Sunday,16:58:00,Brasília,Brasília,Centro-Oeste,Centro-Oeste,20.9,28.1,cliente,urban,True,False
TRIP00289,CUST0363,VEH0063,SYNTHETIC,2026-09-16,Saturday,15:40:00,Fortaleza,Recife,Nordeste,Nordeste,169.2,511.9,academia,intercity,True,True
TRIP00290,CUST0047,VEH0047,SYNTHETIC,2026-06-14,Sunday,18:21:00,Florianópolis,Florianópolis,Sul,Sul,9.5,8.3,compras,urban,False,False
TRIP00291,CUST0369,VEH0069,SYNTHETIC,2026-06-09,Monday,08:03:00,Florianópolis,Florianópolis,Sul,Sul,21.7,22.8,família,urban,False,False
TRIP00292,CUST0070,VEH0070,SYNTHETIC,2026-07-29,Thursday,19:32:00,Campinas,Campinas,Sudeste,Sudeste,25.5,38.7,família,urban,True,False
TRIP00293,CUST0363,VEH0063,SYNTHETIC,2026-08-20,Monday,16:45:00,Fortaleza,Fortaleza,Nordeste,Nordeste,42.0,76.8,trabalho,intercity,False,False
TRIP00294,CUST0426,VEH0026,SYNTHETIC,2026-09-06,Sunday,14:31:00,Fortaleza,Fortaleza,Nordeste,Nordeste,34.1,27.4,compras,urban,True,False
TRIP00295,CUST0055,VEH0055,SYNTHETIC,2026-08-09,Tuesday,14:27:00,Salvador,Campinas,Nordeste,Sudeste,74.1,106.1,cliente,intercity,False,False
TRIP00296,CUST0312,VEH0012,SYNTHETIC,2026-07-03,Friday,16:56:00,Belo Horizonte,Belo Horizonte,Sudeste,Sudeste,14.3,13.6,trabalho,urban,False,False
TRIP00297,CUST0421,VEH0021,SYNTHETIC,2026-06-26,Sunday,19:31:00,Rio de Janeiro,Rio de Janeiro,Sudeste,Sudeste,10.7,15.2,compras,urban,True,False
TRIP00298,CUST0178,VEH0078,SYNTHETIC,2026-06-11,Tuesday,15:50:00,Rio de Janeiro,Rio de Janeiro,Sudeste,Sudeste,25.0,38.3,academia,urban,True,False
TRIP00299,CUST0364,VEH0064,SYNTHETIC,2026-06-17,Saturday,08:38:00,Porto Alegre,Porto Alegre,Sul,Sul,25.7,33.3,família,urban,False,False
TRIP00300,CUST0315,VEH0015,SYNTHETIC,2026-07-12,Saturday,16:27:00,Belo Horizonte,Belo Horizonte,Sudeste,Sudeste,26.7,26.1,cliente,urban,False,False
TRIP00301,CUST0196,VEH0096,SYNTHETIC,2026-07-13,Wednesday,06:40:00,São Paulo,São Paulo,Sudeste,Sudeste,3.4,5.7,escola,urban,True,False
TRIP00302,CUST0409,VEH0009,SYNTHETIC,2026-09-25,Monday,22:44:00,Belo Horizonte,Belo Horizonte,Sudeste,Sudeste,29.0,27.2,viagem,urban,False,False
TRIP00303,CUST0433,VEH0033,SYNTHETIC,2026-06-09,Sunday,08:21:00,Porto Alegre,Porto Alegre,Sul,Sul,21.8,30.3,família,urban,False,False
TRIP00304,CUST0354,VEH0054,SYNTHETIC,2026-07-15,Saturday,19:04:00,Brasília,Fortaleza,Centro-Oeste,Nordeste,151.5,284.0,entrega,intercity,False,True
TRIP00305,CUST0234,VEH0034,SYNTHETIC,2026-07-16,Monday,06:46:00,Fortaleza,Fortaleza,Nordeste,Nordeste,18.7,20.8,trabalho,urban,False,False
TRIP00306,CUST0306,VEH0006,SYNTHETIC,2026-09-04,Sunday,17:52:00,Fortaleza,Fortaleza,Nordeste,Nordeste,44.5,61.0,rodoviária,intercity,False,False
TRIP00307,CUST0430,VEH0030,SYNTHETIC,2026-06-30,Wednesday,10:06:00,Curitiba,Curitiba,Sul,Sul,20.0,19.6,cliente,urban,False,False
TRIP00308,CUST0050,VEH0050,SYNTHETIC,2026-09-01,Monday,22:14:00,Brasília,Brasília,Centro-Oeste,Centro-Oeste,13.4,16.6,família,urban,False,False
TRIP00309,CUST0142,VEH0042,SYNTHETIC,2026-08-09,Saturday,19:35:00,Florianópolis,Florianópolis,Sul,Sul,41.8,43.1,família,intercity,True,False
TRIP00310,CUST0218,VEH0018,SYNTHETIC,2026-07-09,Friday,22:04:00,Salvador,Salvador,Nordeste,Nordeste,6.8,14.7,compras,urban,False,False
TRIP00311,CUST0336,VEH0036,SYNTHETIC,2026-08-26,Tuesday,19:49:00,Salvador,Salvador,Nordeste,Nordeste,28.8,34.7,entrega,urban,False,False
TRIP00312,CUST0060,VEH0060,SYNTHETIC,2026-09-06,Wednesday,07:18:00,Campinas,Campinas,Sudeste,Sudeste,29.5,24.6,trabalho,urban,False,False
TRIP00313,CUST0414,VEH0014,SYNTHETIC,2026-08-19,Saturday,07:52:00,Rio de Janeiro,Rio de Janeiro,Sudeste,Sudeste,30.9,50.5,família,urban,True,False
TRIP00314,CUST0172,VEH0072,SYNTHETIC,2026-06-22,Saturday,13:19:00,Recife,Recife,Nordeste,Nordeste,12.5,10.3,compras,urban,False,False
TRIP00315,CUST0321,VEH0021,SYNTHETIC,2026-06-08,Thursday,07:35:00,Campinas,Campinas,Sudeste,Sudeste,23.6,30.5,compras,urban,False,False
TRIP00316,CUST0289,VEH0089,SYNTHETIC,2026-09-05,Saturday,11:24:00,Campinas,Campinas,Sudeste,Sudeste,40.9,48.7,escola,intercity,False,False
TRIP00317,CUST0346,VEH0046,SYNTHETIC,2026-07-10,Monday,10:25:00,Rio de Janeiro,São Paulo,Sudeste,Sudeste,347.8,588.7,aeroporto,rodoviaria,True,True
TRIP00318,CUST0221,VEH0021,SYNTHETIC,2026-08-18,Monday,13:18:00,Recife,Recife,Nordeste,Nordeste,15.5,13.9,trabalho,urban,False,False
TRIP00319,CUST0292,VEH0092,SYNTHETIC,2026-06-12,Sunday,22:35:00,Rio de Janeiro,Rio de Janeiro,Sudeste,Sudeste,7.2,13.5,academia,urban,False,False
TRIP00320,CUST0073,VEH0073,SYNTHETIC,2026-09-27,Tuesday,13:03:00,Curitiba,Curitiba,Sul,Sul,35.0,29.7,academia,urban,False,False
TRIP00321,CUST0143,VEH0043,SYNTHETIC,2026-08-17,Wednesday,21:45:00,Curitiba,Curitiba,Sul,Sul,6.0,7.5,escola,urban,False,False
TRIP00322,CUST0481,VEH0081,SYNTHETIC,2026-06-23,Tuesday,21:04:00,São Paulo,São Paulo,Sudeste,Sudeste,7.7,7.2,trabalho,urban,False,False
TRIP00323,CUST0068,VEH0068,SYNTHETIC,2026-08-09,Tuesday,11:00:00,Belo Horizonte,Florianópolis,Sudeste,Sul,342.2,435.2,reunião,rodoviaria,True,True
TRIP00324,CUST0241,VEH0041,SYNTHETIC,2026-09-01,Sunday,17:40:00,Rio de Janeiro,Salvador,Sudeste,Nordeste,277.5,631.2,viagem,rodoviaria,False,True
TRIP00325,CUST0100,VEH0100,SYNTHETIC,2026-06-22,Saturday,10:30:00,Fortaleza,Fortaleza,Nordeste,Nordeste,15.4,25.5,aeroporto,urban,False,False
TRIP00326,CUST0389,VEH0089,SYNTHETIC,2026-09-27,Thursday,20:38:00,Recife,Recife,Nordeste,Nordeste,16.1,13.4,lazer,urban,False,False
TRIP00327,CUST0080,VEH0080,SYNTHETIC,2026-09-17,Tuesday,17:09:00,Rio de Janeiro,Brasília,Sudeste,Centro-Oeste,123.1,289.2,cliente,intercity,True,False
TRIP00328,CUST0154,VEH0054,SYNTHETIC,2026-08-27,Sunday,08:03:00,Campinas,Campinas,Sudeste,Sudeste,34.0,50.3,família,urban,False,False
TRIP00329,CUST0245,VEH0045,SYNTHETIC,2026-09-12,Tuesday,14:23:00,Curitiba,Curitiba,Sul,Sul,7.3,9.4,compras,urban,False,False
TRIP00330,CUST0447,VEH0047,SYNTHETIC,2026-08-27,Wednesday,11:05:00,Campinas,São Paulo,Sudeste,Sudeste,382.8,343.8,trabalho,rodoviaria,False,True
TRIP00331,CUST0346,VEH0046,SYNTHETIC,2026-09-15,Tuesday,21:40:00,Rio de Janeiro,Rio de Janeiro,Sudeste,Sudeste,9.9,11.7,aeroporto,urban,False,False
TRIP00332,CUST0099,VEH0099,SYNTHETIC,2026-08-07,Thursday,09:51:00,Salvador,Salvador,Nordeste,Nordeste,34.8,29.7,família,urban,False,False
TRIP00333,CUST0357,VEH0057,SYNTHETIC,2026-06-29,Tuesday,06:27:00,Porto Alegre,Florianópolis,Sul,Sul,370.6,475.2,família,rodoviaria,True,True
TRIP00334,CUST0034,VEH0034,SYNTHETIC,2026-06-13,Friday,17:16:00,Salvador,Salvador,Nordeste,Nordeste,6.2,6.2,reunião,urban,False,False
TRIP00335,CUST0133,VEH0033,SYNTHETIC,2026-07-11,Tuesday,16:05:00,Porto Alegre,Porto Alegre,Sul,Sul,5.6,8.9,rodoviária,urban,False,False
TRIP00336,CUST0084,VEH0084,SYNTHETIC,2026-09-10,Thursday,11:19:00,Fortaleza,Fortaleza,Nordeste,Nordeste,20.5,34.1,compras,urban,False,False
TRIP00337,CUST0448,VEH0048,SYNTHETIC,2026-07-14,Wednesday,12:37:00,Goiânia,Campinas,Centro-Oeste,Sudeste,233.9,442.9,compras,rodoviaria,False,True
TRIP00338,CUST0364,VEH0064,SYNTHETIC,2026-08-02,Thursday,16:41:00,Porto Alegre,Porto Alegre,Sul,Sul,9.4,16.1,compras,urban,False,False
TRIP00339,CUST0081,VEH0081,SYNTHETIC,2026-08-30,Friday,08:15:00,Belo Horizonte,Belo Horizonte,Sudeste,Sudeste,34.9,47.5,restaurante,urban,True,False
TRIP00340,CUST0147,VEH0047,SYNTHETIC,2026-08-21,Monday,18:21:00,São Paulo,São Paulo,Sudeste,Sudeste,15.0,28.4,rodoviária,urban,False,False
TRIP00341,CUST0458,VEH0058,SYNTHETIC,2026-09-19,Friday,16:46:00,Brasília,Brasília,Centro-Oeste,Centro-Oeste,25.7,20.8,família,urban,False,False
TRIP00342,CUST0477,VEH0077,SYNTHETIC,2026-07-20,Friday,14:22:00,Goiânia,Goiânia,Centro-Oeste,Centro-Oeste,22.3,34.6,viagem,urban,False,False
TRIP00343,CUST0361,VEH0061,SYNTHETIC,2026-06-22,Sunday,09:53:00,Curitiba,Curitiba,Sul,Sul,35.5,68.2,trabalho,urban,False,False
TRIP00344,CUST0449,VEH0049,SYNTHETIC,2026-09-18,Tuesday,10:54:00,Rio de Janeiro,Recife,Sudeste,Nordeste,352.6,502.3,família,rodoviaria,True,True
TRIP00345,CUST0458,VEH0058,SYNTHETIC,2026-09-20,Wednesday,20:48:00,Brasília,Brasília,Centro-Oeste,Centro-Oeste,35.0,45.6,lazer,urban,False,False
TRIP00346,CUST0431,VEH0031,SYNTHETIC,2026-07-17,Saturday,10:33:00,Rio de Janeiro,Rio de Janeiro,Sudeste,Sudeste,29.9,27.7,escola,urban,False,False
TRIP00347,CUST0049,VEH0049,SYNTHETIC,2026-06-08,Monday,10:28:00,Curitiba,Porto Alegre,Sul,Sul,394.5,467.3,família,rodoviaria,False,True
TRIP00348,CUST0039,VEH0039,SYNTHETIC,2026-06-23,Wednesday,22:15:00,Belo Horizonte,Belo Horizonte,Sudeste,Sudeste,18.0,27.2,família,urban,True,False
TRIP00349,CUST0278,VEH0078,SYNTHETIC,2026-09-22,Saturday,16:20:00,Belo Horizonte,Belo Horizonte,Sudeste,Sudeste,20.2,23.8,academia,urban,False,False
TRIP00350,CUST0488,VEH0088,SYNTHETIC,2026-09-05,Friday,13:24:00,Goiânia,Goiânia,Centro-Oeste,Centro-Oeste,9.5,9.0,viagem,urban,False,False
TRIP00351,CUST0294,VEH0094,SYNTHETIC,2026-07-04,Wednesday,15:59:00,Curitiba,Curitiba,Sul,Sul,26.8,34.6,obra,urban,True,False
TRIP00352,CUST0186,VEH0086,SYNTHETIC,2026-09-12,Tuesday,17:23:00,Curitiba,Curitiba,Sul,Sul,26.4,57.5,lazer,urban,True,False
TRIP00353,CUST0210,VEH0010,SYNTHETIC,2026-08-09,Tuesday,07:38:00,São Paulo,Fortaleza,Sudeste,Nordeste,277.3,354.8,escola,rodoviaria,False,True
TRIP00354,CUST0096,VEH0096,SYNTHETIC,2026-06-09,Thursday,18:56:00,Rio de Janeiro,Rio de Janeiro,Sudeste,Sudeste,4.7,6.1,escola,urban,False,False
TRIP00355,CUST0405,VEH0005,SYNTHETIC,2026-08-26,Friday,07:02:00,Belo Horizonte,Belo Horizonte,Sudeste,Sudeste,5.9,13.8,viagem,urban,False,False
TRIP00356,CUST0480,VEH0080,SYNTHETIC,2026-07-07,Tuesday,10:19:00,São Paulo,São Paulo,Sudeste,Sudeste,24.5,45.5,compras,urban,False,False
TRIP00357,CUST0452,VEH0052,SYNTHETIC,2026-09-05,Thursday,22:17:00,Florianópolis,Recife,Sul,Nordeste,374.1,660.9,família,rodoviaria,False,True
TRIP00358,CUST0120,VEH0020,SYNTHETIC,2026-07-07,Monday,18:12:00,Fortaleza,Fortaleza,Nordeste,Nordeste,41.2,52.7,cliente,intercity,False,False
TRIP00359,CUST0227,VEH0027,SYNTHETIC,2026-06-17,Friday,21:02:00,Campinas,Campinas,Sudeste,Sudeste,20.0,18.2,academia,urban,False,False
TRIP00360,CUST0227,VEH0027,SYNTHETIC,2026-08-15,Saturday,14:52:00,Campinas,Campinas,Sudeste,Sudeste,32.8,33.2,trabalho,urban,True,False
TRIP00361,CUST0096,VEH0096,SYNTHETIC,2026-08-28,Friday,10:57:00,Rio de Janeiro,Porto Alegre,Sudeste,Sul,226.2,219.5,lazer,rodoviaria,True,True
TRIP00362,CUST0474,VEH0074,SYNTHETIC,2026-07-14,Tuesday,19:23:00,Fortaleza,Fortaleza,Nordeste,Nordeste,15.9,29.2,obra,urban,False,False
TRIP00363,CUST0160,VEH0060,SYNTHETIC,2026-06-04,Thursday,21:40:00,Goiânia,Goiânia,Centro-Oeste,Centro-Oeste,14.4,13.3,compras,urban,False,False
TRIP00364,CUST0292,VEH0092,SYNTHETIC,2026-07-28,Thursday,22:48:00,Rio de Janeiro,Rio de Janeiro,Sudeste,Sudeste,14.6,16.9,trabalho,urban,True,False
TRIP00365,CUST0301,VEH0001,SYNTHETIC,2026-08-25,Wednesday,20:46:00,Salvador,Salvador,Nordeste,Nordeste,10.0,10.9,trabalho,urban,False,False
TRIP00366,CUST0426,VEH0026,SYNTHETIC,2026-07-03,Sunday,10:14:00,Fortaleza,Fortaleza,Nordeste,Nordeste,37.7,34.4,lazer,urban,True,False
TRIP00367,CUST0321,VEH0021,SYNTHETIC,2026-09-07,Sunday,16:03:00,Campinas,Porto Alegre,Sudeste,Sul,165.6,417.9,família,intercity,False,True
TRIP00368,CUST0496,VEH0096,SYNTHETIC,2026-07-27,Thursday,07:30:00,Recife,Recife,Nordeste,Nordeste,39.5,40.8,trabalho,urban,False,False
TRIP00369,CUST0493,VEH0093,SYNTHETIC,2026-06-12,Wednesday,09:58:00,Campinas,Campinas,Sudeste,Sudeste,8.6,7.7,escola,urban,False,False
TRIP00370,CUST0107,VEH0007,SYNTHETIC,2026-06-13,Saturday,10:27:00,Salvador,Florianópolis,Nordeste,Sul,370.2,544.0,família,rodoviaria,False,True
TRIP00371,CUST0115,VEH0015,SYNTHETIC,2026-07-26,Friday,15:33:00,Salvador,Salvador,Nordeste,Nordeste,19.2,22.9,escola,urban,False,False
TRIP00372,CUST0201,VEH0001,SYNTHETIC,2026-10-01,Wednesday,09:27:00,São Paulo,Recife,Sudeste,Nordeste,302.3,323.0,cliente,rodoviaria,False,True
TRIP00373,CUST0366,VEH0066,SYNTHETIC,2026-07-27,Friday,08:00:00,Goiânia,Goiânia,Centro-Oeste,Centro-Oeste,44.0,51.1,família,intercity,False,False
TRIP00374,CUST0037,VEH0037,SYNTHETIC,2026-09-11,Wednesday,09:36:00,Belo Horizonte,Belo Horizonte,Sudeste,Sudeste,12.8,11.1,lazer,urban,False,False
TRIP00375,CUST0103,VEH0003,SYNTHETIC,2026-06-30,Friday,18:24:00,Porto Alegre,Porto Alegre,Sul,Sul,21.8,20.1,rodoviária,urban,False,False
TRIP00376,CUST0152,VEH0052,SYNTHETIC,2026-09-19,Sunday,20:10:00,Recife,Recife,Nordeste,Nordeste,6.2,7.1,cliente,urban,False,False
TRIP00377,CUST0436,VEH0036,SYNTHETIC,2026-06-12,Sunday,21:20:00,São Paulo,São Paulo,Sudeste,Sudeste,29.0,37.7,família,urban,False,False
TRIP00378,CUST0457,VEH0057,SYNTHETIC,2026-07-14,Wednesday,10:06:00,São Paulo,São Paulo,Sudeste,Sudeste,20.2,24.7,viagem,urban,True,False
TRIP00379,CUST0268,VEH0068,SYNTHETIC,2026-09-01,Tuesday,19:57:00,Curitiba,Curitiba,Sul,Sul,36.7,32.7,academia,urban,False,False
TRIP00380,CUST0057,VEH0057,SYNTHETIC,2026-09-14,Thursday,07:58:00,Brasília,Brasília,Centro-Oeste,Centro-Oeste,10.5,23.7,viagem,urban,False,False
TRIP00381,CUST0445,VEH0045,SYNTHETIC,2026-09-20,Wednesday,14:12:00,Recife,Fortaleza,Nordeste,Nordeste,264.2,688.6,trabalho,rodoviaria,False,True
TRIP00382,CUST0153,VEH0053,SYNTHETIC,2026-08-18,Tuesday,07:39:00,Belo Horizonte,Belo Horizonte,Sudeste,Sudeste,9.2,9.7,rodoviária,urban,True,False
TRIP00383,CUST0490,VEH0090,SYNTHETIC,2026-07-19,Tuesday,07:43:00,Brasília,Brasília,Centro-Oeste,Centro-Oeste,23.1,20.5,trabalho,urban,False,False
TRIP00384,CUST0213,VEH0013,SYNTHETIC,2026-06-14,Friday,12:48:00,Florianópolis,Florianópolis,Sul,Sul,3.1,6.7,obra,urban,False,False
TRIP00385,CUST0034,VEH0034,SYNTHETIC,2026-08-27,Friday,14:49:00,Salvador,Salvador,Nordeste,Nordeste,20.2,37.4,reunião,urban,True,False
TRIP00386,CUST0076,VEH0076,SYNTHETIC,2026-07-09,Friday,21:42:00,Goiânia,Goiânia,Centro-Oeste,Centro-Oeste,17.8,19.3,lazer,urban,False,False
TRIP00387,CUST0097,VEH0097,SYNTHETIC,2026-07-15,Saturday,06:38:00,Salvador,São Paulo,Nordeste,Sudeste,301.8,306.0,academia,rodoviaria,False,True
TRIP00388,CUST0207,VEH0007,SYNTHETIC,2026-06-30,Tuesday,08:06:00,Brasília,Fortaleza,Centro-Oeste,Nordeste,74.9,125.9,aeroporto,intercity,False,False
TRIP00389,CUST0026,VEH0026,SYNTHETIC,2026-06-16,Thursday,15:26:00,São Paulo,São Paulo,Sudeste,Sudeste,36.9,79.6,trabalho,urban,False,False
TRIP00390,CUST0457,VEH0057,SYNTHETIC,2026-07-18,Friday,11:15:00,São Paulo,São Paulo,Sudeste,Sudeste,42.6,38.5,rodoviária,intercity,False,False
TRIP00391,CUST0113,VEH0013,SYNTHETIC,2026-06-30,Sunday,10:13:00,Brasília,Brasília,Centro-Oeste,Centro-Oeste,18.7,19.3,trabalho,urban,False,False
TRIP00392,CUST0349,VEH0049,SYNTHETIC,2026-06-30,Monday,18:17:00,Brasília,Brasília,Centro-Oeste,Centro-Oeste,7.6,13.5,trabalho,urban,False,False
TRIP00393,CUST0213,VEH0013,SYNTHETIC,2026-08-08,Thursday,20:09:00,Florianópolis,Florianópolis,Sul,Sul,21.1,19.0,cliente,urban,False,False
TRIP00394,CUST0452,VEH0052,SYNTHETIC,2026-09-21,Tuesday,07:58:00,Florianópolis,Campinas,Sul,Sudeste,369.4,423.4,família,rodoviaria,False,True
TRIP00395,CUST0334,VEH0034,SYNTHETIC,2026-08-21,Wednesday,07:21:00,Goiânia,Curitiba,Centro-Oeste,Sul,373.3,451.0,academia,rodoviaria,True,True
TRIP00396,CUST0013,VEH0013,SYNTHETIC,2026-08-28,Sunday,08:16:00,Florianópolis,Florianópolis,Sul,Sul,13.7,13.8,aeroporto,urban,True,False
TRIP00397,CUST0193,VEH0093,SYNTHETIC,2026-07-14,Monday,19:09:00,Porto Alegre,Salvador,Sul,Nordeste,160.2,326.3,obra,intercity,False,True
TRIP00398,CUST0312,VEH0012,SYNTHETIC,2026-06-27,Tuesday,11:47:00,Belo Horizonte,Belo Horizonte,Sudeste,Sudeste,37.5,40.0,obra,urban,False,False
TRIP00399,CUST0500,VEH0100,SYNTHETIC,2026-09-13,Wednesday,17:22:00,São Paulo,São Paulo,Sudeste,Sudeste,38.3,65.2,lazer,urban,True,False
TRIP00400,CUST0255,VEH0055,SYNTHETIC,2026-09-11,Saturday,16:07:00,Florianópolis,Campinas,Sul,Sudeste,348.8,603.0,restaurante,rodoviaria,False,True
TRIP00401,CUST0472,VEH0072,SYNTHETIC,2026-07-14,Friday,10:15:00,Porto Alegre,Porto Alegre,Sul,Sul,17.7,27.8,trabalho,urban,False,False
TRIP00402,CUST0064,VEH0064,SYNTHETIC,2026-06-17,Sunday,22:04:00,Salvador,São Paulo,Nordeste,Sudeste,196.6,198.1,trabalho,rodoviaria,False,True
TRIP00403,CUST0455,VEH0055,SYNTHETIC,2026-07-08,Friday,18:44:00,Goiânia,Goiânia,Centro-Oeste,Centro-Oeste,30.7,59.3,trabalho,urban,False,False
TRIP00404,CUST0354,VEH0054,SYNTHETIC,2026-07-03,Sunday,18:38:00,Brasília,Florianópolis,Centro-Oeste,Sul,340.3,620.3,trabalho,rodoviaria,False,True
TRIP00405,CUST0262,VEH0062,SYNTHETIC,2026-07-17,Saturday,12:13:00,Rio de Janeiro,Curitiba,Sudeste,Sul,259.3,730.3,aeroporto,rodoviaria,False,True
TRIP00406,CUST0188,VEH0088,SYNTHETIC,2026-08-24,Thursday,06:56:00,Porto Alegre,Porto Alegre,Sul,Sul,16.1,18.5,lazer,urban,True,False
TRIP00407,CUST0252,VEH0052,SYNTHETIC,2026-07-05,Friday,19:24:00,Salvador,Salvador,Nordeste,Nordeste,16.4,24.9,aeroporto,urban,False,False
TRIP00408,CUST0079,VEH0079,SYNTHETIC,2026-09-19,Saturday,18:20:00,Florianópolis,Curitiba,Sul,Sul,337.2,786.4,lazer,rodoviaria,True,True
TRIP00409,CUST0301,VEH0001,SYNTHETIC,2026-09-06,Wednesday,11:03:00,Salvador,Salvador,Nordeste,Nordeste,32.5,44.0,academia,urban,False,False
TRIP00410,CUST0081,VEH0081,SYNTHETIC,2026-09-13,Wednesday,14:04:00,Belo Horizonte,Curitiba,Sudeste,Sul,237.2,778.4,viagem,rodoviaria,False,True
TRIP00411,CUST0277,VEH0077,SYNTHETIC,2026-09-08,Saturday,20:18:00,Fortaleza,São Paulo,Nordeste,Sudeste,292.0,561.0,cliente,rodoviaria,True,True
TRIP00412,CUST0176,VEH0076,SYNTHETIC,2026-09-02,Sunday,18:39:00,Florianópolis,Florianópolis,Sul,Sul,17.3,16.4,compras,urban,False,False
TRIP00413,CUST0053,VEH0053,SYNTHETIC,2026-06-03,Monday,11:34:00,Brasília,Brasília,Centro-Oeste,Centro-Oeste,26.9,24.1,aeroporto,urban,False,False
TRIP00414,CUST0020,VEH0020,SYNTHETIC,2026-09-29,Friday,15:58:00,Belo Horizonte,Belo Horizonte,Sudeste,Sudeste,36.3,59.8,entrega,urban,False,False
TRIP00415,CUST0359,VEH0059,SYNTHETIC,2026-08-19,Thursday,22:43:00,Belo Horizonte,Brasília,Sudeste,Centro-Oeste,277.0,307.2,lazer,rodoviaria,True,True
TRIP00416,CUST0048,VEH0048,SYNTHETIC,2026-09-14,Saturday,15:42:00,Recife,Recife,Nordeste,Nordeste,33.1,27.9,lazer,urban,True,False
TRIP00417,CUST0318,VEH0018,SYNTHETIC,2026-06-11,Thursday,17:41:00,Brasília,Brasília,Centro-Oeste,Centro-Oeste,33.3,45.8,rodoviária,urban,True,False
TRIP00418,CUST0454,VEH0054,SYNTHETIC,2026-06-24,Thursday,16:35:00,Fortaleza,Fortaleza,Nordeste,Nordeste,5.0,5.0,trabalho,urban,False,False
TRIP00419,CUST0140,VEH0040,SYNTHETIC,2026-07-24,Monday,13:30:00,Brasília,Florianópolis,Centro-Oeste,Sul,327.1,342.3,família,rodoviaria,False,True
TRIP00420,CUST0232,VEH0032,SYNTHETIC,2026-06-30,Wednesday,14:04:00,Curitiba,Curitiba,Sul,Sul,9.9,8.3,família,urban,False,False
TRIP00421,CUST0114,VEH0014,SYNTHETIC,2026-07-01,Thursday,09:03:00,Campinas,Campinas,Sudeste,Sudeste,43.6,80.6,família,intercity,False,False
TRIP00422,CUST0459,VEH0059,SYNTHETIC,2026-06-10,Sunday,19:09:00,Campinas,Campinas,Sudeste,Sudeste,10.5,11.0,cliente,urban,False,False
TRIP00423,CUST0133,VEH0033,SYNTHETIC,2026-06-26,Friday,06:27:00,Porto Alegre,Porto Alegre,Sul,Sul,14.7,13.3,cliente,urban,False,False
TRIP00424,CUST0187,VEH0087,SYNTHETIC,2026-09-14,Wednesday,13:27:00,Rio de Janeiro,São Paulo,Sudeste,Sudeste,206.9,331.8,aeroporto,rodoviaria,False,True
TRIP00425,CUST0171,VEH0071,SYNTHETIC,2026-06-10,Thursday,16:42:00,Rio de Janeiro,Rio de Janeiro,Sudeste,Sudeste,21.7,18.1,trabalho,urban,True,False
TRIP00426,CUST0084,VEH0084,SYNTHETIC,2026-06-16,Thursday,07:20:00,Fortaleza,Fortaleza,Nordeste,Nordeste,38.1,33.4,compras,urban,False,False
TRIP00427,CUST0480,VEH0080,SYNTHETIC,2026-07-13,Tuesday,06:56:00,São Paulo,Florianópolis,Sudeste,Sul,294.0,498.5,escola,rodoviaria,False,True
TRIP00428,CUST0081,VEH0081,SYNTHETIC,2026-07-16,Wednesday,06:45:00,Belo Horizonte,Belo Horizonte,Sudeste,Sudeste,21.9,26.9,família,urban,False,False
TRIP00429,CUST0181,VEH0081,SYNTHETIC,2026-08-24,Friday,15:16:00,Fortaleza,Fortaleza,Nordeste,Nordeste,37.2,66.8,academia,urban,False,False
TRIP00430,CUST0353,VEH0053,SYNTHETIC,2026-07-26,Thursday,21:04:00,Porto Alegre,Salvador,Sul,Nordeste,49.7,133.5,família,intercity,False,False
TRIP00431,CUST0268,VEH0068,SYNTHETIC,2026-06-16,Saturday,12:59:00,Curitiba,Curitiba,Sul,Sul,37.0,41.0,compras,urban,False,False
TRIP00432,CUST0098,VEH0098,SYNTHETIC,2026-09-14,Monday,21:53:00,Brasília,Brasília,Centro-Oeste,Centro-Oeste,17.0,17.1,aeroporto,urban,True,False
TRIP00433,CUST0415,VEH0015,SYNTHETIC,2026-08-03,Friday,07:50:00,Porto Alegre,Recife,Sul,Nordeste,143.6,166.3,trabalho,intercity,False,False
TRIP00434,CUST0445,VEH0045,SYNTHETIC,2026-09-17,Sunday,08:35:00,Recife,Recife,Nordeste,Nordeste,43.4,48.8,família,intercity,False,False
TRIP00435,CUST0067,VEH0067,SYNTHETIC,2026-09-07,Tuesday,16:53:00,Fortaleza,Campinas,Nordeste,Sudeste,167.5,461.0,compras,intercity,False,True
TRIP00436,CUST0140,VEH0040,SYNTHETIC,2026-07-24,Friday,13:15:00,Brasília,Porto Alegre,Centro-Oeste,Sul,407.8,447.7,academia,rodoviaria,False,True
TRIP00437,CUST0108,VEH0008,SYNTHETIC,2026-08-21,Tuesday,12:47:00,Campinas,Campinas,Sudeste,Sudeste,24.9,25.6,família,urban,False,False
TRIP00438,CUST0427,VEH0027,SYNTHETIC,2026-07-21,Wednesday,22:47:00,Curitiba,Curitiba,Sul,Sul,9.8,10.7,trabalho,urban,False,False
TRIP00439,CUST0489,VEH0089,SYNTHETIC,2026-08-10,Wednesday,16:31:00,Brasília,Brasília,Centro-Oeste,Centro-Oeste,3.5,7.4,restaurante,urban,False,False
TRIP00440,CUST0155,VEH0055,SYNTHETIC,2026-08-03,Wednesday,07:02:00,Salvador,Rio de Janeiro,Nordeste,Sudeste,218.5,583.6,restaurante,rodoviaria,False,True
TRIP00441,CUST0031,VEH0031,SYNTHETIC,2026-07-24,Saturday,07:57:00,Brasília,Brasília,Centro-Oeste,Centro-Oeste,8.9,7.3,trabalho,urban,False,False
TRIP00442,CUST0318,VEH0018,SYNTHETIC,2026-07-12,Tuesday,20:42:00,Brasília,Brasília,Centro-Oeste,Centro-Oeste,29.4,38.3,cliente,urban,False,False
TRIP00443,CUST0396,VEH0096,SYNTHETIC,2026-06-24,Wednesday,22:28:00,Rio de Janeiro,Rio de Janeiro,Sudeste,Sudeste,40.1,92.7,compras,intercity,True,False
TRIP00444,CUST0125,VEH0025,SYNTHETIC,2026-06-06,Monday,20:17:00,Campinas,Campinas,Sudeste,Sudeste,11.4,14.7,trabalho,urban,True,False
TRIP00445,CUST0378,VEH0078,SYNTHETIC,2026-07-19,Thursday,06:57:00,Florianópolis,Florianópolis,Sul,Sul,26.7,24.9,lazer,urban,False,False
TRIP00446,CUST0052,VEH0052,SYNTHETIC,2026-09-10,Thursday,21:52:00,Fortaleza,Belo Horizonte,Nordeste,Sudeste,319.4,459.6,família,rodoviaria,False,True
TRIP00447,CUST0189,VEH0089,SYNTHETIC,2026-09-14,Tuesday,06:04:00,Fortaleza,Fortaleza,Nordeste,Nordeste,14.9,23.8,lazer,urban,False,False
TRIP00448,CUST0423,VEH0023,SYNTHETIC,2026-06-13,Thursday,08:01:00,Belo Horizonte,Belo Horizonte,Sudeste,Sudeste,24.3,27.7,família,urban,True,False
TRIP00449,CUST0316,VEH0016,SYNTHETIC,2026-09-11,Thursday,16:49:00,Curitiba,Curitiba,Sul,Sul,6.4,5.1,restaurante,urban,True,False
TRIP00450,CUST0474,VEH0074,SYNTHETIC,2026-08-30,Saturday,22:22:00,Fortaleza,Fortaleza,Nordeste,Nordeste,17.3,14.3,obra,urban,False,False
TRIP00451,CUST0291,VEH0091,SYNTHETIC,2026-09-06,Wednesday,08:46:00,São Paulo,São Paulo,Sudeste,Sudeste,44.1,47.0,aeroporto,intercity,True,False
TRIP00452,CUST0187,VEH0087,SYNTHETIC,2026-09-04,Sunday,11:02:00,Rio de Janeiro,Goiânia,Sudeste,Centro-Oeste,360.6,420.0,cliente,rodoviaria,True,True
TRIP00453,CUST0242,VEH0042,SYNTHETIC,2026-08-17,Thursday,13:04:00,Belo Horizonte,Belo Horizonte,Sudeste,Sudeste,27.5,42.8,família,urban,True,False
TRIP00454,CUST0430,VEH0030,SYNTHETIC,2026-06-14,Wednesday,18:42:00,Curitiba,Curitiba,Sul,Sul,31.0,39.0,entrega,urban,False,False
TRIP00455,CUST0375,VEH0075,SYNTHETIC,2026-07-10,Monday,08:45:00,Rio de Janeiro,Brasília,Sudeste,Centro-Oeste,94.4,159.0,academia,intercity,False,False
TRIP00456,CUST0051,VEH0051,SYNTHETIC,2026-06-14,Sunday,20:44:00,Campinas,Campinas,Sudeste,Sudeste,39.6,64.7,família,urban,False,False
TRIP00457,CUST0467,VEH0067,SYNTHETIC,2026-06-04,Monday,22:29:00,Belo Horizonte,Belo Horizonte,Sudeste,Sudeste,40.9,33.8,cliente,intercity,False,False
TRIP00458,CUST0288,VEH0088,SYNTHETIC,2026-09-19,Friday,16:01:00,Goiânia,Recife,Centro-Oeste,Nordeste,357.8,592.3,restaurante,rodoviaria,False,True
TRIP00459,CUST0153,VEH0053,SYNTHETIC,2026-07-25,Saturday,12:13:00,Belo Horizonte,Belo Horizonte,Sudeste,Sudeste,16.5,24.3,viagem,urban,False,False
TRIP00460,CUST0092,VEH0092,SYNTHETIC,2026-08-19,Saturday,12:30:00,Brasília,São Paulo,Centro-Oeste,Sudeste,395.6,467.8,família,rodoviaria,True,True
TRIP00461,CUST0159,VEH0059,SYNTHETIC,2026-07-21,Friday,07:31:00,Brasília,Brasília,Centro-Oeste,Centro-Oeste,15.5,22.4,compras,urban,False,False
TRIP00462,CUST0043,VEH0043,SYNTHETIC,2026-09-21,Friday,21:07:00,Salvador,Salvador,Nordeste,Nordeste,10.2,10.1,trabalho,urban,False,False
TRIP00463,CUST0157,VEH0057,SYNTHETIC,2026-06-18,Sunday,07:15:00,Rio de Janeiro,Rio de Janeiro,Sudeste,Sudeste,17.3,22.9,lazer,urban,False,False
TRIP00464,CUST0335,VEH0035,SYNTHETIC,2026-06-22,Thursday,19:22:00,Rio de Janeiro,Rio de Janeiro,Sudeste,Sudeste,3.3,3.8,rodoviária,urban,False,False
TRIP00465,CUST0081,VEH0081,SYNTHETIC,2026-06-08,Thursday,15:52:00,Belo Horizonte,Rio de Janeiro,Sudeste,Sudeste,357.6,945.8,lazer,rodoviaria,False,True
TRIP00466,CUST0081,VEH0081,SYNTHETIC,2026-09-25,Wednesday,15:04:00,Belo Horizonte,Belo Horizonte,Sudeste,Sudeste,44.2,53.0,família,intercity,False,False
TRIP00467,CUST0248,VEH0048,SYNTHETIC,2026-07-26,Monday,13:20:00,Campinas,Porto Alegre,Sudeste,Sul,52.5,110.3,família,intercity,False,False
TRIP00468,CUST0075,VEH0075,SYNTHETIC,2026-08-23,Thursday,18:14:00,Campinas,Salvador,Sudeste,Nordeste,129.8,170.5,compras,intercity,True,False
TRIP00469,CUST0065,VEH0065,SYNTHETIC,2026-08-07,Thursday,10:41:00,Rio de Janeiro,Rio de Janeiro,Sudeste,Sudeste,34.0,77.5,entrega,urban,False,False
TRIP00470,CUST0323,VEH0023,SYNTHETIC,2026-08-08,Sunday,21:08:00,Salvador,Salvador,Nordeste,Nordeste,7.8,6.7,compras,urban,False,False
TRIP00471,CUST0235,VEH0035,SYNTHETIC,2026-09-09,Tuesday,12:36:00,Belo Horizonte,Belo Horizonte,Sudeste,Sudeste,23.8,38.0,restaurante,urban,True,False
TRIP00472,CUST0253,VEH0053,SYNTHETIC,2026-09-24,Wednesday,06:06:00,Rio de Janeiro,Rio de Janeiro,Sudeste,Sudeste,19.9,38.5,família,urban,False,False
TRIP00473,CUST0179,VEH0079,SYNTHETIC,2026-08-09,Monday,07:56:00,Recife,Recife,Nordeste,Nordeste,38.5,64.2,família,urban,False,False
TRIP00474,CUST0235,VEH0035,SYNTHETIC,2026-07-22,Thursday,06:00:00,Belo Horizonte,Brasília,Sudeste,Centro-Oeste,161.6,222.9,lazer,intercity,False,True
TRIP00475,CUST0014,VEH0014,SYNTHETIC,2026-08-04,Friday,22:46:00,Belo Horizonte,Salvador,Sudeste,Nordeste,52.8,63.2,família,intercity,False,False
TRIP00476,CUST0227,VEH0027,SYNTHETIC,2026-06-09,Wednesday,16:02:00,Campinas,Campinas,Sudeste,Sudeste,43.4,65.4,compras,intercity,True,False
TRIP00477,CUST0101,VEH0001,SYNTHETIC,2026-09-20,Sunday,12:35:00,Campinas,Campinas,Sudeste,Sudeste,9.8,22.4,trabalho,urban,False,False
TRIP00478,CUST0286,VEH0086,SYNTHETIC,2026-07-23,Sunday,15:31:00,Salvador,Brasília,Nordeste,Centro-Oeste,51.4,75.3,família,intercity,False,False
TRIP00479,CUST0113,VEH0013,SYNTHETIC,2026-07-16,Tuesday,18:56:00,Brasília,São Paulo,Centro-Oeste,Sudeste,182.3,446.2,família,rodoviaria,False,True
TRIP00480,CUST0436,VEH0036,SYNTHETIC,2026-09-19,Friday,10:21:00,São Paulo,São Paulo,Sudeste,Sudeste,29.4,26.7,restaurante,urban,False,False
TRIP00481,CUST0158,VEH0058,SYNTHETIC,2026-08-05,Sunday,17:22:00,Curitiba,Curitiba,Sul,Sul,32.6,26.8,compras,urban,False,False
TRIP00482,CUST0404,VEH0004,SYNTHETIC,2026-07-05,Wednesday,06:59:00,São Paulo,São Paulo,Sudeste,Sudeste,12.6,16.2,compras,urban,True,False
TRIP00483,CUST0097,VEH0097,SYNTHETIC,2026-06-12,Wednesday,21:16:00,Salvador,Salvador,Nordeste,Nordeste,37.2,39.2,academia,urban,False,False
TRIP00484,CUST0293,VEH0093,SYNTHETIC,2026-09-14,Sunday,06:59:00,Porto Alegre,Porto Alegre,Sul,Sul,8.6,15.0,rodoviária,urban,True,False
TRIP00485,CUST0396,VEH0096,SYNTHETIC,2026-07-10,Sunday,06:44:00,Rio de Janeiro,Fortaleza,Sudeste,Nordeste,324.2,390.8,compras,rodoviaria,False,True
TRIP00486,CUST0408,VEH0008,SYNTHETIC,2026-09-24,Tuesday,19:27:00,Brasília,Rio de Janeiro,Centro-Oeste,Sudeste,418.3,1281.5,família,rodoviaria,True,True
TRIP00487,CUST0387,VEH0087,SYNTHETIC,2026-06-26,Thursday,06:37:00,Recife,Recife,Nordeste,Nordeste,15.1,13.8,cliente,urban,False,False
TRIP00488,CUST0352,VEH0052,SYNTHETIC,2026-09-07,Thursday,10:42:00,Curitiba,Curitiba,Sul,Sul,17.2,27.8,cliente,urban,False,False
TRIP00489,CUST0106,VEH0006,SYNTHETIC,2026-08-20,Friday,10:45:00,Salvador,Salvador,Nordeste,Nordeste,33.7,65.6,família,urban,False,False
TRIP00490,CUST0440,VEH0040,SYNTHETIC,2026-09-03,Saturday,06:25:00,Recife,Florianópolis,Nordeste,Sul,294.3,324.5,trabalho,rodoviaria,False,True
TRIP00491,CUST0495,VEH0095,SYNTHETIC,2026-06-07,Friday,11:03:00,Recife,Recife,Nordeste,Nordeste,43.1,41.8,reunião,intercity,True,False
TRIP00492,CUST0298,VEH0098,SYNTHETIC,2026-08-22,Wednesday,09:21:00,Belo Horizonte,Belo Horizonte,Sudeste,Sudeste,24.9,21.2,família,urban,False,False
TRIP00493,CUST0396,VEH0096,SYNTHETIC,2026-06-05,Wednesday,06:07:00,Rio de Janeiro,Rio de Janeiro,Sudeste,Sudeste,11.4,9.8,compras,urban,False,False
TRIP00494,CUST0377,VEH0077,SYNTHETIC,2026-06-11,Thursday,18:38:00,Salvador,Brasília,Nordeste,Centro-Oeste,334.9,578.2,academia,rodoviaria,False,True
TRIP00495,CUST0242,VEH0042,SYNTHETIC,2026-07-08,Monday,13:14:00,Belo Horizonte,Belo Horizonte,Sudeste,Sudeste,13.2,13.5,viagem,urban,False,False
TRIP00496,CUST0298,VEH0098,SYNTHETIC,2026-07-17,Friday,16:31:00,Belo Horizonte,Campinas,Sudeste,Sudeste,206.9,331.6,família,rodoviaria,False,True
TRIP00497,CUST0037,VEH0037,SYNTHETIC,2026-08-28,Wednesday,08:00:00,Belo Horizonte,Belo Horizonte,Sudeste,Sudeste,6.2,7.1,compras,urban,False,False
TRIP00498,CUST0386,VEH0086,SYNTHETIC,2026-09-21,Friday,06:44:00,Goiânia,Goiânia,Centro-Oeste,Centro-Oeste,24.7,21.4,lazer,urban,True,False
TRIP00499,CUST0248,VEH0048,SYNTHETIC,2026-08-02,Sunday,06:39:00,Campinas,Campinas,Sudeste,Sudeste,23.3,21.6,academia,urban,False,False
TRIP00500,CUST0073,VEH0073,SYNTHETIC,2026-09-06,Tuesday,21:01:00,Curitiba,Curitiba,Sul,Sul,11.5,18.5,compras,urban,False,False
TRIP00501,CUST0206,VEH0006,SYNTHETIC,2026-06-07,Sunday,20:38:00,São Paulo,Florianópolis,Sudeste,Sul,63.8,168.4,escola,intercity,True,False
TRIP00502,CUST0451,VEH0051,SYNTHETIC,2026-07-03,Tuesday,22:41:00,Fortaleza,Fortaleza,Nordeste,Nordeste,18.4,17.3,trabalho,urban,False,False
TRIP00503,CUST0073,VEH0073,SYNTHETIC,2026-06-03,Wednesday,18:43:00,Curitiba,Curitiba,Sul,Sul,28.3,47.5,família,urban,False,False
TRIP00504,CUST0096,VEH0096,SYNTHETIC,2026-06-21,Tuesday,07:16:00,Rio de Janeiro,Campinas,Sudeste,Sudeste,318.2,518.4,escola,rodoviaria,False,True
TRIP00505,CUST0387,VEH0087,SYNTHETIC,2026-08-30,Wednesday,19:19:00,Recife,Recife,Nordeste,Nordeste,35.6,59.1,rodoviária,urban,True,False
TRIP00506,CUST0129,VEH0029,SYNTHETIC,2026-07-15,Friday,15:24:00,Salvador,Belo Horizonte,Nordeste,Sudeste,362.6,751.7,trabalho,rodoviaria,True,True
TRIP00507,CUST0305,VEH0005,SYNTHETIC,2026-07-11,Wednesday,11:48:00,Salvador,Goiânia,Nordeste,Centro-Oeste,228.9,390.7,reunião,rodoviaria,False,True
TRIP00508,CUST0379,VEH0079,SYNTHETIC,2026-07-04,Wednesday,21:44:00,Salvador,Salvador,Nordeste,Nordeste,4.0,6.9,cliente,urban,True,False
TRIP00509,CUST0012,VEH0012,SYNTHETIC,2026-08-21,Wednesday,06:54:00,Porto Alegre,Porto Alegre,Sul,Sul,22.2,29.4,trabalho,urban,False,False
TRIP00510,CUST0219,VEH0019,SYNTHETIC,2026-07-06,Thursday,12:18:00,Recife,Recife,Nordeste,Nordeste,8.6,18.0,rodoviária,urban,True,False
TRIP00511,CUST0078,VEH0078,SYNTHETIC,2026-08-04,Sunday,21:22:00,Campinas,Goiânia,Sudeste,Centro-Oeste,193.0,319.8,família,rodoviaria,False,True
TRIP00512,CUST0154,VEH0054,SYNTHETIC,2026-08-14,Saturday,20:47:00,Campinas,Curitiba,Sudeste,Sul,304.9,324.9,família,rodoviaria,False,True
TRIP00513,CUST0204,VEH0004,SYNTHETIC,2026-07-23,Thursday,19:57:00,Brasília,Brasília,Centro-Oeste,Centro-Oeste,26.9,27.5,família,urban,True,False
TRIP00514,CUST0094,VEH0094,SYNTHETIC,2026-07-30,Friday,14:31:00,Campinas,Campinas,Sudeste,Sudeste,3.2,2.6,família,urban,False,False
TRIP00515,CUST0435,VEH0035,SYNTHETIC,2026-08-18,Friday,14:58:00,Brasília,Brasília,Centro-Oeste,Centro-Oeste,43.7,94.2,cliente,intercity,False,False
TRIP00516,CUST0404,VEH0004,SYNTHETIC,2026-06-28,Monday,11:38:00,São Paulo,São Paulo,Sudeste,Sudeste,30.0,42.4,trabalho,urban,True,False
TRIP00517,CUST0178,VEH0078,SYNTHETIC,2026-08-04,Tuesday,11:42:00,Rio de Janeiro,Rio de Janeiro,Sudeste,Sudeste,21.0,22.6,trabalho,urban,False,False
TRIP00518,CUST0208,VEH0008,SYNTHETIC,2026-09-03,Friday,14:57:00,Recife,Fortaleza,Nordeste,Nordeste,250.8,415.3,rodoviária,rodoviaria,False,True
TRIP00519,CUST0299,VEH0099,SYNTHETIC,2026-07-22,Thursday,10:24:00,Porto Alegre,Porto Alegre,Sul,Sul,33.7,35.9,trabalho,urban,False,False
TRIP00520,CUST0104,VEH0004,SYNTHETIC,2026-08-22,Tuesday,14:47:00,Fortaleza,Fortaleza,Nordeste,Nordeste,39.5,33.5,trabalho,urban,False,False
TRIP00521,CUST0353,VEH0053,SYNTHETIC,2026-09-22,Sunday,16:11:00,Porto Alegre,Porto Alegre,Sul,Sul,21.9,45.3,família,urban,True,False
TRIP00522,CUST0038,VEH0038,SYNTHETIC,2026-06-12,Tuesday,21:26:00,Recife,Recife,Nordeste,Nordeste,4.0,3.3,viagem,urban,False,False
TRIP00523,CUST0347,VEH0047,SYNTHETIC,2026-07-25,Wednesday,20:46:00,Curitiba,Fortaleza,Sul,Nordeste,401.6,603.3,compras,rodoviaria,False,True
TRIP00524,CUST0394,VEH0094,SYNTHETIC,2026-06-15,Wednesday,22:09:00,São Paulo,Curitiba,Sudeste,Sul,48.6,136.7,trabalho,intercity,False,False
TRIP00525,CUST0136,VEH0036,SYNTHETIC,2026-09-19,Sunday,19:39:00,Campinas,Goiânia,Sudeste,Centro-Oeste,203.7,311.5,família,rodoviaria,False,True
TRIP00526,CUST0149,VEH0049,SYNTHETIC,2026-09-16,Tuesday,12:02:00,Belo Horizonte,Belo Horizonte,Sudeste,Sudeste,13.2,16.6,cliente,urban,False,False
TRIP00527,CUST0225,VEH0025,SYNTHETIC,2026-08-04,Thursday,08:12:00,Goiânia,Goiânia,Centro-Oeste,Centro-Oeste,44.4,98.6,lazer,intercity,False,False
TRIP00528,CUST0127,VEH0027,SYNTHETIC,2026-06-22,Thursday,14:48:00,Florianópolis,Brasília,Sul,Centro-Oeste,143.9,139.8,compras,intercity,False,False
TRIP00529,CUST0418,VEH0018,SYNTHETIC,2026-09-14,Sunday,06:03:00,Salvador,Salvador,Nordeste,Nordeste,25.5,45.3,academia,urban,False,False
TRIP00530,CUST0084,VEH0084,SYNTHETIC,2026-08-04,Friday,06:53:00,Fortaleza,Fortaleza,Nordeste,Nordeste,6.0,5.0,compras,urban,False,False
TRIP00531,CUST0160,VEH0060,SYNTHETIC,2026-08-17,Thursday,07:43:00,Goiânia,Goiânia,Centro-Oeste,Centro-Oeste,19.8,46.6,família,urban,True,False
TRIP00532,CUST0420,VEH0020,SYNTHETIC,2026-08-04,Friday,22:02:00,Curitiba,Curitiba,Sul,Sul,44.8,103.4,escola,intercity,False,False
TRIP00533,CUST0052,VEH0052,SYNTHETIC,2026-09-22,Thursday,18:02:00,Fortaleza,Fortaleza,Nordeste,Nordeste,40.0,68.9,lazer,urban,True,False
TRIP00534,CUST0272,VEH0072,SYNTHETIC,2026-06-13,Tuesday,16:50:00,Salvador,São Paulo,Nordeste,Sudeste,184.3,241.9,família,rodoviaria,True,True
TRIP00535,CUST0024,VEH0024,SYNTHETIC,2026-09-07,Thursday,07:50:00,Belo Horizonte,Belo Horizonte,Sudeste,Sudeste,16.7,19.9,compras,urban,True,False
TRIP00536,CUST0308,VEH0008,SYNTHETIC,2026-07-17,Sunday,15:16:00,Recife,Recife,Nordeste,Nordeste,8.9,8.1,entrega,urban,False,False
TRIP00537,CUST0145,VEH0045,SYNTHETIC,2026-08-31,Tuesday,17:10:00,Curitiba,Curitiba,Sul,Sul,4.2,5.1,trabalho,urban,False,False
TRIP00538,CUST0293,VEH0093,SYNTHETIC,2026-09-02,Friday,17:12:00,Porto Alegre,Porto Alegre,Sul,Sul,20.4,35.2,viagem,urban,False,False
TRIP00539,CUST0065,VEH0065,SYNTHETIC,2026-07-22,Sunday,17:25:00,Rio de Janeiro,Rio de Janeiro,Sudeste,Sudeste,7.7,15.9,obra,urban,True,False
TRIP00540,CUST0279,VEH0079,SYNTHETIC,2026-06-25,Friday,20:35:00,Brasília,Brasília,Centro-Oeste,Centro-Oeste,41.8,49.2,compras,intercity,False,False
TRIP00541,CUST0263,VEH0063,SYNTHETIC,2026-07-04,Thursday,18:12:00,Porto Alegre,Porto Alegre,Sul,Sul,39.1,33.8,lazer,urban,False,False
TRIP00542,CUST0197,VEH0097,SYNTHETIC,2026-07-17,Saturday,22:42:00,Belo Horizonte,Belo Horizonte,Sudeste,Sudeste,36.9,53.9,família,urban,False,False
TRIP00543,CUST0179,VEH0079,SYNTHETIC,2026-07-26,Wednesday,12:30:00,Recife,Brasília,Nordeste,Centro-Oeste,365.3,400.0,lazer,rodoviaria,False,True
TRIP00544,CUST0444,VEH0044,SYNTHETIC,2026-07-10,Monday,09:05:00,Goiânia,Goiânia,Centro-Oeste,Centro-Oeste,24.9,54.2,lazer,urban,False,False
TRIP00545,CUST0410,VEH0010,SYNTHETIC,2026-06-29,Monday,18:00:00,Belo Horizonte,Belo Horizonte,Sudeste,Sudeste,30.8,26.0,academia,urban,False,False
TRIP00546,CUST0416,VEH0016,SYNTHETIC,2026-08-21,Sunday,13:40:00,Curitiba,Curitiba,Sul,Sul,18.4,26.8,reunião,urban,True,False
TRIP00547,CUST0357,VEH0057,SYNTHETIC,2026-08-05,Saturday,18:15:00,Porto Alegre,Porto Alegre,Sul,Sul,17.5,15.5,academia,urban,False,False
TRIP00548,CUST0203,VEH0003,SYNTHETIC,2026-08-16,Tuesday,20:00:00,Porto Alegre,Porto Alegre,Sul,Sul,3.7,8.2,trabalho,urban,False,False
TRIP00549,CUST0374,VEH0074,SYNTHETIC,2026-07-14,Monday,18:45:00,Campinas,Campinas,Sudeste,Sudeste,10.0,8.2,trabalho,urban,False,False
TRIP00550,CUST0467,VEH0067,SYNTHETIC,2026-09-01,Friday,18:46:00,Belo Horizonte,Belo Horizonte,Sudeste,Sudeste,5.5,5.8,trabalho,urban,False,False
TRIP00551,CUST0071,VEH0071,SYNTHETIC,2026-07-06,Wednesday,13:16:00,Belo Horizonte,Belo Horizonte,Sudeste,Sudeste,21.1,28.2,família,urban,True,False
TRIP00552,CUST0385,VEH0085,SYNTHETIC,2026-06-25,Monday,12:10:00,Brasília,Brasília,Centro-Oeste,Centro-Oeste,33.8,65.4,família,urban,False,False
TRIP00553,CUST0447,VEH0047,SYNTHETIC,2026-07-31,Monday,18:18:00,Campinas,Campinas,Sudeste,Sudeste,10.5,16.9,trabalho,urban,False,False
TRIP00554,CUST0281,VEH0081,SYNTHETIC,2026-06-07,Wednesday,13:52:00,Rio de Janeiro,Rio de Janeiro,Sudeste,Sudeste,30.7,50.9,família,urban,False,False
TRIP00555,CUST0276,VEH0076,SYNTHETIC,2026-06-23,Tuesday,19:08:00,Campinas,Campinas,Sudeste,Sudeste,16.4,18.2,viagem,urban,False,False
TRIP00556,CUST0072,VEH0072,SYNTHETIC,2026-06-19,Thursday,19:14:00,Campinas,Campinas,Sudeste,Sudeste,27.4,22.3,família,urban,False,False
TRIP00557,CUST0142,VEH0042,SYNTHETIC,2026-09-09,Monday,12:09:00,Florianópolis,Brasília,Sul,Centro-Oeste,203.7,329.6,trabalho,rodoviaria,True,True
TRIP00558,CUST0095,VEH0095,SYNTHETIC,2026-06-27,Sunday,07:43:00,Porto Alegre,Porto Alegre,Sul,Sul,30.0,31.8,cliente,urban,True,False
TRIP00559,CUST0320,VEH0020,SYNTHETIC,2026-08-04,Monday,12:42:00,Campinas,Campinas,Sudeste,Sudeste,44.3,93.1,escola,intercity,False,False
TRIP00560,CUST0200,VEH0100,SYNTHETIC,2026-08-19,Wednesday,12:40:00,Recife,Campinas,Nordeste,Sudeste,265.8,401.7,viagem,rodoviaria,False,True
TRIP00561,CUST0180,VEH0080,SYNTHETIC,2026-07-26,Sunday,16:43:00,Porto Alegre,Porto Alegre,Sul,Sul,31.9,58.2,compras,urban,False,False
TRIP00562,CUST0078,VEH0078,SYNTHETIC,2026-09-03,Monday,18:09:00,Campinas,Campinas,Sudeste,Sudeste,43.4,54.4,escola,intercity,False,False
TRIP00563,CUST0231,VEH0031,SYNTHETIC,2026-09-18,Tuesday,06:15:00,Florianópolis,Florianópolis,Sul,Sul,32.6,36.2,família,urban,False,False
TRIP00564,CUST0160,VEH0060,SYNTHETIC,2026-07-07,Wednesday,06:54:00,Goiânia,Goiânia,Centro-Oeste,Centro-Oeste,12.6,12.5,academia,urban,False,False
TRIP00565,CUST0296,VEH0096,SYNTHETIC,2026-07-08,Sunday,12:27:00,Fortaleza,Fortaleza,Nordeste,Nordeste,26.5,26.7,família,urban,True,False
TRIP00566,CUST0422,VEH0022,SYNTHETIC,2026-07-10,Wednesday,22:50:00,Recife,Recife,Nordeste,Nordeste,8.0,16.7,academia,urban,False,False
TRIP00567,CUST0154,VEH0054,SYNTHETIC,2026-07-07,Sunday,07:03:00,Campinas,Campinas,Sudeste,Sudeste,39.5,63.4,lazer,urban,False,False
TRIP00568,CUST0239,VEH0039,SYNTHETIC,2026-08-26,Tuesday,08:26:00,Salvador,Salvador,Nordeste,Nordeste,42.5,44.2,lazer,intercity,False,False
TRIP00569,CUST0322,VEH0022,SYNTHETIC,2026-07-07,Monday,18:58:00,Porto Alegre,Porto Alegre,Sul,Sul,19.1,40.7,família,urban,False,False
TRIP00570,CUST0242,VEH0042,SYNTHETIC,2026-07-24,Thursday,12:34:00,Belo Horizonte,Brasília,Sudeste,Centro-Oeste,226.9,377.8,viagem,rodoviaria,False,True
TRIP00571,CUST0077,VEH0077,SYNTHETIC,2026-07-23,Thursday,12:38:00,Porto Alegre,Porto Alegre,Sul,Sul,39.8,45.6,lazer,urban,True,False
TRIP00572,CUST0228,VEH0028,SYNTHETIC,2026-06-30,Monday,10:48:00,Campinas,Florianópolis,Sudeste,Sul,157.3,458.0,trabalho,intercity,True,True
TRIP00573,CUST0204,VEH0004,SYNTHETIC,2026-06-23,Sunday,10:12:00,Brasília,Brasília,Centro-Oeste,Centro-Oeste,28.4,24.6,lazer,urban,False,False
TRIP00574,CUST0296,VEH0096,SYNTHETIC,2026-08-24,Saturday,17:08:00,Fortaleza,Fortaleza,Nordeste,Nordeste,27.9,44.9,lazer,urban,True,False
TRIP00575,CUST0169,VEH0069,SYNTHETIC,2026-06-20,Wednesday,20:52:00,São Paulo,São Paulo,Sudeste,Sudeste,24.1,39.9,trabalho,urban,False,False
TRIP00576,CUST0231,VEH0031,SYNTHETIC,2026-06-27,Sunday,11:43:00,Florianópolis,Florianópolis,Sul,Sul,19.3,20.7,lazer,urban,True,False
TRIP00577,CUST0192,VEH0092,SYNTHETIC,2026-07-13,Wednesday,18:27:00,Salvador,Belo Horizonte,Nordeste,Sudeste,344.6,953.0,trabalho,rodoviaria,False,True
TRIP00578,CUST0056,VEH0056,SYNTHETIC,2026-07-22,Sunday,16:47:00,Porto Alegre,Belo Horizonte,Sul,Sudeste,81.5,262.1,família,intercity,False,False
TRIP00579,CUST0203,VEH0003,SYNTHETIC,2026-08-18,Thursday,20:51:00,Porto Alegre,Porto Alegre,Sul,Sul,20.6,41.0,rodoviária,urban,True,False
TRIP00580,CUST0185,VEH0085,SYNTHETIC,2026-08-15,Monday,16:53:00,Recife,Recife,Nordeste,Nordeste,41.7,37.5,trabalho,intercity,False,False
TRIP00581,CUST0121,VEH0021,SYNTHETIC,2026-09-12,Wednesday,14:41:00,Curitiba,Curitiba,Sul,Sul,13.9,12.9,compras,urban,True,False
TRIP00582,CUST0320,VEH0020,SYNTHETIC,2026-08-21,Thursday,21:05:00,Campinas,Campinas,Sudeste,Sudeste,32.7,31.3,compras,urban,False,False
TRIP00583,CUST0349,VEH0049,SYNTHETIC,2026-06-22,Monday,09:13:00,Brasília,Brasília,Centro-Oeste,Centro-Oeste,18.9,17.6,trabalho,urban,False,False
TRIP00584,CUST0344,VEH0044,SYNTHETIC,2026-06-07,Sunday,15:31:00,Brasília,Brasília,Centro-Oeste,Centro-Oeste,27.0,53.6,rodoviária,urban,False,False
TRIP00585,CUST0392,VEH0092,SYNTHETIC,2026-09-30,Friday,22:43:00,Fortaleza,Florianópolis,Nordeste,Sul,178.6,295.9,academia,intercity,False,True
TRIP00586,CUST0050,VEH0050,SYNTHETIC,2026-08-18,Tuesday,07:09:00,Brasília,Brasília,Centro-Oeste,Centro-Oeste,44.7,46.1,família,intercity,True,False
TRIP00587,CUST0335,VEH0035,SYNTHETIC,2026-08-09,Saturday,22:36:00,Rio de Janeiro,Salvador,Sudeste,Nordeste,327.8,425.6,trabalho,rodoviaria,False,True
TRIP00588,CUST0279,VEH0079,SYNTHETIC,2026-08-06,Friday,18:56:00,Brasília,Porto Alegre,Centro-Oeste,Sul,133.7,177.4,compras,intercity,True,False
TRIP00589,CUST0387,VEH0087,SYNTHETIC,2026-06-03,Tuesday,13:07:00,Recife,Recife,Nordeste,Nordeste,19.1,37.1,cliente,urban,True,False
TRIP00590,CUST0223,VEH0023,SYNTHETIC,2026-08-28,Thursday,18:48:00,Campinas,Campinas,Sudeste,Sudeste,19.5,21.0,trabalho,urban,False,False
TRIP00591,CUST0451,VEH0051,SYNTHETIC,2026-08-23,Wednesday,22:25:00,Fortaleza,Campinas,Nordeste,Sudeste,390.0,489.2,trabalho,rodoviaria,True,True
TRIP00592,CUST0236,VEH0036,SYNTHETIC,2026-08-15,Saturday,16:59:00,Campinas,Campinas,Sudeste,Sudeste,34.8,52.1,lazer,urban,True,False
TRIP00593,CUST0349,VEH0049,SYNTHETIC,2026-07-11,Wednesday,06:44:00,Brasília,Brasília,Centro-Oeste,Centro-Oeste,6.5,9.8,aeroporto,urban,True,False
TRIP00594,CUST0187,VEH0087,SYNTHETIC,2026-09-22,Sunday,09:43:00,Rio de Janeiro,Rio de Janeiro,Sudeste,Sudeste,19.2,30.4,trabalho,urban,True,False
TRIP00595,CUST0469,VEH0069,SYNTHETIC,2026-06-21,Thursday,22:30:00,Salvador,Salvador,Nordeste,Nordeste,9.3,18.4,família,urban,False,False
TRIP00596,CUST0423,VEH0023,SYNTHETIC,2026-09-24,Monday,18:59:00,Belo Horizonte,Belo Horizonte,Sudeste,Sudeste,41.4,37.2,família,intercity,False,False
TRIP00597,CUST0222,VEH0022,SYNTHETIC,2026-06-28,Wednesday,17:56:00,Florianópolis,Brasília,Sul,Centro-Oeste,237.2,723.5,cliente,rodoviaria,False,True
TRIP00598,CUST0148,VEH0048,SYNTHETIC,2026-06-21,Saturday,15:08:00,Salvador,Belo Horizonte,Nordeste,Sudeste,171.2,174.8,família,intercity,False,True
TRIP00599,CUST0401,VEH0001,SYNTHETIC,2026-07-24,Friday,11:04:00,Belo Horizonte,Belo Horizonte,Sudeste,Sudeste,29.1,25.1,família,urban,False,False
TRIP00600,CUST0482,VEH0082,SYNTHETIC,2026-08-02,Friday,15:10:00,Goiânia,Goiânia,Centro-Oeste,Centro-Oeste,36.9,33.8,lazer,urban,False,False
TRIP00601,CUST0269,VEH0069,SYNTHETIC,2026-07-30,Wednesday,16:19:00,Florianópolis,Florianópolis,Sul,Sul,36.4,33.7,lazer,urban,False,False
TRIP00602,CUST0319,VEH0019,SYNTHETIC,2026-06-25,Friday,21:12:00,Campinas,Campinas,Sudeste,Sudeste,11.7,16.4,academia,urban,False,False
TRIP00603,CUST0188,VEH0088,SYNTHETIC,2026-07-29,Monday,12:31:00,Porto Alegre,Porto Alegre,Sul,Sul,10.9,12.4,família,urban,False,False
TRIP00604,CUST0303,VEH0003,SYNTHETIC,2026-07-15,Sunday,17:42:00,Fortaleza,Fortaleza,Nordeste,Nordeste,34.3,44.2,família,urban,False,False
TRIP00605,CUST0159,VEH0059,SYNTHETIC,2026-08-20,Tuesday,22:30:00,Brasília,Brasília,Centro-Oeste,Centro-Oeste,22.2,50.0,lazer,urban,False,False
TRIP00606,CUST0432,VEH0032,SYNTHETIC,2026-09-07,Thursday,16:27:00,Porto Alegre,Porto Alegre,Sul,Sul,11.0,10.6,família,urban,False,False
TRIP00607,CUST0490,VEH0090,SYNTHETIC,2026-07-03,Sunday,06:37:00,Brasília,Campinas,Centro-Oeste,Sudeste,302.1,523.0,aeroporto,rodoviaria,False,True
TRIP00608,CUST0239,VEH0039,SYNTHETIC,2026-08-21,Wednesday,21:42:00,Salvador,Salvador,Nordeste,Nordeste,10.7,20.2,viagem,urban,False,False
TRIP00609,CUST0307,VEH0007,SYNTHETIC,2026-07-14,Monday,21:18:00,Curitiba,Curitiba,Sul,Sul,25.4,37.6,academia,urban,False,False
TRIP00610,CUST0368,VEH0068,SYNTHETIC,2026-06-03,Wednesday,19:17:00,Goiânia,Campinas,Centro-Oeste,Sudeste,276.4,330.7,lazer,rodoviaria,True,True
TRIP00611,CUST0187,VEH0087,SYNTHETIC,2026-09-22,Sunday,20:36:00,Rio de Janeiro,Rio de Janeiro,Sudeste,Sudeste,34.1,41.1,aeroporto,urban,False,False
TRIP00612,CUST0169,VEH0069,SYNTHETIC,2026-06-11,Monday,18:39:00,São Paulo,São Paulo,Sudeste,Sudeste,44.9,93.0,reunião,intercity,False,False
TRIP00613,CUST0419,VEH0019,SYNTHETIC,2026-06-06,Tuesday,15:24:00,Goiânia,Goiânia,Centro-Oeste,Centro-Oeste,41.6,82.7,família,intercity,True,False
TRIP00614,CUST0167,VEH0067,SYNTHETIC,2026-09-03,Friday,17:53:00,São Paulo,São Paulo,Sudeste,Sudeste,13.4,25.3,rodoviária,urban,False,False
TRIP00615,CUST0237,VEH0037,SYNTHETIC,2026-08-21,Monday,12:50:00,Recife,Recife,Nordeste,Nordeste,32.4,32.5,cliente,urban,False,False
TRIP00616,CUST0062,VEH0062,SYNTHETIC,2026-09-20,Thursday,13:52:00,Rio de Janeiro,Rio de Janeiro,Sudeste,Sudeste,14.7,28.1,lazer,urban,True,False
TRIP00617,CUST0240,VEH0040,SYNTHETIC,2026-08-27,Friday,13:22:00,Rio de Janeiro,Rio de Janeiro,Sudeste,Sudeste,13.8,14.6,trabalho,urban,False,False
TRIP00618,CUST0229,VEH0029,SYNTHETIC,2026-08-17,Monday,09:20:00,Recife,Recife,Nordeste,Nordeste,27.9,32.9,entrega,urban,False,False
TRIP00619,CUST0027,VEH0027,SYNTHETIC,2026-10-01,Saturday,22:40:00,Campinas,Brasília,Sudeste,Centro-Oeste,392.4,571.3,academia,rodoviaria,False,True
TRIP00620,CUST0335,VEH0035,SYNTHETIC,2026-09-25,Wednesday,13:49:00,Rio de Janeiro,Porto Alegre,Sudeste,Sul,321.1,660.9,cliente,rodoviaria,False,True
TRIP00621,CUST0076,VEH0076,SYNTHETIC,2026-09-11,Saturday,20:47:00,Goiânia,Goiânia,Centro-Oeste,Centro-Oeste,39.5,81.1,família,urban,False,False
TRIP00622,CUST0126,VEH0026,SYNTHETIC,2026-09-26,Wednesday,20:28:00,Fortaleza,Florianópolis,Nordeste,Sul,258.1,274.9,família,rodoviaria,False,True
TRIP00623,CUST0276,VEH0076,SYNTHETIC,2026-06-13,Thursday,08:32:00,Campinas,Campinas,Sudeste,Sudeste,44.3,36.4,família,intercity,True,False
TRIP00624,CUST0143,VEH0043,SYNTHETIC,2026-06-27,Thursday,20:29:00,Curitiba,Recife,Sul,Nordeste,79.4,110.7,compras,intercity,False,False
TRIP00625,CUST0348,VEH0048,SYNTHETIC,2026-07-06,Friday,14:35:00,Recife,Recife,Nordeste,Nordeste,28.4,49.4,lazer,urban,False,False
TRIP00626,CUST0139,VEH0039,SYNTHETIC,2026-06-17,Wednesday,08:03:00,Curitiba,Porto Alegre,Sul,Sul,232.9,498.2,restaurante,rodoviaria,True,True
TRIP00627,CUST0424,VEH0024,SYNTHETIC,2026-06-10,Thursday,17:19:00,Porto Alegre,Porto Alegre,Sul,Sul,27.0,45.4,lazer,urban,True,False
TRIP00628,CUST0192,VEH0092,SYNTHETIC,2026-08-28,Saturday,20:02:00,Salvador,Salvador,Nordeste,Nordeste,29.6,42.4,cliente,urban,False,False
TRIP00629,CUST0093,VEH0093,SYNTHETIC,2026-07-07,Friday,18:36:00,Curitiba,Curitiba,Sul,Sul,15.4,14.0,escola,urban,False,False
TRIP00630,CUST0071,VEH0071,SYNTHETIC,2026-07-23,Monday,21:11:00,Belo Horizonte,Belo Horizonte,Sudeste,Sudeste,25.0,51.2,escola,urban,True,False
TRIP00631,CUST0290,VEH0090,SYNTHETIC,2026-08-04,Thursday,14:22:00,Recife,Recife,Nordeste,Nordeste,12.0,13.5,obra,urban,False,False
TRIP00632,CUST0197,VEH0097,SYNTHETIC,2026-08-26,Sunday,17:21:00,Belo Horizonte,Belo Horizonte,Sudeste,Sudeste,25.8,30.5,família,urban,True,False
TRIP00633,CUST0345,VEH0045,SYNTHETIC,2026-07-07,Friday,22:51:00,Rio de Janeiro,Rio de Janeiro,Sudeste,Sudeste,23.5,47.4,academia,urban,False,False
TRIP00634,CUST0354,VEH0054,SYNTHETIC,2026-07-02,Sunday,09:31:00,Brasília,Brasília,Centro-Oeste,Centro-Oeste,39.4,42.5,trabalho,urban,False,False
TRIP00635,CUST0232,VEH0032,SYNTHETIC,2026-08-14,Wednesday,13:24:00,Curitiba,Curitiba,Sul,Sul,24.9,21.5,escola,urban,False,False
TRIP00636,CUST0464,VEH0064,SYNTHETIC,2026-06-10,Saturday,06:40:00,Goiânia,Goiânia,Centro-Oeste,Centro-Oeste,10.6,8.5,cliente,urban,False,False
TRIP00637,CUST0234,VEH0034,SYNTHETIC,2026-06-23,Friday,15:32:00,Fortaleza,Fortaleza,Nordeste,Nordeste,4.4,3.6,compras,urban,True,False
TRIP00638,CUST0231,VEH0031,SYNTHETIC,2026-09-20,Friday,10:43:00,Florianópolis,Florianópolis,Sul,Sul,4.6,7.8,compras,urban,False,False
TRIP00639,CUST0446,VEH0046,SYNTHETIC,2026-09-20,Monday,13:56:00,Recife,Recife,Nordeste,Nordeste,12.7,23.8,restaurante,urban,False,False
TRIP00640,CUST0193,VEH0093,SYNTHETIC,2026-07-10,Friday,08:40:00,Porto Alegre,São Paulo,Sul,Sudeste,141.0,185.9,trabalho,intercity,False,False
TRIP00641,CUST0097,VEH0097,SYNTHETIC,2026-07-20,Saturday,09:55:00,Salvador,Salvador,Nordeste,Nordeste,13.9,12.5,compras,urban,False,False
TRIP00642,CUST0331,VEH0031,SYNTHETIC,2026-07-25,Monday,16:21:00,Rio de Janeiro,Rio de Janeiro,Sudeste,Sudeste,33.7,34.3,lazer,urban,True,False
TRIP00643,CUST0431,VEH0031,SYNTHETIC,2026-07-11,Sunday,08:10:00,Rio de Janeiro,Rio de Janeiro,Sudeste,Sudeste,30.3,44.1,família,urban,True,False
TRIP00644,CUST0292,VEH0092,SYNTHETIC,2026-09-24,Tuesday,15:07:00,Rio de Janeiro,Rio de Janeiro,Sudeste,Sudeste,5.9,5.0,compras,urban,False,False
TRIP00645,CUST0167,VEH0067,SYNTHETIC,2026-07-27,Friday,13:03:00,São Paulo,São Paulo,Sudeste,Sudeste,28.0,65.6,cliente,urban,False,False
TRIP00646,CUST0242,VEH0042,SYNTHETIC,2026-06-15,Wednesday,09:23:00,Belo Horizonte,Campinas,Sudeste,Sudeste,239.9,388.1,viagem,rodoviaria,False,True
TRIP00647,CUST0094,VEH0094,SYNTHETIC,2026-08-16,Saturday,15:14:00,Campinas,Campinas,Sudeste,Sudeste,38.0,36.7,família,urban,True,False
TRIP00648,CUST0205,VEH0005,SYNTHETIC,2026-06-17,Monday,16:38:00,Salvador,Salvador,Nordeste,Nordeste,24.3,38.3,viagem,urban,False,False
TRIP00649,CUST0050,VEH0050,SYNTHETIC,2026-07-19,Tuesday,19:11:00,Brasília,Brasília,Centro-Oeste,Centro-Oeste,22.8,43.5,escola,urban,False,False
TRIP00650,CUST0383,VEH0083,SYNTHETIC,2026-07-09,Monday,15:28:00,Curitiba,Curitiba,Sul,Sul,23.2,36.0,academia,urban,False,False
TRIP00651,CUST0232,VEH0032,SYNTHETIC,2026-07-13,Saturday,20:42:00,Curitiba,Curitiba,Sul,Sul,4.1,5.5,lazer,urban,False,False
TRIP00652,CUST0435,VEH0035,SYNTHETIC,2026-07-01,Friday,06:59:00,Brasília,Brasília,Centro-Oeste,Centro-Oeste,29.5,59.0,aeroporto,urban,False,False
TRIP00653,CUST0410,VEH0010,SYNTHETIC,2026-06-28,Sunday,18:23:00,Belo Horizonte,Belo Horizonte,Sudeste,Sudeste,30.2,33.4,academia,urban,False,False
TRIP00654,CUST0293,VEH0093,SYNTHETIC,2026-09-25,Sunday,08:35:00,Porto Alegre,Porto Alegre,Sul,Sul,21.6,40.2,viagem,urban,False,False
TRIP00655,CUST0196,VEH0096,SYNTHETIC,2026-08-14,Wednesday,06:11:00,São Paulo,São Paulo,Sudeste,Sudeste,9.5,9.0,escola,urban,False,False
TRIP00656,CUST0390,VEH0090,SYNTHETIC,2026-07-27,Sunday,12:33:00,Campinas,Campinas,Sudeste,Sudeste,25.4,20.7,compras,urban,False,False
TRIP00657,CUST0324,VEH0024,SYNTHETIC,2026-06-10,Saturday,07:20:00,Belo Horizonte,Belo Horizonte,Sudeste,Sudeste,22.2,19.0,rodoviária,urban,False,False
TRIP00658,CUST0031,VEH0031,SYNTHETIC,2026-09-24,Wednesday,06:29:00,Brasília,Brasília,Centro-Oeste,Centro-Oeste,34.3,33.5,cliente,urban,False,False
TRIP00659,CUST0399,VEH0099,SYNTHETIC,2026-08-10,Monday,08:26:00,Florianópolis,Florianópolis,Sul,Sul,9.1,11.4,lazer,urban,False,False
TRIP00660,CUST0424,VEH0024,SYNTHETIC,2026-09-30,Tuesday,22:45:00,Porto Alegre,Porto Alegre,Sul,Sul,24.0,26.8,família,urban,False,False
TRIP00661,CUST0104,VEH0004,SYNTHETIC,2026-09-15,Wednesday,19:55:00,Fortaleza,Fortaleza,Nordeste,Nordeste,44.6,53.4,família,intercity,False,False
TRIP00662,CUST0475,VEH0075,SYNTHETIC,2026-06-09,Friday,09:48:00,Goiânia,São Paulo,Centro-Oeste,Sudeste,250.2,249.7,família,rodoviaria,False,True
TRIP00663,CUST0235,VEH0035,SYNTHETIC,2026-07-07,Wednesday,09:07:00,Belo Horizonte,Rio de Janeiro,Sudeste,Sudeste,251.2,339.1,restaurante,rodoviaria,False,True
TRIP00664,CUST0195,VEH0095,SYNTHETIC,2026-09-24,Thursday,07:50:00,Porto Alegre,Fortaleza,Sul,Nordeste,133.9,348.3,viagem,intercity,False,False
TRIP00665,CUST0036,VEH0036,SYNTHETIC,2026-08-10,Saturday,21:56:00,Rio de Janeiro,Rio de Janeiro,Sudeste,Sudeste,22.4,45.8,entrega,urban,True,False
TRIP00666,CUST0266,VEH0066,SYNTHETIC,2026-08-08,Tuesday,08:57:00,Florianópolis,Brasília,Sul,Centro-Oeste,64.5,162.1,rodoviária,intercity,False,False
TRIP00667,CUST0076,VEH0076,SYNTHETIC,2026-06-20,Friday,11:32:00,Goiânia,Goiânia,Centro-Oeste,Centro-Oeste,40.7,44.2,lazer,intercity,True,False
TRIP00668,CUST0109,VEH0009,SYNTHETIC,2026-07-31,Thursday,07:58:00,Goiânia,Goiânia,Centro-Oeste,Centro-Oeste,23.4,19.5,trabalho,urban,False,False
TRIP00669,CUST0199,VEH0099,SYNTHETIC,2026-06-19,Thursday,19:24:00,São Paulo,São Paulo,Sudeste,Sudeste,5.8,8.0,cliente,urban,True,False
TRIP00670,CUST0125,VEH0025,SYNTHETIC,2026-07-17,Friday,11:05:00,Campinas,Campinas,Sudeste,Sudeste,39.4,48.2,compras,urban,False,False
TRIP00671,CUST0481,VEH0081,SYNTHETIC,2026-10-01,Sunday,20:21:00,São Paulo,São Paulo,Sudeste,Sudeste,28.9,29.6,academia,urban,True,False
TRIP00672,CUST0282,VEH0082,SYNTHETIC,2026-09-27,Sunday,18:57:00,Florianópolis,Florianópolis,Sul,Sul,11.1,10.5,lazer,urban,False,False
TRIP00673,CUST0220,VEH0020,SYNTHETIC,2026-07-12,Monday,09:34:00,Rio de Janeiro,Rio de Janeiro,Sudeste,Sudeste,38.0,53.6,academia,urban,False,False
TRIP00674,CUST0027,VEH0027,SYNTHETIC,2026-08-14,Tuesday,15:02:00,Campinas,Florianópolis,Sudeste,Sul,357.3,471.8,compras,rodoviaria,False,True
TRIP00675,CUST0230,VEH0030,SYNTHETIC,2026-08-31,Saturday,18:36:00,Rio de Janeiro,Rio de Janeiro,Sudeste,Sudeste,18.5,23.7,entrega,urban,True,False
TRIP00676,CUST0275,VEH0075,SYNTHETIC,2026-06-06,Friday,22:10:00,Florianópolis,Rio de Janeiro,Sul,Sudeste,231.3,261.0,trabalho,rodoviaria,False,True
TRIP00677,CUST0189,VEH0089,SYNTHETIC,2026-09-10,Sunday,20:29:00,Fortaleza,Fortaleza,Nordeste,Nordeste,41.0,44.5,lazer,intercity,True,False
TRIP00678,CUST0494,VEH0094,SYNTHETIC,2026-08-22,Friday,18:30:00,Florianópolis,Florianópolis,Sul,Sul,13.7,17.1,viagem,urban,False,False
TRIP00679,CUST0126,VEH0026,SYNTHETIC,2026-09-16,Wednesday,08:55:00,Fortaleza,Fortaleza,Nordeste,Nordeste,44.1,48.1,família,intercity,True,False
TRIP00680,CUST0283,VEH0083,SYNTHETIC,2026-09-17,Sunday,16:29:00,Rio de Janeiro,Rio de Janeiro,Sudeste,Sudeste,7.7,16.6,família,urban,False,False
TRIP00681,CUST0411,VEH0011,SYNTHETIC,2026-08-26,Tuesday,08:09:00,Curitiba,Curitiba,Sul,Sul,21.5,35.9,trabalho,urban,False,False
TRIP00682,CUST0298,VEH0098,SYNTHETIC,2026-09-11,Wednesday,14:40:00,Belo Horizonte,Belo Horizonte,Sudeste,Sudeste,16.8,24.8,viagem,urban,False,False
TRIP00683,CUST0143,VEH0043,SYNTHETIC,2026-07-14,Sunday,17:53:00,Curitiba,Curitiba,Sul,Sul,39.4,37.5,lazer,urban,False,False
TRIP00684,CUST0339,VEH0039,SYNTHETIC,2026-09-06,Tuesday,22:30:00,Salvador,Curitiba,Nordeste,Sul,378.2,1021.4,lazer,rodoviaria,False,True
TRIP00685,CUST0188,VEH0088,SYNTHETIC,2026-08-21,Saturday,18:00:00,Porto Alegre,Porto Alegre,Sul,Sul,33.7,39.1,lazer,urban,False,False
TRIP00686,CUST0014,VEH0014,SYNTHETIC,2026-09-19,Wednesday,16:05:00,Belo Horizonte,São Paulo,Sudeste,Sudeste,195.8,338.0,compras,rodoviaria,True,True
TRIP00687,CUST0122,VEH0022,SYNTHETIC,2026-07-07,Friday,09:03:00,Fortaleza,Fortaleza,Nordeste,Nordeste,18.5,17.1,trabalho,urban,False,False
TRIP00688,CUST0205,VEH0005,SYNTHETIC,2026-09-08,Sunday,21:40:00,Salvador,Salvador,Nordeste,Nordeste,17.9,22.0,trabalho,urban,False,False
TRIP00689,CUST0494,VEH0094,SYNTHETIC,2026-09-04,Sunday,14:34:00,Florianópolis,Florianópolis,Sul,Sul,4.7,4.6,lazer,urban,True,False
TRIP00690,CUST0464,VEH0064,SYNTHETIC,2026-06-24,Tuesday,13:54:00,Goiânia,Goiânia,Centro-Oeste,Centro-Oeste,44.0,53.1,rodoviária,intercity,False,False
TRIP00691,CUST0300,VEH0100,SYNTHETIC,2026-09-10,Thursday,21:53:00,Belo Horizonte,Belo Horizonte,Sudeste,Sudeste,7.8,8.0,compras,urban,True,False
TRIP00692,CUST0416,VEH0016,SYNTHETIC,2026-08-09,Monday,09:34:00,Curitiba,Curitiba,Sul,Sul,31.1,40.1,cliente,urban,True,False
TRIP00693,CUST0139,VEH0039,SYNTHETIC,2026-06-10,Thursday,16:42:00,Curitiba,Curitiba,Sul,Sul,10.7,18.4,lazer,urban,True,False
TRIP00694,CUST0314,VEH0014,SYNTHETIC,2026-09-30,Tuesday,08:03:00,Goiânia,Recife,Centro-Oeste,Nordeste,213.7,292.6,compras,rodoviaria,False,True
TRIP00695,CUST0482,VEH0082,SYNTHETIC,2026-06-03,Thursday,09:33:00,Goiânia,Goiânia,Centro-Oeste,Centro-Oeste,3.6,3.5,lazer,urban,True,False
TRIP00696,CUST0465,VEH0065,SYNTHETIC,2026-08-29,Sunday,11:09:00,Recife,Recife,Nordeste,Nordeste,30.4,33.5,academia,urban,False,False
TRIP00697,CUST0182,VEH0082,SYNTHETIC,2026-07-16,Wednesday,12:10:00,Curitiba,Curitiba,Sul,Sul,14.1,14.8,trabalho,urban,False,False
TRIP00698,CUST0331,VEH0031,SYNTHETIC,2026-09-13,Monday,15:21:00,Rio de Janeiro,Rio de Janeiro,Sudeste,Sudeste,41.8,71.7,lazer,intercity,False,False
TRIP00699,CUST0127,VEH0027,SYNTHETIC,2026-07-31,Tuesday,08:57:00,Florianópolis,Florianópolis,Sul,Sul,12.2,19.7,lazer,urban,True,False
TRIP00700,CUST0457,VEH0057,SYNTHETIC,2026-08-24,Wednesday,21:31:00,São Paulo,São Paulo,Sudeste,Sudeste,30.3,25.1,rodoviária,urban,True,False
TRIP00701,CUST0310,VEH0010,SYNTHETIC,2026-06-29,Sunday,09:28:00,Fortaleza,Fortaleza,Nordeste,Nordeste,24.6,22.0,trabalho,urban,False,False
TRIP00702,CUST0215,VEH0015,SYNTHETIC,2026-08-25,Tuesday,15:40:00,Recife,Recife,Nordeste,Nordeste,23.2,33.1,lazer,urban,False,False
TRIP00703,CUST0374,VEH0074,SYNTHETIC,2026-09-23,Sunday,22:43:00,Campinas,Fortaleza,Sudeste,Nordeste,336.1,648.7,trabalho,rodoviaria,True,True
TRIP00704,CUST0102,VEH0002,SYNTHETIC,2026-09-28,Wednesday,12:26:00,Goiânia,Brasília,Centro-Oeste,Centro-Oeste,370.3,644.1,trabalho,rodoviaria,False,True
TRIP00705,CUST0031,VEH0031,SYNTHETIC,2026-08-12,Monday,09:15:00,Brasília,Florianópolis,Centro-Oeste,Sul,393.5,477.7,cliente,rodoviaria,False,True
TRIP00706,CUST0445,VEH0045,SYNTHETIC,2026-09-10,Sunday,13:22:00,Recife,Recife,Nordeste,Nordeste,41.6,54.7,academia,intercity,True,False
TRIP00707,CUST0126,VEH0026,SYNTHETIC,2026-09-10,Monday,19:28:00,Fortaleza,Fortaleza,Nordeste,Nordeste,30.3,28.3,academia,urban,False,False
TRIP00708,CUST0474,VEH0074,SYNTHETIC,2026-09-15,Monday,20:11:00,Fortaleza,Salvador,Nordeste,Nordeste,273.3,675.1,entrega,rodoviaria,True,True
TRIP00709,CUST0009,VEH0009,SYNTHETIC,2026-10-01,Monday,08:49:00,Florianópolis,Florianópolis,Sul,Sul,23.5,21.0,rodoviária,urban,False,False
TRIP00710,CUST0310,VEH0010,SYNTHETIC,2026-07-20,Sunday,06:26:00,Fortaleza,Fortaleza,Nordeste,Nordeste,32.5,36.3,viagem,urban,False,False
TRIP00711,CUST0240,VEH0040,SYNTHETIC,2026-06-09,Wednesday,17:47:00,Rio de Janeiro,Rio de Janeiro,Sudeste,Sudeste,26.4,28.0,aeroporto,urban,True,False
TRIP00712,CUST0389,VEH0089,SYNTHETIC,2026-09-13,Friday,07:50:00,Recife,Recife,Nordeste,Nordeste,5.7,9.5,compras,urban,False,False
TRIP00713,CUST0089,VEH0089,SYNTHETIC,2026-09-15,Tuesday,15:05:00,Recife,Recife,Nordeste,Nordeste,7.5,7.3,escola,urban,False,False
TRIP00714,CUST0392,VEH0092,SYNTHETIC,2026-08-14,Wednesday,15:00:00,Fortaleza,Belo Horizonte,Nordeste,Sudeste,287.4,326.5,academia,rodoviaria,True,True
TRIP00715,CUST0386,VEH0086,SYNTHETIC,2026-09-28,Tuesday,16:10:00,Goiânia,Campinas,Centro-Oeste,Sudeste,300.9,341.5,família,rodoviaria,False,True
TRIP00716,CUST0183,VEH0083,SYNTHETIC,2026-09-21,Tuesday,11:32:00,Curitiba,Belo Horizonte,Sul,Sudeste,359.4,656.8,reunião,rodoviaria,True,True
TRIP00717,CUST0223,VEH0023,SYNTHETIC,2026-08-01,Friday,09:18:00,Campinas,Campinas,Sudeste,Sudeste,12.4,19.4,aeroporto,urban,False,False
TRIP00718,CUST0253,VEH0053,SYNTHETIC,2026-08-09,Friday,13:08:00,Rio de Janeiro,Rio de Janeiro,Sudeste,Sudeste,3.3,2.7,família,urban,False,False
TRIP00719,CUST0121,VEH0021,SYNTHETIC,2026-07-12,Sunday,21:11:00,Curitiba,Florianópolis,Sul,Sul,265.0,429.7,compras,rodoviaria,False,True
TRIP00720,CUST0235,VEH0035,SYNTHETIC,2026-08-29,Sunday,18:35:00,Belo Horizonte,Belo Horizonte,Sudeste,Sudeste,28.5,34.7,lazer,urban,False,False
TRIP00721,CUST0486,VEH0086,SYNTHETIC,2026-08-16,Thursday,06:49:00,Rio de Janeiro,Rio de Janeiro,Sudeste,Sudeste,14.5,23.8,família,urban,False,False
TRIP00722,CUST0033,VEH0033,SYNTHETIC,2026-07-18,Tuesday,15:33:00,Fortaleza,Fortaleza,Nordeste,Nordeste,13.4,30.5,reunião,urban,False,False
TRIP00723,CUST0083,VEH0083,SYNTHETIC,2026-09-18,Thursday,12:32:00,Salvador,Salvador,Nordeste,Nordeste,18.5,18.1,compras,urban,False,False
TRIP00724,CUST0275,VEH0075,SYNTHETIC,2026-09-03,Saturday,22:32:00,Florianópolis,Florianópolis,Sul,Sul,3.5,4.8,cliente,urban,False,False
TRIP00725,CUST0338,VEH0038,SYNTHETIC,2026-09-25,Monday,08:52:00,Goiânia,Goiânia,Centro-Oeste,Centro-Oeste,17.1,31.5,compras,urban,True,False
TRIP00726,CUST0207,VEH0007,SYNTHETIC,2026-06-08,Sunday,17:23:00,Brasília,Brasília,Centro-Oeste,Centro-Oeste,26.3,26.1,aeroporto,urban,False,False
TRIP00727,CUST0134,VEH0034,SYNTHETIC,2026-09-14,Sunday,07:59:00,Brasília,Brasília,Centro-Oeste,Centro-Oeste,23.0,40.2,família,urban,False,False
TRIP00728,CUST0008,VEH0008,SYNTHETIC,2026-06-14,Saturday,22:23:00,Rio de Janeiro,Porto Alegre,Sudeste,Sul,317.9,692.9,compras,rodoviaria,True,True
TRIP00729,CUST0070,VEH0070,SYNTHETIC,2026-09-23,Friday,07:14:00,Campinas,Campinas,Sudeste,Sudeste,5.9,5.0,compras,urban,False,False
TRIP00730,CUST0105,VEH0005,SYNTHETIC,2026-08-26,Saturday,10:27:00,Brasília,Brasília,Centro-Oeste,Centro-Oeste,43.8,81.7,academia,intercity,False,False
TRIP00731,CUST0171,VEH0071,SYNTHETIC,2026-06-19,Tuesday,21:51:00,Rio de Janeiro,Rio de Janeiro,Sudeste,Sudeste,8.1,8.4,academia,urban,False,False
TRIP00732,CUST0338,VEH0038,SYNTHETIC,2026-07-05,Wednesday,21:35:00,Goiânia,Goiânia,Centro-Oeste,Centro-Oeste,6.5,12.4,compras,urban,False,False
TRIP00733,CUST0476,VEH0076,SYNTHETIC,2026-07-17,Friday,07:16:00,Curitiba,Curitiba,Sul,Sul,10.8,9.3,aeroporto,urban,False,False
TRIP00734,CUST0051,VEH0051,SYNTHETIC,2026-07-29,Saturday,18:18:00,Campinas,Campinas,Sudeste,Sudeste,16.2,35.1,restaurante,urban,False,False
TRIP00735,CUST0376,VEH0076,SYNTHETIC,2026-06-29,Friday,21:04:00,Fortaleza,Fortaleza,Nordeste,Nordeste,20.7,30.8,academia,urban,False,False
TRIP00736,CUST0016,VEH0016,SYNTHETIC,2026-06-27,Thursday,07:04:00,Brasília,Recife,Centro-Oeste,Nordeste,215.7,737.0,trabalho,rodoviaria,True,True
TRIP00737,CUST0220,VEH0020,SYNTHETIC,2026-08-17,Tuesday,10:43:00,Rio de Janeiro,Rio de Janeiro,Sudeste,Sudeste,24.4,22.9,família,urban,True,False
TRIP00738,CUST0032,VEH0032,SYNTHETIC,2026-07-24,Wednesday,09:40:00,Curitiba,Curitiba,Sul,Sul,25.5,39.0,compras,urban,False,False
TRIP00739,CUST0352,VEH0052,SYNTHETIC,2026-08-27,Tuesday,08:45:00,Curitiba,Curitiba,Sul,Sul,16.8,16.8,rodoviária,urban,False,False
TRIP00740,CUST0307,VEH0007,SYNTHETIC,2026-08-31,Monday,19:50:00,Curitiba,Curitiba,Sul,Sul,43.0,40.8,academia,intercity,True,False
TRIP00741,CUST0243,VEH0043,SYNTHETIC,2026-09-22,Saturday,16:35:00,Recife,Recife,Nordeste,Nordeste,34.2,31.0,cliente,urban,False,False
TRIP00742,CUST0228,VEH0028,SYNTHETIC,2026-07-01,Thursday,19:29:00,Campinas,Campinas,Sudeste,Sudeste,9.0,11.0,reunião,urban,False,False
TRIP00743,CUST0300,VEH0100,SYNTHETIC,2026-08-02,Friday,18:52:00,Belo Horizonte,Belo Horizonte,Sudeste,Sudeste,40.3,66.9,lazer,intercity,False,False
TRIP00744,CUST0172,VEH0072,SYNTHETIC,2026-06-25,Monday,09:33:00,Recife,Recife,Nordeste,Nordeste,21.7,18.7,lazer,urban,False,False
TRIP00745,CUST0145,VEH0045,SYNTHETIC,2026-06-05,Monday,22:27:00,Curitiba,Curitiba,Sul,Sul,40.7,39.7,rodoviária,intercity,False,False
TRIP00746,CUST0245,VEH0045,SYNTHETIC,2026-07-03,Tuesday,14:26:00,Curitiba,Curitiba,Sul,Sul,38.2,31.6,lazer,urban,False,False
TRIP00747,CUST0085,VEH0085,SYNTHETIC,2026-08-19,Monday,09:42:00,Florianópolis,Florianópolis,Sul,Sul,34.4,56.2,família,urban,False,False
TRIP00748,CUST0158,VEH0058,SYNTHETIC,2026-07-07,Tuesday,07:34:00,Curitiba,Florianópolis,Sul,Sul,191.9,259.7,escola,rodoviaria,True,True
TRIP00749,CUST0247,VEH0047,SYNTHETIC,2026-09-08,Thursday,16:47:00,Brasília,Brasília,Centro-Oeste,Centro-Oeste,44.8,44.4,compras,intercity,True,False
TRIP00750,CUST0329,VEH0029,SYNTHETIC,2026-09-22,Sunday,09:18:00,Salvador,Rio de Janeiro,Nordeste,Sudeste,149.9,175.5,trabalho,intercity,False,False
TRIP00751,CUST0087,VEH0087,SYNTHETIC,2026-08-19,Sunday,16:47:00,Brasília,Porto Alegre,Centro-Oeste,Sul,240.2,256.7,cliente,rodoviaria,False,True
TRIP00752,CUST0113,VEH0013,SYNTHETIC,2026-07-26,Monday,10:59:00,Brasília,Brasília,Centro-Oeste,Centro-Oeste,25.8,36.6,família,urban,False,False
TRIP00753,CUST0019,VEH0019,SYNTHETIC,2026-08-16,Monday,14:37:00,Florianópolis,Florianópolis,Sul,Sul,5.5,5.5,entrega,urban,False,False
TRIP00754,CUST0368,VEH0068,SYNTHETIC,2026-08-17,Tuesday,15:53:00,Goiânia,Goiânia,Centro-Oeste,Centro-Oeste,10.9,20.0,escola,urban,False,False
TRIP00755,CUST0032,VEH0032,SYNTHETIC,2026-08-01,Sunday,08:25:00,Curitiba,Curitiba,Sul,Sul,21.7,33.7,compras,urban,False,False
TRIP00756,CUST0119,VEH0019,SYNTHETIC,2026-09-26,Saturday,21:15:00,Brasília,Brasília,Centro-Oeste,Centro-Oeste,28.8,24.9,academia,urban,False,False
TRIP00757,CUST0089,VEH0089,SYNTHETIC,2026-06-25,Saturday,20:09:00,Recife,Curitiba,Nordeste,Sul,71.1,75.4,família,intercity,True,False
TRIP00758,CUST0235,VEH0035,SYNTHETIC,2026-09-28,Friday,16:06:00,Belo Horizonte,Porto Alegre,Sudeste,Sul,106.0,117.6,família,intercity,False,False
TRIP00759,CUST0436,VEH0036,SYNTHETIC,2026-09-27,Sunday,15:41:00,São Paulo,Rio de Janeiro,Sudeste,Sudeste,360.2,357.2,restaurante,rodoviaria,False,True
TRIP00760,CUST0047,VEH0047,SYNTHETIC,2026-06-19,Friday,21:26:00,Florianópolis,Florianópolis,Sul,Sul,7.9,15.3,academia,urban,False,False
TRIP00761,CUST0458,VEH0058,SYNTHETIC,2026-08-08,Tuesday,08:35:00,Brasília,Brasília,Centro-Oeste,Centro-Oeste,19.9,27.5,lazer,urban,False,False
TRIP00762,CUST0343,VEH0043,SYNTHETIC,2026-08-14,Wednesday,06:36:00,Salvador,Salvador,Nordeste,Nordeste,30.9,47.3,trabalho,urban,True,False
TRIP00763,CUST0393,VEH0093,SYNTHETIC,2026-08-13,Tuesday,11:52:00,Brasília,Brasília,Centro-Oeste,Centro-Oeste,42.1,49.6,lazer,intercity,False,False
TRIP00764,CUST0310,VEH0010,SYNTHETIC,2026-09-22,Thursday,22:51:00,Fortaleza,Fortaleza,Nordeste,Nordeste,36.7,29.4,trabalho,urban,False,False
TRIP00765,CUST0469,VEH0069,SYNTHETIC,2026-09-02,Monday,15:15:00,Salvador,Salvador,Nordeste,Nordeste,12.8,22.2,família,urban,True,False
TRIP00766,CUST0356,VEH0056,SYNTHETIC,2026-08-01,Wednesday,19:56:00,Florianópolis,Goiânia,Sul,Centro-Oeste,324.6,387.4,escola,rodoviaria,True,True
TRIP00767,CUST0143,VEH0043,SYNTHETIC,2026-06-30,Monday,08:13:00,Curitiba,Curitiba,Sul,Sul,22.9,53.0,escola,urban,False,False
TRIP00768,CUST0301,VEH0001,SYNTHETIC,2026-09-11,Monday,22:39:00,Salvador,Salvador,Nordeste,Nordeste,20.0,28.7,família,urban,False,False
TRIP00769,CUST0225,VEH0025,SYNTHETIC,2026-06-27,Saturday,06:20:00,Goiânia,Brasília,Centro-Oeste,Centro-Oeste,141.5,217.2,família,intercity,False,False
TRIP00770,CUST0218,VEH0018,SYNTHETIC,2026-07-19,Thursday,15:47:00,Salvador,Salvador,Nordeste,Nordeste,30.2,24.8,compras,urban,False,False
TRIP00771,CUST0012,VEH0012,SYNTHETIC,2026-09-27,Wednesday,19:52:00,Porto Alegre,Curitiba,Sul,Sul,103.0,258.5,compras,intercity,True,False
TRIP00772,CUST0227,VEH0027,SYNTHETIC,2026-07-26,Sunday,08:59:00,Campinas,Campinas,Sudeste,Sudeste,15.5,25.0,academia,urban,False,False
TRIP00773,CUST0277,VEH0077,SYNTHETIC,2026-09-02,Thursday,17:29:00,Fortaleza,Fortaleza,Nordeste,Nordeste,33.2,47.2,rodoviária,urban,False,False
TRIP00774,CUST0275,VEH0075,SYNTHETIC,2026-08-01,Thursday,18:39:00,Florianópolis,Florianópolis,Sul,Sul,44.6,42.3,cliente,intercity,False,False
TRIP00775,CUST0436,VEH0036,SYNTHETIC,2026-08-12,Monday,08:13:00,São Paulo,São Paulo,Sudeste,Sudeste,25.4,21.6,lazer,urban,True,False
TRIP00776,CUST0162,VEH0062,SYNTHETIC,2026-08-11,Sunday,17:07:00,Goiânia,Goiânia,Centro-Oeste,Centro-Oeste,29.6,67.2,compras,urban,True,False
TRIP00777,CUST0344,VEH0044,SYNTHETIC,2026-08-07,Saturday,20:38:00,Brasília,Brasília,Centro-Oeste,Centro-Oeste,21.0,41.2,trabalho,urban,False,False
TRIP00778,CUST0482,VEH0082,SYNTHETIC,2026-09-18,Sunday,13:03:00,Goiânia,Goiânia,Centro-Oeste,Centro-Oeste,44.8,50.8,lazer,intercity,False,False
TRIP00779,CUST0028,VEH0028,SYNTHETIC,2026-07-22,Thursday,22:22:00,Curitiba,São Paulo,Sul,Sudeste,88.7,110.8,trabalho,intercity,False,False
TRIP00780,CUST0237,VEH0037,SYNTHETIC,2026-06-08,Wednesday,13:25:00,Recife,Recife,Nordeste,Nordeste,28.8,29.5,trabalho,urban,False,False
TRIP00781,CUST0325,VEH0025,SYNTHETIC,2026-06-06,Tuesday,13:49:00,Fortaleza,Salvador,Nordeste,Nordeste,205.3,230.8,escola,rodoviaria,False,True
TRIP00782,CUST0283,VEH0083,SYNTHETIC,2026-08-22,Thursday,13:20:00,Rio de Janeiro,Rio de Janeiro,Sudeste,Sudeste,10.0,13.7,lazer,urban,False,False
TRIP00783,CUST0239,VEH0039,SYNTHETIC,2026-09-28,Wednesday,10:41:00,Salvador,Salvador,Nordeste,Nordeste,17.0,16.3,lazer,urban,False,False
TRIP00784,CUST0078,VEH0078,SYNTHETIC,2026-06-25,Saturday,20:56:00,Campinas,Salvador,Sudeste,Nordeste,195.5,304.9,lazer,rodoviaria,False,True
TRIP00785,CUST0063,VEH0063,SYNTHETIC,2026-07-30,Friday,14:08:00,Recife,Belo Horizonte,Nordeste,Sudeste,237.1,281.1,trabalho,rodoviaria,True,True
TRIP00786,CUST0201,VEH0001,SYNTHETIC,2026-07-24,Friday,16:24:00,São Paulo,São Paulo,Sudeste,Sudeste,11.9,15.4,entrega,urban,False,False
TRIP00787,CUST0159,VEH0059,SYNTHETIC,2026-06-19,Sunday,13:40:00,Brasília,Brasília,Centro-Oeste,Centro-Oeste,35.5,47.2,família,urban,False,False
TRIP00788,CUST0384,VEH0084,SYNTHETIC,2026-07-26,Tuesday,21:04:00,Rio de Janeiro,Florianópolis,Sudeste,Sul,363.4,339.3,compras,rodoviaria,True,True
TRIP00789,CUST0132,VEH0032,SYNTHETIC,2026-06-06,Wednesday,08:00:00,São Paulo,Recife,Sudeste,Nordeste,247.8,411.8,trabalho,rodoviaria,False,True
TRIP00790,CUST0356,VEH0056,SYNTHETIC,2026-08-21,Friday,12:41:00,Florianópolis,Florianópolis,Sul,Sul,18.6,27.8,compras,urban,False,False
TRIP00791,CUST0170,VEH0070,SYNTHETIC,2026-07-27,Thursday,08:19:00,Goiânia,Goiânia,Centro-Oeste,Centro-Oeste,5.9,4.7,escola,urban,False,False
TRIP00792,CUST0200,VEH0100,SYNTHETIC,2026-08-01,Wednesday,12:43:00,Recife,Recife,Nordeste,Nordeste,34.3,59.9,trabalho,urban,False,False
TRIP00793,CUST0306,VEH0006,SYNTHETIC,2026-09-12,Wednesday,13:16:00,Fortaleza,Fortaleza,Nordeste,Nordeste,31.0,32.5,cliente,urban,False,False
TRIP00794,CUST0388,VEH0088,SYNTHETIC,2026-09-29,Friday,11:16:00,Salvador,Salvador,Nordeste,Nordeste,5.2,7.5,cliente,urban,True,False
TRIP00795,CUST0315,VEH0015,SYNTHETIC,2026-07-20,Friday,16:32:00,Belo Horizonte,Belo Horizonte,Sudeste,Sudeste,41.7,40.8,cliente,intercity,False,False
TRIP00796,CUST0121,VEH0021,SYNTHETIC,2026-07-30,Wednesday,15:45:00,Curitiba,Curitiba,Sul,Sul,14.7,12.7,compras,urban,False,False
TRIP00797,CUST0160,VEH0060,SYNTHETIC,2026-06-03,Tuesday,17:09:00,Goiânia,Goiânia,Centro-Oeste,Centro-Oeste,16.2,17.2,família,urban,False,False
TRIP00798,CUST0073,VEH0073,SYNTHETIC,2026-08-07,Monday,22:09:00,Curitiba,Curitiba,Sul,Sul,32.9,59.7,família,urban,False,False
TRIP00799,CUST0070,VEH0070,SYNTHETIC,2026-09-06,Monday,20:11:00,Campinas,Belo Horizonte,Sudeste,Sudeste,59.9,132.8,compras,intercity,False,False
TRIP00800,CUST0012,VEH0012,SYNTHETIC,2026-09-13,Friday,08:09:00,Porto Alegre,Porto Alegre,Sul,Sul,15.8,14.6,compras,urban,False,False
TRIP00801,CUST0408,VEH0008,SYNTHETIC,2026-07-27,Friday,16:35:00,Brasília,Brasília,Centro-Oeste,Centro-Oeste,10.7,11.5,compras,urban,False,False
TRIP00802,CUST0462,VEH0062,SYNTHETIC,2026-09-10,Wednesday,13:40:00,São Paulo,São Paulo,Sudeste,Sudeste,27.9,30.3,reunião,urban,True,False
TRIP00803,CUST0279,VEH0079,SYNTHETIC,2026-08-15,Sunday,18:50:00,Brasília,Brasília,Centro-Oeste,Centro-Oeste,4.9,8.9,trabalho,urban,False,False
TRIP00804,CUST0389,VEH0089,SYNTHETIC,2026-09-04,Wednesday,13:50:00,Recife,Recife,Nordeste,Nordeste,35.1,31.4,compras,urban,False,False
TRIP00805,CUST0209,VEH0009,SYNTHETIC,2026-09-24,Thursday,11:15:00,Brasília,Brasília,Centro-Oeste,Centro-Oeste,8.1,6.7,lazer,urban,False,False
TRIP00806,CUST0317,VEH0017,SYNTHETIC,2026-09-03,Thursday,12:57:00,Campinas,Campinas,Sudeste,Sudeste,36.0,44.3,trabalho,urban,True,False
TRIP00807,CUST0177,VEH0077,SYNTHETIC,2026-08-26,Thursday,21:45:00,Campinas,Campinas,Sudeste,Sudeste,10.7,8.7,família,urban,True,False
TRIP00808,CUST0273,VEH0073,SYNTHETIC,2026-09-19,Friday,06:34:00,Florianópolis,Florianópolis,Sul,Sul,25.9,36.3,viagem,urban,False,False
TRIP00809,CUST0026,VEH0026,SYNTHETIC,2026-06-05,Wednesday,11:33:00,São Paulo,São Paulo,Sudeste,Sudeste,5.6,7.9,família,urban,False,False
TRIP00810,CUST0166,VEH0066,SYNTHETIC,2026-09-09,Monday,09:10:00,Porto Alegre,Porto Alegre,Sul,Sul,11.4,9.2,trabalho,urban,False,False
TRIP00811,CUST0232,VEH0032,SYNTHETIC,2026-06-23,Sunday,17:23:00,Curitiba,Curitiba,Sul,Sul,13.3,20.0,escola,urban,False,False
TRIP00812,CUST0352,VEH0052,SYNTHETIC,2026-08-09,Monday,06:17:00,Curitiba,Curitiba,Sul,Sul,35.7,32.9,cliente,urban,False,False
TRIP00813,CUST0341,VEH0041,SYNTHETIC,2026-09-02,Saturday,07:12:00,Florianópolis,Florianópolis,Sul,Sul,20.5,21.9,cliente,urban,True,False
TRIP00814,CUST0318,VEH0018,SYNTHETIC,2026-07-03,Tuesday,16:56:00,Brasília,Brasília,Centro-Oeste,Centro-Oeste,17.8,37.5,trabalho,urban,False,False
TRIP00815,CUST0206,VEH0006,SYNTHETIC,2026-07-08,Sunday,09:13:00,São Paulo,São Paulo,Sudeste,Sudeste,25.6,28.9,escola,urban,False,False
TRIP00816,CUST0448,VEH0048,SYNTHETIC,2026-08-17,Monday,18:10:00,Goiânia,Goiânia,Centro-Oeste,Centro-Oeste,36.2,30.3,compras,urban,True,False
TRIP00817,CUST0041,VEH0041,SYNTHETIC,2026-07-02,Friday,21:28:00,Brasília,Brasília,Centro-Oeste,Centro-Oeste,6.3,6.9,viagem,urban,True,False
TRIP00818,CUST0434,VEH0034,SYNTHETIC,2026-09-08,Thursday,07:08:00,Salvador,Salvador,Nordeste,Nordeste,22.6,53.0,família,urban,True,False
TRIP00819,CUST0039,VEH0039,SYNTHETIC,2026-07-06,Thursday,16:18:00,Belo Horizonte,Belo Horizonte,Sudeste,Sudeste,37.2,40.2,família,urban,False,False
TRIP00820,CUST0102,VEH0002,SYNTHETIC,2026-07-04,Monday,13:19:00,Goiânia,Goiânia,Centro-Oeste,Centro-Oeste,36.0,47.5,compras,urban,False,False
TRIP00821,CUST0010,VEH0010,SYNTHETIC,2026-06-30,Monday,06:22:00,Brasília,Brasília,Centro-Oeste,Centro-Oeste,33.5,43.7,cliente,urban,False,False
TRIP00822,CUST0459,VEH0059,SYNTHETIC,2026-09-19,Saturday,13:10:00,Campinas,Campinas,Sudeste,Sudeste,22.8,18.7,viagem,urban,False,False
TRIP00823,CUST0072,VEH0072,SYNTHETIC,2026-08-07,Monday,20:09:00,Campinas,Campinas,Sudeste,Sudeste,6.6,6.1,compras,urban,False,False
TRIP00824,CUST0138,VEH0038,SYNTHETIC,2026-09-30,Thursday,19:15:00,Brasília,Brasília,Centro-Oeste,Centro-Oeste,19.6,40.4,compras,urban,True,False
TRIP00825,CUST0423,VEH0023,SYNTHETIC,2026-09-16,Tuesday,21:20:00,Belo Horizonte,Belo Horizonte,Sudeste,Sudeste,14.8,17.4,trabalho,urban,False,False
TRIP00826,CUST0500,VEH0100,SYNTHETIC,2026-06-03,Tuesday,15:38:00,São Paulo,São Paulo,Sudeste,Sudeste,22.1,35.8,lazer,urban,True,False
TRIP00827,CUST0439,VEH0039,SYNTHETIC,2026-07-18,Wednesday,18:17:00,Curitiba,Curitiba,Sul,Sul,31.7,44.6,trabalho,urban,False,False
TRIP00828,CUST0069,VEH0069,SYNTHETIC,2026-07-29,Wednesday,10:40:00,Campinas,Fortaleza,Sudeste,Nordeste,163.6,205.9,família,intercity,True,True
TRIP00829,CUST0230,VEH0030,SYNTHETIC,2026-09-03,Saturday,12:50:00,Rio de Janeiro,Belo Horizonte,Sudeste,Sudeste,360.3,938.5,cliente,rodoviaria,False,True
TRIP00830,CUST0026,VEH0026,SYNTHETIC,2026-08-21,Monday,11:13:00,São Paulo,São Paulo,Sudeste,Sudeste,35.4,32.7,compras,urban,False,False
TRIP00831,CUST0405,VEH0005,SYNTHETIC,2026-06-05,Thursday,20:20:00,Belo Horizonte,São Paulo,Sudeste,Sudeste,122.5,207.0,família,intercity,False,False
TRIP00832,CUST0075,VEH0075,SYNTHETIC,2026-09-17,Tuesday,07:07:00,Campinas,Campinas,Sudeste,Sudeste,6.6,11.2,lazer,urban,False,False
TRIP00833,CUST0089,VEH0089,SYNTHETIC,2026-08-22,Sunday,07:04:00,Recife,Porto Alegre,Nordeste,Sul,342.9,438.4,escola,rodoviaria,True,True
TRIP00834,CUST0451,VEH0051,SYNTHETIC,2026-08-24,Friday,18:11:00,Fortaleza,Fortaleza,Nordeste,Nordeste,29.4,26.7,família,urban,False,False
TRIP00835,CUST0330,VEH0030,SYNTHETIC,2026-08-25,Tuesday,06:21:00,Curitiba,Curitiba,Sul,Sul,35.1,43.2,família,urban,False,False
TRIP00836,CUST0037,VEH0037,SYNTHETIC,2026-06-14,Tuesday,21:07:00,Belo Horizonte,Belo Horizonte,Sudeste,Sudeste,16.9,14.5,lazer,urban,True,False
TRIP00837,CUST0300,VEH0100,SYNTHETIC,2026-06-12,Sunday,17:19:00,Belo Horizonte,Belo Horizonte,Sudeste,Sudeste,34.9,31.8,compras,urban,True,False
TRIP00838,CUST0129,VEH0029,SYNTHETIC,2026-07-01,Wednesday,07:55:00,Salvador,Salvador,Nordeste,Nordeste,38.5,49.4,família,urban,False,False
TRIP00839,CUST0312,VEH0012,SYNTHETIC,2026-08-08,Sunday,22:25:00,Belo Horizonte,Belo Horizonte,Sudeste,Sudeste,30.5,35.8,cliente,urban,True,False
TRIP00840,CUST0444,VEH0044,SYNTHETIC,2026-08-28,Thursday,07:39:00,Goiânia,Goiânia,Centro-Oeste,Centro-Oeste,38.8,34.6,lazer,urban,True,False
TRIP00841,CUST0007,VEH0007,SYNTHETIC,2026-09-17,Tuesday,10:23:00,Rio de Janeiro,Rio de Janeiro,Sudeste,Sudeste,26.1,22.8,compras,urban,False,False
TRIP00842,CUST0461,VEH0061,SYNTHETIC,2026-09-06,Thursday,16:23:00,Florianópolis,Florianópolis,Sul,Sul,39.1,68.5,academia,urban,False,False
TRIP00843,CUST0376,VEH0076,SYNTHETIC,2026-08-05,Monday,17:27:00,Fortaleza,Fortaleza,Nordeste,Nordeste,43.7,37.4,compras,intercity,False,False
TRIP00844,CUST0234,VEH0034,SYNTHETIC,2026-08-15,Sunday,09:39:00,Fortaleza,Fortaleza,Nordeste,Nordeste,40.6,37.6,academia,intercity,False,False
TRIP00845,CUST0252,VEH0052,SYNTHETIC,2026-08-22,Tuesday,09:59:00,Salvador,Salvador,Nordeste,Nordeste,42.6,37.5,cliente,intercity,False,False
TRIP00846,CUST0381,VEH0081,SYNTHETIC,2026-06-24,Tuesday,11:30:00,Recife,Recife,Nordeste,Nordeste,9.7,23.1,rodoviária,urban,False,False
TRIP00847,CUST0007,VEH0007,SYNTHETIC,2026-09-18,Friday,13:48:00,Rio de Janeiro,Curitiba,Sudeste,Sul,165.8,338.7,compras,intercity,False,True
TRIP00848,CUST0327,VEH0027,SYNTHETIC,2026-07-02,Tuesday,09:36:00,Fortaleza,Fortaleza,Nordeste,Nordeste,14.1,17.1,compras,urban,False,False
TRIP00849,CUST0262,VEH0062,SYNTHETIC,2026-08-24,Friday,21:26:00,Rio de Janeiro,Rio de Janeiro,Sudeste,Sudeste,3.6,7.6,reunião,urban,True,False
TRIP00850,CUST0311,VEH0011,SYNTHETIC,2026-06-05,Tuesday,14:14:00,Brasília,Florianópolis,Centro-Oeste,Sul,168.9,251.5,trabalho,intercity,False,True
TRIP00851,CUST0292,VEH0092,SYNTHETIC,2026-09-25,Sunday,17:43:00,Rio de Janeiro,Brasília,Sudeste,Centro-Oeste,322.3,374.3,família,rodoviaria,False,True
TRIP00852,CUST0046,VEH0046,SYNTHETIC,2026-09-09,Saturday,19:59:00,Belo Horizonte,Fortaleza,Sudeste,Nordeste,330.7,596.4,família,rodoviaria,False,True
TRIP00853,CUST0184,VEH0084,SYNTHETIC,2026-08-14,Saturday,06:55:00,Goiânia,Goiânia,Centro-Oeste,Centro-Oeste,20.0,18.6,trabalho,urban,True,False
TRIP00854,CUST0097,VEH0097,SYNTHETIC,2026-09-11,Wednesday,20:25:00,Salvador,Fortaleza,Nordeste,Nordeste,125.7,161.6,academia,intercity,False,False
TRIP00855,CUST0004,VEH0004,SYNTHETIC,2026-08-20,Monday,21:53:00,Porto Alegre,Porto Alegre,Sul,Sul,15.4,21.5,família,urban,False,False
TRIP00856,CUST0480,VEH0080,SYNTHETIC,2026-09-11,Monday,08:32:00,São Paulo,Salvador,Sudeste,Nordeste,353.3,465.1,família,rodoviaria,True,True
TRIP00857,CUST0415,VEH0015,SYNTHETIC,2026-09-21,Monday,20:36:00,Porto Alegre,Porto Alegre,Sul,Sul,45.0,55.6,academia,intercity,False,False
TRIP00858,CUST0238,VEH0038,SYNTHETIC,2026-07-30,Thursday,20:33:00,Rio de Janeiro,Rio de Janeiro,Sudeste,Sudeste,36.1,39.7,aeroporto,urban,False,False
TRIP00859,CUST0419,VEH0019,SYNTHETIC,2026-07-02,Thursday,08:47:00,Goiânia,Goiânia,Centro-Oeste,Centro-Oeste,8.2,8.1,lazer,urban,False,False
TRIP00860,CUST0373,VEH0073,SYNTHETIC,2026-09-04,Wednesday,18:56:00,Rio de Janeiro,Rio de Janeiro,Sudeste,Sudeste,7.6,10.5,lazer,urban,False,False
TRIP00861,CUST0496,VEH0096,SYNTHETIC,2026-09-04,Monday,15:09:00,Recife,Recife,Nordeste,Nordeste,25.2,21.0,trabalho,urban,True,False
TRIP00862,CUST0402,VEH0002,SYNTHETIC,2026-08-22,Wednesday,17:28:00,Florianópolis,Rio de Janeiro,Sul,Sudeste,276.0,470.1,academia,rodoviaria,False,True
TRIP00863,CUST0086,VEH0086,SYNTHETIC,2026-08-24,Saturday,20:54:00,Belo Horizonte,Belo Horizonte,Sudeste,Sudeste,4.5,8.8,trabalho,urban,False,False
TRIP00864,CUST0056,VEH0056,SYNTHETIC,2026-08-29,Saturday,17:22:00,Porto Alegre,Brasília,Sul,Centro-Oeste,391.0,893.3,família,rodoviaria,False,True
TRIP00865,CUST0165,VEH0065,SYNTHETIC,2026-07-26,Tuesday,11:52:00,Florianópolis,Florianópolis,Sul,Sul,11.9,13.2,família,urban,False,False
TRIP00866,CUST0164,VEH0064,SYNTHETIC,2026-09-03,Sunday,11:12:00,Florianópolis,Salvador,Sul,Nordeste,140.7,181.4,família,intercity,True,False
TRIP00867,CUST0463,VEH0063,SYNTHETIC,2026-06-18,Tuesday,17:43:00,Belo Horizonte,Belo Horizonte,Sudeste,Sudeste,42.0,81.2,trabalho,intercity,False,False
TRIP00868,CUST0430,VEH0030,SYNTHETIC,2026-09-12,Sunday,19:22:00,Curitiba,Goiânia,Sul,Centro-Oeste,314.9,833.8,cliente,rodoviaria,True,True
TRIP00869,CUST0466,VEH0066,SYNTHETIC,2026-09-11,Tuesday,21:15:00,Porto Alegre,Porto Alegre,Sul,Sul,34.6,34.8,família,urban,False,False
TRIP00870,CUST0260,VEH0060,SYNTHETIC,2026-09-28,Thursday,12:12:00,Campinas,São Paulo,Sudeste,Sudeste,399.6,923.6,viagem,rodoviaria,True,True
TRIP00871,CUST0319,VEH0019,SYNTHETIC,2026-08-15,Friday,08:19:00,Campinas,Campinas,Sudeste,Sudeste,7.9,12.4,academia,urban,False,False
TRIP00872,CUST0075,VEH0075,SYNTHETIC,2026-09-18,Saturday,14:35:00,Campinas,Campinas,Sudeste,Sudeste,21.5,25.2,família,urban,False,False
TRIP00873,CUST0060,VEH0060,SYNTHETIC,2026-08-07,Thursday,16:18:00,Campinas,Campinas,Sudeste,Sudeste,26.2,49.6,academia,urban,False,False
TRIP00874,CUST0336,VEH0036,SYNTHETIC,2026-08-11,Tuesday,16:04:00,Salvador,Salvador,Nordeste,Nordeste,19.4,37.3,trabalho,urban,False,False
TRIP00875,CUST0352,VEH0052,SYNTHETIC,2026-08-26,Saturday,10:10:00,Curitiba,Curitiba,Sul,Sul,37.6,47.5,trabalho,urban,True,False
TRIP00876,CUST0115,VEH0015,SYNTHETIC,2026-09-21,Friday,09:06:00,Salvador,Salvador,Nordeste,Nordeste,8.0,17.8,família,urban,True,False
TRIP00877,CUST0251,VEH0051,SYNTHETIC,2026-08-02,Sunday,21:14:00,Florianópolis,Belo Horizonte,Sul,Sudeste,153.6,240.7,família,intercity,False,True
TRIP00878,CUST0262,VEH0062,SYNTHETIC,2026-09-26,Tuesday,20:31:00,Rio de Janeiro,Rio de Janeiro,Sudeste,Sudeste,8.0,7.8,trabalho,urban,False,False
TRIP00879,CUST0394,VEH0094,SYNTHETIC,2026-08-08,Monday,19:08:00,São Paulo,São Paulo,Sudeste,Sudeste,29.4,29.9,compras,urban,True,False
TRIP00880,CUST0471,VEH0071,SYNTHETIC,2026-06-12,Thursday,18:47:00,Salvador,Goiânia,Nordeste,Centro-Oeste,224.5,302.4,entrega,rodoviaria,True,True
TRIP00881,CUST0352,VEH0052,SYNTHETIC,2026-08-19,Friday,07:55:00,Curitiba,Curitiba,Sul,Sul,44.6,59.2,viagem,intercity,False,False
TRIP00882,CUST0137,VEH0037,SYNTHETIC,2026-07-15,Saturday,07:47:00,Campinas,Campinas,Sudeste,Sudeste,15.0,12.9,cliente,urban,False,False
TRIP00883,CUST0437,VEH0037,SYNTHETIC,2026-08-09,Tuesday,15:21:00,Rio de Janeiro,Rio de Janeiro,Sudeste,Sudeste,24.1,35.4,compras,urban,False,False
TRIP00884,CUST0457,VEH0057,SYNTHETIC,2026-09-18,Tuesday,20:21:00,São Paulo,São Paulo,Sudeste,Sudeste,42.8,35.7,viagem,intercity,False,False
TRIP00885,CUST0162,VEH0062,SYNTHETIC,2026-06-07,Tuesday,20:11:00,Goiânia,Goiânia,Centro-Oeste,Centro-Oeste,6.9,6.2,família,urban,True,False
TRIP00886,CUST0078,VEH0078,SYNTHETIC,2026-08-15,Friday,09:01:00,Campinas,Campinas,Sudeste,Sudeste,25.6,29.2,lazer,urban,False,False
TRIP00887,CUST0153,VEH0053,SYNTHETIC,2026-07-18,Saturday,16:31:00,Belo Horizonte,Belo Horizonte,Sudeste,Sudeste,43.3,56.7,cliente,intercity,True,False
TRIP00888,CUST0001,VEH0001,SYNTHETIC,2026-06-28,Sunday,18:56:00,Salvador,Salvador,Nordeste,Nordeste,30.4,36.3,família,urban,False,False
TRIP00889,CUST0470,VEH0070,SYNTHETIC,2026-07-15,Wednesday,15:11:00,Porto Alegre,Porto Alegre,Sul,Sul,15.7,27.6,cliente,urban,True,False
TRIP00890,CUST0467,VEH0067,SYNTHETIC,2026-09-09,Sunday,12:20:00,Belo Horizonte,Rio de Janeiro,Sudeste,Sudeste,176.0,304.7,reunião,intercity,True,True
TRIP00891,CUST0260,VEH0060,SYNTHETIC,2026-07-29,Saturday,06:29:00,Campinas,São Paulo,Sudeste,Sudeste,280.2,336.2,viagem,rodoviaria,False,True
TRIP00892,CUST0212,VEH0012,SYNTHETIC,2026-09-23,Tuesday,20:49:00,Fortaleza,Fortaleza,Nordeste,Nordeste,35.9,69.8,lazer,urban,False,False
TRIP00893,CUST0242,VEH0042,SYNTHETIC,2026-09-27,Tuesday,13:01:00,Belo Horizonte,Belo Horizonte,Sudeste,Sudeste,29.5,25.2,viagem,urban,True,False
TRIP00894,CUST0058,VEH0058,SYNTHETIC,2026-08-18,Friday,13:59:00,Campinas,Campinas,Sudeste,Sudeste,31.4,40.3,rodoviária,urban,False,False
TRIP00895,CUST0399,VEH0099,SYNTHETIC,2026-09-07,Saturday,06:14:00,Florianópolis,Florianópolis,Sul,Sul,37.0,66.4,compras,urban,False,False
TRIP00896,CUST0123,VEH0023,SYNTHETIC,2026-08-07,Friday,14:15:00,São Paulo,São Paulo,Sudeste,Sudeste,24.7,25.1,rodoviária,urban,False,False
TRIP00897,CUST0201,VEH0001,SYNTHETIC,2026-06-15,Friday,08:07:00,São Paulo,Curitiba,Sudeste,Sul,263.7,527.2,entrega,rodoviaria,False,True
TRIP00898,CUST0166,VEH0066,SYNTHETIC,2026-06-22,Monday,19:42:00,Porto Alegre,Porto Alegre,Sul,Sul,11.1,10.7,compras,urban,False,False
TRIP00899,CUST0331,VEH0031,SYNTHETIC,2026-06-22,Wednesday,06:08:00,Rio de Janeiro,Rio de Janeiro,Sudeste,Sudeste,35.1,53.3,família,urban,False,False
TRIP00900,CUST0202,VEH0002,SYNTHETIC,2026-06-21,Sunday,12:21:00,Rio de Janeiro,Rio de Janeiro,Sudeste,Sudeste,42.8,73.3,família,intercity,True,False
TRIP00901,CUST0230,VEH0030,SYNTHETIC,2026-06-11,Sunday,17:55:00,Rio de Janeiro,Rio de Janeiro,Sudeste,Sudeste,26.0,45.0,entrega,urban,False,False
TRIP00902,CUST0012,VEH0012,SYNTHETIC,2026-08-02,Tuesday,20:39:00,Porto Alegre,Porto Alegre,Sul,Sul,39.2,48.8,família,urban,False,False
TRIP00903,CUST0262,VEH0062,SYNTHETIC,2026-08-24,Monday,20:00:00,Rio de Janeiro,Rio de Janeiro,Sudeste,Sudeste,23.9,23.0,cliente,urban,False,False
TRIP00904,CUST0407,VEH0007,SYNTHETIC,2026-09-19,Friday,22:30:00,Rio de Janeiro,Rio de Janeiro,Sudeste,Sudeste,13.8,16.6,academia,urban,False,False
TRIP00905,CUST0057,VEH0057,SYNTHETIC,2026-09-12,Wednesday,16:17:00,Brasília,Brasília,Centro-Oeste,Centro-Oeste,43.9,55.5,viagem,intercity,False,False
TRIP00906,CUST0467,VEH0067,SYNTHETIC,2026-06-29,Monday,07:33:00,Belo Horizonte,Curitiba,Sudeste,Sul,382.2,571.9,cliente,rodoviaria,False,True
TRIP00907,CUST0397,VEH0097,SYNTHETIC,2026-06-03,Friday,16:41:00,Brasília,Brasília,Centro-Oeste,Centro-Oeste,30.5,48.7,família,urban,False,False
TRIP00908,CUST0043,VEH0043,SYNTHETIC,2026-07-05,Sunday,10:23:00,Salvador,Salvador,Nordeste,Nordeste,41.4,81.2,viagem,intercity,False,False
TRIP00909,CUST0126,VEH0026,SYNTHETIC,2026-09-13,Wednesday,21:28:00,Fortaleza,Recife,Nordeste,Nordeste,85.2,95.3,família,intercity,True,False
TRIP00910,CUST0052,VEH0052,SYNTHETIC,2026-07-05,Monday,18:51:00,Fortaleza,Fortaleza,Nordeste,Nordeste,4.1,4.4,restaurante,urban,False,False
TRIP00911,CUST0465,VEH0065,SYNTHETIC,2026-07-15,Saturday,13:33:00,Recife,Belo Horizonte,Nordeste,Sudeste,302.0,553.0,família,rodoviaria,False,True
TRIP00912,CUST0471,VEH0071,SYNTHETIC,2026-08-14,Friday,12:45:00,Salvador,Curitiba,Nordeste,Sul,285.2,479.4,cliente,rodoviaria,False,True
TRIP00913,CUST0160,VEH0060,SYNTHETIC,2026-08-12,Tuesday,07:30:00,Goiânia,Goiânia,Centro-Oeste,Centro-Oeste,10.6,9.9,trabalho,urban,False,False
TRIP00914,CUST0494,VEH0094,SYNTHETIC,2026-07-30,Sunday,14:26:00,Florianópolis,Florianópolis,Sul,Sul,35.9,84.3,lazer,urban,False,False
TRIP00915,CUST0416,VEH0016,SYNTHETIC,2026-09-25,Thursday,16:00:00,Curitiba,Curitiba,Sul,Sul,21.4,18.3,reunião,urban,False,False
TRIP00916,CUST0362,VEH0062,SYNTHETIC,2026-07-27,Thursday,21:22:00,Florianópolis,Florianópolis,Sul,Sul,29.6,27.6,lazer,urban,False,False
TRIP00917,CUST0133,VEH0033,SYNTHETIC,2026-07-20,Wednesday,10:14:00,Porto Alegre,Porto Alegre,Sul,Sul,28.0,41.3,rodoviária,urban,False,False
TRIP00918,CUST0273,VEH0073,SYNTHETIC,2026-09-24,Friday,16:00:00,Florianópolis,Florianópolis,Sul,Sul,19.0,28.2,rodoviária,urban,False,False
TRIP00919,CUST0488,VEH0088,SYNTHETIC,2026-06-30,Saturday,14:31:00,Goiânia,Salvador,Centro-Oeste,Nordeste,211.2,336.2,viagem,rodoviaria,False,True
TRIP00920,CUST0290,VEH0090,SYNTHETIC,2026-09-04,Sunday,21:14:00,Recife,Recife,Nordeste,Nordeste,31.8,50.0,entrega,urban,True,False
TRIP00921,CUST0458,VEH0058,SYNTHETIC,2026-07-12,Tuesday,13:55:00,Brasília,Brasília,Centro-Oeste,Centro-Oeste,25.9,39.5,lazer,urban,True,False
TRIP00922,CUST0124,VEH0024,SYNTHETIC,2026-08-17,Thursday,19:14:00,Rio de Janeiro,Rio de Janeiro,Sudeste,Sudeste,10.9,12.9,cliente,urban,False,False
TRIP00923,CUST0330,VEH0030,SYNTHETIC,2026-07-16,Sunday,14:14:00,Curitiba,Curitiba,Sul,Sul,10.9,14.9,compras,urban,False,False
TRIP00924,CUST0248,VEH0048,SYNTHETIC,2026-07-14,Tuesday,08:32:00,Campinas,Campinas,Sudeste,Sudeste,42.3,57.9,compras,intercity,True,False
TRIP00925,CUST0403,VEH0003,SYNTHETIC,2026-08-01,Wednesday,10:19:00,Fortaleza,Rio de Janeiro,Nordeste,Sudeste,334.7,560.6,trabalho,rodoviaria,False,True
TRIP00926,CUST0402,VEH0002,SYNTHETIC,2026-07-28,Friday,07:06:00,Florianópolis,Curitiba,Sul,Sul,207.4,315.7,trabalho,rodoviaria,False,True
TRIP00927,CUST0180,VEH0080,SYNTHETIC,2026-07-16,Saturday,18:45:00,Porto Alegre,Porto Alegre,Sul,Sul,4.5,10.7,academia,urban,False,False
TRIP00928,CUST0028,VEH0028,SYNTHETIC,2026-06-25,Wednesday,14:00:00,Curitiba,Goiânia,Sul,Centro-Oeste,250.4,391.9,família,rodoviaria,True,True
TRIP00929,CUST0454,VEH0054,SYNTHETIC,2026-09-27,Tuesday,12:29:00,Fortaleza,Fortaleza,Nordeste,Nordeste,10.6,9.1,compras,urban,True,False
TRIP00930,CUST0058,VEH0058,SYNTHETIC,2026-07-22,Saturday,16:07:00,Campinas,Recife,Sudeste,Nordeste,335.6,363.5,trabalho,rodoviaria,False,True
TRIP00931,CUST0096,VEH0096,SYNTHETIC,2026-09-11,Saturday,09:35:00,Rio de Janeiro,Rio de Janeiro,Sudeste,Sudeste,13.9,16.9,família,urban,False,False
TRIP00932,CUST0314,VEH0014,SYNTHETIC,2026-09-05,Wednesday,16:04:00,Goiânia,Goiânia,Centro-Oeste,Centro-Oeste,29.4,28.0,academia,urban,False,False
TRIP00933,CUST0325,VEH0025,SYNTHETIC,2026-10-01,Wednesday,06:19:00,Fortaleza,Fortaleza,Nordeste,Nordeste,13.5,11.9,escola,urban,False,False
TRIP00934,CUST0281,VEH0081,SYNTHETIC,2026-09-03,Sunday,17:26:00,Rio de Janeiro,Curitiba,Sudeste,Sul,71.3,115.3,família,intercity,False,False
TRIP00935,CUST0358,VEH0058,SYNTHETIC,2026-06-08,Sunday,07:59:00,Porto Alegre,Porto Alegre,Sul,Sul,12.7,17.6,trabalho,urban,False,False
TRIP00936,CUST0019,VEH0019,SYNTHETIC,2026-09-17,Friday,17:32:00,Florianópolis,Goiânia,Sul,Centro-Oeste,114.8,249.9,obra,intercity,False,False
TRIP00937,CUST0113,VEH0013,SYNTHETIC,2026-07-17,Tuesday,09:56:00,Brasília,Brasília,Centro-Oeste,Centro-Oeste,20.2,26.4,família,urban,True,False
TRIP00938,CUST0338,VEH0038,SYNTHETIC,2026-09-15,Sunday,08:41:00,Goiânia,Goiânia,Centro-Oeste,Centro-Oeste,17.0,25.9,academia,urban,False,False
TRIP00939,CUST0177,VEH0077,SYNTHETIC,2026-09-13,Monday,09:13:00,Campinas,Campinas,Sudeste,Sudeste,41.1,60.5,escola,intercity,False,False
TRIP00940,CUST0452,VEH0052,SYNTHETIC,2026-06-06,Thursday,21:33:00,Florianópolis,Florianópolis,Sul,Sul,38.6,57.5,lazer,urban,False,False
TRIP00941,CUST0488,VEH0088,SYNTHETIC,2026-08-03,Tuesday,17:03:00,Goiânia,Goiânia,Centro-Oeste,Centro-Oeste,26.1,25.4,rodoviária,urban,False,False
TRIP00942,CUST0364,VEH0064,SYNTHETIC,2026-06-30,Friday,20:58:00,Porto Alegre,Porto Alegre,Sul,Sul,27.4,24.1,trabalho,urban,False,False
TRIP00943,CUST0260,VEH0060,SYNTHETIC,2026-06-09,Thursday,20:30:00,Campinas,Campinas,Sudeste,Sudeste,15.2,18.0,rodoviária,urban,False,False
TRIP00944,CUST0223,VEH0023,SYNTHETIC,2026-09-28,Tuesday,16:08:00,Campinas,Campinas,Sudeste,Sudeste,27.0,24.7,cliente,urban,False,False
TRIP00945,CUST0458,VEH0058,SYNTHETIC,2026-09-16,Monday,15:53:00,Brasília,Brasília,Centro-Oeste,Centro-Oeste,8.1,9.3,compras,urban,False,False
TRIP00946,CUST0271,VEH0071,SYNTHETIC,2026-07-26,Tuesday,13:27:00,Salvador,Salvador,Nordeste,Nordeste,13.2,21.3,escola,urban,False,False
TRIP00947,CUST0295,VEH0095,SYNTHETIC,2026-06-28,Thursday,10:51:00,Campinas,Porto Alegre,Sudeste,Sul,305.7,395.9,compras,rodoviaria,True,True
TRIP00948,CUST0466,VEH0066,SYNTHETIC,2026-06-06,Friday,11:21:00,Porto Alegre,Porto Alegre,Sul,Sul,22.5,20.7,família,urban,True,False
TRIP00949,CUST0128,VEH0028,SYNTHETIC,2026-09-26,Sunday,08:47:00,Porto Alegre,Porto Alegre,Sul,Sul,42.4,55.7,compras,intercity,True,False
TRIP00950,CUST0117,VEH0017,SYNTHETIC,2026-07-26,Monday,18:58:00,Salvador,Salvador,Nordeste,Nordeste,32.4,61.7,cliente,urban,False,False
TRIP00951,CUST0314,VEH0014,SYNTHETIC,2026-07-28,Saturday,22:09:00,Goiânia,Campinas,Centro-Oeste,Sudeste,361.0,455.2,trabalho,rodoviaria,True,True
TRIP00952,CUST0087,VEH0087,SYNTHETIC,2026-06-27,Wednesday,14:01:00,Brasília,Rio de Janeiro,Centro-Oeste,Sudeste,349.7,329.9,cliente,rodoviaria,False,True
TRIP00953,CUST0400,VEH0100,SYNTHETIC,2026-07-16,Monday,08:39:00,Florianópolis,Florianópolis,Sul,Sul,15.2,21.8,restaurante,urban,False,False
TRIP00954,CUST0380,VEH0080,SYNTHETIC,2026-07-11,Monday,22:14:00,Fortaleza,Fortaleza,Nordeste,Nordeste,16.9,15.3,família,urban,False,False
TRIP00955,CUST0040,VEH0040,SYNTHETIC,2026-07-19,Wednesday,13:14:00,Curitiba,Curitiba,Sul,Sul,38.0,33.9,lazer,urban,False,False
TRIP00956,CUST0459,VEH0059,SYNTHETIC,2026-07-15,Saturday,11:54:00,Campinas,Campinas,Sudeste,Sudeste,30.1,51.1,cliente,urban,False,False
TRIP00957,CUST0142,VEH0042,SYNTHETIC,2026-09-10,Thursday,11:46:00,Florianópolis,Florianópolis,Sul,Sul,23.1,21.8,compras,urban,False,False
TRIP00958,CUST0054,VEH0054,SYNTHETIC,2026-08-22,Thursday,13:57:00,Rio de Janeiro,Rio de Janeiro,Sudeste,Sudeste,35.0,39.2,rodoviária,urban,False,False
TRIP00959,CUST0346,VEH0046,SYNTHETIC,2026-07-04,Thursday,12:08:00,Rio de Janeiro,Rio de Janeiro,Sudeste,Sudeste,44.0,104.5,aeroporto,intercity,True,False
TRIP00960,CUST0120,VEH0020,SYNTHETIC,2026-09-10,Saturday,07:42:00,Fortaleza,Fortaleza,Nordeste,Nordeste,25.1,58.7,viagem,urban,False,False
TRIP00961,CUST0005,VEH0005,SYNTHETIC,2026-08-08,Thursday,18:23:00,Fortaleza,Fortaleza,Nordeste,Nordeste,14.3,14.7,compras,urban,False,False
TRIP00962,CUST0075,VEH0075,SYNTHETIC,2026-07-20,Tuesday,16:07:00,Campinas,Campinas,Sudeste,Sudeste,24.0,22.9,compras,urban,False,False
TRIP00963,CUST0326,VEH0026,SYNTHETIC,2026-08-29,Monday,19:37:00,Recife,Recife,Nordeste,Nordeste,33.9,51.3,rodoviária,urban,True,False
TRIP00964,CUST0016,VEH0016,SYNTHETIC,2026-09-01,Monday,12:03:00,Brasília,Porto Alegre,Centro-Oeste,Sul,276.3,272.4,academia,rodoviaria,False,True
TRIP00965,CUST0492,VEH0092,SYNTHETIC,2026-08-24,Wednesday,15:23:00,Salvador,Salvador,Nordeste,Nordeste,12.4,21.2,família,urban,False,False
TRIP00966,CUST0103,VEH0003,SYNTHETIC,2026-08-26,Saturday,19:49:00,Porto Alegre,Fortaleza,Sul,Nordeste,61.7,91.2,viagem,intercity,True,False
TRIP00967,CUST0473,VEH0073,SYNTHETIC,2026-08-15,Sunday,15:04:00,Curitiba,Curitiba,Sul,Sul,20.1,29.7,aeroporto,urban,False,False
TRIP00968,CUST0049,VEH0049,SYNTHETIC,2026-09-14,Monday,13:33:00,Curitiba,Curitiba,Sul,Sul,27.3,22.1,lazer,urban,False,False
TRIP00969,CUST0482,VEH0082,SYNTHETIC,2026-06-20,Wednesday,10:18:00,Goiânia,Goiânia,Centro-Oeste,Centro-Oeste,27.3,23.2,família,urban,False,False
TRIP00970,CUST0387,VEH0087,SYNTHETIC,2026-09-10,Sunday,15:52:00,Recife,Recife,Nordeste,Nordeste,4.7,4.2,rodoviária,urban,True,False
TRIP00971,CUST0101,VEH0001,SYNTHETIC,2026-09-30,Monday,14:04:00,Campinas,Campinas,Sudeste,Sudeste,43.7,68.2,trabalho,intercity,False,False
TRIP00972,CUST0222,VEH0022,SYNTHETIC,2026-09-03,Monday,21:46:00,Florianópolis,Florianópolis,Sul,Sul,40.9,50.4,reunião,intercity,False,False
TRIP00973,CUST0463,VEH0063,SYNTHETIC,2026-09-12,Saturday,15:53:00,Belo Horizonte,Belo Horizonte,Sudeste,Sudeste,18.8,35.6,trabalho,urban,False,False
TRIP00974,CUST0299,VEH0099,SYNTHETIC,2026-07-21,Thursday,11:31:00,Porto Alegre,Porto Alegre,Sul,Sul,31.7,31.8,reunião,urban,False,False
TRIP00975,CUST0431,VEH0031,SYNTHETIC,2026-06-14,Tuesday,16:23:00,Rio de Janeiro,Rio de Janeiro,Sudeste,Sudeste,39.5,42.3,lazer,urban,False,False
TRIP00976,CUST0066,VEH0066,SYNTHETIC,2026-07-07,Sunday,08:25:00,Fortaleza,Fortaleza,Nordeste,Nordeste,31.0,45.6,família,urban,False,False
TRIP00977,CUST0353,VEH0053,SYNTHETIC,2026-07-26,Wednesday,08:07:00,Porto Alegre,Porto Alegre,Sul,Sul,27.9,41.2,família,urban,True,False
TRIP00978,CUST0040,VEH0040,SYNTHETIC,2026-08-29,Tuesday,20:23:00,Curitiba,Curitiba,Sul,Sul,15.9,22.2,família,urban,False,False
TRIP00979,CUST0245,VEH0045,SYNTHETIC,2026-07-03,Monday,14:03:00,Curitiba,Curitiba,Sul,Sul,32.3,38.3,escola,urban,True,False
TRIP00980,CUST0414,VEH0014,SYNTHETIC,2026-06-26,Saturday,22:03:00,Rio de Janeiro,Rio de Janeiro,Sudeste,Sudeste,10.1,12.1,família,urban,False,False
TRIP00981,CUST0366,VEH0066,SYNTHETIC,2026-09-14,Sunday,13:23:00,Goiânia,Recife,Centro-Oeste,Nordeste,316.5,399.7,trabalho,rodoviaria,True,True
TRIP00982,CUST0403,VEH0003,SYNTHETIC,2026-06-03,Tuesday,20:09:00,Fortaleza,Fortaleza,Nordeste,Nordeste,37.5,61.8,academia,urban,False,False
TRIP00983,CUST0360,VEH0060,SYNTHETIC,2026-07-03,Saturday,17:33:00,Fortaleza,Belo Horizonte,Nordeste,Sudeste,78.8,151.2,academia,intercity,False,False
TRIP00984,CUST0031,VEH0031,SYNTHETIC,2026-09-05,Tuesday,08:19:00,Brasília,Brasília,Centro-Oeste,Centro-Oeste,28.8,54.3,rodoviária,urban,True,False
TRIP00985,CUST0369,VEH0069,SYNTHETIC,2026-07-04,Thursday,14:45:00,Florianópolis,Florianópolis,Sul,Sul,32.6,30.8,família,urban,False,False
TRIP00986,CUST0225,VEH0025,SYNTHETIC,2026-09-05,Saturday,06:42:00,Goiânia,Goiânia,Centro-Oeste,Centro-Oeste,23.1,43.8,lazer,urban,False,False
TRIP00987,CUST0286,VEH0086,SYNTHETIC,2026-09-02,Thursday,08:13:00,Salvador,Salvador,Nordeste,Nordeste,32.3,50.4,lazer,urban,False,False
TRIP00988,CUST0063,VEH0063,SYNTHETIC,2026-09-30,Wednesday,22:58:00,Recife,Goiânia,Nordeste,Centro-Oeste,59.9,117.3,rodoviária,intercity,True,False
TRIP00989,CUST0224,VEH0024,SYNTHETIC,2026-08-29,Tuesday,21:05:00,Rio de Janeiro,Rio de Janeiro,Sudeste,Sudeste,29.8,27.6,trabalho,urban,False,False
TRIP00990,CUST0445,VEH0045,SYNTHETIC,2026-06-08,Wednesday,17:03:00,Recife,Recife,Nordeste,Nordeste,30.4,24.7,academia,urban,True,False
TRIP00991,CUST0262,VEH0062,SYNTHETIC,2026-09-20,Tuesday,16:36:00,Rio de Janeiro,Rio de Janeiro,Sudeste,Sudeste,14.0,15.1,aeroporto,urban,True,False
TRIP00992,CUST0187,VEH0087,SYNTHETIC,2026-07-15,Saturday,13:01:00,Rio de Janeiro,Brasília,Sudeste,Centro-Oeste,329.8,444.1,aeroporto,rodoviaria,False,True
TRIP00993,CUST0471,VEH0071,SYNTHETIC,2026-08-21,Wednesday,12:21:00,Salvador,Campinas,Nordeste,Sudeste,377.4,875.1,entrega,rodoviaria,False,True
TRIP00994,CUST0306,VEH0006,SYNTHETIC,2026-10-01,Monday,16:40:00,Fortaleza,Fortaleza,Nordeste,Nordeste,3.5,3.2,cliente,urban,False,False
TRIP00995,CUST0436,VEH0036,SYNTHETIC,2026-08-31,Sunday,10:39:00,São Paulo,Salvador,Sudeste,Nordeste,110.1,130.0,viagem,intercity,False,False
TRIP00996,CUST0411,VEH0011,SYNTHETIC,2026-07-03,Monday,06:14:00,Curitiba,São Paulo,Sul,Sudeste,61.0,71.2,trabalho,intercity,False,False
TRIP00997,CUST0070,VEH0070,SYNTHETIC,2026-07-30,Saturday,17:46:00,Campinas,Fortaleza,Sudeste,Nordeste,104.8,123.7,compras,intercity,False,False
TRIP00998,CUST0107,VEH0007,SYNTHETIC,2026-09-14,Sunday,16:24:00,Salvador,Salvador,Nordeste,Nordeste,32.5,43.3,família,urban,False,False
TRIP00999,CUST0452,VEH0052,SYNTHETIC,2026-08-22,Wednesday,18:37:00,Florianópolis,Rio de Janeiro,Sul,Sudeste,75.3,163.4,lazer,intercity,False,False
TRIP01000,CUST0086,VEH0086,SYNTHETIC,2026-07-25,Saturday,21:52:00,Belo Horizonte,Belo Horizonte,Sudeste,Sudeste,12.5,23.4,compras,urban,False,False
TRIP01001,CUST0293,VEH0093,SYNTHETIC,2026-08-14,Friday,07:44:00,Porto Alegre,Porto Alegre,Sul,Sul,33.9,37.1,trabalho,urban,False,False
TRIP01002,CUST0299,VEH0099,SYNTHETIC,2026-09-23,Thursday,09:40:00,Porto Alegre,São Paulo,Sul,Sudeste,46.5,72.8,cliente,intercity,True,False
TRIP01003,CUST0212,VEH0012,SYNTHETIC,2026-07-20,Wednesday,12:45:00,Fortaleza,Fortaleza,Nordeste,Nordeste,37.6,37.9,compras,urban,True,False
TRIP01004,CUST0397,VEH0097,SYNTHETIC,2026-09-10,Friday,10:35:00,Brasília,Brasília,Centro-Oeste,Centro-Oeste,42.4,90.6,compras,intercity,False,False
TRIP01005,CUST0122,VEH0022,SYNTHETIC,2026-08-22,Monday,16:10:00,Fortaleza,Fortaleza,Nordeste,Nordeste,30.3,71.5,trabalho,urban,True,False
TRIP01006,CUST0373,VEH0073,SYNTHETIC,2026-07-13,Monday,22:20:00,Rio de Janeiro,Rio de Janeiro,Sudeste,Sudeste,14.0,11.9,lazer,urban,False,False
TRIP01007,CUST0407,VEH0007,SYNTHETIC,2026-07-14,Saturday,11:41:00,Rio de Janeiro,Rio de Janeiro,Sudeste,Sudeste,11.9,18.6,família,urban,False,False
TRIP01008,CUST0310,VEH0010,SYNTHETIC,2026-07-14,Friday,19:41:00,Fortaleza,Fortaleza,Nordeste,Nordeste,42.9,73.4,cliente,intercity,True,False
TRIP01009,CUST0053,VEH0053,SYNTHETIC,2026-08-22,Monday,12:19:00,Brasília,Brasília,Centro-Oeste,Centro-Oeste,18.8,17.0,reunião,urban,False,False
TRIP01010,CUST0144,VEH0044,SYNTHETIC,2026-09-13,Wednesday,15:47:00,Rio de Janeiro,Rio de Janeiro,Sudeste,Sudeste,36.2,38.9,obra,urban,True,False
TRIP01011,CUST0460,VEH0060,SYNTHETIC,2026-09-11,Sunday,16:24:00,Recife,Recife,Nordeste,Nordeste,11.1,15.4,lazer,urban,True,False
TRIP01012,CUST0248,VEH0048,SYNTHETIC,2026-06-13,Thursday,20:11:00,Campinas,Campinas,Sudeste,Sudeste,10.6,19.4,trabalho,urban,False,False
TRIP01013,CUST0223,VEH0023,SYNTHETIC,2026-09-15,Tuesday,18:37:00,Campinas,Campinas,Sudeste,Sudeste,3.9,5.1,reunião,urban,False,False
TRIP01014,CUST0038,VEH0038,SYNTHETIC,2026-06-17,Wednesday,09:03:00,Recife,Recife,Nordeste,Nordeste,38.5,38.1,viagem,urban,True,False
TRIP01015,CUST0384,VEH0084,SYNTHETIC,2026-10-01,Thursday,09:42:00,Rio de Janeiro,Rio de Janeiro,Sudeste,Sudeste,16.1,13.9,lazer,urban,True,False
TRIP01016,CUST0103,VEH0003,SYNTHETIC,2026-09-29,Wednesday,12:16:00,Porto Alegre,Porto Alegre,Sul,Sul,23.0,27.1,cliente,urban,True,False
TRIP01017,CUST0140,VEH0040,SYNTHETIC,2026-08-24,Saturday,19:31:00,Brasília,Brasília,Centro-Oeste,Centro-Oeste,9.4,8.6,família,urban,False,False
TRIP01018,CUST0187,VEH0087,SYNTHETIC,2026-09-22,Saturday,13:50:00,Rio de Janeiro,Rio de Janeiro,Sudeste,Sudeste,31.8,74.3,trabalho,urban,False,False
TRIP01019,CUST0199,VEH0099,SYNTHETIC,2026-06-19,Wednesday,13:12:00,São Paulo,São Paulo,Sudeste,Sudeste,8.0,8.2,trabalho,urban,False,False
TRIP01020,CUST0415,VEH0015,SYNTHETIC,2026-07-23,Friday,17:52:00,Porto Alegre,Porto Alegre,Sul,Sul,30.1,28.9,academia,urban,False,False
TRIP01021,CUST0034,VEH0034,SYNTHETIC,2026-09-03,Sunday,17:11:00,Salvador,Salvador,Nordeste,Nordeste,39.3,33.5,trabalho,urban,False,False
TRIP01022,CUST0005,VEH0005,SYNTHETIC,2026-07-12,Wednesday,22:01:00,Fortaleza,Fortaleza,Nordeste,Nordeste,40.2,36.0,lazer,intercity,False,False
TRIP01023,CUST0151,VEH0051,SYNTHETIC,2026-09-14,Thursday,14:56:00,São Paulo,São Paulo,Sudeste,Sudeste,25.3,21.9,escola,urban,False,False
TRIP01024,CUST0165,VEH0065,SYNTHETIC,2026-09-14,Monday,21:36:00,Florianópolis,Florianópolis,Sul,Sul,8.6,13.3,lazer,urban,False,False
TRIP01025,CUST0108,VEH0008,SYNTHETIC,2026-06-22,Tuesday,06:07:00,Campinas,Goiânia,Sudeste,Centro-Oeste,203.6,239.5,família,rodoviaria,False,True
TRIP01026,CUST0410,VEH0010,SYNTHETIC,2026-06-08,Tuesday,18:40:00,Belo Horizonte,Belo Horizonte,Sudeste,Sudeste,34.7,54.9,compras,urban,False,False
TRIP01027,CUST0380,VEH0080,SYNTHETIC,2026-07-27,Monday,19:43:00,Fortaleza,Salvador,Nordeste,Nordeste,263.2,417.5,compras,rodoviaria,False,True
TRIP01028,CUST0261,VEH0061,SYNTHETIC,2026-07-19,Thursday,06:01:00,Goiânia,Goiânia,Centro-Oeste,Centro-Oeste,36.7,39.5,restaurante,urban,False,False
TRIP01029,CUST0103,VEH0003,SYNTHETIC,2026-09-18,Saturday,21:35:00,Porto Alegre,Porto Alegre,Sul,Sul,4.0,6.5,viagem,urban,False,False
TRIP01030,CUST0441,VEH0041,SYNTHETIC,2026-07-05,Saturday,12:16:00,Goiânia,Goiânia,Centro-Oeste,Centro-Oeste,18.2,25.6,lazer,urban,False,False
TRIP01031,CUST0469,VEH0069,SYNTHETIC,2026-08-28,Saturday,12:43:00,Salvador,Salvador,Nordeste,Nordeste,30.5,25.9,escola,urban,False,False
TRIP01032,CUST0436,VEH0036,SYNTHETIC,2026-06-25,Friday,18:18:00,São Paulo,São Paulo,Sudeste,Sudeste,39.7,44.2,restaurante,urban,False,False
TRIP01033,CUST0112,VEH0012,SYNTHETIC,2026-07-30,Wednesday,11:47:00,Goiânia,Goiânia,Centro-Oeste,Centro-Oeste,29.0,42.2,lazer,urban,False,False
TRIP01034,CUST0243,VEH0043,SYNTHETIC,2026-08-23,Sunday,18:35:00,Recife,Recife,Nordeste,Nordeste,3.2,4.4,viagem,urban,False,False
TRIP01035,CUST0416,VEH0016,SYNTHETIC,2026-08-12,Tuesday,18:47:00,Curitiba,Curitiba,Sul,Sul,26.0,30.7,aeroporto,urban,False,False
TRIP01036,CUST0057,VEH0057,SYNTHETIC,2026-08-12,Monday,09:14:00,Brasília,Belo Horizonte,Centro-Oeste,Sudeste,322.5,445.0,cliente,rodoviaria,True,True
TRIP01037,CUST0403,VEH0003,SYNTHETIC,2026-08-10,Wednesday,16:45:00,Fortaleza,Fortaleza,Nordeste,Nordeste,41.9,60.1,compras,intercity,True,False
TRIP01038,CUST0172,VEH0072,SYNTHETIC,2026-07-04,Tuesday,14:34:00,Recife,Recife,Nordeste,Nordeste,6.7,12.0,lazer,urban,True,False
TRIP01039,CUST0498,VEH0098,SYNTHETIC,2026-07-10,Saturday,15:35:00,Rio de Janeiro,Rio de Janeiro,Sudeste,Sudeste,3.9,7.5,família,urban,False,False
TRIP01040,CUST0410,VEH0010,SYNTHETIC,2026-07-12,Monday,14:00:00,Belo Horizonte,Belo Horizonte,Sudeste,Sudeste,24.6,24.4,trabalho,urban,True,False
TRIP01041,CUST0296,VEH0096,SYNTHETIC,2026-08-09,Monday,15:19:00,Fortaleza,Belo Horizonte,Nordeste,Sudeste,294.0,391.2,família,rodoviaria,True,True
TRIP01042,CUST0333,VEH0033,SYNTHETIC,2026-08-17,Wednesday,18:06:00,Fortaleza,Fortaleza,Nordeste,Nordeste,7.6,7.6,família,urban,False,False
TRIP01043,CUST0205,VEH0005,SYNTHETIC,2026-08-25,Tuesday,16:31:00,Salvador,Florianópolis,Nordeste,Sul,147.3,276.9,cliente,intercity,False,False
TRIP01044,CUST0354,VEH0054,SYNTHETIC,2026-09-14,Thursday,14:09:00,Brasília,Brasília,Centro-Oeste,Centro-Oeste,16.3,22.8,cliente,urban,False,False
TRIP01045,CUST0023,VEH0023,SYNTHETIC,2026-07-07,Wednesday,06:37:00,Goiânia,São Paulo,Centro-Oeste,Sudeste,188.8,192.3,família,rodoviaria,False,True
TRIP01046,CUST0235,VEH0035,SYNTHETIC,2026-09-15,Monday,09:37:00,Belo Horizonte,Belo Horizonte,Sudeste,Sudeste,21.2,23.5,viagem,urban,False,False
TRIP01047,CUST0127,VEH0027,SYNTHETIC,2026-07-14,Thursday,17:54:00,Florianópolis,Florianópolis,Sul,Sul,17.3,17.9,compras,urban,False,False
TRIP01048,CUST0054,VEH0054,SYNTHETIC,2026-06-11,Thursday,18:05:00,Rio de Janeiro,Rio de Janeiro,Sudeste,Sudeste,28.1,22.7,trabalho,urban,False,False
TRIP01049,CUST0085,VEH0085,SYNTHETIC,2026-06-18,Friday,11:14:00,Florianópolis,Florianópolis,Sul,Sul,11.5,21.8,viagem,urban,False,False
TRIP01050,CUST0442,VEH0042,SYNTHETIC,2026-06-10,Tuesday,21:42:00,Brasília,Brasília,Centro-Oeste,Centro-Oeste,30.3,32.0,família,urban,False,False
TRIP01051,CUST0311,VEH0011,SYNTHETIC,2026-08-17,Thursday,20:06:00,Brasília,Brasília,Centro-Oeste,Centro-Oeste,44.4,47.0,academia,intercity,True,False
TRIP01052,CUST0400,VEH0100,SYNTHETIC,2026-08-02,Monday,18:04:00,Florianópolis,Florianópolis,Sul,Sul,16.7,31.3,família,urban,False,False
TRIP01053,CUST0244,VEH0044,SYNTHETIC,2026-09-25,Saturday,16:28:00,Rio de Janeiro,Rio de Janeiro,Sudeste,Sudeste,43.9,65.9,restaurante,intercity,False,False
TRIP01054,CUST0127,VEH0027,SYNTHETIC,2026-06-11,Tuesday,09:26:00,Florianópolis,Florianópolis,Sul,Sul,14.5,25.4,compras,urban,False,False
TRIP01055,CUST0355,VEH0055,SYNTHETIC,2026-07-01,Tuesday,18:55:00,São Paulo,Recife,Sudeste,Nordeste,166.6,238.8,trabalho,intercity,False,True
TRIP01056,CUST0490,VEH0090,SYNTHETIC,2026-08-15,Wednesday,15:45:00,Brasília,Brasília,Centro-Oeste,Centro-Oeste,14.2,33.6,cliente,urban,False,False
TRIP01057,CUST0244,VEH0044,SYNTHETIC,2026-07-31,Wednesday,19:47:00,Rio de Janeiro,Rio de Janeiro,Sudeste,Sudeste,8.2,19.7,lazer,urban,False,False
TRIP01058,CUST0436,VEH0036,SYNTHETIC,2026-09-02,Tuesday,08:30:00,São Paulo,São Paulo,Sudeste,Sudeste,39.0,33.0,família,urban,False,False
TRIP01059,CUST0363,VEH0063,SYNTHETIC,2026-08-10,Friday,22:22:00,Fortaleza,Goiânia,Nordeste,Centro-Oeste,195.2,328.0,academia,rodoviaria,True,True
TRIP01060,CUST0318,VEH0018,SYNTHETIC,2026-08-30,Sunday,21:56:00,Brasília,Brasília,Centro-Oeste,Centro-Oeste,22.8,23.0,trabalho,urban,False,False
TRIP01061,CUST0270,VEH0070,SYNTHETIC,2026-08-12,Friday,14:07:00,Rio de Janeiro,Rio de Janeiro,Sudeste,Sudeste,14.9,17.4,entrega,urban,True,False
TRIP01062,CUST0337,VEH0037,SYNTHETIC,2026-08-16,Tuesday,06:47:00,Recife,Recife,Nordeste,Nordeste,3.6,5.7,família,urban,False,False
TRIP01063,CUST0369,VEH0069,SYNTHETIC,2026-08-02,Sunday,07:02:00,Florianópolis,Florianópolis,Sul,Sul,7.5,9.8,lazer,urban,False,False
TRIP01064,CUST0322,VEH0022,SYNTHETIC,2026-09-03,Wednesday,14:01:00,Porto Alegre,Porto Alegre,Sul,Sul,13.3,12.7,compras,urban,False,False
TRIP01065,CUST0326,VEH0026,SYNTHETIC,2026-09-21,Saturday,21:09:00,Recife,São Paulo,Nordeste,Sudeste,179.9,379.7,trabalho,intercity,False,True
TRIP01066,CUST0103,VEH0003,SYNTHETIC,2026-09-24,Friday,15:07:00,Porto Alegre,Porto Alegre,Sul,Sul,28.6,46.3,trabalho,urban,False,False
TRIP01067,CUST0448,VEH0048,SYNTHETIC,2026-06-11,Monday,20:11:00,Goiânia,Goiânia,Centro-Oeste,Centro-Oeste,35.4,28.8,lazer,urban,True,False
TRIP01068,CUST0013,VEH0013,SYNTHETIC,2026-08-06,Saturday,19:17:00,Florianópolis,Florianópolis,Sul,Sul,43.7,46.3,aeroporto,intercity,False,False
TRIP01069,CUST0038,VEH0038,SYNTHETIC,2026-08-13,Monday,14:09:00,Recife,Recife,Nordeste,Nordeste,26.9,51.2,viagem,urban,False,False
TRIP01070,CUST0258,VEH0058,SYNTHETIC,2026-06-24,Tuesday,11:48:00,Salvador,Fortaleza,Nordeste,Nordeste,392.6,436.0,lazer,rodoviaria,False,True
TRIP01071,CUST0408,VEH0008,SYNTHETIC,2026-08-26,Friday,16:54:00,Brasília,Brasília,Centro-Oeste,Centro-Oeste,9.5,16.6,família,urban,False,False
TRIP01072,CUST0005,VEH0005,SYNTHETIC,2026-09-23,Sunday,20:38:00,Fortaleza,Porto Alegre,Nordeste,Sul,83.4,98.5,família,intercity,False,False
TRIP01073,CUST0210,VEH0010,SYNTHETIC,2026-08-24,Wednesday,06:06:00,São Paulo,São Paulo,Sudeste,Sudeste,11.0,10.4,compras,urban,True,False
TRIP01074,CUST0228,VEH0028,SYNTHETIC,2026-08-29,Monday,12:27:00,Campinas,São Paulo,Sudeste,Sudeste,122.8,150.5,trabalho,intercity,False,False
TRIP01075,CUST0149,VEH0049,SYNTHETIC,2026-06-29,Saturday,14:35:00,Belo Horizonte,Belo Horizonte,Sudeste,Sudeste,19.8,22.9,viagem,urban,False,False
TRIP01076,CUST0395,VEH0095,SYNTHETIC,2026-06-18,Friday,11:14:00,São Paulo,São Paulo,Sudeste,Sudeste,22.2,53.2,restaurante,urban,False,False
TRIP01077,CUST0479,VEH0079,SYNTHETIC,2026-08-01,Friday,11:25:00,Brasília,Brasília,Centro-Oeste,Centro-Oeste,22.1,43.6,família,urban,False,False
TRIP01078,CUST0424,VEH0024,SYNTHETIC,2026-08-01,Monday,19:10:00,Porto Alegre,Porto Alegre,Sul,Sul,8.8,13.2,escola,urban,False,False
TRIP01079,CUST0186,VEH0086,SYNTHETIC,2026-07-19,Tuesday,22:37:00,Curitiba,Porto Alegre,Sul,Sul,252.6,420.7,família,rodoviaria,True,True
TRIP01080,CUST0006,VEH0006,SYNTHETIC,2026-07-06,Friday,18:02:00,Fortaleza,Fortaleza,Nordeste,Nordeste,5.4,8.6,cliente,urban,True,False
TRIP01081,CUST0309,VEH0009,SYNTHETIC,2026-07-22,Wednesday,13:48:00,Rio de Janeiro,Rio de Janeiro,Sudeste,Sudeste,21.8,24.5,família,urban,False,False
TRIP01082,CUST0001,VEH0001,SYNTHETIC,2026-07-09,Thursday,19:30:00,Salvador,Salvador,Nordeste,Nordeste,28.2,28.8,lazer,urban,False,False
TRIP01083,CUST0091,VEH0091,SYNTHETIC,2026-09-24,Wednesday,07:43:00,São Paulo,São Paulo,Sudeste,Sudeste,28.0,48.7,compras,urban,False,False
TRIP01084,CUST0341,VEH0041,SYNTHETIC,2026-06-17,Saturday,18:52:00,Florianópolis,Curitiba,Sul,Sul,139.6,191.2,rodoviária,intercity,False,False
TRIP01085,CUST0149,VEH0049,SYNTHETIC,2026-09-15,Saturday,22:06:00,Belo Horizonte,Porto Alegre,Sudeste,Sul,228.9,466.0,viagem,rodoviaria,False,True
TRIP01086,CUST0105,VEH0005,SYNTHETIC,2026-09-04,Monday,12:45:00,Brasília,Brasília,Centro-Oeste,Centro-Oeste,42.0,68.1,trabalho,intercity,True,False
TRIP01087,CUST0433,VEH0033,SYNTHETIC,2026-07-28,Saturday,18:49:00,Porto Alegre,Porto Alegre,Sul,Sul,26.1,22.5,academia,urban,False,False
TRIP01088,CUST0204,VEH0004,SYNTHETIC,2026-07-17,Monday,16:55:00,Brasília,Brasília,Centro-Oeste,Centro-Oeste,10.3,13.4,família,urban,False,False
TRIP01089,CUST0211,VEH0011,SYNTHETIC,2026-09-12,Friday,18:15:00,Belo Horizonte,Goiânia,Sudeste,Centro-Oeste,350.1,842.5,compras,rodoviaria,False,True
TRIP01090,CUST0484,VEH0084,SYNTHETIC,2026-07-03,Wednesday,14:50:00,Goiânia,Goiânia,Centro-Oeste,Centro-Oeste,43.4,65.8,lazer,intercity,True,False
TRIP01091,CUST0154,VEH0054,SYNTHETIC,2026-07-31,Wednesday,18:06:00,Campinas,Campinas,Sudeste,Sudeste,11.4,19.6,viagem,urban,True,False
TRIP01092,CUST0055,VEH0055,SYNTHETIC,2026-06-29,Friday,08:27:00,Salvador,Salvador,Nordeste,Nordeste,22.8,49.1,reunião,urban,False,False
TRIP01093,CUST0134,VEH0034,SYNTHETIC,2026-08-24,Saturday,07:49:00,Brasília,Porto Alegre,Centro-Oeste,Sul,392.5,910.5,família,rodoviaria,False,True
TRIP01094,CUST0391,VEH0091,SYNTHETIC,2026-08-22,Monday,14:19:00,São Paulo,Goiânia,Sudeste,Centro-Oeste,86.2,86.4,trabalho,intercity,False,False
TRIP01095,CUST0381,VEH0081,SYNTHETIC,2026-07-03,Tuesday,20:16:00,Recife,Recife,Nordeste,Nordeste,6.6,13.2,cliente,urban,False,False
TRIP01096,CUST0404,VEH0004,SYNTHETIC,2026-06-12,Friday,07:23:00,São Paulo,São Paulo,Sudeste,Sudeste,5.5,7.0,compras,urban,True,False
TRIP01097,CUST0348,VEH0048,SYNTHETIC,2026-08-03,Sunday,10:27:00,Recife,Recife,Nordeste,Nordeste,24.6,47.8,lazer,urban,True,False
TRIP01098,CUST0480,VEH0080,SYNTHETIC,2026-07-26,Sunday,13:27:00,São Paulo,São Paulo,Sudeste,Sudeste,43.8,68.9,escola,intercity,False,False
TRIP01099,CUST0141,VEH0041,SYNTHETIC,2026-07-11,Saturday,18:03:00,Campinas,Campinas,Sudeste,Sudeste,6.5,12.6,lazer,urban,False,False
TRIP01100,CUST0012,VEH0012,SYNTHETIC,2026-06-27,Saturday,07:39:00,Porto Alegre,Porto Alegre,Sul,Sul,13.0,11.2,trabalho,urban,False,False
TRIP01101,CUST0274,VEH0074,SYNTHETIC,2026-08-30,Sunday,09:01:00,Rio de Janeiro,Rio de Janeiro,Sudeste,Sudeste,5.9,5.9,viagem,urban,False,False
TRIP01102,CUST0232,VEH0032,SYNTHETIC,2026-09-15,Friday,20:25:00,Curitiba,Curitiba,Sul,Sul,43.3,99.8,escola,intercity,False,False
TRIP01103,CUST0483,VEH0083,SYNTHETIC,2026-07-09,Tuesday,15:22:00,Florianópolis,Florianópolis,Sul,Sul,20.2,27.7,cliente,urban,False,False
TRIP01104,CUST0134,VEH0034,SYNTHETIC,2026-06-29,Friday,13:13:00,Brasília,Brasília,Centro-Oeste,Centro-Oeste,10.0,8.4,compras,urban,False,False
TRIP01105,CUST0007,VEH0007,SYNTHETIC,2026-09-15,Friday,20:23:00,Rio de Janeiro,Recife,Sudeste,Nordeste,338.7,815.7,família,rodoviaria,False,True
TRIP01106,CUST0062,VEH0062,SYNTHETIC,2026-06-19,Friday,06:29:00,Rio de Janeiro,São Paulo,Sudeste,Sudeste,139.7,148.2,compras,intercity,False,False
TRIP01107,CUST0227,VEH0027,SYNTHETIC,2026-08-13,Thursday,09:00:00,Campinas,Florianópolis,Sudeste,Sul,87.5,95.4,academia,intercity,False,False
TRIP01108,CUST0314,VEH0014,SYNTHETIC,2026-07-28,Friday,08:58:00,Goiânia,Rio de Janeiro,Centro-Oeste,Sudeste,418.8,663.9,compras,rodoviaria,False,True
TRIP01109,CUST0309,VEH0009,SYNTHETIC,2026-09-24,Monday,12:03:00,Rio de Janeiro,Rio de Janeiro,Sudeste,Sudeste,3.2,4.8,família,urban,False,False
TRIP01110,CUST0160,VEH0060,SYNTHETIC,2026-08-23,Thursday,12:46:00,Goiânia,Goiânia,Centro-Oeste,Centro-Oeste,11.8,23.2,academia,urban,False,False
TRIP01111,CUST0048,VEH0048,SYNTHETIC,2026-06-29,Wednesday,22:47:00,Recife,Recife,Nordeste,Nordeste,43.9,88.3,lazer,intercity,True,False
TRIP01112,CUST0481,VEH0081,SYNTHETIC,2026-06-15,Sunday,22:55:00,São Paulo,Fortaleza,Sudeste,Nordeste,211.4,271.9,família,rodoviaria,False,True
TRIP01113,CUST0277,VEH0077,SYNTHETIC,2026-09-22,Friday,18:31:00,Fortaleza,Campinas,Nordeste,Sudeste,276.8,327.5,rodoviária,rodoviaria,False,True
TRIP01114,CUST0054,VEH0054,SYNTHETIC,2026-08-25,Friday,22:51:00,Rio de Janeiro,São Paulo,Sudeste,Sudeste,300.2,337.7,rodoviária,rodoviaria,False,True
TRIP01115,CUST0341,VEH0041,SYNTHETIC,2026-06-13,Friday,11:46:00,Florianópolis,Florianópolis,Sul,Sul,7.9,16.0,rodoviária,urban,False,False
TRIP01116,CUST0301,VEH0001,SYNTHETIC,2026-06-07,Wednesday,20:15:00,Salvador,Porto Alegre,Nordeste,Sul,161.5,486.2,academia,intercity,False,True
TRIP01117,CUST0048,VEH0048,SYNTHETIC,2026-08-25,Wednesday,15:45:00,Recife,Salvador,Nordeste,Nordeste,308.4,783.0,escola,rodoviaria,False,True
TRIP01118,CUST0090,VEH0090,SYNTHETIC,2026-06-16,Monday,09:35:00,Rio de Janeiro,Goiânia,Sudeste,Centro-Oeste,237.9,267.1,compras,rodoviaria,True,True
TRIP01119,CUST0382,VEH0082,SYNTHETIC,2026-09-11,Thursday,18:15:00,Fortaleza,Fortaleza,Nordeste,Nordeste,34.1,36.2,rodoviária,urban,False,False
TRIP01120,CUST0300,VEH0100,SYNTHETIC,2026-08-22,Monday,07:51:00,Belo Horizonte,São Paulo,Sudeste,Sudeste,321.7,522.6,compras,rodoviaria,False,True
TRIP01121,CUST0322,VEH0022,SYNTHETIC,2026-10-01,Saturday,15:56:00,Porto Alegre,Brasília,Sul,Centro-Oeste,224.0,571.6,lazer,rodoviaria,False,True
TRIP01122,CUST0215,VEH0015,SYNTHETIC,2026-09-27,Sunday,19:07:00,Recife,Curitiba,Nordeste,Sul,182.7,408.5,lazer,rodoviaria,False,True
TRIP01123,CUST0497,VEH0097,SYNTHETIC,2026-07-18,Monday,06:26:00,Goiânia,Porto Alegre,Centro-Oeste,Sul,78.6,219.5,família,intercity,False,False
TRIP01124,CUST0450,VEH0050,SYNTHETIC,2026-07-06,Tuesday,11:58:00,Brasília,Brasília,Centro-Oeste,Centro-Oeste,27.7,37.9,academia,urban,False,False
TRIP01125,CUST0057,VEH0057,SYNTHETIC,2026-08-10,Thursday,20:18:00,Brasília,Brasília,Centro-Oeste,Centro-Oeste,7.7,8.4,rodoviária,urban,False,False
TRIP01126,CUST0240,VEH0040,SYNTHETIC,2026-07-03,Friday,07:01:00,Rio de Janeiro,Rio de Janeiro,Sudeste,Sudeste,24.1,30.3,aeroporto,urban,False,False
TRIP01127,CUST0192,VEH0092,SYNTHETIC,2026-09-05,Sunday,06:44:00,Salvador,Salvador,Nordeste,Nordeste,11.3,10.6,viagem,urban,True,False
TRIP01128,CUST0054,VEH0054,SYNTHETIC,2026-09-17,Sunday,07:45:00,Rio de Janeiro,Rio de Janeiro,Sudeste,Sudeste,26.9,25.1,rodoviária,urban,False,False
TRIP01129,CUST0315,VEH0015,SYNTHETIC,2026-09-14,Tuesday,17:05:00,Belo Horizonte,São Paulo,Sudeste,Sudeste,281.2,416.7,obra,rodoviaria,True,True
TRIP01130,CUST0386,VEH0086,SYNTHETIC,2026-10-01,Sunday,07:44:00,Goiânia,Goiânia,Centro-Oeste,Centro-Oeste,6.2,7.1,compras,urban,True,False
TRIP01131,CUST0199,VEH0099,SYNTHETIC,2026-09-19,Sunday,13:45:00,São Paulo,São Paulo,Sudeste,Sudeste,18.7,26.6,viagem,urban,True,False
TRIP01132,CUST0013,VEH0013,SYNTHETIC,2026-06-10,Saturday,17:51:00,Florianópolis,Florianópolis,Sul,Sul,7.1,13.6,reunião,urban,True,False
TRIP01133,CUST0207,VEH0007,SYNTHETIC,2026-08-29,Wednesday,08:31:00,Brasília,Brasília,Centro-Oeste,Centro-Oeste,9.6,11.7,cliente,urban,False,False
TRIP01134,CUST0129,VEH0029,SYNTHETIC,2026-06-04,Friday,11:39:00,Salvador,Salvador,Nordeste,Nordeste,33.5,63.0,compras,urban,False,False
TRIP01135,CUST0205,VEH0005,SYNTHETIC,2026-08-12,Thursday,18:36:00,Salvador,Salvador,Nordeste,Nordeste,26.9,60.9,viagem,urban,True,False
TRIP01136,CUST0355,VEH0055,SYNTHETIC,2026-08-18,Monday,20:08:00,São Paulo,São Paulo,Sudeste,Sudeste,31.5,71.8,compras,urban,True,False
TRIP01137,CUST0388,VEH0088,SYNTHETIC,2026-06-03,Saturday,16:52:00,Salvador,Salvador,Nordeste,Nordeste,13.3,20.0,reunião,urban,False,False
TRIP01138,CUST0270,VEH0070,SYNTHETIC,2026-08-13,Wednesday,06:29:00,Rio de Janeiro,Rio de Janeiro,Sudeste,Sudeste,17.0,26.2,entrega,urban,True,False
TRIP01139,CUST0285,VEH0085,SYNTHETIC,2026-08-24,Saturday,13:48:00,Recife,Recife,Nordeste,Nordeste,37.8,33.8,academia,urban,False,False
TRIP01140,CUST0164,VEH0064,SYNTHETIC,2026-08-29,Thursday,17:57:00,Florianópolis,Recife,Sul,Nordeste,393.5,917.6,trabalho,rodoviaria,False,True
TRIP01141,CUST0074,VEH0074,SYNTHETIC,2026-08-19,Monday,22:27:00,Fortaleza,Fortaleza,Nordeste,Nordeste,35.8,49.6,reunião,urban,True,False
TRIP01142,CUST0171,VEH0071,SYNTHETIC,2026-09-23,Saturday,12:36:00,Rio de Janeiro,Rio de Janeiro,Sudeste,Sudeste,26.7,49.5,família,urban,False,False
TRIP01143,CUST0206,VEH0006,SYNTHETIC,2026-07-17,Thursday,22:02:00,São Paulo,São Paulo,Sudeste,Sudeste,19.6,36.2,escola,urban,False,False
TRIP01144,CUST0327,VEH0027,SYNTHETIC,2026-06-22,Thursday,20:34:00,Fortaleza,Fortaleza,Nordeste,Nordeste,36.9,29.9,família,urban,False,False
TRIP01145,CUST0260,VEH0060,SYNTHETIC,2026-09-26,Saturday,09:34:00,Campinas,Campinas,Sudeste,Sudeste,39.3,90.4,cliente,urban,False,False
TRIP01146,CUST0017,VEH0017,SYNTHETIC,2026-09-29,Saturday,13:02:00,Belo Horizonte,Recife,Sudeste,Nordeste,266.1,294.3,trabalho,rodoviaria,True,True
TRIP01147,CUST0313,VEH0013,SYNTHETIC,2026-09-08,Tuesday,11:01:00,Curitiba,Porto Alegre,Sul,Sul,216.3,384.0,lazer,rodoviaria,False,True
TRIP01148,CUST0065,VEH0065,SYNTHETIC,2026-09-25,Thursday,15:11:00,Rio de Janeiro,Rio de Janeiro,Sudeste,Sudeste,22.1,19.8,entrega,urban,False,False
TRIP01149,CUST0458,VEH0058,SYNTHETIC,2026-07-18,Thursday,08:03:00,Brasília,Recife,Centro-Oeste,Nordeste,402.0,494.3,lazer,rodoviaria,False,True
TRIP01150,CUST0438,VEH0038,SYNTHETIC,2026-06-24,Sunday,22:31:00,Florianópolis,Florianópolis,Sul,Sul,10.2,14.1,cliente,urban,False,False
TRIP01151,CUST0137,VEH0037,SYNTHETIC,2026-06-27,Tuesday,06:52:00,Campinas,Campinas,Sudeste,Sudeste,13.7,16.1,rodoviária,urban,False,False
TRIP01152,CUST0045,VEH0045,SYNTHETIC,2026-06-18,Sunday,20:53:00,Fortaleza,Fortaleza,Nordeste,Nordeste,25.2,46.7,cliente,urban,False,False
TRIP01153,CUST0174,VEH0074,SYNTHETIC,2026-09-09,Friday,19:52:00,Brasília,Brasília,Centro-Oeste,Centro-Oeste,24.4,30.2,aeroporto,urban,True,False
TRIP01154,CUST0419,VEH0019,SYNTHETIC,2026-08-11,Sunday,20:32:00,Goiânia,Goiânia,Centro-Oeste,Centro-Oeste,33.8,40.5,compras,urban,False,False
TRIP01155,CUST0087,VEH0087,SYNTHETIC,2026-07-26,Friday,11:25:00,Brasília,Brasília,Centro-Oeste,Centro-Oeste,23.6,34.2,trabalho,urban,False,False
TRIP01156,CUST0356,VEH0056,SYNTHETIC,2026-07-13,Monday,17:23:00,Florianópolis,Florianópolis,Sul,Sul,40.9,62.2,lazer,intercity,True,False
TRIP01157,CUST0244,VEH0044,SYNTHETIC,2026-06-20,Tuesday,18:34:00,Rio de Janeiro,Rio de Janeiro,Sudeste,Sudeste,20.0,24.9,família,urban,False,False
TRIP01158,CUST0249,VEH0049,SYNTHETIC,2026-08-29,Monday,16:27:00,Florianópolis,Florianópolis,Sul,Sul,35.1,31.1,compras,urban,False,False
TRIP01159,CUST0034,VEH0034,SYNTHETIC,2026-07-24,Monday,17:36:00,Salvador,Salvador,Nordeste,Nordeste,44.5,73.3,trabalho,intercity,True,False
TRIP01160,CUST0447,VEH0047,SYNTHETIC,2026-07-28,Saturday,13:46:00,Campinas,Campinas,Sudeste,Sudeste,18.2,40.1,família,urban,False,False
TRIP01161,CUST0135,VEH0035,SYNTHETIC,2026-07-30,Thursday,22:06:00,Salvador,Salvador,Nordeste,Nordeste,37.1,42.0,trabalho,urban,False,False
TRIP01162,CUST0146,VEH0046,SYNTHETIC,2026-08-10,Saturday,19:24:00,Rio de Janeiro,São Paulo,Sudeste,Sudeste,237.5,354.5,família,rodoviaria,True,True
TRIP01163,CUST0427,VEH0027,SYNTHETIC,2026-08-24,Tuesday,17:54:00,Curitiba,Curitiba,Sul,Sul,22.0,19.3,trabalho,urban,False,False
TRIP01164,CUST0359,VEH0059,SYNTHETIC,2026-06-11,Sunday,13:58:00,Belo Horizonte,Belo Horizonte,Sudeste,Sudeste,18.8,19.5,escola,urban,False,False
TRIP01165,CUST0475,VEH0075,SYNTHETIC,2026-09-25,Monday,17:19:00,Goiânia,Goiânia,Centro-Oeste,Centro-Oeste,31.0,28.2,compras,urban,True,False
TRIP01166,CUST0277,VEH0077,SYNTHETIC,2026-09-27,Thursday,06:12:00,Fortaleza,Fortaleza,Nordeste,Nordeste,29.6,28.6,trabalho,urban,False,False
TRIP01167,CUST0484,VEH0084,SYNTHETIC,2026-08-14,Sunday,22:14:00,Goiânia,Goiânia,Centro-Oeste,Centro-Oeste,32.9,48.9,compras,urban,False,False
TRIP01168,CUST0043,VEH0043,SYNTHETIC,2026-06-20,Friday,22:12:00,Salvador,Salvador,Nordeste,Nordeste,21.0,17.2,viagem,urban,True,False
TRIP01169,CUST0461,VEH0061,SYNTHETIC,2026-09-22,Wednesday,13:12:00,Florianópolis,Florianópolis,Sul,Sul,26.3,30.2,família,urban,True,False
TRIP01170,CUST0227,VEH0027,SYNTHETIC,2026-06-19,Sunday,12:05:00,Campinas,Campinas,Sudeste,Sudeste,4.2,3.8,compras,urban,True,False
TRIP01171,CUST0058,VEH0058,SYNTHETIC,2026-06-24,Monday,07:24:00,Campinas,Campinas,Sudeste,Sudeste,41.3,53.2,rodoviária,intercity,True,False
TRIP01172,CUST0243,VEH0043,SYNTHETIC,2026-08-11,Saturday,14:31:00,Recife,Recife,Nordeste,Nordeste,40.7,36.6,trabalho,intercity,False,False
TRIP01173,CUST0450,VEH0050,SYNTHETIC,2026-07-11,Monday,11:03:00,Brasília,Brasília,Centro-Oeste,Centro-Oeste,15.5,37.3,trabalho,urban,True,False
TRIP01174,CUST0491,VEH0091,SYNTHETIC,2026-09-24,Tuesday,19:07:00,São Paulo,Recife,Sudeste,Nordeste,290.2,332.8,família,rodoviaria,True,True
TRIP01175,CUST0406,VEH0006,SYNTHETIC,2026-06-30,Saturday,21:38:00,Salvador,Salvador,Nordeste,Nordeste,25.5,22.1,trabalho,urban,True,False
TRIP01176,CUST0409,VEH0009,SYNTHETIC,2026-08-10,Sunday,19:14:00,Belo Horizonte,Belo Horizonte,Sudeste,Sudeste,13.3,12.9,restaurante,urban,False,False
TRIP01177,CUST0206,VEH0006,SYNTHETIC,2026-08-01,Saturday,14:37:00,São Paulo,São Paulo,Sudeste,Sudeste,4.5,4.2,compras,urban,False,False
TRIP01178,CUST0330,VEH0030,SYNTHETIC,2026-09-02,Monday,10:39:00,Curitiba,Curitiba,Sul,Sul,28.1,65.5,lazer,urban,False,False
TRIP01179,CUST0402,VEH0002,SYNTHETIC,2026-07-21,Wednesday,14:13:00,Florianópolis,Goiânia,Sul,Centro-Oeste,352.8,422.5,academia,rodoviaria,False,True
TRIP01180,CUST0216,VEH0016,SYNTHETIC,2026-09-06,Sunday,22:44:00,Brasília,Brasília,Centro-Oeste,Centro-Oeste,41.8,39.1,reunião,intercity,True,False
TRIP01181,CUST0064,VEH0064,SYNTHETIC,2026-07-12,Monday,21:26:00,Salvador,Salvador,Nordeste,Nordeste,22.1,32.9,família,urban,False,False
TRIP01182,CUST0060,VEH0060,SYNTHETIC,2026-07-27,Saturday,22:52:00,Campinas,Campinas,Sudeste,Sudeste,16.7,24.8,compras,urban,False,False
TRIP01183,CUST0331,VEH0031,SYNTHETIC,2026-07-07,Thursday,13:20:00,Rio de Janeiro,Fortaleza,Sudeste,Nordeste,327.4,593.4,família,rodoviaria,False,True
TRIP01184,CUST0345,VEH0045,SYNTHETIC,2026-07-08,Wednesday,08:07:00,Rio de Janeiro,Rio de Janeiro,Sudeste,Sudeste,19.8,17.2,compras,urban,False,False
TRIP01185,CUST0338,VEH0038,SYNTHETIC,2026-07-07,Wednesday,16:01:00,Goiânia,São Paulo,Centro-Oeste,Sudeste,283.1,273.2,trabalho,rodoviaria,False,True
TRIP01186,CUST0098,VEH0098,SYNTHETIC,2026-07-26,Tuesday,08:40:00,Brasília,Brasília,Centro-Oeste,Centro-Oeste,22.2,44.2,reunião,urban,True,False
TRIP01187,CUST0118,VEH0018,SYNTHETIC,2026-09-28,Thursday,16:06:00,Porto Alegre,Recife,Sul,Nordeste,238.4,384.5,viagem,rodoviaria,True,True
TRIP01188,CUST0339,VEH0039,SYNTHETIC,2026-09-10,Wednesday,17:22:00,Salvador,Salvador,Nordeste,Nordeste,34.3,31.1,lazer,urban,False,False
TRIP01189,CUST0167,VEH0067,SYNTHETIC,2026-08-24,Friday,13:09:00,São Paulo,São Paulo,Sudeste,Sudeste,39.6,50.0,trabalho,urban,False,False
TRIP01190,CUST0184,VEH0084,SYNTHETIC,2026-08-27,Wednesday,16:00:00,Goiânia,Goiânia,Centro-Oeste,Centro-Oeste,27.6,28.8,trabalho,urban,False,False
TRIP01191,CUST0287,VEH0087,SYNTHETIC,2026-07-11,Monday,22:21:00,Recife,Recife,Nordeste,Nordeste,30.5,57.2,compras,urban,False,False
TRIP01192,CUST0097,VEH0097,SYNTHETIC,2026-07-09,Tuesday,21:52:00,Salvador,Salvador,Nordeste,Nordeste,24.2,19.4,compras,urban,True,False
TRIP01193,CUST0278,VEH0078,SYNTHETIC,2026-07-18,Sunday,16:05:00,Belo Horizonte,Belo Horizonte,Sudeste,Sudeste,12.6,20.3,trabalho,urban,False,False
TRIP01194,CUST0411,VEH0011,SYNTHETIC,2026-08-15,Tuesday,19:18:00,Curitiba,Curitiba,Sul,Sul,28.1,42.8,compras,urban,False,False
TRIP01195,CUST0007,VEH0007,SYNTHETIC,2026-07-24,Friday,15:55:00,Rio de Janeiro,Rio de Janeiro,Sudeste,Sudeste,39.3,54.7,academia,urban,False,False
TRIP01196,CUST0124,VEH0024,SYNTHETIC,2026-07-29,Sunday,09:44:00,Rio de Janeiro,Rio de Janeiro,Sudeste,Sudeste,14.4,18.3,aeroporto,urban,False,False
TRIP01197,CUST0439,VEH0039,SYNTHETIC,2026-07-26,Thursday,22:09:00,Curitiba,Curitiba,Sul,Sul,11.9,22.2,rodoviária,urban,False,False
TRIP01198,CUST0181,VEH0081,SYNTHETIC,2026-08-03,Monday,20:36:00,Fortaleza,Fortaleza,Nordeste,Nordeste,24.8,34.0,trabalho,urban,True,False
TRIP01199,CUST0429,VEH0029,SYNTHETIC,2026-06-19,Friday,09:10:00,Goiânia,Goiânia,Centro-Oeste,Centro-Oeste,32.1,47.7,família,urban,False,False
TRIP01200,CUST0322,VEH0022,SYNTHETIC,2026-07-31,Friday,12:10:00,Porto Alegre,Porto Alegre,Sul,Sul,34.2,53.6,compras,urban,False,False
TRIP01201,CUST0403,VEH0003,SYNTHETIC,2026-06-22,Saturday,16:37:00,Fortaleza,Brasília,Nordeste,Centro-Oeste,101.3,126.6,trabalho,intercity,True,False
TRIP01202,CUST0421,VEH0021,SYNTHETIC,2026-08-04,Saturday,21:14:00,Rio de Janeiro,Rio de Janeiro,Sudeste,Sudeste,38.4,53.5,lazer,urban,False,False
TRIP01203,CUST0481,VEH0081,SYNTHETIC,2026-08-22,Wednesday,07:06:00,São Paulo,São Paulo,Sudeste,Sudeste,4.2,4.3,trabalho,urban,False,False
TRIP01204,CUST0092,VEH0092,SYNTHETIC,2026-09-21,Saturday,22:51:00,Brasília,Brasília,Centro-Oeste,Centro-Oeste,37.3,36.0,trabalho,urban,True,False
TRIP01205,CUST0013,VEH0013,SYNTHETIC,2026-09-14,Saturday,07:54:00,Florianópolis,Florianópolis,Sul,Sul,3.0,4.9,reunião,urban,False,False
TRIP01206,CUST0498,VEH0098,SYNTHETIC,2026-06-21,Wednesday,18:53:00,Rio de Janeiro,Fortaleza,Sudeste,Nordeste,109.8,221.2,viagem,intercity,False,False
TRIP01207,CUST0218,VEH0018,SYNTHETIC,2026-07-29,Friday,07:19:00,Salvador,Salvador,Nordeste,Nordeste,44.4,38.2,lazer,intercity,False,False
TRIP01208,CUST0331,VEH0031,SYNTHETIC,2026-08-11,Sunday,22:40:00,Rio de Janeiro,Rio de Janeiro,Sudeste,Sudeste,25.9,54.4,compras,urban,False,False
TRIP01209,CUST0448,VEH0048,SYNTHETIC,2026-07-21,Friday,21:07:00,Goiânia,Goiânia,Centro-Oeste,Centro-Oeste,10.0,22.7,escola,urban,False,False
TRIP01210,CUST0400,VEH0100,SYNTHETIC,2026-08-11,Tuesday,10:00:00,Florianópolis,Florianópolis,Sul,Sul,7.8,7.9,viagem,urban,False,False
TRIP01211,CUST0217,VEH0017,SYNTHETIC,2026-07-30,Friday,14:37:00,Curitiba,Curitiba,Sul,Sul,44.4,41.6,viagem,intercity,False,False
TRIP01212,CUST0045,VEH0045,SYNTHETIC,2026-06-15,Thursday,10:11:00,Fortaleza,Fortaleza,Nordeste,Nordeste,11.3,21.5,entrega,urban,True,False
TRIP01213,CUST0238,VEH0038,SYNTHETIC,2026-07-28,Sunday,15:43:00,Rio de Janeiro,Rio de Janeiro,Sudeste,Sudeste,39.8,66.6,aeroporto,urban,False,False
TRIP01214,CUST0293,VEH0093,SYNTHETIC,2026-08-31,Saturday,21:57:00,Porto Alegre,Rio de Janeiro,Sul,Sudeste,233.5,335.6,viagem,rodoviaria,False,True
TRIP01215,CUST0446,VEH0046,SYNTHETIC,2026-09-24,Wednesday,16:52:00,Recife,Recife,Nordeste,Nordeste,43.5,101.1,lazer,intercity,False,False
TRIP01216,CUST0022,VEH0022,SYNTHETIC,2026-06-14,Tuesday,15:53:00,Recife,Recife,Nordeste,Nordeste,11.9,16.8,lazer,urban,False,False
TRIP01217,CUST0191,VEH0091,SYNTHETIC,2026-07-04,Wednesday,18:58:00,Fortaleza,Rio de Janeiro,Nordeste,Sudeste,376.5,425.1,academia,rodoviaria,False,True
TRIP01218,CUST0035,VEH0035,SYNTHETIC,2026-07-10,Friday,14:08:00,Florianópolis,Florianópolis,Sul,Sul,6.5,13.3,academia,urban,False,False
TRIP01219,CUST0017,VEH0017,SYNTHETIC,2026-07-19,Friday,19:36:00,Belo Horizonte,São Paulo,Sudeste,Sudeste,368.6,401.6,trabalho,rodoviaria,False,True
TRIP01220,CUST0080,VEH0080,SYNTHETIC,2026-07-02,Sunday,22:17:00,Rio de Janeiro,Rio de Janeiro,Sudeste,Sudeste,27.6,27.3,aeroporto,urban,False,False
TRIP01221,CUST0049,VEH0049,SYNTHETIC,2026-07-06,Saturday,10:42:00,Curitiba,Curitiba,Sul,Sul,43.0,53.3,compras,intercity,False,False
TRIP01222,CUST0417,VEH0017,SYNTHETIC,2026-08-25,Thursday,20:18:00,Campinas,Campinas,Sudeste,Sudeste,21.0,17.7,família,urban,True,False
TRIP01223,CUST0468,VEH0068,SYNTHETIC,2026-08-15,Saturday,09:43:00,Belo Horizonte,Belo Horizonte,Sudeste,Sudeste,23.7,39.0,família,urban,False,False
TRIP01224,CUST0466,VEH0066,SYNTHETIC,2026-08-07,Saturday,22:47:00,Porto Alegre,Rio de Janeiro,Sul,Sudeste,250.2,417.6,família,rodoviaria,False,True
TRIP01225,CUST0138,VEH0038,SYNTHETIC,2026-08-05,Sunday,11:17:00,Brasília,São Paulo,Centro-Oeste,Sudeste,374.1,591.7,compras,rodoviaria,False,True
TRIP01226,CUST0206,VEH0006,SYNTHETIC,2026-08-05,Wednesday,16:20:00,São Paulo,São Paulo,Sudeste,Sudeste,15.8,22.6,família,urban,False,False
TRIP01227,CUST0119,VEH0019,SYNTHETIC,2026-07-08,Wednesday,22:00:00,Brasília,Brasília,Centro-Oeste,Centro-Oeste,17.1,32.1,compras,urban,True,False
TRIP01228,CUST0041,VEH0041,SYNTHETIC,2026-06-16,Sunday,14:23:00,Brasília,Brasília,Centro-Oeste,Centro-Oeste,36.3,45.9,trabalho,urban,False,False
TRIP01229,CUST0217,VEH0017,SYNTHETIC,2026-08-19,Tuesday,12:19:00,Curitiba,Curitiba,Sul,Sul,39.0,61.9,rodoviária,urban,False,False
TRIP01230,CUST0390,VEH0090,SYNTHETIC,2026-10-01,Thursday,13:10:00,Campinas,Campinas,Sudeste,Sudeste,4.0,4.0,lazer,urban,False,False
TRIP01231,CUST0332,VEH0032,SYNTHETIC,2026-06-19,Monday,15:20:00,São Paulo,São Paulo,Sudeste,Sudeste,34.3,32.3,família,urban,False,False
TRIP01232,CUST0355,VEH0055,SYNTHETIC,2026-06-05,Tuesday,20:13:00,São Paulo,São Paulo,Sudeste,Sudeste,29.7,30.5,compras,urban,False,False
TRIP01233,CUST0019,VEH0019,SYNTHETIC,2026-06-11,Saturday,18:38:00,Florianópolis,Recife,Sul,Nordeste,272.0,271.3,trabalho,rodoviaria,False,True
TRIP01234,CUST0499,VEH0099,SYNTHETIC,2026-07-01,Sunday,22:52:00,Florianópolis,Belo Horizonte,Sul,Sudeste,106.3,116.1,viagem,intercity,False,False
TRIP01235,CUST0187,VEH0087,SYNTHETIC,2026-07-19,Sunday,08:52:00,Rio de Janeiro,Rio de Janeiro,Sudeste,Sudeste,30.7,35.1,aeroporto,urban,False,False
TRIP01236,CUST0317,VEH0017,SYNTHETIC,2026-08-11,Friday,11:35:00,Campinas,Campinas,Sudeste,Sudeste,30.6,63.3,rodoviária,urban,False,False
TRIP01237,CUST0285,VEH0085,SYNTHETIC,2026-09-28,Monday,09:49:00,Recife,Recife,Nordeste,Nordeste,18.0,18.5,academia,urban,False,False
TRIP01238,CUST0207,VEH0007,SYNTHETIC,2026-08-29,Monday,22:34:00,Brasília,Brasília,Centro-Oeste,Centro-Oeste,12.9,11.8,cliente,urban,True,False
TRIP01239,CUST0089,VEH0089,SYNTHETIC,2026-08-27,Saturday,10:27:00,Recife,Recife,Nordeste,Nordeste,35.4,31.5,família,urban,True,False
TRIP01240,CUST0042,VEH0042,SYNTHETIC,2026-08-09,Sunday,19:15:00,Rio de Janeiro,Rio de Janeiro,Sudeste,Sudeste,6.7,5.7,trabalho,urban,True,False
TRIP01241,CUST0014,VEH0014,SYNTHETIC,2026-08-04,Wednesday,14:44:00,Belo Horizonte,Belo Horizonte,Sudeste,Sudeste,41.5,47.7,escola,intercity,False,False
TRIP01242,CUST0427,VEH0027,SYNTHETIC,2026-06-22,Monday,10:18:00,Curitiba,Curitiba,Sul,Sul,7.3,11.6,família,urban,False,False
TRIP01243,CUST0198,VEH0098,SYNTHETIC,2026-08-20,Sunday,14:39:00,Brasília,Brasília,Centro-Oeste,Centro-Oeste,19.7,25.4,cliente,urban,True,False
TRIP01244,CUST0059,VEH0059,SYNTHETIC,2026-08-04,Monday,20:42:00,Goiânia,Goiânia,Centro-Oeste,Centro-Oeste,10.1,10.5,escola,urban,True,False
TRIP01245,CUST0141,VEH0041,SYNTHETIC,2026-10-01,Wednesday,08:58:00,Campinas,São Paulo,Sudeste,Sudeste,393.5,987.1,família,rodoviaria,True,True
TRIP01246,CUST0326,VEH0026,SYNTHETIC,2026-08-18,Saturday,09:42:00,Recife,Brasília,Nordeste,Centro-Oeste,312.9,299.9,cliente,rodoviaria,True,True
TRIP01247,CUST0452,VEH0052,SYNTHETIC,2026-09-24,Wednesday,09:57:00,Florianópolis,Florianópolis,Sul,Sul,21.6,27.8,família,urban,False,False
TRIP01248,CUST0498,VEH0098,SYNTHETIC,2026-08-02,Sunday,14:08:00,Rio de Janeiro,Salvador,Sudeste,Nordeste,173.3,310.2,lazer,intercity,False,True
TRIP01249,CUST0254,VEH0054,SYNTHETIC,2026-06-03,Friday,19:52:00,Recife,Salvador,Nordeste,Nordeste,175.4,481.8,rodoviária,intercity,False,True
TRIP01250,CUST0343,VEH0043,SYNTHETIC,2026-06-07,Monday,09:10:00,Salvador,Salvador,Nordeste,Nordeste,7.4,7.1,trabalho,urban,True,False
TRIP01251,CUST0385,VEH0085,SYNTHETIC,2026-07-04,Wednesday,14:30:00,Brasília,Brasília,Centro-Oeste,Centro-Oeste,19.7,19.4,lazer,urban,True,False
TRIP01252,CUST0380,VEH0080,SYNTHETIC,2026-09-07,Tuesday,10:43:00,Fortaleza,Fortaleza,Nordeste,Nordeste,4.8,4.4,família,urban,False,False
TRIP01253,CUST0159,VEH0059,SYNTHETIC,2026-07-06,Friday,15:03:00,Brasília,Brasília,Centro-Oeste,Centro-Oeste,40.9,50.5,família,intercity,False,False
TRIP01254,CUST0089,VEH0089,SYNTHETIC,2026-07-21,Thursday,21:45:00,Recife,Recife,Nordeste,Nordeste,30.6,46.1,escola,urban,False,False
TRIP01255,CUST0264,VEH0064,SYNTHETIC,2026-08-28,Sunday,21:28:00,Florianópolis,Florianópolis,Sul,Sul,10.9,10.7,lazer,urban,True,False
TRIP01256,CUST0482,VEH0082,SYNTHETIC,2026-07-11,Friday,18:05:00,Goiânia,Goiânia,Centro-Oeste,Centro-Oeste,20.0,16.4,família,urban,False,False
TRIP01257,CUST0133,VEH0033,SYNTHETIC,2026-09-16,Tuesday,13:09:00,Porto Alegre,Porto Alegre,Sul,Sul,39.0,68.9,viagem,urban,True,False
TRIP01258,CUST0391,VEH0091,SYNTHETIC,2026-08-20,Saturday,14:32:00,São Paulo,São Paulo,Sudeste,Sudeste,9.7,18.5,cliente,urban,False,False
TRIP01259,CUST0403,VEH0003,SYNTHETIC,2026-09-12,Friday,16:51:00,Fortaleza,Fortaleza,Nordeste,Nordeste,16.5,14.2,família,urban,False,False
TRIP01260,CUST0235,VEH0035,SYNTHETIC,2026-07-18,Sunday,09:12:00,Belo Horizonte,Belo Horizonte,Sudeste,Sudeste,4.0,5.1,restaurante,urban,False,False
TRIP01261,CUST0137,VEH0037,SYNTHETIC,2026-08-13,Monday,15:01:00,Campinas,Porto Alegre,Sudeste,Sul,394.9,668.8,cliente,rodoviaria,False,True
TRIP01262,CUST0007,VEH0007,SYNTHETIC,2026-09-28,Wednesday,18:32:00,Rio de Janeiro,Rio de Janeiro,Sudeste,Sudeste,32.7,26.5,academia,urban,False,False
TRIP01263,CUST0484,VEH0084,SYNTHETIC,2026-09-08,Friday,07:30:00,Goiânia,Goiânia,Centro-Oeste,Centro-Oeste,29.6,66.8,escola,urban,False,False
TRIP01264,CUST0267,VEH0067,SYNTHETIC,2026-09-28,Thursday,11:52:00,Curitiba,Curitiba,Sul,Sul,26.4,23.6,academia,urban,False,False
TRIP01265,CUST0347,VEH0047,SYNTHETIC,2026-09-22,Sunday,11:51:00,Curitiba,Curitiba,Sul,Sul,5.8,8.2,compras,urban,False,False
TRIP01266,CUST0252,VEH0052,SYNTHETIC,2026-08-06,Friday,16:34:00,Salvador,São Paulo,Nordeste,Sudeste,402.6,823.4,reunião,rodoviaria,True,True
TRIP01267,CUST0113,VEH0013,SYNTHETIC,2026-07-15,Tuesday,22:46:00,Brasília,Brasília,Centro-Oeste,Centro-Oeste,37.1,32.4,família,urban,False,False
TRIP01268,CUST0082,VEH0082,SYNTHETIC,2026-07-19,Thursday,12:04:00,São Paulo,São Paulo,Sudeste,Sudeste,24.6,20.1,restaurante,urban,False,False
TRIP01269,CUST0056,VEH0056,SYNTHETIC,2026-09-07,Saturday,12:01:00,Porto Alegre,Porto Alegre,Sul,Sul,42.8,100.7,compras,intercity,False,False
TRIP01270,CUST0159,VEH0059,SYNTHETIC,2026-07-31,Saturday,18:54:00,Brasília,Brasília,Centro-Oeste,Centro-Oeste,16.5,18.9,compras,urban,False,False
TRIP01271,CUST0337,VEH0037,SYNTHETIC,2026-09-07,Saturday,12:48:00,Recife,Recife,Nordeste,Nordeste,22.0,18.7,lazer,urban,False,False
TRIP01272,CUST0344,VEH0044,SYNTHETIC,2026-08-21,Monday,10:45:00,Brasília,Brasília,Centro-Oeste,Centro-Oeste,34.3,29.3,cliente,urban,False,False
TRIP01273,CUST0417,VEH0017,SYNTHETIC,2026-07-04,Tuesday,06:26:00,Campinas,Campinas,Sudeste,Sudeste,9.5,11.0,lazer,urban,False,False
TRIP01274,CUST0360,VEH0060,SYNTHETIC,2026-06-14,Monday,15:00:00,Fortaleza,Recife,Nordeste,Nordeste,220.9,406.4,academia,rodoviaria,True,True
TRIP01275,CUST0446,VEH0046,SYNTHETIC,2026-08-31,Tuesday,19:27:00,Recife,Recife,Nordeste,Nordeste,37.9,76.3,família,urban,False,False
TRIP01276,CUST0245,VEH0045,SYNTHETIC,2026-06-26,Friday,17:26:00,Curitiba,Curitiba,Sul,Sul,5.6,6.5,lazer,urban,True,False
TRIP01277,CUST0292,VEH0092,SYNTHETIC,2026-07-03,Sunday,19:00:00,Rio de Janeiro,Rio de Janeiro,Sudeste,Sudeste,9.7,10.1,academia,urban,False,False
TRIP01278,CUST0461,VEH0061,SYNTHETIC,2026-07-11,Tuesday,07:43:00,Florianópolis,Florianópolis,Sul,Sul,28.8,26.8,família,urban,False,False
TRIP01279,CUST0289,VEH0089,SYNTHETIC,2026-07-20,Tuesday,19:01:00,Campinas,Campinas,Sudeste,Sudeste,41.9,53.8,família,intercity,False,False
TRIP01280,CUST0234,VEH0034,SYNTHETIC,2026-07-01,Tuesday,11:37:00,Fortaleza,Fortaleza,Nordeste,Nordeste,5.8,6.7,trabalho,urban,False,False
TRIP01281,CUST0177,VEH0077,SYNTHETIC,2026-09-26,Wednesday,12:43:00,Campinas,Campinas,Sudeste,Sudeste,18.9,18.1,escola,urban,False,False
TRIP01282,CUST0356,VEH0056,SYNTHETIC,2026-07-05,Saturday,14:49:00,Florianópolis,Florianópolis,Sul,Sul,38.4,46.3,escola,urban,True,False
TRIP01283,CUST0049,VEH0049,SYNTHETIC,2026-07-28,Wednesday,06:33:00,Curitiba,Curitiba,Sul,Sul,14.1,12.5,compras,urban,False,False
TRIP01284,CUST0051,VEH0051,SYNTHETIC,2026-09-13,Thursday,12:01:00,Campinas,Campinas,Sudeste,Sudeste,44.1,62.1,viagem,intercity,True,False
TRIP01285,CUST0413,VEH0013,SYNTHETIC,2026-06-30,Tuesday,14:17:00,Porto Alegre,Porto Alegre,Sul,Sul,3.8,3.7,escola,urban,False,False
TRIP01286,CUST0089,VEH0089,SYNTHETIC,2026-07-25,Wednesday,22:43:00,Recife,Recife,Nordeste,Nordeste,10.3,11.5,família,urban,True,False
TRIP01287,CUST0337,VEH0037,SYNTHETIC,2026-07-29,Friday,15:26:00,Recife,São Paulo,Nordeste,Sudeste,218.9,335.2,família,rodoviaria,False,True
TRIP01288,CUST0010,VEH0010,SYNTHETIC,2026-08-27,Thursday,19:15:00,Brasília,Brasília,Centro-Oeste,Centro-Oeste,25.5,31.2,viagem,urban,True,False
TRIP01289,CUST0394,VEH0094,SYNTHETIC,2026-07-11,Tuesday,22:59:00,São Paulo,São Paulo,Sudeste,Sudeste,13.5,12.8,trabalho,urban,False,False
TRIP01290,CUST0435,VEH0035,SYNTHETIC,2026-08-15,Thursday,18:56:00,Brasília,Brasília,Centro-Oeste,Centro-Oeste,4.8,4.7,cliente,urban,False,False
TRIP01291,CUST0036,VEH0036,SYNTHETIC,2026-09-05,Wednesday,11:43:00,Rio de Janeiro,Rio de Janeiro,Sudeste,Sudeste,23.7,38.2,trabalho,urban,False,False
TRIP01292,CUST0321,VEH0021,SYNTHETIC,2026-08-25,Saturday,22:40:00,Campinas,Campinas,Sudeste,Sudeste,21.4,22.2,família,urban,False,False
TRIP01293,CUST0409,VEH0009,SYNTHETIC,2026-07-29,Thursday,17:49:00,Belo Horizonte,Belo Horizonte,Sudeste,Sudeste,12.1,28.0,lazer,urban,True,False
TRIP01294,CUST0165,VEH0065,SYNTHETIC,2026-06-21,Friday,18:25:00,Florianópolis,Florianópolis,Sul,Sul,21.8,30.8,lazer,urban,False,False
TRIP01295,CUST0019,VEH0019,SYNTHETIC,2026-07-08,Friday,22:50:00,Florianópolis,Florianópolis,Sul,Sul,38.1,54.2,obra,urban,False,False
TRIP01296,CUST0461,VEH0061,SYNTHETIC,2026-08-29,Friday,11:46:00,Florianópolis,Rio de Janeiro,Sul,Sudeste,351.4,575.5,compras,rodoviaria,False,True
TRIP01297,CUST0462,VEH0062,SYNTHETIC,2026-07-17,Tuesday,14:37:00,São Paulo,São Paulo,Sudeste,Sudeste,30.2,50.5,reunião,urban,True,False
TRIP01298,CUST0090,VEH0090,SYNTHETIC,2026-08-06,Sunday,19:45:00,Rio de Janeiro,Campinas,Sudeste,Sudeste,417.8,965.5,lazer,rodoviaria,True,True
TRIP01299,CUST0203,VEH0003,SYNTHETIC,2026-08-03,Friday,07:51:00,Porto Alegre,Recife,Sul,Nordeste,360.9,408.9,trabalho,rodoviaria,False,True
TRIP01300,CUST0451,VEH0051,SYNTHETIC,2026-09-24,Monday,12:21:00,Fortaleza,Fortaleza,Nordeste,Nordeste,27.6,43.2,compras,urban,False,False
TRIP01301,CUST0250,VEH0050,SYNTHETIC,2026-08-27,Sunday,10:08:00,Salvador,Salvador,Nordeste,Nordeste,9.9,8.1,lazer,urban,False,False
TRIP01302,CUST0450,VEH0050,SYNTHETIC,2026-09-16,Thursday,15:48:00,Brasília,Brasília,Centro-Oeste,Centro-Oeste,34.5,61.1,família,urban,True,False
TRIP01303,CUST0099,VEH0099,SYNTHETIC,2026-08-09,Friday,18:52:00,Salvador,Salvador,Nordeste,Nordeste,17.4,15.9,lazer,urban,True,False
TRIP01304,CUST0135,VEH0035,SYNTHETIC,2026-08-03,Monday,13:20:00,Salvador,Salvador,Nordeste,Nordeste,20.3,18.2,trabalho,urban,False,False
TRIP01305,CUST0354,VEH0054,SYNTHETIC,2026-07-22,Friday,10:59:00,Brasília,Brasília,Centro-Oeste,Centro-Oeste,3.5,4.9,obra,urban,True,False
TRIP01306,CUST0444,VEH0044,SYNTHETIC,2026-08-29,Tuesday,16:18:00,Goiânia,Goiânia,Centro-Oeste,Centro-Oeste,4.9,4.2,compras,urban,True,False
TRIP01307,CUST0491,VEH0091,SYNTHETIC,2026-07-13,Monday,13:56:00,São Paulo,Rio de Janeiro,Sudeste,Sudeste,57.5,73.3,escola,intercity,False,False
TRIP01308,CUST0471,VEH0071,SYNTHETIC,2026-06-04,Saturday,12:38:00,Salvador,Salvador,Nordeste,Nordeste,43.0,53.9,trabalho,intercity,False,False
TRIP01309,CUST0477,VEH0077,SYNTHETIC,2026-07-08,Tuesday,12:57:00,Goiânia,Goiânia,Centro-Oeste,Centro-Oeste,13.1,11.1,trabalho,urban,True,False
TRIP01310,CUST0079,VEH0079,SYNTHETIC,2026-08-28,Tuesday,16:00:00,Florianópolis,Florianópolis,Sul,Sul,10.1,18.4,família,urban,False,False
TRIP01311,CUST0430,VEH0030,SYNTHETIC,2026-09-26,Thursday,15:01:00,Curitiba,Curitiba,Sul,Sul,6.9,6.7,trabalho,urban,False,False
TRIP01312,CUST0410,VEH0010,SYNTHETIC,2026-08-04,Wednesday,22:44:00,Belo Horizonte,Belo Horizonte,Sudeste,Sudeste,31.7,30.8,família,urban,True,False
TRIP01313,CUST0326,VEH0026,SYNTHETIC,2026-08-03,Tuesday,06:25:00,Recife,Recife,Nordeste,Nordeste,10.1,8.9,trabalho,urban,False,False
TRIP01314,CUST0460,VEH0060,SYNTHETIC,2026-06-07,Saturday,11:10:00,Recife,Recife,Nordeste,Nordeste,31.2,72.6,lazer,urban,False,False
TRIP01315,CUST0235,VEH0035,SYNTHETIC,2026-06-09,Saturday,21:21:00,Belo Horizonte,Belo Horizonte,Sudeste,Sudeste,37.5,68.0,família,urban,False,False
TRIP01316,CUST0358,VEH0058,SYNTHETIC,2026-09-22,Monday,13:47:00,Porto Alegre,Porto Alegre,Sul,Sul,15.2,19.3,academia,urban,False,False
TRIP01317,CUST0278,VEH0078,SYNTHETIC,2026-09-13,Tuesday,17:41:00,Belo Horizonte,Belo Horizonte,Sudeste,Sudeste,28.7,37.6,trabalho,urban,False,False
TRIP01318,CUST0405,VEH0005,SYNTHETIC,2026-07-27,Wednesday,13:15:00,Belo Horizonte,Belo Horizonte,Sudeste,Sudeste,43.2,83.9,família,intercity,False,False
TRIP01319,CUST0312,VEH0012,SYNTHETIC,2026-07-22,Saturday,15:47:00,Belo Horizonte,Fortaleza,Sudeste,Nordeste,397.4,680.8,entrega,rodoviaria,False,True
TRIP01320,CUST0061,VEH0061,SYNTHETIC,2026-06-17,Tuesday,18:23:00,Fortaleza,Rio de Janeiro,Nordeste,Sudeste,132.5,124.9,obra,intercity,False,False
TRIP01321,CUST0017,VEH0017,SYNTHETIC,2026-09-04,Thursday,08:43:00,Belo Horizonte,Belo Horizonte,Sudeste,Sudeste,35.2,38.5,trabalho,urban,False,False
TRIP01322,CUST0315,VEH0015,SYNTHETIC,2026-09-13,Sunday,06:17:00,Belo Horizonte,Belo Horizonte,Sudeste,Sudeste,9.1,14.5,obra,urban,True,False
TRIP01323,CUST0182,VEH0082,SYNTHETIC,2026-07-11,Monday,22:28:00,Curitiba,Fortaleza,Sul,Nordeste,229.4,312.6,reunião,rodoviaria,True,True
TRIP01324,CUST0128,VEH0028,SYNTHETIC,2026-07-09,Sunday,21:52:00,Porto Alegre,Florianópolis,Sul,Sul,250.6,298.2,compras,rodoviaria,False,True
TRIP01325,CUST0368,VEH0068,SYNTHETIC,2026-08-07,Sunday,06:49:00,Goiânia,Rio de Janeiro,Centro-Oeste,Sudeste,351.3,506.9,lazer,rodoviaria,False,True
TRIP01326,CUST0300,VEH0100,SYNTHETIC,2026-09-28,Thursday,06:45:00,Belo Horizonte,Belo Horizonte,Sudeste,Sudeste,9.6,8.6,compras,urban,False,False
TRIP01327,CUST0098,VEH0098,SYNTHETIC,2026-06-07,Tuesday,13:03:00,Brasília,Brasília,Centro-Oeste,Centro-Oeste,35.4,41.6,cliente,urban,True,False
TRIP01328,CUST0344,VEH0044,SYNTHETIC,2026-07-21,Monday,08:11:00,Brasília,Salvador,Centro-Oeste,Nordeste,49.4,128.9,rodoviária,intercity,True,False
TRIP01329,CUST0396,VEH0096,SYNTHETIC,2026-08-20,Monday,22:07:00,Rio de Janeiro,Rio de Janeiro,Sudeste,Sudeste,3.2,3.9,família,urban,True,False
TRIP01330,CUST0239,VEH0039,SYNTHETIC,2026-06-21,Monday,19:05:00,Salvador,Salvador,Nordeste,Nordeste,38.4,53.1,viagem,urban,False,False
TRIP01331,CUST0377,VEH0077,SYNTHETIC,2026-08-15,Wednesday,17:58:00,Salvador,Salvador,Nordeste,Nordeste,8.9,7.5,academia,urban,False,False
TRIP01332,CUST0026,VEH0026,SYNTHETIC,2026-09-11,Wednesday,08:11:00,São Paulo,São Paulo,Sudeste,Sudeste,42.9,63.1,trabalho,intercity,False,False
TRIP01333,CUST0282,VEH0082,SYNTHETIC,2026-07-04,Monday,22:23:00,Florianópolis,Florianópolis,Sul,Sul,42.7,70.5,viagem,intercity,False,False
TRIP01334,CUST0160,VEH0060,SYNTHETIC,2026-09-12,Sunday,12:18:00,Goiânia,Goiânia,Centro-Oeste,Centro-Oeste,28.6,50.4,família,urban,False,False
TRIP01335,CUST0030,VEH0030,SYNTHETIC,2026-09-08,Tuesday,14:57:00,Salvador,Salvador,Nordeste,Nordeste,10.6,12.6,trabalho,urban,True,False
TRIP01336,CUST0008,VEH0008,SYNTHETIC,2026-07-11,Thursday,09:03:00,Rio de Janeiro,Curitiba,Sudeste,Sul,128.9,158.0,família,intercity,True,False
TRIP01337,CUST0378,VEH0078,SYNTHETIC,2026-09-11,Monday,14:17:00,Florianópolis,Florianópolis,Sul,Sul,30.3,29.8,família,urban,False,False
TRIP01338,CUST0474,VEH0074,SYNTHETIC,2026-09-09,Sunday,06:13:00,Fortaleza,Fortaleza,Nordeste,Nordeste,24.1,33.3,obra,urban,False,False
TRIP01339,CUST0256,VEH0056,SYNTHETIC,2026-08-30,Sunday,09:11:00,Curitiba,Curitiba,Sul,Sul,18.0,17.2,trabalho,urban,False,False
TRIP01340,CUST0043,VEH0043,SYNTHETIC,2026-09-30,Friday,13:20:00,Salvador,Salvador,Nordeste,Nordeste,21.5,24.2,rodoviária,urban,False,False
TRIP01341,CUST0297,VEH0097,SYNTHETIC,2026-06-09,Saturday,09:21:00,Fortaleza,Fortaleza,Nordeste,Nordeste,33.1,32.6,família,urban,False,False
TRIP01342,CUST0283,VEH0083,SYNTHETIC,2026-07-27,Monday,15:48:00,Rio de Janeiro,Rio de Janeiro,Sudeste,Sudeste,19.2,20.1,família,urban,False,False
TRIP01343,CUST0066,VEH0066,SYNTHETIC,2026-06-14,Tuesday,09:25:00,Fortaleza,Fortaleza,Nordeste,Nordeste,10.9,10.0,escola,urban,False,False
TRIP01344,CUST0120,VEH0020,SYNTHETIC,2026-07-13,Saturday,08:12:00,Fortaleza,Fortaleza,Nordeste,Nordeste,30.9,38.5,viagem,urban,False,False
TRIP01345,CUST0078,VEH0078,SYNTHETIC,2026-09-28,Saturday,14:21:00,Campinas,Campinas,Sudeste,Sudeste,39.8,39.0,compras,urban,False,False
TRIP01346,CUST0399,VEH0099,SYNTHETIC,2026-08-06,Tuesday,10:01:00,Florianópolis,Florianópolis,Sul,Sul,12.9,26.4,família,urban,False,False
TRIP01347,CUST0398,VEH0098,SYNTHETIC,2026-08-09,Sunday,10:06:00,Recife,Recife,Nordeste,Nordeste,39.1,50.4,família,urban,False,False
TRIP01348,CUST0153,VEH0053,SYNTHETIC,2026-07-17,Thursday,07:32:00,Belo Horizonte,Belo Horizonte,Sudeste,Sudeste,20.6,21.7,cliente,urban,False,False
TRIP01349,CUST0267,VEH0067,SYNTHETIC,2026-07-02,Sunday,12:39:00,Curitiba,Curitiba,Sul,Sul,42.5,69.7,compras,intercity,False,False
TRIP01350,CUST0164,VEH0064,SYNTHETIC,2026-08-12,Saturday,07:44:00,Florianópolis,Florianópolis,Sul,Sul,26.4,39.2,academia,urban,False,False
TRIP01351,CUST0086,VEH0086,SYNTHETIC,2026-09-17,Saturday,06:50:00,Belo Horizonte,Belo Horizonte,Sudeste,Sudeste,33.4,29.2,compras,urban,False,False
TRIP01352,CUST0310,VEH0010,SYNTHETIC,2026-09-22,Tuesday,08:13:00,Fortaleza,Fortaleza,Nordeste,Nordeste,36.7,29.8,viagem,urban,False,False
TRIP01353,CUST0035,VEH0035,SYNTHETIC,2026-08-05,Monday,21:17:00,Florianópolis,Florianópolis,Sul,Sul,24.3,19.7,academia,urban,True,False
TRIP01354,CUST0311,VEH0011,SYNTHETIC,2026-06-03,Friday,19:28:00,Brasília,Brasília,Centro-Oeste,Centro-Oeste,42.1,80.2,academia,intercity,True,False
TRIP01355,CUST0153,VEH0053,SYNTHETIC,2026-06-06,Wednesday,17:32:00,Belo Horizonte,Belo Horizonte,Sudeste,Sudeste,10.6,15.9,cliente,urban,False,False
TRIP01356,CUST0002,VEH0002,SYNTHETIC,2026-09-18,Saturday,14:07:00,Recife,Recife,Nordeste,Nordeste,26.9,22.0,família,urban,True,False
TRIP01357,CUST0276,VEH0076,SYNTHETIC,2026-06-16,Saturday,16:34:00,Campinas,Belo Horizonte,Sudeste,Sudeste,226.7,240.2,viagem,rodoviaria,True,True
TRIP01358,CUST0331,VEH0031,SYNTHETIC,2026-08-16,Friday,16:20:00,Rio de Janeiro,Rio de Janeiro,Sudeste,Sudeste,34.9,77.4,compras,urban,True,False
TRIP01359,CUST0026,VEH0026,SYNTHETIC,2026-09-30,Tuesday,06:25:00,São Paulo,São Paulo,Sudeste,Sudeste,34.6,30.4,trabalho,urban,False,False
TRIP01360,CUST0152,VEH0052,SYNTHETIC,2026-09-24,Thursday,16:15:00,Recife,Recife,Nordeste,Nordeste,5.5,6.9,cliente,urban,True,False
TRIP01361,CUST0106,VEH0006,SYNTHETIC,2026-08-04,Saturday,15:04:00,Salvador,Salvador,Nordeste,Nordeste,6.7,7.1,trabalho,urban,True,False
TRIP01362,CUST0102,VEH0002,SYNTHETIC,2026-08-07,Monday,19:13:00,Goiânia,Goiânia,Centro-Oeste,Centro-Oeste,19.2,16.2,academia,urban,False,False
TRIP01363,CUST0318,VEH0018,SYNTHETIC,2026-06-09,Saturday,17:42:00,Brasília,Brasília,Centro-Oeste,Centro-Oeste,5.7,6.4,viagem,urban,False,False
TRIP01364,CUST0497,VEH0097,SYNTHETIC,2026-07-02,Saturday,16:37:00,Goiânia,Goiânia,Centro-Oeste,Centro-Oeste,5.6,4.6,família,urban,False,False
TRIP01365,CUST0091,VEH0091,SYNTHETIC,2026-09-24,Saturday,21:38:00,São Paulo,São Paulo,Sudeste,Sudeste,14.2,14.3,trabalho,urban,True,False
TRIP01366,CUST0193,VEH0093,SYNTHETIC,2026-06-10,Saturday,12:57:00,Porto Alegre,Porto Alegre,Sul,Sul,7.4,6.4,trabalho,urban,False,False
TRIP01367,CUST0143,VEH0043,SYNTHETIC,2026-09-28,Monday,18:53:00,Curitiba,Curitiba,Sul,Sul,35.1,63.4,escola,urban,True,False
TRIP01368,CUST0016,VEH0016,SYNTHETIC,2026-07-26,Monday,11:48:00,Brasília,Brasília,Centro-Oeste,Centro-Oeste,17.7,15.6,academia,urban,False,False
TRIP01369,CUST0161,VEH0061,SYNTHETIC,2026-06-14,Sunday,22:14:00,Curitiba,Salvador,Sul,Nordeste,187.0,249.7,trabalho,rodoviaria,True,True
TRIP01370,CUST0149,VEH0049,SYNTHETIC,2026-07-24,Thursday,22:16:00,Belo Horizonte,Belo Horizonte,Sudeste,Sudeste,11.3,14.9,viagem,urban,False,False
TRIP01371,CUST0034,VEH0034,SYNTHETIC,2026-09-23,Sunday,09:30:00,Salvador,Salvador,Nordeste,Nordeste,41.9,36.7,cliente,intercity,False,False
TRIP01372,CUST0076,VEH0076,SYNTHETIC,2026-08-23,Friday,21:08:00,Goiânia,Goiânia,Centro-Oeste,Centro-Oeste,29.3,33.7,viagem,urban,True,False
TRIP01373,CUST0101,VEH0001,SYNTHETIC,2026-06-12,Friday,12:07:00,Campinas,Belo Horizonte,Sudeste,Sudeste,328.1,375.4,viagem,rodoviaria,False,True
TRIP01374,CUST0070,VEH0070,SYNTHETIC,2026-07-19,Sunday,10:44:00,Campinas,Campinas,Sudeste,Sudeste,16.1,19.2,família,urban,True,False
TRIP01375,CUST0073,VEH0073,SYNTHETIC,2026-08-29,Saturday,06:43:00,Curitiba,Porto Alegre,Sul,Sul,266.4,258.9,compras,rodoviaria,False,True
TRIP01376,CUST0360,VEH0060,SYNTHETIC,2026-09-01,Thursday,10:57:00,Fortaleza,Fortaleza,Nordeste,Nordeste,19.7,28.8,academia,urban,False,False
TRIP01377,CUST0306,VEH0006,SYNTHETIC,2026-08-21,Saturday,11:52:00,Fortaleza,São Paulo,Nordeste,Sudeste,106.5,337.4,viagem,intercity,False,False
TRIP01378,CUST0001,VEH0001,SYNTHETIC,2026-06-24,Saturday,18:34:00,Salvador,Salvador,Nordeste,Nordeste,14.7,14.5,viagem,urban,True,False
TRIP01379,CUST0144,VEH0044,SYNTHETIC,2026-06-13,Wednesday,18:51:00,Rio de Janeiro,Rio de Janeiro,Sudeste,Sudeste,12.0,11.2,trabalho,urban,False,False
TRIP01380,CUST0011,VEH0011,SYNTHETIC,2026-08-01,Saturday,07:20:00,Florianópolis,Florianópolis,Sul,Sul,33.4,53.6,viagem,urban,False,False
TRIP01381,CUST0413,VEH0013,SYNTHETIC,2026-07-22,Tuesday,08:08:00,Porto Alegre,Porto Alegre,Sul,Sul,21.9,35.7,escola,urban,False,False
TRIP01382,CUST0496,VEH0096,SYNTHETIC,2026-08-30,Saturday,13:30:00,Recife,Recife,Nordeste,Nordeste,43.4,39.4,trabalho,intercity,False,False
TRIP01383,CUST0089,VEH0089,SYNTHETIC,2026-06-19,Saturday,06:12:00,Recife,Recife,Nordeste,Nordeste,33.5,47.5,compras,urban,False,False
TRIP01384,CUST0408,VEH0008,SYNTHETIC,2026-09-21,Monday,19:09:00,Brasília,Salvador,Centro-Oeste,Nordeste,372.3,405.2,compras,rodoviaria,False,True
TRIP01385,CUST0164,VEH0064,SYNTHETIC,2026-06-18,Thursday,08:11:00,Florianópolis,Florianópolis,Sul,Sul,36.6,30.0,academia,urban,False,False
TRIP01386,CUST0326,VEH0026,SYNTHETIC,2026-09-07,Sunday,10:29:00,Recife,Recife,Nordeste,Nordeste,25.4,35.1,cliente,urban,False,False
TRIP01387,CUST0243,VEH0043,SYNTHETIC,2026-07-17,Wednesday,06:00:00,Recife,Recife,Nordeste,Nordeste,31.1,43.6,viagem,urban,False,False
TRIP01388,CUST0056,VEH0056,SYNTHETIC,2026-06-04,Wednesday,14:38:00,Porto Alegre,Curitiba,Sul,Sul,161.2,396.3,academia,intercity,True,True
TRIP01389,CUST0311,VEH0011,SYNTHETIC,2026-08-03,Tuesday,18:32:00,Brasília,Brasília,Centro-Oeste,Centro-Oeste,22.9,27.4,trabalho,urban,True,False
TRIP01390,CUST0329,VEH0029,SYNTHETIC,2026-06-15,Monday,17:52:00,Salvador,Brasília,Nordeste,Centro-Oeste,375.5,1111.4,família,rodoviaria,False,True
TRIP01391,CUST0311,VEH0011,SYNTHETIC,2026-06-19,Monday,06:12:00,Brasília,Brasília,Centro-Oeste,Centro-Oeste,15.7,21.6,trabalho,urban,False,False
TRIP01392,CUST0377,VEH0077,SYNTHETIC,2026-07-30,Friday,09:22:00,Salvador,Salvador,Nordeste,Nordeste,23.4,21.8,academia,urban,False,False
TRIP01393,CUST0341,VEH0041,SYNTHETIC,2026-06-21,Thursday,06:03:00,Florianópolis,Florianópolis,Sul,Sul,24.2,50.7,viagem,urban,False,False
TRIP01394,CUST0254,VEH0054,SYNTHETIC,2026-08-19,Tuesday,10:16:00,Recife,Recife,Nordeste,Nordeste,35.9,69.6,rodoviária,urban,False,False
TRIP01395,CUST0051,VEH0051,SYNTHETIC,2026-06-23,Thursday,06:25:00,Campinas,Campinas,Sudeste,Sudeste,27.7,41.8,família,urban,False,False
TRIP01396,CUST0290,VEH0090,SYNTHETIC,2026-09-29,Saturday,15:30:00,Recife,Recife,Nordeste,Nordeste,18.0,17.1,obra,urban,True,False
TRIP01397,CUST0241,VEH0041,SYNTHETIC,2026-09-03,Wednesday,17:02:00,Rio de Janeiro,Rio de Janeiro,Sudeste,Sudeste,37.2,39.7,restaurante,urban,False,False
TRIP01398,CUST0408,VEH0008,SYNTHETIC,2026-06-03,Tuesday,20:56:00,Brasília,São Paulo,Centro-Oeste,Sudeste,286.0,481.3,compras,rodoviaria,True,True
TRIP01399,CUST0246,VEH0046,SYNTHETIC,2026-08-03,Monday,20:56:00,Florianópolis,Florianópolis,Sul,Sul,39.9,33.4,rodoviária,urban,False,False
TRIP01400,CUST0292,VEH0092,SYNTHETIC,2026-07-19,Sunday,09:00:00,Rio de Janeiro,Rio de Janeiro,Sudeste,Sudeste,12.1,11.4,academia,urban,False,False
TRIP01401,CUST0046,VEH0046,SYNTHETIC,2026-07-06,Friday,13:20:00,Belo Horizonte,Belo Horizonte,Sudeste,Sudeste,32.1,33.0,lazer,urban,False,False
TRIP01402,CUST0354,VEH0054,SYNTHETIC,2026-07-02,Saturday,18:24:00,Brasília,Brasília,Centro-Oeste,Centro-Oeste,13.2,18.1,obra,urban,True,False
TRIP01403,CUST0347,VEH0047,SYNTHETIC,2026-06-10,Monday,09:30:00,Curitiba,Curitiba,Sul,Sul,5.1,6.1,escola,urban,False,False
TRIP01404,CUST0394,VEH0094,SYNTHETIC,2026-07-15,Monday,17:31:00,São Paulo,Salvador,Sudeste,Nordeste,407.9,1064.5,academia,rodoviaria,False,True
TRIP01405,CUST0461,VEH0061,SYNTHETIC,2026-08-04,Monday,20:48:00,Florianópolis,Florianópolis,Sul,Sul,19.5,19.8,família,urban,False,False
TRIP01406,CUST0149,VEH0049,SYNTHETIC,2026-06-04,Wednesday,21:45:00,Belo Horizonte,Belo Horizonte,Sudeste,Sudeste,35.9,37.9,cliente,urban,False,False
TRIP01407,CUST0281,VEH0081,SYNTHETIC,2026-07-13,Sunday,07:12:00,Rio de Janeiro,Goiânia,Sudeste,Centro-Oeste,231.1,243.1,compras,rodoviaria,False,True
TRIP01408,CUST0345,VEH0045,SYNTHETIC,2026-09-23,Tuesday,08:07:00,Rio de Janeiro,Rio de Janeiro,Sudeste,Sudeste,42.2,67.4,família,intercity,True,False
TRIP01409,CUST0380,VEH0080,SYNTHETIC,2026-09-18,Thursday,18:52:00,Fortaleza,Fortaleza,Nordeste,Nordeste,38.4,52.6,família,urban,False,False
TRIP01410,CUST0297,VEH0097,SYNTHETIC,2026-09-14,Friday,12:25:00,Fortaleza,Fortaleza,Nordeste,Nordeste,31.1,27.1,compras,urban,True,False
TRIP01411,CUST0116,VEH0016,SYNTHETIC,2026-06-29,Wednesday,10:54:00,Belo Horizonte,Belo Horizonte,Sudeste,Sudeste,33.7,37.1,compras,urban,True,False
TRIP01412,CUST0324,VEH0024,SYNTHETIC,2026-08-23,Monday,15:08:00,Belo Horizonte,Belo Horizonte,Sudeste,Sudeste,17.7,25.6,trabalho,urban,False,False
TRIP01413,CUST0369,VEH0069,SYNTHETIC,2026-06-28,Thursday,08:26:00,Florianópolis,Florianópolis,Sul,Sul,13.1,13.2,família,urban,True,False
TRIP01414,CUST0286,VEH0086,SYNTHETIC,2026-07-09,Thursday,14:56:00,Salvador,Salvador,Nordeste,Nordeste,40.0,91.6,restaurante,intercity,True,False
TRIP01415,CUST0072,VEH0072,SYNTHETIC,2026-06-18,Sunday,19:35:00,Campinas,Campinas,Sudeste,Sudeste,37.8,45.1,escola,urban,False,False
TRIP01416,CUST0096,VEH0096,SYNTHETIC,2026-07-24,Sunday,06:21:00,Rio de Janeiro,Rio de Janeiro,Sudeste,Sudeste,8.1,13.5,compras,urban,False,False
TRIP01417,CUST0067,VEH0067,SYNTHETIC,2026-09-09,Saturday,17:06:00,Fortaleza,Fortaleza,Nordeste,Nordeste,38.2,76.3,lazer,urban,False,False
TRIP01418,CUST0209,VEH0009,SYNTHETIC,2026-07-12,Sunday,06:29:00,Brasília,Brasília,Centro-Oeste,Centro-Oeste,12.0,13.9,escola,urban,False,False
TRIP01419,CUST0009,VEH0009,SYNTHETIC,2026-09-25,Tuesday,08:19:00,Florianópolis,Florianópolis,Sul,Sul,23.2,44.5,viagem,urban,True,False
TRIP01420,CUST0171,VEH0071,SYNTHETIC,2026-08-01,Tuesday,07:43:00,Rio de Janeiro,Rio de Janeiro,Sudeste,Sudeste,31.9,29.5,compras,urban,False,False
TRIP01421,CUST0440,VEH0040,SYNTHETIC,2026-06-19,Friday,09:33:00,Recife,Recife,Nordeste,Nordeste,5.3,5.3,rodoviária,urban,False,False
TRIP01422,CUST0218,VEH0018,SYNTHETIC,2026-07-29,Monday,18:41:00,Salvador,Salvador,Nordeste,Nordeste,12.6,15.9,família,urban,False,False
TRIP01423,CUST0210,VEH0010,SYNTHETIC,2026-07-19,Tuesday,11:21:00,São Paulo,São Paulo,Sudeste,Sudeste,4.6,4.1,lazer,urban,True,False
TRIP01424,CUST0115,VEH0015,SYNTHETIC,2026-09-04,Wednesday,12:17:00,Salvador,Salvador,Nordeste,Nordeste,40.6,57.5,família,intercity,False,False
TRIP01425,CUST0200,VEH0100,SYNTHETIC,2026-08-31,Friday,22:56:00,Recife,Salvador,Nordeste,Nordeste,378.1,590.3,cliente,rodoviaria,True,True
TRIP01426,CUST0475,VEH0075,SYNTHETIC,2026-06-06,Saturday,22:15:00,Goiânia,Goiânia,Centro-Oeste,Centro-Oeste,10.9,16.1,compras,urban,False,False
TRIP01427,CUST0228,VEH0028,SYNTHETIC,2026-06-12,Thursday,15:12:00,Campinas,Campinas,Sudeste,Sudeste,7.4,7.1,trabalho,urban,False,False
TRIP01428,CUST0349,VEH0049,SYNTHETIC,2026-09-28,Friday,07:11:00,Brasília,Brasília,Centro-Oeste,Centro-Oeste,33.2,67.7,cliente,urban,False,False
TRIP01429,CUST0103,VEH0003,SYNTHETIC,2026-08-29,Thursday,10:32:00,Porto Alegre,Porto Alegre,Sul,Sul,13.9,13.1,trabalho,urban,True,False
TRIP01430,CUST0172,VEH0072,SYNTHETIC,2026-09-14,Wednesday,07:10:00,Recife,Recife,Nordeste,Nordeste,22.2,31.5,lazer,urban,True,False
TRIP01431,CUST0310,VEH0010,SYNTHETIC,2026-09-25,Saturday,06:36:00,Fortaleza,Brasília,Nordeste,Centro-Oeste,281.2,522.0,cliente,rodoviaria,False,True
TRIP01432,CUST0003,VEH0003,SYNTHETIC,2026-06-03,Saturday,22:33:00,Goiânia,Goiânia,Centro-Oeste,Centro-Oeste,40.5,47.3,lazer,intercity,False,False
TRIP01433,CUST0289,VEH0089,SYNTHETIC,2026-08-01,Friday,12:32:00,Campinas,Campinas,Sudeste,Sudeste,42.0,48.9,família,intercity,False,False
TRIP01434,CUST0078,VEH0078,SYNTHETIC,2026-08-07,Tuesday,09:38:00,Campinas,Porto Alegre,Sudeste,Sul,408.5,826.2,escola,rodoviaria,False,True
TRIP01435,CUST0051,VEH0051,SYNTHETIC,2026-07-19,Sunday,11:50:00,Campinas,Campinas,Sudeste,Sudeste,4.0,6.8,viagem,urban,False,False
TRIP01436,CUST0428,VEH0028,SYNTHETIC,2026-09-23,Wednesday,15:26:00,Brasília,Campinas,Centro-Oeste,Sudeste,70.1,138.7,rodoviária,intercity,False,False
TRIP01437,CUST0092,VEH0092,SYNTHETIC,2026-09-17,Saturday,20:02:00,Brasília,Brasília,Centro-Oeste,Centro-Oeste,44.0,44.8,compras,intercity,False,False
TRIP01438,CUST0165,VEH0065,SYNTHETIC,2026-07-25,Sunday,08:00:00,Florianópolis,Florianópolis,Sul,Sul,28.8,56.1,lazer,urban,False,False
TRIP01439,CUST0224,VEH0024,SYNTHETIC,2026-07-28,Tuesday,09:07:00,Rio de Janeiro,Rio de Janeiro,Sudeste,Sudeste,39.8,39.2,compras,urban,False,False
TRIP01440,CUST0051,VEH0051,SYNTHETIC,2026-06-23,Monday,15:05:00,Campinas,Campinas,Sudeste,Sudeste,26.2,21.3,restaurante,urban,False,False
TRIP01441,CUST0015,VEH0015,SYNTHETIC,2026-07-15,Wednesday,12:27:00,Campinas,Campinas,Sudeste,Sudeste,41.5,71.4,trabalho,intercity,True,False
TRIP01442,CUST0451,VEH0051,SYNTHETIC,2026-08-08,Friday,16:56:00,Fortaleza,Fortaleza,Nordeste,Nordeste,4.6,7.9,academia,urban,False,False
TRIP01443,CUST0229,VEH0029,SYNTHETIC,2026-09-24,Tuesday,22:07:00,Recife,Recife,Nordeste,Nordeste,26.2,34.6,trabalho,urban,False,False
TRIP01444,CUST0217,VEH0017,SYNTHETIC,2026-06-07,Saturday,14:30:00,Curitiba,Belo Horizonte,Sul,Sudeste,274.3,309.1,viagem,rodoviaria,False,True
TRIP01445,CUST0126,VEH0026,SYNTHETIC,2026-07-23,Thursday,18:10:00,Fortaleza,Fortaleza,Nordeste,Nordeste,18.6,20.0,família,urban,True,False
TRIP01446,CUST0363,VEH0063,SYNTHETIC,2026-07-15,Thursday,06:40:00,Fortaleza,Fortaleza,Nordeste,Nordeste,9.1,13.5,compras,urban,False,False
TRIP01447,CUST0022,VEH0022,SYNTHETIC,2026-09-08,Monday,12:52:00,Recife,Porto Alegre,Nordeste,Sul,64.2,102.6,compras,intercity,False,False
TRIP01448,CUST0031,VEH0031,SYNTHETIC,2026-06-17,Saturday,08:39:00,Brasília,Curitiba,Centro-Oeste,Sul,299.4,899.4,cliente,rodoviaria,False,True
TRIP01449,CUST0399,VEH0099,SYNTHETIC,2026-08-31,Tuesday,20:44:00,Florianópolis,Goiânia,Sul,Centro-Oeste,137.9,178.8,família,intercity,True,False
TRIP01450,CUST0477,VEH0077,SYNTHETIC,2026-06-03,Sunday,15:36:00,Goiânia,Goiânia,Centro-Oeste,Centro-Oeste,32.9,27.7,cliente,urban,False,False
TRIP01451,CUST0340,VEH0040,SYNTHETIC,2026-07-24,Sunday,06:04:00,Curitiba,Belo Horizonte,Sul,Sudeste,85.9,91.3,lazer,intercity,False,False
TRIP01452,CUST0496,VEH0096,SYNTHETIC,2026-09-14,Monday,06:49:00,Recife,Recife,Nordeste,Nordeste,7.8,7.4,cliente,urban,False,False
TRIP01453,CUST0487,VEH0087,SYNTHETIC,2026-06-24,Thursday,20:11:00,Fortaleza,Fortaleza,Nordeste,Nordeste,40.4,37.4,família,intercity,True,False
TRIP01454,CUST0439,VEH0039,SYNTHETIC,2026-09-17,Thursday,15:44:00,Curitiba,Curitiba,Sul,Sul,25.3,23.8,rodoviária,urban,False,False
TRIP01455,CUST0098,VEH0098,SYNTHETIC,2026-07-26,Wednesday,10:55:00,Brasília,Brasília,Centro-Oeste,Centro-Oeste,26.6,40.4,trabalho,urban,False,False
TRIP01456,CUST0269,VEH0069,SYNTHETIC,2026-06-04,Thursday,22:10:00,Florianópolis,Florianópolis,Sul,Sul,3.3,4.8,lazer,urban,False,False
TRIP01457,CUST0198,VEH0098,SYNTHETIC,2026-06-21,Wednesday,09:00:00,Brasília,Salvador,Centro-Oeste,Nordeste,75.9,106.6,trabalho,intercity,False,False
TRIP01458,CUST0274,VEH0074,SYNTHETIC,2026-06-23,Wednesday,16:48:00,Rio de Janeiro,Rio de Janeiro,Sudeste,Sudeste,33.5,27.9,família,urban,False,False
TRIP01459,CUST0201,VEH0001,SYNTHETIC,2026-08-12,Monday,07:44:00,São Paulo,São Paulo,Sudeste,Sudeste,21.7,25.4,obra,urban,False,False
TRIP01460,CUST0437,VEH0037,SYNTHETIC,2026-06-18,Friday,10:40:00,Rio de Janeiro,Rio de Janeiro,Sudeste,Sudeste,23.1,21.4,lazer,urban,False,False
TRIP01461,CUST0023,VEH0023,SYNTHETIC,2026-06-29,Sunday,13:54:00,Goiânia,Goiânia,Centro-Oeste,Centro-Oeste,15.8,19.6,academia,urban,False,False
TRIP01462,CUST0315,VEH0015,SYNTHETIC,2026-08-20,Friday,15:59:00,Belo Horizonte,Goiânia,Sudeste,Centro-Oeste,76.3,169.1,cliente,intercity,True,False
TRIP01463,CUST0402,VEH0002,SYNTHETIC,2026-09-27,Thursday,08:55:00,Florianópolis,Florianópolis,Sul,Sul,14.1,13.0,academia,urban,True,False
TRIP01464,CUST0442,VEH0042,SYNTHETIC,2026-06-27,Monday,11:08:00,Brasília,Brasília,Centro-Oeste,Centro-Oeste,41.6,77.3,compras,intercity,False,False
TRIP01465,CUST0403,VEH0003,SYNTHETIC,2026-08-23,Sunday,13:32:00,Fortaleza,Fortaleza,Nordeste,Nordeste,35.2,41.3,compras,urban,False,False
TRIP01466,CUST0391,VEH0091,SYNTHETIC,2026-09-10,Tuesday,22:21:00,São Paulo,São Paulo,Sudeste,Sudeste,27.0,62.7,cliente,urban,True,False
TRIP01467,CUST0112,VEH0012,SYNTHETIC,2026-06-24,Friday,20:05:00,Goiânia,Goiânia,Centro-Oeste,Centro-Oeste,41.7,41.4,família,intercity,False,False
TRIP01468,CUST0357,VEH0057,SYNTHETIC,2026-08-22,Monday,09:48:00,Porto Alegre,Porto Alegre,Sul,Sul,36.9,55.0,família,urban,True,False
TRIP01469,CUST0291,VEH0091,SYNTHETIC,2026-08-11,Wednesday,09:51:00,São Paulo,São Paulo,Sudeste,Sudeste,8.6,18.3,cliente,urban,False,False
TRIP01470,CUST0319,VEH0019,SYNTHETIC,2026-07-07,Monday,18:19:00,Campinas,Campinas,Sudeste,Sudeste,26.8,51.9,compras,urban,False,False
TRIP01471,CUST0381,VEH0081,SYNTHETIC,2026-07-20,Wednesday,09:49:00,Recife,Recife,Nordeste,Nordeste,31.1,31.0,viagem,urban,False,False
TRIP01472,CUST0152,VEH0052,SYNTHETIC,2026-08-23,Friday,19:54:00,Recife,Belo Horizonte,Nordeste,Sudeste,74.7,71.4,viagem,intercity,False,False
TRIP01473,CUST0412,VEH0012,SYNTHETIC,2026-08-15,Wednesday,17:48:00,Goiânia,Goiânia,Centro-Oeste,Centro-Oeste,13.8,24.8,cliente,urban,False,False
TRIP01474,CUST0299,VEH0099,SYNTHETIC,2026-08-27,Tuesday,17:04:00,Porto Alegre,Porto Alegre,Sul,Sul,18.3,16.7,cliente,urban,True,False
TRIP01475,CUST0266,VEH0066,SYNTHETIC,2026-06-17,Sunday,16:39:00,Florianópolis,Florianópolis,Sul,Sul,39.4,58.7,rodoviária,urban,False,False
TRIP01476,CUST0317,VEH0017,SYNTHETIC,2026-07-17,Tuesday,15:28:00,Campinas,Campinas,Sudeste,Sudeste,31.2,41.2,rodoviária,urban,False,False
TRIP01477,CUST0369,VEH0069,SYNTHETIC,2026-07-02,Wednesday,17:38:00,Florianópolis,Florianópolis,Sul,Sul,26.3,40.7,lazer,urban,False,False
TRIP01478,CUST0233,VEH0033,SYNTHETIC,2026-09-30,Saturday,17:03:00,Florianópolis,Campinas,Sul,Sudeste,157.8,206.5,academia,intercity,False,True
TRIP01479,CUST0351,VEH0051,SYNTHETIC,2026-06-06,Friday,20:24:00,Brasília,Brasília,Centro-Oeste,Centro-Oeste,28.6,23.8,família,urban,False,False
TRIP01480,CUST0278,VEH0078,SYNTHETIC,2026-08-21,Friday,22:39:00,Belo Horizonte,Belo Horizonte,Sudeste,Sudeste,6.3,11.9,trabalho,urban,False,False
TRIP01481,CUST0022,VEH0022,SYNTHETIC,2026-06-21,Tuesday,15:18:00,Recife,Recife,Nordeste,Nordeste,5.2,4.2,família,urban,True,False
TRIP01482,CUST0468,VEH0068,SYNTHETIC,2026-06-29,Monday,06:07:00,Belo Horizonte,Campinas,Sudeste,Sudeste,314.3,849.8,lazer,rodoviaria,False,True
TRIP01483,CUST0072,VEH0072,SYNTHETIC,2026-08-10,Friday,19:27:00,Campinas,Campinas,Sudeste,Sudeste,13.2,15.6,lazer,urban,False,False
TRIP01484,CUST0248,VEH0048,SYNTHETIC,2026-06-21,Friday,09:51:00,Campinas,Curitiba,Sudeste,Sul,320.7,386.1,trabalho,rodoviaria,False,True
TRIP01485,CUST0087,VEH0087,SYNTHETIC,2026-06-07,Saturday,06:49:00,Brasília,Brasília,Centro-Oeste,Centro-Oeste,6.4,10.2,trabalho,urban,True,False
TRIP01486,CUST0467,VEH0067,SYNTHETIC,2026-06-23,Thursday,14:57:00,Belo Horizonte,Belo Horizonte,Sudeste,Sudeste,27.0,25.7,aeroporto,urban,False,False
TRIP01487,CUST0132,VEH0032,SYNTHETIC,2026-08-24,Wednesday,18:08:00,São Paulo,São Paulo,Sudeste,Sudeste,40.5,38.8,trabalho,intercity,True,False
TRIP01488,CUST0008,VEH0008,SYNTHETIC,2026-07-12,Tuesday,07:55:00,Rio de Janeiro,Rio de Janeiro,Sudeste,Sudeste,3.6,3.0,trabalho,urban,False,False
TRIP01489,CUST0088,VEH0088,SYNTHETIC,2026-07-13,Monday,08:35:00,Salvador,Salvador,Nordeste,Nordeste,40.3,35.4,trabalho,intercity,True,False
TRIP01490,CUST0017,VEH0017,SYNTHETIC,2026-08-29,Thursday,15:48:00,Belo Horizonte,Belo Horizonte,Sudeste,Sudeste,31.4,48.5,reunião,urban,False,False
TRIP01491,CUST0273,VEH0073,SYNTHETIC,2026-09-23,Monday,10:19:00,Florianópolis,Florianópolis,Sul,Sul,27.3,32.2,viagem,urban,False,False
TRIP01492,CUST0293,VEH0093,SYNTHETIC,2026-08-21,Tuesday,16:32:00,Porto Alegre,Fortaleza,Sul,Nordeste,388.2,608.9,trabalho,rodoviaria,False,True
TRIP01493,CUST0487,VEH0087,SYNTHETIC,2026-07-16,Friday,19:45:00,Fortaleza,Fortaleza,Nordeste,Nordeste,14.3,23.1,academia,urban,False,False
TRIP01494,CUST0474,VEH0074,SYNTHETIC,2026-06-16,Friday,19:10:00,Fortaleza,Fortaleza,Nordeste,Nordeste,35.1,36.3,cliente,urban,False,False
TRIP01495,CUST0098,VEH0098,SYNTHETIC,2026-07-03,Monday,06:26:00,Brasília,Brasília,Centro-Oeste,Centro-Oeste,4.0,3.3,reunião,urban,False,False
TRIP01496,CUST0393,VEH0093,SYNTHETIC,2026-08-05,Sunday,09:39:00,Brasília,Brasília,Centro-Oeste,Centro-Oeste,41.9,39.5,família,intercity,False,False
TRIP01497,CUST0347,VEH0047,SYNTHETIC,2026-08-01,Tuesday,13:22:00,Curitiba,Curitiba,Sul,Sul,42.2,36.6,família,intercity,False,False
TRIP01498,CUST0360,VEH0060,SYNTHETIC,2026-08-26,Saturday,08:18:00,Fortaleza,São Paulo,Nordeste,Sudeste,359.9,605.2,compras,rodoviaria,False,True
TRIP01499,CUST0036,VEH0036,SYNTHETIC,2026-07-17,Sunday,09:01:00,Rio de Janeiro,Rio de Janeiro,Sudeste,Sudeste,11.7,25.0,trabalho,urban,True,False
TRIP01500,CUST0461,VEH0061,SYNTHETIC,2026-09-24,Monday,16:26:00,Florianópolis,Florianópolis,Sul,Sul,7.1,12.0,família,urban,True,False
TRIP01501,CUST0240,VEH0040,SYNTHETIC,2026-09-08,Monday,18:20:00,Rio de Janeiro,Rio de Janeiro,Sudeste,Sudeste,39.6,48.4,cliente,urban,False,False
TRIP01502,CUST0244,VEH0044,SYNTHETIC,2026-08-12,Tuesday,13:34:00,Rio de Janeiro,Rio de Janeiro,Sudeste,Sudeste,22.7,18.8,restaurante,urban,False,False
TRIP01503,CUST0274,VEH0074,SYNTHETIC,2026-07-18,Friday,17:18:00,Rio de Janeiro,Rio de Janeiro,Sudeste,Sudeste,6.0,5.8,lazer,urban,False,False
TRIP01504,CUST0418,VEH0018,SYNTHETIC,2026-07-29,Monday,19:22:00,Salvador,Salvador,Nordeste,Nordeste,26.2,24.2,compras,urban,False,False
TRIP01505,CUST0340,VEH0040,SYNTHETIC,2026-07-09,Friday,21:00:00,Curitiba,Curitiba,Sul,Sul,22.2,25.7,compras,urban,False,False
TRIP01506,CUST0473,VEH0073,SYNTHETIC,2026-07-17,Thursday,19:57:00,Curitiba,Curitiba,Sul,Sul,41.2,42.4,cliente,intercity,True,False
TRIP01507,CUST0467,VEH0067,SYNTHETIC,2026-09-14,Wednesday,16:27:00,Belo Horizonte,Belo Horizonte,Sudeste,Sudeste,15.1,28.1,reunião,urban,False,False
TRIP01508,CUST0292,VEH0092,SYNTHETIC,2026-07-20,Sunday,22:52:00,Rio de Janeiro,Rio de Janeiro,Sudeste,Sudeste,21.7,28.1,trabalho,urban,True,False
TRIP01509,CUST0240,VEH0040,SYNTHETIC,2026-08-29,Monday,09:07:00,Rio de Janeiro,Rio de Janeiro,Sudeste,Sudeste,24.1,32.2,trabalho,urban,False,False
TRIP01510,CUST0303,VEH0003,SYNTHETIC,2026-06-07,Wednesday,14:36:00,Fortaleza,Fortaleza,Nordeste,Nordeste,30.0,30.7,viagem,urban,True,False
TRIP01511,CUST0108,VEH0008,SYNTHETIC,2026-09-22,Monday,06:23:00,Campinas,Campinas,Sudeste,Sudeste,15.8,25.7,compras,urban,False,False
TRIP01512,CUST0386,VEH0086,SYNTHETIC,2026-06-04,Monday,08:43:00,Goiânia,Goiânia,Centro-Oeste,Centro-Oeste,23.2,26.8,lazer,urban,False,False
TRIP01513,CUST0314,VEH0014,SYNTHETIC,2026-09-30,Thursday,14:43:00,Goiânia,Goiânia,Centro-Oeste,Centro-Oeste,24.2,19.4,compras,urban,False,False
TRIP01514,CUST0472,VEH0072,SYNTHETIC,2026-09-06,Tuesday,07:36:00,Porto Alegre,São Paulo,Sul,Sudeste,397.9,1048.5,academia,rodoviaria,False,True
TRIP01515,CUST0139,VEH0039,SYNTHETIC,2026-06-07,Wednesday,13:16:00,Curitiba,Porto Alegre,Sul,Sul,214.1,266.5,viagem,rodoviaria,False,True
TRIP01516,CUST0321,VEH0021,SYNTHETIC,2026-07-02,Saturday,09:52:00,Campinas,Campinas,Sudeste,Sudeste,6.1,6.7,compras,urban,False,False
TRIP01517,CUST0119,VEH0019,SYNTHETIC,2026-07-21,Wednesday,16:24:00,Brasília,Brasília,Centro-Oeste,Centro-Oeste,41.4,42.9,trabalho,intercity,False,False
TRIP01518,CUST0222,VEH0022,SYNTHETIC,2026-09-13,Monday,19:17:00,Florianópolis,Florianópolis,Sul,Sul,44.6,69.9,trabalho,intercity,False,False
TRIP01519,CUST0375,VEH0075,SYNTHETIC,2026-08-25,Wednesday,13:37:00,Rio de Janeiro,Rio de Janeiro,Sudeste,Sudeste,30.0,47.1,família,urban,False,False
TRIP01520,CUST0055,VEH0055,SYNTHETIC,2026-08-22,Monday,22:53:00,Salvador,Salvador,Nordeste,Nordeste,38.1,34.2,trabalho,urban,False,False
TRIP01521,CUST0217,VEH0017,SYNTHETIC,2026-06-04,Thursday,13:14:00,Curitiba,Curitiba,Sul,Sul,22.8,30.2,trabalho,urban,True,False
TRIP01522,CUST0225,VEH0025,SYNTHETIC,2026-06-28,Monday,10:02:00,Goiânia,Goiânia,Centro-Oeste,Centro-Oeste,28.5,25.9,lazer,urban,False,False
TRIP01523,CUST0320,VEH0020,SYNTHETIC,2026-07-04,Saturday,13:24:00,Campinas,Recife,Sudeste,Nordeste,407.3,886.6,escola,rodoviaria,False,True
TRIP01524,CUST0163,VEH0063,SYNTHETIC,2026-08-18,Thursday,08:05:00,Porto Alegre,Brasília,Sul,Centro-Oeste,361.9,542.0,compras,rodoviaria,True,True
TRIP01525,CUST0111,VEH0011,SYNTHETIC,2026-07-15,Tuesday,11:49:00,Brasília,Brasília,Centro-Oeste,Centro-Oeste,42.2,76.1,compras,intercity,False,False
TRIP01526,CUST0391,VEH0091,SYNTHETIC,2026-06-05,Friday,14:39:00,São Paulo,São Paulo,Sudeste,Sudeste,26.0,25.6,reunião,urban,True,False
TRIP01527,CUST0170,VEH0070,SYNTHETIC,2026-09-13,Wednesday,15:24:00,Goiânia,Belo Horizonte,Centro-Oeste,Sudeste,315.9,418.8,lazer,rodoviaria,True,True
TRIP01528,CUST0378,VEH0078,SYNTHETIC,2026-06-11,Wednesday,08:02:00,Florianópolis,Recife,Sul,Nordeste,232.9,412.2,compras,rodoviaria,False,True
TRIP01529,CUST0453,VEH0053,SYNTHETIC,2026-07-30,Sunday,08:56:00,Florianópolis,Recife,Sul,Nordeste,345.0,479.1,família,rodoviaria,False,True
TRIP01530,CUST0051,VEH0051,SYNTHETIC,2026-07-13,Saturday,22:27:00,Campinas,Campinas,Sudeste,Sudeste,13.7,13.3,lazer,urban,False,False
TRIP01531,CUST0027,VEH0027,SYNTHETIC,2026-09-23,Monday,19:26:00,Campinas,São Paulo,Sudeste,Sudeste,412.6,705.2,academia,rodoviaria,False,True
TRIP01532,CUST0229,VEH0029,SYNTHETIC,2026-09-08,Thursday,18:54:00,Recife,Recife,Nordeste,Nordeste,7.4,11.0,entrega,urban,False,False
TRIP01533,CUST0196,VEH0096,SYNTHETIC,2026-07-28,Tuesday,09:57:00,São Paulo,São Paulo,Sudeste,Sudeste,10.4,10.3,compras,urban,False,False
TRIP01534,CUST0393,VEH0093,SYNTHETIC,2026-09-19,Monday,09:40:00,Brasília,Brasília,Centro-Oeste,Centro-Oeste,13.6,21.4,compras,urban,False,False
TRIP01535,CUST0203,VEH0003,SYNTHETIC,2026-08-21,Tuesday,13:57:00,Porto Alegre,Porto Alegre,Sul,Sul,22.4,29.8,trabalho,urban,False,False
TRIP01536,CUST0122,VEH0022,SYNTHETIC,2026-09-03,Wednesday,13:05:00,Fortaleza,Florianópolis,Nordeste,Sul,143.6,366.1,trabalho,intercity,True,False
TRIP01537,CUST0088,VEH0088,SYNTHETIC,2026-06-22,Saturday,20:30:00,Salvador,Salvador,Nordeste,Nordeste,4.9,6.7,trabalho,urban,True,False
TRIP01538,CUST0239,VEH0039,SYNTHETIC,2026-08-10,Wednesday,16:52:00,Salvador,Campinas,Nordeste,Sudeste,174.3,546.6,lazer,intercity,False,True
TRIP01539,CUST0077,VEH0077,SYNTHETIC,2026-07-15,Monday,08:38:00,Porto Alegre,Porto Alegre,Sul,Sul,22.9,42.6,escola,urban,False,False
TRIP01540,CUST0088,VEH0088,SYNTHETIC,2026-06-19,Tuesday,21:15:00,Salvador,Salvador,Nordeste,Nordeste,6.6,7.6,obra,urban,False,False
TRIP01541,CUST0029,VEH0029,SYNTHETIC,2026-09-01,Monday,20:22:00,Recife,Recife,Nordeste,Nordeste,17.5,16.5,restaurante,urban,False,False
TRIP01542,CUST0362,VEH0062,SYNTHETIC,2026-07-14,Thursday,10:27:00,Florianópolis,Florianópolis,Sul,Sul,41.2,34.8,família,intercity,False,False
TRIP01543,CUST0234,VEH0034,SYNTHETIC,2026-09-26,Friday,08:35:00,Fortaleza,Fortaleza,Nordeste,Nordeste,4.2,3.8,compras,urban,False,False
TRIP01544,CUST0354,VEH0054,SYNTHETIC,2026-08-31,Friday,14:14:00,Brasília,Rio de Janeiro,Centro-Oeste,Sudeste,288.9,458.8,cliente,rodoviaria,True,True
TRIP01545,CUST0289,VEH0089,SYNTHETIC,2026-08-15,Monday,13:08:00,Campinas,Campinas,Sudeste,Sudeste,21.2,29.5,compras,urban,False,False
TRIP01546,CUST0403,VEH0003,SYNTHETIC,2026-08-12,Wednesday,18:19:00,Fortaleza,Fortaleza,Nordeste,Nordeste,34.2,78.2,academia,urban,False,False
TRIP01547,CUST0450,VEH0050,SYNTHETIC,2026-07-20,Sunday,16:04:00,Brasília,Brasília,Centro-Oeste,Centro-Oeste,5.1,4.2,compras,urban,False,False
TRIP01548,CUST0351,VEH0051,SYNTHETIC,2026-09-10,Thursday,19:09:00,Brasília,Porto Alegre,Centro-Oeste,Sul,46.2,67.3,academia,intercity,False,False
TRIP01549,CUST0169,VEH0069,SYNTHETIC,2026-08-22,Tuesday,16:35:00,São Paulo,Campinas,Sudeste,Sudeste,235.9,236.2,aeroporto,rodoviaria,False,True
TRIP01550,CUST0079,VEH0079,SYNTHETIC,2026-08-27,Wednesday,08:27:00,Florianópolis,Florianópolis,Sul,Sul,27.0,31.7,escola,urban,True,False
TRIP01551,CUST0138,VEH0038,SYNTHETIC,2026-07-12,Thursday,16:56:00,Brasília,Brasília,Centro-Oeste,Centro-Oeste,10.9,8.7,família,urban,False,False
TRIP01552,CUST0230,VEH0030,SYNTHETIC,2026-07-28,Saturday,11:02:00,Rio de Janeiro,São Paulo,Sudeste,Sudeste,344.4,353.9,obra,rodoviaria,False,True
TRIP01553,CUST0442,VEH0042,SYNTHETIC,2026-06-25,Wednesday,14:41:00,Brasília,Brasília,Centro-Oeste,Centro-Oeste,4.5,7.6,família,urban,False,False
TRIP01554,CUST0312,VEH0012,SYNTHETIC,2026-08-22,Sunday,19:56:00,Belo Horizonte,Rio de Janeiro,Sudeste,Sudeste,417.8,895.2,entrega,rodoviaria,False,True
TRIP01555,CUST0328,VEH0028,SYNTHETIC,2026-09-25,Monday,12:29:00,Campinas,Campinas,Sudeste,Sudeste,22.1,28.3,academia,urban,False,False
TRIP01556,CUST0240,VEH0040,SYNTHETIC,2026-08-20,Saturday,21:41:00,Rio de Janeiro,Rio de Janeiro,Sudeste,Sudeste,26.4,25.8,reunião,urban,False,False
TRIP01557,CUST0078,VEH0078,SYNTHETIC,2026-09-27,Sunday,21:22:00,Campinas,Campinas,Sudeste,Sudeste,4.1,4.0,família,urban,False,False
TRIP01558,CUST0355,VEH0055,SYNTHETIC,2026-06-12,Sunday,06:42:00,São Paulo,Salvador,Sudeste,Nordeste,96.3,118.2,academia,intercity,False,False
TRIP01559,CUST0365,VEH0065,SYNTHETIC,2026-07-12,Monday,08:09:00,Fortaleza,Fortaleza,Nordeste,Nordeste,10.1,12.6,aeroporto,urban,False,False
TRIP01560,CUST0336,VEH0036,SYNTHETIC,2026-06-07,Thursday,10:16:00,Salvador,Salvador,Nordeste,Nordeste,18.5,25.4,trabalho,urban,False,False
TRIP01561,CUST0493,VEH0093,SYNTHETIC,2026-07-23,Tuesday,11:12:00,Campinas,Campinas,Sudeste,Sudeste,15.8,15.0,lazer,urban,False,False
TRIP01562,CUST0424,VEH0024,SYNTHETIC,2026-08-24,Monday,21:19:00,Porto Alegre,Campinas,Sul,Sudeste,48.0,93.3,compras,intercity,True,False
TRIP01563,CUST0329,VEH0029,SYNTHETIC,2026-06-18,Tuesday,15:10:00,Salvador,Curitiba,Nordeste,Sul,178.2,340.9,família,intercity,False,True
TRIP01564,CUST0257,VEH0057,SYNTHETIC,2026-08-05,Thursday,14:10:00,Brasília,Rio de Janeiro,Centro-Oeste,Sudeste,226.5,251.7,cliente,rodoviaria,False,True
TRIP01565,CUST0443,VEH0043,SYNTHETIC,2026-07-31,Sunday,14:24:00,Curitiba,Curitiba,Sul,Sul,36.3,55.4,trabalho,urban,False,False
TRIP01566,CUST0173,VEH0073,SYNTHETIC,2026-07-22,Wednesday,15:10:00,Rio de Janeiro,Rio de Janeiro,Sudeste,Sudeste,27.0,25.0,família,urban,False,False
TRIP01567,CUST0296,VEH0096,SYNTHETIC,2026-06-28,Saturday,21:48:00,Fortaleza,Fortaleza,Nordeste,Nordeste,18.5,23.7,lazer,urban,False,False
TRIP01568,CUST0489,VEH0089,SYNTHETIC,2026-06-19,Sunday,06:28:00,Brasília,Campinas,Centro-Oeste,Sudeste,396.1,663.9,lazer,rodoviaria,True,True
TRIP01569,CUST0217,VEH0017,SYNTHETIC,2026-07-29,Monday,09:11:00,Curitiba,Porto Alegre,Sul,Sul,332.9,529.4,viagem,rodoviaria,False,True
TRIP01570,CUST0428,VEH0028,SYNTHETIC,2026-06-13,Sunday,15:25:00,Brasília,Brasília,Centro-Oeste,Centro-Oeste,19.2,21.4,cliente,urban,False,False
TRIP01571,CUST0206,VEH0006,SYNTHETIC,2026-09-13,Saturday,06:17:00,São Paulo,São Paulo,Sudeste,Sudeste,3.5,4.2,compras,urban,True,False
TRIP01572,CUST0463,VEH0063,SYNTHETIC,2026-08-04,Tuesday,09:46:00,Belo Horizonte,Belo Horizonte,Sudeste,Sudeste,27.4,24.3,rodoviária,urban,False,False
TRIP01573,CUST0362,VEH0062,SYNTHETIC,2026-07-09,Sunday,21:19:00,Florianópolis,Florianópolis,Sul,Sul,17.0,15.6,compras,urban,True,False
TRIP01574,CUST0394,VEH0094,SYNTHETIC,2026-08-27,Saturday,11:37:00,São Paulo,São Paulo,Sudeste,Sudeste,31.9,40.9,compras,urban,False,False
TRIP01575,CUST0226,VEH0026,SYNTHETIC,2026-09-21,Wednesday,17:21:00,São Paulo,São Paulo,Sudeste,Sudeste,18.5,28.7,lazer,urban,False,False
TRIP01576,CUST0158,VEH0058,SYNTHETIC,2026-06-30,Tuesday,06:38:00,Curitiba,Curitiba,Sul,Sul,8.1,14.5,compras,urban,True,False
TRIP01577,CUST0380,VEH0080,SYNTHETIC,2026-09-21,Friday,20:04:00,Fortaleza,Fortaleza,Nordeste,Nordeste,18.7,15.6,família,urban,False,False
TRIP01578,CUST0181,VEH0081,SYNTHETIC,2026-08-06,Friday,09:27:00,Fortaleza,Florianópolis,Nordeste,Sul,240.7,401.1,trabalho,rodoviaria,False,True
TRIP01579,CUST0239,VEH0039,SYNTHETIC,2026-07-29,Saturday,06:42:00,Salvador,Salvador,Nordeste,Nordeste,34.7,74.4,viagem,urban,True,False
TRIP01580,CUST0269,VEH0069,SYNTHETIC,2026-06-30,Thursday,10:32:00,Florianópolis,Florianópolis,Sul,Sul,39.3,53.8,compras,urban,False,False
TRIP01581,CUST0131,VEH0031,SYNTHETIC,2026-06-16,Sunday,13:31:00,Salvador,Salvador,Nordeste,Nordeste,33.8,50.1,aeroporto,urban,False,False
TRIP01582,CUST0259,VEH0059,SYNTHETIC,2026-08-15,Monday,11:21:00,Curitiba,Curitiba,Sul,Sul,16.5,19.7,família,urban,False,False
TRIP01583,CUST0208,VEH0008,SYNTHETIC,2026-08-22,Friday,13:51:00,Recife,Fortaleza,Nordeste,Nordeste,156.9,175.5,rodoviária,intercity,True,True
TRIP01584,CUST0140,VEH0040,SYNTHETIC,2026-06-28,Tuesday,15:55:00,Brasília,São Paulo,Centro-Oeste,Sudeste,196.8,467.7,família,rodoviaria,False,True
TRIP01585,CUST0320,VEH0020,SYNTHETIC,2026-07-20,Tuesday,21:32:00,Campinas,Campinas,Sudeste,Sudeste,35.1,35.4,compras,urban,False,False
TRIP01586,CUST0322,VEH0022,SYNTHETIC,2026-08-15,Monday,16:01:00,Porto Alegre,Porto Alegre,Sul,Sul,18.2,22.8,lazer,urban,False,False
TRIP01587,CUST0241,VEH0041,SYNTHETIC,2026-06-29,Tuesday,21:39:00,Rio de Janeiro,Rio de Janeiro,Sudeste,Sudeste,35.0,48.8,família,urban,True,False
TRIP01588,CUST0273,VEH0073,SYNTHETIC,2026-08-18,Monday,09:17:00,Florianópolis,Florianópolis,Sul,Sul,29.3,31.3,viagem,urban,False,False
TRIP01589,CUST0372,VEH0072,SYNTHETIC,2026-07-19,Friday,08:12:00,Campinas,Campinas,Sudeste,Sudeste,10.2,10.2,família,urban,True,False
TRIP01590,CUST0188,VEH0088,SYNTHETIC,2026-09-14,Friday,20:43:00,Porto Alegre,Porto Alegre,Sul,Sul,11.3,15.3,família,urban,False,False
TRIP01591,CUST0129,VEH0029,SYNTHETIC,2026-09-15,Wednesday,10:45:00,Salvador,Salvador,Nordeste,Nordeste,19.7,18.9,trabalho,urban,True,False
TRIP01592,CUST0248,VEH0048,SYNTHETIC,2026-09-12,Thursday,22:46:00,Campinas,Campinas,Sudeste,Sudeste,34.5,53.0,família,urban,False,False
TRIP01593,CUST0128,VEH0028,SYNTHETIC,2026-08-06,Monday,15:01:00,Porto Alegre,Porto Alegre,Sul,Sul,32.0,36.9,família,urban,False,False
TRIP01594,CUST0484,VEH0084,SYNTHETIC,2026-08-22,Saturday,11:47:00,Goiânia,Goiânia,Centro-Oeste,Centro-Oeste,8.8,14.6,família,urban,False,False
TRIP01595,CUST0157,VEH0057,SYNTHETIC,2026-09-17,Saturday,17:03:00,Rio de Janeiro,Rio de Janeiro,Sudeste,Sudeste,34.1,41.0,viagem,urban,False,False
TRIP01596,CUST0017,VEH0017,SYNTHETIC,2026-09-18,Saturday,10:57:00,Belo Horizonte,Belo Horizonte,Sudeste,Sudeste,30.1,71.8,cliente,urban,False,False
TRIP01597,CUST0046,VEH0046,SYNTHETIC,2026-07-17,Wednesday,22:41:00,Belo Horizonte,Porto Alegre,Sudeste,Sul,236.2,276.8,viagem,rodoviaria,True,True
TRIP01598,CUST0070,VEH0070,SYNTHETIC,2026-09-16,Monday,11:06:00,Campinas,Campinas,Sudeste,Sudeste,16.2,13.4,compras,urban,False,False
TRIP01599,CUST0084,VEH0084,SYNTHETIC,2026-07-31,Tuesday,22:02:00,Fortaleza,Fortaleza,Nordeste,Nordeste,23.6,22.2,academia,urban,False,False
TRIP01600,CUST0483,VEH0083,SYNTHETIC,2026-08-30,Monday,20:02:00,Florianópolis,Porto Alegre,Sul,Sul,256.5,414.6,trabalho,rodoviaria,False,True
TRIP01601,CUST0057,VEH0057,SYNTHETIC,2026-09-17,Sunday,12:00:00,Brasília,Brasília,Centro-Oeste,Centro-Oeste,32.0,30.1,trabalho,urban,False,False
TRIP01602,CUST0299,VEH0099,SYNTHETIC,2026-06-28,Monday,14:47:00,Porto Alegre,Porto Alegre,Sul,Sul,9.2,20.4,trabalho,urban,False,False
TRIP01603,CUST0343,VEH0043,SYNTHETIC,2026-07-23,Saturday,09:32:00,Salvador,Salvador,Nordeste,Nordeste,43.1,40.7,obra,intercity,False,False
TRIP01604,CUST0383,VEH0083,SYNTHETIC,2026-07-29,Thursday,15:42:00,Curitiba,Curitiba,Sul,Sul,19.1,21.6,família,urban,False,False
TRIP01605,CUST0198,VEH0098,SYNTHETIC,2026-06-24,Saturday,08:44:00,Brasília,Brasília,Centro-Oeste,Centro-Oeste,31.0,63.8,cliente,urban,False,False
TRIP01606,CUST0356,VEH0056,SYNTHETIC,2026-09-08,Tuesday,18:27:00,Florianópolis,Florianópolis,Sul,Sul,19.3,19.8,lazer,urban,False,False
TRIP01607,CUST0342,VEH0042,SYNTHETIC,2026-07-29,Thursday,10:52:00,Rio de Janeiro,Rio de Janeiro,Sudeste,Sudeste,6.4,7.0,trabalho,urban,False,False
TRIP01608,CUST0279,VEH0079,SYNTHETIC,2026-07-29,Wednesday,17:53:00,Brasília,Brasília,Centro-Oeste,Centro-Oeste,9.3,10.9,compras,urban,True,False
TRIP01609,CUST0202,VEH0002,SYNTHETIC,2026-06-23,Thursday,19:20:00,Rio de Janeiro,Rio de Janeiro,Sudeste,Sudeste,10.7,17.7,compras,urban,False,False
TRIP01610,CUST0169,VEH0069,SYNTHETIC,2026-09-06,Friday,14:49:00,São Paulo,Belo Horizonte,Sudeste,Sudeste,355.0,419.3,trabalho,rodoviaria,True,True
TRIP01611,CUST0449,VEH0049,SYNTHETIC,2026-09-01,Saturday,15:51:00,Rio de Janeiro,Rio de Janeiro,Sudeste,Sudeste,7.8,9.7,lazer,urban,True,False
TRIP01612,CUST0444,VEH0044,SYNTHETIC,2026-09-30,Wednesday,16:10:00,Goiânia,Goiânia,Centro-Oeste,Centro-Oeste,5.1,7.3,família,urban,False,False
TRIP01613,CUST0466,VEH0066,SYNTHETIC,2026-10-01,Tuesday,11:52:00,Porto Alegre,Porto Alegre,Sul,Sul,41.0,65.7,compras,intercity,False,False
TRIP01614,CUST0016,VEH0016,SYNTHETIC,2026-09-12,Saturday,06:24:00,Brasília,Brasília,Centro-Oeste,Centro-Oeste,23.0,24.1,família,urban,True,False
TRIP01615,CUST0348,VEH0048,SYNTHETIC,2026-08-23,Tuesday,20:40:00,Recife,Recife,Nordeste,Nordeste,18.9,24.8,compras,urban,False,False
TRIP01616,CUST0454,VEH0054,SYNTHETIC,2026-06-12,Wednesday,10:32:00,Fortaleza,Fortaleza,Nordeste,Nordeste,31.7,34.3,trabalho,urban,False,False
TRIP01617,CUST0357,VEH0057,SYNTHETIC,2026-06-07,Saturday,06:10:00,Porto Alegre,Porto Alegre,Sul,Sul,42.0,82.7,família,intercity,False,False
TRIP01618,CUST0263,VEH0063,SYNTHETIC,2026-09-22,Tuesday,18:47:00,Porto Alegre,Porto Alegre,Sul,Sul,35.4,51.6,família,urban,False,False
TRIP01619,CUST0473,VEH0073,SYNTHETIC,2026-09-17,Friday,06:55:00,Curitiba,Curitiba,Sul,Sul,33.3,78.0,cliente,urban,False,False
TRIP01620,CUST0499,VEH0099,SYNTHETIC,2026-08-14,Monday,06:19:00,Florianópolis,Florianópolis,Sul,Sul,43.8,40.3,trabalho,intercity,False,False
TRIP01621,CUST0256,VEH0056,SYNTHETIC,2026-06-21,Tuesday,08:40:00,Curitiba,Curitiba,Sul,Sul,3.9,5.9,trabalho,urban,False,False
TRIP01622,CUST0263,VEH0063,SYNTHETIC,2026-07-08,Thursday,09:08:00,Porto Alegre,Porto Alegre,Sul,Sul,14.6,33.7,compras,urban,True,False
TRIP01623,CUST0067,VEH0067,SYNTHETIC,2026-07-05,Thursday,16:00:00,Fortaleza,Belo Horizonte,Nordeste,Sudeste,264.4,328.6,lazer,rodoviaria,False,True
TRIP01624,CUST0101,VEH0001,SYNTHETIC,2026-06-23,Tuesday,08:37:00,Campinas,Campinas,Sudeste,Sudeste,9.2,14.9,viagem,urban,True,False
TRIP01625,CUST0351,VEH0051,SYNTHETIC,2026-09-09,Wednesday,21:38:00,Brasília,Brasília,Centro-Oeste,Centro-Oeste,7.9,14.8,academia,urban,False,False
TRIP01626,CUST0409,VEH0009,SYNTHETIC,2026-09-17,Sunday,08:07:00,Belo Horizonte,Porto Alegre,Sudeste,Sul,207.1,538.5,restaurante,rodoviaria,False,True
TRIP01627,CUST0332,VEH0032,SYNTHETIC,2026-07-06,Friday,17:04:00,São Paulo,São Paulo,Sudeste,Sudeste,17.7,15.1,família,urban,True,False
TRIP01628,CUST0486,VEH0086,SYNTHETIC,2026-08-29,Tuesday,16:07:00,Rio de Janeiro,Rio de Janeiro,Sudeste,Sudeste,17.4,21.0,lazer,urban,False,False
TRIP01629,CUST0095,VEH0095,SYNTHETIC,2026-09-09,Saturday,19:44:00,Porto Alegre,Porto Alegre,Sul,Sul,7.7,12.0,rodoviária,urban,False,False
TRIP01630,CUST0119,VEH0019,SYNTHETIC,2026-07-02,Wednesday,07:58:00,Brasília,Brasília,Centro-Oeste,Centro-Oeste,43.3,42.6,família,intercity,False,False
TRIP01631,CUST0050,VEH0050,SYNTHETIC,2026-07-03,Saturday,19:15:00,Brasília,Brasília,Centro-Oeste,Centro-Oeste,28.8,66.5,lazer,urban,False,False
TRIP01632,CUST0453,VEH0053,SYNTHETIC,2026-06-23,Wednesday,16:14:00,Florianópolis,Florianópolis,Sul,Sul,4.2,6.6,trabalho,urban,False,False
TRIP01633,CUST0326,VEH0026,SYNTHETIC,2026-07-13,Sunday,21:54:00,Recife,Rio de Janeiro,Nordeste,Sudeste,230.0,212.0,cliente,rodoviaria,False,True
TRIP01634,CUST0372,VEH0072,SYNTHETIC,2026-06-14,Monday,10:40:00,Campinas,Goiânia,Sudeste,Centro-Oeste,235.7,275.9,compras,rodoviaria,True,True
TRIP01635,CUST0381,VEH0081,SYNTHETIC,2026-08-07,Tuesday,15:26:00,Recife,Campinas,Nordeste,Sudeste,184.9,306.4,rodoviária,rodoviaria,False,True
TRIP01636,CUST0117,VEH0017,SYNTHETIC,2026-09-04,Sunday,12:37:00,Salvador,Salvador,Nordeste,Nordeste,23.6,19.4,aeroporto,urban,False,False
TRIP01637,CUST0003,VEH0003,SYNTHETIC,2026-07-18,Sunday,17:55:00,Goiânia,Porto Alegre,Centro-Oeste,Sul,171.2,355.0,família,intercity,True,True
TRIP01638,CUST0174,VEH0074,SYNTHETIC,2026-07-04,Wednesday,08:05:00,Brasília,Brasília,Centro-Oeste,Centro-Oeste,43.6,35.8,aeroporto,intercity,True,False
TRIP01639,CUST0336,VEH0036,SYNTHETIC,2026-07-28,Tuesday,21:06:00,Salvador,Salvador,Nordeste,Nordeste,35.9,33.5,cliente,urban,True,False
TRIP01640,CUST0286,VEH0086,SYNTHETIC,2026-09-25,Wednesday,22:02:00,Salvador,Salvador,Nordeste,Nordeste,21.7,23.6,lazer,urban,False,False
TRIP01641,CUST0271,VEH0071,SYNTHETIC,2026-09-15,Tuesday,09:57:00,Salvador,Salvador,Nordeste,Nordeste,29.5,58.8,família,urban,False,False
TRIP01642,CUST0205,VEH0005,SYNTHETIC,2026-06-13,Thursday,13:04:00,Salvador,Brasília,Nordeste,Centro-Oeste,55.9,89.5,rodoviária,intercity,False,False
TRIP01643,CUST0298,VEH0098,SYNTHETIC,2026-07-16,Thursday,22:15:00,Belo Horizonte,Belo Horizonte,Sudeste,Sudeste,21.9,46.9,restaurante,urban,False,False
TRIP01644,CUST0406,VEH0006,SYNTHETIC,2026-09-25,Monday,06:10:00,Salvador,Salvador,Nordeste,Nordeste,28.4,30.0,academia,urban,True,False
TRIP01645,CUST0296,VEH0096,SYNTHETIC,2026-08-28,Monday,22:17:00,Fortaleza,Fortaleza,Nordeste,Nordeste,21.6,18.2,família,urban,True,False
TRIP01646,CUST0003,VEH0003,SYNTHETIC,2026-07-18,Wednesday,08:10:00,Goiânia,Goiânia,Centro-Oeste,Centro-Oeste,27.2,23.6,família,urban,False,False
TRIP01647,CUST0318,VEH0018,SYNTHETIC,2026-09-05,Sunday,07:42:00,Brasília,Brasília,Centro-Oeste,Centro-Oeste,30.7,54.5,trabalho,urban,False,False
TRIP01648,CUST0437,VEH0037,SYNTHETIC,2026-08-20,Monday,21:20:00,Rio de Janeiro,Rio de Janeiro,Sudeste,Sudeste,34.6,40.4,compras,urban,True,False
TRIP01649,CUST0153,VEH0053,SYNTHETIC,2026-07-13,Monday,06:56:00,Belo Horizonte,Belo Horizonte,Sudeste,Sudeste,14.7,29.4,cliente,urban,False,False
TRIP01650,CUST0015,VEH0015,SYNTHETIC,2026-08-02,Monday,10:20:00,Campinas,Campinas,Sudeste,Sudeste,40.2,40.6,rodoviária,intercity,False,False
TRIP01651,CUST0102,VEH0002,SYNTHETIC,2026-06-28,Tuesday,15:15:00,Goiânia,Goiânia,Centro-Oeste,Centro-Oeste,31.5,32.0,família,urban,False,False
TRIP01652,CUST0343,VEH0043,SYNTHETIC,2026-09-09,Friday,14:24:00,Salvador,Goiânia,Nordeste,Centro-Oeste,175.4,218.7,entrega,intercity,False,True
TRIP01653,CUST0157,VEH0057,SYNTHETIC,2026-08-11,Friday,22:07:00,Rio de Janeiro,Rio de Janeiro,Sudeste,Sudeste,14.3,20.6,restaurante,urban,False,False
TRIP01654,CUST0166,VEH0066,SYNTHETIC,2026-06-18,Tuesday,14:39:00,Porto Alegre,Porto Alegre,Sul,Sul,25.4,24.7,academia,urban,True,False
TRIP01655,CUST0043,VEH0043,SYNTHETIC,2026-09-13,Friday,11:19:00,Salvador,Salvador,Nordeste,Nordeste,8.0,6.6,rodoviária,urban,False,False
TRIP01656,CUST0067,VEH0067,SYNTHETIC,2026-06-15,Sunday,08:01:00,Fortaleza,Fortaleza,Nordeste,Nordeste,38.7,35.1,família,urban,True,False
TRIP01657,CUST0216,VEH0016,SYNTHETIC,2026-09-16,Sunday,12:57:00,Brasília,Brasília,Centro-Oeste,Centro-Oeste,37.6,70.0,reunião,urban,True,False
TRIP01658,CUST0044,VEH0044,SYNTHETIC,2026-09-20,Monday,16:20:00,Goiânia,Goiânia,Centro-Oeste,Centro-Oeste,41.9,70.9,família,intercity,True,False
TRIP01659,CUST0170,VEH0070,SYNTHETIC,2026-07-09,Sunday,09:55:00,Goiânia,Goiânia,Centro-Oeste,Centro-Oeste,34.0,52.6,família,urban,False,False
TRIP01660,CUST0393,VEH0093,SYNTHETIC,2026-06-06,Saturday,20:36:00,Brasília,Brasília,Centro-Oeste,Centro-Oeste,32.9,34.2,família,urban,False,False
TRIP01661,CUST0141,VEH0041,SYNTHETIC,2026-07-01,Tuesday,14:34:00,Campinas,Campinas,Sudeste,Sudeste,14.5,11.9,família,urban,False,False
TRIP01662,CUST0130,VEH0030,SYNTHETIC,2026-06-21,Friday,16:58:00,São Paulo,Belo Horizonte,Sudeste,Sudeste,60.5,105.7,aeroporto,intercity,False,False
TRIP01663,CUST0402,VEH0002,SYNTHETIC,2026-09-14,Wednesday,19:26:00,Florianópolis,Florianópolis,Sul,Sul,22.7,27.9,academia,urban,False,False
TRIP01664,CUST0365,VEH0065,SYNTHETIC,2026-07-13,Tuesday,17:29:00,Fortaleza,São Paulo,Nordeste,Sudeste,120.9,185.8,aeroporto,intercity,True,False
TRIP01665,CUST0458,VEH0058,SYNTHETIC,2026-09-19,Wednesday,06:27:00,Brasília,Brasília,Centro-Oeste,Centro-Oeste,31.9,31.7,escola,urban,False,False
TRIP01666,CUST0240,VEH0040,SYNTHETIC,2026-06-26,Saturday,08:59:00,Rio de Janeiro,Rio de Janeiro,Sudeste,Sudeste,9.4,12.4,reunião,urban,False,False
TRIP01667,CUST0477,VEH0077,SYNTHETIC,2026-08-12,Wednesday,19:16:00,Goiânia,Goiânia,Centro-Oeste,Centro-Oeste,27.2,55.5,cliente,urban,False,False
TRIP01668,CUST0029,VEH0029,SYNTHETIC,2026-09-12,Sunday,16:03:00,Recife,Recife,Nordeste,Nordeste,30.7,30.0,viagem,urban,False,False
TRIP01669,CUST0242,VEH0042,SYNTHETIC,2026-06-14,Saturday,18:29:00,Belo Horizonte,Fortaleza,Sudeste,Nordeste,336.4,714.1,lazer,rodoviaria,False,True
TRIP01670,CUST0108,VEH0008,SYNTHETIC,2026-07-31,Monday,19:17:00,Campinas,Campinas,Sudeste,Sudeste,11.1,19.3,família,urban,False,False
TRIP01671,CUST0235,VEH0035,SYNTHETIC,2026-09-08,Friday,10:29:00,Belo Horizonte,Belo Horizonte,Sudeste,Sudeste,7.3,14.2,família,urban,False,False
TRIP01672,CUST0289,VEH0089,SYNTHETIC,2026-06-12,Wednesday,15:12:00,Campinas,Campinas,Sudeste,Sudeste,22.1,22.8,família,urban,False,False
TRIP01673,CUST0409,VEH0009,SYNTHETIC,2026-07-10,Thursday,08:16:00,Belo Horizonte,Belo Horizonte,Sudeste,Sudeste,44.9,36.6,viagem,intercity,False,False
TRIP01674,CUST0378,VEH0078,SYNTHETIC,2026-07-05,Saturday,09:23:00,Florianópolis,Florianópolis,Sul,Sul,38.2,55.2,compras,urban,True,False
TRIP01675,CUST0192,VEH0092,SYNTHETIC,2026-06-04,Friday,14:11:00,Salvador,Salvador,Nordeste,Nordeste,21.0,20.1,rodoviária,urban,False,False
TRIP01676,CUST0071,VEH0071,SYNTHETIC,2026-09-15,Thursday,20:09:00,Belo Horizonte,Belo Horizonte,Sudeste,Sudeste,10.1,11.8,escola,urban,False,False
TRIP01677,CUST0436,VEH0036,SYNTHETIC,2026-07-03,Tuesday,10:35:00,São Paulo,Curitiba,Sudeste,Sul,317.3,898.0,viagem,rodoviaria,False,True
TRIP01678,CUST0356,VEH0056,SYNTHETIC,2026-06-06,Friday,12:35:00,Florianópolis,Florianópolis,Sul,Sul,40.9,73.8,lazer,intercity,True,False
TRIP01679,CUST0313,VEH0013,SYNTHETIC,2026-08-26,Friday,13:31:00,Curitiba,Curitiba,Sul,Sul,32.7,28.7,compras,urban,False,False
TRIP01680,CUST0318,VEH0018,SYNTHETIC,2026-06-29,Tuesday,15:32:00,Brasília,Brasília,Centro-Oeste,Centro-Oeste,28.5,44.9,trabalho,urban,True,False
TRIP01681,CUST0306,VEH0006,SYNTHETIC,2026-08-04,Thursday,15:37:00,Fortaleza,Fortaleza,Nordeste,Nordeste,3.6,5.0,trabalho,urban,True,False
TRIP01682,CUST0251,VEH0051,SYNTHETIC,2026-08-15,Monday,14:15:00,Florianópolis,Curitiba,Sul,Sul,351.8,551.3,lazer,rodoviaria,False,True
TRIP01683,CUST0065,VEH0065,SYNTHETIC,2026-07-22,Thursday,06:10:00,Rio de Janeiro,Rio de Janeiro,Sudeste,Sudeste,21.1,26.9,trabalho,urban,False,False
TRIP01684,CUST0228,VEH0028,SYNTHETIC,2026-06-14,Saturday,18:20:00,Campinas,Campinas,Sudeste,Sudeste,32.5,38.9,reunião,urban,False,False
TRIP01685,CUST0212,VEH0012,SYNTHETIC,2026-06-11,Thursday,08:09:00,Fortaleza,Fortaleza,Nordeste,Nordeste,8.8,12.7,compras,urban,False,False
TRIP01686,CUST0196,VEH0096,SYNTHETIC,2026-07-17,Tuesday,14:58:00,São Paulo,São Paulo,Sudeste,Sudeste,16.7,21.7,lazer,urban,False,False
TRIP01687,CUST0003,VEH0003,SYNTHETIC,2026-08-09,Thursday,06:03:00,Goiânia,Goiânia,Centro-Oeste,Centro-Oeste,41.9,64.3,restaurante,intercity,False,False
TRIP01688,CUST0069,VEH0069,SYNTHETIC,2026-09-14,Sunday,09:51:00,Campinas,Campinas,Sudeste,Sudeste,20.2,18.2,família,urban,False,False
TRIP01689,CUST0058,VEH0058,SYNTHETIC,2026-07-21,Saturday,06:04:00,Campinas,Belo Horizonte,Sudeste,Sudeste,168.9,313.4,trabalho,intercity,False,True
TRIP01690,CUST0379,VEH0079,SYNTHETIC,2026-08-25,Wednesday,19:32:00,Salvador,Salvador,Nordeste,Nordeste,3.6,4.0,trabalho,urban,True,False
TRIP01691,CUST0443,VEH0043,SYNTHETIC,2026-09-20,Friday,09:20:00,Curitiba,Florianópolis,Sul,Sul,77.7,135.5,aeroporto,intercity,True,False
TRIP01692,CUST0206,VEH0006,SYNTHETIC,2026-07-19,Saturday,12:57:00,São Paulo,São Paulo,Sudeste,Sudeste,11.2,18.3,lazer,urban,True,False
TRIP01693,CUST0430,VEH0030,SYNTHETIC,2026-06-15,Thursday,22:15:00,Curitiba,Curitiba,Sul,Sul,28.8,49.7,obra,urban,False,False
TRIP01694,CUST0241,VEH0041,SYNTHETIC,2026-07-11,Sunday,13:46:00,Rio de Janeiro,Brasília,Sudeste,Centro-Oeste,71.1,171.1,viagem,intercity,False,False
TRIP01695,CUST0452,VEH0052,SYNTHETIC,2026-08-28,Thursday,21:15:00,Florianópolis,Goiânia,Sul,Centro-Oeste,205.2,396.1,lazer,rodoviaria,False,True
TRIP01696,CUST0472,VEH0072,SYNTHETIC,2026-08-19,Tuesday,21:19:00,Porto Alegre,Porto Alegre,Sul,Sul,37.1,36.1,academia,urban,True,False
TRIP01697,CUST0483,VEH0083,SYNTHETIC,2026-07-02,Wednesday,09:38:00,Florianópolis,Florianópolis,Sul,Sul,35.1,46.0,aeroporto,urban,False,False
TRIP01698,CUST0438,VEH0038,SYNTHETIC,2026-07-10,Wednesday,15:20:00,Florianópolis,Florianópolis,Sul,Sul,12.2,12.2,trabalho,urban,False,False
TRIP01699,CUST0357,VEH0057,SYNTHETIC,2026-07-13,Friday,14:21:00,Porto Alegre,Goiânia,Sul,Centro-Oeste,181.9,230.4,trabalho,rodoviaria,True,True
TRIP01700,CUST0364,VEH0064,SYNTHETIC,2026-06-30,Friday,08:34:00,Porto Alegre,Porto Alegre,Sul,Sul,40.6,96.1,família,intercity,False,False
TRIP01701,CUST0193,VEH0093,SYNTHETIC,2026-07-30,Tuesday,15:12:00,Porto Alegre,Porto Alegre,Sul,Sul,3.7,4.7,obra,urban,False,False
TRIP01702,CUST0423,VEH0023,SYNTHETIC,2026-06-14,Saturday,17:46:00,Belo Horizonte,Belo Horizonte,Sudeste,Sudeste,20.9,19.8,trabalho,urban,False,False
TRIP01703,CUST0393,VEH0093,SYNTHETIC,2026-07-03,Tuesday,14:06:00,Brasília,Brasília,Centro-Oeste,Centro-Oeste,3.2,3.8,escola,urban,False,False
TRIP01704,CUST0424,VEH0024,SYNTHETIC,2026-08-25,Monday,07:36:00,Porto Alegre,Porto Alegre,Sul,Sul,44.4,53.5,lazer,intercity,False,False
TRIP01705,CUST0254,VEH0054,SYNTHETIC,2026-08-30,Thursday,10:46:00,Recife,Recife,Nordeste,Nordeste,5.4,6.3,trabalho,urban,False,False
TRIP01706,CUST0407,VEH0007,SYNTHETIC,2026-09-26,Wednesday,08:53:00,Rio de Janeiro,Goiânia,Sudeste,Centro-Oeste,134.7,216.0,compras,intercity,False,False
TRIP01707,CUST0273,VEH0073,SYNTHETIC,2026-09-18,Thursday,17:11:00,Florianópolis,Florianópolis,Sul,Sul,38.7,52.5,rodoviária,urban,False,False
TRIP01708,CUST0026,VEH0026,SYNTHETIC,2026-09-15,Sunday,20:28:00,São Paulo,São Paulo,Sudeste,Sudeste,9.2,9.0,compras,urban,True,False
TRIP01709,CUST0194,VEH0094,SYNTHETIC,2026-09-27,Thursday,07:16:00,Brasília,Brasília,Centro-Oeste,Centro-Oeste,37.0,43.0,viagem,urban,True,False
TRIP01710,CUST0331,VEH0031,SYNTHETIC,2026-09-12,Sunday,12:30:00,Rio de Janeiro,Rio de Janeiro,Sudeste,Sudeste,4.0,3.3,lazer,urban,False,False
TRIP01711,CUST0329,VEH0029,SYNTHETIC,2026-06-29,Tuesday,12:00:00,Salvador,Salvador,Nordeste,Nordeste,27.7,24.1,compras,urban,True,False
TRIP01712,CUST0016,VEH0016,SYNTHETIC,2026-08-19,Thursday,14:38:00,Brasília,Brasília,Centro-Oeste,Centro-Oeste,35.7,36.6,família,urban,True,False
TRIP01713,CUST0417,VEH0017,SYNTHETIC,2026-09-08,Saturday,17:11:00,Campinas,Campinas,Sudeste,Sudeste,17.2,27.0,família,urban,False,False
TRIP01714,CUST0441,VEH0041,SYNTHETIC,2026-08-06,Wednesday,14:08:00,Goiânia,Goiânia,Centro-Oeste,Centro-Oeste,20.5,35.5,viagem,urban,False,False
TRIP01715,CUST0081,VEH0081,SYNTHETIC,2026-08-16,Friday,10:36:00,Belo Horizonte,Belo Horizonte,Sudeste,Sudeste,39.3,43.9,viagem,urban,True,False
TRIP01716,CUST0381,VEH0081,SYNTHETIC,2026-08-28,Sunday,22:34:00,Recife,Recife,Nordeste,Nordeste,29.3,34.3,trabalho,urban,False,False
TRIP01717,CUST0222,VEH0022,SYNTHETIC,2026-08-30,Friday,06:05:00,Florianópolis,Florianópolis,Sul,Sul,36.6,30.8,trabalho,urban,False,False
TRIP01718,CUST0456,VEH0056,SYNTHETIC,2026-06-26,Monday,19:12:00,São Paulo,São Paulo,Sudeste,Sudeste,8.8,15.1,compras,urban,False,False
TRIP01719,CUST0276,VEH0076,SYNTHETIC,2026-06-05,Saturday,06:17:00,Campinas,Campinas,Sudeste,Sudeste,15.0,16.5,família,urban,True,False
TRIP01720,CUST0260,VEH0060,SYNTHETIC,2026-07-03,Thursday,19:18:00,Campinas,Campinas,Sudeste,Sudeste,15.5,13.6,cliente,urban,True,False
TRIP01721,CUST0171,VEH0071,SYNTHETIC,2026-07-05,Sunday,18:55:00,Rio de Janeiro,Rio de Janeiro,Sudeste,Sudeste,22.9,44.4,trabalho,urban,False,False
TRIP01722,CUST0306,VEH0006,SYNTHETIC,2026-06-28,Monday,21:32:00,Fortaleza,Fortaleza,Nordeste,Nordeste,32.1,61.8,trabalho,urban,False,False
TRIP01723,CUST0338,VEH0038,SYNTHETIC,2026-09-14,Saturday,16:46:00,Goiânia,Goiânia,Centro-Oeste,Centro-Oeste,23.1,42.0,compras,urban,False,False
TRIP01724,CUST0491,VEH0091,SYNTHETIC,2026-07-30,Monday,12:05:00,São Paulo,Brasília,Sudeste,Centro-Oeste,256.5,327.0,lazer,rodoviaria,True,True
TRIP01725,CUST0444,VEH0044,SYNTHETIC,2026-08-06,Monday,08:09:00,Goiânia,Recife,Centro-Oeste,Nordeste,92.8,115.4,compras,intercity,False,False
TRIP01726,CUST0371,VEH0071,SYNTHETIC,2026-09-18,Sunday,07:38:00,Rio de Janeiro,Rio de Janeiro,Sudeste,Sudeste,40.3,92.8,restaurante,intercity,False,False
TRIP01727,CUST0474,VEH0074,SYNTHETIC,2026-09-28,Wednesday,21:13:00,Fortaleza,Fortaleza,Nordeste,Nordeste,32.0,51.1,obra,urban,False,False
TRIP01728,CUST0212,VEH0012,SYNTHETIC,2026-08-28,Saturday,20:07:00,Fortaleza,Fortaleza,Nordeste,Nordeste,18.4,31.6,compras,urban,True,False
TRIP01729,CUST0485,VEH0085,SYNTHETIC,2026-07-14,Monday,19:17:00,Fortaleza,Brasília,Nordeste,Centro-Oeste,271.5,292.0,compras,rodoviaria,False,True
TRIP01730,CUST0041,VEH0041,SYNTHETIC,2026-06-21,Tuesday,10:13:00,Brasília,Brasília,Centro-Oeste,Centro-Oeste,26.4,30.9,viagem,urban,False,False
TRIP01731,CUST0244,VEH0044,SYNTHETIC,2026-07-13,Tuesday,09:58:00,Rio de Janeiro,Rio de Janeiro,Sudeste,Sudeste,8.3,17.3,lazer,urban,False,False
TRIP01732,CUST0456,VEH0056,SYNTHETIC,2026-08-01,Saturday,13:10:00,São Paulo,Goiânia,Sudeste,Centro-Oeste,162.5,543.3,família,intercity,False,True
TRIP01733,CUST0257,VEH0057,SYNTHETIC,2026-06-25,Monday,09:17:00,Brasília,Brasília,Centro-Oeste,Centro-Oeste,20.0,22.9,cliente,urban,False,False
TRIP01734,CUST0496,VEH0096,SYNTHETIC,2026-06-15,Thursday,10:56:00,Recife,Recife,Nordeste,Nordeste,33.9,49.0,rodoviária,urban,False,False
TRIP01735,CUST0033,VEH0033,SYNTHETIC,2026-07-13,Saturday,14:26:00,Fortaleza,Fortaleza,Nordeste,Nordeste,37.0,51.4,reunião,urban,False,False
TRIP01736,CUST0043,VEH0043,SYNTHETIC,2026-08-27,Monday,21:47:00,Salvador,Salvador,Nordeste,Nordeste,43.0,34.4,trabalho,intercity,True,False
TRIP01737,CUST0187,VEH0087,SYNTHETIC,2026-09-21,Sunday,16:34:00,Rio de Janeiro,Florianópolis,Sudeste,Sul,202.1,400.5,cliente,rodoviaria,True,True
TRIP01738,CUST0348,VEH0048,SYNTHETIC,2026-09-25,Friday,14:28:00,Recife,Curitiba,Nordeste,Sul,356.9,548.2,família,rodoviaria,False,True
TRIP01739,CUST0028,VEH0028,SYNTHETIC,2026-07-14,Tuesday,06:10:00,Curitiba,Curitiba,Sul,Sul,23.7,26.4,academia,urban,False,False
TRIP01740,CUST0270,VEH0070,SYNTHETIC,2026-06-05,Wednesday,06:09:00,Rio de Janeiro,Fortaleza,Sudeste,Nordeste,403.9,1097.2,obra,rodoviaria,False,True
TRIP01741,CUST0352,VEH0052,SYNTHETIC,2026-09-18,Saturday,09:36:00,Curitiba,Curitiba,Sul,Sul,15.8,19.8,rodoviária,urban,False,False
TRIP01742,CUST0452,VEH0052,SYNTHETIC,2026-09-20,Friday,08:32:00,Florianópolis,Florianópolis,Sul,Sul,16.9,21.6,compras,urban,True,False
TRIP01743,CUST0205,VEH0005,SYNTHETIC,2026-09-15,Tuesday,20:01:00,Salvador,Salvador,Nordeste,Nordeste,28.0,28.0,rodoviária,urban,False,False
TRIP01744,CUST0007,VEH0007,SYNTHETIC,2026-07-03,Friday,09:33:00,Rio de Janeiro,Rio de Janeiro,Sudeste,Sudeste,40.9,36.9,família,intercity,True,False
TRIP01745,CUST0427,VEH0027,SYNTHETIC,2026-07-08,Thursday,14:29:00,Curitiba,Recife,Sul,Nordeste,314.5,585.3,família,rodoviaria,False,True
TRIP01746,CUST0061,VEH0061,SYNTHETIC,2026-07-15,Saturday,12:11:00,Fortaleza,Fortaleza,Nordeste,Nordeste,8.1,8.2,obra,urban,False,False
TRIP01747,CUST0091,VEH0091,SYNTHETIC,2026-09-27,Friday,21:52:00,São Paulo,São Paulo,Sudeste,Sudeste,27.6,25.9,trabalho,urban,True,False
TRIP01748,CUST0181,VEH0081,SYNTHETIC,2026-08-13,Tuesday,17:34:00,Fortaleza,Brasília,Nordeste,Centro-Oeste,209.1,257.0,compras,rodoviaria,False,True
TRIP01749,CUST0265,VEH0065,SYNTHETIC,2026-06-14,Saturday,08:56:00,Salvador,Salvador,Nordeste,Nordeste,5.6,12.5,família,urban,False,False
TRIP01750,CUST0135,VEH0035,SYNTHETIC,2026-09-30,Wednesday,07:56:00,Salvador,Salvador,Nordeste,Nordeste,10.8,8.8,compras,urban,False,False
TRIP01751,CUST0109,VEH0009,SYNTHETIC,2026-08-17,Saturday,12:47:00,Goiânia,Brasília,Centro-Oeste,Centro-Oeste,282.7,768.9,reunião,rodoviaria,False,True
TRIP01752,CUST0067,VEH0067,SYNTHETIC,2026-08-28,Monday,06:19:00,Fortaleza,Fortaleza,Nordeste,Nordeste,11.6,12.8,compras,urban,False,False
TRIP01753,CUST0499,VEH0099,SYNTHETIC,2026-06-26,Saturday,12:27:00,Florianópolis,Florianópolis,Sul,Sul,25.7,52.0,trabalho,urban,False,False
TRIP01754,CUST0307,VEH0007,SYNTHETIC,2026-09-05,Tuesday,07:00:00,Curitiba,Curitiba,Sul,Sul,40.6,43.3,família,intercity,False,False
TRIP01755,CUST0088,VEH0088,SYNTHETIC,2026-09-25,Wednesday,10:59:00,Salvador,Salvador,Nordeste,Nordeste,33.9,40.4,entrega,urban,False,False
TRIP01756,CUST0120,VEH0020,SYNTHETIC,2026-07-26,Saturday,10:08:00,Fortaleza,Fortaleza,Nordeste,Nordeste,32.6,28.0,viagem,urban,False,False
TRIP01757,CUST0414,VEH0014,SYNTHETIC,2026-08-04,Wednesday,07:25:00,Rio de Janeiro,Rio de Janeiro,Sudeste,Sudeste,24.5,46.0,compras,urban,False,False
TRIP01758,CUST0309,VEH0009,SYNTHETIC,2026-07-17,Friday,09:26:00,Rio de Janeiro,Rio de Janeiro,Sudeste,Sudeste,9.5,9.1,viagem,urban,False,False
TRIP01759,CUST0045,VEH0045,SYNTHETIC,2026-06-04,Monday,16:34:00,Fortaleza,Fortaleza,Nordeste,Nordeste,25.9,26.3,entrega,urban,False,False
TRIP01760,CUST0118,VEH0018,SYNTHETIC,2026-09-10,Wednesday,17:13:00,Porto Alegre,Porto Alegre,Sul,Sul,38.7,66.1,restaurante,urban,False,False
TRIP01761,CUST0057,VEH0057,SYNTHETIC,2026-09-24,Monday,08:46:00,Brasília,Brasília,Centro-Oeste,Centro-Oeste,39.5,33.4,viagem,urban,False,False
TRIP01762,CUST0305,VEH0005,SYNTHETIC,2026-08-31,Saturday,14:50:00,Salvador,Salvador,Nordeste,Nordeste,33.9,59.4,aeroporto,urban,True,False
TRIP01763,CUST0126,VEH0026,SYNTHETIC,2026-06-28,Friday,11:13:00,Fortaleza,Rio de Janeiro,Nordeste,Sudeste,200.2,332.0,família,rodoviaria,False,True
TRIP01764,CUST0059,VEH0059,SYNTHETIC,2026-08-10,Sunday,14:00:00,Goiânia,Goiânia,Centro-Oeste,Centro-Oeste,20.3,28.4,escola,urban,False,False
TRIP01765,CUST0207,VEH0007,SYNTHETIC,2026-08-14,Friday,12:51:00,Brasília,Brasília,Centro-Oeste,Centro-Oeste,29.1,32.5,aeroporto,urban,True,False
TRIP01766,CUST0246,VEH0046,SYNTHETIC,2026-08-01,Monday,16:28:00,Florianópolis,Florianópolis,Sul,Sul,34.6,42.9,viagem,urban,True,False
TRIP01767,CUST0089,VEH0089,SYNTHETIC,2026-09-28,Thursday,22:11:00,Recife,Campinas,Nordeste,Sudeste,93.7,121.9,família,intercity,False,False
TRIP01768,CUST0394,VEH0094,SYNTHETIC,2026-06-08,Tuesday,06:45:00,São Paulo,São Paulo,Sudeste,Sudeste,24.8,28.0,família,urban,False,False
TRIP01769,CUST0359,VEH0059,SYNTHETIC,2026-09-04,Tuesday,21:13:00,Belo Horizonte,Belo Horizonte,Sudeste,Sudeste,41.9,70.1,lazer,intercity,False,False
TRIP01770,CUST0050,VEH0050,SYNTHETIC,2026-08-17,Saturday,11:05:00,Brasília,Belo Horizonte,Centro-Oeste,Sudeste,338.5,463.6,escola,rodoviaria,False,True
TRIP01771,CUST0075,VEH0075,SYNTHETIC,2026-06-23,Tuesday,21:26:00,Campinas,Campinas,Sudeste,Sudeste,4.7,4.0,compras,urban,False,False
TRIP01772,CUST0193,VEH0093,SYNTHETIC,2026-06-29,Friday,15:25:00,Porto Alegre,Porto Alegre,Sul,Sul,23.2,42.2,cliente,urban,True,False
TRIP01773,CUST0092,VEH0092,SYNTHETIC,2026-08-26,Saturday,15:17:00,Brasília,São Paulo,Centro-Oeste,Sudeste,388.7,398.3,família,rodoviaria,False,True
TRIP01774,CUST0444,VEH0044,SYNTHETIC,2026-09-21,Saturday,13:28:00,Goiânia,Goiânia,Centro-Oeste,Centro-Oeste,9.6,18.2,lazer,urban,False,False
TRIP01775,CUST0429,VEH0029,SYNTHETIC,2026-09-17,Wednesday,22:23:00,Goiânia,Goiânia,Centro-Oeste,Centro-Oeste,15.7,19.4,família,urban,True,False
TRIP01776,CUST0399,VEH0099,SYNTHETIC,2026-09-28,Friday,15:50:00,Florianópolis,Curitiba,Sul,Sul,219.2,332.5,lazer,rodoviaria,True,True
TRIP01777,CUST0483,VEH0083,SYNTHETIC,2026-06-23,Thursday,22:27:00,Florianópolis,Florianópolis,Sul,Sul,23.5,38.2,aeroporto,urban,False,False
TRIP01778,CUST0058,VEH0058,SYNTHETIC,2026-07-26,Friday,15:22:00,Campinas,Campinas,Sudeste,Sudeste,11.8,18.1,cliente,urban,False,False
TRIP01779,CUST0238,VEH0038,SYNTHETIC,2026-07-06,Sunday,19:23:00,Rio de Janeiro,Porto Alegre,Sudeste,Sul,137.4,280.3,aeroporto,intercity,False,False
TRIP01780,CUST0003,VEH0003,SYNTHETIC,2026-07-19,Friday,11:47:00,Goiânia,Goiânia,Centro-Oeste,Centro-Oeste,44.5,77.4,família,intercity,False,False
TRIP01781,CUST0056,VEH0056,SYNTHETIC,2026-07-13,Saturday,09:52:00,Porto Alegre,Porto Alegre,Sul,Sul,35.0,30.8,trabalho,urban,False,False
TRIP01782,CUST0278,VEH0078,SYNTHETIC,2026-08-19,Friday,11:02:00,Belo Horizonte,Belo Horizonte,Sudeste,Sudeste,12.5,13.7,academia,urban,False,False
TRIP01783,CUST0418,VEH0018,SYNTHETIC,2026-09-20,Thursday,21:22:00,Salvador,Porto Alegre,Nordeste,Sul,275.7,383.5,trabalho,rodoviaria,False,True
TRIP01784,CUST0081,VEH0081,SYNTHETIC,2026-07-31,Sunday,18:58:00,Belo Horizonte,Belo Horizonte,Sudeste,Sudeste,36.3,63.9,lazer,urban,True,False
TRIP01785,CUST0259,VEH0059,SYNTHETIC,2026-07-15,Tuesday,08:37:00,Curitiba,Curitiba,Sul,Sul,35.4,61.2,família,urban,True,False
TRIP01786,CUST0432,VEH0032,SYNTHETIC,2026-07-24,Friday,11:45:00,Porto Alegre,São Paulo,Sul,Sudeste,336.7,391.2,compras,rodoviaria,True,True
TRIP01787,CUST0189,VEH0089,SYNTHETIC,2026-08-16,Sunday,21:38:00,Fortaleza,Fortaleza,Nordeste,Nordeste,24.1,39.3,viagem,urban,False,False
TRIP01788,CUST0363,VEH0063,SYNTHETIC,2026-08-17,Friday,11:33:00,Fortaleza,Fortaleza,Nordeste,Nordeste,27.5,28.2,academia,urban,False,False
TRIP01789,CUST0390,VEH0090,SYNTHETIC,2026-09-19,Saturday,06:27:00,Campinas,Campinas,Sudeste,Sudeste,36.5,31.0,compras,urban,True,False
TRIP01790,CUST0248,VEH0048,SYNTHETIC,2026-07-18,Saturday,12:34:00,Campinas,Campinas,Sudeste,Sudeste,38.0,53.8,compras,urban,False,False
TRIP01791,CUST0472,VEH0072,SYNTHETIC,2026-06-29,Saturday,10:11:00,Porto Alegre,Porto Alegre,Sul,Sul,17.5,15.4,compras,urban,False,False
TRIP01792,CUST0254,VEH0054,SYNTHETIC,2026-06-09,Tuesday,22:45:00,Recife,Recife,Nordeste,Nordeste,27.6,40.9,rodoviária,urban,False,False
TRIP01793,CUST0440,VEH0040,SYNTHETIC,2026-07-11,Sunday,10:02:00,Recife,Belo Horizonte,Nordeste,Sudeste,306.1,909.5,trabalho,rodoviaria,False,True
TRIP01794,CUST0215,VEH0015,SYNTHETIC,2026-07-13,Saturday,07:31:00,Recife,Salvador,Nordeste,Nordeste,82.0,112.1,família,intercity,False,False
TRIP01795,CUST0148,VEH0048,SYNTHETIC,2026-09-06,Sunday,10:12:00,Salvador,Salvador,Nordeste,Nordeste,30.8,27.2,lazer,urban,False,False
TRIP01796,CUST0423,VEH0023,SYNTHETIC,2026-09-20,Tuesday,10:49:00,Belo Horizonte,Belo Horizonte,Sudeste,Sudeste,40.5,46.3,trabalho,intercity,False,False
TRIP01797,CUST0294,VEH0094,SYNTHETIC,2026-08-28,Wednesday,07:02:00,Curitiba,Curitiba,Sul,Sul,26.6,34.7,trabalho,urban,False,False
TRIP01798,CUST0450,VEH0050,SYNTHETIC,2026-07-02,Sunday,12:46:00,Brasília,Brasília,Centro-Oeste,Centro-Oeste,6.3,8.0,trabalho,urban,False,False
TRIP01799,CUST0311,VEH0011,SYNTHETIC,2026-08-16,Tuesday,14:51:00,Brasília,Recife,Centro-Oeste,Nordeste,105.9,139.9,família,intercity,False,False
TRIP01800,CUST0049,VEH0049,SYNTHETIC,2026-07-08,Wednesday,20:18:00,Curitiba,Curitiba,Sul,Sul,28.4,24.6,compras,urban,False,False
TRIP01801,CUST0111,VEH0011,SYNTHETIC,2026-09-21,Monday,08:02:00,Brasília,São Paulo,Centro-Oeste,Sudeste,183.4,460.5,lazer,rodoviaria,False,True
TRIP01802,CUST0283,VEH0083,SYNTHETIC,2026-08-30,Sunday,09:51:00,Rio de Janeiro,Rio de Janeiro,Sudeste,Sudeste,33.7,66.5,compras,urban,False,False
TRIP01803,CUST0154,VEH0054,SYNTHETIC,2026-08-28,Saturday,10:04:00,Campinas,Campinas,Sudeste,Sudeste,29.9,47.8,restaurante,urban,False,False
TRIP01804,CUST0064,VEH0064,SYNTHETIC,2026-09-07,Thursday,18:52:00,Salvador,Porto Alegre,Nordeste,Sul,368.5,668.2,família,rodoviaria,False,True
TRIP01805,CUST0223,VEH0023,SYNTHETIC,2026-09-09,Sunday,08:38:00,Campinas,Campinas,Sudeste,Sudeste,20.6,18.4,aeroporto,urban,True,False
TRIP01806,CUST0152,VEH0052,SYNTHETIC,2026-08-23,Sunday,21:43:00,Recife,Recife,Nordeste,Nordeste,6.0,11.3,trabalho,urban,False,False
TRIP01807,CUST0181,VEH0081,SYNTHETIC,2026-08-29,Thursday,20:22:00,Fortaleza,Recife,Nordeste,Nordeste,253.7,576.3,compras,rodoviaria,False,True
TRIP01808,CUST0212,VEH0012,SYNTHETIC,2026-06-26,Friday,21:12:00,Fortaleza,Goiânia,Nordeste,Centro-Oeste,178.8,199.3,escola,intercity,True,True
TRIP01809,CUST0327,VEH0027,SYNTHETIC,2026-09-05,Tuesday,18:45:00,Fortaleza,Fortaleza,Nordeste,Nordeste,25.1,31.7,lazer,urban,False,False
TRIP01810,CUST0195,VEH0095,SYNTHETIC,2026-06-13,Tuesday,22:03:00,Porto Alegre,Porto Alegre,Sul,Sul,21.1,36.2,trabalho,urban,False,False
TRIP01811,CUST0162,VEH0062,SYNTHETIC,2026-09-23,Wednesday,17:30:00,Goiânia,Brasília,Centro-Oeste,Centro-Oeste,336.1,410.0,escola,rodoviaria,False,True
TRIP01812,CUST0119,VEH0019,SYNTHETIC,2026-09-20,Tuesday,09:39:00,Brasília,Porto Alegre,Centro-Oeste,Sul,65.0,110.3,academia,intercity,False,False
TRIP01813,CUST0357,VEH0057,SYNTHETIC,2026-09-06,Tuesday,14:18:00,Porto Alegre,Porto Alegre,Sul,Sul,8.7,16.6,compras,urban,False,False
TRIP01814,CUST0319,VEH0019,SYNTHETIC,2026-06-30,Tuesday,09:15:00,Campinas,Campinas,Sudeste,Sudeste,41.1,73.1,trabalho,intercity,False,False
TRIP01815,CUST0400,VEH0100,SYNTHETIC,2026-09-12,Thursday,06:14:00,Florianópolis,Florianópolis,Sul,Sul,31.1,28.7,família,urban,False,False
TRIP01816,CUST0437,VEH0037,SYNTHETIC,2026-09-24,Wednesday,14:58:00,Rio de Janeiro,Rio de Janeiro,Sudeste,Sudeste,44.7,38.8,família,intercity,True,False
TRIP01817,CUST0102,VEH0002,SYNTHETIC,2026-08-05,Friday,15:03:00,Goiânia,Goiânia,Centro-Oeste,Centro-Oeste,21.8,23.1,compras,urban,False,False
TRIP01818,CUST0131,VEH0031,SYNTHETIC,2026-09-08,Saturday,07:55:00,Salvador,Salvador,Nordeste,Nordeste,25.2,35.3,aeroporto,urban,False,False
TRIP01819,CUST0419,VEH0019,SYNTHETIC,2026-07-20,Monday,15:44:00,Goiânia,Goiânia,Centro-Oeste,Centro-Oeste,38.6,41.5,lazer,urban,False,False
TRIP01820,CUST0408,VEH0008,SYNTHETIC,2026-07-27,Tuesday,08:55:00,Brasília,Florianópolis,Centro-Oeste,Sul,97.6,201.8,escola,intercity,False,False
TRIP01821,CUST0125,VEH0025,SYNTHETIC,2026-06-20,Sunday,19:24:00,Campinas,Belo Horizonte,Sudeste,Sudeste,76.7,113.3,academia,intercity,False,False
TRIP01822,CUST0328,VEH0028,SYNTHETIC,2026-08-04,Monday,07:33:00,Campinas,Campinas,Sudeste,Sudeste,44.8,49.5,família,intercity,False,False
TRIP01823,CUST0334,VEH0034,SYNTHETIC,2026-09-25,Wednesday,15:11:00,Goiânia,São Paulo,Centro-Oeste,Sudeste,128.8,225.1,academia,intercity,False,False
TRIP01824,CUST0135,VEH0035,SYNTHETIC,2026-09-02,Saturday,07:32:00,Salvador,Salvador,Nordeste,Nordeste,11.3,10.1,academia,urban,False,False
TRIP01825,CUST0453,VEH0053,SYNTHETIC,2026-06-21,Saturday,13:50:00,Florianópolis,Florianópolis,Sul,Sul,19.0,39.4,família,urban,False,False
TRIP01826,CUST0234,VEH0034,SYNTHETIC,2026-07-10,Tuesday,16:26:00,Fortaleza,Fortaleza,Nordeste,Nordeste,42.8,54.1,trabalho,intercity,False,False
TRIP01827,CUST0110,VEH0010,SYNTHETIC,2026-07-13,Friday,06:37:00,Salvador,Brasília,Nordeste,Centro-Oeste,367.3,591.2,trabalho,rodoviaria,False,True
TRIP01828,CUST0225,VEH0025,SYNTHETIC,2026-06-25,Thursday,13:21:00,Goiânia,Goiânia,Centro-Oeste,Centro-Oeste,3.6,3.5,compras,urban,True,False
TRIP01829,CUST0009,VEH0009,SYNTHETIC,2026-09-15,Tuesday,09:36:00,Florianópolis,Florianópolis,Sul,Sul,16.9,21.7,cliente,urban,False,False
TRIP01830,CUST0068,VEH0068,SYNTHETIC,2026-07-01,Friday,09:26:00,Belo Horizonte,Belo Horizonte,Sudeste,Sudeste,7.4,6.1,aeroporto,urban,False,False
TRIP01831,CUST0244,VEH0044,SYNTHETIC,2026-06-23,Saturday,22:45:00,Rio de Janeiro,Campinas,Sudeste,Sudeste,149.1,393.7,viagem,intercity,False,False
TRIP01832,CUST0458,VEH0058,SYNTHETIC,2026-06-30,Sunday,12:04:00,Brasília,Brasília,Centro-Oeste,Centro-Oeste,10.6,8.5,escola,urban,True,False
TRIP01833,CUST0479,VEH0079,SYNTHETIC,2026-08-14,Sunday,20:31:00,Brasília,Brasília,Centro-Oeste,Centro-Oeste,14.4,16.8,lazer,urban,False,False
TRIP01834,CUST0038,VEH0038,SYNTHETIC,2026-09-11,Sunday,13:00:00,Recife,Salvador,Nordeste,Nordeste,367.4,413.5,cliente,rodoviaria,False,True
TRIP01835,CUST0093,VEH0093,SYNTHETIC,2026-08-07,Wednesday,08:59:00,Curitiba,Curitiba,Sul,Sul,23.2,31.4,escola,urban,False,False
TRIP01836,CUST0289,VEH0089,SYNTHETIC,2026-08-17,Monday,18:34:00,Campinas,Campinas,Sudeste,Sudeste,6.5,5.2,escola,urban,True,False
TRIP01837,CUST0318,VEH0018,SYNTHETIC,2026-09-26,Friday,19:40:00,Brasília,Belo Horizonte,Centro-Oeste,Sudeste,133.3,243.3,rodoviária,intercity,False,False
TRIP01838,CUST0118,VEH0018,SYNTHETIC,2026-06-25,Friday,20:47:00,Porto Alegre,Goiânia,Sul,Centro-Oeste,268.3,371.1,família,rodoviaria,True,True
TRIP01839,CUST0361,VEH0061,SYNTHETIC,2026-08-26,Thursday,12:41:00,Curitiba,Curitiba,Sul,Sul,24.9,32.9,compras,urban,False,False
TRIP01840,CUST0267,VEH0067,SYNTHETIC,2026-08-02,Wednesday,13:18:00,Curitiba,Curitiba,Sul,Sul,40.2,41.8,compras,intercity,False,False
TRIP01841,CUST0114,VEH0014,SYNTHETIC,2026-08-30,Tuesday,10:48:00,Campinas,Campinas,Sudeste,Sudeste,22.7,18.6,compras,urban,False,False
TRIP01842,CUST0076,VEH0076,SYNTHETIC,2026-08-09,Saturday,09:46:00,Goiânia,Goiânia,Centro-Oeste,Centro-Oeste,44.2,91.4,viagem,intercity,False,False
TRIP01843,CUST0450,VEH0050,SYNTHETIC,2026-09-09,Saturday,19:02:00,Brasília,Campinas,Centro-Oeste,Sudeste,228.5,461.4,família,rodoviaria,False,True
TRIP01844,CUST0311,VEH0011,SYNTHETIC,2026-07-28,Tuesday,12:49:00,Brasília,Brasília,Centro-Oeste,Centro-Oeste,30.7,34.7,trabalho,urban,False,False
TRIP01845,CUST0204,VEH0004,SYNTHETIC,2026-09-29,Friday,17:03:00,Brasília,Brasília,Centro-Oeste,Centro-Oeste,27.8,28.4,compras,urban,True,False
TRIP01846,CUST0460,VEH0060,SYNTHETIC,2026-06-21,Monday,06:36:00,Recife,Recife,Nordeste,Nordeste,41.1,82.2,escola,intercity,False,False
TRIP01847,CUST0324,VEH0024,SYNTHETIC,2026-07-20,Tuesday,12:28:00,Belo Horizonte,Belo Horizonte,Sudeste,Sudeste,19.9,34.2,rodoviária,urban,False,False
TRIP01848,CUST0301,VEH0001,SYNTHETIC,2026-06-07,Monday,21:12:00,Salvador,Salvador,Nordeste,Nordeste,32.5,31.2,academia,urban,False,False
TRIP01849,CUST0398,VEH0098,SYNTHETIC,2026-07-25,Sunday,07:16:00,Recife,Rio de Janeiro,Nordeste,Sudeste,242.7,447.2,família,rodoviaria,True,True
TRIP01850,CUST0385,VEH0085,SYNTHETIC,2026-09-16,Wednesday,12:52:00,Brasília,Brasília,Centro-Oeste,Centro-Oeste,16.7,18.7,escola,urban,True,False
TRIP01851,CUST0120,VEH0020,SYNTHETIC,2026-09-23,Saturday,10:12:00,Fortaleza,Fortaleza,Nordeste,Nordeste,15.9,15.4,rodoviária,urban,True,False
TRIP01852,CUST0105,VEH0005,SYNTHETIC,2026-08-20,Friday,11:44:00,Brasília,Brasília,Centro-Oeste,Centro-Oeste,16.0,18.4,trabalho,urban,False,False
TRIP01853,CUST0422,VEH0022,SYNTHETIC,2026-07-20,Saturday,18:18:00,Recife,Recife,Nordeste,Nordeste,8.3,11.9,compras,urban,False,False
TRIP01854,CUST0359,VEH0059,SYNTHETIC,2026-07-18,Friday,17:45:00,Belo Horizonte,Belo Horizonte,Sudeste,Sudeste,36.4,50.7,família,urban,False,False
TRIP01855,CUST0462,VEH0062,SYNTHETIC,2026-08-31,Wednesday,13:19:00,São Paulo,Porto Alegre,Sudeste,Sul,149.9,356.2,reunião,intercity,False,False
TRIP01856,CUST0190,VEH0090,SYNTHETIC,2026-09-12,Tuesday,10:52:00,Rio de Janeiro,Rio de Janeiro,Sudeste,Sudeste,29.7,36.6,família,urban,True,False
TRIP01857,CUST0143,VEH0043,SYNTHETIC,2026-09-12,Monday,19:07:00,Curitiba,Curitiba,Sul,Sul,10.3,19.9,lazer,urban,True,False
TRIP01858,CUST0139,VEH0039,SYNTHETIC,2026-06-04,Monday,19:35:00,Curitiba,Curitiba,Sul,Sul,22.9,21.8,restaurante,urban,False,False
TRIP01859,CUST0097,VEH0097,SYNTHETIC,2026-06-20,Saturday,14:28:00,Salvador,Salvador,Nordeste,Nordeste,42.3,33.9,compras,intercity,True,False
TRIP01860,CUST0315,VEH0015,SYNTHETIC,2026-07-24,Friday,11:06:00,Belo Horizonte,Belo Horizonte,Sudeste,Sudeste,21.5,26.3,trabalho,urban,True,False
TRIP01861,CUST0337,VEH0037,SYNTHETIC,2026-08-03,Tuesday,21:20:00,Recife,Recife,Nordeste,Nordeste,9.1,14.5,lazer,urban,False,False
TRIP01862,CUST0414,VEH0014,SYNTHETIC,2026-08-16,Tuesday,15:07:00,Rio de Janeiro,Rio de Janeiro,Sudeste,Sudeste,23.6,19.6,trabalho,urban,True,False
TRIP01863,CUST0222,VEH0022,SYNTHETIC,2026-09-23,Monday,21:36:00,Florianópolis,Florianópolis,Sul,Sul,24.1,27.3,reunião,urban,False,False
TRIP01864,CUST0134,VEH0034,SYNTHETIC,2026-06-10,Tuesday,20:05:00,Brasília,Brasília,Centro-Oeste,Centro-Oeste,39.1,55.8,lazer,urban,False,False
TRIP01865,CUST0340,VEH0040,SYNTHETIC,2026-08-14,Saturday,21:54:00,Curitiba,Curitiba,Sul,Sul,22.6,50.0,compras,urban,False,False
TRIP01866,CUST0044,VEH0044,SYNTHETIC,2026-07-23,Tuesday,13:39:00,Goiânia,Goiânia,Centro-Oeste,Centro-Oeste,15.0,13.9,academia,urban,False,False
TRIP01867,CUST0077,VEH0077,SYNTHETIC,2026-08-11,Sunday,19:35:00,Porto Alegre,Porto Alegre,Sul,Sul,17.0,14.1,família,urban,False,False
TRIP01868,CUST0286,VEH0086,SYNTHETIC,2026-08-16,Sunday,09:20:00,Salvador,Salvador,Nordeste,Nordeste,15.9,16.0,restaurante,urban,False,False
TRIP01869,CUST0438,VEH0038,SYNTHETIC,2026-08-15,Friday,21:32:00,Florianópolis,São Paulo,Sul,Sudeste,347.8,404.1,rodoviária,rodoviaria,False,True
TRIP01870,CUST0048,VEH0048,SYNTHETIC,2026-08-14,Wednesday,17:57:00,Recife,Recife,Nordeste,Nordeste,21.5,22.6,escola,urban,False,False
TRIP01871,CUST0498,VEH0098,SYNTHETIC,2026-08-27,Wednesday,06:41:00,Rio de Janeiro,Rio de Janeiro,Sudeste,Sudeste,10.7,12.8,restaurante,urban,False,False
TRIP01872,CUST0376,VEH0076,SYNTHETIC,2026-08-23,Thursday,14:48:00,Fortaleza,Fortaleza,Nordeste,Nordeste,34.7,38.5,família,urban,True,False
TRIP01873,CUST0355,VEH0055,SYNTHETIC,2026-09-05,Sunday,19:32:00,São Paulo,São Paulo,Sudeste,Sudeste,40.4,46.6,compras,intercity,True,False
TRIP01874,CUST0220,VEH0020,SYNTHETIC,2026-08-12,Sunday,17:47:00,Rio de Janeiro,Rio de Janeiro,Sudeste,Sudeste,8.1,10.3,academia,urban,False,False
TRIP01875,CUST0286,VEH0086,SYNTHETIC,2026-06-21,Monday,16:58:00,Salvador,Campinas,Nordeste,Sudeste,313.9,447.0,viagem,rodoviaria,False,True
TRIP01876,CUST0366,VEH0066,SYNTHETIC,2026-09-25,Friday,21:36:00,Goiânia,Goiânia,Centro-Oeste,Centro-Oeste,13.9,12.7,academia,urban,False,False
TRIP01877,CUST0410,VEH0010,SYNTHETIC,2026-07-13,Monday,20:40:00,Belo Horizonte,Belo Horizonte,Sudeste,Sudeste,20.6,25.8,trabalho,urban,False,False
TRIP01878,CUST0117,VEH0017,SYNTHETIC,2026-09-25,Tuesday,13:01:00,Salvador,Salvador,Nordeste,Nordeste,39.5,43.0,cliente,urban,False,False
TRIP01879,CUST0162,VEH0062,SYNTHETIC,2026-09-28,Sunday,15:39:00,Goiânia,Brasília,Centro-Oeste,Centro-Oeste,95.8,104.3,família,intercity,False,False
TRIP01880,CUST0240,VEH0040,SYNTHETIC,2026-08-24,Sunday,11:14:00,Rio de Janeiro,Rio de Janeiro,Sudeste,Sudeste,15.7,23.5,cliente,urban,False,False
TRIP01881,CUST0205,VEH0005,SYNTHETIC,2026-09-24,Friday,06:35:00,Salvador,Salvador,Nordeste,Nordeste,20.5,30.1,rodoviária,urban,False,False
TRIP01882,CUST0476,VEH0076,SYNTHETIC,2026-07-19,Tuesday,11:57:00,Curitiba,Brasília,Sul,Centro-Oeste,219.5,270.6,aeroporto,rodoviaria,False,True
TRIP01883,CUST0175,VEH0075,SYNTHETIC,2026-07-08,Sunday,10:34:00,Porto Alegre,Porto Alegre,Sul,Sul,37.7,50.7,compras,urban,False,False
TRIP01884,CUST0414,VEH0014,SYNTHETIC,2026-07-09,Sunday,06:51:00,Rio de Janeiro,Rio de Janeiro,Sudeste,Sudeste,28.2,23.1,trabalho,urban,True,False
TRIP01885,CUST0259,VEH0059,SYNTHETIC,2026-09-26,Saturday,15:22:00,Curitiba,Curitiba,Sul,Sul,43.7,48.5,família,intercity,False,False
TRIP01886,CUST0267,VEH0067,SYNTHETIC,2026-07-29,Wednesday,22:54:00,Curitiba,Curitiba,Sul,Sul,41.1,78.3,trabalho,intercity,False,False
TRIP01887,CUST0393,VEH0093,SYNTHETIC,2026-08-21,Tuesday,11:51:00,Brasília,Brasília,Centro-Oeste,Centro-Oeste,34.7,28.7,família,urban,True,False
TRIP01888,CUST0142,VEH0042,SYNTHETIC,2026-09-07,Thursday,07:55:00,Florianópolis,Recife,Sul,Nordeste,257.4,307.4,trabalho,rodoviaria,False,True
TRIP01889,CUST0089,VEH0089,SYNTHETIC,2026-08-29,Thursday,17:40:00,Recife,Recife,Nordeste,Nordeste,6.7,12.6,escola,urban,False,False
TRIP01890,CUST0211,VEH0011,SYNTHETIC,2026-06-15,Tuesday,07:56:00,Belo Horizonte,Belo Horizonte,Sudeste,Sudeste,7.9,14.1,lazer,urban,False,False
TRIP01891,CUST0283,VEH0083,SYNTHETIC,2026-06-18,Sunday,07:36:00,Rio de Janeiro,Rio de Janeiro,Sudeste,Sudeste,21.7,24.9,lazer,urban,True,False
TRIP01892,CUST0255,VEH0055,SYNTHETIC,2026-06-08,Wednesday,11:59:00,Florianópolis,Florianópolis,Sul,Sul,16.0,13.6,família,urban,True,False
TRIP01893,CUST0376,VEH0076,SYNTHETIC,2026-06-18,Tuesday,07:39:00,Fortaleza,Fortaleza,Nordeste,Nordeste,17.8,20.5,academia,urban,False,False
TRIP01894,CUST0235,VEH0035,SYNTHETIC,2026-09-16,Tuesday,14:06:00,Belo Horizonte,Belo Horizonte,Sudeste,Sudeste,27.8,25.7,família,urban,False,False
TRIP01895,CUST0324,VEH0024,SYNTHETIC,2026-08-30,Saturday,18:15:00,Belo Horizonte,Fortaleza,Sudeste,Nordeste,314.0,393.6,cliente,rodoviaria,False,True
TRIP01896,CUST0272,VEH0072,SYNTHETIC,2026-07-27,Monday,06:23:00,Salvador,Salvador,Nordeste,Nordeste,16.6,25.4,academia,urban,False,False
TRIP01897,CUST0217,VEH0017,SYNTHETIC,2026-09-09,Wednesday,18:44:00,Curitiba,Curitiba,Sul,Sul,12.6,11.0,trabalho,urban,False,False
TRIP01898,CUST0125,VEH0025,SYNTHETIC,2026-07-08,Saturday,08:34:00,Campinas,Campinas,Sudeste,Sudeste,19.7,18.8,família,urban,False,False
TRIP01899,CUST0352,VEH0052,SYNTHETIC,2026-06-04,Thursday,20:15:00,Curitiba,Curitiba,Sul,Sul,19.6,22.6,trabalho,urban,False,False
TRIP01900,CUST0146,VEH0046,SYNTHETIC,2026-06-06,Saturday,10:48:00,Rio de Janeiro,Goiânia,Sudeste,Centro-Oeste,312.4,361.6,compras,rodoviaria,False,True
TRIP01901,CUST0242,VEH0042,SYNTHETIC,2026-06-13,Monday,07:41:00,Belo Horizonte,Belo Horizonte,Sudeste,Sudeste,6.7,8.9,restaurante,urban,True,False
TRIP01902,CUST0446,VEH0046,SYNTHETIC,2026-08-18,Saturday,16:28:00,Recife,Recife,Nordeste,Nordeste,11.9,24.6,família,urban,True,False
TRIP01903,CUST0001,VEH0001,SYNTHETIC,2026-09-02,Friday,17:19:00,Salvador,Salvador,Nordeste,Nordeste,15.3,29.0,família,urban,True,False
TRIP01904,CUST0042,VEH0042,SYNTHETIC,2026-09-04,Tuesday,18:19:00,Rio de Janeiro,Rio de Janeiro,Sudeste,Sudeste,18.6,27.5,compras,urban,False,False
TRIP01905,CUST0302,VEH0002,SYNTHETIC,2026-06-12,Friday,06:44:00,Recife,Recife,Nordeste,Nordeste,42.7,85.0,compras,intercity,False,False
TRIP01906,CUST0466,VEH0066,SYNTHETIC,2026-07-27,Wednesday,22:56:00,Porto Alegre,Porto Alegre,Sul,Sul,14.0,12.1,família,urban,False,False
TRIP01907,CUST0465,VEH0065,SYNTHETIC,2026-08-24,Tuesday,10:32:00,Recife,Recife,Nordeste,Nordeste,42.1,48.4,família,intercity,False,False
TRIP01908,CUST0326,VEH0026,SYNTHETIC,2026-06-03,Tuesday,13:41:00,Recife,Recife,Nordeste,Nordeste,11.0,14.4,rodoviária,urban,False,False
TRIP01909,CUST0306,VEH0006,SYNTHETIC,2026-08-27,Sunday,08:45:00,Fortaleza,Fortaleza,Nordeste,Nordeste,30.1,60.5,trabalho,urban,False,False
TRIP01910,CUST0268,VEH0068,SYNTHETIC,2026-09-30,Monday,14:48:00,Curitiba,Curitiba,Sul,Sul,40.1,38.4,trabalho,intercity,False,False
TRIP01911,CUST0243,VEH0043,SYNTHETIC,2026-09-12,Monday,09:02:00,Recife,Recife,Nordeste,Nordeste,22.6,25.3,trabalho,urban,True,False
TRIP01912,CUST0387,VEH0087,SYNTHETIC,2026-09-25,Saturday,10:47:00,Recife,Brasília,Nordeste,Centro-Oeste,302.4,320.8,viagem,rodoviaria,False,True
TRIP01913,CUST0379,VEH0079,SYNTHETIC,2026-09-02,Saturday,06:37:00,Salvador,Salvador,Nordeste,Nordeste,7.9,8.2,cliente,urban,True,False
TRIP01914,CUST0379,VEH0079,SYNTHETIC,2026-09-13,Friday,07:11:00,Salvador,Salvador,Nordeste,Nordeste,28.8,23.7,trabalho,urban,True,False
TRIP01915,CUST0437,VEH0037,SYNTHETIC,2026-09-19,Tuesday,19:38:00,Rio de Janeiro,Rio de Janeiro,Sudeste,Sudeste,36.0,76.3,lazer,urban,False,False
TRIP01916,CUST0356,VEH0056,SYNTHETIC,2026-08-06,Monday,14:34:00,Florianópolis,Florianópolis,Sul,Sul,10.0,12.2,escola,urban,False,False
TRIP01917,CUST0319,VEH0019,SYNTHETIC,2026-07-08,Tuesday,15:23:00,Campinas,Campinas,Sudeste,Sudeste,27.9,43.3,trabalho,urban,False,False
TRIP01918,CUST0358,VEH0058,SYNTHETIC,2026-07-13,Thursday,06:50:00,Porto Alegre,Porto Alegre,Sul,Sul,39.0,44.6,compras,urban,False,False
TRIP01919,CUST0003,VEH0003,SYNTHETIC,2026-09-04,Wednesday,07:00:00,Goiânia,Goiânia,Centro-Oeste,Centro-Oeste,3.6,7.1,restaurante,urban,False,False
TRIP01920,CUST0228,VEH0028,SYNTHETIC,2026-06-15,Monday,14:14:00,Campinas,Campinas,Sudeste,Sudeste,40.2,77.7,reunião,intercity,True,False
TRIP01921,CUST0415,VEH0015,SYNTHETIC,2026-08-08,Tuesday,15:59:00,Porto Alegre,Porto Alegre,Sul,Sul,33.3,30.3,trabalho,urban,True,False
TRIP01922,CUST0491,VEH0091,SYNTHETIC,2026-07-31,Monday,11:27:00,São Paulo,Fortaleza,Sudeste,Nordeste,361.4,606.2,família,rodoviaria,False,True
TRIP01923,CUST0470,VEH0070,SYNTHETIC,2026-09-01,Thursday,06:52:00,Porto Alegre,Porto Alegre,Sul,Sul,37.8,71.9,viagem,urban,False,False
TRIP01924,CUST0282,VEH0082,SYNTHETIC,2026-07-18,Friday,17:06:00,Florianópolis,Florianópolis,Sul,Sul,22.3,31.8,lazer,urban,True,False
TRIP01925,CUST0420,VEH0020,SYNTHETIC,2026-08-01,Thursday,08:57:00,Curitiba,Curitiba,Sul,Sul,36.3,47.2,família,urban,False,False
TRIP01926,CUST0073,VEH0073,SYNTHETIC,2026-07-23,Monday,10:12:00,Curitiba,Curitiba,Sul,Sul,25.8,23.1,compras,urban,True,False
TRIP01927,CUST0397,VEH0097,SYNTHETIC,2026-08-11,Thursday,21:18:00,Brasília,Brasília,Centro-Oeste,Centro-Oeste,6.6,14.4,compras,urban,True,False
TRIP01928,CUST0128,VEH0028,SYNTHETIC,2026-09-07,Monday,18:09:00,Porto Alegre,Porto Alegre,Sul,Sul,26.5,58.1,lazer,urban,True,False
TRIP01929,CUST0441,VEH0041,SYNTHETIC,2026-08-09,Wednesday,20:32:00,Goiânia,Curitiba,Centro-Oeste,Sul,118.0,138.7,viagem,intercity,False,False
TRIP01930,CUST0247,VEH0047,SYNTHETIC,2026-09-14,Thursday,14:54:00,Brasília,Brasília,Centro-Oeste,Centro-Oeste,43.2,52.7,compras,intercity,False,False
TRIP01931,CUST0094,VEH0094,SYNTHETIC,2026-08-08,Friday,21:33:00,Campinas,Campinas,Sudeste,Sudeste,29.1,32.2,família,urban,False,False
TRIP01932,CUST0438,VEH0038,SYNTHETIC,2026-08-13,Tuesday,18:00:00,Florianópolis,Fortaleza,Sul,Nordeste,170.3,270.9,rodoviária,intercity,False,True
TRIP01933,CUST0490,VEH0090,SYNTHETIC,2026-07-06,Saturday,22:30:00,Brasília,Campinas,Centro-Oeste,Sudeste,267.5,273.6,reunião,rodoviaria,True,True
TRIP01934,CUST0071,VEH0071,SYNTHETIC,2026-08-31,Tuesday,11:49:00,Belo Horizonte,Belo Horizonte,Sudeste,Sudeste,13.7,15.8,família,urban,False,False
TRIP01935,CUST0041,VEH0041,SYNTHETIC,2026-07-04,Friday,20:50:00,Brasília,Brasília,Centro-Oeste,Centro-Oeste,36.7,32.0,trabalho,urban,False,False
TRIP01936,CUST0124,VEH0024,SYNTHETIC,2026-08-05,Monday,17:56:00,Rio de Janeiro,Fortaleza,Sudeste,Nordeste,176.3,183.2,aeroporto,intercity,False,True
TRIP01937,CUST0357,VEH0057,SYNTHETIC,2026-09-18,Thursday,15:47:00,Porto Alegre,Porto Alegre,Sul,Sul,19.4,20.6,compras,urban,False,False
TRIP01938,CUST0452,VEH0052,SYNTHETIC,2026-09-17,Thursday,17:41:00,Florianópolis,Campinas,Sul,Sudeste,292.2,854.3,lazer,rodoviaria,False,True
TRIP01939,CUST0137,VEH0037,SYNTHETIC,2026-07-12,Tuesday,14:12:00,Campinas,Campinas,Sudeste,Sudeste,16.3,20.4,trabalho,urban,False,False
TRIP01940,CUST0117,VEH0017,SYNTHETIC,2026-08-25,Tuesday,18:41:00,Salvador,Salvador,Nordeste,Nordeste,35.5,71.1,aeroporto,urban,False,False
TRIP01941,CUST0464,VEH0064,SYNTHETIC,2026-09-20,Saturday,18:21:00,Goiânia,Goiânia,Centro-Oeste,Centro-Oeste,34.0,41.0,rodoviária,urban,False,False
TRIP01942,CUST0367,VEH0067,SYNTHETIC,2026-08-30,Tuesday,06:57:00,Florianópolis,Florianópolis,Sul,Sul,12.5,10.2,trabalho,urban,False,False
TRIP01943,CUST0006,VEH0006,SYNTHETIC,2026-08-01,Saturday,11:02:00,Fortaleza,Fortaleza,Nordeste,Nordeste,35.4,39.2,aeroporto,urban,True,False
TRIP01944,CUST0040,VEH0040,SYNTHETIC,2026-06-17,Saturday,16:10:00,Curitiba,Curitiba,Sul,Sul,8.9,12.3,família,urban,False,False
TRIP01945,CUST0188,VEH0088,SYNTHETIC,2026-09-21,Monday,16:46:00,Porto Alegre,Porto Alegre,Sul,Sul,35.6,42.8,escola,urban,False,False
TRIP01946,CUST0128,VEH0028,SYNTHETIC,2026-09-20,Thursday,14:23:00,Porto Alegre,Curitiba,Sul,Sul,270.1,391.1,lazer,rodoviaria,False,True
TRIP01947,CUST0354,VEH0054,SYNTHETIC,2026-08-19,Tuesday,15:03:00,Brasília,Brasília,Centro-Oeste,Centro-Oeste,6.3,7.0,entrega,urban,False,False
TRIP01948,CUST0041,VEH0041,SYNTHETIC,2026-06-12,Thursday,08:07:00,Brasília,Brasília,Centro-Oeste,Centro-Oeste,7.5,12.5,viagem,urban,False,False
TRIP01949,CUST0056,VEH0056,SYNTHETIC,2026-08-10,Monday,06:43:00,Porto Alegre,Porto Alegre,Sul,Sul,19.3,25.3,família,urban,True,False
TRIP01950,CUST0100,VEH0100,SYNTHETIC,2026-08-14,Saturday,22:54:00,Fortaleza,São Paulo,Nordeste,Sudeste,346.4,521.6,trabalho,rodoviaria,False,True
TRIP01951,CUST0053,VEH0053,SYNTHETIC,2026-07-02,Thursday,12:07:00,Brasília,Brasília,Centro-Oeste,Centro-Oeste,6.3,9.7,cliente,urban,False,False
TRIP01952,CUST0202,VEH0002,SYNTHETIC,2026-08-18,Saturday,07:33:00,Rio de Janeiro,Salvador,Sudeste,Nordeste,329.6,545.8,academia,rodoviaria,False,True
TRIP01953,CUST0288,VEH0088,SYNTHETIC,2026-09-21,Friday,14:35:00,Goiânia,Belo Horizonte,Centro-Oeste,Sudeste,47.4,78.4,viagem,intercity,False,False
TRIP01954,CUST0163,VEH0063,SYNTHETIC,2026-06-16,Saturday,08:48:00,Porto Alegre,Porto Alegre,Sul,Sul,30.9,26.6,família,urban,False,False
TRIP01955,CUST0374,VEH0074,SYNTHETIC,2026-09-28,Sunday,10:12:00,Campinas,Campinas,Sudeste,Sudeste,4.8,10.2,trabalho,urban,False,False
TRIP01956,CUST0351,VEH0051,SYNTHETIC,2026-07-10,Tuesday,19:24:00,Brasília,Brasília,Centro-Oeste,Centro-Oeste,33.6,30.6,compras,urban,False,False
TRIP01957,CUST0242,VEH0042,SYNTHETIC,2026-09-08,Wednesday,18:02:00,Belo Horizonte,Belo Horizonte,Sudeste,Sudeste,19.9,28.0,restaurante,urban,False,False
TRIP01958,CUST0084,VEH0084,SYNTHETIC,2026-08-26,Wednesday,06:26:00,Fortaleza,Fortaleza,Nordeste,Nordeste,40.3,34.5,compras,intercity,False,False
TRIP01959,CUST0231,VEH0031,SYNTHETIC,2026-06-06,Sunday,10:57:00,Florianópolis,Florianópolis,Sul,Sul,20.5,21.1,lazer,urban,False,False
TRIP01960,CUST0456,VEH0056,SYNTHETIC,2026-08-17,Sunday,08:33:00,São Paulo,São Paulo,Sudeste,Sudeste,28.9,38.3,compras,urban,True,False
TRIP01961,CUST0455,VEH0055,SYNTHETIC,2026-09-29,Thursday,22:22:00,Goiânia,Goiânia,Centro-Oeste,Centro-Oeste,7.8,6.9,academia,urban,False,False
TRIP01962,CUST0432,VEH0032,SYNTHETIC,2026-07-28,Saturday,14:49:00,Porto Alegre,Porto Alegre,Sul,Sul,30.0,32.6,compras,urban,True,False
TRIP01963,CUST0111,VEH0011,SYNTHETIC,2026-06-29,Friday,10:52:00,Brasília,Campinas,Centro-Oeste,Sudeste,234.0,526.7,compras,rodoviaria,True,True
TRIP01964,CUST0307,VEH0007,SYNTHETIC,2026-07-22,Monday,14:51:00,Curitiba,Curitiba,Sul,Sul,42.2,77.1,compras,intercity,False,False
TRIP01965,CUST0355,VEH0055,SYNTHETIC,2026-08-02,Monday,12:17:00,São Paulo,São Paulo,Sudeste,Sudeste,41.8,42.8,família,intercity,False,False
TRIP01966,CUST0435,VEH0035,SYNTHETIC,2026-07-12,Sunday,14:00:00,Brasília,Brasília,Centro-Oeste,Centro-Oeste,17.8,16.5,cliente,urban,True,False
TRIP01967,CUST0425,VEH0025,SYNTHETIC,2026-09-25,Sunday,15:09:00,Curitiba,Curitiba,Sul,Sul,22.5,25.3,compras,urban,False,False
TRIP01968,CUST0098,VEH0098,SYNTHETIC,2026-06-20,Friday,20:03:00,Brasília,Brasília,Centro-Oeste,Centro-Oeste,18.7,20.0,aeroporto,urban,False,False
TRIP01969,CUST0210,VEH0010,SYNTHETIC,2026-09-14,Tuesday,15:22:00,São Paulo,São Paulo,Sudeste,Sudeste,20.5,22.2,família,urban,False,False
TRIP01970,CUST0160,VEH0060,SYNTHETIC,2026-07-30,Tuesday,22:41:00,Goiânia,Goiânia,Centro-Oeste,Centro-Oeste,28.8,35.1,trabalho,urban,True,False
TRIP01971,CUST0359,VEH0059,SYNTHETIC,2026-07-16,Sunday,11:52:00,Belo Horizonte,Belo Horizonte,Sudeste,Sudeste,22.5,20.6,compras,urban,False,False
TRIP01972,CUST0289,VEH0089,SYNTHETIC,2026-08-22,Wednesday,18:09:00,Campinas,Campinas,Sudeste,Sudeste,5.1,6.5,compras,urban,False,False
TRIP01973,CUST0115,VEH0015,SYNTHETIC,2026-08-30,Monday,19:53:00,Salvador,Curitiba,Nordeste,Sul,205.3,239.3,família,rodoviaria,True,True
TRIP01974,CUST0027,VEH0027,SYNTHETIC,2026-08-02,Thursday,17:12:00,Campinas,Campinas,Sudeste,Sudeste,11.9,10.8,família,urban,False,False
TRIP01975,CUST0310,VEH0010,SYNTHETIC,2026-09-14,Saturday,21:49:00,Fortaleza,Fortaleza,Nordeste,Nordeste,20.4,27.6,viagem,urban,False,False
TRIP01976,CUST0057,VEH0057,SYNTHETIC,2026-06-07,Tuesday,13:35:00,Brasília,Brasília,Centro-Oeste,Centro-Oeste,18.5,24.1,cliente,urban,True,False
TRIP01977,CUST0368,VEH0068,SYNTHETIC,2026-07-30,Sunday,16:34:00,Goiânia,Goiânia,Centro-Oeste,Centro-Oeste,23.9,19.5,lazer,urban,False,False
TRIP01978,CUST0481,VEH0081,SYNTHETIC,2026-08-28,Tuesday,15:11:00,São Paulo,São Paulo,Sudeste,Sudeste,38.7,51.0,compras,urban,False,False
TRIP01979,CUST0180,VEH0080,SYNTHETIC,2026-08-08,Monday,19:57:00,Porto Alegre,Porto Alegre,Sul,Sul,35.8,65.5,família,urban,False,False
TRIP01980,CUST0079,VEH0079,SYNTHETIC,2026-07-26,Tuesday,18:36:00,Florianópolis,Florianópolis,Sul,Sul,16.9,24.6,família,urban,True,False
TRIP01981,CUST0041,VEH0041,SYNTHETIC,2026-06-13,Thursday,18:27:00,Brasília,Brasília,Centro-Oeste,Centro-Oeste,32.7,27.2,cliente,urban,True,False
TRIP01982,CUST0165,VEH0065,SYNTHETIC,2026-06-10,Thursday,06:47:00,Florianópolis,Florianópolis,Sul,Sul,29.5,31.2,restaurante,urban,False,False
TRIP01983,CUST0175,VEH0075,SYNTHETIC,2026-08-14,Thursday,20:54:00,Porto Alegre,Porto Alegre,Sul,Sul,41.7,51.7,lazer,intercity,True,False
TRIP01984,CUST0397,VEH0097,SYNTHETIC,2026-08-03,Tuesday,12:08:00,Brasília,Belo Horizonte,Centro-Oeste,Sudeste,108.8,149.2,família,intercity,False,False
TRIP01985,CUST0037,VEH0037,SYNTHETIC,2026-07-14,Thursday,16:37:00,Belo Horizonte,Belo Horizonte,Sudeste,Sudeste,43.7,49.4,escola,intercity,False,False
TRIP01986,CUST0469,VEH0069,SYNTHETIC,2026-07-16,Monday,07:39:00,Salvador,Curitiba,Nordeste,Sul,402.0,974.3,família,rodoviaria,False,True
TRIP01987,CUST0147,VEH0047,SYNTHETIC,2026-06-16,Wednesday,20:29:00,São Paulo,Brasília,Sudeste,Centro-Oeste,279.3,465.7,cliente,rodoviaria,False,True
TRIP01988,CUST0417,VEH0017,SYNTHETIC,2026-09-04,Monday,07:06:00,Campinas,Campinas,Sudeste,Sudeste,31.0,27.1,família,urban,False,False
TRIP01989,CUST0444,VEH0044,SYNTHETIC,2026-08-08,Saturday,11:46:00,Goiânia,Salvador,Centro-Oeste,Nordeste,328.4,907.9,família,rodoviaria,False,True
TRIP01990,CUST0043,VEH0043,SYNTHETIC,2026-06-13,Sunday,18:17:00,Salvador,Salvador,Nordeste,Nordeste,25.0,22.4,cliente,urban,False,False
TRIP01991,CUST0472,VEH0072,SYNTHETIC,2026-09-14,Friday,10:57:00,Porto Alegre,Porto Alegre,Sul,Sul,34.1,38.7,família,urban,True,False
TRIP01992,CUST0365,VEH0065,SYNTHETIC,2026-06-27,Thursday,17:32:00,Fortaleza,Fortaleza,Nordeste,Nordeste,27.4,28.1,reunião,urban,True,False
TRIP01993,CUST0327,VEH0027,SYNTHETIC,2026-06-15,Friday,17:58:00,Fortaleza,Fortaleza,Nordeste,Nordeste,4.1,8.2,lazer,urban,True,False
TRIP01994,CUST0472,VEH0072,SYNTHETIC,2026-08-31,Monday,20:30:00,Porto Alegre,Porto Alegre,Sul,Sul,20.4,41.3,trabalho,urban,True,False
TRIP01995,CUST0258,VEH0058,SYNTHETIC,2026-08-06,Saturday,09:12:00,Salvador,Salvador,Nordeste,Nordeste,39.0,78.3,compras,urban,False,False
TRIP01996,CUST0442,VEH0042,SYNTHETIC,2026-07-03,Saturday,17:04:00,Brasília,Goiânia,Centro-Oeste,Centro-Oeste,237.8,272.9,trabalho,rodoviaria,False,True
TRIP01997,CUST0457,VEH0057,SYNTHETIC,2026-08-23,Tuesday,22:48:00,São Paulo,São Paulo,Sudeste,Sudeste,12.2,12.2,cliente,urban,False,False
TRIP01998,CUST0280,VEH0080,SYNTHETIC,2026-08-13,Sunday,14:30:00,Brasília,Brasília,Centro-Oeste,Centro-Oeste,28.5,56.2,reunião,urban,True,False
TRIP01999,CUST0260,VEH0060,SYNTHETIC,2026-06-30,Saturday,19:36:00,Campinas,Campinas,Sudeste,Sudeste,15.5,29.7,cliente,urban,False,False
TRIP02000,CUST0085,VEH0085,SYNTHETIC,2026-07-10,Sunday,15:04:00,Florianópolis,Florianópolis,Sul,Sul,13.4,10.9,viagem,urban,True,False
